MOTIF,Score
AAAAAA,0
AAAAAC,0.137900388515597
AAAAAG,0.128335327867838
AAAAAT,0.107283161960807
AAAACA,0.136098985222181
AAAACC,0.150480316245452
AAAACG,0.149856705849136
AAAACT,0.144639272698249
AAAAGA,0.131093481284846
AAAAGC,0.145139701781141
AAAAGG,0.138332242870762
AAAAGT,0.139626688073444
AAAATA,0.117101620610157
AAAATC,0.141460380957045
AAAATG,0.131572869145064
AAAATT,0.126471785086538
AAACAA,0.13414981789052
AAACAC,0.149451697868631
AAACAG,0.138940951456561
AAACAT,0.14412208286951
AAACCA,0.153510771313394
AAACCC,0.170512012328611
AAACCG,0.153439892617124
AAACCT,0.152572584913928
AAACGA,0.150474847669168
AAACGC,0.149643276141421
AAACGG,0.153014514907512
AAACGT,0.150026322615441
AAACTA,0.145777248517559
AAACTC,0.154796619604215
AAACTG,0.147808091100349
AAACTT,0.144655774352813
AAAGAA,0.129212731940726
AAAGAC,0.145661860701328
AAAGAG,0.142651583068484
AAAGAT,0.143279701464282
AAAGCA,0.140262233479939
AAAGCC,0.160898156560826
AAAGCG,0.151349439699893
AAAGCT,0.140919459853664
AAAGGA,0.14461727006857
AAAGGC,0.14347246569964
AAAGGG,0.14224364582027
AAAGGT,0.144760278508675
AAAGTA,0.14479877728698
AAAGTC,0.148728843686474
AAAGTG,0.1327536353721
AAAGTT,0.139825684852251
AAATAA,0.120347497854774
AAATAC,0.139178800481816
AAATAG,0.147407737800309
AAATAT,0.13652052724216
AAATCA,0.140974669291593
AAATCC,0.16592935700015
AAATCG,0.152026722799013
AAATCT,0.149095812245136
AAATGA,0.136731231634243
AAATGC,0.150020851555888
AAATGG,0.140411389957627
AAATGT,0.137955764882001
AAATTA,0.129380301199542
AAATTC,0.150442035583438
AAATTG,0.139687496846214
AAATTT,0.135383066069947
AACAAA,0.126454980618711
AACAAC,0.150764641010562
AACAAG,0.144650273831547
AACAAT,0.151343975874426
AACACA,0.14925460763326
AACACC,0.15919195759593
AACACG,0.152163216264544
AACACT,0.152447063009746
AACAGA,0.139267288005347
AACAGC,0.156504892259306
AACAGG,0.142855489304758
AACAGT,0.148071249787897
AACATA,0.145590423475579
AACATC,0.150081031564749
AACATG,0.139482943546043
AACATT,0.147994502324121
AACCAA,0.152747197879172
AACCAC,0.162579838429962
AACCAG,0.160064378549679
AACCAT,0.157645741311786
AACCCA,0.179402313928896
AACCCC,0.24179871665018
AACCCG,0.155379065830018
AACCCT,0.193330302936285
AACCGA,0.155645680333899
AACCGC,0.156042749745969
AACCGG,0.151152723172984
AACCGT,0.154676822247752
AACCTA,0.157509994178131
AACCTC,0.193183595049116
AACCTG,0.159517172393679
AACCTT,0.158910019193994
AACGAA,0.152692634602721
AACGAC,0.156939654905208
AACGAG,0.152578042030631
AACGAT,0.152141378561987
AACGCA,0.151152723172984
AACGCC,0.156091692593646
AACGCG,0.152807214044858
AACGCT,0.152086782219132
AACGGA,0.152086782219132
AACGGC,0.152397941453672
AACGGG,0.152174134936993
AACGGT,0.151272943426552
AACGTA,0.151688138588502
AACGTC,0.155868711329639
AACGTG,0.14900271356865
AACGTT,0.149577596296715
AACTAA,0.14850421440108
AACTAC,0.154072171160291
AACTAG,0.150053677464229
AACTAT,0.149878593500186
AACTCA,0.161520329913743
AACTCC,0.189756039185318
AACTCG,0.154927291263807
AACTCT,0.166376189459742
AACTGA,0.150414691356211
AACTGC,0.157819470758101
AACTGG,0.152829037212096
AACTGT,0.153281760496555
AACTTA,0.145964038662461
AACTTC,0.164571484416384
AACTTG,0.150589681491481
AACTTT,0.145095718054386
AAGAAA,0.124234308359161
AAGAAC,0.144809776665697
AAGAAG,0.134588850809889
AAGAAT,0.141758314539045
AAGACA,0.149856705849136
AAGACC,0.159327476615235
AAGACG,0.148690495916893
AAGACT,0.151966659771543
AAGAGA,0.13414425927623
AAGAGC,0.149183426612005
AAGAGG,0.137440646282798
AAGAGT,0.151464173139125
AAGATA,0.14738579600057
AAGATC,0.148674060708322
AAGATG,0.13695852080248
AAGATT,0.145260647055551
AAGCAA,0.139549289741612
AAGCAC,0.1459695319621
AAGCAG,0.138791575475721
AAGCAT,0.144765778424892
AAGCCA,0.150491253308305
AAGCCC,0.19244448877911
AAGCCG,0.157271034457555
AAGCCT,0.163341342230543
AAGCGA,0.148821967862188
AAGCGC,0.151595280952809
AAGCGG,0.148575443784055
AAGCGT,0.150327184804156
AAGCTA,0.148345299799781
AAGCTC,0.147890335629685
AAGCTG,0.138514894354904
AAGCTT,0.144694277154533
AAGGAA,0.144490745552185
AAGGAC,0.144111075923945
AAGGAG,0.141278266727767
AAGGAT,0.144787777787275
AAGGCA,0.142265700737379
AAGGCC,0.147802607891215
AAGGCG,0.151349439699893
AAGGCT,0.147319967712547
AAGGGA,0.141587289446011
AAGGGC,0.146551650660474
AAGGGG,0.14950096435861
AAGGGT,0.148679539141192
AAGGTA,0.151163652884192
AAGGTC,0.148531610918041
AAGGTG,0.139516117194055
AAGGTT,0.150261549864581
AAGTAA,0.143092409191048
AAGTAC,0.155754482155743
AAGTAG,0.143020788168211
AAGTAT,0.147742290606335
AAGTCA,0.14786292153814
AAGTCC,0.166150106421969
AAGTCG,0.151786449040694
AAGTCT,0.149013666803993
AAGTGA,0.138846902514777
AAGTGC,0.140179359155919
AAGTGG,0.140621276206549
AAGTGT,0.136392974065187
AAGTTA,0.143175042459264
AAGTTC,0.149172475235933
AAGTTG,0.152217808434653
AAGTTT,0.141681081022192
AATAAA,0.12212684321144
AATAAC,0.151496951704074
AATAAG,0.146293583240288
AATAAT,0.141410716729028
AATACA,0.142927122167024
AATACC,0.154448078344086
AATACG,0.151961199317426
AATACT,0.147786158083419
AATAGA,0.149276508466649
AATAGC,0.150726371231349
AATAGG,0.149736315204249
AATAGT,0.147660033899703
AATATA,0.142618513274133
AATATC,0.149380530875577
AATATG,0.147182811526335
AATATT,0.142783851310858
AATCAA,0.146765741163222
AATCAC,0.150802909325255
AATCAG,0.147714872455914
AATCAT,0.147116969874396
AATCCA,0.156945088242326
AATCCC,0.174107532371153
AATCCG,0.153559838237278
AATCCT,0.161211996722532
AATCGA,0.152801758178634
AATCGC,0.150529532086314
AATCGG,0.153407177678201
AATCGT,0.151972120195843
AATCTA,0.15091223929843
AATCTC,0.162044818821833
AATCTG,0.15490551383961
AATCTT,0.148767189985559
AATGAA,0.138647710846676
AATGAC,0.153178143133353
AATGAG,0.137928077082117
AATGAT,0.141145799181179
AATGCA,0.15358164498623
AATGCC,0.164469030345554
AATGCG,0.153358103262977
AATGCT,0.153183596946463
AATGGA,0.14816991644431
AATGGC,0.146859048322261
AATGGG,0.144006503898139
AATGGT,0.148898651848784
AATGTA,0.14739676696062
AATGTC,0.150141207952194
AATGTG,0.144985750273018
AATGTT,0.145315617345032
AATTAA,0.142100277001369
AATTAC,0.148076731524213
AATTAG,0.138116339005452
AATTAT,0.145931078230912
AATTCA,0.151491488684529
AATTCC,0.163978183685936
AATTCG,0.151617130584009
AATTCT,0.149637802985791
AATTGA,0.14734191095671
AATTGC,0.145898116712936
AATTGG,0.142298782201033
AATTGT,0.143549560990732
AATTTA,0.137739779709555
AATTTC,0.151846522892817
AATTTG,0.143593612774338
AATTTT,0.125025567727728
ACAAAA,0.122992846420096
ACAAAC,0.149621383339165
ACAAAG,0.14662301925426
ACAAAT,0.146644977796896
ACAACA,0.144298177523752
ACAACC,0.167188589847506
ACAACG,0.154197489256235
ACAACT,0.155433482726675
ACAAGA,0.151496951704074
ACAAGC,0.147500985078482
ACAAGG,0.14847681713353
ACAAGT,0.150983297371713
ACAATA,0.151010626055479
ACAATC,0.154437184472008
ACAATG,0.149134144475186
ACAATT,0.152490724589569
ACACAA,0.14549699786411
ACACAC,0.15220143109655
ACACAG,0.143373334448143
ACACAT,0.147665517890653
ACACCA,0.160795325431145
ACACCC,0.220530812534525
ACACCG,0.153946837357754
ACACCT,0.17472154375101
ACACGA,0.152627154740898
ACACGC,0.157026584756762
ACACGG,0.15220143109655
ACACGT,0.150693567397729
ACACTA,0.151851983973153
ACACTC,0.182955479435017
ACACTG,0.155683762318113
ACACTT,0.149407903395363
ACAGAA,0.142061674191794
ACAGAC,0.150863042289685
ACAGAG,0.131511564909086
ACAGAT,0.147276079779651
ACAGCA,0.146073898922137
ACAGCC,0.181424393473574
ACAGCG,0.152616241013731
ACAGCT,0.153712475494665
ACAGGA,0.141316899790336
ACAGGC,0.132519820706236
ACAGGG,0.158747326258119
ACAGGT,0.141675564114157
ACAGTA,0.147237676258259
ACAGTC,0.170485211436146
ACAGTG,0.146579100722404
ACAGTT,0.150627956502038
ACATAA,0.146172762837672
ACATAC,0.150720904000474
ACATAG,0.149238181693444
ACATAT,0.14690295456122
ACATCA,0.156597295138415
ACATCC,0.181238808594529
ACATCG,0.151272943426552
ACATCT,0.156765772528416
ACATGA,0.144573263356812
ACATGC,0.153734278915385
ACATGG,0.143351303946549
ACATGT,0.14374777873685
ACATTA,0.150513127075159
ACATTC,0.157694605769253
ACATTG,0.148416540502641
ACATTT,0.137701008201733
ACCAAA,0.151797371827694
ACCAAC,0.162174546832645
ACCAAG,0.148241169642253
ACCAAT,0.154747613329363
ACCACA,0.158090862609608
ACCACC,0.232406031028394
ACCACG,0.15358164498623
ACCACT,0.184922844544047
ACCAGA,0.14711148287438
ACCAGC,0.167613357686523
ACCAGG,0.160416382631457
ACCAGT,0.16884899721914
ACCATA,0.150917705483334
ACCATC,0.181965044473827
ACCATG,0.146919418903843
ACCATT,0.157178693815805
ACCCAA,0.18011395774671
ACCCAC,0.254411722921937
ACCCAG,0.195909890194205
ACCCAT,0.192192753444906
ACCCCA,0.311808481155091
ACCCCC,0.436912791832842
ACCCCG,0.22353955157192
ACCCCT,0.355257460706079
ACCCGA,0.161455425562992
ACCCGC,0.180841010695612
ACCCGG,0.160887332729328
ACCCGT,0.169943679551667
ACCCTA,0.174999059948516
ACCCTC,0.289288287638836
ACCCTG,0.250574737103372
ACCCTT,0.227800414736696
ACCGAA,0.153875989563634
ACCGAC,0.156847283657173
ACCGAG,0.152648981837911
ACCGAT,0.155030727552674
ACCGCA,0.153194504483453
ACCGCC,0.183839157086921
ACCGCG,0.153396272460718
ACCGCT,0.166306216838427
ACCGGA,0.151262014909799
ACCGGC,0.157906324164349
ACCGGG,0.157895467901095
ACCGGT,0.157803184904591
ACCGTA,0.156537506015137
ACCGTC,0.172760726872999
ACCGTG,0.151496951704074
ACCGTT,0.155177697560843
ACCTAA,0.157645741311786
ACCTAC,0.178089223973651
ACCTAG,0.157558865269097
ACCTAT,0.155607596899393
ACCTCA,0.176785060778057
ACCTCC,0.333094898015194
ACCTCG,0.165670856717178
ACCTCT,0.221356444049237
ACCTGA,0.161363470521055
ACCTGC,0.19694404101701
ACCTGG,0.167908975633892
ACCTGT,0.177269662820118
ACCTTA,0.155754482155743
ACCTTC,0.217512993660806
ACCTTG,0.162244809145626
ACCTTT,0.172760726872999
ACGAAA,0.151868367035223
ACGAAC,0.153674318364463
ACGAAG,0.153036333551306
ACGAAT,0.153412630242346
ACGACA,0.152501639686667
ACGACC,0.155232125416141
ACGACG,0.153930488312307
ACGACT,0.152332442291907
ACGAGA,0.149375056281708
ACGAGC,0.151737295022716
ACGAGG,0.144958256438054
ACGAGT,0.155379065830018
ACGATA,0.152681721590164
ACGATC,0.154246522497375
ACGATG,0.152949056119664
ACGATT,0.153178143133353
ACGCAA,0.150595149439825
ACGCAC,0.154910958240121
ACGCAG,0.155172254612378
ACGCAT,0.152512554664626
ACGCCA,0.152468894037949
ACGCCC,0.177120579510382
ACGCCG,0.152583499117554
ACGCCT,0.15648858498251
ACGCGA,0.152834492929492
ACGCGC,0.15103795399241
ACGCGG,0.146452824198028
ACGCGT,0.155912223773432
ACGCTA,0.154856512901099
ACGCTC,0.154148453610719
ACGCTG,0.152217808434653
ACGCTT,0.154698604652778
ACGGAA,0.151251086273613
ACGGAC,0.156363553691595
ACGGAG,0.146661446387449
ACGGAT,0.152654438537724
ACGGCA,0.151813755784495
ACGGCC,0.16153114689599
ACGGCG,0.14825761196696
ACGGCT,0.153003605407092
ACGGGA,0.150873975167463
ACGGGC,0.149736315204249
ACGGGG,0.155406274648497
ACGGGT,0.155852393675079
ACGGTA,0.15020138071866
ACGGTC,0.156646210853249
ACGGTG,0.14976915045393
ACGGTT,0.153150873621631
ACGTAA,0.150928637763506
ACGTAC,0.151453246712041
ACGTAG,0.15339081980738
ACGTAT,0.151546117537022
ACGTCA,0.15325449381032
ACGTCC,0.167457451210955
ACGTCG,0.154655039368243
ACGTCT,0.161439198817068
ACGTGA,0.147221217154744
ACGTGC,0.151606205828085
ACGTGG,0.152556213385137
ACGTGT,0.150524063779165
ACGTTA,0.152070402735011
ACGTTC,0.156108006343907
ACGTTG,0.151283871823873
ACGTTT,0.149971610672901
ACTAAA,0.141659013207432
ACTAAC,0.152163216264544
ACTAAG,0.146853559906843
ACTAAT,0.148679539141192
ACTACA,0.150638891950268
ACTACC,0.166887379277062
ACTACG,0.151786449040694
ACTACT,0.154851068204157
ACTAGA,0.151693600533853
ACTAGC,0.157955175890547
ACTAGG,0.152179594228511
ACTAGT,0.151884749828892
ACTATA,0.151589818470414
ACTATC,0.157542575170816
ACTATG,0.150436566797809
ACTATT,0.1491067644608
ACTCAA,0.156754903875902
ACTCAC,0.185630571920619
ACTCAG,0.166526883093505
ACTCAT,0.169364291122275
ACTCCA,0.178259438141986
ACTCCC,0.296152121567761
ACTCCG,0.161790719374005
ACTCCT,0.221437950927441
ACTCGA,0.152397941453672
ACTCGC,0.165401514513397
ACTCGG,0.152561670591182
ACTCGT,0.155444365750672
ACTCTA,0.156901620718764
ACTCTC,0.197945833623072
ACTCTG,0.180575724156253
ACTCTT,0.163665210600859
ACTGAA,0.147868404416572
ACTGAC,0.160649178791271
ACTGAG,0.160746612257687
ACTGAT,0.148306937319045
ACTGCA,0.137484967992668
ACTGCC,0.183357728964716
ACTGCG,0.154758503820212
ACTGCT,0.15979352183863
ACTGGA,0.151185511948238
ACTGGC,0.156716862661821
ACTGGG,0.153456249685245
ACTGGT,0.148750756037433
ACTGTA,0.14941885219349
ACTGTC,0.176209623774455
ACTGTG,0.143048335322509
ACTGTT,0.158025735282133
ACTTAA,0.142916102060657
ACTTAC,0.154344581767467
ACTTAG,0.147857438629646
ACTTAT,0.154900069409458
ACTTCA,0.153101786626515
ACTTCC,0.211547648267455
ACTTCG,0.153935938023821
ACTTCT,0.165369188573361
ACTTGA,0.141874153631071
ACTTGC,0.161920480350682
ACTTGG,0.151928435966565
ACTTGT,0.152921780360051
ACTTTA,0.141145799181179
ACTTTC,0.161460834419788
ACTTTG,0.135888147556831
ACTTTT,0.154104864351581
AGAAAA,0.131277459614482
AGAAAC,0.142574418513757
AGAAAG,0.135338651100143
AGAAAT,0.132369482404301
AGAACA,0.14470527768274
AGAACC,0.163816313285228
AGAACG,0.149271033303268
AGAACT,0.149309358817422
AGAAGA,0.135993571946071
AGAAGC,0.142012039818306
AGAAGG,0.139455297998689
AGAAGT,0.145458525957579
AGAATA,0.146178254990849
AGAATC,0.144353200744474
AGAATG,0.141664530206777
AGAATT,0.140218034695167
AGACAA,0.149205329004356
AGACAC,0.156282003122317
AGACAG,0.144556760340613
AGACAT,0.147374824920156
AGACCA,0.141101639432551
AGACCC,0.206550060621724
AGACCG,0.155901345839983
AGACCT,0.163562663631737
AGACGA,0.152474351720533
AGACGC,0.148805534814262
AGACGG,0.149829345611615
AGACGT,0.152921780360051
AGACTA,0.152643525108322
AGACTC,0.158660545868229
AGACTG,0.149199853451241
AGACTT,0.150403753455959
AGAGAA,0.133081996995221
AGAGAC,0.137484967992668
AGAGAG,0.139599046499756
AGAGAT,0.137235632818046
AGAGCA,0.143329272959601
AGAGCC,0.169562823111363
AGAGCG,0.144820775923429
AGAGCT,0.149845761843957
AGAGGA,0.146782207765109
AGAGGC,0.147873887264942
AGAGGG,0.145551955163211
AGAGGT,0.148526131674694
AGAGTA,0.150567809399115
AGAGTC,0.166295451385179
AGAGTG,0.144474241174126
AGAGTT,0.152490724589569
AGATAA,0.146337514313167
AGATAC,0.151906593136288
AGATAG,0.149008190201318
AGATAT,0.14663399858585
AGATCA,0.143219110743806
AGATCC,0.170817491744912
AGATCG,0.144919763799131
AGATCT,0.149024619919363
AGATGA,0.137396322608426
AGATGC,0.154360924044338
AGATGG,0.126796615971512
AGATGT,0.147983537919878
AGATTA,0.144056039378756
AGATTC,0.153112695055885
AGATTG,0.143103427354673
AGATTT,0.143296225569094
AGCAAA,0.147561316919574
AGCAAC,0.152938145905095
AGCAAG,0.135427479067149
AGCAAT,0.14961591006371
AGCACA,0.142860999707111
AGCACC,0.178376443578457
AGCACG,0.147550347764656
AGCACT,0.138238136660457
AGCAGA,0.146842582985639
AGCAGC,0.163595048021223
AGCAGG,0.134949935943764
AGCAGT,0.14549699786411
AGCATA,0.149599490057603
AGCATC,0.155808878627798
AGCATG,0.149221755483812
AGCATT,0.149648749267096
AGCCAA,0.145178185955166
AGCCAC,0.169375023588892
AGCCAG,0.156042749745969
AGCCAT,0.15574904234579
AGCCCA,0.186896892776844
AGCCCC,0.364540525470774
AGCCCG,0.173108290811363
AGCCCT,0.234097504255949
AGCCGA,0.149249132349967
AGCCGC,0.159002200109725
AGCCGG,0.154578795553104
AGCCGT,0.160145621259205
AGCCTA,0.153461701981829
AGCCTC,0.199519541963918
AGCCTG,0.155444365750672
AGCCTT,0.164005159538818
AGCGAA,0.155662001361857
AGCGAC,0.152605327167453
AGCGAG,0.145293629591846
AGCGAT,0.145892623020977
AGCGCA,0.151065281182545
AGCGCC,0.160670831493119
AGCGCG,0.150228730779244
AGCGCT,0.150567809399115
AGCGGA,0.150048206554334
AGCGGC,0.144501748319563
AGCGGG,0.151944817776175
AGCGGT,0.152054022982597
AGCGTA,0.152501639686667
AGCGTC,0.154072171160291
AGCGTG,0.147073073031245
AGCGTT,0.155373623977483
AGCTAA,0.145760765358953
AGCTAC,0.154409949272591
AGCTAG,0.151305728260233
AGCTAT,0.15484562347757
AGCTCA,0.154404502143696
AGCTCC,0.22426619626058
AGCTCG,0.15533553018053
AGCTCT,0.164366565776811
AGCTGA,0.141350012656089
AGCTGC,0.167382177315375
AGCTGG,0.117158160764922
AGCTGT,0.15516136862657
AGCTTA,0.153668867227006
AGCTTC,0.175500528484152
AGCTTG,0.14496375526552
AGCTTT,0.151425930122003
AGGAAA,0.132085448375324
AGGAAC,0.147632613493832
AGGAAG,0.14277282962551
AGGAAT,0.147073073031245
AGGACA,0.149451697868631
AGGACC,0.171155018355687
AGGACG,0.146881001682711
AGGACT,0.149840289796454
AGGAGA,0.1328315614469
AGGAGC,0.148202803166541
AGGAGG,0.132040886696904
AGGAGT,0.143290717564495
AGGATA,0.155825196992431
AGGATC,0.158633425451906
AGGATG,0.145749776435606
AGGATT,0.146815140155459
AGGCAA,0.145529972606006
AGGCAC,0.144463238104087
AGGCAG,0.14397347888114
AGGCAT,0.143296225569094
AGGCCA,0.14731448182627
AGGCCC,0.211835704553362
AGGCCG,0.14457876430169
AGGCCT,0.163929625316877
AGGCGA,0.148800057071609
AGGCGC,0.14731448182627
AGGCGG,0.137922539430145
AGGCGT,0.146930394981663
AGGCTA,0.155096050223008
AGGCTC,0.171899317202213
AGGCTG,0.119355095579378
AGGCTT,0.149654222362816
AGGGAA,0.137761934181981
AGGGAC,0.15711893944478
AGGGAG,0.15349986722557
AGGGAT,0.152567127767445
AGGGCA,0.142337375858835
AGGGCC,0.185313740990243
AGGGCG,0.148668582245439
AGGGCT,0.156249381032376
AGGGGA,0.153505319284344
AGGGGC,0.154894624949663
AGGGGG,0.150321715390394
AGGGGT,0.148175397639789
AGGGTA,0.151267479183104
AGGGTC,0.168746980483244
AGGGTG,0.149698006050239
AGGGTT,0.149632329800205
AGGTAA,0.144270664778016
AGGTAC,0.147698421204812
AGGTAG,0.149166999502923
AGGTAT,0.147923231547548
AGGTCA,0.143516520879488
AGGTCC,0.170769264356378
AGGTCG,0.151305728260233
AGGTCT,0.156771206810376
AGGTGA,0.132759201721688
AGGTGC,0.152687178111329
AGGTGG,0.127910320546308
AGGTGT,0.139234106101599
AGGTTA,0.14690295456122
AGGTTC,0.150042735614508
AGGTTG,0.148339819535492
AGGTTT,0.154224730242579
AGTAAA,0.138348848929784
AGTAAC,0.155569512014483
AGTAAG,0.144914264729757
AGTAAT,0.149402428951346
AGTACA,0.150343592865955
AGTACC,0.152381567065427
AGTACG,0.15312905747683
AGTACT,0.152217808434653
AGTAGA,0.136010216886325
AGTAGC,0.142425584341097
AGTAGG,0.146024463298851
AGTAGT,0.148953422524882
AGTATA,0.151152723172984
AGTATC,0.151278407640141
AGTATG,0.150288898279607
AGTATT,0.142883041012883
AGTCAA,0.151141793342316
AGTCAC,0.16520754319683
AGTCAG,0.146557140733141
AGTCAT,0.153968635669238
AGTCCA,0.164301845902473
AGTCCC,0.249678803672078
AGTCCG,0.154464418929689
AGTCCT,0.194408992654686
AGTCGA,0.154104864351581
AGTCGC,0.151890210700472
AGTCGG,0.15107074653096
AGTCGT,0.151944817776175
AGTCTA,0.152234185504543
AGTCTC,0.169450147630172
AGTCTG,0.155477014112038
AGTCTT,0.158210251694798
AGTGAA,0.136104532981546
AGTGAC,0.14955570205648
AGTGAG,0.138005600990006
AGTGAT,0.145749776435606
AGTGCA,0.149791040021424
AGTGCC,0.164916515657094
AGTGCG,0.150015380466402
AGTGCT,0.137601303135629
AGTGGA,0.144105572405731
AGTGGC,0.136282045032593
AGTGGG,0.149281983600052
AGTGGT,0.147983537919878
AGTGTA,0.14944622366436
AGTGTC,0.166833582126646
AGTGTG,0.13307643244214
AGTGTT,0.146562630775667
AGTTAA,0.144831775060178
AGTTAC,0.151305728260233
AGTTAG,0.143268685242714
AGTTAT,0.14850421440108
AGTTCA,0.1428665100791
AGTTCC,0.175836478405617
AGTTCG,0.149528333582072
AGTTCT,0.150688099987504
AGTTGA,0.151256550606635
AGTTGC,0.154306448749464
AGTTGG,0.151841061782657
AGTTGT,0.147007224153307
AGTTTA,0.143362319258014
AGTTTC,0.156407044609383
AGTTTG,0.140659934658522
AGTTTT,0.143951461597207
ATAAAA,0.133849608494783
ATAAAC,0.141162358584171
ATAAAG,0.141024355179754
ATAAAT,0.133921889364313
ATAACA,0.150135737521151
ATAACC,0.162109684930908
ATAACG,0.152081322420901
ATAACT,0.152621697892203
ATAAGA,0.147758741135753
ATAAGC,0.153385367124311
ATAAGG,0.155117823498254
ATAAGT,0.145090219952515
ATAATA,0.143923939310579
ATAATC,0.15084117617554
ATAATG,0.146798674095852
ATAATT,0.143202585364682
ATACAA,0.144490745552185
ATACAC,0.153707024565205
ATACAG,0.149161523739928
ATACAT,0.148597359496587
ATACCA,0.154197489256235
ATACCC,0.185234517570502
ATACCG,0.154480759248281
ATACCT,0.164355779421963
ATACGA,0.153456249685245
ATACGC,0.152927235571491
ATACGG,0.151753679963834
ATACGT,0.151961199317426
ATACTA,0.153041788137872
ATACTC,0.156504892259306
ATACTG,0.144738278541311
ATACTT,0.149276508466649
ATAGAA,0.145716808941008
ATAGAC,0.149873121632336
ATAGAG,0.151890210700472
ATAGAT,0.153172689290498
ATAGCA,0.147281565876601
ATAGCC,0.16019977939891
ATAGCG,0.152130459531875
ATAGCT,0.159332896994026
ATAGGA,0.152796302282643
ATAGGC,0.148931514614421
ATAGGG,0.153750631168957
ATAGGT,0.147292537980209
ATAGTA,0.148712409108149
ATAGTC,0.15226693883972
ATAGTG,0.148964376300132
ATAGTT,0.148263092681786
ATATAA,0.142756296869714
ATATAC,0.145595918827975
ATATAG,0.150994228934842
ATATAT,0.128340918865612
ATATCA,0.149982553300883
ATATCC,0.161379698495839
ATATCG,0.152747197879172
ATATCT,0.149495490424027
ATATGA,0.148147991361953
ATATGC,0.14982387347428
ATATGG,0.150671697577471
ATATGT,0.139444239565746
ATATTA,0.14757228595417
ATATTC,0.151567968242439
ATATTG,0.147073073031245
ATATTT,0.14211682060645
ATCAAA,0.146007984214656
ATCAAC,0.155297434932383
ATCAAG,0.149758205490497
ATCAAT,0.150781041896181
ATCACA,0.150764641010562
ATCACC,0.186511889852095
ATCACG,0.152818125688008
ATCACT,0.154970844689483
ATCAGA,0.148975329955398
ATCAGC,0.15420293751287
ATCAGG,0.151032488464769
ATCAGT,0.1552157973706
ATCATA,0.152916325118851
ATCATC,0.174822952829418
ATCATG,0.147018199267418
ATCATT,0.152316066831109
ATCCAA,0.154366371410613
ATCCAC,0.172653759815086
ATCCAG,0.165396126929291
ATCCAT,0.195120500188118
ATCCCA,0.220877456928339
ATCCCC,0.325067335436657
ATCCCG,0.180188279382041
ATCCCT,0.278828834693334
ATCCGA,0.155787120394052
ATCCGC,0.157629452628674
ATCCGG,0.157314485926931
ATCCGT,0.156129757596938
ATCCTA,0.171963547248039
ATCCTC,0.230676362593401
ATCCTG,0.177865773900083
ATCCTT,0.192617520068755
ATCGAA,0.152507097190539
ATCGAC,0.154513439084469
ATCGAG,0.149227230917003
ATCGAT,0.152676265039225
ATCGCA,0.151922975303725
ATCGCC,0.157776041225995
ATCGCG,0.15269809106434
ATCGCT,0.1495447547566
ATCGGA,0.152397941453672
ATCGGC,0.153739729696287
ATCGGG,0.156716862661821
ATCGGT,0.153467154248686
ATCGTA,0.153592548182383
ATCGTC,0.152561670591182
ATCGTG,0.148800057071609
ATCGTT,0.1541702475278
ATCTAA,0.151234693095389
ATCTAC,0.159538849620136
ATCTAG,0.153968635669238
ATCTAT,0.15630375059107
ATCTCA,0.163319747275952
ATCTCC,0.222659757566757
ATCTCG,0.147012711725419
ATCTCT,0.177418723907333
ATCTGA,0.151343975874426
ATCTGC,0.155792559996872
ATCTGG,0.151464173139125
ATCTGT,0.152861771070008
ATCTTA,0.151628055220584
ATCTTC,0.16592935700015
ATCTTG,0.153167235417899
ATCTTT,0.152092241987554
ATGAAA,0.14194034137372
ATGAAC,0.144650273831547
ATGAAG,0.143676204638551
ATGAAT,0.146452824198028
ATGACA,0.151256550606635
ATGACC,0.161806940416943
ATGACG,0.154600580093469
ATGACT,0.15111993332259
ATGAGA,0.143477972703263
ATGAGC,0.14252480958412
ATGAGG,0.145062728989713
ATGAGT,0.145656365711294
ATGATA,0.148115102837061
ATGATC,0.149117716556515
ATGATG,0.146891978182207
ATGATT,0.145112212178628
ATGCAA,0.149862177806811
ATGCAC,0.152856315501432
ATGCAG,0.147325453568729
ATGCAT,0.153630708432769
ATGCCA,0.156102568456724
ATGCCC,0.202607641727616
ATGCCG,0.155520543602502
ATGCCT,0.155819757567141
ATGCGA,0.151699062449372
ATGCGC,0.148213765166948
ATGCGG,0.152812669881316
ATGCGT,0.152889048466447
ATGCTA,0.154622364159277
ATGCTC,0.161720425147259
ATGCTG,0.153352650401512
ATGCTT,0.146277108590382
ATGGAA,0.147632613493832
ATGGAC,0.152321525347837
ATGGAG,0.147720356146139
ATGGAT,0.140786944765132
ATGGCA,0.143345796245315
ATGGCC,0.161963730268086
ATGGCG,0.143758789681911
ATGGCT,0.148602838349675
ATGGGA,0.14738579600057
ATGGGC,0.155373623977483
ATGGGG,0.141670047175685
ATGGGT,0.149528333582072
ATGGTA,0.148608317172745
ATGGTC,0.152054022982597
ATGGTG,0.137418484691185
ATGGTT,0.147945161558282
ATGTAA,0.144479742663745
ATGTAC,0.148197322121275
ATGTAG,0.149090336092322
ATGTAT,0.141780380162575
ATGTCA,0.153510771313394
ATGTCC,0.173920584486007
ATGTCG,0.153881439572158
ATGTCT,0.147533893806672
ATGTGA,0.146946858872507
ATGTGC,0.148104139755059
ATGTGG,0.143621144153685
ATGTGT,0.139853320162096
ATGTTA,0.145002246211166
ATGTTC,0.147259621308217
ATGTTG,0.145996998007657
ATGTTT,0.139477414497714
ATTAAA,0.142342889116933
ATTAAC,0.152752654043077
ATTAAG,0.14833433924117
ATTAAT,0.148120584332992
ATTACA,0.128234684562196
ATTACC,0.156048187958448
ATTACG,0.15349986722557
ATTACT,0.150168559658534
ATTAGA,0.146771230060646
ATTAGC,0.14412208286951
ATTAGG,0.148416540502641
ATTAGT,0.148537090131366
ATTATA,0.145628890308193
ATTATC,0.145931078230912
ATTATG,0.14926555810991
ATTATT,0.143075881717983
ATTCAA,0.151262014909799
ATTCAC,0.167882104885905
ATTCAG,0.152621697892203
ATTCAT,0.152550756149311
ATTCCA,0.160540908248883
ATTCCC,0.218356448710571
ATTCCG,0.15803659013127
ATTCCT,0.185635851585761
ATTCGA,0.15339081980738
ATTCGC,0.155264780707429
ATTCGG,0.153510771313394
ATTCGT,0.154867402206049
ATTCTA,0.14949001645948
ATTCTC,0.161401335385908
ATTCTG,0.152927235571491
ATTCTT,0.154507992519268
ATTGAA,0.14490326650029
ATTGAC,0.152272397624619
ATTGAG,0.143020788168211
ATTGAT,0.149134144475186
ATTGCA,0.146716339730604
ATTGCC,0.169873956120931
ATTGCG,0.150480316245452
ATTGCT,0.142552370404418
ATTGGA,0.148871265385759
ATTGGC,0.145436541346443
ATTGGG,0.142844468408957
ATTGGT,0.145332107842655
ATTGTA,0.144567762381673
ATTGTC,0.152261480025022
ATTGTG,0.146288091720476
ATTGTT,0.147188298134985
ATTTAA,0.139980432751714
ATTTAC,0.146754763277991
ATTTAG,0.145139701781141
ATTTAT,0.14708953457324
ATTTCA,0.14687002506273
ATTTCC,0.163746161306917
ATTTCG,0.153461701981829
ATTTCT,0.149260082886574
ATTTGA,0.147095021693687
ATTTGC,0.144380711219544
ATTTGG,0.143153007588716
ATTTGT,0.140958106780261
ATTTTA,0.129575763185454
ATTTTC,0.149774622890724
ATTTTG,0.138863500029601
ATTTTT,0.114395265931358
CAAAAA,0.124071489414036
CAAAAC,0.149238181693444
CAAAAG,0.145194678719238
CAAAAT,0.140013589900572
CAAACA,0.147062098519367
CAAACC,0.177578407562395
CAAACG,0.151649904135698
CAAACT,0.154932735545754
CAAAGA,0.147490015261752
CAAAGC,0.154698604652778
CAAAGG,0.150600617358271
CAAAGT,0.142072703718018
CAAATA,0.145551955163211
CAAATC,0.170694239350859
CAAATG,0.151256550606635
CAAATT,0.147775191394555
CAACAA,0.144639272698249
CAACAC,0.157086344646474
CAACAG,0.155395391209944
CAACAT,0.146244158476308
CAACCA,0.164959636192925
CAACCC,0.234927092125188
CAACCG,0.156211320582364
CAACCT,0.184848873970638
CAACGA,0.157026584756762
CAACGC,0.156537506015137
CAACGG,0.153957736572891
CAACGT,0.151180047227022
CAACTA,0.156325497586881
CAACTC,0.194722955443341
CAACTG,0.158676817764981
CAACTT,0.15975559604401
CAAGAA,0.141659013207432
CAAGAC,0.158541210534353
CAAGAG,0.140195934570185
CAAGAT,0.147105995844257
CAAGCA,0.136304231823554
CAAGCC,0.180512044913347
CAAGCG,0.148197322121275
CAAGCT,0.148882220060971
CAAGGA,0.143571587125105
CAAGGC,0.149654222362816
CAAGGG,0.153826938150251
CAAGGT,0.141995494479668
CAAGTA,0.148991760213332
CAAGTC,0.165401514513397
CAAGTG,0.142094762405522
CAAGTT,0.154529778602082
CAATAA,0.152277856379721
CAATAC,0.155743602506245
CAATAG,0.153156327583466
CAATAT,0.15136036726127
CAATCA,0.155357298242193
CAATCC,0.180793264312052
CAATCG,0.152627154740898
CAATCT,0.156189571103378
CAATGA,0.155248453195081
CAATGC,0.160465111893714
CAATGG,0.152747197879172
CAATGT,0.150004438197631
CAATTA,0.152348817484553
CAATTC,0.162044818821833
CAATTG,0.150513127075159
CAATTT,0.152485266996343
CACAAA,0.157254739669769
CACAAC,0.159544268853329
CACAAG,0.15358164498623
CACAAT,0.156695124175452
CACACA,0.136426250375583
CACACC,0.211048497203788
CACACG,0.158774443585622
CACACT,0.171155018355687
CACAGA,0.152567127767445
CACAGC,0.170694239350859
CACAGG,0.157124371807875
CACAGT,0.16379472858529
CACATA,0.150354531424254
CACATC,0.186327246824757
CACATG,0.148279534646035
CACATT,0.153216319200514
CACCAA,0.158703937004528
CACCAC,0.230408828983714
CACCAG,0.189045964863796
CACCAT,0.176641232567405
CACCCA,0.269808271155978
CACCCC,0.51826322710229
CACCCG,0.181058493154864
CACCCT,0.312841094851945
CACCGA,0.159387099166064
CACCGC,0.187671723157049
CACCGG,0.163843293504997
CACCGT,0.167817612144672
CACCTA,0.181434997283596
CACCTC,0.340140619015005
CACCTG,0.220433934530877
CACCTT,0.2147937631411
CACGAA,0.153657964862947
CACGAC,0.151387685642296
CACGAG,0.149035572914765
CACGAT,0.155602156290351
CACGCA,0.152758110177213
CACGCC,0.177801921850043
CACGCG,0.152277856379721
CACGCT,0.154959956510898
CACGGA,0.150600617358271
CACGGC,0.16178531230122
CACGGG,0.151054350396104
CACGGT,0.151322120274015
CACGTA,0.152643525108322
CACGTC,0.171347839567384
CACGTG,0.14453475589535
CACGTT,0.155564071198232
CACTAA,0.14949001645948
CACTAC,0.167177833889264
CACTAG,0.155912223773432
CACTAT,0.158351329512106
CACTCA,0.199566402575878
CACTCC,0.299818466024573
CACTCG,0.159278691883953
CACTCT,0.207371813014723
CACTGA,0.161363470521055
CACTGC,0.172680502652266
CACTGG,0.15818854564857
CACTGT,0.176870282549761
CACTTA,0.152681721590164
CACTTC,0.196996242496566
CACTTG,0.158633425451906
CACTTT,0.151333048133929
CAGAAA,0.142530321808948
CAGAAC,0.157298191847168
CAGAAG,0.139046054513459
CAGAAT,0.146848071461302
CAGACA,0.152829037212096
CAGACC,0.19983710979015
CAGACG,0.150502190251539
CAGACT,0.16654840890183
CAGAGA,0.137761934181981
CAGAGC,0.153221772805424
CAGAGG,0.153161781515555
CAGAGT,0.154638701897219
CAGATA,0.147895818357812
CAGATC,0.165062040014091
CAGATG,0.141614876116892
CAGATT,0.147303509963431
CAGCAA,0.149785567674471
CAGCAC,0.163870272996853
CAGCAG,0.168489207625337
CAGCAT,0.155204911858791
CAGCCA,0.188140546538945
CAGCCC,0.390043355663926
CAGCCG,0.165552355084989
CAGCCT,0.196134569431073
CAGCGA,0.150081031564749
CAGCGC,0.158611728589263
CAGCGG,0.154409949272591
CAGCGT,0.150802909325255
CAGCTA,0.154001332245553
CAGCTC,0.230883273466176
CAGCTG,0.172193671040379
CAGCTT,0.172680502652266
CAGGAA,0.139753829472288
CAGGAC,0.167269255846888
CAGGAG,0.129810267148606
CAGGAT,0.15889917382171
CAGGCA,0.150644359629539
CAGGCC,0.215490918590276
CAGGCG,0.137080459550094
CAGGCT,0.158123424682826
CAGGGA,0.156803811881988
CAGGGC,0.186448587511905
CAGGGG,0.151431393499707
CAGGGT,0.166397718512079
CAGGTA,0.141763830990574
CAGGTC,0.171438881106005
CAGGTG,0.121671046870809
CAGGTT,0.16055714957757
CAGTAA,0.147243162565897
CAGTAC,0.151114468242992
CAGTAG,0.14739128149564
CAGTAT,0.154023129369186
CAGTCA,0.166306216838427
CAGTCC,0.25419976447351
CAGTCG,0.153614354218057
CAGTCT,0.174134236359095
CAGTGA,0.139250697191103
CAGTGC,0.158362180827561
CAGTGG,0.14584317843517
CAGTGT,0.162115090250076
CAGTTA,0.148739799921972
CAGTTC,0.169036895545817
CAGTTG,0.151027022907255
CAGTTT,0.152616241013731
CATAAA,0.142480710691618
CATAAC,0.162374511216368
CATAAG,0.152981786049195
CATAAT,0.14976915045393
CATACA,0.150332654188003
CATACC,0.182134600255244
CATACG,0.152992695787654
CATACT,0.154475312505084
CATAGA,0.151617130584009
CATAGC,0.163827105460487
CATAGG,0.15358164498623
CATAGT,0.148728843686474
CATATA,0.144424726405518
CATATC,0.158996777938131
CATATG,0.149960667925176
CATATT,0.151518803483815
CATCAA,0.15478572952846
CATCAC,0.194947901488121
CATCAG,0.160708722593243
CATCAT,0.175052419619757
CATCCA,0.210482147965218
CATCCC,0.414340856047327
CATCCG,0.167027238325106
CATCCT,0.252729607295437
CATCGA,0.151759141551215
CATCGC,0.159733923515557
CATCGG,0.155574952801132
CATCGT,0.152299691102151
CATCTA,0.168048691885375
CATCTC,0.23572084083728
CATCTG,0.161693387590423
CATCTT,0.169890046574896
CATGAA,0.147199271261979
CATGAC,0.159029310526705
CATGAG,0.143846872878003
CATGAT,0.150573277467056
CATGCA,0.147363853719377
CATGCC,0.197027562076353
CATGCG,0.151294800101766
CATGCT,0.156917921261518
CATGGA,0.151130863392186
CATGGC,0.163217164872675
CATGGG,0.156814680002954
CATGGT,0.141068518341291
CATGTA,0.147243162565897
CATGTC,0.176438772626806
CATGTG,0.146518709591499
CATGTT,0.141841058116866
CATTAA,0.152114080763155
CATTAC,0.155319203823313
CATTAG,0.150589681491481
CATTAT,0.148389140832927
CATTCA,0.164991975374624
CATTCC,0.235489814445535
CATTCG,0.1553518562712
CATTCT,0.171288925919462
CATTGA,0.147418708519641
CATTGC,0.160806150258555
CATTGG,0.145090219952515
CATTGT,0.146595570397887
CATTTA,0.157439398385496
CATTTC,0.164711667715898
CATTTG,0.148405580724844
CATTTT,0.13950505943366
CCAAAA,0.15490551383961
CCAAAC,0.180713681939732
CCAAAG,0.15574904234579
CCAAAT,0.167086403572902
CCAACA,0.161623086521241
CCAACC,0.251628040522577
CCAACG,0.162282640654045
CCAACT,0.198660041350242
CCAAGA,0.150567809399115
CCAAGC,0.178801802524518
CCAAGG,0.154878291392425
CCAAGT,0.168242112935948
CCAATA,0.159549688057154
CCAATC,0.179758199142417
CCAATG,0.161601454428696
CCAATT,0.165137488751606
CCACAA,0.174865648312345
CCACAC,0.208879186641044
CCACAG,0.204039277845894
CCACAT,0.191458163218136
CCACCA,0.271088758993161
CCACCC,0.490339737284784
CCACCG,0.197528541994291
CCACCT,0.369613449534947
CCACGA,0.153788785387448
CCACGC,0.177769994296051
CCACGG,0.163546471043704
CCACGT,0.164344992950768
CCACTA,0.171947490123344
CCACTC,0.320957783823786
CCACTG,0.198477628028149
CCACTT,0.197544193573319
CCAGAA,0.155868711329639
CCAGAC,0.187882457488877
CCAGAG,0.169578918572337
CCAGAT,0.165832427224616
CCAGCA,0.183548211755603
CCAGCC,0.362671332609323
CCAGCG,0.160048129215698
CCAGCT,0.257418660062179
CCAGGA,0.176950171365219
CCAGGC,0.214116647152416
CCAGGG,0.199347700930328
CCAGGT,0.166682934706869
CCAGTA,0.157928036337288
CCAGTC,0.229459264191638
CCAGTG,0.179040987445269
CCAGTT,0.174475984438411
CCATAA,0.159609297361036
CCATAC,0.173664141969504
CCATAG,0.165687014942699
CCATAT,0.158915441836028
CCATCA,0.208492235558421
CCATCC,0.433354302748044
CCATCG,0.163422319157158
CCATCT,0.235469722671488
CCATGA,0.162266427325688
CCATGC,0.192439244939288
CCATGG,0.174508017333799
CCATGT,0.169820319404454
CCATTA,0.153690671598546
CCATTC,0.23101446305979
CCATTG,0.149741787820735
CCATTT,0.172830249325398
CCCAAA,0.194168221076769
CCCAAC,0.273456249083266
CCCAAG,0.200399113802633
CCCAAT,0.198691308864687
CCCACA,0.265859492156099
CCCACC,0.577081672101355
CCCACG,0.190507642481618
CCCACT,0.321538655323017
CCCAGA,0.209925783754124
CCCAGC,0.40087687923857
CCCAGG,0.281182890947347
CCCAGT,0.230560271893013
CCCATA,0.181753059310545
CCCATC,0.395335668885413
CCCATG,0.217962924884173
CCCATT,0.220597092077179
CCCCAA,0.324304686634022
CCCCAC,0.533404417767263
CCCCAG,0.412204825921492
CCCCAT,0.363219637748476
CCCCCA,0.54838589089913
CCCCCC,0.522441477987712
CCCCCG,0.339457289804321
CCCCCT,0.590716436461065
CCCCGA,0.234027083297579
CCCCGC,0.373633217070776
CCCCGG,0.257059877670185
CCCCGT,0.286132319063079
CCCCTA,0.246578924935738
CCCCTC,0.875643443813588
CCCCTG,0.435527926226524
CCCCTT,0.522113440943376
CCCGAA,0.175175136059357
CCCGAC,0.211022761013837
CCCGAG,0.165783958813353
CCCGAT,0.181864357124419
CCCGCA,0.205722457750784
CCCGCC,0.371574940435608
CCCGCG,0.1885723017138
CCCGCT,0.240595088349332
CCCGGA,0.174449289575068
CCCGGC,0.208765696508115
CCCGGG,0.213582838721132
CCCGGT,0.180464282819902
CCCGTA,0.161731239965308
CCCGTC,0.293202699168482
CCCGTG,0.208904978056889
CCCGTT,0.184288633437662
CCCTAA,0.195606754490662
CCCTAC,0.234404280567516
CCCTAG,0.191946201177487
CCCTAT,0.186300866466096
CCCTCA,0.34101333403764
CCCTCC,1
CCCTCG,0.252566671650219
CCCTCT,0.495132082728909
CCCTGA,0.262594369616151
CCCTGC,0.462719216101281
CCCTGG,0.329525901677625
CCCTGT,0.312603967111121
CCCTTA,0.200263845403692
CCCTTC,0.664244902736113
CCCTTG,0.241868592462882
CCCTTT,0.318811166325021
CCGAAA,0.158655121843805
CCGAAC,0.164652361795136
CCGAAG,0.156820114019143
CCGAAT,0.161439198817068
CCGACA,0.158351329512106
CCGACC,0.202104007114656
CCGACG,0.157167829650287
CCGACT,0.175297837441481
CCGAGA,0.151185511948238
CCGAGC,0.16679054232244
CCGAGG,0.144380711219544
CCGAGT,0.152321525347837
CCGATA,0.162012384189372
CCGATC,0.169353558540473
CCGATG,0.15633637090744
CCGATT,0.15749370328371
CCGCAA,0.160503010789434
CCGCAC,0.173081559412157
CCGCAG,0.176342856241031
CCGCAT,0.16822599594391
CCGCCA,0.188945987990753
CCGCCC,0.340556723246791
CCGCCG,0.179412939202244
CCGCCT,0.233518899391408
CCGCGA,0.159273271211342
CCGCGC,0.175996414899193
CCGCGG,0.157814042169734
CCGCGT,0.157450259601063
CCGCTA,0.164350386200909
CCGCTC,0.218054931337255
CCGCTG,0.182674867521477
CCGCTT,0.180533271778213
CCGGAA,0.15516136862657
CCGGAC,0.160849448396462
CCGGAG,0.156086254617749
CCGGAT,0.15611344420152
CCGGCA,0.159761014102734
CCGGCC,0.206400108413441
CCGGCG,0.155291992635605
CCGGCT,0.166015508913851
CCGGGA,0.173669485192744
CCGGGC,0.176774407545913
CCGGGG,0.169117412593471
CCGGGT,0.168924160786557
CCGGTA,0.156744035105259
CCGGTC,0.175644520842023
CCGGTG,0.166591459128449
CCGGTT,0.160714135490345
CCGTAA,0.154273762148056
CCGTAC,0.162936359209316
CCGTAG,0.152943601027259
CCGTAT,0.157347073289988
CCGTCA,0.179184470942011
CCGTCC,0.309287592234134
CCGTCG,0.1656439257611
CCGTCT,0.187571608790286
CCGTGA,0.170351196198448
CCGTGC,0.180522658402102
CCGTGG,0.167150943487504
CCGTGT,0.163994369284989
CCGTTA,0.157900896047454
CCGTTC,0.185609452981298
CCGTTG,0.16116330384272
CCGTTT,0.16232587491122
CCTAAA,0.156140633046037
CCTAAC,0.19580537102104
CCTAAG,0.157558865269097
CCTAAT,0.161990760516603
CCTACA,0.169568188293806
CCTACC,0.239675159356053
CCTACG,0.15766202972958
CCTACT,0.196129344905835
CCTAGA,0.159858534140334
CCTAGC,0.179721023029644
CCTAGG,0.169525266028256
CCTAGT,0.163071371774017
CCTATA,0.158400159504391
CCTATC,0.182367692522647
CCTATG,0.163654416678251
CCTATT,0.159826028517807
CCTCAA,0.176651887218379
CCTCAC,0.298494093309232
CCTCAG,0.222273013620756
CCTCAT,0.222725896158666
CCTCCA,0.397973494009248
CCTCCC,0.994595252573613
CCTCCG,0.232143999564493
CCTCCT,0.650087488727492
CCTCGA,0.178057305591342
CCTCGC,0.232300218894531
CCTCGG,0.184626929414869
CCTCGT,0.192533629849175
CCTCTA,0.196547220694453
CCTCTC,0.531011383985334
CCTCTG,0.273475591962006
CCTCTT,0.294652459194684
CCTGAA,0.171262145841167
CCTGAC,0.234183008753253
CCTGAG,0.177557117881597
CCTGAT,0.169278427242406
CCTGCA,0.240964821311067
CCTGCC,0.447923211068583
CCTGCG,0.178870906267037
CCTGCT,0.263459273831441
CCTGGA,0.194696795642218
CCTGGC,0.225210553144031
CCTGGG,0.248316040740218
CCTGGT,0.192905839035173
CCTGTA,0.163082171991767
CCTGTC,0.323711623937103
CCTGTG,0.22198285747372
CCTGTT,0.191783548320829
CCTTAA,0.155362740183571
CCTTAC,0.179423564362697
CCTTAG,0.167021859492631
CCTTAT,0.168070184960801
CCTTCA,0.226539265246893
CCTTCC,0.735721588761129
CCTTCG,0.18084631570862
CCTTCT,0.343347379236888
CCTTGA,0.169315993597028
CCTTGC,0.224774025857177
CCTTGG,0.195204173684096
CCTTGT,0.190875354335373
CCTTTA,0.16055173583065
CCTTTC,0.355533690938492
CCTTTG,0.17707265515457
CCTTTT,0.213341504854179
CGAAAA,0.156434225472524
CGAAAC,0.153603451259658
CGAAAG,0.152474351720533
CGAAAT,0.153003605407092
CGAACA,0.151983040954995
CGAACC,0.164943466209884
CGAACG,0.155128709958101
CGAACT,0.153614354218057
CGAAGA,0.154812954495488
CGAAGC,0.153543482863489
CGAAGG,0.15364161109399
CGAAGT,0.153881439572158
CGAATA,0.154099415560591
CGAATC,0.157792327521566
CGAATG,0.153832388426112
CGAATT,0.156227632381177
CGACAA,0.15353257913235
CGACAC,0.158318774859217
CGACAG,0.152856315501432
CGACAT,0.155188583368896
CGACCA,0.156782075285701
CGACCC,0.202524585443843
CGACCG,0.156988553876544
CGACCT,0.16297416456489
CGACGA,0.152927235571491
CGACGC,0.154132107861201
CGACGG,0.151557042949412
CGACGT,0.158400159504391
CGACTA,0.152774478401006
CGACTC,0.170994305606335
CGACTG,0.155716402864637
CGACTT,0.15975559604401
CGAGAA,0.150939569924163
CGAGAC,0.147544863142076
CGAGAG,0.147210244268564
CGAGAT,0.151059815804259
CGAGCA,0.1494243265476
CGAGCC,0.158231957269885
CGAGCG,0.153707024565205
CGAGCT,0.158665969863233
CGAGGA,0.147029174261076
CGAGGC,0.145733292824164
CGAGGG,0.152135919061834
CGAGGT,0.147287051943453
CGAGTA,0.147506469941722
CGAGTC,0.15107074653096
CGAGTG,0.154181144308228
CGAGTT,0.153816037509412
CGATAA,0.153325385648167
CGATAC,0.161179535066103
CGATAG,0.153756081860727
CGATAT,0.154181144308228
CGATCA,0.155150482522256
CGATCC,0.17151385026766
CGATCG,0.156162383589415
CGATCT,0.146804162812514
CGATGA,0.153319932608293
CGATGC,0.150852109292378
CGATGG,0.151737295022716
CGATGT,0.153685220550232
CGATTA,0.154910958240121
CGATTC,0.151977580590327
CGATTG,0.153030878934987
CGATTT,0.15352167528232
CGCAAA,0.151212835106381
CGCAAC,0.160952273961053
CGCAAG,0.150463910426884
CGCAAT,0.152436147316919
CGCACA,0.154279209989153
CGCACC,0.173268664202408
CGCACG,0.147007224153307
CGCACT,0.159023888502107
CGCAGA,0.155569512014483
CGCAGC,0.170238609517566
CGCAGG,0.154088517889542
CGCAGT,0.158297071168495
CGCATA,0.154153902134519
CGCATC,0.161444607761632
CGCATG,0.152714460270561
CGCATT,0.155710962847535
CGCCAA,0.158172265804699
CGCCAC,0.16689275883293
CGCCAG,0.161952917964099
CGCCAT,0.155460690064594
CGCCCA,0.188140546538945
CGCCCC,0.339869153379047
CGCCCG,0.171990308549586
CGCCCT,0.218760033052676
CGCCGA,0.163465504170311
CGCCGC,0.15798231470727
CGCCGG,0.154894624949663
CGCCGT,0.175809819836264
CGCCTA,0.156885319910299
CGCCTC,0.234469646962019
CGCCTG,0.158600879981406
CGCCTT,0.17439589771044
CGCGAA,0.154159350628632
CGCGAC,0.156330934261939
CGCGAG,0.153576193343573
CGCGAT,0.151644441951674
CGCGCA,0.156015558239952
CGCGCC,0.169439415969797
CGCGCG,0.14532661104033
CGCGCT,0.157987742382234
CGCGGA,0.148027394815559
CGCGGC,0.147928714095318
CGCGGG,0.142431097112903
CGCGGT,0.157672888527383
CGCGTA,0.155928540451743
CGCGTC,0.156939654905208
CGCGTG,0.151048884958077
CGCGTT,0.15490551383961
CGCTAA,0.156439661556498
CGCTAC,0.156738600675638
CGCTAG,0.158183119063394
CGCTAT,0.154557010538163
CGCTCA,0.153919588800179
CGCTCC,0.216105652390475
CGCTCG,0.156238506765902
CGCTCT,0.170646006017674
CGCTGA,0.157803184904591
CGCTGC,0.178636997403564
CGCTGG,0.148137028640506
CGCTGT,0.166047813968062
CGCTTA,0.154273762148056
CGCTTC,0.177120579510382
CGCTTG,0.153139965608723
CGCTTT,0.161606862495703
CGGAAA,0.147840989723787
CGGAAC,0.156858151305695
CGGAAG,0.146826117377904
CGGAAT,0.153407177678201
CGGACA,0.153587096599166
CGGACC,0.167306897753208
CGGACG,0.152015802516892
CGGACT,0.153995882890407
CGGAGA,0.147681969683061
CGGAGC,0.140709636186625
CGGAGG,0.147890335629685
CGGAGT,0.15313451155765
CGGATA,0.152026722799013
CGGATC,0.156792943642904
CGGATG,0.153603451259658
CGGATT,0.158014880315167
CGGCAA,0.151305728260233
CGGCAC,0.157765183548255
CGGCAG,0.149156047946949
CGGCAT,0.149736315204249
CGGCCA,0.156385299386922
CGGCCC,0.216387279137896
CGGCCG,0.156711428084531
CGGCCT,0.162028601637103
CGGCGA,0.149763677987187
CGGCGC,0.142899571673399
CGGCGG,0.125625609406992
CGGCGT,0.152081322420901
CGGCTA,0.148164435218787
CGGCTC,0.165988587238112
CGGCTG,0.148657625229631
CGGCTT,0.156722297209576
CGGGAA,0.152692634602721
CGGGAC,0.174796267226865
CGGGAG,0.146760252235671
CGGGAT,0.152419773554265
CGGGCA,0.143257668899787
CGGGCC,0.182245855614906
CGGGCG,0.134777742373687
CGGGCT,0.164997365136564
CGGGGA,0.163460106145655
CGGGGC,0.146535180261626
CGGGGG,0.161763683717712
CGGGGT,0.167236990227971
CGGGTA,0.150939569924163
CGGGTC,0.163945811701889
CGGGTG,0.156874452557033
CGGGTT,0.15811257077623
CGGTAA,0.152419773554265
CGGTAC,0.15313451155765
CGGTAG,0.152954511182312
CGGTAT,0.154872846814059
CGGTCA,0.152185053490225
CGGTCC,0.184135305387164
CGGTCG,0.153052697221748
CGGTCT,0.160963097089664
CGGTGA,0.149402428951346
CGGTGC,0.158123424682826
CGGTGG,0.149604963422929
CGGTGT,0.152796302282643
CGGTTA,0.156689689480021
CGGTTC,0.15905642020873
CGGTTG,0.152812669881316
CGGTTT,0.155700082724551
CGTAAA,0.150420160261473
CGTAAC,0.15377788433071
CGTAAG,0.152550756149311
CGTAAT,0.152228726511047
CGTACA,0.155613037478834
CGTACC,0.161358061137605
CGTACG,0.15314541963005
CGTACT,0.152048563005504
CGTAGA,0.154611472185691
CGTAGC,0.153085423759343
CGTAGG,0.153434440201627
CGTAGT,0.152523469523451
CGTATA,0.153249040383855
CGTATC,0.156754903875902
CGTATG,0.152714460270561
CGTATT,0.153194504483453
CGTCAA,0.155509661407524
CGTCAC,0.168644953338872
CGTCAG,0.162244809145626
CGTCAT,0.158676817764981
CGTCCA,0.17173337048655
CGTCCC,0.29002578605804
CGTCCG,0.170142096558341
CGTCCT,0.210770511294484
CGTCGA,0.154208385739822
CGTCGC,0.16116330384272
CGTCGG,0.155286550309209
CGTCGT,0.15800402523037
CGTCTA,0.153979534646795
CGTCTC,0.190192353239149
CGTCTG,0.157368797608743
CGTCTT,0.163362936718803
CGTGAA,0.15420293751287
CGTGAC,0.166612983546782
CGTGAG,0.142216076489839
CGTGAT,0.152665351848024
CGTGCA,0.150332654188003
CGTGCC,0.177370813838111
CGTGCG,0.154616918187313
CGTGCT,0.152141378561987
CGTGGA,0.152490724589569
CGTGGC,0.155112380223887
CGTGGG,0.169203290299203
CGTGGT,0.148482296647089
CGTGTA,0.150764641010562
CGTGTC,0.160611285434856
CGTGTG,0.155041614960723
CGTGTT,0.146518709591499
CGTTAA,0.151535192005266
CGTTAC,0.155683762318113
CGTTAG,0.153074515032481
CGTTAT,0.153052697221748
CGTTCA,0.161087554649976
CGTTCC,0.176262918891211
CGTTCG,0.155204911858791
CGTTCT,0.165212931797039
CGTTGA,0.153439892617124
CGTTGC,0.160378480452421
CGTTGG,0.153259947207045
CGTTGT,0.15359799973588
CGTTTA,0.151977580590327
CGTTTC,0.161844788493909
CGTTTG,0.156374426598368
CGTTTT,0.157162397523266
CTAAAA,0.13699732110779
CTAAAC,0.154507992519268
CTAAAG,0.149774622890724
CTAAAT,0.152523469523451
CTAACA,0.151294800101766
CTAACC,0.188609150228471
CTAACG,0.156830981962938
CTAACT,0.169981220923964
CTAAGA,0.148043840655569
CTAAGC,0.160259349965047
CTAAGG,0.149577596296715
CTAAGT,0.151993961594885
CTAATA,0.148838400640074
CTAATC,0.164517562529683
CTAATG,0.151775526134386
CTAATT,0.139328118636056
CTACAA,0.151617130584009
CTACAC,0.16495424622763
CTACAG,0.14932030869454
CTACAT,0.152829037212096
CTACCA,0.166968069576576
CTACCC,0.252201204266772
CTACCG,0.155302877199542
CTACCT,0.192135055171138
CTACGA,0.153897789419518
CTACGC,0.153199958207332
CTACGG,0.154491652645674
CTACGT,0.152174134936993
CTACTA,0.147923231547548
CTACTC,0.188693370306483
CTACTG,0.159517172393679
CTACTT,0.158839522171562
CTAGAA,0.154932735545754
CTAGAC,0.155645680333899
CTAGAG,0.154208385739822
CTAGAT,0.150611553105469
CTAGCA,0.15497628873432
CTAGCC,0.1867070468457
CTAGCG,0.153734278915385
CTAGCT,0.164479815478913
CTAGGA,0.154175695932857
CTAGGC,0.157265602891129
CTAGGG,0.159359998447279
CTAGGT,0.154774839334109
CTAGTA,0.149533807336876
CTAGTC,0.170093836585471
CTAGTG,0.150808376107807
CTAGTT,0.153439892617124
CTATAA,0.151944817776175
CTATAC,0.153914138999565
CTATAG,0.155444365750672
CTATAT,0.153848739075464
CTATCA,0.158107143778753
CTATCC,0.187218493907774
CTATCG,0.152850859903093
CTATCT,0.162358299377483
CTATGA,0.150830242939167
CTATGC,0.156146070726234
CTATGG,0.156945088242326
CTATGT,0.147122456844305
CTATTA,0.152829037212096
CTATTC,0.161336423311185
CTATTG,0.153859639359843
CTATTT,0.150059148344193
CTCAAA,0.147594223662411
CTCAAC,0.171631647595984
CTCAAG,0.141747281544693
CTCAAT,0.162498793250336
CTCACA,0.170142096558341
CTCACC,0.310220269552105
CTCACG,0.15804744486258
CTCACT,0.203551921749525
CTCAGA,0.166828202252424
CTCAGC,0.205266984052606
CTCAGG,0.180029011970632
CTCAGT,0.178674213837296
CTCATA,0.160362236221627
CTCATC,0.221962492477133
CTCATG,0.163864877156713
CTCATT,0.166273920130992
CTCCAA,0.194895592969748
CTCCAC,0.297795853110662
CTCCAG,0.233554128388428
CTCCAT,0.281633852591372
CTCCCA,0.392429007285228
CTCCCC,0.858369672899855
CTCCCG,0.260877004818244
CTCCCT,0.697018953438482
CTCCGA,0.166139339287981
CTCCGC,0.206265649383071
CTCCGG,0.179025043563612
CTCCGT,0.190843841474045
CTCCTA,0.194215333121142
CTCCTC,0.626549047590415
CTCCTG,0.30316634046654
CTCCTT,0.367133045768775
CTCGAA,0.151999421870108
CTCGAC,0.169466244904798
CTCGAG,0.154475312505084
CTCGAT,0.158758173277362
CTCGCA,0.163341342230543
CTCGCC,0.215772718492003
CTCGCG,0.166085501879006
CTCGCT,0.179938749176492
CTCGGA,0.155727282810059
CTCGGC,0.162206976205931
CTCGGG,0.162250213734456
CTCGGT,0.160503010789434
CTCGTA,0.153870539525406
CTCGTC,0.188145812968913
CTCGTG,0.15611344420152
CTCGTT,0.163595048021223
CTCTAA,0.162774320066513
CTCTAC,0.177589052232827
CTCTAG,0.159809775310304
CTCTAT,0.161006388432746
CTCTCA,0.208089647534572
CTCTCC,0.545240215527074
CTCTCG,0.171808317574661
CTCTCT,0.328908479236344
CTCTGA,0.17104787939268
CTCTGC,0.255308352215808
CTCTGG,0.19760158060064
CTCTGT,0.211089673730067
CTCTTA,0.156124319828035
CTCTTC,0.293581924361049
CTCTTG,0.18273840919068
CTCTTT,0.214075595080491
CTGAAA,0.148843878172695
CTGAAC,0.163783936060606
CTGAAG,0.147347396692516
CTGAAT,0.154208385739822
CTGACA,0.158720208195246
CTGACC,0.229120637413596
CTGACG,0.151223764160607
CTGACT,0.171877906270127
CTGAGA,0.167134808899355
CTGAGC,0.160719548358149
CTGAGG,0.146051927835723
CTGAGT,0.151475099446824
CTGATA,0.152839948617123
CTGATC,0.170270778434141
CTGATG,0.15887748272427
CTGATT,0.152103161434971
CTGCAA,0.145288132578008
CTGCAC,0.196771756798082
CTGCAG,0.169095942014649
CTGCAT,0.190801822780787
CTGCCA,0.209513462457404
CTGCCC,0.455804038324433
CTGCCG,0.173813741429353
CTGCCT,0.246290768345697
CTGCGA,0.152501639686667
CTGCGC,0.16791972373092
CTGCGG,0.159690577049502
CTGCGT,0.162477180093073
CTGCTA,0.156923354716723
CTGCTC,0.235755992348816
CTGCTG,0.192785279398162
CTGCTT,0.17580448803711
CTGGAA,0.155841515090779
CTGGAC,0.168301206351154
CTGGAG,0.141421753437302
CTGGAT,0.166053198042302
CTGGCA,0.155662001361857
CTGGCC,0.217175412343442
CTGGCG,0.154910958240121
CTGGCT,0.180342213771595
CTGGGA,0.160481354453471
CTGGGC,0.169058367392425
CTGGGG,0.18985067767741
CTGGGT,0.155493337893012
CTGGTA,0.150360000658534
CTGGTC,0.181366070508491
CTGGTG,0.158183119063394
CTGGTT,0.159473816531007
CTGTAA,0.136825479753882
CTGTAC,0.172808858316375
CTGTAG,0.151076211849505
CTGTAT,0.154633256014229
CTGTCA,0.187566339335436
CTGTCC,0.364796549257689
CTGTCG,0.150442035583438
CTGTCT,0.199514335093702
CTGTGA,0.157987742382234
CTGTGC,0.199524748807022
CTGTGG,0.165110543427395
CTGTGT,0.159376258966684
CTGTTA,0.146963322492295
CTGTTC,0.187777095874083
CTGTTG,0.172199022126431
CTGTTT,0.147632613493832
CTTAAA,0.147040149134285
CTTAAC,0.15583607575425
CTTAAG,0.145277138459679
CTTAAT,0.146886489947519
CTTACA,0.151557042949412
CTTACC,0.181615244852649
CTTACG,0.153194504483453
CTTACT,0.159262429777967
CTTAGA,0.150786508798279
CTTAGC,0.159370838822927
CTTAGG,0.150485784791831
CTTAGT,0.15289450385645
CTTATA,0.152670808458511
CTTATC,0.170512012328611
CTTATG,0.15749370328371
CTTATT,0.149577596296715
CTTCAA,0.154404502143696
CTTCAC,0.200825609707549
CTTCAG,0.170871075004429
CTTCAT,0.1755111952958
CTTCCA,0.23022201780352
CTTCCC,0.670337481827711
CTTCCG,0.179296054985652
CTTCCT,0.411872237683135
CTTCGA,0.156537506015137
CTTCGC,0.176662541755833
CTTCGG,0.1606600052008
CTTCGT,0.162509599653796
CTTCTA,0.167371423439162
CTTCTC,0.324019692647715
CTTCTG,0.184510653080747
CTTCTT,0.213454476893596
CTTGAA,0.137346456126348
CTTGAC,0.167908975633892
CTTGAG,0.139648800782288
CTTGAT,0.159419619059162
CTTGCA,0.156249381032376
CTTGCC,0.217298182372112
CTTGCG,0.153984984091029
CTTGCT,0.186369453951146
CTTGGA,0.159750177955931
CTTGGC,0.183452974895621
CTTGGG,0.163146970848847
CTTGGT,0.156271129210581
CTTGTA,0.153178143133353
CTTGTC,0.191143173569427
CTTGTG,0.15510693691989
CTTGTT,0.167118674050878
CTTTAA,0.146760252235671
CTTTAC,0.156950521549923
CTTTAG,0.151163652884192
CTTTAT,0.147983537919878
CTTTCA,0.166785162216663
CTTTCC,0.339208279000192
CTTTCG,0.159782686044081
CTTTCT,0.25057968478286
CTTTGA,0.149462646187274
CTTTGC,0.169627203400935
CTTTGG,0.141647979117428
CTTTGT,0.160627525620574
CTTTTA,0.148032876792281
CTTTTC,0.226595012270531
CTTTTG,0.159934376484089
CTTTTT,0.162822934566365
GAAAAA,0.132007464134897
GAAAAC,0.148235688807272
GAAAAG,0.142916102060657
GAAAAT,0.138011138182032
GAAACA,0.141024355179754
GAAACC,0.146683404086306
GAAACG,0.151895671542232
GAAACT,0.148454898779037
GAAAGA,0.140853204504429
GAAAGC,0.145628890308193
GAAAGG,0.140682024531537
GAAAGT,0.140941543994607
GAAATA,0.140626798934044
GAAATC,0.147868404416572
GAAATG,0.139018396885263
GAAATT,0.138642177178363
GAACAA,0.144397217141317
GAACAC,0.155613037478834
GAACAG,0.146644977796896
GAACAT,0.1476929373943
GAACCA,0.155618478028676
GAACCC,0.181016061267004
GAACCG,0.153745180447477
GAACCT,0.155787120394052
GAACGA,0.155607596899393
GAACGC,0.150873975167463
GAACGG,0.147029174261076
GAACGT,0.151054350396104
GAACTA,0.145788237139023
GAACTC,0.153379914411509
GAACTG,0.153559838237278
GAACTT,0.151502414693775
GAAGAA,0.131617451683547
GAAGAC,0.152861771070008
GAAGAG,0.145749776435606
GAAGAT,0.140980190067746
GAAGCA,0.142872020420725
GAAGCC,0.154932735545754
GAAGCG,0.146573610770298
GAAGCT,0.142320835902161
GAAGGA,0.135305338578164
GAAGGC,0.143852377820156
GAAGGG,0.14228775516808
GAAGGT,0.152965421218336
GAAGTA,0.145200176246816
GAAGTC,0.150934103858773
GAAGTG,0.140687546923547
GAAGTT,0.145810214019708
GAATAA,0.146930394981663
GAATAC,0.151753679963834
GAATAG,0.147638097635157
GAATAT,0.14751743957795
GAATCA,0.147753257656016
GAATCC,0.157841184816878
GAATCG,0.151649904135698
GAATCT,0.154442631422882
GAATGA,0.136459525578704
GAATGC,0.159901873326811
GAATGG,0.145024240372081
GAATGT,0.152512554664626
GAATTA,0.144804276991462
GAATTC,0.156928788142406
GAATTG,0.140566047253999
GAATTT,0.144507249657855
GACAAA,0.147731323436377
GACAAC,0.153156327583466
GACAAG,0.14950096435861
GACAAT,0.152599870199647
GACACA,0.151098072824993
GACACC,0.177684849168156
GACACG,0.148975329955398
GACACT,0.161525738419493
GACAGA,0.132035316347477
GACAGC,0.157347073289988
GACAGG,0.150627956502038
GACAGT,0.151622592917215
GACATA,0.152457978583422
GACATC,0.155602156290351
GACATG,0.150157619065772
GACATT,0.145771754161545
GACCAA,0.150917705483334
GACCAC,0.172370241763047
GACCAG,0.143158516351872
GACCAT,0.148400100790901
GACCCA,0.178291350073306
GACCCC,0.306559185316408
GACCCG,0.175612524332036
GACCCT,0.221198505565151
GACCGA,0.152075862592861
GACCGC,0.160795325431145
GACCGG,0.15325449381032
GACCGT,0.157254739669769
GACCTA,0.151141793342316
GACCTC,0.181047885351691
GACCTG,0.162590643957656
GACCTT,0.165611607656413
GACGAA,0.152812669881316
GACGAC,0.152659895207761
GACGAG,0.147062098519367
GACGAT,0.151999421870108
GACGCA,0.1571732617478
GACGCC,0.152381567065427
GACGCG,0.14781905742842
GACGCT,0.15349986722557
GACGGA,0.152059482929879
GACGGC,0.149396954477359
GACGGG,0.15630375059107
GACGGT,0.151813755784495
GACGTA,0.152135919061834
GACGTC,0.155243010631722
GACGTG,0.15905642020873
GACGTT,0.151955738833493
GACTAA,0.150245140456549
GACTAC,0.146480276972848
GACTAG,0.155618478028676
GACTAT,0.150928637763506
GACTCA,0.155112380223887
GACTCC,0.188903889474771
GACTCG,0.151136328382184
GACTCT,0.161715017694374
GACTGA,0.154829289119937
GACTGC,0.156434225472524
GACTGG,0.148076731524213
GACTGT,0.153216319200514
GACTTA,0.150813842860475
GACTTC,0.163265757849137
GACTTG,0.149139620388105
GACTTT,0.148969853142763
GAGAAA,0.137773011234139
GAGAAC,0.150075560804504
GAGAAG,0.1412009961248
GAGAAT,0.139145615641705
GAGACA,0.144133089693923
GAGACC,0.152228726511047
GAGACG,0.149867649734544
GAGACT,0.144897767340196
GAGAGA,0.140676502109029
GAGAGC,0.147402252395509
GAGAGG,0.145260647055551
GAGAGT,0.156673385216511
GAGATA,0.148449419115349
GAGATC,0.140913938742223
GAGATG,0.142017554870353
GAGATT,0.142375968027224
GAGCAA,0.148690495916893
GAGCAC,0.147632613493832
GAGCAG,0.13234163949756
GAGCAT,0.149013666803993
GAGCCA,0.13229152031177
GAGCCC,0.188788109416644
GAGCCG,0.149358632320272
GAGCCT,0.154126659218653
GAGCGA,0.146804162812514
GAGCGC,0.150491253308305
GAGCGG,0.145332107842655
GAGCGT,0.152987240933302
GAGCTA,0.149687060308102
GAGCTC,0.156879886248428
GAGCTG,0.136381881715647
GAGCTT,0.148328858916814
GAGGAA,0.140875290108597
GAGGAC,0.155281107953193
GAGGAG,0.141962402981124
GAGGAT,0.147446134791421
GAGGCA,0.13424986766451
GAGGCC,0.141962402981124
GAGGCG,0.139991485256823
GAGGCT,0.140748291222956
GAGGGA,0.151267479183104
GAGGGC,0.146930394981663
GAGGGG,0.157504563909479
GAGGGT,0.148076731524213
GAGGTA,0.146200223301924
GAGGTC,0.148498735007619
GAGGTG,0.144545758178506
GAGGTT,0.138564702606555
GAGTAA,0.147040149134285
GAGTAC,0.14926555810991
GAGTAG,0.141399679898943
GAGTAT,0.149364107004056
GAGTCA,0.151726371579487
GAGTCC,0.171706602308031
GAGTCG,0.150731838432334
GAGTCT,0.161969136376241
GAGTGA,0.142508272727327
GAGTGC,0.152135919061834
GAGTGG,0.144116579411872
GAGTGT,0.152190512722136
GAGTTA,0.147681969683061
GAGTTC,0.143219110743806
GAGTTG,0.150343592865955
GAGTTT,0.144749278585493
GATAAA,0.147177324887581
GATAAC,0.154208385739822
GATAAG,0.151999421870108
GATAAT,0.145529972606006
GATACA,0.154954512377147
GATACC,0.167505838580493
GATACG,0.152752654043077
GATACT,0.152457978583422
GATAGA,0.148838400640074
GATAGC,0.153679769472205
GATAGG,0.149599490057603
GATAGT,0.149183426612005
GATATA,0.149402428951346
GATATC,0.155678322123443
GATATG,0.147084047422684
GATATT,0.147912266361831
GATCAA,0.151529729194625
GATCAC,0.147780674754021
GATCAG,0.148389140832927
GATCAT,0.149199853451241
GATCCA,0.147122456844305
GATCCC,0.212802144234261
GATCCG,0.151557042949412
GATCCT,0.181127441132813
GATCGA,0.151961199317426
GATCGC,0.148663103752542
GATCGG,0.153630708432769
GATCGT,0.152801758178634
GATCTA,0.150846642748901
GATCTC,0.152949056119664
GATCTG,0.147325453568729
GATCTT,0.152927235571491
GATGAA,0.144710777901464
GATGAC,0.152758110177213
GATGAG,0.146161778440826
GATGAT,0.14425415676723
GATGCA,0.151873827996268
GATGCC,0.157091777186638
GATGCG,0.14843845969789
GATGCT,0.153150873621631
GATGGA,0.140560524190978
GATGGC,0.13967091300217
GATGGG,0.138376525082033
GATGGT,0.142530321808948
GATGTA,0.14663399858585
GATGTC,0.151223764160607
GATGTG,0.150627956502038
GATGTT,0.150649827278915
GATTAA,0.150802909325255
GATTAC,0.132018605113019
GATTAG,0.15020138071866
GATTAT,0.144925262838265
GATTCA,0.155754482155743
GATTCC,0.163832501504441
GATTCG,0.155727282810059
GATTCT,0.147292537980209
GATTGA,0.148263092681786
GATTGC,0.148569964780874
GATTGG,0.145925584720031
GATTGT,0.150999694671595
GATTTA,0.145590423475579
GATTTC,0.146859048322261
GATTTG,0.14074276916639
GATTTT,0.14418812199881
GCAAAA,0.146079391618315
GCAAAC,0.149632329800205
GCAAAG,0.143428408578847
GCAAAT,0.150343592865955
GCAACA,0.146364970253702
GCAACC,0.153270853911277
GCAACG,0.150469379062979
GCAACT,0.155580393558178
GCAAGA,0.139040523049015
GCAAGC,0.143329272959601
GCAAGG,0.140842161519428
GCAAGT,0.149166999502923
GCAATA,0.150507658678301
GCAATC,0.151633517494117
GCAATG,0.152092241987554
GCAATT,0.149566649236517
GCACAA,0.152790846356885
GCACAC,0.152408857563548
GCACAG,0.137158049193913
GCACAT,0.147978055672674
GCACCA,0.145469518081904
GCACCC,0.249431166686732
GCACCG,0.158275367006712
GCACCT,0.166354659943895
GCACGA,0.150589681491481
GCACGC,0.146106854646669
GCACGG,0.151010626055479
GCACGT,0.147001736551082
GCACTA,0.152550756149311
GCACTC,0.157966031505618
GCACTG,0.150119326048466
GCACTT,0.145887129298837
GCAGAA,0.142723230538103
GCAGAC,0.160194363716928
GCAGAG,0.147709388735618
GCAGAT,0.141024355179754
GCAGCA,0.150381877296535
GCAGCC,0.198785105542506
GCAGCG,0.145859660235414
GCAGCT,0.155471572792498
GCAGGA,0.130959657600174
GCAGGC,0.14976915045393
GCAGGG,0.140289856728426
GCAGGT,0.13464996669093
GCAGTA,0.14854256931467
GCAGTC,0.17043696801955
GCAGTG,0.125115316483782
GCAGTT,0.149134144475186
GCATAA,0.152676265039225
GCATAC,0.150556873173534
GCATAG,0.153712475494665
GCATAT,0.14917795093896
GCATCA,0.15538450765294
GCATCC,0.187877189671779
GCATCG,0.152550756149311
GCATCT,0.163400725951208
GCATGA,0.143202585364682
GCATGC,0.148865788003151
GCATGG,0.145716808941008
GCATGT,0.146809651499049
GCATTA,0.149117716556515
GCATTC,0.166935794238077
GCATTG,0.151065281182545
GCATTT,0.143879902076363
GCCAAA,0.156059064294685
GCCAAC,0.154153902134519
GCCAAG,0.139587989656341
GCCAAT,0.149604963422929
GCCACA,0.170828208626511
GCCACC,0.207681732851389
GCCACG,0.156026434931084
GCCACT,0.162601449368592
GCCAGA,0.157281897501903
GCCAGC,0.169852501779567
GCCAGG,0.136237669973856
GCCAGT,0.156477713316907
GCCATA,0.157178693815805
GCCATC,0.177535827747539
GCCATG,0.157243876330399
GCCATT,0.147742290606335
GCCCAA,0.167779989458069
GCCCAC,0.22540845040857
GCCCAG,0.215045000162314
GCCCAT,0.182134600255244
GCCCCA,0.307975709174348
GCCCCC,0.439414654650555
GCCCCG,0.266000788805398
GCCCCT,0.39163442228081
GCCCGA,0.160270180595822
GCCCGC,0.192150791394144
GCCCGG,0.165024313510533
GCCCGT,0.17653467981351
GCCCTA,0.177344196141126
GCCCTC,0.305337400614109
GCCCTG,0.282405772203404
GCCCTT,0.219811652060149
GCCGAA,0.155694642618666
GCCGAC,0.16035682141939
GCCGAG,0.143665192784108
GCCGAT,0.151147258272582
GCCGCA,0.152059482929879
GCCGCC,0.178418987615847
GCCGCG,0.146990761256289
GCCGCT,0.16198535452535
GCCGGA,0.148093176552866
GCCGGC,0.154159350628632
GCCGGG,0.148657625229631
GCCGGT,0.157602304233872
GCCGTA,0.154867402206049
GCCGTC,0.187176322602468
GCCGTG,0.161309375369743
GCCGTT,0.158964244291153
GCCTAA,0.15597748888933
GCCTAC,0.1609414507153
GCCTAG,0.153205411901469
GCCTAT,0.153303573310255
GCCTCA,0.152048563005504
GCCTCC,0.302480751040853
GCCTCG,0.170356557152803
GCCTCT,0.213146341265645
GCCTGA,0.154371818747215
GCCTGC,0.194770041360906
GCCTGG,0.141741765001869
GCCTGT,0.170855000328045
GCCTTA,0.153674318364463
GCCTTC,0.201329888414998
GCCTTG,0.174572080046419
GCCTTT,0.157249308014836
GCGAAA,0.151944817776175
GCGAAC,0.155950295608689
GCGAAG,0.153123603366262
GCGAAT,0.152616241013731
GCGACA,0.150977831545335
GCGACC,0.156787509479068
GCGACG,0.151770064636491
GCGACT,0.152747197879172
GCGAGA,0.146359479125901
GCGAGC,0.148706930855353
GCGAGG,0.149785567674471
GCGAGT,0.147928714095318
GCGATA,0.152567127767445
GCGATC,0.151343975874426
GCGATG,0.147308995909898
GCGATT,0.148109621311084
GCGCAA,0.151174582475942
GCGCAC,0.150562341301275
GCGCAG,0.147851955691089
GCGCAT,0.149643276141421
GCGCCA,0.144474241174126
GCGCCC,0.190108259316328
GCGCCG,0.149156047946949
GCGCCT,0.164145422244537
GCGCGA,0.148065768021532
GCGCGC,0.142767318737281
GCGCGG,0.136160008882494
GCGCGT,0.150901306838984
GCGCTA,0.152425231504938
GCGCTC,0.156841849788622
GCGCTG,0.153472606485815
GCGCTT,0.155172254612378
GCGGAA,0.148197322121275
GCGGAC,0.152021262672859
GCGGAG,0.136603705332167
GCGGAT,0.155253895728817
GCGGCA,0.141504524866928
GCGGCC,0.154328239223522
GCGGCG,0.118615792658327
GCGGCT,0.146771230060646
GCGGGA,0.151808294495387
GCGGGC,0.132386187776243
GCGGGG,0.153510771313394
GCGGGT,0.148876742738366
GCGGTA,0.153101786626515
GCGGTC,0.156216757878199
GCGGTG,0.14074276916639
GCGGTT,0.155123266742992
GCGTAA,0.151278407640141
GCGTAC,0.154518885620004
GCGTAG,0.153467154248686
GCGTAT,0.151245621910731
GCGTCA,0.154044926017714
GCGTCC,0.171947490123344
GCGTCG,0.152752654043077
GCGTCT,0.155885028717937
GCGTGA,0.142750785890374
GCGTGC,0.150146678353312
GCGTGG,0.14843297994412
GCGTGT,0.151551580258138
GCGTTA,0.151387685642296
GCGTTC,0.155308319437084
GCGTTG,0.155602156290351
GCGTTT,0.157412244830466
GCTAAA,0.148306937319045
GCTAAC,0.156847283657173
GCTAAG,0.150819309583257
GCTAAT,0.141692114746954
GCTACA,0.151786449040694
GCTACC,0.16853217438295
GCTACG,0.15284540427499
GCTACT,0.151136328382184
GCTAGA,0.15314541963005
GCTAGC,0.158253662373849
GCTAGG,0.153548934684474
GCTAGT,0.15251801210893
GCTATA,0.155270223152303
GCTATC,0.15329266696288
GCTATG,0.149314833770968
GCTATT,0.153047242694686
GCTCAA,0.141350012656089
GCTCAC,0.154077620099732
GCTCAG,0.163627431361994
GCTCAT,0.152114080763155
GCTCCA,0.183955511521813
GCTCCC,0.315598802196687
GCTCCG,0.16651612001558
GCTCCT,0.228544202806847
GCTCGA,0.153832388426112
GCTCGC,0.162109684930908
GCTCGG,0.149041049367478
GCTCGT,0.155096050223008
GCTCTA,0.154529778602082
GCTCTC,0.192187508284854
GCTCTG,0.175772496645188
GCTCTT,0.159928959364574
GCTGAA,0.145551955163211
GCTGAC,0.159462977271625
GCTGAG,0.132742502579972
GCTGAT,0.152212349351754
GCTGCA,0.155150482522256
GCTGCC,0.210456397195279
GCTGCG,0.148876742738366
GCTGCT,0.167059510712398
GCTGGA,0.139001801941164
GCTGGC,0.143230127511509
GCTGGG,0.105517224723678
GCTGGT,0.141460380957045
GCTGTA,0.154649593574225
GCTGTC,0.178769906878824
GCTGTG,0.164814096931831
GCTGTT,0.154279209989153
GCTTAA,0.147182811526335
GCTTAC,0.151666290508762
GCTTAG,0.149375056281708
GCTTAT,0.153309026439338
GCTTCA,0.152752654043077
GCTTCC,0.209333018416494
GCTTCG,0.157548005233062
GCTTCT,0.167790738941534
GCTTGA,0.145650870691065
GCTTGC,0.151819217043777
GCTTGG,0.154589687882607
GCTTGT,0.151786449040694
GCTTTA,0.150349062160061
GCTTTC,0.166010124636685
GCTTTG,0.156151508376862
GCTTTT,0.145359591401073
GGAAAA,0.138238136660457
GGAAAC,0.147287051943453
GGAAAG,0.132352776753284
GGAAAT,0.14347246569964
GGAACA,0.15190113235417
GGAACC,0.163109172025834
GGAACG,0.150360000658534
GGAACT,0.151475099446824
GGAAGA,0.132241398613922
GGAAGC,0.146650467357215
GGAAGG,0.140980190067746
GGAAGT,0.143940452773453
GGAATA,0.148991760213332
GGAATC,0.157357935508359
GGAATG,0.151316656299277
GGAATT,0.144936260825815
GGACAA,0.150480316245452
GGACAC,0.162579838429962
GGACAG,0.153107240856074
GGACAT,0.151502414693775
GGACCA,0.155574952801132
GGACCC,0.233277295687113
GGACCG,0.153821487844685
GGACCT,0.169326726582005
GGACGA,0.147292537980209
GGACGC,0.156673385216511
GGACGG,0.153821487844685
GGACGT,0.154851068204157
GGACTA,0.148936991637032
GGACTC,0.157254739669769
GGACTG,0.155591274983467
GGACTT,0.14864118948081
GGAGAA,0.138880097268951
GGAGAC,0.149375056281708
GGAGAG,0.151425930122003
GGAGAT,0.145337604614767
GGAGCA,0.144782277992052
GGAGCC,0.160611285434856
GGAGCG,0.143312749400863
GGAGCT,0.138160630778245
GGAGGA,0.145683840359518
GGAGGC,0.125390121953112
GGAGGG,0.156412480841115
GGAGGT,0.135849304190537
GGAGTA,0.149873121632336
GGAGTC,0.153799686325355
GGAGTG,0.158687665549055
GGAGTT,0.134033080501319
GGATAA,0.149594016662319
GGATAC,0.157108074630057
GGATAG,0.146919418903843
GGATAT,0.154350029222765
GGATCA,0.146392425440429
GGATCC,0.186817794685528
GGATCG,0.151567968242439
GGATCT,0.154355476648389
GGATGA,0.148936991637032
GGATGC,0.154622364159277
GGATGG,0.130870431860036
GGATGT,0.149429800871742
GGATTA,0.129894005238634
GGATTC,0.165444614141338
GGATTG,0.150775574964195
GGATTT,0.141140279319244
GGCAAA,0.144991248949303
GGCAAC,0.145365088022116
GGCAAG,0.139681968928757
GGCAAT,0.149227230917003
GGCACA,0.140648889539026
GGCACC,0.171272857958546
GGCACG,0.150802909325255
GGCACT,0.155868711329639
GGCAGA,0.141427271745761
GGCAGC,0.146233174863676
GGCAGG,0.128715444525825
GGCAGT,0.145233160777619
GGCATA,0.154301001056758
GGCATC,0.155808878627798
GGCATG,0.133109819296172
GGCATT,0.150863042289685
GGCCAA,0.135222052417851
GGCCAC,0.17083892539326
GGCCAG,0.139388945566625
GGCCAT,0.160881920769646
GGCCCA,0.180729598920872
GGCCCC,0.30312409169622
GGCCCG,0.167763865016208
GGCCCT,0.237752577232305
GGCCGA,0.146106854646669
GGCCGC,0.153826938150251
GGCCGG,0.141344493921273
GGCCGT,0.16153114689599
GGCCTA,0.153865089457476
GGCCTC,0.192821973000261
GGCCTG,0.168172270761011
GGCCTT,0.168371039521844
GGCGAA,0.151857445023666
GGCGAC,0.147034661712737
GGCGAG,0.142927122167024
GGCGAT,0.151600743405366
GGCGCA,0.144584265216308
GGCGCC,0.152414315573801
GGCGCG,0.132057597559017
GGCGCT,0.14970347887638
GGCGGA,0.140024642039219
GGCGGC,0.114922390313956
GGCGGG,0.136570434926391
GGCGGT,0.144837274583186
GGCGTA,0.149944253579066
GGCGTC,0.161363470521055
GGCGTG,0.139178800481816
GGCGTT,0.152998150612251
GGCTAA,0.141598324205686
GGCTAC,0.15905099833112
GGCTAG,0.156570118707347
GGCTAT,0.15018497032325
GGCTCA,0.14739676696062
GGCTCC,0.216730244597069
GGCTCG,0.155417157968602
GGCTCT,0.16819913371326
GGCTGA,0.134049758105572
GGCTGC,0.158231957269885
GGCTGG,0.138221528762824
GGCTGT,0.152970876191712
GGCTTA,0.148082213230479
GGCTTC,0.156271129210581
GGCTTG,0.155438924253479
GGCTTT,0.148498735007619
GGGAAA,0.140162783466905
GGGAAC,0.157271034457555
GGGAAG,0.139521646028399
GGGAAT,0.14764906582758
GGGACA,0.169943679551667
GGGACC,0.201802743547864
GGGACG,0.160632938957204
GGGACT,0.143075881717983
GGGAGA,0.154998064617293
GGGAGC,0.146666935857364
GGGAGG,0.150360000658534
GGGAGT,0.150294367872861
GGGATA,0.150567809399115
GGGATC,0.160129373245321
GGGATG,0.149780095297571
GGGATT,0.130128434593382
GGGCAA,0.138271351628281
GGGCAC,0.159121480447214
GGGCAG,0.125928297529459
GGGCAT,0.152163216264544
GGGCCA,0.150354531424254
GGGCCC,0.23868428954671
GGGCCG,0.155547748571862
GGGCCT,0.184796034496586
GGGCGA,0.145233160777619
GGGCGC,0.139798048778676
GGGCGG,0.131545004049149
GGGCGT,0.149451697868631
GGGCTA,0.152927235571491
GGGCTC,0.177535827747539
GGGCTG,0.163260358746135
GGGCTT,0.156494020770989
GGGGAA,0.142585442386135
GGGGAC,0.163929625316877
GGGGAG,0.158682241671727
GGGGAT,0.148367220556608
GGGGCA,0.148553527591213
GGGGCC,0.178642314121755
GGGGCG,0.13802774957415
GGGGCT,0.160205195051564
GGGGGA,0.154350029222765
GGGGGC,0.162552824099894
GGGGGG,0.171588813809361
GGGGGT,0.17072639361389
GGGGTA,0.155672881899177
GGGGTC,0.175420523769822
GGGGTG,0.167054132053509
GGGGTT,0.151944817776175
GGGTAA,0.149944253579066
GGGTAC,0.154371818747215
GGGTAG,0.147138917573393
GGGTAT,0.152015802516892
GGGTCA,0.154900069409458
GGGTCC,0.195794918502864
GGGTCG,0.155204911858791
GGGTCT,0.170104561225162
GGGTGA,0.142750785890374
GGGTGC,0.15611344420152
GGGTGG,0.163972788428035
GGGTGT,0.159311215302579
GGGTTA,0.152321525347837
GGGTTC,0.163254959613982
GGGTTG,0.15494362402073
GGGTTT,0.142149906995562
GGTAAA,0.144325689512557
GGTAAC,0.151262014909799
GGTAAG,0.147127943784107
GGTAAT,0.14933125845176
GGTACA,0.150217790844773
GGTACC,0.158291645172212
GGTACG,0.152114080763155
GGTACT,0.150961433886949
GGTAGA,0.147643581746406
GGTAGC,0.147276079779651
GGTAGG,0.145194678719238
GGTAGT,0.154916402610991
GGTATA,0.148975329955398
GGTATC,0.152583499117554
GGTATG,0.14833433924117
GGTATT,0.153897789419518
GGTCAA,0.150726371231349
GGTCAC,0.152348817484553
GGTCAG,0.146496748275992
GGTCAT,0.152387025224634
GGTCCA,0.156945088242326
GGTCCC,0.22273607093841
GGTCCG,0.167236990227971
GGTCCT,0.182351801593875
GGTCGA,0.151655366289888
GGTCGC,0.154344581767467
GGTCGG,0.152899959216691
GGTCGT,0.156537506015137
GGTCTA,0.149851233861518
GGTCTC,0.179651978010439
GGTCTG,0.15972308707519
GGTCTT,0.158052872184051
GGTGAA,0.136237669973856
GGTGAC,0.147775191394555
GGTGAG,0.12588346062548
GGTGAT,0.149249132349967
GGTGCA,0.153407177678201
GGTGCC,0.171481721315157
GGTGCG,0.15325449381032
GGTGCT,0.144925262838265
GGTGGA,0.139023928472098
GGTGGC,0.132942873878073
GGTGGG,0.162542018163526
GGTGGT,0.143610131692903
GGTGTA,0.151786449040694
GGTGTC,0.158904596522555
GGTGTG,0.140847683027172
GGTGTT,0.150890374260018
GGTTAA,0.149659695428582
GGTTAC,0.154072171160291
GGTTAG,0.15352167528232
GGTTAT,0.150332654188003
GGTTCA,0.138454014233622
GGTTCC,0.172568177929787
GGTTCG,0.154322791649522
GGTTCT,0.160205195051564
GGTTGA,0.152130459531875
GGTTGC,0.146035449204116
GGTTGG,0.156586424654614
GGTTGT,0.150819309583257
GGTTTA,0.149172475235933
GGTTTC,0.149791040021424
GGTTTG,0.15359799973588
GGTTTT,0.143560574118562
GTAAAA,0.137739779709555
GTAAAC,0.147731323436377
GTAAAG,0.143852377820156
GTAAAT,0.144270664778016
GTAACA,0.146771230060646
GTAACC,0.162741909086913
GTAACG,0.151912053888587
GTAACT,0.153401725084325
GTAAGA,0.144078054360316
GTAAGC,0.152665351848024
GTAAGG,0.148301456844515
GTAAGT,0.148679539141192
GTAATA,0.148345299799781
GTAATC,0.139388945566625
GTAATG,0.151699062449372
GTAATT,0.143681710520301
GTACAA,0.148602838349675
GTACAC,0.155057945850547
GTACAG,0.147007224153307
GTACAT,0.150567809399115
GTACCA,0.149391479973402
GTACCC,0.191179927474695
GTACCG,0.15522124008207
GTACCT,0.152736285462051
GTACGA,0.15339081980738
GTACGC,0.153309026439338
GTACGG,0.152692634602721
GTACGT,0.15095050196531
GTACTA,0.15103795399241
GTACTC,0.155662001361857
GTACTG,0.148843878172695
GTACTT,0.150655294898396
GTAGAA,0.143758789681911
GTAGAC,0.152818125688008
GTAGAG,0.139952800954491
GTAGAT,0.14708953457324
GTAGCA,0.150146678353312
GTAGCC,0.150617020934222
GTAGCG,0.151584355958179
GTAGCT,0.143852377820156
GTAGGA,0.142938142151949
GTAGGC,0.15318905072983
GTAGGG,0.148137028640506
GTAGGT,0.144881269678467
GTAGTA,0.149971610672901
GTAGTC,0.154044926017714
GTAGTG,0.153657964862947
GTAGTT,0.152457978583422
GTATAA,0.149024619919363
GTATAC,0.153728828104773
GTATAG,0.150250610289145
GTATAT,0.144045031706226
GTATCA,0.150452973064974
GTATCC,0.165864738193736
GTATCG,0.153396272460718
GTATCT,0.146304566189441
GTATGA,0.149260082886574
GTATGC,0.15206494284735
GTATGG,0.151316656299277
GTATGT,0.143208093854733
GTATTA,0.151431393499707
GTATTC,0.153799686325355
GTATTG,0.151338512019104
GTATTT,0.127697749129636
GTCAAA,0.150578745505097
GTCAAC,0.155101493586264
GTCAAG,0.147868404416572
GTCAAT,0.153347197510312
GTCACA,0.155721842852145
GTCACC,0.20162609856186
GTCACG,0.155041614960723
GTCACT,0.165649312010338
GTCAGA,0.149353157606515
GTCAGC,0.159462977271625
GTCAGG,0.150020851555888
GTCAGT,0.149314833770968
GTCATA,0.15107074653096
GTCATC,0.169219391548017
GTCATG,0.155324645972002
GTCATT,0.151535192005266
GTCCAA,0.155444365750672
GTCCAC,0.181763659636048
GTCCAG,0.169471610605424
GTCCAT,0.165757030903092
GTCCCA,0.233961687966937
GTCCCC,0.419928411588592
GTCCCG,0.189703458374941
GTCCCT,0.271020895489447
GTCCGA,0.158080008349578
GTCCGC,0.165045871686846
GTCCGG,0.158991355737137
GTCCGT,0.164037529601746
GTCCTA,0.163983578914729
GTCCTC,0.248172222887868
GTCCTG,0.210646937192423
GTCCTT,0.180241362882762
GTCGAA,0.152239644468238
GTCGAC,0.15498717673508
GTCGAG,0.151453246712041
GTCGAT,0.15359799973588
GTCGCA,0.154290105582312
GTCGCC,0.156820114019143
GTCGCG,0.152468894037949
GTCGCT,0.156972254485109
GTCGGA,0.152114080763155
GTCGGC,0.152124999972109
GTCGGG,0.156330934261939
GTCGGT,0.152174134936993
GTCGTA,0.15309087807815
GTCGTC,0.160654592010687
GTCGTG,0.152736285462051
GTCGTT,0.153385367124311
GTCTAA,0.151267479183104
GTCTAC,0.151469636307898
GTCTAG,0.154328239223522
GTCTAT,0.150693567397729
GTCTCA,0.164436674247545
GTCTCC,0.235524974078793
GTCTCG,0.150261549864581
GTCTCT,0.176896912864056
GTCTGA,0.14950096435861
GTCTGC,0.156727731727797
GTCTGG,0.157629452628674
GTCTGT,0.158356755184553
GTCTTA,0.151267479183104
GTCTTC,0.175233821207468
GTCTTG,0.164398924143299
GTCTTT,0.152703547496186
GTGAAA,0.136104532981546
GTGAAC,0.150458441760882
GTGAAG,0.139770411941326
GTGAAT,0.141636944905672
GTGACA,0.144325689512557
GTGACC,0.177083305209903
GTGACG,0.151595280952809
GTGACT,0.148186359940617
GTGAGA,0.148339819535492
GTGAGC,0.127921507263998
GTGAGG,0.134533287676601
GTGAGT,0.137684391381055
GTGATA,0.153478058693219
GTGATC,0.142050644543918
GTGATG,0.146688893435687
GTGATT,0.147923231547548
GTGCAA,0.147665517890653
GTGCAC,0.156385299386922
GTGCAG,0.147243162565897
GTGCAT,0.144237648483926
GTGCCA,0.152430689425823
GTGCCC,0.227278927294894
GTGCCG,0.161152482880767
GTGCCT,0.15794432015763
GTGCGA,0.151518803483815
GTGCGC,0.153314479538684
GTGCGG,0.152588956174697
GTGCGT,0.153941387705637
GTGCTA,0.145909104006313
GTGCTC,0.158996777938131
GTGCTG,0.138238136660457
GTGCTT,0.148997236905988
GTGGAA,0.141383124425417
GTGGAC,0.155574952801132
GTGGAG,0.142144392673398
GTGGAT,0.145387074204164
GTGGCA,0.142579930465137
GTGGCC,0.156988553876544
GTGGCG,0.138531497381107
GTGGCT,0.140350625189317
GTGGGA,0.159977712383817
GTGGGC,0.159690577049502
GTGGGG,0.155166811634287
GTGGGT,0.156836415890544
GTGGTA,0.149884065338094
GTGGTC,0.149062954878419
GTGGTG,0.138769443802967
GTGGTT,0.144793277552251
GTGTAA,0.148871265385759
GTGTAC,0.149725369881428
GTGTAG,0.152092241987554
GTGTAT,0.143252160682813
GTGTCA,0.15825908857623
GTGTCC,0.184859441530415
GTGTCG,0.154175695932857
GTGTCT,0.155030727552674
GTGTGA,0.141857606010882
GTGTGC,0.143890911566726
GTGTGG,0.135777162507075
GTGTGT,0.131177111994376
GTGTTA,0.151819217043777
GTGTTC,0.158362180827561
GTGTTG,0.142122335080658
GTGTTT,0.142557882477326
GTTAAA,0.148898651848784
GTTAAC,0.147994502324121
GTTAAG,0.149648749267096
GTTAAT,0.146979785841038
GTTACA,0.148323378562424
GTTACC,0.159029310526705
GTTACG,0.153516223312719
GTTACT,0.152245103402134
GTTAGA,0.149041049367478
GTTAGC,0.148876742738366
GTTAGG,0.154388160578981
GTTAGT,0.146364970253702
GTTATA,0.15010291430644
GTTATC,0.151791910449107
GTTATG,0.149440749430121
GTTATT,0.147270593652604
GTTCAA,0.135577358371674
GTTCAC,0.165175210985779
GTTCAG,0.146288091720476
GTTCAT,0.146935882975395
GTTCCA,0.159349157954116
GTTCCC,0.229772518196045
GTTCCG,0.159744759838496
GTTCCT,0.167973462483303
GTTCGA,0.15095050196531
GTTCGC,0.153156327583466
GTTCGG,0.154132107861201
GTTCGT,0.15388688955098
GTTCTA,0.153341744589378
GTTCTC,0.174433272315
GTTCTG,0.150086502295064
GTTCTT,0.153058151719057
GTTGAA,0.148137028640506
GTTGAC,0.153587096599166
GTTGAG,0.152659895207761
GTTGAT,0.150994228934842
GTTGCA,0.146672425297145
GTTGCC,0.165175210985779
GTTGCG,0.15251801210893
GTTGCT,0.164625403395673
GTTGGA,0.15445897209749
GTTGGC,0.149358632320272
GTTGGG,0.152097701726167
GTTGGT,0.147797124652016
GTTGTA,0.149621383339165
GTTGTC,0.154889180460226
GTTGTG,0.15054593682835
GTTGTT,0.147330939394817
GTTTAA,0.144914264729757
GTTTAC,0.149971610672901
GTTTAG,0.148449419115349
GTTTAT,0.141818993832208
GTTTCA,0.145694830007452
GTTTCC,0.166462302888228
GTTTCG,0.149845761843957
GTTTCT,0.156314624148092
GTTTGA,0.148471337589946
GTTTGC,0.151229228642928
GTTTGG,0.151524266354141
GTTTGT,0.148608317172745
GTTTTA,0.142827936837515
GTTTTC,0.155150482522256
GTTTTG,0.147879370083251
GTTTTT,0.134272099588307
TAAAAA,0.117254271691999
TAAAAC,0.146891978182207
TAAAAG,0.138315636535974
TAAAAT,0.130859278082724
TAAACA,0.142590954276753
TAAACC,0.15633637090744
TAAACG,0.150852109292378
TAAACT,0.145167190627998
TAAAGA,0.144936260825815
TAAAGC,0.147100508784026
TAAAGG,0.14419912809637
TAAAGT,0.143070372499592
TAAATA,0.140648889539026
TAAATC,0.149161523739928
TAAATG,0.144309182410103
TAAATT,0.141140279319244
TAACAA,0.149577596296715
TAACAC,0.151409539809799
TAACAG,0.146798674095852
TAACAT,0.145782742843384
TAACCA,0.157721751658366
TAACCC,0.182939597844054
TAACCG,0.154763949021161
TAACCT,0.173247282569567
TAACGA,0.152343359116798
TAACGC,0.155052502250239
TAACGG,0.153875989563634
TAACGT,0.153821487844685
TAACTA,0.154491652645674
TAACTC,0.168311950233297
TAACTG,0.15313451155765
TAACTT,0.150977831545335
TAAGAA,0.142067188970112
TAAGAC,0.153298120151436
TAAGAG,0.144969254062749
TAAGAT,0.146321040387001
TAAGCA,0.150682632547386
TAAGCC,0.167118674050878
TAAGCG,0.153766983155137
TAAGCT,0.146639488206441
TAAGGA,0.151486025635139
TAAGGC,0.149791040021424
TAAGGG,0.14784647272247
TAAGGT,0.151147258272582
TAAGTA,0.150759173988913
TAAGTC,0.14917795093896
TAAGTG,0.141719698526245
TAAGTT,0.146491257871756
TAATAA,0.141289304897942
TAATAC,0.149938782070489
TAATAG,0.149785567674471
TAATAT,0.145332107842655
TAATCA,0.149911424078532
TAATCC,0.142414558706314
TAATCG,0.152528926908188
TAATCT,0.156901620718764
TAATGA,0.142662606090247
TAATGC,0.155177697560843
TAATGG,0.14976915045393
TAATGT,0.147928714095318
TAATTA,0.147813574279417
TAATTC,0.146820628781744
TAATTG,0.14836174041245
TAATTT,0.12639336182056
TACAAA,0.134999922072196
TACAAC,0.158698513215455
TACAAG,0.149604963422929
TACAAT,0.147029174261076
TACACA,0.153668867227006
TACACC,0.165223708910349
TACACG,0.153232679926019
TACACT,0.15420293751287
TACAGA,0.146612039802124
TACAGC,0.150655294898396
TACAGG,0.122565561942256
TACAGT,0.151076211849505
TACATA,0.145700324786129
TACATC,0.1573850905381
TACATG,0.146848071461302
TACATT,0.14738579600057
TACCAA,0.15471494114518
TACCAC,0.162406934105688
TACCAG,0.151190976639592
TACCAT,0.155096050223008
TACCCA,0.195998722903006
TACCCC,0.24664350036794
TACCCG,0.163649019673256
TACCCT,0.212740484493223
TACCGA,0.151819217043777
TACCGC,0.153821487844685
TACCGG,0.156570118707347
TACCGT,0.156287440033845
TACCTA,0.157488272926592
TACCTC,0.18522923578602
TACCTG,0.160264765295098
TACCTT,0.168306578306654
TACGAA,0.153439892617124
TACGAC,0.152927235571491
TACGAG,0.15278539040136
TACGAT,0.15388688955098
TACGCA,0.152643525108322
TACGCC,0.154006781571003
TACGCG,0.153330838658306
TACGCT,0.1542301783508
TACGGA,0.151628055220584
TACGGC,0.151513340583645
TACGGG,0.153488963018846
TACGGT,0.155389949446248
TACGTA,0.151420466714451
TACGTC,0.153739729696287
TACGTG,0.149812929109776
TACGTT,0.15124015751799
TACTAA,0.141173398033827
TACTAC,0.156412480841115
TACTAG,0.152163216264544
TACTAT,0.15009744366591
TACTCA,0.162758114708022
TACTCC,0.17815837697386
TACTCG,0.159717668810971
TACTCT,0.160687070711834
TACTGA,0.149807456882606
TACTGC,0.15454611785272
TACTGG,0.14941885219349
TACTGT,0.143934948316128
TACTTA,0.151207370534477
TACTTC,0.159332896994026
TACTTG,0.151322120274015
TACTTT,0.147380310475408
TAGAAA,0.138459548943261
TAGAAC,0.156651645784977
TAGAAG,0.149145096271038
TAGAAT,0.144738278541311
TAGACA,0.152485266996343
TAGACC,0.156276566181229
TAGACG,0.154867402206049
TAGACT,0.148564485747674
TAGAGA,0.13464996669093
TAGAGC,0.157504563909479
TAGAGG,0.150130267060182
TAGAGT,0.14944622366436
TAGATA,0.150190440484975
TAGATC,0.153925038571093
TAGATG,0.145749776435606
TAGATT,0.14933125845176
TAGCAA,0.147676485782332
TAGCAC,0.151059815804259
TAGCAG,0.150983297371713
TAGCAT,0.153456249685245
TAGCCA,0.152015802516892
TAGCCC,0.183701629843545
TAGCCG,0.149719897175093
TAGCCT,0.16379472858529
TAGCGA,0.153069060624424
TAGCGC,0.152779934416067
TAGCGG,0.151349439699893
TAGCGT,0.154409949272591
TAGCTA,0.154851068204157
TAGCTC,0.165498486064178
TAGCTG,0.133654980181698
TAGCTT,0.159847699050226
TAGGAA,0.142320835902161
TAGGAC,0.15070996944905
TAGGAG,0.144501748319563
TAGGAT,0.155738162637109
TAGGCA,0.151737295022716
TAGGCC,0.161082143773781
TAGGCG,0.151928435966565
TAGGCT,0.148816490209551
TAGGGA,0.1493038838339
TAGGGC,0.152261480025022
TAGGGG,0.152048563005504
TAGGGT,0.155618478028676
TAGGTA,0.149867649734544
TAGGTC,0.153472606485815
TAGGTG,0.144287172516291
TAGGTT,0.151486025635139
TAGTAA,0.149375056281708
TAGTAC,0.152588956174697
TAGTAG,0.141642462026769
TAGTAT,0.145409059902832
TAGTCA,0.152163216264544
TAGTCC,0.17118715780636
TAGTCG,0.152910869847891
TAGTCT,0.152114080763155
TAGTGA,0.1494243265476
TAGTGC,0.153041788137872
TAGTGG,0.150502190251539
TAGTGT,0.145304623528872
TAGTTA,0.147758741135753
TAGTTC,0.156184133659718
TAGTTG,0.151404076312698
TAGTTT,0.145266144220479
TATAAA,0.139062648723211
TATAAC,0.148915083366598
TATAAG,0.149561175661478
TATAAT,0.14925460763326
TATACA,0.148246650447194
TATACC,0.153527127222197
TATACG,0.152376108876429
TATACT,0.1494243265476
TATAGA,0.150425629136827
TATAGC,0.151234693095389
TATAGG,0.149955196506409
TATAGT,0.152463436325579
TATATA,0.130245628665055
TATATC,0.149484542464969
TATATG,0.143896416266454
TATATT,0.145595918827975
TATCAA,0.148969853142763
TATCAC,0.150600617358271
TATCAG,0.153139965608723
TATCAT,0.155694642618666
TATCCA,0.171283569961177
TATCCC,0.187908796158125
TATCCG,0.15454611785272
TATCCT,0.177232394076304
TATCGA,0.152419773554265
TATCGC,0.153516223312719
TATCGG,0.153270853911277
TATCGT,0.152070402735011
TATCTA,0.150595149439825
TATCTC,0.158904596522555
TATCTG,0.14831241776354
TATCTT,0.151475099446824
TATGAA,0.147073073031245
TATGAC,0.153401725084325
TATGAG,0.149484542464969
TATGAT,0.152316066831109
TATGCA,0.150890374260018
TATGCC,0.153865089457476
TATGCG,0.152474351720533
TATGCT,0.155487896662294
TATGGA,0.149325783588138
TATGGC,0.147116969874396
TATGGG,0.155808878627798
TATGGT,0.152916325118851
TATGTA,0.141647979117428
TATGTC,0.15108167713818
TATGTG,0.137523747877437
TATGTT,0.141537631520563
TATTAA,0.145920091178971
TATTAC,0.153630708432769
TATTAG,0.149457172042936
TATTAT,0.145409059902832
TATTCA,0.152021262672859
TATTCC,0.159565945492424
TATTCG,0.153848739075464
TATTCT,0.152010342331111
TATTGA,0.145975025231562
TATTGC,0.15352167528232
TATTGG,0.14976915045393
TATTGT,0.148049322542135
TATTTA,0.138553634320581
TATTTC,0.148564485747674
TATTTG,0.142298782201033
TATTTT,0.124913370454357
TCAAAA,0.133994165009696
TCAAAC,0.152179594228511
TCAAAG,0.148926037561812
TCAAAT,0.15084117617554
TCAACA,0.151699062449372
TCAACC,0.170983590504639
TCAACG,0.152245103402134
TCAACT,0.160784500486558
TCAAGA,0.144375209185076
TCAAGC,0.144666775304577
TCAAGG,0.143208093854733
TCAAGT,0.142640559925212
TCAATA,0.151922975303725
TCAATC,0.159072685665184
TCAATG,0.155721842852145
TCAATT,0.150195910616778
TCACAA,0.154932735545754
TCACAC,0.163999764426457
TCACAG,0.161758276498742
TCACAT,0.152108621113967
TCACCA,0.169289160630588
TCACCC,0.33009724942303
TCACCG,0.169149617597383
TCACCT,0.23631824855282
TCACGA,0.153319932608293
TCACGC,0.157368797608743
TCACGG,0.149539281061719
TCACGT,0.162596046677719
TCACTA,0.153881439572158
TCACTC,0.202763353668935
TCACTG,0.166284685816035
TCACTT,0.169841774436274
TCAGAA,0.145475014098757
TCAGAC,0.169825683205564
TCAGAG,0.151475099446824
TCAGAT,0.148936991637032
TCAGCA,0.157591444669578
TCAGCC,0.202119587244568
TCAGCG,0.155455248656229
TCAGCT,0.163740764797046
TCAGGA,0.148487776130624
TCAGGC,0.169627203400935
TCAGGG,0.163146970848847
TCAGGT,0.152348817484553
TCAGTA,0.144501748319563
TCAGTC,0.18068184721738
TCAGTG,0.156814680002954
TCAGTT,0.149260082886574
TCATAA,0.149654222362816
TCATAC,0.166187790477994
TCATAG,0.148958899427505
TCATAT,0.151682676613317
TCATCA,0.165326085694413
TCATCC,0.237236255311644
TCATCG,0.152190512722136
TCATCT,0.178977210393338
TCATGA,0.151808294495387
TCATGC,0.156847283657173
TCATGG,0.149013666803993
TCATGT,0.154034027752837
TCATTA,0.152676265039225
TCATTC,0.169664756655839
TCATTG,0.150217790844773
TCATTT,0.155471572792498
TCCAAA,0.157466551203231
TCCAAC,0.184648069114023
TCCAAG,0.163503289527041
TCCAAT,0.16122281704051
TCCACA,0.184801318569634
TCCACC,0.284579285916198
TCCACG,0.159636391324574
TCCACT,0.219908590365119
TCCAGA,0.163595048021223
TCCAGC,0.220887650532842
TCCAGG,0.176646559907082
TCCAGT,0.184362645462461
TCCATA,0.168408639978544
TCCATC,0.288602640100298
TCCATG,0.177370813838111
TCCATT,0.1818590575094
TCCCAA,0.188940725773176
TCCCAC,0.349895983558843
TCCCAG,0.288969329555514
TCCCAT,0.278949073853088
TCCCCA,0.450336937274507
TCCCCC,0.599166535599432
TCCCCG,0.318427521517125
TCCCCT,0.776190027359216
TCCCGA,0.176705158770493
TCCCGC,0.256582940173808
TCCCGG,0.189945307213904
TCCCGT,0.21765617555539
TCCCTA,0.213125795514142
TCCCTC,0.666218943755625
TCCCTG,0.398255248545987
TCCCTT,0.486009247591067
TCCGAA,0.158356755184553
TCCGAC,0.165379964002814
TCCGAG,0.15490551383961
TCCGAT,0.156917921261518
TCCGCA,0.164787142892195
TCCGCC,0.204541938976731
TCCGCG,0.163497891706348
TCCGCT,0.176609267933336
TCCGGA,0.156907054262539
TCCGGC,0.166618364578976
TCCGGG,0.168902686058061
TCCGGT,0.162596046677719
TCCGTA,0.154883735941147
TCCGTC,0.191689092584661
TCCGTG,0.160470526109613
TCCGTT,0.167462827700971
TCCTAA,0.162352895372782
TCCTAC,0.190638983666003
TCCTAG,0.168403268571288
TCCTAT,0.168258229668234
TCCTCA,0.238939607480786
TCCTCC,0.63310446196899
TCCTCG,0.195465608242879
TCCTCT,0.369143349123494
TCCTGA,0.169568188293806
TCCTGC,0.274089533921497
TCCTGG,0.21647943066814
TCCTGT,0.240380180706719
TCCTTA,0.158947977070741
TCCTTC,0.424325352126946
TCCTTG,0.204044461208606
TCCTTT,0.259024230692777
TCGAAA,0.153096332367207
TCGAAC,0.15091223929843
TCGAAG,0.15289450385645
TCGAAT,0.153952286980172
TCGACA,0.157976887002846
TCGACC,0.163152370564075
TCGACG,0.154709495677366
TCGACT,0.158183119063394
TCGAGA,0.150502190251539
TCGAGC,0.15312905747683
TCGAGG,0.152032182895354
TCGAGT,0.150403753455959
TCGATA,0.155194026228485
TCGATC,0.15583607575425
TCGATG,0.153494415137071
TCGATT,0.155183140479682
TCGCAA,0.152769022356177
TCGCAC,0.155667441645315
TCGCAG,0.160248519216968
TCGCAT,0.154181144308228
TCGCCA,0.155569512014483
TCGCCC,0.20793992603039
TCGCCG,0.168591250660426
TCGCCT,0.17030294631591
TCGCGA,0.156439661556498
TCGCGC,0.159105215784417
TCGCGG,0.156059064294685
TCGCGT,0.15454611785272
TCGCTA,0.154747613329363
TCGCTC,0.168231368303451
TCGCTG,0.164285665279389
TCGCTT,0.156744035105259
TCGGAA,0.150267019607421
TCGGAC,0.157238444616459
TCGGAG,0.149583069781875
TCGGAT,0.155988365994536
TCGGCA,0.154295553334374
TCGGCC,0.168677173561685
TCGGCG,0.148591880613482
TCGGCT,0.153745180447477
TCGGGA,0.151349439699893
TCGGGC,0.166403100702742
TCGGGG,0.159446718162255
TCGGGT,0.156271129210581
TCGGTA,0.153287213744586
TCGGTC,0.160530080549878
TCGGTG,0.151606205828085
TCGGTT,0.155286550309209
TCGTAA,0.152485266996343
TCGTAC,0.152763566281579
TCGTAG,0.153946837357754
TCGTAT,0.155759921936104
TCGTCA,0.157955175890547
TCGTCC,0.192465463863425
TCGTCG,0.155525984655583
TCGTCT,0.160270180595822
TCGTGA,0.154791174581162
TCGTGC,0.152135919061834
TCGTGG,0.155662001361857
TCGTGT,0.147978055672674
TCGTTA,0.152507097190539
TCGTTC,0.160973920101137
TCGTTG,0.152638068348957
TCGTTT,0.158177692448771
TCTAAA,0.148197322121275
TCTAAC,0.161244457325236
TCTAAG,0.154072171160291
TCTAAT,0.152627154740898
TCTACA,0.147769708005022
TCTACC,0.192727615302977
TCTACG,0.15091223929843
TCTACT,0.153139965608723
TCTAGA,0.151251086273613
TCTAGC,0.164161605136982
TCTAGG,0.151382222025794
TCTAGT,0.155928540451743
TCTATA,0.149867649734544
TCTATC,0.168059438480832
TCTATG,0.147561316919574
TCTATT,0.155629359039561
TCTCAA,0.150551405015892
TCTCAC,0.204562661847285
TCTCAG,0.181085012170507
TCTCAT,0.168569768781508
TCTCCA,0.234379138508791
TCTCCC,0.534656516633007
TCTCCG,0.180251979244772
TCTCCT,0.373694462509511
TCTCGA,0.149079383696728
TCTCGC,0.16689275883293
TCTCGG,0.152861771070008
TCTCGT,0.158557484373018
TCTCTA,0.153139965608723
TCTCTC,0.339371274900296
TCTCTG,0.207676568307778
TCTCTT,0.228012982070971
TCTGAA,0.148372700670735
TCTGAC,0.156836415890544
TCTGAG,0.153875989563634
TCTGAT,0.163368335268006
TCTGCA,0.167806862950077
TCTGCC,0.240914865385057
TCTGCG,0.159164851588081
TCTGCT,0.17050665220758
TCTGGA,0.147868404416572
TCTGGC,0.183008416250008
TCTGGG,0.162077252402322
TCTGGT,0.165993971631242
TCTGTA,0.148323378562424
TCTGTC,0.230600652795667
TCTGTG,0.156928788142406
TCTGTT,0.152632611559816
TCTTAA,0.147906783723884
TCTTAC,0.159289533141026
TCTTAG,0.149714424438806
TCTTAT,0.153019969613091
TCTTCA,0.167973462483303
TCTTCC,0.306839844462944
TCTTCG,0.161763683717712
TCTTCT,0.211470476242065
TCTTGA,0.148076731524213
TCTTGC,0.176124345679236
TCTTGG,0.159359998447279
TCTTGT,0.172370241763047
TCTTTA,0.152899959216691
TCTTTC,0.22745109885078
TCTTTG,0.152561670591182
TCTTTT,0.184510653080747
TGAAAA,0.136980692589856
TGAAAC,0.143824852806343
TGAAAG,0.146721828899193
TGAAAT,0.137977914569959
TGAACA,0.145156195179931
TGAACC,0.155754482155743
TGAACG,0.149856705849136
TGAACT,0.149292933776929
TGAAGA,0.146979785841038
TGAAGC,0.144573263356812
TGAAGG,0.140996752213331
TGAAGT,0.141521078330751
TGAATA,0.143984487341324
TGAATC,0.153298120151436
TGAATG,0.146738296224176
TGAATT,0.145436541346443
TGACAA,0.150442035583438
TGACAC,0.162044818821833
TGACAG,0.14251378504331
TGACAT,0.151032488464769
TGACCA,0.162034007394569
TGACCC,0.247040795880265
TGACCG,0.157814042169734
TGACCT,0.165832427224616
TGACGA,0.152397941453672
TGACGC,0.15193935720279
TGACGG,0.153118149225948
TGACGT,0.152299691102151
TGACTA,0.148915083366598
TGACTC,0.169729130383445
TGACTG,0.152430689425823
TGACTT,0.152954511182312
TGAGAA,0.147978055672674
TGAGAC,0.157303623236589
TGAGAG,0.152326983834769
TGAGAT,0.140488721595673
TGAGCA,0.141592806841069
TGAGCC,0.139560347012932
TGAGCG,0.154355476648389
TGAGCT,0.14326317708642
TGAGGA,0.146573610770298
TGAGGC,0.13329342707107
TGAGGG,0.145617899935578
TGAGGT,0.146743785272243
TGAGTA,0.139305998834846
TGAGTC,0.164388138137477
TGAGTG,0.134827737109935
TGAGTT,0.144732778473844
TGATAA,0.149676114446154
TGATAC,0.157450259601063
TGATAG,0.151704524335058
TGATAT,0.145442037544539
TGATCA,0.154409949272591
TGATCC,0.162158331751619
TGATCG,0.15439905498513
TGATCT,0.153712475494665
TGATGA,0.150420160261473
TGATGC,0.152588956174697
TGATGG,0.151524266354141
TGATGT,0.148679539141192
TGATTA,0.150174029910029
TGATTC,0.152654438537724
TGATTG,0.147468075267273
TGATTT,0.138985206721669
TGCAAA,0.145216668648215
TGCAAC,0.146826117377904
TGCAAG,0.146244158476308
TGCAAT,0.152594413202061
TGCACA,0.152436147316919
TGCACC,0.199076861179175
TGCACG,0.149993495809126
TGCACT,0.154981732749518
TGCAGA,0.148734321819228
TGCAGC,0.169423318263289
TGCAGG,0.137396322608426
TGCAGT,0.145007744796746
TGCATA,0.148054804398651
TGCATC,0.186722868716619
TGCATG,0.149982553300883
TGCATT,0.154763949021161
TGCCAA,0.160784500486558
TGCCAC,0.191258681294644
TGCCAG,0.162331279061941
TGCCAT,0.166171640342157
TGCCCA,0.236343341906176
TGCCCC,0.397977763609729
TGCCCG,0.183114281473815
TGCCCT,0.298564833694127
TGCCGA,0.151879288927491
TGCCGC,0.16994904269114
TGCCGG,0.157265602891129
TGCCGT,0.166198557090316
TGCCTA,0.158796136918186
TGCCTC,0.217400479216892
TGCCTG,0.181980941549669
TGCCTT,0.18325188951176
TGCGAA,0.151409539809799
TGCGAC,0.155237568038742
TGCGAG,0.150491253308305
TGCGAT,0.150168559658534
TGCGCA,0.148032876792281
TGCGCC,0.165713944738384
TGCGCG,0.150551405015892
TGCGCT,0.159186536453139
TGCGGA,0.154529778602082
TGCGGC,0.154807509561378
TGCGGG,0.152992695787654
TGCGGT,0.150146678353312
TGCGTA,0.152119540382535
TGCGTC,0.16234208727577
TGCGTG,0.155509661407524
TGCGTT,0.15533553018053
TGCTAA,0.153810587144433
TGCTAC,0.154704050179899
TGCTAG,0.153161781515555
TGCTAT,0.151404076312698
TGCTCA,0.158215678132739
TGCTCC,0.243693615662236
TGCTCG,0.15270900389826
TGCTCT,0.179104760429947
TGCTGA,0.156716862661821
TGCTGC,0.18011395774671
TGCTGG,0.125978736643559
TGCTGT,0.178557243238415
TGCTTA,0.145700324786129
TGCTTC,0.179296054985652
TGCTTG,0.150234200701598
TGCTTT,0.155928540451743
TGGAAA,0.142530321808948
TGGAAC,0.153919588800179
TGGAAG,0.136747864300825
TGGAAT,0.154431737491465
TGGACA,0.144639272698249
TGGACC,0.17288372484615
TGGACG,0.153161781515555
TGGACT,0.164026739697194
TGGAGA,0.147577770426349
TGGAGC,0.150556873173534
TGGAGG,0.134005283876121
TGGAGT,0.150480316245452
TGGATA,0.150195910616778
TGGATC,0.163433115585286
TGGATG,0.135682815529038
TGGATT,0.151513340583645
TGGCAA,0.145749776435606
TGGCAC,0.157922608338248
TGGCAG,0.14263504830801
TGGCAT,0.149708951672569
TGGCCA,0.153816037509412
TGGCCC,0.227689051906971
TGGCCG,0.146046434988692
TGGCCT,0.175036412017344
TGGCGA,0.14854256931467
TGGCGC,0.148252131222097
TGGCGG,0.140455580197346
TGGCGT,0.156749469505347
TGGCTA,0.150108384917043
TGGCTC,0.174043439890481
TGGCTG,0.153527127222197
TGGCTT,0.145942065162139
TGGGAA,0.149933310531974
TGGGAC,0.181047885351691
TGGGAG,0.141316899790336
TGGGAT,0.137285504826661
TGGGCA,0.142398020026202
TGGGCC,0.185271489280773
TGGGCG,0.144589766100666
TGGGCT,0.16791972373092
TGGGGA,0.141482453155572
TGGGGC,0.162957962444653
TGGGGG,0.171631647595984
TGGGGT,0.161850195245112
TGGGTA,0.145953051972654
TGGGTC,0.168596621058052
TGGGTG,0.148093176552866
TGGGTT,0.152758110177213
TGGTAA,0.145414556251973
TGGTAC,0.155814318112263
TGGTAG,0.145134203921093
TGGTAT,0.149024619919363
TGGTCA,0.151830139472866
TGGTCC,0.179141959459603
TGGTCG,0.153625257057583
TGGTCT,0.156983120775585
TGGTGA,0.13322110075982
TGGTGC,0.158606304300046
TGGTGG,0.137418484691185
TGGTGT,0.151343975874426
TGGTTA,0.151660828414242
TGGTTC,0.152889048466447
TGGTTG,0.150026322615441
TGGTTT,0.142293268699756
TGTAAA,0.139803576054491
TGTAAC,0.154311896412494
TGTAAG,0.149271033303268
TGTAAT,0.132135577890076
TGTACA,0.146249650237384
TGTACC,0.177008752440565
TGTACG,0.152463436325579
TGTACT,0.151518803483815
TGTAGA,0.145793731404474
TGTAGC,0.152736285462051
TGTAGG,0.145018741877203
TGTAGT,0.154295553334374
TGTATA,0.143780811208318
TGTATC,0.154981732749518
TGTATG,0.14445223491298
TGTATT,0.133693908874848
TGTCAA,0.150141207952194
TGTCAC,0.192266182797047
TGTCAG,0.152124999972109
TGTCAT,0.160021046405626
TGTCCA,0.179997155444191
TGTCCC,0.36074989362655
TGTCCG,0.154704050179899
TGTCCT,0.219245140390923
TGTCGA,0.152414315573801
TGTCGC,0.154339134282494
TGTCGG,0.153058151719057
TGTCGT,0.15339081980738
TGTCTA,0.151715448016936
TGTCTC,0.190250163709171
TGTCTG,0.149358632320272
TGTCTT,0.164706276413892
TGTGAA,0.142717719376532
TGTGAC,0.158703937004528
TGTGAG,0.145398067113919
TGTGAT,0.14414959970339
TGTGCA,0.143577093582895
TGTGCC,0.188598622219974
TGTGCG,0.154044926017714
TGTGCT,0.157450259601063
TGTGGA,0.14847681713353
TGTGGC,0.153478058693219
TGTGGG,0.148416540502641
TGTGGT,0.14146589905235
TGTGTA,0.142668117555564
TGTGTC,0.163924229796984
TGTGTG,0.123521077424344
TGTGTT,0.151464173139125
TGTTAA,0.1476161608894
TGTTAC,0.152070402735011
TGTTAG,0.147769708005022
TGTTAT,0.147248648843436
TGTTCA,0.151731833316017
TGTTCC,0.192895356165446
TGTTCG,0.152976331135331
TGTTCT,0.154415396371816
TGTTGA,0.146386934463386
TGTTGC,0.168371039521844
TGTTGG,0.141432790023769
TGTTGT,0.150381877296535
TGTTTA,0.140720680635191
TGTTTC,0.151917514611065
TGTTTG,0.146875513387781
TGTTTT,0.134672189721635
TTAAAA,0.124256764064387
TTAAAC,0.151486025635139
TTAAAG,0.14515069741056
TTAAAT,0.14417161262534
TTAACA,0.14549150196808
TTAACC,0.156586424654614
TTAACG,0.154807509561378
TTAACT,0.148586401700358
TTAAGA,0.146738296224176
TTAAGC,0.150846642748901
TTAAGG,0.147797124652016
TTAAGT,0.142458660516078
TTAATA,0.145249652635038
TTAATC,0.148027394815559
TTAATG,0.14455125927469
TTAATT,0.142761807818683
TTACAA,0.145749776435606
TTACAC,0.153554386475737
TTACAG,0.126981386458901
TTACAT,0.146491257871756
TTACCA,0.153772433757778
TTACCC,0.187603224936293
TTACCG,0.153445345002893
TTACCT,0.162401530363804
TTACGA,0.152370650657639
TTACGC,0.154812954495488
TTACGG,0.153619805652679
TTACGT,0.151180047227022
TTACTA,0.147928714095318
TTACTC,0.161320194634111
TTACTG,0.145073725465524
TTACTT,0.152135919061834
TTAGAA,0.145645375640641
TTAGAC,0.153799686325355
TTAGAG,0.146271616980099
TTAGAT,0.147928714095318
TTAGCA,0.151518803483815
TTAGCC,0.152223267487751
TTAGCG,0.154115761844494
TTAGCT,0.145744281928649
TTAGGA,0.144012007961605
TTAGGC,0.154115761844494
TTAGGG,0.14781905742842
TTAGGT,0.151147258272582
TTAGTA,0.141184437361615
TTAGTC,0.152436147316919
TTAGTG,0.145442037544539
TTAGTT,0.146474786478176
TTATAA,0.143588106407511
TTATAC,0.151458709940507
TTATAG,0.146661446387449
TTATAT,0.142877530731986
TTATCA,0.150365469862902
TTATCC,0.177631629781502
TTATCG,0.152365192409057
TTATCT,0.150535000363561
TTATGA,0.154050375105614
TTATGC,0.155275665567558
TTATGG,0.146732807145979
TTATGT,0.1409305019851
TTATTA,0.14263504830801
TTATTC,0.150064619194227
TTATTG,0.145540963945012
TTATTT,0.13206873797862
TTCAAA,0.14344493022661
TTCAAC,0.154311896412494
TTCAAG,0.134311004265683
TTCAAT,0.150830242939167
TTCACA,0.15711893944478
TTCACC,0.212031124073149
TTCACG,0.156890753542645
TTCACT,0.168655693528493
TTCAGA,0.150731838432334
TTCAGC,0.163649019673256
TTCAGG,0.152157756883613
TTCAGT,0.149632329800205
TTCATA,0.152638068348957
TTCATC,0.169809591715923
TTCATG,0.144897767340196
TTCATT,0.157439398385496
TTCCAA,0.162390722792433
TTCCAC,0.197648531173577
TTCCAG,0.182669572200122
TTCCAT,0.177077980196414
TTCCCA,0.256676378836464
TTCCCC,0.505944688043612
TTCCCG,0.207485461440982
TTCCCT,0.497067356559706
TTCCGA,0.156178696186492
TTCCGC,0.179917509687889
TTCCGG,0.16178531230122
TTCCGT,0.16345470809186
TTCCTA,0.159354578215387
TTCCTC,0.336564945284991
TTCCTG,0.208419988103171
TTCCTT,0.311524558111397
TTCGAA,0.153538031012781
TTCGAC,0.155634799500605
TTCGAG,0.15095050196531
TTCGAT,0.154758503820212
TTCGCA,0.153897789419518
TTCGCC,0.172129455774188
TTCGCG,0.155389949446248
TTCGCT,0.156858151305695
TTCGGA,0.152861771070008
TTCGGC,0.156830981962938
TTCGGG,0.158817829780159
TTCGGT,0.154028578575858
TTCGTA,0.154404502143696
TTCGTC,0.164431281462758
TTCGTG,0.152943601027259
TTCGTT,0.153259947207045
TTCTAA,0.150824776276154
TTCTAC,0.155890467788202
TTCTAG,0.155471572792498
TTCTAT,0.153074515032481
TTCTCA,0.171385328263568
TTCTCC,0.323049184747545
TTCTCG,0.157602304233872
TTCTCT,0.246275861435738
TTCTGA,0.151262014909799
TTCTGC,0.174182301740445
TTCTGG,0.154137556474061
TTCTGT,0.169165719710411
TTCTTA,0.149325783588138
TTCTTC,0.216510145957895
TTCTTG,0.152665351848024
TTCTTT,0.200685198214358
TTGAAA,0.139223045222337
TTGAAC,0.140477674584936
TTGAAG,0.142816915638056
TTGAAT,0.147248648843436
TTGACA,0.154557010538163
TTGACC,0.167624108961334
TTGACG,0.152758110177213
TTGACT,0.153510771313394
TTGAGA,0.14064336693353
TTGAGC,0.148515173097933
TTGAGG,0.146568120788053
TTGAGT,0.147281565876601
TTGATA,0.150955967941068
TTGATC,0.161363470521055
TTGATG,0.151425930122003
TTGATT,0.144270664778016
TTGCAA,0.148520652401325
TTGCAC,0.15269809106434
TTGCAG,0.141322418677438
TTGCAT,0.150163089377115
TTGCCA,0.162190761650746
TTGCCC,0.216750716426519
TTGCCG,0.15519946905845
TTGCCT,0.182383583198902
TTGCGA,0.151682676613317
TTGCGC,0.154622364159277
TTGCGG,0.148975329955398
TTGCGT,0.154878291392425
TTGCTA,0.155672881899177
TTGCTC,0.177413400679659
TTGCTG,0.157233012873015
TTGCTT,0.160719548358149
TTGGAA,0.14549150196808
TTGGAC,0.157059181502957
TTGGAG,0.155629359039561
TTGGAT,0.150310776473127
TTGGCA,0.153739729696287
TTGGCC,0.167925097736113
TTGGCG,0.155781680761642
TTGGCT,0.154796619604215
TTGGGA,0.141167878324233
TTGGGC,0.154627810101582
TTGGGG,0.151382222025794
TTGGGT,0.153227226380592
TTGGTA,0.147204757780322
TTGGTC,0.158920864448657
TTGGTG,0.146606550030849
TTGGTT,0.144034023912526
TTGTAA,0.146452824198028
TTGTAC,0.156080816612281
TTGTAG,0.144424726405518
TTGTAT,0.13553295203071
TTGTCA,0.15653207046303
TTGTCC,0.193518895742235
TTGTCG,0.154780284446109
TTGTCT,0.155982927456722
TTGTGA,0.145211171211304
TTGTGC,0.15054593682835
TTGTGG,0.146474786478176
TTGTGT,0.151278407640141
TTGTTA,0.150360000658534
TTGTTC,0.159918125037507
TTGTTG,0.147363853719377
TTGTTT,0.143439423041018
TTTAAA,0.12580499120579
TTTAAC,0.149353157606515
TTTAAG,0.143896416266454
TTTAAT,0.138038823682264
TTTACA,0.145073725465524
TTTACC,0.162347491338878
TTTACG,0.151786449040694
TTTACT,0.145321114207788
TTTAGA,0.147127943784107
TTTAGC,0.151699062449372
TTTAGG,0.144336694096148
TTTAGT,0.137634539262242
TTTATA,0.136110080710134
TTTATC,0.162244809145626
TTTATG,0.14194034137372
TTTATT,0.130401866065645
TTTCAA,0.143323765137025
TTTCAC,0.160329746968393
TTTCAG,0.14678769657215
TTTCAT,0.150945035959676
TTTCCA,0.168789936166859
TTTCCC,0.309142949352367
TTTCCG,0.164593052356972
TTTCCT,0.2430706898341
TTTCGA,0.154066722191159
TTTCGC,0.155281107953193
TTTCGG,0.153679769472205
TTTCGT,0.15494362402073
TTTCTA,0.145436541346443
TTTCTC,0.238624205263927
TTTCTG,0.160243103798939
TTTCTT,0.196557665352175
TTTGAA,0.1412009961248
TTTGAC,0.156390735736867
TTTGAG,0.14751743957795
TTTGAT,0.149583069781875
TTTGCA,0.142375968027224
TTTGCC,0.165837812458636
TTTGCG,0.152648981837911
TTTGCT,0.156640775891981
TTTGGA,0.145975025231562
TTTGGC,0.154709495677366
TTTGGG,0.141007793491331
TTTGGT,0.145931078230912
TTTGTA,0.133877409447508
TTTGTC,0.163028169736529
TTTGTG,0.142199534526741
TTTGTT,0.138852435050327
TTTTAA,0.127098949905196
TTTTAC,0.150890374260018
TTTTAG,0.135027691063937
TTTTAT,0.132274813358284
TTTTCA,0.142971201378102
TTTTCC,0.212113394552687
TTTTCG,0.155411716323355
TTTTCT,0.18380742170945
TTTTGA,0.149577596296715
TTTTGC,0.151365830997179
TTTTGG,0.151819217043777
TTTTGT,0.127529897665808
TTTTTA,0.124234308359161
TTTTTC,0.159549688057154
TTTTTG,0.133627173044454
TTTTTT,0.0717544145428066
