MOTIF,Score
AAAAAAA,0.250300316411705
AAAAAAC,0.514396044954904
AAAAAAG,0.508069006890478
AAAAAAT,0.498118191500824
AAAAACA,0.530164863603354
AAAAACC,0.528425001836785
AAAAACG,0.54373088470832
AAAAACT,0.532892830733711
AAAAAGA,0.529668069054375
AAAAAGC,0.539557367784301
AAAAAGG,0.529419579197413
AAAAAGT,0.535613376300595
AAAAATA,0.512628505715754
AAAAATC,0.529171027577895
AAAAATG,0.52817620285971
AAAAATT,0.499655545993589
AAAACAA,0.512375744880512
AAAACAC,0.533882976599
AAAACAG,0.55735703239966
AAAACAT,0.561216356183953
AAAACCA,0.531653768135685
AAAACCC,0.524686501908612
AAAACCG,0.54568888182992
AAAACCT,0.536354060536236
AAAACGA,0.568412686931105
AAAACGC,0.540786681919229
AAAACGG,0.548130999301753
AAAACGT,0.548374883352512
AAAACTA,0.563380698272967
AAAACTC,0.540540939959579
AAAACTG,0.5279273419663
AAAACTT,0.529419579197413
AAAAGAA,0.536600833417566
AAAAGAC,0.57816466364396
AAAAGAG,0.556389869707581
AAAAGAT,0.532645141005759
AAAAGCA,0.529419579197413
AAAAGCC,0.534624943148194
AAAAGCG,0.54568888182992
AAAAGCT,0.57934744928964
AAAAGGA,0.528425001836785
AAAAGGC,0.524186977589027
AAAAGGG,0.528673738928325
AAAAGGT,0.532645141005759
AAAAGTA,0.543485865287306
AAAAGTC,0.561457070095372
AAAAGTG,0.532149577423238
AAAAGTT,0.560011916711166
AAAATAA,0.530661411470054
AAAATAC,0.515908595954072
AAAATAG,0.530909592974082
AAAATAT,0.535366359591164
AAAATCA,0.533140459126653
AAAATCC,0.566019659536863
AAAATCG,0.550810458065586
AAAATCT,0.562178864365651
AAAATGA,0.535613376300595
AAAATGC,0.585710429251747
AAAATGG,0.523687203620185
AAAATGT,0.557840263195344
AAAATTA,0.498887164179532
AAAATTC,0.541523545671142
AAAATTG,0.53610722674302
AAAATTT,0.53881905326644
AAACAAA,0.510604627904712
AAACAAC,0.548618707938343
AAACAAG,0.547398990069681
AAACAAT,0.538080193237468
AAACACA,0.558806024814404
AAACACC,0.535613376300595
AAACACG,0.54568888182992
AAACACT,0.562659771271024
AAACAGA,0.55735703239966
AAACAGC,0.540786681919229
AAACAGG,0.544220743520313
AAACAGT,0.536847545417064
AAACATA,0.536600833417566
AAACATC,0.569845759424107
AAACATG,0.54617778267235
AAACATT,0.531653768135685
AAACCAA,0.556873567979075
AAACCAC,0.566259220136895
AAACCAG,0.541769046311556
AAACCAT,0.533388026214955
AAACCCA,0.517921778369032
AAACCCC,0.509591150893288
AAACCCG,0.539803351538071
AAACCCT,0.558806024814404
AAACCGA,0.544220743520313
AAACCGC,0.547887055757054
AAACCGG,0.548130999301753
AAACCGT,0.546422143488757
AAACCTA,0.544710362488134
AAACCTC,0.534872143045142
AAACCTG,0.558081791054386
AAACCTT,0.562659771271024
AAACGAA,0.542750446611098
AAACGAC,0.571753333693476
AAACGAG,0.545199741846535
AAACGAT,0.543485865287306
AAACGCA,0.545199741846535
AAACGCC,0.54691068605787
AAACGCG,0.540786681919229
AAACGCT,0.541523545671142
AAACGGA,0.548374883352512
AAACGGC,0.545444341745468
AAACGGG,0.659284506492715
AAACGGT,0.54568888182992
AAACGTA,0.549593412211889
AAACGTC,0.542995646268147
AAACGTG,0.544955082103854
AAACGTT,0.550080408311853
AAACTAA,0.557598676986502
AAACTAC,0.54568888182992
AAACTAG,0.54691068605787
AAACTAT,0.54568888182992
AAACTCA,0.540786681919229
AAACTCC,0.505272377703999
AAACTCG,0.550323817453749
AAACTCT,0.526183579462832
AAACTGA,0.522937074028329
AAACTGC,0.535366359591164
AAACTGG,0.532645141005759
AAACTGT,0.541277984745362
AAACTTA,0.534872143045142
AAACTTC,0.540049274798713
AAACTTG,0.539803351538071
AAACTTT,0.558806024814404
AAAGAAA,0.476343314694777
AAAGAAC,0.564820994940588
AAAGAAG,0.530909592974082
AAAGAAT,0.565300633208485
AAAGACA,0.533882976599
AAAGACC,0.534377682128348
AAAGACG,0.541032363504604
AAAGACT,0.580528837606014
AAAGAGA,0.56458108950922
AAAGAGC,0.578874502895948
AAAGAGG,0.596458675546845
AAAGAGT,0.538326540575898
AAAGATA,0.538326540575898
AAAGATC,0.537587316424791
AAAGATG,0.583122989536624
AAAGATT,0.546666444607543
AAAGCAA,0.539557367784301
AAAGCAC,0.533882976599
AAAGCAG,0.527429434307149
AAAGCAT,0.527180387479689
AAAGCCA,0.599011882754521
AAAGCCC,0.527678419125729
AAAGCCG,0.566738169237826
AAAGCCT,0.525185776828227
AAAGCGA,0.548862473088238
AAAGCGC,0.549836939907521
AAAGCGG,0.536600833417566
AAAGCGT,0.54691068605787
AAAGCTA,0.542505186816431
AAAGCTC,0.561457070095372
AAAGCTG,0.597155651534544
AAAGCTT,0.53586033200784
AAAGGAA,0.55928855608816
AAAGGAC,0.563861027693991
AAAGGAG,0.529668069054375
AAAGGAT,0.562178864365651
AAAGGCA,0.547887055757054
AAAGGCC,0.534377682128348
AAAGGCG,0.616248501500814
AAAGGCT,0.519930916022036
AAAGGGA,0.548862473088237
AAAGGGC,0.54691068605787
AAAGGGG,0.547887055757054
AAAGGGT,0.533635532028962
AAAGGTA,0.531901703507817
AAAGGTC,0.538326540575898
AAAGGTG,0.563140447016109
AAAGGTT,0.55735703239966
AAAGTAA,0.545933362129139
AAAGTAC,0.569368296745289
AAAGTAG,0.547154867868876
AAAGTAT,0.537833785197073
AAAGTCA,0.549349825196072
AAAGTCC,0.538572827242263
AAAGTCG,0.543240785817062
AAAGTCT,0.572943722403313
AAAGTGA,0.52892241416511
AAAGTGC,0.481570978898959
AAAGTGG,0.570800001413672
AAAGTGT,0.535613376300595
AAAGTTA,0.537587316424791
AAAGTTC,0.540540939959579
AAAGTTG,0.543975844109523
AAAGTTT,0.551539975235466
AAATAAA,0.550080408311853
AAATAAC,0.540295137595975
AAATAAG,0.535366359591164
AAATAAT,0.560011916711166
AAATACA,0.503743640652428
AAATACC,0.540786681919229
AAATACG,0.548618707938343
AAATACT,0.539311323507636
AAATAGA,0.539803351538071
AAATAGC,0.540786681919229
AAATAGG,0.540049274798713
AAATAGT,0.542995646268147
AAATATA,0.541523545671142
AAATATC,0.537587316424791
AAATATG,0.542750446611098
AAATATT,0.538326540575898
AAATCAA,0.527429434307149
AAATCAC,0.547398990069681
AAATCAG,0.542014486696199
AAATCAT,0.539311323507636
AAATCCA,0.58218044001227
AAATCCC,0.53586033200784
AAATCCG,0.548862473088238
AAATCCT,0.532645141005759
AAATCGA,0.550810458065586
AAATCGC,0.550080408311853
AAATCGG,0.573657276050295
AAATCGT,0.548862473088238
AAATCTA,0.545199741846535
AAATCTC,0.537587316424791
AAATCTG,0.557598676986502
AAATCTT,0.555905937358841
AAATGAA,0.555421770706192
AAATGAC,0.543975844109523
AAATGAG,0.522937074028329
AAATGAT,0.558323260591808
AAATGCA,0.587353502870996
AAATGCC,0.571991524824455
AAATGCG,0.574370320901502
AAATGCT,0.533635532028962
AAATGGA,0.521936025133474
AAATGGC,0.537833785197073
AAATGGG,0.53586033200784
AAATGGT,0.52892241416511
AAATGTA,0.542014486696199
AAATGTC,0.589696077631495
AAATGTG,0.55663174808883
AAATGTT,0.538080193237468
AAATTAA,0.535366359591164
AAATTAC,0.534872143045142
AAATTAG,0.515656662943211
AAATTAT,0.532149577423238
AAATTCA,0.536847545417064
AAATTCC,0.539065218678287
AAATTCG,0.573181630196659
AAATTCT,0.55663174808883
AAATTGA,0.535119281849402
AAATTGC,0.538572827242263
AAATTGG,0.532397389912406
AAATTGT,0.542014486696199
AAATTTA,0.546666444607543
AAATTTC,0.540786681919229
AAATTTG,0.53881905326644
AAATTTT,0.549836939907521
AACAAAA,0.530164863603354
AACAAAC,0.537833785197073
AACAAAG,0.534624943148194
AACAAAT,0.536847545417064
AACAACA,0.537587316424791
AACAACC,0.545199741846535
AACAACG,0.569368296745289
AACAACT,0.565300633208485
AACAAGA,0.535613376300595
AACAAGC,0.536354060536236
AACAAGG,0.563380698272967
AACAAGT,0.54568888182992
AACAATA,0.541032363504604
AACAATC,0.546666444607543
AACAATG,0.555421770706192
AACAATT,0.547154867868876
AACACAA,0.544220743520313
AACACAC,0.539065218678287
AACACAG,0.561216356183953
AACACAT,0.592733243765148
AACACCA,0.536354060536236
AACACCC,0.537587316424791
AACACCG,0.542505186816431
AACACCT,0.53610722674302
AACACGA,0.548374883352512
AACACGC,0.545933362129139
AACACGG,0.544220743520313
AACACGT,0.572467736948908
AACACTA,0.543485865287306
AACACTC,0.537833785197073
AACACTG,0.561457070095372
AACACTT,0.531405771276359
AACAGAA,0.520683303165441
AACAGAC,0.54691068605787
AACAGAG,0.555179599444978
AACAGAT,0.56912947988968
AACAGCA,0.584064651497879
AACAGCC,0.591566194331503
AACAGCG,0.547398990069681
AACAGCT,0.536847545417064
AACAGGA,0.555179599444978
AACAGGC,0.591332620915189
AACAGGG,0.549106178831164
AACAGGT,0.543485865287306
AACAGTA,0.532892830733711
AACAGTC,0.571038419701138
AACAGTG,0.536847545417064
AACAGTT,0.544220743520313
AACATAA,0.534872143045142
AACATAC,0.542014486696199
AACATAG,0.564101105913567
AACATAT,0.567934539359412
AACATCA,0.570800001413671
AACATCC,0.567695379811815
AACATCG,0.548618707938343
AACATCT,0.536354060536236
AACATGA,0.53610722674302
AACATGC,0.539803351538071
AACATGG,0.545199741846535
AACATGT,0.560252920687636
AACATTA,0.543240785817062
AACATTC,0.568412686931105
AACATTG,0.539311323507636
AACATTT,0.55928855608816
AACCAAA,0.591098992929589
AACCAAC,0.571991524824455
AACCAAG,0.539803351538071
AACCAAT,0.54568888182992
AACCACA,0.56649872336139
AACCACC,0.586884328679486
AACCACG,0.568651675009859
AACCACT,0.546666444607543
AACCAGA,0.629827029071794
AACCAGC,0.538572827242263
AACCAGG,0.558323260591808
AACCAGT,0.546422143488757
AACCATA,0.545444341745468
AACCATC,0.535119281849402
AACCATG,0.536354060536236
AACCATT,0.545199741846535
AACCCAA,0.584770316510321
AACCCAC,0.561697726077547
AACCCAG,0.518173141439992
AACCCAT,0.54373088470832
AACCCCA,0.51338640511917
AACCCCC,0.52118458028585
AACCCCG,0.532892830733711
AACCCCT,0.533635532028962
AACCCGA,0.54617778267235
AACCCGC,0.54568888182992
AACCCGG,0.527678419125729
AACCCGT,0.54568888182992
AACCCTA,0.544710362488134
AACCCTC,0.590865310349197
AACCCTG,0.55735703239966
AACCCTT,0.560011916711166
AACCGAA,0.544955082103854
AACCGAC,0.547643052689382
AACCGAG,0.547643052689382
AACCGAT,0.549349825196072
AACCGCA,0.541277984745362
AACCGCC,0.54691068605787
AACCGCG,0.549836939907521
AACCGCT,0.542505186816431
AACCGGA,0.539065218678287
AACCGGC,0.540786681919229
AACCGGG,0.572943722403313
AACCGGT,0.544465582970065
AACCGTA,0.550080408311853
AACCGTC,0.547643052689382
AACCGTG,0.547398990069681
AACCGTT,0.54568888182992
AACCTAA,0.548130999301753
AACCTAC,0.546422143488757
AACCTAG,0.548374883352512
AACCTAT,0.54373088470832
AACCTCA,0.533635532028962
AACCTCC,0.537833785197073
AACCTCG,0.546422143488757
AACCTCT,0.561457070095372
AACCTGA,0.585945319406368
AACCTGC,0.526682107674533
AACCTGG,0.573419481403349
AACCTGT,0.564820994940588
AACCTTA,0.547154867868876
AACCTTC,0.588993881227237
AACCTTG,0.544710362488134
AACCTTT,0.535366359591164
AACGAAA,0.54568888182992
AACGAAC,0.547154867868876
AACGAAG,0.545933362129139
AACGAAT,0.550080408311853
AACGACA,0.547398990069681
AACGACC,0.568651675009859
AACGACG,0.54691068605787
AACGACT,0.548862473088238
AACGAGA,0.547643052689382
AACGAGC,0.545199741846535
AACGAGG,0.529419579197413
AACGAGT,0.547643052689382
AACGATA,0.550323817453749
AACGATC,0.547154867868876
AACGATG,0.549836939907521
AACGATT,0.545933362129139
AACGCAA,0.547887055757054
AACGCAC,0.548618707938343
AACGCAG,0.538326540575898
AACGCAT,0.548618707938343
AACGCCA,0.548618707938343
AACGCCC,0.549593412211889
AACGCCG,0.571276781158874
AACGCCT,0.544710362488134
AACGCGA,0.546666444607543
AACGCGC,0.544955082103854
AACGCGG,0.57389501416439
AACGCGT,0.549593412211889
AACGCTA,0.549106178831164
AACGCTC,0.548862473088238
AACGCTG,0.545933362129139
AACGCTT,0.54568888182992
AACGGAA,0.546666444607543
AACGGAC,0.547154867868876
AACGGAG,0.564341126509425
AACGGAT,0.574845401829444
AACGGCA,0.548374883352512
AACGGCC,0.543975844109523
AACGGCG,0.549106178831164
AACGGCT,0.592033177558194
AACGGGA,0.539803351538071
AACGGGC,0.545444341745468
AACGGGG,0.659066228273292
AACGGGT,0.546666444607543
AACGGTA,0.547643052689382
AACGGTC,0.542014486696199
AACGGTG,0.567934539359412
AACGGTT,0.545199741846535
AACGTAA,0.57389501416439
AACGTAC,0.550810458065586
AACGTAG,0.549836939907521
AACGTAT,0.549593412211889
AACGTCA,0.540295137595975
AACGTCC,0.549349825196072
AACGTCG,0.550810458065586
AACGTCT,0.541032363504604
AACGTGA,0.54568888182992
AACGTGC,0.542505186816431
AACGTGG,0.530413168356677
AACGTGT,0.565060842831145
AACGTTA,0.549593412211889
AACGTTC,0.550080408311853
AACGTTG,0.550080408311853
AACGTTT,0.54617778267235
AACTAAA,0.535613376300595
AACTAAC,0.543485865287306
AACTAAG,0.544710362488134
AACTAAT,0.570561526269369
AACTACA,0.543975844109523
AACTACC,0.546422143488757
AACTACG,0.548618707938343
AACTACT,0.545933362129139
AACTAGA,0.547398990069681
AACTAGC,0.544710362488134
AACTAGG,0.54617778267235
AACTAGT,0.54617778267235
AACTATA,0.548862473088238
AACTATC,0.547154867868876
AACTATG,0.545444341745468
AACTATT,0.539803351538071
AACTCAA,0.546422143488757
AACTCAC,0.543240785817062
AACTCAG,0.544710362488134
AACTCAT,0.541032363504604
AACTCCA,0.563140447016109
AACTCCC,0.537094196564764
AACTCCG,0.539557367784301
AACTCCT,0.496064702096589
AACTCGA,0.550810458065586
AACTCGC,0.547154867868876
AACTCGG,0.565780041533798
AACTCGT,0.544955082103854
AACTCTA,0.541032363504604
AACTCTC,0.544220743520313
AACTCTG,0.568890605986957
AACTCTT,0.558323260591808
AACTGAA,0.588525476208152
AACTGAC,0.566738169237826
AACTGAG,0.536354060536236
AACTGAT,0.540049274798713
AACTGCA,0.533635532028962
AACTGCC,0.535366359591164
AACTGCG,0.542505186816431
AACTGCT,0.553482756511656
AACTGGA,0.58218044001227
AACTGGC,0.530909592974082
AACTGGG,0.529171027577895
AACTGGT,0.559047319555836
AACTGTA,0.54568888182992
AACTGTC,0.542995646268147
AACTGTG,0.555905937358841
AACTGTT,0.563380698272967
AACTTAA,0.537833785197073
AACTTAC,0.542259866854641
AACTTAG,0.542505186816431
AACTTAT,0.542995646268147
AACTTCA,0.531653768135685
AACTTCC,0.536847545417064
AACTTCG,0.548374883352512
AACTTCT,0.548130999301753
AACTTGA,0.562419346727269
AACTTGC,0.562419346727269
AACTTGG,0.54373088470832
AACTTGT,0.558323260591808
AACTTTA,0.539065218678287
AACTTTC,0.554695080910746
AACTTTG,0.531901703507817
AACTTTT,0.565060842831145
AAGAAAA,0.514143730546069
AAGAAAC,0.532645141005759
AAGAAAG,0.533140459126653
AAGAAAT,0.550567167362053
AAGAACA,0.551783029407716
AAGAACC,0.53881905326644
AAGAACG,0.572467736948908
AAGAACT,0.540786681919229
AAGAAGA,0.669274145810357
AAGAAGC,0.547887055757054
AAGAAGG,0.576980477359578
AAGAAGT,0.584064651497879
AAGAATA,0.559770854637779
AAGAATC,0.567216889056327
AAGAATG,0.565780041533798
AAGAATT,0.565540366100184
AAGACAA,0.536847545417064
AAGACAC,0.540540939959579
AAGACAG,0.535119281849402
AAGACAT,0.541277984745362
AAGACCA,0.554695080910746
AAGACCC,0.531653768135685
AAGACCG,0.542505186816431
AAGACCT,0.594597694510238
AAGACGA,0.543240785817062
AAGACGC,0.543975844109523
AAGACGG,0.542995646268147
AAGACGT,0.544955082103854
AAGACTA,0.569368296745289
AAGACTC,0.52892241416511
AAGACTG,0.524436770939387
AAGACTT,0.565540366100184
AAGAGAA,0.503743640652428
AAGAGAC,0.581472944398448
AAGAGAG,0.578401332718122
AAGAGAT,0.625095488643541
AAGAGCA,0.586414934260225
AAGAGCC,0.544710362488134
AAGAGCG,0.563620891823023
AAGAGCT,0.558564671835767
AAGAGGA,0.545199741846535
AAGAGGC,0.602944970676565
AAGAGGG,0.520683303165441
AAGAGGT,0.53610722674302
AAGAGTA,0.557840263195344
AAGAGTC,0.533388026214955
AAGAGTG,0.534377682128348
AAGAGTT,0.545444341745468
AAGATAA,0.543975844109523
AAGATAC,0.547154867868876
AAGATAG,0.544220743520313
AAGATAT,0.547887055757054
AAGATCA,0.533388026214955
AAGATCC,0.541769046311556
AAGATCG,0.569368296745289
AAGATCT,0.592033177558194
AAGATGA,0.602944970676565
AAGATGC,0.560493866595183
AAGATGG,0.572943722403313
AAGATGT,0.536847545417064
AAGATTA,0.564341126509425
AAGATTC,0.52643287463498
AAGATTG,0.587588007445904
AAGATTT,0.561216356183953
AAGCAAA,0.544955082103854
AAGCAAC,0.54568888182992
AAGCAAG,0.533882976599
AAGCAAT,0.518424441343436
AAGCACA,0.535366359591164
AAGCACC,0.5542103275045
AAGCACG,0.545199741846535
AAGCACT,0.559047319555836
AAGCAGA,0.574370320901502
AAGCAGC,0.625547077313562
AAGCAGG,0.613053471450636
AAGCAGT,0.535119281849402
AAGCATA,0.548130999301753
AAGCATC,0.559047319555836
AAGCATG,0.536600833417566
AAGCATT,0.531901703507817
AAGCCAA,0.574132695772508
AAGCCAC,0.539065218678287
AAGCCAG,0.645217750458061
AAGCCAT,0.564341126509425
AAGCCCA,0.554452733580856
AAGCCCC,0.567695379811815
AAGCCCG,0.562900138024713
AAGCCCT,0.581708831890764
AAGCCGA,0.595295968311516
AAGCCGC,0.615336676951346
AAGCCGG,0.585240483357526
AAGCCGT,0.539803351538071
AAGCCTA,0.567216889056327
AAGCCTC,0.531901703507817
AAGCCTG,0.539065218678287
AAGCCTT,0.534377682128348
AAGCGAA,0.545199741846535
AAGCGAC,0.544710362488134
AAGCGAG,0.593665903659702
AAGCGAT,0.514396044954904
AAGCGCA,0.56912947988968
AAGCGCC,0.615108590844724
AAGCGCG,0.545444341745468
AAGCGCT,0.546666444607543
AAGCGGA,0.590631573148494
AAGCGGC,0.588525476208152
AAGCGGG,0.532892830733711
AAGCGGT,0.543240785817062
AAGCGTA,0.547643052689382
AAGCGTC,0.548130999301753
AAGCGTG,0.548130999301753
AAGCGTT,0.571753333693476
AAGCTAA,0.586649659011245
AAGCTAC,0.545444341745468
AAGCTAG,0.540786681919229
AAGCTAT,0.546422143488757
AAGCTCA,0.531157712899333
AAGCTCC,0.529668069054375
AAGCTCG,0.56912947988968
AAGCTCT,0.581472944398448
AAGCTGA,0.560011916711166
AAGCTGC,0.667976794796191
AAGCTGG,0.55735703239966
AAGCTGT,0.555421770706192
AAGCTTA,0.548374883352512
AAGCTTC,0.562900138024713
AAGCTTG,0.532149577423238
AAGCTTT,0.539803351538071
AAGGAAA,0.520933973135489
AAGGAAC,0.560975584315396
AAGGAAG,0.511110981494617
AAGGAAT,0.563140447016109
AAGGACA,0.577691157392573
AAGGACC,0.604559991958769
AAGGACG,0.568890605986957
AAGGACT,0.603868159338994
AAGGAGA,0.54373088470832
AAGGAGC,0.65293501350338
AAGGAGG,0.587118943290794
AAGGAGT,0.577454320162266
AAGGATA,0.541769046311556
AAGGATC,0.590397781301938
AAGGATG,0.627801966734511
AAGGATT,0.536847545417064
AAGGCAA,0.557598676986502
AAGGCAC,0.566259220136895
AAGGCAG,0.557115329406598
AAGGCAT,0.557840263195344
AAGGCCA,0.547643052689382
AAGGCCC,0.580528837606014
AAGGCCG,0.654471345026511
AAGGCCT,0.574132695772508
AAGGCGA,0.568412686931105
AAGGCGC,0.590631573148494
AAGGCGG,0.628927507609448
AAGGCGT,0.547154867868876
AAGGCTA,0.544220743520313
AAGGCTC,0.576269291901257
AAGGCTG,0.547887055757054
AAGGCTT,0.534377682128348
AAGGGAA,0.543240785817062
AAGGGAC,0.557598676986502
AAGGGAG,0.569607056581024
AAGGGAT,0.591098992929589
AAGGGCA,0.541523545671142
AAGGGCC,0.647428766607837
AAGGGCG,0.54691068605787
AAGGGCT,0.605251346277056
AAGGGGA,0.570800001413672
AAGGGGC,0.552754655773811
AAGGGGG,0.538572827242263
AAGGGGT,0.599243669575915
AAGGGTA,0.548130999301753
AAGGGTC,0.556873567979075
AAGGGTG,0.596226242225679
AAGGGTT,0.560493866595183
AAGGTAA,0.52892241416511
AAGGTAC,0.534872143045142
AAGGTAG,0.541523545671142
AAGGTAT,0.541277984745362
AAGGTCA,0.548374883352512
AAGGTCC,0.565060842831145
AAGGTCG,0.545444341745468
AAGGTCT,0.536354060536236
AAGGTGA,0.59854814787405
AAGGTGC,0.606632622651376
AAGGTGG,0.519429009916496
AAGGTGT,0.567456163053246
AAGGTTA,0.537833785197073
AAGGTTC,0.536847545417064
AAGGTTG,0.541032363504604
AAGGTTT,0.560252920687636
AAGTAAA,0.561938324158355
AAGTAAC,0.539803351538071
AAGTAAG,0.546666444607543
AAGTAAT,0.573657276050295
AAGTACA,0.536847545417064
AAGTACC,0.562900138024713
AAGTACG,0.594364828181918
AAGTACT,0.537587316424791
AAGTAGA,0.537094196564764
AAGTAGC,0.545933362129139
AAGTAGG,0.55735703239966
AAGTAGT,0.54617778267235
AAGTATA,0.539065218678287
AAGTATC,0.568173641723396
AAGTATG,0.539557367784301
AAGTATT,0.542014486696199
AAGTCAA,0.566738169237826
AAGTCAC,0.533140459126653
AAGTCAG,0.525684802596787
AAGTCAT,0.570561526269369
AAGTCCA,0.54373088470832
AAGTCCC,0.525435320840846
AAGTCCG,0.545199741846535
AAGTCCT,0.528673738928325
AAGTCGA,0.572705757996379
AAGTCGC,0.549593412211889
AAGTCGG,0.541523545671142
AAGTCGT,0.54691068605787
AAGTCTA,0.548374883352512
AAGTCTC,0.539065218678287
AAGTCTG,0.540049274798713
AAGTCTT,0.560734754461784
AAGTGAA,0.531157712899333
AAGTGAC,0.559529734439456
AAGTGAG,0.532149577423238
AAGTGAT,0.552026024518989
AAGTGCA,0.537833785197073
AAGTGCC,0.580056449747667
AAGTGCG,0.544955082103854
AAGTGCT,0.508576645704089
AAGTGGA,0.563861027693991
AAGTGGC,0.530413168356677
AAGTGGG,0.552268960597983
AAGTGGT,0.530909592974082
AAGTGTA,0.539557367784301
AAGTGTC,0.589462066945777
AAGTGTG,0.55928855608816
AAGTGTT,0.58618015440056
AAGTTAA,0.534377682128348
AAGTTAC,0.568412686931105
AAGTTAG,0.544955082103854
AAGTTAT,0.569845759424107
AAGTTCA,0.544465582970065
AAGTTCC,0.536847545417064
AAGTTCG,0.572467736948908
AAGTTCT,0.5542103275045
AAGTTGA,0.560975584315396
AAGTTGC,0.541032363504604
AAGTTGG,0.565300633208485
AAGTTGT,0.540295137595975
AAGTTTA,0.564341126509425
AAGTTTC,0.55105368959315
AAGTTTG,0.540049274798713
AAGTTTT,0.56649872336139
AATAAAA,0.522436674843258
AATAAAC,0.528425001836785
AATAAAG,0.522186381319632
AATAAAT,0.574607889578209
AATAACA,0.543240785817062
AATAACC,0.56912947988968
AATAACG,0.549836939907521
AATAACT,0.540786681919229
AATAAGA,0.536847545417064
AATAAGC,0.543485865287306
AATAAGG,0.543240785817062
AATAAGT,0.541032363504604
AATAATA,0.55735703239966
AATAATC,0.543240785817062
AATAATG,0.540295137595975
AATAATT,0.541769046311556
AATACAA,0.511364062174281
AATACAC,0.540540939959579
AATACAG,0.554937369522638
AATACAT,0.537587316424791
AATACCA,0.542995646268147
AATACCC,0.54373088470832
AATACCG,0.54691068605787
AATACCT,0.54617778267235
AATACGA,0.549106178831164
AATACGC,0.549836939907521
AATACGG,0.550810458065586
AATACGT,0.550810458065586
AATACTA,0.547154867868876
AATACTC,0.54617778267235
AATACTG,0.542505186816431
AATACTT,0.542014486696199
AATAGAA,0.545933362129139
AATAGAC,0.545444341745468
AATAGAG,0.564820994940588
AATAGAT,0.540049274798713
AATAGCA,0.545933362129139
AATAGCC,0.542750446611098
AATAGCG,0.54617778267235
AATAGCT,0.545444341745468
AATAGGA,0.565060842831145
AATAGGC,0.546666444607543
AATAGGG,0.541277984745362
AATAGGT,0.544465582970065
AATAGTA,0.54617778267235
AATAGTC,0.546666444607543
AATAGTG,0.542995646268147
AATAGTT,0.545933362129139
AATATAA,0.545199741846535
AATATAC,0.536847545417064
AATATAG,0.549593412211889
AATATAT,0.542014486696199
AATATCA,0.569368296745289
AATATCC,0.54617778267235
AATATCG,0.544465582970065
AATATCT,0.53610722674302
AATATGA,0.54373088470832
AATATGC,0.547398990069681
AATATGG,0.540786681919229
AATATGT,0.542259866854641
AATATTA,0.540540939959579
AATATTC,0.562659771271024
AATATTG,0.53586033200784
AATATTT,0.533635532028962
AATCAAA,0.534872143045142
AATCAAC,0.541769046311556
AATCAAG,0.544710362488134
AATCAAT,0.546666444607543
AATCACA,0.542995646268147
AATCACC,0.545444341745468
AATCACG,0.545199741846535
AATCACT,0.537587316424791
AATCAGA,0.540049274798713
AATCAGC,0.538080193237468
AATCAGG,0.534872143045142
AATCAGT,0.539557367784301
AATCATA,0.570322994241107
AATCATC,0.543485865287306
AATCATG,0.56912947988968
AATCATT,0.539311323507636
AATCCAA,0.542505186816431
AATCCAC,0.541277984745362
AATCCAG,0.600864674763142
AATCCAT,0.53881905326644
AATCCCA,0.490395766040974
AATCCCC,0.562178864365651
AATCCCG,0.563620891823023
AATCCCT,0.529171027577895
AATCCGA,0.549106178831164
AATCCGC,0.549349825196072
AATCCGG,0.542014486696199
AATCCGT,0.549106178831164
AATCCTA,0.544710362488134
AATCCTC,0.567456163053246
AATCCTG,0.540295137595975
AATCCTT,0.563140447016109
AATCGAA,0.547887055757054
AATCGAC,0.549593412211889
AATCGAG,0.550323817453749
AATCGAT,0.546666444607543
AATCGCA,0.545444341745468
AATCGCC,0.549836939907521
AATCGCG,0.548618707938343
AATCGCT,0.545199741846535
AATCGGA,0.572943722403313
AATCGGC,0.549349825196072
AATCGGG,0.549349825196072
AATCGGT,0.549593412211889
AATCGTA,0.550810458065586
AATCGTC,0.550810458065586
AATCGTG,0.548618707938343
AATCGTT,0.549349825196072
AATCTAA,0.564820994940588
AATCTAC,0.54691068605787
AATCTAG,0.543485865287306
AATCTAT,0.549593412211889
AATCTCA,0.533635532028962
AATCTCC,0.564341126509425
AATCTCG,0.546422143488757
AATCTCT,0.564341126509425
AATCTGA,0.541277984745362
AATCTGC,0.537587316424791
AATCTGG,0.565060842831145
AATCTGT,0.571276781158874
AATCTTA,0.559770854637779
AATCTTC,0.542259866854641
AATCTTG,0.544955082103854
AATCTTT,0.53586033200784
AATGAAA,0.557115329406598
AATGAAC,0.590631573148494
AATGAAG,0.631847998817963
AATGAAT,0.529916497179467
AATGACA,0.546422143488757
AATGACC,0.56458108950922
AATGACG,0.54568888182992
AATGACT,0.558564671835767
AATGAGA,0.525185776828227
AATGAGC,0.566259220136895
AATGAGG,0.536600833417566
AATGAGT,0.529171027577895
AATGATA,0.58922800148624
AATGATC,0.540786681919229
AATGATG,0.673586533480053
AATGATT,0.555905937358841
AATGCAA,0.54691068605787
AATGCAC,0.594830506624456
AATGCAG,0.560011916711166
AATGCAT,0.543485865287306
AATGCCA,0.581708831890764
AATGCCC,0.561938324158355
AATGCCG,0.54691068605787
AATGCCT,0.56912947988968
AATGCGA,0.571991524824455
AATGCGC,0.57389501416439
AATGCGG,0.547154867868876
AATGCGT,0.549106178831164
AATGCTA,0.54691068605787
AATGCTC,0.540049274798713
AATGCTG,0.556147932807025
AATGCTT,0.544955082103854
AATGGAA,0.566977557793659
AATGGAC,0.54691068605787
AATGGAG,0.532149577423238
AATGGAT,0.532149577423238
AATGGCA,0.559529734439456
AATGGCC,0.613053471450636
AATGGCG,0.539065218678287
AATGGCT,0.531157712899333
AATGGGA,0.562419346727269
AATGGGC,0.542995646268147
AATGGGG,0.571991524824455
AATGGGT,0.562900138024713
AATGGTA,0.542014486696199
AATGGTC,0.543975844109523
AATGGTG,0.534377682128348
AATGGTT,0.534872143045142
AATGTAA,0.565300633208485
AATGTAC,0.540049274798713
AATGTAG,0.54617778267235
AATGTAT,0.568412686931105
AATGTCA,0.545933362129139
AATGTCC,0.560011916711166
AATGTCG,0.550810458065586
AATGTCT,0.558806024814404
AATGTGA,0.549593412211889
AATGTGC,0.560734754461784
AATGTGG,0.559529734439456
AATGTGT,0.530413168356677
AATGTTA,0.538572827242263
AATGTTC,0.541523545671142
AATGTTG,0.539065218678287
AATGTTT,0.535366359591164
AATTAAA,0.525435320840846
AATTAAC,0.548374883352512
AATTAAG,0.535366359591164
AATTAAT,0.544220743520313
AATTACA,0.541277984745362
AATTACC,0.542259866854641
AATTACG,0.550080408311853
AATTACT,0.543975844109523
AATTAGA,0.540049274798713
AATTAGC,0.520432570344204
AATTAGG,0.533388026214955
AATTAGT,0.544465582970065
AATTATA,0.541769046311556
AATTATC,0.547398990069681
AATTATG,0.542014486696199
AATTATT,0.535366359591164
AATTCAA,0.533635532028962
AATTCAC,0.546666444607543
AATTCAG,0.535366359591164
AATTCAT,0.540786681919229
AATTCCA,0.541277984745362
AATTCCC,0.537340786890677
AATTCCG,0.540295137595975
AATTCCT,0.532892830733711
AATTCGA,0.547643052689382
AATTCGC,0.549836939907521
AATTCGG,0.54617778267235
AATTCGT,0.573181630196659
AATTCTA,0.559770854637779
AATTCTC,0.510351354929557
AATTCTG,0.542259866854641
AATTCTT,0.528425001836785
AATTGAA,0.539557367784301
AATTGAC,0.550323817453749
AATTGAG,0.530909592974082
AATTGAT,0.543975844109523
AATTGCA,0.536600833417566
AATTGCC,0.541032363504604
AATTGCG,0.550323817453749
AATTGCT,0.532149577423238
AATTGGA,0.531405771276359
AATTGGC,0.535119281849402
AATTGGG,0.536354060536236
AATTGGT,0.549106178831164
AATTGTA,0.545933362129139
AATTGTC,0.567934539359412
AATTGTG,0.541032363504604
AATTGTT,0.543975844109523
AATTTAA,0.564820994940588
AATTTAC,0.545933362129139
AATTTAG,0.549349825196072
AATTTAT,0.546422143488757
AATTTCA,0.565060842831145
AATTTCC,0.56649872336139
AATTTCG,0.550810458065586
AATTTCT,0.53881905326644
AATTTGA,0.53586033200784
AATTTGC,0.542259866854641
AATTTGG,0.540540939959579
AATTTGT,0.536354060536236
AATTTTA,0.537587316424791
AATTTTC,0.538572827242263
AATTTTG,0.538080193237468
AATTTTT,0.538326540575898
ACAAAAA,0.490654143335064
ACAAAAC,0.539803351538071
ACAAAAG,0.560011916711166
ACAAAAT,0.541277984745362
ACAAACA,0.543240785817062
ACAAACC,0.546422143488757
ACAAACG,0.542505186816431
ACAAACT,0.547154867868876
ACAAAGA,0.553725338998419
ACAAAGC,0.554937369522638
ACAAAGG,0.534872143045142
ACAAAGT,0.532149577423238
ACAAATA,0.548618707938343
ACAAATC,0.561697726077547
ACAAATG,0.536354060536236
ACAAATT,0.532397389912406
ACAACAA,0.546422143488757
ACAACAC,0.539557367784301
ACAACAG,0.538572827242263
ACAACAT,0.539065218678287
ACAACCA,0.544220743520313
ACAACCC,0.544220743520313
ACAACCG,0.545444341745468
ACAACCT,0.545199741846535
ACAACGA,0.550080408311853
ACAACGC,0.548618707938343
ACAACGG,0.542995646268147
ACAACGT,0.570561526269369
ACAACTA,0.546422143488757
ACAACTC,0.568412686931105
ACAACTG,0.568651675009859
ACAACTT,0.542014486696199
ACAAGAA,0.580292671570626
ACAAGAC,0.537833785197073
ACAAGAG,0.524686501908612
ACAAGAT,0.542505186816431
ACAAGCA,0.562419346727269
ACAAGCC,0.586649659011245
ACAAGCG,0.549349825196072
ACAAGCT,0.563140447016109
ACAAGGA,0.55663174808883
ACAAGGC,0.537833785197073
ACAAGGG,0.583358488170663
ACAAGGT,0.530413168356677
ACAAGTA,0.545199741846535
ACAAGTC,0.545444341745468
ACAAGTG,0.562900138024713
ACAAGTT,0.617387114239969
ACAATAA,0.541277984745362
ACAATAC,0.546666444607543
ACAATAG,0.535613376300595
ACAATAT,0.565780041533798
ACAATCA,0.534624943148194
ACAATCC,0.571038419701138
ACAATCG,0.549593412211889
ACAATCT,0.54691068605787
ACAATGA,0.570084405301741
ACAATGC,0.539311323507636
ACAATGG,0.586884328679486
ACAATGT,0.537833785197073
ACAATTA,0.539065218678287
ACAATTC,0.527180387479689
ACAATTG,0.549836939907521
ACAATTT,0.544710362488134
ACACAAA,0.540295137595975
ACACAAC,0.54373088470832
ACACAAG,0.534377682128348
ACACAAT,0.53586033200784
ACACACA,0.431043155241168
ACACACC,0.526183579462832
ACACACG,0.545444341745468
ACACACT,0.581001002419431
ACACAGA,0.577454320162266
ACACAGC,0.540540939959579
ACACAGG,0.516664014388918
ACACAGT,0.55928855608816
ACACATA,0.531653768135685
ACACATC,0.592733243765148
ACACATG,0.530413168356677
ACACATT,0.522937074028329
ACACCAA,0.55928855608816
ACACCAC,0.536600833417566
ACACCAG,0.555179599444978
ACACCAT,0.531901703507817
ACACCCA,0.526682107674533
ACACCCC,0.533140459126653
ACACCCG,0.534872143045142
ACACCCT,0.589696077631495
ACACCGA,0.545199741846535
ACACCGC,0.54617778267235
ACACCGG,0.542014486696199
ACACCGT,0.542750446611098
ACACCTA,0.540786681919229
ACACCTC,0.532645141005759
ACACCTG,0.533882976599
ACACCTT,0.563861027693991
ACACGAA,0.545933362129139
ACACGAC,0.547643052689382
ACACGAG,0.545199741846535
ACACGAT,0.548618707938343
ACACGCA,0.589462066945777
ACACGCC,0.549349825196072
ACACGCG,0.548862473088238
ACACGCT,0.547887055757054
ACACGGA,0.549106178831164
ACACGGC,0.548130999301753
ACACGGG,0.540295137595975
ACACGGT,0.567934539359412
ACACGTA,0.571276781158874
ACACGTC,0.54691068605787
ACACGTG,0.555905937358841
ACACGTT,0.546666444607543
ACACTAA,0.546666444607543
ACACTAC,0.54691068605787
ACACTAG,0.549593412211889
ACACTAT,0.548618707938343
ACACTCA,0.519679994457983
ACACTCC,0.538572827242263
ACACTCG,0.53586033200784
ACACTCT,0.532397389912406
ACACTGA,0.581944663753294
ACACTGC,0.562900138024713
ACACTGG,0.54568888182992
ACACTGT,0.636547771807484
ACACTTA,0.537833785197073
ACACTTC,0.568890605986957
ACACTTG,0.633417045301892
ACACTTT,0.535119281849402
ACAGAAA,0.519679994457983
ACAGAAC,0.558806024814404
ACAGAAG,0.602944970676565
ACAGAAT,0.53586033200784
ACAGACA,0.523687203620185
ACAGACC,0.56458108950922
ACAGACG,0.543485865287306
ACAGACT,0.583122989536624
ACAGAGA,0.522686905735711
ACAGAGC,0.534872143045142
ACAGAGG,0.524186977589027
ACAGAGT,0.563861027693991
ACAGATA,0.5542103275045
ACAGATC,0.614195725829269
ACAGATG,0.547643052689382
ACAGATT,0.544465582970065
ACAGCAA,0.557115329406598
ACAGCAC,0.55663174808883
ACAGCAG,0.599243669575915
ACAGCAT,0.591098992929589
ACAGCCA,0.5279273419663
ACAGCCC,0.56458108950922
ACAGCCG,0.613967379309302
ACAGCCT,0.531901703507817
ACAGCGA,0.564341126509425
ACAGCGC,0.544465582970065
ACAGCGG,0.563380698272967
ACAGCGT,0.53881905326644
ACAGCTA,0.540786681919229
ACAGCTC,0.567695379811815
ACAGCTG,0.644331973373968
ACAGCTT,0.55663174808883
ACAGGAA,0.53586033200784
ACAGGAC,0.536354060536236
ACAGGAG,0.599475402684629
ACAGGAT,0.530661411470054
ACAGGCA,0.539557367784301
ACAGGCC,0.557840263195344
ACAGGCG,0.492976539741627
ACAGGCT,0.601096032578992
ACAGGGA,0.514648295717236
ACAGGGC,0.592266587419491
ACAGGGG,0.576743471734003
ACAGGGT,0.543485865287306
ACAGGTA,0.542995646268147
ACAGGTC,0.540049274798713
ACAGGTG,0.539803351538071
ACAGGTT,0.560252920687636
ACAGTAA,0.542995646268147
ACAGTAC,0.54691068605787
ACAGTAG,0.54373088470832
ACAGTAT,0.52643287463498
ACAGTCA,0.538326540575898
ACAGTCC,0.571991524824455
ACAGTCG,0.549349825196072
ACAGTCT,0.54373088470832
ACAGTGA,0.555663883334684
ACAGTGC,0.544465582970065
ACAGTGG,0.571515085813964
ACAGTGT,0.57389501416439
ACAGTTA,0.541277984745362
ACAGTTC,0.531405771276359
ACAGTTG,0.542505186816431
ACAGTTT,0.566738169237826
ACATAAA,0.543975844109523
ACATAAC,0.545444341745468
ACATAAG,0.540049274798713
ACATAAT,0.52643287463498
ACATACA,0.534377682128348
ACATACC,0.539557367784301
ACATACG,0.545933362129139
ACATACT,0.537340786890677
ACATAGA,0.544710362488134
ACATAGC,0.54691068605787
ACATAGG,0.546666444607543
ACATAGT,0.564820994940588
ACATATA,0.545199741846535
ACATATC,0.542014486696199
ACATATG,0.56912947988968
ACATATT,0.541523545671142
ACATCAA,0.53881905326644
ACATCAC,0.569607056581024
ACATCAG,0.540049274798713
ACATCAT,0.612596204120012
ACATCCA,0.578401332718122
ACATCCC,0.542505186816431
ACATCCG,0.547398990069681
ACATCCT,0.561697726077547
ACATCGA,0.550810458065586
ACATCGC,0.548862473088238
ACATCGG,0.571753333693476
ACATCGT,0.544465582970065
ACATCTA,0.546666444607543
ACATCTC,0.536600833417566
ACATCTG,0.55663174808883
ACATCTT,0.536354060536236
ACATGAA,0.537587316424791
ACATGAC,0.538080193237468
ACATGAG,0.544465582970065
ACATGAT,0.541032363504604
ACATGCA,0.530661411470054
ACATGCC,0.531405771276359
ACATGCG,0.593898932781932
ACATGCT,0.533388026214955
ACATGGA,0.580764947880173
ACATGGC,0.561457070095372
ACATGGG,0.555905937358841
ACATGGT,0.548130999301753
ACATGTA,0.570800001413671
ACATGTC,0.542259866854641
ACATGTG,0.521936025133474
ACATGTT,0.555663883334684
ACATTAA,0.54373088470832
ACATTAC,0.543240785817062
ACATTAG,0.548130999301753
ACATTAT,0.542995646268147
ACATTCA,0.561938324158355
ACATTCC,0.540049274798713
ACATTCG,0.57389501416439
ACATTCT,0.532892830733711
ACATTGA,0.540786681919229
ACATTGC,0.543975844109523
ACATTGG,0.536354060536236
ACATTGT,0.562178864365651
ACATTTA,0.535366359591164
ACATTTC,0.530661411470054
ACATTTG,0.577454320162266
ACATTTT,0.558323260591808
ACCAAAA,0.559529734439456
ACCAAAC,0.539803351538071
ACCAAAG,0.58618015440056
ACCAAAT,0.543485865287306
ACCAACA,0.534872143045142
ACCAACC,0.587353502870996
ACCAACG,0.548618707938343
ACCAACT,0.542995646268147
ACCAAGA,0.561697726077547
ACCAAGC,0.564820994940588
ACCAAGG,0.604559991958769
ACCAAGT,0.5216856062534
ACCAATA,0.543240785817062
ACCAATC,0.545933362129139
ACCAATG,0.592499942813337
ACCAATT,0.541523545671142
ACCACAA,0.539311323507636
ACCACAC,0.508576645704089
ACCACAG,0.513891352458606
ACCACAT,0.565060842831145
ACCACCA,0.540295137595975
ACCACCC,0.616020623297602
ACCACCG,0.595063264549808
ACCACCT,0.594597694510238
ACCACGA,0.549836939907521
ACCACGC,0.52493617052785
ACCACGG,0.586414934260225
ACCACGT,0.562659771271024
ACCACTA,0.539557367784301
ACCACTC,0.542750446611098
ACCACTG,0.548618707938343
ACCACTT,0.535366359591164
ACCAGAA,0.593898932781932
ACCAGAC,0.543485865287306
ACCAGAG,0.649414510002381
ACCAGAT,0.609848200454566
ACCAGCA,0.530164863603354
ACCAGCC,0.510857836748909
ACCAGCG,0.577454320162266
ACCAGCT,0.525185776828227
ACCAGGA,0.547643052689382
ACCAGGC,0.567216889056327
ACCAGGG,0.609160017989199
ACCAGGT,0.527678419125729
ACCAGTA,0.595993754866704
ACCAGTC,0.538080193237468
ACCAGTG,0.586414934260225
ACCAGTT,0.540049274798713
ACCATAA,0.545933362129139
ACCATAC,0.539311323507636
ACCATAG,0.549349825196072
ACCATAT,0.542995646268147
ACCATCA,0.560252920687636
ACCATCC,0.574845401829444
ACCATCG,0.571515085813964
ACCATCT,0.550323817453749
ACCATGA,0.532149577423238
ACCATGC,0.534130359955369
ACCATGG,0.574370320901502
ACCATGT,0.535119281849402
ACCATTA,0.548130999301753
ACCATTC,0.571038419701138
ACCATTG,0.54568888182992
ACCATTT,0.563620891823023
ACCCAAA,0.533882976599
ACCCAAC,0.587822457041308
ACCCAAG,0.55735703239966
ACCCAAT,0.545933362129139
ACCCACA,0.557598676986502
ACCCACC,0.53610722674302
ACCCACG,0.567456163053246
ACCCACT,0.561216356183953
ACCCAGA,0.52892241416511
ACCCAGC,0.541032363504604
ACCCAGG,0.491945029370806
ACCCAGT,0.566019659536863
ACCCATA,0.545933362129139
ACCCATC,0.56649872336139
ACCCATG,0.58218044001227
ACCCATT,0.566259220136895
ACCCCAA,0.603175847755463
ACCCCAC,0.546422143488757
ACCCCAG,0.60594222295475
ACCCCAT,0.542259866854641
ACCCCCA,0.584299928502264
ACCCCCC,0.534377682128348
ACCCCCG,0.574132695772508
ACCCCCT,0.58618015440056
ACCCCGA,0.541277984745362
ACCCCGC,0.533140459126653
ACCCCGG,0.592733243765148
ACCCCGT,0.530413168356677
ACCCCTA,0.542995646268147
ACCCCTC,0.537833785197073
ACCCCTG,0.650736151656166
ACCCCTT,0.560493866595183
ACCCGAA,0.57389501416439
ACCCGAC,0.541032363504604
ACCCGAG,0.536847545417064
ACCCGAT,0.595761213444788
ACCCGCA,0.541032363504604
ACCCGCC,0.583829319125197
ACCCGCG,0.662552975201648
ACCCGCT,0.568890605986957
ACCCGGA,0.535119281849402
ACCCGGC,0.549349825196072
ACCCGGG,0.540295137595975
ACCCGGT,0.615792693154077
ACCCGTA,0.574845401829444
ACCCGTC,0.542750446611098
ACCCGTG,0.541032363504604
ACCCGTT,0.549349825196072
ACCCTAA,0.59413190761424
ACCCTAC,0.548374883352512
ACCCTAG,0.535613376300595
ACCCTAT,0.547398990069681
ACCCTCA,0.564341126509425
ACCCTCC,0.613967379309302
ACCCTCG,0.563380698272967
ACCCTCT,0.52817620285971
ACCCTGA,0.581944663753294
ACCCTGC,0.62622407817556
ACCCTGG,0.60594222295475
ACCCTGT,0.582416160693904
ACCCTTA,0.547887055757054
ACCCTTC,0.559770854637779
ACCCTTG,0.550810458065586
ACCCTTT,0.562900138024713
ACCGAAA,0.542995646268147
ACCGAAC,0.545933362129139
ACCGAAG,0.547154867868876
ACCGAAT,0.550567167362053
ACCGACA,0.549836939907521
ACCGACC,0.549349825196072
ACCGACG,0.571515085813964
ACCGACT,0.570561526269369
ACCGAGA,0.542014486696199
ACCGAGC,0.54568888182992
ACCGAGG,0.662117796114326
ACCGAGT,0.560734754461784
ACCGATA,0.548374883352512
ACCGATC,0.550810458065586
ACCGATG,0.547398990069681
ACCGATT,0.540786681919229
ACCGCAA,0.541769046311556
ACCGCAC,0.571991524824455
ACCGCAG,0.615108590844724
ACCGCAT,0.544465582970065
ACCGCCA,0.546666444607543
ACCGCCC,0.537587316424791
ACCGCCG,0.566259220136895
ACCGCCT,0.612596204120012
ACCGCGA,0.546666444607543
ACCGCGC,0.561938324158355
ACCGCGG,0.610535909650504
ACCGCGT,0.546666444607543
ACCGCTA,0.543485865287306
ACCGCTC,0.573181630196659
ACCGCTG,0.593199682444231
ACCGCTT,0.571038419701138
ACCGGAA,0.547398990069681
ACCGGAC,0.569607056581024
ACCGGAG,0.538572827242263
ACCGGAT,0.594364828181918
ACCGGCA,0.541523545671142
ACCGGCC,0.521435124648002
ACCGGCG,0.590397781301938
ACCGGCT,0.609848200454566
ACCGGGA,0.594830506624456
ACCGGGC,0.566977557793659
ACCGGGG,0.70409860866769
ACCGGGT,0.59413190761424
ACCGGTA,0.544710362488134
ACCGGTC,0.542995646268147
ACCGGTG,0.550567167362053
ACCGGTT,0.548862473088238
ACCGTAA,0.548862473088238
ACCGTAC,0.574845401829444
ACCGTAG,0.549836939907521
ACCGTAT,0.548862473088238
ACCGTCA,0.547154867868876
ACCGTCC,0.564820994940588
ACCGTCG,0.549349825196072
ACCGTCT,0.548618707938343
ACCGTGA,0.541032363504604
ACCGTGC,0.575557600298196
ACCGTGG,0.57816466364396
ACCGTGT,0.542750446611098
ACCGTTA,0.550323817453749
ACCGTTC,0.548130999301753
ACCGTTG,0.546422143488757
ACCGTTT,0.542750446611098
ACCTAAA,0.547887055757054
ACCTAAC,0.542750446611098
ACCTAAG,0.54691068605787
ACCTAAT,0.54568888182992
ACCTACA,0.563861027693991
ACCTACC,0.562419346727269
ACCTACG,0.572467736948908
ACCTACT,0.563380698272967
ACCTAGA,0.53881905326644
ACCTAGC,0.573657276050295
ACCTAGG,0.547643052689382
ACCTAGT,0.546666444607543
ACCTATA,0.539557367784301
ACCTATC,0.54568888182992
ACCTATG,0.545199741846535
ACCTATT,0.569607056581024
ACCTCAA,0.531901703507817
ACCTCAC,0.539311323507636
ACCTCAG,0.491170697732969
ACCTCAT,0.555905937358841
ACCTCCA,0.539311323507636
ACCTCCC,0.523937121826358
ACCTCCG,0.549106178831164
ACCTCCT,0.585240483357526
ACCTCGA,0.547887055757054
ACCTCGC,0.548374883352512
ACCTCGG,0.541523545671142
ACCTCGT,0.540295137595975
ACCTCTA,0.561457070095372
ACCTCTC,0.555179599444978
ACCTCTG,0.628927507609448
ACCTCTT,0.556389869707581
ACCTGAA,0.581237001250093
ACCTGAC,0.559770854637779
ACCTGAG,0.578637945793287
ACCTGAT,0.588525476208152
ACCTGCA,0.617614681297747
ACCTGCC,0.542014486696199
ACCTGCG,0.603637442062089
ACCTGCT,0.540540939959579
ACCTGGA,0.607322546025095
ACCTGGC,0.615336676951346
ACCTGGG,0.548618707938343
ACCTGGT,0.604790496510143
ACCTGTA,0.584770316510321
ACCTGTC,0.604559991958769
ACCTGTG,0.516160465510676
ACCTGTT,0.563380698272967
ACCTTAA,0.540295137595975
ACCTTAC,0.547887055757054
ACCTTAG,0.532397389912406
ACCTTAT,0.54568888182992
ACCTTCA,0.60824170404499
ACCTTCC,0.61122314622751
ACCTTCG,0.570322994241107
ACCTTCT,0.540295137595975
ACCTTGA,0.562178864365651
ACCTTGC,0.539803351538071
ACCTTGG,0.557115329406598
ACCTTGT,0.585005427566031
ACCTTTA,0.566019659536863
ACCTTTC,0.534377682128348
ACCTTTG,0.560975584315396
ACCTTTT,0.556873567979075
ACGAAAA,0.537833785197073
ACGAAAC,0.550323817453749
ACGAAAG,0.544955082103854
ACGAAAT,0.547154867868876
ACGAACA,0.550323817453749
ACGAACC,0.548618707938343
ACGAACG,0.547398990069681
ACGAACT,0.547398990069681
ACGAAGA,0.545444341745468
ACGAAGC,0.565300633208485
ACGAAGG,0.547154867868876
ACGAAGT,0.571276781158874
ACGAATA,0.548374883352512
ACGAATC,0.548618707938343
ACGAATG,0.546666444607543
ACGAATT,0.550810458065586
ACGACAA,0.545933362129139
ACGACAC,0.568651675009859
ACGACAG,0.549106178831164
ACGACAT,0.550810458065586
ACGACCA,0.570800001413671
ACGACCC,0.544220743520313
ACGACCG,0.547643052689382
ACGACCT,0.54691068605787
ACGACGA,0.550080408311853
ACGACGC,0.549836939907521
ACGACGG,0.548618707938343
ACGACGT,0.549349825196072
ACGACTA,0.545933362129139
ACGACTC,0.548374883352512
ACGACTG,0.574845401829444
ACGACTT,0.570084405301741
ACGAGAA,0.548374883352512
ACGAGAC,0.54617778267235
ACGAGAG,0.571991524824455
ACGAGAT,0.550810458065586
ACGAGCA,0.541032363504604
ACGAGCC,0.591098992929589
ACGAGCG,0.547643052689382
ACGAGCT,0.555905937358841
ACGAGGA,0.532892830733711
ACGAGGC,0.560493866595183
ACGAGGG,0.590163934783973
ACGAGGT,0.591332620915189
ACGAGTA,0.549593412211889
ACGAGTC,0.620114506958278
ACGAGTG,0.563620891823023
ACGAGTT,0.547643052689382
ACGATAA,0.550810458065586
ACGATAC,0.550080408311853
ACGATAG,0.548862473088238
ACGATAT,0.550810458065586
ACGATCA,0.547643052689382
ACGATCC,0.571038419701138
ACGATCG,0.550810458065586
ACGATCT,0.531901703507817
ACGATGA,0.573419481403349
ACGATGC,0.550810458065586
ACGATGG,0.570322994241107
ACGATGT,0.549593412211889
ACGATTA,0.550810458065586
ACGATTC,0.547154867868876
ACGATTG,0.549836939907521
ACGATTT,0.550810458065586
ACGCAAA,0.571276781158874
ACGCAAC,0.546422143488757
ACGCAAG,0.550080408311853
ACGCAAT,0.550080408311853
ACGCACA,0.540049274798713
ACGCACC,0.570561526269369
ACGCACG,0.543485865287306
ACGCACT,0.550810458065586
ACGCAGA,0.541769046311556
ACGCAGC,0.561938324158355
ACGCAGG,0.563620891823023
ACGCAGT,0.56649872336139
ACGCATA,0.550810458065586
ACGCATC,0.561457070095372
ACGCATG,0.544220743520313
ACGCATT,0.550810458065586
ACGCCAA,0.545933362129139
ACGCCAC,0.543975844109523
ACGCCAG,0.539065218678287
ACGCCAT,0.540295137595975
ACGCCCA,0.566019659536863
ACGCCCC,0.528673738928325
ACGCCCG,0.54568888182992
ACGCCCT,0.587822457041308
ACGCCGA,0.548374883352512
ACGCCGC,0.563861027693991
ACGCCGG,0.54617778267235
ACGCCGT,0.548130999301753
ACGCCTA,0.550810458065586
ACGCCTC,0.542505186816431
ACGCCTG,0.521435124648002
ACGCCTT,0.539803351538071
ACGCGAA,0.550810458065586
ACGCGAC,0.544220743520313
ACGCGAG,0.542995646268147
ACGCGAT,0.549349825196072
ACGCGCA,0.539803351538071
ACGCGCC,0.570800001413671
ACGCGCG,0.549106178831164
ACGCGCT,0.545933362129139
ACGCGGA,0.548862473088238
ACGCGGC,0.566019659536863
ACGCGGG,0.618524432014478
ACGCGGT,0.572943722403313
ACGCGTA,0.547154867868876
ACGCGTC,0.549593412211889
ACGCGTG,0.547154867868876
ACGCGTT,0.546666444607543
ACGCTAA,0.549349825196072
ACGCTAC,0.548862473088238
ACGCTAG,0.549106178831164
ACGCTAT,0.549593412211889
ACGCTCA,0.549106178831164
ACGCTCC,0.547887055757054
ACGCTCG,0.549593412211889
ACGCTCT,0.542750446611098
ACGCTGA,0.542750446611098
ACGCTGC,0.605251346277056
ACGCTGG,0.545199741846535
ACGCTGT,0.54568888182992
ACGCTTA,0.550810458065586
ACGCTTC,0.545199741846535
ACGCTTG,0.550080408311853
ACGCTTT,0.537340786890677
ACGGAAA,0.544710362488134
ACGGAAC,0.548374883352512
ACGGAAG,0.54568888182992
ACGGAAT,0.548130999301753
ACGGACA,0.549593412211889
ACGGACC,0.540540939959579
ACGGACG,0.573657276050295
ACGGACT,0.549106178831164
ACGGAGA,0.566738169237826
ACGGAGC,0.538080193237468
ACGGAGG,0.560493866595183
ACGGAGT,0.553725338998419
ACGGATA,0.549593412211889
ACGGATC,0.550810458065586
ACGGATG,0.550810458065586
ACGGATT,0.574845401829444
ACGGCAA,0.546422143488757
ACGGCAC,0.572943722403313
ACGGCAG,0.593432820222244
ACGGCAT,0.573419481403349
ACGGCCA,0.540295137595975
ACGGCCC,0.583358488170663
ACGGCCG,0.594830506624456
ACGGCCT,0.591098992929589
ACGGCGA,0.548374883352512
ACGGCGC,0.570561526269369
ACGGCGG,0.569368296745289
ACGGCGT,0.547154867868876
ACGGCTA,0.549106178831164
ACGGCTC,0.593898932781932
ACGGCTG,0.695715994659751
ACGGCTT,0.546422143488757
ACGGGAA,0.565060842831145
ACGGGAC,0.541277984745362
ACGGGAG,0.634536287412446
ACGGGAT,0.571276781158874
ACGGGCA,0.608471361602564
ACGGGCC,0.533635532028962
ACGGGCG,0.544465582970065
ACGGGCT,0.563380698272967
ACGGGGA,0.588291191396686
ACGGGGC,0.645660344948355
ACGGGGG,0.582887435429914
ACGGGGT,0.552268960597983
ACGGGTA,0.547643052689382
ACGGGTC,0.567695379811815
ACGGGTG,0.558806024814404
ACGGGTT,0.545933362129139
ACGGTAA,0.546666444607543
ACGGTAC,0.546422143488757
ACGGTAG,0.548618707938343
ACGGTAT,0.548374883352512
ACGGTCA,0.544220743520313
ACGGTCC,0.565060842831145
ACGGTCG,0.548130999301753
ACGGTCT,0.543975844109523
ACGGTGA,0.537587316424791
ACGGTGC,0.56649872336139
ACGGTGG,0.605481691541534
ACGGTGT,0.594597694510238
ACGGTTA,0.550080408311853
ACGGTTC,0.547887055757054
ACGGTTG,0.549106178831164
ACGGTTT,0.54373088470832
ACGTAAA,0.548130999301753
ACGTAAC,0.547887055757054
ACGTAAG,0.549106178831164
ACGTAAT,0.574845401829444
ACGTACA,0.54617778267235
ACGTACC,0.57389501416439
ACGTACG,0.548130999301753
ACGTACT,0.548618707938343
ACGTAGA,0.548618707938343
ACGTAGC,0.549106178831164
ACGTAGG,0.548862473088238
ACGTAGT,0.545444341745468
ACGTATA,0.549106178831164
ACGTATC,0.550080408311853
ACGTATG,0.549593412211889
ACGTATT,0.567934539359412
ACGTCAA,0.574370320901502
ACGTCAC,0.540295137595975
ACGTCAG,0.573181630196659
ACGTCAT,0.54373088470832
ACGTCCA,0.535366359591164
ACGTCCC,0.54617778267235
ACGTCCG,0.546666444607543
ACGTCCT,0.529916497179467
ACGTCGA,0.550810458065586
ACGTCGC,0.547887055757054
ACGTCGG,0.571991524824455
ACGTCGT,0.550810458065586
ACGTCTA,0.572467736948908
ACGTCTC,0.546422143488757
ACGTCTG,0.56458108950922
ACGTCTT,0.54568888182992
ACGTGAA,0.54617778267235
ACGTGAC,0.571276781158874
ACGTGAG,0.537340786890677
ACGTGAT,0.537833785197073
ACGTGCA,0.53586033200784
ACGTGCC,0.543240785817062
ACGTGCG,0.565060842831145
ACGTGCT,0.563861027693991
ACGTGGA,0.57816466364396
ACGTGGC,0.539803351538071
ACGTGGG,0.562178864365651
ACGTGGT,0.536847545417064
ACGTGTA,0.545444341745468
ACGTGTC,0.567695379811815
ACGTGTG,0.609848200454566
ACGTGTT,0.566977557793659
ACGTTAA,0.548130999301753
ACGTTAC,0.550080408311853
ACGTTAG,0.550567167362053
ACGTTAT,0.550810458065586
ACGTTCA,0.547154867868876
ACGTTCC,0.546422143488757
ACGTTCG,0.574845401829444
ACGTTCT,0.549106178831164
ACGTTGA,0.550080408311853
ACGTTGC,0.549106178831164
ACGTTGG,0.546422143488757
ACGTTGT,0.550810458065586
ACGTTTA,0.550567167362053
ACGTTTC,0.543975844109523
ACGTTTG,0.544710362488134
ACGTTTT,0.545199741846535
ACTAAAA,0.517418862597485
ACTAAAC,0.540295137595975
ACTAAAG,0.541769046311556
ACTAAAT,0.54617778267235
ACTAACA,0.54617778267235
ACTAACC,0.547643052689382
ACTAACG,0.550323817453749
ACTAACT,0.542014486696199
ACTAAGA,0.543485865287306
ACTAAGC,0.547887055757054
ACTAAGG,0.532645141005759
ACTAAGT,0.547154867868876
ACTAATA,0.54568888182992
ACTAATC,0.548130999301753
ACTAATG,0.571276781158874
ACTAATT,0.547154867868876
ACTACAA,0.54617778267235
ACTACAC,0.549349825196072
ACTACAG,0.5279273419663
ACTACAT,0.541523545671142
ACTACCA,0.568651675009859
ACTACCC,0.550810458065586
ACTACCG,0.547643052689382
ACTACCT,0.569845759424107
ACTACGA,0.574370320901502
ACTACGC,0.548618707938343
ACTACGG,0.548130999301753
ACTACGT,0.550323817453749
ACTACTA,0.549349825196072
ACTACTC,0.544465582970065
ACTACTG,0.547154867868876
ACTACTT,0.544710362488134
ACTAGAA,0.548130999301753
ACTAGAC,0.545444341745468
ACTAGAG,0.548130999301753
ACTAGAT,0.546422143488757
ACTAGCA,0.544955082103854
ACTAGCC,0.546422143488757
ACTAGCG,0.550080408311853
ACTAGCT,0.54617778267235
ACTAGGA,0.537094196564764
ACTAGGC,0.547643052689382
ACTAGGG,0.544465582970065
ACTAGGT,0.544710362488134
ACTAGTA,0.550810458065586
ACTAGTC,0.548862473088238
ACTAGTG,0.550567167362053
ACTAGTT,0.542750446611098
ACTATAA,0.543240785817062
ACTATAC,0.547643052689382
ACTATAG,0.57222965923393
ACTATAT,0.549593412211889
ACTATCA,0.542750446611098
ACTATCC,0.548618707938343
ACTATCG,0.550323817453749
ACTATCT,0.567934539359412
ACTATGA,0.561457070095372
ACTATGC,0.569607056581024
ACTATGG,0.546666444607543
ACTATGT,0.565060842831145
ACTATTA,0.544220743520313
ACTATTC,0.569368296745289
ACTATTG,0.550810458065586
ACTATTT,0.565540366100184
ACTCAAA,0.538080193237468
ACTCAAC,0.541032363504604
ACTCAAG,0.533882976599
ACTCAAT,0.566019659536863
ACTCACA,0.550080408311853
ACTCACC,0.53586033200784
ACTCACG,0.547398990069681
ACTCACT,0.541523545671142
ACTCAGA,0.529668069054375
ACTCAGC,0.535119281849402
ACTCAGG,0.520933973135489
ACTCAGT,0.550810458065586
ACTCATA,0.545933362129139
ACTCATC,0.53881905326644
ACTCATG,0.567934539359412
ACTCATT,0.593432820222244
ACTCCAA,0.548374883352512
ACTCCAC,0.562659771271024
ACTCCAG,0.519177962365954
ACTCCAT,0.558081791054386
ACTCCCA,0.587353502870996
ACTCCCC,0.527180387479689
ACTCCCG,0.540049274798713
ACTCCCT,0.5216856062534
ACTCCGA,0.548618707938343
ACTCCGC,0.548374883352512
ACTCCGG,0.539557367784301
ACTCCGT,0.535366359591164
ACTCCTA,0.535613376300595
ACTCCTC,0.539557367784301
ACTCCTG,0.55663174808883
ACTCCTT,0.536354060536236
ACTCGAA,0.549349825196072
ACTCGAC,0.549593412211889
ACTCGAG,0.547398990069681
ACTCGAT,0.549349825196072
ACTCGCA,0.547154867868876
ACTCGCC,0.532397389912406
ACTCGCG,0.549836939907521
ACTCGCT,0.569845759424107
ACTCGGA,0.543485865287306
ACTCGGC,0.614195725829269
ACTCGGG,0.528425001836785
ACTCGGT,0.540049274798713
ACTCGTA,0.543485865287306
ACTCGTC,0.542014486696199
ACTCGTG,0.545199741846535
ACTCGTT,0.544220743520313
ACTCTAA,0.545444341745468
ACTCTAC,0.539311323507636
ACTCTAG,0.554452733580856
ACTCTAT,0.540049274798713
ACTCTCA,0.544710362488134
ACTCTCC,0.52643287463498
ACTCTCG,0.550810458065586
ACTCTCT,0.527678419125729
ACTCTGA,0.564820994940588
ACTCTGC,0.580056449747667
ACTCTGG,0.585475483910779
ACTCTGT,0.502212562985242
ACTCTTA,0.570561526269369
ACTCTTC,0.540540939959579
ACTCTTG,0.558806024814404
ACTCTTT,0.543975844109523
ACTGAAA,0.556873567979075
ACTGAAC,0.539065218678287
ACTGAAG,0.587588007445904
ACTGAAT,0.586414934260225
ACTGACA,0.556873567979075
ACTGACC,0.607092624451385
ACTGACG,0.546422143488757
ACTGACT,0.562419346727269
ACTGAGA,0.584535150164402
ACTGAGC,0.620568350082879
ACTGAGG,0.555421770706192
ACTGAGT,0.540786681919229
ACTGATA,0.544955082103854
ACTGATC,0.569607056581024
ACTGATG,0.562659771271024
ACTGATT,0.542995646268147
ACTGCAA,0.529171027577895
ACTGCAC,0.556389869707581
ACTGCAG,0.607552414747027
ACTGCAT,0.540295137595975
ACTGCCA,0.563140447016109
ACTGCCC,0.525185776828227
ACTGCCG,0.570800001413671
ACTGCCT,0.575320257162669
ACTGCGA,0.545933362129139
ACTGCGC,0.561216356183953
ACTGCGG,0.538080193237468
ACTGCGT,0.544220743520313
ACTGCTA,0.536600833417566
ACTGCTC,0.564101105913567
ACTGCTG,0.594830506624456
ACTGCTT,0.532149577423238
ACTGGAA,0.550810458065586
ACTGGAC,0.548374883352512
ACTGGAG,0.547887055757054
ACTGGAT,0.561938324158355
ACTGGCA,0.575794887115326
ACTGGCC,0.539557367784301
ACTGGCG,0.53610722674302
ACTGGCT,0.550323817453749
ACTGGGA,0.614424020219006
ACTGGGC,0.531157712899333
ACTGGGG,0.519679994457983
ACTGGGT,0.54617778267235
ACTGGTA,0.540540939959579
ACTGGTC,0.534624943148194
ACTGGTG,0.555905937358841
ACTGGTT,0.540049274798713
ACTGTAA,0.544220743520313
ACTGTAC,0.566259220136895
ACTGTAG,0.530909592974082
ACTGTAT,0.542995646268147
ACTGTCA,0.543975844109523
ACTGTCC,0.588525476208152
ACTGTCG,0.57389501416439
ACTGTCT,0.577217426826797
ACTGTGA,0.534624943148194
ACTGTGC,0.57222965923393
ACTGTGG,0.574607889578209
ACTGTGT,0.595295968311516
ACTGTTA,0.566019659536863
ACTGTTC,0.543240785817062
ACTGTTG,0.607552414747027
ACTGTTT,0.565540366100184
ACTTAAA,0.542505186816431
ACTTAAC,0.538080193237468
ACTTAAG,0.531901703507817
ACTTAAT,0.527429434307149
ACTTACA,0.545199741846535
ACTTACC,0.539311323507636
ACTTACG,0.550323817453749
ACTTACT,0.545444341745468
ACTTAGA,0.61465226250231
ACTTAGC,0.588525476208152
ACTTAGG,0.588759706143102
ACTTAGT,0.543975844109523
ACTTATA,0.54691068605787
ACTTATC,0.547398990069681
ACTTATG,0.54617778267235
ACTTATT,0.536354060536236
ACTTCAA,0.558806024814404
ACTTCAC,0.560011916711166
ACTTCAG,0.55105368959315
ACTTCAT,0.565060842831145
ACTTCCA,0.573657276050295
ACTTCCC,0.606172409152325
ACTTCCG,0.541523545671142
ACTTCCT,0.553240115164351
ACTTCGA,0.545444341745468
ACTTCGC,0.57389501416439
ACTTCGG,0.547643052689382
ACTTCGT,0.567456163053246
ACTTCTA,0.534872143045142
ACTTCTC,0.54568888182992
ACTTCTG,0.549593412211889
ACTTCTT,0.559529734439456
ACTTGAA,0.535119281849402
ACTTGAC,0.543240785817062
ACTTGAG,0.56458108950922
ACTTGAT,0.542259866854641
ACTTGCA,0.543240785817062
ACTTGCC,0.607092624451385
ACTTGCG,0.572943722403313
ACTTGCT,0.533140459126653
ACTTGGA,0.53881905326644
ACTTGGC,0.533140459126653
ACTTGGG,0.573181630196659
ACTTGGT,0.539557367784301
ACTTGTA,0.541277984745362
ACTTGTC,0.572943722403313
ACTTGTG,0.585945319406368
ACTTGTT,0.518424441343436
ACTTTAA,0.531157712899333
ACTTTAC,0.544220743520313
ACTTTAG,0.542995646268147
ACTTTAT,0.540295137595975
ACTTTCA,0.537094196564764
ACTTTCC,0.540540939959579
ACTTTCG,0.569368296745289
ACTTTCT,0.517921778369032
ACTTTGA,0.552268960597983
ACTTTGC,0.538572827242263
ACTTTGG,0.518173141439992
ACTTTGT,0.591566194331503
ACTTTTA,0.543485865287306
ACTTTTC,0.56912947988968
ACTTTTG,0.561457070095372
ACTTTTT,0.52493617052785
AGAAAAA,0.501446144178857
AGAAAAC,0.522686905735711
AGAAAAG,0.520933973135489
AGAAAAT,0.563620891823023
AGAAACA,0.527429434307149
AGAAACC,0.529171027577895
AGAAACG,0.543485865287306
AGAAACT,0.521936025133474
AGAAAGA,0.499399484317814
AGAAAGC,0.54373088470832
AGAAAGG,0.55663174808883
AGAAAGT,0.520432570344204
AGAAATA,0.566019659536863
AGAAATC,0.54373088470832
AGAAATG,0.518926851774713
AGAAATT,0.533140459126653
AGAACAA,0.534624943148194
AGAACAC,0.544465582970065
AGAACAG,0.581944663753294
AGAACAT,0.548130999301753
AGAACCA,0.544465582970065
AGAACCC,0.612596204120012
AGAACCG,0.541277984745362
AGAACCT,0.530661411470054
AGAACGA,0.542750446611098
AGAACGC,0.573419481403349
AGAACGG,0.54373088470832
AGAACGT,0.571515085813964
AGAACTA,0.545444341745468
AGAACTC,0.54373088470832
AGAACTG,0.520432570344204
AGAACTT,0.525185776828227
AGAAGAA,0.613282026729814
AGAAGAC,0.552511837673372
AGAAGAG,0.614195725829269
AGAAGAT,0.630501139568894
AGAAGCA,0.585005427566031
AGAAGCC,0.550323817453749
AGAAGCG,0.585005427566031
AGAAGCT,0.545444341745468
AGAAGGA,0.586649659011245
AGAAGGC,0.566738169237826
AGAAGGG,0.637217368482937
AGAAGGT,0.513133835802823
AGAAGTA,0.58618015440056
AGAAGTC,0.581001002419431
AGAAGTG,0.545199741846535
AGAAGTT,0.563620891823023
AGAATAA,0.53610722674302
AGAATAC,0.565060842831145
AGAATAG,0.545933362129139
AGAATAT,0.539557367784301
AGAATCA,0.536847545417064
AGAATCC,0.562900138024713
AGAATCG,0.541769046311556
AGAATCT,0.530909592974082
AGAATGA,0.514648295717236
AGAATGC,0.570800001413671
AGAATGG,0.551539975235466
AGAATGT,0.588993881227237
AGAATTA,0.541277984745362
AGAATTC,0.541277984745362
AGAATTG,0.527180387479689
AGAATTT,0.566019659536863
AGACAAA,0.545199741846535
AGACAAC,0.570800001413671
AGACAAG,0.565780041533798
AGACAAT,0.546666444607543
AGACACA,0.55663174808883
AGACACC,0.527180387479689
AGACACG,0.567216889056327
AGACACT,0.582416160693904
AGACAGA,0.503488623777433
AGACAGC,0.552026024518989
AGACAGG,0.568412686931105
AGACAGT,0.538572827242263
AGACATA,0.546666444607543
AGACATC,0.561216356183953
AGACATG,0.559770854637779
AGACATT,0.560493866595183
AGACCAA,0.555905937358841
AGACCAC,0.548618707938343
AGACCAG,0.554937369522638
AGACCAT,0.532149577423238
AGACCCA,0.528425001836785
AGACCCC,0.560734754461784
AGACCCG,0.541277984745362
AGACCCT,0.599938707863548
AGACCGA,0.536600833417566
AGACCGC,0.54617778267235
AGACCGG,0.569607056581024
AGACCGT,0.564341126509425
AGACCTA,0.545933362129139
AGACCTC,0.534130359955369
AGACCTG,0.590163934783973
AGACCTT,0.568412686931105
AGACGAA,0.546422143488757
AGACGAC,0.547887055757054
AGACGAG,0.534624943148194
AGACGAT,0.548618707938343
AGACGCA,0.535119281849402
AGACGCC,0.540295137595975
AGACGCG,0.572943722403313
AGACGCT,0.560011916711166
AGACGGA,0.524686501908612
AGACGGC,0.547154867868876
AGACGGG,0.516412271644981
AGACGGT,0.541032363504604
AGACGTA,0.550567167362053
AGACGTC,0.547398990069681
AGACGTG,0.560734754461784
AGACGTT,0.550080408311853
AGACTAA,0.569845759424107
AGACTAC,0.542995646268147
AGACTAG,0.548618707938343
AGACTAT,0.618524432014478
AGACTCA,0.530661411470054
AGACTCC,0.551783029407716
AGACTCG,0.540540939959579
AGACTCT,0.55105368959315
AGACTGA,0.557115329406598
AGACTGC,0.529916497179467
AGACTGG,0.553967862653191
AGACTGT,0.542750446611098
AGACTTA,0.539065218678287
AGACTTC,0.566977557793659
AGACTTG,0.538326540575898
AGACTTT,0.585005427566031
AGAGAAA,0.503743640652428
AGAGAAC,0.560493866595183
AGAGAAG,0.547643052689382
AGAGAAT,0.530164863603354
AGAGACA,0.544955082103854
AGAGACC,0.511110981494617
AGAGACG,0.520432570344204
AGAGACT,0.555663883334684
AGAGAGA,0.539065218678287
AGAGAGC,0.591332620915189
AGAGAGG,0.558323260591808
AGAGAGT,0.556389869707581
AGAGATA,0.53586033200784
AGAGATC,0.536847545417064
AGAGATG,0.603637442062089
AGAGATT,0.581708831890764
AGAGCAA,0.565060842831145
AGAGCAC,0.55928855608816
AGAGCAG,0.596691054855315
AGAGCAT,0.61122314622751
AGAGCCA,0.590397781301938
AGAGCCC,0.656005319855295
AGAGCCG,0.572467736948908
AGAGCCT,0.575794887115326
AGAGCGA,0.539803351538071
AGAGCGC,0.61236749202076
AGAGCGG,0.523687203620185
AGAGCGT,0.595761213444788
AGAGCTA,0.541277984745362
AGAGCTC,0.585005427566031
AGAGCTG,0.675521057286595
AGAGCTT,0.523937121826358
AGAGGAA,0.566977557793659
AGAGGAC,0.529419579197413
AGAGGAG,0.576980477359578
AGAGGAT,0.556873567979075
AGAGGCA,0.566019659536863
AGAGGCC,0.603637442062089
AGAGGCG,0.592033177558194
AGAGGCT,0.556873567979075
AGAGGGA,0.55928855608816
AGAGGGC,0.575794887115326
AGAGGGG,0.64676597491373
AGAGGGT,0.534624943148194
AGAGGTA,0.541277984745362
AGAGGTC,0.562659771271024
AGAGGTG,0.53610722674302
AGAGGTT,0.518173141439992
AGAGTAA,0.536354060536236
AGAGTAC,0.545444341745468
AGAGTAG,0.545933362129139
AGAGTAT,0.54373088470832
AGAGTCA,0.535119281849402
AGAGTCC,0.548374883352512
AGAGTCG,0.571276781158874
AGAGTCT,0.531653768135685
AGAGTGA,0.553967862653191
AGAGTGC,0.524436770939387
AGAGTGG,0.549106178831164
AGAGTGT,0.536847545417064
AGAGTTA,0.564101105913567
AGAGTTC,0.615108590844724
AGAGTTG,0.527180387479689
AGAGTTT,0.532892830733711
AGATAAA,0.536600833417566
AGATAAC,0.53586033200784
AGATAAG,0.542995646268147
AGATAAT,0.542750446611098
AGATACA,0.545444341745468
AGATACC,0.566738169237826
AGATACG,0.54617778267235
AGATACT,0.566738169237826
AGATAGA,0.539803351538071
AGATAGC,0.539803351538071
AGATAGG,0.53881905326644
AGATAGT,0.547398990069681
AGATATA,0.546666444607543
AGATATC,0.548618707938343
AGATATG,0.54373088470832
AGATATT,0.542259866854641
AGATCAA,0.54568888182992
AGATCAC,0.526931278612457
AGATCAG,0.530164863603354
AGATCAT,0.532149577423238
AGATCCA,0.530164863603354
AGATCCC,0.602252019442119
AGATCCG,0.566977557793659
AGATCCT,0.556873567979075
AGATCGA,0.589462066945777
AGATCGC,0.587118943290794
AGATCGG,0.547154867868876
AGATCGT,0.544710362488134
AGATCTA,0.595528617934781
AGATCTC,0.527429434307149
AGATCTG,0.564820994940588
AGATCTT,0.586884328679486
AGATGAA,0.628252335116957
AGATGAC,0.552997414927933
AGATGAG,0.593199682444231
AGATGAT,0.563620891823023
AGATGCA,0.578637945793287
AGATGCC,0.553240115164351
AGATGCG,0.572467736948908
AGATGCT,0.560252920687636
AGATGGA,0.619887508132506
AGATGGC,0.568173641723396
AGATGGG,0.612596204120012
AGATGGT,0.632520748791554
AGATGTA,0.571515085813964
AGATGTC,0.548862473088237
AGATGTG,0.534377682128348
AGATGTT,0.52892241416511
AGATTAA,0.540786681919229
AGATTAC,0.558806024814404
AGATTAG,0.567695379811815
AGATTAT,0.546422143488757
AGATTCA,0.533388026214955
AGATTCC,0.560493866595183
AGATTCG,0.547398990069681
AGATTCT,0.552754655773811
AGATTGA,0.586649659011245
AGATTGC,0.589462066945777
AGATTGG,0.562659771271024
AGATTGT,0.557598676986502
AGATTTA,0.565540366100184
AGATTTC,0.53881905326644
AGATTTG,0.558081791054386
AGATTTT,0.555905937358841
AGCAAAA,0.535613376300595
AGCAAAC,0.563861027693991
AGCAAAG,0.531405771276359
AGCAAAT,0.561938324158355
AGCAACA,0.542505186816431
AGCAACC,0.561457070095372
AGCAACG,0.54617778267235
AGCAACT,0.539065218678287
AGCAAGA,0.538080193237468
AGCAAGC,0.532397389912406
AGCAAGG,0.577217426826797
AGCAAGT,0.567934539359412
AGCAATA,0.540540939959579
AGCAATC,0.547154867868876
AGCAATG,0.562659771271024
AGCAATT,0.520181774640252
AGCACAA,0.545199741846535
AGCACAC,0.535366359591164
AGCACAG,0.521936025133474
AGCACAT,0.536847545417064
AGCACCA,0.549349825196072
AGCACCC,0.550323817453749
AGCACCG,0.588993881227237
AGCACCT,0.534377682128348
AGCACGA,0.545933362129139
AGCACGC,0.566019659536863
AGCACGG,0.542750446611098
AGCACGT,0.541769046311556
AGCACTA,0.543975844109523
AGCACTC,0.570561526269369
AGCACTG,0.547643052689382
AGCACTT,0.504508301307807
AGCAGAA,0.555421770706192
AGCAGAC,0.575557600298196
AGCAGAG,0.55928855608816
AGCAGAT,0.650515999312736
AGCAGCA,0.600170279983479
AGCAGCC,0.633193046476878
AGCAGCG,0.682155916565821
AGCAGCT,0.631847998817963
AGCAGGA,0.705975052065857
AGCAGGC,0.545199741846535
AGCAGGG,0.654032633958312
AGCAGGT,0.630950294240941
AGCAGTA,0.533635532028962
AGCAGTC,0.550080408311853
AGCAGTG,0.526183579462832
AGCAGTT,0.534377682128348
AGCATAA,0.549836939907521
AGCATAC,0.574845401829444
AGCATAG,0.54617778267235
AGCATAT,0.543975844109523
AGCATCA,0.532645141005759
AGCATCC,0.560011916711166
AGCATCG,0.567934539359412
AGCATCT,0.573419481403349
AGCATGA,0.542259866854641
AGCATGC,0.542505186816431
AGCATGG,0.580292671570626
AGCATGT,0.536600833417566
AGCATTA,0.539803351538071
AGCATTC,0.542014486696199
AGCATTG,0.583358488170663
AGCATTT,0.552268960597983
AGCCAAA,0.542259866854641
AGCCAAC,0.561216356183953
AGCCAAG,0.543975844109523
AGCCAAT,0.585005427566031
AGCCACA,0.551296861973523
AGCCACC,0.5279273419663
AGCCACG,0.563861027693991
AGCCACT,0.556873567979075
AGCCAGA,0.521435124648002
AGCCAGC,0.551539975235466
AGCCAGG,0.703472344265147
AGCCAGT,0.553482756511656
AGCCATA,0.537833785197073
AGCCATC,0.566977557793659
AGCCATG,0.644774959991142
AGCCATT,0.560975584315396
AGCCCAA,0.533882976599
AGCCCAC,0.565780041533798
AGCCCAG,0.57934744928964
AGCCCAT,0.607552414747027
AGCCCCA,0.602252019442119
AGCCCCC,0.54691068605787
AGCCCCG,0.656443166526667
AGCCCCT,0.593665903659702
AGCCCGA,0.558323260591808
AGCCCGC,0.580764947880173
AGCCCGG,0.619433355837054
AGCCCGT,0.556389869707581
AGCCCTA,0.583358488170663
AGCCCTC,0.556873567979075
AGCCCTG,0.650515999312736
AGCCCTT,0.555179599444978
AGCCGAA,0.548374883352512
AGCCGAC,0.54691068605787
AGCCGAG,0.669922190692982
AGCCGAT,0.574845401829444
AGCCGCA,0.613053471450636
AGCCGCC,0.667760405896127
AGCCGCG,0.651176310995193
AGCCGCT,0.584535150164402
AGCCGGA,0.579820172110774
AGCCGGC,0.562659771271024
AGCCGGG,0.696767672264783
AGCCGGT,0.542995646268147
AGCCGTA,0.54691068605787
AGCCGTC,0.554695080910746
AGCCGTG,0.564101105913567
AGCCGTT,0.572467736948908
AGCCTAA,0.548862473088238
AGCCTAC,0.538572827242263
AGCCTAG,0.532645141005759
AGCCTAT,0.556389869707581
AGCCTCA,0.510098017790951
AGCCTCC,0.525934222127104
AGCCTCG,0.604329434262797
AGCCTCT,0.541769046311556
AGCCTGA,0.567695379811815
AGCCTGC,0.637440467776315
AGCCTGG,0.521435124648002
AGCCTGT,0.552026024518989
AGCCTTA,0.546666444607543
AGCCTTC,0.555179599444978
AGCCTTG,0.553482756511656
AGCCTTT,0.518926851774713
AGCGAAA,0.548130999301753
AGCGAAC,0.548130999301753
AGCGAAG,0.547398990069681
AGCGAAT,0.542014486696199
AGCGACA,0.54617778267235
AGCGACC,0.569845759424107
AGCGACG,0.570322994241107
AGCGACT,0.54691068605787
AGCGAGA,0.542505186816431
AGCGAGC,0.592499942813337
AGCGAGG,0.635430780028789
AGCGAGT,0.547154867868876
AGCGATA,0.548374883352512
AGCGATC,0.533635532028962
AGCGATG,0.565300633208485
AGCGATT,0.533882976599
AGCGCAA,0.543240785817062
AGCGCAC,0.547643052689382
AGCGCAG,0.631399247263637
AGCGCAT,0.529668069054375
AGCGCCA,0.588525476208152
AGCGCCC,0.614424020219006
AGCGCCG,0.608930518550468
AGCGCCT,0.678308779052365
AGCGCGA,0.547398990069681
AGCGCGC,0.609389464770023
AGCGCGG,0.659284506492715
AGCGCGT,0.571276781158874
AGCGCTA,0.570800001413671
AGCGCTC,0.588759706143102
AGCGCTG,0.610077489406554
AGCGCTT,0.54373088470832
AGCGGAA,0.571038419701138
AGCGGAC,0.571515085813964
AGCGGAG,0.605481691541534
AGCGGAT,0.568173641723396
AGCGGCA,0.606402542376409
AGCGGCC,0.579583838633565
AGCGGCG,0.562659771271024
AGCGGCT,0.654252013550837
AGCGGGA,0.585240483357526
AGCGGGC,0.649634904948131
AGCGGGG,0.514143730546069
AGCGGGT,0.562659771271024
AGCGGTA,0.550810458065586
AGCGGTC,0.54691068605787
AGCGGTG,0.585475483910779
AGCGGTT,0.539803351538071
AGCGTAA,0.550810458065586
AGCGTAC,0.573181630196659
AGCGTAG,0.548374883352512
AGCGTAT,0.54691068605787
AGCGTCA,0.54617778267235
AGCGTCC,0.532149577423238
AGCGTCG,0.573657276050295
AGCGTCT,0.540049274798713
AGCGTGA,0.568890605986957
AGCGTGC,0.540786681919229
AGCGTGG,0.606402542376409
AGCGTGT,0.574132695772508
AGCGTTA,0.548130999301753
AGCGTTC,0.570322994241107
AGCGTTG,0.546666444607543
AGCGTTT,0.54373088470832
AGCTAAA,0.562419346727269
AGCTAAC,0.543240785817062
AGCTAAG,0.582651825824393
AGCTAAT,0.533140459126653
AGCTACA,0.546422143488757
AGCTACC,0.542505186816431
AGCTACG,0.54568888182992
AGCTACT,0.508576645704089
AGCTAGA,0.563620891823023
AGCTAGC,0.547887055757054
AGCTAGG,0.544465582970065
AGCTAGT,0.546666444607543
AGCTATA,0.546422143488757
AGCTATC,0.574607889578209
AGCTATG,0.569607056581024
AGCTATT,0.540049274798713
AGCTCAA,0.540295137595975
AGCTCAC,0.561938324158355
AGCTCAG,0.541769046311556
AGCTCAT,0.607552414747027
AGCTCCA,0.581237001250093
AGCTCCC,0.503488623777433
AGCTCCG,0.569607056581024
AGCTCCT,0.518675678111104
AGCTCGA,0.542995646268147
AGCTCGC,0.567216889056327
AGCTCGG,0.556389869707581
AGCTCGT,0.539311323507636
AGCTCTA,0.542750446611098
AGCTCTC,0.618297071915377
AGCTCTG,0.50781509081452
AGCTCTT,0.571038419701138
AGCTGAA,0.606632622651376
AGCTGAC,0.567216889056327
AGCTGAG,0.608471361602564
AGCTGAT,0.536600833417566
AGCTGCA,0.706807898032867
AGCTGCC,0.701381959108238
AGCTGCG,0.591098992929589
AGCTGCT,0.555421770706192
AGCTGGA,0.698448059280894
AGCTGGC,0.636324473243098
AGCTGGG,0.566738169237826
AGCTGGT,0.530661411470054
AGCTGTA,0.533140459126653
AGCTGTC,0.523937121826358
AGCTGTG,0.636101124805327
AGCTGTT,0.537833785197073
AGCTTAA,0.549836939907521
AGCTTAC,0.545933362129139
AGCTTAG,0.542750446611098
AGCTTAT,0.570322994241107
AGCTTCA,0.570322994241107
AGCTTCC,0.564341126509425
AGCTTCG,0.567934539359412
AGCTTCT,0.526183579462832
AGCTTGA,0.536847545417064
AGCTTGC,0.574370320901502
AGCTTGG,0.516412271644981
AGCTTGT,0.568173641723396
AGCTTTA,0.540540939959579
AGCTTTC,0.533882976599
AGCTTTG,0.552997414927933
AGCTTTT,0.554452733580856
AGGAAAA,0.520683303165441
AGGAAAC,0.533388026214955
AGGAAAG,0.523687203620185
AGGAAAT,0.516664014388918
AGGAACA,0.586649659011245
AGGAACC,0.608011993732707
AGGAACG,0.568173641723396
AGGAACT,0.529419579197413
AGGAAGA,0.576980477359578
AGGAAGC,0.574132695772508
AGGAAGG,0.616020623297602
AGGAAGT,0.523187179752425
AGGAATA,0.540540939959579
AGGAATC,0.537340786890677
AGGAATG,0.540540939959579
AGGAATT,0.556873567979075
AGGACAA,0.633193046476878
AGGACAC,0.52817620285971
AGGACAG,0.558806024814404
AGGACAT,0.535613376300595
AGGACCA,0.618297071915377
AGGACCC,0.619206202320537
AGGACCG,0.591098992929589
AGGACCT,0.621702057577085
AGGACGA,0.594830506624456
AGGACGC,0.567456163053246
AGGACGG,0.604329434262797
AGGACGT,0.584299928502264
AGGACTA,0.540540939959579
AGGACTC,0.559529734439456
AGGACTG,0.57222965923393
AGGACTT,0.615792693154077
AGGAGAA,0.573657276050295
AGGAGAC,0.592733243765148
AGGAGAG,0.514900482865168
AGGAGAT,0.624191699045668
AGGAGCA,0.709509866977851
AGGAGCC,0.669274145810357
AGGAGCG,0.605251346277056
AGGAGCT,0.840084067143796
AGGAGGA,0.761479493747381
AGGAGGC,0.544465582970065
AGGAGGG,0.567456163053246
AGGAGGT,0.561938324158355
AGGAGTA,0.542995646268147
AGGAGTC,0.524186977589027
AGGAGTG,0.594364828181918
AGGAGTT,0.588525476208152
AGGATAA,0.539557367784301
AGGATAC,0.534872143045142
AGGATAG,0.543240785817062
AGGATAT,0.544220743520313
AGGATCA,0.574607889578209
AGGATCC,0.58218044001227
AGGATCG,0.542995646268147
AGGATCT,0.570800001413671
AGGATGA,0.665593937659347
AGGATGC,0.534130359955369
AGGATGG,0.561938324158355
AGGATGT,0.56458108950922
AGGATTA,0.53881905326644
AGGATTC,0.532397389912406
AGGATTG,0.539803351538071
AGGATTT,0.520181774640252
AGGCAAA,0.528425001836785
AGGCAAC,0.543485865287306
AGGCAAG,0.582651825824393
AGGCAAT,0.544220743520313
AGGCACA,0.569845759424107
AGGCACC,0.600864674763142
AGGCACG,0.567934539359412
AGGCACT,0.560011916711166
AGGCAGA,0.537833785197073
AGGCAGC,0.584535150164402
AGGCAGG,0.535366359591164
AGGCAGT,0.581001002419431
AGGCATA,0.545444341745468
AGGCATC,0.58922800148624
AGGCATG,0.541769046311556
AGGCATT,0.521936025133474
AGGCCAA,0.538080193237468
AGGCCAC,0.576032117640779
AGGCCAG,0.567456163053246
AGGCCAT,0.610765040990636
AGGCCCA,0.604098823397714
AGGCCCC,0.613510529783412
AGGCCCG,0.765020149635898
AGGCCCT,0.556389869707581
AGGCCGA,0.529668069054375
AGGCCGC,0.565300633208485
AGGCCGG,0.667543970161773
AGGCCGT,0.61190991083474
AGGCCTA,0.557840263195344
AGGCCTC,0.640113784182655
AGGCCTG,0.64122556021313
AGGCCTT,0.569368296745289
AGGCGAA,0.547398990069681
AGGCGAC,0.571276781158874
AGGCGAG,0.634312539184134
AGGCGAT,0.541277984745362
AGGCGCA,0.533140459126653
AGGCGCC,0.576506409923444
AGGCGCG,0.530909592974082
AGGCGCT,0.566259220136895
AGGCGGA,0.568651675009859
AGGCGGC,0.793093885194958
AGGCGGG,0.662552975201648
AGGCGGT,0.584770316510321
AGGCGTA,0.547154867868876
AGGCGTC,0.615108590844724
AGGCGTG,0.519429009916496
AGGCGTT,0.541523545671142
AGGCTAA,0.532149577423238
AGGCTAC,0.546422143488757
AGGCTAG,0.531405771276359
AGGCTAT,0.548618707938343
AGGCTCA,0.609389464770023
AGGCTCC,0.529419579197413
AGGCTCG,0.537587316424791
AGGCTCT,0.54568888182992
AGGCTGA,0.503488623777433
AGGCTGC,0.520683303165441
AGGCTGG,0.501701682386297
AGGCTGT,0.542014486696199
AGGCTTA,0.534872143045142
AGGCTTC,0.5216856062534
AGGCTTG,0.561938324158355
AGGCTTT,0.61465226250231
AGGGAAA,0.549593412211889
AGGGAAC,0.539065218678287
AGGGAAG,0.613738980635293
AGGGAAT,0.527180387479689
AGGGACA,0.568412686931105
AGGGACC,0.592499942813337
AGGGACG,0.588759706143102
AGGGACT,0.583122989536624
AGGGAGA,0.728832911703062
AGGGAGC,0.529171027577895
AGGGAGG,0.463153327303292
AGGGAGT,0.56649872336139
AGGGATA,0.545199741846535
AGGGATC,0.544955082103854
AGGGATG,0.556389869707581
AGGGATT,0.604559991958769
AGGGCAA,0.534377682128348
AGGGCAC,0.515404666446114
AGGGCAG,0.625321308470092
AGGGCAT,0.609389464770023
AGGGCCA,0.681729187000741
AGGGCCC,0.622381665645589
AGGGCCG,0.574132695772508
AGGGCCT,0.624191699045668
AGGGCGA,0.587118943290794
AGGGCGC,0.571276781158874
AGGGCGG,0.604790496510143
AGGGCGT,0.542750446611098
AGGGCTA,0.595528617934781
AGGGCTC,0.53586033200784
AGGGCTG,0.560734754461784
AGGGCTT,0.537094196564764
AGGGGAA,0.524686501908612
AGGGGAC,0.530413168356677
AGGGGAG,0.616931824705167
AGGGGAT,0.557840263195344
AGGGGCA,0.569845759424107
AGGGGCC,0.646544946692441
AGGGGCG,0.580292671570626
AGGGGCT,0.622834481233966
AGGGGGA,0.629602224551602
AGGGGGC,0.583829319125197
AGGGGGG,0.576032117640779
AGGGGGT,0.569368296745289
AGGGGTA,0.567456163053246
AGGGGTC,0.526682107674533
AGGGGTG,0.526183579462832
AGGGGTT,0.615564711046558
AGGGTAA,0.571991524824455
AGGGTAC,0.54617778267235
AGGGTAG,0.538572827242263
AGGGTAT,0.567456163053246
AGGGTCA,0.576980477359578
AGGGTCC,0.617842196580541
AGGGTCG,0.590631573148494
AGGGTCT,0.545933362129139
AGGGTGA,0.703681142647594
AGGGTGC,0.571753333693476
AGGGTGG,0.492203006731939
AGGGTGT,0.600633263408465
AGGGTTA,0.542505186816431
AGGGTTC,0.554695080910746
AGGGTTG,0.568173641723396
AGGGTTT,0.523187179752425
AGGTAAA,0.531405771276359
AGGTAAC,0.567695379811815
AGGTAAG,0.5279273419663
AGGTAAT,0.549593412211889
AGGTACA,0.53881905326644
AGGTACC,0.558564671835767
AGGTACG,0.545933362129139
AGGTACT,0.613738980635293
AGGTAGA,0.536600833417566
AGGTAGC,0.546666444607543
AGGTAGG,0.540049274798713
AGGTAGT,0.542014486696199
AGGTATA,0.54373088470832
AGGTATC,0.54373088470832
AGGTATG,0.538080193237468
AGGTATT,0.540786681919229
AGGTCAA,0.561457070095372
AGGTCAC,0.57816466364396
AGGTCAG,0.524186977589027
AGGTCAT,0.529171027577895
AGGTCCA,0.533388026214955
AGGTCCC,0.582887435429914
AGGTCCG,0.571276781158874
AGGTCCT,0.557598676986502
AGGTCGA,0.547398990069681
AGGTCGC,0.546666444607543
AGGTCGG,0.559529734439456
AGGTCGT,0.564820994940588
AGGTCTA,0.546666444607543
AGGTCTC,0.573657276050295
AGGTCTG,0.522937074028329
AGGTCTT,0.533388026214955
AGGTGAA,0.629377369482975
AGGTGAC,0.574132695772508
AGGTGAG,0.55735703239966
AGGTGAT,0.522186381319632
AGGTGCA,0.610994119841624
AGGTGCC,0.571038419701138
AGGTGCG,0.651836186953829
AGGTGCT,0.621928644922364
AGGTGGA,0.565300633208485
AGGTGGC,0.589696077631495
AGGTGGG,0.5216856062534
AGGTGGT,0.592966490300319
AGGTGTA,0.545199741846535
AGGTGTC,0.560011916711166
AGGTGTG,0.686837962481169
AGGTGTT,0.549593412211889
AGGTTAA,0.541277984745362
AGGTTAC,0.544710362488134
AGGTTAG,0.538572827242263
AGGTTAT,0.542995646268147
AGGTTCA,0.532397389912406
AGGTTCC,0.554452733580856
AGGTTCG,0.544220743520313
AGGTTCT,0.518675678111104
AGGTTGA,0.536600833417566
AGGTTGC,0.52118458028585
AGGTTGG,0.572943722403313
AGGTTGT,0.53881905326644
AGGTTTA,0.539557367784301
AGGTTTC,0.522937074028329
AGGTTTG,0.558081791054386
AGGTTTT,0.564101105913567
AGTAAAA,0.533388026214955
AGTAAAC,0.54617778267235
AGTAAAG,0.567695379811815
AGTAAAT,0.541769046311556
AGTAACA,0.543485865287306
AGTAACC,0.54691068605787
AGTAACG,0.546422143488757
AGTAACT,0.53881905326644
AGTAAGA,0.549349825196072
AGTAAGC,0.54617778267235
AGTAAGG,0.549593412211889
AGTAAGT,0.535366359591164
AGTAATA,0.547643052689382
AGTAATC,0.546666444607543
AGTAATG,0.543240785817062
AGTAATT,0.563380698272967
AGTACAA,0.540786681919229
AGTACAC,0.54617778267235
AGTACAG,0.559047319555836
AGTACAT,0.541277984745362
AGTACCA,0.540049274798713
AGTACCC,0.567216889056327
AGTACCG,0.571515085813964
AGTACCT,0.543485865287306
AGTACGA,0.571753333693476
AGTACGC,0.573657276050295
AGTACGG,0.593898932781932
AGTACGT,0.549349825196072
AGTACTA,0.544955082103854
AGTACTC,0.54617778267235
AGTACTG,0.536847545417064
AGTACTT,0.566738169237826
AGTAGAA,0.535119281849402
AGTAGAC,0.547154867868876
AGTAGAG,0.528425001836785
AGTAGAT,0.539065218678287
AGTAGCA,0.54691068605787
AGTAGCC,0.542259866854641
AGTAGCG,0.544955082103854
AGTAGCT,0.500423337850318
AGTAGGA,0.53610722674302
AGTAGGC,0.544220743520313
AGTAGGG,0.554937369522638
AGTAGGT,0.535613376300595
AGTAGTA,0.539557367784301
AGTAGTC,0.549593412211889
AGTAGTG,0.56912947988968
AGTAGTT,0.544465582970065
AGTATAA,0.544220743520313
AGTATAC,0.550810458065586
AGTATAG,0.541277984745362
AGTATAT,0.547398990069681
AGTATCA,0.537340786890677
AGTATCC,0.587118943290794
AGTATCG,0.550810458065586
AGTATCT,0.540786681919229
AGTATGA,0.539065218678287
AGTATGC,0.546422143488757
AGTATGG,0.612138727600317
AGTATGT,0.536354060536236
AGTATTA,0.566977557793659
AGTATTC,0.544465582970065
AGTATTG,0.593898932781932
AGTATTT,0.537587316424791
AGTCAAA,0.543975844109523
AGTCAAC,0.542014486696199
AGTCAAG,0.544710362488134
AGTCAAT,0.566259220136895
AGTCACA,0.529916497179467
AGTCACC,0.540540939959579
AGTCACG,0.547643052689382
AGTCACT,0.563140447016109
AGTCAGA,0.539311323507636
AGTCAGC,0.553967862653191
AGTCAGG,0.528425001836785
AGTCAGT,0.534377682128348
AGTCATA,0.596691054855315
AGTCATC,0.544220743520313
AGTCATG,0.543485865287306
AGTCATT,0.540786681919229
AGTCCAA,0.56912947988968
AGTCCAC,0.541032363504604
AGTCCAG,0.569368296745289
AGTCCAT,0.565780041533798
AGTCCCA,0.543240785817062
AGTCCCC,0.586649659011245
AGTCCCG,0.539557367784301
AGTCCCT,0.528425001836785
AGTCCGA,0.562419346727269
AGTCCGC,0.571038419701138
AGTCCGG,0.56649872336139
AGTCCGT,0.547398990069681
AGTCCTA,0.568651675009859
AGTCCTC,0.557840263195344
AGTCCTG,0.555663883334684
AGTCCTT,0.534872143045142
AGTCGAA,0.548618707938343
AGTCGAC,0.549593412211889
AGTCGAG,0.594364828181918
AGTCGAT,0.550810458065586
AGTCGCA,0.549836939907521
AGTCGCC,0.54373088470832
AGTCGCG,0.550323817453749
AGTCGCT,0.545444341745468
AGTCGGA,0.546422143488757
AGTCGGC,0.561216356183953
AGTCGGG,0.564341126509425
AGTCGGT,0.574607889578209
AGTCGTA,0.549836939907521
AGTCGTC,0.547887055757054
AGTCGTG,0.545199741846535
AGTCGTT,0.548862473088238
AGTCTAA,0.544465582970065
AGTCTAC,0.548862473088238
AGTCTAG,0.573419481403349
AGTCTAT,0.541277984745362
AGTCTCA,0.532892830733711
AGTCTCC,0.537094196564764
AGTCTCG,0.543485865287306
AGTCTCT,0.549836939907521
AGTCTGA,0.576032117640779
AGTCTGC,0.560011916711166
AGTCTGG,0.512375744880512
AGTCTGT,0.542505186816431
AGTCTTA,0.545199741846535
AGTCTTC,0.53610722674302
AGTCTTG,0.520181774640252
AGTCTTT,0.564820994940588
AGTGAAA,0.533635532028962
AGTGAAC,0.53881905326644
AGTGAAG,0.52817620285971
AGTGAAT,0.542259866854641
AGTGACA,0.55735703239966
AGTGACC,0.578874502895948
AGTGACG,0.537833785197073
AGTGACT,0.52643287463498
AGTGAGA,0.530413168356677
AGTGAGC,0.610077489406554
AGTGAGG,0.567216889056327
AGTGAGT,0.547398990069681
AGTGATA,0.544220743520313
AGTGATC,0.592266587419491
AGTGATG,0.600401798490179
AGTGATT,0.533882976599
AGTGCAA,0.542505186816431
AGTGCAC,0.566738169237826
AGTGCAG,0.589696077631495
AGTGCAT,0.532149577423238
AGTGCCA,0.64787038381141
AGTGCCC,0.590631573148494
AGTGCCG,0.570084405301741
AGTGCCT,0.554695080910746
AGTGCGA,0.570322994241107
AGTGCGC,0.590631573148494
AGTGCGG,0.536600833417566
AGTGCGT,0.549106178831164
AGTGCTA,0.54373088470832
AGTGCTC,0.561216356183953
AGTGCTG,0.501446144178857
AGTGCTT,0.534130359955369
AGTGGAA,0.576743471734003
AGTGGAC,0.576032117640779
AGTGGAG,0.632520748791554
AGTGGAT,0.542505186816431
AGTGGCA,0.510098017790951
AGTGGCC,0.609618858917098
AGTGGCG,0.571991524824455
AGTGGCT,0.508576645704089
AGTGGGA,0.532892830733711
AGTGGGC,0.553240115164351
AGTGGGG,0.553482756511656
AGTGGGT,0.510351354929557
AGTGGTA,0.548130999301753
AGTGGTC,0.537587316424791
AGTGGTG,0.557840263195344
AGTGGTT,0.552511837673372
AGTGTAA,0.56649872336139
AGTGTAC,0.566738169237826
AGTGTAG,0.562178864365651
AGTGTAT,0.53881905326644
AGTGTCA,0.54691068605787
AGTGTCC,0.646323869606876
AGTGTCG,0.569607056581024
AGTGTCT,0.587588007445904
AGTGTGA,0.609618858917098
AGTGTGC,0.525934222127104
AGTGTGG,0.541032363504604
AGTGTGT,0.569368296745289
AGTGTTA,0.541523545671142
AGTGTTC,0.570561526269369
AGTGTTG,0.575794887115326
AGTGTTT,0.536847545417064
AGTTAAA,0.537340786890677
AGTTAAC,0.544220743520313
AGTTAAG,0.544710362488134
AGTTAAT,0.540295137595975
AGTTACA,0.565540366100184
AGTTACC,0.543975844109523
AGTTACG,0.547887055757054
AGTTACT,0.544955082103854
AGTTAGA,0.546422143488757
AGTTAGC,0.54691068605787
AGTTAGG,0.546666444607543
AGTTAGT,0.546422143488757
AGTTATA,0.542014486696199
AGTTATC,0.595761213444788
AGTTATG,0.563861027693991
AGTTATT,0.538326540575898
AGTTCAA,0.537587316424791
AGTTCAC,0.590865310349197
AGTTCAG,0.585945319406368
AGTTCAT,0.545933362129139
AGTTCCA,0.539557367784301
AGTTCCC,0.529171027577895
AGTTCCG,0.54691068605787
AGTTCCT,0.5279273419663
AGTTCGA,0.567216889056327
AGTTCGC,0.57222965923393
AGTTCGG,0.54691068605787
AGTTCGT,0.572705757996379
AGTTCTA,0.568890605986957
AGTTCTC,0.560975584315396
AGTTCTG,0.565780041533798
AGTTCTT,0.534624943148194
AGTTGAA,0.582416160693904
AGTTGAC,0.542014486696199
AGTTGAG,0.531901703507817
AGTTGAT,0.542014486696199
AGTTGCA,0.560252920687636
AGTTGCC,0.563861027693991
AGTTGCG,0.550080408311853
AGTTGCT,0.535366359591164
AGTTGGA,0.586414934260225
AGTTGGC,0.542995646268147
AGTTGGG,0.547154867868876
AGTTGGT,0.538572827242263
AGTTGTA,0.542995646268147
AGTTGTC,0.545444341745468
AGTTGTG,0.53881905326644
AGTTGTT,0.535613376300595
AGTTTAA,0.5542103275045
AGTTTAC,0.591098992929589
AGTTTAG,0.540049274798713
AGTTTAT,0.540049274798713
AGTTTCA,0.52892241416511
AGTTTCC,0.573657276050295
AGTTTCG,0.540540939959579
AGTTTCT,0.527678419125729
AGTTTGA,0.52493617052785
AGTTTGC,0.533388026214955
AGTTTGG,0.532397389912406
AGTTTGT,0.538326540575898
AGTTTTA,0.563861027693991
AGTTTTC,0.535613376300595
AGTTTTG,0.537833785197073
AGTTTTT,0.559770854637779
ATAAAAA,0.5216856062534
ATAAAAC,0.54373088470832
ATAAAAG,0.534872143045142
ATAAAAT,0.563620891823023
ATAAACA,0.542750446611098
ATAAACC,0.535613376300595
ATAAACG,0.547887055757054
ATAAACT,0.544465582970065
ATAAAGA,0.52817620285971
ATAAAGC,0.545199741846535
ATAAAGG,0.543485865287306
ATAAAGT,0.542014486696199
ATAAATA,0.52817620285971
ATAAATC,0.542995646268147
ATAAATG,0.584299928502264
ATAAATT,0.541032363504604
ATAACAA,0.543975844109523
ATAACAC,0.548618707938343
ATAACAG,0.571038419701138
ATAACAT,0.573181630196659
ATAACCA,0.544955082103854
ATAACCC,0.550080408311853
ATAACCG,0.550323817453749
ATAACCT,0.55105368959315
ATAACGA,0.548618707938343
ATAACGC,0.550323817453749
ATAACGG,0.549106178831164
ATAACGT,0.574370320901502
ATAACTA,0.549593412211889
ATAACTC,0.549349825196072
ATAACTG,0.543240785817062
ATAACTT,0.541032363504604
ATAAGAA,0.538572827242263
ATAAGAC,0.549349825196072
ATAAGAG,0.542014486696199
ATAAGAT,0.539803351538071
ATAAGCA,0.53586033200784
ATAAGCC,0.541032363504604
ATAAGCG,0.550810458065586
ATAAGCT,0.547154867868876
ATAAGGA,0.543240785817062
ATAAGGC,0.542995646268147
ATAAGGG,0.54568888182992
ATAAGGT,0.539311323507636
ATAAGTA,0.54373088470832
ATAAGTC,0.546666444607543
ATAAGTG,0.531405771276359
ATAAGTT,0.54568888182992
ATAATAA,0.532149577423238
ATAATAC,0.547398990069681
ATAATAG,0.571038419701138
ATAATAT,0.54373088470832
ATAATCA,0.540295137595975
ATAATCC,0.536600833417566
ATAATCG,0.548862473088238
ATAATCT,0.545199741846535
ATAATGA,0.564820994940588
ATAATGC,0.572467736948908
ATAATGG,0.539803351538071
ATAATGT,0.532892830733711
ATAATTA,0.545444341745468
ATAATTC,0.544465582970065
ATAATTG,0.540786681919229
ATAATTT,0.539557367784301
ATACAAA,0.522186381319632
ATACAAC,0.543485865287306
ATACAAG,0.536354060536236
ATACAAT,0.560975584315396
ATACACA,0.549106178831164
ATACACC,0.546666444607543
ATACACG,0.546422143488757
ATACACT,0.541769046311556
ATACAGA,0.539557367784301
ATACAGC,0.571753333693476
ATACAGG,0.545444341745468
ATACAGT,0.533635532028962
ATACATA,0.540540939959579
ATACATC,0.550080408311853
ATACATG,0.536354060536236
ATACATT,0.53610722674302
ATACCAA,0.572467736948908
ATACCAC,0.565300633208485
ATACCAG,0.544465582970065
ATACCAT,0.571991524824455
ATACCCA,0.545444341745468
ATACCCC,0.562419346727269
ATACCCG,0.548618707938343
ATACCCT,0.568173641723396
ATACCGA,0.550810458065586
ATACCGC,0.549106178831164
ATACCGG,0.547154867868876
ATACCGT,0.550080408311853
ATACCTA,0.542505186816431
ATACCTC,0.562178864365651
ATACCTG,0.537587316424791
ATACCTT,0.540786681919229
ATACGAA,0.549106178831164
ATACGAC,0.550810458065586
ATACGAG,0.548374883352512
ATACGAT,0.550810458065586
ATACGCA,0.550080408311853
ATACGCC,0.548862473088238
ATACGCG,0.550810458065586
ATACGCT,0.550323817453749
ATACGGA,0.549349825196072
ATACGGC,0.54691068605787
ATACGGG,0.549349825196072
ATACGGT,0.550810458065586
ATACGTA,0.544710362488134
ATACGTC,0.540049274798713
ATACGTG,0.547398990069681
ATACGTT,0.548130999301753
ATACTAA,0.548618707938343
ATACTAC,0.548862473088238
ATACTAG,0.548374883352512
ATACTAT,0.568173641723396
ATACTCA,0.570800001413671
ATACTCC,0.54617778267235
ATACTCG,0.549836939907521
ATACTCT,0.540786681919229
ATACTGA,0.543240785817062
ATACTGC,0.549836939907521
ATACTGG,0.533635532028962
ATACTGT,0.548130999301753
ATACTTA,0.548130999301753
ATACTTC,0.544220743520313
ATACTTG,0.542259866854641
ATACTTT,0.54568888182992
ATAGAAA,0.534624943148194
ATAGAAC,0.545444341745468
ATAGAAG,0.54373088470832
ATAGAAT,0.548618707938343
ATAGACA,0.54373088470832
ATAGACC,0.54568888182992
ATAGACG,0.547398990069681
ATAGACT,0.542995646268147
ATAGAGA,0.554452733580856
ATAGAGC,0.545933362129139
ATAGAGG,0.562659771271024
ATAGAGT,0.54617778267235
ATAGATA,0.545933362129139
ATAGATC,0.548862473088238
ATAGATG,0.547154867868876
ATAGATT,0.543240785817062
ATAGCAA,0.541769046311556
ATAGCAC,0.544955082103854
ATAGCAG,0.535366359591164
ATAGCAT,0.570561526269369
ATAGCCA,0.570322994241107
ATAGCCC,0.544955082103854
ATAGCCG,0.548618707938343
ATAGCCT,0.542014486696199
ATAGCGA,0.54568888182992
ATAGCGC,0.547643052689382
ATAGCGG,0.550567167362053
ATAGCGT,0.550323817453749
ATAGCTA,0.549106178831164
ATAGCTC,0.54568888182992
ATAGCTG,0.539065218678287
ATAGCTT,0.541032363504604
ATAGGAA,0.545444341745468
ATAGGAC,0.548374883352512
ATAGGAG,0.566977557793659
ATAGGAT,0.548374883352512
ATAGGCA,0.567216889056327
ATAGGCC,0.568651675009859
ATAGGCG,0.572943722403313
ATAGGCT,0.541032363504604
ATAGGGA,0.5279273419663
ATAGGGC,0.549106178831164
ATAGGGG,0.54568888182992
ATAGGGT,0.53881905326644
ATAGGTA,0.569607056581024
ATAGGTC,0.548862473088238
ATAGGTG,0.536354060536236
ATAGGTT,0.544955082103854
ATAGTAA,0.54373088470832
ATAGTAC,0.550567167362053
ATAGTAG,0.54568888182992
ATAGTAT,0.539803351538071
ATAGTCA,0.544220743520313
ATAGTCC,0.549593412211889
ATAGTCG,0.550810458065586
ATAGTCT,0.54568888182992
ATAGTGA,0.543975844109523
ATAGTGC,0.544955082103854
ATAGTGG,0.542259866854641
ATAGTGT,0.544465582970065
ATAGTTA,0.548618707938343
ATAGTTC,0.618524432014478
ATAGTTG,0.546422143488757
ATAGTTT,0.544710362488134
ATATAAA,0.53881905326644
ATATAAC,0.544465582970065
ATATAAG,0.54373088470832
ATATAAT,0.545933362129139
ATATACA,0.541769046311556
ATATACC,0.574845401829444
ATATACG,0.541523545671142
ATATACT,0.546422143488757
ATATAGA,0.539065218678287
ATATAGC,0.547398990069681
ATATAGG,0.54568888182992
ATATAGT,0.544220743520313
ATATATA,0.527429434307149
ATATATC,0.549106178831164
ATATATG,0.593199682444231
ATATATT,0.542259866854641
ATATCAA,0.544710362488134
ATATCAC,0.56912947988968
ATATCAG,0.545444341745468
ATATCAT,0.540540939959579
ATATCCA,0.548130999301753
ATATCCC,0.548130999301753
ATATCCG,0.548618707938343
ATATCCT,0.549349825196072
ATATCGA,0.550810458065586
ATATCGC,0.544710362488134
ATATCGG,0.54691068605787
ATATCGT,0.574132695772508
ATATCTA,0.544465582970065
ATATCTC,0.54617778267235
ATATCTG,0.540540939959579
ATATCTT,0.54691068605787
ATATGAA,0.568651675009859
ATATGAC,0.545199741846535
ATATGAG,0.542259866854641
ATATGAT,0.595993754866704
ATATGCA,0.541277984745362
ATATGCC,0.549836939907521
ATATGCG,0.550080408311853
ATATGCT,0.543975844109523
ATATGGA,0.54617778267235
ATATGGC,0.569607056581024
ATATGGG,0.567934539359412
ATATGGT,0.544710362488134
ATATGTA,0.545933362129139
ATATGTC,0.548618707938343
ATATGTG,0.544220743520313
ATATGTT,0.544465582970065
ATATTAA,0.541277984745362
ATATTAC,0.544955082103854
ATATTAG,0.546422143488757
ATATTAT,0.544465582970065
ATATTCA,0.546422143488757
ATATTCC,0.540049274798713
ATATTCG,0.574845401829444
ATATTCT,0.541769046311556
ATATTGA,0.541523545671142
ATATTGC,0.540540939959579
ATATTGG,0.559047319555836
ATATTGT,0.545444341745468
ATATTTA,0.537340786890677
ATATTTC,0.563380698272967
ATATTTG,0.539311323507636
ATATTTT,0.531405771276359
ATCAAAA,0.538572827242263
ATCAAAC,0.54691068605787
ATCAAAG,0.561697726077547
ATCAAAT,0.545933362129139
ATCAACA,0.545444341745468
ATCAACC,0.545933362129139
ATCAACG,0.542014486696199
ATCAACT,0.534377682128348
ATCAAGA,0.543975844109523
ATCAAGC,0.542750446611098
ATCAAGG,0.587118943290794
ATCAAGT,0.536847545417064
ATCAATA,0.550567167362053
ATCAATC,0.547643052689382
ATCAATG,0.548618707938343
ATCAATT,0.545933362129139
ATCACAA,0.537587316424791
ATCACAC,0.532892830733711
ATCACAG,0.554937369522638
ATCACAT,0.543485865287306
ATCACCA,0.563380698272967
ATCACCC,0.538572827242263
ATCACCG,0.59831619976511
ATCACCT,0.609160017989199
ATCACGA,0.547398990069681
ATCACGC,0.547643052689382
ATCACGG,0.569845759424107
ATCACGT,0.54568888182992
ATCACTA,0.546422143488757
ATCACTC,0.547154867868876
ATCACTG,0.537094196564764
ATCACTT,0.534872143045142
ATCAGAA,0.538326540575898
ATCAGAC,0.54373088470832
ATCAGAG,0.526931278612457
ATCAGAT,0.536847545417064
ATCAGCA,0.553482756511656
ATCAGCC,0.533140459126653
ATCAGCG,0.567934539359412
ATCAGCT,0.543975844109523
ATCAGGA,0.541032363504604
ATCAGGC,0.542014486696199
ATCAGGG,0.555663883334684
ATCAGGT,0.532645141005759
ATCAGTA,0.549593412211889
ATCAGTC,0.56912947988968
ATCAGTG,0.558081791054386
ATCAGTT,0.541277984745362
ATCATAA,0.548130999301753
ATCATAC,0.571515085813964
ATCATAG,0.544955082103854
ATCATAT,0.568412686931105
ATCATCA,0.539557367784301
ATCATCC,0.542750446611098
ATCATCG,0.549593412211889
ATCATCT,0.548374883352512
ATCATGA,0.585945319406368
ATCATGC,0.53586033200784
ATCATGG,0.540540939959579
ATCATGT,0.534624943148194
ATCATTA,0.539803351538071
ATCATTC,0.590163934783973
ATCATTG,0.53586033200784
ATCATTT,0.53586033200784
ATCCAAA,0.541523545671142
ATCCAAC,0.546666444607543
ATCCAAG,0.537094196564764
ATCCAAT,0.545444341745468
ATCCACA,0.563140447016109
ATCCACC,0.54373088470832
ATCCACG,0.547154867868876
ATCCACT,0.53610722674302
ATCCAGA,0.581472944398448
ATCCAGC,0.559770854637779
ATCCAGG,0.635207231874493
ATCCAGT,0.542995646268147
ATCCATA,0.545933362129139
ATCCATC,0.570322994241107
ATCCATG,0.539557367784301
ATCCATT,0.537094196564764
ATCCCAA,0.544220743520313
ATCCCAC,0.584770316510321
ATCCCAG,0.498374581434782
ATCCCAT,0.536847545417064
ATCCCCA,0.553482756511656
ATCCCCC,0.552268960597983
ATCCCCG,0.537094196564764
ATCCCCT,0.534624943148194
ATCCCGA,0.615108590844724
ATCCCGC,0.54568888182992
ATCCCGG,0.587588007445904
ATCCCGT,0.54373088470832
ATCCCTA,0.539803351538071
ATCCCTC,0.547398990069681
ATCCCTG,0.596226242225679
ATCCCTT,0.565060842831145
ATCCGAA,0.544955082103854
ATCCGAC,0.549106178831164
ATCCGAG,0.539803351538071
ATCCGAT,0.550567167362053
ATCCGCA,0.550080408311853
ATCCGCC,0.55663174808883
ATCCGCG,0.572705757996379
ATCCGCT,0.544465582970065
ATCCGGA,0.542259866854641
ATCCGGC,0.548862473088238
ATCCGGG,0.559529734439456
ATCCGGT,0.544710362488134
ATCCGTA,0.550323817453749
ATCCGTC,0.545933362129139
ATCCGTG,0.543975844109523
ATCCGTT,0.549106178831164
ATCCTAA,0.545444341745468
ATCCTAC,0.544710362488134
ATCCTAG,0.545199741846535
ATCCTAT,0.545199741846535
ATCCTCA,0.538326540575898
ATCCTCC,0.530661411470054
ATCCTCG,0.573657276050295
ATCCTCT,0.560734754461784
ATCCTGA,0.586884328679486
ATCCTGC,0.526183579462832
ATCCTGG,0.619206202320537
ATCCTGT,0.590631573148494
ATCCTTA,0.568890605986957
ATCCTTC,0.540540939959579
ATCCTTG,0.534377682128348
ATCCTTT,0.531901703507817
ATCGAAA,0.548862473088238
ATCGAAC,0.548618707938343
ATCGAAG,0.550323817453749
ATCGAAT,0.546666444607543
ATCGACA,0.548618707938343
ATCGACC,0.59831619976511
ATCGACG,0.550080408311853
ATCGACT,0.568173641723396
ATCGAGA,0.544465582970065
ATCGAGC,0.550810458065586
ATCGAGG,0.54691068605787
ATCGAGT,0.550080408311853
ATCGATA,0.550810458065586
ATCGATC,0.545933362129139
ATCGATG,0.596226242225679
ATCGATT,0.548130999301753
ATCGCAA,0.548374883352512
ATCGCAC,0.538080193237468
ATCGCAG,0.564101105913567
ATCGCAT,0.545199741846535
ATCGCCA,0.593665903659702
ATCGCCC,0.586649659011245
ATCGCCG,0.54568888182992
ATCGCCT,0.547398990069681
ATCGCGA,0.550080408311853
ATCGCGC,0.571991524824455
ATCGCGG,0.54617778267235
ATCGCGT,0.546666444607543
ATCGCTA,0.550810458065586
ATCGCTC,0.549836939907521
ATCGCTG,0.64144776717063
ATCGCTT,0.542014486696199
ATCGGAA,0.574607889578209
ATCGGAC,0.549836939907521
ATCGGAG,0.543240785817062
ATCGGAT,0.550810458065586
ATCGGCA,0.57389501416439
ATCGGCC,0.613738980635293
ATCGGCG,0.574845401829444
ATCGGCT,0.571276781158874
ATCGGGA,0.548130999301753
ATCGGGC,0.572467736948908
ATCGGGG,0.546666444607543
ATCGGGT,0.550080408311853
ATCGGTA,0.550810458065586
ATCGGTC,0.549593412211889
ATCGGTG,0.547398990069681
ATCGGTT,0.547398990069681
ATCGTAA,0.549836939907521
ATCGTAC,0.549836939907521
ATCGTAG,0.548618707938343
ATCGTAT,0.550323817453749
ATCGTCA,0.549836939907521
ATCGTCC,0.570084405301741
ATCGTCG,0.550323817453749
ATCGTCT,0.595528617934781
ATCGTGA,0.549349825196072
ATCGTGC,0.545933362129139
ATCGTGG,0.542750446611098
ATCGTGT,0.54691068605787
ATCGTTA,0.550080408311853
ATCGTTC,0.572705757996379
ATCGTTG,0.548862473088238
ATCGTTT,0.547643052689382
ATCTAAA,0.543485865287306
ATCTAAC,0.569845759424107
ATCTAAG,0.559529734439456
ATCTAAT,0.547398990069681
ATCTACA,0.535366359591164
ATCTACC,0.541769046311556
ATCTACG,0.59831619976511
ATCTACT,0.54568888182992
ATCTAGA,0.54617778267235
ATCTAGC,0.548130999301753
ATCTAGG,0.534872143045142
ATCTAGT,0.548130999301753
ATCTATA,0.548374883352512
ATCTATC,0.548130999301753
ATCTATG,0.548618707938343
ATCTATT,0.545444341745468
ATCTCAA,0.534377682128348
ATCTCAC,0.533635532028962
ATCTCAG,0.529916497179467
ATCTCAT,0.541769046311556
ATCTCCA,0.529916497179467
ATCTCCC,0.576269291901257
ATCTCCG,0.564101105913567
ATCTCCT,0.587353502870996
ATCTCGA,0.547643052689382
ATCTCGC,0.535119281849402
ATCTCGG,0.585240483357526
ATCTCGT,0.547887055757054
ATCTCTA,0.518173141439992
ATCTCTC,0.542014486696199
ATCTCTG,0.577454320162266
ATCTCTT,0.610765040990636
ATCTGAA,0.545933362129139
ATCTGAC,0.585005427566031
ATCTGAG,0.559529734439456
ATCTGAT,0.535119281849402
ATCTGCA,0.560734754461784
ATCTGCC,0.562419346727269
ATCTGCG,0.544220743520313
ATCTGCT,0.525684802596787
ATCTGGA,0.609160017989199
ATCTGGC,0.568890605986957
ATCTGGG,0.526183579462832
ATCTGGT,0.571515085813964
ATCTGTA,0.539557367784301
ATCTGTC,0.586649659011245
ATCTGTG,0.547887055757054
ATCTGTT,0.547398990069681
ATCTTAA,0.559770854637779
ATCTTAC,0.572943722403313
ATCTTAG,0.542505186816431
ATCTTAT,0.547887055757054
ATCTTCA,0.539065218678287
ATCTTCC,0.530661411470054
ATCTTCG,0.598084197843763
ATCTTCT,0.543975844109523
ATCTTGA,0.540295137595975
ATCTTGC,0.542505186816431
ATCTTGG,0.518173141439992
ATCTTGT,0.609389464770023
ATCTTTA,0.565300633208485
ATCTTTC,0.532149577423238
ATCTTTG,0.55928855608816
ATCTTTT,0.533388026214955
ATGAAAA,0.572467736948908
ATGAAAC,0.566738169237826
ATGAAAG,0.556389869707581
ATGAAAT,0.541769046311556
ATGAACA,0.561216356183953
ATGAACC,0.534624943148194
ATGAACG,0.566259220136895
ATGAACT,0.531405771276359
ATGAAGA,0.624191699045668
ATGAAGC,0.592033177558194
ATGAAGG,0.69234317449336
ATGAAGT,0.556389869707581
ATGAATA,0.537833785197073
ATGAATC,0.544955082103854
ATGAATG,0.556389869707581
ATGAATT,0.533882976599
ATGACAA,0.532645141005759
ATGACAC,0.57222965923393
ATGACAG,0.565780041533798
ATGACAT,0.608700966429654
ATGACCA,0.569845759424107
ATGACCC,0.654032633958312
ATGACCG,0.568890605986957
ATGACCT,0.589696077631495
ATGACGA,0.574845401829444
ATGACGC,0.550323817453749
ATGACGG,0.547154867868876
ATGACGT,0.542505186816431
ATGACTA,0.54373088470832
ATGACTC,0.53586033200784
ATGACTG,0.562900138024713
ATGACTT,0.596691054855315
ATGAGAA,0.525435320840846
ATGAGAC,0.543485865287306
ATGAGAG,0.581708831890764
ATGAGAT,0.542014486696199
ATGAGCA,0.610535909650504
ATGAGCC,0.592966490300319
ATGAGCG,0.549836939907521
ATGAGCT,0.538326540575898
ATGAGGA,0.618751740432715
ATGAGGC,0.526682107674533
ATGAGGG,0.557598676986502
ATGAGGT,0.540295137595975
ATGAGTA,0.543485865287306
ATGAGTC,0.542750446611098
ATGAGTG,0.530164863603354
ATGAGTT,0.541032363504604
ATGATAA,0.568412686931105
ATGATAC,0.615792693154077
ATGATAG,0.547398990069681
ATGATAT,0.568651675009859
ATGATCA,0.540049274798713
ATGATCC,0.540786681919229
ATGATCG,0.573657276050295
ATGATCT,0.535366359591164
ATGATGA,0.697608218735363
ATGATGC,0.61122314622751
ATGATGG,0.655786324607478
ATGATGT,0.588056851682984
ATGATTA,0.569845759424107
ATGATTC,0.539311323507636
ATGATTG,0.539065218678287
ATGATTT,0.624191699045668
ATGCAAA,0.541032363504604
ATGCAAC,0.549836939907521
ATGCAAG,0.545444341745468
ATGCAAT,0.570322994241107
ATGCACA,0.554452733580856
ATGCACC,0.614195725829269
ATGCACG,0.592033177558194
ATGCACT,0.571515085813964
ATGCAGA,0.548618707938343
ATGCAGC,0.554695080910746
ATGCAGG,0.581708831890764
ATGCAGT,0.558564671835767
ATGCATA,0.54568888182992
ATGCATC,0.545199741846535
ATGCATG,0.531653768135685
ATGCATT,0.567216889056327
ATGCCAA,0.527180387479689
ATGCCAC,0.531653768135685
ATGCCAG,0.625547077313562
ATGCCAT,0.566738169237826
ATGCCCA,0.519679994457983
ATGCCCC,0.555905937358841
ATGCCCG,0.536847545417064
ATGCCCT,0.582651825824393
ATGCCGA,0.567216889056327
ATGCCGC,0.547643052689382
ATGCCGG,0.54691068605787
ATGCCGT,0.546666444607543
ATGCCTA,0.569607056581024
ATGCCTC,0.571276781158874
ATGCCTG,0.622608099070022
ATGCCTT,0.562900138024713
ATGCGAA,0.574370320901502
ATGCGAC,0.572467736948908
ATGCGAG,0.572467736948908
ATGCGAT,0.547887055757054
ATGCGCA,0.572943722403313
ATGCGCC,0.54691068605787
ATGCGCG,0.548374883352512
ATGCGCT,0.548374883352512
ATGCGGA,0.594597694510238
ATGCGGC,0.567695379811815
ATGCGGG,0.627351395428991
ATGCGGT,0.548130999301753
ATGCGTA,0.550810458065586
ATGCGTC,0.550810458065586
ATGCGTG,0.544465582970065
ATGCGTT,0.548374883352512
ATGCTAA,0.544955082103854
ATGCTAC,0.543485865287306
ATGCTAG,0.546666444607543
ATGCTAT,0.549593412211889
ATGCTCA,0.563140447016109
ATGCTCC,0.540786681919229
ATGCTCG,0.572943722403313
ATGCTCT,0.552997414927933
ATGCTGA,0.535613376300595
ATGCTGC,0.577454320162266
ATGCTGG,0.542259866854641
ATGCTGT,0.57911100405258
ATGCTTA,0.565300633208485
ATGCTTC,0.541523545671142
ATGCTTG,0.534624943148194
ATGCTTT,0.592499942813337
ATGGAAA,0.585240483357526
ATGGAAC,0.567695379811815
ATGGAAG,0.553725338998419
ATGGAAT,0.569607056581024
ATGGACA,0.557840263195344
ATGGACC,0.540049274798713
ATGGACG,0.571276781158874
ATGGACT,0.570322994241107
ATGGAGA,0.583122989536624
ATGGAGC,0.524686501908612
ATGGAGG,0.618069660111905
ATGGAGT,0.555663883334684
ATGGATA,0.548374883352512
ATGGATC,0.542995646268147
ATGGATG,0.559770854637779
ATGGATT,0.544220743520313
ATGGCAA,0.536354060536236
ATGGCAC,0.561697726077547
ATGGCAG,0.624643695949056
ATGGCAT,0.582651825824393
ATGGCCA,0.57934744928964
ATGGCCC,0.609160017989199
ATGGCCG,0.612824863922
ATGGCCT,0.557115329406598
ATGGCGA,0.544465582970065
ATGGCGC,0.563380698272967
ATGGCGG,0.617387114239969
ATGGCGT,0.568412686931105
ATGGCTA,0.544955082103854
ATGGCTC,0.558081791054386
ATGGCTG,0.534377682128348
ATGGCTT,0.531405771276359
ATGGGAA,0.551296861973523
ATGGGAC,0.610765040990636
ATGGGAG,0.525684802596787
ATGGGAT,0.531157712899333
ATGGGCA,0.56649872336139
ATGGGCC,0.57934744928964
ATGGGCG,0.565540366100184
ATGGGCT,0.632968997465149
ATGGGGA,0.560252920687636
ATGGGGC,0.618297071915377
ATGGGGG,0.546422143488757
ATGGGGT,0.566259220136895
ATGGGTA,0.541523545671142
ATGGGTC,0.584770316510321
ATGGGTG,0.575557600298196
ATGGGTT,0.559770854637779
ATGGTAA,0.541523545671142
ATGGTAC,0.56912947988968
ATGGTAG,0.535613376300595
ATGGTAT,0.546666444607543
ATGGTCA,0.541277984745362
ATGGTCC,0.549593412211889
ATGGTCG,0.547643052689382
ATGGTCT,0.522436674843258
ATGGTGA,0.539557367784301
ATGGTGC,0.607322546025095
ATGGTGG,0.560975584315396
ATGGTGT,0.603868159338994
ATGGTTA,0.567216889056327
ATGGTTC,0.538326540575898
ATGGTTG,0.590865310349197
ATGGTTT,0.557115329406598
ATGTAAA,0.544955082103854
ATGTAAC,0.54373088470832
ATGTAAG,0.570561526269369
ATGTAAT,0.544220743520313
ATGTACA,0.537094196564764
ATGTACC,0.544465582970065
ATGTACG,0.57389501416439
ATGTACT,0.570561526269369
ATGTAGA,0.544220743520313
ATGTAGC,0.571991524824455
ATGTAGG,0.568651675009859
ATGTAGT,0.542995646268147
ATGTATA,0.543240785817062
ATGTATC,0.54568888182992
ATGTATG,0.56649872336139
ATGTATT,0.592266587419491
ATGTCAA,0.543975844109523
ATGTCAC,0.540049274798713
ATGTCAG,0.567216889056327
ATGTCAT,0.538572827242263
ATGTCCA,0.565780041533798
ATGTCCC,0.536354060536236
ATGTCCG,0.546422143488757
ATGTCCT,0.54568888182992
ATGTCGA,0.549836939907521
ATGTCGC,0.547643052689382
ATGTCGG,0.549836939907521
ATGTCGT,0.550810458065586
ATGTCTA,0.548618707938343
ATGTCTC,0.537587316424791
ATGTCTG,0.573657276050295
ATGTCTT,0.560011916711166
ATGTGAA,0.555421770706192
ATGTGAC,0.565300633208485
ATGTGAG,0.531157712899333
ATGTGAT,0.541277984745362
ATGTGCA,0.576506409923444
ATGTGCC,0.555905937358841
ATGTGCG,0.589696077631495
ATGTGCT,0.550323817453749
ATGTGGA,0.599243669575915
ATGTGGC,0.556147932807025
ATGTGGG,0.571276781158874
ATGTGGT,0.555905937358841
ATGTGTA,0.523687203620185
ATGTGTC,0.582887435429914
ATGTGTG,0.529916497179467
ATGTGTT,0.551539975235466
ATGTTAA,0.534624943148194
ATGTTAC,0.54617778267235
ATGTTAG,0.540540939959579
ATGTTAT,0.545199741846535
ATGTTCA,0.53610722674302
ATGTTCC,0.532645141005759
ATGTTCG,0.550080408311853
ATGTTCT,0.532397389912406
ATGTTGA,0.587118943290794
ATGTTGC,0.530413168356677
ATGTTGG,0.523687203620185
ATGTTGT,0.569607056581024
ATGTTTA,0.558081791054386
ATGTTTC,0.545933362129139
ATGTTTG,0.528425001836785
ATGTTTT,0.532397389912406
ATTAAAA,0.530413168356677
ATTAAAC,0.541277984745362
ATTAAAG,0.52643287463498
ATTAAAT,0.565060842831145
ATTAACA,0.536600833417566
ATTAACC,0.54691068605787
ATTAACG,0.54691068605787
ATTAACT,0.549836939907521
ATTAAGA,0.545933362129139
ATTAAGC,0.548374883352512
ATTAAGG,0.53586033200784
ATTAAGT,0.540049274798713
ATTAATA,0.545444341745468
ATTAATC,0.54568888182992
ATTAATG,0.568651675009859
ATTAATT,0.536354060536236
ATTACAA,0.541032363504604
ATTACAC,0.544465582970065
ATTACAG,0.465275451443578
ATTACAT,0.541769046311556
ATTACCA,0.547398990069681
ATTACCC,0.54617778267235
ATTACCG,0.550810458065586
ATTACCT,0.538080193237468
ATTACGA,0.550810458065586
ATTACGC,0.548862473088238
ATTACGG,0.550810458065586
ATTACGT,0.574132695772508
ATTACTA,0.549349825196072
ATTACTC,0.547643052689382
ATTACTG,0.542014486696199
ATTACTT,0.544465582970065
ATTAGAA,0.54568888182992
ATTAGAC,0.545199741846535
ATTAGAG,0.563620891823023
ATTAGAT,0.542995646268147
ATTAGCA,0.567456163053246
ATTAGCC,0.531157712899333
ATTAGCG,0.548862473088238
ATTAGCT,0.532645141005759
ATTAGGA,0.540295137595975
ATTAGGC,0.544955082103854
ATTAGGG,0.540540939959579
ATTAGGT,0.542259866854641
ATTAGTA,0.538080193237468
ATTAGTC,0.54617778267235
ATTAGTG,0.543240785817062
ATTAGTT,0.54568888182992
ATTATAA,0.545199741846535
ATTATAC,0.548618707938343
ATTATAG,0.53881905326644
ATTATAT,0.538326540575898
ATTATCA,0.549349825196072
ATTATCC,0.546666444607543
ATTATCG,0.550810458065586
ATTATCT,0.544955082103854
ATTATGA,0.542014486696199
ATTATGC,0.542750446611098
ATTATGG,0.541523545671142
ATTATGT,0.543485865287306
ATTATTA,0.532892830733711
ATTATTC,0.541769046311556
ATTATTG,0.542505186816431
ATTATTT,0.535613376300595
ATTCAAA,0.531653768135685
ATTCAAC,0.591566194331503
ATTCAAG,0.553482756511656
ATTCAAT,0.548862473088238
ATTCACA,0.537094196564764
ATTCACC,0.536847545417064
ATTCACG,0.548374883352512
ATTCACT,0.567216889056327
ATTCAGA,0.562659771271024
ATTCAGC,0.568412686931105
ATTCAGG,0.537833785197073
ATTCAGT,0.562178864365651
ATTCATA,0.56912947988968
ATTCATC,0.542014486696199
ATTCATG,0.542750446611098
ATTCATT,0.531157712899333
ATTCCAA,0.567695379811815
ATTCCAC,0.537340786890677
ATTCCAG,0.530909592974082
ATTCCAT,0.533140459126653
ATTCCCA,0.57389501416439
ATTCCCC,0.552511837673372
ATTCCCG,0.558806024814404
ATTCCCT,0.53881905326644
ATTCCGA,0.548374883352512
ATTCCGC,0.545199741846535
ATTCCGG,0.536600833417566
ATTCCGT,0.548374883352512
ATTCCTA,0.53610722674302
ATTCCTC,0.535613376300595
ATTCCTG,0.587588007445904
ATTCCTT,0.525435320840846
ATTCGAA,0.54691068605787
ATTCGAC,0.549836939907521
ATTCGAG,0.547398990069681
ATTCGAT,0.550080408311853
ATTCGCA,0.574845401829444
ATTCGCC,0.547643052689382
ATTCGCG,0.549836939907521
ATTCGCT,0.550567167362053
ATTCGGA,0.540295137595975
ATTCGGC,0.574845401829444
ATTCGGG,0.550810458065586
ATTCGGT,0.550810458065586
ATTCGTA,0.549106178831164
ATTCGTC,0.597387868955443
ATTCGTG,0.567216889056327
ATTCGTT,0.549593412211889
ATTCTAA,0.522436674843258
ATTCTAC,0.569368296745289
ATTCTAG,0.542014486696199
ATTCTAT,0.572705757996379
ATTCTCA,0.518675678111104
ATTCTCC,0.52118458028585
ATTCTCG,0.547887055757054
ATTCTCT,0.516664014388918
ATTCTGA,0.613282026729814
ATTCTGC,0.522937074028329
ATTCTGG,0.528673738928325
ATTCTGT,0.5542103275045
ATTCTTA,0.565780041533798
ATTCTTC,0.561216356183953
ATTCTTG,0.5279273419663
ATTCTTT,0.531405771276359
ATTGAAA,0.561216356183953
ATTGAAC,0.550810458065586
ATTGAAG,0.539065218678287
ATTGAAT,0.542259866854641
ATTGACA,0.540786681919229
ATTGACC,0.571515085813964
ATTGACG,0.550810458065586
ATTGACT,0.54373088470832
ATTGAGA,0.534872143045142
ATTGAGC,0.537833785197073
ATTGAGG,0.565300633208485
ATTGAGT,0.534130359955369
ATTGATA,0.54617778267235
ATTGATC,0.57222965923393
ATTGATG,0.592033177558194
ATTGATT,0.557598676986502
ATTGCAA,0.54691068605787
ATTGCAC,0.533388026214955
ATTGCAG,0.555179599444978
ATTGCAT,0.546422143488757
ATTGCCA,0.558323260591808
ATTGCCC,0.635430780028789
ATTGCCG,0.548618707938343
ATTGCCT,0.534130359955369
ATTGCGA,0.54568888182992
ATTGCGC,0.541769046311556
ATTGCGG,0.548130999301753
ATTGCGT,0.550810458065586
ATTGCTA,0.542995646268147
ATTGCTC,0.543485865287306
ATTGCTG,0.531901703507817
ATTGCTT,0.532645141005759
ATTGGAA,0.55928855608816
ATTGGAC,0.539803351538071
ATTGGAG,0.534377682128348
ATTGGAT,0.547643052689382
ATTGGCA,0.540540939959579
ATTGGCC,0.584535150164402
ATTGGCG,0.547643052689382
ATTGGCT,0.572467736948908
ATTGGGA,0.562419346727269
ATTGGGC,0.545444341745468
ATTGGGG,0.598084197843763
ATTGGGT,0.557115329406598
ATTGGTA,0.549836939907521
ATTGGTC,0.570800001413671
ATTGGTG,0.544955082103854
ATTGGTT,0.54691068605787
ATTGTAA,0.572943722403313
ATTGTAC,0.540049274798713
ATTGTAG,0.543485865287306
ATTGTAT,0.542750446611098
ATTGTCA,0.557840263195344
ATTGTCC,0.544710362488134
ATTGTCG,0.550080408311853
ATTGTCT,0.568890605986957
ATTGTGA,0.54373088470832
ATTGTGC,0.539065218678287
ATTGTGG,0.534377682128348
ATTGTGT,0.539065218678287
ATTGTTA,0.545199741846535
ATTGTTC,0.571515085813964
ATTGTTG,0.546666444607543
ATTGTTT,0.525934222127104
ATTTAAA,0.537833785197073
ATTTAAC,0.567456163053246
ATTTAAG,0.55735703239966
ATTTAAT,0.558564671835767
ATTTACA,0.542014486696199
ATTTACC,0.541032363504604
ATTTACG,0.550810458065586
ATTTACT,0.541032363504604
ATTTAGA,0.544710362488134
ATTTAGC,0.547398990069681
ATTTAGG,0.55663174808883
ATTTAGT,0.541032363504604
ATTTATA,0.537833785197073
ATTTATC,0.565780041533798
ATTTATG,0.544220743520313
ATTTATT,0.517418862597485
ATTTCAA,0.565780041533798
ATTTCAC,0.536600833417566
ATTTCAG,0.622834481233966
ATTTCAT,0.537094196564764
ATTTCCA,0.550810458065586
ATTTCCC,0.524686501908612
ATTTCCG,0.548862473088238
ATTTCCT,0.567456163053246
ATTTCGA,0.549349825196072
ATTTCGC,0.54617778267235
ATTTCGG,0.547154867868876
ATTTCGT,0.550810458065586
ATTTCTA,0.585710429251747
ATTTCTC,0.531405771276359
ATTTCTG,0.586414934260225
ATTTCTT,0.53610722674302
ATTTGAA,0.531157712899333
ATTTGAC,0.541523545671142
ATTTGAG,0.534377682128348
ATTTGAT,0.562659771271024
ATTTGCA,0.537833785197073
ATTTGCC,0.539311323507636
ATTTGCG,0.549836939907521
ATTTGCT,0.562900138024713
ATTTGGA,0.538326540575898
ATTTGGC,0.590397781301938
ATTTGGG,0.574370320901502
ATTTGGT,0.570561526269369
ATTTGTA,0.537094196564764
ATTTGTC,0.535119281849402
ATTTGTG,0.539311323507636
ATTTGTT,0.577927938544287
ATTTTAA,0.539065218678287
ATTTTAC,0.540540939959579
ATTTTAG,0.533140459126653
ATTTTAT,0.565780041533798
ATTTTCA,0.525435320840846
ATTTTCC,0.549349825196072
ATTTTCG,0.545444341745468
ATTTTCT,0.537094196564764
ATTTTGA,0.552511837673372
ATTTTGC,0.535119281849402
ATTTTGG,0.533140459126653
ATTTTGT,0.549106178831164
ATTTTTA,0.482873636009464
ATTTTTC,0.534377682128348
ATTTTTG,0.50297839484366
ATTTTTT,0.534377682128348
CAAAAAA,0.479221911312567
CAAAAAC,0.553482756511656
CAAAAAG,0.545933362129139
CAAAAAT,0.526682107674533
CAAAACA,0.537587316424791
CAAAACC,0.531157712899333
CAAAACG,0.545199741846535
CAAAACT,0.53610722674302
CAAAAGA,0.563861027693991
CAAAAGC,0.541032363504604
CAAAAGG,0.525684802596787
CAAAAGT,0.539311323507636
CAAAATA,0.532149577423238
CAAAATC,0.545444341745468
CAAAATG,0.568412686931105
CAAAATT,0.538080193237468
CAAACAA,0.542995646268147
CAAACAC,0.56649872336139
CAAACAG,0.537587316424791
CAAACAT,0.547154867868876
CAAACCA,0.545199741846535
CAAACCC,0.536847545417064
CAAACCG,0.549349825196072
CAAACCT,0.566259220136895
CAAACGA,0.540295137595975
CAAACGC,0.543975844109523
CAAACGG,0.545933362129139
CAAACGT,0.541769046311556
CAAACTA,0.543485865287306
CAAACTC,0.519930916022036
CAAACTG,0.543240785817062
CAAACTT,0.540786681919229
CAAAGAA,0.535613376300595
CAAAGAC,0.53610722674302
CAAAGAG,0.607322546025095
CAAAGAT,0.579820172110774
CAAAGCA,0.525435320840846
CAAAGCC,0.517670352098792
CAAAGCG,0.547887055757054
CAAAGCT,0.583122989536624
CAAAGGA,0.579583838633565
CAAAGGC,0.561697726077547
CAAAGGG,0.531653768135685
CAAAGGT,0.538326540575898
CAAAGTA,0.542259866854641
CAAAGTC,0.563620891823023
CAAAGTG,0.505272377703999
CAAAGTT,0.541769046311556
CAAATAA,0.545199741846535
CAAATAC,0.543240785817062
CAAATAG,0.545444341745468
CAAATAT,0.543485865287306
CAAATCA,0.534872143045142
CAAATCC,0.540540939959579
CAAATCG,0.572705757996379
CAAATCT,0.537094196564764
CAAATGA,0.534377682128348
CAAATGC,0.562178864365651
CAAATGG,0.543975844109523
CAAATGT,0.537833785197073
CAAATTA,0.539065218678287
CAAATTC,0.559047319555836
CAAATTG,0.531653768135685
CAAATTT,0.53881905326644
CAACAAA,0.54617778267235
CAACAAC,0.566259220136895
CAACAAG,0.537094196564764
CAACAAT,0.545199741846535
CAACACA,0.589930033569023
CAACACC,0.529419579197413
CAACACG,0.543240785817062
CAACACT,0.535613376300595
CAACAGA,0.52892241416511
CAACAGC,0.613510529783412
CAACAGG,0.562178864365651
CAACAGT,0.539065218678287
CAACATA,0.54373088470832
CAACATC,0.563380698272967
CAACATG,0.511110981494617
CAACATT,0.570800001413671
CAACCAA,0.545199741846535
CAACCAC,0.566019659536863
CAACCAG,0.535613376300595
CAACCAT,0.542505186816431
CAACCCA,0.566019659536863
CAACCCC,0.517418862597485
CAACCCG,0.54617778267235
CAACCCT,0.582416160693904
CAACCGA,0.54691068605787
CAACCGC,0.545444341745468
CAACCGG,0.534130359955369
CAACCGT,0.549593412211889
CAACCTA,0.546666444607543
CAACCTC,0.543975844109523
CAACCTG,0.586649659011245
CAACCTT,0.54568888182992
CAACGAA,0.546666444607543
CAACGAC,0.547398990069681
CAACGAG,0.539803351538071
CAACGAT,0.550810458065586
CAACGCA,0.547887055757054
CAACGCC,0.570800001413671
CAACGCG,0.548374883352512
CAACGCT,0.547887055757054
CAACGGA,0.54691068605787
CAACGGC,0.596458675546845
CAACGGG,0.537587316424791
CAACGGT,0.543240785817062
CAACGTA,0.549349825196072
CAACGTC,0.543240785817062
CAACGTG,0.532645141005759
CAACGTT,0.548374883352512
CAACTAA,0.543485865287306
CAACTAC,0.545199741846535
CAACTAG,0.547643052689382
CAACTAT,0.543485865287306
CAACTCA,0.544955082103854
CAACTCC,0.561938324158355
CAACTCG,0.566259220136895
CAACTCT,0.582887435429914
CAACTGA,0.588525476208152
CAACTGC,0.557598676986502
CAACTGG,0.590397781301938
CAACTGT,0.543240785817062
CAACTTA,0.546666444607543
CAACTTC,0.562900138024713
CAACTTG,0.561697726077547
CAACTTT,0.537340786890677
CAAGAAA,0.560975584315396
CAAGAAC,0.539311323507636
CAAGAAG,0.59413190761424
CAAGAAT,0.586414934260225
CAAGACA,0.540786681919229
CAAGACC,0.515152606430776
CAAGACG,0.547398990069681
CAAGACT,0.528425001836785
CAAGAGA,0.52817620285971
CAAGAGC,0.538080193237468
CAAGAGG,0.542014486696199
CAAGAGT,0.522937074028329
CAAGATA,0.549349825196072
CAAGATC,0.565780041533798
CAAGATG,0.550810458065586
CAAGATT,0.535119281849402
CAAGCAA,0.530413168356677
CAAGCAC,0.556389869707581
CAAGCAG,0.579583838633565
CAAGCAT,0.544465582970065
CAAGCCA,0.559529734439456
CAAGCCC,0.576032117640779
CAAGCCG,0.613967379309302
CAAGCCT,0.559770854637779
CAAGCGA,0.511870031465128
CAAGCGC,0.562178864365651
CAAGCGG,0.539803351538071
CAAGCGT,0.547643052689382
CAAGCTA,0.543975844109523
CAAGCTC,0.533140459126653
CAAGCTG,0.62622407817556
CAAGCTT,0.560252920687636
CAAGGAA,0.531653768135685
CAAGGAC,0.627126033622918
CAAGGAG,0.664291800211381
CAAGGAT,0.633640993962668
CAAGGCA,0.552754655773811
CAAGGCC,0.600864674763142
CAAGGCG,0.590631573148494
CAAGGCT,0.55928855608816
CAAGGGA,0.555905937358841
CAAGGGC,0.59854814787405
CAAGGGG,0.550810458065586
CAAGGGT,0.627576706458564
CAAGGTA,0.540049274798713
CAAGGTC,0.527429434307149
CAAGGTG,0.585005427566031
CAAGGTT,0.542259866854641
CAAGTAA,0.545444341745468
CAAGTAC,0.564101105913567
CAAGTAG,0.563140447016109
CAAGTAT,0.544955082103854
CAAGTCA,0.540540939959579
CAAGTCC,0.537587316424791
CAAGTCG,0.549349825196072
CAAGTCT,0.542014486696199
CAAGTGA,0.530164863603354
CAAGTGC,0.605020947941413
CAAGTGG,0.537587316424791
CAAGTGT,0.55928855608816
CAAGTTA,0.589930033569023
CAAGTTC,0.587588007445904
CAAGTTG,0.553240115164351
CAAGTTT,0.564820994940588
CAATAAA,0.535119281849402
CAATAAC,0.573657276050295
CAATAAG,0.54373088470832
CAATAAT,0.540049274798713
CAATACA,0.540295137595975
CAATACC,0.547643052689382
CAATACG,0.550810458065586
CAATACT,0.548862473088238
CAATAGA,0.544710362488134
CAATAGC,0.54373088470832
CAATAGG,0.537340786890677
CAATAGT,0.547154867868876
CAATATA,0.547154867868876
CAATATC,0.569368296745289
CAATATG,0.54373088470832
CAATATT,0.560252920687636
CAATCAA,0.550080408311853
CAATCAC,0.54617778267235
CAATCAG,0.531901703507817
CAATCAT,0.546422143488757
CAATCCA,0.547643052689382
CAATCCC,0.533635532028962
CAATCCG,0.548374883352512
CAATCCT,0.570322994241107
CAATCGA,0.546666444607543
CAATCGC,0.549593412211889
CAATCGG,0.548374883352512
CAATCGT,0.550810458065586
CAATCTA,0.546422143488757
CAATCTC,0.560493866595183
CAATCTG,0.54568888182992
CAATCTT,0.54617778267235
CAATGAA,0.635654278220478
CAATGAC,0.561457070095372
CAATGAG,0.56649872336139
CAATGAT,0.724548335586457
CAATGCA,0.54617778267235
CAATGCC,0.55735703239966
CAATGCG,0.574132695772508
CAATGCT,0.544465582970065
CAATGGA,0.548618707938343
CAATGGC,0.587353502870996
CAATGGG,0.580056449747667
CAATGGT,0.54617778267235
CAATGTA,0.547398990069681
CAATGTC,0.547643052689382
CAATGTG,0.529171027577895
CAATGTT,0.537340786890677
CAATTAA,0.535119281849402
CAATTAC,0.549593412211889
CAATTAG,0.54373088470832
CAATTAT,0.54568888182992
CAATTCA,0.54617778267235
CAATTCC,0.523687203620185
CAATTCG,0.550810458065586
CAATTCT,0.519930916022036
CAATTGA,0.54691068605787
CAATTGC,0.547154867868876
CAATTGG,0.545199741846535
CAATTGT,0.545444341745468
CAATTTA,0.54691068605787
CAATTTC,0.544710362488134
CAATTTG,0.541032363504604
CAATTTT,0.543975844109523
CACAAAA,0.538326540575898
CACAAAC,0.54691068605787
CACAAAG,0.555421770706192
CACAAAT,0.541769046311556
CACAACA,0.537833785197073
CACAACC,0.541032363504604
CACAACG,0.545199741846535
CACAACT,0.567695379811815
CACAAGA,0.530164863603354
CACAAGC,0.56912947988968
CACAAGG,0.523687203620185
CACAAGT,0.568173641723396
CACAATA,0.539803351538071
CACAATC,0.569368296745289
CACAATG,0.54617778267235
CACAATT,0.533882976599
CACACAA,0.523437222939288
CACACAC,0.440323181194402
CACACAG,0.52493617052785
CACACAT,0.501957155310642
CACACCA,0.528673738928325
CACACCC,0.520181774640252
CACACCG,0.542750446611098
CACACCT,0.539557367784301
CACACGA,0.546422143488757
CACACGC,0.546422143488757
CACACGG,0.56912947988968
CACACGT,0.533882976599
CACACTA,0.54691068605787
CACACTC,0.518926851774713
CACACTG,0.570800001413672
CACACTT,0.592499942813337
CACAGAA,0.556147932807025
CACAGAC,0.543240785817062
CACAGAG,0.542750446611098
CACAGAT,0.600170279983479
CACAGCA,0.557840263195344
CACAGCC,0.554452733580856
CACAGCG,0.534872143045142
CACAGCT,0.553482756511656
CACAGGA,0.525934222127104
CACAGGC,0.566738169237826
CACAGGG,0.50705295551706
CACAGGT,0.57222965923393
CACAGTA,0.544955082103854
CACAGTC,0.525684802596787
CACAGTG,0.595761213444788
CACAGTT,0.558806024814404
CACATAA,0.535613376300595
CACATAC,0.527429434307149
CACATAG,0.543975844109523
CACATAT,0.539065218678287
CACATCA,0.610994119841624
CACATCC,0.560975584315396
CACATCG,0.548374883352512
CACATCT,0.533140459126653
CACATGA,0.544710362488134
CACATGC,0.519177962365954
CACATGG,0.5542103275045
CACATGT,0.535119281849402
CACATTA,0.542505186816431
CACATTC,0.556873567979075
CACATTG,0.561216356183953
CACATTT,0.530164863603354
CACCAAA,0.541769046311556
CACCAAC,0.561938324158355
CACCAAG,0.570561526269369
CACCAAT,0.561938324158355
CACCACA,0.508322858509429
CACCACC,0.610765040990636
CACCACG,0.549106178831164
CACCACT,0.529419579197413
CACCAGA,0.608011993732707
CACCAGC,0.50705295551706
CACCAGG,0.528425001836785
CACCAGT,0.559770854637779
CACCATA,0.53586033200784
CACCATC,0.595063264549808
CACCATG,0.473981920269121
CACCATT,0.537340786890677
CACCCAA,0.537094196564764
CACCCAC,0.563140447016109
CACCCAG,0.48469450984148
CACCCAT,0.561457070095372
CACCCCA,0.572705757996379
CACCCCC,0.574845401829444
CACCCCG,0.521435124648002
CACCCCT,0.559047319555836
CACCCGA,0.590397781301938
CACCCGC,0.537340786890677
CACCCGG,0.590163934783973
CACCCGT,0.542259866854641
CACCCTA,0.591566194331503
CACCCTC,0.610765040990636
CACCCTG,0.616931824705167
CACCCTT,0.560252920687636
CACCGAA,0.547398990069681
CACCGAC,0.569845759424107
CACCGAG,0.607782230641472
CACCGAT,0.546666444607543
CACCGCA,0.616020623297602
CACCGCC,0.583358488170663
CACCGCG,0.597620032463931
CACCGCT,0.596458675546845
CACCGGA,0.542014486696199
CACCGGC,0.526931278612457
CACCGGG,0.658629528846282
CACCGGT,0.547154867868876
CACCGTA,0.548862473088238
CACCGTC,0.569607056581024
CACCGTG,0.590865310349197
CACCGTT,0.540786681919229
CACCTAA,0.541769046311556
CACCTAC,0.579820172110774
CACCTAG,0.562900138024713
CACCTAT,0.537587316424791
CACCTCA,0.544465582970065
CACCTCC,0.544955082103854
CACCTCG,0.543485865287306
CACCTCT,0.599938707863548
CACCTGA,0.578874502895948
CACCTGC,0.553240115164351
CACCTGG,0.552511837673372
CACCTGT,0.582651825824393
CACCTTA,0.539557367784301
CACCTTC,0.623287091873187
CACCTTG,0.556147932807025
CACCTTT,0.585475483910779
CACGAAA,0.542014486696199
CACGAAC,0.550323817453749
CACGAAG,0.545199741846535
CACGAAT,0.548130999301753
CACGACA,0.545933362129139
CACGACC,0.545444341745468
CACGACG,0.549836939907521
CACGACT,0.542995646268147
CACGAGA,0.54691068605787
CACGAGC,0.588291191396686
CACGAGG,0.562178864365651
CACGAGT,0.54568888182992
CACGATA,0.550810458065586
CACGATC,0.555905937358841
CACGATG,0.547887055757054
CACGATT,0.550810458065586
CACGCAA,0.571515085813964
CACGCAC,0.564101105913567
CACGCAG,0.585240483357526
CACGCAT,0.566259220136895
CACGCCA,0.530909592974082
CACGCCC,0.57222965923393
CACGCCG,0.54373088470832
CACGCCT,0.516664014388918
CACGCGA,0.549349825196072
CACGCGC,0.536600833417566
CACGCGG,0.567934539359412
CACGCGT,0.545199741846535
CACGCTA,0.549593412211889
CACGCTC,0.543485865287306
CACGCTG,0.587822457041308
CACGCTT,0.54568888182992
CACGGAA,0.547643052689382
CACGGAC,0.570322994241107
CACGGAG,0.559529734439456
CACGGAT,0.550810458065586
CACGGCA,0.596923380176189
CACGGCC,0.602483056544532
CACGGCG,0.572467736948908
CACGGCT,0.58922800148624
CACGGGA,0.639668727446579
CACGGGC,0.577927938544287
CACGGGG,0.601789785041178
CACGGGT,0.554937369522638
CACGGTA,0.549106178831164
CACGGTC,0.561697726077547
CACGGTG,0.606632622651376
CACGGTT,0.549836939907521
CACGTAA,0.546422143488757
CACGTAC,0.565060842831145
CACGTAG,0.54617778267235
CACGTAT,0.549349825196072
CACGTCA,0.595993754866704
CACGTCC,0.524436770939387
CACGTCG,0.548374883352512
CACGTCT,0.590865310349197
CACGTGA,0.541032363504604
CACGTGC,0.555905937358841
CACGTGG,0.555905937358841
CACGTGT,0.53610722674302
CACGTTA,0.550810458065586
CACGTTC,0.569368296745289
CACGTTG,0.550080408311853
CACGTTT,0.541277984745362
CACTAAA,0.543240785817062
CACTAAC,0.547643052689382
CACTAAG,0.534130359955369
CACTAAT,0.54691068605787
CACTACA,0.544955082103854
CACTACC,0.593432820222244
CACTACG,0.548130999301753
CACTACT,0.544465582970065
CACTAGA,0.550567167362053
CACTAGC,0.547154867868876
CACTAGG,0.539557367784301
CACTAGT,0.549593412211889
CACTATA,0.549593412211889
CACTATC,0.543240785817062
CACTATG,0.570084405301741
CACTATT,0.547643052689382
CACTCAA,0.538572827242263
CACTCAC,0.55105368959315
CACTCAG,0.523937121826358
CACTCAT,0.542014486696199
CACTCCA,0.532645141005759
CACTCCC,0.524186977589027
CACTCCG,0.54568888182992
CACTCCT,0.534130359955369
CACTCGA,0.547887055757054
CACTCGC,0.557115329406598
CACTCGG,0.560252920687636
CACTCGT,0.533882976599
CACTCTA,0.537587316424791
CACTCTC,0.531405771276359
CACTCTG,0.563140447016109
CACTCTT,0.530164863603354
CACTGAA,0.571515085813964
CACTGAC,0.600864674763142
CACTGAG,0.600170279983479
CACTGAT,0.587353502870996
CACTGCA,0.465805279566568
CACTGCC,0.568173641723396
CACTGCG,0.556389869707581
CACTGCT,0.577691157392573
CACTGGA,0.552511837673372
CACTGGC,0.544955082103854
CACTGGG,0.548374883352512
CACTGGT,0.534377682128348
CACTGTA,0.553725338998419
CACTGTC,0.576980477359578
CACTGTG,0.545199741846535
CACTGTT,0.610306725797169
CACTTAA,0.52817620285971
CACTTAC,0.543485865287306
CACTTAG,0.590397781301938
CACTTAT,0.54691068605787
CACTTCA,0.561697726077547
CACTTCC,0.572467736948908
CACTTCG,0.571991524824455
CACTTCT,0.539065218678287
CACTTGA,0.53586033200784
CACTTGC,0.605020947941413
CACTTGG,0.557115329406598
CACTTGT,0.580764947880173
CACTTTA,0.544710362488134
CACTTTC,0.529668069054375
CACTTTG,0.513638910660364
CACTTTT,0.531157712899333
CAGAAAA,0.534624943148194
CAGAAAC,0.526931278612457
CAGAAAG,0.561457070095372
CAGAAAT,0.533635532028962
CAGAACA,0.556147932807025
CAGAACC,0.610765040990636
CAGAACG,0.548618707938343
CAGAACT,0.532892830733711
CAGAAGA,0.600401798490179
CAGAAGC,0.603868159338994
CAGAAGG,0.672940859675936
CAGAAGT,0.548862473088237
CAGAATA,0.543240785817062
CAGAATC,0.535366359591164
CAGAATG,0.542505186816431
CAGAATT,0.540540939959579
CAGACAA,0.563620891823023
CAGACAC,0.563140447016109
CAGACAG,0.53881905326644
CAGACAT,0.558806024814404
CAGACCA,0.557115329406598
CAGACCC,0.530413168356677
CAGACCG,0.562659771271024
CAGACCT,0.57911100405258
CAGACGA,0.550080408311853
CAGACGC,0.53586033200784
CAGACGG,0.539065218678287
CAGACGT,0.540295137595975
CAGACTA,0.57389501416439
CAGACTC,0.556389869707581
CAGACTG,0.565780041533798
CAGACTT,0.561216356183953
CAGAGAA,0.521435124648002
CAGAGAC,0.509337621069121
CAGAGAG,0.570322994241107
CAGAGAT,0.529419579197413
CAGAGCA,0.613053471450636
CAGAGCC,0.653813206227821
CAGAGCG,0.574132695772508
CAGAGCT,0.608700966429654
CAGAGGA,0.608471361602564
CAGAGGC,0.524186977589027
CAGAGGG,0.547398990069681
CAGAGGT,0.530164863603354
CAGAGTA,0.533635532028962
CAGAGTC,0.54568888182992
CAGAGTG,0.53610722674302
CAGAGTT,0.597155651534544
CAGATAA,0.532645141005759
CAGATAC,0.561697726077547
CAGATAG,0.544465582970065
CAGATAT,0.542750446611098
CAGATCA,0.522436674843258
CAGATCC,0.56458108950922
CAGATCG,0.567934539359412
CAGATCT,0.581472944398448
CAGATGA,0.54617778267235
CAGATGC,0.55735703239966
CAGATGG,0.631847998817963
CAGATGT,0.523437222939288
CAGATTA,0.54691068605787
CAGATTC,0.566977557793659
CAGATTG,0.611452120172321
CAGATTT,0.55928855608816
CAGCAAA,0.552754655773811
CAGCAAC,0.580764947880173
CAGCAAG,0.587822457041308
CAGCAAT,0.53881905326644
CAGCACA,0.530661411470054
CAGCACC,0.533882976599
CAGCACG,0.536600833417566
CAGCACT,0.503743640652428
CAGCAGA,0.622608099070022
CAGCAGC,0.648973574335535
CAGCAGG,0.65293501350338
CAGCAGT,0.53586033200784
CAGCATA,0.544220743520313
CAGCATC,0.569845759424107
CAGCATG,0.537094196564764
CAGCATT,0.590397781301938
CAGCCAA,0.5542103275045
CAGCCAC,0.572705757996379
CAGCCAG,0.504508301307807
CAGCCAT,0.576269291901257
CAGCCCA,0.527678419125729
CAGCCCC,0.585475483910779
CAGCCCG,0.589462066945777
CAGCCCT,0.630950294240941
CAGCCGA,0.591098992929589
CAGCCGC,0.75117994426283
CAGCCGG,0.636101124805327
CAGCCGT,0.535613376300595
CAGCCTA,0.526682107674533
CAGCCTC,0.466334827120364
CAGCCTG,0.591799713204015
CAGCCTT,0.543975844109523
CAGCGAA,0.545933362129139
CAGCGAC,0.569368296745289
CAGCGAG,0.614880452702961
CAGCGAT,0.593432820222244
CAGCGCA,0.518926851774713
CAGCGCC,0.625772795196965
CAGCGCG,0.616704102180954
CAGCGCT,0.608700966429654
CAGCGGA,0.555179599444978
CAGCGGC,0.649634904948131
CAGCGGG,0.587353502870996
CAGCGGT,0.566019659536863
CAGCGTA,0.548862473088238
CAGCGTC,0.584064651497879
CAGCGTG,0.628252335116957
CAGCGTT,0.539311323507636
CAGCTAA,0.553240115164351
CAGCTAC,0.50781509081452
CAGCTAG,0.542995646268147
CAGCTAT,0.564101105913567
CAGCTCA,0.609618858917098
CAGCTCC,0.514396044954904
CAGCTCG,0.552268960597983
CAGCTCT,0.542995646268147
CAGCTGA,0.592266587419491
CAGCTGC,0.651836186953829
CAGCTGG,0.652715344765825
CAGCTGT,0.532892830733711
CAGCTTA,0.568173641723396
CAGCTTC,0.609848200454566
CAGCTTG,0.552997414927933
CAGCTTT,0.541523545671142
CAGGAAA,0.529668069054375
CAGGAAC,0.622834481233966
CAGGAAG,0.579583838633565
CAGGAAT,0.549593412211889
CAGGACA,0.588993881227237
CAGGACC,0.656443166526667
CAGGACG,0.562178864365651
CAGGACT,0.544220743520313
CAGGAGA,0.67315613060226
CAGGAGC,0.702427697900357
CAGGAGG,0.56912947988968
CAGGAGT,0.542750446611098
CAGGATA,0.528425001836785
CAGGATC,0.556873567979075
CAGGATG,0.548374883352512
CAGGATT,0.531901703507817
CAGGCAA,0.540049274798713
CAGGCAC,0.574845401829444
CAGGCAG,0.612596204120012
CAGGCAT,0.537833785197073
CAGGCCA,0.618069660111905
CAGGCCC,0.76560904206432
CAGGCCG,0.599011882754521
CAGGCCT,0.621475418878344
CAGGCGA,0.544220743520313
CAGGCGC,0.529916497179467
CAGGCGG,0.621928644922364
CAGGCGT,0.521435124648002
CAGGCTA,0.536354060536236
CAGGCTC,0.563140447016109
CAGGCTG,0.464214952299688
CAGGCTT,0.572705757996379
CAGGGAA,0.554695080910746
CAGGGAC,0.629602224551602
CAGGGAG,0.665593937659347
CAGGGAT,0.552511837673372
CAGGGCA,0.561697726077547
CAGGGCC,0.728832911703062
CAGGGCG,0.596226242225679
CAGGGCT,0.532645141005759
CAGGGGA,0.583358488170663
CAGGGGC,0.570800001413672
CAGGGGG,0.683221944478525
CAGGGGT,0.552268960597983
CAGGGTA,0.560252920687636
CAGGGTC,0.672079312255427
CAGGGTG,0.590631573148494
CAGGGTT,0.571753333693476
CAGGTAA,0.565060842831145
CAGGTAC,0.583829319125197
CAGGTAG,0.542750446611098
CAGGTAT,0.541769046311556
CAGGTCA,0.542750446611098
CAGGTCC,0.572467736948908
CAGGTCG,0.56649872336139
CAGGTCT,0.570561526269369
CAGGTGA,0.575557600298196
CAGGTGC,0.590631573148494
CAGGTGG,0.653374206268405
CAGGTGT,0.695926418681432
CAGGTTA,0.544710362488134
CAGGTTC,0.536600833417566
CAGGTTG,0.558806024814404
CAGGTTT,0.552026024518989
CAGTAAA,0.541769046311556
CAGTAAC,0.543485865287306
CAGTAAG,0.545199741846535
CAGTAAT,0.539803351538071
CAGTACA,0.56458108950922
CAGTACC,0.566019659536863
CAGTACG,0.596226242225679
CAGTACT,0.565540366100184
CAGTAGA,0.544710362488134
CAGTAGC,0.5216856062534
CAGTAGG,0.53881905326644
CAGTAGT,0.544955082103854
CAGTATA,0.548862473088238
CAGTATC,0.543975844109523
CAGTATG,0.559770854637779
CAGTATT,0.588525476208152
CAGTCAA,0.542750446611098
CAGTCAC,0.537340786890677
CAGTCAG,0.529916497179467
CAGTCAT,0.544710362488134
CAGTCCA,0.585005427566031
CAGTCCC,0.562659771271024
CAGTCCG,0.590865310349197
CAGTCCT,0.56458108950922
CAGTCGA,0.548862473088238
CAGTCGC,0.549593412211889
CAGTCGG,0.596691054855315
CAGTCGT,0.549593412211889
CAGTCTA,0.566019659536863
CAGTCTC,0.525934222127104
CAGTCTG,0.567456163053246
CAGTCTT,0.561216356183953
CAGTGAA,0.539557367784301
CAGTGAC,0.570561526269369
CAGTGAG,0.560011916711166
CAGTGAT,0.582887435429914
CAGTGCA,0.627126033622918
CAGTGCC,0.615108590844724
CAGTGCG,0.611681041700066
CAGTGCT,0.5542103275045
CAGTGGA,0.575082857682005
CAGTGGC,0.518926851774713
CAGTGGG,0.518926851774713
CAGTGGT,0.532149577423238
CAGTGTA,0.58922800148624
CAGTGTC,0.641892033012671
CAGTGTG,0.570800001413672
CAGTGTT,0.533635532028962
CAGTTAA,0.546666444607543
CAGTTAC,0.540540939959579
CAGTTAG,0.547398990069681
CAGTTAT,0.53881905326644
CAGTTCA,0.536847545417064
CAGTTCC,0.534130359955369
CAGTTCG,0.570561526269369
CAGTTCT,0.52643287463498
CAGTTGA,0.539311323507636
CAGTTGC,0.562419346727269
CAGTTGG,0.55105368959315
CAGTTGT,0.541523545671142
CAGTTTA,0.561697726077547
CAGTTTC,0.547154867868876
CAGTTTG,0.531157712899333
CAGTTTT,0.552511837673372
CATAAAA,0.568412686931105
CATAAAC,0.54617778267235
CATAAAG,0.547643052689382
CATAAAT,0.541032363504604
CATAACA,0.573419481403349
CATAACC,0.549349825196072
CATAACG,0.550323817453749
CATAACT,0.547154867868876
CATAAGA,0.54373088470832
CATAAGC,0.537833785197073
CATAAGG,0.547887055757054
CATAAGT,0.536354060536236
CATAATA,0.543485865287306
CATAATC,0.544710362488134
CATAATG,0.562178864365651
CATAATT,0.539065218678287
CATACAA,0.542505186816431
CATACAC,0.53610722674302
CATACAG,0.549349825196072
CATACAT,0.532149577423238
CATACCA,0.592266587419491
CATACCC,0.53586033200784
CATACCG,0.548130999301753
CATACCT,0.56458108950922
CATACGA,0.549106178831164
CATACGC,0.550567167362053
CATACGG,0.545933362129139
CATACGT,0.547154867868876
CATACTA,0.546666444607543
CATACTC,0.570322994241107
CATACTG,0.534624943148194
CATACTT,0.546666444607543
CATAGAA,0.540540939959579
CATAGAC,0.543485865287306
CATAGAG,0.56458108950922
CATAGAT,0.548618707938343
CATAGCA,0.567456163053246
CATAGCC,0.570322994241107
CATAGCG,0.549106178831164
CATAGCT,0.540049274798713
CATAGGA,0.54691068605787
CATAGGC,0.597387868955443
CATAGGG,0.547398990069681
CATAGGT,0.567456163053246
CATAGTA,0.537094196564764
CATAGTC,0.549349825196072
CATAGTG,0.542995646268147
CATAGTT,0.596458675546845
CATATAA,0.541032363504604
CATATAC,0.546422143488757
CATATAG,0.547887055757054
CATATAT,0.569607056581024
CATATCA,0.541032363504604
CATATCC,0.549593412211889
CATATCG,0.571276781158874
CATATCT,0.54617778267235
CATATGA,0.594364828181918
CATATGC,0.542995646268147
CATATGG,0.567695379811815
CATATGT,0.547398990069681
CATATTA,0.544465582970065
CATATTC,0.548862473088238
CATATTG,0.566019659536863
CATATTT,0.560493866595183
CATCAAA,0.569607056581024
CATCAAC,0.534130359955369
CATCAAG,0.560734754461784
CATCAAT,0.545444341745468
CATCACA,0.535119281849402
CATCACC,0.635877726471886
CATCACG,0.571515085813964
CATCACT,0.539065218678287
CATCAGA,0.533140459126653
CATCAGC,0.580764947880173
CATCAGG,0.560011916711166
CATCAGT,0.540786681919229
CATCATA,0.568412686931105
CATCATC,0.550080408311853
CATCATG,0.558323260591808
CATCATT,0.584535150164402
CATCCAA,0.539557367784301
CATCCAC,0.581472944398448
CATCCAG,0.570322994241107
CATCCAT,0.542505186816431
CATCCCA,0.577454320162266
CATCCCC,0.508830368507151
CATCCCG,0.567456163053246
CATCCCT,0.595761213444788
CATCCGA,0.550323817453749
CATCCGC,0.564101105913567
CATCCGG,0.532892830733711
CATCCGT,0.541277984745362
CATCCTA,0.54373088470832
CATCCTC,0.574607889578209
CATCCTG,0.611452120172321
CATCCTT,0.532397389912406
CATCGAA,0.550323817453749
CATCGAC,0.593432820222244
CATCGAG,0.547398990069681
CATCGAT,0.570084405301741
CATCGCA,0.572943722403313
CATCGCC,0.563620891823023
CATCGCG,0.572467736948908
CATCGCT,0.597852142085034
CATCGGA,0.54617778267235
CATCGGC,0.661464672188104
CATCGGG,0.547398990069681
CATCGGT,0.548130999301753
CATCGTA,0.547154867868876
CATCGTC,0.568412686931105
CATCGTG,0.541032363504604
CATCGTT,0.548130999301753
CATCTAA,0.543240785817062
CATCTAC,0.541769046311556
CATCTAG,0.541769046311556
CATCTAT,0.549836939907521
CATCTCA,0.533882976599
CATCTCC,0.622834481233966
CATCTCG,0.531653768135685
CATCTCT,0.537094196564764
CATCTGA,0.532397389912406
CATCTGC,0.542995646268147
CATCTGG,0.559529734439456
CATCTGT,0.54373088470832
CATCTTA,0.567456163053246
CATCTTC,0.579583838633565
CATCTTG,0.532397389912406
CATCTTT,0.563380698272967
CATGAAA,0.538572827242263
CATGAAC,0.529668069054375
CATGAAG,0.554452733580856
CATGAAT,0.541523545671142
CATGACA,0.558564671835767
CATGACC,0.654909863711707
CATGACG,0.54691068605787
CATGACT,0.533882976599
CATGAGA,0.544220743520313
CATGAGC,0.576743471734003
CATGAGG,0.574845401829444
CATGAGT,0.541523545671142
CATGATA,0.548374883352512
CATGATC,0.534872143045142
CATGATG,0.562659771271024
CATGATT,0.591332620915189
CATGCAA,0.544220743520313
CATGCAC,0.606402542376409
CATGCAG,0.547154867868876
CATGCAT,0.540786681919229
CATGCCA,0.529916497179467
CATGCCC,0.528425001836785
CATGCCG,0.542505186816431
CATGCCT,0.600401798490179
CATGCGA,0.572705757996379
CATGCGC,0.569607056581024
CATGCGG,0.610077489406554
CATGCGT,0.546422143488757
CATGCTA,0.540540939959579
CATGCTC,0.556389869707581
CATGCTG,0.515404666446114
CATGCTT,0.55735703239966
CATGGAA,0.557598676986502
CATGGAC,0.560975584315396
CATGGAG,0.569607056581024
CATGGAT,0.569368296745289
CATGGCA,0.607552414747027
CATGGCC,0.570800001413672
CATGGCG,0.615792693154077
CATGGCT,0.533635532028962
CATGGGA,0.557598676986502
CATGGGC,0.56649872336139
CATGGGG,0.548618707938343
CATGGGT,0.561697726077547
CATGGTA,0.567216889056327
CATGGTC,0.530164863603354
CATGGTG,0.523437222939288
CATGGTT,0.539557367784301
CATGTAA,0.548618707938343
CATGTAC,0.568412686931105
CATGTAG,0.56912947988968
CATGTAT,0.547887055757054
CATGTCA,0.537587316424791
CATGTCC,0.524436770939387
CATGTCG,0.550080408311853
CATGTCT,0.524186977589027
CATGTGA,0.564341126509425
CATGTGC,0.573657276050295
CATGTGG,0.55928855608816
CATGTGT,0.550080408311853
CATGTTA,0.53881905326644
CATGTTC,0.530164863603354
CATGTTG,0.531653768135685
CATGTTT,0.525435320840846
CATTAAA,0.542505186816431
CATTAAC,0.53586033200784
CATTAAG,0.54373088470832
CATTAAT,0.540540939959579
CATTACA,0.537094196564764
CATTACC,0.549106178831164
CATTACG,0.550810458065586
CATTACT,0.548862473088238
CATTAGA,0.547398990069681
CATTAGC,0.544955082103854
CATTAGG,0.542505186816431
CATTAGT,0.541523545671142
CATTATA,0.544710362488134
CATTATC,0.550810458065586
CATTATG,0.543240785817062
CATTATT,0.54691068605787
CATTCAA,0.561938324158355
CATTCAC,0.562659771271024
CATTCAG,0.560252920687636
CATTCAT,0.533140459126653
CATTCCA,0.529419579197413
CATTCCC,0.551783029407716
CATTCCG,0.547887055757054
CATTCCT,0.531157712899333
CATTCGA,0.546422143488757
CATTCGC,0.572467736948908
CATTCGG,0.550567167362053
CATTCGT,0.571276781158874
CATTCTA,0.564101105913567
CATTCTC,0.533140459126653
CATTCTG,0.577927938544287
CATTCTT,0.556873567979075
CATTGAA,0.542014486696199
CATTGAC,0.54691068605787
CATTGAG,0.539803351538071
CATTGAT,0.592733243765148
CATTGCA,0.533388026214955
CATTGCC,0.551296861973523
CATTGCG,0.549106178831164
CATTGCT,0.536847545417064
CATTGGA,0.53586033200784
CATTGGC,0.584535150164402
CATTGGG,0.557115329406598
CATTGGT,0.541769046311556
CATTGTA,0.542259866854641
CATTGTC,0.566977557793659
CATTGTG,0.535366359591164
CATTGTT,0.554695080910746
CATTTAA,0.564820994940588
CATTTAC,0.544220743520313
CATTTAG,0.556389869707581
CATTTAT,0.554452733580856
CATTTCA,0.530413168356677
CATTTCC,0.535119281849402
CATTTCG,0.549106178831164
CATTTCT,0.566738169237826
CATTTGA,0.565540366100184
CATTTGC,0.542505186816431
CATTTGG,0.560011916711166
CATTTGT,0.503743640652428
CATTTTA,0.554452733580856
CATTTTC,0.553482756511656
CATTTTG,0.526931278612457
CATTTTT,0.528673738928325
CCAAAAA,0.569607056581024
CCAAAAC,0.544465582970065
CCAAAAG,0.532397389912406
CCAAAAT,0.538572827242263
CCAAACA,0.54691068605787
CCAAACC,0.537094196564764
CCAAACG,0.539557367784301
CCAAACT,0.534872143045142
CCAAAGA,0.587822457041308
CCAAAGC,0.527678419125729
CCAAAGG,0.560252920687636
CCAAAGT,0.508576645704089
CCAAATA,0.542014486696199
CCAAATC,0.541277984745362
CCAAATG,0.544220743520313
CCAAATT,0.531157712899333
CCAACAA,0.54373088470832
CCAACAC,0.529668069054375
CCAACAG,0.612138727600317
CCAACAT,0.566738169237826
CCAACCA,0.565540366100184
CCAACCC,0.56912947988968
CCAACCG,0.541277984745362
CCAACCT,0.560975584315396
CCAACGA,0.548618707938343
CCAACGC,0.566977557793659
CCAACGG,0.56649872336139
CCAACGT,0.541523545671142
CCAACTA,0.542259866854641
CCAACTC,0.587118943290794
CCAACTG,0.602944970676565
CCAACTT,0.592733243765148
CCAAGAA,0.556389869707581
CCAAGAC,0.534377682128348
CCAAGAG,0.531901703507817
CCAAGAT,0.55663174808883
CCAAGCA,0.525185776828227
CCAAGCC,0.577691157392573
CCAAGCG,0.565780041533798
CCAAGCT,0.555905937358841
CCAAGGA,0.593432820222244
CCAAGGC,0.618751740432715
CCAAGGG,0.661900135532241
CCAAGGT,0.579583838633565
CCAAGTA,0.533882976599
CCAAGTC,0.542505186816431
CCAAGTG,0.573181630196659
CCAAGTT,0.54691068605787
CCAATAA,0.564341126509425
CCAATAC,0.545199741846535
CCAATAG,0.544465582970065
CCAATAT,0.539311323507636
CCAATCA,0.547887055757054
CCAATCC,0.543485865287306
CCAATCG,0.548862473088238
CCAATCT,0.541769046311556
CCAATGA,0.635877726471886
CCAATGC,0.56649872336139
CCAATGG,0.568412686931105
CCAATGT,0.541769046311556
CCAATTA,0.549593412211889
CCAATTC,0.541769046311556
CCAATTG,0.546422143488757
CCAATTT,0.539065218678287
CCACAAA,0.534377682128348
CCACAAC,0.565300633208485
CCACAAG,0.583593931358153
CCACAAT,0.542750446611098
CCACACA,0.542995646268147
CCACACC,0.556147932807025
CCACACG,0.536600833417566
CCACACT,0.555179599444978
CCACAGA,0.551296861973523
CCACAGC,0.542259866854641
CCACAGG,0.550810458065586
CCACAGT,0.547398990069681
CCACATA,0.534624943148194
CCACATC,0.556873567979075
CCACATG,0.554695080910746
CCACATT,0.540786681919229
CCACCAA,0.578637945793287
CCACCAC,0.517670352098792
CCACCAG,0.582887435429914
CCACCAT,0.547643052689382
CCACCCA,0.548374883352512
CCACCCC,0.560252920687636
CCACCCG,0.542750446611098
CCACCCT,0.572943722403313
CCACCGA,0.569607056581024
CCACCGC,0.595761213444788
CCACCGG,0.585945319406368
CCACCGT,0.576506409923444
CCACCTA,0.555905937358841
CCACCTC,0.512375744880512
CCACCTG,0.687474728188028
CCACCTT,0.540540939959579
CCACGAA,0.549836939907521
CCACGAC,0.543975844109523
CCACGAG,0.569368296745289
CCACGAT,0.550323817453749
CCACGCA,0.589930033569023
CCACGCC,0.532149577423238
CCACGCG,0.534377682128348
CCACGCT,0.542750446611098
CCACGGA,0.53610722674302
CCACGGC,0.555905937358841
CCACGGG,0.667110958109069
CCACGGT,0.592499942813337
CCACGTA,0.547398990069681
CCACGTC,0.581708831890764
CCACGTG,0.548618707938343
CCACGTT,0.54691068605787
CCACTAA,0.542995646268147
CCACTAC,0.544220743520313
CCACTAG,0.543485865287306
CCACTAT,0.57389501416439
CCACTCA,0.532149577423238
CCACTCC,0.506035870733161
CCACTCG,0.526682107674533
CCACTCT,0.538572827242263
CCACTGA,0.57816466364396
CCACTGC,0.540786681919229
CCACTGG,0.519930916022036
CCACTGT,0.59854814787405
CCACTTA,0.540295137595975
CCACTTC,0.575320257162669
CCACTTG,0.558323260591808
CCACTTT,0.534130359955369
CCAGAAA,0.558081791054386
CCAGAAC,0.559529734439456
CCAGAAG,0.662335409330591
CCAGAAT,0.536600833417566
CCAGACA,0.523937121826358
CCAGACC,0.5542103275045
CCAGACG,0.537587316424791
CCAGACT,0.54691068605787
CCAGAGA,0.506544542432787
CCAGAGC,0.688535104148342
CCAGAGG,0.528673738928325
CCAGAGT,0.575794887115326
CCAGATA,0.542750446611098
CCAGATC,0.557840263195344
CCAGATG,0.54568888182992
CCAGATT,0.563140447016109
CCAGCAA,0.546422143488757
CCAGCAC,0.490654143335064
CCAGCAG,0.694031006565366
CCAGCAT,0.520432570344204
CCAGCCA,0.506544542432787
CCAGCCC,0.599243669575915
CCAGCCG,0.641669924763168
CCAGCCT,0.521435124648002
CCAGCGA,0.56912947988968
CCAGCGC,0.547154867868876
CCAGCGG,0.539557367784301
CCAGCGT,0.585710429251747
CCAGCTA,0.495807719172113
CCAGCTC,0.524436770939387
CCAGCTG,0.59878004219554
CCAGCTT,0.576032117640779
CCAGGAA,0.610306725797169
CCAGGAC,0.637440467776315
CCAGGAG,0.641892033012671
CCAGGAT,0.557115329406598
CCAGGCA,0.661464672188104
CCAGGCC,0.745389550707474
CCAGGCG,0.595063264549808
CCAGGCT,0.465540400594802
CCAGGGA,0.635877726471886
CCAGGGC,0.653154633997178
CCAGGGG,0.700544579990125
CCAGGGT,0.628477443269131
CCAGGTA,0.607552414747027
CCAGGTC,0.604790496510143
CCAGGTG,0.715511156658401
CCAGGTT,0.511870031465128
CCAGTAA,0.541032363504604
CCAGTAC,0.566977557793659
CCAGTAG,0.535119281849402
CCAGTAT,0.597387868955443
CCAGTCA,0.53610722674302
CCAGTCC,0.621021987327333
CCAGTCG,0.570800001413671
CCAGTCT,0.547398990069681
CCAGTGA,0.615336676951346
CCAGTGC,0.690652488827185
CCAGTGG,0.530413168356677
CCAGTGT,0.619433355837054
CCAGTTA,0.545444341745468
CCAGTTC,0.537094196564764
CCAGTTG,0.537340786890677
CCAGTTT,0.555663883334684
CCATAAA,0.540049274798713
CCATAAC,0.550080408311853
CCATAAG,0.541277984745362
CCATAAT,0.545444341745468
CCATACA,0.543485865287306
CCATACC,0.565780041533798
CCATACG,0.548862473088238
CCATACT,0.566019659536863
CCATAGA,0.538572827242263
CCATAGC,0.570084405301741
CCATAGG,0.568173641723396
CCATAGT,0.541523545671142
CCATATA,0.542259866854641
CCATATC,0.548618707938343
CCATATG,0.547154867868876
CCATATT,0.569845759424107
CCATCAA,0.565540366100184
CCATCAC,0.627801966734511
CCATCAG,0.580292671570626
CCATCAT,0.53881905326644
CCATCCA,0.560011916711166
CCATCCC,0.565540366100184
CCATCCG,0.563861027693991
CCATCCT,0.565540366100184
CCATCGA,0.570322994241107
CCATCGC,0.591566194331503
CCATCGG,0.571991524824455
CCATCGT,0.548618707938343
CCATCTA,0.544710362488134
CCATCTC,0.557840263195344
CCATCTG,0.541032363504604
CCATCTT,0.555905937358841
CCATGAA,0.533388026214955
CCATGAC,0.621702057577085
CCATGAG,0.597387868955443
CCATGAT,0.563620891823023
CCATGCA,0.606632622651376
CCATGCC,0.581001002419431
CCATGCG,0.587588007445904
CCATGCT,0.552511837673372
CCATGGA,0.581708831890764
CCATGGC,0.599707082105549
CCATGGG,0.584535150164402
CCATGGT,0.541769046311556
CCATGTA,0.568173641723396
CCATGTC,0.529419579197413
CCATGTG,0.595761213444788
CCATGTT,0.501957155310642
CCATTAA,0.539065218678287
CCATTAC,0.548130999301753
CCATTAG,0.54568888182992
CCATTAT,0.550810458065586
CCATTCA,0.557598676986502
CCATTCC,0.550323817453749
CCATTCG,0.545444341745468
CCATTCT,0.52643287463498
CCATTGA,0.597387868955443
CCATTGC,0.534624943148194
CCATTGG,0.561938324158355
CCATTGT,0.541523545671142
CCATTTA,0.565300633208485
CCATTTC,0.536847545417064
CCATTTG,0.543240785817062
CCATTTT,0.522186381319632
CCCAAAA,0.53881905326644
CCCAAAC,0.533635532028962
CCCAAAG,0.502467905443418
CCCAAAT,0.533388026214955
CCCAACA,0.585710429251747
CCCAACC,0.548374883352512
CCCAACG,0.567695379811815
CCCAACT,0.626675157589689
CCCAAGA,0.559047319555836
CCCAAGC,0.554452733580856
CCCAAGG,0.617614681297747
CCCAAGT,0.527678419125729
CCCAATA,0.567695379811815
CCCAATC,0.541032363504604
CCCAATG,0.547398990069681
CCCAATT,0.543485865287306
CCCACAA,0.610077489406554
CCCACAC,0.549106178831164
CCCACAG,0.54691068605787
CCCACAT,0.52493617052785
CCCACCA,0.576506409923444
CCCACCC,0.544220743520313
CCCACCG,0.529916497179467
CCCACCT,0.623513320394823
CCCACGA,0.546422143488757
CCCACGC,0.551539975235466
CCCACGG,0.556389869707581
CCCACGT,0.559529734439456
CCCACTA,0.572467736948908
CCCACTC,0.485214151103716
CCCACTG,0.567216889056327
CCCACTT,0.534872143045142
CCCAGAA,0.613967379309302
CCCAGAC,0.53586033200784
CCCAGAG,0.566019659536863
CCCAGAT,0.519930916022036
CCCAGCA,0.625998462143303
CCCAGCC,0.562900138024713
CCCAGCG,0.568412686931105
CCCAGCT,0.566019659536863
CCCAGGA,0.643223647532141
CCCAGGC,0.669490207437055
CCCAGGG,0.678308779052365
CCCAGGT,0.648973574335535
CCCAGTA,0.540049274798713
CCCAGTC,0.622155180937448
CCCAGTG,0.64388879043268
CCCAGTT,0.536847545417064
CCCATAA,0.547154867868876
CCCATAC,0.549106178831164
CCCATAG,0.565300633208485
CCCATAT,0.548618707938343
CCCATCA,0.564820994940588
CCCATCC,0.506035870733161
CCCATCG,0.570322994241107
CCCATCT,0.547154867868876
CCCATGA,0.601327336880784
CCCATGC,0.606632622651376
CCCATGG,0.564341126509425
CCCATGT,0.549836939907521
CCCATTA,0.545444341745468
CCCATTC,0.534377682128348
CCCATTG,0.566977557793659
CCCATTT,0.536600833417566
CCCCAAA,0.52817620285971
CCCCAAC,0.572467736948908
CCCCAAG,0.646323869606876
CCCCAAT,0.541769046311556
CCCCACA,0.527678419125729
CCCCACC,0.562178864365651
CCCCACG,0.519679994457983
CCCCACT,0.513133835802823
CCCCAGA,0.596458675546845
CCCCAGC,0.618978997193577
CCCCAGG,0.755352155791165
CCCCAGT,0.574370320901502
CCCCATA,0.542014486696199
CCCCATC,0.479744403413644
CCCCATG,0.634983633735244
CCCCATT,0.549106178831164
CCCCCAA,0.54373088470832
CCCCCAC,0.481831646109673
CCCCCAG,0.725161542970087
CCCCCAT,0.542014486696199
CCCCCCA,0.555905937358841
CCCCCCC,0.495036373919587
CCCCCCG,0.562900138024713
CCCCCCT,0.546422143488757
CCCCCGA,0.527678419125729
CCCCCGC,0.593432820222244
CCCCCGG,0.611452120172321
CCCCCGT,0.560252920687636
CCCCCTA,0.525934222127104
CCCCCTC,0.599707082105549
CCCCCTG,0.630501139568894
CCCCCTT,0.544710362488134
CCCCGAA,0.534377682128348
CCCCGAC,0.553725338998419
CCCCGAG,0.601789785041178
CCCCGAT,0.547643052689382
CCCCGCA,0.645660344948355
CCCCGCC,0.462622091862888
CCCCGCG,0.584299928502264
CCCCGCT,0.523437222939288
CCCCGGA,0.582887435429914
CCCCGGC,0.62079519442845
CCCCGGG,0.720245322855953
CCCCGGT,0.628702500759028
CCCCGTA,0.568651675009859
CCCCGTC,0.563861027693991
CCCCGTG,0.519679994457983
CCCCGTT,0.55663174808883
CCCCTAA,0.525185776828227
CCCCTAC,0.551783029407716
CCCCTAG,0.536847545417064
CCCCTAT,0.540049274798713
CCCCTCA,0.571753333693476
CCCCTCC,0.461026690173318
CCCCTCG,0.64122556021313
CCCCTCT,0.51161707882032
CCCCTGA,0.621928644922364
CCCCTGC,0.566738169237826
CCCCTGG,0.797095179214885
CCCCTGT,0.592966490300319
CCCCTTA,0.542995646268147
CCCCTTC,0.569607056581024
CCCCTTG,0.524436770939387
CCCCTTT,0.518926851774713
CCCGAAA,0.57389501416439
CCCGAAC,0.541523545671142
CCCGAAG,0.581708831890764
CCCGAAT,0.548130999301753
CCCGACA,0.56912947988968
CCCGACC,0.534872143045142
CCCGACG,0.559047319555836
CCCGACT,0.562178864365651
CCCGAGA,0.531653768135685
CCCGAGC,0.550080408311853
CCCGAGG,0.687474728188028
CCCGAGT,0.524686501908612
CCCGATA,0.545199741846535
CCCGATC,0.59831619976511
CCCGATG,0.565540366100184
CCCGATT,0.571038419701138
CCCGCAA,0.538326540575898
CCCGCAC,0.567456163053246
CCCGCAG,0.624643695949056
CCCGCAT,0.584299928502264
CCCGCCA,0.519177962365954
CCCGCCC,0.5128812026791
CCCGCCG,0.606862650001587
CCCGCCT,0.482873636009464
CCCGCGA,0.622834481233966
CCCGCGC,0.602944970676565
CCCGCGG,0.675735773546898
CCCGCGT,0.584535150164402
CCCGCTA,0.548862473088238
CCCGCTC,0.604559991958769
CCCGCTG,0.519679994457983
CCCGCTT,0.559047319555836
CCCGGAA,0.587118943290794
CCCGGAC,0.587822457041308
CCCGGAG,0.593199682444231
CCCGGAT,0.560011916711166
CCCGGCA,0.549836939907521
CCCGGCC,0.780993034680888
CCCGGCG,0.600864674763142
CCCGGCT,0.558564671835767
CCCGGGA,0.600401798490179
CCCGGGC,0.599243669575915
CCCGGGG,0.667760405896127
CCCGGGT,0.694241785410506
CCCGGTA,0.550567167362053
CCCGGTC,0.583122989536624
CCCGGTG,0.642558061922043
CCCGGTT,0.544710362488134
CCCGTAA,0.547887055757054
CCCGTAC,0.59413190761424
CCCGTAG,0.548130999301753
CCCGTAT,0.549349825196072
CCCGTCA,0.593665903659702
CCCGTCC,0.542750446611098
CCCGTCG,0.580292671570626
CCCGTCT,0.513638910660364
CCCGTGA,0.537340786890677
CCCGTGC,0.566259220136895
CCCGTGG,0.542014486696199
CCCGTGT,0.555421770706192
CCCGTTA,0.549593412211889
CCCGTTC,0.522186381319632
CCCGTTG,0.592733243765148
CCCGTTT,0.541032363504604
CCCTAAA,0.585475483910779
CCCTAAC,0.53586033200784
CCCTAAG,0.532397389912406
CCCTAAT,0.540049274798713
CCCTACA,0.559770854637779
CCCTACC,0.552997414927933
CCCTACG,0.546422143488757
CCCTACT,0.58218044001227
CCCTAGA,0.565060842831145
CCCTAGC,0.559047319555836
CCCTAGG,0.524436770939387
CCCTAGT,0.540049274798713
CCCTATA,0.547643052689382
CCCTATC,0.530909592974082
CCCTATG,0.546422143488757
CCCTATT,0.549106178831164
CCCTCAA,0.563380698272967
CCCTCAC,0.584770316510321
CCCTCAG,0.587353502870996
CCCTCAT,0.537094196564764
CCCTCCA,0.575320257162669
CCCTCCC,0.505526940154947
CCCTCCG,0.568651675009859
CCCTCCT,0.589462066945777
CCCTCGA,0.539557367784301
CCCTCGC,0.632520748791554
CCCTCGG,0.604098823397714
CCCTCGT,0.556873567979075
CCCTCTA,0.536600833417566
CCCTCTC,0.473193548014244
CCCTCTG,0.567456163053246
CCCTCTT,0.526183579462832
CCCTGAA,0.546666444607543
CCCTGAC,0.570084405301741
CCCTGAG,0.548618707938343
CCCTGAT,0.602252019442119
CCCTGCA,0.647649599587842
CCCTGCC,0.615792693154077
CCCTGCG,0.618069660111905
CCCTGCT,0.664074612361635
CCCTGGA,0.70514151188823
CCCTGGC,0.634312539184134
CCCTGGG,0.752174908007918
CCCTGGT,0.667760405896127
CCCTGTA,0.582416160693904
CCCTGTC,0.583829319125197
CCCTGTG,0.698867715202113
CCCTGTT,0.548374883352512
CCCTTAA,0.550323817453749
CCCTTAC,0.54691068605787
CCCTTAG,0.540540939959579
CCCTTAT,0.54568888182992
CCCTTCA,0.518926851774713
CCCTTCC,0.552026024518989
CCCTTCG,0.678522897641012
CCCTTCT,0.544220743520313
CCCTTGA,0.52493617052785
CCCTTGC,0.550080408311853
CCCTTGG,0.533882976599
CCCTTGT,0.562178864365651
CCCTTTA,0.539065218678287
CCCTTTC,0.54568888182992
CCCTTTG,0.545444341745468
CCCTTTT,0.49786173581421
CCGAAAA,0.545444341745468
CCGAAAC,0.544220743520313
CCGAAAG,0.544710362488134
CCGAAAT,0.571038419701138
CCGAACA,0.549593412211889
CCGAACC,0.568173641723396
CCGAACG,0.548618707938343
CCGAACT,0.541523545671142
CCGAAGA,0.542014486696199
CCGAAGC,0.616476327787381
CCGAAGG,0.571038419701138
CCGAAGT,0.533882976599
CCGAATA,0.548862473088238
CCGAATC,0.541032363504604
CCGAATG,0.550323817453749
CCGAATT,0.550323817453749
CCGACAA,0.549836939907521
CCGACAC,0.546666444607543
CCGACAG,0.570561526269369
CCGACAT,0.54568888182992
CCGACCA,0.545933362129139
CCGACCC,0.555905937358841
CCGACCG,0.544220743520313
CCGACCT,0.534624943148194
CCGACGA,0.547398990069681
CCGACGC,0.539803351538071
CCGACGG,0.606862650001587
CCGACGT,0.550323817453749
CCGACTA,0.547154867868876
CCGACTC,0.563380698272967
CCGACTG,0.539557367784301
CCGACTT,0.570322994241107
CCGAGAA,0.566259220136895
CCGAGAC,0.528425001836785
CCGAGAG,0.557115329406598
CCGAGAT,0.556147932807025
CCGAGCA,0.541523545671142
CCGAGCC,0.648973574335535
CCGAGCG,0.652495627763313
CCGAGCT,0.553482756511656
CCGAGGA,0.67315613060226
CCGAGGC,0.688111088682334
CCGAGGG,0.716129929101055
CCGAGGT,0.574845401829444
CCGAGTA,0.531653768135685
CCGAGTC,0.543240785817062
CCGAGTG,0.561216356183953
CCGAGTT,0.541032363504604
CCGATAA,0.54691068605787
CCGATAC,0.572705757996379
CCGATAG,0.547154867868876
CCGATAT,0.550810458065586
CCGATCA,0.550810458065586
CCGATCC,0.549106178831164
CCGATCG,0.571753333693476
CCGATCT,0.594830506624456
CCGATGA,0.574370320901502
CCGATGC,0.542995646268147
CCGATGG,0.545199741846535
CCGATGT,0.573657276050295
CCGATTA,0.54373088470832
CCGATTC,0.54568888182992
CCGATTG,0.593199682444231
CCGATTT,0.548130999301753
CCGCAAA,0.544955082103854
CCGCAAC,0.542750446611098
CCGCAAG,0.590163934783973
CCGCAAT,0.548374883352512
CCGCACA,0.547643052689382
CCGCACC,0.56649872336139
CCGCACG,0.631174795947141
CCGCACT,0.549593412211889
CCGCAGA,0.611452120172321
CCGCAGC,0.646323869606876
CCGCAGG,0.607782230641472
CCGCAGT,0.5542103275045
CCGCATA,0.54691068605787
CCGCATC,0.583122989536624
CCGCATG,0.544220743520313
CCGCATT,0.574845401829444
CCGCCAA,0.537587316424791
CCGCCAC,0.65205604887855
CCGCCAG,0.574370320901502
CCGCCAT,0.561216356183953
CCGCCCA,0.54373088470832
CCGCCCC,0.618069660111905
CCGCCCG,0.595295968311516
CCGCCCT,0.576743471734003
CCGCCGA,0.608700966429654
CCGCCGC,0.658629528846282
CCGCCGG,0.717160366422229
CCGCCGT,0.561216356183953
CCGCCTA,0.543240785817062
CCGCCTC,0.552026024518989
CCGCCTG,0.633417045301892
CCGCCTT,0.539311323507636
CCGCGAA,0.544710362488134
CCGCGAC,0.630950294240941
CCGCGAG,0.623739497748691
CCGCGAT,0.597155651534544
CCGCGCA,0.536600833417566
CCGCGCC,0.62622407817556
CCGCGCG,0.688535104148342
CCGCGCT,0.607552414747027
CCGCGGA,0.587588007445904
CCGCGGC,0.715923714159394
CCGCGGG,0.64919406647199
CCGCGGT,0.609160017989199
CCGCGTA,0.574607889578209
CCGCGTC,0.560493866595183
CCGCGTG,0.629152463843175
CCGCGTT,0.548130999301753
CCGCTAA,0.545444341745468
CCGCTAC,0.589930033569023
CCGCTAG,0.548130999301753
CCGCTAT,0.548374883352512
CCGCTCA,0.565060842831145
CCGCTCC,0.570800001413672
CCGCTCG,0.56912947988968
CCGCTCT,0.560734754461784
CCGCTGA,0.566977557793659
CCGCTGC,0.610306725797169
CCGCTGG,0.529668069054375
CCGCTGT,0.591566194331503
CCGCTTA,0.549836939907521
CCGCTTC,0.558323260591808
CCGCTTG,0.544955082103854
CCGCTTT,0.592266587419491
CCGGAAA,0.547154867868876
CCGGAAC,0.550323817453749
CCGGAAG,0.588291191396686
CCGGAAT,0.544220743520313
CCGGACA,0.613510529783412
CCGGACC,0.584064651497879
CCGGACG,0.564341126509425
CCGGACT,0.570084405301741
CCGGAGA,0.552997414927933
CCGGAGC,0.589696077631495
CCGGAGG,0.575320257162669
CCGGAGT,0.565060842831145
CCGGATA,0.54691068605787
CCGGATC,0.585005427566031
CCGGATG,0.539803351538071
CCGGATT,0.59413190761424
CCGGCAA,0.548618707938343
CCGGCAC,0.53881905326644
CCGGCAG,0.51338640511917
CCGGCAT,0.568173641723396
CCGGCCA,0.576032117640779
CCGGCCC,0.665810795816393
CCGGCCG,0.665810795816393
CCGGCCT,0.631847998817963
CCGGCGA,0.591098992929589
CCGGCGC,0.594364828181918
CCGGCGG,0.769330662316936
CCGGCGT,0.565300633208485
CCGGCTA,0.534377682128348
CCGGCTC,0.623060812160625
CCGGCTG,0.636324473243098
CCGGCTT,0.54691068605787
CCGGGAA,0.596691054855315
CCGGGAC,0.688958939901432
CCGGGAG,0.791565361451018
CCGGGAT,0.570561526269369
CCGGGCA,0.656224267154694
CCGGGCC,0.753566196223359
CCGGGCG,0.634536287412446
CCGGGCT,0.625772795196965
CCGGGGA,0.623060812160625
CCGGGGC,0.669058037490944
CCGGGGG,0.690017744038963
CCGGGGT,0.678308779052365
CCGGGTA,0.546666444607543
CCGGGTC,0.639668727446579
CCGGGTG,0.693398403332443
CCGGGTT,0.600864674763142
CCGGTAA,0.571753333693476
CCGGTAC,0.549349825196072
CCGGTAG,0.544710362488134
CCGGTAT,0.547398990069681
CCGGTCA,0.545444341745468
CCGGTCC,0.607092624451385
CCGGTCG,0.568890605986957
CCGGTCT,0.537340786890677
CCGGTGA,0.532892830733711
CCGGTGC,0.657755557456349
CCGGTGG,0.651396318033427
CCGGTGT,0.585005427566031
CCGGTTA,0.550810458065586
CCGGTTC,0.544465582970065
CCGGTTG,0.547643052689382
CCGGTTT,0.571276781158874
CCGTAAA,0.549349825196072
CCGTAAC,0.547154867868876
CCGTAAG,0.548130999301753
CCGTAAT,0.549593412211889
CCGTACA,0.547887055757054
CCGTACC,0.594597694510238
CCGTACG,0.548130999301753
CCGTACT,0.573657276050295
CCGTAGA,0.549349825196072
CCGTAGC,0.549106178831164
CCGTAGG,0.544220743520313
CCGTAGT,0.573419481403349
CCGTATA,0.573657276050295
CCGTATC,0.549593412211889
CCGTATG,0.550080408311853
CCGTATT,0.57389501416439
CCGTCAA,0.57389501416439
CCGTCAC,0.571276781158874
CCGTCAG,0.543485865287306
CCGTCAT,0.548130999301753
CCGTCCA,0.610306725797169
CCGTCCC,0.541277984745362
CCGTCCG,0.526183579462832
CCGTCCT,0.579583838633565
CCGTCGA,0.548130999301753
CCGTCGC,0.565060842831145
CCGTCGG,0.539065218678287
CCGTCGT,0.566019659536863
CCGTCTA,0.550810458065586
CCGTCTC,0.512122920141077
CCGTCTG,0.539557367784301
CCGTCTT,0.535119281849402
CCGTGAA,0.541277984745362
CCGTGAC,0.539065218678287
CCGTGAG,0.529419579197413
CCGTGAT,0.547643052689382
CCGTGCA,0.567456163053246
CCGTGCC,0.544220743520313
CCGTGCG,0.538080193237468
CCGTGCT,0.60594222295475
CCGTGGA,0.581944663753294
CCGTGGC,0.623739497748691
CCGTGGG,0.584299928502264
CCGTGGT,0.608011993732707
CCGTGTA,0.571991524824455
CCGTGTC,0.532892830733711
CCGTGTG,0.526183579462832
CCGTGTT,0.541032363504604
CCGTTAA,0.550080408311853
CCGTTAC,0.572467736948908
CCGTTAG,0.550810458065586
CCGTTAT,0.550567167362053
CCGTTCA,0.547643052689382
CCGTTCC,0.525185776828227
CCGTTCG,0.54373088470832
CCGTTCT,0.542014486696199
CCGTTGA,0.550810458065586
CCGTTGC,0.588291191396686
CCGTTGG,0.537340786890677
CCGTTGT,0.549593412211889
CCGTTTA,0.547643052689382
CCGTTTC,0.536354060536236
CCGTTTG,0.546422143488757
CCGTTTT,0.544955082103854
CCTAAAA,0.544955082103854
CCTAAAC,0.542995646268147
CCTAAAG,0.588525476208152
CCTAAAT,0.586414934260225
CCTAACA,0.540786681919229
CCTAACC,0.540295137595975
CCTAACG,0.548862473088238
CCTAACT,0.565780041533798
CCTAAGA,0.524186977589027
CCTAAGC,0.56912947988968
CCTAAGG,0.566019659536863
CCTAAGT,0.56912947988968
CCTAATA,0.544955082103854
CCTAATC,0.546422143488757
CCTAATG,0.537340786890677
CCTAATT,0.547154867868876
CCTACAA,0.567934539359412
CCTACAC,0.558806024814404
CCTACAG,0.586414934260225
CCTACAT,0.544465582970065
CCTACCA,0.521435124648002
CCTACCC,0.562900138024713
CCTACCG,0.542505186816431
CCTACCT,0.607092624451385
CCTACGA,0.571991524824455
CCTACGC,0.542505186816431
CCTACGG,0.569368296745289
CCTACGT,0.54691068605787
CCTACTA,0.541523545671142
CCTACTC,0.557840263195344
CCTACTG,0.589930033569023
CCTACTT,0.56649872336139
CCTAGAA,0.535119281849402
CCTAGAC,0.569607056581024
CCTAGAG,0.533140459126653
CCTAGAT,0.572467736948908
CCTAGCA,0.543240785817062
CCTAGCC,0.568412686931105
CCTAGCG,0.569607056581024
CCTAGCT,0.533140459126653
CCTAGGA,0.529916497179467
CCTAGGC,0.557840263195344
CCTAGGG,0.555179599444978
CCTAGGT,0.542505186816431
CCTAGTA,0.547398990069681
CCTAGTC,0.544955082103854
CCTAGTG,0.591799713204015
CCTAGTT,0.539065218678287
CCTATAA,0.53586033200784
CCTATAC,0.549106178831164
CCTATAG,0.530661411470054
CCTATAT,0.547398990069681
CCTATCA,0.543485865287306
CCTATCC,0.539557367784301
CCTATCG,0.550810458065586
CCTATCT,0.529916497179467
CCTATGA,0.568890605986957
CCTATGC,0.56649872336139
CCTATGG,0.544465582970065
CCTATGT,0.545444341745468
CCTATTA,0.550080408311853
CCTATTC,0.543485865287306
CCTATTG,0.568651675009859
CCTATTT,0.542014486696199
CCTCAAA,0.535119281849402
CCTCAAC,0.560734754461784
CCTCAAG,0.516412271644981
CCTCAAT,0.568173641723396
CCTCACA,0.527180387479689
CCTCACC,0.5216856062534
CCTCACG,0.561457070095372
CCTCACT,0.567456163053246
CCTCAGA,0.528673738928325
CCTCAGC,0.540295137595975
CCTCAGG,0.585475483910779
CCTCAGT,0.513133835802823
CCTCATA,0.56458108950922
CCTCATC,0.528673738928325
CCTCATG,0.522937074028329
CCTCATT,0.528425001836785
CCTCCAA,0.530413168356677
CCTCCAC,0.526183579462832
CCTCCAG,0.601096032578992
CCTCCAT,0.631623648213044
CCTCCCA,0.46686409440196
CCTCCCC,0.478699146070774
CCTCCCG,0.543240785817062
CCTCCCT,0.565060842831145
CCTCCGA,0.601096032578992
CCTCCGC,0.561697726077547
CCTCCGG,0.577927938544287
CCTCCGT,0.557598676986502
CCTCCTA,0.552754655773811
CCTCCTC,0.581472944398448
CCTCCTG,0.583593931358153
CCTCCTT,0.573419481403349
CCTCGAA,0.563861027693991
CCTCGAC,0.543240785817062
CCTCGAG,0.585710429251747
CCTCGAT,0.548862473088238
CCTCGCA,0.568890605986957
CCTCGCC,0.613967379309302
CCTCGCG,0.536847545417064
CCTCGCT,0.626449643316704
CCTCGGA,0.560975584315396
CCTCGGC,0.519679994457983
CCTCGGG,0.599011882754521
CCTCGGT,0.538572827242263
CCTCGTA,0.548130999301753
CCTCGTC,0.561697726077547
CCTCGTG,0.629827029071794
CCTCGTT,0.542259866854641
CCTCTAA,0.527429434307149
CCTCTAC,0.585475483910779
CCTCTAG,0.562659771271024
CCTCTAT,0.542014486696199
CCTCTCA,0.551539975235466
CCTCTCC,0.54617778267235
CCTCTCG,0.58922800148624
CCTCTCT,0.505017750434509
CCTCTGA,0.541277984745362
CCTCTGC,0.530164863603354
CCTCTGG,0.679378913822186
CCTCTGT,0.525934222127104
CCTCTTA,0.537094196564764
CCTCTTC,0.517670352098792
CCTCTTG,0.524686501908612
CCTCTTT,0.590397781301938
CCTGAAA,0.55735703239966
CCTGAAC,0.555905937358841
CCTGAAG,0.687474728188028
CCTGAAT,0.528425001836785
CCTGACA,0.60594222295475
CCTGACC,0.506290238926336
CCTGACG,0.561216356183953
CCTGACT,0.545199741846535
CCTGAGA,0.550567167362053
CCTGAGC,0.51161707882032
CCTGAGG,0.612596204120012
CCTGAGT,0.560252920687636
CCTGATA,0.544710362488134
CCTGATC,0.544955082103854
CCTGATG,0.644110406454714
CCTGATT,0.562419346727269
CCTGCAA,0.579583838633565
CCTGCAC,0.614880452702961
CCTGCAG,0.760493749334601
CCTGCAT,0.574132695772508
CCTGCCA,0.5542103275045
CCTGCCC,0.710547144939147
CCTGCCG,0.599011882754521
CCTGCCT,0.621702057577085
CCTGCGA,0.592966490300319
CCTGCGC,0.60571198375929
CCTGCGG,0.719834544785515
CCTGCGT,0.531405771276359
CCTGCTA,0.536600833417566
CCTGCTC,0.685137935626894
CCTGCTG,0.620114506958278
CCTGCTT,0.544220743520313
CCTGGAA,0.547154867868876
CCTGGAC,0.700753990516682
CCTGGAG,0.792138831684947
CCTGGAT,0.596923380176189
CCTGGCA,0.696136798434158
CCTGGCC,0.635654278220478
CCTGGCG,0.723116054349218
CCTGGCT,0.627126033622918
CCTGGGA,0.685988310315401
CCTGGGC,0.772259031198788
CCTGGGG,0.778283954652014
CCTGGGT,0.517418862597485
CCTGGTA,0.555421770706192
CCTGGTC,0.57389501416439
CCTGGTG,0.734719688773331
CCTGGTT,0.553240115164351
CCTGTAA,0.50781509081452
CCTGTAC,0.564101105913567
CCTGTAG,0.568651675009859
CCTGTAT,0.562900138024713
CCTGTCA,0.530661411470054
CCTGTCC,0.572943722403313
CCTGTCG,0.532397389912406
CCTGTCT,0.640336238294413
CCTGTGA,0.652715344765825
CCTGTGC,0.648532444158657
CCTGTGG,0.61465226250231
CCTGTGT,0.503233541852241
CCTGTTA,0.572467736948908
CCTGTTC,0.558081791054386
CCTGTTG,0.573181630196659
CCTGTTT,0.576269291901257
CCTTAAA,0.535613376300595
CCTTAAC,0.544955082103854
CCTTAAG,0.544465582970065
CCTTAAT,0.541277984745362
CCTTACA,0.541277984745362
CCTTACC,0.541032363504604
CCTTACG,0.546666444607543
CCTTACT,0.546666444607543
CCTTAGA,0.543975844109523
CCTTAGC,0.538080193237468
CCTTAGG,0.554452733580856
CCTTAGT,0.571276781158874
CCTTATA,0.550810458065586
CCTTATC,0.542995646268147
CCTTATG,0.565780041533798
CCTTATT,0.536600833417566
CCTTCAA,0.580056449747667
CCTTCAC,0.526682107674533
CCTTCAG,0.553240115164351
CCTTCAT,0.560493866595183
CCTTCCA,0.533882976599
CCTTCCC,0.515656662943211
CCTTCCG,0.558323260591808
CCTTCCT,0.662335409330591
CCTTCGA,0.572467736948908
CCTTCGC,0.542505186816431
CCTTCGG,0.611681041700066
CCTTCGT,0.637440467776315
CCTTCTA,0.524436770939387
CCTTCTC,0.578637945793287
CCTTCTG,0.52892241416511
CCTTCTT,0.589696077631495
CCTTGAA,0.577217426826797
CCTTGAC,0.52643287463498
CCTTGAG,0.554452733580856
CCTTGAT,0.539311323507636
CCTTGCA,0.557115329406598
CCTTGCC,0.562419346727269
CCTTGCG,0.545933362129139
CCTTGCT,0.52817620285971
CCTTGGA,0.603175847755463
CCTTGGC,0.509337621069121
CCTTGGG,0.50297839484366
CCTTGGT,0.554695080910746
CCTTGTA,0.546666444607543
CCTTGTC,0.578874502895948
CCTTGTG,0.585945319406368
CCTTGTT,0.527429434307149
CCTTTAA,0.536847545417064
CCTTTAC,0.565300633208485
CCTTTAG,0.538326540575898
CCTTTAT,0.557840263195344
CCTTTCA,0.56649872336139
CCTTTCC,0.571991524824455
CCTTTCG,0.539065218678287
CCTTTCT,0.534130359955369
CCTTTGA,0.551539975235466
CCTTTGC,0.516915693774396
CCTTTGG,0.545444341745468
CCTTTGT,0.543975844109523
CCTTTTA,0.533882976599
CCTTTTC,0.562419346727269
CCTTTTG,0.552026024518989
CCTTTTT,0.471351592083251
CGAAAAA,0.545199741846535
CGAAAAC,0.546666444607543
CGAAAAG,0.543975844109523
CGAAAAT,0.548130999301753
CGAAACA,0.550810458065586
CGAAACC,0.538572827242263
CGAAACG,0.548618707938343
CGAAACT,0.544710362488134
CGAAAGA,0.541769046311556
CGAAAGC,0.54617778267235
CGAAAGG,0.54568888182992
CGAAAGT,0.550080408311853
CGAAATA,0.550810458065586
CGAAATC,0.550323817453749
CGAAATG,0.570084405301741
CGAAATT,0.548618707938343
CGAACAA,0.550080408311853
CGAACAC,0.550080408311853
CGAACAG,0.54691068605787
CGAACAT,0.549836939907521
CGAACCA,0.549349825196072
CGAACCC,0.538326540575898
CGAACCG,0.571038419701138
CGAACCT,0.544710362488134
CGAACGA,0.550567167362053
CGAACGC,0.548618707938343
CGAACGG,0.545444341745468
CGAACGT,0.547154867868876
CGAACTA,0.549836939907521
CGAACTC,0.534872143045142
CGAACTG,0.543975844109523
CGAACTT,0.550080408311853
CGAAGAA,0.542505186816431
CGAAGAC,0.54568888182992
CGAAGAG,0.562419346727269
CGAAGAT,0.548374883352512
CGAAGCA,0.549106178831164
CGAAGCC,0.591098992929589
CGAAGCG,0.617159495383638
CGAAGCT,0.545199741846535
CGAAGGA,0.549106178831164
CGAAGGC,0.569607056581024
CGAAGGG,0.543485865287306
CGAAGGT,0.549593412211889
CGAAGTA,0.54617778267235
CGAAGTC,0.545444341745468
CGAAGTG,0.568412686931105
CGAAGTT,0.567695379811815
CGAATAA,0.548374883352512
CGAATAC,0.548374883352512
CGAATAG,0.549349825196072
CGAATAT,0.549349825196072
CGAATCA,0.54373088470832
CGAATCC,0.545933362129139
CGAATCG,0.549106178831164
CGAATCT,0.548618707938343
CGAATGA,0.546422143488757
CGAATGC,0.550810458065586
CGAATGG,0.567695379811815
CGAATGT,0.547154867868876
CGAATTA,0.550810458065586
CGAATTC,0.545933362129139
CGAATTG,0.546422143488757
CGAATTT,0.548130999301753
CGACAAA,0.542014486696199
CGACAAC,0.549836939907521
CGACAAG,0.548862473088238
CGACAAT,0.572943722403313
CGACACA,0.548130999301753
CGACACC,0.538572827242263
CGACACG,0.574845401829444
CGACACT,0.570561526269369
CGACAGA,0.567934539359412
CGACAGC,0.571276781158874
CGACAGG,0.544465582970065
CGACAGT,0.548618707938343
CGACATA,0.549106178831164
CGACATC,0.547154867868876
CGACATG,0.572705757996379
CGACATT,0.550810458065586
CGACCAA,0.546666444607543
CGACCAC,0.548130999301753
CGACCAG,0.566019659536863
CGACCAT,0.570800001413671
CGACCCA,0.567934539359412
CGACCCC,0.530661411470054
CGACCCG,0.589696077631495
CGACCCT,0.544220743520313
CGACCGA,0.550080408311853
CGACCGC,0.594364828181918
CGACCGG,0.579820172110774
CGACCGT,0.548618707938343
CGACCTA,0.550810458065586
CGACCTC,0.525435320840846
CGACCTG,0.604559991958769
CGACCTT,0.550323817453749
CGACGAA,0.548862473088238
CGACGAC,0.548862473088238
CGACGAG,0.546666444607543
CGACGAT,0.574845401829444
CGACGCA,0.547398990069681
CGACGCC,0.569368296745289
CGACGCG,0.54617778267235
CGACGCT,0.548130999301753
CGACGGA,0.548374883352512
CGACGGC,0.571515085813964
CGACGGG,0.564820994940588
CGACGGT,0.568651675009859
CGACGTA,0.549593412211889
CGACGTC,0.549106178831164
CGACGTG,0.548862473088238
CGACGTT,0.550080408311853
CGACTAA,0.547643052689382
CGACTAC,0.548862473088238
CGACTAG,0.550810458065586
CGACTAT,0.571515085813964
CGACTCA,0.546422143488757
CGACTCC,0.53881905326644
CGACTCG,0.550810458065586
CGACTCT,0.592966490300319
CGACTGA,0.574370320901502
CGACTGC,0.591098992929589
CGACTGG,0.537833785197073
CGACTGT,0.595761213444788
CGACTTA,0.54373088470832
CGACTTC,0.591799713204015
CGACTTG,0.550567167362053
CGACTTT,0.548130999301753
CGAGAAA,0.544220743520313
CGAGAAC,0.548618707938343
CGAGAAG,0.569845759424107
CGAGAAT,0.544955082103854
CGAGACA,0.547887055757054
CGAGACC,0.519177962365954
CGAGACG,0.548130999301753
CGAGACT,0.542995646268147
CGAGAGA,0.548618707938343
CGAGAGC,0.583358488170663
CGAGAGG,0.629827029071794
CGAGAGT,0.547643052689382
CGAGATA,0.549349825196072
CGAGATC,0.537340786890677
CGAGATG,0.617614681297747
CGAGATT,0.54691068605787
CGAGCAA,0.548374883352512
CGAGCAC,0.565780041533798
CGAGCAG,0.560252920687636
CGAGCAT,0.550080408311853
CGAGCCA,0.568412686931105
CGAGCCC,0.64919406647199
CGAGCCG,0.632296549084656
CGAGCCT,0.544465582970065
CGAGCGA,0.543485865287306
CGAGCGC,0.681088751024755
CGAGCGG,0.632968997465149
CGAGCGT,0.550323817453749
CGAGCTA,0.550810458065586
CGAGCTC,0.521435124648002
CGAGCTG,0.60824170404499
CGAGCTT,0.534377682128348
CGAGGAA,0.547154867868876
CGAGGAC,0.675306294913318
CGAGGAG,0.663857377331081
CGAGGAT,0.542014486696199
CGAGGCA,0.540049274798713
CGAGGCC,0.67788040428566
CGAGGCG,0.681729187000741
CGAGGCT,0.537340786890677
CGAGGGA,0.540049274798713
CGAGGGC,0.67143266422933
CGAGGGG,0.693187446626459
CGAGGGT,0.595528617934781
CGAGGTA,0.547154867868876
CGAGGTC,0.547398990069681
CGAGGTG,0.637663517307499
CGAGGTT,0.54373088470832
CGAGTAA,0.550567167362053
CGAGTAC,0.54373088470832
CGAGTAG,0.556389869707581
CGAGTAT,0.550810458065586
CGAGTCA,0.54617778267235
CGAGTCC,0.58922800148624
CGAGTCG,0.572467736948908
CGAGTCT,0.592733243765148
CGAGTGA,0.541769046311556
CGAGTGC,0.566259220136895
CGAGTGG,0.563380698272967
CGAGTGT,0.58922800148624
CGAGTTA,0.549106178831164
CGAGTTC,0.544710362488134
CGAGTTG,0.544220743520313
CGAGTTT,0.547887055757054
CGATAAA,0.550810458065586
CGATAAC,0.54691068605787
CGATAAG,0.549836939907521
CGATAAT,0.550810458065586
CGATACA,0.574845401829444
CGATACC,0.550810458065586
CGATACG,0.549836939907521
CGATACT,0.548374883352512
CGATAGA,0.54568888182992
CGATAGC,0.550810458065586
CGATAGG,0.550810458065586
CGATAGT,0.54691068605787
CGATATA,0.550810458065586
CGATATC,0.550810458065586
CGATATG,0.550810458065586
CGATATT,0.550567167362053
CGATCAA,0.550323817453749
CGATCAC,0.549106178831164
CGATCAG,0.547887055757054
CGATCAT,0.544465582970065
CGATCCA,0.550080408311853
CGATCCC,0.545933362129139
CGATCCG,0.547887055757054
CGATCCT,0.557115329406598
CGATCGA,0.550810458065586
CGATCGC,0.546422143488757
CGATCGG,0.550810458065586
CGATCGT,0.574607889578209
CGATCTA,0.548618707938343
CGATCTC,0.541032363504604
CGATCTG,0.542750446611098
CGATCTT,0.57934744928964
CGATGAA,0.568173641723396
CGATGAC,0.62079519442845
CGATGAG,0.548618707938343
CGATGAT,0.549593412211889
CGATGCA,0.571991524824455
CGATGCC,0.572705757996379
CGATGCG,0.570800001413671
CGATGCT,0.571991524824455
CGATGGA,0.572943722403313
CGATGGC,0.611681041700066
CGATGGG,0.567934539359412
CGATGGT,0.54691068605787
CGATGTA,0.549106178831164
CGATGTC,0.548130999301753
CGATGTG,0.573419481403349
CGATGTT,0.550323817453749
CGATTAA,0.545933362129139
CGATTAC,0.550323817453749
CGATTAG,0.549349825196072
CGATTAT,0.550080408311853
CGATTCA,0.549593412211889
CGATTCC,0.543485865287306
CGATTCG,0.550810458065586
CGATTCT,0.523437222939288
CGATTGA,0.550567167362053
CGATTGC,0.570561526269369
CGATTGG,0.571515085813964
CGATTGT,0.549349825196072
CGATTTA,0.550810458065586
CGATTTC,0.547887055757054
CGATTTG,0.547643052689382
CGATTTT,0.549106178831164
CGCAAAA,0.53881905326644
CGCAAAC,0.549836939907521
CGCAAAG,0.54691068605787
CGCAAAT,0.571276781158874
CGCAACA,0.548374883352512
CGCAACC,0.543975844109523
CGCAACG,0.544955082103854
CGCAACT,0.572705757996379
CGCAAGA,0.546666444607543
CGCAAGC,0.596923380176189
CGCAAGG,0.588759706143102
CGCAAGT,0.568890605986957
CGCAATA,0.550810458065586
CGCAATC,0.546422143488757
CGCAATG,0.566259220136895
CGCAATT,0.550810458065586
CGCACAA,0.571276781158874
CGCACAC,0.544955082103854
CGCACAG,0.545444341745468
CGCACAT,0.543975844109523
CGCACCA,0.560734754461784
CGCACCC,0.586414934260225
CGCACCG,0.616704102180954
CGCACCT,0.540540939959579
CGCACGA,0.570561526269369
CGCACGC,0.542995646268147
CGCACGG,0.585945319406368
CGCACGT,0.588291191396686
CGCACTA,0.550323817453749
CGCACTC,0.548862473088238
CGCACTG,0.574845401829444
CGCACTT,0.550810458065586
CGCAGAA,0.571991524824455
CGCAGAC,0.542014486696199
CGCAGAG,0.623060812160625
CGCAGAT,0.542014486696199
CGCAGCA,0.559047319555836
CGCAGCC,0.633417045301892
CGCAGCG,0.637217368482937
CGCAGCT,0.560734754461784
CGCAGGA,0.561938324158355
CGCAGGC,0.656880821572231
CGCAGGG,0.580528837606014
CGCAGGT,0.561938324158355
CGCAGTA,0.544710362488134
CGCAGTC,0.565540366100184
CGCAGTG,0.53881905326644
CGCAGTT,0.608930518550468
CGCATAA,0.570800001413671
CGCATAC,0.544465582970065
CGCATAG,0.54691068605787
CGCATAT,0.550810458065586
CGCATCA,0.525934222127104
CGCATCC,0.53586033200784
CGCATCG,0.585005427566031
CGCATCT,0.565540366100184
CGCATGA,0.547643052689382
CGCATGC,0.541277984745362
CGCATGG,0.545199741846535
CGCATGT,0.543975844109523
CGCATTA,0.550810458065586
CGCATTC,0.547398990069681
CGCATTG,0.574370320901502
CGCATTT,0.572467736948908
CGCCAAA,0.548862473088238
CGCCAAC,0.544220743520313
CGCCAAG,0.585240483357526
CGCCAAT,0.547398990069681
CGCCACA,0.593665903659702
CGCCACC,0.573181630196659
CGCCACG,0.59413190761424
CGCCACT,0.606862650001587
CGCCAGA,0.540786681919229
CGCCAGC,0.52118458028585
CGCCAGG,0.645881568756465
CGCCAGT,0.563140447016109
CGCCATA,0.571038419701138
CGCCATC,0.557598676986502
CGCCATG,0.559047319555836
CGCCATT,0.543975844109523
CGCCCAA,0.548618707938343
CGCCCAC,0.529916497179467
CGCCCAG,0.653593730338233
CGCCCAT,0.550080408311853
CGCCCCA,0.549106178831164
CGCCCCC,0.64122556021313
CGCCCCG,0.533140459126653
CGCCCCT,0.505526940154947
CGCCCGA,0.595063264549808
CGCCCGC,0.562659771271024
CGCCCGG,0.63027648655774
CGCCCGT,0.580292671570626
CGCCCTA,0.54373088470832
CGCCCTC,0.576032117640779
CGCCCTG,0.668625680693216
CGCCCTT,0.543485865287306
CGCCGAA,0.545933362129139
CGCCGAC,0.54691068605787
CGCCGAG,0.627576706458564
CGCCGAT,0.547398990069681
CGCCGCA,0.639000770730375
CGCCGCC,0.650295798491579
CGCCGCG,0.719629092455978
CGCCGCT,0.560734754461784
CGCCGGA,0.546666444607543
CGCCGGC,0.696557425207229
CGCCGGG,0.797095179214885
CGCCGGT,0.568890605986957
CGCCGTA,0.549349825196072
CGCCGTC,0.543975844109523
CGCCGTG,0.576980477359578
CGCCGTT,0.54568888182992
CGCCTAA,0.549349825196072
CGCCTAC,0.54568888182992
CGCCTAG,0.571276781158874
CGCCTAT,0.548618707938343
CGCCTCA,0.531157712899333
CGCCTCC,0.553240115164351
CGCCTCG,0.564341126509425
CGCCTCT,0.559770854637779
CGCCTGA,0.565540366100184
CGCCTGC,0.608011993732707
CGCCTGG,0.721271530406517
CGCCTGT,0.510098017790951
CGCCTTA,0.548618707938343
CGCCTTC,0.538572827242263
CGCCTTG,0.562900138024713
CGCCTTT,0.529668069054375
CGCGAAA,0.550323817453749
CGCGAAC,0.549836939907521
CGCGAAG,0.56912947988968
CGCGAAT,0.550810458065586
CGCGACA,0.547398990069681
CGCGACC,0.653154633997178
CGCGACG,0.547398990069681
CGCGACT,0.571038419701138
CGCGAGA,0.544955082103854
CGCGAGC,0.559770854637779
CGCGAGG,0.625998462143303
CGCGAGT,0.594364828181918
CGCGATA,0.550810458065586
CGCGATC,0.540540939959579
CGCGATG,0.595063264549808
CGCGATT,0.550080408311853
CGCGCAA,0.542014486696199
CGCGCAC,0.568173641723396
CGCGCAG,0.535119281849402
CGCGCAT,0.54568888182992
CGCGCCA,0.589462066945777
CGCGCCC,0.602020928949229
CGCGCCG,0.649634904948131
CGCGCCT,0.579820172110774
CGCGCGA,0.550810458065586
CGCGCGC,0.690017744038963
CGCGCGG,0.647428766607837
CGCGCGT,0.560734754461784
CGCGCTA,0.595993754866704
CGCGCTC,0.604790496510143
CGCGCTG,0.672294768707792
CGCGCTT,0.570800001413671
CGCGGAA,0.542505186816431
CGCGGAC,0.614195725829269
CGCGGAG,0.539557367784301
CGCGGAT,0.596226242225679
CGCGGCA,0.548618707938343
CGCGGCC,0.705558368825694
CGCGGCG,0.704515900482631
CGCGGCT,0.654690628406439
CGCGGGA,0.558323260591808
CGCGGGC,0.657755557456349
CGCGGGG,0.667327487572851
CGCGGGT,0.559529734439456
CGCGGTA,0.549106178831164
CGCGGTC,0.617842196580541
CGCGGTG,0.571276781158874
CGCGGTT,0.550080408311853
CGCGTAA,0.550810458065586
CGCGTAC,0.550323817453749
CGCGTAG,0.571515085813964
CGCGTAT,0.545933362129139
CGCGTCA,0.548862473088238
CGCGTCC,0.573657276050295
CGCGTCG,0.570084405301741
CGCGTCT,0.573419481403349
CGCGTGA,0.542014486696199
CGCGTGC,0.677666148068296
CGCGTGG,0.565060842831145
CGCGTGT,0.532397389912406
CGCGTTA,0.546422143488757
CGCGTTC,0.550323817453749
CGCGTTG,0.549106178831164
CGCGTTT,0.545933362129139
CGCTAAA,0.549106178831164
CGCTAAC,0.550567167362053
CGCTAAG,0.540786681919229
CGCTAAT,0.54617778267235
CGCTACA,0.594830506624456
CGCTACC,0.54617778267235
CGCTACG,0.549349825196072
CGCTACT,0.570800001413671
CGCTAGA,0.54617778267235
CGCTAGC,0.59413190761424
CGCTAGG,0.549106178831164
CGCTAGT,0.550323817453749
CGCTATA,0.549836939907521
CGCTATC,0.550810458065586
CGCTATG,0.547398990069681
CGCTATT,0.54373088470832
CGCTCAA,0.544465582970065
CGCTCAC,0.569607056581024
CGCTCAG,0.539557367784301
CGCTCAT,0.54568888182992
CGCTCCA,0.562178864365651
CGCTCCC,0.55105368959315
CGCTCCG,0.635430780028789
CGCTCCT,0.534624943148194
CGCTCGA,0.574370320901502
CGCTCGC,0.607552414747027
CGCTCGG,0.566977557793659
CGCTCGT,0.570561526269369
CGCTCTA,0.545199741846535
CGCTCTC,0.535119281849402
CGCTCTG,0.579583838633565
CGCTCTT,0.568173641723396
CGCTGAA,0.570561526269369
CGCTGAC,0.537587316424791
CGCTGAG,0.605251346277056
CGCTGAT,0.615564711046558
CGCTGCA,0.554452733580856
CGCTGCC,0.611681041700066
CGCTGCG,0.65007554917134
CGCTGCT,0.64919406647199
CGCTGGA,0.634759985588686
CGCTGGC,0.651836186953829
CGCTGGG,0.516160465510676
CGCTGGT,0.566019659536863
CGCTGTA,0.550323817453749
CGCTGTC,0.539803351538071
CGCTGTG,0.65205604887855
CGCTGTT,0.548130999301753
CGCTTAA,0.549349825196072
CGCTTAC,0.548374883352512
CGCTTAG,0.550810458065586
CGCTTAT,0.548862473088238
CGCTTCA,0.540295137595975
CGCTTCC,0.564101105913567
CGCTTCG,0.571038419701138
CGCTTCT,0.564101105913567
CGCTTGA,0.538080193237468
CGCTTGC,0.57389501416439
CGCTTGG,0.568173641723396
CGCTTGT,0.550080408311853
CGCTTTA,0.54568888182992
CGCTTTC,0.565780041533798
CGCTTTG,0.561938324158355
CGCTTTT,0.541769046311556
CGGAAAA,0.545444341745468
CGGAAAC,0.550810458065586
CGGAAAG,0.544955082103854
CGGAAAT,0.544465582970065
CGGAACA,0.571753333693476
CGGAACC,0.574132695772508
CGGAACG,0.544220743520313
CGGAACT,0.597387868955443
CGGAAGA,0.596691054855315
CGGAAGC,0.654690628406439
CGGAAGG,0.541523545671142
CGGAAGT,0.550567167362053
CGGAATA,0.549106178831164
CGGAATC,0.541032363504604
CGGAATG,0.546666444607543
CGGAATT,0.54568888182992
CGGACAA,0.547154867868876
CGGACAC,0.569845759424107
CGGACAG,0.596458675546845
CGGACAT,0.565540366100184
CGGACCA,0.539803351538071
CGGACCC,0.632520748791554
CGGACCG,0.616248501500814
CGGACCT,0.56649872336139
CGGACGA,0.570322994241107
CGGACGC,0.53881905326644
CGGACGG,0.571753333693476
CGGACGT,0.574132695772508
CGGACTA,0.548618707938343
CGGACTC,0.571038419701138
CGGACTG,0.570322994241107
CGGACTT,0.541523545671142
CGGAGAA,0.5542103275045
CGGAGAC,0.563140447016109
CGGAGAG,0.654471345026511
CGGAGAT,0.563861027693991
CGGAGCA,0.542259866854641
CGGAGCC,0.58922800148624
CGGAGCG,0.626675157589689
CGGAGCT,0.563140447016109
CGGAGGA,0.65095625554321
CGGAGGC,0.553240115164351
CGGAGGG,0.523687203620185
CGGAGGT,0.624417723035012
CGGAGTA,0.570561526269369
CGGAGTC,0.522436674843258
CGGAGTG,0.637217368482937
CGGAGTT,0.543975844109523
CGGATAA,0.547154867868876
CGGATAC,0.550567167362053
CGGATAG,0.54691068605787
CGGATAT,0.549593412211889
CGGATCA,0.53610722674302
CGGATCC,0.572943722403313
CGGATCG,0.546666444607543
CGGATCT,0.563861027693991
CGGATGA,0.619660457766568
CGGATGC,0.570322994241107
CGGATGG,0.56458108950922
CGGATGT,0.545199741846535
CGGATTA,0.549836939907521
CGGATTC,0.568651675009859
CGGATTG,0.547643052689382
CGGATTT,0.569845759424107
CGGCAAA,0.573419481403349
CGGCAAC,0.547398990069681
CGGCAAG,0.569607056581024
CGGCAAT,0.546422143488757
CGGCACA,0.543240785817062
CGGCACC,0.565540366100184
CGGCACG,0.54568888182992
CGGCACT,0.550567167362053
CGGCAGA,0.567216889056327
CGGCAGC,0.568412686931105
CGGCAGG,0.546666444607543
CGGCAGT,0.567216889056327
CGGCATA,0.550323817453749
CGGCATC,0.595993754866704
CGGCATG,0.592966490300319
CGGCATT,0.550323817453749
CGGCCAA,0.567456163053246
CGGCCAC,0.526183579462832
CGGCCAG,0.615108590844724
CGGCCAT,0.597620032463931
CGGCCCA,0.560734754461784
CGGCCCC,0.79175655473889
CGGCCCG,0.591566194331503
CGGCCCT,0.613967379309302
CGGCCGA,0.613282026729814
CGGCCGC,0.766589759445962
CGGCCGG,0.789842974896278
CGGCCGT,0.564341126509425
CGGCCTA,0.593898932781932
CGGCCTC,0.544710362488134
CGGCCTG,0.636771020520753
CGGCCTT,0.582887435429914
CGGCGAA,0.547154867868876
CGGCGAC,0.561697726077547
CGGCGAG,0.592033177558194
CGGCGAT,0.574845401829444
CGGCGCA,0.634536287412446
CGGCGCC,0.661900135532241
CGGCGCG,0.708471511953677
CGGCGCT,0.587588007445904
CGGCGGA,0.58218044001227
CGGCGGC,0.885313180648442
CGGCGGG,0.691920770977987
CGGCGGT,0.634759985588686
CGGCGTA,0.550567167362053
CGGCGTC,0.576743471734003
CGGCGTG,0.611681041700066
CGGCGTT,0.571991524824455
CGGCTAA,0.562900138024713
CGGCTAC,0.54617778267235
CGGCTAG,0.548862473088238
CGGCTAT,0.541032363504604
CGGCTCA,0.542014486696199
CGGCTCC,0.669922190692982
CGGCTCG,0.566977557793659
CGGCTCT,0.582416160693904
CGGCTGA,0.636101124805327
CGGCTGC,0.76207047431977
CGGCTGG,0.673801665471388
CGGCTGT,0.67809461460713
CGGCTTA,0.54691068605787
CGGCTTC,0.560975584315396
CGGCTTG,0.571515085813964
CGGCTTT,0.545933362129139
CGGGAAA,0.583358488170663
CGGGAAC,0.589462066945777
CGGGAAG,0.540786681919229
CGGGAAT,0.568651675009859
CGGGACA,0.539557367784301
CGGGACC,0.600633263408465
CGGGACG,0.632072299100977
CGGGACT,0.537094196564764
CGGGAGA,0.790225983919943
CGGGAGC,0.625772795196965
CGGGAGG,0.614880452702961
CGGGAGT,0.609389464770023
CGGGATA,0.550810458065586
CGGGATC,0.545444341745468
CGGGATG,0.583829319125197
CGGGATT,0.546666444607543
CGGGCAA,0.588291191396686
CGGGCAC,0.602252019442119
CGGGCAG,0.681302275259797
CGGGCAT,0.562659771271024
CGGGCCA,0.532397389912406
CGGGCCC,0.692765399659336
CGGGCCG,0.820586719525333
CGGGCCT,0.571038419701138
CGGGCGA,0.568890605986957
CGGGCGC,0.717366326531579
CGGGCGG,0.656443166526667
CGGGCGT,0.562900138024713
CGGGCTA,0.596691054855315
CGGGCTC,0.61465226250231
CGGGCTG,0.604098823397714
CGGGCTT,0.5279273419663
CGGGGAA,0.610994119841624
CGGGGAC,0.607322546025095
CGGGGAG,0.571038419701138
CGGGGAT,0.562419346727269
CGGGGCA,0.54691068605787
CGGGGCC,0.661029019133027
CGGGGCG,0.797095179214885
CGGGGCT,0.578401332718122
CGGGGGA,0.617842196580541
CGGGGGC,0.604329434262797
CGGGGGG,0.712204554955186
CGGGGGT,0.57222965923393
CGGGGTA,0.568173641723396
CGGGGTC,0.657536945208879
CGGGGTG,0.59413190761424
CGGGGTT,0.529171027577895
CGGGTAA,0.548130999301753
CGGGTAC,0.542750446611098
CGGGTAG,0.548374883352512
CGGGTAT,0.550323817453749
CGGGTCA,0.543485865287306
CGGGTCC,0.61190991083474
CGGGTCG,0.597620032463931
CGGGTCT,0.560975584315396
CGGGTGA,0.558806024814404
CGGGTGC,0.64122556021313
CGGGTGG,0.64144776717063
CGGGTGT,0.607782230641472
CGGGTTA,0.547887055757054
CGGGTTC,0.57816466364396
CGGGTTG,0.568890605986957
CGGGTTT,0.616476327787381
CGGTAAA,0.549836939907521
CGGTAAC,0.547398990069681
CGGTAAG,0.572705757996379
CGGTAAT,0.54617778267235
CGGTACA,0.544710362488134
CGGTACC,0.547398990069681
CGGTACG,0.550810458065586
CGGTACT,0.550810458065586
CGGTAGA,0.550080408311853
CGGTAGC,0.544220743520313
CGGTAGG,0.549836939907521
CGGTAGT,0.547398990069681
CGGTATA,0.550810458065586
CGGTATC,0.54568888182992
CGGTATG,0.549836939907521
CGGTATT,0.546666444607543
CGGTCAA,0.548862473088238
CGGTCAC,0.544710362488134
CGGTCAG,0.54373088470832
CGGTCAT,0.548130999301753
CGGTCCA,0.550810458065586
CGGTCCC,0.569607056581024
CGGTCCG,0.664074612361635
CGGTCCT,0.545444341745468
CGGTCGA,0.546666444607543
CGGTCGC,0.590163934783973
CGGTCGG,0.539311323507636
CGGTCGT,0.57222965923393
CGGTCTA,0.548862473088238
CGGTCTC,0.539557367784301
CGGTCTG,0.566019659536863
CGGTCTT,0.541769046311556
CGGTGAA,0.558323260591808
CGGTGAC,0.546666444607543
CGGTGAG,0.570084405301741
CGGTGAT,0.544955082103854
CGGTGCA,0.596226242225679
CGGTGCC,0.580292671570626
CGGTGCG,0.678308779052365
CGGTGCT,0.588759706143102
CGGTGGA,0.538326540575898
CGGTGGC,0.723116054349218
CGGTGGG,0.591799713204015
CGGTGGT,0.583593931358153
CGGTGTA,0.568173641723396
CGGTGTC,0.592266587419491
CGGTGTG,0.56458108950922
CGGTGTT,0.538326540575898
CGGTTAA,0.549836939907521
CGGTTAC,0.547398990069681
CGGTTAG,0.549593412211889
CGGTTAT,0.54691068605787
CGGTTCA,0.547398990069681
CGGTTCC,0.541523545671142
CGGTTCG,0.569368296745289
CGGTTCT,0.54373088470832
CGGTTGA,0.548862473088238
CGGTTGC,0.545444341745468
CGGTTGG,0.545933362129139
CGGTTGT,0.548862473088238
CGGTTTA,0.548618707938343
CGGTTTC,0.545933362129139
CGGTTTG,0.541277984745362
CGGTTTT,0.571276781158874
CGTAAAA,0.549349825196072
CGTAAAC,0.548374883352512
CGTAAAG,0.548862473088238
CGTAAAT,0.548618707938343
CGTAACA,0.54568888182992
CGTAACC,0.548618707938343
CGTAACG,0.549836939907521
CGTAACT,0.546422143488757
CGTAAGA,0.549593412211889
CGTAAGC,0.573657276050295
CGTAAGG,0.547643052689382
CGTAAGT,0.549836939907521
CGTAATA,0.550810458065586
CGTAATC,0.573419481403349
CGTAATG,0.550810458065586
CGTAATT,0.549593412211889
CGTACAA,0.54568888182992
CGTACAC,0.548130999301753
CGTACAG,0.550323817453749
CGTACAT,0.549836939907521
CGTACCA,0.549836939907521
CGTACCC,0.597155651534544
CGTACCG,0.550810458065586
CGTACCT,0.571038419701138
CGTACGA,0.571276781158874
CGTACGC,0.550810458065586
CGTACGG,0.548862473088238
CGTACGT,0.548618707938343
CGTACTA,0.550810458065586
CGTACTC,0.574132695772508
CGTACTG,0.54617778267235
CGTACTT,0.550810458065586
CGTAGAA,0.548130999301753
CGTAGAC,0.548618707938343
CGTAGAG,0.550810458065586
CGTAGAT,0.547398990069681
CGTAGCA,0.548862473088238
CGTAGCC,0.567695379811815
CGTAGCG,0.546422143488757
CGTAGCT,0.545199741846535
CGTAGGA,0.570800001413671
CGTAGGC,0.549836939907521
CGTAGGG,0.545199741846535
CGTAGGT,0.540786681919229
CGTAGTA,0.549106178831164
CGTAGTC,0.544955082103854
CGTAGTG,0.573419481403349
CGTAGTT,0.548374883352512
CGTATAA,0.547398990069681
CGTATAC,0.550810458065586
CGTATAG,0.549593412211889
CGTATAT,0.572705757996379
CGTATCA,0.550810458065586
CGTATCC,0.548862473088238
CGTATCG,0.54617778267235
CGTATCT,0.548862473088238
CGTATGA,0.550810458065586
CGTATGC,0.550080408311853
CGTATGG,0.547154867868876
CGTATGT,0.550810458065586
CGTATTA,0.544710362488134
CGTATTC,0.574845401829444
CGTATTG,0.571753333693476
CGTATTT,0.548618707938343
CGTCAAA,0.550567167362053
CGTCAAC,0.596226242225679
CGTCAAG,0.550810458065586
CGTCAAT,0.550080408311853
CGTCACA,0.548130999301753
CGTCACC,0.541277984745362
CGTCACG,0.57389501416439
CGTCACT,0.592966490300319
CGTCAGA,0.54617778267235
CGTCAGC,0.593665903659702
CGTCAGG,0.544220743520313
CGTCAGT,0.549106178831164
CGTCATA,0.550810458065586
CGTCATC,0.566738169237826
CGTCATG,0.549593412211889
CGTCATT,0.544710362488134
CGTCCAA,0.563620891823023
CGTCCAC,0.561216356183953
CGTCCAG,0.585710429251747
CGTCCAT,0.541769046311556
CGTCCCA,0.565540366100184
CGTCCCC,0.570322994241107
CGTCCCG,0.559047319555836
CGTCCCT,0.582887435429914
CGTCCGA,0.547643052689382
CGTCCGC,0.552997414927933
CGTCCGG,0.545444341745468
CGTCCGT,0.538326540575898
CGTCCTA,0.545444341745468
CGTCCTC,0.599243669575915
CGTCCTG,0.651396318033427
CGTCCTT,0.544220743520313
CGTCGAA,0.550810458065586
CGTCGAC,0.548862473088238
CGTCGAG,0.549836939907521
CGTCGAT,0.548618707938343
CGTCGCA,0.547643052689382
CGTCGCC,0.539557367784301
CGTCGCG,0.570084405301741
CGTCGCT,0.571515085813964
CGTCGGA,0.548618707938343
CGTCGGC,0.616248501500814
CGTCGGG,0.584064651497879
CGTCGGT,0.550080408311853
CGTCGTA,0.550810458065586
CGTCGTC,0.54373088470832
CGTCGTG,0.566259220136895
CGTCGTT,0.548618707938343
CGTCTAA,0.550810458065586
CGTCTAC,0.595295968311516
CGTCTAG,0.549593412211889
CGTCTAT,0.574370320901502
CGTCTCA,0.542259866854641
CGTCTCC,0.561457070095372
CGTCTCG,0.566019659536863
CGTCTCT,0.537340786890677
CGTCTGA,0.571991524824455
CGTCTGC,0.536354060536236
CGTCTGG,0.591799713204015
CGTCTGT,0.566977557793659
CGTCTTA,0.545933362129139
CGTCTTC,0.55735703239966
CGTCTTG,0.544220743520313
CGTCTTT,0.544465582970065
CGTGAAA,0.540540939959579
CGTGAAC,0.539557367784301
CGTGAAG,0.591566194331503
CGTGAAT,0.572705757996379
CGTGACA,0.573657276050295
CGTGACC,0.561216356183953
CGTGACG,0.549836939907521
CGTGACT,0.539557367784301
CGTGAGA,0.546422143488757
CGTGAGC,0.52817620285971
CGTGAGG,0.537094196564764
CGTGAGT,0.540295137595975
CGTGATA,0.550810458065586
CGTGATC,0.529668069054375
CGTGATG,0.541769046311556
CGTGATT,0.549593412211889
CGTGCAA,0.549349825196072
CGTGCAC,0.556147932807025
CGTGCAG,0.532397389912406
CGTGCAT,0.56912947988968
CGTGCCA,0.531157712899333
CGTGCCC,0.584535150164402
CGTGCCG,0.541277984745362
CGTGCCT,0.526931278612457
CGTGCGA,0.56912947988968
CGTGCGC,0.566259220136895
CGTGCGG,0.629827029071794
CGTGCGT,0.56458108950922
CGTGCTA,0.548130999301753
CGTGCTC,0.632968997465149
CGTGCTG,0.619433355837054
CGTGCTT,0.549836939907521
CGTGGAA,0.566019659536863
CGTGGAC,0.587822457041308
CGTGGAG,0.656005319855295
CGTGGAT,0.537587316424791
CGTGGCA,0.585475483910779
CGTGGCC,0.544710362488134
CGTGGCG,0.633193046476878
CGTGGCT,0.552026024518989
CGTGGGA,0.575794887115326
CGTGGGC,0.610077489406554
CGTGGGG,0.52643287463498
CGTGGGT,0.560011916711166
CGTGGTA,0.545199741846535
CGTGGTC,0.628477443269131
CGTGGTG,0.537094196564764
CGTGGTT,0.568412686931105
CGTGTAA,0.547398990069681
CGTGTAC,0.571276781158874
CGTGTAG,0.544710362488134
CGTGTAT,0.547643052689382
CGTGTCA,0.546666444607543
CGTGTCC,0.561938324158355
CGTGTCG,0.532149577423238
CGTGTCT,0.558564671835767
CGTGTGA,0.545199741846535
CGTGTGC,0.556873567979075
CGTGTGG,0.614195725829269
CGTGTGT,0.558323260591808
CGTGTTA,0.544955082103854
CGTGTTC,0.61122314622751
CGTGTTG,0.543485865287306
CGTGTTT,0.542750446611098
CGTTAAA,0.549593412211889
CGTTAAC,0.549836939907521
CGTTAAG,0.548618707938343
CGTTAAT,0.548862473088238
CGTTACA,0.550810458065586
CGTTACC,0.574607889578209
CGTTACG,0.549836939907521
CGTTACT,0.544220743520313
CGTTAGA,0.544220743520313
CGTTAGC,0.550810458065586
CGTTAGG,0.548130999301753
CGTTAGT,0.550810458065586
CGTTATA,0.550810458065586
CGTTATC,0.550567167362053
CGTTATG,0.550810458065586
CGTTATT,0.573419481403349
CGTTCAA,0.549593412211889
CGTTCAC,0.545933362129139
CGTTCAG,0.550567167362053
CGTTCAT,0.544220743520313
CGTTCCA,0.568651675009859
CGTTCCC,0.528673738928325
CGTTCCG,0.550567167362053
CGTTCCT,0.560252920687636
CGTTCGA,0.550810458065586
CGTTCGC,0.541523545671142
CGTTCGG,0.550810458065586
CGTTCGT,0.54691068605787
CGTTCTA,0.550810458065586
CGTTCTC,0.543240785817062
CGTTCTG,0.570800001413671
CGTTCTT,0.571753333693476
CGTTGAA,0.550810458065586
CGTTGAC,0.550810458065586
CGTTGAG,0.548374883352512
CGTTGAT,0.549349825196072
CGTTGCA,0.544465582970065
CGTTGCC,0.547154867868876
CGTTGCG,0.573181630196659
CGTTGCT,0.562178864365651
CGTTGGA,0.546422143488757
CGTTGGC,0.570322994241107
CGTTGGG,0.537094196564764
CGTTGGT,0.542505186816431
CGTTGTA,0.550810458065586
CGTTGTC,0.547154867868876
CGTTGTG,0.550810458065586
CGTTGTT,0.547154867868876
CGTTTAA,0.550323817453749
CGTTTAC,0.548130999301753
CGTTTAG,0.550810458065586
CGTTTAT,0.547154867868876
CGTTTCA,0.537833785197073
CGTTTCC,0.532397389912406
CGTTTCG,0.550810458065586
CGTTTCT,0.537094196564764
CGTTTGA,0.540786681919229
CGTTTGC,0.540540939959579
CGTTTGG,0.543485865287306
CGTTTGT,0.543485865287306
CGTTTTA,0.54568888182992
CGTTTTC,0.542995646268147
CGTTTTG,0.550810458065586
CGTTTTT,0.540540939959579
CTAAAAA,0.512628505715754
CTAAAAC,0.54691068605787
CTAAAAG,0.55663174808883
CTAAAAT,0.535366359591164
CTAAACA,0.541277984745362
CTAAACC,0.536354060536236
CTAAACG,0.550810458065586
CTAAACT,0.543240785817062
CTAAAGA,0.589696077631495
CTAAAGC,0.542995646268147
CTAAAGG,0.568412686931105
CTAAAGT,0.536600833417566
CTAAATA,0.541523545671142
CTAAATC,0.536600833417566
CTAAATG,0.596691054855315
CTAAATT,0.542750446611098
CTAACAA,0.534377682128348
CTAACAC,0.541523545671142
CTAACAG,0.54568888182992
CTAACAT,0.550567167362053
CTAACCA,0.572705757996379
CTAACCC,0.534624943148194
CTAACCG,0.549349825196072
CTAACCT,0.544465582970065
CTAACGA,0.550080408311853
CTAACGC,0.548862473088238
CTAACGG,0.549836939907521
CTAACGT,0.549836939907521
CTAACTA,0.541523545671142
CTAACTC,0.541277984745362
CTAACTG,0.567934539359412
CTAACTT,0.563380698272967
CTAAGAA,0.550810458065586
CTAAGAC,0.539311323507636
CTAAGAG,0.544220743520313
CTAAGAT,0.536354060536236
CTAAGCA,0.612596204120012
CTAAGCC,0.55928855608816
CTAAGCG,0.54568888182992
CTAAGCT,0.536847545417064
CTAAGGA,0.564820994940588
CTAAGGC,0.539803351538071
CTAAGGG,0.538326540575898
CTAAGGT,0.537587316424791
CTAAGTA,0.564101105913567
CTAAGTC,0.534872143045142
CTAAGTG,0.592499942813337
CTAAGTT,0.548130999301753
CTAATAA,0.540049274798713
CTAATAC,0.544465582970065
CTAATAG,0.547398990069681
CTAATAT,0.546666444607543
CTAATCA,0.543485865287306
CTAATCC,0.54373088470832
CTAATCG,0.549349825196072
CTAATCT,0.547154867868876
CTAATGA,0.572467736948908
CTAATGC,0.54568888182992
CTAATGG,0.545444341745468
CTAATGT,0.543240785817062
CTAATTA,0.549593412211889
CTAATTC,0.541523545671142
CTAATTG,0.54691068605787
CTAATTT,0.506035870733161
CTACAAA,0.55928855608816
CTACAAC,0.544955082103854
CTACAAG,0.589930033569023
CTACAAT,0.544465582970065
CTACACA,0.563620891823023
CTACACC,0.536354060536236
CTACACG,0.544710362488134
CTACACT,0.538572827242263
CTACAGA,0.537833785197073
CTACAGC,0.582651825824393
CTACAGG,0.574845401829444
CTACAGT,0.549836939907521
CTACATA,0.548862473088238
CTACATC,0.540295137595975
CTACATG,0.565780041533798
CTACATT,0.543975844109523
CTACCAA,0.546422143488757
CTACCAC,0.552026024518989
CTACCAG,0.560252920687636
CTACCAT,0.537833785197073
CTACCCA,0.564341126509425
CTACCCC,0.590163934783973
CTACCCG,0.568890605986957
CTACCCT,0.567216889056327
CTACCGA,0.541769046311556
CTACCGC,0.547398990069681
CTACCGG,0.547398990069681
CTACCGT,0.548618707938343
CTACCTA,0.547887055757054
CTACCTC,0.580056449747667
CTACCTG,0.580292671570626
CTACCTT,0.54568888182992
CTACGAA,0.546422143488757
CTACGAC,0.550810458065586
CTACGAG,0.574845401829444
CTACGAT,0.572705757996379
CTACGCA,0.574132695772508
CTACGCC,0.539311323507636
CTACGCG,0.550810458065586
CTACGCT,0.546666444607543
CTACGGA,0.550567167362053
CTACGGC,0.568412686931105
CTACGGG,0.570322994241107
CTACGGT,0.547887055757054
CTACGTA,0.547643052689382
CTACGTC,0.545199741846535
CTACGTG,0.565780041533798
CTACGTT,0.550810458065586
CTACTAA,0.522937074028329
CTACTAC,0.548618707938343
CTACTAG,0.546422143488757
CTACTAT,0.566259220136895
CTACTCA,0.536354060536236
CTACTCC,0.553240115164351
CTACTCG,0.561457070095372
CTACTCT,0.559770854637779
CTACTGA,0.560734754461784
CTACTGC,0.594364828181918
CTACTGG,0.540295137595975
CTACTGT,0.545444341745468
CTACTTA,0.547398990069681
CTACTTC,0.592033177558194
CTACTTG,0.538080193237468
CTACTTT,0.537587316424791
CTAGAAA,0.544220743520313
CTAGAAC,0.543240785817062
CTAGAAG,0.556389869707581
CTAGAAT,0.545199741846535
CTAGACA,0.566259220136895
CTAGACC,0.571991524824455
CTAGACG,0.54691068605787
CTAGACT,0.541032363504604
CTAGAGA,0.545933362129139
CTAGAGC,0.523937121826358
CTAGAGG,0.538326540575898
CTAGAGT,0.534130359955369
CTAGATA,0.542014486696199
CTAGATC,0.549106178831164
CTAGATG,0.544710362488134
CTAGATT,0.568412686931105
CTAGCAA,0.542995646268147
CTAGCAC,0.563380698272967
CTAGCAG,0.545444341745468
CTAGCAT,0.543975844109523
CTAGCCA,0.548130999301753
CTAGCCC,0.543485865287306
CTAGCCG,0.572943722403313
CTAGCCT,0.542259866854641
CTAGCGA,0.549836939907521
CTAGCGC,0.548862473088238
CTAGCGG,0.595993754866704
CTAGCGT,0.54691068605787
CTAGCTA,0.54568888182992
CTAGCTC,0.530661411470054
CTAGCTG,0.541277984745362
CTAGCTT,0.539803351538071
CTAGGAA,0.535366359591164
CTAGGAC,0.560252920687636
CTAGGAG,0.527429434307149
CTAGGAT,0.530164863603354
CTAGGCA,0.563861027693991
CTAGGCC,0.542750446611098
CTAGGCG,0.574845401829444
CTAGGCT,0.540786681919229
CTAGGGA,0.536600833417566
CTAGGGC,0.519429009916496
CTAGGGG,0.537094196564764
CTAGGGT,0.571753333693476
CTAGGTA,0.545444341745468
CTAGGTC,0.550323817453749
CTAGGTG,0.534130359955369
CTAGGTT,0.534624943148194
CTAGTAA,0.543485865287306
CTAGTAC,0.549593412211889
CTAGTAG,0.544465582970065
CTAGTAT,0.549836939907521
CTAGTCA,0.568651675009859
CTAGTCC,0.544220743520313
CTAGTCG,0.550810458065586
CTAGTCT,0.54617778267235
CTAGTGA,0.548130999301753
CTAGTGC,0.547887055757054
CTAGTGG,0.589462066945777
CTAGTGT,0.547398990069681
CTAGTTA,0.542014486696199
CTAGTTC,0.543975844109523
CTAGTTG,0.547643052689382
CTAGTTT,0.533882976599
CTATAAA,0.544955082103854
CTATAAC,0.548374883352512
CTATAAG,0.540049274798713
CTATAAT,0.541032363504604
CTATACA,0.54373088470832
CTATACC,0.541769046311556
CTATACG,0.550810458065586
CTATACT,0.549349825196072
CTATAGA,0.54617778267235
CTATAGC,0.546422143488757
CTATAGG,0.527180387479689
CTATAGT,0.572467736948908
CTATATA,0.547154867868876
CTATATC,0.549836939907521
CTATATG,0.549349825196072
CTATATT,0.544955082103854
CTATCAA,0.567934539359412
CTATCAC,0.550810458065586
CTATCAG,0.54373088470832
CTATCAT,0.541277984745362
CTATCCA,0.570084405301741
CTATCCC,0.541277984745362
CTATCCG,0.550810458065586
CTATCCT,0.538326540575898
CTATCGA,0.550567167362053
CTATCGC,0.550810458065586
CTATCGG,0.549836939907521
CTATCGT,0.550810458065586
CTATCTA,0.547398990069681
CTATCTC,0.532397389912406
CTATCTG,0.594830506624456
CTATCTT,0.541032363504604
CTATGAA,0.534872143045142
CTATGAC,0.544955082103854
CTATGAG,0.569845759424107
CTATGAT,0.588759706143102
CTATGCA,0.541277984745362
CTATGCC,0.56649872336139
CTATGCG,0.547887055757054
CTATGCT,0.565300633208485
CTATGGA,0.548374883352512
CTATGGC,0.548130999301753
CTATGGG,0.590163934783973
CTATGGT,0.547887055757054
CTATGTA,0.547398990069681
CTATGTC,0.574370320901502
CTATGTG,0.561216356183953
CTATGTT,0.56649872336139
CTATTAA,0.544955082103854
CTATTAC,0.550080408311853
CTATTAG,0.545933362129139
CTATTAT,0.539311323507636
CTATTCA,0.568890605986957
CTATTCC,0.543240785817062
CTATTCG,0.550810458065586
CTATTCT,0.547154867868876
CTATTGA,0.540540939959579
CTATTGC,0.546666444607543
CTATTGG,0.569845759424107
CTATTGT,0.544465582970065
CTATTTA,0.542505186816431
CTATTTC,0.545933362129139
CTATTTG,0.568651675009859
CTATTTT,0.544465582970065
CTCAAAA,0.507561110248813
CTCAAAC,0.522436674843258
CTCAAAG,0.534377682128348
CTCAAAT,0.543485865287306
CTCAACA,0.53586033200784
CTCAACC,0.551296861973523
CTCAACG,0.573181630196659
CTCAACT,0.559770854637779
CTCAAGA,0.532397389912406
CTCAAGC,0.531405771276359
CTCAAGG,0.523187179752425
CTCAAGT,0.519177962365954
CTCAATA,0.562419346727269
CTCAATC,0.535366359591164
CTCAATG,0.592266587419491
CTCAATT,0.548618707938343
CTCACAA,0.534872143045142
CTCACAC,0.516915693774396
CTCACAG,0.599011882754521
CTCACAT,0.538572827242263
CTCACCA,0.532892830733711
CTCACCC,0.540295137595975
CTCACCG,0.563620891823023
CTCACCT,0.53610722674302
CTCACGA,0.544220743520313
CTCACGC,0.530164863603354
CTCACGG,0.566738169237826
CTCACGT,0.58922800148624
CTCACTA,0.539557367784301
CTCACTC,0.516915693774396
CTCACTG,0.482352776777431
CTCACTT,0.602483056544532
CTCAGAA,0.525684802596787
CTCAGAC,0.550567167362053
CTCAGAG,0.503233541852241
CTCAGAT,0.597387868955443
CTCAGCA,0.519679994457983
CTCAGCC,0.490137321970805
CTCAGCG,0.615564711046558
CTCAGCT,0.534377682128348
CTCAGGA,0.563620891823023
CTCAGGC,0.552511837673372
CTCAGGG,0.521936025133474
CTCAGGT,0.567216889056327
CTCAGTA,0.527429434307149
CTCAGTC,0.546666444607543
CTCAGTG,0.544710362488134
CTCAGTT,0.548862473088237
CTCATAA,0.542505186816431
CTCATAC,0.542750446611098
CTCATAG,0.59413190761424
CTCATAT,0.545199741846535
CTCATCA,0.537340786890677
CTCATCC,0.519679994457983
CTCATCG,0.573419481403349
CTCATCT,0.52643287463498
CTCATGA,0.557115329406598
CTCATGC,0.562900138024713
CTCATGG,0.536354060536236
CTCATGT,0.563380698272967
CTCATTA,0.543485865287306
CTCATTC,0.583593931358153
CTCATTG,0.587822457041308
CTCATTT,0.555421770706192
CTCCAAA,0.536600833417566
CTCCAAC,0.579820172110774
CTCCAAG,0.53610722674302
CTCCAAT,0.547154867868876
CTCCACA,0.548374883352512
CTCCACC,0.491170697732969
CTCCACG,0.64919406647199
CTCCACT,0.489361588758436
CTCCAGA,0.574607889578209
CTCCAGC,0.525934222127104
CTCCAGG,0.580764947880173
CTCCAGT,0.606172409152325
CTCCATA,0.549593412211889
CTCCATC,0.564820994940588
CTCCATG,0.644553491212198
CTCCATT,0.537587316424791
CTCCCAA,0.501190540654951
CTCCCAC,0.544710362488134
CTCCCAG,0.531405771276359
CTCCCAT,0.537833785197073
CTCCCCA,0.525435320840846
CTCCCCC,0.560734754461784
CTCCCCG,0.575082857682005
CTCCCCT,0.526183579462832
CTCCCGA,0.538572827242263
CTCCCGC,0.585710429251747
CTCCCGG,0.615108590844724
CTCCCGT,0.585710429251747
CTCCCTA,0.562419346727269
CTCCCTC,0.455690226479304
CTCCCTG,0.648973574335535
CTCCCTT,0.509337621069121
CTCCGAA,0.544220743520313
CTCCGAC,0.555663883334684
CTCCGAG,0.607322546025095
CTCCGAT,0.548130999301753
CTCCGCA,0.530661411470054
CTCCGCC,0.588525476208152
CTCCGCG,0.610994119841624
CTCCGCT,0.552997414927933
CTCCGGA,0.533140459126653
CTCCGGC,0.556873567979075
CTCCGGG,0.658411107597054
CTCCGGT,0.545444341745468
CTCCGTA,0.571276781158874
CTCCGTC,0.580292671570626
CTCCGTG,0.593898932781932
CTCCGTT,0.547398990069681
CTCCTAA,0.539803351538071
CTCCTAC,0.564341126509425
CTCCTAG,0.575082857682005
CTCCTAT,0.534130359955369
CTCCTCA,0.539311323507636
CTCCTCC,0.574370320901502
CTCCTCG,0.570800001413672
CTCCTCT,0.537094196564764
CTCCTGA,0.51338640511917
CTCCTGC,0.616476327787381
CTCCTGG,0.644110406454714
CTCCTGT,0.565540366100184
CTCCTTA,0.530164863603354
CTCCTTC,0.5542103275045
CTCCTTG,0.599011882754521
CTCCTTT,0.515404666446114
CTCGAAA,0.543240785817062
CTCGAAC,0.539065218678287
CTCGAAG,0.570322994241107
CTCGAAT,0.547643052689382
CTCGACA,0.54568888182992
CTCGACC,0.539311323507636
CTCGACG,0.550080408311853
CTCGACT,0.550323817453749
CTCGAGA,0.57222965923393
CTCGAGC,0.595528617934781
CTCGAGG,0.564341126509425
CTCGAGT,0.542505186816431
CTCGATA,0.550323817453749
CTCGATC,0.547643052689382
CTCGATG,0.572943722403313
CTCGATT,0.548618707938343
CTCGCAA,0.542259866854641
CTCGCAC,0.568651675009859
CTCGCAG,0.534624943148194
CTCGCAT,0.54373088470832
CTCGCCA,0.530909592974082
CTCGCCC,0.602252019442119
CTCGCCG,0.585475483910779
CTCGCCT,0.533882976599
CTCGCGA,0.550323817453749
CTCGCGC,0.585710429251747
CTCGCGG,0.538080193237468
CTCGCGT,0.573657276050295
CTCGCTA,0.550810458065586
CTCGCTC,0.571276781158874
CTCGCTG,0.648753033571575
CTCGCTT,0.615792693154077
CTCGGAA,0.596923380176189
CTCGGAC,0.540786681919229
CTCGGAG,0.581237001250093
CTCGGAT,0.548862473088238
CTCGGCA,0.543240785817062
CTCGGCC,0.590865310349197
CTCGGCG,0.590631573148494
CTCGGCT,0.54617778267235
CTCGGGA,0.528425001836785
CTCGGGC,0.556389869707581
CTCGGGG,0.588993881227237
CTCGGGT,0.542995646268147
CTCGGTA,0.547643052689382
CTCGGTC,0.532892830733711
CTCGGTG,0.535119281849402
CTCGGTT,0.544465582970065
CTCGTAA,0.548130999301753
CTCGTAC,0.550810458065586
CTCGTAG,0.563380698272967
CTCGTAT,0.547154867868876
CTCGTCA,0.570561526269369
CTCGTCC,0.558323260591808
CTCGTCG,0.572467736948908
CTCGTCT,0.564101105913567
CTCGTGA,0.537587316424791
CTCGTGC,0.596458675546845
CTCGTGG,0.55663174808883
CTCGTGT,0.59413190761424
CTCGTTA,0.548374883352512
CTCGTTC,0.56912947988968
CTCGTTG,0.541769046311556
CTCGTTT,0.536354060536236
CTCTAAA,0.537833785197073
CTCTAAC,0.544710362488134
CTCTAAG,0.5279273419663
CTCTAAT,0.543240785817062
CTCTACA,0.55735703239966
CTCTACC,0.529916497179467
CTCTACG,0.546422143488757
CTCTACT,0.502723182718467
CTCTAGA,0.529419579197413
CTCTAGC,0.542750446611098
CTCTAGG,0.54617778267235
CTCTAGT,0.556147932807025
CTCTATA,0.539803351538071
CTCTATC,0.532645141005759
CTCTATG,0.541277984745362
CTCTATT,0.534377682128348
CTCTCAA,0.564341126509425
CTCTCAC,0.525435320840846
CTCTCAG,0.562178864365651
CTCTCAT,0.542014486696199
CTCTCCA,0.599707082105549
CTCTCCC,0.552754655773811
CTCTCCG,0.56912947988968
CTCTCCT,0.571991524824455
CTCTCGA,0.570800001413671
CTCTCGC,0.580528837606014
CTCTCGG,0.535613376300595
CTCTCGT,0.567216889056327
CTCTCTA,0.532149577423238
CTCTCTC,0.509591150893288
CTCTCTG,0.54568888182992
CTCTCTT,0.524686501908612
CTCTGAA,0.57934744928964
CTCTGAC,0.604098823397714
CTCTGAG,0.53610722674302
CTCTGAT,0.55663174808883
CTCTGCA,0.580056449747667
CTCTGCC,0.51161707882032
CTCTGCG,0.56912947988968
CTCTGCT,0.615336676951346
CTCTGGA,0.620341454267276
CTCTGGC,0.634312539184134
CTCTGGG,0.53586033200784
CTCTGGT,0.562900138024713
CTCTGTA,0.532892830733711
CTCTGTC,0.515404666446114
CTCTGTG,0.552511837673372
CTCTGTT,0.539803351538071
CTCTTAA,0.529668069054375
CTCTTAC,0.569845759424107
CTCTTAG,0.545199741846535
CTCTTAT,0.543975844109523
CTCTTCA,0.557840263195344
CTCTTCC,0.603175847755463
CTCTTCG,0.593432820222244
CTCTTCT,0.54373088470832
CTCTTGA,0.539065218678287
CTCTTGC,0.57816466364396
CTCTTGG,0.534872143045142
CTCTTGT,0.530909592974082
CTCTTTA,0.560975584315396
CTCTTTC,0.578874502895948
CTCTTTG,0.59854814787405
CTCTTTT,0.536354060536236
CTGAAAA,0.581708831890764
CTGAAAC,0.562419346727269
CTGAAAG,0.581944663753294
CTGAAAT,0.577454320162266
CTGAACA,0.560252920687636
CTGAACC,0.581472944398448
CTGAACG,0.54617778267235
CTGAACT,0.562178864365651
CTGAAGA,0.650736151656166
CTGAAGC,0.64122556021313
CTGAAGG,0.69234317449336
CTGAAGT,0.540295137595975
CTGAATA,0.541277984745362
CTGAATC,0.561697726077547
CTGAATG,0.565540366100184
CTGAATT,0.5542103275045
CTGACAA,0.55735703239966
CTGACAC,0.604559991958769
CTGACAG,0.534130359955369
CTGACAT,0.55928855608816
CTGACCA,0.569607056581024
CTGACCC,0.537833785197073
CTGACCG,0.61465226250231
CTGACCT,0.51338640511917
CTGACGA,0.541032363504604
CTGACGC,0.540540939959579
CTGACGG,0.566977557793659
CTGACGT,0.54373088470832
CTGACTA,0.567456163053246
CTGACTC,0.545933362129139
CTGACTG,0.57389501416439
CTGACTT,0.559047319555836
CTGAGAA,0.522436674843258
CTGAGAC,0.613967379309302
CTGAGAG,0.609848200454566
CTGAGAT,0.539311323507636
CTGAGCA,0.553240115164351
CTGAGCC,0.612138727600317
CTGAGCG,0.587118943290794
CTGAGCT,0.568412686931105
CTGAGGA,0.647428766607837
CTGAGGC,0.594364828181918
CTGAGGG,0.575320257162669
CTGAGGT,0.487549200976006
CTGAGTA,0.563140447016109
CTGAGTC,0.574607889578209
CTGAGTG,0.675306294913318
CTGAGTT,0.553482756511656
CTGATAA,0.542259866854641
CTGATAC,0.549349825196072
CTGATAG,0.543240785817062
CTGATAT,0.546422143488757
CTGATCA,0.540786681919229
CTGATCC,0.541032363504604
CTGATCG,0.570084405301741
CTGATCT,0.564341126509425
CTGATGA,0.622155180937448
CTGATGC,0.629377369482975
CTGATGG,0.563620891823023
CTGATGT,0.591332620915189
CTGATTA,0.540786681919229
CTGATTC,0.55735703239966
CTGATTG,0.541277984745362
CTGATTT,0.554452733580856
CTGCAAA,0.5542103275045
CTGCAAC,0.50705295551706
CTGCAAG,0.59854814787405
CTGCAAT,0.562419346727269
CTGCACA,0.604790496510143
CTGCACC,0.591332620915189
CTGCACG,0.626900621017453
CTGCACT,0.552026024518989
CTGCAGA,0.636771020520753
CTGCAGC,0.635207231874493
CTGCAGG,0.821329412047883
CTGCAGT,0.56649872336139
CTGCATA,0.537587316424791
CTGCATC,0.571276781158874
CTGCATG,0.553725338998419
CTGCATT,0.552511837673372
CTGCCAA,0.556147932807025
CTGCCAC,0.591332620915189
CTGCCAG,0.670569815885402
CTGCCAT,0.575082857682005
CTGCCCA,0.644553491212198
CTGCCCC,0.613738980635293
CTGCCCG,0.636324473243098
CTGCCCT,0.584770316510321
CTGCCGA,0.586414934260225
CTGCCGC,0.580764947880173
CTGCCGG,0.643445410993184
CTGCCGT,0.540786681919229
CTGCCTA,0.534872143045142
CTGCCTC,0.550810458065586
CTGCCTG,0.720039954913061
CTGCCTT,0.519679994457983
CTGCGAA,0.564341126509425
CTGCGAC,0.541277984745362
CTGCGAG,0.616020623297602
CTGCGAT,0.547398990069681
CTGCGCA,0.631847998817963
CTGCGCC,0.617842196580541
CTGCGCG,0.584299928502264
CTGCGCT,0.558323260591808
CTGCGGA,0.674016751190903
CTGCGGC,0.682155916565821
CTGCGGG,0.670569815885402
CTGCGGT,0.540786681919229
CTGCGTA,0.544955082103854
CTGCGTC,0.542505186816431
CTGCGTG,0.565780041533798
CTGCGTT,0.537833785197073
CTGCTAA,0.564341126509425
CTGCTAC,0.542995646268147
CTGCTAG,0.533882976599
CTGCTAT,0.544465582970065
CTGCTCA,0.530909592974082
CTGCTCC,0.63810946717205
CTGCTCG,0.566019659536863
CTGCTCT,0.711790459912026
CTGCTGA,0.728018216040005
CTGCTGC,0.867749794178983
CTGCTGG,0.642779973018405
CTGCTGT,0.59831619976511
CTGCTTA,0.537094196564764
CTGCTTC,0.535613376300595
CTGCTTG,0.524186977589027
CTGCTTT,0.537340786890677
CTGGAAA,0.622608099070022
CTGGAAC,0.556147932807025
CTGGAAG,0.522186381319632
CTGGAAT,0.539803351538071
CTGGACA,0.552026024518989
CTGGACC,0.605020947941413
CTGGACG,0.674661730917473
CTGGACT,0.553240115164351
CTGGAGA,0.622155180937448
CTGGAGC,0.674446783894064
CTGGAGG,0.700753990516682
CTGGAGT,0.512628505715754
CTGGATA,0.559529734439456
CTGGATC,0.576506409923444
CTGGATG,0.646323869606876
CTGGATT,0.546422143488757
CTGGCAA,0.607322546025095
CTGGCAC,0.611452120172321
CTGGCAG,0.677666148068296
CTGGCAT,0.627801966734511
CTGGCCA,0.622155180937448
CTGGCCC,0.633417045301892
CTGGCCG,0.613053471450636
CTGGCCT,0.578874502895948
CTGGCGA,0.587822457041308
CTGGCGC,0.621928644922364
CTGGCGG,0.737751029587022
CTGGCGT,0.540786681919229
CTGGCTA,0.563380698272967
CTGGCTC,0.602944970676565
CTGGCTG,0.72475277983088
CTGGCTT,0.566977557793659
CTGGGAA,0.653813206227821
CTGGGAC,0.551783029407716
CTGGGAG,0.613053471450636
CTGGGAT,0.463949651692608
CTGGGCA,0.603406671542439
CTGGGCC,0.546666444607543
CTGGGCG,0.64919406647199
CTGGGCT,0.685563213363284
CTGGGGA,0.689170790433227
CTGGGGC,0.565540366100184
CTGGGGG,0.656005319855295
CTGGGGT,0.570322994241107
CTGGGTA,0.527429434307149
CTGGGTC,0.510604627904712
CTGGGTG,0.526931278612457
CTGGGTT,0.542259866854641
CTGGTAA,0.537340786890677
CTGGTAC,0.565060842831145
CTGGTAG,0.530164863603354
CTGGTAT,0.562659771271024
CTGGTCA,0.588759706143102
CTGGTCC,0.55663174808883
CTGGTCG,0.568173641723396
CTGGTCT,0.518424441343436
CTGGTGA,0.566259220136895
CTGGTGC,0.654909863711707
CTGGTGG,0.65205604887855
CTGGTGT,0.658847902398086
CTGGTTA,0.545444341745468
CTGGTTC,0.520181774640252
CTGGTTG,0.553240115164351
CTGGTTT,0.54691068605787
CTGTAAA,0.541277984745362
CTGTAAC,0.54617778267235
CTGTAAG,0.545444341745468
CTGTAAT,0.50297839484366
CTGTACA,0.535613376300595
CTGTACC,0.534624943148194
CTGTACG,0.54617778267235
CTGTACT,0.590397781301938
CTGTAGA,0.563861027693991
CTGTAGC,0.537587316424791
CTGTAGG,0.565540366100184
CTGTAGT,0.531157712899333
CTGTATA,0.54617778267235
CTGTATC,0.545933362129139
CTGTATG,0.585240483357526
CTGTATT,0.533882976599
CTGTCAA,0.531653768135685
CTGTCAC,0.537587316424791
CTGTCAG,0.534130359955369
CTGTCAT,0.53610722674302
CTGTCCA,0.669274145810357
CTGTCCC,0.570084405301741
CTGTCCG,0.542995646268147
CTGTCCT,0.504253479384484
CTGTCGA,0.571753333693476
CTGTCGC,0.55105368959315
CTGTCGG,0.616020623297602
CTGTCGT,0.540295137595975
CTGTCTA,0.544955082103854
CTGTCTC,0.516412271644981
CTGTCTG,0.681088751024755
CTGTCTT,0.581944663753294
CTGTGAA,0.552268960597983
CTGTGAC,0.583829319125197
CTGTGAG,0.601789785041178
CTGTGAT,0.601327336880784
CTGTGCA,0.587353502870996
CTGTGCC,0.64919406647199
CTGTGCG,0.564101105913567
CTGTGCT,0.618751740432715
CTGTGGA,0.599243669575915
CTGTGGC,0.582416160693904
CTGTGGG,0.648753033571575
CTGTGGT,0.606402542376409
CTGTGTA,0.560252920687636
CTGTGTC,0.530413168356677
CTGTGTG,0.560252920687636
CTGTGTT,0.529916497179467
CTGTTAA,0.543485865287306
CTGTTAC,0.591332620915189
CTGTTAG,0.535119281849402
CTGTTAT,0.548374883352512
CTGTTCA,0.569607056581024
CTGTTCC,0.554452733580856
CTGTTCG,0.548618707938343
CTGTTCT,0.576269291901257
CTGTTGA,0.529171027577895
CTGTTGC,0.613282026729814
CTGTTGG,0.605481691541534
CTGTTGT,0.557840263195344
CTGTTTA,0.565060842831145
CTGTTTC,0.527678419125729
CTGTTTG,0.534130359955369
CTGTTTT,0.572943722403313
CTTAAAA,0.526682107674533
CTTAAAC,0.533388026214955
CTTAAAG,0.535119281849402
CTTAAAT,0.537833785197073
CTTAACA,0.536354060536236
CTTAACC,0.547887055757054
CTTAACG,0.548618707938343
CTTAACT,0.534872143045142
CTTAAGA,0.541032363504604
CTTAAGC,0.540540939959579
CTTAAGG,0.538080193237468
CTTAAGT,0.542259866854641
CTTAATA,0.542259866854641
CTTAATC,0.56458108950922
CTTAATG,0.527429434307149
CTTAATT,0.545444341745468
CTTACAA,0.542995646268147
CTTACAC,0.544220743520313
CTTACAG,0.54373088470832
CTTACAT,0.543240785817062
CTTACCA,0.54691068605787
CTTACCC,0.56458108950922
CTTACCG,0.543975844109523
CTTACCT,0.590631573148494
CTTACGA,0.54617778267235
CTTACGC,0.547154867868876
CTTACGG,0.549593412211889
CTTACGT,0.550323817453749
CTTACTA,0.547154867868876
CTTACTC,0.542505186816431
CTTACTG,0.540295137595975
CTTACTT,0.542505186816431
CTTAGAA,0.526931278612457
CTTAGAC,0.590631573148494
CTTAGAG,0.566259220136895
CTTAGAT,0.546666444607543
CTTAGCA,0.541277984745362
CTTAGCC,0.528425001836785
CTTAGCG,0.550323817453749
CTTAGCT,0.590631573148494
CTTAGGA,0.540049274798713
CTTAGGC,0.583122989536624
CTTAGGG,0.584064651497879
CTTAGGT,0.539065218678287
CTTAGTA,0.54617778267235
CTTAGTC,0.550810458065586
CTTAGTG,0.566977557793659
CTTAGTT,0.543485865287306
CTTATAA,0.548130999301753
CTTATAC,0.550080408311853
CTTATAG,0.545933362129139
CTTATAT,0.547887055757054
CTTATCA,0.572943722403313
CTTATCC,0.542014486696199
CTTATCG,0.547398990069681
CTTATCT,0.543485865287306
CTTATGA,0.542750446611098
CTTATGC,0.570800001413671
CTTATGG,0.565540366100184
CTTATGT,0.546666444607543
CTTATTA,0.539557367784301
CTTATTC,0.545444341745468
CTTATTG,0.569368296745289
CTTATTT,0.516915693774396
CTTCAAA,0.588759706143102
CTTCAAC,0.55735703239966
CTTCAAG,0.602944970676565
CTTCAAT,0.532892830733711
CTTCACA,0.534377682128348
CTTCACC,0.571991524824455
CTTCACG,0.539065218678287
CTTCACT,0.52643287463498
CTTCAGA,0.533388026214955
CTTCAGC,0.562900138024713
CTTCAGG,0.560493866595183
CTTCAGT,0.53610722674302
CTTCATA,0.567695379811815
CTTCATC,0.584535150164402
CTTCATG,0.562419346727269
CTTCATT,0.538572827242263
CTTCCAA,0.541769046311556
CTTCCAC,0.529916497179467
CTTCCAG,0.673586533480053
CTTCCAT,0.52493617052785
CTTCCCA,0.569845759424107
CTTCCCC,0.570561526269369
CTTCCCG,0.526682107674533
CTTCCCT,0.518926851774713
CTTCCGA,0.567695379811815
CTTCCGC,0.558081791054386
CTTCCGG,0.55663174808883
CTTCCGT,0.568890605986957
CTTCCTA,0.53610722674302
CTTCCTC,0.534624943148194
CTTCCTG,0.612824863922
CTTCCTT,0.635207231874493
CTTCGAA,0.550810458065586
CTTCGAC,0.571038419701138
CTTCGAG,0.540049274798713
CTTCGAT,0.59831619976511
CTTCGCA,0.550810458065586
CTTCGCC,0.546422143488757
CTTCGCG,0.571515085813964
CTTCGCT,0.54617778267235
CTTCGGA,0.596691054855315
CTTCGGC,0.568651675009859
CTTCGGG,0.582651825824393
CTTCGGT,0.571753333693476
CTTCGTA,0.549593412211889
CTTCGTC,0.656005319855295
CTTCGTG,0.586414934260225
CTTCGTT,0.572943722403313
CTTCTAA,0.529916497179467
CTTCTAC,0.540540939959579
CTTCTAG,0.539311323507636
CTTCTAT,0.538572827242263
CTTCTCA,0.553725338998419
CTTCTCC,0.605020947941413
CTTCTCG,0.544220743520313
CTTCTCT,0.604559991958769
CTTCTGA,0.541277984745362
CTTCTGC,0.523687203620185
CTTCTGG,0.589930033569023
CTTCTGT,0.535613376300595
CTTCTTA,0.532645141005759
CTTCTTC,0.571276781158874
CTTCTTG,0.562659771271024
CTTCTTT,0.598084197843763
CTTGAAA,0.559047319555836
CTTGAAC,0.520933973135489
CTTGAAG,0.534130359955369
CTTGAAT,0.542259866854641
CTTGACA,0.545199741846535
CTTGACC,0.527429434307149
CTTGACG,0.550080408311853
CTTGACT,0.533388026214955
CTTGAGA,0.531157712899333
CTTGAGC,0.530661411470054
CTTGAGG,0.566738169237826
CTTGAGT,0.567216889056327
CTTGATA,0.54373088470832
CTTGATC,0.537833785197073
CTTGATG,0.536600833417566
CTTGATT,0.540049274798713
CTTGCAA,0.542014486696199
CTTGCAC,0.541523545671142
CTTGCAG,0.569607056581024
CTTGCAT,0.539065218678287
CTTGCCA,0.580292671570626
CTTGCCC,0.60594222295475
CTTGCCG,0.566738169237826
CTTGCCT,0.553725338998419
CTTGCGA,0.549349825196072
CTTGCGC,0.548618707938343
CTTGCGG,0.593665903659702
CTTGCGT,0.541277984745362
CTTGCTA,0.545444341745468
CTTGCTC,0.542259866854641
CTTGCTG,0.551296861973523
CTTGCTT,0.541277984745362
CTTGGAA,0.552511837673372
CTTGGAC,0.568651675009859
CTTGGAG,0.544710362488134
CTTGGAT,0.593199682444231
CTTGGCA,0.541032363504604
CTTGGCC,0.510351354929557
CTTGGCG,0.543240785817062
CTTGGCT,0.548618707938343
CTTGGGA,0.518675678111104
CTTGGGC,0.542750446611098
CTTGGGG,0.511870031465128
CTTGGGT,0.511364062174281
CTTGGTA,0.536847545417064
CTTGGTC,0.54691068605787
CTTGGTG,0.565060842831145
CTTGGTT,0.522937074028329
CTTGTAA,0.541769046311556
CTTGTAC,0.549349825196072
CTTGTAG,0.534624943148194
CTTGTAT,0.546422143488757
CTTGTCA,0.563861027693991
CTTGTCC,0.532645141005759
CTTGTCG,0.573419481403349
CTTGTCT,0.632296549084656
CTTGTGA,0.560975584315396
CTTGTGC,0.53881905326644
CTTGTGG,0.608700966429654
CTTGTGT,0.578637945793287
CTTGTTA,0.52817620285971
CTTGTTC,0.519429009916496
CTTGTTG,0.537587316424791
CTTGTTT,0.557115329406598
CTTTAAA,0.515404666446114
CTTTAAC,0.535613376300595
CTTTAAG,0.565540366100184
CTTTAAT,0.541277984745362
CTTTACA,0.56458108950922
CTTTACC,0.59413190761424
CTTTACG,0.550080408311853
CTTTACT,0.532892830733711
CTTTAGA,0.541277984745362
CTTTAGC,0.534130359955369
CTTTAGG,0.532892830733711
CTTTAGT,0.56649872336139
CTTTATA,0.544710362488134
CTTTATC,0.566259220136895
CTTTATG,0.542014486696199
CTTTATT,0.534624943148194
CTTTCAA,0.54373088470832
CTTTCAC,0.531405771276359
CTTTCAG,0.553482756511656
CTTTCAT,0.533140459126653
CTTTCCA,0.562900138024713
CTTTCCC,0.606172409152325
CTTTCCG,0.546422143488757
CTTTCCT,0.604329434262797
CTTTCGA,0.564820994940588
CTTTCGC,0.548862473088238
CTTTCGG,0.545444341745468
CTTTCGT,0.545444341745468
CTTTCTA,0.542995646268147
CTTTCTC,0.593432820222244
CTTTCTG,0.524186977589027
CTTTCTT,0.509591150893288
CTTTGAA,0.529668069054375
CTTTGAC,0.608930518550468
CTTTGAG,0.547398990069681
CTTTGAT,0.558323260591808
CTTTGCA,0.542259866854641
CTTTGCC,0.525185776828227
CTTTGCG,0.548130999301753
CTTTGCT,0.55105368959315
CTTTGGA,0.536354060536236
CTTTGGC,0.574607889578209
CTTTGGG,0.549349825196072
CTTTGGT,0.562659771271024
CTTTGTA,0.532892830733711
CTTTGTC,0.566019659536863
CTTTGTG,0.626449643316704
CTTTGTT,0.530164863603354
CTTTTAA,0.531157712899333
CTTTTAC,0.541523545671142
CTTTTAG,0.537094196564764
CTTTTAT,0.531901703507817
CTTTTCA,0.537833785197073
CTTTTCC,0.558323260591808
CTTTTCG,0.573181630196659
CTTTTCT,0.551539975235466
CTTTTGA,0.534377682128348
CTTTTGC,0.544710362488134
CTTTTGG,0.538326540575898
CTTTTGT,0.558806024814404
CTTTTTA,0.518424441343436
CTTTTTC,0.504253479384484
CTTTTTG,0.527180387479689
CTTTTTT,0.483394224088384
GAAAAAA,0.52643287463498
GAAAAAC,0.529171027577895
GAAAAAG,0.548862473088237
GAAAAAT,0.525934222127104
GAAAACA,0.554695080910746
GAAAACC,0.539557367784301
GAAAACG,0.567456163053246
GAAAACT,0.552997414927933
GAAAAGA,0.554695080910746
GAAAAGC,0.583122989536624
GAAAAGG,0.524436770939387
GAAAAGT,0.583829319125197
GAAAATA,0.543485865287306
GAAAATC,0.572467736948908
GAAAATG,0.577927938544287
GAAAATT,0.534377682128348
GAAACAA,0.540540939959579
GAAACAC,0.559770854637779
GAAACAG,0.535366359591164
GAAACAT,0.545444341745468
GAAACCA,0.55663174808883
GAAACCC,0.503233541852241
GAAACCG,0.543975844109523
GAAACCT,0.535119281849402
GAAACGA,0.544955082103854
GAAACGC,0.545199741846535
GAAACGG,0.660593176201644
GAAACGT,0.548862473088238
GAAACTA,0.543240785817062
GAAACTC,0.518675678111104
GAAACTG,0.517418862597485
GAAACTT,0.563620891823023
GAAAGAA,0.533140459126653
GAAAGAC,0.531901703507817
GAAAGAG,0.539557367784301
GAAAGAT,0.538572827242263
GAAAGCA,0.535119281849402
GAAAGCC,0.574845401829444
GAAAGCG,0.539065218678287
GAAAGCT,0.533635532028962
GAAAGGA,0.538080193237468
GAAAGGC,0.599707082105549
GAAAGGG,0.57389501416439
GAAAGGT,0.551296861973523
GAAAGTA,0.568412686931105
GAAAGTC,0.537094196564764
GAAAGTG,0.547154867868876
GAAAGTT,0.530164863603354
GAAATAA,0.577454320162266
GAAATAC,0.535119281849402
GAAATAG,0.541277984745362
GAAATAT,0.546422143488757
GAAATCA,0.545199741846535
GAAATCC,0.557598676986502
GAAATCG,0.549593412211889
GAAATCT,0.534377682128348
GAAATGA,0.55105368959315
GAAATGC,0.52817620285971
GAAATGG,0.527180387479689
GAAATGT,0.536600833417566
GAAATTA,0.541769046311556
GAAATTC,0.568651675009859
GAAATTG,0.534624943148194
GAAATTT,0.544710362488134
GAACAAA,0.542750446611098
GAACAAC,0.565540366100184
GAACAAG,0.55928855608816
GAACAAT,0.563140447016109
GAACACA,0.545444341745468
GAACACC,0.545199741846535
GAACACG,0.574370320901502
GAACACT,0.534872143045142
GAACAGA,0.560493866595183
GAACAGC,0.535366359591164
GAACAGG,0.59831619976511
GAACAGT,0.569607056581024
GAACATA,0.558806024814404
GAACATC,0.544465582970065
GAACATG,0.550567167362053
GAACATT,0.567456163053246
GAACCAA,0.57222965923393
GAACCAC,0.613053471450636
GAACCAG,0.648532444158657
GAACCAT,0.539065218678287
GAACCCA,0.576032117640779
GAACCCC,0.533882976599
GAACCCG,0.531653768135685
GAACCCT,0.566738169237826
GAACCGA,0.550080408311853
GAACCGC,0.538326540575898
GAACCGG,0.563861027693991
GAACCGT,0.547398990069681
GAACCTA,0.547398990069681
GAACCTC,0.537094196564764
GAACCTG,0.547643052689382
GAACCTT,0.541523545671142
GAACGAA,0.550810458065586
GAACGAC,0.541769046311556
GAACGAG,0.537587316424791
GAACGAT,0.549349825196072
GAACGCA,0.544710362488134
GAACGCC,0.54617778267235
GAACGCG,0.574845401829444
GAACGCT,0.549349825196072
GAACGGA,0.592033177558194
GAACGGC,0.547643052689382
GAACGGG,0.544710362488134
GAACGGT,0.564341126509425
GAACGTA,0.550810458065586
GAACGTC,0.54691068605787
GAACGTG,0.561216356183953
GAACGTT,0.550323817453749
GAACTAA,0.549349825196072
GAACTAC,0.545444341745468
GAACTAG,0.545444341745468
GAACTAT,0.54617778267235
GAACTCA,0.546422143488757
GAACTCC,0.524436770939387
GAACTCG,0.543975844109523
GAACTCT,0.530164863603354
GAACTGA,0.58218044001227
GAACTGC,0.535119281849402
GAACTGG,0.542259866854641
GAACTGT,0.559529734439456
GAACTTA,0.542505186816431
GAACTTC,0.519429009916496
GAACTTG,0.581708831890764
GAACTTT,0.555663883334684
GAAGAAA,0.566738169237826
GAAGAAC,0.533635532028962
GAAGAAG,0.689170790433227
GAAGAAT,0.537340786890677
GAAGACA,0.53586033200784
GAAGACC,0.626449643316704
GAAGACG,0.537094196564764
GAAGACT,0.535366359591164
GAAGAGA,0.651836186953829
GAAGAGC,0.596691054855315
GAAGAGG,0.5279273419663
GAAGAGT,0.539557367784301
GAAGATA,0.54617778267235
GAAGATC,0.592499942813337
GAAGATG,0.601096032578992
GAAGATT,0.614880452702961
GAAGCAA,0.529668069054375
GAAGCAC,0.559529734439456
GAAGCAG,0.595993754866704
GAAGCAT,0.561697726077547
GAAGCCA,0.629827029071794
GAAGCCC,0.603637442062089
GAAGCCG,0.585005427566031
GAAGCCT,0.542014486696199
GAAGCGA,0.594597694510238
GAAGCGC,0.615108590844724
GAAGCGG,0.606632622651376
GAAGCGT,0.570561526269369
GAAGCTA,0.58618015440056
GAAGCTC,0.574845401829444
GAAGCTG,0.586414934260225
GAAGCTT,0.541032363504604
GAAGGAA,0.517921778369032
GAAGGAC,0.602483056544532
GAAGGAG,0.603175847755463
GAAGGAT,0.554695080910746
GAAGGCA,0.574132695772508
GAAGGCC,0.675521057286595
GAAGGCG,0.582651825824393
GAAGGCT,0.583358488170663
GAAGGGA,0.611681041700066
GAAGGGC,0.609160017989199
GAAGGGG,0.621928644922364
GAAGGGT,0.558564671835767
GAAGGTA,0.535613376300595
GAAGGTC,0.58922800148624
GAAGGTG,0.605020947941413
GAAGGTT,0.534872143045142
GAAGTAA,0.594597694510238
GAAGTAC,0.562178864365651
GAAGTAG,0.533635532028962
GAAGTAT,0.566738169237826
GAAGTCA,0.563140447016109
GAAGTCC,0.5216856062534
GAAGTCG,0.567216889056327
GAAGTCT,0.536600833417566
GAAGTGA,0.52817620285971
GAAGTGC,0.536600833417566
GAAGTGG,0.520683303165441
GAAGTGT,0.585475483910779
GAAGTTA,0.542505186816431
GAAGTTC,0.539557367784301
GAAGTTG,0.567695379811815
GAAGTTT,0.560975584315396
GAATAAA,0.538326540575898
GAATAAC,0.545444341745468
GAATAAG,0.540786681919229
GAATAAT,0.56912947988968
GAATACA,0.55735703239966
GAATACC,0.544465582970065
GAATACG,0.550810458065586
GAATACT,0.54568888182992
GAATAGA,0.542750446611098
GAATAGC,0.550080408311853
GAATAGG,0.570084405301741
GAATAGT,0.54617778267235
GAATATA,0.547154867868876
GAATATC,0.542259866854641
GAATATG,0.540049274798713
GAATATT,0.533882976599
GAATCAA,0.546422143488757
GAATCAC,0.530164863603354
GAATCAG,0.539557367784301
GAATCAT,0.545933362129139
GAATCCA,0.555663883334684
GAATCCC,0.545444341745468
GAATCCG,0.541523545671142
GAATCCT,0.56912947988968
GAATCGA,0.549836939907521
GAATCGC,0.540786681919229
GAATCGG,0.548374883352512
GAATCGT,0.549349825196072
GAATCTA,0.564820994940588
GAATCTC,0.542750446611098
GAATCTG,0.543240785817062
GAATCTT,0.537833785197073
GAATGAA,0.525934222127104
GAATGAC,0.542505186816431
GAATGAG,0.523687203620185
GAATGAT,0.530909592974082
GAATGCA,0.563861027693991
GAATGCC,0.591332620915189
GAATGCG,0.542995646268147
GAATGCT,0.54568888182992
GAATGGA,0.537587316424791
GAATGGC,0.57934744928964
GAATGGG,0.582416160693904
GAATGGT,0.534130359955369
GAATGTA,0.564101105913567
GAATGTC,0.535613376300595
GAATGTG,0.581237001250093
GAATGTT,0.538080193237468
GAATTAA,0.539311323507636
GAATTAC,0.542259866854641
GAATTAG,0.53610722674302
GAATTAT,0.545444341745468
GAATTCA,0.530909592974082
GAATTCC,0.542750446611098
GAATTCG,0.547154867868876
GAATTCT,0.526682107674533
GAATTGA,0.54373088470832
GAATTGC,0.536847545417064
GAATTGG,0.529171027577895
GAATTGT,0.545444341745468
GAATTTA,0.569368296745289
GAATTTC,0.569845759424107
GAATTTG,0.538080193237468
GAATTTT,0.560734754461784
GACAAAA,0.552754655773811
GACAAAC,0.544710362488134
GACAAAG,0.538080193237468
GACAAAT,0.541277984745362
GACAACA,0.542505186816431
GACAACC,0.547643052689382
GACAACG,0.548862473088238
GACAACT,0.548130999301753
GACAAGA,0.582416160693904
GACAAGC,0.568651675009859
GACAAGG,0.558806024814404
GACAAGT,0.616476327787381
GACAATA,0.564341126509425
GACAATC,0.536847545417064
GACAATG,0.567456163053246
GACAATT,0.545933362129139
GACACAA,0.544220743520313
GACACAC,0.533635532028962
GACACAG,0.549349825196072
GACACAT,0.542259866854641
GACACCA,0.577217426826797
GACACCC,0.585005427566031
GACACCG,0.540295137595975
GACACCT,0.556389869707581
GACACGA,0.546666444607543
GACACGC,0.593898932781932
GACACGG,0.543485865287306
GACACGT,0.568412686931105
GACACTA,0.550810458065586
GACACTC,0.538572827242263
GACACTG,0.586649659011245
GACACTT,0.61236749202076
GACAGAA,0.605020947941413
GACAGAC,0.607092624451385
GACAGAG,0.486771456689958
GACAGAT,0.560252920687636
GACAGCA,0.570800001413672
GACAGCC,0.555905937358841
GACAGCG,0.580764947880173
GACAGCT,0.631623648213044
GACAGGA,0.557598676986502
GACAGGC,0.54373088470832
GACAGGG,0.606402542376409
GACAGGT,0.534130359955369
GACAGTA,0.542014486696199
GACAGTC,0.535613376300595
GACAGTG,0.552754655773811
GACAGTT,0.541277984745362
GACATAA,0.545444341745468
GACATAC,0.541523545671142
GACATAG,0.548618707938343
GACATAT,0.568890605986957
GACATCA,0.538080193237468
GACATCC,0.52892241416511
GACATCG,0.571276781158874
GACATCT,0.560975584315396
GACATGA,0.535366359591164
GACATGC,0.587118943290794
GACATGG,0.636101124805327
GACATGT,0.541523545671142
GACATTA,0.548862473088238
GACATTC,0.542750446611098
GACATTG,0.536354060536236
GACATTT,0.580056449747667
GACCAAA,0.5279273419663
GACCAAC,0.530909592974082
GACCAAG,0.550323817453749
GACCAAT,0.567216889056327
GACCACA,0.525435320840846
GACCACC,0.559047319555836
GACCACG,0.558564671835767
GACCACT,0.536354060536236
GACCAGA,0.590631573148494
GACCAGC,0.555421770706192
GACCAGG,0.591566194331503
GACCAGT,0.609618858917098
GACCATA,0.547154867868876
GACCATC,0.581237001250093
GACCATG,0.621475418878344
GACCATT,0.573181630196659
GACCCAA,0.560975584315396
GACCCAC,0.562419346727269
GACCCAG,0.585710429251747
GACCCAT,0.590163934783973
GACCCCA,0.630051783066271
GACCCCC,0.593199682444231
GACCCCG,0.568173641723396
GACCCCT,0.655786324607478
GACCCGA,0.563140447016109
GACCCGC,0.697608218735363
GACCCGG,0.581472944398448
GACCCGT,0.547887055757054
GACCCTA,0.539065218678287
GACCCTC,0.528425001836785
GACCCTG,0.63027648655774
GACCCTT,0.559770854637779
GACCGAA,0.546666444607543
GACCGAC,0.57389501416439
GACCGAG,0.588291191396686
GACCGAT,0.545444341745468
GACCGCA,0.542750446611098
GACCGCC,0.583829319125197
GACCGCG,0.544955082103854
GACCGCT,0.59413190761424
GACCGGA,0.620114506958278
GACCGGC,0.623739497748691
GACCGGG,0.677666148068296
GACCGGT,0.547643052689382
GACCGTA,0.574607889578209
GACCGTC,0.544710362488134
GACCGTG,0.553725338998419
GACCGTT,0.550810458065586
GACCTAA,0.54691068605787
GACCTAC,0.566259220136895
GACCTAG,0.547643052689382
GACCTAT,0.571276781158874
GACCTCA,0.498887164179532
GACCTCC,0.562178864365651
GACCTCG,0.539803351538071
GACCTCT,0.529419579197413
GACCTGA,0.600401798490179
GACCTGC,0.667327487572851
GACCTGG,0.662552975201648
GACCTGT,0.560011916711166
GACCTTA,0.535366359591164
GACCTTC,0.552997414927933
GACCTTG,0.546422143488757
GACCTTT,0.558806024814404
GACGAAA,0.54691068605787
GACGAAC,0.545444341745468
GACGAAG,0.564820994940588
GACGAAT,0.547643052689382
GACGACA,0.548862473088238
GACGACC,0.544710362488134
GACGACG,0.550810458065586
GACGACT,0.572467736948908
GACGAGA,0.572467736948908
GACGAGC,0.556147932807025
GACGAGG,0.61236749202076
GACGAGT,0.616476327787381
GACGATA,0.550810458065586
GACGATC,0.550810458065586
GACGATG,0.571991524824455
GACGATT,0.550810458065586
GACGCAA,0.548374883352512
GACGCAC,0.542014486696199
GACGCAG,0.537094196564764
GACGCAT,0.54373088470832
GACGCCA,0.542505186816431
GACGCCC,0.559770854637779
GACGCCG,0.569607056581024
GACGCCT,0.545933362129139
GACGCGA,0.539803351538071
GACGCGC,0.572943722403313
GACGCGG,0.614880452702961
GACGCGT,0.544955082103854
GACGCTA,0.548374883352512
GACGCTC,0.54617778267235
GACGCTG,0.560975584315396
GACGCTT,0.541523545671142
GACGGAA,0.544710362488134
GACGGAC,0.54691068605787
GACGGAG,0.518173141439992
GACGGAT,0.549593412211889
GACGGCA,0.595063264549808
GACGGCC,0.590163934783973
GACGGCG,0.56458108950922
GACGGCT,0.640113784182655
GACGGGA,0.585475483910779
GACGGGC,0.58218044001227
GACGGGG,0.536847545417064
GACGGGT,0.571515085813964
GACGGTA,0.548374883352512
GACGGTC,0.547887055757054
GACGGTG,0.557115329406598
GACGGTT,0.54617778267235
GACGTAA,0.550080408311853
GACGTAC,0.550567167362053
GACGTAG,0.547643052689382
GACGTAT,0.549836939907521
GACGTCA,0.54617778267235
GACGTCC,0.548130999301753
GACGTCG,0.57222965923393
GACGTCT,0.545933362129139
GACGTGA,0.557115329406598
GACGTGC,0.539557367784301
GACGTGG,0.563620891823023
GACGTGT,0.570561526269369
GACGTTA,0.549836939907521
GACGTTC,0.547154867868876
GACGTTG,0.548130999301753
GACGTTT,0.54691068605787
GACTAAA,0.545444341745468
GACTAAC,0.571515085813964
GACTAAG,0.542750446611098
GACTAAT,0.547643052689382
GACTACA,0.52892241416511
GACTACC,0.548374883352512
GACTACG,0.57389501416439
GACTACT,0.546422143488757
GACTAGA,0.545199741846535
GACTAGC,0.548862473088238
GACTAGG,0.541769046311556
GACTAGT,0.547398990069681
GACTATA,0.590631573148494
GACTATC,0.547154867868876
GACTATG,0.565300633208485
GACTATT,0.572943722403313
GACTCAA,0.544710362488134
GACTCAC,0.538326540575898
GACTCAG,0.536600833417566
GACTCAT,0.569607056581024
GACTCCA,0.530909592974082
GACTCCC,0.576032117640779
GACTCCG,0.536600833417566
GACTCCT,0.566977557793659
GACTCGA,0.547643052689382
GACTCGC,0.54691068605787
GACTCGG,0.539311323507636
GACTCGT,0.546422143488757
GACTCTA,0.561216356183953
GACTCTC,0.530661411470054
GACTCTG,0.538326540575898
GACTCTT,0.554937369522638
GACTGAA,0.541523545671142
GACTGAC,0.559529734439456
GACTGAG,0.623739497748691
GACTGAT,0.548862473088238
GACTGCA,0.610306725797169
GACTGCC,0.559770854637779
GACTGCG,0.541769046311556
GACTGCT,0.530909592974082
GACTGGA,0.520933973135489
GACTGGC,0.563861027693991
GACTGGG,0.580764947880173
GACTGGT,0.532397389912406
GACTGTA,0.534624943148194
GACTGTC,0.616704102180954
GACTGTG,0.611681041700066
GACTGTT,0.565780041533798
GACTTAA,0.534624943148194
GACTTAC,0.545444341745468
GACTTAG,0.606172409152325
GACTTAT,0.542995646268147
GACTTCA,0.599475402684629
GACTTCC,0.549106178831164
GACTTCG,0.568890605986957
GACTTCT,0.582651825824393
GACTTGA,0.538080193237468
GACTTGC,0.542014486696199
GACTTGG,0.551783029407716
GACTTGT,0.534130359955369
GACTTTA,0.534624943148194
GACTTTC,0.537833785197073
GACTTTG,0.606632622651376
GACTTTT,0.56458108950922
GAGAAAA,0.525435320840846
GAGAAAC,0.516915693774396
GAGAAAG,0.499399484317814
GAGAAAT,0.532397389912406
GAGAACA,0.560734754461784
GAGAACC,0.535613376300595
GAGAACG,0.560252920687636
GAGAACT,0.522186381319632
GAGAAGA,0.59878004219554
GAGAAGC,0.550567167362053
GAGAAGG,0.544465582970065
GAGAAGT,0.600633263408465
GAGAATA,0.536847545417064
GAGAATC,0.525185776828227
GAGAATG,0.575082857682005
GAGAATT,0.5279273419663
GAGACAA,0.588056851682984
GAGACAC,0.584535150164402
GAGACAG,0.522186381319632
GAGACAT,0.583358488170663
GAGACCA,0.536847545417064
GAGACCC,0.604329434262797
GAGACCG,0.56649872336139
GAGACCT,0.52118458028585
GAGACGA,0.537587316424791
GAGACGC,0.578874502895948
GAGACGG,0.509844616456376
GAGACGT,0.547643052689382
GAGACTA,0.542014486696199
GAGACTC,0.542014486696199
GAGACTG,0.550323817453749
GAGACTT,0.559770854637779
GAGAGAA,0.558806024814404
GAGAGAC,0.531157712899333
GAGAGAG,0.555663883334684
GAGAGAT,0.599011882754521
GAGAGCA,0.585945319406368
GAGAGCC,0.659720920047397
GAGAGCG,0.589462066945777
GAGAGCT,0.621021987327333
GAGAGGA,0.537340786890677
GAGAGGC,0.58218044001227
GAGAGGG,0.704515900482631
GAGAGGT,0.547887055757054
GAGAGTA,0.540295137595975
GAGAGTC,0.562659771271024
GAGAGTG,0.569368296745289
GAGAGTT,0.555179599444978
GAGATAA,0.542259866854641
GAGATAC,0.568173641723396
GAGATAG,0.530909592974082
GAGATAT,0.547398990069681
GAGATCA,0.530661411470054
GAGATCC,0.599011882754521
GAGATCG,0.581001002419431
GAGATCT,0.555421770706192
GAGATGA,0.640780998115453
GAGATGC,0.605251346277056
GAGATGG,0.702845687409711
GAGATGT,0.587353502870996
GAGATTA,0.557598676986502
GAGATTC,0.529419579197413
GAGATTG,0.548130999301753
GAGATTT,0.565300633208485
GAGCAAA,0.557840263195344
GAGCAAC,0.540786681919229
GAGCAAG,0.552511837673372
GAGCAAT,0.569845759424107
GAGCACA,0.555663883334684
GAGCACC,0.595528617934781
GAGCACG,0.563140447016109
GAGCACT,0.532397389912406
GAGCAGA,0.603868159338994
GAGCAGC,0.720450648631512
GAGCAGG,0.720245322855953
GAGCAGT,0.53586033200784
GAGCATA,0.549106178831164
GAGCATC,0.557598676986502
GAGCATG,0.55928855608816
GAGCATT,0.562900138024713
GAGCCAA,0.555179599444978
GAGCCAC,0.539803351538071
GAGCCAG,0.655786324607478
GAGCCAT,0.602252019442119
GAGCCCA,0.636324473243098
GAGCCCC,0.70514151188823
GAGCCCG,0.591332620915189
GAGCCCT,0.59878004219554
GAGCCGA,0.608700966429654
GAGCCGC,0.592733243765148
GAGCCGG,0.629602224551602
GAGCCGT,0.587353502870996
GAGCCTA,0.535366359591164
GAGCCTC,0.619887508132506
GAGCCTG,0.614880452702961
GAGCCTT,0.553240115164351
GAGCGAA,0.544465582970065
GAGCGAC,0.571038419701138
GAGCGAG,0.562419346727269
GAGCGAT,0.548862473088238
GAGCGCA,0.615108590844724
GAGCGCC,0.695505526350483
GAGCGCG,0.674016751190903
GAGCGCT,0.612824863922
GAGCGGA,0.617842196580541
GAGCGGC,0.571515085813964
GAGCGGG,0.655129050963391
GAGCGGT,0.568173641723396
GAGCGTA,0.572467736948908
GAGCGTC,0.538572827242263
GAGCGTG,0.564341126509425
GAGCGTT,0.546422143488757
GAGCTAA,0.540540939959579
GAGCTAC,0.541769046311556
GAGCTAG,0.569368296745289
GAGCTAT,0.572943722403313
GAGCTCA,0.56912947988968
GAGCTCC,0.593898932781932
GAGCTCG,0.537833785197073
GAGCTCT,0.592033177558194
GAGCTGA,0.634088740881349
GAGCTGC,0.715098428883466
GAGCTGG,0.758519340634948
GAGCTGT,0.599475402684629
GAGCTTA,0.543485865287306
GAGCTTC,0.518675678111104
GAGCTTG,0.539803351538071
GAGCTTT,0.53610722674302
GAGGAAA,0.499911542118567
GAGGAAC,0.564341126509425
GAGGAAG,0.614424020219006
GAGGAAT,0.525934222127104
GAGGACA,0.574845401829444
GAGGACC,0.640780998115453
GAGGACG,0.67143266422933
GAGGACT,0.583358488170663
GAGGAGA,0.552754655773811
GAGGAGC,0.855448659007764
GAGGAGG,0.77479003284982
GAGGAGT,0.569607056581024
GAGGATA,0.54617778267235
GAGGATC,0.554452733580856
GAGGATG,0.616020623297602
GAGGATT,0.534624943148194
GAGGCAA,0.561938324158355
GAGGCAC,0.563380698272967
GAGGCAG,0.534377682128348
GAGGCAT,0.534624943148194
GAGGCCA,0.587822457041308
GAGGCCC,0.693187446626459
GAGGCCG,0.574607889578209
GAGGCCT,0.645217750458061
GAGGCGA,0.632520748791554
GAGGCGC,0.536354060536236
GAGGCGG,0.745789966412361
GAGGCGT,0.588056851682984
GAGGCTA,0.531653768135685
GAGGCTC,0.54373088470832
GAGGCTG,0.513638910660364
GAGGCTT,0.54617778267235
GAGGGAA,0.595761213444788
GAGGGAC,0.57934744928964
GAGGGAG,0.532892830733711
GAGGGAT,0.562659771271024
GAGGGCA,0.618069660111905
GAGGGCC,0.60571198375929
GAGGGCG,0.614880452702961
GAGGGCT,0.566259220136895
GAGGGGA,0.534377682128348
GAGGGGC,0.74258214244841
GAGGGGG,0.576032117640779
GAGGGGT,0.548862473088237
GAGGGTA,0.567216889056327
GAGGGTC,0.55663174808883
GAGGGTG,0.560011916711166
GAGGGTT,0.516160465510676
GAGGTAA,0.536600833417566
GAGGTAC,0.571276781158874
GAGGTAG,0.536354060536236
GAGGTAT,0.543240785817062
GAGGTCA,0.534872143045142
GAGGTCC,0.562659771271024
GAGGTCG,0.558564671835767
GAGGTCT,0.523937121826358
GAGGTGA,0.567695379811815
GAGGTGC,0.691920770977987
GAGGTGG,0.578874502895948
GAGGTGT,0.537340786890677
GAGGTTA,0.545933362129139
GAGGTTC,0.536600833417566
GAGGTTG,0.529419579197413
GAGGTTT,0.538326540575898
GAGTAAA,0.544710362488134
GAGTAAC,0.542259866854641
GAGTAAG,0.54617778267235
GAGTAAT,0.547398990069681
GAGTACA,0.53881905326644
GAGTACC,0.543485865287306
GAGTACG,0.546666444607543
GAGTACT,0.543975844109523
GAGTAGA,0.554937369522638
GAGTAGC,0.520683303165441
GAGTAGG,0.527180387479689
GAGTAGT,0.566977557793659
GAGTATA,0.547398990069681
GAGTATC,0.568412686931105
GAGTATG,0.592266587419491
GAGTATT,0.571038419701138
GAGTCAA,0.543975844109523
GAGTCAC,0.540049274798713
GAGTCAG,0.555421770706192
GAGTCAT,0.538572827242263
GAGTCCA,0.569607056581024
GAGTCCC,0.583358488170663
GAGTCCG,0.588759706143102
GAGTCCT,0.578637945793287
GAGTCGA,0.571515085813964
GAGTCGC,0.543485865287306
GAGTCGG,0.55663174808883
GAGTCGT,0.543975844109523
GAGTCTA,0.543485865287306
GAGTCTC,0.55105368959315
GAGTCTG,0.544220743520313
GAGTCTT,0.520181774640252
GAGTGAA,0.528425001836785
GAGTGAC,0.531901703507817
GAGTGAG,0.62124872880286
GAGTGAT,0.591566194331503
GAGTGCA,0.519930916022036
GAGTGCC,0.642336101570216
GAGTGCG,0.539065218678287
GAGTGCT,0.536600833417566
GAGTGGA,0.573657276050295
GAGTGGC,0.593665903659702
GAGTGGG,0.519429009916496
GAGTGGT,0.562419346727269
GAGTGTA,0.563620891823023
GAGTGTC,0.576743471734003
GAGTGTG,0.583593931358153
GAGTGTT,0.534624943148194
GAGTTAA,0.542995646268147
GAGTTAC,0.547643052689382
GAGTTAG,0.546666444607543
GAGTTAT,0.562659771271024
GAGTTCA,0.560493866595183
GAGTTCC,0.530164863603354
GAGTTCG,0.565540366100184
GAGTTCT,0.599011882754521
GAGTTGA,0.553725338998419
GAGTTGC,0.558081791054386
GAGTTGG,0.55928855608816
GAGTTGT,0.536600833417566
GAGTTTA,0.566977557793659
GAGTTTC,0.52817620285971
GAGTTTG,0.522436674843258
GAGTTTT,0.537833785197073
GATAAAA,0.535366359591164
GATAAAC,0.545933362129139
GATAAAG,0.548618707938343
GATAAAT,0.542505186816431
GATAACA,0.572705757996379
GATAACC,0.5279273419663
GATAACG,0.550080408311853
GATAACT,0.54691068605787
GATAAGA,0.545933362129139
GATAAGC,0.54691068605787
GATAAGG,0.539557367784301
GATAAGT,0.543485865287306
GATAATA,0.545933362129139
GATAATC,0.54691068605787
GATAATG,0.56458108950922
GATAATT,0.544710362488134
GATACAA,0.563620891823023
GATACAC,0.561697726077547
GATACAG,0.540540939959579
GATACAT,0.547154867868876
GATACCA,0.547643052689382
GATACCC,0.596923380176189
GATACCG,0.550810458065586
GATACCT,0.531901703507817
GATACGA,0.550810458065586
GATACGC,0.549106178831164
GATACGG,0.548862473088238
GATACGT,0.547154867868876
GATACTA,0.57222965923393
GATACTC,0.548130999301753
GATACTG,0.548618707938343
GATACTT,0.543240785817062
GATAGAA,0.544220743520313
GATAGAC,0.544220743520313
GATAGAG,0.54617778267235
GATAGAT,0.547887055757054
GATAGCA,0.534872143045142
GATAGCC,0.546422143488757
GATAGCG,0.547887055757054
GATAGCT,0.546422143488757
GATAGGA,0.548374883352512
GATAGGC,0.567216889056327
GATAGGG,0.542995646268147
GATAGGT,0.549106178831164
GATAGTA,0.550080408311853
GATAGTC,0.547154867868876
GATAGTG,0.544955082103854
GATAGTT,0.54373088470832
GATATAA,0.54617778267235
GATATAC,0.548130999301753
GATATAG,0.54568888182992
GATATAT,0.54568888182992
GATATCA,0.543975844109523
GATATCC,0.547887055757054
GATATCG,0.550080408311853
GATATCT,0.548862473088238
GATATGA,0.546422143488757
GATATGC,0.546666444607543
GATATGG,0.54691068605787
GATATGT,0.547643052689382
GATATTA,0.546666444607543
GATATTC,0.544955082103854
GATATTG,0.540295137595975
GATATTT,0.565060842831145
GATCAAA,0.541032363504604
GATCAAC,0.549106178831164
GATCAAG,0.539803351538071
GATCAAT,0.550323817453749
GATCACA,0.547643052689382
GATCACC,0.534624943148194
GATCACG,0.547154867868876
GATCACT,0.53881905326644
GATCAGA,0.530164863603354
GATCAGC,0.534377682128348
GATCAGG,0.533140459126653
GATCAGT,0.566019659536863
GATCATA,0.547398990069681
GATCATC,0.538080193237468
GATCATG,0.529419579197413
GATCATT,0.537340786890677
GATCCAA,0.545933362129139
GATCCAC,0.522436674843258
GATCCAG,0.534130359955369
GATCCAT,0.565540366100184
GATCCCA,0.550810458065586
GATCCCC,0.565300633208485
GATCCCG,0.660593176201644
GATCCCT,0.535613376300595
GATCCGA,0.536354060536236
GATCCGC,0.562178864365651
GATCCGG,0.572705757996379
GATCCGT,0.548374883352512
GATCCTA,0.544955082103854
GATCCTC,0.515908595954072
GATCCTG,0.605481691541534
GATCCTT,0.538326540575898
GATCGAA,0.54568888182992
GATCGAC,0.571515085813964
GATCGAG,0.544710362488134
GATCGAT,0.574845401829444
GATCGCA,0.533635532028962
GATCGCC,0.591799713204015
GATCGCG,0.545933362129139
GATCGCT,0.593199682444231
GATCGGA,0.549349825196072
GATCGGC,0.572705757996379
GATCGGG,0.545444341745468
GATCGGT,0.54617778267235
GATCGTA,0.549836939907521
GATCGTC,0.572943722403313
GATCGTG,0.544955082103854
GATCGTT,0.571991524824455
GATCTAA,0.56912947988968
GATCTAC,0.589462066945777
GATCTAG,0.549836939907521
GATCTAT,0.548130999301753
GATCTCA,0.533635532028962
GATCTCC,0.533388026214955
GATCTCG,0.586414934260225
GATCTCT,0.583122989536624
GATCTGA,0.587822457041308
GATCTGC,0.562900138024713
GATCTGG,0.606402542376409
GATCTGT,0.542505186816431
GATCTTA,0.54691068605787
GATCTTC,0.54568888182992
GATCTTG,0.591566194331503
GATCTTT,0.555663883334684
GATGAAA,0.606862650001587
GATGAAC,0.558081791054386
GATGAAG,0.729646944177355
GATGAAT,0.537094196564764
GATGACA,0.628477443269131
GATGACC,0.613282026729814
GATGACG,0.572467736948908
GATGACT,0.603868159338994
GATGAGA,0.57911100405258
GATGAGC,0.58218044001227
GATGAGG,0.593199682444231
GATGAGT,0.542014486696199
GATGATA,0.615336676951346
GATGATC,0.566019659536863
GATGATG,0.655786324607478
GATGATT,0.584064651497879
GATGCAA,0.569607056581024
GATGCAC,0.566977557793659
GATGCAG,0.597387868955443
GATGCAT,0.566977557793659
GATGCCA,0.595761213444788
GATGCCC,0.532397389912406
GATGCCG,0.568173641723396
GATGCCT,0.589930033569023
GATGCGA,0.572943722403313
GATGCGC,0.546422143488757
GATGCGG,0.612824863922
GATGCGT,0.548130999301753
GATGCTA,0.546666444607543
GATGCTC,0.561938324158355
GATGCTG,0.599938707863548
GATGCTT,0.588291191396686
GATGGAA,0.580764947880173
GATGGAC,0.565780041533798
GATGGAG,0.631174795947141
GATGGAT,0.545444341745468
GATGGCA,0.570084405301741
GATGGCC,0.580764947880173
GATGGCG,0.588291191396686
GATGGCT,0.561938324158355
GATGGGA,0.5216856062534
GATGGGC,0.683861016172784
GATGGGG,0.578874502895948
GATGGGT,0.57911100405258
GATGGTA,0.536354060536236
GATGGTC,0.536847545417064
GATGGTG,0.708679269230917
GATGGTT,0.609389464770023
GATGTAA,0.54373088470832
GATGTAC,0.569845759424107
GATGTAG,0.545444341745468
GATGTAT,0.587822457041308
GATGTCA,0.558564671835767
GATGTCC,0.535119281849402
GATGTCG,0.546422143488757
GATGTCT,0.588056851682984
GATGTGA,0.540786681919229
GATGTGC,0.560493866595183
GATGTGG,0.598084197843763
GATGTGT,0.549106178831164
GATGTTA,0.54373088470832
GATGTTC,0.536600833417566
GATGTTG,0.586649659011245
GATGTTT,0.533140459126653
GATTAAA,0.562178864365651
GATTAAC,0.548618707938343
GATTAAG,0.544710362488134
GATTAAT,0.567456163053246
GATTACA,0.46474534245393
GATTACC,0.543975844109523
GATTACG,0.572705757996379
GATTACT,0.546422143488757
GATTAGA,0.542014486696199
GATTAGC,0.568890605986957
GATTAGG,0.546666444607543
GATTAGT,0.546422143488757
GATTATA,0.541032363504604
GATTATC,0.546666444607543
GATTATG,0.544465582970065
GATTATT,0.54373088470832
GATTCAA,0.538326540575898
GATTCAC,0.534377682128348
GATTCAG,0.565780041533798
GATTCAT,0.54568888182992
GATTCCA,0.555663883334684
GATTCCC,0.567695379811815
GATTCCG,0.540786681919229
GATTCCT,0.561457070095372
GATTCGA,0.550080408311853
GATTCGC,0.549836939907521
GATTCGG,0.57222965923393
GATTCGT,0.545933362129139
GATTCTA,0.531405771276359
GATTCTC,0.523937121826358
GATTCTG,0.542995646268147
GATTCTT,0.535613376300595
GATTGAA,0.545199741846535
GATTGAC,0.567934539359412
GATTGAG,0.559529734439456
GATTGAT,0.564341126509425
GATTGCA,0.542259866854641
GATTGCC,0.618297071915377
GATTGCG,0.537094196564764
GATTGCT,0.542505186816431
GATTGGA,0.54373088470832
GATTGGC,0.588759706143102
GATTGGG,0.554937369522638
GATTGGT,0.549349825196072
GATTGTA,0.568412686931105
GATTGTC,0.538080193237468
GATTGTG,0.537833785197073
GATTGTT,0.546422143488757
GATTTAA,0.557115329406598
GATTTAC,0.539557367784301
GATTTAG,0.541769046311556
GATTTAT,0.544710362488134
GATTTCA,0.602944970676565
GATTTCC,0.549836939907521
GATTTCG,0.544465582970065
GATTTCT,0.605251346277056
GATTTGA,0.524186977589027
GATTTGC,0.541277984745362
GATTTGG,0.610306725797169
GATTTGT,0.593898932781932
GATTTTA,0.535119281849402
GATTTTC,0.538326540575898
GATTTTG,0.55735703239966
GATTTTT,0.5216856062534
GCAAAAA,0.538572827242263
GCAAAAC,0.529419579197413
GCAAAAG,0.53610722674302
GCAAAAT,0.591566194331503
GCAAACA,0.557115329406598
GCAAACC,0.56649872336139
GCAAACG,0.54691068605787
GCAAACT,0.543975844109523
GCAAAGA,0.531653768135685
GCAAAGC,0.559529734439456
GCAAAGG,0.552997414927933
GCAAAGT,0.543240785817062
GCAAATA,0.542014486696199
GCAAATC,0.534872143045142
GCAAATG,0.567216889056327
GCAAATT,0.568173641723396
GCAACAA,0.54373088470832
GCAACAC,0.541769046311556
GCAACAG,0.530413168356677
GCAACAT,0.540049274798713
GCAACCA,0.537094196564764
GCAACCC,0.557598676986502
GCAACCG,0.545444341745468
GCAACCT,0.539065218678287
GCAACGA,0.540049274798713
GCAACGC,0.549106178831164
GCAACGG,0.546666444607543
GCAACGT,0.545444341745468
GCAACTA,0.547398990069681
GCAACTC,0.571038419701138
GCAACTG,0.544220743520313
GCAACTT,0.541277984745362
GCAAGAA,0.562659771271024
GCAAGAC,0.525934222127104
GCAAGAG,0.533388026214955
GCAAGAT,0.563861027693991
GCAAGCA,0.564341126509425
GCAAGCC,0.577691157392573
GCAAGCG,0.538572827242263
GCAAGCT,0.579583838633565
GCAAGGA,0.697188033814866
GCAAGGC,0.586649659011245
GCAAGGG,0.545444341745468
GCAAGGT,0.533882976599
GCAAGTA,0.593199682444231
GCAAGTC,0.538572827242263
GCAAGTG,0.581472944398448
GCAAGTT,0.567934539359412
GCAATAA,0.544955082103854
GCAATAC,0.544220743520313
GCAATAG,0.545444341745468
GCAATAT,0.547887055757054
GCAATCA,0.546422143488757
GCAATCC,0.543240785817062
GCAATCG,0.550810458065586
GCAATCT,0.570800001413671
GCAATGA,0.628252335116957
GCAATGC,0.548130999301753
GCAATGG,0.560493866595183
GCAATGT,0.540786681919229
GCAATTA,0.546666444607543
GCAATTC,0.523437222939288
GCAATTG,0.544220743520313
GCAATTT,0.546422143488757
GCACAAA,0.570561526269369
GCACAAC,0.541277984745362
GCACAAG,0.535119281849402
GCACAAT,0.564341126509425
GCACACA,0.513133835802823
GCACACC,0.531901703507817
GCACACG,0.568651675009859
GCACACT,0.543975844109523
GCACAGA,0.523687203620185
GCACAGC,0.546666444607543
GCACAGG,0.572705757996379
GCACAGT,0.584535150164402
GCACATA,0.540295137595975
GCACATC,0.537587316424791
GCACATG,0.530661411470054
GCACATT,0.563861027693991
GCACCAA,0.56458108950922
GCACCAC,0.581472944398448
GCACCAG,0.523437222939288
GCACCAT,0.553240115164351
GCACCCA,0.567695379811815
GCACCCC,0.578401332718122
GCACCCG,0.577217426826797
GCACCCT,0.650515999312736
GCACCGA,0.588993881227237
GCACCGC,0.640336238294413
GCACCGG,0.607552414747027
GCACCGT,0.563380698272967
GCACCTA,0.558081791054386
GCACCTC,0.575320257162669
GCACCTG,0.508069006890478
GCACCTT,0.540295137595975
GCACGAA,0.542750446611098
GCACGAC,0.542014486696199
GCACGAG,0.589462066945777
GCACGAT,0.559770854637779
GCACGCA,0.542750446611098
GCACGCC,0.557115329406598
GCACGCG,0.571991524824455
GCACGCT,0.592033177558194
GCACGGA,0.569845759424107
GCACGGC,0.659502737077155
GCACGGG,0.625772795196965
GCACGGT,0.560493866595183
GCACGTA,0.541769046311556
GCACGTC,0.566738169237826
GCACGTG,0.517167309833298
GCACGTT,0.568412686931105
GCACTAA,0.543485865287306
GCACTAC,0.549836939907521
GCACTAG,0.543485865287306
GCACTAT,0.549106178831164
GCACTCA,0.53610722674302
GCACTCC,0.561697726077547
GCACTCG,0.590631573148494
GCACTCT,0.544710362488134
GCACTGA,0.594597694510238
GCACTGC,0.590397781301938
GCACTGG,0.592499942813337
GCACTGT,0.534130359955369
GCACTTA,0.537094196564764
GCACTTC,0.544465582970065
GCACTTG,0.556147932807025
GCACTTT,0.522937074028329
GCAGAAA,0.547398990069681
GCAGAAC,0.593898932781932
GCAGAAG,0.641669924763168
GCAGAAT,0.558081791054386
GCAGACA,0.594830506624456
GCAGACC,0.571753333693476
GCAGACG,0.540540939959579
GCAGACT,0.562659771271024
GCAGAGA,0.529668069054375
GCAGAGC,0.683008829789842
GCAGAGG,0.60824170404499
GCAGAGT,0.557115329406598
GCAGATA,0.544220743520313
GCAGATC,0.54691068605787
GCAGATG,0.589462066945777
GCAGATT,0.612824863922
GCAGCAA,0.607092624451385
GCAGCAC,0.527678419125729
GCAGCAG,0.571991524824455
GCAGCAT,0.541277984745362
GCAGCCA,0.607782230641472
GCAGCCC,0.648532444158657
GCAGCCG,0.698867715202113
GCAGCCT,0.508576645704089
GCAGCGA,0.640336238294413
GCAGCGC,0.671648260036219
GCAGCGG,0.709094654340959
GCAGCGT,0.584064651497879
GCAGCTA,0.568412686931105
GCAGCTC,0.594830506624456
GCAGCTG,0.631847998817963
GCAGCTT,0.566019659536863
GCAGGAA,0.58618015440056
GCAGGAC,0.640780998115453
GCAGGAG,0.675306294913318
GCAGGAT,0.539557367784301
GCAGGCA,0.531901703507817
GCAGGCC,0.74719016010575
GCAGGCG,0.566019659536863
GCAGGCT,0.568173641723396
GCAGGGA,0.606402542376409
GCAGGGC,0.703472344265147
GCAGGGG,0.608930518550468
GCAGGGT,0.66884188245863
GCAGGTA,0.542259866854641
GCAGGTC,0.568890605986957
GCAGGTG,0.68577578442777
GCAGGTT,0.585475483910779
GCAGTAA,0.544955082103854
GCAGTAC,0.657536945208879
GCAGTAG,0.530164863603354
GCAGTAT,0.570322994241107
GCAGTCA,0.540295137595975
GCAGTCC,0.56649872336139
GCAGTCG,0.574132695772508
GCAGTCT,0.563861027693991
GCAGTGA,0.499399484317814
GCAGTGC,0.615564711046558
GCAGTGG,0.494006987195118
GCAGTGT,0.609618858917098
GCAGTTA,0.542259866854641
GCAGTTC,0.561216356183953
GCAGTTG,0.556873567979075
GCAGTTT,0.548130999301753
GCATAAA,0.569845759424107
GCATAAC,0.574132695772508
GCATAAG,0.543240785817062
GCATAAT,0.545444341745468
GCATACA,0.54373088470832
GCATACC,0.566977557793659
GCATACG,0.549106178831164
GCATACT,0.547643052689382
GCATAGA,0.548618707938343
GCATAGC,0.537340786890677
GCATAGG,0.574132695772508
GCATAGT,0.571991524824455
GCATATA,0.57222965923393
GCATATC,0.547887055757054
GCATATG,0.568173641723396
GCATATT,0.542505186816431
GCATCAA,0.563380698272967
GCATCAC,0.545933362129139
GCATCAG,0.537833785197073
GCATCAT,0.567934539359412
GCATCCA,0.557598676986502
GCATCCC,0.607552414747027
GCATCCG,0.536847545417064
GCATCCT,0.546422143488757
GCATCGA,0.592033177558194
GCATCGC,0.593665903659702
GCATCGG,0.613738980635293
GCATCGT,0.53881905326644
GCATCTA,0.542750446611098
GCATCTC,0.601558587693268
GCATCTG,0.530164863603354
GCATCTT,0.613967379309302
GCATGAA,0.535366359591164
GCATGAC,0.545444341745468
GCATGAG,0.561216356183953
GCATGAT,0.544955082103854
GCATGCA,0.563861027693991
GCATGCC,0.559529734439456
GCATGCG,0.570084405301741
GCATGCT,0.535613376300595
GCATGGA,0.555905937358841
GCATGGC,0.627576706458564
GCATGGG,0.531157712899333
GCATGGT,0.523687203620185
GCATGTA,0.546666444607543
GCATGTC,0.533635532028962
GCATGTG,0.568412686931105
GCATGTT,0.527429434307149
GCATTAA,0.541032363504604
GCATTAC,0.550080408311853
GCATTAG,0.541277984745362
GCATTAT,0.54568888182992
GCATTCA,0.538572827242263
GCATTCC,0.532645141005759
GCATTCG,0.549106178831164
GCATTCT,0.568890605986957
GCATTGA,0.562419346727269
GCATTGC,0.543240785817062
GCATTGG,0.564101105913567
GCATTGT,0.558081791054386
GCATTTA,0.586414934260225
GCATTTC,0.55928855608816
GCATTTG,0.519429009916496
GCATTTT,0.531157712899333
GCCAAAA,0.545444341745468
GCCAAAC,0.541277984745362
GCCAAAG,0.533635532028962
GCCAAAT,0.542995646268147
GCCAACA,0.547154867868876
GCCAACC,0.585475483910779
GCCAACG,0.560975584315396
GCCAACT,0.565540366100184
GCCAAGA,0.5216856062534
GCCAAGC,0.568173641723396
GCCAAGG,0.634312539184134
GCCAAGT,0.609848200454566
GCCAATA,0.536600833417566
GCCAATC,0.543975844109523
GCCAATG,0.580292671570626
GCCAATT,0.542995646268147
GCCACAA,0.562900138024713
GCCACAC,0.551296861973523
GCCACAG,0.588759706143102
GCCACAT,0.532149577423238
GCCACCA,0.562659771271024
GCCACCC,0.550810458065586
GCCACCG,0.659502737077155
GCCACCT,0.560493866595183
GCCACGA,0.572705757996379
GCCACGC,0.560011916711166
GCCACGG,0.610535909650504
GCCACGT,0.540049274798713
GCCACTA,0.549836939907521
GCCACTC,0.532645141005759
GCCACTG,0.568890605986957
GCCACTT,0.604559991958769
GCCAGAA,0.533635532028962
GCCAGAC,0.528673738928325
GCCAGAG,0.540786681919229
GCCAGAT,0.540786681919229
GCCAGCA,0.560252920687636
GCCAGCC,0.605251346277056
GCCAGCG,0.585005427566031
GCCAGCT,0.568651675009859
GCCAGGA,0.656880821572231
GCCAGGC,0.643001834881157
GCCAGGG,0.65293501350338
GCCAGGT,0.635654278220478
GCCAGTA,0.56458108950922
GCCAGTC,0.531653768135685
GCCAGTG,0.65293501350338
GCCAGTT,0.541523545671142
GCCATAA,0.539311323507636
GCCATAC,0.592966490300319
GCCATAG,0.558323260591808
GCCATAT,0.544220743520313
GCCATCA,0.581472944398448
GCCATCC,0.561938324158355
GCCATCG,0.568173641723396
GCCATCT,0.583122989536624
GCCATGA,0.573657276050295
GCCATGC,0.648091119300064
GCCATGG,0.591799713204015
GCCATGT,0.525185776828227
GCCATTA,0.54568888182992
GCCATTC,0.55663174808883
GCCATTG,0.58618015440056
GCCATTT,0.534624943148194
GCCCAAA,0.53610722674302
GCCCAAC,0.605481691541534
GCCCAAG,0.576269291901257
GCCCAAT,0.543485865287306
GCCCACA,0.599011882754521
GCCCACC,0.57222965923393
GCCCACG,0.587588007445904
GCCCACT,0.50705295551706
GCCCAGA,0.613738980635293
GCCCAGC,0.635877726471886
GCCCAGG,0.725570139090259
GCCCAGT,0.663857377331081
GCCCATA,0.572467736948908
GCCCATC,0.588056851682984
GCCCATG,0.518675678111104
GCCCATT,0.539311323507636
GCCCCAA,0.580056449747667
GCCCCAC,0.513638910660364
GCCCCAG,0.628927507609448
GCCCCAT,0.594830506624456
GCCCCCA,0.611452120172321
GCCCCCC,0.58922800148624
GCCCCCG,0.526931278612457
GCCCCCT,0.659284506492715
GCCCCGA,0.581001002419431
GCCCCGC,0.556147932807025
GCCCCGG,0.664943080880591
GCCCCGT,0.547154867868876
GCCCCTA,0.552511837673372
GCCCCTC,0.534624943148194
GCCCCTG,0.734922064292243
GCCCCTT,0.506798781285406
GCCCGAA,0.594597694510238
GCCCGAC,0.563380698272967
GCCCGAG,0.576506409923444
GCCCGAT,0.593898932781932
GCCCGCA,0.559529734439456
GCCCGCC,0.516915693774396
GCCCGCG,0.649855251330652
GCCCGCT,0.601558587693268
GCCCGGA,0.609389464770023
GCCCGGC,0.757728484339354
GCCCGGG,0.710132362859163
GCCCGGT,0.541277984745362
GCCCGTA,0.547154867868876
GCCCGTC,0.562178864365651
GCCCGTG,0.57934744928964
GCCCGTT,0.565300633208485
GCCCTAA,0.534872143045142
GCCCTAC,0.602944970676565
GCCCTAG,0.560493866595183
GCCCTAT,0.542505186816431
GCCCTCA,0.590163934783973
GCCCTCC,0.660593176201644
GCCCTCG,0.569368296745289
GCCCTCT,0.539311323507636
GCCCTGA,0.529419579197413
GCCCTGC,0.74157758350513
GCCCTGG,0.744187340696657
GCCCTGT,0.595761213444788
GCCCTTA,0.54617778267235
GCCCTTC,0.587822457041308
GCCCTTG,0.571991524824455
GCCCTTT,0.512122920141077
GCCGAAA,0.542014486696199
GCCGAAC,0.550323817453749
GCCGAAG,0.590631573148494
GCCGAAT,0.544955082103854
GCCGACA,0.547154867868876
GCCGACC,0.567456163053246
GCCGACG,0.544955082103854
GCCGACT,0.541523545671142
GCCGAGA,0.576269291901257
GCCGAGC,0.75117994426283
GCCGAGG,0.718395491264939
GCCGAGT,0.547154867868876
GCCGATA,0.574607889578209
GCCGATC,0.566977557793659
GCCGATG,0.57389501416439
GCCGATT,0.571991524824455
GCCGCAA,0.597155651534544
GCCGCAC,0.593898932781932
GCCGCAG,0.650515999312736
GCCGCAT,0.572467736948908
GCCGCCA,0.644774959991142
GCCGCCC,0.751578048563084
GCCGCCG,0.719218061121549
GCCGCCT,0.574370320901502
GCCGCGA,0.631174795947141
GCCGCGC,0.661900135532241
GCCGCGG,0.709302282209597
GCCGCGT,0.655129050963391
GCCGCTA,0.594597694510238
GCCGCTC,0.528673738928325
GCCGCTG,0.625095488643541
GCCGCTT,0.543975844109523
GCCGGAA,0.546422143488757
GCCGGAC,0.609618858917098
GCCGGAG,0.618978997193577
GCCGGAT,0.570561526269369
GCCGGCA,0.536600833417566
GCCGGCC,0.698867715202113
GCCGGCG,0.768156909441515
GCCGGCT,0.584299928502264
GCCGGGA,0.747589855611018
GCCGGGC,0.86045868132451
GCCGGGG,0.686625617109093
GCCGGGT,0.629152463843175
GCCGGTA,0.569607056581024
GCCGGTC,0.56649872336139
GCCGGTG,0.601558587693268
GCCGGTT,0.549836939907521
GCCGTAA,0.547887055757054
GCCGTAC,0.547887055757054
GCCGTAG,0.571991524824455
GCCGTAT,0.550810458065586
GCCGTCA,0.549106178831164
GCCGTCC,0.56458108950922
GCCGTCG,0.544955082103854
GCCGTCT,0.538572827242263
GCCGTGA,0.533882976599
GCCGTGC,0.580056449747667
GCCGTGG,0.664726034450388
GCCGTGT,0.532892830733711
GCCGTTA,0.574845401829444
GCCGTTC,0.542750446611098
GCCGTTG,0.539557367784301
GCCGTTT,0.548130999301753
GCCTAAA,0.544710362488134
GCCTAAC,0.547398990069681
GCCTAAG,0.607322546025095
GCCTAAT,0.547154867868876
GCCTACA,0.567695379811815
GCCTACC,0.581237001250093
GCCTACG,0.540540939959579
GCCTACT,0.544710362488134
GCCTAGA,0.543240785817062
GCCTAGC,0.569845759424107
GCCTAGG,0.530413168356677
GCCTAGT,0.544220743520313
GCCTATA,0.530661411470054
GCCTATC,0.545933362129139
GCCTATG,0.587588007445904
GCCTATT,0.545199741846535
GCCTCAA,0.552997414927933
GCCTCAC,0.511870031465128
GCCTCAG,0.550080408311853
GCCTCAT,0.528425001836785
GCCTCCA,0.615108590844724
GCCTCCC,0.538572827242263
GCCTCCG,0.564820994940588
GCCTCCT,0.555905937358841
GCCTCGA,0.608700966429654
GCCTCGC,0.605481691541534
GCCTCGG,0.54691068605787
GCCTCGT,0.58922800148624
GCCTCTA,0.562659771271024
GCCTCTC,0.634088740881349
GCCTCTG,0.533388026214955
GCCTCTT,0.503488623777433
GCCTGAA,0.646544946692441
GCCTGAC,0.533140459126653
GCCTGAG,0.561697726077547
GCCTGAT,0.567216889056327
GCCTGCA,0.622608099070022
GCCTGCC,0.693187446626459
GCCTGCG,0.669490207437055
GCCTGCT,0.640113784182655
GCCTGGA,0.702636714494437
GCCTGGC,0.785427794936861
GCCTGGG,0.670353987419951
GCCTGGT,0.60571198375929
GCCTGTA,0.495807719172113
GCCTGTC,0.523187179752425
GCCTGTG,0.658847902398086
GCCTGTT,0.604790496510143
GCCTTAA,0.542259866854641
GCCTTAC,0.538572827242263
GCCTTAG,0.543485865287306
GCCTTAT,0.566738169237826
GCCTTCA,0.556147932807025
GCCTTCC,0.515404666446114
GCCTTCG,0.562900138024713
GCCTTCT,0.596923380176189
GCCTTGA,0.580528837606014
GCCTTGC,0.531653768135685
GCCTTGG,0.529171027577895
GCCTTGT,0.534872143045142
GCCTTTA,0.541523545671142
GCCTTTC,0.540295137595975
GCCTTTG,0.530661411470054
GCCTTTT,0.527678419125729
GCGAAAA,0.550080408311853
GCGAAAC,0.545444341745468
GCGAAAG,0.548374883352512
GCGAAAT,0.550567167362053
GCGAACA,0.548618707938343
GCGAACC,0.542995646268147
GCGAACG,0.548374883352512
GCGAACT,0.549836939907521
GCGAAGA,0.541032363504604
GCGAAGC,0.570800001413671
GCGAAGG,0.542750446611098
GCGAAGT,0.572943722403313
GCGAATA,0.548130999301753
GCGAATC,0.546666444607543
GCGAATG,0.569607056581024
GCGAATT,0.542750446611098
GCGACAA,0.567934539359412
GCGACAC,0.545444341745468
GCGACAG,0.541523545671142
GCGACAT,0.574845401829444
GCGACCA,0.572705757996379
GCGACCC,0.583829319125197
GCGACCG,0.636101124805327
GCGACCT,0.559770854637779
GCGACGA,0.571038419701138
GCGACGC,0.571753333693476
GCGACGG,0.54691068605787
GCGACGT,0.547643052689382
GCGACTA,0.550323817453749
GCGACTC,0.571038419701138
GCGACTG,0.614880452702961
GCGACTT,0.544955082103854
GCGAGAA,0.543240785817062
GCGAGAC,0.54568888182992
GCGAGAG,0.592266587419491
GCGAGAT,0.573181630196659
GCGAGCA,0.569845759424107
GCGAGCC,0.584770316510321
GCGAGCG,0.636771020520753
GCGAGCT,0.559529734439456
GCGAGGA,0.634312539184134
GCGAGGC,0.652495627763313
GCGAGGG,0.645881568756465
GCGAGGT,0.566977557793659
GCGAGTA,0.571991524824455
GCGAGTC,0.58922800148624
GCGAGTG,0.591566194331503
GCGAGTT,0.548374883352512
GCGATAA,0.549836939907521
GCGATAC,0.550323817453749
GCGATAG,0.547887055757054
GCGATAT,0.550810458065586
GCGATCA,0.544465582970065
GCGATCC,0.533635532028962
GCGATCG,0.549593412211889
GCGATCT,0.535613376300595
GCGATGA,0.542995646268147
GCGATGC,0.617614681297747
GCGATGG,0.568173641723396
GCGATGT,0.549106178831164
GCGATTA,0.550323817453749
GCGATTC,0.52892241416511
GCGATTG,0.548862473088238
GCGATTT,0.549836939907521
GCGCAAA,0.54691068605787
GCGCAAC,0.574845401829444
GCGCAAG,0.617159495383638
GCGCAAT,0.565300633208485
GCGCACA,0.569368296745289
GCGCACC,0.583593931358153
GCGCACG,0.565540366100184
GCGCACT,0.549593412211889
GCGCAGA,0.587822457041308
GCGCAGC,0.617614681297747
GCGCAGG,0.619887508132506
GCGCAGT,0.566977557793659
GCGCATA,0.571515085813964
GCGCATC,0.515908595954072
GCGCATG,0.543485865287306
GCGCATT,0.571991524824455
GCGCCAA,0.592733243765148
GCGCCAC,0.608011993732707
GCGCCAG,0.544710362488134
GCGCCAT,0.592266587419491
GCGCCCA,0.617387114239969
GCGCCCC,0.527180387479689
GCGCCCG,0.61190991083474
GCGCCCT,0.604559991958769
GCGCCGA,0.564101105913567
GCGCCGC,0.759309571971082
GCGCCGG,0.76560904206432
GCGCCGT,0.56458108950922
GCGCCTA,0.570800001413671
GCGCCTC,0.558806024814404
GCGCCTG,0.719629092455978
GCGCCTT,0.56649872336139
GCGCGAA,0.549836939907521
GCGCGAC,0.594364828181918
GCGCGAG,0.58618015440056
GCGCGAT,0.538572827242263
GCGCGCA,0.542505186816431
GCGCGCC,0.701800385862583
GCGCGCG,0.651396318033427
GCGCGCT,0.670569815885402
GCGCGGA,0.610306725797169
GCGCGGC,0.756144892910281
GCGCGGG,0.636547771807484
GCGCGGT,0.557115329406598
GCGCGTA,0.545933362129139
GCGCGTC,0.583829319125197
GCGCGTG,0.601096032578992
GCGCGTT,0.546422143488757
GCGCTAA,0.550567167362053
GCGCTAC,0.572943722403313
GCGCTAG,0.595295968311516
GCGCTAT,0.54691068605787
GCGCTCA,0.538080193237468
GCGCTCC,0.628252335116957
GCGCTCG,0.613738980635293
GCGCTCT,0.590631573148494
GCGCTGA,0.578401332718122
GCGCTGC,0.685137935626894
GCGCTGG,0.636771020520753
GCGCTGT,0.591566194331503
GCGCTTA,0.547887055757054
GCGCTTC,0.543485865287306
GCGCTTG,0.570322994241107
GCGCTTT,0.544465582970065
GCGGAAA,0.542750446611098
GCGGAAC,0.591332620915189
GCGGAAG,0.614195725829269
GCGGAAT,0.545933362129139
GCGGACA,0.567695379811815
GCGGACC,0.657755557456349
GCGGACG,0.569845759424107
GCGGACT,0.566259220136895
GCGGAGA,0.652715344765825
GCGGAGC,0.64388879043268
GCGGAGG,0.640113784182655
GCGGAGT,0.610994119841624
GCGGATA,0.547887055757054
GCGGATC,0.534624943148194
GCGGATG,0.656443166526667
GCGGATT,0.54691068605787
GCGGCAA,0.568412686931105
GCGGCAC,0.544710362488134
GCGGCAG,0.600633263408465
GCGGCAT,0.550323817453749
GCGGCCA,0.622381665645589
GCGGCCC,0.711790459912026
GCGGCCG,0.8601016538058
GCGGCCT,0.600864674763142
GCGGCGA,0.586649659011245
GCGGCGC,0.764627361931832
GCGGCGG,0.923235271400136
GCGGCGT,0.582416160693904
GCGGCTA,0.542505186816431
GCGGCTC,0.616704102180954
GCGGCTG,0.798045513102022
GCGGCTT,0.566738169237826
GCGGGAA,0.574845401829444
GCGGGAC,0.526682107674533
GCGGGAG,0.68258246411045
GCGGGAT,0.538080193237468
GCGGGCA,0.604559991958769
GCGGGCC,0.756541025932264
GCGGGCG,0.749984679555628
GCGGGCT,0.595295968311516
GCGGGGA,0.585475483910779
GCGGGGC,0.621928644922364
GCGGGGG,0.699496869060295
GCGGGGT,0.585710429251747
GCGGGTA,0.548130999301753
GCGGGTC,0.556389869707581
GCGGGTG,0.647649599587842
GCGGGTT,0.572705757996379
GCGGTAA,0.548130999301753
GCGGTAC,0.547398990069681
GCGGTAG,0.548862473088238
GCGGTAT,0.549106178831164
GCGGTCA,0.547643052689382
GCGGTCC,0.617159495383638
GCGGTCG,0.565300633208485
GCGGTCT,0.570561526269369
GCGGTGA,0.602020928949229
GCGGTGC,0.658411107597054
GCGGTGG,0.622381665645589
GCGGTGT,0.538572827242263
GCGGTTA,0.542259866854641
GCGGTTC,0.565540366100184
GCGGTTG,0.546666444607543
GCGGTTT,0.543240785817062
GCGTAAA,0.548374883352512
GCGTAAC,0.548130999301753
GCGTAAG,0.57389501416439
GCGTAAT,0.550810458065586
GCGTACA,0.549106178831164
GCGTACC,0.550567167362053
GCGTACG,0.572943722403313
GCGTACT,0.550567167362053
GCGTAGA,0.54691068605787
GCGTAGC,0.547398990069681
GCGTAGG,0.566738169237826
GCGTAGT,0.549106178831164
GCGTATA,0.548618707938343
GCGTATC,0.544220743520313
GCGTATG,0.550323817453749
GCGTATT,0.548618707938343
GCGTCAA,0.550323817453749
GCGTCAC,0.54617778267235
GCGTCAG,0.544955082103854
GCGTCAT,0.548862473088238
GCGTCCA,0.533882976599
GCGTCCC,0.618751740432715
GCGTCCG,0.542014486696199
GCGTCCT,0.555179599444978
GCGTCGA,0.548618707938343
GCGTCGC,0.571753333693476
GCGTCGG,0.616020623297602
GCGTCGT,0.54568888182992
GCGTCTA,0.549593412211889
GCGTCTC,0.588993881227237
GCGTCTG,0.565540366100184
GCGTCTT,0.54568888182992
GCGTGAA,0.587588007445904
GCGTGAC,0.565540366100184
GCGTGAG,0.540049274798713
GCGTGAT,0.542995646268147
GCGTGCA,0.533635532028962
GCGTGCC,0.536354060536236
GCGTGCG,0.629827029071794
GCGTGCT,0.585710429251747
GCGTGGA,0.647428766607837
GCGTGGC,0.592733243765148
GCGTGGG,0.542995646268147
GCGTGGT,0.599243669575915
GCGTGTA,0.544955082103854
GCGTGTC,0.532397389912406
GCGTGTG,0.542014486696199
GCGTGTT,0.567216889056327
GCGTTAA,0.549349825196072
GCGTTAC,0.546422143488757
GCGTTAG,0.548374883352512
GCGTTAT,0.573657276050295
GCGTTCA,0.548374883352512
GCGTTCC,0.564101105913567
GCGTTCG,0.550810458065586
GCGTTCT,0.571515085813964
GCGTTGA,0.547643052689382
GCGTTGC,0.546666444607543
GCGTTGG,0.566738169237826
GCGTTGT,0.547154867868876
GCGTTTA,0.549836939907521
GCGTTTC,0.537587316424791
GCGTTTG,0.533882976599
GCGTTTT,0.547643052689382
GCTAAAA,0.553725338998419
GCTAAAC,0.543240785817062
GCTAAAG,0.567216889056327
GCTAAAT,0.54568888182992
GCTAACA,0.542259866854641
GCTAACC,0.571038419701138
GCTAACG,0.549349825196072
GCTAACT,0.545933362129139
GCTAAGA,0.560734754461784
GCTAAGC,0.617159495383638
GCTAAGG,0.541769046311556
GCTAAGT,0.560252920687636
GCTAATA,0.547154867868876
GCTAATC,0.548862473088238
GCTAATG,0.547154867868876
GCTAATT,0.507561110248813
GCTACAA,0.593898932781932
GCTACAC,0.539557367784301
GCTACAG,0.564341126509425
GCTACAT,0.545933362129139
GCTACCA,0.539311323507636
GCTACCC,0.567695379811815
GCTACCG,0.548618707938343
GCTACCT,0.545933362129139
GCTACGA,0.550810458065586
GCTACGC,0.571276781158874
GCTACGG,0.54373088470832
GCTACGT,0.542505186816431
GCTACTA,0.54568888182992
GCTACTC,0.553240115164351
GCTACTG,0.537094196564764
GCTACTT,0.561938324158355
GCTAGAA,0.566738169237826
GCTAGAC,0.547398990069681
GCTAGAG,0.52643287463498
GCTAGAT,0.545933362129139
GCTAGCA,0.564341126509425
GCTAGCC,0.547887055757054
GCTAGCG,0.571753333693476
GCTAGCT,0.545933362129139
GCTAGGA,0.536354060536236
GCTAGGC,0.572467736948908
GCTAGGG,0.53586033200784
GCTAGGT,0.537587316424791
GCTAGTA,0.54617778267235
GCTAGTC,0.546666444607543
GCTAGTG,0.548374883352512
GCTAGTT,0.544220743520313
GCTATAA,0.54691068605787
GCTATAC,0.544220743520313
GCTATAG,0.550567167362053
GCTATAT,0.549349825196072
GCTATCA,0.570561526269369
GCTATCC,0.574132695772508
GCTATCG,0.550080408311853
GCTATCT,0.574132695772508
GCTATGA,0.546422143488757
GCTATGC,0.537587316424791
GCTATGG,0.571515085813964
GCTATGT,0.570800001413671
GCTATTA,0.540540939959579
GCTATTC,0.549349825196072
GCTATTG,0.541032363504604
GCTATTT,0.534624943148194
GCTCAAA,0.542750446611098
GCTCAAC,0.560975584315396
GCTCAAG,0.515404666446114
GCTCAAT,0.562178864365651
GCTCACA,0.566977557793659
GCTCACC,0.577691157392573
GCTCACG,0.574370320901502
GCTCACT,0.506544542432787
GCTCAGA,0.585475483910779
GCTCAGC,0.558564671835767
GCTCAGG,0.533882976599
GCTCAGT,0.545933362129139
GCTCATA,0.568890605986957
GCTCATC,0.55663174808883
GCTCATG,0.561216356183953
GCTCATT,0.585710429251747
GCTCCAA,0.584299928502264
GCTCCAC,0.525684802596787
GCTCCAG,0.578874502895948
GCTCCAT,0.562659771271024
GCTCCCA,0.525934222127104
GCTCCCC,0.532892830733711
GCTCCCG,0.624869617810878
GCTCCCT,0.548862473088237
GCTCCGA,0.562178864365651
GCTCCGC,0.642114091941054
GCTCCGG,0.617387114239969
GCTCCGT,0.591332620915189
GCTCCTA,0.535366359591164
GCTCCTC,0.589930033569023
GCTCCTG,0.614195725829269
GCTCCTT,0.511110981494617
GCTCGAA,0.548862473088238
GCTCGAC,0.542750446611098
GCTCGAG,0.568651675009859
GCTCGAT,0.574370320901502
GCTCGCA,0.532645141005759
GCTCGCC,0.580056449747667
GCTCGCG,0.61465226250231
GCTCGCT,0.560252920687636
GCTCGGA,0.570800001413671
GCTCGGC,0.607092624451385
GCTCGGG,0.554937369522638
GCTCGGT,0.538326540575898
GCTCGTA,0.569607056581024
GCTCGTC,0.567456163053246
GCTCGTG,0.540540939959579
GCTCGTT,0.563140447016109
GCTCTAA,0.54617778267235
GCTCTAC,0.531653768135685
GCTCTAG,0.538080193237468
GCTCTAT,0.546666444607543
GCTCTCA,0.559047319555836
GCTCTCC,0.640113784182655
GCTCTCG,0.552268960597983
GCTCTCT,0.583122989536624
GCTCTGA,0.571753333693476
GCTCTGC,0.631399247263637
GCTCTGG,0.586649659011245
GCTCTGT,0.500679137524119
GCTCTTA,0.543485865287306
GCTCTTC,0.599938707863548
GCTCTTG,0.577454320162266
GCTCTTT,0.543975844109523
GCTGAAA,0.561216356183953
GCTGAAC,0.540540939959579
GCTGAAG,0.649634904948131
GCTGAAT,0.570084405301741
GCTGACA,0.529171027577895
GCTGACC,0.552754655773811
GCTGACG,0.541523545671142
GCTGACT,0.554452733580856
GCTGAGA,0.531653768135685
GCTGAGC,0.634312539184134
GCTGAGG,0.635654278220478
GCTGAGT,0.661900135532241
GCTGATA,0.544710362488134
GCTGATC,0.568173641723396
GCTGATG,0.640780998115453
GCTGATT,0.557840263195344
GCTGCAA,0.583122989536624
GCTGCAC,0.624191699045668
GCTGCAG,0.746990252428461
GCTGCAT,0.526682107674533
GCTGCCA,0.700753990516682
GCTGCCC,0.694031006565366
GCTGCCG,0.64122556021313
GCTGCCT,0.615792693154077
GCTGCGA,0.559047319555836
GCTGCGC,0.684499679715236
GCTGCGG,0.731476098044379
GCTGCGT,0.581708831890764
GCTGCTA,0.569368296745289
GCTGCTC,0.599475402684629
GCTGCTG,1
GCTGCTT,0.507561110248813
GCTGGAA,0.607552414747027
GCTGGAC,0.584770316510321
GCTGGAG,0.645217750458061
GCTGGAT,0.551783029407716
GCTGGCA,0.64919406647199
GCTGGCC,0.700544579990125
GCTGGCG,0.64388879043268
GCTGGCT,0.661464672188104
GCTGGGA,0.445201491958807
GCTGGGC,0.629377369482975
GCTGGGG,0.582887435429914
GCTGGGT,0.529171027577895
GCTGGTA,0.558564671835767
GCTGGTC,0.56649872336139
GCTGGTG,0.67702310384407
GCTGGTT,0.510604627904712
GCTGTAA,0.542505186816431
GCTGTAC,0.537587316424791
GCTGTAG,0.562659771271024
GCTGTAT,0.566738169237826
GCTGTCA,0.52892241416511
GCTGTCC,0.571753333693476
GCTGTCG,0.61122314622751
GCTGTCT,0.537340786890677
GCTGTGA,0.616020623297602
GCTGTGC,0.631399247263637
GCTGTGG,0.638555218253964
GCTGTGT,0.559770854637779
GCTGTTA,0.535366359591164
GCTGTTC,0.587118943290794
GCTGTTG,0.607092624451385
GCTGTTT,0.533635532028962
GCTTAAA,0.530413168356677
GCTTAAC,0.548618707938343
GCTTAAG,0.545444341745468
GCTTAAT,0.547398990069681
GCTTACA,0.54373088470832
GCTTACC,0.571038419701138
GCTTACG,0.546422143488757
GCTTACT,0.541032363504604
GCTTAGA,0.535119281849402
GCTTAGC,0.542750446611098
GCTTAGG,0.565780041533798
GCTTAGT,0.544465582970065
GCTTATA,0.547398990069681
GCTTATC,0.568412686931105
GCTTATG,0.54373088470832
GCTTATT,0.534377682128348
GCTTCAA,0.560493866595183
GCTTCAC,0.552754655773811
GCTTCAG,0.553725338998419
GCTTCAT,0.563140447016109
GCTTCCA,0.529668069054375
GCTTCCC,0.559047319555836
GCTTCCG,0.587822457041308
GCTTCCT,0.554452733580856
GCTTCGA,0.569607056581024
GCTTCGC,0.550567167362053
GCTTCGG,0.56649872336139
GCTTCGT,0.570084405301741
GCTTCTA,0.54373088470832
GCTTCTC,0.570561526269369
GCTTCTG,0.555421770706192
GCTTCTT,0.560493866595183
GCTTGAA,0.529171027577895
GCTTGAC,0.544220743520313
GCTTGAG,0.533635532028962
GCTTGAT,0.538080193237468
GCTTGCA,0.532149577423238
GCTTGCC,0.61190991083474
GCTTGCG,0.571276781158874
GCTTGCT,0.549106178831164
GCTTGGA,0.537340786890677
GCTTGGC,0.549349825196072
GCTTGGG,0.500167472726301
GCTTGGT,0.556147932807025
GCTTGTA,0.544955082103854
GCTTGTC,0.589462066945777
GCTTGTG,0.554937369522638
GCTTGTT,0.53881905326644
GCTTTAA,0.560975584315396
GCTTTAC,0.544220743520313
GCTTTAG,0.531405771276359
GCTTTAT,0.54691068605787
GCTTTCA,0.527180387479689
GCTTTCC,0.644110406454714
GCTTTCG,0.550810458065586
GCTTTCT,0.582416160693904
GCTTTGA,0.562178864365651
GCTTTGC,0.528425001836785
GCTTTGG,0.52817620285971
GCTTTGT,0.569368296745289
GCTTTTA,0.541277984745362
GCTTTTC,0.530413168356677
GCTTTTG,0.5216856062534
GCTTTTT,0.553967862653191
GGAAAAA,0.529419579197413
GGAAAAC,0.565060842831145
GGAAAAG,0.577454320162266
GGAAAAT,0.539557367784301
GGAAACA,0.537094196564764
GGAAACC,0.553482756511656
GGAAACG,0.662335409330591
GGAAACT,0.526183579462832
GGAAAGA,0.546422143488757
GGAAAGC,0.559529734439456
GGAAAGG,0.599011882754521
GGAAAGT,0.537587316424791
GGAAATA,0.547887055757054
GGAAATC,0.564341126509425
GGAAATG,0.516915693774396
GGAAATT,0.542259866854641
GGAACAA,0.586884328679486
GGAACAC,0.565300633208485
GGAACAG,0.606402542376409
GGAACAT,0.538572827242263
GGAACCA,0.695505526350483
GGAACCC,0.534872143045142
GGAACCG,0.544220743520313
GGAACCT,0.544220743520313
GGAACGA,0.540049274798713
GGAACGC,0.547154867868876
GGAACGG,0.588291191396686
GGAACGT,0.547643052689382
GGAACTA,0.543975844109523
GGAACTC,0.539065218678287
GGAACTG,0.618069660111905
GGAACTT,0.57911100405258
GGAAGAA,0.581472944398448
GGAAGAC,0.579820172110774
GGAAGAG,0.539803351538071
GGAAGAT,0.587588007445904
GGAAGCA,0.557598676986502
GGAAGCC,0.642336101570216
GGAAGCG,0.63810946717205
GGAAGCT,0.562659771271024
GGAAGGA,0.516412271644981
GGAAGGC,0.60824170404499
GGAAGGG,0.597387868955443
GGAAGGT,0.572467736948908
GGAAGTA,0.535119281849402
GGAAGTC,0.531405771276359
GGAAGTG,0.523187179752425
GGAAGTT,0.540540939959579
GGAATAA,0.545199741846535
GGAATAC,0.544465582970065
GGAATAG,0.571038419701138
GGAATAT,0.533635532028962
GGAATCA,0.538572827242263
GGAATCC,0.569845759424107
GGAATCG,0.546666444607543
GGAATCT,0.542014486696199
GGAATGA,0.527180387479689
GGAATGC,0.559529734439456
GGAATGG,0.560011916711166
GGAATGT,0.513638910660364
GGAATTA,0.526682107674533
GGAATTC,0.523187179752425
GGAATTG,0.543240785817062
GGAATTT,0.567934539359412
GGACAAA,0.53610722674302
GGACAAC,0.543485865287306
GGACAAG,0.647207884849854
GGACAAT,0.562900138024713
GGACACA,0.528425001836785
GGACACC,0.626449643316704
GGACACG,0.541769046311556
GGACACT,0.528673738928325
GGACAGA,0.633193046476878
GGACAGC,0.610765040990636
GGACAGG,0.592266587419491
GGACAGT,0.530661411470054
GGACATA,0.540540939959579
GGACATC,0.533882976599
GGACATG,0.580056449747667
GGACATT,0.540049274798713
GGACCAA,0.52493617052785
GGACCAC,0.555905937358841
GGACCAG,0.658192638629561
GGACCAT,0.588759706143102
GGACCCA,0.597852142085034
GGACCCC,0.74137655056304
GGACCCG,0.674661730917473
GGACCCT,0.542995646268147
GGACCGA,0.593898932781932
GGACCGC,0.561216356183953
GGACCGG,0.699287195086112
GGACCGT,0.542505186816431
GGACCTA,0.544710362488134
GGACCTC,0.576506409923444
GGACCTG,0.670138112362518
GGACCTT,0.528673738928325
GGACGAA,0.589696077631495
GGACGAC,0.572943722403313
GGACGAG,0.698028227174644
GGACGAT,0.550080408311853
GGACGCA,0.545933362129139
GGACGCC,0.559770854637779
GGACGCG,0.581472944398448
GGACGCT,0.541032363504604
GGACGGA,0.538326540575898
GGACGGC,0.718806860770887
GGACGGG,0.627126033622918
GGACGGT,0.542259866854641
GGACGTA,0.548130999301753
GGACGTC,0.569368296745289
GGACGTG,0.582651825824393
GGACGTT,0.547643052689382
GGACTAA,0.545933362129139
GGACTAC,0.535613376300595
GGACTAG,0.537340786890677
GGACTAT,0.544465582970065
GGACTCA,0.546666444607543
GGACTCC,0.575082857682005
GGACTCG,0.543485865287306
GGACTCT,0.520683303165441
GGACTGA,0.580528837606014
GGACTGC,0.583829319125197
GGACTGG,0.592499942813337
GGACTGT,0.613282026729814
GGACTTA,0.561457070095372
GGACTTC,0.564820994940588
GGACTTG,0.527678419125729
GGACTTT,0.54691068605787
GGAGAAA,0.501446144178857
GGAGAAC,0.544710362488134
GGAGAAG,0.645217750458061
GGAGAAT,0.530661411470054
GGAGACA,0.618297071915377
GGAGACC,0.652275862474631
GGAGACG,0.571753333693476
GGAGACT,0.55105368959315
GGAGAGA,0.581944663753294
GGAGAGC,0.680875181187377
GGAGAGG,0.626675157589689
GGAGAGT,0.545444341745468
GGAGATA,0.560493866595183
GGAGATC,0.657318285159645
GGAGATG,0.714272461949151
GGAGATT,0.557598676986502
GGAGCAA,0.555905937358841
GGAGCAC,0.549349825196072
GGAGCAG,0.805427283879405
GGAGCAT,0.533140459126653
GGAGCCA,0.637663517307499
GGAGCCC,0.638778019306795
GGAGCCG,0.636101124805327
GGAGCCT,0.591332620915189
GGAGCGA,0.569607056581024
GGAGCGC,0.711790459912026
GGAGCGG,0.707224061048561
GGAGCGT,0.532149577423238
GGAGCTA,0.545933362129139
GGAGCTC,0.656443166526667
GGAGCTG,0.873227508276251
GGAGCTT,0.541277984745362
GGAGGAA,0.533140459126653
GGAGGAC,0.677666148068296
GGAGGAG,0.841540251950126
GGAGGAT,0.570561526269369
GGAGGCA,0.585945319406368
GGAGGCC,0.702427697900357
GGAGGCG,0.644774959991142
GGAGGCT,0.462090574061384
GGAGGGA,0.571038419701138
GGAGGGC,0.565300633208485
GGAGGGG,0.558323260591808
GGAGGGT,0.514143730546069
GGAGGTA,0.55663174808883
GGAGGTC,0.56912947988968
GGAGGTG,0.690440951994725
GGAGGTT,0.552754655773811
GGAGTAA,0.545933362129139
GGAGTAC,0.53881905326644
GGAGTAG,0.534377682128348
GGAGTAT,0.615564711046558
GGAGTCA,0.538572827242263
GGAGTCC,0.596458675546845
GGAGTCG,0.530909592974082
GGAGTCT,0.503233541852241
GGAGTGA,0.633417045301892
GGAGTGC,0.596226242225679
GGAGTGG,0.522436674843258
GGAGTGT,0.59878004219554
GGAGTTA,0.540786681919229
GGAGTTC,0.565300633208485
GGAGTTG,0.583829319125197
GGAGTTT,0.548130999301753
GGATAAA,0.543240785817062
GGATAAC,0.540540939959579
GGATAAG,0.546422143488757
GGATAAT,0.564820994940588
GGATACA,0.528425001836785
GGATACC,0.542750446611098
GGATACG,0.549593412211889
GGATACT,0.549349825196072
GGATAGA,0.548130999301753
GGATAGC,0.539065218678287
GGATAGG,0.596226242225679
GGATAGT,0.543975844109523
GGATATA,0.547398990069681
GGATATC,0.546422143488757
GGATATG,0.547154867868876
GGATATT,0.539557367784301
GGATCAA,0.536600833417566
GGATCAC,0.547398990069681
GGATCAG,0.552997414927933
GGATCAT,0.534130359955369
GGATCCA,0.541032363504604
GGATCCC,0.604098823397714
GGATCCG,0.571276781158874
GGATCCT,0.559047319555836
GGATCGA,0.548374883352512
GGATCGC,0.533388026214955
GGATCGG,0.542505186816431
GGATCGT,0.550080408311853
GGATCTA,0.544220743520313
GGATCTC,0.587118943290794
GGATCTG,0.587588007445904
GGATCTT,0.537587316424791
GGATGAA,0.616931824705167
GGATGAC,0.612138727600317
GGATGAG,0.579820172110774
GGATGAT,0.624417723035012
GGATGCA,0.564101105913567
GGATGCC,0.552268960597983
GGATGCG,0.566019659536863
GGATGCT,0.561697726077547
GGATGGA,0.549106178831164
GGATGGC,0.583358488170663
GGATGGG,0.60824170404499
GGATGGT,0.540049274798713
GGATGTA,0.53610722674302
GGATGTC,0.565300633208485
GGATGTG,0.57222965923393
GGATGTT,0.542750446611098
GGATTAA,0.546666444607543
GGATTAC,0.477129208641594
GGATTAG,0.540049274798713
GGATTAT,0.538326540575898
GGATTCA,0.534377682128348
GGATTCC,0.602483056544532
GGATTCG,0.548130999301753
GGATTCT,0.526931278612457
GGATTGA,0.540786681919229
GGATTGC,0.543485865287306
GGATTGG,0.55735703239966
GGATTGT,0.539311323507636
GGATTTA,0.52118458028585
GGATTTC,0.599011882754521
GGATTTG,0.584064651497879
GGATTTT,0.531157712899333
GGCAAAA,0.58218044001227
GGCAAAC,0.533635532028962
GGCAAAG,0.553482756511656
GGCAAAT,0.544465582970065
GGCAACA,0.523937121826358
GGCAACC,0.563140447016109
GGCAACG,0.540540939959579
GGCAACT,0.548374883352512
GGCAAGA,0.557115329406598
GGCAAGC,0.550810458065586
GGCAAGG,0.594597694510238
GGCAAGT,0.584299928502264
GGCAATA,0.544710362488134
GGCAATC,0.549106178831164
GGCAATG,0.540295137595975
GGCAATT,0.548374883352512
GGCACAA,0.530661411470054
GGCACAC,0.525934222127104
GGCACAG,0.560975584315396
GGCACAT,0.552997414927933
GGCACCA,0.583593931358153
GGCACCC,0.616020623297602
GGCACCG,0.602252019442119
GGCACCT,0.547154867868876
GGCACGA,0.55105368959315
GGCACGC,0.540786681919229
GGCACGG,0.63027648655774
GGCACGT,0.53586033200784
GGCACTA,0.548130999301753
GGCACTC,0.603406671542439
GGCACTG,0.606402542376409
GGCACTT,0.543485865287306
GGCAGAA,0.599938707863548
GGCAGAC,0.552754655773811
GGCAGAG,0.682795669673607
GGCAGAT,0.5216856062534
GGCAGCA,0.537094196564764
GGCAGCC,0.627801966734511
GGCAGCG,0.644553491212198
GGCAGCT,0.592966490300319
GGCAGGA,0.594830506624456
GGCAGGC,0.531901703507817
GGCAGGG,0.675950443714025
GGCAGGT,0.531653768135685
GGCAGTA,0.616020623297602
GGCAGTC,0.541277984745362
GGCAGTG,0.675091486407257
GGCAGTT,0.533635532028962
GGCATAA,0.568890605986957
GGCATAC,0.548374883352512
GGCATAG,0.569368296745289
GGCATAT,0.572705757996379
GGCATCA,0.58618015440056
GGCATCC,0.59854814787405
GGCATCG,0.613053471450636
GGCATCT,0.592966490300319
GGCATGA,0.548862473088237
GGCATGC,0.610994119841624
GGCATGG,0.590631573148494
GGCATGT,0.551539975235466
GGCATTA,0.538572827242263
GGCATTC,0.542995646268147
GGCATTG,0.52643287463498
GGCATTT,0.52493617052785
GGCCAAA,0.535613376300595
GGCCAAC,0.594364828181918
GGCCAAG,0.596458675546845
GGCCAAT,0.541032363504604
GGCCACA,0.579583838633565
GGCCACC,0.613510529783412
GGCCACG,0.560734754461784
GGCCACT,0.568173641723396
GGCCAGA,0.545444341745468
GGCCAGC,0.553482756511656
GGCCAGG,0.577217426826797
GGCCAGT,0.601789785041178
GGCCATA,0.56649872336139
GGCCATC,0.563380698272967
GGCCATG,0.590631573148494
GGCCATT,0.560011916711166
GGCCCAA,0.575082857682005
GGCCCAC,0.580292671570626
GGCCCAG,0.768939564415805
GGCCCAT,0.531157712899333
GGCCCCA,0.624191699045668
GGCCCCC,0.674876631748587
GGCCCCG,0.612824863922
GGCCCCT,0.67809461460713
GGCCCGA,0.586884328679486
GGCCCGC,0.629377369482975
GGCCCGG,0.784850462065295
GGCCCGT,0.571753333693476
GGCCCTA,0.58618015440056
GGCCCTC,0.606172409152325
GGCCCTG,0.583593931358153
GGCCCTT,0.563380698272967
GGCCGAA,0.590631573148494
GGCCGAC,0.540049274798713
GGCCGAG,0.740370779191707
GGCCGAT,0.591332620915189
GGCCGCA,0.61465226250231
GGCCGCC,0.773427981866434
GGCCGCG,0.711997528867944
GGCCGCT,0.585240483357526
GGCCGGA,0.626449643316704
GGCCGGC,0.746990252428461
GGCCGGG,0.802216286160212
GGCCGGT,0.604790496510143
GGCCGTA,0.571276781158874
GGCCGTC,0.550810458065586
GGCCGTG,0.639891280574054
GGCCGTT,0.541769046311556
GGCCTAA,0.608011993732707
GGCCTAC,0.591566194331503
GGCCTAG,0.540049274798713
GGCCTAT,0.565060842831145
GGCCTCA,0.629827029071794
GGCCTCC,0.626449643316704
GGCCTCG,0.627351395428991
GGCCTCT,0.569845759424107
GGCCTGA,0.585240483357526
GGCCTGC,0.636101124805327
GGCCTGG,0.786389276310488
GGCCTGT,0.637440467776315
GGCCTTA,0.565780041533798
GGCCTTC,0.564101105913567
GGCCTTG,0.534872143045142
GGCCTTT,0.571515085813964
GGCGAAA,0.54617778267235
GGCGAAC,0.542505186816431
GGCGAAG,0.542750446611098
GGCGAAT,0.543975844109523
GGCGACA,0.588759706143102
GGCGACC,0.560011916711166
GGCGACG,0.568890605986957
GGCGACT,0.620114506958278
GGCGAGA,0.59413190761424
GGCGAGC,0.628927507609448
GGCGAGG,0.649414510002381
GGCGAGT,0.57222965923393
GGCGATA,0.548862473088238
GGCGATC,0.543240785817062
GGCGATG,0.568651675009859
GGCGATT,0.547154867868876
GGCGCAA,0.596691054855315
GGCGCAC,0.58218044001227
GGCGCAG,0.609618858917098
GGCGCAT,0.562419346727269
GGCGCCA,0.625772795196965
GGCGCCC,0.544220743520313
GGCGCCG,0.792902947449194
GGCGCCT,0.57934744928964
GGCGCGA,0.62622407817556
GGCGCGC,0.596226242225679
GGCGCGG,0.736539595721589
GGCGCGT,0.55928855608816
GGCGCTA,0.548862473088238
GGCGCTC,0.587353502870996
GGCGCTG,0.670138112362518
GGCGCTT,0.54568888182992
GGCGGAA,0.563861027693991
GGCGGAC,0.592499942813337
GGCGGAG,0.716542231454402
GGCGGAT,0.531157712899333
GGCGGCA,0.560011916711166
GGCGGCC,0.82558922272722
GGCGGCG,0.960256372479757
GGCGGCT,0.604098823397714
GGCGGGA,0.585240483357526
GGCGGGC,0.699706499080517
GGCGGGG,0.691286830970024
GGCGGGT,0.616020623297602
GGCGGTA,0.544710362488134
GGCGGTC,0.588291191396686
GGCGGTG,0.746390289506215
GGCGGTT,0.538572827242263
GGCGTAA,0.547643052689382
GGCGTAC,0.572943722403313
GGCGTAG,0.54691068605787
GGCGTAT,0.550810458065586
GGCGTCA,0.548130999301753
GGCGTCC,0.600170279983479
GGCGTCG,0.592499942813337
GGCGTCT,0.585710429251747
GGCGTGA,0.583358488170663
GGCGTGC,0.558564671835767
GGCGTGG,0.636101124805327
GGCGTGT,0.553482756511656
GGCGTTA,0.572467736948908
GGCGTTC,0.54691068605787
GGCGTTG,0.547643052689382
GGCGTTT,0.540295137595975
GGCTAAA,0.527678419125729
GGCTAAC,0.547398990069681
GGCTAAG,0.589930033569023
GGCTAAT,0.524686501908612
GGCTACA,0.53610722674302
GGCTACC,0.56649872336139
GGCTACG,0.568890605986957
GGCTACT,0.57222965923393
GGCTAGA,0.533140459126653
GGCTAGC,0.540540939959579
GGCTAGG,0.560011916711166
GGCTAGT,0.544220743520313
GGCTATA,0.544220743520313
GGCTATC,0.570322994241107
GGCTATG,0.564101105913567
GGCTATT,0.542750446611098
GGCTCAA,0.563140447016109
GGCTCAC,0.534872143045142
GGCTCAG,0.59831619976511
GGCTCAT,0.552997414927933
GGCTCCA,0.530909592974082
GGCTCCC,0.590865310349197
GGCTCCG,0.597387868955443
GGCTCCT,0.630051783066271
GGCTCGA,0.569607056581024
GGCTCGC,0.546666444607543
GGCTCGG,0.55663174808883
GGCTCGT,0.565300633208485
GGCTCTA,0.533635532028962
GGCTCTC,0.593665903659702
GGCTCTG,0.588291191396686
GGCTCTT,0.555179599444978
GGCTGAA,0.583829319125197
GGCTGAC,0.519679994457983
GGCTGAG,0.607322546025095
GGCTGAT,0.577454320162266
GGCTGCA,0.619433355837054
GGCTGCC,0.689170790433227
GGCTGCG,0.696136798434158
GGCTGCT,0.652275862474631
GGCTGGA,0.527180387479689
GGCTGGC,0.65205604887855
GGCTGGG,0.602252019442119
GGCTGGT,0.541769046311556
GGCTGTA,0.56458108950922
GGCTGTC,0.618751740432715
GGCTGTG,0.595063264549808
GGCTGTT,0.622834481233966
GGCTTAA,0.529419579197413
GGCTTAC,0.542014486696199
GGCTTAG,0.534872143045142
GGCTTAT,0.540786681919229
GGCTTCA,0.58618015440056
GGCTTCC,0.558564671835767
GGCTTCG,0.571038419701138
GGCTTCT,0.61465226250231
GGCTTGA,0.534377682128348
GGCTTGC,0.57934744928964
GGCTTGG,0.510857836748909
GGCTTGT,0.576743471734003
GGCTTTA,0.531901703507817
GGCTTTC,0.633193046476878
GGCTTTG,0.515908595954072
GGCTTTT,0.523937121826358
GGGAAAA,0.528673738928325
GGGAAAC,0.664074612361635
GGGAAAG,0.527180387479689
GGGAAAT,0.560011916711166
GGGAACA,0.583593931358153
GGGAACC,0.57934744928964
GGGAACG,0.546422143488757
GGGAACT,0.52817620285971
GGGAAGA,0.566738169237826
GGGAAGC,0.623965623957931
GGGAAGG,0.600864674763142
GGGAAGT,0.519930916022036
GGGAATA,0.540540939959579
GGGAATC,0.575082857682005
GGGAATG,0.531157712899333
GGGAATT,0.537340786890677
GGGACAA,0.571276781158874
GGGACAC,0.559529734439456
GGGACAG,0.625095488643541
GGGACAT,0.561457070095372
GGGACCA,0.569845759424107
GGGACCC,0.714479017649788
GGGACCG,0.651616276679211
GGGACCT,0.596691054855315
GGGACGA,0.565540366100184
GGGACGC,0.53881905326644
GGGACGG,0.669274145810357
GGGACGT,0.543485865287306
GGGACTA,0.530413168356677
GGGACTC,0.541523545671142
GGGACTG,0.623513320394823
GGGACTT,0.541523545671142
GGGAGAA,0.583829319125197
GGGAGAC,0.646544946692441
GGGAGAG,0.685563213363284
GGGAGAT,0.728629300003444
GGGAGCA,0.629602224551602
GGGAGCC,0.627351395428991
GGGAGCG,0.687050262772261
GGGAGCT,0.601327336880784
GGGAGGA,0.486252624247975
GGGAGGC,0.607322546025095
GGGAGGG,0.456759799877436
GGGAGGT,0.557598676986502
GGGAGTA,0.583122989536624
GGGAGTC,0.577691157392573
GGGAGTG,0.622834481233966
GGGAGTT,0.534624943148194
GGGATAA,0.541523545671142
GGGATAC,0.54691068605787
GGGATAG,0.542505186816431
GGGATAT,0.543975844109523
GGGATCA,0.529171027577895
GGGATCC,0.603637442062089
GGGATCG,0.54373088470832
GGGATCT,0.540049274798713
GGGATGA,0.573181630196659
GGGATGC,0.557840263195344
GGGATGG,0.533882976599
GGGATGT,0.55105368959315
GGGATTA,0.462887744859476
GGGATTC,0.553240115164351
GGGATTG,0.526931278612457
GGGATTT,0.576506409923444
GGGCAAA,0.576032117640779
GGGCAAC,0.540786681919229
GGGCAAG,0.530413168356677
GGGCAAT,0.547398990069681
GGGCACA,0.512375744880512
GGGCACC,0.556147932807025
GGGCACG,0.57816466364396
GGGCACT,0.593199682444231
GGGCAGA,0.691498188962483
GGGCAGC,0.690017744038963
GGGCAGG,0.581944663753294
GGGCAGT,0.55105368959315
GGGCATA,0.570800001413671
GGGCATC,0.651616276679211
GGGCATG,0.549349825196072
GGGCATT,0.518675678111104
GGGCCAA,0.606632622651376
GGGCCAC,0.614880452702961
GGGCCAG,0.539803351538071
GGGCCAT,0.534377682128348
GGGCCCA,0.70012562733277
GGGCCCC,0.588291191396686
GGGCCCG,0.659502737077155
GGGCCCT,0.568651675009859
GGGCCGA,0.728629300003444
GGGCCGC,0.666027606956175
GGGCCGG,0.716129929101055
GGGCCGT,0.523437222939288
GGGCCTA,0.568412686931105
GGGCCTC,0.66884188245863
GGGCCTG,0.731273023872368
GGGCCTT,0.536600833417566
GGGCGAA,0.541277984745362
GGGCGAC,0.559529734439456
GGGCGAG,0.648311806075314
GGGCGAT,0.54617778267235
GGGCGCA,0.59831619976511
GGGCGCC,0.757926257057263
GGGCGCG,0.753367559235955
GGGCGCT,0.619887508132506
GGGCGGA,0.62079519442845
GGGCGGC,0.693820183283138
GGGCGGG,0.534130359955369
GGGCGGT,0.606862650001587
GGGCGTA,0.549349825196072
GGGCGTC,0.588525476208152
GGGCGTG,0.59878004219554
GGGCGTT,0.544710362488134
GGGCTAA,0.571991524824455
GGGCTAC,0.588993881227237
GGGCTAG,0.537094196564764
GGGCTAT,0.594364828181918
GGGCTCA,0.553240115164351
GGGCTCC,0.545199741846535
GGGCTCG,0.593665903659702
GGGCTCT,0.620568350082879
GGGCTGA,0.560252920687636
GGGCTGC,0.680447904627667
GGGCTGG,0.538572827242263
GGGCTGT,0.624869617810878
GGGCTTA,0.535366359591164
GGGCTTC,0.623965623957931
GGGCTTG,0.547154867868876
GGGCTTT,0.509084026951281
GGGGAAA,0.522937074028329
GGGGAAC,0.581944663753294
GGGGAAG,0.617387114239969
GGGGAAT,0.562900138024713
GGGGACA,0.581708831890764
GGGGACC,0.683861016172784
GGGGACG,0.530164863603354
GGGGACT,0.61190991083474
GGGGAGA,0.509591150893288
GGGGAGC,0.814064522780534
GGGGAGG,0.525684802596787
GGGGAGT,0.595295968311516
GGGGATA,0.539065218678287
GGGGATC,0.550810458065586
GGGGATG,0.561216356183953
GGGGATT,0.52493617052785
GGGGCAA,0.536354060536236
GGGGCAC,0.569368296745289
GGGGCAG,0.622155180937448
GGGGCAT,0.531901703507817
GGGGCCA,0.548862473088237
GGGGCCC,0.667760405896127
GGGGCCG,0.669058037490944
GGGGCCT,0.679164978463688
GGGGCGA,0.609618858917098
GGGGCGC,0.782344827488671
GGGGCGG,0.607092624451385
GGGGCGT,0.629602224551602
GGGGCTA,0.533635532028962
GGGGCTC,0.566019659536863
GGGGCTG,0.628477443269131
GGGGCTT,0.52892241416511
GGGGGAA,0.619887508132506
GGGGGAC,0.634088740881349
GGGGGAG,0.687050262772261
GGGGGAT,0.513133835802823
GGGGGCA,0.595063264549808
GGGGGCC,0.709717408663613
GGGGGCG,0.608930518550468
GGGGGCT,0.517418862597485
GGGGGGA,0.648753033571575
GGGGGGC,0.649414510002381
GGGGGGG,0.508322858509429
GGGGGGT,0.542259866854641
GGGGGTA,0.535613376300595
GGGGGTC,0.593199682444231
GGGGGTG,0.565300633208485
GGGGGTT,0.547643052689382
GGGGTAA,0.542259866854641
GGGGTAC,0.561457070095372
GGGGTAG,0.533635532028962
GGGGTAT,0.567934539359412
GGGGTCA,0.597155651534544
GGGGTCC,0.624869617810878
GGGGTCG,0.597852142085034
GGGGTCT,0.515656662943211
GGGGTGA,0.594830506624456
GGGGTGC,0.613738980635293
GGGGTGG,0.483133963925417
GGGGTGT,0.571515085813964
GGGGTTA,0.545933362129139
GGGGTTC,0.592966490300319
GGGGTTG,0.557840263195344
GGGGTTT,0.562178864365651
GGGTAAA,0.567695379811815
GGGTAAC,0.543240785817062
GGGTAAG,0.56649872336139
GGGTAAT,0.543485865287306
GGGTACA,0.556147932807025
GGGTACC,0.540540939959579
GGGTACG,0.544710362488134
GGGTACT,0.544710362488134
GGGTAGA,0.534377682128348
GGGTAGC,0.544955082103854
GGGTAGG,0.531653768135685
GGGTAGT,0.542259866854641
GGGTATA,0.54691068605787
GGGTATC,0.549593412211889
GGGTATG,0.565780041533798
GGGTATT,0.568651675009859
GGGTCAA,0.563620891823023
GGGTCAC,0.576032117640779
GGGTCAG,0.570322994241107
GGGTCAT,0.557840263195344
GGGTCCA,0.548618707938343
GGGTCCC,0.609389464770023
GGGTCCG,0.65007554917134
GGGTCCT,0.61236749202076
GGGTCGA,0.560011916711166
GGGTCGC,0.629377369482975
GGGTCGG,0.609160017989199
GGGTCGT,0.548862473088238
GGGTCTA,0.563620891823023
GGGTCTC,0.537587316424791
GGGTCTG,0.510857836748909
GGGTCTT,0.522186381319632
GGGTGAA,0.585005427566031
GGGTGAC,0.737549225830072
GGGTGAG,0.542259866854641
GGGTGAT,0.591566194331503
GGGTGCA,0.548374883352512
GGGTGCC,0.553725338998419
GGGTGCG,0.667760405896127
GGGTGCT,0.565540366100184
GGGTGGA,0.557598676986502
GGGTGGC,0.613510529783412
GGGTGGG,0.466070088396042
GGGTGGT,0.535119281849402
GGGTGTA,0.565540366100184
GGGTGTC,0.574607889578209
GGGTGTG,0.601789785041178
GGGTGTT,0.580764947880173
GGGTTAA,0.543485865287306
GGGTTAC,0.541277984745362
GGGTTAG,0.542259866854641
GGGTTAT,0.549593412211889
GGGTTCA,0.502212562985242
GGGTTCC,0.681515753911973
GGGTTCG,0.561697726077547
GGGTTCT,0.574370320901502
GGGTTGA,0.561938324158355
GGGTTGC,0.567695379811815
GGGTTGG,0.52493617052785
GGGTTGT,0.565780041533798
GGGTTTA,0.530661411470054
GGGTTTC,0.603406671542439
GGGTTTG,0.5279273419663
GGGTTTT,0.553482756511656
GGTAAAA,0.535366359591164
GGTAAAC,0.571753333693476
GGTAAAG,0.534624943148194
GGTAAAT,0.542259866854641
GGTAACA,0.54373088470832
GGTAACC,0.548862473088238
GGTAACG,0.542750446611098
GGTAACT,0.569368296745289
GGTAAGA,0.539311323507636
GGTAAGC,0.566259220136895
GGTAAGG,0.565300633208485
GGTAAGT,0.533140459126653
GGTAATA,0.54617778267235
GGTAATC,0.573419481403349
GGTAATG,0.547643052689382
GGTAATT,0.541032363504604
GGTACAA,0.570322994241107
GGTACAC,0.539803351538071
GGTACAG,0.560734754461784
GGTACAT,0.535119281849402
GGTACCA,0.545444341745468
GGTACCC,0.530413168356677
GGTACCG,0.546666444607543
GGTACCT,0.562419346727269
GGTACGA,0.548374883352512
GGTACGC,0.550323817453749
GGTACGG,0.566259220136895
GGTACGT,0.549593412211889
GGTACTA,0.544220743520313
GGTACTC,0.571038419701138
GGTACTG,0.61465226250231
GGTACTT,0.548618707938343
GGTAGAA,0.537094196564764
GGTAGAC,0.544220743520313
GGTAGAG,0.537340786890677
GGTAGAT,0.547887055757054
GGTAGCA,0.546666444607543
GGTAGCC,0.545444341745468
GGTAGCG,0.54691068605787
GGTAGCT,0.536354060536236
GGTAGGA,0.533140459126653
GGTAGGC,0.544710362488134
GGTAGGG,0.536354060536236
GGTAGGT,0.540049274798713
GGTAGTA,0.550080408311853
GGTAGTC,0.539803351538071
GGTAGTG,0.533882976599
GGTAGTT,0.541277984745362
GGTATAA,0.547154867868876
GGTATAC,0.54691068605787
GGTATAG,0.545933362129139
GGTATAT,0.548862473088238
GGTATCA,0.54568888182992
GGTATCC,0.545199741846535
GGTATCG,0.549836939907521
GGTATCT,0.544710362488134
GGTATGA,0.541769046311556
GGTATGC,0.569607056581024
GGTATGG,0.564101105913567
GGTATGT,0.542259866854641
GGTATTA,0.54691068605787
GGTATTC,0.571753333693476
GGTATTG,0.567216889056327
GGTATTT,0.533388026214955
GGTCAAA,0.564820994940588
GGTCAAC,0.572943722403313
GGTCAAG,0.559529734439456
GGTCAAT,0.547887055757054
GGTCACA,0.532645141005759
GGTCACC,0.641003303868724
GGTCACG,0.547887055757054
GGTCACT,0.536354060536236
GGTCAGA,0.541032363504604
GGTCAGC,0.584535150164402
GGTCAGG,0.517921778369032
GGTCAGT,0.540049274798713
GGTCATA,0.548374883352512
GGTCATC,0.562178864365651
GGTCATG,0.530661411470054
GGTCATT,0.538080193237468
GGTCCAA,0.54691068605787
GGTCCAC,0.53881905326644
GGTCCAG,0.574845401829444
GGTCCAT,0.568412686931105
GGTCCCA,0.550567167362053
GGTCCCC,0.611452120172321
GGTCCCG,0.576743471734003
GGTCCCT,0.588759706143102
GGTCCGA,0.544710362488134
GGTCCGC,0.636101124805327
GGTCCGG,0.721886749828032
GGTCCGT,0.547398990069681
GGTCCTA,0.572467736948908
GGTCCTC,0.530413168356677
GGTCCTG,0.587118943290794
GGTCCTT,0.542750446611098
GGTCGAA,0.543240785817062
GGTCGAC,0.564820994940588
GGTCGAG,0.544220743520313
GGTCGAT,0.548618707938343
GGTCGCA,0.547154867868876
GGTCGCC,0.616476327787381
GGTCGCG,0.543485865287306
GGTCGCT,0.580056449747667
GGTCGGA,0.549349825196072
GGTCGGC,0.648311806075314
GGTCGGG,0.565300633208485
GGTCGGT,0.537094196564764
GGTCGTA,0.548618707938343
GGTCGTC,0.569845759424107
GGTCGTG,0.592499942813337
GGTCGTT,0.544955082103854
GGTCTAA,0.547154867868876
GGTCTAC,0.566259220136895
GGTCTAG,0.534872143045142
GGTCTAT,0.548618707938343
GGTCTCA,0.505017750434509
GGTCTCC,0.59854814787405
GGTCTCG,0.538080193237468
GGTCTCT,0.560734754461784
GGTCTGA,0.560975584315396
GGTCTGC,0.553240115164351
GGTCTGG,0.499655545993589
GGTCTGT,0.539065218678287
GGTCTTA,0.567934539359412
GGTCTTC,0.522186381319632
GGTCTTG,0.489620233364101
GGTCTTT,0.540295137595975
GGTGAAA,0.541523545671142
GGTGAAC,0.582887435429914
GGTGAAG,0.64919406647199
GGTGAAT,0.541277984745362
GGTGACA,0.618751740432715
GGTGACC,0.67143266422933
GGTGACG,0.564341126509425
GGTGACT,0.551783029407716
GGTGAGA,0.540786681919229
GGTGAGC,0.588056851682984
GGTGAGG,0.584299928502264
GGTGAGT,0.503998592510398
GGTGATA,0.535119281849402
GGTGATC,0.563861027693991
GGTGATG,0.580764947880173
GGTGATT,0.540295137595975
GGTGCAA,0.566259220136895
GGTGCAC,0.629827029071794
GGTGCAG,0.623060812160625
GGTGCAT,0.534130359955369
GGTGCCA,0.552511837673372
GGTGCCC,0.610765040990636
GGTGCCG,0.584770316510321
GGTGCCT,0.567456163053246
GGTGCGA,0.568173641723396
GGTGCGC,0.709509866977851
GGTGCGG,0.737549225830072
GGTGCGT,0.536847545417064
GGTGCTA,0.565780041533798
GGTGCTC,0.572705757996379
GGTGCTG,0.742983683637099
GGTGCTT,0.531405771276359
GGTGGAA,0.549593412211889
GGTGGAC,0.582416160693904
GGTGGAG,0.560252920687636
GGTGGAT,0.570084405301741
GGTGGCA,0.606862650001587
GGTGGCC,0.659939055424215
GGTGGCG,0.711168995654589
GGTGGCT,0.544955082103854
GGTGGGA,0.601327336880784
GGTGGGC,0.545444341745468
GGTGGGG,0.540786681919229
GGTGGGT,0.523437222939288
GGTGGTA,0.588056851682984
GGTGGTC,0.582416160693904
GGTGGTG,0.560493866595183
GGTGGTT,0.523687203620185
GGTGTAA,0.548862473088238
GGTGTAC,0.591799713204015
GGTGTAG,0.539065218678287
GGTGTAT,0.589930033569023
GGTGTCA,0.52817620285971
GGTGTCC,0.593665903659702
GGTGTCG,0.567216889056327
GGTGTCT,0.586884328679486
GGTGTGA,0.567216889056327
GGTGTGC,0.623513320394823
GGTGTGG,0.668193136882228
GGTGTGT,0.597852142085034
GGTGTTA,0.604329434262797
GGTGTTC,0.563861027693991
GGTGTTG,0.557115329406598
GGTGTTT,0.538080193237468
GGTTAAA,0.546666444607543
GGTTAAC,0.546666444607543
GGTTAAG,0.540540939959579
GGTTAAT,0.542995646268147
GGTTACA,0.539311323507636
GGTTACC,0.542750446611098
GGTTACG,0.550323817453749
GGTTACT,0.547887055757054
GGTTAGA,0.543485865287306
GGTTAGC,0.542014486696199
GGTTAGG,0.540295137595975
GGTTAGT,0.569607056581024
GGTTATA,0.547398990069681
GGTTATC,0.542505186816431
GGTTATG,0.548862473088238
GGTTATT,0.543975844109523
GGTTCAA,0.50781509081452
GGTTCAC,0.535366359591164
GGTTCAG,0.540540939959579
GGTTCAT,0.540049274798713
GGTTCCA,0.574607889578209
GGTTCCC,0.599707082105549
GGTTCCG,0.630051783066271
GGTTCCT,0.521936025133474
GGTTCGA,0.567216889056327
GGTTCGC,0.568651675009859
GGTTCGG,0.54373088470832
GGTTCGT,0.542505186816431
GGTTCTA,0.55928855608816
GGTTCTC,0.533388026214955
GGTTCTG,0.567695379811815
GGTTCTT,0.517670352098792
GGTTGAA,0.567695379811815
GGTTGAC,0.549349825196072
GGTTGAG,0.525934222127104
GGTTGAT,0.563380698272967
GGTTGCA,0.568651675009859
GGTTGCC,0.564101105913567
GGTTGCG,0.544710362488134
GGTTGCT,0.544465582970065
GGTTGGA,0.576980477359578
GGTTGGC,0.537340786890677
GGTTGGG,0.512122920141077
GGTTGGT,0.549349825196072
GGTTGTA,0.547398990069681
GGTTGTC,0.54568888182992
GGTTGTG,0.607782230641472
GGTTGTT,0.542014486696199
GGTTTAA,0.52817620285971
GGTTTAC,0.543975844109523
GGTTTAG,0.541277984745362
GGTTTAT,0.531405771276359
GGTTTCA,0.505017750434509
GGTTTCC,0.594364828181918
GGTTTCG,0.568890605986957
GGTTTCT,0.55105368959315
GGTTTGA,0.538326540575898
GGTTTGC,0.533882976599
GGTTTGG,0.549349825196072
GGTTTGT,0.538572827242263
GGTTTTA,0.564820994940588
GGTTTTC,0.559047319555836
GGTTTTG,0.548862473088237
GGTTTTT,0.604790496510143
GTAAAAA,0.562900138024713
GTAAAAC,0.547398990069681
GTAAAAG,0.535119281849402
GTAAAAT,0.537833785197073
GTAAACA,0.54617778267235
GTAAACC,0.573419481403349
GTAAACG,0.547154867868876
GTAAACT,0.546422143488757
GTAAAGA,0.542014486696199
GTAAAGC,0.572467736948908
GTAAAGG,0.563620891823023
GTAAAGT,0.539065218678287
GTAAATA,0.536847545417064
GTAAATC,0.548862473088238
GTAAATG,0.544465582970065
GTAAATT,0.542014486696199
GTAACAA,0.542259866854641
GTAACAC,0.548618707938343
GTAACAG,0.542259866854641
GTAACAT,0.540049274798713
GTAACCA,0.547643052689382
GTAACCC,0.548862473088238
GTAACCG,0.548130999301753
GTAACCT,0.545199741846535
GTAACGA,0.547887055757054
GTAACGC,0.547643052689382
GTAACGG,0.544465582970065
GTAACGT,0.546422143488757
GTAACTA,0.550567167362053
GTAACTC,0.569607056581024
GTAACTG,0.558081791054386
GTAACTT,0.543975844109523
GTAAGAA,0.544955082103854
GTAAGAC,0.548618707938343
GTAAGAG,0.546422143488757
GTAAGAT,0.544710362488134
GTAAGCA,0.570561526269369
GTAAGCC,0.541523545671142
GTAAGCG,0.573181630196659
GTAAGCT,0.547887055757054
GTAAGGA,0.569845759424107
GTAAGGC,0.567934539359412
GTAAGGG,0.543975844109523
GTAAGGT,0.544955082103854
GTAAGTA,0.541032363504604
GTAAGTC,0.547643052689382
GTAAGTG,0.564341126509425
GTAAGTT,0.53586033200784
GTAATAA,0.547154867868876
GTAATAC,0.549593412211889
GTAATAG,0.54691068605787
GTAATAT,0.538080193237468
GTAATCA,0.571991524824455
GTAATCC,0.515656662943211
GTAATCG,0.549106178831164
GTAATCT,0.544955082103854
GTAATGA,0.566738169237826
GTAATGC,0.54617778267235
GTAATGG,0.548130999301753
GTAATGT,0.547154867868876
GTAATTA,0.544220743520313
GTAATTC,0.542750446611098
GTAATTG,0.562419346727269
GTAATTT,0.566738169237826
GTACAAA,0.544220743520313
GTACAAC,0.548618707938343
GTACAAG,0.566019659536863
GTACAAT,0.542505186816431
GTACACA,0.534377682128348
GTACACC,0.545199741846535
GTACACG,0.548374883352512
GTACACT,0.539557367784301
GTACAGA,0.544955082103854
GTACAGC,0.570084405301741
GTACAGG,0.555663883334684
GTACAGT,0.53586033200784
GTACATA,0.54617778267235
GTACATC,0.544710362488134
GTACATG,0.532149577423238
GTACATT,0.54568888182992
GTACCAA,0.548374883352512
GTACCAC,0.540786681919229
GTACCAG,0.587588007445904
GTACCAT,0.547643052689382
GTACCCA,0.53586033200784
GTACCCC,0.586884328679486
GTACCCG,0.543975844109523
GTACCCT,0.56649872336139
GTACCGA,0.547154867868876
GTACCGC,0.596691054855315
GTACCGG,0.549349825196072
GTACCGT,0.546666444607543
GTACCTA,0.54691068605787
GTACCTC,0.547643052689382
GTACCTG,0.572943722403313
GTACCTT,0.545199741846535
GTACGAA,0.547643052689382
GTACGAC,0.574845401829444
GTACGAG,0.56649872336139
GTACGAT,0.548862473088238
GTACGCA,0.550567167362053
GTACGCC,0.574845401829444
GTACGCG,0.549106178831164
GTACGCT,0.550810458065586
GTACGGA,0.571276781158874
GTACGGC,0.571991524824455
GTACGGG,0.541032363504604
GTACGGT,0.568890605986957
GTACGTA,0.549836939907521
GTACGTC,0.549593412211889
GTACGTG,0.592966490300319
GTACGTT,0.548374883352512
GTACTAA,0.550810458065586
GTACTAC,0.547887055757054
GTACTAG,0.544220743520313
GTACTAT,0.571753333693476
GTACTCA,0.545444341745468
GTACTCC,0.573657276050295
GTACTCG,0.550080408311853
GTACTCT,0.571753333693476
GTACTGA,0.548130999301753
GTACTGC,0.594830506624456
GTACTGG,0.607322546025095
GTACTGT,0.562900138024713
GTACTTA,0.589462066945777
GTACTTC,0.56458108950922
GTACTTG,0.549106178831164
GTACTTT,0.549593412211889
GTAGAAA,0.534872143045142
GTAGAAC,0.546422143488757
GTAGAAG,0.536354060536236
GTAGAAT,0.542995646268147
GTAGACA,0.542750446611098
GTAGACC,0.544710362488134
GTAGACG,0.572943722403313
GTAGACT,0.549349825196072
GTAGAGA,0.500679137524119
GTAGAGC,0.550080408311853
GTAGAGG,0.562178864365651
GTAGAGT,0.535613376300595
GTAGATA,0.542995646268147
GTAGATC,0.547643052689382
GTAGATG,0.532397389912406
GTAGATT,0.54568888182992
GTAGCAA,0.547398990069681
GTAGCAC,0.546666444607543
GTAGCAG,0.54568888182992
GTAGCAT,0.543240785817062
GTAGCCA,0.547154867868876
GTAGCCC,0.560252920687636
GTAGCCG,0.569368296745289
GTAGCCT,0.562178864365651
GTAGCGA,0.548862473088238
GTAGCGC,0.549593412211889
GTAGCGG,0.533882976599
GTAGCGT,0.550810458065586
GTAGCTA,0.546666444607543
GTAGCTC,0.542505186816431
GTAGCTG,0.491428874905699
GTAGCTT,0.54373088470832
GTAGGAA,0.562419346727269
GTAGGAC,0.53881905326644
GTAGGAG,0.524436770939387
GTAGGAT,0.541032363504604
GTAGGCA,0.543975844109523
GTAGGCC,0.543975844109523
GTAGGCG,0.54617778267235
GTAGGCT,0.539557367784301
GTAGGGA,0.586414934260225
GTAGGGC,0.540049274798713
GTAGGGG,0.534624943148194
GTAGGGT,0.564820994940588
GTAGGTA,0.544220743520313
GTAGGTC,0.539803351538071
GTAGGTG,0.547643052689382
GTAGGTT,0.539311323507636
GTAGTAA,0.542014486696199
GTAGTAC,0.547398990069681
GTAGTAG,0.549836939907521
GTAGTAT,0.54617778267235
GTAGTCA,0.549593412211889
GTAGTCC,0.526682107674533
GTAGTCG,0.546422143488757
GTAGTCT,0.54691068605787
GTAGTGA,0.535119281849402
GTAGTGC,0.550810458065586
GTAGTGG,0.585475483910779
GTAGTGT,0.540540939959579
GTAGTTA,0.543485865287306
GTAGTTC,0.548618707938343
GTAGTTG,0.538572827242263
GTAGTTT,0.536354060536236
GTATAAA,0.540786681919229
GTATAAC,0.549593412211889
GTATAAG,0.549593412211889
GTATAAT,0.542259866854641
GTATACA,0.54568888182992
GTATACC,0.549106178831164
GTATACG,0.546666444607543
GTATACT,0.550323817453749
GTATAGA,0.542750446611098
GTATAGC,0.546666444607543
GTATAGG,0.542750446611098
GTATAGT,0.548374883352512
GTATATA,0.56912947988968
GTATATC,0.549836939907521
GTATATG,0.54568888182992
GTATATT,0.546422143488757
GTATCAA,0.547398990069681
GTATCAC,0.540295137595975
GTATCAG,0.544955082103854
GTATCAT,0.549349825196072
GTATCCA,0.563861027693991
GTATCCC,0.542995646268147
GTATCCG,0.548374883352512
GTATCCT,0.568412686931105
GTATCGA,0.550810458065586
GTATCGC,0.544955082103854
GTATCGG,0.550323817453749
GTATCGT,0.549349825196072
GTATCTA,0.540540939959579
GTATCTC,0.547398990069681
GTATCTG,0.543975844109523
GTATCTT,0.536600833417566
GTATGAA,0.53586033200784
GTATGAC,0.548374883352512
GTATGAG,0.546666444607543
GTATGAT,0.567695379811815
GTATGCA,0.544465582970065
GTATGCC,0.547154867868876
GTATGCG,0.571753333693476
GTATGCT,0.571991524824455
GTATGGA,0.546666444607543
GTATGGC,0.550323817453749
GTATGGG,0.580764947880173
GTATGGT,0.589462066945777
GTATGTA,0.545199741846535
GTATGTC,0.549836939907521
GTATGTG,0.595761213444788
GTATGTT,0.534624943148194
GTATTAA,0.538080193237468
GTATTAC,0.550323817453749
GTATTAG,0.568890605986957
GTATTAT,0.545444341745468
GTATTCA,0.544465582970065
GTATTCC,0.568890605986957
GTATTCG,0.548130999301753
GTATTCT,0.590163934783973
GTATTGA,0.570084405301741
GTATTGC,0.570561526269369
GTATTGG,0.592499942813337
GTATTGT,0.54373088470832
GTATTTA,0.53881905326644
GTATTTC,0.544220743520313
GTATTTG,0.53586033200784
GTATTTT,0.525435320840846
GTCAAAA,0.567216889056327
GTCAAAC,0.54617778267235
GTCAAAG,0.544710362488134
GTCAAAT,0.541523545671142
GTCAACA,0.584299928502264
GTCAACC,0.549593412211889
GTCAACG,0.571515085813964
GTCAACT,0.538572827242263
GTCAAGA,0.539803351538071
GTCAAGC,0.566259220136895
GTCAAGG,0.568412686931105
GTCAAGT,0.548374883352512
GTCAATA,0.549106178831164
GTCAATC,0.548618707938343
GTCAATG,0.614424020219006
GTCAATT,0.53586033200784
GTCACAA,0.547398990069681
GTCACAC,0.529171027577895
GTCACAG,0.542995646268147
GTCACAT,0.537340786890677
GTCACCA,0.528673738928325
GTCACCC,0.57222965923393
GTCACCG,0.540049274798713
GTCACCT,0.610306725797169
GTCACGA,0.545199741846535
GTCACGC,0.572943722403313
GTCACGG,0.546422143488757
GTCACGT,0.547887055757054
GTCACTA,0.614424020219006
GTCACTC,0.539311323507636
GTCACTG,0.526183579462832
GTCACTT,0.545444341745468
GTCAGAA,0.523437222939288
GTCAGAC,0.541769046311556
GTCAGAG,0.584299928502264
GTCAGAT,0.536600833417566
GTCAGCA,0.560975584315396
GTCAGCC,0.581472944398448
GTCAGCG,0.589696077631495
GTCAGCT,0.556147932807025
GTCAGGA,0.566738169237826
GTCAGGC,0.522186381319632
GTCAGGG,0.550080408311853
GTCAGGT,0.532149577423238
GTCAGTA,0.547154867868876
GTCAGTC,0.547643052689382
GTCAGTG,0.550567167362053
GTCAGTT,0.539557367784301
GTCATAA,0.548862473088238
GTCATAC,0.549349825196072
GTCATAG,0.574845401829444
GTCATAT,0.57222965923393
GTCATCA,0.560011916711166
GTCATCC,0.55663174808883
GTCATCG,0.547398990069681
GTCATCT,0.539557367784301
GTCATGA,0.560493866595183
GTCATGC,0.536354060536236
GTCATGG,0.541523545671142
GTCATGT,0.539557367784301
GTCATTA,0.547887055757054
GTCATTC,0.54568888182992
GTCATTG,0.533882976599
GTCATTT,0.554695080910746
GTCCAAA,0.543240785817062
GTCCAAC,0.561216356183953
GTCCAAG,0.590397781301938
GTCCAAT,0.574845401829444
GTCCACA,0.563620891823023
GTCCACC,0.533388026214955
GTCCACG,0.538326540575898
GTCCACT,0.565780041533798
GTCCAGA,0.557115329406598
GTCCAGC,0.575557600298196
GTCCAGG,0.624643695949056
GTCCAGT,0.55735703239966
GTCCATA,0.547398990069681
GTCCATC,0.582416160693904
GTCCATG,0.582651825824393
GTCCATT,0.536354060536236
GTCCCAA,0.590397781301938
GTCCCAC,0.580528837606014
GTCCCAG,0.600633263408465
GTCCCAT,0.564341126509425
GTCCCCA,0.585945319406368
GTCCCCC,0.583593931358153
GTCCCCG,0.61122314622751
GTCCCCT,0.567934539359412
GTCCCGA,0.564341126509425
GTCCCGC,0.58618015440056
GTCCCGG,0.547887055757054
GTCCCGT,0.538572827242263
GTCCCTA,0.543240785817062
GTCCCTC,0.578637945793287
GTCCCTG,0.574370320901502
GTCCCTT,0.525684802596787
GTCCGAA,0.545199741846535
GTCCGAC,0.544710362488134
GTCCGAG,0.55928855608816
GTCCGAT,0.550810458065586
GTCCGCA,0.570561526269369
GTCCGCC,0.628027176279694
GTCCGCG,0.587588007445904
GTCCGCT,0.54691068605787
GTCCGGA,0.571276781158874
GTCCGGC,0.561457070095372
GTCCGGG,0.634536287412446
GTCCGGT,0.640336238294413
GTCCGTA,0.549349825196072
GTCCGTC,0.539557367784301
GTCCGTG,0.54568888182992
GTCCGTT,0.54568888182992
GTCCTAA,0.564820994940588
GTCCTAC,0.568412686931105
GTCCTAG,0.569845759424107
GTCCTAT,0.548374883352512
GTCCTCA,0.519177962365954
GTCCTCC,0.583593931358153
GTCCTCG,0.544465582970065
GTCCTCT,0.557840263195344
GTCCTGA,0.55663174808883
GTCCTGC,0.643001834881157
GTCCTGG,0.618978997193577
GTCCTGT,0.534624943148194
GTCCTTA,0.548618707938343
GTCCTTC,0.533882976599
GTCCTTG,0.535119281849402
GTCCTTT,0.525435320840846
GTCGAAA,0.545444341745468
GTCGAAC,0.54691068605787
GTCGAAG,0.549106178831164
GTCGAAT,0.549836939907521
GTCGACA,0.549593412211889
GTCGACC,0.539557367784301
GTCGACG,0.574845401829444
GTCGACT,0.548862473088238
GTCGAGA,0.571753333693476
GTCGAGC,0.548130999301753
GTCGAGG,0.593432820222244
GTCGAGT,0.54691068605787
GTCGATA,0.550810458065586
GTCGATC,0.550567167362053
GTCGATG,0.549106178831164
GTCGATT,0.548130999301753
GTCGCAA,0.544710362488134
GTCGCAC,0.574607889578209
GTCGCAG,0.549106178831164
GTCGCAT,0.548374883352512
GTCGCCA,0.592733243765148
GTCGCCC,0.562900138024713
GTCGCCG,0.537833785197073
GTCGCCT,0.542995646268147
GTCGCGA,0.574845401829444
GTCGCGC,0.539803351538071
GTCGCGG,0.549106178831164
GTCGCGT,0.549836939907521
GTCGCTA,0.532397389912406
GTCGCTC,0.539065218678287
GTCGCTG,0.614880452702961
GTCGCTT,0.568890605986957
GTCGGAA,0.57389501416439
GTCGGAC,0.549106178831164
GTCGGAG,0.54373088470832
GTCGGAT,0.550810458065586
GTCGGCA,0.593665903659702
GTCGGCC,0.561457070095372
GTCGGCG,0.622834481233966
GTCGGCT,0.592966490300319
GTCGGGA,0.565060842831145
GTCGGGC,0.601789785041178
GTCGGGG,0.566259220136895
GTCGGGT,0.567934539359412
GTCGGTA,0.550810458065586
GTCGGTC,0.571515085813964
GTCGGTG,0.563620891823023
GTCGGTT,0.547398990069681
GTCGTAA,0.548374883352512
GTCGTAC,0.549349825196072
GTCGTAG,0.548130999301753
GTCGTAT,0.550810458065586
GTCGTCA,0.548862473088238
GTCGTCC,0.570800001413671
GTCGTCG,0.544220743520313
GTCGTCT,0.568173641723396
GTCGTGA,0.549349825196072
GTCGTGC,0.56458108950922
GTCGTGG,0.564341126509425
GTCGTGT,0.569845759424107
GTCGTTA,0.546666444607543
GTCGTTC,0.549836939907521
GTCGTTG,0.54617778267235
GTCGTTT,0.543975844109523
GTCTAAA,0.544955082103854
GTCTAAC,0.548862473088238
GTCTAAG,0.541523545671142
GTCTAAT,0.547154867868876
GTCTACA,0.569368296745289
GTCTACC,0.56912947988968
GTCTACG,0.544955082103854
GTCTACT,0.569607056581024
GTCTAGA,0.570561526269369
GTCTAGC,0.546422143488757
GTCTAGG,0.544220743520313
GTCTAGT,0.546666444607543
GTCTATA,0.540295137595975
GTCTATC,0.550810458065586
GTCTATG,0.574845401829444
GTCTATT,0.546422143488757
GTCTCAA,0.492976539741627
GTCTCAC,0.514143730546069
GTCTCAG,0.572705757996379
GTCTCAT,0.565540366100184
GTCTCCA,0.553967862653191
GTCTCCC,0.615108590844724
GTCTCCG,0.544465582970065
GTCTCCT,0.5542103275045
GTCTCGA,0.539065218678287
GTCTCGC,0.538326540575898
GTCTCGG,0.539803351538071
GTCTCGT,0.592966490300319
GTCTCTA,0.510604627904712
GTCTCTC,0.540295137595975
GTCTCTG,0.529916497179467
GTCTCTT,0.632072299100977
GTCTGAA,0.66840943217449
GTCTGAC,0.562419346727269
GTCTGAG,0.59413190761424
GTCTGAT,0.541523545671142
GTCTGCA,0.604559991958769
GTCTGCC,0.570561526269369
GTCTGCG,0.538326540575898
GTCTGCT,0.548862473088237
GTCTGGA,0.54691068605787
GTCTGGC,0.610077489406554
GTCTGGG,0.516915693774396
GTCTGGT,0.527678419125729
GTCTGTA,0.539311323507636
GTCTGTC,0.539803351538071
GTCTGTG,0.589696077631495
GTCTGTT,0.536354060536236
GTCTTAA,0.54617778267235
GTCTTAC,0.544710362488134
GTCTTAG,0.543485865287306
GTCTTAT,0.566977557793659
GTCTTCA,0.563861027693991
GTCTTCC,0.526183579462832
GTCTTCG,0.548130999301753
GTCTTCT,0.601327336880784
GTCTTGA,0.517167309833298
GTCTTGC,0.524686501908612
GTCTTGG,0.55663174808883
GTCTTGT,0.562659771271024
GTCTTTA,0.560734754461784
GTCTTTC,0.537587316424791
GTCTTTG,0.584064651497879
GTCTTTT,0.534872143045142
GTGAAAA,0.581472944398448
GTGAAAC,0.543240785817062
GTGAAAG,0.530413168356677
GTGAAAT,0.53610722674302
GTGAACA,0.579820172110774
GTGAACC,0.530164863603354
GTGAACG,0.542259866854641
GTGAACT,0.546666444607543
GTGAAGA,0.555179599444978
GTGAAGC,0.560734754461784
GTGAAGG,0.666244371099075
GTGAAGT,0.539557367784301
GTGAATA,0.543485865287306
GTGAATC,0.54373088470832
GTGAATG,0.560011916711166
GTGAATT,0.548374883352512
GTGACAA,0.591098992929589
GTGACAC,0.557115329406598
GTGACAG,0.613738980635293
GTGACAT,0.588056851682984
GTGACCA,0.597620032463931
GTGACCC,0.592033177558194
GTGACCG,0.637886517098685
GTGACCT,0.572467736948908
GTGACGA,0.547154867868876
GTGACGC,0.57222965923393
GTGACGG,0.539803351538071
GTGACGT,0.541769046311556
GTGACTA,0.546422143488757
GTGACTC,0.557840263195344
GTGACTG,0.521936025133474
GTGACTT,0.525934222127104
GTGAGAA,0.52493617052785
GTGAGAC,0.526682107674533
GTGAGAG,0.587118943290794
GTGAGAT,0.556147932807025
GTGAGCA,0.552268960597983
GTGAGCC,0.592966490300319
GTGAGCG,0.582887435429914
GTGAGCT,0.571276781158874
GTGAGGA,0.562178864365651
GTGAGGC,0.612824863922
GTGAGGG,0.538572827242263
GTGAGGT,0.548862473088237
GTGAGTA,0.544710362488134
GTGAGTC,0.552026024518989
GTGAGTG,0.490395766040974
GTGAGTT,0.527678419125729
GTGATAA,0.541032363504604
GTGATAC,0.547398990069681
GTGATAG,0.549593412211889
GTGATAT,0.542750446611098
GTGATCA,0.54691068605787
GTGATCC,0.525185776828227
GTGATCG,0.570561526269369
GTGATCT,0.581944663753294
GTGATGA,0.583122989536624
GTGATGC,0.584064651497879
GTGATGG,0.620114506958278
GTGATGT,0.572705757996379
GTGATTA,0.570084405301741
GTGATTC,0.534377682128348
GTGATTG,0.540295137595975
GTGATTT,0.533388026214955
GTGCAAA,0.536354060536236
GTGCAAC,0.544465582970065
GTGCAAG,0.585240483357526
GTGCAAT,0.567456163053246
GTGCACA,0.550080408311853
GTGCACC,0.584770316510321
GTGCACG,0.608700966429654
GTGCACT,0.538326540575898
GTGCAGA,0.589462066945777
GTGCAGC,0.595528617934781
GTGCAGG,0.628477443269131
GTGCAGT,0.514648295717236
GTGCATA,0.563861027693991
GTGCATC,0.590163934783973
GTGCATG,0.5216856062534
GTGCATT,0.534624943148194
GTGCCAA,0.56458108950922
GTGCCAC,0.563620891823023
GTGCCAG,0.613282026729814
GTGCCAT,0.581944663753294
GTGCCCA,0.637217368482937
GTGCCCC,0.511110981494617
GTGCCCG,0.560975584315396
GTGCCCT,0.665810795816393
GTGCCGA,0.544220743520313
GTGCCGC,0.556147932807025
GTGCCGG,0.636771020520753
GTGCCGT,0.547643052689382
GTGCCTA,0.53610722674302
GTGCCTC,0.547154867868876
GTGCCTG,0.671648260036219
GTGCCTT,0.520683303165441
GTGCGAA,0.549106178831164
GTGCGAC,0.545199741846535
GTGCGAG,0.610994119841624
GTGCGAT,0.547398990069681
GTGCGCA,0.592033177558194
GTGCGCC,0.627126033622918
GTGCGCG,0.664291800211381
GTGCGCT,0.568412686931105
GTGCGGA,0.695926418681432
GTGCGGC,0.626449643316704
GTGCGGG,0.652715344765825
GTGCGGT,0.561216356183953
GTGCGTA,0.548130999301753
GTGCGTC,0.546422143488757
GTGCGTG,0.522937074028329
GTGCGTT,0.569368296745289
GTGCTAA,0.572467736948908
GTGCTAC,0.569845759424107
GTGCTAG,0.537587316424791
GTGCTAT,0.547887055757054
GTGCTCA,0.573657276050295
GTGCTCC,0.628477443269131
GTGCTCG,0.593199682444231
GTGCTCT,0.547154867868876
GTGCTGA,0.540295137595975
GTGCTGC,0.702427697900357
GTGCTGG,0.603175847755463
GTGCTGT,0.549836939907521
GTGCTTA,0.532645141005759
GTGCTTC,0.526183579462832
GTGCTTG,0.561457070095372
GTGCTTT,0.564101105913567
GTGGAAA,0.625998462143303
GTGGAAC,0.602020928949229
GTGGAAG,0.555905937358841
GTGGAAT,0.536354060536236
GTGGACA,0.582887435429914
GTGGACC,0.553240115164351
GTGGACG,0.607782230641472
GTGGACT,0.522686905735711
GTGGAGA,0.50781509081452
GTGGAGC,0.65293501350338
GTGGAGG,0.771869077124323
GTGGAGT,0.520933973135489
GTGGATA,0.563620891823023
GTGGATC,0.525185776828227
GTGGATG,0.551539975235466
GTGGATT,0.587822457041308
GTGGCAA,0.539803351538071
GTGGCAC,0.609160017989199
GTGGCAG,0.631399247263637
GTGGCAT,0.527180387479689
GTGGCCA,0.525684802596787
GTGGCCC,0.571753333693476
GTGGCCG,0.682795669673607
GTGGCCT,0.629377369482975
GTGGCGA,0.617614681297747
GTGGCGC,0.590631573148494
GTGGCGG,0.672940859675936
GTGGCGT,0.585710429251747
GTGGCTA,0.537833785197073
GTGGCTC,0.538080193237468
GTGGCTG,0.517921778369032
GTGGCTT,0.547398990069681
GTGGGAA,0.5128812026791
GTGGGAC,0.590397781301938
GTGGGAG,0.596923380176189
GTGGGAT,0.578637945793287
GTGGGCA,0.565540366100184
GTGGGCC,0.549349825196072
GTGGGCG,0.571515085813964
GTGGGCT,0.585475483910779
GTGGGGA,0.533140459126653
GTGGGGC,0.570322994241107
GTGGGGG,0.616704102180954
GTGGGGT,0.511870031465128
GTGGGTA,0.540295137595975
GTGGGTC,0.559529734439456
GTGGGTG,0.544710362488134
GTGGGTT,0.525934222127104
GTGGTAA,0.543240785817062
GTGGTAC,0.567456163053246
GTGGTAG,0.543485865287306
GTGGTAT,0.569368296745289
GTGGTCA,0.548862473088237
GTGGTCC,0.602252019442119
GTGGTCG,0.590865310349197
GTGGTCT,0.558564671835767
GTGGTGA,0.546422143488757
GTGGTGC,0.589930033569023
GTGGTGG,0.638555218253964
GTGGTGT,0.507561110248813
GTGGTTA,0.540540939959579
GTGGTTC,0.55735703239966
GTGGTTG,0.559770854637779
GTGGTTT,0.550567167362053
GTGTAAA,0.547154867868876
GTGTAAC,0.567695379811815
GTGTAAG,0.54568888182992
GTGTAAT,0.541032363504604
GTGTACA,0.543975844109523
GTGTACC,0.607092624451385
GTGTACG,0.564820994940588
GTGTACT,0.619887508132506
GTGTAGA,0.546666444607543
GTGTAGC,0.568651675009859
GTGTAGG,0.525185776828227
GTGTAGT,0.533882976599
GTGTATA,0.537094196564764
GTGTATC,0.535119281849402
GTGTATG,0.580292671570626
GTGTATT,0.537833785197073
GTGTCAA,0.537833785197073
GTGTCAC,0.538080193237468
GTGTCAG,0.596691054855315
GTGTCAT,0.516160465510676
GTGTCCA,0.542750446611098
GTGTCCC,0.664074612361635
GTGTCCG,0.592266587419491
GTGTCCT,0.566738169237826
GTGTCGA,0.549106178831164
GTGTCGC,0.591332620915189
GTGTCGG,0.559047319555836
GTGTCGT,0.543975844109523
GTGTCTA,0.54373088470832
GTGTCTC,0.611681041700066
GTGTCTG,0.560493866595183
GTGTCTT,0.562419346727269
GTGTGAA,0.559047319555836
GTGTGAC,0.606862650001587
GTGTGAG,0.566738169237826
GTGTGAT,0.529171027577895
GTGTGCA,0.54568888182992
GTGTGCC,0.571991524824455
GTGTGCG,0.595993754866704
GTGTGCT,0.549349825196072
GTGTGGA,0.594597694510238
GTGTGGC,0.566019659536863
GTGTGGG,0.571753333693476
GTGTGGT,0.609848200454566
GTGTGTA,0.564820994940588
GTGTGTC,0.624191699045668
GTGTGTG,0.392182244281761
GTGTGTT,0.546666444607543
GTGTTAA,0.545199741846535
GTGTTAC,0.610765040990636
GTGTTAG,0.527678419125729
GTGTTAT,0.557115329406598
GTGTTCA,0.604559991958769
GTGTTCC,0.614195725829269
GTGTTCG,0.548862473088238
GTGTTCT,0.532397389912406
GTGTTGA,0.535366359591164
GTGTTGC,0.572467736948908
GTGTTGG,0.566259220136895
GTGTTGT,0.55105368959315
GTGTTTA,0.543240785817062
GTGTTTC,0.58618015440056
GTGTTTG,0.515152606430776
GTGTTTT,0.507561110248813
GTTAAAA,0.537340786890677
GTTAAAC,0.54617778267235
GTTAAAG,0.546666444607543
GTTAAAT,0.538572827242263
GTTAACA,0.543240785817062
GTTAACC,0.54691068605787
GTTAACG,0.542505186816431
GTTAACT,0.545199741846535
GTTAAGA,0.543975844109523
GTTAAGC,0.544955082103854
GTTAAGG,0.545933362129139
GTTAAGT,0.539065218678287
GTTAATA,0.542259866854641
GTTAATC,0.549106178831164
GTTAATG,0.54568888182992
GTTAATT,0.539311323507636
GTTACAA,0.545933362129139
GTTACAC,0.615108590844724
GTTACAG,0.562178864365651
GTTACAT,0.571276781158874
GTTACCA,0.534624943148194
GTTACCC,0.56649872336139
GTTACCG,0.550810458065586
GTTACCT,0.571038419701138
GTTACGA,0.549593412211889
GTTACGC,0.548374883352512
GTTACGG,0.549836939907521
GTTACGT,0.550810458065586
GTTACTA,0.546666444607543
GTTACTC,0.547887055757054
GTTACTG,0.544710362488134
GTTACTT,0.541277984745362
GTTAGAA,0.537094196564764
GTTAGAC,0.543240785817062
GTTAGAG,0.540786681919229
GTTAGAT,0.537833785197073
GTTAGCA,0.548130999301753
GTTAGCC,0.541769046311556
GTTAGCG,0.544465582970065
GTTAGCT,0.542750446611098
GTTAGGA,0.53881905326644
GTTAGGC,0.549349825196072
GTTAGGG,0.544710362488134
GTTAGGT,0.539557367784301
GTTAGTA,0.545933362129139
GTTAGTC,0.549593412211889
GTTAGTG,0.530661411470054
GTTAGTT,0.571753333693476
GTTATAA,0.545199741846535
GTTATAC,0.550567167362053
GTTATAG,0.543240785817062
GTTATAT,0.546422143488757
GTTATCA,0.547398990069681
GTTATCC,0.592499942813337
GTTATCG,0.547154867868876
GTTATCT,0.541032363504604
GTTATGA,0.547643052689382
GTTATGC,0.545199741846535
GTTATGG,0.565780041533798
GTTATGT,0.570322994241107
GTTATTA,0.544710362488134
GTTATTC,0.571038419701138
GTTATTG,0.54691068605787
GTTATTT,0.531901703507817
GTTCAAA,0.544465582970065
GTTCAAC,0.544465582970065
GTTCAAG,0.504763058313459
GTTCAAT,0.57222965923393
GTTCACA,0.563620891823023
GTTCACC,0.57222965923393
GTTCACG,0.542014486696199
GTTCACT,0.553967862653191
GTTCAGA,0.539803351538071
GTTCAGC,0.59878004219554
GTTCAGG,0.537094196564764
GTTCAGT,0.53881905326644
GTTCATA,0.543975844109523
GTTCATC,0.560252920687636
GTTCATG,0.542995646268147
GTTCATT,0.541277984745362
GTTCCAA,0.538572827242263
GTTCCAC,0.538326540575898
GTTCCAG,0.577927938544287
GTTCCAT,0.562178864365651
GTTCCCA,0.55928855608816
GTTCCCC,0.561216356183953
GTTCCCG,0.546422143488757
GTTCCCT,0.570084405301741
GTTCCGA,0.54568888182992
GTTCCGC,0.588056851682984
GTTCCGG,0.616476327787381
GTTCCGT,0.549106178831164
GTTCCTA,0.54373088470832
GTTCCTC,0.535366359591164
GTTCCTG,0.553725338998419
GTTCCTT,0.532397389912406
GTTCGAA,0.550810458065586
GTTCGAC,0.571991524824455
GTTCGAG,0.540786681919229
GTTCGAT,0.572705757996379
GTTCGCA,0.548130999301753
GTTCGCC,0.591566194331503
GTTCGCG,0.546422143488757
GTTCGCT,0.544465582970065
GTTCGGA,0.54568888182992
GTTCGGC,0.574132695772508
GTTCGGG,0.545199741846535
GTTCGGT,0.547398990069681
GTTCGTA,0.548862473088238
GTTCGTC,0.546422143488757
GTTCGTG,0.569368296745289
GTTCGTT,0.54617778267235
GTTCTAA,0.547154867868876
GTTCTAC,0.568651675009859
GTTCTAG,0.529668069054375
GTTCTAT,0.568651675009859
GTTCTCA,0.544465582970065
GTTCTCC,0.559529734439456
GTTCTCG,0.565060842831145
GTTCTCT,0.524436770939387
GTTCTGA,0.57934744928964
GTTCTGC,0.553482756511656
GTTCTGG,0.572943722403313
GTTCTGT,0.548130999301753
GTTCTTA,0.536847545417064
GTTCTTC,0.583593931358153
GTTCTTG,0.53586033200784
GTTCTTT,0.525684802596787
GTTGAAA,0.584064651497879
GTTGAAC,0.544955082103854
GTTGAAG,0.584299928502264
GTTGAAT,0.550810458065586
GTTGACA,0.54373088470832
GTTGACC,0.545933362129139
GTTGACG,0.549349825196072
GTTGACT,0.547887055757054
GTTGAGA,0.526931278612457
GTTGAGC,0.544220743520313
GTTGAGG,0.5216856062534
GTTGAGT,0.547887055757054
GTTGATA,0.540295137595975
GTTGATC,0.567216889056327
GTTGATG,0.539803351538071
GTTGATT,0.556873567979075
GTTGCAA,0.567934539359412
GTTGCAC,0.563861027693991
GTTGCAG,0.531157712899333
GTTGCAT,0.570322994241107
GTTGCCA,0.580528837606014
GTTGCCC,0.556147932807025
GTTGCCG,0.571038419701138
GTTGCCT,0.565780041533798
GTTGCGA,0.547887055757054
GTTGCGC,0.549593412211889
GTTGCGG,0.569607056581024
GTTGCGT,0.542995646268147
GTTGCTA,0.571038419701138
GTTGCTC,0.558081791054386
GTTGCTG,0.529419579197413
GTTGCTT,0.536847545417064
GTTGGAA,0.58922800148624
GTTGGAC,0.544465582970065
GTTGGAG,0.658411107597054
GTTGGAT,0.549593412211889
GTTGGCA,0.545199741846535
GTTGGCC,0.532645141005759
GTTGGCG,0.547887055757054
GTTGGCT,0.556389869707581
GTTGGGA,0.544710362488134
GTTGGGC,0.529419579197413
GTTGGGG,0.496064702096589
GTTGGGT,0.56649872336139
GTTGGTA,0.542505186816431
GTTGGTC,0.536600833417566
GTTGGTG,0.54373088470832
GTTGGTT,0.533388026214955
GTTGTAA,0.595528617934781
GTTGTAC,0.542995646268147
GTTGTAG,0.544220743520313
GTTGTAT,0.547643052689382
GTTGTCA,0.570322994241107
GTTGTCC,0.542505186816431
GTTGTCG,0.550080408311853
GTTGTCT,0.566019659536863
GTTGTGA,0.569845759424107
GTTGTGC,0.566019659536863
GTTGTGG,0.586414934260225
GTTGTGT,0.526183579462832
GTTGTTA,0.539065218678287
GTTGTTC,0.547154867868876
GTTGTTG,0.547887055757054
GTTGTTT,0.534130359955369
GTTTAAA,0.557598676986502
GTTTAAC,0.539557367784301
GTTTAAG,0.542014486696199
GTTTAAT,0.530909592974082
GTTTACA,0.556873567979075
GTTTACC,0.61465226250231
GTTTACG,0.550810458065586
GTTTACT,0.544220743520313
GTTTAGA,0.544465582970065
GTTTAGC,0.545444341745468
GTTTAGG,0.539803351538071
GTTTAGT,0.545933362129139
GTTTATA,0.546666444607543
GTTTATC,0.547643052689382
GTTTATG,0.54373088470832
GTTTATT,0.522686905735711
GTTTCAA,0.544955082103854
GTTTCAC,0.504508301307807
GTTTCAG,0.531653768135685
GTTTCAT,0.530164863603354
GTTTCCA,0.577217426826797
GTTTCCC,0.52493617052785
GTTTCCG,0.542259866854641
GTTTCCT,0.594830506624456
GTTTCGA,0.550323817453749
GTTTCGC,0.58922800148624
GTTTCGG,0.547643052689382
GTTTCGT,0.54617778267235
GTTTCTA,0.538572827242263
GTTTCTC,0.513891352458606
GTTTCTG,0.520933973135489
GTTTCTT,0.582416160693904
GTTTGAA,0.534872143045142
GTTTGAC,0.54568888182992
GTTTGAG,0.511870031465128
GTTTGAT,0.580764947880173
GTTTGCA,0.542259866854641
GTTTGCC,0.555179599444978
GTTTGCG,0.540295137595975
GTTTGCT,0.531405771276359
GTTTGGA,0.526682107674533
GTTTGGC,0.532892830733711
GTTTGGG,0.531653768135685
GTTTGGT,0.562659771271024
GTTTGTA,0.536354060536236
GTTTGTC,0.54617778267235
GTTTGTG,0.518926851774713
GTTTGTT,0.534377682128348
GTTTTAA,0.586884328679486
GTTTTAC,0.546666444607543
GTTTTAG,0.542014486696199
GTTTTAT,0.555905937358841
GTTTTCA,0.534377682128348
GTTTTCC,0.558081791054386
GTTTTCG,0.543975844109523
GTTTTCT,0.514143730546069
GTTTTGA,0.536354060536236
GTTTTGC,0.561216356183953
GTTTTGG,0.548130999301753
GTTTTGT,0.545933362129139
GTTTTTA,0.583122989536624
GTTTTTC,0.569368296745289
GTTTTTG,0.528425001836785
GTTTTTT,0.510098017790951
TAAAAAA,0.511870031465128
TAAAAAC,0.537587316424791
TAAAAAG,0.531653768135685
TAAAAAT,0.517418862597485
TAAAACA,0.542505186816431
TAAAACC,0.539557367784301
TAAAACG,0.549593412211889
TAAAACT,0.539803351538071
TAAAAGA,0.556873567979075
TAAAAGC,0.52493617052785
TAAAAGG,0.535366359591164
TAAAAGT,0.537587316424791
TAAAATA,0.525185776828227
TAAAATC,0.56458108950922
TAAAATG,0.5279273419663
TAAAATT,0.542750446611098
TAAACAA,0.549836939907521
TAAACAC,0.542259866854641
TAAACAG,0.545444341745468
TAAACAT,0.530413168356677
TAAACCA,0.56458108950922
TAAACCC,0.560734754461784
TAAACCG,0.547643052689382
TAAACCT,0.563861027693991
TAAACGA,0.550323817453749
TAAACGC,0.544465582970065
TAAACGG,0.54373088470832
TAAACGT,0.549106178831164
TAAACTA,0.545933362129139
TAAACTC,0.545444341745468
TAAACTG,0.542995646268147
TAAACTT,0.539803351538071
TAAAGAA,0.534377682128348
TAAAGAC,0.544220743520313
TAAAGAG,0.574132695772508
TAAAGAT,0.555663883334684
TAAAGCA,0.536600833417566
TAAAGCC,0.565060842831145
TAAAGCG,0.549106178831164
TAAAGCT,0.540540939959579
TAAAGGA,0.568890605986957
TAAAGGC,0.532645141005759
TAAAGGG,0.542750446611098
TAAAGGT,0.569368296745289
TAAAGTA,0.54617778267235
TAAAGTC,0.541523545671142
TAAAGTG,0.530909592974082
TAAAGTT,0.540786681919229
TAAATAA,0.531157712899333
TAAATAC,0.539311323507636
TAAATAG,0.547154867868876
TAAATAT,0.535119281849402
TAAATCA,0.542014486696199
TAAATCC,0.535366359591164
TAAATCG,0.550080408311853
TAAATCT,0.53881905326644
TAAATGA,0.534624943148194
TAAATGC,0.592033177558194
TAAATGG,0.530661411470054
TAAATGT,0.593665903659702
TAAATTA,0.537833785197073
TAAATTC,0.536354060536236
TAAATTG,0.545933362129139
TAAATTT,0.5542103275045
TAACAAA,0.53881905326644
TAACAAC,0.536847545417064
TAACAAG,0.538080193237468
TAACAAT,0.544955082103854
TAACACA,0.543485865287306
TAACACC,0.542014486696199
TAACACG,0.547887055757054
TAACACT,0.540786681919229
TAACAGA,0.546422143488757
TAACAGC,0.569368296745289
TAACAGG,0.534624943148194
TAACAGT,0.540049274798713
TAACATA,0.571515085813964
TAACATC,0.545444341745468
TAACATG,0.549593412211889
TAACATT,0.539803351538071
TAACCAA,0.574607889578209
TAACCAC,0.54617778267235
TAACCAG,0.544220743520313
TAACCAT,0.547643052689382
TAACCCA,0.547887055757054
TAACCCC,0.539803351538071
TAACCCG,0.547398990069681
TAACCCT,0.545933362129139
TAACCGA,0.548862473088238
TAACCGC,0.549349825196072
TAACCGG,0.550810458065586
TAACCGT,0.547154867868876
TAACCTA,0.548130999301753
TAACCTC,0.537094196564764
TAACCTG,0.557840263195344
TAACCTT,0.543240785817062
TAACGAA,0.548618707938343
TAACGAC,0.550810458065586
TAACGAG,0.547398990069681
TAACGAT,0.549349825196072
TAACGCA,0.545444341745468
TAACGCC,0.550567167362053
TAACGCG,0.550810458065586
TAACGCT,0.550080408311853
TAACGGA,0.54568888182992
TAACGGC,0.544955082103854
TAACGGG,0.548618707938343
TAACGGT,0.549349825196072
TAACGTA,0.574370320901502
TAACGTC,0.547887055757054
TAACGTG,0.544220743520313
TAACGTT,0.547643052689382
TAACTAA,0.544465582970065
TAACTAC,0.549106178831164
TAACTAG,0.544955082103854
TAACTAT,0.54691068605787
TAACTCA,0.544220743520313
TAACTCC,0.545199741846535
TAACTCG,0.547643052689382
TAACTCT,0.571753333693476
TAACTGA,0.537094196564764
TAACTGC,0.536847545417064
TAACTGG,0.53610722674302
TAACTGT,0.562659771271024
TAACTTA,0.541769046311556
TAACTTC,0.542995646268147
TAACTTG,0.54373088470832
TAACTTT,0.53881905326644
TAAGAAA,0.526183579462832
TAAGAAC,0.566019659536863
TAAGAAG,0.537340786890677
TAAGAAT,0.544710362488134
TAAGACA,0.544220743520313
TAAGACC,0.545199741846535
TAAGACG,0.550080408311853
TAAGACT,0.545199741846535
TAAGAGA,0.544955082103854
TAAGAGC,0.540540939959579
TAAGAGG,0.538326540575898
TAAGAGT,0.570322994241107
TAAGATA,0.549349825196072
TAAGATC,0.541032363504604
TAAGATG,0.538572827242263
TAAGATT,0.540049274798713
TAAGCAA,0.543240785817062
TAAGCAC,0.544710362488134
TAAGCAG,0.623513320394823
TAAGCAT,0.541769046311556
TAAGCCA,0.535613376300595
TAAGCCC,0.557840263195344
TAAGCCG,0.547154867868876
TAAGCCT,0.544710362488134
TAAGCGA,0.542505186816431
TAAGCGC,0.549106178831164
TAAGCGG,0.571753333693476
TAAGCGT,0.550810458065586
TAAGCTA,0.545933362129139
TAAGCTC,0.542995646268147
TAAGCTG,0.535613376300595
TAAGCTT,0.54568888182992
TAAGGAA,0.547643052689382
TAAGGAC,0.561216356183953
TAAGGAG,0.562419346727269
TAAGGAT,0.545933362129139
TAAGGCA,0.565780041533798
TAAGGCC,0.543240785817062
TAAGGCG,0.54617778267235
TAAGGCT,0.539311323507636
TAAGGGA,0.543485865287306
TAAGGGC,0.541523545671142
TAAGGGG,0.538080193237468
TAAGGGT,0.539803351538071
TAAGGTA,0.540049274798713
TAAGGTC,0.540049274798713
TAAGGTG,0.540295137595975
TAAGGTT,0.541277984745362
TAAGTAA,0.535366359591164
TAAGTAC,0.561938324158355
TAAGTAG,0.541523545671142
TAAGTAT,0.539557367784301
TAAGTCA,0.543485865287306
TAAGTCC,0.544710362488134
TAAGTCG,0.550810458065586
TAAGTCT,0.536600833417566
TAAGTGA,0.585240483357526
TAAGTGC,0.545199741846535
TAAGTGG,0.548374883352512
TAAGTGT,0.592966490300319
TAAGTTA,0.547643052689382
TAAGTTC,0.541523545671142
TAAGTTG,0.542259866854641
TAAGTTT,0.542995646268147
TAATAAA,0.522436674843258
TAATAAC,0.544465582970065
TAATAAG,0.544220743520313
TAATAAT,0.538326540575898
TAATACA,0.542014486696199
TAATACC,0.548862473088238
TAATACG,0.550323817453749
TAATACT,0.543485865287306
TAATAGA,0.568412686931105
TAATAGC,0.54568888182992
TAATAGG,0.549349825196072
TAATAGT,0.544710362488134
TAATATA,0.538572827242263
TAATATC,0.54691068605787
TAATATG,0.548130999301753
TAATATT,0.537587316424791
TAATCAA,0.543975844109523
TAATCAC,0.547643052689382
TAATCAG,0.539311323507636
TAATCAT,0.588525476208152
TAATCCA,0.539803351538071
TAATCCC,0.530413168356677
TAATCCG,0.550810458065586
TAATCCT,0.54373088470832
TAATCGA,0.547154867868876
TAATCGC,0.548374883352512
TAATCGG,0.550810458065586
TAATCGT,0.550810458065586
TAATCTA,0.547887055757054
TAATCTC,0.568412686931105
TAATCTG,0.543485865287306
TAATCTT,0.542505186816431
TAATGAA,0.592033177558194
TAATGAC,0.567456163053246
TAATGAG,0.543240785817062
TAATGAT,0.540049274798713
TAATGCA,0.549593412211889
TAATGCC,0.539311323507636
TAATGCG,0.550810458065586
TAATGCT,0.564341126509425
TAATGGA,0.545933362129139
TAATGGC,0.538326540575898
TAATGGG,0.540786681919229
TAATGGT,0.54617778267235
TAATGTA,0.567695379811815
TAATGTC,0.541769046311556
TAATGTG,0.532397389912406
TAATGTT,0.540295137595975
TAATTAA,0.544220743520313
TAATTAC,0.549836939907521
TAATTAG,0.54373088470832
TAATTAT,0.542995646268147
TAATTCA,0.543240785817062
TAATTCC,0.546422143488757
TAATTCG,0.54617778267235
TAATTCT,0.538572827242263
TAATTGA,0.539803351538071
TAATTGC,0.537833785197073
TAATTGG,0.544465582970065
TAATTGT,0.565780041533798
TAATTTA,0.543485865287306
TAATTTC,0.565300633208485
TAATTTG,0.536847545417064
TAATTTT,0.497091973900955
TACAAAA,0.511110981494617
TACAAAC,0.549593412211889
TACAAAG,0.54617778267235
TACAAAT,0.558564671835767
TACAACA,0.544710362488134
TACAACC,0.544955082103854
TACAACG,0.549106178831164
TACAACT,0.544955082103854
TACAAGA,0.538326540575898
TACAAGC,0.587353502870996
TACAAGG,0.562900138024713
TACAAGT,0.539803351538071
TACAATA,0.543485865287306
TACAATC,0.549106178831164
TACAATG,0.565540366100184
TACAATT,0.533388026214955
TACACAA,0.541769046311556
TACACAC,0.54691068605787
TACACAG,0.560011916711166
TACACAT,0.540786681919229
TACACCA,0.541032363504604
TACACCC,0.542259866854641
TACACCG,0.550810458065586
TACACCT,0.540295137595975
TACACGA,0.545444341745468
TACACGC,0.548862473088238
TACACGG,0.547398990069681
TACACGT,0.54617778267235
TACACTA,0.550080408311853
TACACTC,0.529668069054375
TACACTG,0.609389464770023
TACACTT,0.540540939959579
TACAGAA,0.535613376300595
TACAGAC,0.540295137595975
TACAGAG,0.558081791054386
TACAGAT,0.531653768135685
TACAGCA,0.567456163053246
TACAGCC,0.562900138024713
TACAGCG,0.546666444607543
TACAGCT,0.587118943290794
TACAGGA,0.565060842831145
TACAGGC,0.490654143335064
TACAGGG,0.560975584315396
TACAGGT,0.533388026214955
TACAGTA,0.540786681919229
TACAGTC,0.569845759424107
TACAGTG,0.559770854637779
TACAGTT,0.537833785197073
TACATAA,0.541032363504604
TACATAC,0.546666444607543
TACATAG,0.546666444607543
TACATAT,0.545933362129139
TACATCA,0.539803351538071
TACATCC,0.572467736948908
TACATCG,0.547887055757054
TACATCT,0.544465582970065
TACATGA,0.544955082103854
TACATGC,0.541769046311556
TACATGG,0.531653768135685
TACATGT,0.554695080910746
TACATTA,0.544220743520313
TACATTC,0.541032363504604
TACATTG,0.547398990069681
TACATTT,0.532892830733711
TACCAAA,0.567695379811815
TACCAAC,0.549836939907521
TACCAAG,0.59413190761424
TACCAAT,0.549106178831164
TACCACA,0.5279273419663
TACCACC,0.56649872336139
TACCACG,0.54691068605787
TACCACT,0.554937369522638
TACCAGA,0.569845759424107
TACCAGC,0.541523545671142
TACCAGG,0.574845401829444
TACCAGT,0.545199741846535
TACCATA,0.548618707938343
TACCATC,0.544465582970065
TACCATG,0.539803351538071
TACCATT,0.571991524824455
TACCCAA,0.541277984745362
TACCCAC,0.534872143045142
TACCCAG,0.538572827242263
TACCCAT,0.565300633208485
TACCCCA,0.602020928949229
TACCCCC,0.589930033569023
TACCCCG,0.574845401829444
TACCCCT,0.542259866854641
TACCCGA,0.548862473088238
TACCCGC,0.571038419701138
TACCCGG,0.541523545671142
TACCCGT,0.573657276050295
TACCCTA,0.550810458065586
TACCCTC,0.539557367784301
TACCCTG,0.589696077631495
TACCCTT,0.540786681919229
TACCGAA,0.547398990069681
TACCGAC,0.549349825196072
TACCGAG,0.56912947988968
TACCGAT,0.54691068605787
TACCGCA,0.573181630196659
TACCGCC,0.550080408311853
TACCGCG,0.574370320901502
TACCGCT,0.54617778267235
TACCGGA,0.547398990069681
TACCGGC,0.547887055757054
TACCGGG,0.550567167362053
TACCGGT,0.548130999301753
TACCGTA,0.548862473088238
TACCGTC,0.547643052689382
TACCGTG,0.544710362488134
TACCGTT,0.550323817453749
TACCTAA,0.547398990069681
TACCTAC,0.569368296745289
TACCTAG,0.547643052689382
TACCTAT,0.547398990069681
TACCTCA,0.542505186816431
TACCTCC,0.553967862653191
TACCTCG,0.549593412211889
TACCTCT,0.610994119841624
TACCTGA,0.541769046311556
TACCTGC,0.5542103275045
TACCTGG,0.584535150164402
TACCTGT,0.564341126509425
TACCTTA,0.545199741846535
TACCTTC,0.56649872336139
TACCTTG,0.572943722403313
TACCTTT,0.53881905326644
TACGAAA,0.545444341745468
TACGAAC,0.550810458065586
TACGAAG,0.549106178831164
TACGAAT,0.548618707938343
TACGACA,0.548130999301753
TACGACC,0.550810458065586
TACGACG,0.550080408311853
TACGACT,0.574845401829444
TACGAGA,0.550810458065586
TACGAGC,0.547154867868876
TACGAGG,0.56912947988968
TACGAGT,0.571753333693476
TACGATA,0.548862473088238
TACGATC,0.548618707938343
TACGATG,0.574132695772508
TACGATT,0.550810458065586
TACGCAA,0.550323817453749
TACGCAC,0.549836939907521
TACGCAG,0.573181630196659
TACGCAT,0.548130999301753
TACGCCA,0.546666444607543
TACGCCC,0.547154867868876
TACGCCG,0.54617778267235
TACGCCT,0.547154867868876
TACGCGA,0.550810458065586
TACGCGC,0.550323817453749
TACGCGG,0.549836939907521
TACGCGT,0.550810458065586
TACGCTA,0.550080408311853
TACGCTC,0.550810458065586
TACGCTG,0.543485865287306
TACGCTT,0.550810458065586
TACGGAA,0.547398990069681
TACGGAC,0.548862473088238
TACGGAG,0.574607889578209
TACGGAT,0.550810458065586
TACGGCA,0.544710362488134
TACGGCC,0.57389501416439
TACGGCG,0.549349825196072
TACGGCT,0.569368296745289
TACGGGA,0.545933362129139
TACGGGC,0.54617778267235
TACGGGG,0.569368296745289
TACGGGT,0.547154867868876
TACGGTA,0.544710362488134
TACGGTC,0.550810458065586
TACGGTG,0.573181630196659
TACGGTT,0.549593412211889
TACGTAA,0.549593412211889
TACGTAC,0.550810458065586
TACGTAG,0.547643052689382
TACGTAT,0.567934539359412
TACGTCA,0.548130999301753
TACGTCC,0.536600833417566
TACGTCG,0.550567167362053
TACGTCT,0.550080408311853
TACGTGA,0.548374883352512
TACGTGC,0.54691068605787
TACGTGG,0.568173641723396
TACGTGT,0.616476327787381
TACGTTA,0.549349825196072
TACGTTC,0.550810458065586
TACGTTG,0.548130999301753
TACGTTT,0.549836939907521
TACTAAA,0.520933973135489
TACTAAC,0.547154867868876
TACTAAG,0.549593412211889
TACTAAT,0.547154867868876
TACTACA,0.546422143488757
TACTACC,0.547887055757054
TACTACG,0.550810458065586
TACTACT,0.548862473088238
TACTAGA,0.544710362488134
TACTAGC,0.546666444607543
TACTAGG,0.54617778267235
TACTAGT,0.549836939907521
TACTATA,0.547398990069681
TACTATC,0.572705757996379
TACTATG,0.561938324158355
TACTATT,0.568890605986957
TACTCAA,0.549836939907521
TACTCAC,0.54373088470832
TACTCAG,0.532645141005759
TACTCAT,0.570800001413671
TACTCCA,0.561216356183953
TACTCCC,0.537587316424791
TACTCCG,0.548374883352512
TACTCCT,0.569845759424107
TACTCGA,0.549106178831164
TACTCGC,0.548862473088238
TACTCGG,0.562178864365651
TACTCGT,0.550323817453749
TACTCTA,0.539311323507636
TACTCTC,0.544220743520313
TACTCTG,0.563861027693991
TACTCTT,0.569607056581024
TACTGAA,0.568173641723396
TACTGAC,0.544220743520313
TACTGAG,0.539311323507636
TACTGAT,0.543240785817062
TACTGCA,0.593199682444231
TACTGCC,0.572943722403313
TACTGCG,0.549106178831164
TACTGCT,0.566259220136895
TACTGGA,0.552268960597983
TACTGGC,0.562178864365651
TACTGGG,0.558564671835767
TACTGGT,0.544955082103854
TACTGTA,0.548618707938343
TACTGTC,0.54617778267235
TACTGTG,0.564101105913567
TACTGTT,0.543485865287306
TACTTAA,0.539311323507636
TACTTAC,0.549349825196072
TACTTAG,0.596226242225679
TACTTAT,0.544710362488134
TACTTCA,0.540540939959579
TACTTCC,0.614424020219006
TACTTCG,0.545199741846535
TACTTCT,0.543485865287306
TACTTGA,0.546422143488757
TACTTGC,0.547398990069681
TACTTGG,0.532645141005759
TACTTGT,0.54691068605787
TACTTTA,0.541032363504604
TACTTTC,0.542995646268147
TACTTTG,0.547398990069681
TACTTTT,0.538326540575898
TAGAAAA,0.534130359955369
TAGAAAC,0.543485865287306
TAGAAAG,0.527180387479689
TAGAAAT,0.544955082103854
TAGAACA,0.540540939959579
TAGAACC,0.544710362488134
TAGAACG,0.550323817453749
TAGAACT,0.538572827242263
TAGAAGA,0.539557367784301
TAGAAGC,0.562900138024713
TAGAAGG,0.530164863603354
TAGAAGT,0.540540939959579
TAGAATA,0.547887055757054
TAGAATC,0.545933362129139
TAGAATG,0.544465582970065
TAGAATT,0.541032363504604
TAGACAA,0.538572827242263
TAGACAC,0.54617778267235
TAGACAG,0.566259220136895
TAGACAT,0.543975844109523
TAGACCA,0.542750446611098
TAGACCC,0.563380698272967
TAGACCG,0.544955082103854
TAGACCT,0.542750446611098
TAGACGA,0.54691068605787
TAGACGC,0.549349825196072
TAGACGG,0.535366359591164
TAGACGT,0.574370320901502
TAGACTA,0.595761213444788
TAGACTC,0.547398990069681
TAGACTG,0.542505186816431
TAGACTT,0.544710362488134
TAGAGAA,0.55735703239966
TAGAGAC,0.509084026951281
TAGAGAG,0.541277984745362
TAGAGAT,0.526183579462832
TAGAGCA,0.548130999301753
TAGAGCC,0.530909592974082
TAGAGCG,0.547643052689382
TAGAGCT,0.540295137595975
TAGAGGA,0.53881905326644
TAGAGGC,0.608930518550468
TAGAGGG,0.560734754461784
TAGAGGT,0.544465582970065
TAGAGTA,0.538572827242263
TAGAGTC,0.54617778267235
TAGAGTG,0.52493617052785
TAGAGTT,0.543240785817062
TAGATAA,0.540295137595975
TAGATAC,0.547887055757054
TAGATAG,0.546422143488757
TAGATAT,0.542750446611098
TAGATCA,0.547887055757054
TAGATCC,0.550810458065586
TAGATCG,0.550810458065586
TAGATCT,0.544465582970065
TAGATGA,0.546422143488757
TAGATGC,0.539557367784301
TAGATGG,0.541032363504604
TAGATGT,0.534377682128348
TAGATTA,0.545199741846535
TAGATTC,0.571276781158874
TAGATTG,0.546666444607543
TAGATTT,0.532645141005759
TAGCAAA,0.538326540575898
TAGCAAC,0.54691068605787
TAGCAAG,0.541769046311556
TAGCAAT,0.542505186816431
TAGCACA,0.541523545671142
TAGCACC,0.539065218678287
TAGCACG,0.550810458065586
TAGCACT,0.570561526269369
TAGCAGA,0.542995646268147
TAGCAGC,0.547154867868876
TAGCAGG,0.546666444607543
TAGCAGT,0.53610722674302
TAGCATA,0.573657276050295
TAGCATC,0.547398990069681
TAGCATG,0.568890605986957
TAGCATT,0.531901703507817
TAGCCAA,0.548862473088238
TAGCCAC,0.547154867868876
TAGCCAG,0.526682107674533
TAGCCAT,0.570322994241107
TAGCCCA,0.542505186816431
TAGCCCC,0.538080193237468
TAGCCCG,0.57222965923393
TAGCCCT,0.534872143045142
TAGCCGA,0.572943722403313
TAGCCGC,0.54617778267235
TAGCCGG,0.537587316424791
TAGCCGT,0.574845401829444
TAGCCTA,0.545444341745468
TAGCCTC,0.536354060536236
TAGCCTG,0.560011916711166
TAGCCTT,0.542014486696199
TAGCGAA,0.549836939907521
TAGCGAC,0.547154867868876
TAGCGAG,0.549106178831164
TAGCGAT,0.549106178831164
TAGCGCA,0.550323817453749
TAGCGCC,0.550810458065586
TAGCGCG,0.548862473088238
TAGCGCT,0.544465582970065
TAGCGGA,0.550810458065586
TAGCGGC,0.593665903659702
TAGCGGG,0.534624943148194
TAGCGGT,0.547398990069681
TAGCGTA,0.550567167362053
TAGCGTC,0.544955082103854
TAGCGTG,0.548374883352512
TAGCGTT,0.550810458065586
TAGCTAA,0.541032363504604
TAGCTAC,0.54691068605787
TAGCTAG,0.549349825196072
TAGCTAT,0.547887055757054
TAGCTCA,0.541523545671142
TAGCTCC,0.53586033200784
TAGCTCG,0.547887055757054
TAGCTCT,0.524186977589027
TAGCTGA,0.531653768135685
TAGCTGC,0.542014486696199
TAGCTGG,0.475294494418522
TAGCTGT,0.54568888182992
TAGCTTA,0.548618707938343
TAGCTTC,0.536847545417064
TAGCTTG,0.571515085813964
TAGCTTT,0.566019659536863
TAGGAAA,0.542995646268147
TAGGAAC,0.544220743520313
TAGGAAG,0.562900138024713
TAGGAAT,0.535119281849402
TAGGACA,0.540540939959579
TAGGACC,0.546422143488757
TAGGACG,0.543240785817062
TAGGACT,0.55663174808883
TAGGAGA,0.531405771276359
TAGGAGC,0.563140447016109
TAGGAGG,0.524186977589027
TAGGAGT,0.538080193237468
TAGGATA,0.54568888182992
TAGGATC,0.544710362488134
TAGGATG,0.536847545417064
TAGGATT,0.52892241416511
TAGGCAA,0.538326540575898
TAGGCAC,0.594830506624456
TAGGCAG,0.533388026214955
TAGGCAT,0.570084405301741
TAGGCCA,0.537340786890677
TAGGCCC,0.541032363504604
TAGGCCG,0.549836939907521
TAGGCCT,0.566977557793659
TAGGCGA,0.549593412211889
TAGGCGC,0.550080408311853
TAGGCGG,0.598084197843763
TAGGCGT,0.568412686931105
TAGGCTA,0.54568888182992
TAGGCTC,0.542995646268147
TAGGCTG,0.539557367784301
TAGGCTT,0.581708831890764
TAGGGAA,0.538326540575898
TAGGGAC,0.564341126509425
TAGGGAG,0.533635532028962
TAGGGAT,0.544465582970065
TAGGGCA,0.541032363504604
TAGGGCC,0.536354060536236
TAGGGCG,0.548374883352512
TAGGGCT,0.524436770939387
TAGGGGA,0.542995646268147
TAGGGGC,0.542014486696199
TAGGGGG,0.553967862653191
TAGGGGT,0.536600833417566
TAGGGTA,0.549106178831164
TAGGGTC,0.542995646268147
TAGGGTG,0.631623648213044
TAGGGTT,0.540295137595975
TAGGTAA,0.546422143488757
TAGGTAC,0.568173641723396
TAGGTAG,0.545444341745468
TAGGTAT,0.539311323507636
TAGGTCA,0.542014486696199
TAGGTCC,0.54691068605787
TAGGTCG,0.548130999301753
TAGGTCT,0.544955082103854
TAGGTGA,0.542014486696199
TAGGTGC,0.562419346727269
TAGGTGG,0.511870031465128
TAGGTGT,0.540295137595975
TAGGTTA,0.539065218678287
TAGGTTC,0.540295137595975
TAGGTTG,0.541277984745362
TAGGTTT,0.533882976599
TAGTAAA,0.541277984745362
TAGTAAC,0.550567167362053
TAGTAAG,0.542259866854641
TAGTAAT,0.539803351538071
TAGTACA,0.546666444607543
TAGTACC,0.550810458065586
TAGTACG,0.550810458065586
TAGTACT,0.547398990069681
TAGTAGA,0.513638910660364
TAGTAGC,0.54617778267235
TAGTAGG,0.54691068605787
TAGTAGT,0.544220743520313
TAGTATA,0.548374883352512
TAGTATC,0.535613376300595
TAGTATG,0.543240785817062
TAGTATT,0.542014486696199
TAGTCAA,0.543975844109523
TAGTCAC,0.569845759424107
TAGTCAG,0.54617778267235
TAGTCAT,0.57222965923393
TAGTCCA,0.54691068605787
TAGTCCC,0.527429434307149
TAGTCCG,0.545199741846535
TAGTCCT,0.545444341745468
TAGTCGA,0.550810458065586
TAGTCGC,0.546422143488757
TAGTCGG,0.550810458065586
TAGTCGT,0.550810458065586
TAGTCTA,0.550323817453749
TAGTCTC,0.54568888182992
TAGTCTG,0.542014486696199
TAGTCTT,0.548618707938343
TAGTGAA,0.542259866854641
TAGTGAC,0.537340786890677
TAGTGAG,0.540540939959579
TAGTGAT,0.544710362488134
TAGTGCA,0.544220743520313
TAGTGCC,0.550323817453749
TAGTGCG,0.550323817453749
TAGTGCT,0.541523545671142
TAGTGGA,0.593432820222244
TAGTGGC,0.559529734439456
TAGTGGG,0.535366359591164
TAGTGGT,0.571038419701138
TAGTGTA,0.541277984745362
TAGTGTC,0.543240785817062
TAGTGTG,0.535119281849402
TAGTGTT,0.56912947988968
TAGTTAA,0.542259866854641
TAGTTAC,0.54568888182992
TAGTTAG,0.547398990069681
TAGTTAT,0.569607056581024
TAGTTCA,0.617842196580541
TAGTTCC,0.542259866854641
TAGTTCG,0.550810458065586
TAGTTCT,0.549349825196072
TAGTTGA,0.545199741846535
TAGTTGC,0.548374883352512
TAGTTGG,0.541523545671142
TAGTTGT,0.544220743520313
TAGTTTA,0.531901703507817
TAGTTTC,0.54373088470832
TAGTTTG,0.53586033200784
TAGTTTT,0.539311323507636
TATAAAA,0.537340786890677
TATAAAC,0.550323817453749
TATAAAG,0.539803351538071
TATAAAT,0.538080193237468
TATAACA,0.547398990069681
TATAACC,0.550323817453749
TATAACG,0.547887055757054
TATAACT,0.547887055757054
TATAAGA,0.542505186816431
TATAAGC,0.546422143488757
TATAAGG,0.540049274798713
TATAAGT,0.546422143488757
TATAATA,0.547643052689382
TATAATC,0.535613376300595
TATAATG,0.544465582970065
TATAATT,0.544710362488134
TATACAA,0.54373088470832
TATACAC,0.544955082103854
TATACAG,0.54617778267235
TATACAT,0.54691068605787
TATACCA,0.571038419701138
TATACCC,0.548374883352512
TATACCG,0.550810458065586
TATACCT,0.540049274798713
TATACGA,0.550323817453749
TATACGC,0.550810458065586
TATACGG,0.550810458065586
TATACGT,0.534872143045142
TATACTA,0.548130999301753
TATACTC,0.543240785817062
TATACTG,0.549349825196072
TATACTT,0.548618707938343
TATAGAA,0.540786681919229
TATAGAC,0.547398990069681
TATAGAG,0.532397389912406
TATAGAT,0.548374883352512
TATAGCA,0.544710362488134
TATAGCC,0.54691068605787
TATAGCG,0.550810458065586
TATAGCT,0.542259866854641
TATAGGA,0.549593412211889
TATAGGC,0.537587316424791
TATAGGG,0.52892241416511
TATAGGT,0.539557367784301
TATAGTA,0.54568888182992
TATAGTC,0.547643052689382
TATAGTG,0.544710362488134
TATAGTT,0.572943722403313
TATATAA,0.539803351538071
TATATAC,0.549106178831164
TATATAG,0.533635532028962
TATATAT,0.553725338998419
TATATCA,0.54617778267235
TATATCC,0.550323817453749
TATATCG,0.550810458065586
TATATCT,0.547643052689382
TATATGA,0.567934539359412
TATATGC,0.547398990069681
TATATGG,0.572705757996379
TATATGT,0.545444341745468
TATATTA,0.546666444607543
TATATTC,0.547643052689382
TATATTG,0.543485865287306
TATATTT,0.536354060536236
TATCAAA,0.547643052689382
TATCAAC,0.542750446611098
TATCAAG,0.566019659536863
TATCAAT,0.550323817453749
TATCACA,0.54373088470832
TATCACC,0.591799713204015
TATCACG,0.54691068605787
TATCACT,0.549349825196072
TATCAGA,0.542014486696199
TATCAGC,0.545199741846535
TATCAGG,0.543485865287306
TATCAGT,0.571038419701138
TATCATA,0.54691068605787
TATCATC,0.549106178831164
TATCATG,0.539311323507636
TATCATT,0.541277984745362
TATCCAA,0.543485865287306
TATCCAC,0.544955082103854
TATCCAG,0.591332620915189
TATCCAT,0.54617778267235
TATCCCA,0.544710362488134
TATCCCC,0.540786681919229
TATCCCG,0.545933362129139
TATCCCT,0.588056851682984
TATCCGA,0.548618707938343
TATCCGC,0.548374883352512
TATCCGG,0.547887055757054
TATCCGT,0.550810458065586
TATCCTA,0.54691068605787
TATCCTC,0.544710362488134
TATCCTG,0.56912947988968
TATCCTT,0.541769046311556
TATCGAA,0.550810458065586
TATCGAC,0.550810458065586
TATCGAG,0.550567167362053
TATCGAT,0.549836939907521
TATCGCA,0.542505186816431
TATCGCC,0.544465582970065
TATCGCG,0.548130999301753
TATCGCT,0.549836939907521
TATCGGA,0.550323817453749
TATCGGC,0.546666444607543
TATCGGG,0.574370320901502
TATCGGT,0.550810458065586
TATCGTA,0.550810458065586
TATCGTC,0.574132695772508
TATCGTG,0.550080408311853
TATCGTT,0.550080408311853
TATCTAA,0.542995646268147
TATCTAC,0.543485865287306
TATCTAG,0.542995646268147
TATCTAT,0.543240785817062
TATCTCA,0.539311323507636
TATCTCC,0.536354060536236
TATCTCG,0.550810458065586
TATCTCT,0.541032363504604
TATCTGA,0.564341126509425
TATCTGC,0.550080408311853
TATCTGG,0.544955082103854
TATCTGT,0.563620891823023
TATCTTA,0.549593412211889
TATCTTC,0.544465582970065
TATCTTG,0.542750446611098
TATCTTT,0.535366359591164
TATGAAA,0.532892830733711
TATGAAC,0.538572827242263
TATGAAG,0.542259866854641
TATGAAT,0.565060842831145
TATGACA,0.543975844109523
TATGACC,0.548618707938343
TATGACG,0.549836939907521
TATGACT,0.543240785817062
TATGAGA,0.544710362488134
TATGAGC,0.568651675009859
TATGAGG,0.539803351538071
TATGAGT,0.543975844109523
TATGATA,0.54691068605787
TATGATC,0.547643052689382
TATGATG,0.659284506492715
TATGATT,0.542259866854641
TATGCAA,0.54568888182992
TATGCAC,0.540295137595975
TATGCAG,0.537587316424791
TATGCAT,0.538572827242263
TATGCCA,0.544955082103854
TATGCCC,0.573181630196659
TATGCCG,0.550567167362053
TATGCCT,0.568173641723396
TATGCGA,0.549836939907521
TATGCGC,0.550810458065586
TATGCGG,0.568890605986957
TATGCGT,0.550810458065586
TATGCTA,0.550323817453749
TATGCTC,0.570800001413671
TATGCTG,0.561697726077547
TATGCTT,0.543485865287306
TATGGAA,0.569845759424107
TATGGAC,0.566738169237826
TATGGAG,0.547398990069681
TATGGAT,0.547643052689382
TATGGCA,0.570561526269369
TATGGCC,0.570322994241107
TATGGCG,0.550810458065586
TATGGCT,0.541769046311556
TATGGGA,0.579583838633565
TATGGGC,0.545444341745468
TATGGGG,0.59413190761424
TATGGGT,0.559047319555836
TATGGTA,0.547398990069681
TATGGTC,0.548618707938343
TATGGTG,0.534872143045142
TATGGTT,0.592499942813337
TATGTAA,0.546422143488757
TATGTAC,0.548618707938343
TATGTAG,0.542750446611098
TATGTAT,0.543240785817062
TATGTCA,0.547398990069681
TATGTCC,0.573181630196659
TATGTCG,0.550810458065586
TATGTCT,0.548374883352512
TATGTGA,0.53881905326644
TATGTGC,0.578401332718122
TATGTGG,0.565540366100184
TATGTGT,0.55735703239966
TATGTTA,0.545199741846535
TATGTTC,0.54373088470832
TATGTTG,0.554452733580856
TATGTTT,0.569845759424107
TATTAAA,0.533140459126653
TATTAAC,0.547398990069681
TATTAAG,0.54617778267235
TATTAAT,0.54373088470832
TATTACA,0.549106178831164
TATTACC,0.546666444607543
TATTACG,0.550810458065586
TATTACT,0.543975844109523
TATTAGA,0.56649872336139
TATTAGC,0.546666444607543
TATTAGG,0.545933362129139
TATTAGT,0.540540939959579
TATTATA,0.542750446611098
TATTATC,0.54691068605787
TATTATG,0.539803351538071
TATTATT,0.527429434307149
TATTCAA,0.592033177558194
TATTCAC,0.545933362129139
TATTCAG,0.568890605986957
TATTCAT,0.565780041533798
TATTCCA,0.542505186816431
TATTCCC,0.567456163053246
TATTCCG,0.549593412211889
TATTCCT,0.558806024814404
TATTCGA,0.550567167362053
TATTCGC,0.550810458065586
TATTCGG,0.548130999301753
TATTCGT,0.573419481403349
TATTCTA,0.551783029407716
TATTCTC,0.536600833417566
TATTCTG,0.559047319555836
TATTCTT,0.565780041533798
TATTGAA,0.565780041533798
TATTGAC,0.542014486696199
TATTGAG,0.541523545671142
TATTGAT,0.566977557793659
TATTGCA,0.56912947988968
TATTGCC,0.541769046311556
TATTGCG,0.548862473088238
TATTGCT,0.541523545671142
TATTGGA,0.568651675009859
TATTGGC,0.534377682128348
TATTGGG,0.61465226250231
TATTGGT,0.57222965923393
TATTGTA,0.542259866854641
TATTGTC,0.547643052689382
TATTGTG,0.540540939959579
TATTGTT,0.544955082103854
TATTTAA,0.534130359955369
TATTTAC,0.544955082103854
TATTTAG,0.542014486696199
TATTTAT,0.519930916022036
TATTTCA,0.565540366100184
TATTTCC,0.539065218678287
TATTTCG,0.549106178831164
TATTTCT,0.52817620285971
TATTTGA,0.54373088470832
TATTTGC,0.565060842831145
TATTTGG,0.53881905326644
TATTTGT,0.553725338998419
TATTTTA,0.549836939907521
TATTTTC,0.527429434307149
TATTTTG,0.546666444607543
TATTTTT,0.465275451443578
TCAAAAA,0.508069006890478
TCAAAAC,0.537340786890677
TCAAAAG,0.542014486696199
TCAAAAT,0.535366359591164
TCAAACA,0.546422143488757
TCAAACC,0.547887055757054
TCAAACG,0.542750446611098
TCAAACT,0.523687203620185
TCAAAGA,0.563620891823023
TCAAAGC,0.532149577423238
TCAAAGG,0.564101105913567
TCAAAGT,0.570800001413671
TCAAATA,0.544465582970065
TCAAATC,0.548130999301753
TCAAATG,0.530413168356677
TCAAATT,0.536847545417064
TCAACAA,0.560734754461784
TCAACAC,0.587353502870996
TCAACAG,0.561697726077547
TCAACAT,0.544465582970065
TCAACCA,0.542259866854641
TCAACCC,0.541769046311556
TCAACCG,0.544710362488134
TCAACCT,0.579820172110774
TCAACGA,0.54617778267235
TCAACGC,0.549836939907521
TCAACGG,0.568651675009859
TCAACGT,0.540295137595975
TCAACTA,0.54373088470832
TCAACTC,0.530661411470054
TCAACTG,0.564101105913567
TCAACTT,0.533140459126653
TCAAGAA,0.558806024814404
TCAAGAC,0.533140459126653
TCAAGAG,0.539557367784301
TCAAGAT,0.537094196564764
TCAAGCA,0.557840263195344
TCAAGCC,0.567695379811815
TCAAGCG,0.50705295551706
TCAAGCT,0.56649872336139
TCAAGGA,0.585475483910779
TCAAGGC,0.560011916711166
TCAAGGG,0.541277984745362
TCAAGGT,0.551783029407716
TCAAGTA,0.544465582970065
TCAAGTC,0.542750446611098
TCAAGTG,0.514900482865168
TCAAGTT,0.561697726077547
TCAATAA,0.541277984745362
TCAATAC,0.550567167362053
TCAATAG,0.547154867868876
TCAATAT,0.568412686931105
TCAATCA,0.54617778267235
TCAATCC,0.542750446611098
TCAATCG,0.546666444607543
TCAATCT,0.53881905326644
TCAATGA,0.661029019133027
TCAATGC,0.567934539359412
TCAATGG,0.546666444607543
TCAATGT,0.541769046311556
TCAATTA,0.538326540575898
TCAATTC,0.549106178831164
TCAATTG,0.54373088470832
TCAATTT,0.54617778267235
TCACAAA,0.537094196564764
TCACAAC,0.541277984745362
TCACAAG,0.539065218678287
TCACAAT,0.54568888182992
TCACACA,0.502212562985242
TCACACC,0.518173141439992
TCACACG,0.544955082103854
TCACACT,0.549593412211889
TCACAGA,0.589930033569023
TCACAGC,0.570800001413672
TCACAGG,0.533882976599
TCACAGT,0.534872143045142
TCACATA,0.540295137595975
TCACATC,0.568651675009859
TCACATG,0.539065218678287
TCACATT,0.53881905326644
TCACCAA,0.532892830733711
TCACCAC,0.562659771271024
TCACCAG,0.542014486696199
TCACCAT,0.511110981494617
TCACCCA,0.505781437820346
TCACCCC,0.555905937358841
TCACCCG,0.60594222295475
TCACCCT,0.542014486696199
TCACCGA,0.568173641723396
TCACCGC,0.609848200454566
TCACCGG,0.543240785817062
TCACCGT,0.542505186816431
TCACCTA,0.567456163053246
TCACCTC,0.586884328679486
TCACCTG,0.529916497179467
TCACCTT,0.636101124805327
TCACGAA,0.547154867868876
TCACGAC,0.550323817453749
TCACGAG,0.539065218678287
TCACGAT,0.54691068605787
TCACGCA,0.563861027693991
TCACGCC,0.525185776828227
TCACGCG,0.543485865287306
TCACGCT,0.543485865287306
TCACGGA,0.573181630196659
TCACGGC,0.570800001413671
TCACGGG,0.537587316424791
TCACGGT,0.547154867868876
TCACGTA,0.54691068605787
TCACGTC,0.565780041533798
TCACGTG,0.56649872336139
TCACGTT,0.549349825196072
TCACTAA,0.540295137595975
TCACTAC,0.612824863922
TCACTAG,0.550810458065586
TCACTAT,0.539065218678287
TCACTCA,0.541523545671142
TCACTCC,0.530909592974082
TCACTCG,0.545444341745468
TCACTCT,0.520933973135489
TCACTGA,0.605251346277056
TCACTGC,0.474769671482765
TCACTGG,0.520181774640252
TCACTGT,0.512628505715754
TCACTTA,0.593665903659702
TCACTTC,0.556389869707581
TCACTTG,0.528425001836785
TCACTTT,0.527180387479689
TCAGAAA,0.533140459126653
TCAGAAC,0.537340786890677
TCAGAAG,0.518173141439992
TCAGAAT,0.531901703507817
TCAGACA,0.580056449747667
TCAGACC,0.53881905326644
TCAGACG,0.543485865287306
TCAGACT,0.539065218678287
TCAGAGA,0.546422143488757
TCAGAGC,0.531901703507817
TCAGAGG,0.549106178831164
TCAGAGT,0.516160465510676
TCAGATA,0.541523545671142
TCAGATC,0.515404666446114
TCAGATG,0.579820172110774
TCAGATT,0.564341126509425
TCAGCAA,0.548618707938343
TCAGCAC,0.531157712899333
TCAGCAG,0.593665903659702
TCAGCAT,0.564341126509425
TCAGCCA,0.516664014388918
TCAGCCC,0.518926851774713
TCAGCCG,0.566019659536863
TCAGCCT,0.570322994241107
TCAGCGA,0.548130999301753
TCAGCGC,0.60594222295475
TCAGCGG,0.560493866595183
TCAGCGT,0.592499942813337
TCAGCTA,0.537340786890677
TCAGCTC,0.534624943148194
TCAGCTG,0.560011916711166
TCAGCTT,0.575082857682005
TCAGGAA,0.549106178831164
TCAGGAC,0.53610722674302
TCAGGAG,0.574607889578209
TCAGGAT,0.538080193237468
TCAGGCA,0.527678419125729
TCAGGCC,0.544710362488134
TCAGGCG,0.56458108950922
TCAGGCT,0.524686501908612
TCAGGGA,0.645217750458061
TCAGGGC,0.516915693774396
TCAGGGG,0.523937121826358
TCAGGGT,0.576980477359578
TCAGGTA,0.540049274798713
TCAGGTC,0.537833785197073
TCAGGTG,0.566019659536863
TCAGGTT,0.533140459126653
TCAGTAA,0.541523545671142
TCAGTAC,0.540786681919229
TCAGTAG,0.540540939959579
TCAGTAT,0.545933362129139
TCAGTCA,0.540049274798713
TCAGTCC,0.542505186816431
TCAGTCG,0.550567167362053
TCAGTCT,0.56649872336139
TCAGTGA,0.579583838633565
TCAGTGC,0.552026024518989
TCAGTGG,0.548374883352512
TCAGTGT,0.534624943148194
TCAGTTA,0.543240785817062
TCAGTTC,0.538080193237468
TCAGTTG,0.558564671835767
TCAGTTT,0.522436674843258
TCATAAA,0.548130999301753
TCATAAC,0.550810458065586
TCATAAG,0.541277984745362
TCATAAT,0.571276781158874
TCATACA,0.538080193237468
TCATACC,0.570084405301741
TCATACG,0.549349825196072
TCATACT,0.546422143488757
TCATAGA,0.565540366100184
TCATAGC,0.572467736948908
TCATAGG,0.571038419701138
TCATAGT,0.548130999301753
TCATATA,0.544955082103854
TCATATC,0.570084405301741
TCATATG,0.56912947988968
TCATATT,0.56649872336139
TCATCAA,0.542259866854641
TCATCAC,0.537833785197073
TCATCAG,0.556389869707581
TCATCAT,0.540540939959579
TCATCCA,0.537833785197073
TCATCCC,0.535613376300595
TCATCCG,0.540540939959579
TCATCCT,0.58922800148624
TCATCGA,0.548374883352512
TCATCGC,0.57222965923393
TCATCGG,0.549106178831164
TCATCGT,0.57389501416439
TCATCTA,0.542259866854641
TCATCTC,0.532397389912406
TCATCTG,0.52643287463498
TCATCTT,0.535119281849402
TCATGAA,0.55928855608816
TCATGAC,0.567216889056327
TCATGAG,0.534377682128348
TCATGAT,0.587353502870996
TCATGCA,0.536354060536236
TCATGCC,0.530909592974082
TCATGCG,0.548130999301753
TCATGCT,0.548862473088237
TCATGGA,0.538080193237468
TCATGGC,0.53586033200784
TCATGGG,0.562178864365651
TCATGGT,0.54617778267235
TCATGTA,0.547398990069681
TCATGTC,0.530661411470054
TCATGTG,0.559529734439456
TCATGTT,0.541277984745362
TCATTAA,0.539065218678287
TCATTAC,0.544710362488134
TCATTAG,0.541032363504604
TCATTAT,0.545933362129139
TCATTCA,0.559047319555836
TCATTCC,0.537340786890677
TCATTCG,0.572467736948908
TCATTCT,0.578401332718122
TCATTGA,0.544955082103854
TCATTGC,0.548862473088237
TCATTGG,0.557598676986502
TCATTGT,0.538572827242263
TCATTTA,0.532149577423238
TCATTTC,0.555905937358841
TCATTTG,0.531901703507817
TCATTTT,0.552268960597983
TCCAAAA,0.541277984745362
TCCAAAC,0.543240785817062
TCCAAAG,0.538326540575898
TCCAAAT,0.539311323507636
TCCAACA,0.585475483910779
TCCAACC,0.53881905326644
TCCAACG,0.544955082103854
TCCAACT,0.588759706143102
TCCAAGA,0.537094196564764
TCCAAGC,0.538572827242263
TCCAAGG,0.599475402684629
TCCAAGT,0.534624943148194
TCCAATA,0.54617778267235
TCCAATC,0.550323817453749
TCCAATG,0.569607056581024
TCCAATT,0.548130999301753
TCCACAA,0.537094196564764
TCCACAC,0.555421770706192
TCCACAG,0.537340786890677
TCCACAT,0.564820994940588
TCCACCA,0.549593412211889
TCCACCC,0.509591150893288
TCCACCG,0.562900138024713
TCCACCT,0.523687203620185
TCCACGA,0.544710362488134
TCCACGC,0.563140447016109
TCCACGG,0.603175847755463
TCCACGT,0.564101105913567
TCCACTA,0.542995646268147
TCCACTC,0.518424441343436
TCCACTG,0.554937369522638
TCCACTT,0.531157712899333
TCCAGAA,0.602252019442119
TCCAGAC,0.556147932807025
TCCAGAG,0.552026024518989
TCCAGAT,0.535613376300595
TCCAGCA,0.545444341745468
TCCAGCC,0.570800001413672
TCCAGCG,0.534872143045142
TCCAGCT,0.53586033200784
TCCAGGA,0.599243669575915
TCCAGGC,0.631174795947141
TCCAGGG,0.678308779052365
TCCAGGT,0.632520748791554
TCCAGTA,0.540049274798713
TCCAGTC,0.583829319125197
TCCAGTG,0.577927938544287
TCCAGTT,0.557598676986502
TCCATAA,0.544220743520313
TCCATAC,0.541769046311556
TCCATAG,0.545199741846535
TCCATAT,0.571276781158874
TCCATCA,0.607092624451385
TCCATCC,0.584770316510321
TCCATCG,0.573419481403349
TCCATCT,0.518424441343436
TCCATGA,0.610306725797169
TCCATGC,0.534377682128348
TCCATGG,0.577927938544287
TCCATGT,0.585710429251747
TCCATTA,0.54373088470832
TCCATTC,0.517921778369032
TCCATTG,0.537094196564764
TCCATTT,0.532645141005759
TCCCAAA,0.5128812026791
TCCCAAC,0.563861027693991
TCCCAAG,0.523687203620185
TCCCAAT,0.569368296745289
TCCCACA,0.548618707938343
TCCCACC,0.605020947941413
TCCCACG,0.538080193237468
TCCCACT,0.5542103275045
TCCCAGA,0.494006987195118
TCCCAGC,0.501701682386297
TCCCAGG,0.647428766607837
TCCCAGT,0.540540939959579
TCCCATA,0.550080408311853
TCCCATC,0.551783029407716
TCCCATG,0.582887435429914
TCCCATT,0.528425001836785
TCCCCAA,0.563861027693991
TCCCCAC,0.57934744928964
TCCCCAG,0.563140447016109
TCCCCAT,0.531405771276359
TCCCCCA,0.532892830733711
TCCCCCC,0.540295137595975
TCCCCCG,0.627576706458564
TCCCCCT,0.506290238926336
TCCCCGA,0.588525476208152
TCCCCGC,0.540540939959579
TCCCCGG,0.685988310315401
TCCCCGT,0.546422143488757
TCCCCTA,0.532397389912406
TCCCCTC,0.519429009916496
TCCCCTG,0.574370320901502
TCCCCTT,0.542995646268147
TCCCGAA,0.541277984745362
TCCCGAC,0.567216889056327
TCCCGAG,0.588291191396686
TCCCGAT,0.542259866854641
TCCCGCA,0.567216889056327
TCCCGCC,0.556147932807025
TCCCGCG,0.566259220136895
TCCCGCT,0.565540366100184
TCCCGGA,0.599707082105549
TCCCGGC,0.56649872336139
TCCCGGG,0.581944663753294
TCCCGGT,0.536847545417064
TCCCGTA,0.549593412211889
TCCCGTC,0.563380698272967
TCCCGTG,0.559529734439456
TCCCGTT,0.535119281849402
TCCCTAA,0.539065218678287
TCCCTAC,0.536600833417566
TCCCTAG,0.555905937358841
TCCCTAT,0.544710362488134
TCCCTCA,0.546422143488757
TCCCTCC,0.491686985440181
TCCCTCG,0.559529734439456
TCCCTCT,0.529668069054375
TCCCTGA,0.531653768135685
TCCCTGC,0.602944970676565
TCCCTGG,0.623739497748691
TCCCTGT,0.647207884849854
TCCCTTA,0.546422143488757
TCCCTTC,0.560493866595183
TCCCTTG,0.522686905735711
TCCCTTT,0.532892830733711
TCCGAAA,0.54568888182992
TCCGAAC,0.570800001413671
TCCGAAG,0.54568888182992
TCCGAAT,0.54691068605787
TCCGACA,0.546666444607543
TCCGACC,0.528425001836785
TCCGACG,0.570561526269369
TCCGACT,0.547643052689382
TCCGAGA,0.557115329406598
TCCGAGC,0.537340786890677
TCCGAGG,0.611452120172321
TCCGAGT,0.545199741846535
TCCGATA,0.549593412211889
TCCGATC,0.550323817453749
TCCGATG,0.549836939907521
TCCGATT,0.547643052689382
TCCGCAA,0.548618707938343
TCCGCAC,0.56458108950922
TCCGCAG,0.527678419125729
TCCGCAT,0.547887055757054
TCCGCCA,0.590163934783973
TCCGCCC,0.537340786890677
TCCGCCG,0.632520748791554
TCCGCCT,0.595528617934781
TCCGCGA,0.596458675546845
TCCGCGC,0.611681041700066
TCCGCGG,0.588291191396686
TCCGCGT,0.547154867868876
TCCGCTA,0.545199741846535
TCCGCTC,0.532645141005759
TCCGCTG,0.535366359591164
TCCGCTT,0.571276781158874
TCCGGAA,0.548374883352512
TCCGGAC,0.565300633208485
TCCGGAG,0.531901703507817
TCCGGAT,0.541523545671142
TCCGGCA,0.542995646268147
TCCGGCC,0.537833785197073
TCCGGCG,0.561697726077547
TCCGGCT,0.567456163053246
TCCGGGA,0.710961755046285
TCCGGGC,0.618978997193577
TCCGGGG,0.600633263408465
TCCGGGT,0.565540366100184
TCCGGTA,0.548618707938343
TCCGGTC,0.567695379811815
TCCGGTG,0.634312539184134
TCCGGTT,0.546666444607543
TCCGTAA,0.549593412211889
TCCGTAC,0.547154867868876
TCCGTAG,0.54691068605787
TCCGTAT,0.597155651534544
TCCGTCA,0.570561526269369
TCCGTCC,0.561938324158355
TCCGTCG,0.544220743520313
TCCGTCT,0.535613376300595
TCCGTGA,0.544710362488134
TCCGTGC,0.53586033200784
TCCGTGG,0.609618858917098
TCCGTGT,0.541769046311556
TCCGTTA,0.549836939907521
TCCGTTC,0.544955082103854
TCCGTTG,0.54691068605787
TCCGTTT,0.54373088470832
TCCTAAA,0.585710429251747
TCCTAAC,0.570561526269369
TCCTAAG,0.540295137595975
TCCTAAT,0.543485865287306
TCCTACA,0.566977557793659
TCCTACC,0.53610722674302
TCCTACG,0.547154867868876
TCCTACT,0.565780041533798
TCCTAGA,0.564101105913567
TCCTAGC,0.533882976599
TCCTAGG,0.58218044001227
TCCTAGT,0.568173641723396
TCCTATA,0.54373088470832
TCCTATC,0.541523545671142
TCCTATG,0.545444341745468
TCCTATT,0.540049274798713
TCCTCAA,0.532397389912406
TCCTCAC,0.516160465510676
TCCTCAG,0.536847545417064
TCCTCAT,0.523687203620185
TCCTCCA,0.562900138024713
TCCTCCC,0.514900482865168
TCCTCCG,0.613967379309302
TCCTCCT,0.535119281849402
TCCTCGA,0.544220743520313
TCCTCGC,0.560011916711166
TCCTCGG,0.52493617052785
TCCTCGT,0.596458675546845
TCCTCTA,0.557840263195344
TCCTCTC,0.527678419125729
TCCTCTG,0.551539975235466
TCCTCTT,0.585005427566031
TCCTGAA,0.560011916711166
TCCTGAC,0.559770854637779
TCCTGAG,0.524186977589027
TCCTGAT,0.53881905326644
TCCTGCA,0.652715344765825
TCCTGCC,0.613282026729814
TCCTGCG,0.588056851682984
TCCTGCT,0.520181774640252
TCCTGGA,0.615336676951346
TCCTGGC,0.644110406454714
TCCTGGG,0.747589855611018
TCCTGGT,0.547643052689382
TCCTGTA,0.537587316424791
TCCTGTC,0.568173641723396
TCCTGTG,0.542259866854641
TCCTGTT,0.562178864365651
TCCTTAA,0.532892830733711
TCCTTAC,0.542505186816431
TCCTTAG,0.589930033569023
TCCTTAT,0.538572827242263
TCCTTCA,0.536847545417064
TCCTTCC,0.571038419701138
TCCTTCG,0.549593412211889
TCCTTCT,0.542259866854641
TCCTTGA,0.530413168356677
TCCTTGC,0.572943722403313
TCCTTGG,0.552754655773811
TCCTTGT,0.557598676986502
TCCTTTA,0.551539975235466
TCCTTTC,0.567216889056327
TCCTTTG,0.522436674843258
TCCTTTT,0.538572827242263
TCGAAAA,0.549836939907521
TCGAAAC,0.542505186816431
TCGAAAG,0.544955082103854
TCGAAAT,0.550810458065586
TCGAACA,0.548130999301753
TCGAACC,0.544220743520313
TCGAACG,0.547643052689382
TCGAACT,0.540540939959579
TCGAAGA,0.570084405301741
TCGAAGC,0.550810458065586
TCGAAGG,0.550567167362053
TCGAAGT,0.549349825196072
TCGAATA,0.550080408311853
TCGAATC,0.550810458065586
TCGAATG,0.545199741846535
TCGAATT,0.547643052689382
TCGACAA,0.550810458065586
TCGACAC,0.572467736948908
TCGACAG,0.571515085813964
TCGACAT,0.547643052689382
TCGACCA,0.542014486696199
TCGACCC,0.547887055757054
TCGACCG,0.542505186816431
TCGACCT,0.591098992929589
TCGACGA,0.550810458065586
TCGACGC,0.549593412211889
TCGACGG,0.573657276050295
TCGACGT,0.550080408311853
TCGACTA,0.574845401829444
TCGACTC,0.545933362129139
TCGACTG,0.545199741846535
TCGACTT,0.549349825196072
TCGAGAA,0.549593412211889
TCGAGAC,0.537340786890677
TCGAGAG,0.566738169237826
TCGAGAT,0.572467736948908
TCGAGCA,0.571753333693476
TCGAGCC,0.54691068605787
TCGAGCG,0.573181630196659
TCGAGCT,0.547398990069681
TCGAGGA,0.589462066945777
TCGAGGC,0.538080193237468
TCGAGGG,0.571515085813964
TCGAGGT,0.545444341745468
TCGAGTA,0.547643052689382
TCGAGTC,0.546666444607543
TCGAGTG,0.544710362488134
TCGAGTT,0.549106178831164
TCGATAA,0.550810458065586
TCGATAC,0.550567167362053
TCGATAG,0.550810458065586
TCGATAT,0.550567167362053
TCGATCA,0.549349825196072
TCGATCC,0.546666444607543
TCGATCG,0.550567167362053
TCGATCT,0.547887055757054
TCGATGA,0.597852142085034
TCGATGC,0.574370320901502
TCGATGG,0.614424020219006
TCGATGT,0.548618707938343
TCGATTA,0.550810458065586
TCGATTC,0.545199741846535
TCGATTG,0.550323817453749
TCGATTT,0.546666444607543
TCGCAAA,0.543975844109523
TCGCAAC,0.54568888182992
TCGCAAG,0.543240785817062
TCGCAAT,0.550810458065586
TCGCACA,0.548862473088238
TCGCACC,0.585710429251747
TCGCACG,0.546422143488757
TCGCACT,0.574845401829444
TCGCAGA,0.53881905326644
TCGCAGC,0.564820994940588
TCGCAGG,0.571991524824455
TCGCAGT,0.571038419701138
TCGCATA,0.54373088470832
TCGCATC,0.550810458065586
TCGCATG,0.54617778267235
TCGCATT,0.547398990069681
TCGCCAA,0.548862473088238
TCGCCAC,0.559529734439456
TCGCCAG,0.614880452702961
TCGCCAT,0.537094196564764
TCGCCCA,0.557598676986502
TCGCCCC,0.557115329406598
TCGCCCG,0.636324473243098
TCGCCCT,0.542259866854641
TCGCCGA,0.547398990069681
TCGCCGC,0.58218044001227
TCGCCGG,0.585005427566031
TCGCCGT,0.542259866854641
TCGCCTA,0.550323817453749
TCGCCTC,0.555179599444978
TCGCCTG,0.529916497179467
TCGCCTT,0.534624943148194
TCGCGAA,0.574845401829444
TCGCGAC,0.550810458065586
TCGCGAG,0.572705757996379
TCGCGAT,0.550810458065586
TCGCGCA,0.548130999301753
TCGCGCC,0.565300633208485
TCGCGCG,0.535119281849402
TCGCGCT,0.619433355837054
TCGCGGA,0.54617778267235
TCGCGGC,0.54373088470832
TCGCGGG,0.53881905326644
TCGCGGT,0.549836939907521
TCGCGTA,0.550810458065586
TCGCGTC,0.573181630196659
TCGCGTG,0.544955082103854
TCGCGTT,0.550810458065586
TCGCTAA,0.541769046311556
TCGCTAC,0.549349825196072
TCGCTAG,0.54691068605787
TCGCTAT,0.54691068605787
TCGCTCA,0.546422143488757
TCGCTCC,0.537340786890677
TCGCTCG,0.587353502870996
TCGCTCT,0.533882976599
TCGCTGA,0.640558642931345
TCGCTGC,0.588291191396686
TCGCTGG,0.656880821572231
TCGCTGT,0.565060842831145
TCGCTTA,0.549106178831164
TCGCTTC,0.591566194331503
TCGCTTG,0.589462066945777
TCGCTTT,0.540295137595975
TCGGAAA,0.550810458065586
TCGGAAC,0.597620032463931
TCGGAAG,0.597387868955443
TCGGAAT,0.544465582970065
TCGGACA,0.54691068605787
TCGGACC,0.571515085813964
TCGGACG,0.547398990069681
TCGGACT,0.545444341745468
TCGGAGA,0.563620891823023
TCGGAGC,0.547398990069681
TCGGAGG,0.57934744928964
TCGGAGT,0.547643052689382
TCGGATA,0.549836939907521
TCGGATC,0.549106178831164
TCGGATG,0.549836939907521
TCGGATT,0.543485865287306
TCGGCAA,0.573657276050295
TCGGCAC,0.548374883352512
TCGGCAG,0.539557367784301
TCGGCAT,0.597852142085034
TCGGCCA,0.566019659536863
TCGGCCC,0.607782230641472
TCGGCCG,0.630501139568894
TCGGCCT,0.533635532028962
TCGGCGA,0.549349825196072
TCGGCGC,0.634536287412446
TCGGCGG,0.534130359955369
TCGGCGT,0.615792693154077
TCGGCTA,0.572467736948908
TCGGCTC,0.528673738928325
TCGGCTG,0.636547771807484
TCGGCTT,0.565540366100184
TCGGGAA,0.569368296745289
TCGGGAC,0.547887055757054
TCGGGAG,0.525934222127104
TCGGGAT,0.546666444607543
TCGGGCA,0.566977557793659
TCGGGCC,0.580056449747667
TCGGGCG,0.571753333693476
TCGGGCT,0.560493866595183
TCGGGGA,0.555663883334684
TCGGGGC,0.642779973018405
TCGGGGG,0.526682107674533
TCGGGGT,0.531901703507817
TCGGGTA,0.547154867868876
TCGGGTC,0.548618707938343
TCGGGTG,0.545444341745468
TCGGGTT,0.592733243765148
TCGGTAA,0.549593412211889
TCGGTAC,0.550810458065586
TCGGTAG,0.549106178831164
TCGGTAT,0.548130999301753
TCGGTCA,0.547887055757054
TCGGTCC,0.544955082103854
TCGGTCG,0.566019659536863
TCGGTCT,0.54373088470832
TCGGTGA,0.547154867868876
TCGGTGC,0.558806024814404
TCGGTGG,0.566019659536863
TCGGTGT,0.544710362488134
TCGGTTA,0.549836939907521
TCGGTTC,0.544465582970065
TCGGTTG,0.545444341745468
TCGGTTT,0.547887055757054
TCGTAAA,0.549349825196072
TCGTAAC,0.547154867868876
TCGTAAG,0.549836939907521
TCGTAAT,0.549593412211889
TCGTACA,0.550810458065586
TCGTACC,0.549836939907521
TCGTACG,0.549836939907521
TCGTACT,0.549106178831164
TCGTAGA,0.549593412211889
TCGTAGC,0.563140447016109
TCGTAGG,0.546666444607543
TCGTAGT,0.547887055757054
TCGTATA,0.548618707938343
TCGTATC,0.550810458065586
TCGTATG,0.548862473088238
TCGTATT,0.549593412211889
TCGTCAA,0.549593412211889
TCGTCAC,0.597852142085034
TCGTCAG,0.571753333693476
TCGTCAT,0.546666444607543
TCGTCCA,0.572467736948908
TCGTCCC,0.593432820222244
TCGTCCG,0.570322994241107
TCGTCCT,0.629152463843175
TCGTCGA,0.550810458065586
TCGTCGC,0.544220743520313
TCGTCGG,0.57222965923393
TCGTCGT,0.546422143488757
TCGTCTA,0.597155651534544
TCGTCTC,0.559047319555836
TCGTCTG,0.597852142085034
TCGTCTT,0.56458108950922
TCGTGAA,0.568651675009859
TCGTGAC,0.548862473088238
TCGTGAG,0.54617778267235
TCGTGAT,0.544955082103854
TCGTGCA,0.54568888182992
TCGTGCC,0.558564671835767
TCGTGCG,0.594830506624456
TCGTGCT,0.597620032463931
TCGTGGA,0.541032363504604
TCGTGGC,0.561938324158355
TCGTGGG,0.585240483357526
TCGTGGT,0.53586033200784
TCGTGTA,0.548374883352512
TCGTGTC,0.542995646268147
TCGTGTG,0.595528617934781
TCGTGTT,0.568890605986957
TCGTTAA,0.549349825196072
TCGTTAC,0.550810458065586
TCGTTAG,0.544220743520313
TCGTTAT,0.550810458065586
TCGTTCA,0.547154867868876
TCGTTCC,0.571753333693476
TCGTTCG,0.544465582970065
TCGTTCT,0.573657276050295
TCGTTGA,0.550567167362053
TCGTTGC,0.542505186816431
TCGTTGG,0.54568888182992
TCGTTGT,0.548862473088238
TCGTTTA,0.548618707938343
TCGTTTC,0.539311323507636
TCGTTTG,0.543975844109523
TCGTTTT,0.542259866854641
TCTAAAA,0.537340786890677
TCTAAAC,0.545933362129139
TCTAAAG,0.540295137595975
TCTAAAT,0.540295137595975
TCTAACA,0.54373088470832
TCTAACC,0.541769046311556
TCTAACG,0.549836939907521
TCTAACT,0.560252920687636
TCTAAGA,0.541523545671142
TCTAAGC,0.519177962365954
TCTAAGG,0.539557367784301
TCTAAGT,0.562659771271024
TCTAATA,0.541277984745362
TCTAATC,0.541032363504604
TCTAATG,0.550810458065586
TCTAATT,0.541523545671142
TCTACAA,0.531157712899333
TCTACAC,0.536847545417064
TCTACAG,0.565780041533798
TCTACAT,0.566977557793659
TCTACCA,0.565780041533798
TCTACCC,0.562659771271024
TCTACCG,0.54691068605787
TCTACCT,0.531405771276359
TCTACGA,0.547887055757054
TCTACGC,0.548130999301753
TCTACGG,0.574845401829444
TCTACGT,0.570561526269369
TCTACTA,0.547643052689382
TCTACTC,0.555179599444978
TCTACTG,0.566738169237826
TCTACTT,0.541769046311556
TCTAGAA,0.538080193237468
TCTAGAC,0.563620891823023
TCTAGAG,0.535119281849402
TCTAGAT,0.539311323507636
TCTAGCA,0.542995646268147
TCTAGCC,0.544220743520313
TCTAGCG,0.550810458065586
TCTAGCT,0.532397389912406
TCTAGGA,0.550080408311853
TCTAGGC,0.544710362488134
TCTAGGG,0.530413168356677
TCTAGGT,0.541523545671142
TCTAGTA,0.542750446611098
TCTAGTC,0.56912947988968
TCTAGTG,0.542505186816431
TCTAGTT,0.541032363504604
TCTATAA,0.547154867868876
TCTATAC,0.544220743520313
TCTATAG,0.538572827242263
TCTATAT,0.544955082103854
TCTATCA,0.54691068605787
TCTATCC,0.537094196564764
TCTATCG,0.550323817453749
TCTATCT,0.543975844109523
TCTATGA,0.562178864365651
TCTATGC,0.547154867868876
TCTATGG,0.572467736948908
TCTATGT,0.567456163053246
TCTATTA,0.545199741846535
TCTATTC,0.548374883352512
TCTATTG,0.542014486696199
TCTATTT,0.559047319555836
TCTCAAA,0.489620233364101
TCTCAAC,0.558323260591808
TCTCAAG,0.540540939959579
TCTCAAT,0.542505186816431
TCTCACA,0.543975844109523
TCTCACC,0.537587316424791
TCTCACG,0.546422143488757
TCTCACT,0.50297839484366
TCTCAGA,0.533635532028962
TCTCAGC,0.530661411470054
TCTCAGG,0.565540366100184
TCTCAGT,0.55735703239966
TCTCATA,0.545933362129139
TCTCATC,0.534130359955369
TCTCATG,0.567934539359412
TCTCATT,0.562419346727269
TCTCCAA,0.536600833417566
TCTCCAC,0.570800001413672
TCTCCAG,0.608700966429654
TCTCCAT,0.54568888182992
TCTCCCA,0.530661411470054
TCTCCCC,0.641892033012671
TCTCCCG,0.616476327787381
TCTCCCT,0.55105368959315
TCTCCGA,0.544710362488134
TCTCCGC,0.529171027577895
TCTCCGG,0.561697726077547
TCTCCGT,0.584064651497879
TCTCCTA,0.588993881227237
TCTCCTC,0.532149577423238
TCTCCTG,0.564341126509425
TCTCCTT,0.578637945793287
TCTCGAA,0.538080193237468
TCTCGAC,0.550323817453749
TCTCGAG,0.571276781158874
TCTCGAT,0.54691068605787
TCTCGCA,0.540786681919229
TCTCGCC,0.524436770939387
TCTCGCG,0.545933362129139
TCTCGCT,0.608011993732707
TCTCGGA,0.593199682444231
TCTCGGC,0.52892241416511
TCTCGGG,0.534624943148194
TCTCGGT,0.542750446611098
TCTCGTA,0.548618707938343
TCTCGTC,0.594364828181918
TCTCGTG,0.567695379811815
TCTCGTT,0.545933362129139
TCTCTAA,0.535119281849402
TCTCTAC,0.505017750434509
TCTCTAG,0.519177962365954
TCTCTAT,0.519177962365954
TCTCTCA,0.539803351538071
TCTCTCC,0.599938707863548
TCTCTCG,0.562419346727269
TCTCTCT,0.466599495776644
TCTCTGA,0.59831619976511
TCTCTGC,0.531901703507817
TCTCTGG,0.495807719172113
TCTCTGT,0.611452120172321
TCTCTTA,0.538080193237468
TCTCTTC,0.639223472546808
TCTCTTG,0.52118458028585
TCTCTTT,0.598084197843763
TCTGAAA,0.648311806075314
TCTGAAC,0.612596204120012
TCTGAAG,0.62622407817556
TCTGAAT,0.536600833417566
TCTGACA,0.563140447016109
TCTGACC,0.571515085813964
TCTGACG,0.543485865287306
TCTGACT,0.584299928502264
TCTGAGA,0.619660457766568
TCTGAGC,0.550810458065586
TCTGAGG,0.527429434307149
TCTGAGT,0.604559991958769
TCTGATA,0.546666444607543
TCTGATC,0.533140459126653
TCTGATG,0.558564671835767
TCTGATT,0.530413168356677
TCTGCAA,0.532645141005759
TCTGCAC,0.579820172110774
TCTGCAG,0.569607056581024
TCTGCAT,0.572705757996379
TCTGCCA,0.571991524824455
TCTGCCC,0.540540939959579
TCTGCCG,0.540295137595975
TCTGCCT,0.544710362488134
TCTGCGA,0.57222965923393
TCTGCGC,0.535613376300595
TCTGCGG,0.54568888182992
TCTGCGT,0.532892830733711
TCTGCTA,0.543240785817062
TCTGCTC,0.55663174808883
TCTGCTG,0.553482756511656
TCTGCTT,0.548862473088237
TCTGGAA,0.560975584315396
TCTGGAC,0.548374883352512
TCTGGAG,0.560493866595183
TCTGGAT,0.643001834881157
TCTGGCA,0.602252019442119
TCTGGCC,0.566259220136895
TCTGGCG,0.587822457041308
TCTGGCT,0.625095488643541
TCTGGGA,0.507561110248813
TCTGGGC,0.565060842831145
TCTGGGG,0.561216356183953
TCTGGGT,0.539065218678287
TCTGGTA,0.540295137595975
TCTGGTC,0.559770854637779
TCTGGTG,0.553967862653191
TCTGGTT,0.560252920687636
TCTGTAA,0.540295137595975
TCTGTAC,0.539803351538071
TCTGTAG,0.534130359955369
TCTGTAT,0.53881905326644
TCTGTCA,0.536354060536236
TCTGTCC,0.536847545417064
TCTGTCG,0.560734754461784
TCTGTCT,0.574607889578209
TCTGTGA,0.529916497179467
TCTGTGC,0.568173641723396
TCTGTGG,0.607782230641472
TCTGTGT,0.518926851774713
TCTGTTA,0.545199741846535
TCTGTTC,0.534624943148194
TCTGTTG,0.542750446611098
TCTGTTT,0.523187179752425
TCTTAAA,0.524186977589027
TCTTAAC,0.53610722674302
TCTTAAG,0.540295137595975
TCTTAAT,0.562178864365651
TCTTACA,0.544710362488134
TCTTACC,0.595063264549808
TCTTACG,0.550323817453749
TCTTACT,0.540295137595975
TCTTAGA,0.536847545417064
TCTTAGC,0.541523545671142
TCTTAGG,0.539311323507636
TCTTAGT,0.548130999301753
TCTTATA,0.54691068605787
TCTTATC,0.547154867868876
TCTTATG,0.569607056581024
TCTTATT,0.564820994940588
TCTTCAA,0.584770316510321
TCTTCAC,0.534624943148194
TCTTCAG,0.535613376300595
TCTTCAT,0.540540939959579
TCTTCCA,0.635430780028789
TCTTCCC,0.502723182718467
TCTTCCG,0.563380698272967
TCTTCCT,0.548618707938343
TCTTCGA,0.573657276050295
TCTTCGC,0.547398990069681
TCTTCGG,0.593432820222244
TCTTCGT,0.591332620915189
TCTTCTA,0.544465582970065
TCTTCTC,0.636994219405158
TCTTCTG,0.555179599444978
TCTTCTT,0.556147932807025
TCTTGAA,0.513638910660364
TCTTGAC,0.542505186816431
TCTTGAG,0.54373088470832
TCTTGAT,0.538080193237468
TCTTGCA,0.558564671835767
TCTTGCC,0.523187179752425
TCTTGCG,0.544710362488134
TCTTGCT,0.570084405301741
TCTTGGA,0.579820172110774
TCTTGGC,0.552754655773811
TCTTGGG,0.506035870733161
TCTTGGT,0.5216856062534
TCTTGTA,0.539311323507636
TCTTGTC,0.563140447016109
TCTTGTG,0.560252920687636
TCTTGTT,0.558806024814404
TCTTTAA,0.528425001836785
TCTTTAC,0.587353502870996
TCTTTAG,0.562178864365651
TCTTTAT,0.542995646268147
TCTTTCA,0.531901703507817
TCTTTCC,0.585005427566031
TCTTTCG,0.545933362129139
TCTTTCT,0.511870031465128
TCTTTGA,0.580292671570626
TCTTTGC,0.58218044001227
TCTTTGG,0.605481691541534
TCTTTGT,0.55105368959315
TCTTTTA,0.522686905735711
TCTTTTC,0.55928855608816
TCTTTTG,0.53881905326644
TCTTTTT,0.480005547125581
TGAAAAA,0.553967862653191
TGAAAAC,0.577927938544287
TGAAAAG,0.603637442062089
TGAAAAT,0.575557600298196
TGAAACA,0.565060842831145
TGAAACC,0.518424441343436
TGAAACG,0.544710362488134
TGAAACT,0.552268960597983
TGAAAGA,0.555179599444978
TGAAAGC,0.534377682128348
TGAAAGG,0.560975584315396
TGAAAGT,0.572705757996379
TGAAATA,0.535613376300595
TGAAATC,0.5279273419663
TGAAATG,0.535613376300595
TGAAATT,0.590163934783973
TGAACAA,0.583358488170663
TGAACAC,0.540540939959579
TGAACAG,0.528425001836785
TGAACAT,0.583593931358153
TGAACCA,0.578401332718122
TGAACCC,0.521435124648002
TGAACCG,0.542995646268147
TGAACCT,0.552997414927933
TGAACGA,0.545933362129139
TGAACGC,0.54617778267235
TGAACGG,0.570561526269369
TGAACGT,0.542995646268147
TGAACTA,0.547154867868876
TGAACTC,0.5279273419663
TGAACTG,0.535366359591164
TGAACTT,0.545199741846535
TGAAGAA,0.596226242225679
TGAAGAC,0.559529734439456
TGAAGAG,0.625547077313562
TGAAGAT,0.58922800148624
TGAAGCA,0.555905937358841
TGAAGCC,0.576269291901257
TGAAGCG,0.568651675009859
TGAAGCT,0.631847998817963
TGAAGGA,0.647649599587842
TGAAGGC,0.69170950229218
TGAAGGG,0.621021987327333
TGAAGGT,0.628252335116957
TGAAGTA,0.589462066945777
TGAAGTC,0.529171027577895
TGAAGTG,0.534130359955369
TGAAGTT,0.539311323507636
TGAATAA,0.539311323507636
TGAATAC,0.541032363504604
TGAATAG,0.542750446611098
TGAATAT,0.540786681919229
TGAATCA,0.543975844109523
TGAATCC,0.532149577423238
TGAATCG,0.550810458065586
TGAATCT,0.567695379811815
TGAATGA,0.535366359591164
TGAATGC,0.563140447016109
TGAATGG,0.555905937358841
TGAATGT,0.569845759424107
TGAATTA,0.544710362488134
TGAATTC,0.537587316424791
TGAATTG,0.537833785197073
TGAATTT,0.55663174808883
TGACAAA,0.553725338998419
TGACAAC,0.54691068605787
TGACAAG,0.586884328679486
TGACAAT,0.532149577423238
TGACACA,0.537587316424791
TGACACC,0.564101105913567
TGACACG,0.568651675009859
TGACACT,0.607552414747027
TGACAGA,0.554452733580856
TGACAGC,0.606402542376409
TGACAGG,0.538326540575898
TGACAGT,0.554695080910746
TGACATA,0.56912947988968
TGACATC,0.557115329406598
TGACATG,0.589696077631495
TGACATT,0.557115329406598
TGACCAA,0.550810458065586
TGACCAC,0.526931278612457
TGACCAG,0.565780041533798
TGACCAT,0.630725742122407
TGACCCA,0.603406671542439
TGACCCC,0.602714040281131
TGACCCG,0.587588007445904
TGACCCT,0.573657276050295
TGACCGA,0.574132695772508
TGACCGC,0.588291191396686
TGACCGG,0.618978997193577
TGACCGT,0.568890605986957
TGACCTA,0.590397781301938
TGACCTC,0.492718761883051
TGACCTG,0.605481691541534
TGACCTT,0.546666444607543
TGACGAA,0.543485865287306
TGACGAC,0.54691068605787
TGACGAG,0.571038419701138
TGACGAT,0.550810458065586
TGACGCA,0.54373088470832
TGACGCC,0.547887055757054
TGACGCG,0.573657276050295
TGACGCT,0.548130999301753
TGACGGA,0.549593412211889
TGACGGC,0.544710362488134
TGACGGG,0.563140447016109
TGACGGT,0.547643052689382
TGACGTA,0.549836939907521
TGACGTC,0.545933362129139
TGACGTG,0.537833785197073
TGACGTT,0.544465582970065
TGACTAA,0.543975844109523
TGACTAC,0.570322994241107
TGACTAG,0.546666444607543
TGACTAT,0.539557367784301
TGACTCA,0.566019659536863
TGACTCC,0.544955082103854
TGACTCG,0.545444341745468
TGACTCT,0.519429009916496
TGACTGA,0.562419346727269
TGACTGC,0.539557367784301
TGACTGG,0.515656662943211
TGACTGT,0.57816466364396
TGACTTA,0.585945319406368
TGACTTC,0.55105368959315
TGACTTG,0.548374883352512
TGACTTT,0.563620891823023
TGAGAAA,0.522186381319632
TGAGAAC,0.524436770939387
TGAGAAG,0.503998592510398
TGAGAAT,0.558806024814404
TGAGACA,0.565780041533798
TGAGACC,0.542505186816431
TGAGACG,0.535119281849402
TGAGACT,0.544955082103854
TGAGAGA,0.574607889578209
TGAGAGC,0.59854814787405
TGAGAGG,0.560493866595183
TGAGAGT,0.577454320162266
TGAGATA,0.544955082103854
TGAGATC,0.531901703507817
TGAGATG,0.599011882754521
TGAGATT,0.512122920141077
TGAGCAA,0.552511837673372
TGAGCAC,0.572943722403313
TGAGCAG,0.588056851682984
TGAGCAT,0.531405771276359
TGAGCCA,0.560734754461784
TGAGCCC,0.585710429251747
TGAGCCG,0.577454320162266
TGAGCCT,0.613053471450636
TGAGCGA,0.572943722403313
TGAGCGC,0.613510529783412
TGAGCGG,0.540786681919229
TGAGCGT,0.541769046311556
TGAGCTA,0.586884328679486
TGAGCTC,0.526682107674533
TGAGCTG,0.549106178831164
TGAGCTT,0.53881905326644
TGAGGAA,0.559047319555836
TGAGGAC,0.582651825824393
TGAGGAG,0.664508940900806
TGAGGAT,0.55928855608816
TGAGGCA,0.525435320840846
TGAGGCC,0.534377682128348
TGAGGCG,0.592499942813337
TGAGGCT,0.599011882754521
TGAGGGA,0.599938707863548
TGAGGGC,0.565540366100184
TGAGGGG,0.506544542432787
TGAGGGT,0.554695080910746
TGAGGTA,0.54373088470832
TGAGGTC,0.498887164179532
TGAGGTG,0.532645141005759
TGAGGTT,0.535613376300595
TGAGTAA,0.547643052689382
TGAGTAC,0.544955082103854
TGAGTAG,0.534624943148194
TGAGTAT,0.567695379811815
TGAGTCA,0.55928855608816
TGAGTCC,0.584299928502264
TGAGTCG,0.540540939959579
TGAGTCT,0.529419579197413
TGAGTGA,0.54568888182992
TGAGTGC,0.553725338998419
TGAGTGG,0.610765040990636
TGAGTGT,0.555179599444978
TGAGTTA,0.544955082103854
TGAGTTC,0.529668069054375
TGAGTTG,0.552026024518989
TGAGTTT,0.527429434307149
TGATAAA,0.541032363504604
TGATAAC,0.573657276050295
TGATAAG,0.536354060536236
TGATAAT,0.543485865287306
TGATACA,0.587118943290794
TGATACC,0.568173641723396
TGATACG,0.549836939907521
TGATACT,0.547643052689382
TGATAGA,0.548618707938343
TGATAGC,0.546422143488757
TGATAGG,0.545199741846535
TGATAGT,0.547643052689382
TGATATA,0.541277984745362
TGATATC,0.545199741846535
TGATATG,0.54568888182992
TGATATT,0.564820994940588
TGATCAA,0.548130999301753
TGATCAC,0.545444341745468
TGATCAG,0.531901703507817
TGATCAT,0.541523545671142
TGATCCA,0.547887055757054
TGATCCC,0.540049274798713
TGATCCG,0.533140459126653
TGATCCT,0.532892830733711
TGATCGA,0.547643052689382
TGATCGC,0.597387868955443
TGATCGG,0.573181630196659
TGATCGT,0.570561526269369
TGATCTA,0.568651675009859
TGATCTC,0.580528837606014
TGATCTG,0.604790496510143
TGATCTT,0.535119281849402
TGATGAA,0.627576706458564
TGATGAC,0.630950294240941
TGATGAG,0.574132695772508
TGATGAT,0.680661565728179
TGATGCA,0.586649659011245
TGATGCC,0.608700966429654
TGATGCG,0.571991524824455
TGATGCT,0.601558587693268
TGATGGA,0.581944663753294
TGATGGC,0.537340786890677
TGATGGG,0.581944663753294
TGATGGT,0.675521057286595
TGATGTA,0.589462066945777
TGATGTC,0.566019659536863
TGATGTG,0.568412686931105
TGATGTT,0.578874502895948
TGATTAA,0.588525476208152
TGATTAC,0.54373088470832
TGATTAG,0.54617778267235
TGATTAT,0.541523545671142
TGATTCA,0.566259220136895
TGATTCC,0.515656662943211
TGATTCG,0.571515085813964
TGATTCT,0.530909592974082
TGATTGA,0.533882976599
TGATTGC,0.538572827242263
TGATTGG,0.545199741846535
TGATTGT,0.545444341745468
TGATTTA,0.545933362129139
TGATTTC,0.616704102180954
TGATTTG,0.582416160693904
TGATTTT,0.517670352098792
TGCAAAA,0.539065218678287
TGCAAAC,0.566259220136895
TGCAAAG,0.555905937358841
TGCAAAT,0.534377682128348
TGCAACA,0.540295137595975
TGCAACC,0.509337621069121
TGCAACG,0.549593412211889
TGCAACT,0.543975844109523
TGCAAGA,0.544465582970065
TGCAAGC,0.579820172110774
TGCAAGG,0.611681041700066
TGCAAGT,0.561216356183953
TGCAATA,0.54568888182992
TGCAATC,0.567934539359412
TGCAATG,0.587118943290794
TGCAATT,0.540540939959579
TGCACAA,0.56458108950922
TGCACAC,0.551783029407716
TGCACAG,0.599475402684629
TGCACAT,0.538572827242263
TGCACCA,0.527678419125729
TGCACCC,0.622381665645589
TGCACCG,0.594597694510238
TGCACCT,0.560011916711166
TGCACGA,0.567456163053246
TGCACGC,0.613053471450636
TGCACGG,0.657318285159645
TGCACGT,0.526931278612457
TGCACTA,0.54373088470832
TGCACTC,0.508830368507151
TGCACTG,0.582887435429914
TGCACTT,0.559770854637779
TGCAGAA,0.616476327787381
TGCAGAC,0.599707082105549
TGCAGAG,0.509084026951281
TGCAGAT,0.575082857682005
TGCAGCA,0.553240115164351
TGCAGCC,0.577927938544287
TGCAGCG,0.644774959991142
TGCAGCT,0.574845401829444
TGCAGGA,0.578401332718122
TGCAGGC,0.685563213363284
TGCAGGG,0.679806647283106
TGCAGGT,0.660157143228367
TGCAGTA,0.610994119841624
TGCAGTC,0.563140447016109
TGCAGTG,0.470561142600129
TGCAGTT,0.529668069054375
TGCATAA,0.544465582970065
TGCATAC,0.539803351538071
TGCATAG,0.570084405301741
TGCATAT,0.562419346727269
TGCATCA,0.56912947988968
TGCATCC,0.553967862653191
TGCATCG,0.57222965923393
TGCATCT,0.55735703239966
TGCATGA,0.548618707938343
TGCATGC,0.533388026214955
TGCATGG,0.523687203620185
TGCATGT,0.543975844109523
TGCATTA,0.548862473088238
TGCATTC,0.555905937358841
TGCATTG,0.54373088470832
TGCATTT,0.54617778267235
TGCCAAA,0.536354060536236
TGCCAAC,0.55928855608816
TGCCAAG,0.587118943290794
TGCCAAT,0.529171027577895
TGCCACA,0.533140459126653
TGCCACC,0.62079519442845
TGCCACG,0.565780041533798
TGCCACT,0.524186977589027
TGCCAGA,0.536600833417566
TGCCAGC,0.684712476952399
TGCCAGG,0.657755557456349
TGCCAGT,0.623287091873187
TGCCATA,0.560011916711166
TGCCATC,0.606172409152325
TGCCATG,0.54617778267235
TGCCATT,0.558806024814404
TGCCCAA,0.603175847755463
TGCCCAC,0.592733243765148
TGCCCAG,0.652715344765825
TGCCCAT,0.529171027577895
TGCCCCA,0.542259866854641
TGCCCCC,0.521435124648002
TGCCCCG,0.54568888182992
TGCCCCT,0.560493866595183
TGCCCGA,0.588056851682984
TGCCCGC,0.58218044001227
TGCCCGG,0.633193046476878
TGCCCGT,0.568412686931105
TGCCCTA,0.528673738928325
TGCCCTC,0.622608099070022
TGCCCTG,0.721066373127268
TGCCCTT,0.55663174808883
TGCCGAA,0.567216889056327
TGCCGAC,0.542505186816431
TGCCGAG,0.562659771271024
TGCCGAT,0.572943722403313
TGCCGCA,0.569607056581024
TGCCGCC,0.577217426826797
TGCCGCG,0.568412686931105
TGCCGCT,0.563380698272967
TGCCGGA,0.592733243765148
TGCCGGC,0.586414934260225
TGCCGGG,0.631174795947141
TGCCGGT,0.570322994241107
TGCCGTA,0.550810458065586
TGCCGTC,0.548862473088238
TGCCGTG,0.533388026214955
TGCCGTT,0.545199741846535
TGCCTAA,0.540295137595975
TGCCTAC,0.558323260591808
TGCCTAG,0.544710362488134
TGCCTAT,0.540049274798713
TGCCTCA,0.514648295717236
TGCCTCC,0.568890605986957
TGCCTCG,0.554695080910746
TGCCTCT,0.566259220136895
TGCCTGA,0.569607056581024
TGCCTGC,0.699916085165205
TGCCTGG,0.725161542970087
TGCCTGT,0.58922800148624
TGCCTTA,0.530909592974082
TGCCTTC,0.574607889578209
TGCCTTG,0.52643287463498
TGCCTTT,0.518173141439992
TGCGAAA,0.549836939907521
TGCGAAC,0.548618707938343
TGCGAAG,0.56912947988968
TGCGAAT,0.570084405301741
TGCGACA,0.547398990069681
TGCGACC,0.567456163053246
TGCGACG,0.550567167362053
TGCGACT,0.543975844109523
TGCGAGA,0.573419481403349
TGCGAGC,0.570322994241107
TGCGAGG,0.61236749202076
TGCGAGT,0.588056851682984
TGCGATA,0.550810458065586
TGCGATC,0.545444341745468
TGCGATG,0.549836939907521
TGCGATT,0.54691068605787
TGCGCAA,0.62124872880286
TGCGCAC,0.570561526269369
TGCGCAG,0.61465226250231
TGCGCAT,0.565540366100184
TGCGCCA,0.533635532028962
TGCGCCC,0.602252019442119
TGCGCCG,0.610077489406554
TGCGCCT,0.584064651497879
TGCGCGA,0.543485865287306
TGCGCGC,0.673801665471388
TGCGCGG,0.539557367784301
TGCGCGT,0.587118943290794
TGCGCTA,0.550080408311853
TGCGCTC,0.592266587419491
TGCGCTG,0.537094196564764
TGCGCTT,0.54617778267235
TGCGGAA,0.617159495383638
TGCGGAC,0.586414934260225
TGCGGAG,0.698238165260143
TGCGGAT,0.593898932781932
TGCGGCA,0.548130999301753
TGCGGCC,0.669274145810357
TGCGGCG,0.621702057577085
TGCGGCT,0.631174795947141
TGCGGGA,0.623739497748691
TGCGGGC,0.689594356902393
TGCGGGG,0.614424020219006
TGCGGGT,0.589930033569023
TGCGGTA,0.548862473088238
TGCGGTC,0.546422143488757
TGCGGTG,0.533388026214955
TGCGGTT,0.569368296745289
TGCGTAA,0.571991524824455
TGCGTAC,0.550810458065586
TGCGTAG,0.543240785817062
TGCGTAT,0.548130999301753
TGCGTCA,0.547154867868876
TGCGTCC,0.544220743520313
TGCGTCG,0.546666444607543
TGCGTCT,0.550567167362053
TGCGTGA,0.541032363504604
TGCGTGC,0.52817620285971
TGCGTGG,0.575082857682005
TGCGTGT,0.526682107674533
TGCGTTA,0.550810458065586
TGCGTTC,0.542750446611098
TGCGTTG,0.56458108950922
TGCGTTT,0.537833785197073
TGCTAAA,0.569845759424107
TGCTAAC,0.567456163053246
TGCTAAG,0.56649872336139
TGCTAAT,0.547643052689382
TGCTACA,0.566019659536863
TGCTACC,0.54691068605787
TGCTACG,0.544465582970065
TGCTACT,0.54373088470832
TGCTAGA,0.54373088470832
TGCTAGC,0.54691068605787
TGCTAGG,0.528673738928325
TGCTAGT,0.544220743520313
TGCTATA,0.550323817453749
TGCTATC,0.573419481403349
TGCTATG,0.546666444607543
TGCTATT,0.539311323507636
TGCTCAA,0.534130359955369
TGCTCAC,0.561457070095372
TGCTCAG,0.543485865287306
TGCTCAT,0.566019659536863
TGCTCCA,0.577691157392573
TGCTCCC,0.587353502870996
TGCTCCG,0.610535909650504
TGCTCCT,0.567695379811815
TGCTCGA,0.547398990069681
TGCTCGC,0.590163934783973
TGCTCGG,0.593199682444231
TGCTCGT,0.565300633208485
TGCTCTA,0.541277984745362
TGCTCTC,0.587353502870996
TGCTCTG,0.639446124778184
TGCTCTT,0.571991524824455
TGCTGAA,0.562659771271024
TGCTGAC,0.552268960597983
TGCTGAG,0.646323869606876
TGCTGAT,0.583358488170663
TGCTGCA,0.583829319125197
TGCTGCC,0.648311806075314
TGCTGCG,0.604559991958769
TGCTGCT,0.868635328462279
TGCTGGA,0.517670352098792
TGCTGGC,0.691920770977987
TGCTGGG,0.482352776777431
TGCTGGT,0.652275862474631
TGCTGTA,0.561216356183953
TGCTGTC,0.565780041533798
TGCTGTG,0.561216356183953
TGCTGTT,0.553240115164351
TGCTTAA,0.542995646268147
TGCTTAC,0.565540366100184
TGCTTAG,0.55928855608816
TGCTTAT,0.533140459126653
TGCTTCA,0.532645141005759
TGCTTCC,0.544220743520313
TGCTTCG,0.54617778267235
TGCTTCT,0.52118458028585
TGCTTGA,0.535366359591164
TGCTTGC,0.538572827242263
TGCTTGG,0.546666444607543
TGCTTGT,0.533388026214955
TGCTTTA,0.565300633208485
TGCTTTC,0.57222965923393
TGCTTTG,0.557598676986502
TGCTTTT,0.52892241416511
TGGAAAA,0.614880452702961
TGGAAAC,0.531405771276359
TGGAAAG,0.66537703246464
TGGAAAT,0.550080408311853
TGGAACA,0.556147932807025
TGGAACC,0.566259220136895
TGGAACG,0.56458108950922
TGGAACT,0.623060812160625
TGGAAGA,0.597620032463931
TGGAAGC,0.547398990069681
TGGAAGG,0.535613376300595
TGGAAGT,0.53586033200784
TGGAATA,0.56458108950922
TGGAATC,0.544465582970065
TGGAATG,0.544220743520313
TGGAATT,0.521936025133474
TGGACAA,0.539311323507636
TGGACAC,0.570800001413672
TGGACAG,0.611681041700066
TGGACAT,0.532149577423238
TGGACCA,0.603175847755463
TGGACCC,0.59831619976511
TGGACCG,0.541277984745362
TGGACCT,0.515404666446114
TGGACGA,0.682795669673607
TGGACGC,0.583122989536624
TGGACGG,0.589696077631495
TGGACGT,0.54691068605787
TGGACTA,0.544220743520313
TGGACTC,0.514648295717236
TGGACTG,0.602483056544532
TGGACTT,0.525435320840846
TGGAGAA,0.515656662943211
TGGAGAC,0.592966490300319
TGGAGAG,0.576506409923444
TGGAGAT,0.572467736948908
TGGAGCA,0.581708831890764
TGGAGCC,0.617159495383638
TGGAGCG,0.634312539184134
TGGAGCT,0.625772795196965
TGGAGGA,0.748787984480868
TGGAGGC,0.697398148344535
TGGAGGG,0.628927507609448
TGGAGGT,0.628027176279694
TGGAGTA,0.538572827242263
TGGAGTC,0.545199741846535
TGGAGTG,0.492718761883051
TGGAGTT,0.54568888182992
TGGATAA,0.565780041533798
TGGATAC,0.539065218678287
TGGATAG,0.595761213444788
TGGATAT,0.542505186816431
TGGATCA,0.529668069054375
TGGATCC,0.539557367784301
TGGATCG,0.541769046311556
TGGATCT,0.581708831890764
TGGATGA,0.572467736948908
TGGATGC,0.581472944398448
TGGATGG,0.618751740432715
TGGATGT,0.555905937358841
TGGATTA,0.549593412211889
TGGATTC,0.55928855608816
TGGATTG,0.56649872336139
TGGATTT,0.570561526269369
TGGCAAA,0.53586033200784
TGGCAAC,0.544710362488134
TGGCAAG,0.602944970676565
TGGCAAT,0.544955082103854
TGGCACA,0.542505186816431
TGGCACC,0.627801966734511
TGGCACG,0.569368296745289
TGGCACT,0.59878004219554
TGGCAGA,0.560011916711166
TGGCAGC,0.579820172110774
TGGCAGG,0.669490207437055
TGGCAGT,0.667976794796191
TGGCATA,0.592266587419491
TGGCATC,0.551783029407716
TGGCATG,0.617159495383638
TGGCATT,0.539803351538071
TGGCCAA,0.555663883334684
TGGCCAC,0.605020947941413
TGGCCAG,0.554937369522638
TGGCCAT,0.5128812026791
TGGCCCA,0.602944970676565
TGGCCCC,0.584535150164402
TGGCCCG,0.558081791054386
TGGCCCT,0.600170279983479
TGGCCGA,0.591332620915189
TGGCCGC,0.645439072189443
TGGCCGG,0.612824863922
TGGCCGT,0.627801966734511
TGGCCTA,0.561457070095372
TGGCCTC,0.59878004219554
TGGCCTG,0.623287091873187
TGGCCTT,0.546422143488757
TGGCGAA,0.539065218678287
TGGCGAC,0.643445410993184
TGGCGAG,0.569368296745289
TGGCGAT,0.545444341745468
TGGCGCA,0.583358488170663
TGGCGCC,0.575082857682005
TGGCGCG,0.583358488170663
TGGCGCT,0.582416160693904
TGGCGGA,0.638778019306795
TGGCGGC,0.634088740881349
TGGCGGG,0.677666148068296
TGGCGGT,0.605481691541534
TGGCGTA,0.571753333693476
TGGCGTC,0.546666444607543
TGGCGTG,0.578401332718122
TGGCGTT,0.549349825196072
TGGCTAA,0.523687203620185
TGGCTAC,0.562178864365651
TGGCTAG,0.560493866595183
TGGCTAT,0.536847545417064
TGGCTCA,0.54373088470832
TGGCTCC,0.600864674763142
TGGCTCG,0.539065218678287
TGGCTCT,0.542259866854641
TGGCTGA,0.60824170404499
TGGCTGC,0.682369213080986
TGGCTGG,0.606172409152325
TGGCTGT,0.550810458065586
TGGCTTA,0.530909592974082
TGGCTTC,0.620114506958278
TGGCTTG,0.521435124648002
TGGCTTT,0.537833785197073
TGGGAAA,0.627126033622918
TGGGAAC,0.52643287463498
TGGGAAG,0.566019659536863
TGGGAAT,0.524436770939387
TGGGACA,0.625321308470092
TGGGACC,0.637217368482937
TGGGACG,0.568890605986957
TGGGACT,0.504508301307807
TGGGAGA,0.595993754866704
TGGGAGC,0.577454320162266
TGGGAGG,0.506798781285406
TGGGAGT,0.546666444607543
TGGGATA,0.539557367784301
TGGGATC,0.576506409923444
TGGGATG,0.538572827242263
TGGGATT,0.441409308720945
TGGGCAA,0.534377682128348
TGGGCAC,0.55105368959315
TGGGCAG,0.591332620915189
TGGGCAT,0.589462066945777
TGGGCCA,0.527429434307149
TGGGCCC,0.52892241416511
TGGGCCG,0.560011916711166
TGGGCCT,0.594364828181918
TGGGCGA,0.532645141005759
TGGGCGC,0.657536945208879
TGGGCGG,0.592266587419491
TGGGCGT,0.543975844109523
TGGGCTA,0.566019659536863
TGGGCTC,0.596691054855315
TGGGCTG,0.617159495383638
TGGGCTT,0.645881568756465
TGGGGAA,0.527180387479689
TGGGGAC,0.6603751834806
TGGGGAG,0.62124872880286
TGGGGAT,0.543485865287306
TGGGGCA,0.549106178831164
TGGGGCC,0.544710362488134
TGGGGCG,0.63833236754976
TGGGGCT,0.536600833417566
TGGGGGA,0.563140447016109
TGGGGGC,0.621021987327333
TGGGGGG,0.549349825196072
TGGGGGT,0.558806024814404
TGGGGTA,0.534624943148194
TGGGGTC,0.555179599444978
TGGGGTG,0.581472944398448
TGGGGTT,0.565540366100184
TGGGTAA,0.558806024814404
TGGGTAC,0.536354060536236
TGGGTAG,0.533140459126653
TGGGTAT,0.544955082103854
TGGGTCA,0.547154867868876
TGGGTCC,0.568173641723396
TGGGTCG,0.563620891823023
TGGGTCT,0.511870031465128
TGGGTGA,0.579583838633565
TGGGTGC,0.50705295551706
TGGGTGG,0.551783029407716
TGGGTGT,0.542014486696199
TGGGTTA,0.540540939959579
TGGGTTC,0.605020947941413
TGGGTTG,0.525435320840846
TGGGTTT,0.510098017790951
TGGTAAA,0.534624943148194
TGGTAAC,0.545933362129139
TGGTAAG,0.536847545417064
TGGTAAT,0.569368296745289
TGGTACA,0.566738169237826
TGGTACC,0.53881905326644
TGGTACG,0.572943722403313
TGGTACT,0.569368296745289
TGGTAGA,0.544955082103854
TGGTAGC,0.539803351538071
TGGTAGG,0.532397389912406
TGGTAGT,0.532645141005759
TGGTATA,0.548130999301753
TGGTATC,0.54617778267235
TGGTATG,0.564341126509425
TGGTATT,0.564101105913567
TGGTCAA,0.571038419701138
TGGTCAC,0.562659771271024
TGGTCAG,0.543975844109523
TGGTCAT,0.543975844109523
TGGTCCA,0.57222965923393
TGGTCCC,0.566738169237826
TGGTCCG,0.571276781158874
TGGTCCT,0.540540939959579
TGGTCGA,0.545933362129139
TGGTCGC,0.54373088470832
TGGTCGG,0.592733243765148
TGGTCGT,0.570322994241107
TGGTCTA,0.537833785197073
TGGTCTC,0.553240115164351
TGGTCTG,0.552511837673372
TGGTCTT,0.523937121826358
TGGTGAA,0.543975844109523
TGGTGAC,0.538326540575898
TGGTGAG,0.548130999301753
TGGTGAT,0.561216356183953
TGGTGCA,0.601558587693268
TGGTGCC,0.610765040990636
TGGTGCG,0.565060842831145
TGGTGCT,0.649414510002381
TGGTGGA,0.600633263408465
TGGTGGC,0.596691054855315
TGGTGGG,0.627801966734511
TGGTGGT,0.542750446611098
TGGTGTA,0.614195725829269
TGGTGTC,0.524436770939387
TGGTGTG,0.601789785041178
TGGTGTT,0.595295968311516
TGGTTAA,0.541523545671142
TGGTTAC,0.546666444607543
TGGTTAG,0.564820994940588
TGGTTAT,0.542750446611098
TGGTTCA,0.543240785817062
TGGTTCC,0.520933973135489
TGGTTCG,0.546666444607543
TGGTTCT,0.541769046311556
TGGTTGA,0.560011916711166
TGGTTGC,0.58618015440056
TGGTTGG,0.533140459126653
TGGTTGT,0.567216889056327
TGGTTTA,0.525684802596787
TGGTTTC,0.546666444607543
TGGTTTG,0.533140459126653
TGGTTTT,0.589696077631495
TGTAAAA,0.566019659536863
TGTAAAC,0.547398990069681
TGTAAAG,0.565540366100184
TGTAAAT,0.540049274798713
TGTAACA,0.541032363504604
TGTAACC,0.545444341745468
TGTAACG,0.547398990069681
TGTAACT,0.567695379811815
TGTAAGA,0.546422143488757
TGTAAGC,0.547398990069681
TGTAAGG,0.564820994940588
TGTAAGT,0.569845759424107
TGTAATA,0.537340786890677
TGTAATC,0.51161707882032
TGTAATG,0.566019659536863
TGTAATT,0.562900138024713
TGTACAA,0.544220743520313
TGTACAC,0.533388026214955
TGTACAG,0.535119281849402
TGTACAT,0.542505186816431
TGTACCA,0.588291191396686
TGTACCC,0.538326540575898
TGTACCG,0.571515085813964
TGTACCT,0.534872143045142
TGTACGA,0.54617778267235
TGTACGC,0.550810458065586
TGTACGG,0.544955082103854
TGTACGT,0.593199682444231
TGTACTA,0.574132695772508
TGTACTC,0.549836939907521
TGTACTG,0.614195725829269
TGTACTT,0.586884328679486
TGTAGAA,0.540049274798713
TGTAGAC,0.56912947988968
TGTAGAG,0.533140459126653
TGTAGAT,0.534130359955369
TGTAGCA,0.540786681919229
TGTAGCC,0.583122989536624
TGTAGCG,0.544220743520313
TGTAGCT,0.54373088470832
TGTAGGA,0.527180387479689
TGTAGGC,0.534624943148194
TGTAGGG,0.590631573148494
TGTAGGT,0.553482756511656
TGTAGTA,0.546666444607543
TGTAGTC,0.534872143045142
TGTAGTG,0.535613376300595
TGTAGTT,0.532892830733711
TGTATAA,0.543975844109523
TGTATAC,0.542995646268147
TGTATAG,0.542505186816431
TGTATAT,0.542505186816431
TGTATCA,0.547154867868876
TGTATCC,0.542505186816431
TGTATCG,0.549106178831164
TGTATCT,0.534130359955369
TGTATGA,0.566977557793659
TGTATGC,0.56912947988968
TGTATGG,0.542995646268147
TGTATGT,0.595528617934781
TGTATTA,0.543975844109523
TGTATTC,0.561938324158355
TGTATTG,0.54373088470832
TGTATTT,0.526682107674533
TGTCAAA,0.539803351538071
TGTCAAC,0.533140459126653
TGTCAAG,0.567456163053246
TGTCAAT,0.560734754461784
TGTCACA,0.54617778267235
TGTCACC,0.526183579462832
TGTCACG,0.543485865287306
TGTCACT,0.535119281849402
TGTCAGA,0.561697726077547
TGTCAGC,0.554937369522638
TGTCAGG,0.580056449747667
TGTCAGT,0.561216356183953
TGTCATA,0.549593412211889
TGTCATC,0.530164863603354
TGTCATG,0.552754655773811
TGTCATT,0.558081791054386
TGTCCAA,0.590865310349197
TGTCCAC,0.560734754461784
TGTCCAG,0.585475483910779
TGTCCAT,0.574132695772508
TGTCCCA,0.648311806075314
TGTCCCC,0.581944663753294
TGTCCCG,0.560975584315396
TGTCCCT,0.521936025133474
TGTCCGA,0.545933362129139
TGTCCGC,0.57222965923393
TGTCCGG,0.565780041533798
TGTCCGT,0.546666444607543
TGTCCTA,0.564341126509425
TGTCCTC,0.517167309833298
TGTCCTG,0.556873567979075
TGTCCTT,0.518675678111104
TGTCGAA,0.548130999301753
TGTCGAC,0.550810458065586
TGTCGAG,0.571753333693476
TGTCGAT,0.550567167362053
TGTCGCA,0.571753333693476
TGTCGCC,0.560011916711166
TGTCGCG,0.549836939907521
TGTCGCT,0.560011916711166
TGTCGGA,0.572705757996379
TGTCGGC,0.542259866854641
TGTCGGG,0.587353502870996
TGTCGGT,0.571038419701138
TGTCGTA,0.547398990069681
TGTCGTC,0.570561526269369
TGTCGTG,0.543485865287306
TGTCGTT,0.545199741846535
TGTCTAA,0.539803351538071
TGTCTAC,0.541769046311556
TGTCTAG,0.549593412211889
TGTCTAT,0.548618707938343
TGTCTCA,0.542259866854641
TGTCTCC,0.57222965923393
TGTCTCG,0.563380698272967
TGTCTCT,0.567456163053246
TGTCTGA,0.681088751024755
TGTCTGC,0.589462066945777
TGTCTGG,0.595295968311516
TGTCTGT,0.580528837606014
TGTCTTA,0.541523545671142
TGTCTTC,0.599011882754521
TGTCTTG,0.580764947880173
TGTCTTT,0.568173641723396
TGTGAAA,0.575320257162669
TGTGAAC,0.538326540575898
TGTGAAG,0.553967862653191
TGTGAAT,0.539065218678287
TGTGACA,0.600864674763142
TGTGACC,0.610306725797169
TGTGACG,0.549349825196072
TGTGACT,0.534377682128348
TGTGAGA,0.57934744928964
TGTGAGC,0.593898932781932
TGTGAGG,0.549349825196072
TGTGAGT,0.522186381319632
TGTGATA,0.550323817453749
TGTGATC,0.538572827242263
TGTGATG,0.636324473243098
TGTGATT,0.5542103275045
TGTGCAA,0.576506409923444
TGTGCAC,0.529171027577895
TGTGCAG,0.585005427566031
TGTGCAT,0.574607889578209
TGTGCCA,0.589462066945777
TGTGCCC,0.57222965923393
TGTGCCG,0.591098992929589
TGTGCCT,0.609160017989199
TGTGCGA,0.54568888182992
TGTGCGC,0.582416160693904
TGTGCGG,0.626900621017453
TGTGCGT,0.53586033200784
TGTGCTA,0.570322994241107
TGTGCTC,0.574845401829444
TGTGCTG,0.548130999301753
TGTGCTT,0.570084405301741
TGTGGAA,0.628027176279694
TGTGGAC,0.520933973135489
TGTGGAG,0.648311806075314
TGTGGAT,0.578637945793287
TGTGGCA,0.603868159338994
TGTGGCC,0.599707082105549
TGTGGCG,0.544465582970065
TGTGGCT,0.534130359955369
TGTGGGA,0.569368296745289
TGTGGGC,0.561457070095372
TGTGGGG,0.610306725797169
TGTGGGT,0.574370320901502
TGTGGTA,0.542505186816431
TGTGGTC,0.550080408311853
TGTGGTG,0.652495627763313
TGTGGTT,0.56458108950922
TGTGTAA,0.539311323507636
TGTGTAC,0.607552414747027
TGTGTAG,0.528425001836785
TGTGTAT,0.5128812026791
TGTGTCA,0.569607056581024
TGTGTCC,0.565540366100184
TGTGTCG,0.574370320901502
TGTGTCT,0.569845759424107
TGTGTGA,0.540295137595975
TGTGTGC,0.5542103275045
TGTGTGG,0.513891352458606
TGTGTGT,0.405210603703629
TGTGTTA,0.55105368959315
TGTGTTC,0.554452733580856
TGTGTTG,0.547398990069681
TGTGTTT,0.536600833417566
TGTTAAA,0.53586033200784
TGTTAAC,0.538326540575898
TGTTAAG,0.539803351538071
TGTTAAT,0.544220743520313
TGTTACA,0.637217368482937
TGTTACC,0.562178864365651
TGTTACG,0.550810458065586
TGTTACT,0.54373088470832
TGTTAGA,0.522937074028329
TGTTAGC,0.538326540575898
TGTTAGG,0.537587316424791
TGTTAGT,0.531653768135685
TGTTATA,0.545444341745468
TGTTATC,0.538080193237468
TGTTATG,0.565540366100184
TGTTATT,0.538326540575898
TGTTCAA,0.571276781158874
TGTTCAC,0.560493866595183
TGTTCAG,0.537833785197073
TGTTCAT,0.559770854637779
TGTTCCA,0.533882976599
TGTTCCC,0.578874502895948
TGTTCCG,0.570084405301741
TGTTCCT,0.553725338998419
TGTTCGA,0.550080408311853
TGTTCGC,0.548374883352512
TGTTCGG,0.570800001413671
TGTTCGT,0.549106178831164
TGTTCTA,0.53586033200784
TGTTCTC,0.556389869707581
TGTTCTG,0.548618707938343
TGTTCTT,0.557598676986502
TGTTGAA,0.562659771271024
TGTTGAC,0.544710362488134
TGTTGAG,0.534872143045142
TGTTGAT,0.549836939907521
TGTTGCA,0.559047319555836
TGTTGCC,0.596923380176189
TGTTGCG,0.541769046311556
TGTTGCT,0.553967862653191
TGTTGGA,0.633417045301892
TGTTGGC,0.531653768135685
TGTTGGG,0.542505186816431
TGTTGGT,0.52643287463498
TGTTGTA,0.589462066945777
TGTTGTC,0.589696077631495
TGTTGTG,0.550080408311853
TGTTGTT,0.54373088470832
TGTTTAA,0.537094196564764
TGTTTAC,0.584299928502264
TGTTTAG,0.543240785817062
TGTTTAT,0.542014486696199
TGTTTCA,0.540540939959579
TGTTTCC,0.539557367784301
TGTTTCG,0.573181630196659
TGTTTCT,0.540786681919229
TGTTTGA,0.545933362129139
TGTTTGC,0.559770854637779
TGTTTGG,0.528425001836785
TGTTTGT,0.515404666446114
TGTTTTA,0.557840263195344
TGTTTTC,0.51338640511917
TGTTTTG,0.531157712899333
TGTTTTT,0.483394224088384
TTAAAAA,0.500423337850318
TTAAAAC,0.534377682128348
TTAAAAG,0.528425001836785
TTAAAAT,0.523687203620185
TTAAACA,0.538080193237468
TTAAACC,0.589696077631495
TTAAACG,0.541523545671142
TTAAACT,0.539311323507636
TTAAAGA,0.54617778267235
TTAAAGC,0.531157712899333
TTAAAGG,0.53881905326644
TTAAAGT,0.542750446611098
TTAAATA,0.54617778267235
TTAAATC,0.537587316424791
TTAAATG,0.525435320840846
TTAAATT,0.548130999301753
TTAACAA,0.537833785197073
TTAACAC,0.536354060536236
TTAACAG,0.530909592974082
TTAACAT,0.541523545671142
TTAACCA,0.547643052689382
TTAACCC,0.547154867868876
TTAACCG,0.548130999301753
TTAACCT,0.544710362488134
TTAACGA,0.549593412211889
TTAACGC,0.549836939907521
TTAACGG,0.545199741846535
TTAACGT,0.542505186816431
TTAACTA,0.54373088470832
TTAACTC,0.548862473088238
TTAACTG,0.553482756511656
TTAACTT,0.543240785817062
TTAAGAA,0.540540939959579
TTAAGAC,0.546666444607543
TTAAGAG,0.561938324158355
TTAAGAT,0.547643052689382
TTAAGCA,0.535119281849402
TTAAGCC,0.542750446611098
TTAAGCG,0.544220743520313
TTAAGCT,0.538572827242263
TTAAGGA,0.538572827242263
TTAAGGC,0.544710362488134
TTAAGGG,0.533635532028962
TTAAGGT,0.541769046311556
TTAAGTA,0.530661411470054
TTAAGTC,0.546422143488757
TTAAGTG,0.584064651497879
TTAAGTT,0.544710362488134
TTAATAA,0.530413168356677
TTAATAC,0.543485865287306
TTAATAG,0.542995646268147
TTAATAT,0.542505186816431
TTAATCA,0.564341126509425
TTAATCC,0.568412686931105
TTAATCG,0.549349825196072
TTAATCT,0.565540366100184
TTAATGA,0.53881905326644
TTAATGC,0.540049274798713
TTAATGG,0.538326540575898
TTAATGT,0.55928855608816
TTAATTA,0.541032363504604
TTAATTC,0.544955082103854
TTAATTG,0.538326540575898
TTAATTT,0.531653768135685
TTACAAA,0.540295137595975
TTACAAC,0.545444341745468
TTACAAG,0.536354060536236
TTACAAT,0.543240785817062
TTACACA,0.540540939959579
TTACACC,0.54568888182992
TTACACG,0.549349825196072
TTACACT,0.610077489406554
TTACAGA,0.544710362488134
TTACAGC,0.53881905326644
TTACAGG,0.471878211501719
TTACAGT,0.588525476208152
TTACATA,0.545199741846535
TTACATC,0.569845759424107
TTACATG,0.539311323507636
TTACATT,0.539557367784301
TTACCAA,0.593898932781932
TTACCAC,0.539557367784301
TTACCAG,0.540295137595975
TTACCAT,0.547643052689382
TTACCCA,0.534872143045142
TTACCCC,0.570084405301741
TTACCCG,0.573419481403349
TTACCCT,0.543975844109523
TTACCGA,0.573181630196659
TTACCGC,0.550080408311853
TTACCGG,0.550567167362053
TTACCGT,0.546666444607543
TTACCTA,0.573657276050295
TTACCTC,0.568173641723396
TTACCTG,0.553725338998419
TTACCTT,0.591332620915189
TTACGAA,0.550810458065586
TTACGAC,0.547398990069681
TTACGAG,0.549593412211889
TTACGAT,0.550080408311853
TTACGCA,0.54691068605787
TTACGCC,0.548374883352512
TTACGCG,0.550810458065586
TTACGCT,0.548374883352512
TTACGGA,0.550810458065586
TTACGGC,0.550567167362053
TTACGGG,0.548130999301753
TTACGGT,0.550810458065586
TTACGTA,0.573657276050295
TTACGTC,0.550810458065586
TTACGTG,0.550810458065586
TTACGTT,0.550810458065586
TTACTAA,0.543240785817062
TTACTAC,0.549106178831164
TTACTAG,0.548618707938343
TTACTAT,0.544710362488134
TTACTCA,0.54373088470832
TTACTCC,0.543485865287306
TTACTCG,0.549106178831164
TTACTCT,0.545199741846535
TTACTGA,0.542259866854641
TTACTGC,0.541277984745362
TTACTGG,0.534872143045142
TTACTGT,0.54568888182992
TTACTTA,0.544955082103854
TTACTTC,0.542750446611098
TTACTTG,0.54373088470832
TTACTTT,0.537094196564764
TTAGAAA,0.536600833417566
TTAGAAC,0.538326540575898
TTAGAAG,0.537340786890677
TTAGAAT,0.541769046311556
TTAGACA,0.542014486696199
TTAGACC,0.531901703507817
TTAGACG,0.539065218678287
TTAGACT,0.596691054855315
TTAGAGA,0.532892830733711
TTAGAGC,0.547398990069681
TTAGAGG,0.590163934783973
TTAGAGT,0.536847545417064
TTAGATA,0.546666444607543
TTAGATC,0.548130999301753
TTAGATG,0.537587316424791
TTAGATT,0.538080193237468
TTAGCAA,0.538080193237468
TTAGCAC,0.546666444607543
TTAGCAG,0.547154867868876
TTAGCAT,0.564820994940588
TTAGCCA,0.528425001836785
TTAGCCC,0.540049274798713
TTAGCCG,0.540295137595975
TTAGCCT,0.537587316424791
TTAGCGA,0.550810458065586
TTAGCGC,0.548618707938343
TTAGCGG,0.545933362129139
TTAGCGT,0.546422143488757
TTAGCTA,0.543485865287306
TTAGCTC,0.531405771276359
TTAGCTG,0.523437222939288
TTAGCTT,0.597852142085034
TTAGGAA,0.542995646268147
TTAGGAC,0.53881905326644
TTAGGAG,0.537833785197073
TTAGGAT,0.537340786890677
TTAGGCA,0.538326540575898
TTAGGCC,0.539557367784301
TTAGGCG,0.572705757996379
TTAGGCT,0.564341126509425
TTAGGGA,0.527678419125729
TTAGGGC,0.541769046311556
TTAGGGG,0.556873567979075
TTAGGGT,0.591566194331503
TTAGGTA,0.539065218678287
TTAGGTC,0.542259866854641
TTAGGTG,0.539065218678287
TTAGGTT,0.535613376300595
TTAGTAA,0.545199741846535
TTAGTAC,0.547887055757054
TTAGTAG,0.5128812026791
TTAGTAT,0.533882976599
TTAGTCA,0.569607056581024
TTAGTCC,0.54617778267235
TTAGTCG,0.550810458065586
TTAGTCT,0.547154867868876
TTAGTGA,0.538326540575898
TTAGTGC,0.542505186816431
TTAGTGG,0.541277984745362
TTAGTGT,0.556873567979075
TTAGTTA,0.570561526269369
TTAGTTC,0.548862473088238
TTAGTTG,0.546422143488757
TTAGTTT,0.53610722674302
TTATAAA,0.541277984745362
TTATAAC,0.550323817453749
TTATAAG,0.542014486696199
TTATAAT,0.543240785817062
TTATACA,0.550567167362053
TTATACC,0.545444341745468
TTATACG,0.548130999301753
TTATACT,0.543485865287306
TTATAGA,0.541032363504604
TTATAGC,0.543975844109523
TTATAGG,0.540540939959579
TTATAGT,0.545933362129139
TTATATA,0.531405771276359
TTATATC,0.54617778267235
TTATATG,0.544465582970065
TTATATT,0.540786681919229
TTATCAA,0.545933362129139
TTATCAC,0.571515085813964
TTATCAG,0.568651675009859
TTATCAT,0.545199741846535
TTATCCA,0.567934539359412
TTATCCC,0.587118943290794
TTATCCG,0.547887055757054
TTATCCT,0.54568888182992
TTATCGA,0.549836939907521
TTATCGC,0.544465582970065
TTATCGG,0.574845401829444
TTATCGT,0.550810458065586
TTATCTA,0.540540939959579
TTATCTC,0.540540939959579
TTATCTG,0.54373088470832
TTATCTT,0.547643052689382
TTATGAA,0.539065218678287
TTATGAC,0.548130999301753
TTATGAG,0.536354060536236
TTATGAT,0.547887055757054
TTATGCA,0.535119281849402
TTATGCC,0.573419481403349
TTATGCG,0.550810458065586
TTATGCT,0.54568888182992
TTATGGA,0.56649872336139
TTATGGC,0.565060842831145
TTATGGG,0.538080193237468
TTATGGT,0.541277984745362
TTATGTA,0.542995646268147
TTATGTC,0.546422143488757
TTATGTG,0.537833785197073
TTATGTT,0.567456163053246
TTATTAA,0.54617778267235
TTATTAC,0.545444341745468
TTATTAG,0.538326540575898
TTATTAT,0.526931278612457
TTATTCA,0.612824863922
TTATTCC,0.565780041533798
TTATTCG,0.549106178831164
TTATTCT,0.533388026214955
TTATTGA,0.539311323507636
TTATTGC,0.543485865287306
TTATTGG,0.569607056581024
TTATTGT,0.541277984745362
TTATTTA,0.520181774640252
TTATTTC,0.529171027577895
TTATTTG,0.531405771276359
TTATTTT,0.488844098769457
TTCAAAA,0.533388026214955
TTCAAAC,0.544465582970065
TTCAAAG,0.590631573148494
TTCAAAT,0.529668069054375
TTCAACA,0.588056851682984
TTCAACC,0.563620891823023
TTCAACG,0.542014486696199
TTCAACT,0.539311323507636
TTCAAGA,0.551783029407716
TTCAAGC,0.55928855608816
TTCAAGG,0.559047319555836
TTCAAGT,0.558564671835767
TTCAATA,0.545933362129139
TTCAATC,0.542750446611098
TTCAATG,0.565300633208485
TTCAATT,0.54691068605787
TTCACAA,0.543240785817062
TTCACAC,0.536354060536236
TTCACAG,0.532149577423238
TTCACAT,0.567934539359412
TTCACCA,0.523937121826358
TTCACCC,0.537587316424791
TTCACCG,0.562178864365651
TTCACCT,0.566738169237826
TTCACGA,0.546666444607543
TTCACGC,0.525435320840846
TTCACGG,0.54617778267235
TTCACGT,0.545199741846535
TTCACTA,0.542995646268147
TTCACTC,0.534872143045142
TTCACTG,0.570322994241107
TTCACTT,0.522436674843258
TTCAGAA,0.532892830733711
TTCAGAC,0.567216889056327
TTCAGAG,0.528425001836785
TTCAGAT,0.527678419125729
TTCAGCA,0.603868159338994
TTCAGCC,0.565060842831145
TTCAGCG,0.557598676986502
TTCAGCT,0.573181630196659
TTCAGGA,0.527180387479689
TTCAGGC,0.519679994457983
TTCAGGG,0.634536287412446
TTCAGGT,0.544220743520313
TTCAGTA,0.544465582970065
TTCAGTC,0.53610722674302
TTCAGTG,0.561938324158355
TTCAGTT,0.533882976599
TTCATAA,0.57222965923393
TTCATAC,0.539557367784301
TTCATAG,0.542014486696199
TTCATAT,0.565300633208485
TTCATCA,0.540540939959579
TTCATCC,0.585475483910779
TTCATCG,0.573419481403349
TTCATCT,0.522686905735711
TTCATGA,0.546422143488757
TTCATGC,0.529668069054375
TTCATGG,0.563380698272967
TTCATGT,0.542505186816431
TTCATTA,0.539065218678287
TTCATTC,0.52643287463498
TTCATTG,0.531653768135685
TTCATTT,0.526183579462832
TTCCAAA,0.541277984745362
TTCCAAC,0.571515085813964
TTCCAAG,0.547887055757054
TTCCAAT,0.546422143488757
TTCCACA,0.519679994457983
TTCCACC,0.575082857682005
TTCCACG,0.536847545417064
TTCCACT,0.555421770706192
TTCCAGA,0.558806024814404
TTCCAGC,0.524186977589027
TTCCAGG,0.719012482081934
TTCCAGT,0.551783029407716
TTCCATA,0.55928855608816
TTCCATC,0.566977557793659
TTCCATG,0.538572827242263
TTCCATT,0.520683303165441
TTCCCAA,0.533882976599
TTCCCAC,0.537340786890677
TTCCCAG,0.604790496510143
TTCCCAT,0.550080408311853
TTCCCCA,0.550323817453749
TTCCCCC,0.539803351538071
TTCCCCG,0.619433355837054
TTCCCCT,0.53881905326644
TTCCCGA,0.543485865287306
TTCCCGC,0.536354060536236
TTCCCGG,0.557598676986502
TTCCCGT,0.539065218678287
TTCCCTA,0.52892241416511
TTCCCTC,0.496321618997808
TTCCCTG,0.590631573148494
TTCCCTT,0.561216356183953
TTCCGAA,0.574607889578209
TTCCGAC,0.544220743520313
TTCCGAG,0.543975844109523
TTCCGAT,0.547643052689382
TTCCGCA,0.538326540575898
TTCCGCC,0.585240483357526
TTCCGCG,0.574132695772508
TTCCGCT,0.541523545671142
TTCCGGA,0.540540939959579
TTCCGGC,0.543240785817062
TTCCGGG,0.625321308470092
TTCCGGT,0.541769046311556
TTCCGTA,0.570561526269369
TTCCGTC,0.547154867868876
TTCCGTG,0.549593412211889
TTCCGTT,0.542995646268147
TTCCTAA,0.566259220136895
TTCCTAC,0.539065218678287
TTCCTAG,0.55928855608816
TTCCTAT,0.543485865287306
TTCCTCA,0.5128812026791
TTCCTCC,0.538080193237468
TTCCTCG,0.536847545417064
TTCCTCT,0.543485865287306
TTCCTGA,0.525185776828227
TTCCTGC,0.588525476208152
TTCCTGG,0.725570139090259
TTCCTGT,0.518926851774713
TTCCTTA,0.557115329406598
TTCCTTC,0.573181630196659
TTCCTTG,0.543485865287306
TTCCTTT,0.60571198375929
TTCGAAA,0.550567167362053
TTCGAAC,0.545933362129139
TTCGAAG,0.550810458065586
TTCGAAT,0.549593412211889
TTCGACA,0.598084197843763
TTCGACC,0.546422143488757
TTCGACG,0.549106178831164
TTCGACT,0.548130999301753
TTCGAGA,0.537340786890677
TTCGAGC,0.544710362488134
TTCGAGG,0.540295137595975
TTCGAGT,0.548374883352512
TTCGATA,0.550810458065586
TTCGATC,0.550810458065586
TTCGATG,0.617159495383638
TTCGATT,0.547643052689382
TTCGCAA,0.548374883352512
TTCGCAC,0.550810458065586
TTCGCAG,0.597852142085034
TTCGCAT,0.550810458065586
TTCGCCA,0.54373088470832
TTCGCCC,0.543240785817062
TTCGCCG,0.588056851682984
TTCGCCT,0.547398990069681
TTCGCGA,0.57389501416439
TTCGCGC,0.572467736948908
TTCGCGG,0.544220743520313
TTCGCGT,0.549593412211889
TTCGCTA,0.550810458065586
TTCGCTC,0.54568888182992
TTCGCTG,0.545444341745468
TTCGCTT,0.543975844109523
TTCGGAA,0.545199741846535
TTCGGAC,0.571515085813964
TTCGGAG,0.568890605986957
TTCGGAT,0.541769046311556
TTCGGCA,0.549836939907521
TTCGGCC,0.573419481403349
TTCGGCG,0.546666444607543
TTCGGCT,0.593665903659702
TTCGGGA,0.549106178831164
TTCGGGC,0.547887055757054
TTCGGGG,0.558806024814404
TTCGGGT,0.549593412211889
TTCGGTA,0.548374883352512
TTCGGTC,0.548374883352512
TTCGGTG,0.570800001413671
TTCGGTT,0.549593412211889
TTCGTAA,0.549836939907521
TTCGTAC,0.549836939907521
TTCGTAG,0.547154867868876
TTCGTAT,0.549593412211889
TTCGTCA,0.596691054855315
TTCGTCC,0.641669924763168
TTCGTCG,0.546666444607543
TTCGTCT,0.590631573148494
TTCGTGA,0.571991524824455
TTCGTGC,0.590163934783973
TTCGTGG,0.559529734439456
TTCGTGT,0.544955082103854
TTCGTTA,0.549593412211889
TTCGTTC,0.544955082103854
TTCGTTG,0.549836939907521
TTCGTTT,0.54691068605787
TTCTAAA,0.537587316424791
TTCTAAC,0.531901703507817
TTCTAAG,0.533388026214955
TTCTAAT,0.537094196564764
TTCTACA,0.538326540575898
TTCTACC,0.56649872336139
TTCTACG,0.550810458065586
TTCTACT,0.591332620915189
TTCTAGA,0.528673738928325
TTCTAGC,0.531901703507817
TTCTAGG,0.540786681919229
TTCTAGT,0.545199741846535
TTCTATA,0.54691068605787
TTCTATC,0.54568888182992
TTCTATG,0.584535150164402
TTCTATT,0.567456163053246
TTCTCAA,0.538326540575898
TTCTCAC,0.559770854637779
TTCTCAG,0.522186381319632
TTCTCAT,0.560734754461784
TTCTCCA,0.578637945793287
TTCTCCC,0.57911100405258
TTCTCCG,0.542014486696199
TTCTCCT,0.552511837673372
TTCTCGA,0.548618707938343
TTCTCGC,0.565780041533798
TTCTCGG,0.539065218678287
TTCTCGT,0.548374883352512
TTCTCTA,0.517418862597485
TTCTCTC,0.559047319555836
TTCTCTG,0.586884328679486
TTCTCTT,0.52892241416511
TTCTGAA,0.629152463843175
TTCTGAC,0.508576645704089
TTCTGAG,0.614195725829269
TTCTGAT,0.534872143045142
TTCTGCA,0.533635532028962
TTCTGCC,0.552754655773811
TTCTGCG,0.535366359591164
TTCTGCT,0.510351354929557
TTCTGGA,0.538080193237468
TTCTGGC,0.565540366100184
TTCTGGG,0.568651675009859
TTCTGGT,0.552268960597983
TTCTGTA,0.540295137595975
TTCTGTC,0.565540366100184
TTCTGTG,0.536847545417064
TTCTGTT,0.522436674843258
TTCTTAA,0.526682107674533
TTCTTAC,0.542995646268147
TTCTTAG,0.534624943148194
TTCTTAT,0.569368296745289
TTCTTCA,0.533882976599
TTCTTCC,0.589930033569023
TTCTTCG,0.566019659536863
TTCTTCT,0.604329434262797
TTCTTGA,0.540540939959579
TTCTTGC,0.550080408311853
TTCTTGG,0.552026024518989
TTCTTGT,0.541523545671142
TTCTTTA,0.55928855608816
TTCTTTC,0.526183579462832
TTCTTTG,0.576743471734003
TTCTTTT,0.498374581434782
TTGAAAA,0.57816466364396
TTGAAAC,0.532149577423238
TTGAAAG,0.577691157392573
TTGAAAT,0.534130359955369
TTGAACA,0.534872143045142
TTGAACC,0.549593412211889
TTGAACG,0.550810458065586
TTGAACT,0.514648295717236
TTGAAGA,0.536600833417566
TTGAAGC,0.537340786890677
TTGAAGG,0.554695080910746
TTGAAGT,0.559047319555836
TTGAATA,0.542014486696199
TTGAATC,0.545199741846535
TTGAATG,0.543485865287306
TTGAATT,0.539803351538071
TTGACAA,0.562178864365651
TTGACAC,0.544220743520313
TTGACAG,0.540049274798713
TTGACAT,0.541277984745362
TTGACCA,0.539065218678287
TTGACCC,0.557115329406598
TTGACCG,0.550810458065586
TTGACCT,0.561457070095372
TTGACGA,0.549106178831164
TTGACGC,0.550567167362053
TTGACGG,0.550810458065586
TTGACGT,0.550080408311853
TTGACTA,0.543240785817062
TTGACTC,0.537094196564764
TTGACTG,0.53610722674302
TTGACTT,0.565300633208485
TTGAGAA,0.537094196564764
TTGAGAC,0.500679137524119
TTGAGAG,0.530909592974082
TTGAGAT,0.551296861973523
TTGAGCA,0.52643287463498
TTGAGCC,0.537094196564764
TTGAGCG,0.550080408311853
TTGAGCT,0.52493617052785
TTGAGGA,0.561697726077547
TTGAGGC,0.517921778369032
TTGAGGG,0.579820172110774
TTGAGGT,0.533388026214955
TTGAGTA,0.542750446611098
TTGAGTC,0.543240785817062
TTGAGTG,0.562178864365651
TTGAGTT,0.533140459126653
TTGATAA,0.542995646268147
TTGATAC,0.53881905326644
TTGATAG,0.548374883352512
TTGATAT,0.539557367784301
TTGATCA,0.540295137595975
TTGATCC,0.545933362129139
TTGATCG,0.574370320901502
TTGATCT,0.607322546025095
TTGATGA,0.585240483357526
TTGATGC,0.543485865287306
TTGATGG,0.537094196564764
TTGATGT,0.550567167362053
TTGATTA,0.539311323507636
TTGATTC,0.554937369522638
TTGATTG,0.542750446611098
TTGATTT,0.550080408311853
TTGCAAA,0.563620891823023
TTGCAAC,0.541769046311556
TTGCAAG,0.54373088470832
TTGCAAT,0.541769046311556
TTGCACA,0.544955082103854
TTGCACC,0.540049274798713
TTGCACG,0.541769046311556
TTGCACT,0.558323260591808
TTGCAGA,0.525684802596787
TTGCAGC,0.566259220136895
TTGCAGG,0.575794887115326
TTGCAGT,0.539557367784301
TTGCATA,0.569845759424107
TTGCATC,0.544220743520313
TTGCATG,0.56649872336139
TTGCATT,0.540540939959579
TTGCCAA,0.56458108950922
TTGCCAC,0.560252920687636
TTGCCAG,0.575082857682005
TTGCCAT,0.547643052689382
TTGCCCA,0.575082857682005
TTGCCCC,0.511110981494617
TTGCCCG,0.634312539184134
TTGCCCT,0.60594222295475
TTGCCGA,0.54691068605787
TTGCCGC,0.593898932781932
TTGCCGG,0.549349825196072
TTGCCGT,0.544220743520313
TTGCCTA,0.542259866854641
TTGCCTC,0.538080193237468
TTGCCTG,0.574132695772508
TTGCCTT,0.54691068605787
TTGCGAA,0.549836939907521
TTGCGAC,0.549836939907521
TTGCGAG,0.543485865287306
TTGCGAT,0.550567167362053
TTGCGCA,0.550810458065586
TTGCGCC,0.537587316424791
TTGCGCG,0.548374883352512
TTGCGCT,0.550567167362053
TTGCGGA,0.550567167362053
TTGCGGC,0.594830506624456
TTGCGGG,0.567216889056327
TTGCGGT,0.547398990069681
TTGCGTA,0.546422143488757
TTGCGTC,0.548862473088238
TTGCGTG,0.538326540575898
TTGCGTT,0.541032363504604
TTGCTAA,0.569845759424107
TTGCTAC,0.543240785817062
TTGCTAG,0.545933362129139
TTGCTAT,0.567695379811815
TTGCTCA,0.53610722674302
TTGCTCC,0.555905937358841
TTGCTCG,0.564820994940588
TTGCTCT,0.518173141439992
TTGCTGA,0.528673738928325
TTGCTGC,0.574132695772508
TTGCTGG,0.543240785817062
TTGCTGT,0.5128812026791
TTGCTTA,0.566738169237826
TTGCTTC,0.53881905326644
TTGCTTG,0.532892830733711
TTGCTTT,0.528425001836785
TTGGAAA,0.532149577423238
TTGGAAC,0.584299928502264
TTGGAAG,0.585005427566031
TTGGAAT,0.529171027577895
TTGGACA,0.563861027693991
TTGGACC,0.561697726077547
TTGGACG,0.549349825196072
TTGGACT,0.542505186816431
TTGGAGA,0.541523545671142
TTGGAGC,0.600401798490179
TTGGAGG,0.585240483357526
TTGGAGT,0.533140459126653
TTGGATA,0.572467736948908
TTGGATC,0.547887055757054
TTGGATG,0.56649872336139
TTGGATT,0.566738169237826
TTGGCAA,0.543975844109523
TTGGCAC,0.55735703239966
TTGGCAG,0.542995646268147
TTGGCAT,0.562178864365651
TTGGCCA,0.497348627048048
TTGGCCC,0.530164863603354
TTGGCCG,0.565540366100184
TTGGCCT,0.566259220136895
TTGGCGA,0.549349825196072
TTGGCGC,0.54617778267235
TTGGCGG,0.542014486696199
TTGGCGT,0.550080408311853
TTGGCTA,0.538326540575898
TTGGCTC,0.52892241416511
TTGGCTG,0.637663517307499
TTGGCTT,0.543485865287306
TTGGGAA,0.522436674843258
TTGGGAC,0.587822457041308
TTGGGAG,0.488585253316851
TTGGGAT,0.523187179752425
TTGGGCA,0.531901703507817
TTGGGCC,0.537340786890677
TTGGGCG,0.540786681919229
TTGGGCT,0.536600833417566
TTGGGGA,0.591799713204015
TTGGGGC,0.513133835802823
TTGGGGG,0.490654143335064
TTGGGGT,0.564341126509425
TTGGGTA,0.564341126509425
TTGGGTC,0.53610722674302
TTGGGTG,0.55663174808883
TTGGGTT,0.55735703239966
TTGGTAA,0.563620891823023
TTGGTAC,0.546666444607543
TTGGTAG,0.540049274798713
TTGGTAT,0.545199741846535
TTGGTCA,0.542014486696199
TTGGTCC,0.542750446611098
TTGGTCG,0.546422143488757
TTGGTCT,0.567934539359412
TTGGTGA,0.539311323507636
TTGGTGC,0.574370320901502
TTGGTGG,0.537587316424791
TTGGTGT,0.586884328679486
TTGGTTA,0.542259866854641
TTGGTTC,0.53610722674302
TTGGTTG,0.541769046311556
TTGGTTT,0.516664014388918
TTGTAAA,0.585005427566031
TTGTAAC,0.544710362488134
TTGTAAG,0.566977557793659
TTGTAAT,0.564101105913567
TTGTACA,0.539803351538071
TTGTACC,0.54691068605787
TTGTACG,0.550810458065586
TTGTACT,0.543485865287306
TTGTAGA,0.5216856062534
TTGTAGC,0.533635532028962
TTGTAGG,0.547643052689382
TTGTAGT,0.541769046311556
TTGTATA,0.544710362488134
TTGTATC,0.545444341745468
TTGTATG,0.54373088470832
TTGTATT,0.510351354929557
TTGTCAA,0.585945319406368
TTGTCAC,0.533882976599
TTGTCAG,0.558806024814404
TTGTCAT,0.597620032463931
TTGTCCA,0.5279273419663
TTGTCCC,0.540540939959579
TTGTCCG,0.548862473088238
TTGTCCT,0.539065218678287
TTGTCGA,0.550567167362053
TTGTCGC,0.549836939907521
TTGTCGG,0.547643052689382
TTGTCGT,0.571753333693476
TTGTCTA,0.542995646268147
TTGTCTC,0.576743471734003
TTGTCTG,0.628927507609448
TTGTCTT,0.584770316510321
TTGTGAA,0.540540939959579
TTGTGAC,0.539803351538071
TTGTGAG,0.545444341745468
TTGTGAT,0.583593931358153
TTGTGCA,0.55663174808883
TTGTGCC,0.582651825824393
TTGTGCG,0.542505186816431
TTGTGCT,0.541277984745362
TTGTGGA,0.586884328679486
TTGTGGC,0.580292671570626
TTGTGGG,0.572943722403313
TTGTGGT,0.540540939959579
TTGTGTA,0.541032363504604
TTGTGTC,0.53881905326644
TTGTGTG,0.5279273419663
TTGTGTT,0.561216356183953
TTGTTAA,0.534130359955369
TTGTTAC,0.547643052689382
TTGTTAG,0.52892241416511
TTGTTAT,0.538572827242263
TTGTTCA,0.542505186816431
TTGTTCC,0.533635532028962
TTGTTCG,0.570800001413671
TTGTTCT,0.558081791054386
TTGTTGA,0.540786681919229
TTGTTGC,0.533388026214955
TTGTTGG,0.540540939959579
TTGTTGT,0.571038419701138
TTGTTTA,0.540295137595975
TTGTTTC,0.533882976599
TTGTTTG,0.573181630196659
TTGTTTT,0.470561142600129
TTTAAAA,0.491170697732969
TTTAAAC,0.586884328679486
TTTAAAG,0.551296861973523
TTTAAAT,0.516160465510676
TTTAACA,0.530164863603354
TTTAACC,0.545933362129139
TTTAACG,0.548862473088238
TTTAACT,0.558806024814404
TTTAAGA,0.565540366100184
TTTAAGC,0.527180387479689
TTTAAGG,0.53881905326644
TTTAAGT,0.584064651497879
TTTAATA,0.528673738928325
TTTAATC,0.588056851682984
TTTAATG,0.535366359591164
TTTAATT,0.535613376300595
TTTACAA,0.53586033200784
TTTACAC,0.540540939959579
TTTACAG,0.571753333693476
TTTACAT,0.538572827242263
TTTACCA,0.591566194331503
TTTACCC,0.54568888182992
TTTACCG,0.574607889578209
TTTACCT,0.587118943290794
TTTACGA,0.550810458065586
TTTACGC,0.550080408311853
TTTACGG,0.550080408311853
TTTACGT,0.550810458065586
TTTACTA,0.542750446611098
TTTACTC,0.542995646268147
TTTACTG,0.537340786890677
TTTACTT,0.539311323507636
TTTAGAA,0.543975844109523
TTTAGAC,0.531405771276359
TTTAGAG,0.537833785197073
TTTAGAT,0.54373088470832
TTTAGCA,0.539803351538071
TTTAGCC,0.544710362488134
TTTAGCG,0.548374883352512
TTTAGCT,0.531157712899333
TTTAGGA,0.538080193237468
TTTAGGC,0.537587316424791
TTTAGGG,0.549106178831164
TTTAGGT,0.534872143045142
TTTAGTA,0.509084026951281
TTTAGTC,0.567216889056327
TTTAGTG,0.537833785197073
TTTAGTT,0.540786681919229
TTTATAA,0.539803351538071
TTTATAC,0.538572827242263
TTTATAG,0.543975844109523
TTTATAT,0.530164863603354
TTTATCA,0.561457070095372
TTTATCC,0.566259220136895
TTTATCG,0.574845401829444
TTTATCT,0.542995646268147
TTTATGA,0.539311323507636
TTTATGC,0.546422143488757
TTTATGG,0.53881905326644
TTTATGT,0.534377682128348
TTTATTA,0.540295137595975
TTTATTC,0.603637442062089
TTTATTG,0.534130359955369
TTTATTT,0.486252624247975
TTTCAAA,0.533882976599
TTTCAAC,0.540540939959579
TTTCAAG,0.563861027693991
TTTCAAT,0.546422143488757
TTTCACA,0.545199741846535
TTTCACC,0.509084026951281
TTTCACG,0.534872143045142
TTTCACT,0.522686905735711
TTTCAGA,0.52118458028585
TTTCAGC,0.570561526269369
TTTCAGG,0.593665903659702
TTTCAGT,0.538572827242263
TTTCATA,0.539065218678287
TTTCATC,0.536847545417064
TTTCATG,0.534377682128348
TTTCATT,0.512628505715754
TTTCCAA,0.534872143045142
TTTCCAC,0.581708831890764
TTTCCAG,0.57816466364396
TTTCCAT,0.565780041533798
TTTCCCA,0.524436770939387
TTTCCCC,0.566977557793659
TTTCCCG,0.544220743520313
TTTCCCT,0.550810458065586
TTTCCGA,0.549106178831164
TTTCCGC,0.548862473088238
TTTCCGG,0.541277984745362
TTTCCGT,0.544465582970065
TTTCCTA,0.590397781301938
TTTCCTC,0.527429434307149
TTTCCTG,0.616248501500814
TTTCCTT,0.607552414747027
TTTCGAA,0.549106178831164
TTTCGAC,0.549593412211889
TTTCGAG,0.542995646268147
TTTCGAT,0.546422143488757
TTTCGCA,0.574607889578209
TTTCGCC,0.537833785197073
TTTCGCG,0.572705757996379
TTTCGCT,0.544220743520313
TTTCGGA,0.543975844109523
TTTCGGC,0.546422143488757
TTTCGGG,0.549836939907521
TTTCGGT,0.54691068605787
TTTCGTA,0.548862473088238
TTTCGTC,0.574845401829444
TTTCGTG,0.543485865287306
TTTCGTT,0.547643052689382
TTTCTAA,0.540540939959579
TTTCTAC,0.567934539359412
TTTCTAG,0.536354060536236
TTTCTAT,0.56458108950922
TTTCTCA,0.563861027693991
TTTCTCC,0.56649872336139
TTTCTCG,0.544710362488134
TTTCTCT,0.521435124648002
TTTCTGA,0.555905937358841
TTTCTGC,0.531653768135685
TTTCTGG,0.532397389912406
TTTCTGT,0.52643287463498
TTTCTTA,0.537833785197073
TTTCTTC,0.578401332718122
TTTCTTG,0.55663174808883
TTTCTTT,0.505526940154947
TTTGAAA,0.516664014388918
TTTGAAC,0.534377682128348
TTTGAAG,0.52817620285971
TTTGAAT,0.537094196564764
TTTGACA,0.558323260591808
TTTGACC,0.564101105913567
TTTGACG,0.550567167362053
TTTGACT,0.555663883334684
TTTGAGA,0.527180387479689
TTTGAGC,0.52493617052785
TTTGAGG,0.539311323507636
TTTGAGT,0.533882976599
TTTGATA,0.539311323507636
TTTGATC,0.591332620915189
TTTGATG,0.573657276050295
TTTGATT,0.532892830733711
TTTGCAA,0.534130359955369
TTTGCAC,0.547398990069681
TTTGCAG,0.552268960597983
TTTGCAT,0.565540366100184
TTTGCCA,0.52817620285971
TTTGCCC,0.530164863603354
TTTGCCG,0.548374883352512
TTTGCCT,0.548374883352512
TTTGCGA,0.550567167362053
TTTGCGC,0.547398990069681
TTTGCGG,0.549349825196072
TTTGCGT,0.53881905326644
TTTGCTA,0.567456163053246
TTTGCTC,0.531405771276359
TTTGCTG,0.54617778267235
TTTGCTT,0.532892830733711
TTTGGAA,0.529916497179467
TTTGGAC,0.564341126509425
TTTGGAG,0.517418862597485
TTTGGAT,0.562659771271024
TTTGGCA,0.580056449747667
TTTGGCC,0.531405771276359
TTTGGCG,0.549106178831164
TTTGGCT,0.574370320901502
TTTGGGA,0.495807719172113
TTTGGGC,0.52892241416511
TTTGGGG,0.555421770706192
TTTGGGT,0.57934744928964
TTTGGTA,0.566977557793659
TTTGGTC,0.544710362488134
TTTGGTG,0.583358488170663
TTTGGTT,0.534624943148194
TTTGTAA,0.550323817453749
TTTGTAC,0.548374883352512
TTTGTAG,0.5216856062534
TTTGTAT,0.508069006890478
TTTGTCA,0.585240483357526
TTTGTCC,0.536600833417566
TTTGTCG,0.546422143488757
TTTGTCT,0.541769046311556
TTTGTGA,0.535366359591164
TTTGTGC,0.578401332718122
TTTGTGG,0.575320257162669
TTTGTGT,0.524186977589027
TTTGTTA,0.53610722674302
TTTGTTC,0.565300633208485
TTTGTTG,0.553482756511656
TTTGTTT,0.504253479384484
TTTTAAA,0.536847545417064
TTTTAAC,0.540786681919229
TTTTAAG,0.550567167362053
TTTTAAT,0.557840263195344
TTTTACA,0.522937074028329
TTTTACC,0.548130999301753
TTTTACG,0.550080408311853
TTTTACT,0.544220743520313
TTTTAGA,0.527180387479689
TTTTAGC,0.537094196564764
TTTTAGG,0.530909592974082
TTTTAGT,0.50093487178118
TTTTATA,0.523187179752425
TTTTATC,0.565060842831145
TTTTATG,0.529419579197413
TTTTATT,0.590163934783973
TTTTCAA,0.530661411470054
TTTTCAC,0.537094196564764
TTTTCAG,0.514900482865168
TTTTCAT,0.522186381319632
TTTTCCA,0.571276781158874
TTTTCCC,0.550810458065586
TTTTCCG,0.546422143488757
TTTTCCT,0.576743471734003
TTTTCGA,0.547887055757054
TTTTCGC,0.545444341745468
TTTTCGG,0.546422143488757
TTTTCGT,0.57222965923393
TTTTCTA,0.542014486696199
TTTTCTC,0.555905937358841
TTTTCTG,0.514143730546069
TTTTCTT,0.549836939907521
TTTTGAA,0.519429009916496
TTTTGAC,0.531653768135685
TTTTGAG,0.532149577423238
TTTTGAT,0.536847545417064
TTTTGCA,0.576269291901257
TTTTGCC,0.534377682128348
TTTTGCG,0.548130999301753
TTTTGCT,0.532397389912406
TTTTGGA,0.573419481403349
TTTTGGC,0.537340786890677
TTTTGGG,0.506798781285406
TTTTGGT,0.534130359955369
TTTTGTA,0.5216856062534
TTTTGTC,0.563861027693991
TTTTGTG,0.525185776828227
TTTTGTT,0.517167309833298
TTTTTAA,0.528425001836785
TTTTTAC,0.537587316424791
TTTTTAG,0.481049440546747
TTTTTAT,0.529668069054375
TTTTTCA,0.508322858509429
TTTTTCC,0.579820172110774
TTTTTCG,0.549836939907521
TTTTTCT,0.532645141005759
TTTTTGA,0.495807719172113
TTTTTGC,0.549836939907521
TTTTTGG,0.531157712899333
TTTTTGT,0.473719198570424
TTTTTTA,0.492203006731939
TTTTTTC,0.564341126509425
TTTTTTG,0.469242336740101
TTTTTTT,0
