MOTIF,Score
AAAAAAA,0.0632382107196407
AAAAAAC,0.314090340960262
AAAAAAG,0.304814924807012
AAAAAAT,0.295136805808476
AAAAACA,0.309479311752258
AAAAACC,0.324776731982597
AAAAACG,0.329224244607228
AAAAACT,0.323601569745737
AAAAAGA,0.307254470514779
AAAAAGC,0.324515316806808
AAAAAGG,0.320127298444075
AAAAAGT,0.320438867515488
AAAAATA,0.292735856769494
AAAAATC,0.321477896077937
AAAAATG,0.316240289574181
AAAAATT,0.30368724401579
AAAACAA,0.304267251326505
AAAACAC,0.325407332615916
AAAACAG,0.320795827336611
AAAACAT,0.323535273164782
AAAACCA,0.326695169755661
AAAACCC,0.325093823995526
AAAACCG,0.336339339050298
AAAACCT,0.325382952136805
AAAACGA,0.330430942139137
AAAACGC,0.332238262598966
AAAACGG,0.332549539705784
AAAACGT,0.331089157236401
AAAACTA,0.327088151799372
AAAACTC,0.328766150569642
AAAACTG,0.322983794442961
AAAACTT,0.324898702348492
AAAAGAA,0.305873857533034
AAAAGAC,0.325027626275419
AAAAGAG,0.32177156700147
AAAAGAT,0.325630212296714
AAAAGCA,0.322418038281886
AAAAGCC,0.329002164614246
AAAAGCG,0.333766049348056
AAAAGCT,0.326134990382944
AAAAGGA,0.318525912981973
AAAAGGC,0.329380365077248
AAAAGGG,0.324456053198606
AAAAGGT,0.32759219467121
AAAAGTA,0.325250590591678
AAAAGTC,0.328439804112337
AAAAGTG,0.324368894452858
AAAAGTT,0.322781276550118
AAAATAA,0.303103338669571
AAAATAC,0.313297459089926
AAAATAG,0.323266552538741
AAAATAT,0.319612471682029
AAAATCA,0.323071073990663
AAAATCC,0.325953995819763
AAAATCG,0.333227096982719
AAAATCT,0.32348293065392
AAAATGA,0.317199412909276
AAAATGC,0.322714925562413
AAAATGG,0.327679072942627
AAAATGT,0.318694231597869
AAAATTA,0.304967793070081
AAAATTC,0.32657341832218
AAAATTG,0.328616877640483
AAAATTT,0.316046948213688
AAACAAA,0.300103674711527
AAACAAC,0.327122921534401
AAACAAG,0.327397559949309
AAACAAT,0.329515649771867
AAACACA,0.322529817956533
AAACACC,0.332335114749087
AAACACG,0.333272020775818
AAACACT,0.32737322794523
AAACAGA,0.322714925562413
AAACAGC,0.329092390559682
AAACAGG,0.327022085972018
AAACAGT,0.326521234598282
AAACATA,0.329217305353932
AAACATC,0.329168729232517
AAACATG,0.3310337452994
AAACATT,0.323461992882424
AAACCAA,0.327011654126594
AAACCAC,0.332231344229288
AAACCAG,0.329300573215548
AAACCAT,0.331463107520343
AAACCCA,0.327401035901562
AAACCCC,0.32155481822744
AAACCCG,0.335729385306826
AAACCCT,0.32519833779022
AAACCGA,0.336349674043663
AAACCGC,0.339074382800286
AAACCGG,0.337678552967564
AAACCGT,0.335263916126095
AAACCTA,0.330794746142211
AAACCTC,0.327560916645698
AAACCTG,0.329862449999093
AAACCTT,0.32854744077821
AAACGAA,0.332698226791316
AAACGAC,0.334787879142851
AAACGAG,0.335046623006439
AAACGAT,0.334139000132449
AAACGCA,0.334294355250424
AAACGCC,0.334929334083861
AAACGCG,0.337767999498807
AAACGCT,0.333417145393172
AAACGGA,0.334725770652398
AAACGGC,0.336580461069376
AAACGGG,0.335574252985511
AAACGGT,0.336018901265686
AAACGTA,0.33508801581251
AAACGTC,0.333586430832083
AAACGTG,0.333493154645354
AAACGTT,0.332418123412432
AAACTAA,0.329397710291691
AAACTAC,0.333475880322619
AAACTAG,0.33068735111017
AAACTAT,0.332587578041388
AAACTCA,0.329550335207258
AAACTCC,0.325738151786568
AAACTCG,0.335257018657444
AAACTCT,0.328380772634484
AAACTGA,0.320963764349012
AAACTGC,0.328693252620588
AAACTGG,0.327613046144723
AAACTGT,0.327230700030852
AAACTTA,0.329217305353932
AAACTTC,0.330125937758369
AAACTTG,0.332338573580966
AAACTTT,0.326615163340726
AAAGAAA,0.292577507886398
AAAGAAC,0.326990790109269
AAAGAAG,0.324930063752442
AAAGAAT,0.325344638754357
AAAGACA,0.324916125472111
AAAGACC,0.328616877640483
AAAGACG,0.333848939321295
AAAGACT,0.327665172926404
AAAGAGA,0.320186819138297
AAAGAGC,0.326441214265652
AAAGAGG,0.325967919641571
AAAGAGT,0.328769621768002
AAAGATA,0.327679072942627
AAAGATC,0.331411178342429
AAAGATG,0.326712561607575
AAAGATT,0.328207130441184
AAAGCAA,0.323891129599286
AAAGCAC,0.329064629597366
AAAGCAG,0.328155031903085
AAAGCAT,0.327623471718437
AAAGCCA,0.329567677473809
AAAGCCC,0.32947402566127
AAAGCCG,0.342175357804296
AAAGCCT,0.331144566103089
AAAGCGA,0.334798230182905
AAAGCGC,0.335353578889501
AAAGCGG,0.343749603753912
AAAGCGT,0.335698360767787
AAAGCTA,0.332909117063131
AAAGCTC,0.331958030334865
AAAGCTG,0.329245062078204
AAAGCTT,0.325710297549714
AAAGGAA,0.316384392454891
AAAGGAC,0.331044135271475
AAAGGAG,0.327369751896316
AAAGGAT,0.327821536970224
AAAGGCA,0.325341155646799
AAAGGCC,0.333413690289886
AAAGGCG,0.339816198525175
AAAGGCT,0.327686022878284
AAAGGGA,0.320890295376334
AAAGGGC,0.334867234378612
AAAGGGG,0.326413379605457
AAAGGGT,0.328682838194048
AAAGGTA,0.329203426702877
AAAGGTC,0.331148029055321
AAAGGTG,0.325713779371751
AAAGGTT,0.328179344891973
AAAGTAA,0.327265464809956
AAAGTAC,0.332006471154918
AAAGTAG,0.330645775743051
AAAGTAT,0.329973400675513
AAAGTCA,0.326629077959662
AAAGTCC,0.329317919814042
AAAGTCG,0.335832793485963
AAAGTCT,0.330455199857434
AAAGTGA,0.327425367229035
AAAGTGC,0.314019888023172
AAAGTGG,0.327765943666865
AAAGTGT,0.326420338343141
AAAGTTA,0.327442746386209
AAAGTTC,0.329134030558201
AAAGTTG,0.328366882368545
AAAGTTT,0.327334990742604
AAATAAA,0.29673304720658
AAATAAC,0.32729327576308
AAATAAG,0.324354948348543
AAATAAT,0.318943150948813
AAATACA,0.312253420492849
AAATACC,0.330756639547796
AAATACG,0.334977631188616
AAATACT,0.325445643596471
AAATAGA,0.326215035222482
AAATAGC,0.330171001080404
AAATAGG,0.328845985083614
AAATAGT,0.330025404567797
AAATATA,0.324288701696857
AAATATC,0.329061159422888
AAATATG,0.327338466912351
AAATATT,0.317936574618289
AAATCAA,0.327706872395453
AAATCAC,0.329397710291691
AAATCAG,0.325971400566731
AAATCAT,0.329741083599847
AAATCCA,0.327241129591486
AAATCCC,0.328939695729008
AAATCCG,0.335536328090715
AAATCCT,0.326611684655739
AAATCGA,0.334321971411493
AAATCGC,0.336074037660535
AAATCGG,0.335536328090715
AAATCGT,0.33427019048386
AAATCTA,0.330271519635495
AAATCTC,0.327977876568151
AAATCTG,0.325501366039145
AAATCTT,0.327891024253526
AAATGAA,0.316384392454891
AAATGAC,0.329456681770494
AAATGAG,0.320606864480319
AAATGAT,0.328481471292857
AAATGCA,0.323905082173522
AAATGCC,0.328835572247581
AAATGCG,0.33444623469935
AAATGCT,0.327533113135029
AAATGGA,0.323936474753792
AAATGGC,0.336955806785695
AAATGGG,0.321960309921121
AAATGGT,0.330618057871324
AAATGTA,0.325724224765123
AAATGTC,0.329158319756642
AAATGTG,0.324334028827386
AAATGTT,0.319643999305931
AAATTAA,0.318736306825472
AAATTAC,0.329990735606765
AAATTAG,0.315558155187523
AAATTAT,0.325111243719877
AAATTCA,0.326556024050117
AAATTCC,0.329910992434747
AAATTCG,0.336046469843113
AAATTCT,0.323727172268034
AAATTGA,0.329900590682616
AAATTGC,0.333852392921079
AAATTGG,0.327675597956685
AAATTGT,0.328630764434379
AAATTTA,0.3241422461552
AAATTTC,0.326729953157018
AAATTTG,0.327095105843093
AAATTTT,0.314593934891224
AACAAAA,0.307346680067271
AACAAAC,0.322812704428822
AACAAAG,0.327936188398537
AACAAAT,0.325825191276423
AACAACA,0.325804302489767
AACAACC,0.332926401179007
AACAACG,0.335991331928212
AACAACT,0.332061829218993
AACAAGA,0.328714081148294
AACAAGC,0.333178715256139
AACAAGG,0.334501457871187
AACAAGT,0.335432889248501
AACAATA,0.331566957786954
AACAATC,0.333030099601184
AACAATG,0.333665881462566
AACAATT,0.331698485977596
AACACAA,0.328967460159777
AACACAC,0.329800034833491
AACACAG,0.325964438704295
AACACAT,0.330261121632821
AACACCA,0.334163168069368
AACACCC,0.329487900557311
AACACCG,0.339036590418013
AACACCT,0.330985257335641
AACACGA,0.334856884052802
AACACGC,0.338789186821555
AACACGG,0.336132616749291
AACACGT,0.335629413901437
AACACTA,0.334135547522351
AACACTC,0.332608325614604
AACACTG,0.330347768351658
AACACTT,0.327209840583252
AACAGAA,0.325052015418979
AACAGAC,0.331978790973645
AACAGAG,0.329460150572714
AACAGAT,0.330157135659141
AACAGCA,0.330638846347146
AACAGCC,0.336494352736624
AACAGCG,0.338947257290948
AACAGCT,0.334111378917884
AACAGGA,0.331729634857483
AACAGGC,0.334111378917884
AACAGGG,0.331407716301352
AACAGGT,0.331951110026158
AACAGTA,0.33196841070813
AACAGTC,0.333151067504233
AACAGTG,0.330784353578654
AACAGTT,0.330233393097102
AACATAA,0.330403218311957
AACATAC,0.333652064415047
AACATAG,0.331539265437029
AACATAT,0.333731509831279
AACATCA,0.333873114269317
AACATCC,0.334259833976573
AACATCG,0.335715596741638
AACATCT,0.330746246588204
AACATGA,0.333838578450376
AACATGC,0.335246672365262
AACATGG,0.335419096594424
AACATGT,0.335146652688319
AACATTA,0.330680422002351
AACATTC,0.333845485709583
AACATTG,0.332881461856332
AACATTT,0.3203163519337
AACCAAA,0.327613046144723
AACCAAC,0.33451526318766
AACCAAG,0.33117573224147
AACCAAT,0.334632600683373
AACCACA,0.330008070237523
AACCACC,0.336404792204412
AACCACG,0.337031547552377
AACCACT,0.331708869045365
AACCAGA,0.331580803674347
AACCAGC,0.335987885707585
AACCAGG,0.333855846508937
AACCAGT,0.334546324452908
AACCATA,0.333348041059196
AACCATC,0.334546324452908
AACCATG,0.338864788859087
AACCATT,0.331407716301352
AACCCAA,0.331064914891776
AACCCAC,0.332587578041388
AACCCAG,0.326601248528171
AACCCAT,0.334011245619086
AACCCCA,0.330992184331553
AACCCCC,0.333883474782422
AACCCCG,0.333672789914734
AACCCCT,0.333741871811575
AACCCGA,0.339617061302552
AACCCGC,0.344911586089372
AACCCGG,0.346600885508186
AACCCGT,0.337059088227101
AACCCTA,0.332383537306747
AACCCTC,0.333430965686936
AACCCTG,0.329345673745765
AACCCTT,0.332490750340977
AACCGAA,0.33905033326773
AACCGAC,0.337248409836081
AACCGAG,0.341723159674362
AACCGAT,0.337048760562965
AACCGCA,0.340773563441621
AACCGCC,0.344276080686397
AACCGCG,0.345655912051227
AACCGCT,0.342350015968037
AACCGGA,0.344173541981206
AACCGGC,0.346061984791523
AACCGGG,0.340094237611586
AACCGGT,0.340358474718364
AACCGTA,0.336601125965985
AACCGTC,0.339094996225001
AACCGTG,0.338036291098462
AACCGTT,0.336880060281915
AACCTAA,0.331719252005326
AACCTAC,0.336191192406738
AACCTAG,0.332027230788071
AACCTAT,0.335077667771619
AACCTCA,0.331532342229723
AACCTCC,0.328512720538935
AACCTCG,0.338342330795955
AACCTCT,0.33118958354675
AACCTGA,0.334101020765725
AACCTGC,0.339211797606258
AACCTGG,0.333759141540138
AACCTGT,0.334466943746166
AACCTTA,0.332189833006051
AACCTTC,0.332601409804694
AACCTTG,0.333828217472109
AACCTTT,0.331203434660174
AACGAAA,0.333741871811575
AACGAAC,0.337379192923117
AACGAAG,0.335253569905277
AACGAAT,0.335284608246604
AACGACA,0.334922434307046
AACGACC,0.336931706247752
AACGACG,0.33908125398907
AACGACT,0.337561572353371
AACGAGA,0.338459220117526
AACGAGC,0.340087373379703
AACGAGG,0.340715255593326
AACGAGT,0.337871197094162
AACGATA,0.336842184878341
AACGATC,0.336952363887265
AACGATG,0.337706075829331
AACGATT,0.33571904390076
AACGCAA,0.337158916815188
AACGCAC,0.337967505242338
AACGCAG,0.335384614126919
AACGCAT,0.335953422848093
AACGCCA,0.339678866753446
AACGCCC,0.338328578212754
AACGCCG,0.346733860627959
AACGCCT,0.337578776243132
AACGCGA,0.341106196136601
AACGCGC,0.342206182049936
AACGCGG,0.348644702588221
AACGCGT,0.337423930579187
AACGCTA,0.33642546073148
AACGCTC,0.33809475535626
AACGCTG,0.338084438382665
AACGCTT,0.334249477362029
AACGGAA,0.336435794834821
AACGGAC,0.335774196830685
AACGGAG,0.340989615827142
AACGGAT,0.337059088227101
AACGGCA,0.336208419888323
AACGGCC,0.338706705352301
AACGGCG,0.350154442489173
AACGGCT,0.340646653771768
AACGGGA,0.34028298552649
AACGGGC,0.341719733150409
AACGGGG,0.339579289424216
AACGGGT,0.33840077716463
AACGGTA,0.337148590182002
AACGGTC,0.338132583348818
AACGGTG,0.336714775264657
AACGGTT,0.336277326846954
AACGTAA,0.336001670518836
AACGTAC,0.336728550059582
AACGTAG,0.335808665867265
AACGTAT,0.336105050546742
AACGTCA,0.337503076914201
AACGTCC,0.336387568105524
AACGTCG,0.33813946101191
AACGTCT,0.33495693271506
AACGTGA,0.338029412725763
AACGTGC,0.336728550059582
AACGTGG,0.338259812459602
AACGTGT,0.336167073433908
AACGTTA,0.335039724038847
AACGTTC,0.335712149570634
AACGTTG,0.335750067798131
AACGTTT,0.334332327275276
AACTAAA,0.328009141554903
AACTAAC,0.334294355250424
AACTAAG,0.331560034771366
AACTAAT,0.334004339504735
AACTACA,0.332919487568506
AACTACC,0.336022347379429
AACTACG,0.336776760347634
AACTACT,0.332829606282092
AACTAGA,0.332926401179007
AACTAGC,0.336849071422057
AACTAGG,0.334404815319082
AACTAGT,0.333728055813986
AACTATA,0.334435880015116
AACTATC,0.335932744562293
AACTATG,0.335215632846428
AACTATT,0.332214048095686
AACTCAA,0.330663099022747
AACTCAC,0.334646404189509
AACTCAG,0.329643979873877
AACTCAT,0.331012965031391
AACTCCA,0.3321759955487
AACTCCC,0.330728924748849
AACTCCG,0.338572658453134
AACTCCT,0.31823479517529
AACTCGA,0.335329439705586
AACTCGC,0.339029718922329
AACTCGG,0.339531214060992
AACTCGT,0.336449573473154
AACTCTA,0.333752233684502
AACTCTC,0.332905660204106
AACTCTG,0.330122471264868
AACTCTT,0.32782848591584
AACTGAA,0.326208075055996
AACTGAC,0.334114831611428
AACTGAG,0.326357707960654
AACTGAT,0.333299665183887
AACTGCA,0.336043023812499
AACTGCC,0.335781090733051
AACTGCG,0.337595979836925
AACTGCT,0.333976714570378
AACTGGA,0.32966478860895
AACTGGC,0.337083185695303
AACTGGG,0.331393868017187
AACTGGT,0.33546737005143
AACTGTA,0.331549650158118
AACTGTC,0.334684362848956
AACTGTG,0.332833063404033
AACTGTT,0.329598892795721
AACTTAA,0.328925813224545
AACTTAC,0.33293677150514
AACTTAG,0.33262215709094
AACTTAT,0.333278931949481
AACTTCA,0.330718531501213
AACTTCC,0.33462224792873
AACTTCG,0.33905033326773
AACTTCT,0.32976882578976
AACTTGA,0.329654384295539
AACTTGC,0.338373273416655
AACTTGG,0.330417080321623
AACTTGT,0.333348041059196
AACTTTA,0.328450221070233
AACTTTC,0.329761890314434
AACTTTG,0.329043808369865
AACTTTT,0.321904389806857
AAGAAAA,0.300996310513431
AAGAAAC,0.322927931534388
AAGAAAG,0.317371465919187
AAGAAAT,0.320435367278589
AAGAACA,0.330843243344126
AAGAACC,0.333793680102559
AAGAACG,0.334881034646383
AAGAACT,0.33065616974688
AAGAAGA,0.331220748282165
AAGAAGC,0.336532241316523
AAGAAGG,0.338211673618648
AAGAAGT,0.331182657918092
AAGAATA,0.329723744340317
AAGAATC,0.331203434660174
AAGAATG,0.327588719383353
AAGAATT,0.324696571926855
AAGACAA,0.329845112843857
AAGACAC,0.331341935243504
AAGACAG,0.325786894834231
AAGACAT,0.332400830509115
AAGACCA,0.328599518876923
AAGACCC,0.335084566477444
AAGACCG,0.339668566110231
AAGACCT,0.333696969121482
AAGACGA,0.335450129798581
AAGACGC,0.338624217079294
AAGACGG,0.340958754058367
AAGACGT,0.337017776930577
AAGACTA,0.333316942550861
AAGACTC,0.331961490471259
AAGACTG,0.331431950337193
AAGACTT,0.332729344546441
AAGAGAA,0.319248080346909
AAGAGAC,0.335305299938957
AAGAGAG,0.328755736902269
AAGAGAT,0.330202197575348
AAGAGCA,0.330278451577212
AAGAGCC,0.340530019873282
AAGAGCG,0.346894089203798
AAGAGCT,0.327932714305954
AAGAGGA,0.334156263004135
AAGAGGC,0.346508815450467
AAGAGGG,0.332096426452905
AAGAGGT,0.329061159422888
AAGAGTA,0.331241524232876
AAGAGTC,0.334028510696303
AAGAGTG,0.328974401147023
AAGAGTT,0.329331796876189
AAGATAA,0.329054219037806
AAGATAC,0.334370297858308
AAGATAG,0.332705141931692
AAGATAT,0.332124103378243
AAGATCA,0.332653277213238
AAGATCC,0.332757003960337
AAGATCG,0.335222530600542
AAGATCT,0.334604993099478
AAGATGA,0.334905184656726
AAGATGC,0.338015655838427
AAGATGG,0.375195682276349
AAGATGT,0.334591189021708
AAGATTA,0.332137941553663
AAGATTC,0.333061207031047
AAGATTG,0.332929857966334
AAGATTT,0.326959493267058
AAGCAAA,0.327616521348038
AAGCAAC,0.331733095784246
AAGCAAG,0.32991792687606
AAGCAAT,0.327807638934127
AAGCACA,0.33017446740568
AAGCACC,0.335025925960874
AAGCACG,0.338270127624036
AAGCACT,0.33220021097341
AAGCAGA,0.332127562940051
AAGCAGC,0.342517796062418
AAGCAGG,0.33274663176978
AAGCAGT,0.332546081603525
AAGCATA,0.333900742065734
AAGCATC,0.332092966783377
AAGCATG,0.336515019412711
AAGCATT,0.328721023894458
AAGCCAA,0.330950621636319
AAGCCAC,0.330073939094075
AAGCCAG,0.333023186707578
AAGCCAT,0.332456166747127
AAGCCCA,0.335112160824833
AAGCCCC,0.339270193181324
AAGCCCG,0.348770601340306
AAGCCCT,0.33016060203248
AAGCCGA,0.343281011320761
AAGCCGC,0.358986845895951
AAGCCGG,0.358461319887494
AAGCCGT,0.340039322437182
AAGCCTA,0.333223641222733
AAGCCTC,0.336611458254152
AAGCCTG,0.335474266069347
AAGCCTT,0.329647448026459
AAGCGAA,0.336332448995381
AAGCGAC,0.340794141870505
AAGCGAG,0.342380834830523
AAGCGAT,0.324856885613221
AAGCGCA,0.341476419934659
AAGCGCC,0.349359052847138
AAGCGCG,0.348593658037769
AAGCGCT,0.341825949933745
AAGCGGA,0.349355652388159
AAGCGGC,0.373404669386412
AAGCGGG,0.350283548638951
AAGCGGT,0.339651398135753
AAGCGTA,0.337444578053114
AAGCGTC,0.340162877339067
AAGCGTG,0.336880060281915
AAGCGTT,0.334615346032757
AAGCTAA,0.332449249884832
AAGCTAC,0.336001670518836
AAGCTAG,0.336697556504167
AAGCTAT,0.334073398502089
AAGCTCA,0.333486244952069
AAGCTCC,0.332279771811922
AAGCTCG,0.342144532608494
AAGCTCT,0.333399869757367
AAGCTGA,0.337059088227101
AAGCTGC,0.347258769171721
AAGCTGG,0.341524401874541
AAGCTGT,0.333486244952069
AAGCTTA,0.332220966585026
AAGCTTC,0.332660192664453
AAGCTTG,0.33027498561236
AAGCTTT,0.326611684655739
AAGGAAA,0.316004759676025
AAGGAAC,0.330042738597596
AAGGAAG,0.320844811878611
AAGGAAT,0.327414939589752
AAGGACA,0.329234653396887
AAGGACC,0.339589590987073
AAGGACG,0.342627351543503
AAGGACT,0.334156263004135
AAGGAGA,0.330690815646075
AAGGAGC,0.348140949015033
AAGGAGG,0.352350373649835
AAGGAGT,0.333230552730762
AAGGATA,0.331753861093287
AAGGATC,0.333354951707491
AAGGATG,0.333137243341625
AAGGATT,0.328839043204973
AAGGCAA,0.330112071712266
AAGGCAC,0.334132094900333
AAGGCAG,0.328078615803748
AAGGCAT,0.331729634857483
AAGGCCA,0.332113724621008
AAGGCCC,0.343229692240485
AAGGCCG,0.345218943775411
AAGGCCT,0.33558804349975
AAGGCGA,0.338734199931303
AAGGCGC,0.349120992789253
AAGGCGG,0.365372108119496
AAGGCGT,0.338166971191266
AAGGCTA,0.334391008477747
AAGGCTC,0.337898714654394
AAGGCTG,0.334197692680353
AAGGCTT,0.330947158000406
AAGGGAA,0.324654746738117
AAGGGAC,0.334066492816961
AAGGGAG,0.332252099194731
AAGGGAT,0.329186078118186
AAGGGCA,0.334674010630183
AAGGGCC,0.343544407814696
AAGGGCG,0.346863409123396
AAGGGCT,0.338184164669053
AAGGGGA,0.332075668256194
AAGGGGC,0.343903473081398
AAGGGGG,0.331276149858224
AAGGGGT,0.332082587702976
AAGGGTA,0.334428976832727
AAGGGTC,0.333914555677713
AAGGGTG,0.331193046343093
AAGGGTT,0.327957032700582
AAGGTAA,0.328748794397105
AAGGTAC,0.333372228119294
AAGGTAG,0.331632724044733
AAGGTAT,0.332494208634581
AAGGTCA,0.326232435426757
AAGGTCC,0.336852514676131
AAGGTCG,0.338631091361937
AAGGTCT,0.332335114749087
AAGGTGA,0.333330764229518
AAGGTGC,0.342267827690959
AAGGTGG,0.334894834723708
AAGGTGT,0.333334219619333
AAGGTTA,0.332279771811922
AAGGTTC,0.336204974415749
AAGGTTG,0.332179454930989
AAGGTTT,0.328102930650587
AAGTAAA,0.325480470487007
AAGTAAC,0.332981708342361
AAGTAAG,0.332653277213238
AAGTAAT,0.329845112843857
AAGTACA,0.33185422067541
AAGTACC,0.339881424510437
AAGTACG,0.335901726331836
AAGTACT,0.332992078094959
AAGTAGA,0.331303849495295
AAGTAGC,0.331698485977596
AAGTAGG,0.332701684367481
AAGTAGT,0.332722429573428
AAGTATA,0.333002447740026
AAGTATC,0.334898284713283
AAGTATG,0.334856884052802
AAGTATT,0.329283226316145
AAGTCAA,0.331546188596404
AAGTCAC,0.329557272149969
AAGTCAG,0.328887635343507
AAGTCAT,0.330912520981438
AAGTCCA,0.333126875094253
AAGTCCC,0.334294355250424
AAGTCCG,0.341969838548584
AAGTCCT,0.328415497455244
AAGTCGA,0.336787090821265
AAGTCGC,0.340728975392911
AAGTCGG,0.344354686573885
AAGTCGT,0.337052203129528
AAGTCTA,0.334139000132449
AAGTCTC,0.330857099255545
AAGTCTG,0.331435412294371
AAGTCTT,0.331729634857483
AAGTGAA,0.329061159422888
AAGTGAC,0.333030099601184
AAGTGAG,0.330122471264868
AAGTGAT,0.32410039777477
AAGTGCA,0.330974866751805
AAGTGCC,0.338737636700526
AAGTGCG,0.343510204397542
AAGTGCT,0.315716423689183
AAGTGGA,0.335232877142503
AAGTGGC,0.341873915105832
AAGTGGG,0.334587737972492
AAGTGGT,0.334715418862281
AAGTGTA,0.332110265011325
AAGTGTC,0.333586430832083
AAGTGTG,0.331605033515995
AAGTGTT,0.326802994361931
AAGTTAA,0.327849332462966
AAGTTAC,0.331026818591377
AAGTTAG,0.331992631160055
AAGTTAT,0.332369702529531
AAGTTCA,0.331296924657959
AAGTTCC,0.333724601784764
AAGTTCG,0.337929671004573
AAGTTCT,0.329501775260841
AAGTTGA,0.331947649853846
AAGTTGC,0.334080304139529
AAGTTGG,0.33027498561236
AAGTTGT,0.329800034833491
AAGTTTA,0.329043808369865
AAGTTTC,0.330853635295689
AAGTTTG,0.334863784281912
AAGTTTT,0.321432439299105
AATAAAA,0.307222549842423
AATAAAC,0.327762468982785
AATAAAG,0.324975361821848
AATAAAT,0.310819619372166
AATAACA,0.330767032399376
AATAACC,0.332805406093846
AATAACG,0.335315645624581
AATAACT,0.32961970246901
AATAAGA,0.328412025027429
AATAAGC,0.333285843075379
AATAAGG,0.331199971899805
AATAAGT,0.331092620380516
AATAATA,0.321827494543486
AATAATC,0.332141401067597
AATAATG,0.330344302627048
AATAATT,0.3229069821391
AATACAA,0.318701244258743
AATACAC,0.332532249074906
AATACAG,0.329862449999093
AATACAT,0.328804333088904
AATACCA,0.332445791435743
AATACCC,0.333873114269317
AATACCG,0.335925851705338
AATACCT,0.332442332974693
AATACGA,0.335991331928212
AATACGC,0.336683781282302
AATACGG,0.336201528931304
AATACGT,0.335946530133669
AATACTA,0.333192538845448
AATACTC,0.333990527132949
AATACTG,0.33002193772578
AATACTT,0.328856397811221
AATAGAA,0.32807166859606
AATAGAC,0.334843083451741
AATAGAG,0.330195265105021
AATAGAT,0.332065288996248
AATAGCA,0.330410149340809
AATAGCC,0.334308163426291
AATAGCG,0.33642890544446
AATAGCT,0.332407747706327
AATAGGA,0.332653277213238
AATAGGC,0.333562248952427
AATAGGG,0.334080304139529
AATAGGT,0.334387556737627
AATAGTA,0.333168347438752
AATAGTC,0.334784428772356
AATAGTG,0.333130331188655
AATAGTT,0.330243791388099
AATATAA,0.328359937163223
AATATAC,0.333392959419479
AATATAG,0.332124103378243
AATATAT,0.328120298036371
AATATCA,0.330964476060004
AATATCC,0.333931822424355
AATATCG,0.336935149217306
AATATCT,0.332127562940051
AATATGA,0.332120643804467
AATATGC,0.333921462412147
AATATGG,0.331989171131411
AATATGT,0.329858982592092
AATATTA,0.32987285214796
AATATTC,0.330448269140822
AATATTG,0.32984858029895
AATATTT,0.315410415316197
AATCAAA,0.331151491995561
AATCAAC,0.332753546575438
AATCAAG,0.333282387518401
AATCAAT,0.331355784246863
AATCACA,0.332604867715628
AATCACC,0.332857262922984
AATCACG,0.3355777006319
AATCACT,0.328054300365682
AATCAGA,0.330105138617113
AATCAGC,0.332777748018711
AATCAGG,0.331262299751957
AATCAGT,0.330770496659233
AATCATA,0.333838578450376
AATCATC,0.332694769203195
AATCATG,0.334069945665486
AATCATT,0.329352612108342
AATCCAA,0.332179454930989
AATCCAC,0.333641701504122
AATCCAG,0.32966478860895
AATCCAT,0.33164656902157
AATCCCA,0.308923565325652
AATCCCC,0.33458083583833
AATCCCG,0.33974410169663
AATCCCT,0.329585019439611
AATCCGA,0.337981262792087
AATCCGC,0.340698105579139
AATCCGG,0.338256374047812
AATCCGT,0.338060365030333
AATCCTA,0.329713340640285
AATCCTC,0.33224518092078
AATCCTG,0.333430965686936
AATCCTT,0.329904057945348
AATCGAA,0.335412200196045
AATCGAC,0.337231200261745
AATCGAG,0.337496194872865
AATCGAT,0.336039577770009
AATCGCA,0.337503076914201
AATCGCC,0.338194480613832
AATCGCG,0.339112173754349
AATCGCT,0.329335266111636
AATCGGA,0.335401855509301
AATCGGC,0.342113706462468
AATCGGG,0.339483136386417
AATCGGT,0.337754239014744
AATCGTA,0.336067145777428
AATCGTC,0.336614902326484
AATCGTG,0.337155474615975
AATCGTT,0.334249477362029
AATCTAA,0.33177462597114
AATCTAC,0.335129406905287
AATCTAG,0.333648610123338
AATCTAT,0.333831671143459
AATCTCA,0.328332155859565
AATCTCC,0.331788468983501
AATCTCG,0.335015577277451
AATCTCT,0.329019516389842
AATCTGA,0.329858982592092
AATCTGC,0.332646361714199
AATCTGG,0.331812693794036
AATCTGT,0.32902992731068
AATCTTA,0.331511572320216
AATCTTC,0.333334219619333
AATCTTG,0.331528880608096
AATCTTT,0.327581768771407
AATGAAA,0.320711848253162
AATGAAC,0.329786164267636
AATGAAG,0.329255470651181
AATGAAT,0.322421531585854
AATGACA,0.328818217279907
AATGACC,0.335246672365262
AATGACG,0.336945478054842
AATGACT,0.329890188822287
AATGAGA,0.325759041955063
AATGAGC,0.335832793485963
AATGAGG,0.326211555145294
AATGAGT,0.32940464829323
AATGATA,0.332393913264054
AATGATC,0.332801948876288
AATGATG,0.333835124802881
AATGATT,0.329421993086484
AATGCAA,0.329140970389385
AATGCAC,0.332867633966124
AATGCAG,0.327762468982785
AATGCAT,0.330475991719066
AATGCCA,0.330458665197727
AATGCCC,0.33444623469935
AATGCCG,0.338197919238443
AATGCCT,0.331012965031391
AATGCGA,0.337733597933611
AATGCGC,0.337083185695303
AATGCGG,0.336222201659908
AATGCGT,0.335612176442063
AATGCTA,0.333462060649579
AATGCTC,0.33404232254346
AATGCTG,0.33218291430131
AATGCTT,0.328540496826794
AATGGAA,0.326159352534118
AATGGAC,0.333562248952427
AATGGAG,0.329397710291691
AATGGAT,0.332577204093354
AATGGCA,0.332120643804467
AATGGCC,0.335536328090715
AATGGCG,0.345236016432811
AATGGCT,0.334370297858308
AATGGGA,0.326194154577691
AATGGGC,0.335163898173938
AATGGGG,0.328658537443655
AATGGGT,0.333669335694616
AATGGTA,0.332618699239792
AATGGTC,0.334760275845545
AATGGTG,0.331829996870848
AATGGTT,0.33224518092078
AATGTAA,0.328029984336361
AATGTAC,0.333475880322619
AATGTAG,0.331871523033701
AATGTAT,0.329682128890751
AATGTCA,0.330361631129989
AATGTCC,0.331054525135599
AATGTCG,0.339046897573007
AATGTCT,0.331539265437029
AATGTGA,0.329598892795721
AATGTGC,0.331335010669901
AATGTGG,0.332445791435743
AATGTGT,0.329040338123133
AATGTTA,0.329564209044559
AATGTTC,0.333043925245033
AATGTTG,0.329966466618871
AATGTTT,0.324208502509463
AATTAAA,0.320036259941021
AATTAAC,0.331210360144942
AATTAAG,0.329602361104675
AATTAAT,0.326816906367534
AATTACA,0.327209840583252
AATTACC,0.3327915771519
AATTACG,0.335515641178222
AATTACT,0.329862449999093
AATTAGA,0.330202197575348
AATTAGC,0.320886796719185
AATTAGG,0.332051449815406
AATTAGT,0.330389356110132
AATTATA,0.330995647811514
AATTATC,0.331916507764247
AATTATG,0.331663874973066
AATTATT,0.324598977098457
AATTCAA,0.329102800721865
AATTCAC,0.331359246467735
AATTCAG,0.328363409771914
AATTCAT,0.330063539036745
AATTCCA,0.330465595842288
AATTCCC,0.332601409804694
AATTCCG,0.337444578053114
AATTCCT,0.32832173767171
AATTCGA,0.336528796959488
AATTCGC,0.336218756234818
AATTCGG,0.336118833743003
AATTCGT,0.335536328090715
AATTCTA,0.329657852412037
AATTCTC,0.327925766084581
AATTCTG,0.328016089196991
AATTCTT,0.323985305697696
AATTGAA,0.330094738884257
AATTGAC,0.33381785638649
AATTGAG,0.3310337452994
AATTGAT,0.331940729473303
AATTGCA,0.331234598963933
AATTGCC,0.335450129798581
AATTGCG,0.338297634209014
AATTGCT,0.331438874239565
AATTGGA,0.329990735606765
AATTGGC,0.332667108067845
AATTGGG,0.33145272190049
AATTGGT,0.331289999772668
AATTGTA,0.330337371141793
AATTGTC,0.332265935599048
AATTGTG,0.331757321936206
AATTGTT,0.329845112843857
AATTTAA,0.323074565014128
AATTTAC,0.332546081603525
AATTTAG,0.328943166325011
AATTTAT,0.32781458797632
AATTTCA,0.326211555145294
AATTTCC,0.327880601468842
AATTTCG,0.335077667771619
AATTTCT,0.324327055556416
AATTTGA,0.328717552527401
AATTTGC,0.330624987411283
AATTTGG,0.327460125241353
AATTTGT,0.329494837933139
AATTTTA,0.320862305776404
AATTTTC,0.325299357409774
AATTTTG,0.322480915886301
AATTTTT,0.297284861411561
ACAAAAA,0.30082855578943
ACAAAAC,0.320519369582892
ACAAAAG,0.328842514150317
ACAAAAT,0.324267780789793
ACAAACA,0.321775062564485
ACAAACC,0.333752233684502
ACAAACG,0.33473957287253
ACAAACT,0.331532342229723
ACAAAGA,0.327540064085169
ACAAAGC,0.330320042218455
ACAAAGG,0.333168347438752
ACAAAGT,0.330229926976075
ACAAATA,0.328005667715757
ACAAATC,0.331508110626691
ACAAATG,0.329529524090393
ACAAATT,0.328561328536388
ACAACAA,0.327932714305954
ACAACAC,0.333503519095764
ACAACAG,0.331919968044318
ACAACAT,0.338277004341214
ACAACCA,0.335819006346561
ACAACCC,0.331303849495295
ACAACCG,0.336680337447187
ACAACCT,0.335070769018201
ACAACGA,0.338510784592592
ACAACGC,0.338259812459602
ACAACGG,0.336246319303155
ACAACGT,0.335032825023659
ACAACTA,0.334684362848956
ACAACTC,0.335498401757567
ACAACTG,0.333966355023245
ACAACTT,0.333506973888696
ACAAGAA,0.331224210970592
ACAAGAC,0.334611895066907
ACAAGAG,0.331203434660174
ACAAGAT,0.336049915861853
ACAAGCA,0.331708869045365
ACAAGCC,0.335546671386483
ACAAGCG,0.338507347043641
ACAAGCT,0.335912065848892
ACAAGGA,0.334670559866777
ACAAGGC,0.334918984400786
ACAAGGG,0.333589885338584
ACAAGGT,0.332338573580966
ACAAGTA,0.334415170324984
ACAAGTC,0.338177287313412
ACAAGTG,0.334470395212274
ACAAGTT,0.332054909628572
ACAATAA,0.330992184331553
ACAATAC,0.3359706544263
ACAATAG,0.334325423378004
ACAATAT,0.333479335211039
ACAATCA,0.3336831525035
ACAATCC,0.336370343709962
ACAATCG,0.337427371854447
ACAATCT,0.332995534655262
ACAATGA,0.332494208634581
ACAATGC,0.334107926212419
ACAATGG,0.33700744883978
ACAATGT,0.335012127692511
ACAATTA,0.331888825092625
ACAATTC,0.332331655905244
ACAATTG,0.335205286126046
ACAATTT,0.331366170873518
ACACAAA,0.325678960605832
ACACAAC,0.33274317434902
ACACAAG,0.332795034405315
ACACAAT,0.331179195085777
ACACACA,0.291727753871738
ACACACC,0.332750089178586
ACACACG,0.333168347438752
ACACACT,0.329550335207258
ACACAGA,0.326761257183822
ACACAGC,0.329206896383698
ACACAGG,0.330815530945315
ACACAGT,0.331154954923808
ACACATA,0.329987268644555
ACACATC,0.332933314741712
ACACATG,0.331729634857483
ACACATT,0.328151558570703
ACACCAA,0.336566684234391
ACACCAC,0.332632530572647
ACACCAG,0.332943684996149
ACACCAT,0.339345758863913
ACACCCA,0.329088920481538
ACACCCC,0.329980334684074
ACACCCG,0.339671999669759
ACACCCT,0.331085694080292
ACACCGA,0.338665462066337
ACACCGC,0.341339315990534
ACACCGG,0.342918300020414
ACACCGT,0.337444578053114
ACACCTA,0.332508041689403
ACACCTC,0.331746939371518
ACACCTG,0.32754353954212
ACACCTT,0.335408751979021
ACACGAA,0.336363453868667
ACACGAC,0.336284217281675
ACACGAG,0.335019026850491
ACACGAT,0.336769873305925
ACACGCA,0.33558804349975
ACACGCC,0.336718218981177
ACACGCG,0.339548384098894
ACACGCT,0.340351612300032
ACACGGA,0.338132583348818
ACACGGC,0.341771129776937
ACACGGG,0.336401347408368
ACACGGT,0.337241526041887
ACACGTA,0.336225647073127
ACACGTC,0.336315223650391
ACACGTG,0.335684571774805
ACACGTT,0.333848939321295
ACACTAA,0.333527702395643
ACACTAC,0.33537771749073
ACACTAG,0.334925884201404
ACACTAT,0.334860334173309
ACACTCA,0.332321279301934
ACACTCC,0.333714239625513
ACACTCG,0.335863813854635
ACACTCT,0.331674258400207
ACACTGA,0.331255374626888
ACACTGC,0.336883503429288
ACACTGG,0.332103345756053
ACACTGT,0.330410149340809
ACACTTA,0.331148029055321
ACACTTC,0.332926401179007
ACACTTG,0.331594649370034
ACACTTT,0.329258940151432
ACAGAAA,0.321593277083424
ACAGAAC,0.328981342086093
ACAGAAG,0.330555689850769
ACAGAAT,0.329626638930543
ACAGACA,0.328849456004864
ACAGACC,0.336067145777428
ACAGACG,0.337960626396486
ACAGACT,0.331411178342429
ACAGAGA,0.328911930527355
ACAGAGC,0.332957511834779
ACAGAGG,0.330108605170698
ACAGAGT,0.326437734975498
ACAGATA,0.329626638930543
ACAGATC,0.334294355250424
ACAGATG,0.326479485658413
ACAGATT,0.332096426452905
ACAGCAA,0.32807166859606
ACAGCAC,0.332677481083266
ACAGCAG,0.337372310029151
ACAGCAT,0.33463605157777
ACAGCCA,0.3443068402478
ACAGCCC,0.3438214123864
ACAGCCG,0.346849773229965
ACAGCCT,0.342435621574307
ACAGCGA,0.340279554064182
ACAGCGC,0.347105415295747
ACAGCGG,0.356680564410621
ACAGCGT,0.339768134550367
ACAGCTA,0.335532880301685
ACAGCTC,0.339332020073614
ACAGCTG,0.338806369604711
ACAGCTT,0.335525984687962
ACAGGAA,0.327870178575522
ACAGGAC,0.335550119127965
ACAGGAG,0.335153550918255
ACAGGAT,0.333057750697737
ACAGGCA,0.321820503771788
ACAGGCC,0.33720366432676
ACAGGCG,0.32632987097596
ACAGGCT,0.335932744562293
ACAGGGA,0.33117573224147
ACAGGGC,0.334325423378004
ACAGGGG,0.334632600683373
ACAGGGT,0.325201821395263
ACAGGTA,0.335174245322556
ACAGGTC,0.334422073602683
ACAGGTG,0.326590812291688
ACAGGTT,0.332663650372127
ACAGTAA,0.329439337578902
ACAGTAC,0.3346015420979
ACAGTAG,0.331639646557112
ACAGTAT,0.333230552730762
ACAGTCA,0.335260467397716
ACAGTCC,0.336546018626028
ACAGTCG,0.341586089557374
ACAGTCT,0.332539165363133
ACAGTGA,0.330372028087622
ACAGTGC,0.336322113823993
ACAGTGG,0.334139000132449
ACAGTGT,0.336118833743003
ACAGTTA,0.3322278850265
ACAGTTC,0.332532249074906
ACAGTTG,0.332494208634581
ACAGTTT,0.328991753404367
ACATAAA,0.329383834144205
ACATAAC,0.332777748018711
ACATAAG,0.333617520960993
ACATAAT,0.33118958354675
ACATACA,0.33016060203248
ACATACC,0.334656756694073
ACATACG,0.336280772070249
ACATACT,0.334818931941588
ACATAGA,0.334670559866777
ACATAGC,0.332701684367481
ACATAGG,0.334401363626619
ACATAGT,0.332075668256194
ACATATA,0.331276149858224
ACATATC,0.33513630525419
ACATATG,0.334705066965003
ACATATT,0.332027230788071
ACATCAA,0.336804308040167
ACATCAC,0.333969808217547
ACATCAG,0.333026643160354
ACATCAT,0.33594997649682
ACATCCA,0.33203415057002
ACATCCC,0.334632600683373
ACATCCG,0.339421318836762
ACATCCT,0.335629413901437
ACATCGA,0.339926050364963
ACATCGC,0.337423930579187
ACATCGG,0.341147338883487
ACATCGT,0.338682646975542
ACATCTA,0.335029375498216
ACATCTC,0.332113724621008
ACATCTG,0.329182608365131
ACATCTT,0.33145272190049
ACATGAA,0.332625614930132
ACATGAC,0.335205286126046
ACATGAG,0.33361061212699
ACATGAT,0.334370297858308
ACATGCA,0.335139754410796
ACATGCC,0.336074037660535
ACATGCG,0.338899151532215
ACATGCT,0.335322542688869
ACATGGA,0.336377233503789
ACATGGC,0.347776590677155
ACATGGG,0.335912065848892
ACATGGT,0.325180919582971
ACATGTA,0.333379138600443
ACATGTC,0.338387025385199
ACATGTG,0.334460040778212
ACATGTT,0.331753861093287
ACATTAA,0.329349142933071
ACATTAC,0.333869660741094
ACATTAG,0.333648610123338
ACATTAT,0.330926375932992
ACATTCA,0.329810437631627
ACATTCC,0.331075304540006
ACATTCG,0.337386075769709
ACATTCT,0.329834710406436
ACATTGA,0.331352322014004
ACATTGC,0.334315067442725
ACATTGG,0.334380653221644
ACATTGT,0.334701616308763
ACATTTA,0.325588426140253
ACATTTC,0.327070766478497
ACATTTG,0.325229689798736
ACATTTT,0.319486351245568
ACCAAAA,0.327369751896316
ACCAAAC,0.333645155819696
ACCAAAG,0.333178715256139
ACCAAAT,0.331802311804236
ACCAACA,0.33325474263269
ACCAACC,0.338301072478938
ACCAACG,0.337647588842591
ACCAACT,0.334204597459518
ACCAAGA,0.33440826699963
ACCAAGC,0.336976463927359
ACCAAGG,0.334342683031816
ACCAAGT,0.33581555953201
ACCAATA,0.336229092474475
ACCAATC,0.334770627171325
ACCAATG,0.336063699818062
ACCAATT,0.335987885707585
ACCACAA,0.332902203333132
ACCACAC,0.327908395319928
ACCACAG,0.33027498561236
ACCACAT,0.333244375603515
ACCACCA,0.326469048151101
ACCACCC,0.332556455874425
ACCACCG,0.345536447504154
ACCACCT,0.33846265783192
ACCACGA,0.337114167301188
ACCACGC,0.329397710291691
ACCACGG,0.342754010108338
ACCACGT,0.338074121302628
ACCACTA,0.334456589276366
ACCACTC,0.331670797269806
ACCACTG,0.332324738181668
ACCACTT,0.331494263732755
ACCAGAA,0.330652705090941
ACCAGAC,0.33665623026929
ACCAGAG,0.338177287313412
ACCAGAT,0.337578776243132
ACCAGCA,0.333897288632925
ACCAGCC,0.334107926212419
ACCAGCG,0.34815456731361
ACCAGCT,0.339823064618711
ACCAGGA,0.335012127692511
ACCAGGC,0.338111950075723
ACCAGGG,0.336838741588699
ACCAGGT,0.335239774777671
ACCAGTA,0.333966355023245
ACCAGTC,0.336253209951534
ACCAGTG,0.336294552844736
ACCAGTT,0.333579521783279
ACCATAA,0.334256381783643
ACCATAC,0.334832732875956
ACCATAG,0.334080304139529
ACCATAT,0.334387556737627
ACCATCA,0.335860367194523
ACCATCC,0.333928369098878
ACCATCG,0.341027334473352
ACCATCT,0.334204597459518
ACCATGA,0.343455476496641
ACCATGC,0.33990202130614
ACCATGG,0.367788658560199
ACCATGT,0.338177287313412
ACCATTA,0.334432428429878
ACCATTC,0.334808581115817
ACCATTG,0.333223641222733
ACCATTT,0.329338735335048
ACCCAAA,0.328398135195591
ACCCAAC,0.335067319623645
ACCCAAG,0.335808665867265
ACCCAAT,0.334736122335356
ACCCACA,0.329685596911029
ACCCACC,0.332265935599048
ACCCACG,0.34140101509159
ACCCACT,0.336387568105524
ACCCAGA,0.336494352736624
ACCCAGC,0.343838508919851
ACCCAGG,0.339665132538915
ACCCAGT,0.333396414594392
ACCCATA,0.335194939298608
ACCCATC,0.334770627171325
ACCCATG,0.337289711606156
ACCCATT,0.334335779206039
ACCCCAA,0.330704673669665
ACCCCAC,0.328596047088051
ACCCCAG,0.340207490635567
ACCCCAT,0.327209840583252
ACCCCCA,0.329102800721865
ACCCCCC,0.337833359212408
ACCCCCG,0.351247919792165
ACCCCCT,0.336170519037071
ACCCCGA,0.351655121225167
ACCCCGC,0.362724923605484
ACCCCGG,0.363643854985008
ACCCCGT,0.333866207200946
ACCCCTA,0.336456462721127
ACCCCTC,0.341966412869779
ACCCCTG,0.334953482927815
ACCCCTT,0.336780203850702
ACCCGAA,0.338655150979058
ACCCGAC,0.340814719875925
ACCCGAG,0.350443209506926
ACCCGAT,0.336917934250997
ACCCGCA,0.34663839310156
ACCCGCC,0.358612942273425
ACCCGCG,0.36728777942059
ACCCGCT,0.351200402155632
ACCCGGA,0.359535658314758
ACCCGGC,0.382344278612189
ACCCGGG,0.36658946924874
ACCCGGT,0.351984154572439
ACCCGTA,0.337148590182002
ACCCGTC,0.340300142661409
ACCCGTG,0.341856784951334
ACCCGTT,0.337344777979535
ACCCTAA,0.334242572892743
ACCCTAC,0.335243223577414
ACCCTAG,0.334732671786277
ACCCTAT,0.334428976832727
ACCCTCA,0.337403282678933
ACCCTCC,0.338703268476773
ACCCTCG,0.341880767085468
ACCCTCT,0.335512193317867
ACCCTGA,0.339819631577836
ACCCTGC,0.344300004871476
ACCCTGG,0.340293279842765
ACCCTGT,0.332141401067597
ACCCTTA,0.334176978056796
ACCCTTC,0.333845485709583
ACCCTTG,0.334142452730627
ACCCTTT,0.33016060203248
ACCGAAA,0.336225647073127
ACCGAAC,0.338926640820572
ACCGAAG,0.339345758863913
ACCGAAT,0.336921377267967
ACCGACA,0.339507175512637
ACCGACC,0.34263419836257
ACCGACG,0.342055476704966
ACCGACT,0.339984404246937
ACCGAGA,0.346887271489496
ACCGAGC,0.358474798363876
ACCGAGG,0.35227239378884
ACCGAGT,0.340776993209176
ACCGATA,0.337571894722745
ACCGATC,0.338875097785009
ACCGATG,0.337915912745024
ACCGATT,0.33681808160186
ACCGCAA,0.337472107355204
ACCGCAC,0.33722087437498
ACCGCAG,0.351376884853555
ACCGCAT,0.338885406604659
ACCGCCA,0.353973008512885
ACCGCCC,0.351929888486167
ACCGCCG,0.3739953947861
ACCGCCT,0.350864320130257
ACCGCGA,0.347674410300533
ACCGCGC,0.360565131450787
ACCGCGG,0.385428937144884
ACCGCGT,0.342743741092587
ACCGCTA,0.342117131636731
ACCGCTC,0.345140405796945
ACCGCTG,0.35612680489819
ACCGCTT,0.341253616478872
ACCGGAA,0.342206182049936
ACCGGAC,0.344388861119549
ACCGGAG,0.349440660393896
ACCGGAT,0.339256453352797
ACCGGCA,0.347309881904732
ACCGGCC,0.357628671806656
ACCGGCG,0.363325343014793
ACCGGCT,0.351180036763038
ACCGGGA,0.349056366707716
ACCGGGC,0.358387185019882
ACCGGGG,0.364458113743306
ACCGGGT,0.345369173158036
ACCGGTA,0.33854172200141
ACCGGTC,0.341496983905091
ACCGGTG,0.343530726588219
ACCGGTT,0.339198056975357
ACCGTAA,0.337217432389031
ACCGTAC,0.338294195927269
ACCGTAG,0.338933513024591
ACCGTAT,0.337248409836081
ACCGTCA,0.338799496526878
ACCGTCC,0.343041499743937
ACCGTCG,0.345253088798741
ACCGTCT,0.341219334617668
ACCGTGA,0.339465965228163
ACCGTGC,0.346675899288167
ACCGTGG,0.345785600259513
ACCGTGT,0.337313803517626
ACCGTTA,0.336680337447187
ACCGTTC,0.338287319328313
ACCGTTG,0.341682040611992
ACCGTTT,0.333593339833152
ACCTAAA,0.332532249074906
ACCTAAC,0.334363394223177
ACCTAAG,0.332715514552597
ACCTAAT,0.334114831611428
ACCTACA,0.335429441102816
ACCTACC,0.335508745445623
ACCTACG,0.338270127624036
ACCTACT,0.33552253686327
ACCTAGA,0.333199450568444
ACCTAGC,0.3355777006319
ACCTAGG,0.335605281375116
ACCTAGT,0.333804041438672
ACCTATA,0.335722491047998
ACCTATC,0.336129171015529
ACCTATG,0.335991331928212
ACCTATT,0.3330715759593
ACCTCAA,0.329501775260841
ACCTCAC,0.334090662506275
ACCTCAG,0.325905260916629
ACCTCAT,0.334194240272891
ACCTCCA,0.332822692002353
ACCTCCC,0.330344302627048
ACCTCCG,0.339575855546347
ACCTCCT,0.335977546974444
ACCTCGA,0.337726717478553
ACCTCGC,0.346259842843448
ACCTCGG,0.34587432460701
ACCTCGT,0.331511572320216
ACCTCTA,0.334746473911159
ACCTCTC,0.340289848415782
ACCTCTG,0.334342683031816
ACCTCTT,0.336907605128959
ACCTGAA,0.338510784592592
ACCTGAC,0.339459096682303
ACCTGAG,0.335319094162671
ACCTGAT,0.334853433920392
ACCTGCA,0.343749603753912
ACCTGCC,0.343520465545525
ACCTGCG,0.356872957818335
ACCTGCT,0.353106124129084
ACCTGGA,0.347875355117626
ACCTGGC,0.347350770210217
ACCTGGG,0.350059300974904
ACCTGGT,0.337950308038986
ACCTGTA,0.332310902590949
ACCTGTC,0.338809806125913
ACCTGTG,0.339386974102322
ACCTGTT,0.33258066208799
ACCTTAA,0.332577204093354
ACCTTAC,0.335315645624581
ACCTTAG,0.333472425422264
ACCTTAT,0.332819234844556
ACCTTCA,0.335750067798131
ACCTTCC,0.339665132538915
ACCTTCG,0.346498584920769
ACCTTCT,0.339665132538915
ACCTTGA,0.334346134926832
ACCTTGC,0.335863813854635
ACCTTGG,0.331743478492666
ACCTTGT,0.332912573910205
ACCTTTA,0.334922434307046
ACCTTTC,0.333614066549958
ACCTTTG,0.33054182976239
ACCTTTT,0.327494882045594
ACGAAAA,0.334915534482624
ACGAAAC,0.335901726331836
ACGAAAG,0.335777643787809
ACGAAAT,0.335257018657444
ACGAACA,0.337716396707202
ACGAACC,0.338472970904193
ACGAACG,0.341452428101341
ACGAACT,0.336332448995381
ACGAAGA,0.337496194872865
ACGAAGC,0.339070947188189
ACGAAGG,0.338466095534495
ACGAAGT,0.335532880301685
ACGAATA,0.336408236988589
ACGAATC,0.336983349546421
ACGAATG,0.336108496363618
ACGAATT,0.336056807863707
ACGACAA,0.336442684177719
ACGACAC,0.335605281375116
ACGACAG,0.336256655257918
ACGACAT,0.336866287573868
ACGACCA,0.338466095534495
ACGACCC,0.340804430926147
ACGACCG,0.34339732481996
ACGACCT,0.338826988554779
ACGACGA,0.342370561981894
ACGACGC,0.344074411237535
ACGACGG,0.343051765702471
ACGACGT,0.338868225179536
ACGACTA,0.338256374047812
ACGACTC,0.33854172200141
ACGACTG,0.340969041420453
ACGACTT,0.338737636700526
ACGAGAA,0.336422016006634
ACGAGAC,0.33990202130614
ACGAGAG,0.340773563441621
ACGAGAT,0.336694112716491
ACGAGCA,0.342541762349522
ACGAGCC,0.34538965723443
ACGAGCG,0.344450372358792
ACGAGCT,0.343510204397542
ACGAGGA,0.348753588921654
ACGAGGC,0.34849496451811
ACGAGGG,0.34309282848274
ACGAGGT,0.337823039541628
ACGAGTA,0.337320686814296
ACGAGTC,0.341085624128368
ACGAGTG,0.340718685560869
ACGAGTT,0.339647964505488
ACGATAA,0.337096955416419
ACGATAC,0.337103840205877
ACGATAG,0.337010891548565
ACGATAT,0.336890389688469
ACGATCA,0.33679053428876
ACGATCC,0.336997120642313
ACGATCG,0.337888395658043
ACGATCT,0.335619071461469
ACGATGA,0.33944535944905
ACGATGC,0.340986186788756
ACGATGG,0.344737374791156
ACGATGT,0.340159445464586
ACGATTA,0.336067145777428
ACGATTC,0.337375751482056
ACGATTG,0.33611194216862
ACGATTT,0.334953482927815
ACGCAAA,0.335405303750106
ACGCAAC,0.338857916182764
ACGCAAG,0.339596458636689
ACGCAAT,0.337943429074835
ACGCACA,0.336942035120851
ACGCACC,0.34504478601881
ACGCACG,0.340890168939787
ACGCACT,0.337207106360099
ACGCAGA,0.339486570582686
ACGCAGC,0.346733860627959
ACGCAGG,0.341281041121684
ACGCAGT,0.337926231457432
ACGCATA,0.337134821171868
ACGCATC,0.336814638229222
ACGCATG,0.336621790435564
ACGCATT,0.335874153763693
ACGCCAA,0.339428187642105
ACGCCAC,0.337265619114253
ACGCCAG,0.341925303808741
ACGCCAT,0.341246760200651
ACGCCCA,0.335822453149232
ACGCCCC,0.348341800114867
ACGCCCG,0.34810009300652
ACGCCCT,0.341102767497951
ACGCCGA,0.354862814864435
ACGCCGC,0.375215564411847
ACGCCGG,0.363187848607902
ACGCCGT,0.345829963417263
ACGCCTA,0.338469533225253
ACGCCTC,0.343219428108384
ACGCCTG,0.332943684996149
ACGCCTT,0.338366397361463
ACGCGAA,0.340039322437182
ACGCGAC,0.343718827047119
ACGCGAG,0.347054292110553
ACGCGAT,0.339891722961317
ACGCGCA,0.340255533498321
ACGCGCC,0.367558285314848
ACGCGCG,0.361936115769296
ACGCGCT,0.348845452544229
ACGCGGA,0.360555043719412
ACGCGGC,0.371763410017056
ACGCGGG,0.365321910331556
ACGCGGT,0.344385443717538
ACGCGTA,0.338844170688415
ACGCGTC,0.342202757180674
ACGCGTG,0.341853358885221
ACGCGTT,0.338820115618661
ACGCTAA,0.337437695609173
ACGCTAC,0.34000843132628
ACGCTAG,0.338105072223417
ACGCTAT,0.337478989562312
ACGCTCA,0.339836796664355
ACGCTCC,0.341610078184161
ACGCTCG,0.343865862765421
ACGCTCT,0.340080509100702
ACGCTGA,0.343010701235981
ACGCTGC,0.356906707231499
ACGCTGG,0.352862177434946
ACGCTGT,0.339507175512637
ACGCTTA,0.335501849665474
ACGCTTC,0.336962692546996
ACGCTTG,0.338868225179536
ACGCTTT,0.334532519565242
ACGGAAA,0.334332327275276
ACGGAAC,0.338806369604711
ACGGAAG,0.342870384917479
ACGGAAT,0.335729385306826
ACGGACA,0.337506517917108
ACGGACC,0.341383876834257
ACGGACG,0.345355516873993
ACGGACT,0.343797476748509
ACGGAGA,0.341527829067865
ACGGAGC,0.357793908140599
ACGGAGG,0.350837157053686
ACGGAGT,0.332753546575438
ACGGATA,0.33632900395012
ACGGATC,0.338362959316137
ACGGATG,0.338328578212754
ACGGATT,0.335839686984382
ACGGCAA,0.335436337382296
ACGGCAC,0.338455782391315
ACGGCAG,0.349379455358192
ACGGCAT,0.337344777979535
ACGGCCA,0.344921832867715
ACGGCCC,0.354886487109488
ACGGCCG,0.364458113743306
ACGGCCT,0.346379221006831
ACGGCGA,0.349386256102708
ACGGCGC,0.360551681119673
ACGGCGG,0.398703102941647
ACGGCGT,0.349216223613226
ACGGCTA,0.339860827290496
ACGGCTC,0.343623071234763
ACGGCTG,0.353962854061937
ACGGCTT,0.34136331053774
ACGGGAA,0.33813946101191
ACGGGAC,0.347490459307601
ACGGGAG,0.347418913671013
ACGGGAT,0.337382634352335
ACGGGCA,0.339143092563626
ACGGGCC,0.355380094818112
ACGGGCG,0.365137830214325
ACGGGCT,0.34756881294154
ACGGGGA,0.345782187627397
ACGGGGC,0.360961834853004
ACGGGGG,0.35129204129013
ACGGGGT,0.333752233684502
ACGGGTA,0.338435155785866
ACGGGTC,0.342305498156456
ACGGGTG,0.341150767369321
ACGGGTT,0.3373344532655
ACGGTAA,0.336391012949036
ACGGTAC,0.339713201464545
ACGGTAG,0.336652786339291
ACGGTAT,0.337300036782144
ACGGTCA,0.338613905566723
ACGGTCC,0.344170123843282
ACGGTCG,0.342213031753272
ACGGTCT,0.339297672272042
ACGGTGA,0.338469533225253
ACGGTGC,0.340430527267761
ACGGTGG,0.347027025343081
ACGGTGT,0.337361985599374
ACGGTTA,0.337079743235398
ACGGTTC,0.33579143149749
ACGGTTG,0.339019411590269
ACGGTTT,0.33642890544446
ACGTAAA,0.335363924075661
ACGTAAC,0.337444578053114
ACGTAAG,0.336177410207781
ACGTAAT,0.336563239995987
ACGTACA,0.337086628143357
ACGTACC,0.338218550737807
ACGTACG,0.337640707795724
ACGTACT,0.338232304834243
ACGTAGA,0.336955806785695
ACGTAGC,0.340114830024533
ACGTAGG,0.337272502742598
ACGTAGT,0.33526736484258
ACGTATA,0.336859401148711
ACGTATC,0.336652786339291
ACGTATG,0.336036131715644
ACGTATT,0.335301851353297
ACGTCAA,0.3375133998874
ACGTCAC,0.339424753245331
ACGTCAG,0.33710728258283
ACGTCAT,0.336680337447187
ACGTCCA,0.336528796959488
ACGTCCC,0.343308380420077
ACGTCCG,0.342507524620682
ACGTCCT,0.341562100355118
ACGTCGA,0.338521097168545
ACGTCGC,0.343294695964052
ACGTCGG,0.345017464402764
ACGTCGT,0.342952523688367
ACGTCTA,0.33893694910889
ACGTCTC,0.337399841320774
ACGTCTG,0.337585657716165
ACGTCTT,0.337207106360099
ACGTGAA,0.337895275000775
ACGTGAC,0.339689167290557
ACGTGAG,0.339084689565758
ACGTGAT,0.337196780224539
ACGTGCA,0.338699831589432
ACGTGCC,0.338005338048727
ACGTGCG,0.344610967203352
ACGTGCT,0.343489681785696
ACGTGGA,0.344416199915218
ACGTGGC,0.346317828302746
ACGTGGG,0.342901187747205
ACGTGGT,0.343315222577866
ACGTGTA,0.33558804349975
ACGTGTC,0.337816159701944
ACGTGTG,0.340025593172369
ACGTGTT,0.338311387217779
ACGTTAA,0.334567031427085
ACGTTAC,0.336070591724918
ACGTTAG,0.336366898795248
ACGTTAT,0.336094713024872
ACGTTCA,0.334542873248858
ACGTTCC,0.338163532460234
ACGTTCG,0.340715255593326
ACGTTCT,0.335384614126919
ACGTTGA,0.336597681846205
ACGTTGC,0.337637267254535
ACGTTGG,0.337010891548565
ACGTTGT,0.337262177282311
ACGTTTA,0.335146652688319
ACGTTTC,0.333278931949481
ACGTTTG,0.335384614126919
ACGTTTT,0.332940228256619
ACTAAAA,0.316918446402081
ACTAAAC,0.334183882978992
ACTAAAG,0.331220748282165
ACTAAAT,0.333126875094253
ACTAACA,0.333686606675892
ACTAACC,0.33508801581251
ACTAACG,0.338177287313412
ACTAACT,0.333873114269317
ACTAAGA,0.334763726299377
ACTAAGC,0.334353038681116
ACTAAGG,0.33399743334269
ACTAAGT,0.332822692002353
ACTAATA,0.334770627171325
ACTAATC,0.33579143149749
ACTAATG,0.335163898173938
ACTAATT,0.332459625160334
ACTACAA,0.334629149777068
ACTACAC,0.33462224792873
ACTACAG,0.327818062479308
ACTACAT,0.335863813854635
ACTACCA,0.334998329233754
ACTACCC,0.335753514838428
ACTACCG,0.338737636700526
ACTACCT,0.337733597933611
ACTACGA,0.338586407680034
ACTACGC,0.338125705638423
ACTACGG,0.337599420520168
ACTACGT,0.337069415784578
ACTACTA,0.334111378917884
ACTACTC,0.335305299938957
ACTACTG,0.334929334083861
ACTACTT,0.334052681303639
ACTAGAA,0.331279612354818
ACTAGAC,0.335298402755744
ACTAGAG,0.336194637926798
ACTAGAT,0.333624429747265
ACTAGCA,0.334753374902164
ACTAGCC,0.33813946101191
ACTAGCG,0.337871197094162
ACTAGCT,0.336921377267967
ACTAGGA,0.335691466295063
ACTAGGC,0.337509958908174
ACTAGGG,0.3355777006319
ACTAGGT,0.335319094162671
ACTAGTA,0.335277710920674
ACTAGTC,0.336204974415749
ACTAGTG,0.336015455140068
ACTAGTT,0.333341130363143
ACTATAA,0.336239428607294
ACTATAC,0.336049915861853
ACTATAG,0.334963832253849
ACTATAT,0.333662427218584
ACTATCA,0.33558804349975
ACTATCC,0.336446128831369
ACTATCG,0.337100397817073
ACTATCT,0.3343668460467
ACTATGA,0.335598386260627
ACTATGC,0.334104473495033
ACTATGG,0.340142285915516
ACTATGT,0.333804041438672
ACTATTA,0.332905660204106
ACTATTC,0.335963761830648
ACTATTG,0.335722491047998
ACTATTT,0.329810437631627
ACTCAAA,0.331012965031391
ACTCAAC,0.334066492816961
ACTCAAG,0.331542727022708
ACTCAAT,0.334135547522351
ACTCACA,0.331158417840064
ACTCACC,0.335884493565838
ACTCACG,0.334994879589315
ACTCACT,0.334470395212274
ACTCAGA,0.333213273871122
ACTCAGC,0.337692314493136
ACTCAGG,0.326131510027182
ACTCAGT,0.330947158000406
ACTCATA,0.334339231124885
ACTCATC,0.334380653221644
ACTCATG,0.333959448598866
ACTCATT,0.328849456004864
ACTCCAA,0.334249477362029
ACTCCAC,0.334815481678235
ACTCCAG,0.318862521887376
ACTCCAT,0.333189082966036
ACTCCCA,0.335150101809235
ACTCCCC,0.334556677993594
ACTCCCG,0.34721787710422
ACTCCCT,0.332490750340977
ACTCCGA,0.343229692240485
ACTCCGC,0.340471697822342
ACTCCGG,0.352401226805038
ACTCCGT,0.334021604701186
ACTCCTA,0.331850760167827
ACTCCTC,0.33720366432676
ACTCCTG,0.319444307565085
ACTCCTT,0.332808863299452
ACTCGAA,0.33579143149749
ACTCGAC,0.336032685649403
ACTCGAG,0.337850558427053
ACTCGAT,0.33720366432676
ACTCGCA,0.339400712137645
ACTCGCC,0.348467737005369
ACTCGCG,0.345430624128469
ACTCGCT,0.344255573786476
ACTCGGA,0.342730048907545
ACTCGGC,0.355691010199485
ACTCGGG,0.344009458180255
ACTCGGT,0.341034192256177
ACTCGTA,0.336938592175005
ACTCGTC,0.339771567768038
ACTCGTG,0.340794141870505
ACTCGTT,0.336242873961159
ACTCTAA,0.333883474782422
ACTCTAC,0.335991331928212
ACTCTAG,0.334204597459518
ACTCTAT,0.333624429747265
ACTCTCA,0.332535707224999
ACTCTCC,0.337000563386655
ACTCTCG,0.339297672272042
ACTCTCT,0.33201339108052
ACTCTGA,0.332774290705532
ACTCTGC,0.338950693328022
ACTCTGG,0.33374877973879
ACTCTGT,0.327195934043116
ACTCTTA,0.33245270832196
ACTCTTC,0.333448240785552
ACTCTTG,0.329456681770494
ACTCTTT,0.328682838194048
ACTGAAA,0.325156533583109
ACTGAAC,0.332193292340471
ACTGAAG,0.333354951707491
ACTGAAT,0.328634236102721
ACTGACA,0.334698165640616
ACTGACC,0.337613183134758
ACTGACG,0.338899151532215
ACTGACT,0.334977631188616
ACTGAGA,0.331459645659043
ACTGAGC,0.342004094691209
ACTGAGG,0.336756099080211
ACTGAGT,0.330725460344973
ACTGATA,0.334014698658376
ACTGATC,0.33552253686327
ACTGATG,0.33216561733003
ACTGATT,0.331902666524228
ACTGCAA,0.322271308494673
ACTGCAC,0.326152391980059
ACTGCAG,0.340794141870505
ACTGCAT,0.331591187964084
ACTGCCA,0.336608014169958
ACTGCCC,0.343770121032229
ACTGCCG,0.350789619894205
ACTGCCT,0.336053361868718
ACTGCGA,0.340910744969277
ACTGCGC,0.352231706229893
ACTGCGG,0.352916392954492
ACTGCGT,0.3404270963117
ACTGCTA,0.337823039541628
ACTGCTC,0.342757433090155
ACTGCTG,0.352733403794546
ACTGCTT,0.330420545794015
ACTGGAA,0.330351234064258
ACTGGAC,0.338620779920251
ACTGGAG,0.336563239995987
ACTGGAT,0.332760461333283
ACTGGCA,0.337172685493555
ACTGGCC,0.33480168050578
ACTGGCG,0.347374620949701
ACTGGCT,0.341126767721634
ACTGGGA,0.336308333429315
ACTGGGC,0.346992940838194
ACTGGGG,0.342326045084988
ACTGGGT,0.333752233684502
ACTGGTA,0.336738881031258
ACTGGTC,0.335736279518124
ACTGGTG,0.337939989575015
ACTGGTT,0.337114167301188
ACTGTAA,0.329134030558201
ACTGTAC,0.333993980243781
ACTGTAG,0.333544975823218
ACTGTAT,0.331019891835374
ACTGTCA,0.334453137762607
ACTGTCC,0.336160182191965
ACTGTCG,0.341191908282503
ACTGTCT,0.33262215709094
ACTGTGA,0.332092966783377
ACTGTGC,0.335867260502867
ACTGTGG,0.343564929303463
ACTGTGT,0.329824307860804
ACTGTTA,0.332252099194731
ACTGTTC,0.334339231124885
ACTGTTG,0.332431957519777
ACTGTTT,0.32559539062092
ACTTAAA,0.326117588483007
ACTTAAC,0.331719252005326
ACTTAAG,0.331445798093997
ACTTAAT,0.32984164537674
ACTTACA,0.33216561733003
ACTTACC,0.335219081729432
ACTTACG,0.336070591724918
ACTTACT,0.33030964472031
ACTTAGA,0.333009360776999
ACTTAGC,0.334432428429878
ACTTAGG,0.331307311895981
ACTTAGT,0.331411178342429
ACTTATA,0.334442783149852
ACTTATC,0.334649855036272
ACTTATG,0.334646404189509
ACTTATT,0.329262409639645
ACTTCAA,0.332504583443637
ACTTCAC,0.333555339736546
ACTTCAG,0.333441330781917
ACTTCAT,0.33218291430131
ACTTCCA,0.33203415057002
ACTTCCC,0.338136022186277
ACTTCCG,0.347112231522974
ACTTCCT,0.338899151532215
ACTTCGA,0.339661698955809
ACTTCGC,0.340783852708997
ACTTCGG,0.340907315660429
ACTTCGT,0.3355777006319
ACTTCTA,0.33473957287253
ACTTCTC,0.334698165640616
ACTTCTG,0.332061829218993
ACTTCTT,0.331913047472203
ACTTGAA,0.326441214265652
ACTTGAC,0.33437720144578
ACTTGAG,0.327067289378052
ACTTGAT,0.332608325614604
ACTTGCA,0.33611194216862
ACTTGCC,0.334984530584596
ACTTGCG,0.342082879366163
ACTTGCT,0.335336336674736
ACTTGGA,0.33236624380532
ACTTGGC,0.334677461381682
ACTTGGG,0.329515649771867
ACTTGGT,0.33365897296267
ACTTGTA,0.332459625160334
ACTTGTC,0.332954055143045
ACTTGTG,0.333334219619333
ACTTGTT,0.334094115271346
ACTTTAA,0.32737670398206
ACTTTAC,0.330056605605102
ACTTTAG,0.334460040778212
ACTTTAT,0.328519664683231
ACTTTCA,0.332725887065912
ACTTTCC,0.333769503234121
ACTTTCG,0.335891386707873
ACTTTCT,0.322592688533123
ACTTTGA,0.327095105843093
ACTTTGC,0.332974795114222
ACTTTGG,0.315755107735533
ACTTTGT,0.330583409451235
ACTTTTA,0.324539718448205
ACTTTTC,0.326615163340726
ACTTTTG,0.329453212956241
ACTTTTT,0.316061010664058
AGAAAAA,0.305557716523245
AGAAAAC,0.32310947457849
AGAAAAG,0.313427887306096
AGAAAAT,0.316855218057266
AGAAACA,0.319643999305931
AGAAACC,0.330763568127517
AGAAACG,0.332248640063738
AGAAACT,0.327133352219172
AGAAAGA,0.315667187283978
AGAAAGC,0.331670797269806
AGAAAGG,0.319163971178976
AGAAAGT,0.329283226316145
AGAAATA,0.323147873691769
AGAAATC,0.328137665120533
AGAAATG,0.318964183547888
AGAAATT,0.32517395221512
AGAACAA,0.332957511834779
AGAACAC,0.33216561733003
AGAACAG,0.329813905206957
AGAACAT,0.330094738884257
AGAACCA,0.333005904264487
AGAACCC,0.335922405259043
AGAACCG,0.339665132538915
AGAACCT,0.336129171015529
AGAACGA,0.338717015908015
AGAACGC,0.338634528485538
AGAACGG,0.338177287313412
AGAACGT,0.337585657716165
AGAACTA,0.331238061604399
AGAACTC,0.332400830509115
AGAACTG,0.333769503234121
AGAACTT,0.330652705090941
AGAAGAA,0.328266172169979
AGAAGAC,0.337565013155002
AGAAGAG,0.332895289555333
AGAAGAT,0.339338889492358
AGAAGCA,0.334770627171325
AGAAGCC,0.340581477681873
AGAAGCG,0.351410820263467
AGAAGCT,0.343130467883473
AGAAGGA,0.341442145710852
AGAAGGC,0.339359497465461
AGAAGGG,0.337929671004573
AGAAGGT,0.337888395658043
AGAAGTA,0.333873114269317
AGAAGTC,0.333821310093624
AGAAGTG,0.329893656121086
AGAAGTT,0.330146736467029
AGAATAA,0.327870178575522
AGAATAC,0.334391008477747
AGAATAG,0.332030690685031
AGAATAT,0.329716808552322
AGAATCA,0.329335266111636
AGAATCC,0.334021604701186
AGAATCG,0.328651594263648
AGAATCT,0.328460637919616
AGAATGA,0.329505243906645
AGAATGC,0.331788468983501
AGAATGG,0.327988298339013
AGAATGT,0.331563496285151
AGAATTA,0.327407987769821
AGAATTC,0.331092620380516
AGAATTG,0.327175073870297
AGAATTT,0.323489909813666
AGACAAA,0.331400792183242
AGACAAC,0.336074037660535
AGACAAG,0.331753861093287
AGACAAT,0.334356490540385
AGACACA,0.327772892998805
AGACACC,0.330947158000406
AGACACG,0.335653545845393
AGACACT,0.334843083451741
AGACAGA,0.323542251959233
AGACAGC,0.337234642200306
AGACAGG,0.322557760923007
AGACAGT,0.330392821678603
AGACATA,0.333099225909026
AGACATC,0.333776410970463
AGACATG,0.338301072478938
AGACATT,0.33128653731204
AGACCAA,0.335350130470332
AGACCAC,0.33150118720369
AGACCAG,0.320246336290017
AGACCAT,0.336535685661694
AGACCCA,0.337726717478553
AGACCCC,0.34597327709323
AGACCCG,0.356933705941958
AGACCCT,0.330434407563492
AGACCGA,0.342445893754614
AGACCGC,0.347180391240007
AGACCGG,0.344194050563396
AGACCGT,0.34140101509159
AGACCTA,0.335263916126095
AGACCTC,0.33539495899202
AGACCTG,0.338356083190025
AGACCTT,0.334477298108751
AGACGAA,0.338352645109238
AGACGAC,0.337265619114253
AGACGAG,0.338823552092625
AGACGAT,0.339060640281076
AGACGCA,0.338483283870109
AGACGCC,0.350436415946707
AGACGCG,0.348648105465612
AGACGCT,0.343376799891376
AGACGGA,0.340578047243678
AGACGGC,0.349114190240503
AGACGGG,0.337344777979535
AGACGGT,0.337909033544265
AGACGTA,0.337155474615975
AGACGTC,0.339479702178354
AGACGTG,0.33723808412702
AGACGTT,0.336704444043941
AGACTAA,0.332801948876288
AGACTAC,0.334529068313548
AGACTAG,0.333351496389313
AGACTAT,0.336339339050298
AGACTCA,0.332864176963695
AGACTCC,0.330818995037166
AGACTCG,0.344477709472891
AGACTCT,0.331508110626691
AGACTGA,0.33291603074533
AGACTGC,0.340131990044736
AGACTGG,0.331023355219373
AGACTGT,0.33386275364887
AGACTTA,0.332822692002353
AGACTTC,0.335122508508797
AGACTTG,0.33131769902611
AGACTTT,0.330084339043245
AGAGAAA,0.312521588479988
AGAGAAC,0.333942182329235
AGAGAAG,0.331193046343093
AGAGAAT,0.328207130441184
AGAGACA,0.326698648150242
AGAGACC,0.335805219017072
AGAGACG,0.334176978056796
AGAGACT,0.333766049348056
AGAGAGA,0.322634600055008
AGAGAGC,0.341867063079246
AGAGAGG,0.331483878436474
AGAGAGT,0.3353742691548
AGAGATA,0.331262299751957
AGAGATC,0.335853473838662
AGAGATG,0.325114727628333
AGAGATT,0.329005634993452
AGAGCAA,0.327366275835319
AGAGCAC,0.338809806125913
AGAGCAG,0.344190632495573
AGAGCAT,0.335198388252983
AGAGCCA,0.345372587199907
AGAGCCC,0.349229827276362
AGAGCCG,0.389063108823062
AGAGCCT,0.340921032825259
AGAGCGA,0.345082352022069
AGAGCGC,0.371018306662722
AGAGCGG,0.36955309248537
AGAGCGT,0.339871125953497
AGAGCTA,0.334049228395502
AGAGCTC,0.33990202130614
AGAGCTG,0.339170575147127
AGAGCTT,0.334014698658376
AGAGGAA,0.329297103859741
AGAGGAC,0.340464836180953
AGAGGAG,0.356251765236814
AGAGGAT,0.329852047742021
AGAGGCA,0.333672789914734
AGAGGCC,0.354994695951239
AGAGGCG,0.377773745800145
AGAGGCT,0.345659325114302
AGAGGGA,0.345621780779771
AGAGGGC,0.34476470406067
AGAGGGG,0.341023905564303
AGAGGGT,0.332020310958238
AGAGGTA,0.333752233684502
AGAGGTC,0.33534668203927
AGAGGTG,0.335329439705586
AGAGGTT,0.325038078838353
AGAGTAA,0.329206896383698
AGAGTAC,0.335881046977002
AGAGTAG,0.330555689850769
AGAGTAT,0.33388002128998
AGAGTCA,0.332770833380399
AGAGTCC,0.342586269644615
AGAGTCG,0.340718685560869
AGAGTCT,0.33258066208799
AGAGTGA,0.33087095497498
AGAGTGC,0.341544964858307
AGAGTGG,0.338435155785866
AGAGTGT,0.332615241376686
AGAGTTA,0.332335114749087
AGAGTTC,0.333354951707491
AGAGTTG,0.332189833006051
AGAGTTT,0.327897972716298
AGATAAA,0.327908395319928
AGATAAC,0.33458083583833
AGATAAG,0.331542727022708
AGATAAT,0.331532342229723
AGATACA,0.332701684367481
AGATACC,0.335887940142795
AGATACG,0.335743173681893
AGATACT,0.332328197049438
AGATAGA,0.331885364704789
AGATAGC,0.336573572675609
AGATAGG,0.332016851025365
AGATAGT,0.333482790087522
AGATATA,0.333513883438753
AGATATC,0.334856884052802
AGATATG,0.333430965686936
AGATATT,0.330330439608493
AGATCAA,0.335746620745953
AGATCAC,0.331556573245599
AGATCAG,0.333379138600443
AGATCAT,0.335750067798131
AGATCCA,0.332051449815406
AGATCCC,0.334670559866777
AGATCCG,0.341829376093764
AGATCCT,0.335205286126046
AGATCGA,0.338397339237501
AGATCGC,0.332027230788071
AGATCGG,0.338796059970247
AGATCGT,0.336442684177719
AGATCTA,0.334460040778212
AGATCTC,0.331753861093287
AGATCTG,0.333800587671896
AGATCTT,0.333085401029728
AGATGAA,0.33164656902157
AGATGAC,0.335212183951529
AGATGAG,0.330070472420317
AGATGAT,0.332639446167335
AGATGCA,0.333558794350454
AGATGCC,0.340653514165707
AGATGCG,0.344525547624407
AGATGCT,0.337482430648105
AGATGGA,0.329262409639645
AGATGGC,0.376722142573111
AGATGGG,0.327328038366858
AGATGGT,0.342723202744721
AGATGTA,0.333424055563929
AGATGTC,0.336149845240007
AGATGTG,0.331030281951386
AGATGTT,0.332058369429767
AGATTAA,0.33113071417424
AGATTAC,0.332425040490028
AGATTAG,0.333019730242854
AGATTAT,0.330659634390815
AGATTCA,0.333486244952069
AGATTCC,0.334860334173309
AGATTCG,0.336917934250997
AGATTCT,0.329501775260841
AGATTGA,0.332981708342361
AGATTGC,0.33203415057002
AGATTGG,0.333209818063367
AGATTGT,0.331746939371518
AGATTTA,0.330767032399376
AGATTTC,0.331892285468487
AGATTTG,0.328422442274701
AGATTTT,0.323901594048214
AGCAAAA,0.326597769794778
AGCAAAC,0.333496609474093
AGCAAAG,0.328543968808529
AGCAAAT,0.33173655669903
AGCAACA,0.332857262922984
AGCAACC,0.336080929496144
AGCAACG,0.340584908108299
AGCAACT,0.334332327275276
AGCAAGA,0.332338573580966
AGCAAGC,0.339046897573007
AGCAAGG,0.337124494289851
AGCAAGT,0.331515034001758
AGCAATA,0.335322542688869
AGCAATC,0.336201528931304
AGCAATG,0.335819006346561
AGCAATT,0.32783196037054
AGCACAA,0.335767302880793
AGCACAC,0.332895289555333
AGCACAG,0.331504648921182
AGCACAT,0.333223641222733
AGCACCA,0.340509436008409
AGCACCC,0.341692320536096
AGCACCG,0.348089878743571
AGCACCT,0.335812112705578
AGCACGA,0.340495713196437
AGCACGC,0.344696379486416
AGCACGG,0.34269239443198
AGCACGT,0.337413606682352
AGCACTA,0.334380653221644
AGCACTC,0.33565699321842
AGCACTG,0.336711331536278
AGCACTT,0.318101484036114
AGCAGAA,0.332006471154918
AGCAGAC,0.339877991669908
AGCAGAG,0.345335032098246
AGCAGAT,0.335319094162671
AGCAGCA,0.365579565581326
AGCAGCC,0.388023316904416
AGCAGCG,0.403114735431432
AGCAGCT,0.366288611247929
AGCAGGA,0.352079113138047
AGCAGGC,0.353556591448276
AGCAGGG,0.343325485726771
AGCAGGT,0.34348626130944
AGCAGTA,0.335898279802394
AGCAGTC,0.341695747153981
AGCAGTG,0.342219881409689
AGCAGTT,0.33458083583833
AGCATAA,0.335029375498216
AGCATAC,0.335036274537202
AGCATAG,0.334249477362029
AGCATAT,0.333147611481497
AGCATCA,0.335484610007057
AGCATCC,0.337575335488858
AGCATCG,0.341990392374977
AGCATCT,0.331383481678209
AGCATGA,0.33853140963815
AGCATGC,0.338373273416655
AGCATGG,0.354253907440256
AGCATGT,0.336263545835076
AGCATTA,0.333068119661828
AGCATTC,0.332335114749087
AGCATTG,0.333154523515024
AGCATTT,0.324783702118568
AGCCAAA,0.332127562940051
AGCCAAC,0.338692957779313
AGCCAAG,0.338624217079294
AGCCAAT,0.332556455874425
AGCCACA,0.331722712968023
AGCCACC,0.332335114749087
AGCCACG,0.343082562945749
AGCCACT,0.337688874129497
AGCCAGA,0.341856784951334
AGCCAGC,0.366800016005523
AGCCAGG,0.357591574182866
AGCCAGT,0.338043169423849
AGCCATA,0.333873114269317
AGCCATC,0.341980115514588
AGCCATG,0.37869546895084
AGCCATT,0.332252099194731
AGCCCAA,0.337651029348269
AGCCCAC,0.338156654962696
AGCCCAG,0.368295960297779
AGCCCAT,0.340101101796351
AGCCCCA,0.349263835624587
AGCCCCC,0.364431317422491
AGCCCCG,0.414132719908225
AGCCCCT,0.345717345404344
AGCCCGA,0.369876290134169
AGCCCGC,0.406707789257553
AGCCCGG,0.419076536725517
AGCCCGT,0.348120521219428
AGCCCTA,0.334604993099478
AGCCCTC,0.355386854876145
AGCCCTG,0.3564543704376
AGCCCTT,0.333313487101347
AGCCGAA,0.342120556799262
AGCCGAC,0.350072893174011
AGCCGAG,0.392055462628143
AGCCGAT,0.339490004767161
AGCCGCA,0.370948424751089
AGCCGCC,0.453334132281469
AGCCGCG,0.442933976504734
AGCCGCT,0.382512060564081
AGCCGGA,0.399667184671475
AGCCGGC,0.41677140386905
AGCCGGG,0.440754630398575
AGCCGGT,0.356602921500352
AGCCGTA,0.338259812459602
AGCCGTC,0.354348650728003
AGCCGTG,0.351159670955687
AGCCGTT,0.341243332043912
AGCCTAA,0.334891384722231
AGCCTAC,0.339613627554385
AGCCTAG,0.338830425005124
AGCCTAT,0.335512193317867
AGCCTCA,0.335470818066333
AGCCTCC,0.338332016376285
AGCCTCG,0.363680728765765
AGCCTCT,0.342151382734121
AGCCTGA,0.34210343086929
AGCCTGC,0.364719340248216
AGCCTGG,0.343749603753912
AGCCTGT,0.341531256249445
AGCCTTA,0.336153290902533
AGCCTTC,0.338589844957221
AGCCTTG,0.342010945778919
AGCCTTT,0.33200301117416
AGCGAAA,0.336993677886119
AGCGAAC,0.34269239443198
AGCGAAG,0.345563754944616
AGCGAAT,0.337475548464679
AGCGACA,0.342531491153953
AGCGACC,0.351309010578699
AGCGACG,0.355305731163503
AGCGACT,0.342955945990744
AGCGAGA,0.347435948810685
AGCGAGC,0.391178589697943
AGCGAGG,0.371131438452522
AGCGAGT,0.34449821181805
AGCGATA,0.337482430648105
AGCGATC,0.336745768286414
AGCGATG,0.343099672115523
AGCGATT,0.32744969796451
AGCGCAA,0.339046897573007
AGCGCAC,0.348215847362266
AGCGCAG,0.382419948467695
AGCGCAT,0.340646653771768
AGCGCCA,0.358093961463001
AGCGCCC,0.382225827342006
AGCGCCG,0.416109999683582
AGCGCCT,0.371001668555274
AGCGCGA,0.365161260474873
AGCGCGC,0.400291077628584
AGCGCGG,0.437057808153214
AGCGCGT,0.351936671907997
AGCGCTA,0.34289092024272
AGCGCTC,0.357227269860573
AGCGCTG,0.379890131598274
AGCGCTT,0.344098340247821
AGCGGAA,0.350426225519842
AGCGGAC,0.355072463824422
AGCGGAG,0.402731186081608
AGCGGAT,0.342021222322476
AGCGGCA,0.377019878346053
AGCGGCC,0.414610681966174
AGCGGCG,0.507085249652566
AGCGGCT,0.391537255200722
AGCGGGA,0.389259174793769
AGCGGGC,0.412224970461522
AGCGGGG,0.402331364639543
AGCGGGT,0.360817291668069
AGCGGTA,0.340379061690806
AGCGGTC,0.346866818067701
AGCGGTG,0.362063709854452
AGCGGTT,0.345058446546912
AGCGTAA,0.337096955416419
AGCGTAC,0.336938592175005
AGCGTAG,0.339373235878262
AGCGTAT,0.337692314493136
AGCGTCA,0.342329469532032
AGCGTCC,0.35606600773557
AGCGTCG,0.354595617814169
AGCGTCT,0.344853519028743
AGCGTGA,0.345242845414159
AGCGTGC,0.349182213645728
AGCGTGG,0.351522798946192
AGCGTGT,0.34122619108393
AGCGTTA,0.335777643787809
AGCGTTC,0.342175357804296
AGCGTTG,0.339249583367739
AGCGTTT,0.336070591724918
AGCTAAA,0.331909587168185
AGCTAAC,0.336408236988589
AGCTAAG,0.333223641222733
AGCTAAT,0.330950621636319
AGCTACA,0.336780203850702
AGCTACC,0.341801966484927
AGCTACG,0.345922095995267
AGCTACT,0.321212119479983
AGCTAGA,0.33736542708781
AGCTAGC,0.345485244043316
AGCTAGG,0.340862733575203
AGCTAGT,0.334822382193036
AGCTATA,0.336239428607294
AGCTATC,0.336318668743126
AGCTATG,0.33782991933398
AGCTATT,0.33103720863542
AGCTCAA,0.331172269385172
AGCTCAC,0.334632600683373
AGCTCAG,0.34168889390647
AGCTCAT,0.334874134536303
AGCTCCA,0.344897923554918
AGCTCCC,0.354311431221181
AGCTCCG,0.365562836736237
AGCTCCT,0.346307595818952
AGCTCGA,0.345099427011593
AGCTCGC,0.358296193806531
AGCTCGG,0.368389382554117
AGCTCGT,0.340691245491109
AGCTCTA,0.337657910324113
AGCTCTC,0.344050481654639
AGCTCTG,0.344757871813312
AGCTCTT,0.33262215709094
AGCTGAA,0.337737038143387
AGCTGAC,0.346832728101698
AGCTGAG,0.348348607919849
AGCTGAT,0.334159715542711
AGCTGCA,0.354050855878036
AGCTGCC,0.375384546605277
AGCTGCG,0.396827275936554
AGCTGCT,0.38360031462003
AGCTGGA,0.362916157736592
AGCTGGC,0.377783661321609
AGCTGGG,0.355728178395414
AGCTGGT,0.352740181768001
AGCTGTA,0.337774879669833
AGCTGTC,0.350144249188458
AGCTGTG,0.346641802813017
AGCTGTT,0.336549462923746
AGCTTAA,0.332601409804694
AGCTTAC,0.335943083758642
AGCTTAG,0.334915534482624
AGCTTAT,0.333551885110705
AGCTTCA,0.337403282678933
AGCTTCC,0.337764559395543
AGCTTCG,0.346242787656689
AGCTTCT,0.339057204621765
AGCTTGA,0.336525352590589
AGCTTGC,0.341047907680742
AGCTTGG,0.339668566110231
AGCTTGT,0.336366898795248
AGCTTTA,0.333962901817018
AGCTTTC,0.329560740603279
AGCTTTG,0.336301443160763
AGCTTTT,0.32410039777477
AGGAAAA,0.315333019052642
AGGAAAC,0.327442746386209
AGGAAAG,0.318424206754116
AGGAAAT,0.323685306513465
AGGAACA,0.331141103138865
AGGAACC,0.3381463386277
AGGAACG,0.338421404479198
AGGAACT,0.329005634993452
AGGAAGA,0.342113706462468
AGGAAGC,0.342144532608494
AGGAAGG,0.330708138145556
AGGAAGT,0.334667109091463
AGGAATA,0.330077405755816
AGGAATC,0.331127251162047
AGGAATG,0.327936188398537
AGGAATT,0.325379469162694
AGGACAA,0.334380653221644
AGGACAC,0.336273881611789
AGGACAG,0.334805130816751
AGGACAT,0.335308748512725
AGGACCA,0.337575335488858
AGGACCC,0.354003471247066
AGGACCG,0.349919970281155
AGGACCT,0.342493829200916
AGGACGA,0.347476831961938
AGGACGC,0.356559033710373
AGGACGG,0.353888384937481
AGGACGT,0.341678613947141
AGGACTA,0.333783318659088
AGGACTC,0.338359521258991
AGGACTG,0.338101633279525
AGGACTT,0.332611783501624
AGGAGAA,0.330261121632821
AGGAGAC,0.348283931901208
AGGAGAG,0.345256503236951
AGGAGAT,0.333579521783279
AGGAGCA,0.355227981429614
AGGAGCC,0.398741942990288
AGGAGCG,0.392495239367861
AGGAGCT,0.372414920342647
AGGAGGA,0.430077843266695
AGGAGGC,0.401017922918663
AGGAGGG,0.360346541150971
AGGAGGT,0.349984540577271
AGGAGTA,0.333334219619333
AGGAGTC,0.341260472710086
AGGAGTG,0.337100397817073
AGGAGTT,0.321166650617923
AGGATAA,0.331961490471259
AGGATAC,0.332815777674807
AGGATAG,0.333054294352481
AGGATAT,0.335481162039709
AGGATCA,0.333009360776999
AGGATCC,0.340979328676711
AGGATCG,0.337100397817073
AGGATCT,0.331580803674347
AGGATGA,0.342877230072749
AGGATGC,0.339417884416397
AGGATGG,0.344146196550667
AGGATGT,0.334836183079788
AGGATTA,0.328585631649116
AGGATTC,0.333475880322619
AGGATTG,0.330545294802494
AGGATTT,0.325497883477443
AGGCAAA,0.329324858369187
AGGCAAC,0.335525984687962
AGGCAAG,0.336074037660535
AGGCAAT,0.33179192970665
AGGCACA,0.32828353672094
AGGCACC,0.3381463386277
AGGCACG,0.338734199931303
AGGCACT,0.334263286157586
AGGCAGA,0.325414298357915
AGGCAGC,0.374403388891039
AGGCAGG,0.329252001138893
AGGCAGT,0.333413690289886
AGGCATA,0.333406780047503
AGGCATC,0.336218756234818
AGGCATG,0.329852047742021
AGGCATT,0.33200301117416
AGGCCAA,0.336380678382901
AGGCCAC,0.341623785712534
AGGCCAG,0.344197468619537
AGGCCAT,0.341113053378633
AGGCCCA,0.342408228577613
AGGCCCC,0.366084644903205
AGGCCCG,0.390793696362815
AGGCCCT,0.354345267193717
AGGCCGA,0.362587346613812
AGGCCGC,0.412528284296782
AGGCCGG,0.405499750959717
AGGCCGT,0.350742080474834
AGGCCTA,0.337592539141843
AGGCCTC,0.351037467400722
AGGCCTG,0.350144249188458
AGGCCTT,0.334463492268145
AGGCGAA,0.341736865652766
AGGCGAC,0.353668330121389
AGGCGAG,0.374327109962419
AGGCGAT,0.339689167290557
AGGCGCA,0.35687970779209
AGGCGCC,0.388938913822349
AGGCGCG,0.409516613707968
AGGCGCT,0.370262657437529
AGGCGGA,0.379777986423633
AGGCGGC,0.490613811132121
AGGCGGG,0.402956821161911
AGGCGGT,0.365723422097882
AGGCGTA,0.339675433217497
AGGCGTC,0.356835832148235
AGGCGTG,0.331667336127426
AGGCGTT,0.342048625922337
AGGCTAA,0.334522165774427
AGGCTAC,0.337430813117865
AGGCTAG,0.335225979459757
AGGCTAT,0.33567422990529
AGGCTCA,0.332407747706327
AGGCTCC,0.360033705763166
AGGCTCG,0.357922031809156
AGGCTCT,0.341017047710933
AGGCTGA,0.320568367668588
AGGCTGC,0.381198661510721
AGGCTGG,0.315677738146318
AGGCTGT,0.33877887700994
AGGCTTA,0.334214954538875
AGGCTTC,0.341455855541342
AGGCTTG,0.335843133715772
AGGCTTT,0.327467076698845
AGGGAAA,0.316827115287378
AGGGAAC,0.336959249672272
AGGGAAG,0.337723277233271
AGGGAAT,0.330486387487771
AGGGACA,0.327689497828
AGGGACC,0.343065453483245
AGGGACG,0.351722972012875
AGGGACT,0.332141401067597
AGGGAGA,0.332801948876288
AGGGAGC,0.374734968779557
AGGGAGG,0.350086485188372
AGGGAGT,0.336301443160763
AGGGATA,0.331708869045365
AGGGATC,0.337430813117865
AGGGATG,0.330073939094075
AGGGATT,0.33173655669903
AGGGCAA,0.333710785548568
AGGGCAC,0.333406780047503
AGGGCAG,0.342421925169757
AGGGCAT,0.337231200261745
AGGGCCA,0.34575829887649
AGGGCCC,0.365857223536491
AGGGCCG,0.391331853425678
AGGGCCT,0.339658265360913
AGGGCGA,0.355643703224759
AGGGCGC,0.374270726144844
AGGGCGG,0.399369647868113
AGGGCGT,0.342979901779447
AGGGCTA,0.342767701965304
AGGGCTC,0.343971851850275
AGGGCTG,0.354876341930226
AGGGCTT,0.329765358058109
AGGGGAA,0.337217432389031
AGGGGAC,0.344200886663994
AGGGGAG,0.347766373109318
AGGGGAT,0.330805138597764
AGGGGCA,0.341815671383256
AGGGGCC,0.378394928585259
AGGGGCG,0.384667690963711
AGGGGCT,0.347296252098039
AGGGGGA,0.342490405316668
AGGGGGC,0.370835272253555
AGGGGGG,0.350310726757189
AGGGGGT,0.335043173528592
AGGGGTA,0.336246319303155
AGGGGTC,0.341904748644472
AGGGGTG,0.336508130568139
AGGGGTT,0.333037012447002
AGGGTAA,0.334387556737627
AGGGTAC,0.337251851715408
AGGGTAG,0.335419096594424
AGGGTAT,0.336742324664765
AGGGTCA,0.334625698858853
AGGGTCC,0.343585450371107
AGGGTCG,0.351305616744022
AGGGTCT,0.333403324908404
AGGGTGA,0.330472526438815
AGGGTGC,0.341702600354524
AGGGTGG,0.331805772479479
AGGGTGT,0.33386275364887
AGGGTTA,0.333234008466863
AGGGTTC,0.336484019238412
AGGGTTG,0.331937269265072
AGGGTTT,0.325807783984511
AGGTAAA,0.328200184126259
AGGTAAC,0.333192538845448
AGGTAAG,0.331684641719534
AGGTAAT,0.332774290705532
AGGTACA,0.332265935599048
AGGTACC,0.34335627454151
AGGTACG,0.33704531798455
AGGTACT,0.333614066549958
AGGTAGA,0.332594493946956
AGGTAGC,0.337127936595706
AGGTAGG,0.331508110626691
AGGTAGT,0.334698165640616
AGGTATA,0.33539495899202
AGGTATC,0.335746620745953
AGGTATG,0.333157979513872
AGGTATT,0.332757003960337
AGGTCAA,0.329820840321545
AGGTCAC,0.328981342086093
AGGTCAG,0.32358761293605
AGGTCAT,0.333361862308029
AGGTCCA,0.338232304834243
AGGTCCC,0.350351492549626
AGGTCCG,0.349936962868576
AGGTCCT,0.338105072223417
AGGTCGA,0.338435155785866
AGGTCGC,0.347793619724891
AGGTCGG,0.346454251415924
AGGTCGT,0.341671760582211
AGGTCTA,0.335463922024638
AGGTCTC,0.3408352974579
AGGTCTG,0.334701616308763
AGGTCTT,0.332400830509115
AGGTGAA,0.332577204093354
AGGTGAC,0.340145717848886
AGGTGAG,0.347115639619164
AGGTGAT,0.327460125241353
AGGTGCA,0.336652786339291
AGGTGCC,0.347371213736031
AGGTGCG,0.34906997254565
AGGTGCT,0.352336812371682
AGGTGGA,0.344033388744834
AGGTGGC,0.360850908226701
AGGTGGG,0.329099330679845
AGGTGGT,0.340739265119073
AGGTGTA,0.334646404189509
AGGTGTC,0.34584702564621
AGGTGTG,0.332895289555333
AGGTGTT,0.336084375396137
AGGTTAA,0.33016060203248
AGGTTAC,0.333565703542465
AGGTTAG,0.332725887065912
AGGTTAT,0.333057750697737
AGGTTCA,0.329463619362902
AGGTTCC,0.338617342749394
AGGTTCG,0.343780379513529
AGGTTCT,0.334649855036272
AGGTTGA,0.333672789914734
AGGTTGC,0.329345673745765
AGGTTGG,0.334839633271716
AGGTTGT,0.333752233684502
AGGTTTA,0.331044135271475
AGGTTTC,0.330271519635495
AGGTTTG,0.331611956220064
AGGTTTT,0.324236398608515
AGTAAAA,0.325309807132821
AGTAAAC,0.331099546632766
AGTAAAG,0.328981342086093
AGTAAAT,0.325581461611082
AGTAACA,0.333151067504233
AGTAACC,0.333987074010192
AGTAACG,0.337004006119144
AGTAACT,0.331006038179426
AGTAAGA,0.333213273871122
AGTAAGC,0.334256381783643
AGTAAGG,0.333648610123338
AGTAAGT,0.33140425424829
AGTAATA,0.331006038179426
AGTAATC,0.334560129150001
AGTAATG,0.33235932632101
AGTAATT,0.32917219903373
AGTACAA,0.332362785069147
AGTACAC,0.335488057962517
AGTACAG,0.333341130363143
AGTACAT,0.333797133893192
AGTACCA,0.337737038143387
AGTACCC,0.338160093717377
AGTACCG,0.339452228089265
AGTACCT,0.339380105013884
AGTACGA,0.339362932086356
AGTACGC,0.338906023925148
AGTACGG,0.338362959316137
AGTACGT,0.337657910324113
AGTACTA,0.335139754410796
AGTACTC,0.338796059970247
AGTACTG,0.334708517609336
AGTACTT,0.333192538845448
AGTAGAA,0.329571145891029
AGTAGAC,0.335474266069347
AGTAGAG,0.319079854936096
AGTAGAT,0.332027230788071
AGTAGCA,0.33370042324615
AGTAGCC,0.340927891337115
AGTAGCG,0.34086616303694
AGTAGCT,0.318203223090509
AGTAGGA,0.334546324452908
AGTAGGC,0.333645155819696
AGTAGGG,0.335763855888025
AGTAGGT,0.334535970805025
AGTAGTA,0.333983620875512
AGTAGTC,0.336694112716491
AGTAGTG,0.334722320067598
AGTAGTT,0.332137941553663
AGTATAA,0.333403324908404
AGTATAC,0.33534668203927
AGTATAG,0.334615346032757
AGTATAT,0.332649819469696
AGTATCA,0.334487652364125
AGTATCC,0.33573972660595
AGTATCG,0.337730157711999
AGTATCT,0.335084566477444
AGTATGA,0.335367372447265
AGTATGC,0.33665623026929
AGTATGG,0.336380678382901
AGTATGT,0.333576067240977
AGTATTA,0.331812693794036
AGTATTC,0.334736122335356
AGTATTG,0.335036274537202
AGTATTT,0.324065522786574
AGTCAAA,0.330985257335641
AGTCAAC,0.336521908209827
AGTCAAG,0.331681180625071
AGTCAAT,0.33508801581251
AGTCACA,0.330957548872155
AGTCACC,0.335732832418417
AGTCACG,0.337485871722056
AGTCACT,0.330791281966359
AGTCAGA,0.336046469843113
AGTCAGC,0.341222762856675
AGTCAGG,0.329574614296219
AGTCAGT,0.33311650673938
AGTCATA,0.335070769018201
AGTCATC,0.333386049033838
AGTCATG,0.339146527927869
AGTCATT,0.331234598963933
AGTCCAA,0.333085401029728
AGTCCAC,0.338847607079715
AGTCCAG,0.336435794834821
AGTCCAT,0.338885406604659
AGTCCCA,0.329397710291691
AGTCCCC,0.34746661133082
AGTCCCG,0.361711107585351
AGTCCCT,0.337496194872865
AGTCCGA,0.343150997868576
AGTCCGC,0.356407099562211
AGTCCGG,0.356842582372592
AGTCCGT,0.342962790560361
AGTCCTA,0.332815777674807
AGTCCTC,0.339987836722188
AGTCCTG,0.338510784592592
AGTCCTT,0.330902129641798
AGTCGAA,0.338414528754951
AGTCGAC,0.340025593172369
AGTCGAG,0.340999902871748
AGTCGAT,0.337995020152569
AGTCGCA,0.340029025506243
AGTCGCC,0.354835760183897
AGTCGCG,0.357075437214092
AGTCGCT,0.341973264215654
AGTCGGA,0.347480238815763
AGTCGGC,0.362107356725332
AGTCGGG,0.350297137790401
AGTCGGT,0.346311006658517
AGTCGTA,0.337396399950773
AGTCGTC,0.342315771673494
AGTCGTG,0.338627654226522
AGTCGTT,0.337853998234485
AGTCTAA,0.334242572892743
AGTCTAC,0.336225647073127
AGTCTAG,0.335443233614217
AGTCTAT,0.335005228486932
AGTCTCA,0.328450221070233
AGTCTCC,0.33650124167611
AGTCTCG,0.337630386136644
AGTCTCT,0.330735853520597
AGTCTGA,0.334853433920392
AGTCTGC,0.345031125304096
AGTCTGG,0.337496194872865
AGTCTGT,0.33577074986168
AGTCTTA,0.333759141540138
AGTCTTC,0.332853805884702
AGTCTTG,0.33145272190049
AGTCTTT,0.329310981210753
AGTGAAA,0.323238629371266
AGTGAAC,0.332577204093354
AGTGAAG,0.334235668375786
AGTGAAT,0.33274317434902
AGTGACA,0.332874547935129
AGTGACC,0.339620495038928
AGTGACG,0.338345768912203
AGTGACT,0.33200301117416
AGTGAGA,0.331151491995561
AGTGAGC,0.334197692680353
AGTGAGG,0.345679803248124
AGTGAGT,0.336632122510223
AGTGATA,0.33449800651229
AGTGATC,0.330711602609444
AGTGATG,0.333227096982719
AGTGATT,0.326994267475719
AGTGCAA,0.331701947012164
AGTGCAC,0.337152032404913
AGTGCAG,0.325170468512991
AGTGCAT,0.337623504971403
AGTGCCA,0.338689520856535
AGTGCCC,0.342538338629388
AGTGCCG,0.353319528680581
AGTGCCT,0.335887940142795
AGTGCGA,0.34047512862538
AGTGCGC,0.353685259134241
AGTGCGG,0.360006790620234
AGTGCGT,0.340430527267761
AGTGCTA,0.336018901265686
AGTGCTC,0.340626072307557
AGTGCTG,0.33192688856854
AGTGCTT,0.330313110565037
AGTGGAA,0.330881346638571
AGTGGAC,0.342702663975022
AGTGGAG,0.340914174266364
AGTGGAT,0.335015577277451
AGTGGCA,0.329879786853758
AGTGGCC,0.355545703085914
AGTGGCG,0.35671769584548
AGTGGCT,0.34059176892585
AGTGGGA,0.338954129353289
AGTGGGC,0.35299771072298
AGTGGGG,0.334953482927815
AGTGGGT,0.333831671143459
AGTGGTA,0.337361985599374
AGTGGTC,0.342069178129428
AGTGGTG,0.339170575147127
AGTGGTT,0.335077667771619
AGTGTAA,0.331241524232876
AGTGTAC,0.33639445778068
AGTGTAG,0.335174245322556
AGTGTAT,0.332110265011325
AGTGTCA,0.331660413806726
AGTGTCC,0.338552034258325
AGTGTCG,0.342493829200916
AGTGTCT,0.332355867560911
AGTGTGA,0.338211673618648
AGTGTGC,0.343239956267234
AGTGTGG,0.33985739437926
AGTGTGT,0.330191798851835
AGTGTTA,0.332214048095686
AGTGTTC,0.335308748512725
AGTGTTG,0.329206896383698
AGTGTTT,0.327581768771407
AGTTAAA,0.327456649494486
AGTTAAC,0.331947649853846
AGTTAAG,0.331539265437029
AGTTAAT,0.33029578122128
AGTTACA,0.330777425142945
AGTTACC,0.33357261268674
AGTTACG,0.336745768286414
AGTTACT,0.328804333088904
AGTTAGA,0.331753861093287
AGTTAGC,0.334808581115817
AGTTAGG,0.331982251038206
AGTTAGT,0.332947141723729
AGTTATA,0.333399869757367
AGTTATC,0.33388002128998
AGTTATG,0.334535970805025
AGTTATT,0.330153669273786
AGTTCAA,0.328130718323062
AGTTCAC,0.338294195927269
AGTTCAG,0.330465595842288
AGTTCAT,0.333717693690527
AGTTCCA,0.333130331188655
AGTTCCC,0.340787282441262
AGTTCCG,0.346716813523815
AGTTCCT,0.336242873961159
AGTTCGA,0.331380019541244
AGTTCGC,0.340258965043056
AGTTCGG,0.343493102250252
AGTTCGT,0.342500676934245
AGTTCTA,0.334080304139529
AGTTCTC,0.335184592364112
AGTTCTG,0.33458083583833
AGTTCTT,0.331248449453861
AGTTGAA,0.329255470651181
AGTTGAC,0.335415648401179
AGTTGAG,0.332566830037701
AGTTGAT,0.33262215709094
AGTTGCA,0.333904195486618
AGTTGCC,0.336752655494137
AGTTGCG,0.344918417286601
AGTTGCT,0.335698360767787
AGTTGGA,0.332037610443038
AGTTGGC,0.343869281943508
AGTTGGG,0.333886928262937
AGTTGGT,0.334963832253849
AGTTGTA,0.331376557392292
AGTTGTC,0.336036131715644
AGTTGTG,0.334653305871126
AGTTGTT,0.331632724044733
AGTTTAA,0.327414939589752
AGTTTAC,0.334101020765725
AGTTTAG,0.33202377087914
AGTTTAT,0.327786791517808
AGTTTCA,0.32774509538128
AGTTTCC,0.330375493716145
AGTTTCG,0.335653545845393
AGTTTCT,0.328398135195591
AGTTTGA,0.328203657289753
AGTTTGC,0.338459220117526
AGTTTGG,0.331127251162047
AGTTTGT,0.33117573224147
AGTTTTA,0.323186271330613
AGTTTTC,0.323273533208783
AGTTTTG,0.324229424656707
AGTTTTT,0.317494342804971
ATAAAAA,0.3149248305727
ATAAAAC,0.328773092954312
ATAAAAG,0.32897787162258
ATAAAAT,0.319545910100504
ATAAACA,0.328797390921113
ATAAACC,0.333126875094253
ATAAACG,0.334884484683568
ATAAACT,0.330825923184867
ATAAAGA,0.32683777401305
ATAAAGC,0.33236624380532
ATAAAGG,0.333023186707578
ATAAAGT,0.329022986708831
ATAAATA,0.31708001178933
ATAAATC,0.332286689846569
ATAAATG,0.324187579924474
ATAAATT,0.326469048151101
ATAACAA,0.332300525772287
ATAACAC,0.333859300084867
ATAACAG,0.333883474782422
ATAACAT,0.333161435500776
ATAACCA,0.332480375388404
ATAACCC,0.333278931949481
ATAACCG,0.336955806785695
ATAACCT,0.334035416643728
ATAACGA,0.336077483584277
ATAACGC,0.336993677886119
ATAACGG,0.338077560341134
ATAACGT,0.336294552844736
ATAACTA,0.33458083583833
ATAACTC,0.335422544775778
ATAACTG,0.334066492816961
ATAACTT,0.330181400020188
ATAAGAA,0.33054182976239
ATAAGAC,0.334069945665486
ATAAGAG,0.332808863299452
ATAAGAT,0.333054294352481
ATAAGCA,0.331940729473303
ATAAGCC,0.334311615440466
ATAAGCG,0.336914491222172
ATAAGCT,0.336153290902533
ATAAGGA,0.33196841070813
ATAAGGC,0.337124494289851
ATAAGGG,0.332172536154445
ATAAGGT,0.333741871811575
ATAAGTA,0.332978251734266
ATAAGTC,0.335222530600542
ATAAGTG,0.33325128696824
ATAAGTT,0.333430965686936
ATAATAA,0.321743602057459
ATAATAC,0.333216729666935
ATAATAG,0.331868062585992
ATAATAT,0.330818995037166
ATAATCA,0.333126875094253
ATAATCC,0.333009360776999
ATAATCG,0.336814638229222
ATAATCT,0.333372228119294
ATAATGA,0.332708599483948
ATAATGC,0.333348041059196
ATAATGG,0.334335779206039
ATAATGT,0.331224210970592
ATAATTA,0.328415497455244
ATAATTC,0.330475991719066
ATAATTG,0.330915984737323
ATAATTT,0.323824852213017
ATACAAA,0.319307653394255
ATACAAC,0.333886928262937
ATACAAG,0.333330764229518
ATACAAT,0.332407747706327
ATACACA,0.329612765959363
ATACACC,0.335874153763693
ATACACG,0.336473685633418
ATACACT,0.334718869470893
ATACAGA,0.33131769902611
ATACAGC,0.335157000015379
ATACAGG,0.332905660204106
ATACAGT,0.33338259382311
ATACATA,0.330895202022048
ATACATC,0.335646651063686
ATACATG,0.3330715759593
ATACATT,0.329140970389385
ATACCAA,0.334325423378004
ATACCAC,0.335598386260627
ATACCAG,0.333406780047503
ATACCAT,0.333413690289886
ATACCCA,0.333489699804679
ATACCCC,0.337348219527191
ATACCCG,0.337300036782144
ATACCCT,0.334025057704706
ATACCGA,0.336735437385891
ATACCGC,0.336608014169958
ATACCGG,0.337289711606156
ATACCGT,0.336080929496144
ATACCTA,0.334283998993399
ATACCTC,0.334691264268601
ATACCTG,0.335963761830648
ATACCTT,0.332573746086761
ATACGAA,0.336043023812499
ATACGAC,0.337286269857136
ATACGAG,0.336900718988327
ATACGAT,0.337465225100731
ATACGCA,0.336318668743126
ATACGCC,0.338197919238443
ATACGCG,0.337503076914201
ATACGCT,0.336645898443712
ATACGGA,0.337131378889712
ATACGGC,0.337771439590237
ATACGGG,0.337468666233888
ATACGGT,0.335856920522532
ATACGTA,0.335881046977002
ATACGTC,0.337410165359722
ATACGTG,0.336487463749681
ATACGTT,0.336080929496144
ATACTAA,0.334256381783643
ATACTAC,0.335132856085687
ATACTAG,0.335436337382296
ATACTAT,0.334428976832727
ATACTCA,0.334563580294498
ATACTCC,0.334894834723708
ATACTCG,0.337076300763642
ATACTCT,0.334853433920392
ATACTGA,0.332286689846569
ATACTGC,0.336291107668918
ATACTGG,0.335501849665474
ATACTGT,0.33203415057002
ATACTTA,0.33132462371959
ATACTTC,0.333945635607011
ATACTTG,0.332891832648508
ATACTTT,0.3296058294016
ATAGAAA,0.327143782795144
ATAGAAC,0.334363394223177
ATAGAAG,0.332220966585026
ATAGAAT,0.332269394670214
ATAGACA,0.333392959419479
ATAGACC,0.336484019238412
ATAGACG,0.337523722754037
ATAGACT,0.334201145075895
ATAGAGA,0.331054525135599
ATAGAGC,0.335563909975025
ATAGAGG,0.33196841070813
ATAGAGT,0.334463492268145
ATAGATA,0.334749924412614
ATAGATC,0.335608728914533
ATAGATG,0.332853805884702
ATAGATT,0.333175259328954
ATAGCAA,0.331310774284679
ATAGCAC,0.334059587084145
ATAGCAG,0.334315067442725
ATAGCAT,0.333002447740026
ATAGCCA,0.333869660741094
ATAGCCC,0.33840077716463
ATAGCCG,0.339785300520852
ATAGCCT,0.333427510631401
ATAGCGA,0.336845628156127
ATAGCGC,0.338772003743145
ATAGCGG,0.33962736247631
ATAGCGT,0.337010891548565
ATAGCTA,0.335315645624581
ATAGCTC,0.334856884052802
ATAGCTG,0.333050837995278
ATAGCTT,0.333389504232628
ATAGGAA,0.329602361104675
ATAGGAC,0.334922434307046
ATAGGAG,0.333721147743611
ATAGGAT,0.334736122335356
ATAGGCA,0.332940228256619
ATAGGCC,0.335646651063686
ATAGGCG,0.337303478483782
ATAGGCT,0.335025925960874
ATAGGGA,0.330531434570037
ATAGGGC,0.336318668743126
ATAGGGG,0.335091465135677
ATAGGGT,0.334380653221644
ATAGGTA,0.334073398502089
ATAGGTC,0.33647024107469
ATAGGTG,0.333258198285199
ATAGGTT,0.33388002128998
ATAGTAA,0.331466569369659
ATAGTAC,0.336422016006634
ATAGTAG,0.333693514984883
ATAGTAT,0.333620975360096
ATAGTCA,0.334967282005392
ATAGTCC,0.336711331536278
ATAGTCG,0.337640707795724
ATAGTCT,0.334228763811156
ATAGTGA,0.332155239003652
ATAGTGC,0.337310361851523
ATAGTGG,0.334549775645047
ATAGTGT,0.333354951707491
ATAGTTA,0.333945635607011
ATAGTTC,0.334204597459518
ATAGTTG,0.33381785638649
ATAGTTT,0.330091272282604
ATATAAA,0.327164643620705
ATATAAC,0.33512595771299
ATATAAG,0.33463605157777
ATATAAT,0.329439337578902
ATATACA,0.331196509127444
ATATACC,0.336311778545788
ATATACG,0.336728550059582
ATATACT,0.334294355250424
ATATAGA,0.333375683365838
ATATAGC,0.335774196830685
ATATAGG,0.334508360553247
ATATAGT,0.332822692002353
ATATATA,0.316278953360979
ATATATC,0.334391008477747
ATATATG,0.331158417840064
ATATATT,0.325988805010778
ATATCAA,0.334139000132449
ATATCAC,0.335353578889501
ATATCAG,0.334176978056796
ATATCAT,0.333762595450062
ATATCCA,0.335015577277451
ATATCCC,0.3353742691548
ATATCCG,0.337179569761648
ATATCCT,0.332822692002353
ATATCGA,0.336900718988327
ATATCGC,0.337262177282311
ATATCGG,0.33766479125261
ATATCGT,0.337155474615975
ATATCTA,0.334570482547761
ATATCTC,0.334546324452908
ATATCTG,0.33479132950144
ATATCTT,0.332179454930989
ATATGAA,0.331881904304979
ATATGAC,0.334960382490405
ATATGAG,0.334404815319082
ATATGAT,0.334532519565242
ATATGCA,0.333299665183887
ATATGCC,0.334190787853511
ATATGCG,0.337461783955732
ATATGCT,0.333662427218584
ATATGGA,0.334145905316884
ATATGGC,0.336563239995987
ATATGGG,0.334894834723708
ATATGGT,0.333375683365838
ATATGTA,0.329983801670324
ATATGTC,0.334321971411493
ATATGTG,0.330659634390815
ATATGTT,0.332663650372127
ATATTAA,0.328811275208502
ATATTAC,0.333759141540138
ATATTAG,0.333486244952069
ATATTAT,0.330455199857434
ATATTCA,0.331210360144942
ATATTCC,0.33377986482074
ATATTCG,0.336711331536278
ATATTCT,0.331992631160055
ATATTGA,0.333475880322619
ATATTGC,0.334918984400786
ATATTGG,0.332940228256619
ATATTGT,0.332902203333132
ATATTTA,0.322683494610527
ATATTTC,0.328418969871001
ATATTTG,0.327498357659577
ATATTTT,0.315452628935304
ATCAAAA,0.331293462221308
ATCAAAC,0.334670559866777
ATCAAAG,0.333037012447002
ATCAAAT,0.333351496389313
ATCAACA,0.333710785548568
ATCAACC,0.338228866327869
ATCAACG,0.337430813117865
ATCAACT,0.334908634610594
ATCAAGA,0.333838578450376
ATCAAGC,0.337331011670466
ATCAAGG,0.336318668743126
ATCAAGT,0.335360475692166
ATCAATA,0.333386049033838
ATCAATC,0.336215310797858
ATCAATG,0.334501457871187
ATCAATT,0.333652064415047
ATCACAA,0.332922944379731
ATCACAC,0.332089507101879
ATCACAG,0.330784353578654
ATCACAT,0.333648610123338
ATCACCA,0.333686606675892
ATCACCC,0.335846580435282
ATCACCG,0.340996473868637
ATCACCT,0.330406683832388
ATCACGA,0.33336531759039
ATCACGC,0.336160182191965
ATCACGG,0.33729659506866
ATCACGT,0.336201528931304
ATCACTA,0.334208049831222
ATCACTC,0.333202906412028
ATCACTG,0.332255558313759
ATCACTT,0.325257557425583
ATCAGAA,0.33332385341407
ATCAGAC,0.335201837195462
ATCAGAG,0.332162157899872
ATCAGAT,0.332677481083266
ATCAGCA,0.336869730768663
ATCAGCC,0.337358544099095
ATCAGCG,0.343729086054629
ATCAGCT,0.333496609474093
ATCAGGA,0.330992184331553
ATCAGGC,0.334701616308763
ATCAGGG,0.334335779206039
ATCAGGT,0.332960968514565
ATCAGTA,0.333403324908404
ATCAGTC,0.334028510696303
ATCAGTG,0.330992184331553
ATCAGTT,0.332051449815406
ATCATAA,0.33327547636862
ATCATAC,0.334646404189509
ATCATAG,0.335743173681893
ATCATAT,0.334749924412614
ATCATCA,0.33411828429305
ATCATCC,0.33579143149749
ATCATCG,0.339070947188189
ATCATCT,0.332283230835227
ATCATGA,0.337967505242338
ATCATGC,0.337303478483782
ATCATGG,0.342682124783474
ATCATGT,0.337179569761648
ATCATTA,0.332414664855692
ATCATTC,0.331418102388626
ATCATTG,0.335129406905287
ATCATTT,0.32595747679339
ATCCAAA,0.33218291430131
ATCCAAC,0.333161435500776
ATCCAAG,0.334304711400199
ATCCAAT,0.335105262309372
ATCCACA,0.33552253686327
ATCCACC,0.329893656121086
ATCCACG,0.335670782591685
ATCCACT,0.334384104985593
ATCCAGA,0.333741871811575
ATCCAGC,0.339891722961317
ATCCAGG,0.337355102586971
ATCCAGT,0.332995534655262
ATCCATA,0.333883474782422
ATCCATC,0.331798851117017
ATCCATG,0.335746620745953
ATCCATT,0.331778086742196
ATCCCAA,0.331584265116241
ATCCCAC,0.331535803839367
ATCCCAG,0.309539469589101
ATCCCAT,0.335056971368585
ATCCCCA,0.335698360767787
ATCCCCC,0.33555356685756
ATCCCCG,0.346007396369983
ATCCCCT,0.332546081603525
ATCCCGA,0.342106856078748
ATCCCGC,0.345512552882031
ATCCCGG,0.351400639761412
ATCCCGT,0.341921877977371
ATCCCTA,0.33441862196979
ATCCCTC,0.331549650158118
ATCCCTG,0.333828217472109
ATCCCTT,0.330829387240718
ATCCGAA,0.337964065825327
ATCCGAC,0.33738951717524
ATCCGAG,0.347027025343081
ATCCGAT,0.338369835394969
ATCCGCA,0.345775362328227
ATCCGCC,0.337024662265181
ATCCGCG,0.347323511525656
ATCCGCT,0.340097669709858
ATCCGGA,0.339548384098894
ATCCGGC,0.347858327461721
ATCCGGG,0.347078149922223
ATCCGGT,0.342510948446316
ATCCGTA,0.338046608568801
ATCCGTC,0.339228973129382
ATCCGTG,0.340814719875925
ATCCGTT,0.336663118093705
ATCCTAA,0.333016273766183
ATCCTAC,0.333482790087522
ATCCTAG,0.331109935921193
ATCCTAT,0.333562248952427
ATCCTCA,0.331684641719534
ATCCTCC,0.329748019219478
ATCCTCG,0.340077076943532
ATCCTCT,0.335787984587891
ATCCTGA,0.336297998008684
ATCCTGC,0.3443068402478
ATCCTGG,0.337833359212408
ATCCTGT,0.335315645624581
ATCCTTA,0.332615241376686
ATCCTTC,0.332404289113702
ATCCTTG,0.333368772860811
ATCCTTT,0.326542108414619
ATCGAAA,0.336260100552432
ATCGAAC,0.337764559395543
ATCGAAG,0.336766429767284
ATCGAAT,0.337069415784578
ATCGACA,0.338015655838427
ATCGACC,0.339696034256354
ATCGACG,0.338964437358252
ATCGACT,0.337561572353371
ATCGAGA,0.340029025506243
ATCGAGC,0.344241902286229
ATCGAGG,0.341267328894292
ATCGAGT,0.338466095534495
ATCGATA,0.336845628156127
ATCGATC,0.337461783955732
ATCGATG,0.337368868564403
ATCGATT,0.336373788612809
ATCGCAA,0.337324128444864
ATCGCAC,0.33579143149749
ATCGCAG,0.340389355018096
ATCGCAT,0.336132616749291
ATCGCCA,0.339785300520852
ATCGCCC,0.341801966484927
ATCGCCG,0.351987546105056
ATCGCCT,0.339620495038928
ATCGCGA,0.33963422986653
ATCGCGC,0.340375630558165
ATCGCGG,0.346085866288941
ATCGCGT,0.33893694910889
ATCGCTA,0.336673449741375
ATCGCTC,0.338297634209014
ATCGCTG,0.341407870312283
ATCGCTT,0.327654747787442
ATCGGAA,0.337915912745024
ATCGGAC,0.338221989279651
ATCGGAG,0.343735925334499
ATCGGAT,0.337805839853669
ATCGGCA,0.339689167290557
ATCGGCC,0.345768536982471
ATCGGCG,0.348341800114867
ATCGGCT,0.344033388744834
ATCGGGA,0.341548391981159
ATCGGGC,0.341668333882132
ATCGGGG,0.345502312154908
ATCGGGT,0.339606760022679
ATCGGTA,0.339143092563626
ATCGGTC,0.339088125130642
ATCGGTG,0.339294237426997
ATCGGTT,0.337547809028458
ATCGTAA,0.337331011670466
ATCGTAC,0.33743425436944
ATCGTAG,0.336580461069376
ATCGTAT,0.33665623026929
ATCGTCA,0.337857438030084
ATCGTCC,0.342058902078681
ATCGTCG,0.33990202130614
ATCGTCT,0.339503741387129
ATCGTGA,0.338871661488177
ATCGTGC,0.340286416977023
ATCGTGG,0.342935412000798
ATCGTGT,0.336652786339291
ATCGTTA,0.337358544099095
ATCGTTC,0.337134821171868
ATCGTTG,0.336391012949036
ATCGTTT,0.334525617049943
ATCTAAA,0.332224425811746
ATCTAAC,0.33558459588902
ATCTAAG,0.333137243341625
ATCTAAT,0.333223641222733
ATCTACA,0.33480168050578
ATCTACC,0.336463351921639
ATCTACG,0.337410165359722
ATCTACT,0.33597410070631
ATCTAGA,0.333462060649579
ATCTAGC,0.337798959895652
ATCTAGG,0.33565699321842
ATCTAGT,0.333420600484519
ATCTATA,0.334584286911366
ATCTATC,0.335836240241113
ATCTATG,0.336156736553185
ATCTATT,0.332850348834469
ATCTCAA,0.328585631649116
ATCTCAC,0.332418123412432
ATCTCAG,0.326629077959662
ATCTCAT,0.332542623489308
ATCTCCA,0.330507178700971
ATCTCCC,0.338840734285305
ATCTCCG,0.336670005870678
ATCTCCT,0.331449260003236
ATCTCGA,0.336049915861853
ATCTCGC,0.338421404479198
ATCTCGG,0.331210360144942
ATCTCGT,0.336091267160501
ATCTCTA,0.328474526883335
ATCTCTC,0.330742782244336
ATCTCTG,0.328425914666343
ATCTCTT,0.329123620721122
ATCTGAA,0.32764779763442
ATCTGAC,0.335036274537202
ATCTGAG,0.330153669273786
ATCTGAT,0.333126875094253
ATCTGCA,0.334335779206039
ATCTGCC,0.331328086048348
ATCTGCG,0.341479847292431
ATCTGCT,0.336163627818873
ATCTGGA,0.334891384722231
ATCTGGC,0.334573933656527
ATCTGGG,0.332618699239792
ATCTGGT,0.334501457871187
ATCTGTA,0.328710609757137
ATCTGTC,0.334915534482624
ATCTGTG,0.329009105360614
ATCTGTT,0.332044530153163
ATCTTAA,0.33083631531642
ATCTTAC,0.333137243341625
ATCTTAG,0.33534668203927
ATCTTAT,0.332801948876288
ATCTTCA,0.334780978389956
ATCTTCC,0.333973261399925
ATCTTCG,0.342370561981894
ATCTTCT,0.3336831525035
ATCTTGA,0.331715791030651
ATCTTGC,0.339301107105289
ATCTTGG,0.331985711090794
ATCTTGT,0.332508041689403
ATCTTTA,0.329883254188623
ATCTTTC,0.331137640162649
ATCTTTG,0.329598892795721
ATCTTTT,0.327974402620394
ATGAAAA,0.324236398608515
ATGAAAC,0.332272853729415
ATGAAAG,0.328370354953118
ATGAAAT,0.326141951058128
ATGAACA,0.332279771811922
ATGAACC,0.336211865349026
ATGAACG,0.337172685493555
ATGAACT,0.333341130363143
ATGAAGA,0.331888825092625
ATGAAGC,0.339455662391681
ATGAAGG,0.337028104914705
ATGAAGT,0.333911102292607
ATGAATA,0.329751487011256
ATGAATC,0.334242572892743
ATGAATG,0.325748596925365
ATGAATT,0.330073939094075
ATGACAA,0.333482790087522
ATGACAC,0.333797133893192
ATGACAG,0.331009501611406
ATGACAT,0.332954055143045
ATGACCA,0.339740668384661
ATGACCC,0.338166971191266
ATGACCG,0.341949284299723
ATGACCT,0.337534045514113
ATGACGA,0.33908125398907
ATGACGC,0.337021219603805
ATGACGG,0.340962183190821
ATGACGT,0.337898714654394
ATGACTA,0.336339339050298
ATGACTC,0.332075668256194
ATGACTG,0.33274317434902
ATGACTT,0.329234653396887
ATGAGAA,0.329196487305117
ATGAGAC,0.334128642266393
ATGAGAG,0.332812320493105
ATGAGAT,0.330354699764846
ATGAGCA,0.337103840205877
ATGAGCC,0.33993291570429
ATGAGCG,0.347752749523134
ATGAGCT,0.339246148357512
ATGAGGA,0.334401363626619
ATGAGGC,0.343517045174563
ATGAGGG,0.333648610123338
ATGAGGT,0.333893835188188
ATGAGTA,0.330964476060004
ATGAGTC,0.335129406905287
ATGAGTG,0.332753546575438
ATGAGTT,0.334069945665486
ATGATAA,0.331753861093287
ATGATAC,0.335432889248501
ATGATAG,0.334246025133345
ATGATAT,0.33508801581251
ATGATCA,0.334349586809931
ATGATCC,0.336360008930217
ATGATCG,0.339191186589104
ATGATCT,0.333945635607011
ATGATGA,0.336670005870678
ATGATGC,0.337134821171868
ATGATGG,0.337767999498807
ATGATGT,0.33427019048386
ATGATTA,0.333171803389825
ATGATTC,0.335425992945242
ATGATTG,0.332186373659664
ATGATTT,0.328148085226257
ATGCAAA,0.328641179403249
ATGCAAC,0.335360475692166
ATGCAAG,0.333800587671896
ATGCAAT,0.334159715542711
ATGCACA,0.333005904264487
ATGCACC,0.337475548464679
ATGCACG,0.338273565988536
ATGCACT,0.335201837195462
ATGCAGA,0.329706404780131
ATGCAGC,0.341353027230864
ATGCAGG,0.338001898761837
ATGCAGT,0.333669335694616
ATGCATA,0.332978251734266
ATGCATC,0.334491103758759
ATGCATG,0.33327547636862
ATGCATT,0.330552224846684
ATGCCAA,0.334698165640616
ATGCCAC,0.332362785069147
ATGCCAG,0.331667336127426
ATGCCAT,0.332857262922984
ATGCCCA,0.333330764229518
ATGCCCC,0.338132583348818
ATGCCCG,0.345577408385216
ATGCCCT,0.336473685633418
ATGCCGA,0.340423665343868
ATGCCGC,0.347296252098039
ATGCCGG,0.348014970960549
ATGCCGT,0.343041499743937
ATGCCTA,0.334629149777068
ATGCCTC,0.336322113823993
ATGCCTG,0.329484431851349
ATGCCTT,0.332584120070668
ATGCGAA,0.336873173951602
ATGCGAC,0.340728975392911
ATGCGAG,0.340958754058367
ATGCGAT,0.337048760562965
ATGCGCA,0.336845628156127
ATGCGCC,0.341825949933745
ATGCGCG,0.343571769706135
ATGCGCT,0.338868225179536
ATGCGGA,0.344477709472891
ATGCGGC,0.352746959695515
ATGCGGG,0.345826550936539
ATGCGGT,0.338122266765487
ATGCGTA,0.336942035120851
ATGCGTC,0.338699831589432
ATGCGTG,0.339160269266825
ATGCGTT,0.337368868564403
ATGCTAA,0.332041070304086
ATGCTAC,0.336036131715644
ATGCTAG,0.334780978389956
ATGCTAT,0.335139754410796
ATGCTCA,0.334953482927815
ATGCTCC,0.341017047710933
ATGCTCG,0.34001186371906
ATGCTCT,0.332310902590949
ATGCTGA,0.335894833261073
ATGCTGC,0.355092750101091
ATGCTGG,0.343906892130891
ATGCTGT,0.335760408883374
ATGCTTA,0.332833063404033
ATGCTTC,0.333859300084867
ATGCTTG,0.332075668256194
ATGCTTT,0.328325210413055
ATGGAAA,0.32440375886276
ATGGAAC,0.33527426223987
ATGGAAG,0.332687853991089
ATGGAAT,0.330032338215773
ATGGACA,0.333800587671896
ATGGACC,0.343780379513529
ATGGACG,0.348307760394742
ATGGACT,0.339517477818404
ATGGAGA,0.341277613082463
ATGGAGC,0.365546107611289
ATGGAGG,0.354223452334207
ATGGAGT,0.333859300084867
ATGGATA,0.336449573473154
ATGGATC,0.337633826701508
ATGGATG,0.333686606675892
ATGGATT,0.334242572892743
ATGGCAA,0.332805406093846
ATGGCAC,0.334401363626619
ATGGCAG,0.34495940349003
ATGGCAT,0.335750067798131
ATGGCCA,0.347694847211141
ATGGCCC,0.35832989522129
ATGGCCG,0.369892946976168
ATGGCCT,0.342534914897531
ATGGCGA,0.350942409865691
ATGGCGC,0.362936285517925
ATGGCGG,0.422875062073971
ATGGCGT,0.350266561939949
ATGGCTA,0.336497797212299
ATGGCTC,0.344460623864156
ATGGCTG,0.361425576563821
ATGGCTT,0.335201837195462
ATGGGAA,0.329883254188623
ATGGGAC,0.335415648401179
ATGGGAG,0.331591187964084
ATGGGAT,0.331563496285151
ATGGGCA,0.342606810805025
ATGGGCC,0.357011323174405
ATGGGCG,0.350572278382895
ATGGGCT,0.339775000973921
ATGGGGA,0.333213273871122
ATGGGGC,0.355045414815352
ATGGGGG,0.334577384753384
ATGGGGT,0.327585244083419
ATGGGTA,0.334466943746166
ATGGGTC,0.338204796452193
ATGGGTG,0.335529432500767
ATGGGTT,0.331809233142745
ATGGTAA,0.332750089178586
ATGGTAC,0.33565699321842
ATGGTAG,0.33482583243258
ATGGTAT,0.334128642266393
ATGGTCA,0.334777527995651
ATGGTCC,0.33969946772157
ATGGTCG,0.34136331053774
ATGGTCT,0.334908634610594
ATGGTGA,0.334532519565242
ATGGTGC,0.346546326497262
ATGGTGG,0.337977823422394
ATGGTGT,0.341812245176282
ATGGTTA,0.33213102248989
ATGGTTC,0.335991331928212
ATGGTTG,0.33710728258283
ATGGTTT,0.329692532915504
ATGTAAA,0.326983835340091
ATGTAAC,0.336039577770009
ATGTAAG,0.332853805884702
ATGTAAT,0.330770496659233
ATGTACA,0.334080304139529
ATGTACC,0.335463922024638
ATGTACG,0.338098194323806
ATGTACT,0.334663658304241
ATGTAGA,0.334491103758759
ATGTAGC,0.335663887928821
ATGTAGG,0.333783318659088
ATGTAGT,0.332819234844556
ATGTATA,0.331535803839367
ATGTATC,0.334718869470893
ATGTATG,0.331594649370034
ATGTATT,0.329793099574613
ATGTCAA,0.333475880322619
ATGTCAC,0.331840378573227
ATGTCAG,0.334442783149852
ATGTCAT,0.332276312776651
ATGTCCA,0.334774077589441
ATGTCCC,0.337392958568928
ATGTCCG,0.345297475586147
ATGTCCT,0.334849983776078
ATGTCGA,0.338957565366749
ATGTCGC,0.341915026279421
ATGTCGG,0.351865443683685
ATGTCGT,0.33813946101191
ATGTCTA,0.335053521926435
ATGTCTC,0.334774077589441
ATGTCTG,0.337437695609173
ATGTCTT,0.332162157899872
ATGTGAA,0.328859868696329
ATGTGAC,0.33767167213376
ATGTGAG,0.331829996870848
ATGTGAT,0.33274317434902
ATGTGCA,0.331632724044733
ATGTGCC,0.337946868562826
ATGTGCG,0.338964437358252
ATGTGCT,0.336222201659908
ATGTGGA,0.33710728258283
ATGTGGC,0.339393843143575
ATGTGGG,0.334950033128668
ATGTGGT,0.335798325281043
ATGTGTA,0.332127562940051
ATGTGTC,0.335298402755744
ATGTGTG,0.327838909243725
ATGTGTT,0.330115538241817
ATGTTAA,0.328800862011033
ATGTTAC,0.335677677207012
ATGTTAG,0.331719252005326
ATGTTAT,0.331355784246863
ATGTTCA,0.333192538845448
ATGTTCC,0.342613657764731
ATGTTCG,0.338074121302628
ATGTTCT,0.335681124496851
ATGTTGA,0.33021952854091
ATGTTGC,0.33200301117416
ATGTTGG,0.324463025570102
ATGTTGT,0.333928369098878
ATGTTTA,0.3273037046711
ATGTTTC,0.330818995037166
ATGTTTG,0.332172536154445
ATGTTTT,0.322400571578995
ATTAAAA,0.315040970116229
ATTAAAC,0.331629262770573
ATTAAAG,0.32902992731068
ATTAAAT,0.322774292442937
ATTAACA,0.332137941553663
ATTAACC,0.3330715759593
ATTAACG,0.336029239571287
ATTAACT,0.331293462221308
ATTAAGA,0.330448269140822
ATTAAGC,0.333368772860811
ATTAAGG,0.332144860569563
ATTAAGT,0.332082587702976
ATTAATA,0.327863229919621
ATTAATC,0.333762595450062
ATTAATG,0.330915984737323
ATTAATT,0.32771382213791
ATTACAA,0.330247257461071
ATTACAC,0.333040468851991
ATTACAG,0.301064118266035
ATTACAT,0.330562619822921
ATTACCA,0.33338259382311
ATTACCC,0.334328875332598
ATTACCG,0.337637267254535
ATTACCT,0.332124103378243
ATTACGA,0.33672510637864
ATTACGC,0.337468666233888
ATTACGG,0.33567422990529
ATTACGT,0.336080929496144
ATTACTA,0.332784662609211
ATTACTC,0.334384104985593
ATTACTG,0.332442332974693
ATTACTT,0.330964476060004
ATTAGAA,0.330320042218455
ATTAGAC,0.335029375498216
ATTAGAG,0.332504583443637
ATTAGAT,0.332884918799008
ATTAGCA,0.332674023423414
ATTAGCC,0.325967919641571
ATTAGCG,0.336570128460931
ATTAGCT,0.330753175239933
ATTAGGA,0.332172536154445
ATTAGGC,0.334087209729281
ATTAGGG,0.335446681712344
ATTAGGT,0.3343668460467
ATTAGTA,0.331660413806726
ATTAGTC,0.334038869599555
ATTAGTG,0.333942182329235
ATTAGTT,0.332041070304086
ATTATAA,0.329553803684628
ATTATAC,0.334073398502089
ATTATAG,0.331625801484433
ATTATAT,0.330385890529651
ATTATCA,0.332884918799008
ATTATCC,0.334363394223177
ATTATCG,0.336284217281675
ATTATCT,0.330597268963333
ATTATGA,0.333088857267471
ATTATGC,0.334428976832727
ATTATGG,0.333237464191023
ATTATGT,0.331255374626888
ATTATTA,0.322714925562413
ATTATTC,0.331348859769158
ATTATTG,0.331778086742196
ATTATTT,0.317940083612476
ATTCAAA,0.329453212956241
ATTCAAC,0.333002447740026
ATTCAAG,0.33071506706133
ATTCAAT,0.333341130363143
ATTCACA,0.331314236661389
ATTCACC,0.331819615060688
ATTCACG,0.335619071461469
ATTCACT,0.329199957010016
ATTCAGA,0.329036867864358
ATTCAGC,0.333482790087522
ATTCAGG,0.330943694352496
ATTCAGT,0.330261121632821
ATTCATA,0.332722429573428
ATTCATC,0.331601572145989
ATTCATG,0.332891832648508
ATTCATT,0.325741633511623
ATTCCAA,0.330676957430437
ATTCCAC,0.331341935243504
ATTCCAG,0.330462130526012
ATTCCAT,0.331895745832374
ATTCCCA,0.328988282976986
ATTCCCC,0.33027498561236
ATTCCCG,0.343250220188634
ATTCCCT,0.33199955118143
ATTCCGA,0.336762986216784
ATTCCGC,0.337809279814927
ATTCCGG,0.342247279566191
ATTCCGT,0.336225647073127
ATTCCTA,0.331265762296507
ATTCCTC,0.332044530153163
ATTCCTG,0.331487340213885
ATTCCTT,0.329480963133355
ATTCGAA,0.335074218400859
ATTCGAC,0.337468666233888
ATTCGAG,0.335918958800871
ATTCGAT,0.336304888300974
ATTCGCA,0.337069415784578
ATTCGCC,0.340217785729036
ATTCGCG,0.339843662616464
ATTCGCT,0.337372310029151
ATTCGGA,0.336625234472311
ATTCGGC,0.342877230072749
ATTCGGG,0.339507175512637
ATTCGGT,0.33613606247118
ATTCGTA,0.337864317585787
ATTCGTC,0.338548596851169
ATTCGTG,0.3359051728494
ATTCGTT,0.336032685649403
ATTCTAA,0.329647448026459
ATTCTAC,0.332546081603525
ATTCTAG,0.330690815646075
ATTCTAT,0.333807495193519
ATTCTCA,0.326354228379944
ATTCTCC,0.322732386775486
ATTCTCG,0.338132583348818
ATTCTCT,0.331951110026158
ATTCTGA,0.328533552827159
ATTCTGC,0.334239120640224
ATTCTGG,0.328832101278142
ATTCTGT,0.327769418338872
ATTCTTA,0.328120298036371
ATTCTTC,0.330926375932992
ATTCTTG,0.328450221070233
ATTCTTT,0.321359004752691
ATTGAAA,0.329061159422888
ATTGAAC,0.333486244952069
ATTGAAG,0.331643107795331
ATTGAAT,0.330950621636319
ATTGACA,0.33327547636862
ATTGACC,0.334991429932976
ATTGACG,0.337509958908174
ATTGACT,0.332954055143045
ATTGAGA,0.330372028087622
ATTGAGC,0.33792279189846
ATTGAGG,0.331556573245599
ATTGAGT,0.331847299648269
ATTGATA,0.333976714570378
ATTGATC,0.334953482927815
ATTGATG,0.333327308827764
ATTGATT,0.331206897408554
ATTGCAA,0.33203415057002
ATTGCAC,0.329193017588179
ATTGCAG,0.336260100552432
ATTGCAT,0.332480375388404
ATTGCCA,0.336876617122686
ATTGCCC,0.335798325281043
ATTGCCG,0.341342743818241
ATTGCCT,0.334698165640616
ATTGCGA,0.338022534305751
ATTGCGC,0.338607031165938
ATTGCGG,0.340999902871748
ATTGCGT,0.336704444043941
ATTGCTA,0.332995534655262
ATTGCTC,0.333655518694825
ATTGCTG,0.335756961866842
ATTGCTT,0.328561328536388
ATTGGAA,0.328766150569642
ATTGGAC,0.335329439705586
ATTGGAG,0.333244375603515
ATTGGAT,0.332546081603525
ATTGGCA,0.334132094900333
ATTGGCC,0.334487652364125
ATTGGCG,0.337451460449686
ATTGGCT,0.332694769203195
ATTGGGA,0.332843434698149
ATTGGGC,0.336249764633279
ATTGGGG,0.334753374902164
ATTGGGT,0.334025057704706
ATTGGTA,0.333641701504122
ATTGGTC,0.334542873248858
ATTGGTG,0.332604867715628
ATTGGTT,0.330628452163255
ATTGTAA,0.329335266111636
ATTGTAC,0.334139000132449
ATTGTAG,0.334642953330838
ATTGTAT,0.333607157692089
ATTGTCA,0.334397911922243
ATTGTCC,0.335229428307077
ATTGTCG,0.337158916815188
ATTGTCT,0.335060420798837
ATTGTGA,0.331165343636601
ATTGTGC,0.335457025935388
ATTGTGG,0.336904162064571
ATTGTGT,0.33136270867662
ATTGTTA,0.330524504381767
ATTGTTC,0.334974181472775
ATTGTTG,0.33325128696824
ATTGTTT,0.32737670398206
ATTTAAA,0.314798117503498
ATTTAAC,0.331494263732755
ATTTAAG,0.327995246125914
ATTTAAT,0.324288701696857
ATTTACA,0.327734671075492
ATTTACC,0.331120325101683
ATTTACG,0.336346229057743
ATTTACT,0.327404511841733
ATTTAGA,0.330254189570973
ATTTAGC,0.330607663471351
ATTTAGG,0.3310337452994
ATTTAGT,0.33050371352879
ATTTATA,0.327939662479051
ATTTATC,0.330569549747049
ATTTATG,0.328894576884837
ATTTATT,0.313928291783723
ATTTCAA,0.327414939589752
ATTTCAC,0.327887550004035
ATTTCAG,0.324668688662069
ATTTCAT,0.324529260674803
ATTTCCA,0.326820384338693
ATTTCCC,0.32658037594629
ATTTCCG,0.339476267958497
ATTTCCT,0.322795244618148
ATTTCGA,0.335005228486932
ATTTCGC,0.33642546073148
ATTTCGG,0.338215112184139
ATTTCGT,0.335977546974444
ATTTCTA,0.327800689843644
ATTTCTC,0.329213835709226
ATTTCTG,0.324661717724391
ATTTCTT,0.322781276550118
ATTTGAA,0.325240140249812
ATTTGAC,0.331767704393098
ATTTGAG,0.326420338343141
ATTTGAT,0.331847299648269
ATTTGCA,0.326747344404001
ATTTGCC,0.33274663176978
ATTTGCG,0.336418571269922
ATTTGCT,0.326517755586531
ATTTGGA,0.326952538280213
ATTTGGC,0.332445791435743
ATTTGGG,0.327001222172345
ATTTGGT,0.328943166325011
ATTTGTA,0.326719518263648
ATTTGTC,0.330659634390815
ATTTGTG,0.327738145856162
ATTTGTT,0.324327055556416
ATTTTAA,0.312200484102126
ATTTTAC,0.325689406362905
ATTTTAG,0.32611062763824
ATTTTAT,0.318922117907359
ATTTTCA,0.322257333106298
ATTTTCC,0.326061900368131
ATTTTCG,0.336463351921639
ATTTTCT,0.320361859473435
ATTTTGA,0.324553661975954
ATTTTGC,0.329969933653202
ATTTTGG,0.325466539876341
ATTTTGT,0.323619015483924
ATTTTTA,0.294863934377318
ATTTTTC,0.317115131245736
ATTTTTG,0.310084263998088
ATTTTTT,0.29211311317865
CAAAAAA,0.30146373371523
CAAAAAC,0.324006232515169
CAAAAAG,0.326249835328271
CAAAAAT,0.3167287493729
CAAAACA,0.319591452713863
CAAAACC,0.328564800445797
CAAAACG,0.332490750340977
CAAAACT,0.327345419215593
CAAAAGA,0.328929283868728
CAAAAGC,0.329709872716221
CAAAAGG,0.330077405755816
CAAAAGT,0.328043879282659
CAAAATA,0.325821709842281
CAAAATC,0.329324858369187
CAAAATG,0.328523136737295
CAAAATT,0.325905260916629
CAAACAA,0.323430585403176
CAAACAC,0.330614593083338
CAAACAG,0.329276287472126
CAAACAT,0.331099546632766
CAAACCA,0.330739317888467
CAAACCC,0.330652705090941
CAAACCG,0.33722087437498
CAAACCT,0.331643107795331
CAAACGA,0.335484610007057
CAAACGC,0.333348041059196
CAAACGG,0.337000563386655
CAAACGT,0.335191490332338
CAAACTA,0.332947141723729
CAAACTC,0.327991772238498
CAAACTG,0.330188332586635
CAAACTT,0.332054909628572
CAAAGAA,0.325313290349571
CAAAGAC,0.330354699764846
CAAAGAG,0.328412025027429
CAAAGAT,0.332027230788071
CAAAGCA,0.330184866309419
CAAAGCC,0.333876567785612
CAAAGCG,0.338029412725763
CAAAGCT,0.332909117063131
CAAAGGA,0.329193017588179
CAAAGGC,0.332826149148198
CAAAGGG,0.330929839640887
CAAAGGT,0.33161887887621
CAAAGTA,0.332732802015017
CAAAGTC,0.330018470871745
CAAAGTG,0.312874331565829
CAAAGTT,0.328436331768924
CAAATAA,0.326576897140286
CAAATAC,0.331262299751957
CAAATAG,0.331615417554128
CAAATAT,0.328460637919616
CAAATCA,0.329886721511466
CAAATCC,0.330101672051512
CAAATCG,0.335308748512725
CAAATCT,0.329245062078204
CAAATGA,0.328550912735836
CAAATGC,0.329883254188623
CAAATGG,0.3321759955487
CAAATGT,0.329456681770494
CAAATTA,0.330555689850769
CAAATTC,0.331023355219373
CAAATTG,0.331681180625071
CAAATTT,0.328616877640483
CAACAAA,0.326531671560915
CAACAAC,0.330746246588204
CAACAAG,0.336260100552432
CAACAAT,0.333351496389313
CAACACA,0.329650916167013
CAACACC,0.33534668203927
CAACACG,0.338208235041333
CAACACT,0.332335114749087
CAACAGA,0.331172269385172
CAACAGC,0.336508130568139
CAACAGG,0.333023186707578
CAACAGT,0.331961490471259
CAACATA,0.332978251734266
CAACATC,0.337382634352335
CAACATG,0.336218756234818
CAACATT,0.333842032085943
CAACCAA,0.335688019040876
CAACCAC,0.335439785504202
CAACCAG,0.337313803517626
CAACCAT,0.336673449741375
CAACCCA,0.330964476060004
CAACCCC,0.337124494289851
CAACCCG,0.340300142661409
CAACCCT,0.33291603074533
CAACCGA,0.337637267254535
CAACCGC,0.34398552704299
CAACCGG,0.342397956010394
CAACCGT,0.338995360735629
CAACCTA,0.334487652364125
CAACCTC,0.326921240240799
CAACCTG,0.340488851719831
CAACCTT,0.336318668743126
CAACGAA,0.336380678382901
CAACGAC,0.338228866327869
CAACGAG,0.340238375598013
CAACGAT,0.337685433754023
CAACGCA,0.337458342798892
CAACGCC,0.344176960107447
CAACGCG,0.341771129776937
CAACGCT,0.336521908209827
CAACGGA,0.337871197094162
CAACGGC,0.341438718223861
CAACGGG,0.340588338522958
CAACGGT,0.336676893600211
CAACGTA,0.336745768286414
CAACGTC,0.338899151532215
CAACGTG,0.340025593172369
CAACGTT,0.335550119127965
CAACTAA,0.333493154645354
CAACTAC,0.336342784059955
CAACTAG,0.334080304139529
CAACTAT,0.335281159589586
CAACTCA,0.33141464037152
CAACTCC,0.337482430648105
CAACTCG,0.340656944345028
CAACTCT,0.331895745832374
CAACTGA,0.332708599483948
CAACTGC,0.337781759793522
CAACTGG,0.336449573473154
CAACTGT,0.336549462923746
CAACTTA,0.334698165640616
CAACTTC,0.337207106360099
CAACTTG,0.334915534482624
CAACTTT,0.330895202022048
CAAGAAA,0.324741880573985
CAAGAAC,0.334439331588441
CAAGAAG,0.338521097168545
CAAGAAT,0.329262409639645
CAAGACA,0.329567677473809
CAAGACC,0.333918009050893
CAAGACG,0.339479702178354
CAAGACT,0.331445798093997
CAAGAGA,0.330486387487771
CAAGAGC,0.339057204621765
CAAGAGG,0.334860334173309
CAAGAGT,0.332632530572647
CAAGATA,0.334798230182905
CAAGATC,0.334242572892743
CAAGATG,0.35811418653786
CAAGATT,0.330978330291747
CAAGCAA,0.329852047742021
CAAGCAC,0.333285843075379
CAAGCAG,0.337485871722056
CAAGCAT,0.333206362243669
CAAGCCA,0.334214954538875
CAAGCCC,0.341829376093764
CAAGCCG,0.351644943209927
CAAGCCT,0.333551885110705
CAAGCGA,0.329328327628706
CAAGCGC,0.348580045717588
CAAGCGG,0.351169853911208
CAAGCGT,0.336287662481231
CAAGCTA,0.335153550918255
CAAGCTC,0.334401363626619
CAAGCTG,0.338933513024591
CAAGCTT,0.332248640063738
CAAGGAA,0.327084674759377
CAAGGAC,0.336577016878424
CAAGGAG,0.342993590543907
CAAGGAT,0.337317245171884
CAAGGCA,0.333731509831279
CAAGGCC,0.341558673279245
CAAGGCG,0.345539860974992
CAAGGCT,0.337341336420034
CAAGGGA,0.330202197575348
CAAGGGC,0.347190614796878
CAAGGGG,0.337176127633526
CAAGGGT,0.328981342086093
CAAGGTA,0.332895289555333
CAAGGTC,0.332348950004823
CAAGGTG,0.341335888151076
CAAGGTT,0.331992631160055
CAAGTAA,0.33207912798557
CAAGTAC,0.337251851715408
CAAGTAG,0.330628452163255
CAAGTAT,0.333593339833152
CAAGTCA,0.330372028087622
CAAGTCC,0.335956869187489
CAAGTCG,0.346832728101698
CAAGTCT,0.332203670271929
CAAGTGA,0.324940517335198
CAAGTGC,0.333876567785612
CAAGTGG,0.339888290156141
CAAGTGT,0.333676244122921
CAAGTTA,0.33245270832196
CAAGTTC,0.335481162039709
CAAGTTG,0.332155239003652
CAAGTTT,0.330770496659233
CAATAAA,0.32633683029478
CAATAAC,0.336687225105558
CAATAAG,0.334163168069368
CAATAAT,0.333161435500776
CAATACA,0.335232877142503
CAATACC,0.334611895066907
CAATACG,0.336670005870678
CAATACT,0.334691264268601
CAATAGA,0.334283998993399
CAATAGC,0.335798325281043
CAATAGG,0.337141705700633
CAATAGT,0.335191490332338
CAATATA,0.333928369098878
CAATATC,0.335884493565838
CAATATG,0.334394460205952
CAATATT,0.331892285468487
CAATCAA,0.334646404189509
CAATCAC,0.333679698319176
CAATCAG,0.333783318659088
CAATCAT,0.333645155819696
CAATCCA,0.33597410070631
CAATCCC,0.336022347379429
CAATCCG,0.33888197034325
CAATCCT,0.333672789914734
CAATCGA,0.337565013155002
CAATCGC,0.339644530863434
CAATCGG,0.339503741387129
CAATCGT,0.336222201659908
CAATCTA,0.334863784281912
CAATCTC,0.331719252005326
CAATCTG,0.333783318659088
CAATCTT,0.333904195486618
CAATGAA,0.332833063404033
CAATGAC,0.333714239625513
CAATGAG,0.335832793485963
CAATGAT,0.334304711400199
CAATGCA,0.33423221609943
CAATGCC,0.338572658453134
CAATGCG,0.337823039541628
CAATGCT,0.335753514838428
CAATGGA,0.334145905316884
CAATGGC,0.338043169423849
CAATGGG,0.338270127624036
CAATGGT,0.335205286126046
CAATGTA,0.334031963675977
CAATGTC,0.334529068313548
CAATGTG,0.334325423378004
CAATGTT,0.33689727590023
CAATTAA,0.332196751662923
CAATTAC,0.333361862308029
CAATTAG,0.334522165774427
CAATTAT,0.333842032085943
CAATTCA,0.332279771811922
CAATTCC,0.33245270832196
CAATTCG,0.336694112716491
CAATTCT,0.327421891361356
CAATTGA,0.333921462412147
CAATTGC,0.338332016376285
CAATTGG,0.334535970805025
CAATTGT,0.334252929578795
CAATTTA,0.332283230835227
CAATTTC,0.330825923184867
CAATTTG,0.333876567785612
CAATTTT,0.32813419172783
CACAAAA,0.323615526360635
CACAAAC,0.329883254188623
CACAAAG,0.330375493716145
CACAAAT,0.329564209044559
CACAACA,0.334028510696303
CACAACC,0.331328086048348
CACAACG,0.337317245171884
CACAACT,0.333555339736546
CACAAGA,0.331951110026158
CACAAGC,0.336652786339291
CACAAGG,0.328734909242182
CACAAGT,0.335174245322556
CACAATA,0.333524247674324
CACAATC,0.334594640059015
CACAATG,0.335246672365262
CACAATT,0.333068119661828
CACACAA,0.328495359967227
CACACAC,0.291374677626159
CACACAG,0.327821536970224
CACACAT,0.330108605170698
CACACCA,0.33427019048386
CACACCC,0.325396883911939
CACACCG,0.339239278301658
CACACCT,0.328984812537562
CACACGA,0.334936233813069
CACACGC,0.336373788612809
CACACGG,0.337943429074835
CACACGT,0.33458083583833
CACACTA,0.333593339833152
CACACTC,0.332207129558481
CACACTG,0.331487340213885
CACACTT,0.330590339231295
CACAGAA,0.327234176563149
CACAGAC,0.334290903176666
CACAGAG,0.329456681770494
CACAGAT,0.330365096794544
CACAGCA,0.33327547636862
CACAGCC,0.348331588320492
CACAGCG,0.341959561476963
CACAGCT,0.334818931941588
CACAGGA,0.335546671386483
CACAGGC,0.340965612311517
CACAGGG,0.334180430523854
CACAGGT,0.334698165640616
CACAGTA,0.331508110626691
CACAGTC,0.33893694910889
CACAGTG,0.332677481083266
CACAGTT,0.332092966783377
CACATAA,0.331165343636601
CACATAC,0.33207912798557
CACATAG,0.331909587168185
CACATAT,0.332978251734266
CACATCA,0.334642953330838
CACATCC,0.336683781282302
CACATCG,0.340197195436108
CACATCT,0.329904057945348
CACATGA,0.333137243341625
CACATGC,0.332732802015017
CACATGG,0.332998991203618
CACATGT,0.332556455874425
CACATTA,0.33257028806821
CACATTC,0.329588487796683
CACATTG,0.332850348834469
CACATTT,0.323741127130068
CACCAAA,0.33181615443335
CACCAAC,0.339435056400267
CACCAAG,0.33440826699963
CACCAAT,0.337158916815188
CACCACA,0.326288114045931
CACCACC,0.331944189669561
CACCACG,0.330008070237523
CACCACT,0.330420545794015
CACCAGA,0.334546324452908
CACCAGC,0.347282622105572
CACCAGG,0.334204597459518
CACCAGT,0.335222530600542
CACCATA,0.334000886429674
CACCATC,0.339562119916956
CACCATG,0.360410441719377
CACCATT,0.333769503234121
CACCCAA,0.331335010669901
CACCCAC,0.328738380548987
CACCCAG,0.33215177953759
CACCCAT,0.334235668375786
CACCCCA,0.322418038281886
CACCCCC,0.331113398993349
CACCCCG,0.344474292374498
CACCCCT,0.338607031165938
CACCCGA,0.340711825614019
CACCCGC,0.357932146136512
CACCCGG,0.362734989471535
CACCCGT,0.340104533871065
CACCCTA,0.33274663176978
CACCCTC,0.340636363092612
CACCCTG,0.335822453149232
CACCCTT,0.331182657918092
CACCGAA,0.337561572353371
CACCGAC,0.344539215247372
CACCGAG,0.352011286511312
CACCGAT,0.338424842323593
CACCGCA,0.34012169406795
CACCGCC,0.382130398058539
CACCGCG,0.361314701369747
CACCGCT,0.348580045717588
CACCGGA,0.344713461067633
CACCGGC,0.360699624812731
CACCGGG,0.359316842841594
CACCGGT,0.340903886339821
CACCGTA,0.339132786400086
CACCGTC,0.346123393204059
CACCGTG,0.340687815429446
CACCGTT,0.340183468338619
CACCTAA,0.332988621522708
CACCTAC,0.335570805327235
CACCTAG,0.334508360553247
CACCTAT,0.334556677993594
CACCTCA,0.330749710920069
CACCTCC,0.337341336420034
CACCTCG,0.341133624822605
CACCTCT,0.337647588842591
CACCTGA,0.332286689846569
CACCTGC,0.351689047194487
CACCTGG,0.346263253845894
CACCTGT,0.331829996870848
CACCTTA,0.334142452730627
CACCTTC,0.347895787921997
CACCTTG,0.33136963305843
CACCTTT,0.332400830509115
CACGAAA,0.334915534482624
CACGAAC,0.338534847104386
CACGAAG,0.336249764633279
CACGAAT,0.335984439475081
CACGACA,0.334815481678235
CACGACC,0.339376670451971
CACGACG,0.339057204621765
CACGACT,0.337585657716165
CACGAGA,0.33854172200141
CACGAGC,0.342668431754739
CACGAGG,0.336697556504167
CACGAGT,0.33809475535626
CACGATA,0.336890389688469
CACGATC,0.335529432500767
CACGATG,0.342226731019189
CACGATT,0.335808665867265
CACGCAA,0.337761119280445
CACGCAC,0.34043395821205
CACGCAG,0.343099672115523
CACGCAT,0.335570805327235
CACGCCA,0.336900718988327
CACGCCC,0.338961001368404
CACGCCG,0.354639591856886
CACGCCT,0.328238388261249
CACGCGA,0.341548391981159
CACGCGC,0.354297896511595
CACGCGG,0.358862226888233
CACGCGT,0.341627212565269
CACGCTA,0.3375133998874
CACGCTC,0.341832802242044
CACGCTG,0.351180036763038
CACGCTT,0.336484019238412
CACGGAA,0.336132616749291
CACGGAC,0.345099427011593
CACGGAG,0.348300952311671
CACGGAT,0.335850027142912
CACGGCA,0.340341318584235
CACGGCC,0.364216921002499
CACGGCG,0.361203813881001
CACGGCT,0.342130832216464
CACGGGA,0.339359497465461
CACGGGC,0.350266561939949
CACGGGG,0.349688842420754
CACGGGT,0.339610193794428
CACGGTA,0.337392958568928
CACGGTC,0.34323653493669
CACGGTG,0.341969838548584
CACGGTT,0.335684571774805
CACGTAA,0.335398407256606
CACGTAC,0.338648276861805
CACGTAG,0.337637267254535
CACGTAT,0.335850027142912
CACGTCA,0.336997120642313
CACGTCC,0.345707106774241
CACGTCG,0.342836158438273
CACGTCT,0.339558685980128
CACGTGA,0.33743425436944
CACGTGC,0.338397339237501
CACGTGG,0.341167909622176
CACGTGT,0.336346229057743
CACGTTA,0.335636308801991
CACGTTC,0.336628678497198
CACGTTG,0.335746620745953
CACGTTT,0.333109594443074
CACTAAA,0.331767704393098
CACTAAC,0.335246672365262
CACTAAG,0.33558459588902
CACTAAT,0.335460473985957
CACTACA,0.335167347235374
CACTACC,0.338517659655044
CACTACG,0.337076300763642
CACTACT,0.334887934708851
CACTAGA,0.334625698858853
CACTAGC,0.337527163685902
CACTAGG,0.335146652688319
CACTAGT,0.336049915861853
CACTATA,0.335143203555506
CACTATC,0.335212183951529
CACTATG,0.337644148325076
CACTATT,0.333410235174664
CACTCAA,0.332393913264054
CACTCAC,0.329962999572519
CACTCAG,0.331688102802018
CACTCAT,0.333154523515024
CACTCCA,0.318809934214203
CACTCCC,0.335794878395207
CACTCCG,0.347047475488385
CACTCCT,0.330559154842848
CACTCGA,0.337392958568928
CACTCGC,0.349284240078383
CACTCGG,0.343725666397153
CACTCGT,0.336776760347634
CACTCTA,0.332922944379731
CACTCTC,0.335625966433333
CACTCTG,0.330690815646075
CACTCTT,0.330087805668933
CACTGAA,0.330177933718942
CACTGAC,0.336039577770009
CACTGAG,0.333686606675892
CACTGAT,0.333168347438752
CACTGCA,0.309348367478526
CACTGCC,0.348430297964844
CACTGCG,0.346553146536417
CACTGCT,0.341743718571523
CACTGGA,0.337331011670466
CACTGGC,0.340049619262095
CACTGGG,0.339994701637345
CACTGGT,0.336676893600211
CACTGTA,0.330340836890426
CACTGTC,0.33767167213376
CACTGTG,0.336256655257918
CACTGTT,0.332214048095686
CACTTAA,0.329987268644555
CACTTAC,0.333776410970463
CACTTAG,0.333092313493268
CACTTAT,0.333531157105028
CACTTCA,0.33203415057002
CACTTCC,0.343599130848922
CACTTCG,0.337565013155002
CACTTCT,0.331044135271475
CACTTGA,0.325866967540756
CACTTGC,0.338084438382665
CACTTGG,0.33271897206899
CACTTGT,0.333126875094253
CACTTTA,0.327310657216024
CACTTTC,0.330122471264868
CACTTTG,0.314889634108467
CACTTTT,0.324082960432705
CAGAAAA,0.317094059719898
CAGAAAC,0.329682128890751
CAGAAAG,0.326016651491208
CAGAAAT,0.32417363129128
CAGAACA,0.330330439608493
CAGAACC,0.339417884416397
CAGAACG,0.338613905566723
CAGAACT,0.330434407563492
CAGAAGA,0.33297133848223
CAGAAGC,0.340739265119073
CAGAAGG,0.340464836180953
CAGAAGT,0.331892285468487
CAGAATA,0.331961490471259
CAGAATC,0.330372028087622
CAGAATG,0.331044135271475
CAGAATT,0.327897972716298
CAGACAA,0.336204974415749
CAGACAC,0.329356081271577
CAGACAG,0.331508110626691
CAGACAT,0.335336336674736
CAGACCA,0.333099225909026
CAGACCC,0.343212585295121
CAGACCG,0.347974109804646
CAGACCT,0.335574252985511
CAGACGA,0.34000843132628
CAGACGC,0.347967299449667
CAGACGG,0.346546326497262
CAGACGT,0.336711331536278
CAGACTA,0.334849983776078
CAGACTC,0.336594237714564
CAGACTG,0.335667335266195
CAGACTT,0.33200301117416
CAGAGAA,0.32747055240947
CAGAGAC,0.336718218981177
CAGAGAG,0.331518495671317
CAGAGAT,0.331919968044318
CAGAGCA,0.341250188345638
CAGAGCC,0.374078333896527
CAGAGCG,0.357534238784445
CAGAGCT,0.343756442893458
CAGAGGA,0.342373986276496
CAGAGGC,0.354071162889706
CAGAGGG,0.344740790990691
CAGAGGT,0.334021604701186
CAGAGTA,0.330510643861145
CAGAGTC,0.337568453944793
CAGAGTG,0.334066492816961
CAGAGTT,0.330697744681875
CAGATAA,0.331508110626691
CAGATAC,0.33423221609943
CAGATAG,0.332826149148198
CAGATAT,0.332449249884832
CAGATCA,0.334501457871187
CAGATCC,0.338160093717377
CAGATCG,0.340550603314468
CAGATCT,0.331653491438108
CAGATGA,0.330209129997617
CAGATGC,0.339108738272085
CAGATGG,0.331843839116736
CAGATGT,0.330860563203402
CAGATTA,0.330056605605102
CAGATTC,0.335363924075661
CAGATTG,0.334211502191008
CAGATTT,0.328432859413455
CAGCAAA,0.331729634857483
CAGCAAC,0.336583905248467
CAGCAAG,0.340234943982624
CAGCAAT,0.338747946937327
CAGCACA,0.336067145777428
CAGCACC,0.348535804397264
CAGCACG,0.341260472710086
CAGCACT,0.321715636331389
CAGCAGA,0.340241807201626
CAGCAGC,0.407744381541463
CAGCAGG,0.354372335147461
CAGCAGT,0.343301538215473
CAGCATA,0.333769503234121
CAGCATC,0.336952363887265
CAGCATG,0.354724151889032
CAGCATT,0.329595424474737
CAGCCAA,0.341411297905006
CAGCCAC,0.346594065794606
CAGCCAG,0.364705945677061
CAGCCAT,0.366024450162834
CAGCCCA,0.358808332777381
CAGCCCC,0.400459106596787
CAGCCCG,0.403440153537902
CAGCCCT,0.354446768242629
CAGCCGA,0.355508528106961
CAGCCGC,0.447278471615491
CAGCCGG,0.409958381306465
CAGCCGT,0.350996729563573
CAGCCTA,0.33809475535626
CAGCCTC,0.345969865101527
CAGCCTG,0.337644148325076
CAGCCTT,0.342209606907469
CAGCGAA,0.341836228378586
CAGCGAC,0.35751737480633
CAGCGAG,0.372963056786912
CAGCGAT,0.338703268476773
CAGCGCA,0.355004839929856
CAGCGCC,0.419656745077702
CAGCGCG,0.408199757221464
CAGCGCT,0.370782019588824
CAGCGGA,0.370219365080165
CAGCGGC,0.486184114532518
CAGCGGG,0.402460356765285
CAGCGGT,0.361109717883332
CAGCGTA,0.338404215079939
CAGCGTC,0.36338570044177
CAGCGTG,0.350830366169255
CAGCGTT,0.342014371305172
CAGCTAA,0.329019516389842
CAGCTAC,0.329085450391353
CAGCTAG,0.343903473081398
CAGCTAT,0.336942035120851
CAGCTCA,0.335787984587891
CAGCTCC,0.376622877612963
CAGCTCG,0.360185089945566
CAGCTCT,0.347565406389461
CAGCTGA,0.342278101595011
CAGCTGC,0.395324726260779
CAGCTGG,0.375940991957172
CAGCTGT,0.348195421096627
CAGCTTA,0.334194240272891
CAGCTTC,0.347395063987933
CAGCTTG,0.340605490419739
CAGCTTT,0.332006471154918
CAGGAAA,0.321652710588097
CAGGAAC,0.333375683365838
CAGGAAG,0.337138263442175
CAGGAAT,0.328630764434379
CAGGACA,0.335684571774805
CAGGACC,0.352811347715731
CAGGACG,0.348576642608591
CAGGACT,0.334981080892557
CAGGAGA,0.325233173294563
CAGGAGC,0.392348668609525
CAGGAGG,0.3550690827383
CAGGAGT,0.320512369660375
CAGGATA,0.332317820410236
CAGGATC,0.337878076555209
CAGGATG,0.348294144182249
CAGGATT,0.332459625160334
CAGGCAA,0.333686606675892
CAGGCAC,0.332342032400881
CAGGCAG,0.344265827289003
CAGGCAT,0.329123620721122
CAGGCCA,0.345447693172336
CAGGCCC,0.381926346279559
CAGGCCG,0.391315549890282
CAGGCCT,0.341620358848056
CAGGCGA,0.350776037433566
CAGGCGC,0.388674130881709
CAGGCGG,0.404917701131168
CAGGCGT,0.336397902600457
CAGGCTA,0.333144155446817
CAGGCTC,0.35367510176092
CAGGCTG,0.317041378962681
CAGGCTT,0.333354951707491
CAGGGAA,0.329671724757752
CAGGGAC,0.337929671004573
CAGGGAG,0.345570581688218
CAGGGAT,0.334014698658376
CAGGGCA,0.340746124877693
CAGGGCC,0.377654751873161
CAGGGCG,0.375331535657714
CAGGGCT,0.347688034954013
CAGGGGA,0.339682300277605
CAGGGGC,0.361912609819891
CAGGGGG,0.348280527784352
CAGGGGT,0.342007520240931
CAGGGTA,0.337492753834436
CAGGGTC,0.346747498102043
CAGGGTG,0.333969808217547
CAGGGTT,0.332241721765856
CAGGTAA,0.333804041438672
CAGGTAC,0.339720068265302
CAGGTAG,0.335067319623645
CAGGTAT,0.333199450568444
CAGGTCA,0.333548430472929
CAGGTCC,0.355951158564691
CAGGTCG,0.349393056800974
CAGGTCT,0.336508130568139
CAGGTGA,0.332352408788848
CAGGTGC,0.34517796820839
CAGGTGG,0.352736792787016
CAGGTGT,0.336377233503789
CAGGTTA,0.331251912046369
CAGGTTC,0.336063699818062
CAGGTTG,0.336253209951534
CAGGTTT,0.328911930527355
CAGTAAA,0.326072342125895
CAGTAAC,0.33381785638649
CAGTAAG,0.332265935599048
CAGTAAT,0.331653491438108
CAGTACA,0.3336831525035
CAGTACC,0.336811194844728
CAGTACG,0.340279554064182
CAGTACT,0.336938592175005
CAGTAGA,0.332857262922984
CAGTAGC,0.341023905564303
CAGTAGG,0.331345397512325
CAGTAGT,0.334221859198852
CAGTATA,0.334532519565242
CAGTATC,0.335050072472386
CAGTATG,0.334449686236935
CAGTATT,0.330281917530051
CAGTCAA,0.334708517609336
CAGTCAC,0.333676244122921
CAGTCAG,0.336931706247752
CAGTCAT,0.335119059292706
CAGTCCA,0.335181143362156
CAGTCCC,0.353390653411945
CAGTCCG,0.35502174633222
CAGTCCT,0.336463351921639
CAGTCGA,0.338607031165938
CAGTCGC,0.355177271824462
CAGTCGG,0.359619805364605
CAGTCGT,0.339720068265302
CAGTCTA,0.335329439705586
CAGTCTC,0.334698165640616
CAGTCTG,0.342819044759365
CAGTCTT,0.332812320493105
CAGTGAA,0.329397710291691
CAGTGAC,0.334380653221644
CAGTGAG,0.332051449815406
CAGTGAT,0.333030099601184
CAGTGCA,0.337293153343331
CAGTGCC,0.346597475657209
CAGTGCG,0.356923581510958
CAGTGCT,0.341462710386103
CAGTGGA,0.34309282848274
CAGTGGC,0.344552882683537
CAGTGGG,0.340289848415782
CAGTGGT,0.342137682435941
CAGTGTA,0.334304711400199
CAGTGTC,0.337000563386655
CAGTGTG,0.339548384098894
CAGTGTT,0.332449249884832
CAGTTAA,0.330794746142211
CAGTTAC,0.332625614930132
CAGTTAG,0.331636185306913
CAGTTAT,0.332335114749087
CAGTTCA,0.334346134926832
CAGTTCC,0.343499943144266
CAGTTCG,0.341644346652795
CAGTTCT,0.335277710920674
CAGTTGA,0.33327547636862
CAGTTGC,0.341723159674362
CAGTTGG,0.339483136386417
CAGTTGT,0.334691264268601
CAGTTTA,0.330226460843034
CAGTTTC,0.326215035222482
CAGTTTG,0.33215177953759
CAGTTTT,0.318918612357439
CATAAAA,0.327390608008556
CATAAAC,0.332248640063738
CATAAAG,0.33293677150514
CATAAAT,0.329910992434747
CATAACA,0.333690060836353
CATAACC,0.333911102292607
CATAACG,0.33722087437498
CATAACT,0.334301259362191
CATAAGA,0.335308748512725
CATAAGC,0.333838578450376
CATAAGG,0.335229428307077
CATAAGT,0.334994879589315
CATAATA,0.333427510631401
CATAATC,0.335505297561493
CATAATG,0.334349586809931
CATAATT,0.329546866717857
CATACAA,0.332960968514565
CATACAC,0.332635988375969
CATACAG,0.334170073086922
CATACAT,0.333465515585744
CATACCA,0.333928369098878
CATACCC,0.33506387021719
CATACCG,0.337183011877922
CATACCT,0.333596794315786
CATACGA,0.33706597327727
CATACGC,0.337289711606156
CATACGG,0.337010891548565
CATACGT,0.337024662265181
CATACTA,0.335212183951529
CATACTC,0.335094914446947
CATACTG,0.334984530584596
CATACTT,0.333506973888696
CATAGAA,0.333099225909026
CATAGAC,0.335425992945242
CATAGAG,0.334632600683373
CATAGAT,0.335305299938957
CATAGCA,0.331996091176729
CATAGCC,0.336301443160763
CATAGCG,0.337943429074835
CATAGCT,0.333482790087522
CATAGGA,0.333652064415047
CATAGGC,0.33537771749073
CATAGGG,0.334080304139529
CATAGGT,0.334711968241761
CATAGTA,0.334056134199853
CATAGTC,0.336797421188178
CATAGTG,0.334384104985593
CATAGTT,0.333050837995278
CATATAA,0.33357261268674
CATATAC,0.335112160824833
CATATAG,0.335060420798837
CATATAT,0.3309229122131
CATATCA,0.335005228486932
CATATCC,0.33336531759039
CATATCG,0.337258735438523
CATATCT,0.334939683659821
CATATGA,0.335491505906089
CATATGC,0.334532519565242
CATATGG,0.335698360767787
CATATGT,0.333396414594392
CATATTA,0.332677481083266
CATATTC,0.334263286157586
CATATTG,0.337069415784578
CATATTT,0.327675597956685
CATCAAA,0.333354951707491
CATCAAC,0.337891835335325
CATCAAG,0.338796059970247
CATCAAT,0.335750067798131
CATCACA,0.331923428312416
CATCACC,0.340125126071991
CATCACG,0.336900718988327
CATCACT,0.3327915771519
CATCAGA,0.333707331459693
CATCAGC,0.341524401874541
CATCAGG,0.332954055143045
CATCAGT,0.332684396367103
CATCATA,0.335856920522532
CATCATC,0.337344777979535
CATCATG,0.345382829255587
CATCATT,0.330080872405539
CATCCAA,0.334125189620533
CATCCAC,0.335029375498216
CATCCAG,0.337331011670466
CATCCAT,0.332483833717888
CATCCCA,0.331210360144942
CATCCCC,0.338747946937327
CATCCCG,0.345522793504282
CATCCCT,0.330098205473893
CATCCGA,0.341370166016909
CATCCGC,0.347204246043453
CATCCGG,0.343547828092069
CATCCGT,0.338593282222594
CATCCTA,0.331871523033701
CATCCTC,0.335115610064718
CATCCTG,0.342007520240931
CATCCTT,0.329161789593973
CATCGAA,0.33681808160186
CATCGAC,0.341198764936814
CATCGAG,0.342322620626217
CATCGAT,0.337406724025249
CATCGCA,0.336945478054842
CATCGCC,0.349471261507035
CATCGCG,0.343458897078197
CATCGCT,0.340550603314468
CATCGGA,0.342192482502508
CATCGGC,0.351811171154881
CATCGGG,0.345550101317597
CATCGGT,0.340234943982624
CATCGTA,0.337909033544265
CATCGTC,0.342144532608494
CATCGTG,0.344908170473258
CATCGTT,0.336639010500689
CATCTAA,0.332808863299452
CATCTAC,0.337699195184905
CATCTAG,0.334563580294498
CATCTAT,0.334259833976573
CATCTCA,0.328655065859678
CATCTCC,0.336384123250146
CATCTCG,0.337286269857136
CATCTCT,0.32657341832218
CATCTGA,0.331386943803188
CATCTGC,0.337234642200306
CATCTGG,0.334711968241761
CATCTGT,0.329106270751844
CATCTTA,0.333040468851991
CATCTTC,0.339356062832769
CATCTTG,0.336260100552432
CATCTTT,0.32703251770862
CATGAAA,0.331497725474214
CATGAAC,0.337881516267986
CATGAAG,0.346003984494692
CATGAAT,0.332521874552873
CATGACA,0.334311615440466
CATGACC,0.343876120264609
CATGACG,0.341500411192383
CATGACT,0.333361862308029
CATGAGA,0.333489699804679
CATGAGC,0.347204246043453
CATGAGG,0.344060737260284
CATGAGT,0.334987980264736
CATGATA,0.334718869470893
CATGATC,0.340430527267761
CATGATG,0.338943821242069
CATGATT,0.333821310093624
CATGCAA,0.336731993728666
CATGCAC,0.335939637371736
CATGCAG,0.345058446546912
CATGCAT,0.335432889248501
CATGCCA,0.329956065443755
CATGCCC,0.342812199205796
CATGCCG,0.350117066545235
CATGCCT,0.330999111279481
CATGCGA,0.339884857339181
CATGCGC,0.341867063079246
CATGCGG,0.348746783873154
CATGCGT,0.340540311646834
CATGCTA,0.335953422848093
CATGCTC,0.341418153055209
CATGCTG,0.346686128004016
CATGCTT,0.333648610123338
CATGGAA,0.333710785548568
CATGGAC,0.352689345847245
CATGGAG,0.382715992874195
CATGGAT,0.340392786103647
CATGGCA,0.337909033544265
CATGGCC,0.390604457185905
CATGGCG,0.397721891437162
CATGGCT,0.358451210910986
CATGGGA,0.339263323290658
CATGGGC,0.367414692532243
CATGGGG,0.357355466144824
CATGGGT,0.338514222129726
CATGGTA,0.333579521783279
CATGGTC,0.339507175512637
CATGGTG,0.344853519028743
CATGGTT,0.334259833976573
CATGTAA,0.333348041059196
CATGTAC,0.337926231457432
CATGTAG,0.33506387021719
CATGTAT,0.334663658304241
CATGTCA,0.33458083583833
CATGTCC,0.345116501709567
CATGTCG,0.35069453879536
CATGTCT,0.338008777323789
CATGTGA,0.335725938183354
CATGTGC,0.340200627181038
CATGTGG,0.344576800247349
CATGTGT,0.334277094762464
CATGTTA,0.330271519635495
CATGTTC,0.34150726573173
CATGTTG,0.326587333521991
CATGTTT,0.329661320516507
CATTAAA,0.32696297074234
CATTAAC,0.333904195486618
CATTAAG,0.333486244952069
CATTAAT,0.332141401067597
CATTACA,0.334090662506275
CATTACC,0.334480749539122
CATTACG,0.337207106360099
CATTACT,0.333745325781147
CATTAGA,0.334183882978992
CATTAGC,0.335036274537202
CATTAGG,0.335729385306826
CATTAGT,0.334401363626619
CATTATA,0.332604867715628
CATTATC,0.333721147743611
CATTATG,0.33338259382311
CATTATT,0.328023036790811
CATTCAA,0.33161887887621
CATTCAC,0.329522586955192
CATTCAG,0.330957548872155
CATTCAT,0.327703397506113
CATTCCA,0.330638846347146
CATTCCC,0.331677719518629
CATTCCG,0.338022534305751
CATTCCT,0.330832851284569
CATTCGA,0.336043023812499
CATTCGC,0.340996473868637
CATTCGG,0.341568954471628
CATTCGT,0.336683781282302
CATTCTA,0.331757321936206
CATTCTC,0.33113071417424
CATTCTG,0.329539929702963
CATTCTT,0.325149566045349
CATTGAA,0.331639646557112
CATTGAC,0.335022476411632
CATTGAG,0.334466943746166
CATTGAT,0.333444785789703
CATTGCA,0.330860563203402
CATTGCC,0.339074382800286
CATTGCG,0.341071909221094
CATTGCT,0.333973261399925
CATTGGA,0.334287451090991
CATTGGC,0.336549462923746
CATTGGG,0.337014334245497
CATTGGT,0.332988621522708
CATTGTA,0.332950598439361
CATTGTC,0.337489312784167
CATTGTG,0.338617342749394
CATTGTT,0.334176978056796
CATTTAA,0.323695773116428
CATTTAC,0.327699922604697
CATTTAG,0.331795390417822
CATTTAT,0.324103885206696
CATTTCA,0.325671996707164
CATTTCC,0.32813419172783
CATTTCG,0.335874153763693
CATTTCT,0.320806324226182
CATTTGA,0.328425914666343
CATTTGC,0.331279612354818
CATTTGG,0.329772293509385
CATTTGT,0.324891733014046
CATTTTA,0.320519369582892
CATTTTC,0.325065951805379
CATTTTG,0.328686309681612
CATTTTT,0.315498358345166
CCAAAAA,0.322777784502624
CCAAAAC,0.329130560624549
CCAAAAG,0.328839043204973
CCAAAAT,0.330299247114056
CCAAACA,0.32984858029895
CCAAACC,0.328925813224545
CCAAACG,0.335429441102816
CCAAACT,0.329498306603006
CCAAAGA,0.330562619822921
CCAAAGC,0.333392959419479
CCAAAGG,0.331459645659043
CCAAAGT,0.312634479805762
CCAAATA,0.328943166325011
CCAAATC,0.329709872716221
CCAAATG,0.329817372770263
CCAAATT,0.330451734505132
CCAACAA,0.33325128696824
CCAACAC,0.333710785548568
CCAACAG,0.331951110026158
CCAACAT,0.330184866309419
CCAACCA,0.337379192923117
CCAACCC,0.336063699818062
CCAACCG,0.341990392374977
CCAACCT,0.338435155785866
CCAACGA,0.339407581084533
CCAACGC,0.342216456587345
CCAACGG,0.340801001252695
CCAACGT,0.33792279189846
CCAACTA,0.33297133848223
CCAACTC,0.33377986482074
CCAACTG,0.338235743328794
CCAACTT,0.336160182191965
CCAAGAA,0.33291603074533
CCAAGAC,0.334743023397797
CCAAGAG,0.336453018103073
CCAAGAT,0.341359882780531
CCAAGCA,0.332501125185911
CCAAGCC,0.35059944865524
CCAAGCG,0.349284240078383
CCAAGCT,0.338648276861805
CCAAGGA,0.333586430832083
CCAAGGC,0.344187214416067
CCAAGGG,0.33888197034325
CCAAGGT,0.33556046228109
CCAAGTA,0.329529524090393
CCAAGTC,0.339301107105289
CCAAGTG,0.335401855509301
CCAAGTT,0.33225901742082
CCAATAA,0.334853433920392
CCAATAC,0.33555356685756
CCAATAG,0.335708702387747
CCAATAT,0.334901734690956
CCAATCA,0.332954055143045
CCAATCC,0.336570128460931
CCAATCG,0.338359521258991
CCAATCT,0.333482790087522
CCAATGA,0.334121736962752
CCAATGC,0.339304541926739
CCAATGG,0.338132583348818
CCAATGT,0.334004339504735
CCAATTA,0.334246025133345
CCAATTC,0.333282387518401
CCAATTG,0.335450129798581
CCAATTT,0.333596794315786
CCACAAA,0.329206896383698
CCACAAC,0.3359051728494
CCACAAG,0.334874134536303
CCACAAT,0.335494953837772
CCACACA,0.332141401067597
CCACACC,0.330042738597596
CCACACG,0.33642546073148
CCACACT,0.333544975823218
CCACAGA,0.335477714060472
CCACAGC,0.349277438640045
CCACAGG,0.343623071234763
CCACAGT,0.333576067240977
CCACATA,0.332988621522708
CCACATC,0.33613606247118
CCACATG,0.332680938731162
CCACATT,0.329047278604554
CCACCAA,0.333990527132949
CCACCAC,0.321963804824437
CCACCAG,0.341658053711443
CCACCAT,0.346754316769342
CCACCCA,0.328922342568315
CCACCCC,0.323908570286663
CCACCCG,0.355582876682938
CCACCCT,0.335629413901437
CCACCGA,0.346362167855985
CCACCGC,0.371148074401003
CCACCGG,0.353949314633607
CCACCGT,0.343688049393091
CCACCTA,0.333631338485805
CCACCTC,0.335543223633114
CCACCTG,0.350687746942353
CCACCTT,0.335370820806978
CCACGAA,0.335760408883374
CCACGAC,0.339922617677625
CCACGAG,0.342771124900254
CCACGAT,0.339301107105289
CCACGCA,0.341202193246339
CCACGCC,0.339105302778018
CCACGCG,0.358980110130396
CCACGCT,0.341921877977371
CCACGGA,0.342028073292844
CCACGGC,0.363704193191063
CCACGGG,0.352177453575983
CCACGGT,0.340396217177427
CCACGTA,0.336876617122686
CCACGTC,0.346713404068114
CCACGTG,0.337620064371026
CCACGTT,0.334190787853511
CCACTAA,0.334891384722231
CCACTAC,0.335570805327235
CCACTAG,0.334929334083861
CCACTAT,0.336370343709962
CCACTCA,0.331677719518629
CCACTCC,0.336814638229222
CCACTCG,0.34289092024272
CCACTCT,0.331771165188108
CCACTGA,0.334567031427085
CCACTGC,0.339246148357512
CCACTGG,0.34558423503561
CCACTGT,0.338586407680034
CCACTTA,0.333983620875512
CCACTTC,0.337702635513036
CCACTTG,0.334356490540385
CCACTTT,0.326208075055996
CCAGAAA,0.323318906376306
CCAGAAC,0.336714775264657
CCAGAAG,0.340042754723934
CCAGAAT,0.331864602126309
CCAGACA,0.332884918799008
CCAGACC,0.344846687388166
CCAGACG,0.346017631926008
CCAGACT,0.336063699818062
CCAGAGA,0.332670565751607
CCAGAGC,0.364548546025251
CCAGAGG,0.351176642490616
CCAGAGT,0.332667108067845
CCAGATA,0.333164891475736
CCAGATC,0.338177287313412
CCAGATG,0.336074037660535
CCAGATT,0.332546081603525
CCAGCAA,0.338686083921945
CCAGCAC,0.329061159422888
CCAGCAG,0.360639105038294
CCAGCAT,0.337613183134758
CCAGCCA,0.350130657959209
CCAGCCC,0.398728996475024
CCAGCCG,0.394756219470901
CCAGCCT,0.324748850952878
CCAGCGA,0.357379079457401
CCAGCGC,0.404904834324581
CCAGCGG,0.393413260632868
CCAGCGT,0.354456917780908
CCAGCTA,0.321005744195789
CCAGCTC,0.352736792787016
CCAGCTG,0.352285955940613
CCAGCTT,0.33370042324615
CCAGGAA,0.328891106120195
CCAGGAC,0.342678701543868
CCAGGAG,0.368155810546761
CCAGGAT,0.338998796607421
CCAGGCA,0.340797571567481
CCAGGCC,0.403759024982211
CCAGGCG,0.384411624525457
CCAGGCT,0.318020787080557
CCAGGGA,0.33311650673938
CCAGGGC,0.377872896590781
CCAGGGG,0.352221534081483
CCAGGGT,0.340653514165707
CCAGGTA,0.338816679132888
CCAGGTC,0.350704726488379
CCAGGTG,0.351862051736928
CCAGGTT,0.327387132020056
CCAGTAA,0.331584265116241
CCAGTAC,0.335363924075661
CCAGTAG,0.33332385341407
CCAGTAT,0.334760275845545
CCAGTCA,0.335315645624581
CCAGTCC,0.348903288273751
CCAGTCG,0.350246177520257
CCAGTCT,0.33820135785123
CCAGTGA,0.336053361868718
CCAGTGC,0.354818850636857
CCAGTGG,0.346532686279411
CCAGTGT,0.336122279512385
CCAGTTA,0.330278451577212
CCAGTTC,0.340742695004265
CCAGTTG,0.336015455140068
CCAGTTT,0.326670820654809
CCATAAA,0.330365096794544
CCATAAC,0.335370820806978
CCATAAG,0.335281159589586
CCATAAT,0.333717693690527
CCATACA,0.334970731745034
CCATACC,0.334846533619861
CCATACG,0.336842184878341
CCATACT,0.334756825379807
CCATAGA,0.33508801581251
CCATAGC,0.337176127633526
CCATAGG,0.334411718668264
CCATAGT,0.336353119017716
CCATATA,0.334570482547761
CCATATC,0.335232877142503
CCATATG,0.335563909975025
CCATATT,0.333520792941069
CCATCAA,0.336332448995381
CCATCAC,0.336249764633279
CCATCAG,0.336845628156127
CCATCAT,0.340138853970368
CCATCCA,0.334891384722231
CCATCCC,0.336339339050298
CCATCCG,0.345229187404828
CCATCCT,0.330316576397752
CCATCGA,0.340897027663325
CCATCGC,0.345171138783981
CCATCGG,0.346270075815883
CCATCGT,0.342192482502508
CCATCTA,0.334560129150001
CCATCTC,0.324971877427819
CCATCTG,0.334725770652398
CCATCTT,0.341147338883487
CCATGAA,0.344245320178814
CCATGAC,0.346058573102477
CCATGAG,0.350972965058814
CCATGAT,0.341089052825796
CCATGCA,0.346242787656689
CCATGCC,0.346883862614915
CCATGCG,0.353089185309126
CCATGCT,0.347980920113244
CCATGGA,0.385248521699124
CCATGGC,0.430842919582829
CCATGGG,0.3787383959163
CCATGGT,0.354338500090799
CCATGTA,0.337826479443721
CCATGTC,0.353028203181438
CCATGTG,0.347987730375463
CCATGTT,0.329553803684628
CCATTAA,0.333327308827764
CCATTAC,0.335853473838662
CCATTAG,0.336074037660535
CCATTAT,0.331971870808608
CCATTCA,0.33274317434902
CCATTCC,0.333348041059196
CCATTCG,0.339514043728275
CCATTCT,0.328575216101699
CCATTGA,0.33506387021719
CCATTGC,0.333475880322619
CCATTGG,0.33626699110585
CCATTGT,0.337224316349082
CCATTTA,0.329522586955192
CCATTTC,0.328293955306786
CCATTTG,0.33318562707468
CCATTTT,0.32947402566127
CCCAAAA,0.328276590936739
CCCAAAC,0.326462089752369
CCCAAAG,0.308898779628834
CCCAAAT,0.327115967684109
CCCAACA,0.332552997796084
CCCAACC,0.337730157711999
CCCAACG,0.341496983905091
CCCAACT,0.33558459588902
CCCAAGA,0.3368352982872
CCCAAGC,0.344822776278603
CCCAAGG,0.33271205702425
CCCAAGT,0.329744551415676
CCCAATA,0.334466943746166
CCCAATC,0.335415648401179
CCCAATG,0.336890389688469
CCCAATT,0.33201339108052
CCCACAA,0.333337674997208
CCCACAC,0.33006700573454
CCCACAG,0.349158405980238
CCCACAT,0.331964950595681
CCCACCA,0.337630386136644
CCCACCC,0.323455013527838
CCCACCG,0.351451541235292
CCCACCT,0.329498306603006
CCCACGA,0.341925303808741
CCCACGC,0.356251765236814
CCCACGG,0.351658513873893
CCCACGT,0.336831854973845
CCCACTA,0.334870684463409
CCCACTC,0.335663887928821
CCCACTG,0.343387062408327
CCCACTT,0.33160849487402
CCCAGAA,0.333234008466863
CCCAGAC,0.343373379028987
CCCAGAG,0.347102007164711
CCCAGAT,0.334877584597294
CCCAGCA,0.341315320867575
CCCAGCC,0.400029283941401
CCCAGCG,0.39789359198175
CCCAGCT,0.331383481678209
CCCAGGA,0.349423659370848
CCCAGGC,0.371247884280456
CCCAGGG,0.348971326026271
CCCAGGT,0.3454681756404
CCCAGTA,0.332255558313759
CCCAGTC,0.345249674348872
CCCAGTG,0.34474762335475
CCCAGTT,0.328731437923326
CCCATAA,0.333386049033838
CCCATAC,0.335736279518124
CCCATAG,0.338067243190135
CCCATAT,0.333728055813986
CCCATCA,0.334373749658002
CCCATCC,0.332189833006051
CCCATCG,0.341133624822605
CCCATCT,0.324072497881515
CCCATGA,0.336676893600211
CCCATGC,0.340234943982624
CCCATGG,0.357615181920874
CCCATGT,0.336211865349026
CCCATTA,0.334353038681116
CCCATTC,0.333835124802881
CCCATTG,0.335288056891728
CCCATTT,0.326827340244724
CCCCAAA,0.320120295776542
CCCCAAC,0.338909460103903
CCCCAAG,0.333088857267471
CCCCAAT,0.334163168069368
CCCCACA,0.338098194323806
CCCCACC,0.332684396367103
CCCCACG,0.348113711861493
CCCCACT,0.332027230788071
CCCCAGA,0.340852445119426
CCCCAGC,0.395279257609454
CCCCAGG,0.3667231548669
CCCCAGT,0.340142285915516
CCCCATA,0.334263286157586
CCCCATC,0.326844729798121
CCCCATG,0.341736865652766
CCCCATT,0.330132870709321
CCCCCAA,0.327936188398537
CCCCCAC,0.333047381626129
CCCCCAG,0.363063752059263
CCCCCAT,0.334000886429674
CCCCCCA,0.338655150979058
CCCCCCC,0.336962692546996
CCCCCCG,0.374250825214879
CCCCCCT,0.341867063079246
CCCCCGA,0.359060936322757
CCCCCGC,0.431319228774761
CCCCCGG,0.416459835242444
CCCCCGT,0.340245238793463
CCCCCTA,0.337079743235398
CCCCCTC,0.35812766969385
CCCCCTG,0.35503527124832
CCCCCTT,0.336284217281675
CCCCGAA,0.342154807779338
CCCCGAC,0.363211324601064
CCCCGAG,0.394119107927487
CCCCGAT,0.345632020283527
CCCCGCA,0.362409475133217
CCCCGCC,0.470239087428085
CCCCGCG,0.486596249758101
CCCCGCT,0.379154361818027
CCCCGGA,0.393257061198218
CCCCGGC,0.488284526524664
CCCCGGG,0.459143128546796
CCCCGGT,0.355886972400108
CCCCGTA,0.338607031165938
CCCCGTC,0.347650566710261
CCCCGTG,0.353522728779151
CCCCGTT,0.336807751448376
CCCCTAA,0.334428976832727
CCCCTAC,0.336363453868667
CCCCTAG,0.341572381512266
CCCCTAT,0.335508745445623
CCCCTCA,0.34097589960305
CCCCTCC,0.381481895899352
CCCCTCG,0.372381690293656
CCCCTCT,0.335939637371736
CCCCTGA,0.345171138783981
CCCCTGC,0.368856362964868
CCCCTGG,0.37112145675059
CCCCTGT,0.338414528754951
CCCCTTA,0.333665881462566
CCCCTTC,0.349103986330613
CCCCTTG,0.338772003743145
CCCCTTT,0.332189833006051
CCCGAAA,0.337396399950773
CCCGAAC,0.347074741698261
CCCGAAG,0.345560341555338
CCCGAAT,0.336762986216784
CCCGACA,0.34375986244569
CCCGACC,0.362919512394948
CCCGACG,0.361842088656317
CCCGACT,0.344433286282974
CCCGAGA,0.351431180956654
CCCGAGC,0.435545919819371
CCCGAGG,0.393244043477286
CCCGAGT,0.345881149230769
CCCGATA,0.337379192923117
CCCGATC,0.339637663543954
CCCGATG,0.351078203578367
CCCGATT,0.337633826701508
CCCGCAA,0.342949101374278
CCCGCAC,0.353529501404711
CCCGCAG,0.404592763568464
CCCGCAT,0.341123339153517
CCCGCCA,0.375401111950105
CCCGCCC,0.443132145026749
CCCGCCG,0.50662336386124
CCCGCCT,0.375493872810372
CCCGCGA,0.366893578114395
CCCGCGC,0.52944034983952
CCCGCGG,0.50112246415446
CCCGCGT,0.366636261248046
CCCGCTA,0.348164780915837
CCCGCTC,0.398327571343529
CCCGCTG,0.397644130548518
CCCGCTT,0.355626807334267
CCCGGAA,0.359889028351511
CCCGGAC,0.386988992458478
CCCGGAG,0.434103600387515
CCCGGAT,0.351699224760848
CCCGGCA,0.38307770594663
CCCGGCC,0.545591318388644
CCCGGCG,0.487955980244121
CCCGGCT,0.412505937995716
CCCGGGA,0.407737966318361
CCCGGGC,0.518896594215021
CCCGGGG,0.475720258273302
CCCGGGT,0.372796986560158
CCCGGTA,0.340636363092612
CCCGGTC,0.362046922089146
CCCGGTG,0.377780356158712
CCCGGTT,0.345345274538573
CCCGTAA,0.337427371854447
CCCGTAC,0.339775000973921
CCCGTAG,0.340674095065139
CCCGTAT,0.337392958568928
CCCGTCA,0.344211140727268
CCCGTCC,0.370275977785817
CCCGTCG,0.356302420385472
CCCGTCT,0.336787090821265
CCCGTGA,0.34140101509159
CCCGTGC,0.363647207203081
CCCGTGG,0.364793007182705
CCCGTGT,0.343109937476883
CCCGTTA,0.336180855775328
CCCGTTC,0.342993590543907
CCCGTTG,0.341915026279421
CCCGTTT,0.333728055813986
CCCTAAA,0.33021952854091
CCCTAAC,0.333192538845448
CCCTAAG,0.331740017601837
CCCTAAT,0.333510428669692
CCCTACA,0.334087209729281
CCCTACC,0.335980993230701
CCCTACG,0.342192482502508
CCCTACT,0.335167347235374
CCCTAGA,0.339160269266825
CCCTAGC,0.346750907441504
CCCTAGG,0.337761119280445
CCCTAGT,0.335629413901437
CCCTATA,0.336521908209827
CCCTATC,0.335446681712344
CCCTATG,0.335756961866842
CCCTATT,0.333441330781917
CCCTCAA,0.332736259471639
CCCTCAC,0.339486570582686
CCCTCAG,0.353813910266962
CCCTCAT,0.335108711573051
CCCTCCA,0.335853473838662
CCCTCCC,0.369539762504452
CCCTCCG,0.383127020320949
CCCTCCT,0.357571338535264
CCCTCGA,0.339737235060904
CCCTCGC,0.389393131101093
CCCTCGG,0.384306552656448
CCCTCGT,0.342877230072749
CCCTCTA,0.334870684463409
CCCTCTC,0.344129105276843
CCCTCTG,0.343465738206208
CCCTCTT,0.333258198285199
CCCTGAA,0.332497666916226
CCCTGAC,0.345635433428147
CCCTGAG,0.366659656426665
CCCTGAT,0.335494953837772
CCCTGCA,0.356086273867145
CCCTGCC,0.376116472987686
CCCTGCG,0.395370192844799
CCCTGCT,0.376887562279759
CCCTGGA,0.357456662130225
CCCTGGC,0.388242482477738
CCCTGGG,0.382551534579627
CCCTGGT,0.349702439656105
CCCTGTA,0.337692314493136
CCCTGTC,0.341205621544111
CCCTGTG,0.343544407814696
CCCTGTT,0.335912065848892
CCCTTAA,0.330018470871745
CCCTTAC,0.335550119127965
CCCTTAG,0.334249477362029
CCCTTAT,0.334953482927815
CCCTTCA,0.338170409910473
CCCTTCC,0.34028298552649
CCCTTCG,0.35176368027582
CCCTTCT,0.343096250304986
CCCTTGA,0.332604867715628
CCCTTGC,0.342712933412602
CCCTTGG,0.340951895758182
CCCTTGT,0.340313868157403
CCCTTTA,0.32976882578976
CCCTTTC,0.331380019541244
CCCTTTG,0.332110265011325
CCCTTTT,0.322208417708851
CCGAAAA,0.335070769018201
CCGAAAC,0.3404270963117
CCGAAAG,0.336652786339291
CCGAAAT,0.33571904390076
CCGAACA,0.339332020073614
CCGAACC,0.347960489048306
CCGAACG,0.346583836137031
CCGAACT,0.33993291570429
CCGAAGA,0.338273565988536
CCGAAGC,0.353840992607078
CCGAAGG,0.348872669774797
CCGAAGT,0.337451460449686
CCGAATA,0.336849071422057
CCGAATC,0.340396217177427
CCGAATG,0.336773316832709
CCGAATT,0.3373344532655
CCGACAA,0.338486721501779
CCGACAC,0.341287897164871
CCGACAG,0.349801014083581
CCGACAT,0.341730012687046
CCGACCA,0.343048343728003
CCGACCC,0.371337704655236
CCGACCG,0.355782238759872
CCGACCT,0.342637621754524
CCGACGA,0.345239430929314
CCGACGC,0.363821507059577
CCGACGG,0.363757824095783
CCGACGT,0.345205285439625
CCGACTA,0.338875097785009
CCGACTC,0.349620853470586
CCGACTG,0.345515966434433
CCGACTT,0.339503741387129
CCGAGAA,0.345331617928158
CCGAGAC,0.353075634046571
CCGAGAG,0.370086146070007
CCGAGAT,0.338923204700852
CCGAGCA,0.361210534684901
CCGAGCC,0.466453279078073
CCGAGCG,0.430278575659366
CCGAGCT,0.382127107231159
CCGAGGA,0.377456397190436
CCGAGGC,0.423273071465816
CCGAGGG,0.392788316451312
CCGAGGT,0.359030627266187
CCGAGTA,0.333399869757367
CCGAGTC,0.354192996300616
CCGAGTG,0.365669896509244
CCGAGTT,0.344655382500992
CCGATAA,0.337041875394284
CCGATAC,0.337960626396486
CCGATAG,0.336855957918349
CCGATAT,0.337792079890301
CCGATCA,0.337995020152569
CCGATCC,0.342346591591352
CCGATCG,0.343469158752664
CCGATCT,0.338012216587022
CCGATGA,0.339476267958497
CCGATGC,0.346525866100715
CCGATGG,0.347088374524412
CCGATGT,0.341250188345638
CCGATTA,0.336573572675609
CCGATTC,0.341719733150409
CCGATTG,0.338067243190135
CCGATTT,0.335567357657073
CCGCAAA,0.337737038143387
CCGCAAC,0.341541537723709
CCGCAAG,0.348341800114867
CCGCAAT,0.341644346652795
CCGCACA,0.338270127624036
CCGCACC,0.361962979034923
CCGCACG,0.359835189552299
CCGCACT,0.348991736449379
CCGCAGA,0.352994322614645
CCGCAGC,0.46187854686739
CCGCAGG,0.400278151153818
CCGCAGT,0.35774332848907
CCGCATA,0.337792079890301
CCGCATC,0.349780620171659
CCGCATG,0.342500676934245
CCGCATT,0.340286416977023
CCGCCAA,0.347493866115001
CCGCCAC,0.390304211225095
CCGCCAG,0.392149949499043
CCGCCAT,0.406730265500687
CCGCCCA,0.360672727587381
CCGCCCC,0.453585402077509
CCGCCCG,0.509933184860287
CCGCCCT,0.390627298297224
CCGCCGA,0.39070234398989
CCGCCGC,0.799191292605809
CCGCCGG,0.492572355242696
CCGCCGT,0.393738597780318
CCGCCTA,0.341089052825796
CCGCCTC,0.418870370743271
CCGCCTG,0.422805552123464
CCGCCTT,0.366418994161725
CCGCGAA,0.344337598863081
CCGCGAC,0.360487789576196
CCGCGAG,0.400058375513587
CCGCGAT,0.358262491255949
CCGCGCA,0.380694569372957
CCGCGCC,0.538276404062202
CCGCGCG,0.506076959353667
CCGCGCT,0.424406214459463
CCGCGGA,0.421167511003402
CCGCGGC,0.598721267018233
CCGCGGG,0.501040654871613
CCGCGGT,0.391119886729895
CCGCGTA,0.343390483223906
CCGCGTC,0.393159424160367
CCGCGTG,0.367675147941445
CCGCGTT,0.34680545529214
CCGCTAA,0.339888290156141
CCGCTAC,0.350463589910673
CCGCTAG,0.351095176495967
CCGCTAT,0.342137682435941
CCGCTCA,0.350538314504303
CCGCTCC,0.414849577354538
CCGCTCG,0.389321254337954
CCGCTCT,0.367210955764317
CCGCTGA,0.364655714437259
CCGCTGC,0.512443769035338
CCGCTGG,0.399563703650132
CCGCTGT,0.372823559649839
CCGCTTA,0.340547172770359
CCGCTTC,0.372202228945412
CCGCTTG,0.354050855878036
CCGCTTT,0.343725666397153
CCGGAAA,0.338895715318037
CCGGAAC,0.348474543953055
CCGGAAG,0.366211710790589
CCGGAAT,0.338548596851169
CCGGACA,0.346870227000385
CCGGACC,0.381155840029445
CCGGACG,0.378943099173536
CCGGACT,0.360255728055353
CCGGAGA,0.363627093726083
CCGGAGC,0.496295971661249
CCGGAGG,0.412882566060741
CCGGAGT,0.362087212252416
CCGGATA,0.33979903308508
CCGGATC,0.354582086950447
CCGGATG,0.348198825503208
CCGGATT,0.337843678776692
CCGGCAA,0.344388861119549
CCGGCAC,0.36570000500538
CCGGCAG,0.400520494754618
CCGGCAT,0.351977371472697
CCGGCCA,0.383843448193738
CCGGCCC,0.499148409591043
CCGGCCG,0.516827933790785
CCGGCCT,0.406116803915301
CCGGCGA,0.373411308689229
CCGGCGC,0.496527871070745
CCGGCGG,0.52634272487985
CCGGCGT,0.370129444194996
CCGGCTA,0.339606760022679
CCGGCTC,0.417397426840528
CCGGCTG,0.427939425977249
CCGGCTT,0.36028600000357
CCGGGAA,0.359384175779301
CCGGGAC,0.408202963357255
CCGGGAG,0.444527501508569
CCGGGAT,0.355491629932392
CCGGGCA,0.382433107858086
CCGGGCC,0.554452630185367
CCGGGCG,0.501362009989559
CCGGGCT,0.42777280801102
CCGGGGA,0.409109886952187
CCGGGGC,0.552078771114772
CCGGGGG,0.446707904735815
CCGGGGT,0.383695603740135
CCGGGTA,0.346276897739332
CCGGGTC,0.389072913034646
CCGGGTG,0.385143537732293
CCGGGTT,0.343346011708591
CCGGTAA,0.337850558427053
CCGGTAC,0.342007520240931
CCGGTAG,0.34378379898391
CCGGTAT,0.33813946101191
CCGGTCA,0.344552882683537
CCGGTCC,0.37758863801711
CCGGTCG,0.357085560107765
CCGGTCT,0.344040225943816
CCGGTGA,0.352048591725321
CCGGTGC,0.383610172536295
CCGGTGG,0.371437495610455
CCGGTGT,0.356764952041338
CCGGTTA,0.339617061302552
CCGGTTC,0.35692695633268
CCGGTTG,0.348882876045281
CCGGTTT,0.340598629696329
CCGTAAA,0.335763855888025
CCGTAAC,0.33915339862095
CCGTAAG,0.338111950075723
CCGTAAT,0.337451460449686
CCGTACA,0.337939989575015
CCGTACC,0.342171932829463
CCGTACG,0.340365337089603
CCGTACT,0.338445469141773
CCGTAGA,0.339630796177315
CCGTAGC,0.348001350760762
CCGTAGG,0.343831670341546
CCGTAGT,0.338246058741506
CCGTATA,0.337448019257321
CCGTATC,0.338472970904193
CCGTATG,0.338644839785459
CCGTATT,0.336845628156127
CCGTCAA,0.340965612311517
CCGTCAC,0.340265828097199
CCGTCAG,0.347902598764011
CCGTCAT,0.345997160709189
CCGTCCA,0.345003803314809
CCGTCCC,0.376351503102885
CCGTCCG,0.372245435546829
CCGTCCT,0.351366704006013
CCGTCGA,0.343253641472357
CCGTCGC,0.382271893392098
CCGTCGG,0.363325343014793
CCGTCGT,0.350049106704332
CCGTCTA,0.340430527267761
CCGTCTC,0.338562346408899
CCGTCTG,0.348021780990877
CCGTCTT,0.341479847292431
CCGTGAA,0.337681993366712
CCGTGAC,0.346764544683116
CCGTGAG,0.351777249328551
CCGTGAT,0.338311387217779
CCGTGCA,0.343031233680012
CCGTGCC,0.36930979235995
CCGTGCG,0.368786329803748
CCGTGCT,0.362986603198894
CCGTGGA,0.354568555903637
CCGTGGC,0.381939512167015
CCGTGGG,0.3765368400097
CCGTGGT,0.359175428913413
CCGTGTA,0.340001566505376
CCGTGTC,0.350517935623432
CCGTGTG,0.353593839059945
CCGTGTT,0.338961001368404
CCGTTAA,0.336304888300974
CCGTTAC,0.338136022186277
CCGTTAG,0.340097669709858
CCGTTAT,0.337871197094162
CCGTTCA,0.339015975789307
CCGTTCC,0.346235965500538
CCGTTCG,0.342808776411438
CCGTTCT,0.339884857339181
CCGTTGA,0.340231512355459
CCGTTGC,0.352943499612059
CCGTTGG,0.346634983378477
CCGTTGT,0.340307005432954
CCGTTTA,0.336125725269894
CCGTTTC,0.338888842854259
CCGTTTG,0.337895275000775
CCGTTTT,0.333151067504233
CCTAAAA,0.327727721477929
CCTAAAC,0.332300525772287
CCTAAAG,0.330936767020686
CCTAAAT,0.331591187964084
CCTAACA,0.33296788183829
CCTAACC,0.334166620584105
CCTAACG,0.337430813117865
CCTAACT,0.332020310958238
CCTAAGA,0.33128653731204
CCTAAGC,0.335446681712344
CCTAAGG,0.332528790912854
CCTAAGT,0.332086047408412
CCTAATA,0.333652064415047
CCTAATC,0.3359051728494
CCTAATG,0.333237464191023
CCTAATT,0.332362785069147
CCTACAA,0.333900742065734
CCTACAC,0.33440826699963
CCTACAG,0.342459589830886
CCTACAT,0.334021604701186
CCTACCA,0.335994778136963
CCTACCC,0.334953482927815
CCTACCG,0.339809332384495
CCTACCT,0.332960968514565
CCTACGA,0.339428187642105
CCTACGC,0.340934749801931
CCTACGG,0.346017631926008
CCTACGT,0.341449000649592
CCTACTA,0.335581148266403
CCTACTC,0.338466095534495
CCTACTG,0.335419096594424
CCTACTT,0.332061829218993
CCTAGAA,0.331335010669901
CCTAGAC,0.336422016006634
CCTAGAG,0.341562100355118
CCTAGAT,0.333396414594392
CCTAGCA,0.339273628108959
CCTAGCC,0.343178370526425
CCTAGCG,0.350256369782043
CCTAGCT,0.338345768912203
CCTAGGA,0.333451695769464
CCTAGGC,0.338906023925148
CCTAGGG,0.338479846226621
CCTAGGT,0.336318668743126
CCTAGTA,0.334163168069368
CCTAGTC,0.336187746874807
CCTAGTG,0.339836796664355
CCTAGTT,0.332331655905244
CCTATAA,0.332532249074906
CCTATAC,0.336997120642313
CCTATAG,0.336990235118073
CCTATAT,0.335787984587891
CCTATCA,0.336308333429315
CCTATCC,0.334974181472775
CCTATCG,0.338029412725763
CCTATCT,0.333914555677713
CCTATGA,0.336704444043941
CCTATGC,0.337183011877922
CCTATGG,0.336318668743126
CCTATGT,0.335994778136963
CCTATTA,0.333386049033838
CCTATTC,0.334135547522351
CCTATTG,0.334132094900333
CCTATTT,0.328991753404367
CCTCAAA,0.327793740704871
CCTCAAC,0.338857916182764
CCTCAAG,0.331958030334865
CCTCAAT,0.332584120070668
CCTCACA,0.33448420095758
CCTCACC,0.345276989621391
CCTCACG,0.343144154587039
CCTCACT,0.33245270832196
CCTCAGA,0.334932783954416
CCTCAGC,0.353857918697201
CCTCAGG,0.347779996509902
CCTCAGT,0.332241721765856
CCTCATA,0.333776410970463
CCTCATC,0.341065051696919
CCTCATG,0.3382529356242
CCTCATT,0.332819234844556
CCTCCAA,0.328821688297538
CCTCCAC,0.339294237426997
CCTCCAG,0.353543046518228
CCTCCAT,0.338428280156169
CCTCCCA,0.305088649108477
CCTCCCC,0.366980449377903
CCTCCCG,0.381623483016202
CCTCCCT,0.342627351543503
CCTCCGA,0.347722095775597
CCTCCGC,0.418448390916516
CCTCCGG,0.39681754745675
CCTCCGT,0.349733032759678
CCTCCTA,0.333800587671896
CCTCCTC,0.389647925276717
CCTCCTG,0.375815156412439
CCTCCTT,0.343339169761464
CCTCGAA,0.335370820806978
CCTCGAC,0.340886739560377
CCTCGAG,0.347279214578428
CCTCGAT,0.33969260077935
CCTCGCA,0.353559977652122
CCTCGCC,0.39945374333055
CCTCGCG,0.389040231955551
CCTCGCT,0.368285950252643
CCTCGGA,0.359885663511479
CCTCGGC,0.411889621784198
CCTCGGG,0.389046768256815
CCTCGGT,0.356241633899162
CCTCGTA,0.337516840854786
CCTCGTC,0.352421567343049
CCTCGTG,0.344812528485193
CCTCGTT,0.337695754844939
CCTCTAA,0.331826536279437
CCTCTAC,0.339476267958497
CCTCTAG,0.338954129353289
CCTCTAT,0.334404815319082
CCTCTCA,0.331615417554128
CCTCTCC,0.365422303387745
CCTCTCG,0.358484907101942
CCTCTCT,0.342123981950061
CCTCTGA,0.336063699818062
CCTCTGC,0.381537874597475
CCTCTGG,0.349127795291728
CCTCTGT,0.33902628315678
CCTCTTA,0.330794746142211
CCTCTTC,0.349848598260693
CCTCTTG,0.338476408571316
CCTCTTT,0.332815777674807
CCTGAAA,0.326361187529256
CCTGAAC,0.334045775475443
CCTGAAG,0.347057700404212
CCTGAAT,0.332092966783377
CCTGACA,0.337544368167632
CCTGACC,0.344525547624407
CCTGACG,0.347664191688602
CCTGACT,0.334939683659821
CCTGAGA,0.337909033544265
CCTGAGC,0.380335289844516
CCTGAGG,0.369283125733134
CCTGAGT,0.334894834723708
CCTGATA,0.336525352590589
CCTGATC,0.336993677886119
CCTGATG,0.336253209951534
CCTGATT,0.331109935921193
CCTGCAA,0.337472107355204
CCTGCAC,0.348311164418897
CCTGCAG,0.394970665708534
CCTGCAT,0.334674010630183
CCTGCCA,0.341870489098408
CCTGCCC,0.386087996890862
CCTGCCG,0.405287551037807
CCTGCCT,0.345311132662836
CCTGCGA,0.355143463992379
CCTGCGC,0.421689572134286
CCTGCGG,0.408603649403367
CCTGCGT,0.355826160654161
CCTGCTA,0.340337887322089
CCTGCTC,0.392781804560319
CCTGCTG,0.438041645136205
CCTGCTT,0.337647588842591
CCTGGAA,0.33642546073148
CCTGGAC,0.360238909910363
CCTGGAG,0.381537874597475
CCTGGAT,0.339362932086356
CCTGGCA,0.343281011320761
CCTGGCC,0.405808325031802
CCTGGCG,0.398259572096308
CCTGGCT,0.359862109314232
CCTGGGA,0.352204580270857
CCTGGGC,0.42199319142241
CCTGGGG,0.391723058554844
CCTGGGT,0.3368352982872
CCTGGTA,0.337620064371026
CCTGGTC,0.358464689523621
CCTGGTG,0.371487387353974
CCTGGTT,0.335398407256606
CCTGTAA,0.309893265980461
CCTGTAC,0.340999902871748
CCTGTAG,0.334145905316884
CCTGTAT,0.335853473838662
CCTGTCA,0.338991924852032
CCTGTCC,0.347214469356447
CCTGTCG,0.355221220297499
CCTGTCT,0.333921462412147
CCTGTGA,0.335232877142503
CCTGTGC,0.357854600345669
CCTGTGG,0.359192264953544
CCTGTGT,0.341051336507491
CCTGTTA,0.331210360144942
CCTGTTC,0.346208676410508
CCTGTTG,0.341198764936814
CCTGTTT,0.328998694222997
CCTTAAA,0.328016089196991
CCTTAAC,0.333285843075379
CCTTAAG,0.333247831291848
CCTTAAT,0.332179454930989
CCTTACA,0.334411718668264
CCTTACC,0.33444623469935
CCTTACG,0.338493596729668
CCTTACT,0.333272020775818
CCTTAGA,0.334152810453638
CCTTAGC,0.337169243341736
CCTTAGG,0.335329439705586
CCTTAGT,0.335625966433333
CCTTATA,0.333990527132949
CCTTATC,0.334311615440466
CCTTATG,0.335036274537202
CCTTATT,0.330784353578654
CCTTCAA,0.331785008248376
CCTTCAC,0.335288056891728
CCTTCAG,0.338452344653286
CCTTCAT,0.335505297561493
CCTTCCA,0.332487292035412
CCTTCCC,0.355251645032035
CCTTCCG,0.351902754338688
CCTTCCT,0.346771363234182
CCTTCGA,0.342887497717798
CCTTCGC,0.357055191119322
CCTTCGG,0.352950276161645
CCTTCGT,0.346235965500538
CCTTCTA,0.334594640059015
CCTTCTC,0.346992940838194
CCTTCTG,0.34901894969885
CCTTCTT,0.339228973129382
CCTTGAA,0.330631916903223
CCTTGAC,0.334963832253849
CCTTGAG,0.336997120642313
CCTTGAT,0.335288056891728
CCTTGCA,0.335670782591685
CCTTGCC,0.345113086793296
CCTTGCG,0.352584276754305
CCTTGCT,0.336608014169958
CCTTGGA,0.333814402667428
CCTTGGC,0.350066097097551
CCTTGGG,0.340989615827142
CCTTGGT,0.338569221116871
CCTTGTA,0.33579143149749
CCTTGTC,0.338854479826889
CCTTGTG,0.339812765460728
CCTTGTT,0.332947141723729
CCTTTAA,0.326601248528171
CCTTTAC,0.33361061212699
CCTTTAG,0.331227673647029
CCTTTAT,0.332680938731162
CCTTTCA,0.331234598963933
CCTTTCC,0.335284608246604
CCTTTCG,0.340461405342603
CCTTTCT,0.334080304139529
CCTTTGA,0.328113351118252
CCTTTGC,0.339349193531995
CCTTTGG,0.328460637919616
CCTTTGT,0.331172269385172
CCTTTTA,0.326882985751191
CCTTTTC,0.326312472467015
CCTTTTG,0.330472526438815
CCTTTTT,0.320330354474193
CGAAAAA,0.332833063404033
CGAAAAC,0.336652786339291
CGAAAAG,0.33626699110585
CGAAAAT,0.335163898173938
CGAAACA,0.335984439475081
CGAAACC,0.336397902600457
CGAAACG,0.339898588536316
CGAAACT,0.337041875394284
CGAAAGA,0.335043173528592
CGAAAGC,0.338947257290948
CGAAAGG,0.337530604605928
CGAAAGT,0.336442684177719
CGAAATA,0.335453577872929
CGAAATC,0.3373344532655
CGAAATG,0.338015655838427
CGAAATT,0.335667335266195
CGAACAA,0.337155474615975
CGAACAC,0.338187603329137
CGAACAG,0.342110281276474
CGAACAT,0.337891835335325
CGAACCA,0.339393843143575
CGAACCC,0.345297475586147
CGAACCG,0.347452983660166
CGAACCT,0.337465225100731
CGAACGA,0.341606651272709
CGAACGC,0.349495061725419
CGAACGG,0.345403313052253
CGAACGT,0.339132786400086
CGAACTA,0.337771439590237
CGAACTC,0.327741620624758
CGAACTG,0.341181623212885
CGAACTT,0.336346229057743
CGAAGAA,0.336384123250146
CGAAGAC,0.339881424510437
CGAAGAG,0.342421925169757
CGAAGAT,0.340351612300032
CGAAGCA,0.339936348356279
CGAAGCC,0.352574108191681
CGAAGCG,0.350477176615752
CGAAGCT,0.339527780018034
CGAAGGA,0.342983323988129
CGAAGGC,0.349580057881576
CGAAGGG,0.347173575477358
CGAAGGT,0.340602060063918
CGAAGTA,0.336256655257918
CGAAGTC,0.339125915565383
CGAAGTG,0.33808787738569
CGAAGTT,0.338565783768793
CGAATAA,0.335801772154998
CGAATAC,0.336129171015529
CGAATAG,0.336659674187427
CGAATAT,0.336924820273083
CGAATCA,0.337014334245497
CGAATCC,0.339239278301658
CGAATCG,0.340684385356017
CGAATCT,0.33808787738569
CGAATGA,0.335980993230701
CGAATGC,0.337668231699104
CGAATGG,0.338668899071804
CGAATGT,0.335860367194523
CGAATTA,0.3373344532655
CGAATTC,0.336979906742816
CGAATTG,0.336676893600211
CGAATTT,0.33579143149749
CGACAAA,0.335594938685554
CGACAAC,0.340495713196437
CGACAAG,0.342771124900254
CGACAAT,0.337096955416419
CGACACA,0.337895275000775
CGACACC,0.345696868039308
CGACACG,0.339366366695455
CGACACT,0.338366397361463
CGACAGA,0.333924915761475
CGACAGC,0.352835068572887
CGACAGG,0.339980971759904
CGACAGT,0.341901322742683
CGACATA,0.337582216985568
CGACATC,0.338098194323806
CGACATG,0.343739344956893
CGACATT,0.337437695609173
CGACCAA,0.339524345963283
CGACCAC,0.340162877339067
CGACCAG,0.345454520708306
CGACCAT,0.343605971017646
CGACCCA,0.344901339206031
CGACCCC,0.367147488292107
CGACCCG,0.364421268617062
CGACCCT,0.350776037433566
CGACCGA,0.345218943775411
CGACCGC,0.363281749274
CGACCGG,0.355109655017289
CGACCGT,0.343906892130891
CGACCTA,0.337251851715408
CGACCTC,0.338548596851169
CGACCTG,0.350127260123033
CGACCTT,0.340070212593853
CGACGAA,0.338789186821555
CGACGAC,0.350820179756141
CGACGAG,0.348865865536602
CGACGAT,0.339448793775055
CGACGCA,0.342123981950061
CGACGCC,0.363110709321215
CGACGCG,0.364136510492956
CGACGCT,0.350083087202101
CGACGGA,0.345416968683598
CGACGGC,0.38131394100084
CGACGGG,0.364139861059949
CGACGGT,0.343982108262343
CGACGTA,0.338871661488177
CGACGTC,0.342171932829463
CGACGTG,0.351902754338688
CGACGTT,0.339771567768038
CGACTAA,0.336869730768663
CGACTAC,0.341466137790862
CGACTAG,0.339493438939843
CGACTAT,0.339706334616634
CGACTCA,0.339606760022679
CGACTCC,0.344382026303848
CGACTCG,0.349430459814751
CGACTCT,0.341555246191628
CGACTGA,0.341332460299868
CGACTGC,0.357783792414955
CGACTGG,0.344593883871273
CGACTGT,0.341514120224092
CGACTTA,0.336322113823993
CGACTTC,0.341438718223861
CGACTTG,0.341044478842236
CGACTTT,0.336756099080211
CGAGAAA,0.335470818066333
CGAGAAC,0.340742695004265
CGAGAAG,0.354856051262921
CGAGAAT,0.337633826701508
CGAGACA,0.33808787738569
CGAGACC,0.343886377658582
CGAGACG,0.345533034021664
CGAGACT,0.33639445778068
CGAGAGA,0.340245238793463
CGAGAGC,0.367027223086471
CGAGAGG,0.372600988213467
CGAGAGT,0.343773540537688
CGAGATA,0.337898714654394
CGAGATC,0.3322278850265
CGAGATG,0.34941345861828
CGAGATT,0.339067511564288
CGAGCAA,0.340849015610644
CGAGCAC,0.345065276740985
CGAGCAG,0.378477503618804
CGAGCAT,0.342113706462468
CGAGCCA,0.3609416672907
CGAGCCC,0.409308467137616
CGAGCCG,0.433015802659947
CGAGCCT,0.366726496778382
CGAGCGA,0.365241588629262
CGAGCGC,0.414247451638292
CGAGCGG,0.428036868902608
CGAGCGT,0.349080176802618
CGAGCTA,0.344556299513391
CGAGCTC,0.359434672507492
CGAGCTG,0.385779833962311
CGAGCTT,0.342914877589199
CGAGGAA,0.341476419934659
CGAGGAC,0.357824254703576
CGAGGAG,0.40833761177913
CGAGGAT,0.340279554064182
CGAGGCA,0.348256698641889
CGAGGCC,0.413345177570795
CGAGGCG,0.41145190244594
CGAGGCT,0.365944184872182
CGAGGGA,0.3576522786689
CGAGGGC,0.379398578626365
CGAGGGG,0.389775298023637
CGAGGGT,0.344180378222003
CGAGGTA,0.339335454788884
CGAGGTC,0.341387304509222
CGAGGTG,0.360679451961543
CGAGGTT,0.341942432789551
CGAGTAA,0.336845628156127
CGAGTAC,0.341747145013291
CGAGTAG,0.331971870808608
CGAGTAT,0.339064075928584
CGAGTCA,0.34086616303694
CGAGTCC,0.355697768156045
CGAGTCG,0.350035514181909
CGAGTCT,0.340945037410959
CGAGTGA,0.349063169649823
CGAGTGC,0.353874844500837
CGAGTGG,0.357146295317963
CGAGTGT,0.342552033439595
CGAGTTA,0.335050072472386
CGAGTTC,0.354930448363647
CGAGTTG,0.341034192256177
CGAGTTT,0.337062530758111
CGATAAA,0.337306920173575
CGATAAC,0.337269060934348
CGATAAG,0.337110724947934
CGATAAT,0.336391012949036
CGATACA,0.338187603329137
CGATACC,0.337475548464679
CGATACG,0.33770951613379
CGATACT,0.337337894848689
CGATAGA,0.336752655494137
CGATAGC,0.339215232734483
CGATAGG,0.337620064371026
CGATAGT,0.336873173951602
CGATATA,0.337234642200306
CGATATC,0.337558131539902
CGATATG,0.337651029348269
CGATATT,0.336904162064571
CGATCAA,0.337482430648105
CGATCAC,0.336546018626028
CGATCAG,0.337303478483782
CGATCAT,0.336890389688469
CGATCCA,0.337712956426414
CGATCCC,0.344798864597284
CGATCCG,0.345099427011593
CGATCCT,0.337840238933763
CGATCGA,0.340773563441621
CGATCGC,0.343773540537688
CGATCGG,0.342671855029501
CGATCGT,0.339775000973921
CGATCTA,0.33830794898332
CGATCTC,0.329945664160454
CGATCTG,0.336762986216784
CGATCTT,0.338373273416655
CGATGAA,0.339709768046484
CGATGAC,0.338641402697299
CGATGAG,0.345683216229657
CGATGAT,0.337878076555209
CGATGCA,0.338744510203538
CGATGCC,0.348011565927994
CGATGCG,0.347688034954013
CGATGCT,0.347558593250488
CGATGGA,0.345683216229657
CGATGGC,0.366539332533986
CGATGGG,0.347722095775597
CGATGGT,0.342733471971382
CGATGTA,0.336979906742816
CGATGTC,0.344149614770378
CGATGTG,0.341966412869779
CGATGTT,0.33995694402077
CGATTAA,0.3359706544263
CGATTAC,0.336060253846822
CGATTAG,0.336831854973845
CGATTAT,0.336049915861853
CGATTCA,0.335891386707873
CGATTCC,0.341215906366909
CGATTCG,0.34055746436738
CGATTCT,0.329331796876189
CGATTGA,0.337000563386655
CGATTGC,0.339881424510437
CGATTGG,0.336377233503789
CGATTGT,0.336838741588699
CGATTTA,0.335488057962517
CGATTTC,0.335325991203174
CGATTTG,0.335084566477444
CGATTTT,0.33458083583833
CGCAAAA,0.334560129150001
CGCAAAC,0.3384110908751
CGCAAAG,0.336842184878341
CGCAAAT,0.334843083451741
CGCAACA,0.338032851918026
CGCAACC,0.343807734949187
CGCAACG,0.339070947188189
CGCAACT,0.340080509100702
CGCAAGA,0.34341784932728
CGCAAGC,0.344194050563396
CGCAAGG,0.342914877589199
CGCAAGT,0.339194621788131
CGCAATA,0.33706597327727
CGCAATC,0.338974745256962
CGCAATG,0.342439045646134
CGCAATT,0.337186453982348
CGCACAA,0.334960382490405
CGCACAC,0.336917934250997
CGCACAG,0.346658851195914
CGCACAT,0.337798959895652
CGCACCA,0.341620358848056
CGCACCC,0.356032229936882
CGCACCG,0.36881300968155
CGCACCT,0.347483645657982
CGCACGA,0.340279554064182
CGCACGC,0.36339575965876
CGCACGG,0.360797121190441
CGCACGT,0.34284984917053
CGCACTA,0.340004998921719
CGCACTC,0.348399664979989
CGCACTG,0.348477947409523
CGCACTT,0.342315771673494
CGCAGAA,0.342322620626217
CGCAGAC,0.345775362328227
CGCAGAG,0.365070883587626
CGCAGAT,0.33963422986653
CGCAGCA,0.361949547492313
CGCAGCC,0.443450990056782
CGCAGCG,0.426652918190943
CGCAGCT,0.387519381037453
CGCAGGA,0.362902738990629
CGCAGGC,0.388190148795924
CGCAGGG,0.390408654827764
CGCAGGT,0.362231572008729
CGCAGTA,0.341500411192383
CGCAGTC,0.360003426176431
CGCAGTG,0.350762454788442
CGCAGTT,0.342925144847706
CGCATAA,0.337833359212408
CGCATAC,0.337750798864142
CGCATAG,0.336849071422057
CGCATAT,0.337881516267986
CGCATCA,0.338380149424567
CGCATCC,0.344576800247349
CGCATCG,0.345744647905461
CGCATCT,0.337647588842591
CGCATGA,0.338971309302531
CGCATGC,0.340190331910918
CGCATGG,0.344088085027812
CGCATGT,0.337571894722745
CGCATTA,0.337275944539001
CGCATTC,0.339084689565758
CGCATTG,0.340962183190821
CGCATTT,0.334808581115817
CGCCAAA,0.337041875394284
CGCCAAC,0.342528067398652
CGCCAAG,0.35600520687643
CGCCAAT,0.338765130429108
CGCCACA,0.346307595818952
CGCCACC,0.38449698729064
CGCCACG,0.353231462479986
CGCCACT,0.344060737260284
CGCCAGA,0.348784211066847
CGCCAGC,0.394944674674324
CGCCAGG,0.383531306485044
CGCCAGT,0.353034979157052
CGCCATA,0.338455782391315
CGCCATC,0.362597413864783
CGCCATG,0.431579222929282
CGCCATT,0.345382829255587
CGCCCAA,0.341030763370643
CGCCCAC,0.354182844083289
CGCCCAG,0.372055977364033
CGCCCAT,0.345536447504154
CGCCCCA,0.360723159291464
CGCCCCC,0.427282224142495
CGCCCCG,0.450409246743126
CGCCCCT,0.385550289224319
CGCCCGA,0.372757125601598
CGCCCGC,0.503334619102733
CGCCCGG,0.475492474972819
CGCCCGT,0.368389382554117
CGCCCTA,0.344334181285881
CGCCCTC,0.389723044500351
CGCCCTG,0.394765968024878
CGCCCTT,0.347415506608255
CGCCGAA,0.347510899977906
CGCCGAC,0.366318701121536
CGCCGAG,0.435383684692363
CGCCGAT,0.34560130145771
CGCCGCA,0.394726973238752
CGCCGCC,0.790982110795175
CGCCGCG,0.558071886084652
CGCCGCT,0.469684490427515
CGCCGGA,0.387116704309978
CGCCGGC,0.497023779181295
CGCCGGG,0.509660922681558
CGCCGGT,0.359515461969139
CGCCGTA,0.342832735725922
CGCCGTC,0.395003153551356
CGCCGTG,0.380602289703688
CGCCGTT,0.352601224128906
CGCCTAA,0.336962692546996
CGCCTAC,0.342678701543868
CGCCTAG,0.348617479152226
CGCCTAT,0.338074121302628
CGCCTCA,0.357959117176006
CGCCTCC,0.41338345307457
CGCCTCG,0.387967700088256
CGCCTCT,0.36984963860986
CGCCTGA,0.360386899879762
CGCCTGC,0.426482937663428
CGCCTGG,0.402337814641021
CGCCTGT,0.339472833726846
CGCCTTA,0.341270756968767
CGCCTTC,0.37432379335527
CGCCTTG,0.352469026989491
CGCCTTT,0.344464041009256
CGCGAAA,0.337995020152569
CGCGAAC,0.341562100355118
CGCGAAG,0.350626618189382
CGCGAAT,0.340217785729036
CGCGACA,0.343882958538948
CGCGACC,0.360985363161641
CGCGACG,0.359326943071279
CGCGACT,0.347878760614015
CGCGAGA,0.352079113138047
CGCGAGC,0.404167933463671
CGCGAGG,0.39401505115996
CGCGAGT,0.355302350865987
CGCGATA,0.339345758863913
CGCGATC,0.341469565183875
CGCGATG,0.365653169175232
CGCGATT,0.34021435404299
CGCGCAA,0.341013618766611
CGCGCAC,0.369143114274522
CGCGCAG,0.400901663168435
CGCGCAT,0.343027811635283
CGCGCCA,0.373075968789855
CGCGCCC,0.478637885040017
CGCGCCG,0.515835182086191
CGCGCCT,0.401992681123096
CGCGCGA,0.368275940107305
CGCGCGC,0.493432429858391
CGCGCGG,0.516338874959441
CGCGCGT,0.371480735265323
CGCGCTA,0.349291041470463
CGCGCTC,0.413096351080161
CGCGCTG,0.433572352779467
CGCGCTT,0.355721420644362
CGCGGAA,0.35654215327826
CGCGGAC,0.382571271003092
CGCGGAG,0.474877800635576
CGCGGAT,0.355309111449592
CGCGGCA,0.380602289703688
CGCGGCC,0.569266638624039
CGCGGCG,0.578592293525354
CGCGGCT,0.433378533396567
CGCGGGA,0.409795142101703
CGCGGGC,0.534061802694748
CGCGGGG,0.499944349291263
CGCGGGT,0.380196817402269
CGCGGTA,0.346788409408444
CGCGGTC,0.377043031857767
CGCGGTG,0.394843953035647
CGCGGTT,0.349131196525613
CGCGTAA,0.338050047701925
CGCGTAC,0.341414725485982
CGCGTAG,0.345304304147806
CGCGTAT,0.338001898761837
CGCGTCA,0.344942326109418
CGCGTCC,0.391286202856722
CGCGTCG,0.371487387353974
CGCGTCT,0.358976742230605
CGCGTGA,0.350324315539319
CGCGTGC,0.373547404683677
CGCGTGG,0.361872312621104
CGCGTGT,0.344566549932905
CGCGTTA,0.340495713196437
CGCGTTC,0.348324780399642
CGCGTTG,0.345870912277665
CGCGTTT,0.339877991669908
CGCTAAA,0.33710728258283
CGCTAAC,0.340159445464586
CGCTAAG,0.339304541926739
CGCTAAT,0.337410165359722
CGCTACA,0.341243332043912
CGCTACC,0.350477176615752
CGCTACG,0.343164684291158
CGCTACT,0.344088085027812
CGCTAGA,0.338971309302531
CGCTAGC,0.349052965219307
CGCTAGG,0.352557160357526
CGCTAGT,0.341616931971835
CGCTATA,0.337651029348269
CGCTATC,0.339094996225001
CGCTATG,0.343014123339263
CGCTATT,0.336869730768663
CGCTCAA,0.336797421188178
CGCTCAC,0.348467737005369
CGCTCAG,0.355464592259127
CGCTCAT,0.343838508919851
CGCTCCA,0.3533127546328
CGCTCCC,0.396519161445539
CGCTCCG,0.392765524647315
CGCTCCT,0.380786840527474
CGCTCGA,0.344084666597772
CGCTCGC,0.393436037678741
CGCTCGG,0.400190893078325
CGCTCGT,0.354372335147461
CGCTCTA,0.341212478104396
CGCTCTC,0.36498049853166
CGCTCTG,0.366592811607016
CGCTCTT,0.350096679077907
CGCTGAA,0.346440609942083
CGCTGAC,0.359619805364605
CGCTGAG,0.385301009549716
CGCTGAT,0.338579533090214
CGCTGCA,0.373334954045353
CGCTGCC,0.478075968804437
CGCTGCG,0.436322411923887
CGCTGCT,0.465999469953117
CGCTGGA,0.363030209807827
CGCTGGC,0.408004163497454
CGCTGGG,0.426681245469996
CGCTGGT,0.366435708690538
CGCTGTA,0.340481990196146
CGCTGTC,0.367431390426849
CGCTGTG,0.37043580812714
CGCTGTT,0.355417274571788
CGCTTAA,0.336966135409867
CGCTTAC,0.337251851715408
CGCTTAG,0.340677525173864
CGCTTAT,0.337093513003916
CGCTTCA,0.344446955166983
CGCTTCC,0.367331198876663
CGCTTCG,0.359555854252493
CGCTTCT,0.353153551298591
CGCTTGA,0.329061159422888
CGCTTGC,0.348300952311671
CGCTTGG,0.354920303630372
CGCTTGT,0.343270747715395
CGCTTTA,0.33791247315056
CGCTTTC,0.340873021925129
CGCTTTG,0.342329469532032
CGCTTTT,0.33473957287253
CGGAAAA,0.338235743328794
CGGAAAC,0.33854172200141
CGGAAAG,0.337878076555209
CGGAAAT,0.337816159701944
CGGAACA,0.342801930787575
CGGAACC,0.358306304350217
CGGAACG,0.345522793504282
CGGAACT,0.34378379898391
CGGAAGA,0.352594445213531
CGGAAGC,0.361865596263428
CGGAAGG,0.356312551107297
CGGAAGT,0.360938305990772
CGGAATA,0.337706075829331
CGGAATC,0.339836796664355
CGGAATG,0.335012127692511
CGGAATT,0.335681124496851
CGGACAA,0.341801966484927
CGGACAC,0.343020967510694
CGGACAG,0.348848854738561
CGGACAT,0.342860117096719
CGGACCA,0.346249609766298
CGGACCC,0.378672353667696
CGGACCG,0.376245580874604
CGGACCT,0.354209916433792
CGGACGA,0.353475319115871
CGGACGC,0.375172485951975
CGGACGG,0.384247444878163
CGGACGT,0.347793619724891
CGGACTA,0.341023905564303
CGGACTC,0.360632380392817
CGGACTG,0.35545445294318
CGGACTT,0.341928729628376
CGGAGAA,0.352092677911358
CGGAGAC,0.370159418721813
CGGAGAG,0.366940355886335
CGGAGAT,0.343462317648053
CGGAGCA,0.3726043105394
CGGAGCC,0.504214617543671
CGGAGCG,0.460860105229928
CGGAGCT,0.400882285229242
CGGAGGA,0.408138838688275
CGGAGGC,0.459569603576405
CGGAGGG,0.393588955838234
CGGAGGT,0.359192264953544
CGGAGTA,0.344470875264427
CGGAGTC,0.361086192500403
CGGAGTG,0.358858858591398
CGGAGTT,0.344033388744834
CGGATAA,0.338053486823222
CGGATAC,0.337970944647519
CGGATAG,0.337468666233888
CGGATAT,0.337637267254535
CGGATCA,0.335443233614217
CGGATCC,0.355315871987492
CGGATCG,0.349202619765028
CGGATCT,0.342606810805025
CGGATGA,0.340715255593326
CGGATGC,0.34323311359444
CGGATGG,0.350038912329836
CGGATGT,0.342000669129753
CGGATTA,0.336811194844728
CGGATTC,0.33954151611911
CGGATTG,0.337840238933763
CGGATTT,0.337826479443721
CGGCAAA,0.335550119127965
CGGCAAC,0.349127795291728
CGGCAAG,0.350055902896261
CGGCAAT,0.339881424510437
CGGCACA,0.341692320536096
CGGCACC,0.374788011360292
CGGCACG,0.352357154219947
CGGCACT,0.352119806905982
CGGCAGA,0.361784996452577
CGGCAGC,0.475453506842704
CGGCAGG,0.394206897403655
CGGCAGT,0.364993889425827
CGGCATA,0.337833359212408
CGGCATC,0.348198825503208
CGGCATG,0.360531505283788
CGGCATT,0.340828438310957
CGGCCAA,0.348341800114867
CGGCCAC,0.377919163595615
CGGCCAG,0.405515824876674
CGGCCAT,0.378408141048848
CGGCCCA,0.379395278796734
CGGCCCC,0.478873915229654
CGGCCCG,0.516638092294008
CGGCCCT,0.393868703008689
CGGCCGA,0.409689502532684
CGGCCGC,0.580669392998647
CGGCCGG,0.545026656872298
CGGCCGT,0.382913307132909
CGGCCTA,0.34849496451811
CGGCCTC,0.418559455504607
CGGCCTG,0.424447223412412
CGGCCTT,0.354818850636857
CGGCGAA,0.350616429700585
CGGCGAC,0.397410811595465
CGGCGAG,0.415931854557831
CGGCGAT,0.356899957439988
CGGCGCA,0.382643634556696
CGGCGCC,0.528053436133993
CGGCGCG,0.542523775071738
CGGCGCT,0.440108905174501
CGGCGGA,0.427738223444575
CGGCGGC,0.939872261525223
CGGCGGG,0.582766420621059
CGGCGGT,0.427536980421296
CGGCGTA,0.344655382500992
CGGCGTC,0.397132053704884
CGGCGTG,0.376871021540406
CGGCGTT,0.349447460722187
CGGCTAA,0.331459645659043
CGGCTAC,0.354612531136365
CGGCTAG,0.347592658481173
CGGCTAT,0.340715255593326
CGGCTCA,0.341959561476963
CGGCTCC,0.449778954474034
CGGCTCG,0.406646779765254
CGGCTCT,0.373115817041299
CGGCTGA,0.374675292513008
CGGCTGC,0.497841929978583
CGGCTGG,0.434678279932696
CGGCTGT,0.377135640544146
CGGCTTA,0.338452344653286
CGGCTTC,0.37824297270551
CGGCTTG,0.353614155354287
CGGCTTT,0.350517935623432
CGGGAAA,0.340238375598013
CGGGAAC,0.350341301257314
CGGGAAG,0.368649584256718
CGGGAAT,0.337620064371026
CGGGACA,0.353505797014574
CGGGACC,0.40022967538521
CGGGACG,0.389458469130214
CGGGACT,0.363422583742715
CGGGAGA,0.366866846976529
CGGGAGC,0.472325112150568
CGGGAGG,0.432374447993498
CGGGAGT,0.36255714425279
CGGGATA,0.339033154676073
CGGGATC,0.35423360413928
CGGGATG,0.355643703224759
CGGGATT,0.341198764936814
CGGGCAA,0.341092481511469
CGGGCAC,0.363422583742715
CGGGCAG,0.404351404968103
CGGGCAT,0.34903255604588
CGGGCCA,0.383199343671184
CGGGCCC,0.492722627081052
CGGGCCG,0.541292434175273
CGGGCCT,0.391641570105914
CGGGCGA,0.381527996231388
CGGGCGC,0.515167037890468
CGGGCGG,0.600013614587319
CGGGCGT,0.364538498397766
CGGGCTA,0.34852559458384
CGGGCTC,0.413813951573655
CGGGCTG,0.448415549905958
CGGGCTT,0.363335402838947
CGGGGAA,0.366398936358367
CGGGGAC,0.398220713307474
CGGGGAG,0.427477228601718
CGGGGAT,0.354504280930861
CGGGGCA,0.38088569303176
CGGGGCC,0.551831632608315
CGGGGCG,0.490820465126747
CGGGGCT,0.435093467761023
CGGGGGA,0.379652632814269
CGGGGGC,0.480294893923979
CGGGGGG,0.397929224249815
CGGGGGT,0.373683482158524
CGGGGTA,0.344180378222003
CGGGGTC,0.396979676431905
CGGGGTG,0.366415651222437
CGGGGTT,0.342969635083131
CGGGTAA,0.337716396707202
CGGGTAC,0.341675187270547
CGGGTAG,0.346764544683116
CGGGTAT,0.339198056975357
CGGGTCA,0.348998539831174
CGGGTCC,0.382489033335407
CGGGTCG,0.372265376425559
CGGGTCT,0.359643365269751
CGGGTGA,0.359559220202461
CGGGTGC,0.377056262195202
CGGGTGG,0.388056031233752
CGGGTGT,0.351665299136816
CGGGTTA,0.338741073457937
CGGGTTC,0.348031995949414
CGGGTTG,0.347623316196645
CGGGTTT,0.341915026279421
CGGTAAA,0.336366898795248
CGGTAAC,0.338125705638423
CGGTAAG,0.337485871722056
CGGTAAT,0.338005338048727
CGGTACA,0.338792623401806
CGGTACC,0.344419617212124
CGGTACG,0.339551818071097
CGGTACT,0.340457974492482
CGGTAGA,0.338844170688415
CGGTAGC,0.353830836815486
CGGTAGG,0.344576800247349
CGGTAGT,0.340464836180953
CGGTATA,0.337726717478553
CGGTATC,0.340478559416648
CGGTATG,0.33974410169663
CGGTATT,0.336322113823993
CGGTCAA,0.336707887796039
CGGTCAC,0.341568954471628
CGGTCAG,0.345713932539291
CGGTCAT,0.341706026937184
CGGTCCA,0.344419617212124
CGGTCCC,0.376669202487252
CGGTCCG,0.376374672094827
CGGTCCT,0.353444840288237
CGGTCGA,0.343753023329532
CGGTCGC,0.371976194757852
CGGTCGG,0.365686623563458
CGGTCGT,0.342175357804296
CGGTCTA,0.338356083190025
CGGTCTC,0.348399664979989
CGGTCTG,0.345232601924649
CGGTCTT,0.339167139865494
CGGTGAA,0.338847607079715
CGGTGAC,0.355968048975915
CGGTGAG,0.36111643931966
CGGTGAT,0.34263419836257
CGGTGCA,0.352682567529216
CGGTGCC,0.384559363165064
CGGTGCG,0.384579060001319
CGGTGCT,0.367641760013095
CGGTGGA,0.357959117176006
CGGTGGC,0.420774994699345
CGGTGGG,0.381383102316558
CGGTGGT,0.358080477852506
CGGTGTA,0.34150726573173
CGGTGTC,0.359683752387234
CGGTGTG,0.352875731590397
CGGTGTT,0.342076028771261
CGGTTAA,0.337038432792167
CGGTTAC,0.340389355018096
CGGTTAG,0.338785750229493
CGGTTAT,0.337251851715408
CGGTTCA,0.339139657187581
CGGTTCC,0.361173569704472
CGGTTCG,0.345007218604294
CGGTTCT,0.340245238793463
CGGTTGA,0.341154195843401
CGGTTGC,0.355964670916493
CGGTTGG,0.353807139567329
CGGTTGT,0.34140101509159
CGGTTTA,0.334877584597294
CGGTTTC,0.345191626917286
CGGTTTG,0.339617061302552
CGGTTTT,0.333876567785612
CGTAAAA,0.335253569905277
CGTAAAC,0.335360475692166
CGTAAAG,0.337561572353371
CGTAAAT,0.3359051728494
CGTAACA,0.336087821284257
CGTAACC,0.339623928763514
CGTAACG,0.338916332425992
CGTAACT,0.336322113823993
CGTAAGA,0.337970944647519
CGTAAGC,0.337420489292084
CGTAAGG,0.340001566505376
CGTAAGT,0.335708702387747
CGTAATA,0.336559795745721
CGTAATC,0.336180855775328
CGTAATG,0.338022534305751
CGTAATT,0.336246319303155
CGTACAA,0.337131378889712
CGTACAC,0.338338892667886
CGTACAG,0.336449573473154
CGTACAT,0.338679210017327
CGTACCA,0.340029025506243
CGTACCC,0.339101867272148
CGTACCG,0.34299016837036
CGTACCT,0.338387025385199
CGTACGA,0.338060365030333
CGTACGC,0.340704965620109
CGTACGG,0.341445573186096
CGTACGT,0.337905593926139
CGTACTA,0.338246058741506
CGTACTC,0.338153216196189
CGTACTG,0.340855874616447
CGTACTT,0.336697556504167
CGTAGAA,0.337110724947934
CGTAGAC,0.338225427809672
CGTAGAG,0.338390463347786
CGTAGAT,0.336828411648634
CGTAGCA,0.339847095574841
CGTAGCC,0.346508815450467
CGTAGCG,0.344942326109418
CGTAGCT,0.343154419491782
CGTAGGA,0.339208362466233
CGTAGGC,0.344231648538383
CGTAGGG,0.342141107528083
CGTAGGT,0.339963809148005
CGTAGTA,0.337131378889712
CGTAGTC,0.338899151532215
CGTAGTG,0.339129350988635
CGTAGTT,0.337478989562312
CGTATAA,0.337048760562965
CGTATAC,0.337540927294965
CGTATAG,0.337816159701944
CGTATAT,0.336187746874807
CGTATCA,0.337568453944793
CGTATCC,0.338906023925148
CGTATCG,0.339098431754476
CGTATCT,0.33830794898332
CGTATGA,0.33721054838159
CGTATGC,0.337176127633526
CGTATGG,0.337286269857136
CGTATGT,0.336167073433908
CGTATTA,0.336270436364755
CGTATTC,0.33626699110585
CGTATTG,0.337361985599374
CGTATTT,0.335084566477444
CGTCAAA,0.337499635899453
CGTCAAC,0.342302073627322
CGTCAAG,0.340135422013441
CGTCAAT,0.336180855775328
CGTCACA,0.337155474615975
CGTCACC,0.34506186164978
CGTCACG,0.342630774958897
CGTCACT,0.342880652632812
CGTCAGA,0.339088125130642
CGTCAGC,0.350511142570852
CGTCAGG,0.342795085116849
CGTCAGT,0.341836228378586
CGTCATA,0.337895275000775
CGTCATC,0.341353027230864
CGTCATG,0.347766373109318
CGTCATT,0.338476408571316
CGTCCAA,0.338510784592592
CGTCCAC,0.341462710386103
CGTCCAG,0.345324789553011
CGTCCAT,0.344771536261349
CGTCCCA,0.341459282969596
CGTCCCC,0.377112489176573
CGTCCCG,0.383735031065036
CGTCCCT,0.360373447151145
CGTCCGA,0.349359052847138
CGTCCGC,0.386631967687499
CGTCCGG,0.372870060857724
CGTCCGT,0.350721705746105
CGTCCTA,0.340070212593853
CGTCCTC,0.365867257922716
CGTCCTG,0.36844276278229
CGTCCTT,0.342401380211192
CGTCGAA,0.33946253096113
CGTCGAC,0.344877429403234
CGTCGAG,0.349858794575497
CGTCGAT,0.338651713926338
CGTCGCA,0.344248738059717
CGTCGCC,0.387313152238494
CGTCGCG,0.370372545004955
CGTCGCT,0.35880496429901
CGTCGGA,0.348566433212111
CGTCGGC,0.3678754521051
CGTCGGG,0.367531571939694
CGTCGGT,0.348324780399642
CGTCGTA,0.338789186821555
CGTCGTC,0.353881614742077
CGTCGTG,0.351563515358484
CGTCGTT,0.34265816186014
CGTCTAA,0.33679053428876
CGTCTAC,0.343116780992579
CGTCTAG,0.341610078184161
CGTCTAT,0.338142899825718
CGTCTCA,0.336360008930217
CGTCTCC,0.357793908140599
CGTCTCG,0.353810524922876
CGTCTCT,0.337499635899453
CGTCTGA,0.33995694402077
CGTCTGC,0.356106539588013
CGTCTGG,0.349841800659732
CGTCTGT,0.342685548011361
CGTCTTA,0.335015577277451
CGTCTTC,0.353336463599276
CGTCTTG,0.340818149502326
CGTCTTT,0.338407652983429
CGTGAAA,0.33482583243258
CGTGAAC,0.33917744567499
CGTGAAG,0.34376328198623
CGTGAAT,0.336167073433908
CGTGACA,0.33963422986653
CGTGACC,0.346198442809752
CGTGACG,0.343705148206719
CGTGACT,0.339493438939843
CGTGAGA,0.339544950114898
CGTGAGC,0.341678613947141
CGTGAGG,0.35600520687643
CGTGAGT,0.343879539407624
CGTGATA,0.336718218981177
CGTGATC,0.335074218400859
CGTGATG,0.34001186371906
CGTGATT,0.33642546073148
CGTGCAA,0.338940385181383
CGTGCAC,0.340814719875925
CGTGCAG,0.350660579069022
CGTGCAT,0.337943429074835
CGTGCCA,0.338782313625622
CGTGCCC,0.367661792903875
CGTGCCG,0.362785317282019
CGTGCCT,0.344863766402101
CGTGCGA,0.346229143297846
CGTGCGC,0.372418243286814
CGTGCGG,0.380836268001095
CGTGCGT,0.346338292956229
CGTGCTA,0.339397277646508
CGTGCTC,0.357524120431704
CGTGCTG,0.375420990001682
CGTGCTT,0.337382634352335
CGTGGAA,0.338239181811521
CGTGGAC,0.349702439656105
CGTGGAG,0.365920772948793
CGTGGAT,0.339373235878262
CGTGGCA,0.34320232098743
CGTGGCC,0.376225719207693
CGTGGCG,0.378285919099239
CGTGGCT,0.354588852405193
CGTGGGA,0.347827676950422
CGTGGGC,0.37468855421334
CGTGGGG,0.370342576865912
CGTGGGT,0.343886377658582
CGTGGTA,0.339383539564001
CGTGGTC,0.350382065803402
CGTGGTG,0.359791443393506
CGTGGTT,0.343571769706135
CGTGTAA,0.334849983776078
CGTGTAC,0.33826325085957
CGTGTAG,0.340053051513505
CGTGTAT,0.337127936595706
CGTGTCA,0.338173848617855
CGTGTCC,0.349297842816284
CGTGTCG,0.34941345861828
CGTGTCT,0.339486570582686
CGTGTGA,0.341788261398771
CGTGTGC,0.351587265833417
CGTGTGG,0.351241131696614
CGTGTGT,0.336749211896205
CGTGTTA,0.335150101809235
CGTGTTC,0.341867063079246
CGTGTTG,0.339084689565758
CGTGTTT,0.338077560341134
CGTTAAA,0.334007792567873
CGTTAAC,0.337871197094162
CGTTAAG,0.335756961866842
CGTTAAT,0.336118833743003
CGTTACA,0.337231200261745
CGTTACC,0.338545159432197
CGTTACG,0.339737235060904
CGTTACT,0.336346229057743
CGTTAGA,0.337114167301188
CGTTAGC,0.339218667850907
CGTTAGG,0.338500471910288
CGTTAGT,0.339301107105289
CGTTATA,0.337148590182002
CGTTATC,0.337114167301188
CGTTATG,0.33898505304942
CGTTATT,0.335160449100607
CGTTCAA,0.335691466295063
CGTTCAC,0.3368352982872
CGTTCAG,0.339362932086356
CGTTCAT,0.336642454478131
CGTTCCA,0.339987836722188
CGTTCCC,0.343106515701471
CGTTCCG,0.347289437125028
CGTTCCT,0.339297672272042
CGTTCGA,0.339819631577836
CGTTCGC,0.347980920113244
CGTTCGG,0.345065276740985
CGTTCGT,0.34027269110424
CGTTCTA,0.337255293582889
CGTTCTC,0.340090805501534
CGTTCTG,0.33954151611911
CGTTCTT,0.335339785141473
CGTTGAA,0.335912065848892
CGTTGAC,0.339019411590269
CGTTGAG,0.340149149770478
CGTTGAT,0.33650124167611
CGTTGCA,0.338765130429108
CGTTGCC,0.349814609793804
CGTTGCG,0.347108823415168
CGTTGCT,0.348862463400144
CGTTGGA,0.339273628108959
CGTTGGC,0.34787194960964
CGTTGGG,0.347875355117626
CGTTGGT,0.341486701972734
CGTTGTA,0.337014334245497
CGTTGTC,0.343304959323627
CGTTGTG,0.339994701637345
CGTTGTT,0.338851043459206
CGTTTAA,0.334618796986698
CGTTTAC,0.336170519037071
CGTTTAG,0.337200222281573
CGTTTAT,0.333738417830073
CGTTTCA,0.334349586809931
CGTTTCC,0.338476408571316
CGTTTCG,0.339641097209589
CGTTTCT,0.332559913940809
CGTTTGA,0.337021219603805
CGTTTGC,0.3409381790167
CGTTTGG,0.335836240241113
CGTTTGT,0.334567031427085
CGTTTTA,0.332750089178586
CGTTTTC,0.33665623026929
CGTTTTG,0.334283998993399
CGTTTTT,0.330943694352496
CTAAAAA,0.314931869716894
CTAAAAC,0.328981342086093
CTAAAAG,0.331009501611406
CTAAAAT,0.32711249074083
CTAAACA,0.331310774284679
CTAAACC,0.334373749658002
CTAAACG,0.336029239571287
CTAAACT,0.33308194478004
CTAAAGA,0.331310774284679
CTAAAGC,0.331407716301352
CTAAAGG,0.332871090956602
CTAAAGT,0.331224210970592
CTAAATA,0.331359246467735
CTAAATC,0.334987980264736
CTAAATG,0.331137640162649
CTAAATT,0.331826536279437
CTAACAA,0.332774290705532
CTAACAC,0.332307443663359
CTAACAG,0.333793680102559
CTAACAT,0.332297066808804
CTAACCA,0.334287451090991
CTAACCC,0.335139754410796
CTAACCG,0.339517477818404
CTAACCT,0.335181143362156
CTAACGA,0.337096955416419
CTAACGC,0.338077560341134
CTAACGG,0.341006760842695
CTAACGT,0.336201528931304
CTAACTA,0.335198388252983
CTAACTC,0.332068748761533
CTAACTG,0.33437720144578
CTAACTT,0.33196841070813
CTAAGAA,0.329699468871871
CTAAGAC,0.335043173528592
CTAAGAG,0.332739716916306
CTAAGAT,0.335050072472386
CTAAGCA,0.332110265011325
CTAAGCC,0.336883503429288
CTAAGCG,0.33969260077935
CTAAGCT,0.334101020765725
CTAAGGA,0.33370042324615
CTAAGGC,0.334680912121273
CTAAGGG,0.333921462412147
CTAAGGT,0.332262476515917
CTAAGTA,0.333130331188655
CTAAGTC,0.333424055563929
CTAAGTG,0.331729634857483
CTAAGTT,0.332106805389674
CTAATAA,0.332649819469696
CTAATAC,0.334415170324984
CTAATAG,0.335750067798131
CTAATAT,0.332922944379731
CTAATCA,0.334373749658002
CTAATCC,0.336718218981177
CTAATCG,0.337637267254535
CTAATCT,0.333831671143459
CTAATGA,0.333078488518405
CTAATGC,0.33506387021719
CTAATGG,0.334743023397797
CTAATGT,0.332051449815406
CTAATTA,0.332158698457746
CTAATTC,0.333804041438672
CTAATTG,0.334977631188616
CTAATTT,0.310614622718223
CTACAAA,0.329297103859741
CTACAAC,0.338665462066337
CTACAAG,0.334332327275276
CTACAAT,0.336229092474475
CTACACA,0.333548430472929
CTACACC,0.339174010416959
CTACACG,0.337785199837616
CTACACT,0.334197692680353
CTACAGA,0.334570482547761
CTACAGC,0.352038417714063
CTACAGG,0.329862449999093
CTACAGT,0.332981708342361
CTACATA,0.335160449100607
CTACATC,0.338290757633702
CTACATG,0.335122508508797
CTACATT,0.331743478492666
CTACCAA,0.333983620875512
CTACCAC,0.335767302880793
CTACCAG,0.339290802570153
CTACCAT,0.335453577872929
CTACCCA,0.333800587671896
CTACCCC,0.341616931971835
CTACCCG,0.345778774983635
CTACCCT,0.33388002128998
CTACCGA,0.336731993728666
CTACCGC,0.350235985154586
CTACCGG,0.345287232656228
CTACCGT,0.33689727590023
CTACCTA,0.335150101809235
CTACCTC,0.338218550737807
CTACCTG,0.348872669774797
CTACCTT,0.335198388252983
CTACGAA,0.339222102955532
CTACGAC,0.34021435404299
CTACGAG,0.341188479937717
CTACGAT,0.337320686814296
CTACGCA,0.338445469141773
CTACGCC,0.342086304646015
CTACGCG,0.343787218442599
CTACGCT,0.340540311646834
CTACGGA,0.338991924852032
CTACGGC,0.35101030902702
CTACGGG,0.344354686573885
CTACGGT,0.340979328676711
CTACGTA,0.337957186955816
CTACGTC,0.340090805501534
CTACGTG,0.345290646977859
CTACGTT,0.336070591724918
CTACTAA,0.325825191276423
CTACTAC,0.338383587410793
CTACTAG,0.335029375498216
CTACTAT,0.333358407013729
CTACTCA,0.332027230788071
CTACTCC,0.340173172891841
CTACTCG,0.335105262309372
CTACTCT,0.335236325966034
CTACTGA,0.334604993099478
CTACTGC,0.344170123843282
CTACTGG,0.340903886339821
CTACTGT,0.333634792837177
CTACTTA,0.332998991203618
CTACTTC,0.341157624305726
CTACTTG,0.329567677473809
CTACTTT,0.329643979873877
CTAGAAA,0.326190674427836
CTAGAAC,0.335091465135677
CTAGAAG,0.331933809044868
CTAGAAT,0.332594493946956
CTAGACA,0.333807495193519
CTAGACC,0.338734199931303
CTAGACG,0.337695754844939
CTAGACT,0.335225979459757
CTAGAGA,0.335091465135677
CTAGAGC,0.344993557376368
CTAGAGG,0.338503909482873
CTAGAGT,0.337761119280445
CTAGATA,0.334080304139529
CTAGATC,0.334025057704706
CTAGATG,0.333596794315786
CTAGATT,0.332625614930132
CTAGCAA,0.334577384753384
CTAGCAC,0.335725938183354
CTAGCAG,0.343824831716474
CTAGCAT,0.336063699818062
CTAGCCA,0.336690668916954
CTAGCCC,0.343133889576927
CTAGCCG,0.349335249391454
CTAGCCT,0.338851043459206
CTAGCGA,0.341257044600355
CTAGCGC,0.350059300974904
CTAGCGG,0.352113024726324
CTAGCGT,0.339112173754349
CTAGCTA,0.336645898443712
CTAGCTC,0.339936348356279
CTAGCTG,0.338338892667886
CTAGCTT,0.337565013155002
CTAGGAA,0.331276149858224
CTAGGAC,0.338008777323789
CTAGGAG,0.340118262052131
CTAGGAT,0.33293677150514
CTAGGCA,0.333486244952069
CTAGGCC,0.344761287942826
CTAGGCG,0.346522455993923
CTAGGCT,0.337833359212408
CTAGGGA,0.335477714060472
CTAGGGC,0.343681209785775
CTAGGGG,0.342055476704966
CTAGGGT,0.337592539141843
CTAGGTA,0.33529150552496
CTAGGTC,0.340886739560377
CTAGGTG,0.337681993366712
CTAGGTT,0.333493154645354
CTAGTAA,0.33293677150514
CTAGTAC,0.336315223650391
CTAGTAG,0.335843133715772
CTAGTAT,0.335539775867858
CTAGTCA,0.336666561988122
CTAGTCC,0.338665462066337
CTAGTCG,0.341555246191628
CTAGTCT,0.332767376043314
CTAGTGA,0.335277710920674
CTAGTGC,0.340409941354823
CTAGTGG,0.33901253997654
CTAGTGT,0.337124494289851
CTAGTTA,0.333783318659088
CTAGTTC,0.333703877358887
CTAGTTG,0.334843083451741
CTAGTTT,0.330344302627048
CTATAAA,0.332342032400881
CTATAAC,0.337000563386655
CTATAAG,0.336608014169958
CTATAAT,0.332680938731162
CTATACA,0.335636308801991
CTATACC,0.337114167301188
CTATACG,0.337499635899453
CTATACT,0.335298402755744
CTATAGA,0.335774196830685
CTATAGC,0.33681808160186
CTATAGG,0.335188041354173
CTATAGT,0.336639010500689
CTATATA,0.335074218400859
CTATATC,0.336931706247752
CTATATG,0.335563909975025
CTATATT,0.333517338195879
CTATCAA,0.335208735044735
CTATCAC,0.335029375498216
CTATCAG,0.337523722754037
CTATCAT,0.335670782591685
CTATCCA,0.334384104985593
CTATCCC,0.335843133715772
CTATCCG,0.339953511439478
CTATCCT,0.333002447740026
CTATCGA,0.339596458636689
CTATCGC,0.33914996328031
CTATCGG,0.339335454788884
CTATCGT,0.336804308040167
CTATCTA,0.335570805327235
CTATCTC,0.334401363626619
CTATCTG,0.334011245619086
CTATCTT,0.335305299938957
CTATGAA,0.333406780047503
CTATGAC,0.338414528754951
CTATGAG,0.336566684234391
CTATGAT,0.33356915812057
CTATGCA,0.33512595771299
CTATGCC,0.33792279189846
CTATGCG,0.338476408571316
CTATGCT,0.334894834723708
CTATGGA,0.336466796504097
CTATGGC,0.347527933550664
CTATGGG,0.33853140963815
CTATGGT,0.33915339862095
CTATGTA,0.336449573473154
CTATGTC,0.337936550063365
CTATGTG,0.333386049033838
CTATGTT,0.332137941553663
CTATTAA,0.33065616974688
CTATTAC,0.334598091084412
CTATTAG,0.334925884201404
CTATTAT,0.331532342229723
CTATTCA,0.33365897296267
CTATTCC,0.334018151685743
CTATTCG,0.336842184878341
CTATTCT,0.334480749539122
CTATTGA,0.334694714960562
CTATTGC,0.336184301331003
CTATTGG,0.33573972660595
CTATTGT,0.33526736484258
CTATTTA,0.330735853520597
CTATTTC,0.330378959332657
CTATTTG,0.33140425424829
CTATTTT,0.322784768585417
CTCAAAA,0.314502391219626
CTCAAAC,0.327529637641841
CTCAAAG,0.328266172169979
CTCAAAT,0.328682838194048
CTCAACA,0.333344585717139
CTCAACC,0.336025793481296
CTCAACG,0.340073644774582
CTCAACT,0.332680938731162
CTCAAGA,0.334166620584105
CTCAAGC,0.327258511950822
CTCAAGG,0.332947141723729
CTCAAGT,0.326844729798121
CTCAATA,0.333206362243669
CTCAATC,0.334228763811156
CTCAATG,0.333448240785552
CTCAATT,0.331798851117017
CTCACAA,0.330271519635495
CTCACAC,0.330569549747049
CTCACAG,0.335315645624581
CTCACAT,0.334573933656527
CTCACCA,0.336973021100048
CTCACCC,0.338407652983429
CTCACCG,0.34760969066136
CTCACCT,0.340138853970368
CTCACGA,0.337565013155002
CTCACGC,0.332380078630387
CTCACGG,0.346304184967753
CTCACGT,0.337186453982348
CTCACTA,0.332912573910205
CTCACTC,0.332857262922984
CTCACTG,0.317234528172703
CTCACTT,0.332096426452905
CTCAGAA,0.329761890314434
CTCAGAC,0.335543223633114
CTCAGAG,0.340547172770359
CTCAGAT,0.330586874347268
CTCAGCA,0.339929483040518
CTCAGCC,0.344631466816625
CTCAGCG,0.366883554021432
CTCAGCT,0.343458897078197
CTCAGGA,0.330815530945315
CTCAGGC,0.352424957392494
CTCAGGG,0.339345758863913
CTCAGGT,0.335032825023658
CTCAGTA,0.331300387082621
CTCAGTC,0.341171338037484
CTCAGTG,0.334987980264736
CTCAGTT,0.327081197707292
CTCATAA,0.334087209729281
CTCATAC,0.334891384722231
CTCATAG,0.335805219017072
CTCATAT,0.333406780047503
CTCATCA,0.33854172200141
CTCATCC,0.336539129995002
CTCATCG,0.340873021925129
CTCATCT,0.332404289113702
CTCATGA,0.334111378917884
CTCATGC,0.333734963836641
CTCATGG,0.343657270791769
CTCATGT,0.33579143149749
CTCATTA,0.332539165363133
CTCATTC,0.333962901817018
CTCATTG,0.336325558892991
CTCATTT,0.321488385810386
CTCCAAA,0.324449080778496
CTCCAAC,0.338435155785866
CTCCAAG,0.332611783501624
CTCCAAT,0.335505297561493
CTCCACA,0.338603593947824
CTCCACC,0.341257044600355
CTCCACG,0.341503838467929
CTCCACT,0.334028510696303
CTCCAGA,0.336666561988122
CTCCAGC,0.352540212236137
CTCCAGG,0.352757126500649
CTCCAGT,0.341099338847546
CTCCATA,0.332255558313759
CTCCATC,0.333914555677713
CTCCATG,0.350735288944717
CTCCATT,0.327209840583252
CTCCCAA,0.309900340631691
CTCCCAC,0.336921377267967
CTCCCAG,0.342846426505038
CTCCCAT,0.335105262309372
CTCCCCA,0.334011245619086
CTCCCCC,0.355255025500956
CTCCCCG,0.391749133456119
CTCCCCT,0.344884260833796
CTCCCGA,0.341161052756296
CTCCCGC,0.412307991813347
CTCCCGG,0.417368835347836
CTCCCGT,0.345922095995267
CTCCCTA,0.332684396367103
CTCCCTC,0.351054441009742
CTCCCTG,0.358147894086976
CTCCCTT,0.331234598963933
CTCCGAA,0.337833359212408
CTCCGAC,0.349923368821739
CTCCGAG,0.364736083209862
CTCCGAT,0.338768567092032
CTCCGCA,0.357696118506042
CTCCGCC,0.411439119440111
CTCCGCG,0.406588977865204
CTCCGCT,0.363905294254696
CTCCGGA,0.37156055740877
CTCCGGC,0.411704333334089
CTCCGGG,0.422685478100212
CTCCGGT,0.355048795981498
CTCCGTA,0.339568987755235
CTCCGTC,0.345154065018901
CTCCGTG,0.358643263992084
CTCCGTT,0.340749554739357
CTCCTAA,0.33048985271999
CTCCTAC,0.335012127692511
CTCCTAG,0.33830794898332
CTCCTAT,0.335532880301685
CTCCTCA,0.344843271550376
CTCCTCC,0.394606729741625
CTCCTCG,0.38677282754621
CTCCTCT,0.351675476944875
CTCCTGA,0.325581461611082
CTCCTGC,0.403482031345457
CTCCTGG,0.378513834473531
CTCCTGT,0.345420382562297
CTCCTTA,0.332584120070668
CTCCTTC,0.354226836280682
CTCCTTG,0.337361985599374
CTCCTTT,0.331978790973645
CTCGAAA,0.334860334173309
CTCGAAC,0.328832101278142
CTCGAAG,0.339623928763514
CTCGAAT,0.335667335266195
CTCGACA,0.336077483584277
CTCGACC,0.337076300763642
CTCGACG,0.342469861764991
CTCGACT,0.339623928763514
CTCGAGA,0.339647964505488
CTCGAGC,0.354091469489009
CTCGAGG,0.348971326026271
CTCGAGT,0.337503076914201
CTCGATA,0.337647588842591
CTCGATC,0.336442684177719
CTCGATG,0.339277063024795
CTCGATT,0.335312197074599
CTCGCAA,0.338534847104386
CTCGCAC,0.347909409559637
CTCGCAG,0.364900149400805
CTCGCAT,0.3398264976478
CTCGCCA,0.349270637155446
CTCGCCC,0.375358041482766
CTCGCCG,0.406929318747388
CTCGCCT,0.361828655489855
CTCGCGA,0.345840200789565
CTCGCGC,0.395457872562365
CTCGCGG,0.393732092074534
CTCGCGT,0.353780056310365
CTCGCTA,0.339256453352797
CTCGCTC,0.363744416639251
CTCGCTG,0.388798358769451
CTCGCTT,0.338981617130407
CTCGGAA,0.344091503446167
CTCGGAC,0.354118544313317
CTCGGAG,0.380305618792467
CTCGGAT,0.339455662391681
CTCGGCA,0.356596169658031
CTCGGCC,0.416157711739679
CTCGGCG,0.415448157753076
CTCGGCT,0.373225391545954
CTCGGGA,0.352611392415805
CTCGGGC,0.413909592743871
CTCGGGG,0.398236904652996
CTCGGGT,0.352665621533128
CTCGGTA,0.339565553841991
CTCGGTC,0.351855267808897
CTCGGTG,0.363791341950683
CTCGGTT,0.339544950114898
CTCGTAA,0.336573572675609
CTCGTAC,0.337984702149952
CTCGTAG,0.338830425005124
CTCGTAT,0.337647588842591
CTCGTCA,0.339084689565758
CTCGTCC,0.354717387349589
CTCGTCG,0.352543601883394
CTCGTCT,0.345870912277665
CTCGTGA,0.336080929496144
CTCGTGC,0.352316470109619
CTCGTGG,0.35443323536468
CTCGTGT,0.343383641581045
CTCGTTA,0.336604570073902
CTCGTTC,0.338682646975542
CTCGTTG,0.340650083974621
CTCGTTT,0.335398407256606
CTCTAAA,0.329376895998256
CTCTAAC,0.335246672365262
CTCTAAG,0.329810437631627
CTCTAAT,0.33308194478004
CTCTACA,0.333931822424355
CTCTACC,0.337595979836925
CTCTACG,0.341918452134264
CTCTACT,0.329203426702877
CTCTAGA,0.331570419276775
CTCTAGC,0.342449317791268
CTCTAGG,0.336942035120851
CTCTAGT,0.334991429932976
CTCTATA,0.335157000015379
CTCTATC,0.335367372447265
CTCTATG,0.336418571269922
CTCTATT,0.334680912121273
CTCTCAA,0.329134030558201
CTCTCAC,0.335101813033794
CTCTCAG,0.336893832800277
CTCTCAT,0.33201339108052
CTCTCCA,0.334925884201404
CTCTCCC,0.357969231128277
CTCTCCG,0.36759501504054
CTCTCCT,0.350952595033801
CTCTCGA,0.338940385181383
CTCTCGC,0.369133112705887
CTCTCGG,0.363449407107156
CTCTCGT,0.343034655713031
CTCTCTA,0.334404815319082
CTCTCTC,0.338060365030333
CTCTCTG,0.340931320575403
CTCTCTT,0.334149357891221
CTCTGAA,0.326364667085751
CTCTGAC,0.336222201659908
CTCTGAG,0.341407870312283
CTCTGAT,0.333634792837177
CTCTGCA,0.348774003789306
CTCTGCC,0.368439426601508
CTCTGCG,0.382278474083169
CTCTGCT,0.355880215722065
CTCTGGA,0.335629413901437
CTCTGGC,0.366666340662884
CTCTGGG,0.359101346969241
CTCTGGT,0.334639502460258
CTCTGTA,0.330888274354306
CTCTGTC,0.332898746450207
CTCTGTG,0.345567168322242
CTCTGTT,0.331490801979311
CTCTTAA,0.327741620624758
CTCTTAC,0.333620975360096
CTCTTAG,0.33200301117416
CTCTTAT,0.335874153763693
CTCTTCA,0.33765446984211
CTCTTCC,0.353431293844432
CTCTTCG,0.350185021767912
CTCTTCT,0.341349599438406
CTCTTGA,0.33060419864735
CTCTTGC,0.341469565183875
CTCTTGG,0.337843678776692
CTCTTGT,0.332162157899872
CTCTTTA,0.329137500479813
CTCTTTC,0.339431622027083
CTCTTTG,0.329557272149969
CTCTTTT,0.327967454688675
CTGAAAA,0.320603364831401
CTGAAAC,0.330177933718942
CTGAAAG,0.327251559043345
CTGAAAT,0.323919034553086
CTGAACA,0.33021952854091
CTGAACC,0.33786775734589
CTGAACG,0.340855874616447
CTGAACT,0.332736259471639
CTGAAGA,0.337702635513036
CTGAAGC,0.354470450338372
CTGAAGG,0.344894507892138
CTGAAGT,0.329730680080207
CTGAATA,0.33161887887621
CTGAATC,0.332556455874425
CTGAATG,0.332328197049438
CTGAATT,0.325779931687168
CTGACAA,0.334843083451741
CTGACAC,0.334901734690956
CTGACAG,0.341682040611992
CTGACAT,0.333562248952427
CTGACCA,0.342069178129428
CTGACCC,0.360144723070997
CTGACCG,0.353451613441325
CTGACCT,0.33060419864735
CTGACGA,0.341695747153981
CTGACGC,0.349943759822695
CTGACGG,0.354615913766477
CTGACGT,0.338923204700852
CTGACTA,0.334522165774427
CTGACTC,0.337172685493555
CTGACTG,0.343123624461443
CTGACTT,0.332110265011325
CTGAGAA,0.330798210306062
CTGAGAC,0.338311387217779
CTGAGAG,0.34320916387093
CTGAGAT,0.329314450518415
CTGAGCA,0.348212443013634
CTGAGCC,0.384109513140591
CTGAGCG,0.389497669898637
CTGAGCT,0.357014697700029
CTGAGGA,0.36035999424155
CTGAGGC,0.37043580812714
CTGAGGG,0.365820429925526
CTGAGGT,0.33813946101191
CTGAGTA,0.331390405916181
CTGAGTC,0.341383876834257
CTGAGTG,0.343677789964575
CTGAGTT,0.332224425811746
CTGATAA,0.332397371892565
CTGATAC,0.33614639956561
CTGATAG,0.335194939298608
CTGATAT,0.33494658331762
CTGATCA,0.337561572353371
CTGATCC,0.340478559416648
CTGATCG,0.342144532608494
CTGATCT,0.332096426452905
CTGATGA,0.331161880744329
CTGATGC,0.333192538845448
CTGATGG,0.339376670451971
CTGATGT,0.330732389140724
CTGATTA,0.332853805884702
CTGATTC,0.332463083561579
CTGATTG,0.333206362243669
CTGATTT,0.32706033514089
CTGCAAA,0.330992184331553
CTGCAAC,0.329803502444894
CTGCAAG,0.341041049991974
CTGCAAT,0.334718869470893
CTGCACA,0.336711331536278
CTGCACC,0.350320918361098
CTGCACG,0.350555296587792
CTGCACT,0.332241721765856
CTGCAGA,0.353817295599587
CTGCAGC,0.435851599110561
CTGCAGG,0.396032471510423
CTGCAGT,0.354839142058994
CTGCATA,0.334939683659821
CTGCATC,0.338349207016631
CTGCATG,0.335188041354173
CTGCATT,0.331611956220064
CTGCCAA,0.334370297858308
CTGCCAC,0.346853182220754
CTGCCAG,0.361442374763283
CTGCCAT,0.349117591520662
CTGCCCA,0.355802510643105
CTGCCCC,0.383347261506867
CTGCCCG,0.407850226781314
CTGCCCT,0.365455765500208
CTGCCGA,0.357770304621584
CTGCCGC,0.482544624059855
CTGCCGG,0.424172746843154
CTGCCGT,0.362288638722906
CTGCCTA,0.336942035120851
CTGCCTC,0.3550690827383
CTGCCTG,0.39068603018795
CTGCCTT,0.333268565171075
CTGCGAA,0.342490405316668
CTGCGAC,0.354869578420203
CTGCGAG,0.365442380789588
CTGCGAT,0.340821579116965
CTGCGCA,0.360037070105097
CTGCGCC,0.433481700002354
CTGCGCG,0.427977146945704
CTGCGCT,0.386664727564825
CTGCGGA,0.382551534579627
CTGCGGC,0.4779294600254
CTGCGGG,0.43685220096302
CTGCGGT,0.358757804410377
CTGCGTA,0.342052051319518
CTGCGTC,0.366656314291801
CTGCGTG,0.361449093964058
CTGCGTT,0.343452055903385
CTGCTAA,0.335436337382296
CTGCTAC,0.35134973569644
CTGCTAG,0.346706585121837
CTGCTAT,0.336928263266345
CTGCTCA,0.348358819540425
CTGCTCC,0.414476875615865
CTGCTCG,0.38705121309025
CTGCTCT,0.376947106676159
CTGCTGA,0.378424656382848
CTGCTGC,0.603068347521083
CTGCTGG,0.468858052695224
CTGCTGT,0.376427627775034
CTGCTTA,0.333524247674324
CTGCTTC,0.355954536669759
CTGCTTG,0.344416199915218
CTGCTTT,0.335205286126046
CTGGAAA,0.323817875390504
CTGGAAC,0.336459907327316
CTGGAAG,0.338218550737807
CTGGAAT,0.329324858369187
CTGGACA,0.339912319544909
CTGGACC,0.356751450498963
CTGGACG,0.363107355304199
CTGGACT,0.344798864597284
CTGGAGA,0.344638299927665
CTGGAGC,0.401082505828877
CTGGAGG,0.385130413961446
CTGGAGT,0.326305512978678
CTGGATA,0.332535707224999
CTGGATC,0.343137311258672
CTGGATG,0.33626699110585
CTGGATT,0.331141103138865
CTGGCAA,0.335646651063686
CTGGCAC,0.33915339862095
CTGGCAG,0.360497877986032
CTGGCAT,0.341061622917197
CTGGCCA,0.350120464416047
CTGGCCC,0.399663951051641
CTGGCCG,0.41748637292369
CTGGCCT,0.363653911605514
CTGGCGA,0.350117066545235
CTGGCGC,0.419035306929281
CTGGCGG,0.424620704222603
CTGGCGT,0.352594445213531
CTGGCTA,0.331466569369659
CTGGCTC,0.366479165158021
CTGGCTG,0.404518753123872
CTGGCTT,0.337059088227101
CTGGGAA,0.332750089178586
CTGGGAC,0.354544876131153
CTGGGAG,0.367381295906549
CTGGGAT,0.311109370541487
CTGGGCA,0.350317521171336
CTGGGCC,0.437403506756926
CTGGGCG,0.429274510518264
CTGGGCT,0.388487760109236
CTGGGGA,0.351129121466952
CTGGGGC,0.42599172044149
CTGGGGG,0.382614031917686
CTGGGGT,0.341332460299868
CTGGGTA,0.338387025385199
CTGGGTC,0.346508815450467
CTGGGTG,0.356086273867145
CTGGGTT,0.330437872975838
CTGGTAA,0.334743023397797
CTGGTAC,0.341445573186096
CTGGTAG,0.339277063024795
CTGGTAT,0.334111378917884
CTGGTCA,0.336225647073127
CTGGTCC,0.358383815122583
CTGGTCG,0.353590452970759
CTGGTCT,0.331141103138865
CTGGTGA,0.344146196550667
CTGGTGC,0.380345179999564
CTGGTGG,0.381952677881132
CTGGTGT,0.346542916460242
CTGGTTA,0.332380078630387
CTGGTTC,0.343650430973936
CTGGTTG,0.340533450476235
CTGGTTT,0.330108605170698
CTGTAAA,0.323067582955011
CTGTAAC,0.333313487101347
CTGTAAG,0.333113050597199
CTGTAAT,0.308973134876372
CTGTACA,0.333192538845448
CTGTACC,0.342774547823488
CTGTACG,0.341568954471628
CTGTACT,0.335712149570634
CTGTAGA,0.333209818063367
CTGTAGC,0.342391107573622
CTGTAGG,0.336084375396137
CTGTAGT,0.327703397506113
CTGTATA,0.333334219619333
CTGTATC,0.337310361851523
CTGTATG,0.33201339108052
CTGTATT,0.329595424474737
CTGTCAA,0.33571904390076
CTGTCAC,0.329522586955192
CTGTCAG,0.342641045134759
CTGTCAT,0.33581555953201
CTGTCCA,0.337052203129528
CTGTCCC,0.350151044733813
CTGTCCG,0.35831978491612
CTGTCCT,0.346822500885278
CTGTCGA,0.336683781282302
CTGTCGC,0.364200169346211
CTGTCGG,0.359629902534778
CTGTCGT,0.344839855700917
CTGTCTA,0.331868062585992
CTGTCTC,0.337668231699104
CTGTCTG,0.343161262703074
CTGTCTT,0.336738881031258
CTGTGAA,0.330649240422998
CTGTGAC,0.3381463386277
CTGTGAG,0.347480238815763
CTGTGAT,0.328259226265167
CTGTGCA,0.341133624822605
CTGTGCC,0.358481537533941
CTGTGCG,0.367832056274289
CTGTGCT,0.353014651092468
CTGTGGA,0.356694066910094
CTGTGGC,0.381728837164021
CTGTGGG,0.368526163684767
CTGTGGT,0.347698253322303
CTGTGTA,0.333444785789703
CTGTGTC,0.338538284558806
CTGTGTG,0.341743718571523
CTGTGTT,0.33185422067541
CTGTTAA,0.330472526438815
CTGTTAC,0.335743173681893
CTGTTAG,0.332456166747127
CTGTTAT,0.33223480342011
CTGTTCA,0.331483878436474
CTGTTCC,0.346208676410508
CTGTTCG,0.348756991428538
CTGTTCT,0.337651029348269
CTGTTGA,0.332649819469696
CTGTTGC,0.36214428720509
CTGTTGG,0.344190632495573
CTGTTGT,0.337272502742598
CTGTTTA,0.328366882368545
CTGTTTC,0.33473957287253
CTGTTTG,0.331071841335923
CTGTTTT,0.326030574440643
CTTAAAA,0.319076349939089
CTTAAAC,0.331061451651711
CTTAAAG,0.331802311804236
CTTAAAT,0.328436331768924
CTTAACA,0.332141401067597
CTTAACC,0.331819615060688
CTTAACG,0.335074218400859
CTTAACT,0.331348859769158
CTTAAGA,0.330708138145556
CTTAAGC,0.334059587084145
CTTAAGG,0.334705066965003
CTTAAGT,0.330351234064258
CTTAATA,0.330597268963333
CTTAATC,0.334263286157586
CTTAATG,0.331071841335923
CTTAATT,0.327585244083419
CTTACAA,0.332404289113702
CTTACAC,0.332525332738843
CTTACAG,0.335415648401179
CTTACAT,0.333268565171075
CTTACCA,0.334000886429674
CTTACCC,0.334394460205952
CTTACCG,0.340032457828337
CTTACCT,0.332960968514565
CTTACGA,0.337275944539001
CTTACGC,0.336880060281915
CTTACGG,0.337403282678933
CTTACGT,0.336756099080211
CTTACTA,0.333786772485507
CTTACTC,0.333078488518405
CTTACTG,0.330482922243544
CTTACTT,0.330850171323834
CTTAGAA,0.330978330291747
CTTAGAC,0.334994879589315
CTTAGAG,0.329831242903249
CTTAGAT,0.334887934708851
CTTAGCA,0.332487292035412
CTTAGCC,0.332248640063738
CTTAGCG,0.343075719195875
CTTAGCT,0.333911102292607
CTTAGGA,0.331933809044868
CTTAGGC,0.338187603329137
CTTAGGG,0.331698485977596
CTTAGGT,0.336067145777428
CTTAGTA,0.334674010630183
CTTAGTC,0.335036274537202
CTTAGTG,0.334052681303639
CTTAGTT,0.330462130526012
CTTATAA,0.333762595450062
CTTATAC,0.334987980264736
CTTATAG,0.335887940142795
CTTATAT,0.333337674997208
CTTATCA,0.333921462412147
CTTATCC,0.335877600376287
CTTATCG,0.339812765460728
CTTATCT,0.330915984737323
CTTATGA,0.333479335211039
CTTATGC,0.336532241316523
CTTATGG,0.334132094900333
CTTATGT,0.335932744562293
CTTATTA,0.332082587702976
CTTATTC,0.333793680102559
CTTATTG,0.333344585717139
CTTATTT,0.323887641425309
CTTCAAA,0.32755744124914
CTTCAAC,0.336573572675609
CTTCAAG,0.334318519433067
CTTCAAT,0.332514958145057
CTTCACA,0.329106270751844
CTTCACC,0.341366738283199
CTTCACG,0.338991924852032
CTTCACT,0.334228763811156
CTTCAGA,0.331144566103089
CTTCAGC,0.351159670955687
CTTCAGG,0.33581555953201
CTTCAGT,0.332757003960337
CTTCATA,0.333496609474093
CTTCATC,0.338964437358252
CTTCATG,0.336625234472311
CTTCATT,0.330888274354306
CTTCCAA,0.329585019439611
CTTCCAC,0.336446128831369
CTTCCAG,0.343123624461443
CTTCCAT,0.3310337452994
CTTCCCA,0.330877882762706
CTTCCCC,0.356862832772272
CTTCCCG,0.369196454284556
CTTCCCT,0.339156833949788
CTTCCGA,0.341644346652795
CTTCCGC,0.358629787786187
CTTCCGG,0.364156613726523
CTTCCGT,0.340571186331985
CTTCCTA,0.329390772242017
CTTCCTC,0.35266223229945
CTTCCTG,0.372255406035899
CTTCCTT,0.328168925111975
CTTCGAA,0.336676893600211
CTTCGAC,0.343742764567593
CTTCGAG,0.342367137675566
CTTCGAT,0.337606301851139
CTTCGCA,0.341390732172437
CTTCGCC,0.369889615629964
CTTCGCG,0.362140929945106
CTTCGCT,0.345700280962601
CTTCGGA,0.341366738283199
CTTCGGC,0.367234337501875
CTTCGGG,0.358117557343901
CTTCGGT,0.339558685980128
CTTCGTA,0.33639445778068
CTTCGTC,0.349773822108592
CTTCGTG,0.344593883871273
CTTCGTT,0.339586157144579
CTTCTAA,0.329595424474737
CTTCTAC,0.339476267958497
CTTCTAG,0.335101813033794
CTTCTAT,0.333140699400193
CTTCTCA,0.335419096594424
CTTCTCC,0.349760225843817
CTTCTCG,0.354900013855069
CTTCTCT,0.345642259682438
CTTCTGA,0.333171803389825
CTTCTGC,0.361516283488807
CTTCTGG,0.347108823415168
CTTCTGT,0.339002232467409
CTTCTTA,0.330860563203402
CTTCTTC,0.344098340247821
CTTCTTG,0.338246058741506
CTTCTTT,0.327960506708682
CTTGAAA,0.326006209151917
CTTGAAC,0.318424206754116
CTTGAAG,0.332425040490028
CTTGAAT,0.330631916903223
CTTGACA,0.334394460205952
CTTGACC,0.335157000015379
CTTGACG,0.338926640820572
CTTGACT,0.33318562707468
CTTGAGA,0.329238122969364
CTTGAGC,0.329543398216425
CTTGAGG,0.334981080892557
CTTGAGT,0.331248449453861
CTTGATA,0.333672789914734
CTTGATC,0.336742324664765
CTTGATG,0.333614066549958
CTTGATT,0.328679366694432
CTTGCAA,0.333921462412147
CTTGCAC,0.3368352982872
CTTGCAG,0.342846426505038
CTTGCAT,0.333033556030066
CTTGCCA,0.337234642200306
CTTGCCC,0.340104533871065
CTTGCCG,0.345693455104368
CTTGCCT,0.337761119280445
CTTGCGA,0.338871661488177
CTTGCGC,0.354402785719675
CTTGCGG,0.355282068840935
CTTGCGT,0.341815671383256
CTTGCTA,0.334059587084145
CTTGCTC,0.337730157711999
CTTGCTG,0.345160894559915
CTTGCTT,0.33132462371959
CTTGGAA,0.325926147594515
CTTGGAC,0.337740478341328
CTTGGAG,0.336614902326484
CTTGGAT,0.332494208634581
CTTGGCA,0.333786772485507
CTTGGCC,0.35300787497911
CTTGGCG,0.356272027604192
CTTGGCT,0.340210922345167
CTTGGGA,0.324487428487509
CTTGGGC,0.353302593475088
CTTGGGG,0.341044478842236
CTTGGGT,0.333703877358887
CTTGGTA,0.333876567785612
CTTGGTC,0.337565013155002
CTTGGTG,0.341623785712534
CTTGGTT,0.332037610443038
CTTGTAA,0.329265879115821
CTTGTAC,0.338332016376285
CTTGTAG,0.336628678497198
CTTGTAT,0.332805406093846
CTTGTCA,0.333586430832083
CTTGTCC,0.339551818071097
CTTGTCG,0.341897896829156
CTTGTCT,0.338321701850227
CTTGTGA,0.332760461333283
CTTGTGC,0.33826325085957
CTTGTGG,0.341798540230997
CTTGTGT,0.332383537306747
CTTGTTA,0.332006471154918
CTTGTTC,0.337138263442175
CTTGTTG,0.333582976313648
CTTGTTT,0.32830784658573
CTTTAAA,0.318936139984149
CTTTAAC,0.331591187964084
CTTTAAG,0.328946636908969
CTTTAAT,0.327765943666865
CTTTACA,0.328599518876923
CTTTACC,0.33357261268674
CTTTACG,0.336142953879339
CTTTACT,0.330243791388099
CTTTAGA,0.33065616974688
CTTTAGC,0.337451460449686
CTTTAGG,0.333482790087522
CTTTAGT,0.332760461333283
CTTTATA,0.330961012472077
CTTTATC,0.336342784059955
CTTTATG,0.332186373659664
CTTTATT,0.323810898519314
CTTTCAA,0.32759914521069
CTTTCAC,0.332283230835227
CTTTCAG,0.332238262598966
CTTTCAT,0.328255753294668
CTTTCCA,0.328773092954312
CTTTCCC,0.332891832648508
CTTTCCG,0.347957083830233
CTTTCCT,0.328144611869747
CTTTCGA,0.336115387961748
CTTTCGC,0.345096012037013
CTTTCGG,0.341174766441038
CTTTCGT,0.335501849665474
CTTTCTA,0.328946636908969
CTTTCTC,0.338950693328022
CTTTCTG,0.32711249074083
CTTTCTT,0.323636460917762
CTTTGAA,0.328113351118252
CTTTGAC,0.332964425182402
CTTTGAG,0.326368146630139
CTTTGAT,0.330611128283347
CTTTGCA,0.333600248786487
CTTTGCC,0.342575998906181
CTTTGCG,0.341894470903893
CTTTGCT,0.329532992639947
CTTTGGA,0.328634236102721
CTTTGGC,0.340526589258559
CTTTGGG,0.314474222250008
CTTTGGT,0.331310774284679
CTTTGTA,0.32872796659242
CTTTGTC,0.333762595450062
CTTTGTG,0.334598091084412
CTTTGTT,0.327665172926404
CTTTTAA,0.316584696110045
CTTTTAC,0.330548759830592
CTTTTAG,0.330753175239933
CTTTTAT,0.325887855018469
CTTTTCA,0.324891733014046
CTTTTCC,0.333848939321295
CTTTTCG,0.338022534305751
CTTTTCT,0.317332844350812
CTTTTGA,0.327029040475177
CTTTTGC,0.33241120628699
CTTTTGG,0.328405080135626
CTTTTGT,0.330392821678603
CTTTTTA,0.319629987151356
CTTTTTC,0.322470436560116
CTTTTTG,0.324630347903472
CTTTTTT,0.29706273906254
GAAAAAA,0.308997918730334
GAAAAAC,0.325348121849784
GAAAAAG,0.321226109483158
GAAAAAT,0.321058216526135
GAAAACA,0.322232875706664
GAAAACC,0.330607663471351
GAAAACG,0.331667336127426
GAAAACT,0.326990790109269
GAAAAGA,0.31831547486359
GAAAAGC,0.328776564128573
GAAAAGG,0.321726123570316
GAAAAGT,0.324790672205956
GAAAATA,0.323350317363252
GAAAATC,0.328870281279371
GAAAATG,0.324463025570102
GAAAATT,0.324968393021648
GAAACAA,0.327380180006808
GAAACAC,0.330507178700971
GAAACAG,0.324658232237328
GAAACAT,0.330385890529651
GAAACCA,0.330992184331553
GAAACCC,0.322369130744957
GAAACCG,0.337974384040871
GAAACCT,0.329831242903249
GAAACGA,0.335050072472386
GAAACGC,0.338995360735629
GAAACGG,0.337651029348269
GAAACGT,0.33480168050578
GAAACTA,0.332815777674807
GAAACTC,0.331418102388626
GAAACTG,0.322973320385308
GAAACTT,0.331061451651711
GAAAGAA,0.315062084947781
GAAAGAC,0.328436331768924
GAAAGAG,0.323556209402025
GAAAGAT,0.32757481811115
GAAAGCA,0.327682547916493
GAAAGCC,0.337355102586971
GAAAGCG,0.341682040611992
GAAAGCT,0.329734147932113
GAAAGGA,0.323755081797366
GAAAGGC,0.329696000899701
GAAAGGG,0.322473929681046
GAAAGGT,0.325097307964672
GAAAGTA,0.329279756900154
GAAAGTC,0.332283230835227
GAAAGTG,0.329820840321545
GAAAGTT,0.333703877358887
GAAATAA,0.322941897554096
GAAATAC,0.330514109009311
GAAATAG,0.328894576884837
GAAATAT,0.327067289378052
GAAATCA,0.329661320516507
GAAATCC,0.32897787162258
GAAATCG,0.336160182191965
GAAATCT,0.327328038366858
GAAATGA,0.323898105910738
GAAATGC,0.331871523033701
GAAATGG,0.325271490947785
GAAATGT,0.325525743631475
GAAATTA,0.327637372314315
GAAATTC,0.329623170705791
GAAATTG,0.329591956141725
GAAATTT,0.325685924456004
GAACAAA,0.328033458091036
GAACAAC,0.335546671386483
GAACAAG,0.33386275364887
GAACAAT,0.335512193317867
GAACACA,0.330583409451235
GAACACC,0.334342683031816
GAACACG,0.337933110539884
GAACACT,0.331134177174441
GAACAGA,0.33218291430131
GAACAGC,0.340385923920772
GAACAGG,0.337351661063003
GAACAGT,0.334656756694073
GAACATA,0.33336531759039
GAACATC,0.33377986482074
GAACATG,0.339301107105289
GAACATT,0.33086749106312
GAACCAA,0.333672789914734
GAACCAC,0.335663887928821
GAACCAG,0.336070591724918
GAACCAT,0.336125725269894
GAACCCA,0.330926375932992
GAACCCC,0.342421925169757
GAACCCG,0.350837157053686
GAACCCT,0.336022347379429
GAACCGA,0.342877230072749
GAACCGC,0.35045339976072
GAACCGG,0.353336463599276
GAACCGT,0.339349193531995
GAACCTA,0.336012009002574
GAACCTC,0.341527829067865
GAACCTG,0.337241526041887
GAACCTT,0.331750400238391
GAACGAA,0.336022347379429
GAACGAC,0.339040026148148
GAACGAG,0.346754316769342
GAACGAT,0.338259812459602
GAACGCA,0.339170575147127
GAACGCC,0.344399113255512
GAACGCG,0.352367324988909
GAACGCT,0.33979903308508
GAACGGA,0.339596458636689
GAACGGC,0.346798636973529
GAACGGG,0.344378608878479
GAACGGT,0.338256374047812
GAACGTA,0.336422016006634
GAACGTC,0.338352645109238
GAACGTG,0.340389355018096
GAACGTT,0.337396399950773
GAACTAA,0.331729634857483
GAACTAC,0.334391008477747
GAACTAG,0.337279386323559
GAACTAT,0.335753514838428
GAACTCA,0.332950598439361
GAACTCC,0.322777784502624
GAACTCG,0.337798959895652
GAACTCT,0.332224425811746
GAACTGA,0.333645155819696
GAACTGC,0.341781408785257
GAACTGG,0.337227758311337
GAACTGT,0.333755687618285
GAACTTA,0.332463083561579
GAACTTC,0.334249477362029
GAACTTG,0.334166620584105
GAACTTT,0.326402941408136
GAAGAAA,0.321310045392336
GAAGAAC,0.335581148266403
GAAGAAG,0.343657270791769
GAAGAAT,0.329428930919551
GAAGACA,0.33271205702425
GAAGACC,0.33944535944905
GAAGACG,0.344060737260284
GAAGACT,0.337017776930577
GAAGAGA,0.332456166747127
GAAGAGC,0.346246198717311
GAAGAGG,0.350324315539319
GAAGAGT,0.331293462221308
GAAGATA,0.333278931949481
GAAGATC,0.336639010500689
GAAGATG,0.362332275777663
GAAGATT,0.332871090956602
GAAGCAA,0.330767032399376
GAAGCAC,0.338861352526829
GAAGCAG,0.341342743818241
GAAGCAT,0.338600156717895
GAAGCCA,0.330988720839595
GAAGCCC,0.346433789135378
GAAGCCG,0.368362691371449
GAAGCCT,0.338751383659305
GAAGCGA,0.343328906752999
GAAGCGC,0.358538818645883
GAAGCGG,0.378593097211655
GAAGCGT,0.341167909622176
GAAGCTA,0.336508130568139
GAAGCTC,0.340608920763793
GAAGCTG,0.357868087002131
GAAGCTT,0.332065288996248
GAAGGAA,0.321879923773519
GAAGGAC,0.342319196155719
GAAGGAG,0.363586865558392
GAAGGAT,0.331255374626888
GAAGGCA,0.333427510631401
GAAGGCC,0.342836158438273
GAAGGCG,0.365057493724448
GAAGGCT,0.338424842323593
GAAGGGA,0.337764559395543
GAAGGGC,0.347987730375463
GAAGGGG,0.342839581138909
GAAGGGT,0.336363453868667
GAAGGTA,0.332964425182402
GAAGGTC,0.337668231699104
GAAGGTG,0.344952572572782
GAAGGTT,0.335760408883374
GAAGTAA,0.331158417840064
GAAGTAC,0.337503076914201
GAAGTAG,0.334439331588441
GAAGTAT,0.335787984587891
GAAGTCA,0.330798210306062
GAAGTCC,0.339297672272042
GAAGTCG,0.340787282441262
GAAGTCT,0.332272853729415
GAAGTGA,0.334991429932976
GAAGTGC,0.34682931904118
GAAGTGG,0.346785000196837
GAAGTGT,0.332556455874425
GAAGTTA,0.330555689850769
GAAGTTC,0.336032685649403
GAAGTTG,0.332815777674807
GAAGTTT,0.330108605170698
GAATAAA,0.323646928031982
GAATAAC,0.332687853991089
GAATAAG,0.332839977612062
GAATAAT,0.331947649853846
GAATACA,0.331258837195417
GAATACC,0.335101813033794
GAATACG,0.336215310797858
GAATACT,0.334028510696303
GAATAGA,0.3321759955487
GAATAGC,0.334625698858853
GAATAGG,0.334349586809931
GAATAGT,0.333154523515024
GAATATA,0.333289298620417
GAATATC,0.334987980264736
GAATATG,0.334318519433067
GAATATT,0.329182608365131
GAATCAA,0.332137941553663
GAATCAC,0.332864176963695
GAATCAG,0.331099546632766
GAATCAT,0.334598091084412
GAATCCA,0.331303849495295
GAATCCC,0.333962901817018
GAATCCG,0.343400745600434
GAATCCT,0.334111378917884
GAATCGA,0.337038432792167
GAATCGC,0.331244986849364
GAATCGG,0.342565728062258
GAATCGT,0.336318668743126
GAATCTA,0.335198388252983
GAATCTC,0.332836520514024
GAATCTG,0.33142502638688
GAATCTT,0.331071841335923
GAATGAA,0.322976811750049
GAATGAC,0.333838578450376
GAATGAG,0.32991792687606
GAATGAT,0.333175259328954
GAATGCA,0.329852047742021
GAATGCC,0.334176978056796
GAATGCG,0.337327570063588
GAATGCT,0.333050837995278
GAATGGA,0.330690815646075
GAATGGC,0.336859401148711
GAATGGG,0.329047278604554
GAATGGT,0.33325474263269
GAATGTA,0.330611128283347
GAATGTC,0.334853433920392
GAATGTG,0.331913047472203
GAATGTT,0.32984858029895
GAATTAA,0.329727212216275
GAATTAC,0.331546188596404
GAATTAG,0.330573014691105
GAATTAT,0.331276149858224
GAATTCA,0.330125937758369
GAATTCC,0.332801948876288
GAATTCG,0.335701807986323
GAATTCT,0.330129404239853
GAATTGA,0.332220966585026
GAATTGC,0.331975330897112
GAATTGG,0.330053138871253
GAATTGT,0.331902666524228
GAATTTA,0.328380772634484
GAATTTC,0.328516192617111
GAATTTG,0.327056858004174
GAATTTT,0.32410039777477
GACAAAA,0.330947158000406
GACAAAC,0.336132616749291
GACAAAG,0.332698226791316
GACAAAT,0.332459625160334
GACAACA,0.336170519037071
GACAACC,0.338768567092032
GACAACG,0.337860877813852
GACAACT,0.337478989562312
GACAAGA,0.339070947188189
GACAAGC,0.339757834826632
GACAAGG,0.33826325085957
GACAAGT,0.334466943746166
GACAATA,0.334425525223662
GACAATC,0.338080999367812
GACAATG,0.33526736484258
GACAATT,0.333821310093624
GACACAA,0.332981708342361
GACACAC,0.334283998993399
GACACAG,0.331373095231354
GACACAT,0.33121382286934
GACACCA,0.337516840854786
GACACCC,0.339531214060992
GACACCG,0.342777970735005
GACACCT,0.333206362243669
GACACGA,0.337805839853669
GACACGC,0.339400712137645
GACACGG,0.340337887322089
GACACGT,0.336611458254152
GACACTA,0.336173964628362
GACACTC,0.335839686984382
GACACTG,0.335901726331836
GACACTT,0.334929334083861
GACAGAA,0.327547014986993
GACAGAC,0.335622518953343
GACAGAG,0.32781458797632
GACAGAT,0.332480375388404
GACAGCA,0.333358407013729
GACAGCC,0.348954317022118
GACAGCG,0.360497877986032
GACAGCT,0.341054765322483
GACAGGA,0.331238061604399
GACAGGC,0.341894470903893
GACAGGG,0.328158505223403
GACAGGT,0.333551885110705
GACAGTA,0.333966355023245
GACAGTC,0.340162877339067
GACAGTG,0.340248670373525
GACAGTT,0.333313487101347
GACATAA,0.333893835188188
GACATAC,0.336366898795248
GACATAG,0.335094914446947
GACATAT,0.335232877142503
GACATCA,0.335653545845393
GACATCC,0.334170073086922
GACATCG,0.341404442707811
GACATCT,0.333078488518405
GACATGA,0.336435794834821
GACATGC,0.341921877977371
GACATGG,0.34497648057901
GACATGT,0.336780203850702
GACATTA,0.333565703542465
GACATTC,0.332449249884832
GACATTG,0.33647024107469
GACATTT,0.328943166325011
GACCAAA,0.335343233596317
GACCAAC,0.334743023397797
GACCAAG,0.341548391981159
GACCAAT,0.335670782591685
GACCACA,0.332584120070668
GACCACC,0.336873173951602
GACCACG,0.342767701965304
GACCACT,0.335091465135677
GACCAGA,0.337957186955816
GACCAGC,0.336945478054842
GACCAGG,0.345317961131237
GACCAGT,0.335677677207012
GACCATA,0.335670782591685
GACCATC,0.33745490163021
GACCATG,0.356511767782366
GACCATT,0.334301259362191
GACCCAA,0.338565783768793
GACCCAC,0.340797571567481
GACCCAG,0.36128110039889
GACCCAT,0.338919768569326
GACCCCA,0.341095910185385
GACCCCC,0.350337904136796
GACCCCG,0.389092521169449
GACCCCT,0.339606760022679
GACCCGA,0.347149719942252
GACCCGC,0.375864830229605
GACCCGG,0.403662408008816
GACCCGT,0.342955945990744
GACCCTA,0.338424842323593
GACCCTC,0.344105177002732
GACCCTG,0.353536273984403
GACCCTT,0.336917934250997
GACCGAA,0.338672336065458
GACCGAC,0.343770121032229
GACCGAG,0.364263824147274
GACCGAT,0.338407652983429
GACCGCA,0.343534146912386
GACCGCC,0.358754435761797
GACCGCG,0.385366615489011
GACCGCT,0.351034072644345
GACCGGA,0.347613097062587
GACCGGC,0.366432365807126
GACCGGG,0.37188310700494
GACCGGT,0.344006039481423
GACCGTA,0.33918088092122
GACCGTC,0.346283719616243
GACCGTG,0.351831523698361
GACCGTT,0.337093513003916
GACCTAA,0.334439331588441
GACCTAC,0.338259812459602
GACCTAG,0.335484610007057
GACCTAT,0.336973021100048
GACCTCA,0.327084674759377
GACCTCC,0.337847118607789
GACCTCG,0.343472579287419
GACCTCT,0.340029025506243
GACCTGA,0.343817993044635
GACCTGC,0.361509564739478
GACCTGG,0.361183651198283
GACCTGT,0.338493596729668
GACCTTA,0.333952542126789
GACCTTC,0.344320510860282
GACCTTG,0.335874153763693
GACCTTT,0.333168347438752
GACGAAA,0.337041875394284
GACGAAC,0.340759844253766
GACGAAG,0.340646653771768
GACGAAT,0.33721054838159
GACGACA,0.338290757633702
GACGACC,0.346160918710961
GACGACG,0.351251313822662
GACGACT,0.342764279018638
GACGAGA,0.340608920763793
GACGAGC,0.35326194781172
GACGAGG,0.361670802265607
GACGAGT,0.344207722717859
GACGATA,0.337286269857136
GACGATC,0.338032851918026
GACGATG,0.347071333462684
GACGATT,0.33647024107469
GACGCAA,0.339514043728275
GACGCAC,0.342754010108338
GACGCAG,0.348763796407576
GACGCAT,0.33809475535626
GACGCCA,0.344135941821426
GACGCCC,0.357766932644817
GACGCCG,0.393413260632868
GACGCCT,0.347473425096505
GACGCGA,0.349804413028466
GACGCGC,0.377545661666587
GACGCGG,0.389945103119744
GACGCGT,0.345184797586158
GACGCTA,0.341411297905006
GACGCTC,0.347677816481306
GACGCTG,0.363596922752032
GACGCTT,0.336997120642313
GACGGAA,0.341795113965328
GACGGAC,0.348811429964267
GACGGAG,0.35576534520992
GACGGAT,0.339575855546347
GACGGCA,0.346952037898756
GACGGCC,0.36292286704205
GACGGCG,0.402470030503991
GACGGCT,0.353543046518228
GACGGGA,0.350249574952395
GACGGGC,0.373766447141669
GACGGGG,0.360726521314641
GACGGGT,0.343366537269104
GACGGTA,0.339036590418013
GACGGTC,0.343120202732865
GACGGTG,0.348753588921654
GACGGTT,0.338600156717895
GACGTAA,0.337396399950773
GACGTAC,0.338971309302531
GACGTAG,0.339249583367739
GACGTAT,0.337382634352335
GACGTCA,0.33766135079428
GACGTCC,0.341555246191628
GACGTCG,0.348797820608165
GACGTCT,0.339929483040518
GACGTGA,0.341387304509222
GACGTGC,0.348528997866564
GACGTGG,0.355079225962371
GACGTGT,0.341483274638456
GACGTTA,0.336249764633279
GACGTTC,0.339294237426997
GACGTTG,0.341023905564303
GACGTTT,0.334936233813069
GACTAAA,0.333672789914734
GACTAAC,0.335863813854635
GACTAAG,0.335646651063686
GACTAAT,0.335360475692166
GACTACA,0.328575216101699
GACTACC,0.33665623026929
GACTACG,0.340403079289669
GACTACT,0.336153290902533
GACTAGA,0.335143203555506
GACTAGC,0.337840238933763
GACTAGG,0.337905593926139
GACTAGT,0.335822453149232
GACTATA,0.336525352590589
GACTATC,0.336211865349026
GACTATG,0.338118827880725
GACTATT,0.336649342397432
GACTCAA,0.333482790087522
GACTCAC,0.336508130568139
GACTCAG,0.334139000132449
GACTCAT,0.335457025935388
GACTCCA,0.334932783954416
GACTCCC,0.349277438640045
GACTCCG,0.346276897739332
GACTCCT,0.335405303750106
GACTCGA,0.337685433754023
GACTCGC,0.350806597710577
GACTCGG,0.366208367158293
GACTCGT,0.342312347179541
GACTCTA,0.334887934708851
GACTCTC,0.338380149424567
GACTCTG,0.336852514676131
GACTCTT,0.334145905316884
GACTGAA,0.33202377087914
GACTGAC,0.340241807201626
GACTGAG,0.348021780990877
GACTGAT,0.334080304139529
GACTGCA,0.342397956010394
GACTGCC,0.346924768342961
GACTGCG,0.359219202028185
GACTGCT,0.3469213595962
GACTGGA,0.334977631188616
GACTGGC,0.345386243250836
GACTGGG,0.351824739563226
GACTGGT,0.338751383659305
GACTGTA,0.335205286126046
GACTGTC,0.338710142216018
GACTGTG,0.342058902078681
GACTGTT,0.330053138871253
GACTTAA,0.331148029055321
GACTTAC,0.333472425422264
GACTTAG,0.331667336127426
GACTTAT,0.334387556737627
GACTTCA,0.333261653925766
GACTTCC,0.341753997861605
GACTTCG,0.342808776411438
GACTTCT,0.337620064371026
GACTTGA,0.332829606282092
GACTTGC,0.337747358701706
GACTTGG,0.337255293582889
GACTTGT,0.334970731745034
GACTTTA,0.332770833380399
GACTTTC,0.332912573910205
GACTTTG,0.332546081603525
GACTTTT,0.328481471292857
GAGAAAA,0.318599555862512
GAGAAAC,0.326931673029445
GAGAAAG,0.323573655931567
GAGAAAT,0.325490918317654
GAGAACA,0.331909587168185
GAGAACC,0.337895275000775
GAGAACG,0.34410859536266
GAGAACT,0.333379138600443
GAGAAGA,0.344651966009672
GAGAAGC,0.358087219680479
GAGAAGG,0.350337904136796
GAGAAGT,0.332891832648508
GAGAATA,0.331366170873518
GAGAATC,0.325299357409774
GAGAATG,0.331431950337193
GAGAATT,0.327129875336337
GAGACAA,0.333772957108256
GAGACAC,0.334031963675977
GAGACAG,0.322002247954782
GAGACAT,0.334259833976573
GAGACCA,0.327015131420493
GAGACCC,0.356795329845193
GAGACCG,0.348930503930258
GAGACCT,0.338008777323789
GAGACGA,0.340653514165707
GAGACGC,0.357638789101571
GAGACGG,0.338586407680034
GAGACGT,0.339761268079664
GAGACTA,0.333334219619333
GAGACTC,0.337685433754023
GAGACTG,0.336869730768663
GAGACTT,0.332117184218722
GAGAGAA,0.329512181162157
GAGAGAC,0.338548596851169
GAGAGAG,0.337668231699104
GAGAGAT,0.332767376043314
GAGAGCA,0.340142285915516
GAGAGCC,0.369206455219699
GAGAGCG,0.375679368721164
GAGAGCT,0.339840229646302
GAGAGGA,0.347057700404212
GAGAGGC,0.374194437095794
GAGAGGG,0.352719847709812
GAGAGGT,0.33508801581251
GAGAGTA,0.333645155819696
GAGAGTC,0.340890168939787
GAGAGTG,0.345331617928158
GAGAGTT,0.333213273871122
GAGATAA,0.330988720839595
GAGATAC,0.33462224792873
GAGATAG,0.333534611802478
GAGATAT,0.3330715759593
GAGATCA,0.333873114269317
GAGATCC,0.339277063024795
GAGATCG,0.332393913264054
GAGATCT,0.33324091990324
GAGATGA,0.333824763788831
GAGATGC,0.345249674348872
GAGATGG,0.333873114269317
GAGATGT,0.334422073602683
GAGATTA,0.330413614837221
GAGATTC,0.333164891475736
GAGATTG,0.329706404780131
GAGATTT,0.330531434570037
GAGCAAA,0.330767032399376
GAGCAAC,0.34012169406795
GAGCAAG,0.338136022186277
GAGCAAT,0.335163898173938
GAGCACA,0.33381785638649
GAGCACC,0.347940057565931
GAGCACG,0.348797820608165
GAGCACT,0.336335894028774
GAGCAGA,0.34889648424389
GAGCAGC,0.421233970285837
GAGCAGG,0.369633068639634
GAGCAGT,0.344658798980641
GAGCATA,0.335546671386483
GAGCATC,0.342076028771261
GAGCATG,0.342284950805738
GAGCATT,0.334570482547761
GAGCCAA,0.336597681846205
GAGCCAC,0.334025057704706
GAGCCAG,0.378896879519983
GAGCCAT,0.352926558037186
GAGCCCA,0.357058565496916
GAGCCCC,0.393081307665752
GAGCCCG,0.445741825306636
GAGCCCT,0.359326943071279
GAGCCGA,0.381709084106756
GAGCCGC,0.484542784465167
GAGCCGG,0.499762977596239
GAGCCGT,0.355839674695072
GAGCCTA,0.340234943982624
GAGCCTC,0.359602976521084
GAGCCTG,0.386536957973803
GAGCCTT,0.341997243556562
GAGCGAA,0.346931585801625
GAGCGAC,0.352275784344027
GAGCGAG,0.394811460020247
GAGCGAT,0.341980115514588
GAGCGCA,0.374227606962683
GAGCGCC,0.406804112457152
GAGCGCG,0.449326744101284
GAGCGCT,0.37071212116247
GAGCGGA,0.390428236788904
GAGCGGC,0.470097453309948
GAGCGGG,0.460193756901632
GAGCGGT,0.353942544850698
GAGCGTA,0.337967505242338
GAGCGTC,0.354044086782506
GAGCGTG,0.35908450939833
GAGCGTT,0.339671999669759
GAGCTAA,0.337361985599374
GAGCTAC,0.345669564233632
GAGCTAG,0.342278101595011
GAGCTAT,0.335115610064718
GAGCTCA,0.340180036534804
GAGCTCC,0.359966416547491
GAGCTCG,0.369189786938894
GAGCTCT,0.343479420321829
GAGCTGA,0.357932146136512
GAGCTGC,0.422284073429237
GAGCTGG,0.410396754732861
GAGCTGT,0.355623428121912
GAGCTTA,0.336056807863707
GAGCTTC,0.346031279171074
GAGCTTG,0.347180391240007
GAGCTTT,0.333831671143459
GAGGAAA,0.321974289461098
GAGGAAC,0.341281041121684
GAGGAAG,0.358070365025322
GAGGAAT,0.330469061146556
GAGGACA,0.340914174266364
GAGGACC,0.353526115097665
GAGGACG,0.370572309650684
GAGGACT,0.340704965620109
GAGGAGA,0.371344357695405
GAGGAGC,0.435792342059543
GAGGAGG,0.491867839129364
GAGGAGT,0.347313289327379
GAGGATA,0.334466943746166
GAGGATC,0.336180855775328
GAGGATG,0.348120521219428
GAGGATT,0.32783196037054
GAGGCAA,0.336442684177719
GAGGCAC,0.337637267254535
GAGGCAG,0.358852121963692
GAGGCAT,0.338435155785866
GAGGCCA,0.349767023999312
GAGGCCC,0.389272244491762
GAGGCCG,0.446164792821182
GAGGCCT,0.361727900989131
GAGGCGA,0.379593249303835
GAGGCGC,0.437064038014247
GAGGCGG,0.517046494515702
GAGGCGT,0.355704526066936
GAGGCTA,0.34000843132628
GAGGCTC,0.36103914007415
GAGGCTG,0.367778643435636
GAGGCTT,0.339040026148148
GAGGGAA,0.337771439590237
GAGGGAC,0.351454934574763
GAGGGAG,0.382143561259764
GAGGGAT,0.336229092474475
GAGGGCA,0.341041049991974
GAGGGCC,0.375497185539103
GAGGGCG,0.406938949351187
GAGGGCT,0.34817839888987
GAGGGGA,0.351380278446369
GAGGGGC,0.403311287744472
GAGGGGG,0.381649822593753
GAGGGGT,0.338105072223417
GAGGGTA,0.336645898443712
GAGGGTC,0.345553514741829
GAGGGTG,0.339369801292757
GAGGGTT,0.333993980243781
GAGGTAA,0.331989171131411
GAGGTAC,0.339263323290658
GAGGTAG,0.335763855888025
GAGGTAT,0.336566684234391
GAGGTCA,0.323570166650009
GAGGTCC,0.34332206468884
GAGGTCG,0.347541560199971
GAGGTCT,0.335839686984382
GAGGTGA,0.346014220085641
GAGGTGC,0.364551895211978
GAGGTGG,0.353461773084942
GAGGTGT,0.34571051966259
GAGGTTA,0.332169076748221
GAGGTTC,0.338428280156169
GAGGTTG,0.326809950388925
GAGGTTT,0.330385890529651
GAGTAAA,0.329081980289126
GAGTAAC,0.33508111713048
GAGTAAG,0.334998329233754
GAGTAAT,0.332822692002353
GAGTACA,0.335312197074599
GAGTACC,0.340180036534804
GAGTACG,0.340886739560377
GAGTACT,0.336129171015529
GAGTAGA,0.332670565751607
GAGTAGC,0.325449126340106
GAGTAGG,0.339987836722188
GAGTAGT,0.335339785141473
GAGTATA,0.334529068313548
GAGTATC,0.337847118607789
GAGTATG,0.336225647073127
GAGTATT,0.333510428669692
GAGTCAA,0.334570482547761
GAGTCAC,0.33526736484258
GAGTCAG,0.337888395658043
GAGTCAT,0.33642890544446
GAGTCCA,0.342127407089128
GAGTCCC,0.356829081878313
GAGTCCG,0.363948860821896
GAGTCCT,0.340296711257974
GAGTCGA,0.344730542357074
GAGTCGC,0.35647800503737
GAGTCGG,0.361976410397128
GAGTCGT,0.341044478842236
GAGTCTA,0.335863813854635
GAGTCTC,0.33258066208799
GAGTCTG,0.343411007871646
GAGTCTT,0.332891832648508
GAGTGAA,0.332414664855692
GAGTGAC,0.340197195436108
GAGTGAG,0.348498367905078
GAGTGAT,0.333759141540138
GAGTGCA,0.328276590936739
GAGTGCC,0.345376001230123
GAGTGCG,0.353079021879426
GAGTGCT,0.34047512862538
GAGTGGA,0.337750798864142
GAGTGGC,0.359535658314758
GAGTGGG,0.348212443013634
GAGTGGT,0.342836158438273
GAGTGTA,0.333634792837177
GAGTGTC,0.339129350988635
GAGTGTG,0.343342590740879
GAGTGTT,0.332231344229288
GAGTTAA,0.330125937758369
GAGTTAC,0.333337674997208
GAGTTAG,0.333645155819696
GAGTTAT,0.333676244122921
GAGTTCA,0.333949088872863
GAGTTCC,0.342774547823488
GAGTTCG,0.339380105013884
GAGTTCT,0.337984702149952
GAGTTGA,0.33121382286934
GAGTTGC,0.339253018366168
GAGTTGG,0.3398264976478
GAGTTGT,0.337041875394284
GAGTTTA,0.330330439608493
GAGTTTC,0.334059587084145
GAGTTTG,0.331421564393745
GAGTTTT,0.325445643596471
GATAAAA,0.331847299648269
GATAAAC,0.334501457871187
GATAAAG,0.330794746142211
GATAAAT,0.330330439608493
GATAACA,0.334667109091463
GATAACC,0.334587737972492
GATAACG,0.337303478483782
GATAACT,0.335181143362156
GATAAGA,0.332425040490028
GATAAGC,0.335774196830685
GATAAGG,0.333845485709583
GATAAGT,0.334546324452908
GATAATA,0.332286689846569
GATAATC,0.335101813033794
GATAATG,0.332348950004823
GATAATT,0.331909587168185
GATACAA,0.334560129150001
GATACAC,0.337010891548565
GATACAG,0.334301259362191
GATACAT,0.334201145075895
GATACCA,0.335112160824833
GATACCC,0.336690668916954
GATACCG,0.336263545835076
GATACCT,0.336442684177719
GATACGA,0.337293153343331
GATACGC,0.336966135409867
GATACGG,0.337244967944907
GATACGT,0.336559795745721
GATACTA,0.335629413901437
GATACTC,0.336504686128056
GATACTG,0.336156736553185
GATACTT,0.333313487101347
GATAGAA,0.332328197049438
GATAGAC,0.335457025935388
GATAGAG,0.332642903946745
GATAGAT,0.334760275845545
GATAGCA,0.335519089026689
GATAGCC,0.337719836976154
GATAGCG,0.340307005432954
GATAGCT,0.336349674043663
GATAGGA,0.332473458693555
GATAGGC,0.337289711606156
GATAGGG,0.333614066549958
GATAGGT,0.333413690289886
GATAGTA,0.335212183951529
GATAGTC,0.335298402755744
GATAGTG,0.334049228395502
GATAGTT,0.335198388252983
GATATAA,0.334332327275276
GATATAC,0.336855957918349
GATATAG,0.336318668743126
GATATAT,0.333993980243781
GATATCA,0.336091267160501
GATATCC,0.337626945559942
GATATCG,0.337620064371026
GATATCT,0.334529068313548
GATATGA,0.33508801581251
GATATGC,0.335050072472386
GATATGG,0.336473685633418
GATATGT,0.33508801581251
GATATTA,0.333482790087522
GATATTC,0.335194939298608
GATATTG,0.333976714570378
GATATTT,0.329002164614246
GATCAAA,0.334998329233754
GATCAAC,0.337953747503316
GATCAAG,0.336353119017716
GATCAAT,0.335660440579562
GATCACA,0.330756639547796
GATCACC,0.333769503234121
GATCACG,0.333531157105028
GATCACT,0.329765358058109
GATCAGA,0.335094914446947
GATCAGC,0.340934749801931
GATCAGG,0.335619071461469
GATCAGT,0.334318519433067
GATCATA,0.333696969121482
GATCATC,0.335960315515007
GATCATG,0.33932515060768
GATCATT,0.333213273871122
GATCCAA,0.333244375603515
GATCCAC,0.330281917530051
GATCCAG,0.342329469532032
GATCCAT,0.335850027142912
GATCCCA,0.334663658304241
GATCCCC,0.339194621788131
GATCCCG,0.356474628700173
GATCCCT,0.337317245171884
GATCCGA,0.344248738059717
GATCCGC,0.343072297303375
GATCCGG,0.354866196648037
GATCCGT,0.338548596851169
GATCCTA,0.336645898443712
GATCCTC,0.335250121141217
GATCCTG,0.346757726085557
GATCCTT,0.333551885110705
GATCGAA,0.338648276861805
GATCGAC,0.337540927294965
GATCGAG,0.345297475586147
GATCGAT,0.337251851715408
GATCGCA,0.337582216985568
GATCGCC,0.347343955608736
GATCGCG,0.342582846076858
GATCGCT,0.335774196830685
GATCGGA,0.341205621544111
GATCGGC,0.344323928484202
GATCGGG,0.345222358330209
GATCGGT,0.339472833726846
GATCGTA,0.336831854973845
GATCGTC,0.343075719195875
GATCGTG,0.339349193531995
GATCGTT,0.337317245171884
GATCTAA,0.33538116581477
GATCTAC,0.336797421188178
GATCTAG,0.337506517917108
GATCTAT,0.337272502742598
GATCTCA,0.330763568127517
GATCTCC,0.33513630525419
GATCTCG,0.331975330897112
GATCTCT,0.328873752116291
GATCTGA,0.331663874973066
GATCTGC,0.339850528521432
GATCTGG,0.336339339050298
GATCTGT,0.334132094900333
GATCTTA,0.334259833976573
GATCTTC,0.337964065825327
GATCTTG,0.333462060649579
GATCTTT,0.331511572320216
GATGAAA,0.328866810430404
GATGAAC,0.337224316349082
GATGAAG,0.335653545845393
GATGAAT,0.332788119886532
GATGACA,0.333679698319176
GATGACC,0.341257044600355
GATGACG,0.338218550737807
GATGACT,0.332732802015017
GATGAGA,0.333538066487993
GATGAGC,0.345160894559915
GATGAGG,0.341658053711443
GATGAGT,0.334501457871187
GATGATA,0.334501457871187
GATGATC,0.336225647073127
GATGATG,0.33809475535626
GATGATT,0.333272020775818
GATGCAA,0.333603703245255
GATGCAC,0.339644530863434
GATGCAG,0.337499635899453
GATGCAT,0.333147611481497
GATGCCA,0.336360008930217
GATGCCC,0.341459282969596
GATGCCG,0.351482080876005
GATGCCT,0.335508745445623
GATGCGA,0.340979328676711
GATGCGC,0.343831670341546
GATGCGG,0.35650501532456
GATGCGT,0.339400712137645
GATGCTA,0.333924915761475
GATGCTC,0.336625234472311
GATGCTG,0.357301490765039
GATGCTT,0.331944189669561
GATGGAA,0.331636185306913
GATGGAC,0.341781408785257
GATGGAG,0.346607705175258
GATGGAT,0.334553226825276
GATGGCA,0.342123981950061
GATGGCC,0.351105360108251
GATGGCG,0.400578648480769
GATGGCT,0.347735719779398
GATGGGA,0.327063812265516
GATGGGC,0.350011726823089
GATGGGG,0.332317820410236
GATGGGT,0.335119059292706
GATGGTA,0.33639445778068
GATGGTC,0.338273565988536
GATGGTG,0.349641250641003
GATGGTT,0.334881034646383
GATGTAA,0.333392959419479
GATGTAC,0.336515019412711
GATGTAG,0.336256655257918
GATGTAT,0.33449800651229
GATGTCA,0.333444785789703
GATGTCC,0.340955324914154
GATGTCG,0.342661585170058
GATGTCT,0.334256381783643
GATGTGA,0.335257018657444
GATGTGC,0.339469399483401
GATGTGG,0.336484019238412
GATGTGT,0.330659634390815
GATGTTA,0.334014698658376
GATGTTC,0.339369801292757
GATGTTG,0.334415170324984
GATGTTT,0.33000460333541
GATTAAA,0.327029040475177
GATTAAC,0.335598386260627
GATTAAG,0.333807495193519
GATTAAT,0.332618699239792
GATTACA,0.302180500511603
GATTACC,0.336249764633279
GATTACG,0.336194637926798
GATTACT,0.335008678095672
GATTAGA,0.334439331588441
GATTAGC,0.335219081729432
GATTAGG,0.333662427218584
GATTAGT,0.333738417830073
GATTATA,0.331456183785759
GATTATC,0.335401855509301
GATTATG,0.33356915812057
GATTATT,0.329921394078683
GATTCAA,0.333247831291848
GATTCAC,0.335460473985957
GATTCAG,0.332310902590949
GATTCAT,0.334142452730627
GATTCCA,0.332400830509115
GATTCCC,0.336587349415695
GATTCCG,0.340471697822342
GATTCCT,0.333261653925766
GATTCGA,0.335525984687962
GATTCGC,0.339874558817595
GATTCGG,0.339661698955809
GATTCGT,0.338885406604659
GATTCTA,0.333102682098987
GATTCTC,0.327786791517808
GATTCTG,0.329987268644555
GATTCTT,0.330798210306062
GATTGAA,0.332960968514565
GATTGAC,0.335405303750106
GATTGAG,0.335688019040876
GATTGAT,0.334870684463409
GATTGCA,0.333147611481497
GATTGCC,0.338483283870109
GATTGCG,0.3375133998874
GATTGCT,0.332514958145057
GATTGGA,0.331518495671317
GATTGGC,0.334190787853511
GATTGGG,0.335863813854635
GATTGGT,0.33407685132677
GATTGTA,0.334749924412614
GATTGTC,0.337196780224539
GATTGTG,0.330073939094075
GATTGTT,0.333043925245033
GATTTAA,0.329151380045859
GATTTAC,0.333468970509972
GATTTAG,0.331341935243504
GATTTAT,0.333679698319176
GATTTCA,0.327651272716969
GATTTCC,0.331012965031391
GATTTCG,0.337633826701508
GATTTCT,0.330008070237523
GATTTGA,0.330396287235064
GATTTGC,0.331026818591377
GATTTGG,0.331151491995561
GATTTGT,0.330888274354306
GATTTTA,0.3273037046711
GATTTTC,0.331089157236401
GATTTTG,0.329897123407862
GATTTTT,0.317978681735891
GCAAAAA,0.329075040048548
GCAAAAC,0.328998694222997
GCAAAAG,0.329595424474737
GCAAAAT,0.328502304232077
GCAAACA,0.332279771811922
GCAAACC,0.334239120640224
GCAAACG,0.334963832253849
GCAAACT,0.334107926212419
GCAAAGA,0.330548759830592
GCAAAGC,0.338662025049057
GCAAAGG,0.33094023069259
GCAAAGT,0.332086047408412
GCAAATA,0.330898665837922
GCAAATC,0.331494263732755
GCAAATG,0.33086749106312
GCAAATT,0.33150118720369
GCAACAA,0.332625614930132
GCAACAC,0.334598091084412
GCAACAG,0.336339339050298
GCAACAT,0.335581148266403
GCAACCA,0.336546018626028
GCAACCC,0.337929671004573
GCAACCG,0.344610967203352
GCAACCT,0.330035805021733
GCAACGA,0.337685433754023
GCAACGC,0.341137053355457
GCAACGG,0.341873915105832
GCAACGT,0.339486570582686
GCAACTA,0.335388062427176
GCAACTC,0.33904346186648
GCAACTG,0.33720366432676
GCAACTT,0.335750067798131
GCAAGAA,0.332096426452905
GCAAGAC,0.334021604701186
GCAAGAG,0.337361985599374
GCAAGAT,0.344508462833002
GCAAGCA,0.339376670451971
GCAAGCC,0.341164481195113
GCAAGCG,0.35045339976072
GCAAGCT,0.334763726299377
GCAAGGA,0.34257942249738
GCAAGGC,0.346130216128236
GCAAGGG,0.338221989279651
GCAAGGT,0.338572658453134
GCAAGTA,0.336883503429288
GCAAGTC,0.336198083434987
GCAAGTG,0.334604993099478
GCAAGTT,0.335163898173938
GCAATAA,0.334059587084145
GCAATAC,0.334994879589315
GCAATAG,0.33614639956561
GCAATAT,0.335205286126046
GCAATCA,0.335312197074599
GCAATCC,0.33736542708781
GCAATCG,0.339823064618711
GCAATCT,0.334384104985593
GCAATGA,0.336091267160501
GCAATGC,0.337774879669833
GCAATGG,0.337179569761648
GCAATGT,0.337179569761648
GCAATTA,0.334083756940366
GCAATTC,0.330330439608493
GCAATTG,0.336391012949036
GCAATTT,0.330243791388099
GCACAAA,0.330073939094075
GCACAAC,0.33567422990529
GCACAAG,0.334546324452908
GCACAAT,0.336446128831369
GCACACA,0.327067289378052
GCACACC,0.335043173528592
GCACACG,0.338761693754373
GCACACT,0.33374877973879
GCACAGA,0.331283074839424
GCACAGC,0.347395063987933
GCACAGG,0.338562346408899
GCACAGT,0.338050047701925
GCACATA,0.331989171131411
GCACATC,0.339620495038928
GCACATG,0.333106138277003
GCACATT,0.331549650158118
GCACCAA,0.33782991933398
GCACCAC,0.33083631531642
GCACCAG,0.341445573186096
GCACCAT,0.349970947177197
GCACCCA,0.338517659655044
GCACCCC,0.347766373109318
GCACCCG,0.36237591092831
GCACCCT,0.336776760347634
GCACCGA,0.349923368821739
GCACCGC,0.374436551827864
GCACCGG,0.364444715672654
GCACCGT,0.346246198717311
GCACCTA,0.336911048181493
GCACCTC,0.345406726977572
GCACCTG,0.345509139317975
GCACCTT,0.340337887322089
GCACGAA,0.338301072478938
GCACGAC,0.338232304834243
GCACGAG,0.343195478057104
GCACGAT,0.336824968311566
GCACGCA,0.34255888077437
GCACGCC,0.356562409762602
GCACGCG,0.354744445232812
GCACGCT,0.344672464782511
GCACGGA,0.345881149230769
GCACGGC,0.360454160808342
GCACGGG,0.352689345847245
GCACGGT,0.343038077734339
GCACGTA,0.336642454478131
GCACGTC,0.344358104081008
GCACGTG,0.342076028771261
GCACGTT,0.336122279512385
GCACTAA,0.33632900395012
GCACTAC,0.339383539564001
GCACTAG,0.338974745256962
GCACTAT,0.338338892667886
GCACTCA,0.333005904264487
GCACTCC,0.3309229122131
GCACTCG,0.348702549929094
GCACTCT,0.338098194323806
GCACTGA,0.338235743328794
GCACTGC,0.349838401841923
GCACTGG,0.344696379486416
GCACTGT,0.336005116691958
GCACTTA,0.333303120681163
GCACTTC,0.338166971191266
GCACTTG,0.337970944647519
GCACTTT,0.318034821801486
GCAGAAA,0.327963980704713
GCAGAAC,0.340519727993807
GCAGAAG,0.344597300561036
GCAGAAT,0.329834710406436
GCAGACA,0.338056925932692
GCAGACC,0.346331471451602
GCAGACG,0.347439355803797
GCAGACT,0.338772003743145
GCAGAGA,0.337970944647519
GCAGAGC,0.374754860077043
GCAGAGG,0.3577264680367
GCAGAGT,0.338283881011102
GCAGATA,0.335777643787809
GCAGATC,0.340941608219709
GCAGATG,0.338390463347786
GCAGATT,0.332974795114222
GCAGCAA,0.346747498102043
GCAGCAC,0.348066045057618
GCAGCAG,0.407404317992605
GCAGCAT,0.34817839888987
GCAGCCA,0.383843448193738
GCAGCCC,0.417788095333753
GCAGCCG,0.464576199633659
GCAGCCT,0.375338162179842
GCAGCGA,0.370465773472387
GCAGCGC,0.444539868469123
GCAGCGG,0.510538268247828
GCAGCGT,0.356980951931344
GCAGCTA,0.347214469356447
GCAGCTC,0.388203232473144
GCAGCTG,0.419922957538188
GCAGCTT,0.350062699042001
GCAGGAA,0.33993291570429
GCAGGAC,0.361714466288669
GCAGGAG,0.372325196676027
GCAGGAT,0.344887676531577
GCAGGCA,0.346532686279411
GCAGGCC,0.375546875153215
GCAGGCG,0.414464131220105
GCAGGCT,0.349240029902269
GCAGGGA,0.352465637089442
GCAGGGC,0.38844197951802
GCAGGGG,0.365030713460213
GCAGGGT,0.346761135390148
GCAGGTA,0.340897027663325
GCAGGTC,0.354091469489009
GCAGGTG,0.364541847618145
GCAGGTT,0.340255533498321
GCAGTAA,0.33262215709094
GCAGTAC,0.342459589830886
GCAGTAG,0.342308922673862
GCAGTAT,0.333389504232628
GCAGTCA,0.336387568105524
GCAGTCC,0.354937211461989
GCAGTCG,0.359771252213202
GCAGTCT,0.339716634870818
GCAGTGA,0.330254189570973
GCAGTGC,0.354240371952075
GCAGTGG,0.351298829040113
GCAGTGT,0.340698105579139
GCAGTTA,0.333002447740026
GCAGTTC,0.346304184967753
GCAGTTG,0.343212585295121
GCAGTTT,0.33220021097341
GCATAAA,0.33201339108052
GCATAAC,0.336301443160763
GCATAAG,0.335918958800871
GCATAAT,0.335367372447265
GCATACA,0.334722320067598
GCATACC,0.335774196830685
GCATACG,0.338108511155483
GCATACT,0.3353742691548
GCATAGA,0.334743023397797
GCATAGC,0.335005228486932
GCATAGG,0.335060420798837
GCATAGT,0.334308163426291
GCATATA,0.333938729039534
GCATATC,0.33538116581477
GCATATG,0.333786772485507
GCATATT,0.33466020750511
GCATCAA,0.335408751979021
GCATCAC,0.337451460449686
GCATCAG,0.336273881611789
GCATCAT,0.338287319328313
GCATCCA,0.33741704799314
GCATCCC,0.340951895758182
GCATCCG,0.348614076170616
GCATCCT,0.34061235109608
GCATCGA,0.340135422013441
GCATCGC,0.346218909906539
GCATCGG,0.349855395815448
GCATCGT,0.341647773435071
GCATCTA,0.336160182191965
GCATCTC,0.337179569761648
GCATCTG,0.338125705638423
GCATCTT,0.331303849495295
GCATGAA,0.337004006119144
GCATGAC,0.335856920522532
GCATGAG,0.341863637048346
GCATGAT,0.336687225105558
GCATGCA,0.335177694348304
GCATGCC,0.33911904468347
GCATGCG,0.341445573186096
GCATGCT,0.335712149570634
GCATGGA,0.346239376584431
GCATGGC,0.357733212251761
GCATGGG,0.348869267661487
GCATGGT,0.336415126521344
GCATGTA,0.334342683031816
GCATGTC,0.33963422986653
GCATGTG,0.335484610007057
GCATGTT,0.333113050597199
GCATTAA,0.332169076748221
GCATTAC,0.334560129150001
GCATTAG,0.337038432792167
GCATTAT,0.333337674997208
GCATTCA,0.331199971899805
GCATTCC,0.333482790087522
GCATTCG,0.341370166016909
GCATTCT,0.333220185450805
GCATTGA,0.3346015420979
GCATTGC,0.341318748777535
GCATTGG,0.335329439705586
GCATTGT,0.337640707795724
GCATTTA,0.328589103474148
GCATTTC,0.329640511709267
GCATTTG,0.330891738194176
GCATTTT,0.32061036411699
GCCAAAA,0.331577342220471
GCCAAAC,0.33480168050578
GCCAAAG,0.337609742498868
GCCAAAT,0.331532342229723
GCCAACA,0.328450221070233
GCCAACC,0.339761268079664
GCCAACG,0.342158232812825
GCCAACT,0.340162877339067
GCCAAGA,0.343034655713031
GCCAAGC,0.35396962370736
GCCAAGG,0.349076775395198
GCCAAGT,0.340931320575403
GCCAATA,0.334860334173309
GCCAATC,0.337244967944907
GCCAATG,0.337774879669833
GCCAATT,0.334380653221644
GCCACAA,0.334428976832727
GCCACAC,0.338627654226522
GCCACAG,0.343766701515076
GCCACAT,0.335777643787809
GCCACCA,0.341706026937184
GCCACCC,0.354440001826547
GCCACCG,0.374675292513008
GCCACCT,0.355346293842456
GCCACGA,0.342322620626217
GCCACGC,0.350613033514584
GCCACGG,0.366368848898967
GCCACGT,0.343824831716474
GCCACTA,0.33813946101191
GCCACTC,0.344812528485193
GCCACTG,0.344098340247821
GCCACTT,0.341733439175776
GCCAGAA,0.338799496526878
GCCAGAC,0.34410859536266
GCCAGAG,0.356582665836627
GCCAGAT,0.335550119127965
GCCAGCA,0.35319758879915
GCCAGCC,0.389811220737099
GCCAGCG,0.402586108069709
GCCAGCT,0.351200402155632
GCCAGGA,0.359390908823723
GCCAGGC,0.385747045082673
GCCAGGG,0.378969509445033
GCCAGGT,0.354284361618819
GCCAGTA,0.335960315515007
GCCAGTC,0.3484473158843
GCCAGTG,0.352855400288327
GCCAGTT,0.3381463386277
GCCATAA,0.334981080892557
GCCATAC,0.335860367194523
GCCATAG,0.337561572353371
GCCATAT,0.33679053428876
GCCATCA,0.346270075815883
GCCATCC,0.34682931904118
GCCATCG,0.354074547351559
GCCATCT,0.343715407354561
GCCATGA,0.36242290049975
GCCATGC,0.375457432070015
GCCATGG,0.475612367388104
GCCATGT,0.362009988013406
GCCATTA,0.335229428307077
GCCATTC,0.335191490332338
GCCATTG,0.337995020152569
GCCATTT,0.340728975392911
GCCCAAA,0.332960968514565
GCCCAAC,0.342723202744721
GCCCAAG,0.349080176802618
GCCCAAT,0.336556351483593
GCCCACA,0.342391107573622
GCCCACC,0.345539860974992
GCCCACG,0.357554475182791
GCCCACT,0.341819097578491
GCCCAGA,0.348004755828101
GCCCAGC,0.408177313983098
GCCCAGG,0.372677398917473
GCCCAGT,0.348181803354402
GCCCATA,0.336552907209601
GCCCATC,0.339946646241547
GCCCATG,0.354074547351559
GCCCATT,0.335043173528592
GCCCCAA,0.33738951717524
GCCCCAC,0.35770286292579
GCCCCAG,0.385848687110262
GCCCCAT,0.340324162155769
GCCCCCA,0.356805455574745
GCCCCCC,0.37677838834363
GCCCCCG,0.455131466138039
GCCCCCT,0.364280574737282
GCCCCGA,0.384838365502011
GCCCCGC,0.50223790852093
GCCCCGG,0.509539249659393
GCCCCGT,0.355339533510222
GCCCCTA,0.342411652743237
GCCCCTC,0.379685622129709
GCCCCTG,0.389971224421662
GCCCCTT,0.343790637889595
GCCCGAA,0.346457661755308
GCCCGAC,0.364518402839926
GCCCGAG,0.426929861601254
GCCCGAT,0.344528964547661
GCCCGCA,0.378530348062077
GCCCGCC,0.475564412146879
GCCCGCG,0.518816226232565
GCCCGCT,0.400126252557623
GCCCGGA,0.40886961627041
GCCCGGC,0.537676611772274
GCCCGGG,0.538231361736977
GCCCGGT,0.365090968046235
GCCCGTA,0.342445893754614
GCCCGTC,0.367104060858514
GCCCGTG,0.369709706452628
GCCCGTT,0.344057318736755
GCCCTAA,0.331843839116736
GCCCTAC,0.342952523688367
GCCCTAG,0.343800896160427
GCCCTAT,0.336652786339291
GCCCTCA,0.349430459814751
GCCCTCC,0.378708677444172
GCCCTCG,0.389017354564677
GCCCTCT,0.352540212236137
GCCCTGA,0.35779053624342
GCCCTGC,0.422385229949181
GCCCTGG,0.41488142576139
GCCCTGT,0.346904315688098
GCCCTTA,0.334815481678235
GCCCTTC,0.354132081450583
GCCCTTG,0.345475003036526
GCCCTTT,0.332494208634581
GCCGAAA,0.339465965228163
GCCGAAC,0.348467737005369
GCCGAAG,0.356997824958033
GCCGAAT,0.340825008719842
GCCGACA,0.346628163897431
GCCGACC,0.362288638722906
GCCGACG,0.371247884280456
GCCGACT,0.34954606028603
GCCGAGA,0.368049016598812
GCCGAGC,0.47500376469253
GCCGAGG,0.446035142962924
GCCGAGT,0.365813740032629
GCCGATA,0.337833359212408
GCCGATC,0.343694888953626
GCCGATG,0.347527933550664
GCCGATT,0.340979328676711
GCCGCAA,0.346594065794606
GCCGCAC,0.368559522098256
GCCGCAG,0.454044878630821
GCCGCAT,0.348726368449798
GCCGCCA,0.448474063666017
GCCGCCC,0.539027748606742
GCCGCCG,0.793962189399703
GCCGCCT,0.466743608876567
GCCGCGA,0.39754692093369
GCCGCGC,0.558011166354071
GCCGCGG,0.616098916918048
GCCGCGT,0.38996469416015
GCCGCTA,0.353901925190784
GCCGCTC,0.410188791299292
GCCGCTG,0.534494235808174
GCCGCTT,0.363737712843575
GCCGGAA,0.350178226453447
GCCGGAC,0.379745000155137
GCCGGAG,0.481243079395027
GCCGGAT,0.346597475657209
GCCGGCA,0.381366635770478
GCCGGCC,0.502232071736935
GCCGGCG,0.524317973454535
GCCGGCT,0.405149275344377
GCCGGGA,0.443633583657955
GCCGGGC,0.574001455367267
GCCGGGG,0.553296909769503
GCCGGGT,0.385937205620762
GCCGGTA,0.344200886663994
GCCGGTC,0.367324519083051
GCCGGTG,0.387843368960252
GCCGGTT,0.355265166839152
GCCGTAA,0.338290757633702
GCCGTAC,0.342528067398652
GCCGTAG,0.348916896194591
GCCGTAT,0.33826325085957
GCCGTCA,0.352153717114319
GCCGTCC,0.382219246304472
GCCGTCG,0.389010818071153
GCCGTCT,0.354311431221181
GCCGTGA,0.349559659462949
GCCGTGC,0.382893577458927
GCCGTGG,0.406877953960648
GCCGTGT,0.358265861562121
GCCGTTA,0.340368768257563
GCCGTTC,0.347228100277861
GCCGTTG,0.35498793324166
GCCGTTT,0.343667530430802
GCCTAAA,0.332888375729733
GCCTAAC,0.336277326846954
GCCTAAG,0.335419096594424
GCCTAAT,0.333728055813986
GCCTACA,0.343424690736109
GCCTACC,0.342233580581773
GCCTACG,0.34548183038604
GCCTACT,0.338008777323789
GCCTAGA,0.33535702729678
GCCTAGC,0.351936671907997
GCCTAGG,0.341993817971637
GCCTAGT,0.338204796452193
GCCTATA,0.335494953837772
GCCTATC,0.337110724947934
GCCTATG,0.340087373379703
GCCTATT,0.334318519433067
GCCTCAA,0.334535970805025
GCCTCAC,0.343841928191467
GCCTCAG,0.345560341555338
GCCTCAT,0.339723501647999
GCCTCCA,0.350759059098335
GCCTCCC,0.349879186893216
GCCTCCG,0.418130995534812
GCCTCCT,0.382215955769464
GCCTCGA,0.345379415248683
GCCTCGC,0.404377152661129
GCCTCGG,0.412004611142832
GCCTCGT,0.351298829040113
GCCTCTA,0.339376670451971
GCCTCTC,0.3605752190804
GCCTCTG,0.380463854231187
GCCTCTT,0.346614524795822
GCCTGAA,0.33479132950144
GCCTGAC,0.348729771049301
GCCTGAG,0.384171913187983
GCCTGAT,0.335508745445623
GCCTGCA,0.365740148256801
GCCTGCC,0.395500085980979
GCCTGCG,0.421597835674869
GCCTGCT,0.383767885981687
GCCTGGA,0.364736083209862
GCCTGGC,0.404969166702035
GCCTGGG,0.417826201163056
GCCTGGT,0.363030209807827
GCCTGTA,0.314287582781764
GCCTGTC,0.352180844453084
GCCTGTG,0.365649823674853
GCCTGTT,0.335777643787809
GCCTTAA,0.334083756940366
GCCTTAC,0.337396399950773
GCCTTAG,0.34021435404299
GCCTTAT,0.335070769018201
GCCTTCA,0.336880060281915
GCCTTCC,0.360934944679546
GCCTTCG,0.358387185019882
GCCTTCT,0.349219624546359
GCCTTGA,0.336422016006634
GCCTTGC,0.355099512101863
GCCTTGG,0.353736044453315
GCCTTGT,0.339091560683723
GCCTTTA,0.331712330043997
GCCTTTC,0.339562119916956
GCCTTTG,0.338926640820572
GCCTTTT,0.333821310093624
GCGAAAA,0.336322113823993
GCGAAAC,0.336118833743003
GCGAAAG,0.338421404479198
GCGAAAT,0.337929671004573
GCGAACA,0.341037621129954
GCGAACC,0.345737822350065
GCGAACG,0.347340548290581
GCGAACT,0.339417884416397
GCGAAGA,0.344744207178556
GCGAAGC,0.353661558436002
GCGAAGG,0.35613355991032
GCGAAGT,0.341459282969596
GCGAATA,0.336900718988327
GCGAATC,0.341699173760123
GCGAATG,0.338988488956629
GCGAATT,0.337478989562312
GCGACAA,0.341812245176282
GCGACAC,0.346798636973529
GCGACAG,0.345300889872805
GCGACAT,0.340660374512582
GCGACCA,0.349172010429923
GCGACCC,0.374476345900397
GCGACCG,0.369306459070487
GCGACCT,0.345816313424496
GCGACGA,0.351777249328551
GCGACGC,0.369133112705887
GCGACGG,0.385786391609227
GCGACGT,0.349192416757429
GCGACTA,0.341843080616454
GCGACTC,0.346672489692968
GCGACTG,0.356123427375013
GCGACTT,0.340066780401343
GCGAGAA,0.349525661173887
GCGAGAC,0.339465965228163
GCGAGAG,0.373447824066808
GCGAGAT,0.343739344956893
GCGAGCA,0.36002361266946
GCGAGCC,0.401866855167616
GCGAGCG,0.433275356146333
GCGAGCT,0.364890105305496
GCGAGGA,0.379052037048129
GCGAGGC,0.415320830224923
GCGAGGG,0.391608972866948
GCGAGGT,0.349080176802618
GCGAGTA,0.34279850795807
GCGAGTC,0.353949314633607
GCGAGTG,0.356437488238618
GCGAGTT,0.349185614694529
GCGATAA,0.337293153343331
GCGATAC,0.338637965597325
GCGATAG,0.338277004341214
GCGATAT,0.3373344532655
GCGATCA,0.336559795745721
GCGATCC,0.345160894559915
GCGATCG,0.34584361322371
GCGATCT,0.336032685649403
GCGATGA,0.346171152695729
GCGATGC,0.35711930234661
GCGATGG,0.371859833712692
GCGATGT,0.343872701109904
GCGATTA,0.335756961866842
GCGATTC,0.331601572145989
GCGATTG,0.338390463347786
GCGATTT,0.335170796284913
GCGCAAA,0.335012127692511
GCGCAAC,0.342048625922337
GCGCAAG,0.344604133905541
GCGCAAT,0.338943821242069
GCGCACA,0.342719779645732
GCGCACC,0.364923585230872
GCGCACG,0.365037408593508
GCGCACT,0.349566458982058
GCGCAGA,0.354382485441226
GCGCAGC,0.442927783105596
GCGCAGG,0.413051683360686
GCGCAGT,0.355579497322129
GCGCATA,0.33765446984211
GCGCATC,0.34309282848274
GCGCATG,0.343776960031455
GCGCATT,0.339194621788131
GCGCCAA,0.34969564106154
GCGCCAC,0.357375706161171
GCGCCAG,0.394080087908538
GCGCCAT,0.379929709245636
GCGCCCA,0.375152602959958
GCGCCCC,0.455039687499627
GCGCCCG,0.485528499257602
GCGCCCT,0.389918981135485
GCGCCGA,0.393816662948607
GCGCCGC,0.587842499373979
GCGCCGG,0.518939645834556
GCGCCGT,0.380233085847656
GCGCCTA,0.347599471388059
GCGCCTC,0.403746143258425
GCGCCTG,0.415543642760997
GCGCCTT,0.362026776398758
GCGCGAA,0.345096012037013
GCGCGAC,0.36522820105162
GCGCGAG,0.406325615811233
GCGCGAT,0.347422320722164
GCGCGCA,0.386268260959529
GCGCGCC,0.481675129860237
GCGCGCG,0.507660130096781
GCGCGCT,0.41336431550581
GCGCGGA,0.430999625279234
GCGCGGC,0.58482412888994
GCGCGGG,0.564613494654361
GCGCGGT,0.379646034820584
GCGCGTA,0.339654831754228
GCGCGTC,0.378477503618804
GCGCGTG,0.376172752833917
GCGCGTT,0.346355346514219
GCGCTAA,0.337757679153512
GCGCTAC,0.35129204129013
GCGCTAG,0.353167101505317
GCGCTAT,0.339417884416397
GCGCTCA,0.352502925357971
GCGCTCC,0.407603237125518
GCGCTCG,0.400190893078325
GCGCTCT,0.372268699866688
GCGCTGA,0.374605665700701
GCGCTGC,0.492433849433612
GCGCTGG,0.44749427692036
GCGCTGT,0.36980965999153
GCGCTTA,0.339146527927869
GCGCTTC,0.367050609120362
GCGCTTG,0.354423085586031
GCGCTTT,0.342158232812825
GCGGAAA,0.342007520240931
GCGGAAC,0.3587813846327
GCGGAAG,0.379164263659478
GCGGAAT,0.336924820273083
GCGGACA,0.3537834417576
GCGGACC,0.38203825079809
GCGGACG,0.390604457185905
GCGGACT,0.353475319115871
GCGGAGA,0.380951589272914
GCGGAGC,0.507288527981921
GCGGAGG,0.489680384048939
GCGGAGT,0.368576200887716
GCGGATA,0.339091560683723
GCGGATC,0.351529585130035
GCGGATG,0.349369254154698
GCGGATT,0.341815671383256
GCGGCAA,0.354365568227713
GCGGCAC,0.370682163198318
GCGGCAG,0.486406510752969
GCGGCAT,0.355052177136212
GCGGCCA,0.423623567589033
GCGGCCC,0.526704466881153
GCGGCCG,0.633891219322757
GCGGCCT,0.438996535363248
GCGGCGA,0.445633739215711
GCGGCGC,0.628082193892553
GCGGCGG,1
GCGGCGT,0.39046413605511
GCGGCTA,0.354852669445009
GCGGCTC,0.447007107426119
GCGGCTG,0.52810462696813
GCGGCTT,0.366091332984029
GCGGGAA,0.359586147394348
GCGGGAC,0.400885514911851
GCGGGAG,0.475729248654987
GCGGGAT,0.355927511509688
GCGGGCA,0.388562966530872
GCGGGCC,0.505032729126916
GCGGGCG,0.612393937730411
GCGGGCT,0.421385860633492
GCGGGGA,0.431688838759367
GCGGGGC,0.546437713282959
GCGGGGG,0.467354236017205
GCGGGGT,0.383021813382338
GCGGGTA,0.345345274538573
GCGGGTC,0.379580052489275
GCGGGTG,0.397751050211545
GCGGGTT,0.355396994877511
GCGGTAA,0.34059176892585
GCGGTAC,0.343178370526425
GCGGTAG,0.354856051262921
GCGGTAT,0.341257044600355
GCGGTCA,0.344443537963497
GCGGTCC,0.377307605354243
GCGGTCG,0.376325023597626
GCGGTCT,0.346880453728714
GCGGTGA,0.364726037466514
GCGGTGC,0.403063174330191
GCGGTGG,0.439773460241521
GCGGTGT,0.356123427375013
GCGGTTA,0.339963809148005
GCGGTTC,0.351722972012875
GCGGTTG,0.361398698857734
GCGGTTT,0.340708395622946
GCGTAAA,0.336487463749681
GCGTAAC,0.33743425436944
GCGTAAG,0.339459096682303
GCGTAAT,0.336670005870678
GCGTACA,0.337585657716165
GCGTACC,0.341243332043912
GCGTACG,0.341479847292431
GCGTACT,0.338878534070034
GCGTAGA,0.338029412725763
GCGTAGC,0.34807966437629
GCGTAGG,0.346198442809752
GCGTAGT,0.341736865652766
GCGTATA,0.337516840854786
GCGTATC,0.33904346186648
GCGTATG,0.336287662481231
GCGTATT,0.33681808160186
GCGTCAA,0.340015296100059
GCGTCAC,0.348083069176977
GCGTCAG,0.348610673177426
GCGTCAT,0.342175357804296
GCGTCCA,0.350684350998551
GCGTCCC,0.394070332665896
GCGTCCG,0.393289604759174
GCGTCCT,0.368349345512953
GCGTCGA,0.349430459814751
GCGTCGC,0.376596405292687
GCGTCGG,0.380938410372064
GCGTCGT,0.349165208228216
GCGTCTA,0.342100005648099
GCGTCTC,0.362338989001694
GCGTCTG,0.359397641822812
GCGTCTT,0.348471140485004
GCGTGAA,0.339860827290496
GCGTGAC,0.344440120748333
GCGTGAG,0.349637851141492
GCGTGAT,0.337802399880577
GCGTGCA,0.347558593250488
GCGTGCC,0.361563313470188
GCGTGCG,0.381149251946493
GCGTGCT,0.352408007030346
GCGTGGA,0.356680564410621
GCGTGGC,0.367571641734827
GCGTGGG,0.36725771869274
GCGTGGT,0.344207722717859
GCGTGTA,0.339174010416959
GCGTGTC,0.346068808134696
GCGTGTG,0.347112231522974
GCGTGTT,0.340413372369742
GCGTTAA,0.337224316349082
GCGTTAC,0.339558685980128
GCGTTAG,0.339998134077251
GCGTTAT,0.337052203129528
GCGTTCA,0.339283932821071
GCGTTCC,0.346386042185743
GCGTTCG,0.351281859578768
GCGTTCT,0.34027269110424
GCGTTGA,0.338070682252295
GCGTTGC,0.352353763940638
GCGTTGG,0.34937605496859
GCGTTGT,0.341791687687919
GCGTTTA,0.335484610007057
GCGTTTC,0.33614639956561
GCGTTTG,0.339390408628847
GCGTTTT,0.334577384753384
GCTAAAA,0.330912520981438
GCTAAAC,0.334918984400786
GCTAAAG,0.334391008477747
GCTAAAT,0.333731509831279
GCTAACA,0.331909587168185
GCTAACC,0.33969946772157
GCTAACG,0.339771567768038
GCTAACT,0.334743023397797
GCTAAGA,0.333493154645354
GCTAAGC,0.341592943509462
GCTAAGG,0.336838741588699
GCTAAGT,0.335363924075661
GCTAATA,0.334473846666469
GCTAATC,0.336976463927359
GCTAATG,0.3336831525035
GCTAATT,0.317146737701999
GCTACAA,0.336614902326484
GCTACAC,0.339208362466233
GCTACAG,0.341771129776937
GCTACAT,0.337100397817073
GCTACCA,0.337988141495987
GCTACCC,0.349719435940305
GCTACCG,0.349120992789253
GCTACCT,0.34682931904118
GCTACGA,0.343554668611721
GCTACGC,0.342938834361737
GCTACGG,0.352513094644445
GCTACGT,0.341860211005709
GCTACTA,0.338442031368289
GCTACTC,0.331746939371518
GCTACTG,0.34920942171226
GCTACTT,0.331705408034754
GCTAGAA,0.33262215709094
GCTAGAC,0.339510609626352
GCTAGAG,0.344781784474845
GCTAGAT,0.334529068313548
GCTAGCA,0.341284469149153
GCTAGCC,0.347596064940418
GCTAGCG,0.353803754200322
GCTAGCT,0.342175357804296
GCTAGGA,0.340571186331985
GCTAGGC,0.351648335893184
GCTAGGG,0.345632020283527
GCTAGGT,0.33914996328031
GCTAGTA,0.33579143149749
GCTAGTC,0.342284950805738
GCTAGTG,0.340804430926147
GCTAGTT,0.334770627171325
GCTATAA,0.3364116817609
GCTATAC,0.337324128444864
GCTATAG,0.337083185695303
GCTATAT,0.336594237714564
GCTATCA,0.337251851715408
GCTATCC,0.336521908209827
GCTATCG,0.340972470517631
GCTATCT,0.336945478054842
GCTATGA,0.335891386707873
GCTATGC,0.338283881011102
GCTATGG,0.348287336006476
GCTATGT,0.335939637371736
GCTATTA,0.332957511834779
GCTATTC,0.335101813033794
GCTATTG,0.336370343709962
GCTATTT,0.331442336172773
GCTCAAA,0.330843243344126
GCTCAAC,0.33650124167611
GCTCAAG,0.329789631927136
GCTCAAT,0.332777748018711
GCTCACA,0.334218406874823
GCTCACC,0.346092689469165
GCTCACG,0.337561572353371
GCTCACT,0.323535273164782
GCTCAGA,0.338713579067922
GCTCAGC,0.366646287820189
GCTCAGG,0.346866818067701
GCTCAGT,0.339194621788131
GCTCATA,0.336129171015529
GCTCATC,0.340152581680292
GCTCATG,0.341781408785257
GCTCATT,0.334632600683373
GCTCCAA,0.339414449984238
GCTCCAC,0.345020879645592
GCTCCAG,0.371074874157472
GCTCCAT,0.342562304424174
GCTCCCA,0.350351492549626
GCTCCCC,0.376056879109683
GCTCCCG,0.422208199323541
GCTCCCT,0.36010771867113
GCTCCGA,0.359333676501062
GCTCCGC,0.407696266365012
GCTCCGG,0.447016359690542
GCTCCGT,0.355004839929856
GCTCCTA,0.339067511564288
GCTCCTC,0.387025015401364
GCTCCTG,0.42544353949556
GCTCCTT,0.347452983660166
GCTCGAA,0.340437389144568
GCTCGAC,0.342356864686227
GCTCGAG,0.356417229223621
GCTCGAT,0.336979906742816
GCTCGCA,0.356309174211426
GCTCGCC,0.388965061420125
GCTCGCG,0.397054246934619
GCTCGCT,0.371740133938865
GCTCGGA,0.370505725869333
GCTCGGC,0.432280556701216
GCTCGGG,0.426353859074332
GCTCGGT,0.35204180906265
GCTCGTA,0.338373273416655
GCTCGTC,0.354693711101179
GCTCGTG,0.360195181409607
GCTCGTT,0.33995694402077
GCTCTAA,0.333589885338584
GCTCTAC,0.345498898555895
GCTCTAG,0.338180725997145
GCTCTAT,0.34059176892585
GCTCTCA,0.337052203129528
GCTCTCC,0.364779613598258
GCTCTCG,0.368182507251821
GCTCTCT,0.342928567243783
GCTCTGA,0.342278101595011
GCTCTGC,0.38089557774476
GCTCTGG,0.376738685775196
GCTCTGT,0.339867693077615
GCTCTTA,0.333724601784764
GCTCTTC,0.358801595809292
GCTCTTG,0.344392278509882
GCTCTTT,0.337520281810332
GCTGAAA,0.32853008080926
GCTGAAC,0.344942326109418
GCTGAAG,0.356521896383584
GCTGAAT,0.334653305871126
GCTGACA,0.340337887322089
GCTGACC,0.365104357461207
GCTGACG,0.358757804410377
GCTGACT,0.344265827289003
GCTGAGA,0.345751473414269
GCTGAGC,0.408981749772789
GCTGAGG,0.388337330295821
GCTGAGT,0.34810690245719
GCTGATA,0.334563580294498
GCTGATC,0.343243377586073
GCTGATG,0.334722320067598
GCTGATT,0.334135547522351
GCTGCAA,0.34472370987631
GCTGCAC,0.35976452172917
GCTGCAG,0.443571691257244
GCTGCAT,0.341716306614715
GCTGCCA,0.374171217534312
GCTGCCC,0.430911873114648
GCTGCCG,0.510549845221226
GCTGCCT,0.393556422017928
GCTGCGA,0.36470929433667
GCTGCGC,0.462653083900177
GCTGCGG,0.520322052133357
GCTGCGT,0.366442394423839
GCTGCTA,0.357615181920874
GCTGCTC,0.440872554396996
GCTGCTG,0.66033750527565
GCTGCTT,0.361391979318335
GCTGGAA,0.334753374902164
GCTGGAC,0.366114740914667
GCTGGAG,0.405609048500301
GCTGGAT,0.339685733789976
GCTGGCA,0.35482223256914
GCTGGCC,0.426810281810161
GCTGGCG,0.445723297092161
GCTGGCT,0.390183434709643
GCTGGGA,0.349100585004179
GCTGGGC,0.469928671570762
GCTGGGG,0.419380950298143
GCTGGGT,0.364397821011692
GCTGGTA,0.341620358848056
GCTGGTC,0.346604295347535
GCTGGTG,0.402740857200749
GCTGGTT,0.343718827047119
GCTGTAA,0.334901734690956
GCTGTAC,0.344809112530719
GCTGTAG,0.338259812459602
GCTGTAT,0.333890381731526
GCTGTCA,0.340180036534804
GCTGTCC,0.366756573479151
GCTGTCG,0.369616407468284
GCTGTCT,0.348658314028306
GCTGTGA,0.347146311962209
GCTGTGC,0.385212434703675
GCTGTGG,0.405441882719264
GCTGTGT,0.341133624822605
GCTGTTA,0.334618796986698
GCTGTTC,0.349216223613226
GCTGTTG,0.368499476152748
GCTGTTT,0.33729659506866
GCTTAAA,0.330139803612207
GCTTAAC,0.33444623469935
GCTTAAG,0.335581148266403
GCTTAAT,0.331885364704789
GCTTACA,0.333548430472929
GCTTACC,0.33917744567499
GCTTACG,0.337179569761648
GCTTACT,0.334083756940366
GCTTAGA,0.332884918799008
GCTTAGC,0.337840238933763
GCTTAGG,0.338448906903438
GCTTAGT,0.334974181472775
GCTTATA,0.335329439705586
GCTTATC,0.335956869187489
GCTTATG,0.333935275737907
GCTTATT,0.333033556030066
GCTTCAA,0.335246672365262
GCTTCAC,0.339122480130328
GCTTCAG,0.34560130145771
GCTTCAT,0.340131990044736
GCTTCCA,0.3421685078429
GCTTCCC,0.362295352239888
GCTTCCG,0.360343177850048
GCTTCCT,0.351071414330664
GCTTCGA,0.341390732172437
GCTTCGC,0.364900149400805
GCTTCGG,0.363583513138034
GCTTCGT,0.346631573643767
GCTTCTA,0.335019026850491
GCTTCTC,0.355342913682052
GCTTCTG,0.360958473620865
GCTTCTT,0.340238375598013
GCTTGAA,0.325045047152944
GCTTGAC,0.338098194323806
GCTTGAG,0.331168806516882
GCTTGAT,0.333227096982719
GCTTGCA,0.337637267254535
GCTTGCC,0.344812528485193
GCTTGCG,0.353671715946887
GCTTGCT,0.342613657764731
GCTTGGA,0.336449573473154
GCTTGGC,0.358060252095868
GCTTGGG,0.34770847158618
GCTTGGT,0.339465965228163
GCTTGTA,0.335188041354173
GCTTGTC,0.344785200522672
GCTTGTG,0.338943821242069
GCTTGTT,0.336866287573868
GCTTTAA,0.330444803764503
GCTTTAC,0.334867234378612
GCTTTAG,0.336339339050298
GCTTTAT,0.333807495193519
GCTTTCA,0.329428930919551
GCTTTCC,0.33558804349975
GCTTTCG,0.344207722717859
GCTTTCT,0.333620975360096
GCTTTGA,0.332303984723805
GCTTTGC,0.343540987525624
GCTTTGG,0.343393904027784
GCTTTGT,0.335601833823815
GCTTTTA,0.325964438704295
GCTTTTC,0.329595424474737
GCTTTTG,0.331563496285151
GCTTTTT,0.319612471682029
GGAAAAA,0.316289497770667
GGAAAAC,0.326027093721457
GGAAAAG,0.321411458550393
GGAAAAT,0.327394083984974
GGAAACA,0.328557856614925
GGAAACC,0.332833063404033
GGAAACG,0.340162877339067
GGAAACT,0.326542108414619
GGAAAGA,0.319959220887511
GGAAAGC,0.333092313493268
GGAAAGG,0.319251584742054
GGAAAGT,0.330815530945315
GGAAATA,0.327084674759377
GGAAATC,0.328693252620588
GGAAATG,0.325438678072812
GGAAATT,0.329793099574613
GGAACAA,0.332922944379731
GGAACAC,0.332767376043314
GGAACAG,0.339486570582686
GGAACAT,0.337623504971403
GGAACCA,0.336831854973845
GGAACCC,0.347558593250488
GGAACCG,0.357331852274645
GGAACCT,0.343475999810474
GGAACGA,0.343130467883473
GGAACGC,0.349005343166684
GGAACGG,0.347943462841983
GGAACGT,0.33766479125261
GGAACTA,0.336570128460931
GGAACTC,0.334604993099478
GGAACTG,0.338497034325887
GGAACTT,0.330760103843657
GGAAGAA,0.33271897206899
GGAAGAC,0.337881516267986
GGAAGAG,0.350728497368474
GGAAGAT,0.350140851398463
GGAAGCA,0.333244375603515
GGAAGCC,0.351471901099397
GGAAGCG,0.371217942362617
GGAAGCT,0.342586269644615
GGAAGGA,0.336604570073902
GGAAGGC,0.348590254975095
GGAAGGG,0.345451106946148
GGAAGGT,0.338325140037401
GGAAGTA,0.335801772154998
GGAAGTC,0.33952091189674
GGAAGTG,0.360198545208323
GGAAGTT,0.331605033515995
GGAATAA,0.329310981210753
GGAATAC,0.333797133893192
GGAATAG,0.332777748018711
GGAATAT,0.333306576166498
GGAATCA,0.332725887065912
GGAATCC,0.33745490163021
GGAATCG,0.34021435404299
GGAATCT,0.332207129558481
GGAATGA,0.328634236102721
GGAATGC,0.331009501611406
GGAATGG,0.331438874239565
GGAATGT,0.33051757414547
GGAATTA,0.327654747787442
GGAATTC,0.331338472962696
GGAATTG,0.331116862053513
GGAATTT,0.326319431906918
GGACAAA,0.332839977612062
GGACAAC,0.337919352327657
GGACAAG,0.342586269644615
GGACAAT,0.336170519037071
GGACACA,0.33020566379249
GGACACC,0.342493829200916
GGACACG,0.340430527267761
GGACACT,0.336284217281675
GGACAGA,0.333154523515024
GGACAGC,0.356447617592208
GGACAGG,0.338617342749394
GGACAGT,0.34123304750318
GGACATA,0.335174245322556
GGACATC,0.341020476643497
GGACATG,0.342322620626217
GGACATT,0.333061207031047
GGACCAA,0.338266689247714
GGACCAC,0.337090070579562
GGACCAG,0.348563030056788
GGACCAT,0.344231648538383
GGACCCA,0.354629444172505
GGACCCC,0.367675147941445
GGACCCG,0.398978187456492
GGACCCT,0.347688034954013
GGACCGA,0.352841845857298
GGACCGC,0.373773084042977
GGACCGG,0.379741701468442
GGACCGT,0.347919625666102
GGACCTA,0.338648276861805
GGACCTC,0.349780620171659
GGACCTG,0.372564441899696
GGACCTT,0.339143092563626
GGACGAA,0.340409941354823
GGACGAC,0.35030053504941
GGACGAG,0.368973074001962
GGACGAT,0.342822467518577
GGACGCA,0.351166459604223
GGACGCC,0.38436894041016
GGACGCG,0.39839232823278
GGACGCT,0.353654786704758
GGACGGA,0.357520747624705
GGACGGC,0.384214605713862
GGACGGG,0.375440867658131
GGACGGT,0.348699147236967
GGACGTA,0.33915339862095
GGACGTC,0.347647160436669
GGACGTG,0.358730854903998
GGACGTT,0.339304541926739
GGACTAA,0.33482583243258
GGACTAC,0.331833457450283
GGACTAG,0.338720452736296
GGACTAT,0.336118833743003
GGACTCA,0.337620064371026
GGACTCC,0.353255173373871
GGACTCG,0.362634326251264
GGACTCT,0.338723889552765
GGACTGA,0.345051616306187
GGACTGC,0.360225455190717
GGACTGG,0.355451073148351
GGACTGT,0.337251851715408
GGACTTA,0.331539265437029
GGACTTC,0.346304184967753
GGACTTG,0.33905033326773
GGACTTT,0.333351496389313
GGAGAAA,0.32345850321122
GGAGAAC,0.340238375598013
GGAGAAG,0.366111396958123
GGAGAAT,0.320960265948897
GGAGACA,0.334787879142851
GGAGACC,0.360713073154114
GGAGACG,0.36217114487921
GGAGACT,0.338851043459206
GGAGAGA,0.341260472710086
GGAGAGC,0.374599034322875
GGAGAGG,0.36393880716716
GGAGAGT,0.339661698955809
GGAGATA,0.333261653925766
GGAGATC,0.337530604605928
GGAGATG,0.342332893967349
GGAGATT,0.330732389140724
GGAGCAA,0.342730048907545
GGAGCAC,0.345430624128469
GGAGCAG,0.412266481999003
GGAGCAT,0.340420234364264
GGAGCCA,0.378431262440078
GGAGCCC,0.443837801405962
GGAGCCG,0.532148941667264
GGAGCCT,0.377413415156187
GGAGCGA,0.377555579449871
GGAGCGC,0.437910937754777
GGAGCGG,0.498717987149029
GGAGCGT,0.355636944902819
GGAGCTA,0.343657270791769
GGAGCTC,0.374429919328481
GGAGCTG,0.465766434585045
GGAGCTT,0.346887271489496
GGAGGAA,0.350157840232988
GGAGGAC,0.3640761983673
GGAGGAG,0.508727717625484
GGAGGAT,0.342760856060255
GGAGGCA,0.362949703813745
GGAGGCC,0.421458633250016
GGAGGCG,0.509814441322589
GGAGGCT,0.351617801329494
GGAGGGA,0.36476287136543
GGAGGGC,0.392430099460807
GGAGGGG,0.385222276740676
GGAGGGT,0.346263253845894
GGAGGTA,0.336408236988589
GGAGGTC,0.346392863318128
GGAGGTG,0.374907346881029
GGAGGTT,0.327738145856162
GGAGTAA,0.334774077589441
GGAGTAC,0.340063348197054
GGAGTAG,0.341425008158418
GGAGTAT,0.335443233614217
GGAGTCA,0.33766479125261
GGAGTCC,0.361029057123338
GGAGTCG,0.367144147787248
GGAGTCT,0.33883386144366
GGAGTGA,0.3406157814166
GGAGTGC,0.335984439475081
GGAGTGG,0.350983149915721
GGAGTGT,0.33552253686327
GGAGTTA,0.331840378573227
GGAGTTC,0.333354951707491
GGAGTTG,0.338280442682069
GGAGTTT,0.328672423659046
GGATAAA,0.331840378573227
GGATAAC,0.336349674043663
GGATAAG,0.335422544775778
GGATAAT,0.333258198285199
GGATACA,0.334249477362029
GGATACC,0.33538116581477
GGATACG,0.337406724025249
GGATACT,0.335763855888025
GGATAGA,0.332601409804694
GGATAGC,0.336632122510223
GGATAGG,0.333741871811575
GGATAGT,0.335101813033794
GGATATA,0.336546018626028
GGATATC,0.336687225105558
GGATATG,0.336477130180281
GGATATT,0.331573880754614
GGATCAA,0.336208419888323
GGATCAC,0.325274974298001
GGATCAG,0.338772003743145
GGATCAT,0.335646651063686
GGATCCA,0.341263900808065
GGATCCC,0.35086771546295
GGATCCG,0.353820680920752
GGATCCT,0.344682714011358
GGATCGA,0.341435290725122
GGATCGC,0.345263332078397
GGATCGG,0.348300952311671
GGATCGT,0.340313868157403
GGATCTA,0.337809279814927
GGATCTC,0.337017776930577
GGATCTG,0.336997120642313
GGATCTT,0.334439331588441
GGATGAA,0.334173525577819
GGATGAC,0.338916332425992
GGATGAG,0.34491500169382
GGATGAT,0.336587349415695
GGATGCA,0.338538284558806
GGATGCC,0.343640171159467
GGATGCG,0.349206020744427
GGATGCT,0.338005338048727
GGATGGA,0.343181792055974
GGATGGC,0.3587847531905
GGATGGG,0.335388062427176
GGATGGT,0.337468666233888
GGATGTA,0.3363565639799
GGATGTC,0.340231512355459
GGATGTG,0.335756961866842
GGATGTT,0.334277094762464
GGATTAA,0.33087095497498
GGATTAC,0.307655165604369
GGATTAG,0.333907648895575
GGATTAT,0.331947649853846
GGATTCA,0.333486244952069
GGATTCC,0.335922405259043
GGATTCG,0.339342324184034
GGATTCT,0.33466020750511
GGATTGA,0.335315645624581
GGATTGC,0.335570805327235
GGATTGG,0.334128642266393
GGATTGT,0.333140699400193
GGATTTA,0.331829996870848
GGATTTC,0.332556455874425
GGATTTG,0.329685596911029
GGATTTT,0.32732456216086
GGCAAAA,0.329297103859741
GGCAAAC,0.330967939635934
GGCAAAG,0.33494658331762
GGCAAAT,0.330628452163255
GGCAACA,0.330825923184867
GGCAACC,0.342541762349522
GGCAACG,0.342675278292544
GGCAACT,0.337685433754023
GGCAAGA,0.338768567092032
GGCAAGC,0.345393071206368
GGCAAGG,0.34603469095324
GGCAAGT,0.335894833261073
GGCAATA,0.333057750697737
GGCAATC,0.337234642200306
GGCAATG,0.33745490163021
GGCAATT,0.334970731745034
GGCACAA,0.334259833976573
GGCACAC,0.33479132950144
GGCACAG,0.341668333882132
GGCACAT,0.331196509127444
GGCACCA,0.342870384917479
GGCACCC,0.350045708591047
GGCACCG,0.371241230598412
GGCACCT,0.34466563190492
GGCACGA,0.338765130429108
GGCACGC,0.345362345039326
GGCACGG,0.354111775675963
GGCACGT,0.340293279842765
GGCACTA,0.340210922345167
GGCACTC,0.342685548011361
GGCACTG,0.344805696564577
GGCACTT,0.33689727590023
GGCAGAA,0.338816679132888
GGCAGAC,0.344522130689477
GGCAGAG,0.353045143034384
GGCAGAT,0.333797133893192
GGCAGCA,0.375603187064553
GGCAGCC,0.423358338586889
GGCAGCG,0.472926331233525
GGCAGCT,0.377545661666587
GGCAGGA,0.350208805004909
GGCAGGC,0.378176897728855
GGCAGGG,0.367100720208582
GGCAGGT,0.351186825273319
GGCAGTA,0.339222102955532
GGCAGTC,0.344730542357074
GGCAGTG,0.369429783381433
GGCAGTT,0.336683781282302
GGCATAA,0.33374877973879
GGCATAC,0.337403282678933
GGCATAG,0.334542873248858
GGCATAT,0.333703877358887
GGCATCA,0.33720366432676
GGCATCC,0.348164780915837
GGCATCG,0.351834915748669
GGCATCT,0.336928263266345
GGCATGA,0.339682300277605
GGCATGC,0.339829930665104
GGCATGG,0.35724413873168
GGCATGT,0.337079743235398
GGCATTA,0.334325423378004
GGCATTC,0.335257018657444
GGCATTG,0.338294195927269
GGCATTT,0.330254189570973
GGCCAAA,0.334287451090991
GGCCAAC,0.334487652364125
GGCCAAG,0.358774647483059
GGCCAAT,0.336821524962642
GGCCACA,0.34123304750318
GGCCACC,0.365077578451983
GGCCACG,0.366759915278953
GGCCACT,0.353763128902273
GGCCAGA,0.348651508331422
GGCCAGC,0.385983101023105
GGCCAGG,0.389118664751124
GGCCAGT,0.345396485166652
GGCCATA,0.338280442682069
GGCCATC,0.348355415678486
GGCCATG,0.412726186882211
GGCCATT,0.340207490635567
GGCCCAA,0.346109747216047
GGCCCAC,0.351692439728117
GGCCCAG,0.40215397329395
GGCCCAT,0.341349599438406
GGCCCCA,0.371859833712692
GGCCCCC,0.406007561860079
GGCCCCG,0.511440869932447
GGCCCCT,0.37356731961715
GGCCCGA,0.392277003974836
GGCCCGC,0.469217063935676
GGCCCGG,0.565685006671937
GGCCCGT,0.360195181409607
GGCCCTA,0.340406510328132
GGCCCTC,0.373663569538309
GGCCCTG,0.430059022538889
GGCCCTT,0.346055161401791
GGCCGAA,0.353292432214127
GGCCGAC,0.368349345512953
GGCCGAG,0.466510746874863
GGCCGAT,0.345311132662836
GGCCGCA,0.401398901811828
GGCCGCC,0.563334948219842
GGCCGCG,0.5733330251219
GGCCGCT,0.426470345363774
GGCCGGA,0.420816152832439
GGCCGGC,0.509145159212399
GGCCGGG,0.608404901080941
GGCCGGT,0.377816712349772
GGCCGTA,0.347115639619164
GGCCGTC,0.371590489069968
GGCCGTG,0.415117072452284
GGCCGTT,0.349936962868576
GGCCTAA,0.33308194478004
GGCCTAC,0.35019521465303
GGCCTAG,0.344621217062518
GGCCTAT,0.339263323290658
GGCCTCA,0.349345450941842
GGCCTCC,0.39150791467293
GGCCTCG,0.410742198376532
GGCCTCT,0.363707545206876
GGCCTGA,0.359777982651935
GGCCTGC,0.401269772685217
GGCCTGG,0.438729133608258
GGCCTGT,0.35432496574758
GGCCTTA,0.336914491222172
GGCCTTC,0.35521445911967
GGCCTTG,0.350130657959209
GGCCTTT,0.339689167290557
GGCGAAA,0.336924820273083
GGCGAAC,0.347037250468009
GGCGAAG,0.357200279074905
GGCGAAT,0.339483136386417
GGCGACA,0.347044067159877
GGCGACC,0.374605665700701
GGCGACG,0.393393737037764
GGCGACT,0.351549943405255
GGCGAGA,0.364431317422491
GGCGAGC,0.409337290016221
GGCGAGG,0.413326039269514
GGCGAGT,0.359811634166134
GGCGATA,0.337083185695303
GGCGATC,0.347759561339426
GGCGATG,0.366993813517881
GGCGATT,0.33741704799314
GGCGCAA,0.344522130689477
GGCGCAC,0.355576117949899
GGCGCAG,0.420483673333292
GGCGCAT,0.342678701543868
GGCGCCA,0.401531241864047
GGCGCCC,0.459115706071895
GGCGCCG,0.55669098109281
GGCGCCT,0.38843870939559
GGCGCGA,0.382406788904132
GGCGCGC,0.482996938453901
GGCGCGG,0.605437523851784
GGCGCGT,0.364993889425827
GGCGCTA,0.349253633241558
GGCGCTC,0.396188238062304
GGCGCTG,0.49770415216669
GGCGCTT,0.3537834417576
GGCGGAA,0.365241588629262
GGCGGAC,0.385563407486011
GGCGGAG,0.485887509279763
GGCGGAT,0.343708567934361
GGCGGCA,0.45274554614189
GGCGGCC,0.620881999641001
GGCGGCG,0.976131337960543
GGCGGCT,0.481594693225913
GGCGGGA,0.42860876174031
GGCGGGC,0.569381257607309
GGCGGGG,0.535200423698967
GGCGGGT,0.380285837601995
GGCGGTA,0.349964150407867
GGCGGTC,0.376027080838842
GGCGGTG,0.455201824056806
GGCGGTT,0.359097979477739
GGCGTAA,0.338246058741506
GGCGTAC,0.340739265119073
GGCGTAG,0.349158405980238
GGCGTAT,0.336955806785695
GGCGTCA,0.35069453879536
GGCGTCC,0.39158615416742
GGCGTCG,0.381682746090103
GGCGTCT,0.361469251295502
GGCGTGA,0.335236325966034
GGCGTGC,0.366903602106877
GGCGTGG,0.367571641734827
GGCGTGT,0.349223025467926
GGCGTTA,0.339647964505488
GGCGTTC,0.343910311168694
GGCGTTG,0.356410476127415
GGCGTTT,0.336880060281915
GGCTAAA,0.335470818066333
GGCTAAC,0.336204974415749
GGCTAAG,0.338991924852032
GGCTAAT,0.32254728240208
GGCTACA,0.341706026937184
GGCTACC,0.349165208228216
GGCTACG,0.350524728629866
GGCTACT,0.341250188345638
GGCTAGA,0.340481990196146
GGCTAGC,0.346853182220754
GGCTAGG,0.348188612248695
GGCTAGT,0.337406724025249
GGCTATA,0.338259812459602
GGCTATC,0.338256374047812
GGCTATG,0.341185051581178
GGCTATT,0.334894834723708
GGCTCAA,0.328165451827848
GGCTCAC,0.317778657134536
GGCTCAG,0.352696124119329
GGCTCAT,0.335884493565838
GGCTCCA,0.353810524922876
GGCTCCC,0.403201738761765
GGCTCCG,0.436073002281707
GGCTCCT,0.393364450930396
GGCTCGA,0.34547158934429
GGCTCGC,0.396334247172052
GGCTCGG,0.441545696178539
GGCTCGT,0.351858659778665
GGCTCTA,0.340595199316973
GGCTCTC,0.357021446717114
GGCTCTG,0.376278682776179
GGCTCTT,0.344511879814634
GGCTGAA,0.339040026148148
GGCTGAC,0.351729756838448
GGCTGAG,0.388974866593029
GGCTGAT,0.333614066549958
GGCTGCA,0.398185091424496
GGCTGCC,0.436079238280947
GGCTGCG,0.4856382928626
GGCTGCT,0.448147574737191
GGCTGGA,0.364347574291632
GGCTGGC,0.416202240938275
GGCTGGG,0.441288280710791
GGCTGGT,0.345789012879983
GGCTGTA,0.339342324184034
GGCTGTC,0.358158006130156
GGCTGTG,0.398062024246323
GGCTGTT,0.347074741698261
GGCTTAA,0.332926401179007
GGCTTAC,0.335863813854635
GGCTTAG,0.334953482927815
GGCTTAT,0.335112160824833
GGCTTCA,0.343640171159467
GGCTTCC,0.365636441561411
GGCTTCG,0.365017323059147
GGCTTCT,0.353556591448276
GGCTTGA,0.332753546575438
GGCTTGC,0.346720222967892
GGCTTGG,0.347282622105572
GGCTTGT,0.340234943982624
GGCTTTA,0.334201145075895
GGCTTTC,0.340090805501534
GGCTTTG,0.342182207718772
GGCTTTT,0.32670908326139
GGGAAAA,0.319517882845936
GGGAAAC,0.333050837995278
GGGAAAG,0.324407245236897
GGGAAAT,0.325438678072812
GGGAACA,0.336012009002574
GGGAACC,0.349610654729359
GGGAACG,0.350551900194165
GGGAACT,0.336432350145573
GGGAAGA,0.34474762335475
GGGAAGC,0.35576534520992
GGGAAGG,0.355626807334267
GGGAAGT,0.338376711426521
GGGAATA,0.332390454623581
GGGAATC,0.337293153343331
GGGAATG,0.329095860625784
GGGAATT,0.330382424937159
GGGACAA,0.338424842323593
GGGACAC,0.337929671004573
GGGACAG,0.346819091789895
GGGACAT,0.338325140037401
GGGACCA,0.343876120264609
GGGACCC,0.388199961569887
GGGACCG,0.38101748117204
GGGACCT,0.35480194080388
GGGACGA,0.351756895680409
GGGACGC,0.392693889881306
GGGACGG,0.379870342187182
GGGACGT,0.351556729404894
GGGACTA,0.331625801484433
GGGACTC,0.351298829040113
GGGACTG,0.356569161832867
GGGACTT,0.33898505304942
GGGAGAA,0.331874983469435
GGGAGAC,0.338672336065458
GGGAGAG,0.365214813294749
GGGAGAT,0.33262215709094
GGGAGCA,0.362664526281333
GGGAGCC,0.451530492019836
GGGAGCG,0.436144713925229
GGGAGCT,0.387601206076702
GGGAGGA,0.377667974119863
GGGAGGC,0.403823431112175
GGGAGGG,0.385940483933642
GGGAGGT,0.340794141870505
GGGAGTA,0.338325140037401
GGGAGTC,0.356521896383584
GGGAGTG,0.346883862614915
GGGAGTT,0.336204974415749
GGGATAA,0.333482790087522
GGGATAC,0.3364116817609
GGGATAG,0.333890381731526
GGGATAT,0.334670559866777
GGGATCA,0.334901734690956
GGGATCC,0.351108754622633
GGGATCG,0.349644650128957
GGGATCT,0.334356490540385
GGGATGA,0.336563239995987
GGGATGC,0.345887973807953
GGGATGG,0.34807285474014
GGGATGT,0.337737038143387
GGGATTA,0.306133089616028
GGGATTC,0.338005338048727
GGGATTG,0.336466796504097
GGGATTT,0.33118958354675
GGGCAAA,0.332155239003652
GGGCAAC,0.334953482927815
GGGCAAG,0.34455971633157
GGGCAAT,0.336012009002574
GGGCACA,0.340869592486915
GGGCACC,0.356130182409959
GGGCACG,0.352584276754305
GGGCACT,0.340965612311517
GGGCAGA,0.343274168928888
GGGCAGC,0.428552215481782
GGGCAGG,0.372664110518786
GGGCAGT,0.347623316196645
GGGCATA,0.33581555953201
GGGCATC,0.349716036706575
GGGCATG,0.348862463400144
GGGCATT,0.333855846508937
GGGCCAA,0.342106856078748
GGGCCAC,0.357379079457401
GGGCCAG,0.383679175229284
GGGCCAT,0.371593814754799
GGGCCCA,0.371291132134652
GGGCCCC,0.446920748829879
GGGCCCG,0.498504171085512
GGGCCCT,0.382942900914039
GGGCCGA,0.402186228606536
GGGCCGC,0.539353999625604
GGGCCGG,0.565526133661223
GGGCCGT,0.381228306077473
GGGCCTA,0.340979328676711
GGGCCTC,0.38699226732509
GGGCCTG,0.420046532094618
GGGCCTT,0.349080176802618
GGGCGAA,0.345027710096258
GGGCGAC,0.361102996401826
GGGCGAG,0.397981050736972
GGGCGAT,0.350106872863527
GGGCGCA,0.379702116379328
GGGCGCC,0.490537043055887
GGGCGCG,0.509394381518145
GGGCGCT,0.401266544243402
GGGCGGA,0.401373077320418
GGGCGGC,0.605308536411651
GGGCGGG,0.53044806548241
GGGCGGT,0.384155492500388
GGGCGTA,0.341301609110231
GGGCGTC,0.368983077171355
GGGCGTG,0.367815365068676
GGGCGTT,0.338301072478938
GGGCTAA,0.338118827880725
GGGCTAC,0.351020493503594
GGGCTAG,0.352519874111309
GGGCTAT,0.342452741816198
GGGCTCA,0.339060640281076
GGGCTCC,0.406601823020619
GGGCTCG,0.419152648806704
GGGCTCT,0.352523263827505
GGGCTGA,0.370472432316059
GGGCTGC,0.46456104756515
GGGCTGG,0.436908279843879
GGGCTGT,0.367848747201312
GGGCTTA,0.33338259382311
GGGCTTC,0.370212704551138
GGGCTTG,0.344088085027812
GGGCTTT,0.332075668256194
GGGGAAA,0.326629077959662
GGGGAAC,0.348420087074156
GGGGAAG,0.358218676242009
GGGGAAT,0.334898284713283
GGGGACA,0.34364359110932
GGGGACC,0.376109851621062
GGGGACG,0.383620030355382
GGGGACT,0.347912814940056
GGGGAGA,0.338080999367812
GGGGAGC,0.411298495590188
GGGGAGG,0.398618944327403
GGGGAGT,0.345789012879983
GGGGATA,0.334225311510963
GGGGATC,0.34219590740696
GGGGATG,0.349202619765028
GGGGATT,0.334877584597294
GGGGCAA,0.340320730834754
GGGGCAC,0.350633410457578
GGGGCAG,0.390278098619891
GGGGCAT,0.343216006707605
GGGGCCA,0.374642137492712
GGGGCCC,0.454969318171943
GGGGCCG,0.54018602021267
GGGGCCT,0.392179271195517
GGGGCGA,0.369226456789934
GGGGCGC,0.479515993893419
GGGGCGG,0.521854231274616
GGGGCGT,0.354937211461989
GGGGCTA,0.350433019149291
GGGGCTC,0.394655478847963
GGGGCTG,0.458246938524126
GGGGCTT,0.340629502581008
GGGGGAA,0.333983620875512
GGGGGAC,0.358087219680479
GGGGGAG,0.38052648217591
GGGGGAT,0.341332460299868
GGGGGCA,0.355305731163503
GGGGGCC,0.432796849750164
GGGGGCG,0.465294144455749
GGGGGCT,0.381290886165941
GGGGGGA,0.353512569754807
GGGGGGC,0.398557439322244
GGGGGGG,0.357480273053379
GGGGGGT,0.343346011708591
GGGGGTA,0.335946530133669
GGGGGTC,0.363798045386852
GGGGGTG,0.353912080260447
GGGGGTT,0.337141705700633
GGGGTAA,0.336680337447187
GGGGTAC,0.336780203850702
GGGGTAG,0.342534914897531
GGGGTAT,0.334411718668264
GGGGTCA,0.336935149217306
GGGGTCC,0.381386395593236
GGGGTCG,0.38631741824822
GGGGTCT,0.346239376584431
GGGGTGA,0.336170519037071
GGGGTGC,0.357372332853561
GGGGTGG,0.351862051736928
GGGGTGT,0.340495713196437
GGGGTTA,0.332680938731162
GGGGTTC,0.34291145514627
GGGGTTG,0.344176960107447
GGGGTTT,0.323353807412009
GGGTAAA,0.335005228486932
GGGTAAC,0.336349674043663
GGGTAAG,0.332774290705532
GGGTAAT,0.335505297561493
GGGTACA,0.334107926212419
GGGTACC,0.341387304509222
GGGTACG,0.34123990387542
GGGTACT,0.336769873305925
GGGTAGA,0.334936233813069
GGGTAGC,0.345829963417263
GGGTAGG,0.33728282809627
GGGTAGT,0.341037621129954
GGGTATA,0.336022347379429
GGGTATC,0.338321701850227
GGGTATG,0.334591189021708
GGGTATT,0.33427019048386
GGGTCAA,0.335322542688869
GGGTCAC,0.335477714060472
GGGTCAG,0.342394531797871
GGGTCAT,0.338249497188765
GGGTCCA,0.340680955270824
GGGTCCC,0.378560071834275
GGGTCCG,0.38332754039289
GGGTCCT,0.351824739563226
GGGTCGA,0.345393071206368
GGGTCGC,0.379883535171423
GGGTCGG,0.387781197598934
GGGTCGT,0.346539506411594
GGGTCTA,0.336449573473154
GGGTCTC,0.350402447453308
GGGTCTG,0.361375180272291
GGGTCTT,0.334435880015116
GGGTGAA,0.334346134926832
GGGTGAC,0.335629413901437
GGGTGAG,0.350806597710577
GGGTGAT,0.336322113823993
GGGTGCA,0.341452428101341
GGGTGCC,0.360551681119673
GGGTGCG,0.372617599732751
GGGTGCT,0.353394040177737
GGGTGGA,0.332912573910205
GGGTGGC,0.384503553355382
GGGTGGG,0.349403257761656
GGGTGGT,0.343082562945749
GGGTGTA,0.337788639869875
GGGTGTC,0.349780620171659
GGGTGTG,0.342024647813527
GGGTGTT,0.336504686128056
GGGTTAA,0.332584120070668
GGGTTAC,0.334629149777068
GGGTTAG,0.33473957287253
GGGTTAT,0.334301259362191
GGGTTCA,0.321257586274719
GGGTTCC,0.344973065184544
GGGTTCG,0.351275071713599
GGGTTCT,0.337248409836081
GGGTTGA,0.33993291570429
GGGTTGC,0.348787613469541
GGGTTGG,0.337819599627703
GGGTTGT,0.337386075769709
GGGTTTA,0.331757321936206
GGGTTTC,0.325177435905113
GGGTTTG,0.335908619355085
GGGTTTT,0.32217347667426
GGTAAAA,0.329193017588179
GGTAAAC,0.333144155446817
GGTAAAG,0.334629149777068
GGTAAAT,0.331431950337193
GGTAACA,0.334304711400199
GGTAACC,0.336521908209827
GGTAACG,0.338603593947824
GGTAACT,0.33271897206899
GGTAAGA,0.330843243344126
GGTAAGC,0.335884493565838
GGTAAGG,0.33428054688389
GGTAAGT,0.334277094762464
GGTAATA,0.334794779848125
GGTAATC,0.335157000015379
GGTAATG,0.335422544775778
GGTAATT,0.333724601784764
GGTACAA,0.336804308040167
GGTACAC,0.335622518953343
GGTACAG,0.333576067240977
GGTACAT,0.335598386260627
GGTACCA,0.337589098434923
GGTACCC,0.346900906871618
GGTACCG,0.347360992025366
GGTACCT,0.337878076555209
GGTACGA,0.33745490163021
GGTACGC,0.341682040611992
GGTACGG,0.340746124877693
GGTACGT,0.337368868564403
GGTACTA,0.335874153763693
GGTACTC,0.337902154296182
GGTACTG,0.340156013578328
GGTACTT,0.335863813854635
GGTAGAA,0.330926375932992
GGTAGAC,0.336366898795248
GGTAGAG,0.335019026850491
GGTAGAT,0.33565699321842
GGTAGCA,0.338115388984138
GGTAGCC,0.343007279120988
GGTAGCG,0.35896327051801
GGTAGCT,0.336043023812499
GGTAGGA,0.334991429932976
GGTAGGC,0.342089729914135
GGTAGGG,0.336742324664765
GGTAGGT,0.333493154645354
GGTAGTA,0.335994778136963
GGTAGTC,0.339967241693949
GGTAGTG,0.341253616478872
GGTAGTT,0.336156736553185
GGTATAA,0.335987885707585
GGTATAC,0.336397902600457
GGTATAG,0.337093513003916
GGTATAT,0.33512595771299
GGTATCA,0.334708517609336
GGTATCC,0.33710728258283
GGTATCG,0.340708395622946
GGTATCT,0.335808665867265
GGTATGA,0.33411828429305
GGTATGC,0.336115387961748
GGTATGG,0.335019026850491
GGTATGT,0.335774196830685
GGTATTA,0.334432428429878
GGTATTC,0.3355777006319
GGTATTG,0.33449800651229
GGTATTT,0.332027230788071
GGTCAAA,0.331975330897112
GGTCAAC,0.337396399950773
GGTCAAG,0.332414664855692
GGTCAAT,0.335025925960874
GGTCACA,0.331054525135599
GGTCACC,0.340039322437182
GGTCACG,0.340101101796351
GGTCACT,0.332556455874425
GGTCAGA,0.33271897206899
GGTCAGC,0.345266746481633
GGTCAGG,0.327063812265516
GGTCAGT,0.337785199837616
GGTCATA,0.33479132950144
GGTCATC,0.341243332043912
GGTCATG,0.34177798246089
GGTCATT,0.332995534655262
GGTCCAA,0.336360008930217
GGTCCAC,0.33877887700994
GGTCCAG,0.351146093520357
GGTCCAT,0.336277326846954
GGTCCCA,0.342034924216276
GGTCCCC,0.376986800970775
GGTCCCG,0.397391365891896
GGTCCCT,0.342034924216276
GGTCCGA,0.346682718443691
GGTCCGC,0.372763769205032
GGTCCGG,0.389945103119744
GGTCCGT,0.347432541805967
GGTCCTA,0.336380678382901
GGTCCTC,0.35233003166364
GGTCCTG,0.357628671806656
GGTCCTT,0.341027334473352
GGTCGAA,0.339297672272042
GGTCGAC,0.341143910385899
GGTCGAG,0.349165208228216
GGTCGAT,0.338056925932692
GGTCGCA,0.350079689204284
GGTCGCC,0.372434857842021
GGTCGCG,0.373802949553772
GGTCGCT,0.355599773315687
GGTCGGA,0.347279214578428
GGTCGGC,0.382294925621388
GGTCGGG,0.369139780429425
GGTCGGT,0.357942260361569
GGTCGTA,0.338438593582987
GGTCGTC,0.349549460097598
GGTCGTG,0.345966453098182
GGTCGTT,0.340759844253766
GGTCTAA,0.333444785789703
GGTCTAC,0.342353440332995
GGTCTAG,0.334466943746166
GGTCTAT,0.336563239995987
GGTCTCA,0.329640511709267
GGTCTCC,0.36028600000357
GGTCTCG,0.340152581680292
GGTCTCT,0.334608444089147
GGTCTGA,0.339781867350328
GGTCTGC,0.348263507026249
GGTCTGG,0.356248388135669
GGTCTGT,0.341599797414573
GGTCTTA,0.332449249884832
GGTCTTC,0.346484944051693
GGTCTTG,0.332456166747127
GGTCTTT,0.331345397512325
GGTGAAA,0.321673686275825
GGTGAAC,0.339472833726846
GGTGAAG,0.345478416717109
GGTGAAT,0.334004339504735
GGTGACA,0.33710728258283
GGTGACC,0.348420087074156
GGTGACG,0.350592656156362
GGTGACT,0.338486721501779
GGTGAGA,0.338221989279651
GGTGAGC,0.353299206399573
GGTGAGG,0.362590702375397
GGTGAGT,0.338974745256962
GGTGATA,0.336108496363618
GGTGATC,0.335301851353297
GGTGATG,0.339709768046484
GGTGATT,0.333565703542465
GGTGCAA,0.336952363887265
GGTGCAC,0.341442145710852
GGTGCAG,0.363603627491599
GGTGCAT,0.335129406905287
GGTGCCA,0.346454251415924
GGTGCCC,0.372019411126331
GGTGCCG,0.380444076170583
GGTGCCT,0.348045615731817
GGTGCGA,0.348236273210681
GGTGCGC,0.37356731961715
GGTGCGG,0.390751283798933
GGTGCGT,0.346454251415924
GGTGCTA,0.338479846226621
GGTGCTC,0.353742815634327
GGTGCTG,0.408876024237855
GGTGCTT,0.344043644525777
GGTGGAA,0.336304888300974
GGTGGAC,0.350507746027257
GGTGGAG,0.364669109681252
GGTGGAT,0.332310902590949
GGTGGCA,0.350079689204284
GGTGGCC,0.402263637112154
GGTGGCG,0.427763375975155
GGTGGCT,0.360699624812731
GGTGGGA,0.334204597459518
GGTGGGC,0.375881387620345
GGTGGGG,0.356694066910094
GGTGGGT,0.340351612300032
GGTGGTA,0.33529150552496
GGTGGTC,0.347691441088378
GGTGGTG,0.371763410017056
GGTGGTT,0.338479846226621
GGTGTAA,0.33449800651229
GGTGTAC,0.339960376590279
GGTGTAG,0.337041875394284
GGTGTAT,0.336222201659908
GGTGTCA,0.335229428307077
GGTGTCC,0.361711107585351
GGTGTCG,0.359549122318567
GGTGTCT,0.344296587165793
GGTGTGA,0.341452428101341
GGTGTGC,0.350382065803402
GGTGTGG,0.350976360022642
GGTGTGT,0.327136829089918
GGTGTTA,0.332124103378243
GGTGTTC,0.341723159674362
GGTGTTG,0.349029154476478
GGTGTTT,0.330860563203402
GGTTAAA,0.330808602725615
GGTTAAC,0.335322542688869
GGTTAAG,0.33150118720369
GGTTAAT,0.333728055813986
GGTTACA,0.33131769902611
GGTTACC,0.337169243341736
GGTTACG,0.338029412725763
GGTTACT,0.335105262309372
GGTTAGA,0.330825923184867
GGTTAGC,0.336263545835076
GGTTAGG,0.332881461856332
GGTTAGT,0.337723277233271
GGTTATA,0.334166620584105
GGTTATC,0.334936233813069
GGTTATG,0.336762986216784
GGTTATT,0.330358165453423
GGTTCAA,0.322641585137881
GGTTCAC,0.33155311170785
GGTTCAG,0.335053521926435
GGTTCAT,0.334832732875956
GGTTCCA,0.333800587671896
GGTTCCC,0.356180843717631
GGTTCCG,0.356194352966223
GGTTCCT,0.342147957677173
GGTTCGA,0.33904346186648
GGTTCGC,0.346948629244948
GGTTCGG,0.35460914849481
GGTTCGT,0.342671855029501
GGTTCTA,0.333544975823218
GGTTCTC,0.343216006707605
GGTTCTG,0.337375751482056
GGTTCTT,0.337915912745024
GGTTGAA,0.333527702395643
GGTTGAC,0.338648276861805
GGTTGAG,0.34341784932728
GGTTGAT,0.33480168050578
GGTTGCA,0.329147910172407
GGTTGCC,0.345928920293013
GGTTGCG,0.353922235226986
GGTTGCT,0.348559626889883
GGTTGGA,0.338362959316137
GGTTGGC,0.34839626125708
GGTTGGG,0.339809332384495
GGTTGGT,0.339215232734483
GGTTGTA,0.334915534482624
GGTTGTC,0.339380105013884
GGTTGTG,0.338837297870388
GGTTGTT,0.335936190972953
GGTTTAA,0.329893656121086
GGTTTAC,0.333106138277003
GGTTTAG,0.33220021097341
GGTTTAT,0.332822692002353
GGTTTCA,0.319202522092434
GGTTTCC,0.338225427809672
GGTTTCG,0.34094846659045
GGTTTCT,0.334221859198852
GGTTTGA,0.332220966585026
GGTTTGC,0.337692314493136
GGTTTGG,0.335008678095672
GGTTTGT,0.332954055143045
GGTTTTA,0.325355088004241
GGTTTTC,0.327651272716969
GGTTTTG,0.32734889534909
GGTTTTT,0.32331541620574
GTAAAAA,0.326288114045931
GTAAAAC,0.330538364710279
GTAAAAG,0.328790448705128
GTAAAAT,0.324473484036195
GTAAACA,0.329571145891029
GTAAACC,0.333085401029728
GTAAACG,0.334290903176666
GTAAACT,0.331026818591377
GTAAAGA,0.330448269140822
GTAAAGC,0.334594640059015
GTAAAGG,0.334301259362191
GTAAAGT,0.33202377087914
GTAAATA,0.327029040475177
GTAAATC,0.333386049033838
GTAAATG,0.329446275291638
GTAAATT,0.327571342762904
GTAACAA,0.333085401029728
GTAACAC,0.335212183951529
GTAACAG,0.333430965686936
GTAACAT,0.335525984687962
GTAACCA,0.334639502460258
GTAACCC,0.336497797212299
GTAACCG,0.338857916182764
GTAACCT,0.334353038681116
GTAACGA,0.337430813117865
GTAACGC,0.337840238933763
GTAACGG,0.339228973129382
GTAACGT,0.336408236988589
GTAACTA,0.33495693271506
GTAACTC,0.333952542126789
GTAACTG,0.333268565171075
GTAACTT,0.330853635295689
GTAAGAA,0.330534899646161
GTAAGAC,0.335694913537366
GTAAGAG,0.333672789914734
GTAAGAT,0.333845485709583
GTAAGCA,0.335787984587891
GTAAGCC,0.334259833976573
GTAAGCG,0.338036291098462
GTAAGCT,0.333375683365838
GTAAGGA,0.331549650158118
GTAAGGC,0.339424753245331
GTAAGGG,0.333866207200946
GTAAGGT,0.334149357891221
GTAAGTA,0.332805406093846
GTAAGTC,0.335001778866293
GTAAGTG,0.33258066208799
GTAAGTT,0.332117184218722
GTAATAA,0.331487340213885
GTAATAC,0.334073398502089
GTAATAG,0.33451526318766
GTAATAT,0.333513883438753
GTAATCA,0.334394460205952
GTAATCC,0.312927232298457
GTAATCG,0.337675112556581
GTAATCT,0.331546188596404
GTAATGA,0.332815777674807
GTAATGC,0.334760275845545
GTAATGG,0.33482928266022
GTAATGT,0.334308163426291
GTAATTA,0.331265762296507
GTAATTC,0.334715418862281
GTAATTG,0.332068748761533
GTAATTT,0.327658222845839
GTACAAA,0.331909587168185
GTACAAC,0.336783647341912
GTACAAG,0.336380678382901
GTACAAT,0.335443233614217
GTACACA,0.333375683365838
GTACACC,0.336249764633279
GTACACG,0.338565783768793
GTACACT,0.33407685132677
GTACAGA,0.332833063404033
GTACAGC,0.338173848617855
GTACAGG,0.33361061212699
GTACAGT,0.332829606282092
GTACATA,0.334425525223662
GTACATC,0.338015655838427
GTACATG,0.335139754410796
GTACATT,0.33361061212699
GTACCAA,0.3364116817609
GTACCAC,0.33902628315678
GTACCAG,0.33853140963815
GTACCAT,0.336973021100048
GTACCCA,0.340159445464586
GTACCCC,0.340437389144568
GTACCCG,0.343814573691177
GTACCCT,0.3375133998874
GTACCGA,0.33907781840058
GTACCGC,0.345328203746413
GTACCGG,0.347602877824097
GTACCGT,0.340337887322089
GTACCTA,0.335694913537366
GTACCTC,0.336749211896205
GTACCTG,0.343479420321829
GTACCTT,0.335894833261073
GTACGAA,0.337034990178198
GTACGAC,0.339586157144579
GTACGAG,0.339356062832769
GTACGAT,0.338132583348818
GTACGCA,0.338270127624036
GTACGCC,0.342415076897135
GTACGCG,0.342603387307591
GTACGCT,0.338857916182764
GTACGGA,0.338221989279651
GTACGGC,0.34094846659045
GTACGGG,0.34323653493669
GTACGGT,0.33738951717524
GTACGTA,0.336728550059582
GTACGTC,0.337781759793522
GTACGTG,0.339074382800286
GTACGTT,0.336549462923746
GTACTAA,0.335284608246604
GTACTAC,0.337258735438523
GTACTAG,0.336132616749291
GTACTAT,0.336080929496144
GTACTCA,0.336287662481231
GTACTCC,0.337819599627703
GTACTCG,0.340728975392911
GTACTCT,0.335653545845393
GTACTGA,0.336573572675609
GTACTGC,0.341089052825796
GTACTGG,0.342127407089128
GTACTGT,0.334518714486999
GTACTTA,0.33225901742082
GTACTTC,0.336663118093705
GTACTTG,0.335419096594424
GTACTTT,0.332051449815406
GTAGAAA,0.329085450391353
GTAGAAC,0.334404815319082
GTAGAAG,0.332203670271929
GTAGAAT,0.332383537306747
GTAGACA,0.334422073602683
GTAGACC,0.3382529356242
GTAGACG,0.340138853970368
GTAGACT,0.333728055813986
GTAGAGA,0.316011791222572
GTAGAGC,0.338974745256962
GTAGAGG,0.336893832800277
GTAGAGT,0.332732802015017
GTAGATA,0.335008678095672
GTAGATC,0.335594938685554
GTAGATG,0.334466943746166
GTAGATT,0.332795034405315
GTAGCAA,0.335929298139754
GTAGCAC,0.335812112705578
GTAGCAG,0.341250188345638
GTAGCAT,0.334049228395502
GTAGCCA,0.335277710920674
GTAGCCC,0.340704965620109
GTAGCCG,0.354933829918535
GTAGCCT,0.339747534996812
GTAGCGA,0.344341016428601
GTAGCGC,0.346529276195877
GTAGCGG,0.356781828712962
GTAGCGT,0.339860827290496
GTAGCTA,0.335918958800871
GTAGCTC,0.338634528485538
GTAGCTG,0.328332155859565
GTAGCTT,0.333513883438753
GTAGGAA,0.332698226791316
GTAGGAC,0.335288056891728
GTAGGAG,0.338892279092052
GTAGGAT,0.334080304139529
GTAGGCA,0.333669335694616
GTAGGCC,0.3398264976478
GTAGGCG,0.348055830446887
GTAGGCT,0.336404792204412
GTAGGGA,0.334304711400199
GTAGGGC,0.34161350508387
GTAGGGG,0.33729659506866
GTAGGGT,0.336690668916954
GTAGGTA,0.334321971411493
GTAGGTC,0.337451460449686
GTAGGTG,0.334663658304241
GTAGGTT,0.336153290902533
GTAGTAA,0.334449686236935
GTAGTAC,0.336942035120851
GTAGTAG,0.335712149570634
GTAGTAT,0.33506387021719
GTAGTCA,0.335360475692166
GTAGTCC,0.331483878436474
GTAGTCG,0.341469565183875
GTAGTCT,0.336742324664765
GTAGTGA,0.336129171015529
GTAGTGC,0.338005338048727
GTAGTGG,0.337406724025249
GTAGTGT,0.33700744883978
GTAGTTA,0.333299665183887
GTAGTTC,0.337289711606156
GTAGTTG,0.335225979459757
GTAGTTT,0.330891738194176
GTATAAA,0.333620975360096
GTATAAC,0.336339339050298
GTATAAG,0.335743173681893
GTATAAT,0.334152810453638
GTATACA,0.333427510631401
GTATACC,0.336277326846954
GTATACG,0.337540927294965
GTATACT,0.335908619355085
GTATAGA,0.336198083434987
GTATAGC,0.336363453868667
GTATAGG,0.335881046977002
GTATAGT,0.335132856085687
GTATATA,0.331300387082621
GTATATC,0.336449573473154
GTATATG,0.333258198285199
GTATATT,0.331494263732755
GTATCAA,0.334918984400786
GTATCAC,0.335870707139219
GTATCAG,0.334604993099478
GTATCAT,0.335525984687962
GTATCCA,0.337010891548565
GTATCCC,0.337138263442175
GTATCCG,0.339404146616987
GTATCCT,0.333728055813986
GTATCGA,0.338235743328794
GTATCGC,0.338971309302531
GTATCGG,0.339064075928584
GTATCGT,0.338713579067922
GTATCTA,0.335363924075661
GTATCTC,0.336990235118073
GTATCTG,0.335067319623645
GTATCTT,0.334715418862281
GTATGAA,0.333693514984883
GTATGAC,0.337743918527434
GTATGAG,0.334031963675977
GTATGAT,0.335025925960874
GTATGCA,0.333189082966036
GTATGCC,0.337145147947242
GTATGCG,0.338875097785009
GTATGCT,0.335943083758642
GTATGGA,0.335574252985511
GTATGGC,0.33830451073704
GTATGGG,0.333769503234121
GTATGGT,0.334370297858308
GTATGTA,0.332750089178586
GTATGTC,0.335594938685554
GTATGTG,0.333033556030066
GTATGTT,0.332926401179007
GTATTAA,0.330905593433676
GTATTAC,0.33466020750511
GTATTAG,0.334239120640224
GTATTAT,0.33311650673938
GTATTCA,0.334373749658002
GTATTCC,0.333893835188188
GTATTCG,0.337606301851139
GTATTCT,0.333085401029728
GTATTGA,0.333520792941069
GTATTGC,0.338056925932692
GTATTGG,0.333924915761475
GTATTGT,0.333893835188188
GTATTTA,0.328922342568315
GTATTTC,0.333724601784764
GTATTTG,0.328415497455244
GTATTTT,0.304018209645014
GTCAAAA,0.332632530572647
GTCAAAC,0.334753374902164
GTCAAAG,0.332290148845945
GTCAAAT,0.33311650673938
GTCAACA,0.337740478341328
GTCAACC,0.33809475535626
GTCAACG,0.338861352526829
GTCAACT,0.336666561988122
GTCAAGA,0.335519089026689
GTCAAGC,0.33491208455256
GTCAAGG,0.334297807312266
GTCAAGT,0.333973261399925
GTCAATA,0.335115610064718
GTCAATC,0.335746620745953
GTCAATG,0.335260467397716
GTCAATT,0.33462224792873
GTCACAA,0.332442332974693
GTCACAC,0.331348859769158
GTCACAG,0.332563371995234
GTCACAT,0.333527702395643
GTCACCA,0.338249497188765
GTCACCC,0.334922434307046
GTCACCG,0.3433494326646
GTCACCT,0.337158916815188
GTCACGA,0.337891835335325
GTCACGC,0.339562119916956
GTCACGG,0.338607031165938
GTCACGT,0.34001186371906
GTCACTA,0.333600248786487
GTCACTC,0.331975330897112
GTCACTG,0.336273881611789
GTCACTT,0.332456166747127
GTCAGAA,0.331663874973066
GTCAGAC,0.335846580435282
GTCAGAG,0.339617061302552
GTCAGAT,0.33274317434902
GTCAGCA,0.336456462721127
GTCAGCC,0.351448147884306
GTCAGCG,0.348756991428538
GTCAGCT,0.343318643639205
GTCAGGA,0.322030205666811
GTCAGGC,0.336229092474475
GTCAGGG,0.338761693754373
GTCAGGT,0.336239428607294
GTCAGTA,0.334194240272891
GTCAGTC,0.340502574625962
GTCAGTG,0.339895155754709
GTCAGTT,0.333786772485507
GTCATAA,0.335736279518124
GTCATAC,0.336318668743126
GTCATAG,0.33512595771299
GTCATAT,0.335363924075661
GTCATCA,0.337551249877446
GTCATCC,0.334145905316884
GTCATCG,0.340770133662303
GTCATCT,0.335188041354173
GTCATGA,0.335991331928212
GTCATGC,0.339503741387129
GTCATGG,0.350983149915721
GTCATGT,0.338060365030333
GTCATTA,0.336173964628362
GTCATTC,0.334532519565242
GTCATTG,0.336439239512203
GTCATTT,0.327150736452017
GTCCAAA,0.330874418874842
GTCCAAC,0.338266689247714
GTCCAAG,0.336852514676131
GTCCAAT,0.335212183951529
GTCCACA,0.333710785548568
GTCCACC,0.340173172891841
GTCCACG,0.343226270874823
GTCCACT,0.335367372447265
GTCCAGA,0.339483136386417
GTCCAGC,0.345034540500269
GTCCAGG,0.34405390020154
GTCCAGT,0.340430527267761
GTCCATA,0.335181143362156
GTCCATC,0.340083941246092
GTCCATG,0.343879539407624
GTCCATT,0.335184592364112
GTCCCAA,0.334121736962752
GTCCCAC,0.340197195436108
GTCCCAG,0.342017796819691
GTCCCAT,0.33325474263269
GTCCCCA,0.344757871813312
GTCCCCC,0.348631090962863
GTCCCCG,0.403469146052998
GTCCCCT,0.346842955213522
GTCCCGA,0.354490748831206
GTCCCGC,0.38789244888375
GTCCCGG,0.413689604375691
GTCCCGT,0.344887676531577
GTCCCTA,0.336335894028774
GTCCCTC,0.345447693172336
GTCCCTG,0.366368848898967
GTCCCTT,0.334056134199853
GTCCGAA,0.336453018103073
GTCCGAC,0.344884260833796
GTCCGAG,0.362409475133217
GTCCGAT,0.33914996328031
GTCCGCA,0.349913173165337
GTCCGCC,0.373915766767902
GTCCGCG,0.392628762913464
GTCCGCT,0.357345345983026
GTCCGGA,0.354270826542847
GTCCGGC,0.387264043874227
GTCCGGG,0.39128946368076
GTCCGGT,0.344549465842008
GTCCGTA,0.340801001252695
GTCCGTC,0.347415506608255
GTCCGTG,0.355826160654161
GTCCGTT,0.340245238793463
GTCCTAA,0.333993980243781
GTCCTAC,0.336711331536278
GTCCTAG,0.340039322437182
GTCCTAT,0.334677461381682
GTCCTCA,0.339998134077251
GTCCTCC,0.35535981436982
GTCCTCG,0.362043564502265
GTCCTCT,0.348583448815005
GTCCTGA,0.340145717848886
GTCCTGC,0.362023418744236
GTCCTGG,0.36209392712181
GTCCTGT,0.34393082515003
GTCCTTA,0.333444785789703
GTCCTTC,0.344481126559609
GTCCTTG,0.340365337089603
GTCCTTT,0.330798210306062
GTCGAAA,0.339376670451971
GTCGAAC,0.338297634209014
GTCGAAG,0.339606760022679
GTCGAAT,0.336783647341912
GTCGACA,0.338761693754373
GTCGACC,0.340584908108299
GTCGACG,0.343363116371609
GTCGACT,0.34136331053774
GTCGAGA,0.341294753161053
GTCGAGC,0.348345204023151
GTCGAGG,0.350327712705999
GTCGAGT,0.338761693754373
GTCGATA,0.337678552967564
GTCGATC,0.338930076928485
GTCGATG,0.338926640820572
GTCGATT,0.337503076914201
GTCGCAA,0.33642890544446
GTCGCAC,0.341301609110231
GTCGCAG,0.357385826015725
GTCGCAT,0.337919352327657
GTCGCCA,0.35654215327826
GTCGCCC,0.355261786404514
GTCGCCG,0.405467602350668
GTCGCCT,0.354971026267624
GTCGCGA,0.350038912329836
GTCGCGC,0.370022860822541
GTCGCGG,0.389654457607134
GTCGCGT,0.346106335689948
GTCGCTA,0.340831867890309
GTCGCTC,0.351519405837
GTCGCTG,0.37140755936949
GTCGCTT,0.342630774958897
GTCGGAA,0.343226270874823
GTCGGAC,0.345754886151203
GTCGGAG,0.363234800043118
GTCGGAT,0.338335454527996
GTCGGCA,0.348930503930258
GTCGGCC,0.372597665876497
GTCGGCG,0.393042247130005
GTCGGCT,0.357851228653132
GTCGGGA,0.35389515508705
GTCGGGC,0.375517061681035
GTCGGGG,0.367027223086471
GTCGGGT,0.347613097062587
GTCGGTA,0.340135422013441
GTCGGTC,0.34983160417165
GTCGGTG,0.367568302646557
GTCGGTT,0.340931320575403
GTCGTAA,0.337293153343331
GTCGTAC,0.339105302778018
GTCGTAG,0.337860877813852
GTCGTAT,0.338177287313412
GTCGTCA,0.341610078184161
GTCGTCC,0.351363310367132
GTCGTCG,0.353014651092468
GTCGTCT,0.343346011708591
GTCGTGA,0.342254128988028
GTCGTGC,0.346583836137031
GTCGTGG,0.351532978204687
GTCGTGT,0.338452344653286
GTCGTTA,0.338349207016631
GTCGTTC,0.339586157144579
GTCGTTG,0.341781408785257
GTCGTTT,0.3398264976478
GTCTAAA,0.333931822424355
GTCTAAC,0.335056971368585
GTCTAAG,0.333665881462566
GTCTAAT,0.33513630525419
GTCTACA,0.337217432389031
GTCTACC,0.342257553681354
GTCTACG,0.342384259089948
GTCTACT,0.336976463927359
GTCTAGA,0.335605281375116
GTCTAGC,0.338909460103903
GTCTAGG,0.336494352736624
GTCTAGT,0.336118833743003
GTCTATA,0.335839686984382
GTCTATC,0.337248409836081
GTCTATG,0.336997120642313
GTCTATT,0.333278931949481
GTCTCAA,0.320498369668343
GTCTCAC,0.32958155107051
GTCTCAG,0.336294552844736
GTCTCAT,0.336384123250146
GTCTCCA,0.338717015908015
GTCTCCC,0.347824271280064
GTCTCCG,0.36800896592781
GTCTCCT,0.349902977404982
GTCTCGA,0.324644290167592
GTCTCGC,0.349811210883577
GTCTCGG,0.357729840149916
GTCTCGT,0.343010701235981
GTCTCTA,0.323448034124539
GTCTCTC,0.337933110539884
GTCTCTG,0.338510784592592
GTCTCTT,0.335946530133669
GTCTGAA,0.333386049033838
GTCTGAC,0.336990235118073
GTCTGAG,0.34594939290683
GTCTGAT,0.334045775475443
GTCTGCA,0.341915026279421
GTCTGCC,0.343325485726771
GTCTGCG,0.360262455234151
GTCTGCT,0.345935744544188
GTCTGGA,0.339764701320909
GTCTGGC,0.356221370915921
GTCTGGG,0.350286945944126
GTCTGGT,0.340752984589257
GTCTGTA,0.33311650673938
GTCTGTC,0.340485420963874
GTCTGTG,0.346798636973529
GTCTGTT,0.337272502742598
GTCTTAA,0.33048985271999
GTCTTAC,0.334332327275276
GTCTTAG,0.333043925245033
GTCTTAT,0.334239120640224
GTCTTCA,0.332172536154445
GTCTTCC,0.345802663245405
GTCTTCG,0.351268283802356
GTCTTCT,0.342651315205145
GTCTTGA,0.328467582425589
GTCTTGC,0.333669335694616
GTCTTGG,0.338964437358252
GTCTTGT,0.334625698858853
GTCTTTA,0.330347768351658
GTCTTTC,0.336783647341912
GTCTTTG,0.33449800651229
GTCTTTT,0.329696000899701
GTGAAAA,0.324940517335198
GTGAAAC,0.322149017223605
GTGAAAG,0.329158319756642
GTGAAAT,0.325929628665082
GTGAACA,0.332995534655262
GTGAACC,0.337805839853669
GTGAACG,0.338747946937327
GTGAACT,0.334235668375786
GTGAAGA,0.340588338522958
GTGAAGC,0.342219881409689
GTGAAGG,0.340962183190821
GTGAAGT,0.333914555677713
GTGAATA,0.33271897206899
GTGAATC,0.334805130816751
GTGAATG,0.334114831611428
GTGAATT,0.330392821678603
GTGACAA,0.335439785504202
GTGACAC,0.337554690714594
GTGACAG,0.336914491222172
GTGACAT,0.333544975823218
GTGACCA,0.341387304509222
GTGACCC,0.342463013820645
GTGACCG,0.356606297404417
GTGACCT,0.337496194872865
GTGACGA,0.34036190590987
GTGACGC,0.346665670467692
GTGACGG,0.351468507817499
GTGACGT,0.337585657716165
GTGACTA,0.336422016006634
GTGACTC,0.334708517609336
GTGACTG,0.340852445119426
GTGACTT,0.327988298339013
GTGAGAA,0.331857681171018
GTGAGAC,0.330136337166772
GTGAGAG,0.348791015860659
GTGAGAT,0.331819615060688
GTGAGCA,0.341712880067279
GTGAGCC,0.325086856020819
GTGAGCG,0.370419160325114
GTGAGCT,0.340437389144568
GTGAGGA,0.352146935164644
GTGAGGC,0.370275977785817
GTGAGGG,0.351790818197166
GTGAGGT,0.337716396707202
GTGAGTA,0.334708517609336
GTGAGTC,0.344481126559609
GTGAGTG,0.340382492811675
GTGAGTT,0.332646361714199
GTGATAA,0.332660192664453
GTGATAC,0.336649342397432
GTGATAG,0.335712149570634
GTGATAT,0.335270813547172
GTGATCA,0.335146652688319
GTGATCC,0.328290482456898
GTGATCG,0.341863637048346
GTGATCT,0.328918871900041
GTGATGA,0.331435412294371
GTGATGC,0.339386974102322
GTGATGG,0.336979906742816
GTGATGT,0.333766049348056
GTGATTA,0.331978790973645
GTGATTC,0.330943694352496
GTGATTG,0.334518714486999
GTGATTT,0.327126398441413
GTGCAAA,0.330843243344126
GTGCAAC,0.338397339237501
GTGCAAG,0.338235743328794
GTGCAAT,0.330448269140822
GTGCACA,0.334711968241761
GTGCACC,0.341956135762952
GTGCACG,0.342356864686227
GTGCACT,0.335615623957708
GTGCAGA,0.338600156717895
GTGCAGC,0.364618876591051
GTGCAGG,0.352458857254869
GTGCAGT,0.325330706251332
GTGCATA,0.333261653925766
GTGCATC,0.339620495038928
GTGCATG,0.334518714486999
GTGCATT,0.333966355023245
GTGCCAA,0.335967208134413
GTGCCAC,0.33293677150514
GTGCCAG,0.346590655920375
GTGCCAT,0.341486701972734
GTGCCCA,0.340639793330764
GTGCCCC,0.365646478163281
GTGCCCG,0.37505649625838
GTGCCCT,0.352411397125761
GTGCCGA,0.346283719616243
GTGCCGC,0.379556957644724
GTGCCGG,0.379481070828466
GTGCCGT,0.345864087584042
GTGCCTA,0.336015455140068
GTGCCTC,0.347268991927326
GTGCCTG,0.352191017015402
GTGCCTT,0.336242873961159
GTGCGAA,0.34043395821205
GTGCGAC,0.345396485166652
GTGCGAG,0.348984933021297
GTGCGAT,0.340073644774582
GTGCGCA,0.347176983364489
GTGCGCC,0.373291794493708
GTGCGCG,0.387915352023716
GTGCGCT,0.356214616496931
GTGCGGA,0.36211407145946
GTGCGGC,0.392237912009304
GTGCGGG,0.392358440661802
GTGCGGT,0.345884561525183
GTGCGTA,0.336914491222172
GTGCGTC,0.351329373344887
GTGCGTG,0.346525866100715
GTGCGTT,0.338001898761837
GTGCTAA,0.333703877358887
GTGCTAC,0.339987836722188
GTGCTAG,0.339270193181324
GTGCTAT,0.336487463749681
GTGCTCA,0.33788495596893
GTGCTCC,0.355799132024438
GTGCTCG,0.355721420644362
GTGCTCT,0.347623316196645
GTGCTGA,0.354257291283675
GTGCTGC,0.398408516799886
GTGCTGG,0.368386046195244
GTGCTGT,0.350004930330924
GTGCTTA,0.333710785548568
GTGCTTC,0.348726368449798
GTGCTTG,0.33830794898332
GTGCTTT,0.328217549823101
GTGGAAA,0.327564392030178
GTGGAAC,0.342979901779447
GTGGAAG,0.338129144499533
GTGGAAT,0.331380019541244
GTGGACA,0.339678866753446
GTGGACC,0.349025752895506
GTGGACG,0.356555657646746
GTGGACT,0.343150997868576
GTGGAGA,0.348631090962863
GTGGAGC,0.378622819118799
GTGGAGG,0.361052583850421
GTGGAGT,0.340166309201769
GTGGATA,0.33388002128998
GTGGATC,0.337871197094162
GTGGATG,0.336979906742816
GTGGATT,0.331473493032337
GTGGCAA,0.333285843075379
GTGGCAC,0.334770627171325
GTGGCAG,0.366485850600791
GTGGCAT,0.332404289113702
GTGGCCA,0.353136613281981
GTGGCCC,0.365954218385846
GTGGCCG,0.413689604375691
GTGGCCT,0.358831911808278
GTGGCGA,0.357395945767868
GTGGCGC,0.375825091373273
GTGGCGG,0.444076002746917
GTGGCGT,0.345297475586147
GTGGCTA,0.337613183134758
GTGGCTC,0.34044425097429
GTGGCTG,0.394863448338116
GTGGCTT,0.337743918527434
GTGGGAA,0.32578341326676
GTGGGAC,0.345867499936675
GTGGGAG,0.354693711101179
GTGGGAT,0.337740478341328
GTGGGCA,0.345915271650949
GTGGGCC,0.377221626645682
GTGGGCG,0.38321578006678
GTGGGCT,0.355207697896128
GTGGGGA,0.34150726573173
GTGGGGC,0.376169442342405
GTGGGGG,0.352350373649835
GTGGGGT,0.344443537963497
GTGGGTA,0.335398407256606
GTGGGTC,0.349155004838898
GTGGGTG,0.339678866753446
GTGGGTT,0.332162157899872
GTGGTAA,0.334183882978992
GTGGTAC,0.342459589830886
GTGGTAG,0.33428054688389
GTGGTAT,0.334391008477747
GTGGTCA,0.340409941354823
GTGGTCC,0.344539215247372
GTGGTCG,0.356778453401423
GTGGTCT,0.342007520240931
GTGGTGA,0.341041049991974
GTGGTGC,0.358939694584257
GTGGTGG,0.368836353990731
GTGGTGT,0.340344749834608
GTGGTTA,0.332601409804694
GTGGTTC,0.344327346096442
GTGGTTG,0.344631466816625
GTGGTTT,0.331660413806726
GTGTAAA,0.329310981210753
GTGTAAC,0.333949088872863
GTGTAAG,0.332708599483948
GTGTAAT,0.331722712968023
GTGTACA,0.335150101809235
GTGTACC,0.337213990391234
GTGTACG,0.339884857339181
GTGTACT,0.336167073433908
GTGTAGA,0.334187335422211
GTGTAGC,0.341325604562202
GTGTAGG,0.335998224333837
GTGTAGT,0.33642546073148
GTGTATA,0.33213102248989
GTGTATC,0.335670782591685
GTGTATG,0.334539422032897
GTGTATT,0.329550335207258
GTGTCAA,0.335177694348304
GTGTCAC,0.334256381783643
GTGTCAG,0.336008562853204
GTGTCAT,0.334380653221644
GTGTCCA,0.33556046228109
GTGTCCC,0.354436618601336
GTGTCCG,0.355140083146307
GTGTCCT,0.343058609616278
GTGTCGA,0.340190331910918
GTGTCGC,0.354192996300616
GTGTCGG,0.358144523383193
GTGTCGT,0.340927891337115
GTGTCTA,0.337448019257321
GTGTCTC,0.340526589258559
GTGTCTG,0.342387683337648
GTGTCTT,0.331168806516882
GTGTGAA,0.33225901742082
GTGTGAC,0.337630386136644
GTGTGAG,0.351271677763737
GTGTGAT,0.331705408034754
GTGTGCA,0.333444785789703
GTGTGCC,0.345587648343331
GTGTGCG,0.356714320317465
GTGTGCT,0.346017631926008
GTGTGGA,0.342432197490756
GTGTGGC,0.354355417762232
GTGTGGG,0.350596052411569
GTGTGGT,0.33118958354675
GTGTGTA,0.327880601468842
GTGTGTC,0.3368352982872
GTGTGTG,0.293609923121662
GTGTGTT,0.323960890523802
GTGTTAA,0.330056605605102
GTGTTAC,0.334981080892557
GTGTTAG,0.330420545794015
GTGTTAT,0.333551885110705
GTGTTCA,0.333627884122501
GTGTTCC,0.339452228089265
GTGTTCG,0.346437199544546
GTGTTCT,0.333230552730762
GTGTTGA,0.333030099601184
GTGTTGC,0.337764559395543
GTGTTGG,0.342908032691629
GTGTTGT,0.334680912121273
GTGTTTA,0.328675895182765
GTGTTTC,0.334808581115817
GTGTTTG,0.332611783501624
GTGTTTT,0.321481392667646
GTTAAAA,0.324016695759683
GTTAAAC,0.333037012447002
GTTAAAG,0.330749710920069
GTTAAAT,0.330430942139137
GTTAACA,0.330247257461071
GTTAACC,0.335543223633114
GTTAACG,0.337320686814296
GTTAACT,0.333009360776999
GTTAAGA,0.331615417554128
GTTAAGC,0.334149357891221
GTTAAGG,0.332635988375969
GTTAAGT,0.330378959332657
GTTAATA,0.332169076748221
GTTAATC,0.334114831611428
GTTAATG,0.332857262922984
GTTAATT,0.3298381778976
GTTACAA,0.333040468851991
GTTACAC,0.333258198285199
GTTACAG,0.330365096794544
GTTACAT,0.333852392921079
GTTACCA,0.333783318659088
GTTACCC,0.336039577770009
GTTACCG,0.342223306220304
GTTACCT,0.334491103758759
GTTACGA,0.337939989575015
GTTACGC,0.338692957779313
GTTACGG,0.339088125130642
GTTACGT,0.337544368167632
GTTACTA,0.334898284713283
GTTACTC,0.334349586809931
GTTACTG,0.332864176963695
GTTACTT,0.33215177953759
GTTAGAA,0.331397330106207
GTTAGAC,0.334711968241761
GTTAGAG,0.332027230788071
GTTAGAT,0.334114831611428
GTTAGCA,0.334401363626619
GTTAGCC,0.334035416643728
GTTAGCG,0.340080509100702
GTTAGCT,0.332331655905244
GTTAGGA,0.331269224829068
GTTAGGC,0.33552253686327
GTTAGGG,0.332141401067597
GTTAGGT,0.33388002128998
GTTAGTA,0.33526736484258
GTTAGTC,0.336628678497198
GTTAGTG,0.337516840854786
GTTAGTT,0.333776410970463
GTTATAA,0.333724601784764
GTTATAC,0.335315645624581
GTTATAG,0.335639756234441
GTTATAT,0.333538066487993
GTTATCA,0.334981080892557
GTTATCC,0.333928369098878
GTTATCG,0.337651029348269
GTTATCT,0.33215177953759
GTTATGA,0.334539422032897
GTTATGC,0.335388062427176
GTTATGG,0.339400712137645
GTTATGT,0.334439331588441
GTTATTA,0.331283074839424
GTTATTC,0.333154523515024
GTTATTG,0.333372228119294
GTTATTT,0.325170468512991
GTTCAAA,0.329623170705791
GTTCAAC,0.334346134926832
GTTCAAG,0.320281344724633
GTTCAAT,0.333911102292607
GTTCACA,0.331785008248376
GTTCACC,0.337423930579187
GTTCACG,0.337028104914705
GTTCACT,0.331296924657959
GTTCAGA,0.32755744124914
GTTCAGC,0.342086304646015
GTTCAGG,0.332881461856332
GTTCAGT,0.333800587671896
GTTCATA,0.334180430523854
GTTCATC,0.338177287313412
GTTCATG,0.335301851353297
GTTCATT,0.330697744681875
GTTCCAA,0.333489699804679
GTTCCAC,0.33642546073148
GTTCCAG,0.338063804116148
GTTCCAT,0.333766049348056
GTTCCCA,0.336215310797858
GTTCCCC,0.349790817179609
GTTCCCG,0.358697166999666
GTTCCCT,0.335563909975025
GTTCCGA,0.342665008468258
GTTCCGC,0.354494131873287
GTTCCGG,0.361166848652132
GTTCCGT,0.339709768046484
GTTCCTA,0.332217507346339
GTTCCTC,0.339871125953497
GTTCCTG,0.350168033395167
GTTCCTT,0.334401363626619
GTTCGAA,0.336463351921639
GTTCGAC,0.34177798246089
GTTCGAG,0.334922434307046
GTTCGAT,0.337871197094162
GTTCGCA,0.338930076928485
GTTCGCC,0.346150684621458
GTTCGCG,0.353492251396496
GTTCGCT,0.343999202048696
GTTCGGA,0.340262396576015
GTTCGGC,0.349022351302963
GTTCGGG,0.353587066870108
GTTCGGT,0.343127046178312
GTTCGTA,0.337840238933763
GTTCGTC,0.343253641472357
GTTCGTG,0.349253633241558
GTTCGTT,0.336191192406738
GTTCTAA,0.331182657918092
GTTCTAC,0.338830425005124
GTTCTAG,0.33274317434902
GTTCTAT,0.334025057704706
GTTCTCA,0.331473493032337
GTTCTCC,0.344884260833796
GTTCTCG,0.343633331224674
GTTCTCT,0.34066380466837
GTTCTGA,0.331473493032337
GTTCTGC,0.342897765257424
GTTCTGG,0.336628678497198
GTTCTGT,0.333033556030066
GTTCTTA,0.333285843075379
GTTCTTC,0.337860877813852
GTTCTTG,0.334918984400786
GTTCTTT,0.329265879115821
GTTGAAA,0.330084339043245
GTTGAAC,0.33336531759039
GTTGAAG,0.332649819469696
GTTGAAT,0.330417080321623
GTTGACA,0.334176978056796
GTTGACC,0.338995360735629
GTTGACG,0.339122480130328
GTTGACT,0.334428976832727
GTTGAGA,0.334884484683568
GTTGAGC,0.339977539261088
GTTGAGG,0.341085624128368
GTTGAGT,0.334532519565242
GTTGATA,0.333679698319176
GTTGATC,0.336063699818062
GTTGATG,0.333990527132949
GTTGATT,0.332774290705532
GTTGCAA,0.333596794315786
GTTGCAC,0.335132856085687
GTTGCAG,0.335653545845393
GTTGCAT,0.333966355023245
GTTGCCA,0.337344777979535
GTTGCCC,0.335915512330821
GTTGCCG,0.356447617592208
GTTGCCT,0.338335454527996
GTTGCGA,0.341733439175776
GTTGCGC,0.348195421096627
GTTGCGG,0.360272545917497
GTTGCGT,0.341298181141517
GTTGCTA,0.337096955416419
GTTGCTC,0.342041775092773
GTTGCTG,0.368973074001962
GTTGCTT,0.335943083758642
GTTGGAA,0.330860563203402
GTTGGAC,0.336890389688469
GTTGGAG,0.344156451174749
GTTGGAT,0.334553226825276
GTTGGCA,0.336153290902533
GTTGGCC,0.341318748777535
GTTGGCG,0.358542188020877
GTTGGCT,0.341753997861605
GTTGGGA,0.330697744681875
GTTGGGC,0.348069449904675
GTTGGGG,0.3443068402478
GTTGGGT,0.335353578889501
GTTGGTA,0.335246672365262
GTTGGTC,0.339249583367739
GTTGGTG,0.34279850795807
GTTGGTT,0.333741871811575
GTTGTAA,0.331057988399652
GTTGTAC,0.336625234472311
GTTGTAG,0.334480749539122
GTTGTAT,0.334073398502089
GTTGTCA,0.333959448598866
GTTGTCC,0.341753997861605
GTTGTCG,0.341455855541342
GTTGTCT,0.339194621788131
GTTGTGA,0.338830425005124
GTTGTGC,0.337616623758811
GTTGTGG,0.341397587463621
GTTGTGT,0.333144155446817
GTTGTTA,0.334784428772356
GTTGTTC,0.335036274537202
GTTGTTG,0.341257044600355
GTTGTTT,0.327359323677077
GTTTAAA,0.326681256056343
GTTTAAC,0.332805406093846
GTTTAAG,0.329501775260841
GTTTAAT,0.328512720538935
GTTTACA,0.329976867685803
GTTTACC,0.335084566477444
GTTTACG,0.335639756234441
GTTTACT,0.331217285581748
GTTTAGA,0.330728924748849
GTTTAGC,0.334743023397797
GTTTAGG,0.331850760167827
GTTTAGT,0.332037610443038
GTTTATA,0.331445798093997
GTTTATC,0.332089507101879
GTTTATG,0.33161887887621
GTTTATT,0.32372019476399
GTTTCAA,0.329196487305117
GTTTCAC,0.319170980546511
GTTTCAG,0.332456166747127
GTTTCAT,0.328193237763083
GTTTCCA,0.326451652063484
GTTTCCC,0.331643107795331
GTTTCCG,0.348260102839863
GTTTCCT,0.330735853520597
GTTTCGA,0.336883503429288
GTTTCGC,0.339311411534244
GTTTCGG,0.344853519028743
GTTTCGT,0.337189896074927
GTTTCTA,0.32771382213791
GTTTCTC,0.334277094762464
GTTTCTG,0.336511574996357
GTTTCTT,0.325142598459043
GTTTGAA,0.327752044858103
GTTTGAC,0.333755687618285
GTTTGAG,0.32882515930312
GTTTGAT,0.33274663176978
GTTTGCA,0.336670005870678
GTTTGCC,0.336339339050298
GTTTGCG,0.343085984803122
GTTTGCT,0.33741704799314
GTTTGGA,0.33223480342011
GTTTGGC,0.339675433217497
GTTTGGG,0.327672122958667
GTTTGGT,0.334466943746166
GTTTGTA,0.331861141654651
GTTTGTC,0.33479132950144
GTTTGTG,0.336087821284257
GTTTGTT,0.320578866946036
GTTTTAA,0.322292271211033
GTTTTAC,0.327679072942627
GTTTTAG,0.328224496017399
GTTTTAT,0.325107759799282
GTTTTCA,0.324184092784416
GTTTTCC,0.330649240422998
GTTTTCG,0.337344777979535
GTTTTCT,0.320571867439986
GTTTTGA,0.324839461457419
GTTTTGC,0.329983801670324
GTTTTGG,0.330094738884257
GTTTTGT,0.320176315743801
GTTTTTA,0.320123797116438
GTTTTTC,0.328241861292057
GTTTTTG,0.320872801968185
GTTTTTT,0.31493538927041
TAAAAAA,0.302843319884656
TAAAAAC,0.323632971855342
TAAAAAG,0.321103690318725
TAAAAAT,0.301071255656744
TAAAACA,0.322624122339215
TAAAACC,0.329976867685803
TAAAACG,0.333316942550861
TAAAACT,0.325438678072812
TAAAAGA,0.322889523974435
TAAAAGC,0.328297428144613
TAAAAGG,0.329335266111636
TAAAAGT,0.327206363966349
TAAAATA,0.31687629461641
TAAAATC,0.326764735348533
TAAAATG,0.317002744643479
TAAAATT,0.321617750130789
TAAACAA,0.329113210775678
TAAACAC,0.329342204546424
TAAACAG,0.330566084790988
TAAACAT,0.32774509538128
TAAACCA,0.331566957786954
TAAACCC,0.332466541950865
TAAACCG,0.337241526041887
TAAACCT,0.330240325303114
TAAACGA,0.335698360767787
TAAACGC,0.33508111713048
TAAACGG,0.335629413901437
TAAACGT,0.333420600484519
TAAACTA,0.333261653925766
TAAACTC,0.330683886562262
TAAACTG,0.329376895998256
TAAACTT,0.32977922891256
TAAAGAA,0.32419455416811
TAAAGAC,0.331220748282165
TAAAGAG,0.327515735548296
TAAAGAT,0.32903339759354
TAAAGCA,0.329043808369865
TAAAGCC,0.332120643804467
TAAAGCG,0.336173964628362
TAAAGCT,0.330718531501213
TAAAGGA,0.330787817778507
TAAAGGC,0.334359942387738
TAAAGGG,0.332670565751607
TAAAGGT,0.330746246588204
TAAAGTA,0.33225901742082
TAAAGTC,0.33181615443335
TAAAGTG,0.328516192617111
TAAAGTT,0.327668647948574
TAAATAA,0.314921310982022
TAAATAC,0.328412025027429
TAAATAG,0.33181615443335
TAAATAT,0.323074565014128
TAAATCA,0.33021952854091
TAAATCC,0.333320397988435
TAAATCG,0.335874153763693
TAAATCT,0.331549650158118
TAAATGA,0.324679144977474
TAAATGC,0.330191798851835
TAAATGG,0.32847105466049
TAAATGT,0.325247107156524
TAAATTA,0.326054939135716
TAAATTC,0.329387303199128
TAAATTG,0.330226460843034
TAAATTT,0.32215251146747
TAACAAA,0.328797390921113
TAACAAC,0.333389504232628
TAACAAG,0.33327547636862
TAACAAT,0.331684641719534
TAACACA,0.33224518092078
TAACACC,0.332214048095686
TAACACG,0.335977546974444
TAACACT,0.333147611481497
TAACAGA,0.331715791030651
TAACAGC,0.33449800651229
TAACAGG,0.331573880754614
TAACAGT,0.332874547935129
TAACATA,0.333728055813986
TAACATC,0.334573933656527
TAACATG,0.332677481083266
TAACATT,0.329491369251241
TAACCAA,0.331843839116736
TAACCAC,0.331532342229723
TAACCAG,0.33437720144578
TAACCAT,0.333848939321295
TAACCCA,0.33529150552496
TAACCCC,0.331044135271475
TAACCCG,0.340660374512582
TAACCCT,0.333804041438672
TAACCGA,0.338613905566723
TAACCGC,0.33916370457206
TAACCGG,0.337189896074927
TAACCGT,0.337974384040871
TAACCTA,0.33374877973879
TAACCTC,0.333627884122501
TAACCTG,0.333213273871122
TAACCTT,0.333220185450805
TAACGAA,0.336528796959488
TAACGAC,0.336408236988589
TAACGAG,0.335798325281043
TAACGAT,0.336793977744398
TAACGCA,0.335846580435282
TAACGCC,0.338483283870109
TAACGCG,0.337726717478553
TAACGCT,0.337059088227101
TAACGGA,0.337747358701706
TAACGGC,0.340540311646834
TAACGGG,0.340066780401343
TAACGGT,0.337306920173575
TAACGTA,0.33672510637864
TAACGTC,0.336084375396137
TAACGTG,0.335963761830648
TAACGTT,0.335070769018201
TAACTAA,0.333195994712918
TAACTAC,0.334684362848956
TAACTAG,0.335836240241113
TAACTAT,0.334125189620533
TAACTCA,0.331746939371518
TAACTCC,0.332701684367481
TAACTCG,0.336938592175005
TAACTCT,0.332030690685031
TAACTGA,0.33257028806821
TAACTGC,0.335508745445623
TAACTGG,0.332729344546441
TAACTGT,0.331179195085777
TAACTTA,0.331331548365118
TAACTTC,0.333303120681163
TAACTTG,0.330902129641798
TAACTTT,0.325278457636083
TAAGAAA,0.322540296660462
TAAGAAC,0.332860719949315
TAAGAAG,0.329834710406436
TAAGAAT,0.329962999572519
TAAGACA,0.332020310958238
TAAGACC,0.336167073433908
TAAGACG,0.334984530584596
TAAGACT,0.334000886429674
TAAGAGA,0.330857099255545
TAAGAGC,0.334691264268601
TAAGAGG,0.330507178700971
TAAGAGT,0.331525418974486
TAAGATA,0.332528790912854
TAAGATC,0.333354951707491
TAAGATG,0.335250121141217
TAAGATT,0.333099225909026
TAAGCAA,0.332591036000151
TAAGCAC,0.33377986482074
TAAGCAG,0.333296209674671
TAAGCAT,0.331798851117017
TAAGCCA,0.331843839116736
TAAGCCC,0.336353119017716
TAAGCCG,0.339211797606258
TAAGCCT,0.331480416647079
TAAGCGA,0.337269060934348
TAAGCGC,0.338294195927269
TAAGCGG,0.339349193531995
TAAGCGT,0.336601125965985
TAAGCTA,0.334984530584596
TAAGCTC,0.334784428772356
TAAGCTG,0.333873114269317
TAAGCTT,0.33177462597114
TAAGGAA,0.328870281279371
TAAGGAC,0.335636308801991
TAAGGAG,0.331463107520343
TAAGGAT,0.331262299751957
TAAGGCA,0.332041070304086
TAAGGCC,0.336663118093705
TAAGGCG,0.341017047710933
TAAGGCT,0.333924915761475
TAAGGGA,0.331255374626888
TAAGGGC,0.333776410970463
TAAGGGG,0.33223480342011
TAAGGGT,0.333762595450062
TAAGGTA,0.332895289555333
TAAGGTC,0.332998991203618
TAAGGTG,0.332898746450207
TAAGGTT,0.332418123412432
TAAGTAA,0.330441338376175
TAAGTAC,0.334518714486999
TAAGTAG,0.33161887887621
TAAGTAT,0.332421581957211
TAAGTCA,0.333078488518405
TAAGTCC,0.333513883438753
TAAGTCG,0.335432889248501
TAAGTCT,0.333237464191023
TAAGTGA,0.329022986708831
TAAGTGC,0.333914555677713
TAAGTGG,0.331643107795331
TAAGTGT,0.330846707339979
TAAGTTA,0.332833063404033
TAAGTTC,0.332106805389674
TAAGTTG,0.331996091176729
TAAGTTT,0.328519664683231
TAATAAA,0.323437564928256
TAATAAC,0.331819615060688
TAATAAG,0.332521874552873
TAATAAT,0.322809212491075
TAATACA,0.3310337452994
TAATACC,0.334170073086922
TAATACG,0.336608014169958
TAATACT,0.331874983469435
TAATAGA,0.332092966783377
TAATAGC,0.33291603074533
TAATAGG,0.334353038681116
TAATAGT,0.332864176963695
TAATATA,0.330472526438815
TAATATC,0.334035416643728
TAATATG,0.332283230835227
TAATATT,0.326809950388925
TAATCAA,0.333900742065734
TAATCAC,0.333147611481497
TAATCAG,0.333272020775818
TAATCAT,0.332355867560911
TAATCCA,0.332954055143045
TAATCCC,0.314291104603609
TAATCCG,0.337114167301188
TAATCCT,0.331238061604399
TAATCGA,0.33729659506866
TAATCGC,0.337207106360099
TAATCGG,0.337110724947934
TAATCGT,0.33723808412702
TAATCTA,0.33404232254346
TAATCTC,0.33136963305843
TAATCTG,0.333282387518401
TAATCTT,0.331480416647079
TAATGAA,0.330389356110132
TAATGAC,0.334359942387738
TAATGAG,0.331172269385172
TAATGAT,0.332442332974693
TAATGCA,0.332224425811746
TAATGCC,0.332687853991089
TAATGCG,0.336697556504167
TAATGCT,0.332663650372127
TAATGGA,0.33324091990324
TAATGGC,0.335688019040876
TAATGGG,0.333959448598866
TAATGGT,0.332674023423414
TAATGTA,0.33200301117416
TAATGTC,0.333140699400193
TAATGTG,0.331584265116241
TAATGTT,0.330001136421278
TAATTAA,0.327022085972018
TAATTAC,0.330486387487771
TAATTAG,0.333157979513872
TAATTAT,0.328953578040751
TAATTCA,0.329962999572519
TAATTCC,0.333030099601184
TAATTCG,0.336318668743126
TAATTCT,0.328300900970379
TAATTGA,0.330832851284569
TAATTGC,0.333213273871122
TAATTGG,0.332757003960337
TAATTGT,0.329380365077248
TAATTTA,0.327571342762904
TAATTTC,0.327442746386209
TAATTTG,0.327515735548296
TAATTTT,0.298566474794827
TACAAAA,0.312916652375808
TACAAAC,0.332995534655262
TACAAAG,0.330299247114056
TACAAAT,0.32977922891256
TACAACA,0.335967208134413
TACAACC,0.335460473985957
TACAACG,0.336866287573868
TACAACT,0.334611895066907
TACAAGA,0.333261653925766
TACAAGC,0.332871090956602
TACAAGG,0.334353038681116
TACAAGT,0.33370042324615
TACAATA,0.335146652688319
TACAATC,0.334749924412614
TACAATG,0.334038869599555
TACAATT,0.332210588833067
TACACAA,0.331698485977596
TACACAC,0.330586874347268
TACACAG,0.332068748761533
TACACAT,0.331220748282165
TACACCA,0.3359051728494
TACACCC,0.334963832253849
TACACCG,0.339036590418013
TACACCT,0.334056134199853
TACACGA,0.336494352736624
TACACGC,0.338019095078003
TACACGG,0.338730763150269
TACACGT,0.335601833823815
TACACTA,0.335432889248501
TACACTC,0.332995534655262
TACACTG,0.333230552730762
TACACTT,0.332210588833067
TACAGAA,0.330915984737323
TACAGAC,0.332428499010883
TACAGAG,0.331701947012164
TACAGAT,0.329772293509385
TACAGCA,0.335101813033794
TACAGCC,0.342921722439917
TACAGCG,0.342363713357512
TACAGCT,0.33916370457206
TACAGGA,0.33241120628699
TACAGGC,0.303979068884104
TACAGGG,0.33200301117416
TACAGGT,0.330739317888467
TACAGTA,0.331788468983501
TACAGTC,0.333614066549958
TACAGTG,0.333489699804679
TACAGTT,0.330611128283347
TACATAA,0.331220748282165
TACATAC,0.333814402667428
TACATAG,0.335384614126919
TACATAT,0.331220748282165
TACATCA,0.335646651063686
TACATCC,0.337017776930577
TACATCG,0.340142285915516
TACATCT,0.333396414594392
TACATGA,0.333368772860811
TACATGC,0.335594938685554
TACATGG,0.332684396367103
TACATGT,0.333458605701477
TACATTA,0.331373095231354
TACATTC,0.332556455874425
TACATTG,0.333216729666935
TACATTT,0.324689601183546
TACCAAA,0.331570419276775
TACCAAC,0.335022476411632
TACCAAG,0.334052681303639
TACCAAT,0.335181143362156
TACCACA,0.334970731745034
TACCACC,0.337929671004573
TACCACG,0.337919352327657
TACCACT,0.333012817277565
TACCAGA,0.338926640820572
TACCAGC,0.336828411648634
TACCAGG,0.333437875762194
TACCAGT,0.334684362848956
TACCATA,0.334487652364125
TACCATC,0.334504909218173
TACCATG,0.337004006119144
TACCATT,0.332303984723805
TACCCAA,0.332303984723805
TACCCAC,0.336487463749681
TACCCAG,0.33395599536879
TACCCAT,0.335501849665474
TACCCCA,0.332120643804467
TACCCCC,0.338675773047299
TACCCCG,0.34335627454151
TACCCCT,0.338160093717377
TACCCGA,0.339088125130642
TACCCGC,0.343876120264609
TACCCGG,0.346866818067701
TACCCGT,0.337158916815188
TACCCTA,0.335043173528592
TACCCTC,0.334567031427085
TACCCTG,0.337096955416419
TACCCTT,0.331964950595681
TACCGAA,0.336477130180281
TACCGAC,0.338280442682069
TACCGAG,0.338971309302531
TACCGAT,0.337300036782144
TACCGCA,0.340289848415782
TACCGCC,0.347102007164711
TACCGCG,0.345509139317975
TACCGCT,0.343014123339263
TACCGGA,0.338397339237501
TACCGGC,0.345078936989177
TACCGGG,0.344805696564577
TACCGGT,0.339222102955532
TACCGTA,0.336776760347634
TACCGTC,0.337179569761648
TACCGTG,0.338720452736296
TACCGTT,0.3364116817609
TACCTAA,0.334504909218173
TACCTAC,0.334315067442725
TACCTAG,0.336091267160501
TACCTAT,0.334411718668264
TACCTCA,0.334311615440466
TACCTCC,0.333911102292607
TACCTCG,0.339129350988635
TACCTCT,0.335722491047998
TACCTGA,0.337279386323559
TACCTGC,0.344241902286229
TACCTGG,0.342695817624712
TACCTGT,0.33820135785123
TACCTTA,0.334183882978992
TACCTTC,0.336711331536278
TACCTTG,0.333821310093624
TACCTTT,0.32897787162258
TACGAAA,0.335825899940023
TACGAAC,0.3373344532655
TACGAAG,0.338393901298554
TACGAAT,0.337076300763642
TACGACA,0.337448019257321
TACGACC,0.339723501647999
TACGACG,0.3382529356242
TACGACT,0.338582970391031
TACGAGA,0.336456462721127
TACGAGC,0.339448793775055
TACGAGG,0.339950078846404
TACGAGT,0.338266689247714
TACGATA,0.337145147947242
TACGATC,0.337103840205877
TACGATG,0.338947257290948
TACGATT,0.336525352590589
TACGCAA,0.33736542708781
TACGCAC,0.338270127624036
TACGCAG,0.338111950075723
TACGCAT,0.337155474615975
TACGCCA,0.339503741387129
TACGCCC,0.339022847379427
TACGCCG,0.342093155170522
TACGCCT,0.339524345963283
TACGCGA,0.337217432389031
TACGCGC,0.343342590740879
TACGCGG,0.343452055903385
TACGCGT,0.337492753834436
TACGCTA,0.338032851918026
TACGCTC,0.338442031368289
TACGCTG,0.339661698955809
TACGCTT,0.337805839853669
TACGGAA,0.33704531798455
TACGGAC,0.338579533090214
TACGGAG,0.337960626396486
TACGGAT,0.336652786339291
TACGGCA,0.337774879669833
TACGGCC,0.343691469179206
TACGGCG,0.345174553502015
TACGGCT,0.342178782767399
TACGGGA,0.339953511439478
TACGGGC,0.340584908108299
TACGGGG,0.341771129776937
TACGGGT,0.338493596729668
TACGGTA,0.33679053428876
TACGGTC,0.339503741387129
TACGGTG,0.337234642200306
TACGGTT,0.337750798864142
TACGTAA,0.336752655494137
TACGTAC,0.336883503429288
TACGTAG,0.336921377267967
TACGTAT,0.335491505906089
TACGTCA,0.337571894722745
TACGTCC,0.339874558817595
TACGTCG,0.339280497928832
TACGTCT,0.336618346386954
TACGTGA,0.336683781282302
TACGTGC,0.340818149502326
TACGTGG,0.342130832216464
TACGTGT,0.337681993366712
TACGTTA,0.336198083434987
TACGTTC,0.337534045514113
TACGTTG,0.335925851705338
TACGTTT,0.3336831525035
TACTAAA,0.321991763611253
TACTAAC,0.335412200196045
TACTAAG,0.333168347438752
TACTAAT,0.334111378917884
TACTACA,0.336542574316447
TACTACC,0.336353119017716
TACTACG,0.336811194844728
TACTACT,0.335243223577414
TACTAGA,0.334045775475443
TACTAGC,0.336521908209827
TACTAGG,0.336242873961159
TACTAGT,0.33491208455256
TACTATA,0.33482928266022
TACTATC,0.336156736553185
TACTATG,0.33365897296267
TACTATT,0.33207912798557
TACTCAA,0.334149357891221
TACTCAC,0.335598386260627
TACTCAG,0.332819234844556
TACTCAT,0.332653277213238
TACTCCA,0.335894833261073
TACTCCC,0.333272020775818
TACTCCG,0.339380105013884
TACTCCT,0.336800864620101
TACTCGA,0.3364116817609
TACTCGC,0.340162877339067
TACTCGG,0.334263286157586
TACTCGT,0.338215112184139
TACTCTA,0.335819006346561
TACTCTC,0.333962901817018
TACTCTG,0.334960382490405
TACTCTT,0.332106805389674
TACTGAA,0.330978330291747
TACTGAC,0.335760408883374
TACTGAG,0.333993980243781
TACTGAT,0.333451695769464
TACTGCA,0.332473458693555
TACTGCC,0.336928263266345
TACTGCG,0.34309282848274
TACTGCT,0.34188419305768
TACTGGA,0.336952363887265
TACTGGC,0.338108511155483
TACTGGG,0.336463351921639
TACTGGT,0.338025973521671
TACTGTA,0.330954085260235
TACTGTC,0.333334219619333
TACTGTG,0.330264587645726
TACTGTT,0.332729344546441
TACTTAA,0.328939695729008
TACTTAC,0.333582976313648
TACTTAG,0.332753546575438
TACTTAT,0.331785008248376
TACTTCA,0.334939683659821
TACTTCC,0.335808665867265
TACTTCG,0.338156654962696
TACTTCT,0.335398407256606
TACTTGA,0.331743478492666
TACTTGC,0.334715418862281
TACTTGG,0.329356081271577
TACTTGT,0.331663874973066
TACTTTA,0.331795390417822
TACTTTC,0.332106805389674
TACTTTG,0.330562619822921
TACTTTT,0.32218395911283
TAGAAAA,0.322606659235594
TAGAAAC,0.330933303336785
TAGAAAG,0.328311319375316
TAGAAAT,0.325428229696351
TAGAACA,0.331992631160055
TAGAACC,0.334346134926832
TAGAACG,0.336559795745721
TAGAACT,0.333175259328954
TAGAAGA,0.330271519635495
TAGAAGC,0.333406780047503
TAGAAGG,0.330538364710279
TAGAAGT,0.33216561733003
TAGAATA,0.33160849487402
TAGAATC,0.333949088872863
TAGAATG,0.330981793819692
TAGAATT,0.329539929702963
TAGACAA,0.333869660741094
TAGACAC,0.334425525223662
TAGACAG,0.334294355250424
TAGACAT,0.33377986482074
TAGACCA,0.334677461381682
TAGACCC,0.336294552844736
TAGACCG,0.339036590418013
TAGACCT,0.336204974415749
TAGACGA,0.337386075769709
TAGACGC,0.337675112556581
TAGACGG,0.339833363670622
TAGACGT,0.337141705700633
TAGACTA,0.335563909975025
TAGACTC,0.333444785789703
TAGACTG,0.334511811876409
TAGACTT,0.332902203333132
TAGAGAA,0.329858982592092
TAGAGAC,0.320365359967638
TAGAGAG,0.332736259471639
TAGAGAT,0.326754300818107
TAGAGCA,0.333168347438752
TAGAGCC,0.342795085116849
TAGAGCG,0.343116780992579
TAGAGCT,0.334342683031816
TAGAGGA,0.332089507101879
TAGAGGC,0.337441136837064
TAGAGGG,0.332992078094959
TAGAGGT,0.334356490540385
TAGAGTA,0.334159715542711
TAGAGTC,0.336122279512385
TAGAGTG,0.334235668375786
TAGAGTT,0.331975330897112
TAGATAA,0.334380653221644
TAGATAC,0.334145905316884
TAGATAG,0.334836183079788
TAGATAT,0.33451526318766
TAGATCA,0.335132856085687
TAGATCC,0.333924915761475
TAGATCG,0.33741704799314
TAGATCT,0.333904195486618
TAGATGA,0.331563496285151
TAGATGC,0.334218406874823
TAGATGG,0.334591189021708
TAGATGT,0.333555339736546
TAGATTA,0.334604993099478
TAGATTC,0.332400830509115
TAGATTG,0.333040468851991
TAGATTT,0.330042738597596
TAGCAAA,0.330313110565037
TAGCAAC,0.335388062427176
TAGCAAG,0.333379138600443
TAGCAAT,0.333866207200946
TAGCACA,0.33325474263269
TAGCACC,0.334843083451741
TAGCACG,0.337306920173575
TAGCACT,0.333938729039534
TAGCAGA,0.331937269265072
TAGCAGC,0.346853182220754
TAGCAGG,0.338369835394969
TAGCAGT,0.334208049831222
TAGCATA,0.334246025133345
TAGCATC,0.336659674187427
TAGCATG,0.334453137762607
TAGCATT,0.330427476702772
TAGCCAA,0.334007792567873
TAGCCAC,0.334432428429878
TAGCCAG,0.330181400020188
TAGCCAT,0.336105050546742
TAGCCCA,0.335119059292706
TAGCCCC,0.33914996328031
TAGCCCG,0.343770121032229
TAGCCCT,0.335701807986323
TAGCCGA,0.344156451174749
TAGCCGC,0.352750348642045
TAGCCGG,0.340063348197054
TAGCCGT,0.339510609626352
TAGCCTA,0.337244967944907
TAGCCTC,0.338352645109238
TAGCCTG,0.333772957108256
TAGCCTT,0.335725938183354
TAGCGAA,0.337300036782144
TAGCGAC,0.341455855541342
TAGCGAG,0.343489681785696
TAGCGAT,0.338909460103903
TAGCGCA,0.339503741387129
TAGCGCC,0.349185614694529
TAGCGCG,0.345734409554897
TAGCGCT,0.340499143917084
TAGCGGA,0.341157624305726
TAGCGGC,0.358959902561503
TAGCGGG,0.349314845978459
TAGCGGT,0.34032759346501
TAGCGTA,0.336921377267967
TAGCGTC,0.339795599961703
TAGCGTG,0.339987836722188
TAGCGTT,0.337595979836925
TAGCTAA,0.334031963675977
TAGCTAC,0.336184301331003
TAGCTAG,0.335312197074599
TAGCTAT,0.335015577277451
TAGCTCA,0.332611783501624
TAGCTCC,0.339654831754228
TAGCTCG,0.341260472710086
TAGCTCT,0.334822382193036
TAGCTGA,0.332577204093354
TAGCTGC,0.343291274820786
TAGCTGG,0.318280397538048
TAGCTGT,0.334615346032757
TAGCTTA,0.334173525577819
TAGCTTC,0.334339231124885
TAGCTTG,0.335501849665474
TAGCTTT,0.331864602126309
TAGGAAA,0.325915704310104
TAGGAAC,0.333379138600443
TAGGAAG,0.334318519433067
TAGGAAT,0.328043879282659
TAGGACA,0.334918984400786
TAGGACC,0.338098194323806
TAGGACG,0.337451460449686
TAGGACT,0.333037012447002
TAGGAGA,0.330146736467029
TAGGAGC,0.341102767497951
TAGGAGG,0.338717015908015
TAGGAGT,0.332390454623581
TAGGATA,0.334767176741304
TAGGATC,0.335388062427176
TAGGATG,0.333776410970463
TAGGATT,0.328866810430404
TAGGCAA,0.332871090956602
TAGGCAC,0.335243223577414
TAGGCAG,0.332487292035412
TAGGCAT,0.332508041689403
TAGGCCA,0.334504909218173
TAGGCCC,0.339187751378277
TAGGCCG,0.346604295347535
TAGGCCT,0.336043023812499
TAGGCGA,0.339483136386417
TAGGCGC,0.346338292956229
TAGGCGG,0.344576800247349
TAGGCGT,0.339246148357512
TAGGCTA,0.334998329233754
TAGGCTC,0.339167139865494
TAGGCTG,0.33710728258283
TAGGCTT,0.33529150552496
TAGGGAA,0.32957808268938
TAGGGAC,0.331819615060688
TAGGGAG,0.335077667771619
TAGGGAT,0.331442336172773
TAGGGCA,0.330967939635934
TAGGGCC,0.345986924943626
TAGGGCG,0.342230155806346
TAGGGCT,0.337719836976154
TAGGGGA,0.336694112716491
TAGGGGC,0.340636363092612
TAGGGGG,0.336222201659908
TAGGGGT,0.336156736553185
TAGGGTA,0.336253209951534
TAGGGTC,0.336063699818062
TAGGGTG,0.334083756940366
TAGGGTT,0.333582976313648
TAGGTAA,0.332428499010883
TAGGTAC,0.334594640059015
TAGGTAG,0.333893835188188
TAGGTAT,0.335160449100607
TAGGTCA,0.332383537306747
TAGGTCC,0.339775000973921
TAGGTCG,0.339105302778018
TAGGTCT,0.338438593582987
TAGGTGA,0.337864317585787
TAGGTGC,0.335077667771619
TAGGTGG,0.334197692680353
TAGGTGT,0.335139754410796
TAGGTTA,0.334187335422211
TAGGTTC,0.335039724038847
TAGGTTG,0.336077483584277
TAGGTTT,0.329446275291638
TAGTAAA,0.33001500400569
TAGTAAC,0.333327308827764
TAGTAAG,0.333282387518401
TAGTAAT,0.332753546575438
TAGTACA,0.334139000132449
TAGTACC,0.337864317585787
TAGTACG,0.337196780224539
TAGTACT,0.335787984587891
TAGTAGA,0.319051814616054
TAGTAGC,0.335370820806978
TAGTAGG,0.334004339504735
TAGTAGT,0.334901734690956
TAGTATA,0.333952542126789
TAGTATC,0.33558804349975
TAGTATG,0.33639445778068
TAGTATT,0.331909587168185
TAGTCAA,0.33377986482074
TAGTCAC,0.336459907327316
TAGTCAG,0.335867260502867
TAGTCAT,0.335722491047998
TAGTCCA,0.335794878395207
TAGTCCC,0.331598110764002
TAGTCCG,0.339352628188281
TAGTCCT,0.335546671386483
TAGTCGA,0.337995020152569
TAGTCGC,0.341126767721634
TAGTCGG,0.340818149502326
TAGTCGT,0.338328578212754
TAGTCTA,0.335539775867858
TAGTCTC,0.334887934708851
TAGTCTG,0.335453577872929
TAGTCTT,0.330611128283347
TAGTGAA,0.332604867715628
TAGTGAC,0.334867234378612
TAGTGAG,0.33491208455256
TAGTGAT,0.334501457871187
TAGTGCA,0.334756825379807
TAGTGCC,0.338988488956629
TAGTGCG,0.340742695004265
TAGTGCT,0.340382492811675
TAGTGGA,0.333821310093624
TAGTGGC,0.336862844367217
TAGTGGG,0.337217432389031
TAGTGGT,0.334722320067598
TAGTGTA,0.335315645624581
TAGTGTC,0.335736279518124
TAGTGTG,0.337382634352335
TAGTGTT,0.332494208634581
TAGTTAA,0.332335114749087
TAGTTAC,0.333617520960993
TAGTTAG,0.33423221609943
TAGTTAT,0.333137243341625
TAGTTCA,0.332103345756053
TAGTTCC,0.336611458254152
TAGTTCG,0.337977823422394
TAGTTCT,0.332940228256619
TAGTTGA,0.333396414594392
TAGTTGC,0.335863813854635
TAGTTGG,0.334349586809931
TAGTTGT,0.332082587702976
TAGTTTA,0.331345397512325
TAGTTTC,0.330967939635934
TAGTTTG,0.33060419864735
TAGTTTT,0.322397078201807
TATAAAA,0.325271490947785
TATAAAC,0.333099225909026
TATAAAG,0.332642903946745
TATAAAT,0.328651594263648
TATAACA,0.334152810453638
TATAACC,0.335074218400859
TATAACG,0.337589098434923
TATAACT,0.335153550918255
TATAAGA,0.334297807312266
TATAAGC,0.336370343709962
TATAAGG,0.335108711573051
TATAAGT,0.334318519433067
TATAATA,0.329772293509385
TATAATC,0.333548430472929
TATAATG,0.334570482547761
TATAATT,0.329241592529803
TATACAA,0.332732802015017
TATACAC,0.334132094900333
TATACAG,0.334480749539122
TATACAT,0.332210588833067
TATACCA,0.335601833823815
TATACCC,0.336497797212299
TATACCG,0.337444578053114
TATACCT,0.335022476411632
TATACGA,0.337375751482056
TATACGC,0.337743918527434
TATACGG,0.337413606682352
TATACGT,0.336008562853204
TATACTA,0.335215632846428
TATACTC,0.335798325281043
TATACTG,0.334598091084412
TATACTT,0.332096426452905
TATAGAA,0.332542623489308
TATAGAC,0.336249764633279
TATAGAG,0.335543223633114
TATAGAT,0.333859300084867
TATAGCA,0.334718869470893
TATAGCC,0.337189896074927
TATAGCG,0.337902154296182
TATAGCT,0.334663658304241
TATAGGA,0.334225311510963
TATAGGC,0.333907648895575
TATAGGG,0.334591189021708
TATAGGT,0.335443233614217
TATAGTA,0.332739716916306
TATAGTC,0.335984439475081
TATAGTG,0.335805219017072
TATAGTT,0.33356915812057
TATATAA,0.330060072326933
TATATAC,0.333123418987907
TATATAG,0.333002447740026
TATATAT,0.314766436727257
TATATCA,0.3353742691548
TATATCC,0.335436337382296
TATATCG,0.337196780224539
TATATCT,0.334491103758759
TATATGA,0.333054294352481
TATATGC,0.33480168050578
TATATGG,0.33451526318766
TATATGT,0.329234653396887
TATATTA,0.330105138617113
TATATTC,0.333752233684502
TATATTG,0.333268565171075
TATATTT,0.320746840395009
TATCAAA,0.332919487568506
TATCAAC,0.33538116581477
TATCAAG,0.334491103758759
TATCAAT,0.334667109091463
TATCACA,0.333828217472109
TATCACC,0.33448420095758
TATCACG,0.337372310029151
TATCACT,0.333962901817018
TATCAGA,0.334415170324984
TATCAGC,0.335922405259043
TATCAGG,0.333824763788831
TATCAGT,0.333379138600443
TATCATA,0.334649855036272
TATCATC,0.335222530600542
TATCATG,0.336628678497198
TATCATT,0.331937269265072
TATCCAA,0.335215632846428
TATCCAC,0.336153290902533
TATCCAG,0.334577384753384
TATCCAT,0.333261653925766
TATCCCA,0.333057750697737
TATCCCC,0.337375751482056
TATCCCG,0.33846265783192
TATCCCT,0.333638247176615
TATCCGA,0.338166971191266
TATCCGC,0.337943429074835
TATCCGG,0.339565553841991
TATCCGT,0.339496873100732
TATCCTA,0.334018151685743
TATCCTC,0.333897288632925
TATCCTG,0.331833457450283
TATCCTT,0.331937269265072
TATCGAA,0.337313803517626
TATCGAC,0.338572658453134
TATCGAG,0.338930076928485
TATCGAT,0.337413606682352
TATCGCA,0.337950308038986
TATCGCC,0.337761119280445
TATCGCG,0.33883386144366
TATCGCT,0.338376711426521
TATCGGA,0.338909460103903
TATCGGC,0.339228973129382
TATCGGG,0.338417966622984
TATCGGT,0.337589098434923
TATCGTA,0.337193338155656
TATCGTC,0.337792079890301
TATCGTG,0.338080999367812
TATCGTT,0.336869730768663
TATCTAA,0.334187335422211
TATCTAC,0.334974181472775
TATCTAG,0.334667109091463
TATCTAT,0.333686606675892
TATCTCA,0.332148320059561
TATCTCC,0.334504909218173
TATCTCG,0.337399841320774
TATCTCT,0.332224425811746
TATCTGA,0.333361862308029
TATCTGC,0.333299665183887
TATCTGG,0.334687813564732
TATCTGT,0.331857681171018
TATCTTA,0.333299665183887
TATCTTC,0.334152810453638
TATCTTG,0.334259833976573
TATCTTT,0.332041070304086
TATGAAA,0.329463619362902
TATGAAC,0.334698165640616
TATGAAG,0.332867633966124
TATGAAT,0.331764243586111
TATGACA,0.334853433920392
TATGACC,0.338036291098462
TATGACG,0.338246058741506
TATGACT,0.334760275845545
TATGAGA,0.333969808217547
TATGAGC,0.336215310797858
TATGAGG,0.334194240272891
TATGAGT,0.334028510696303
TATGATA,0.334936233813069
TATGATC,0.33449800651229
TATGATG,0.335305299938957
TATGATT,0.331719252005326
TATGCAA,0.332421581957211
TATGCAC,0.335153550918255
TATGCAG,0.332843434698149
TATGCAT,0.332303984723805
TATGCCA,0.33472922122529
TATGCCC,0.335581148266403
TATGCCG,0.338933513024591
TATGCCT,0.335963761830648
TATGCGA,0.337010891548565
TATGCGC,0.338349207016631
TATGCGG,0.339977539261088
TATGCGT,0.336566684234391
TATGCTA,0.334584286911366
TATGCTC,0.335894833261073
TATGCTG,0.33407685132677
TATGCTT,0.332895289555333
TATGGAA,0.330933303336785
TATGGAC,0.336914491222172
TATGGAG,0.33611194216862
TATGGAT,0.334532519565242
TATGGCA,0.336446128831369
TATGGCC,0.34123990387542
TATGGCG,0.344149614770378
TATGGCT,0.338517659655044
TATGGGA,0.335525984687962
TATGGGC,0.337465225100731
TATGGGG,0.332331655905244
TATGGGT,0.33332385341407
TATGGTA,0.33577074986168
TATGGTC,0.337905593926139
TATGGTG,0.334491103758759
TATGGTT,0.333406780047503
TATGTAA,0.331601572145989
TATGTAC,0.334687813564732
TATGTAG,0.333949088872863
TATGTAT,0.328814746250229
TATGTCA,0.333600248786487
TATGTCC,0.335212183951529
TATGTCG,0.339555252031509
TATGTCT,0.335305299938957
TATGTGA,0.3309229122131
TATGTGC,0.333403324908404
TATGTGG,0.333924915761475
TATGTGT,0.33141464037152
TATGTTA,0.333755687618285
TATGTTC,0.335594938685554
TATGTTG,0.329709872716221
TATGTTT,0.328752265655712
TATTAAA,0.324469997892984
TATTAAC,0.331809233142745
TATTAAG,0.331172269385172
TATTAAT,0.32802651056962
TATTACA,0.3314769548457
TATTACC,0.334049228395502
TATTACG,0.337024662265181
TATTACT,0.331971870808608
TATTAGA,0.331850760167827
TATTAGC,0.334701616308763
TATTAGG,0.334342683031816
TATTAGT,0.333068119661828
TATTATA,0.330285383470877
TATTATC,0.333113050597199
TATTATG,0.333410235174664
TATTATT,0.321170148296097
TATTCAA,0.332591036000151
TATTCAC,0.331674258400207
TATTCAG,0.332241721765856
TATTCAT,0.331106472837044
TATTCCA,0.331158417840064
TATTCCC,0.333762595450062
TATTCCG,0.336745768286414
TATTCCT,0.33196841070813
TATTCGA,0.336666561988122
TATTCGC,0.337034990178198
TATTCGG,0.337461783955732
TATTCGT,0.336911048181493
TATTCTA,0.332231344229288
TATTCTC,0.332414664855692
TATTCTG,0.331823075676051
TATTCTT,0.328911930527355
TATTGAA,0.330500248344602
TATTGAC,0.334449686236935
TATTGAG,0.33128653731204
TATTGAT,0.333261653925766
TATTGCA,0.334639502460258
TATTGCC,0.336094713024872
TATTGCG,0.337499635899453
TATTGCT,0.333050837995278
TATTGGA,0.334083756940366
TATTGGC,0.334967282005392
TATTGGG,0.333227096982719
TATTGGT,0.333030099601184
TATTGTA,0.332929857966334
TATTGTC,0.335022476411632
TATTGTG,0.334287451090991
TATTGTT,0.329047278604554
TATTTAA,0.322735878981514
TATTTAC,0.328970930659422
TATTTAG,0.330410149340809
TATTTAT,0.315843020457762
TATTTCA,0.32499975224011
TATTTCC,0.328002193864544
TATTTCG,0.336659674187427
TATTTCT,0.327967454688675
TATTTGA,0.32784238366221
TATTTGC,0.329026457015777
TATTTGG,0.327602620462314
TATTTGT,0.323793456128377
TATTTTA,0.314157266653259
TATTTTC,0.323915546476445
TATTTTG,0.322554268094898
TATTTTT,0.28268513737307
TCAAAAA,0.315892248206547
TCAAAAC,0.328731437923326
TCAAAAG,0.329557272149969
TCAAAAT,0.326865596863041
TCAAACA,0.330080872405539
TCAAACC,0.332677481083266
TCAAACG,0.3359051728494
TCAAACT,0.328665480575454
TCAAAGA,0.328172398384038
TCAAAGC,0.332210588833067
TCAAAGG,0.328946636908969
TCAAAGT,0.329886721511466
TCAAATA,0.329723744340317
TCAAATC,0.331826536279437
TCAAATG,0.330042738597596
TCAAATT,0.331085694080292
TCAACAA,0.333030099601184
TCAACAC,0.334142452730627
TCAACAG,0.332463083561579
TCAACAT,0.336466796504097
TCAACCA,0.335363924075661
TCAACCC,0.335732832418417
TCAACCG,0.339088125130642
TCAACCT,0.334994879589315
TCAACGA,0.337348219527191
TCAACGC,0.338644839785459
TCAACGG,0.338297634209014
TCAACGT,0.338751383659305
TCAACTA,0.335722491047998
TCAACTC,0.333890381731526
TCAACTG,0.333693514984883
TCAACTT,0.333949088872863
TCAAGAA,0.331701947012164
TCAAGAC,0.331141103138865
TCAAGAG,0.331241524232876
TCAAGAT,0.336418571269922
TCAAGCA,0.330649240422998
TCAAGCC,0.334546324452908
TCAAGCG,0.32755744124914
TCAAGCT,0.33179192970665
TCAAGGA,0.33374877973879
TCAAGGC,0.332539165363133
TCAAGGG,0.332867633966124
TCAAGGT,0.333510428669692
TCAAGTA,0.333009360776999
TCAAGTC,0.332490750340977
TCAAGTG,0.32812724490623
TCAAGTT,0.331269224829068
TCAATAA,0.330077405755816
TCAATAC,0.335067319623645
TCAATAG,0.335853473838662
TCAATAT,0.332255558313759
TCAATCA,0.333741871811575
TCAATCC,0.335284608246604
TCAATCG,0.33766135079428
TCAATCT,0.333313487101347
TCAATGA,0.333524247674324
TCAATGC,0.335150101809235
TCAATGG,0.334021604701186
TCAATGT,0.333493154645354
TCAATTA,0.333679698319176
TCAATTC,0.332974795114222
TCAATTG,0.333693514984883
TCAATTT,0.329630107143267
TCACAAA,0.328488415654154
TCACAAC,0.332307443663359
TCACAAG,0.330967939635934
TCACAAT,0.333655518694825
TCACACA,0.326841251911633
TCACACC,0.330060072326933
TCACACG,0.335570805327235
TCACACT,0.33147003120699
TCACAGA,0.327571342762904
TCACAGC,0.33271205702425
TCACAGG,0.333462060649579
TCACAGT,0.333057750697737
TCACATA,0.333178715256139
TCACATC,0.333413690289886
TCACATG,0.333838578450376
TCACATT,0.330392821678603
TCACCAA,0.334435880015116
TCACCAC,0.33223480342011
TCACCAG,0.335236325966034
TCACCAT,0.333645155819696
TCACCCA,0.328922342568315
TCACCCC,0.336180855775328
TCACCCG,0.343578610062016
TCACCCT,0.335701807986323
TCACCGA,0.337953747503316
TCACCGC,0.34506186164978
TCACCGG,0.344269245099816
TCACCGT,0.339421318836762
TCACCTA,0.334173525577819
TCACCTC,0.334884484683568
TCACCTG,0.337537486410459
TCACCTT,0.335701807986323
TCACGAA,0.33558804349975
TCACGAC,0.336759542654427
TCACGAG,0.334694714960562
TCACGAT,0.337582216985568
TCACGCA,0.336759542654427
TCACGCC,0.326935150601473
TCACGCG,0.342716356535025
TCACGCT,0.340379061690806
TCACGGA,0.339397277646508
TCACGGC,0.342740318063902
TCACGGG,0.338246058741506
TCACGGT,0.337585657716165
TCACGTA,0.337420489292084
TCACGTC,0.337355102586971
TCACGTG,0.337578776243132
TCACGTT,0.336594237714564
TCACTAA,0.333009360776999
TCACTAC,0.335350130470332
TCACTAG,0.334380653221644
TCACTAT,0.33196841070813
TCACTCA,0.330299247114056
TCACTCC,0.331868062585992
TCACTCG,0.339730368378027
TCACTCT,0.328130718323062
TCACTGA,0.329383834144205
TCACTGC,0.320498369668343
TCACTGG,0.331836918017743
TCACTGT,0.33147003120699
TCACTTA,0.331996091176729
TCACTTC,0.334705066965003
TCACTTG,0.325842598265326
TCACTTT,0.322973320385308
TCAGAAA,0.32430264872508
TCAGAAC,0.332335114749087
TCAGAAG,0.331255374626888
TCAGAAT,0.330600733811344
TCAGACA,0.331864602126309
TCAGACC,0.332407747706327
TCAGACG,0.340176604719211
TCAGACT,0.333223641222733
TCAGAGA,0.327241129591486
TCAGAGC,0.343742764567593
TCAGAGG,0.338311387217779
TCAGAGT,0.335150101809235
TCAGATA,0.332476917046959
TCAGATC,0.333289298620417
TCAGATG,0.331127251162047
TCAGATT,0.329692532915504
TCAGCAA,0.334767176741304
TCAGCAC,0.337516840854786
TCAGCAG,0.339750968285206
TCAGCAT,0.33428054688389
TCAGCCA,0.339338889492358
TCAGCCC,0.357476900098488
TCAGCCG,0.355133321419871
TCAGCCT,0.320323353228455
TCAGCGA,0.343065453483245
TCAGCGC,0.357999572371352
TCAGCGG,0.355390234888025
TCAGCGT,0.344477709472891
TCAGCTA,0.335805219017072
TCAGCTC,0.338586407680034
TCAGCTG,0.34913459774793
TCAGCTT,0.336332448995381
TCAGGAA,0.325532708548705
TCAGGAC,0.33297133848223
TCAGGAG,0.319167475868885
TCAGGAT,0.333313487101347
TCAGGCA,0.330437872975838
TCAGGCC,0.340300142661409
TCAGGCG,0.352170671787285
TCAGGCT,0.334173525577819
TCAGGGA,0.328984812537562
TCAGGGC,0.339531214060992
TCAGGGG,0.339191186589104
TCAGGGT,0.337764559395543
TCAGGTA,0.335963761830648
TCAGGTC,0.336108496363618
TCAGGTG,0.329813905206957
TCAGGTT,0.331861141654651
TCAGTAA,0.329786164267636
TCAGTAC,0.335229428307077
TCAGTAG,0.331857681171018
TCAGTAT,0.332898746450207
TCAGTCA,0.333869660741094
TCAGTCC,0.337644148325076
TCAGTCG,0.340849015610644
TCAGTCT,0.335405303750106
TCAGTGA,0.332483833717888
TCAGTGC,0.336084375396137
TCAGTGG,0.336701000279984
TCAGTGT,0.330683886562262
TCAGTTA,0.331560034771366
TCAGTTC,0.335243223577414
TCAGTTG,0.33706597327727
TCAGTTT,0.320018751586369
TCATAAA,0.330368562447088
TCATAAC,0.334698165640616
TCATAAG,0.334573933656527
TCATAAT,0.332940228256619
TCATACA,0.333424055563929
TCATACC,0.334563580294498
TCATACG,0.337183011877922
TCATACT,0.334214954538875
TCATAGA,0.333973261399925
TCATAGC,0.33482583243258
TCATAGG,0.33395599536879
TCATAGT,0.336235983241558
TCATATA,0.33495693271506
TCATATC,0.334794779848125
TCATATG,0.33512595771299
TCATATT,0.331071841335923
TCATCAA,0.337919352327657
TCATCAC,0.334770627171325
TCATCAG,0.334725770652398
TCATCAT,0.335115610064718
TCATCCA,0.33508801581251
TCATCCC,0.333942182329235
TCATCCG,0.337427371854447
TCATCCT,0.331435412294371
TCATCGA,0.337162359002553
TCATCGC,0.341952710037205
TCATCGG,0.341822523761987
TCATCGT,0.339098431754476
TCATCTA,0.33361061212699
TCATCTC,0.334632600683373
TCATCTG,0.330396287235064
TCATCTT,0.332214048095686
TCATGAA,0.334384104985593
TCATGAC,0.335912065848892
TCATGAG,0.335439785504202
TCATGAT,0.336101604717993
TCATGCA,0.336311778545788
TCATGCC,0.332362785069147
TCATGCG,0.337891835335325
TCATGCT,0.338421404479198
TCATGGA,0.341675187270547
TCATGGC,0.351159670955687
TCATGGG,0.340114830024533
TCATGGT,0.338204796452193
TCATGTA,0.335822453149232
TCATGTC,0.33700744883978
TCATGTG,0.337472107355204
TCATGTT,0.333258198285199
TCATTAA,0.331639646557112
TCATTAC,0.335246672365262
TCATTAG,0.332300525772287
TCATTAT,0.331528880608096
TCATTCA,0.325724224765123
TCATTCC,0.33258066208799
TCATTCG,0.337368868564403
TCATTCT,0.326246355372189
TCATTGA,0.333527702395643
TCATTGC,0.336938592175005
TCATTGG,0.334466943746166
TCATTGT,0.334787879142851
TCATTTA,0.32354923070498
TCATTTC,0.325501366039145
TCATTTG,0.325602355053083
TCATTTT,0.319654508293016
TCCAAAA,0.32448394239291
TCCAAAC,0.329449744129956
TCCAAAG,0.327877127183139
TCCAAAT,0.328519664683231
TCCAACA,0.334898284713283
TCCAACC,0.338699831589432
TCCAACG,0.338978181199587
TCCAACT,0.330805138597764
TCCAAGA,0.330725460344973
TCCAAGC,0.336022347379429
TCCAAGG,0.336721662685838
TCCAAGT,0.330545294802494
TCCAATA,0.335787984587891
TCCAATC,0.333244375603515
TCCAATG,0.33448420095758
TCCAATT,0.333762595450062
TCCACAA,0.334611895066907
TCCACAC,0.335963761830648
TCCACAG,0.338070682252295
TCCACAT,0.329852047742021
TCCACCA,0.338376711426521
TCCACCC,0.333486244952069
TCCACCG,0.342100005648099
TCCACCT,0.331836918017743
TCCACGA,0.336749211896205
TCCACGC,0.344371773992705
TCCACGG,0.33877887700994
TCCACGT,0.3364116817609
TCCACTA,0.334767176741304
TCCACTC,0.331902666524228
TCCACTG,0.338469533225253
TCCACTT,0.328151558570703
TCCAGAA,0.329921394078683
TCCAGAC,0.335670782591685
TCCAGAG,0.340348181073207
TCCAGAT,0.332995534655262
TCCAGCA,0.337651029348269
TCCAGCC,0.343578610062016
TCCAGCG,0.360043798755002
TCCAGCT,0.338342330795955
TCCAGGA,0.336380678382901
TCCAGGC,0.355549082560928
TCCAGGG,0.338180725997145
TCCAGGT,0.340883310169206
TCCAGTA,0.333928369098878
TCCAGTC,0.342411652743237
TCCAGTG,0.340279554064182
TCCAGTT,0.333596794315786
TCCATAA,0.33207912798557
TCCATAC,0.335019026850491
TCCATAG,0.333351496389313
TCCATAT,0.334073398502089
TCCATCA,0.333337674997208
TCCATCC,0.334428976832727
TCCATCG,0.33853140963815
TCCATCT,0.332750089178586
TCCATGA,0.341682040611992
TCCATGC,0.339277063024795
TCCATGG,0.347636941546276
TCCATGT,0.332449249884832
TCCATTA,0.333285843075379
TCCATTC,0.329692532915504
TCCATTG,0.335794878395207
TCCATTT,0.322868573774508
TCCCAAA,0.309652698053615
TCCCAAC,0.329626638930543
TCCCAAG,0.32784238366221
TCCCAAT,0.333043925245033
TCCCACA,0.334028510696303
TCCCACC,0.330829387240718
TCCCACG,0.341051336507491
TCCCACT,0.335236325966034
TCCCAGA,0.33325474263269
TCCCAGC,0.322879048929335
TCCCAGG,0.339441925111251
TCCCAGT,0.329161789593973
TCCCATA,0.334918984400786
TCCCATC,0.330077405755816
TCCCATG,0.338019095078003
TCCCATT,0.330486387487771
TCCCCAA,0.331435412294371
TCCCCAC,0.331293462221308
TCCCCAG,0.353857918697201
TCCCCAT,0.331494263732755
TCCCCCA,0.333133787271112
TCCCCCC,0.33792279189846
TCCCCCG,0.363161018226569
TCCCCCT,0.342712933412602
TCCCCGA,0.349953955167253
TCCCCGC,0.401130940274498
TCCCCGG,0.404383589480802
TCCCCGT,0.346754316769342
TCCCCTA,0.332608325614604
TCCCCTC,0.349559659462949
TCCCCTG,0.34335627454151
TCCCCTT,0.336077483584277
TCCCGAA,0.340931320575403
TCCCGAC,0.345621780779771
TCCCGAG,0.355129940539508
TCCCGAT,0.338682646975542
TCCCGCA,0.356754825901647
TCCCGCC,0.389216697095548
TCCCGCG,0.39153399518459
TCCCGCT,0.367314499308971
TCCCGGA,0.371068219324171
TCCCGGC,0.419006762228364
TCCCGGG,0.408398518204926
TCCCGGT,0.353593839059945
TCCCGTA,0.337069415784578
TCCCGTC,0.352736792787016
TCCCGTG,0.346815682682889
TCCCGTT,0.336366898795248
TCCCTAA,0.327752044858103
TCCCTAC,0.333451695769464
TCCCTAG,0.338527972160098
TCCCTAT,0.3346015420979
TCCCTCA,0.333189082966036
TCCCTCC,0.342962790560361
TCCCTCG,0.352730014790591
TCCCTCT,0.331684641719534
TCCCTGA,0.339781867350328
TCCCTGC,0.367254378556087
TCCCTGG,0.351224161256139
TCCCTGT,0.340526589258559
TCCCTTA,0.332297066808804
TCCCTTC,0.336811194844728
TCCCTTG,0.337475548464679
TCCCTTT,0.320151807394275
TCCGAAA,0.335429441102816
TCCGAAC,0.338954129353289
TCCGAAG,0.336883503429288
TCCGAAT,0.337155474615975
TCCGACA,0.341822523761987
TCCGACC,0.345778774983635
TCCGACG,0.344744207178556
TCCGACT,0.33918088092122
TCCGAGA,0.342079454074578
TCCGAGC,0.37112145675059
TCCGAGG,0.362526940979557
TCCGAGT,0.34610292415221
TCCGATA,0.336859401148711
TCCGATC,0.339328585346546
TCCGATG,0.338744510203538
TCCGATT,0.336831854973845
TCCGCAA,0.342942256710963
TCCGCAC,0.349739831100038
TCCGCAG,0.36453514916617
TCCGCAT,0.341610078184161
TCCGCCA,0.35706868856138
TCCGCCC,0.373258593571
TCCGCCG,0.395964316013587
TCCGCCT,0.353339850548601
TCCGCGA,0.350507746027257
TCCGCGC,0.393780883836287
TCCGCGG,0.405509395340896
TCCGCGT,0.350806597710577
TCCGCTA,0.339380105013884
TCCGCTC,0.36714080727123
TCCGCTG,0.357830998259178
TCCGCTT,0.349763624927341
TCCGGAA,0.339589590987073
TCCGGAC,0.355552462024521
TCCGGAG,0.372072597939168
TCCGGAT,0.342856694466371
TCCGGCA,0.352557160357526
TCCGGCC,0.3940248069419
TCCGGCG,0.389667522139955
TCCGGCT,0.376923950943308
TCCGGGA,0.366218398021643
TCCGGGC,0.402099136874711
TCCGGGG,0.393123621524476
TCCGGGT,0.359777982651935
TCCGGTA,0.339452228089265
TCCGGTC,0.352574108191681
TCCGGTG,0.356403722985605
TCCGGTT,0.344863766402101
TCCGTAA,0.337939989575015
TCCGTAC,0.338345768912203
TCCGTAG,0.340818149502326
TCCGTAT,0.337857438030084
TCCGTCA,0.339551818071097
TCCGTCC,0.348665119678872
TCCGTCG,0.348120521219428
TCCGTCT,0.336184301331003
TCCGTGA,0.343127046178312
TCCGTGC,0.351397246237695
TCCGTGG,0.355200936626871
TCCGTGT,0.344091503446167
TCCGTTA,0.340190331910918
TCCGTTC,0.339428187642105
TCCGTTG,0.341133624822605
TCCGTTT,0.335429441102816
TCCTAAA,0.327272417620748
TCCTAAC,0.332767376043314
TCCTAAG,0.3314769548457
TCCTAAT,0.333109594443074
TCCTACA,0.331421564393745
TCCTACC,0.330347768351658
TCCTACG,0.341592943509462
TCCTACT,0.333085401029728
TCCTAGA,0.334881034646383
TCCTAGC,0.337034990178198
TCCTAGG,0.331075304540006
TCCTAGT,0.334780978389956
TCCTATA,0.334491103758759
TCCTATC,0.334594640059015
TCCTATG,0.33506387021719
TCCTATT,0.329796567210064
TCCTCAA,0.334201145075895
TCCTCAC,0.336952363887265
TCCTCAG,0.344200886663994
TCCTCAT,0.336094713024872
TCCTCCA,0.340252101941811
TCCTCCC,0.345259917663503
TCCTCCG,0.371334378118553
TCCTCCT,0.366673024854424
TCCTCGA,0.341212478104396
TCCTCGC,0.370149427312704
TCCTCGG,0.375563437809255
TCCTCGT,0.346764544683116
TCCTCTA,0.335725938183354
TCCTCTC,0.351546550388167
TCCTCTG,0.346955446540944
TCCTCTT,0.334953482927815
TCCTGAA,0.333413690289886
TCCTGAC,0.328755736902269
TCCTGAG,0.337386075769709
TCCTGAT,0.335077667771619
TCCTGCA,0.351672084353698
TCCTGCC,0.36086435453374
TCCTGCG,0.365954218385846
TCCTGCT,0.398084695654028
TCCTGGA,0.348450719433438
TCCTGGC,0.3683193166801
TCCTGGG,0.354916922029743
TCCTGGT,0.352624949970838
TCCTGTA,0.337010891548565
TCCTGTC,0.341130196277997
TCCTGTG,0.345188212257552
TCCTGTT,0.341719733150409
TCCTTAA,0.330032338215773
TCCTTAC,0.332418123412432
TCCTTAG,0.333676244122921
TCCTTAT,0.331248449453861
TCCTTCA,0.332030690685031
TCCTTCC,0.344696379486416
TCCTTCG,0.343800896160427
TCCTTCT,0.337902154296182
TCCTTGA,0.334218406874823
TCCTTGC,0.335536328090715
TCCTTGG,0.336218756234818
TCCTTGT,0.335139754410796
TCCTTTA,0.327957032700582
TCCTTTC,0.335488057962517
TCCTTTG,0.325567532407224
TCCTTTT,0.32059286581116
TCGAAAA,0.334618796986698
TCGAAAC,0.336518463817201
TCGAAAG,0.336780203850702
TCGAAAT,0.337929671004573
TCGAACA,0.336924820273083
TCGAACC,0.337458342798892
TCGAACG,0.339970674228111
TCGAACT,0.326910807343309
TCGAAGA,0.33888197034325
TCGAAGC,0.337189896074927
TCGAAGG,0.337392958568928
TCGAAGT,0.337984702149952
TCGAATA,0.335729385306826
TCGAATC,0.336597681846205
TCGAATG,0.336273881611789
TCGAATT,0.335936190972953
TCGACAA,0.338885406604659
TCGACAC,0.338043169423849
TCGACAG,0.338338892667886
TCGACAT,0.337950308038986
TCGACCA,0.337950308038986
TCGACCC,0.340921032825259
TCGACCG,0.338854479826889
TCGACCT,0.338356083190025
TCGACGA,0.338857916182764
TCGACGC,0.343339169761464
TCGACGG,0.341767703417351
TCGACGT,0.339819631577836
TCGACTA,0.338579533090214
TCGACTC,0.34043395821205
TCGACTG,0.342213031753272
TCGACTT,0.337269060934348
TCGAGAA,0.337874636830601
TCGAGAC,0.331771165188108
TCGAGAG,0.33959989244381
TCGAGAT,0.338991924852032
TCGAGCA,0.343677789964575
TCGAGCC,0.353370332576318
TCGAGCG,0.347275807039672
TCGAGCT,0.343250220188634
TCGAGGA,0.34394791981302
TCGAGGC,0.352811347715731
TCGAGGG,0.344621217062518
TCGAGGT,0.340540311646834
TCGAGTA,0.336780203850702
TCGAGTC,0.339338889492358
TCGAGTG,0.34137359373887
TCGAGTT,0.334939683659821
TCGATAA,0.336614902326484
TCGATAC,0.337031547552377
TCGATAG,0.338301072478938
TCGATAT,0.33765446984211
TCGATCA,0.336883503429288
TCGATCC,0.340914174266364
TCGATCG,0.339781867350328
TCGATCT,0.333361862308029
TCGATGA,0.33722087437498
TCGATGC,0.337939989575015
TCGATGG,0.339222102955532
TCGATGT,0.338122266765487
TCGATTA,0.336511574996357
TCGATTC,0.336301443160763
TCGATTG,0.33721054838159
TCGATTT,0.33480168050578
TCGCAAA,0.336256655257918
TCGCAAC,0.338548596851169
TCGCAAG,0.337836799079002
TCGCAAT,0.337881516267986
TCGCACA,0.337348219527191
TCGCACC,0.341733439175776
TCGCACG,0.342873807500971
TCGCACT,0.34269239443198
TCGCAGA,0.344364939060214
TCGCAGC,0.365596294146566
TCGCAGG,0.349580057881576
TCGCAGT,0.343937663050293
TCGCATA,0.337688874129497
TCGCATC,0.338050047701925
TCGCATG,0.337943429074835
TCGCATT,0.33642546073148
TCGCCAA,0.338861352526829
TCGCCAC,0.342281526206239
TCGCCAG,0.353153551298591
TCGCCAT,0.349851997043846
TCGCCCA,0.342219881409689
TCGCCCC,0.36086771608225
TCGCCCG,0.366880212634781
TCGCCCT,0.353780056310365
TCGCCGA,0.357169913570215
TCGCCGC,0.436484494840158
TCGCCGG,0.37776713539788
TCGCCGT,0.352699513238141
TCGCCTA,0.339479702178354
TCGCCTC,0.361015613030773
TCGCCTG,0.356211239270327
TCGCCTT,0.347187206956201
TCGCGAA,0.341356455011572
TCGCGAC,0.343605971017646
TCGCGAG,0.350426225519842
TCGCGAT,0.341551819092266
TCGCGCA,0.345778774983635
TCGCGCC,0.376344883292304
TCGCGCG,0.371450800318782
TCGCGCT,0.366666340662884
TCGCGGA,0.35921246782755
TCGCGGC,0.394928429934891
TCGCGGG,0.384674255907701
TCGCGGT,0.352289346449818
TCGCGTA,0.340197195436108
TCGCGTC,0.353644629021912
TCGCGTG,0.344839855700917
TCGCGTT,0.34262392811639
TCGCTAA,0.339225538048357
TCGCTAC,0.338156654962696
TCGCTAG,0.33908125398907
TCGCTAT,0.337933110539884
TCGCTCA,0.341421580612687
TCGCTCC,0.354714005062707
TCGCTCG,0.358137781941541
TCGCTCT,0.343859024374175
TCGCTGA,0.34625302080365
TCGCTGC,0.386006047934405
TCGCTGG,0.365070883587626
TCGCTGT,0.350803202170362
TCGCTTA,0.336824968311566
TCGCTTC,0.347616503452209
TCGCTTG,0.327755519578404
TCGCTTT,0.33642546073148
TCGGAAA,0.337582216985568
TCGGAAC,0.344672464782511
TCGGAAG,0.340210922345167
TCGGAAT,0.33700744883978
TCGGACA,0.339287367701511
TCGGACC,0.35087790139186
TCGGACG,0.346440609942083
TCGGACT,0.34122619108393
TCGGAGA,0.347057700404212
TCGGAGC,0.373092572420929
TCGGAGG,0.365392186529145
TCGGAGT,0.34648153380535
TCGGATA,0.336642454478131
TCGGATC,0.339194621788131
TCGGATG,0.339750968285206
TCGGATT,0.336573572675609
TCGGCAA,0.339675433217497
TCGGCAC,0.347391656843916
TCGGCAG,0.358569142612147
TCGGCAT,0.342730048907545
TCGGCCA,0.357965859822219
TCGGCCC,0.384352522957595
TCGGCCG,0.393732092074534
TCGGCCT,0.356211239270327
TCGGCGA,0.349678644372908
TCGGCGC,0.392553861656488
TCGGCGG,0.41292724133477
TCGGCGT,0.357051816730342
TCGGCTA,0.339757834826632
TCGGCTC,0.361277740239708
TCGGCTG,0.367802011903592
TCGGCTT,0.355663977916534
TCGGGAA,0.33990545406418
TCGGGAC,0.349120992789253
TCGGGAG,0.361217255443632
TCGGGAT,0.340931320575403
TCGGGCA,0.348440508751271
TCGGGCC,0.386438662563041
TCGGGCG,0.379207170506152
TCGGGCT,0.376874329710164
TCGGGGA,0.358013057072781
TCGGGGC,0.391155761175406
TCGGGGG,0.36314424887267
TCGGGGT,0.352116415821902
TCGGGTA,0.336280772070249
TCGGGTC,0.349705838936055
TCGGGTG,0.353773285381513
TCGGGTT,0.338809806125913
TCGGTAA,0.336466796504097
TCGGTAC,0.338710142216018
TCGGTAG,0.342449317791268
TCGGTAT,0.337943429074835
TCGGTCA,0.338149777417857
TCGGTCC,0.353539660257049
TCGGTCG,0.34766078546142
TCGGTCT,0.341030763370643
TCGGTGA,0.344925248437164
TCGGTGC,0.362322205857113
TCGGTGG,0.359559220202461
TCGGTGT,0.344792032583316
TCGGTTA,0.336745768286414
TCGGTTC,0.341479847292431
TCGGTTG,0.343007279120988
TCGGTTT,0.335753514838428
TCGTAAA,0.33647024107469
TCGTAAC,0.336914491222172
TCGTAAG,0.337341336420034
TCGTAAT,0.336670005870678
TCGTACA,0.338005338048727
TCGTACC,0.338170409910473
TCGTACG,0.338596719476152
TCGTACT,0.338387025385199
TCGTAGA,0.335574252985511
TCGTAGC,0.338510784592592
TCGTAGG,0.338194480613832
TCGTAGT,0.33741704799314
TCGTATA,0.33679053428876
TCGTATC,0.339362932086356
TCGTATG,0.336532241316523
TCGTATT,0.335667335266195
TCGTCAA,0.337251851715408
TCGTCAC,0.33963422986653
TCGTCAG,0.340619211725352
TCGTCAT,0.340639793330764
TCGTCCA,0.337413606682352
TCGTCCC,0.34941345861828
TCGTCCG,0.350171431092805
TCGTCCT,0.354646356922598
TCGTCGA,0.341671760582211
TCGTCGC,0.358892541049211
TCGTCGG,0.343359695462411
TCGTCGT,0.344798864597284
TCGTCTA,0.338156654962696
TCGTCTC,0.347105415295747
TCGTCTG,0.344026551499104
TCGTCTT,0.340533450476235
TCGTGAA,0.338503909482873
TCGTGAC,0.338517659655044
TCGTGAG,0.341322176675744
TCGTGAT,0.335653545845393
TCGTGCA,0.339015975789307
TCGTGCC,0.345447693172336
TCGTGCG,0.351057835696974
TCGTGCT,0.350962780098175
TCGTGGA,0.339091560683723
TCGTGGC,0.355576117949899
TCGTGGG,0.350402447453308
TCGTGGT,0.346106335689948
TCGTGTA,0.336284217281675
TCGTGTC,0.341997243556562
TCGTGTG,0.341726586186575
TCGTGTT,0.336511574996357
TCGTTAA,0.335660440579562
TCGTTAC,0.337767999498807
TCGTTAG,0.338366397361463
TCGTTAT,0.337375751482056
TCGTTCA,0.336001670518836
TCGTTCC,0.339198056975357
TCGTTCG,0.337984702149952
TCGTTCT,0.337000563386655
TCGTTGA,0.336694112716491
TCGTTGC,0.34123990387542
TCGTTGG,0.342801930787575
TCGTTGT,0.339139657187581
TCGTTTA,0.334898284713283
TCGTTTC,0.337465225100731
TCGTTTG,0.33611194216862
TCGTTTT,0.333582976313648
TCTAAAA,0.32632987097596
TCTAAAC,0.333437875762194
TCTAAAG,0.330153669273786
TCTAAAT,0.330936767020686
TCTAACA,0.3322278850265
TCTAACC,0.334508360553247
TCTAACG,0.337324128444864
TCTAACT,0.333019730242854
TCTAAGA,0.332542623489308
TCTAAGC,0.330711602609444
TCTAAGG,0.331445798093997
TCTAAGT,0.330146736467029
TCTAATA,0.333182171171381
TCTAATC,0.334252929578795
TCTAATG,0.332822692002353
TCTAATT,0.329356081271577
TCTACAA,0.332978251734266
TCTACAC,0.336824968311566
TCTACAG,0.337348219527191
TCTACAT,0.333330764229518
TCTACCA,0.335832793485963
TCTACCC,0.335729385306826
TCTACCG,0.341181623212885
TCTACCT,0.339579289424216
TCTACGA,0.336701000279984
TCTACGC,0.343192056574382
TCTACGG,0.340210922345167
TCTACGT,0.339053768950649
TCTACTA,0.324815067129237
TCTACTC,0.336924820273083
TCTACTG,0.334701616308763
TCTACTT,0.336387568105524
TCTAGAA,0.330288849399691
TCTAGAC,0.333821310093624
TCTAGAG,0.332888375729733
TCTAGAT,0.332757003960337
TCTAGCA,0.334901734690956
TCTAGCC,0.339764701320909
TCTAGCG,0.340626072307557
TCTAGCT,0.335308748512725
TCTAGGA,0.331868062585992
TCTAGGC,0.334577384753384
TCTAGGG,0.339417884416397
TCTAGGT,0.336604570073902
TCTAGTA,0.335422544775778
TCTAGTC,0.334974181472775
TCTAGTG,0.334860334173309
TCTAGTT,0.33196841070813
TCTATAA,0.332763918694275
TCTATAC,0.335229428307077
TCTATAG,0.335708702387747
TCTATAT,0.334984530584596
TCTATCA,0.334283998993399
TCTATCC,0.335670782591685
TCTATCG,0.338775440382448
TCTATCT,0.33404232254346
TCTATGA,0.333413690289886
TCTATGC,0.336900718988327
TCTATGG,0.337616623758811
TCTATGT,0.334532519565242
TCTATTA,0.332822692002353
TCTATTC,0.334107926212419
TCTATTG,0.335622518953343
TCTATTT,0.325132146988556
TCTCAAA,0.309245723492652
TCTCAAC,0.334197692680353
TCTCAAG,0.32828353672094
TCTCAAT,0.332393913264054
TCTCACA,0.330978330291747
TCTCACC,0.334373749658002
TCTCACG,0.338493596729668
TCTCACT,0.324082960432705
TCTCAGA,0.329893656121086
TCTCAGC,0.336366898795248
TCTCAGG,0.337217432389031
TCTCAGT,0.331836918017743
TCTCATA,0.333886928262937
TCTCATC,0.332663650372127
TCTCATG,0.33271205702425
TCTCATT,0.328332155859565
TCTCCAA,0.328891106120195
TCTCCAC,0.335567357657073
TCTCCAG,0.339953511439478
TCTCCAT,0.330711602609444
TCTCCCA,0.333931822424355
TCTCCCC,0.348089878743571
TCTCCCG,0.365003932478777
TCTCCCT,0.337217432389031
TCTCCGA,0.341496983905091
TCTCCGC,0.37160046609128
TCTCCGG,0.365007280140679
TCTCCGT,0.344993557376368
TCTCCTA,0.334308163426291
TCTCCTC,0.364608829670201
TCTCCTG,0.330437872975838
TCTCCTT,0.333741871811575
TCTCGAA,0.326976880522544
TCTCGAC,0.336039577770009
TCTCGAG,0.338699831589432
TCTCGAT,0.33444623469935
TCTCGCA,0.342736895023501
TCTCGCC,0.356201107522083
TCTCGCG,0.356025474240229
TCTCGCT,0.346641802813017
TCTCGGA,0.345082352022069
TCTCGGC,0.359727503257245
TCTCGGG,0.357996201167582
TCTCGGT,0.346297363230453
TCTCGTA,0.338208235041333
TCTCGTC,0.344641716465675
TCTCGTG,0.340461405342603
TCTCGTT,0.337836799079002
TCTCTAA,0.328561328536388
TCTCTAC,0.322659047631603
TCTCTAG,0.334625698858853
TCTCTAT,0.333728055813986
TCTCTCA,0.331109935921193
TCTCTCC,0.344481126559609
TCTCTCG,0.349059768184554
TCTCTCT,0.330424011254399
TCTCTGA,0.326799516330289
TCTCTGC,0.351807779024028
TCTCTGG,0.335591491098595
TCTCTGT,0.334021604701186
TCTCTTA,0.332608325614604
TCTCTTC,0.339084689565758
TCTCTTG,0.331840378573227
TCTCTTT,0.326879507997751
TCTGAAA,0.321775062564485
TCTGAAC,0.330534899646161
TCTGAAG,0.332262476515917
TCTGAAT,0.327279370383199
TCTGACA,0.333375683365838
TCTGACC,0.338277004341214
TCTGACG,0.337337894848689
TCTGACT,0.332006471154918
TCTGAGA,0.326333350641424
TCTGAGC,0.345932332424422
TCTGAGG,0.340540311646834
TCTGAGT,0.33327547636862
TCTGATA,0.333237464191023
TCTGATC,0.336456462721127
TCTGATG,0.332061829218993
TCTGATT,0.328165451827848
TCTGCAA,0.332684396367103
TCTGCAC,0.336504686128056
TCTGCAG,0.361008890916711
TCTGCAT,0.332082587702976
TCTGCCA,0.339362932086356
TCTGCCC,0.34810009300652
TCTGCCG,0.358104074051562
TCTGCCT,0.339977539261088
TCTGCGA,0.342901187747205
TCTGCGC,0.370585625874963
TCTGCGG,0.371360990102178
TCTGCGT,0.349593656596167
TCTGCTA,0.334905184656726
TCTGCTC,0.348096688263796
TCTGCTG,0.360514691776259
TCTGCTT,0.338180725997145
TCTGGAA,0.327154213262321
TCTGGAC,0.339771567768038
TCTGGAG,0.337599420520168
TCTGGAT,0.331677719518629
TCTGGCA,0.34043395821205
TCTGGCC,0.361482689290736
TCTGGCG,0.353160326424905
TCTGGCT,0.3487944182402
TCTGGGA,0.330888274354306
TCTGGGC,0.360736607316353
TCTGGGG,0.347814054199397
TCTGGGT,0.337795519898894
TCTGGTA,0.333987074010192
TCTGGTC,0.338211673618648
TCTGGTG,0.341596370467889
TCTGGTT,0.329824307860804
TCTGTAA,0.324546690236382
TCTGTAC,0.333410235174664
TCTGTAG,0.33274663176978
TCTGTAT,0.331916507764247
TCTGTCA,0.330080872405539
TCTGTCC,0.342630774958897
TCTGTCG,0.338338892667886
TCTGTCT,0.333883474782422
TCTGTGA,0.329446275291638
TCTGTGC,0.342219881409689
TCTGTGG,0.346461072083062
TCTGTGT,0.332556455874425
TCTGTTA,0.332826149148198
TCTGTTC,0.334332327275276
TCTGTTG,0.333766049348056
TCTGTTT,0.32763042204053
TCTTAAA,0.326159352534118
TCTTAAC,0.330735853520597
TCTTAAG,0.329567677473809
TCTTAAT,0.330025404567797
TCTTACA,0.333130331188655
TCTTACC,0.332262476515917
TCTTACG,0.336917934250997
TCTTACT,0.330583409451235
TCTTAGA,0.330663099022747
TCTTAGC,0.332386995971145
TCTTAGG,0.333472425422264
TCTTAGT,0.332220966585026
TCTTATA,0.334201145075895
TCTTATC,0.334563580294498
TCTTATG,0.336480574715279
TCTTATT,0.329709872716221
TCTTCAA,0.331771165188108
TCTTCAC,0.33650124167611
TCTTCAG,0.333800587671896
TCTTCAT,0.332739716916306
TCTTCCA,0.334242572892743
TCTTCCC,0.339005668315591
TCTTCCG,0.343383641581045
TCTTCCT,0.345884561525183
TCTTCGA,0.336859401148711
TCTTCGC,0.357200279074905
TCTTCGG,0.348930503930258
TCTTCGT,0.342216456587345
TCTTCTA,0.333714239625513
TCTTCTC,0.347899193348803
TCTTCTG,0.338548596851169
TCTTCTT,0.329515649771867
TCTTGAA,0.325832154108344
TCTTGAC,0.332466541950865
TCTTGAG,0.329380365077248
TCTTGAT,0.331871523033701
TCTTGCA,0.337585657716165
TCTTGCC,0.335891386707873
TCTTGCG,0.34246643779868
TCTTGCT,0.332729344546441
TCTTGGA,0.331577342220471
TCTTGGC,0.340396217177427
TCTTGGG,0.336294552844736
TCTTGGT,0.333769503234121
TCTTGTA,0.333734963836641
TCTTGTC,0.336025793481296
TCTTGTG,0.332857262922984
TCTTGTT,0.327460125241353
TCTTTAA,0.322826672057876
TCTTTAC,0.329994202556956
TCTTTAG,0.332303984723805
TCTTTAT,0.327672122958667
TCTTTCA,0.327581768771407
TCTTTCC,0.333759141540138
TCTTTCG,0.337578776243132
TCTTTCT,0.329439337578902
TCTTTGA,0.330482922243544
TCTTTGC,0.331760782767147
TCTTTGG,0.327957032700582
TCTTTGT,0.327136829089918
TCTTTTA,0.326093225314337
TCTTTTC,0.330573014691105
TCTTTTG,0.32711249074083
TCTTTTT,0.307474340797047
TGAAAAA,0.322110579735224
TGAAAAC,0.325689406362905
TGAAAAG,0.32240406494398
TGAAAAT,0.32241105163734
TGAAACA,0.329376895998256
TGAAACC,0.321205124404999
TGAAACG,0.334194240272891
TGAAACT,0.32823491521838
TGAAAGA,0.323814386960994
TGAAAGC,0.332974795114222
TGAAAGG,0.325396883911939
TGAAAGT,0.328186291351654
TGAAATA,0.323730661001799
TGAAATC,0.3281897645634
TGAAATG,0.324075985410741
TGAAATT,0.32215251146747
TGAACAA,0.330333905381149
TGAACAC,0.331161880744329
TGAACAG,0.334577384753384
TGAACAT,0.331733095784246
TGAACCA,0.331899206184288
TGAACCC,0.33218291430131
TGAACCG,0.341236475695176
TGAACCT,0.329789631927136
TGAACGA,0.337616623758811
TGAACGC,0.339218667850907
TGAACGG,0.339239278301658
TGAACGT,0.33738951717524
TGAACTA,0.333247831291848
TGAACTC,0.330358165453423
TGAACTG,0.333413690289886
TGAACTT,0.328932754500867
TGAAGAA,0.332463083561579
TGAAGAC,0.337575335488858
TGAAGAG,0.333316942550861
TGAAGAT,0.335829346718933
TGAAGCA,0.341263900808065
TGAAGCC,0.339098431754476
TGAAGCG,0.347834488256343
TGAAGCT,0.341627212565269
TGAAGGA,0.33813946101191
TGAAGGC,0.342141107528083
TGAAGGG,0.33558459588902
TGAAGGT,0.335612176442063
TGAAGTA,0.332926401179007
TGAAGTC,0.330728924748849
TGAAGTG,0.332535707224999
TGAAGTT,0.329186078118186
TGAATAA,0.328193237763083
TGAATAC,0.331951110026158
TGAATAG,0.332829606282092
TGAATAT,0.331767704393098
TGAATCA,0.331667336127426
TGAATCC,0.332490750340977
TGAATCG,0.337616623758811
TGAATCT,0.332089507101879
TGAATGA,0.326009689943796
TGAATGC,0.333845485709583
TGAATGG,0.332386995971145
TGAATGT,0.329408117275948
TGAATTA,0.330621522647306
TGAATTC,0.329241592529803
TGAATTG,0.330884810502438
TGAATTT,0.322362143758702
TGACAAA,0.332110265011325
TGACAAC,0.336087821284257
TGACAAG,0.334736122335356
TGACAAT,0.334346134926832
TGACACA,0.334301259362191
TGACACC,0.334460040778212
TGACACG,0.338730763150269
TGACACT,0.333617520960993
TGACAGA,0.332591036000151
TGACAGC,0.338039730267069
TGACAGG,0.336731993728666
TGACAGT,0.333441330781917
TGACATA,0.334770627171325
TGACATC,0.332480375388404
TGACATG,0.336459907327316
TGACATT,0.329293634491896
TGACCAA,0.334187335422211
TGACCAC,0.338235743328794
TGACCAG,0.341795113965328
TGACCAT,0.341065051696919
TGACCCA,0.342127407089128
TGACCCC,0.341449000649592
TGACCCG,0.34940665805876
TGACCCT,0.345485244043316
TGACCGA,0.344358104081008
TGACCGC,0.354805322793351
TGACCGG,0.350500952905458
TGACCGT,0.342230155806346
TGACCTA,0.334687813564732
TGACCTC,0.324564119494177
TGACCTG,0.34547158934429
TGACCTT,0.333634792837177
TGACGAA,0.338115388984138
TGACGAC,0.340385923920772
TGACGAG,0.343701728467383
TGACGAT,0.337547809028458
TGACGCA,0.337341336420034
TGACGCC,0.344535798359144
TGACGCG,0.348848854738561
TGACGCT,0.342401380211192
TGACGGA,0.344118850372334
TGACGGC,0.35129204129013
TGACGGG,0.350130657959209
TGACGGT,0.339943213624907
TGACGTA,0.337816159701944
TGACGTC,0.338356083190025
TGACGTG,0.339544950114898
TGACGTT,0.335725938183354
TGACTAA,0.336063699818062
TGACTAC,0.334252929578795
TGACTAG,0.335787984587891
TGACTAT,0.335391510715543
TGACTCA,0.329449744129956
TGACTCC,0.337034990178198
TGACTCG,0.341205621544111
TGACTCT,0.332757003960337
TGACTGA,0.335846580435282
TGACTGC,0.338225427809672
TGACTGG,0.341466137790862
TGACTGT,0.334111378917884
TGACTTA,0.329886721511466
TGACTTC,0.332504583443637
TGACTTG,0.3310337452994
TGACTTT,0.326441214265652
TGAGAAA,0.322253839228687
TGAGAAC,0.333676244122921
TGAGAAG,0.332874547935129
TGAGAAT,0.329366488689073
TGAGACA,0.324849915987332
TGAGACC,0.330971403199868
TGAGACG,0.335725938183354
TGAGACT,0.332089507101879
TGAGAGA,0.333330764229518
TGAGAGC,0.341702600354524
TGAGAGG,0.342644468503274
TGAGAGT,0.334018151685743
TGAGATA,0.330094738884257
TGAGATC,0.333548430472929
TGAGATG,0.330538364710279
TGAGATT,0.324909156259091
TGAGCAA,0.332449249884832
TGAGCAC,0.338001898761837
TGAGCAG,0.353509183390424
TGAGCAT,0.336793977744398
TGAGCCA,0.318213747229525
TGAGCCC,0.350701330602238
TGAGCCG,0.368092403015674
TGAGCCT,0.342541762349522
TGAGCGA,0.348709355278614
TGAGCGC,0.378143858603242
TGAGCGG,0.377185248812739
TGAGCGT,0.345990336877122
TGAGCTA,0.338153216196189
TGAGCTC,0.339428187642105
TGAGCTG,0.351984154572439
TGAGCTT,0.338933513024591
TGAGGAA,0.33118958354675
TGAGGAC,0.342723202744721
TGAGGAG,0.373746536173452
TGAGGAT,0.333061207031047
TGAGGCA,0.326716039941661
TGAGGCC,0.358002943563756
TGAGGCG,0.392986908759154
TGAGGCT,0.343653850888701
TGAGGGA,0.340403079289669
TGAGGGC,0.352411397125761
TGAGGGG,0.360985363161641
TGAGGGT,0.332386995971145
TGAGGTA,0.334722320067598
TGAGGTC,0.327432318928149
TGAGGTG,0.342130832216464
TGAGGTT,0.333465515585744
TGAGTAA,0.331144566103089
TGAGTAC,0.33552253686327
TGAGTAG,0.328707138353928
TGAGTAT,0.333406780047503
TGAGTCA,0.332674023423414
TGAGTCC,0.343971851850275
TGAGTCG,0.345160894559915
TGAGTCT,0.33271897206899
TGAGTGA,0.334101020765725
TGAGTGC,0.334849983776078
TGAGTGG,0.341027334473352
TGAGTGT,0.338125705638423
TGAGTTA,0.331615417554128
TGAGTTC,0.332525332738843
TGAGTTG,0.335053521926435
TGAGTTT,0.327157690060537
TGATAAA,0.330448269140822
TGATAAC,0.33357261268674
TGATAAG,0.333192538845448
TGATAAT,0.330399752779515
TGATACA,0.33482928266022
TGATACC,0.335829346718933
TGATACG,0.337213990391234
TGATACT,0.335498401757567
TGATAGA,0.333866207200946
TGATAGC,0.336811194844728
TGATAGG,0.333392959419479
TGATAGT,0.334266738326682
TGATATA,0.334201145075895
TGATATC,0.336721662685838
TGATATG,0.334518714486999
TGATATT,0.332895289555333
TGATCAA,0.336270436364755
TGATCAC,0.334384104985593
TGATCAG,0.336521908209827
TGATCAT,0.333987074010192
TGATCCA,0.330663099022747
TGATCCC,0.337117609642592
TGATCCG,0.339565553841991
TGATCCT,0.334107926212419
TGATCGA,0.3388029330717
TGATCGC,0.342154807779338
TGATCGG,0.339723501647999
TGATCGT,0.34000843132628
TGATCTA,0.336029239571287
TGATCTC,0.32870019551136
TGATCTG,0.333410235174664
TGATCTT,0.330583409451235
TGATGAA,0.329969933653202
TGATGAC,0.333406780047503
TGATGAG,0.334794779848125
TGATGAT,0.334025057704706
TGATGCA,0.333327308827764
TGATGCC,0.332891832648508
TGATGCG,0.340461405342603
TGATGCT,0.336849071422057
TGATGGA,0.335505297561493
TGATGGC,0.33916370457206
TGATGGG,0.334315067442725
TGATGGT,0.336353119017716
TGATGTA,0.33427019048386
TGATGTC,0.330701209181772
TGATGTG,0.332438874501682
TGATGTT,0.332566830037701
TGATTAA,0.331096083512638
TGATTAC,0.333555339736546
TGATTAG,0.333285843075379
TGATTAT,0.331674258400207
TGATTCA,0.332293607833357
TGATTCC,0.3314769548457
TGATTCG,0.337141705700633
TGATTCT,0.32794661060387
TGATTGA,0.333272020775818
TGATTGC,0.334121736962752
TGATTGG,0.332006471154918
TGATTGT,0.333430965686936
TGATTTA,0.329973400675513
TGATTTC,0.326924717849108
TGATTTG,0.33029578122128
TGATTTT,0.320368860449587
TGCAAAA,0.325483953109351
TGCAAAC,0.332649819469696
TGCAAAG,0.331781547501274
TGCAAAT,0.327936188398537
TGCAACA,0.33738951717524
TGCAACC,0.327793740704871
TGCAACG,0.339211797606258
TGCAACT,0.335591491098595
TGCAAGA,0.334128642266393
TGCAAGC,0.337141705700633
TGCAAGG,0.339094996225001
TGCAAGT,0.335881046977002
TGCAATA,0.335336336674736
TGCAATC,0.334787879142851
TGCAATG,0.331740017601837
TGCAATT,0.33101642843938
TGCACAA,0.332480375388404
TGCACAC,0.33077396090709
TGCACAG,0.335139754410796
TGCACAT,0.334404815319082
TGCACCA,0.336256655257918
TGCACCC,0.339215232734483
TGCACCG,0.346887271489496
TGCACCT,0.340780422964968
TGCACGA,0.338789186821555
TGCACGC,0.344235066466014
TGCACGG,0.345102841974512
TGCACGT,0.340451112756928
TGCACTA,0.338053486823222
TGCACTC,0.324396786078021
TGCACTG,0.339843662616464
TGCACTT,0.330136337166772
TGCAGAA,0.330905593433676
TGCAGAC,0.338998796607421
TGCAGAG,0.347957083830233
TGCAGAT,0.337933110539884
TGCAGCA,0.348379242468751
TGCAGCC,0.388899691143708
TGCAGCG,0.381639945333473
TGCAGCT,0.375652871411901
TGCAGGA,0.355092750101091
TGCAGGC,0.366803357660152
TGCAGGG,0.35180438688167
TGCAGGT,0.352472416878049
TGCAGTA,0.334567031427085
TGCAGTC,0.345184797586158
TGCAGTG,0.314882594666963
TGCAGTT,0.340605490419739
TGCATAA,0.332663650372127
TGCATAC,0.333783318659088
TGCATAG,0.333437875762194
TGCATAT,0.333033556030066
TGCATCA,0.3364116817609
TGCATCC,0.337626945559942
TGCATCG,0.338637965597325
TGCATCT,0.336800864620101
TGCATGA,0.335294954146299
TGCATGC,0.33274317434902
TGCATGG,0.336349674043663
TGCATGT,0.331698485977596
TGCATTA,0.332770833380399
TGCATTC,0.332635988375969
TGCATTG,0.336149845240007
TGCATTT,0.320232332572999
TGCCAAA,0.331989171131411
TGCCAAC,0.336986792338173
TGCCAAG,0.335181143362156
TGCCAAT,0.336132616749291
TGCCACA,0.33324091990324
TGCCACC,0.341843080616454
TGCCACG,0.339761268079664
TGCCACT,0.333589885338584
TGCCAGA,0.336453018103073
TGCCAGC,0.348743381331538
TGCCAGG,0.350925434354975
TGCCAGT,0.338637965597325
TGCCATA,0.335322542688869
TGCCATC,0.338194480613832
TGCCATG,0.355156987262369
TGCCATT,0.331982251038206
TGCCCAA,0.336229092474475
TGCCCAC,0.344651966009672
TGCCCAG,0.336866287573868
TGCCCAT,0.338352645109238
TGCCCCA,0.339675433217497
TGCCCCC,0.353309367591701
TGCCCCG,0.379276477677428
TGCCCCT,0.349359052847138
TGCCCGA,0.347694847211141
TGCCCGC,0.39535720260316
TGCCCGG,0.389644659095507
TGCCCGT,0.347786808140595
TGCCCTA,0.336273881611789
TGCCCTC,0.352855400288327
TGCCCTG,0.360662640941354
TGCCCTT,0.33962736247631
TGCCGAA,0.343219428108384
TGCCGAC,0.344928663994947
TGCCGAG,0.359932770241638
TGCCGAT,0.338995360735629
TGCCGCA,0.353837607354674
TGCCGCC,0.434871847587531
TGCCGCG,0.392752500526084
TGCCGCT,0.389213429505562
TGCCGGA,0.35476135603805
TGCCGGC,0.391589414013518
TGCCGGG,0.396418598274938
TGCCGGT,0.360763502823594
TGCCGTA,0.340145717848886
TGCCGTC,0.356785204013108
TGCCGTG,0.351733149233971
TGCCGTT,0.342442469706236
TGCCTAA,0.333406780047503
TGCCTAC,0.338001898761837
TGCCTAG,0.335488057962517
TGCCTAT,0.334145905316884
TGCCTCA,0.318985215704602
TGCCTCC,0.354703858133424
TGCCTCG,0.35156690831801
TGCCTCT,0.350663975093553
TGCCTGA,0.341921877977371
TGCCTGC,0.373165625122747
TGCCTGG,0.365623059268886
TGCCTGT,0.333272020775818
TGCCTTA,0.332442332974693
TGCCTTC,0.336339339050298
TGCCTTG,0.338737636700526
TGCCTTT,0.327428843084633
TGCGAAA,0.336907605128959
TGCGAAC,0.341904748644472
TGCGAAG,0.341908174534525
TGCGAAT,0.337565013155002
TGCGACA,0.341466137790862
TGCGACC,0.351000124446723
TGCGACG,0.346969080993511
TGCGACT,0.342014371305172
TGCGAGA,0.341757424268152
TGCGAGC,0.355572738566249
TGCGAGG,0.356103161996389
TGCGAGT,0.343024389578844
TGCGATA,0.337647588842591
TGCGATC,0.339046897573007
TGCGATG,0.342860117096719
TGCGATT,0.336532241316523
TGCGCAA,0.33710728258283
TGCGCAC,0.34709178270191
TGCGCAG,0.362416187839014
TGCGCAT,0.337382634352335
TGCGCCA,0.348505174644265
TGCGCCC,0.382209374666965
TGCGCCG,0.396532136601915
TGCGCCT,0.367665131679988
TGCGCGA,0.349780620171659
TGCGCGC,0.409593456875834
TGCGCGG,0.402195904997436
TGCGCGT,0.352987546363537
TGCGCTA,0.34122619108393
TGCGCTC,0.365997695781779
TGCGCTG,0.371673627872869
TGCGCTT,0.349393056800974
TGCGGAA,0.345413554793244
TGCGGAC,0.358218676242009
TGCGGAG,0.386740071210093
TGCGGAT,0.341051336507491
TGCGGCA,0.3597880782251
TGCGGCC,0.413976536120835
TGCGGCG,0.422796073119487
TGCGGCT,0.394154874940712
TGCGGGA,0.366328730878208
TGCGGGC,0.413989286732175
TGCGGGG,0.390144260815039
TGCGGGT,0.358811701244405
TGCGGTA,0.342829313001855
TGCGGTC,0.344296587165793
TGCGGTG,0.352855400288327
TGCGGTT,0.340554033846808
TGCGTAA,0.336635566511387
TGCGTAC,0.339709768046484
TGCGTAG,0.340193763679402
TGCGTAT,0.337014334245497
TGCGTCA,0.340152581680292
TGCGTCC,0.367070653856986
TGCGTCG,0.347378028151762
TGCGTCT,0.34703384210465
TGCGTGA,0.340900457007453
TGCGTGC,0.352838457220834
TGCGTGG,0.354226836280682
TGCGTGT,0.338844170688415
TGCGTTA,0.338283881011102
TGCGTTC,0.343530726588219
TGCGTTG,0.339654831754228
TGCGTTT,0.333479335211039
TGCTAAA,0.329463619362902
TGCTAAC,0.33336531759039
TGCTAAG,0.336139508181196
TGCTAAT,0.3314769548457
TGCTACA,0.335322542688869
TGCTACC,0.341562100355118
TGCTACG,0.341548391981159
TGCTACT,0.344761287942826
TGCTAGA,0.33539495899202
TGCTAGC,0.343496522703109
TGCTAGG,0.33512595771299
TGCTAGT,0.339823064618711
TGCTATA,0.335298402755744
TGCTATC,0.338369835394969
TGCTATG,0.336008562853204
TGCTATT,0.332328197049438
TGCTCAA,0.333430965686936
TGCTCAC,0.339311411534244
TGCTCAG,0.340578047243678
TGCTCAT,0.338328578212754
TGCTCCA,0.346426968282149
TGCTCCC,0.354145618404598
TGCTCCG,0.374224290025504
TGCTCCT,0.380836268001095
TGCTCGA,0.341647773435071
TGCTCGC,0.366248490008
TGCTCGG,0.371054909524708
TGCTCGT,0.345416968683598
TGCTCTA,0.338820115618661
TGCTCTC,0.347187206956201
TGCTCTG,0.35263511801649
TGCTCTT,0.348014970960549
TGCTGAA,0.342370561981894
TGCTGAC,0.351431180956654
TGCTGAG,0.36873630311422
TGCTGAT,0.340337887322089
TGCTGCA,0.36716419064902
TGCTGCC,0.419529952326427
TGCTGCG,0.401053444035435
TGCTGCT,0.547023903580676
TGCTGGA,0.358430992651391
TGCTGGC,0.417111475120646
TGCTGGG,0.381916471750211
TGCTGGT,0.373451143580471
TGCTGTA,0.335325991203174
TGCTGTC,0.349580057881576
TGCTGTG,0.365114399404788
TGCTGTT,0.350541710944072
TGCTTAA,0.32961970246901
TGCTTAC,0.334818931941588
TGCTTAG,0.33395599536879
TGCTTAT,0.332511499923209
TGCTTCA,0.334335779206039
TGCTTCC,0.344908170473258
TGCTTCG,0.346147273235016
TGCTTCT,0.345918683828929
TGCTTGA,0.328627292753984
TGCTTGC,0.342774547823488
TGCTTGG,0.340567755858486
TGCTTGT,0.336008562853204
TGCTTTA,0.329088920481538
TGCTTTC,0.332442332974693
TGCTTTG,0.334456589276366
TGCTTTT,0.319679028833404
TGGAAAA,0.318995731617079
TGGAAAC,0.328741851843743
TGGAAAG,0.323789967613681
TGGAAAT,0.323217686483967
TGGAACA,0.334097568024497
TGGAACC,0.339105302778018
TGGAACG,0.342952523688367
TGGAACT,0.331836918017743
TGGAAGA,0.332929857966334
TGGAAGC,0.337953747503316
TGGAAGG,0.330132870709321
TGGAAGT,0.331670797269806
TGGAATA,0.32897787162258
TGGAATC,0.333662427218584
TGGAATG,0.329449744129956
TGGAATT,0.325254074014698
TGGACAA,0.334608444089147
TGGACAC,0.333182171171381
TGGACAG,0.339706334616634
TGGACAT,0.335829346718933
TGGACCA,0.341263900808065
TGGACCC,0.348722965838717
TGGACCG,0.347078149922223
TGGACCT,0.349325047736994
TGGACGA,0.351404033273613
TGGACGC,0.363268335432954
TGGACGG,0.348801222964555
TGGACGT,0.343585450371107
TGGACTA,0.335070769018201
TGGACTC,0.342363713357512
TGGACTG,0.348263507026249
TGGACTT,0.336783647341912
TGGAGAA,0.338861352526829
TGGAGAC,0.342908032691629
TGGAGAG,0.342302073627322
TGGAGAT,0.334905184656726
TGGAGCA,0.351427787536578
TGGAGCC,0.381083368729709
TGGAGCG,0.384332821658727
TGGAGCT,0.374602350017285
TGGAGGA,0.35916195987722
TGGAGGC,0.387087233791875
TGGAGGG,0.348774003789306
TGGAGGT,0.339720068265302
TGGAGTA,0.335243223577414
TGGAGTC,0.345082352022069
TGGAGTG,0.319377734788977
TGGAGTT,0.330638846347146
TGGATAA,0.333662427218584
TGGATAC,0.335591491098595
TGGATAG,0.33327547636862
TGGATAT,0.333500064290897
TGGATCA,0.33296788183829
TGGATCC,0.341774556124783
TGGATCG,0.340042754723934
TGGATCT,0.338105072223417
TGGATGA,0.334894834723708
TGGATGC,0.340238375598013
TGGATGG,0.333064663352411
TGGATGT,0.332117184218722
TGGATTA,0.332418123412432
TGGATTC,0.33173655669903
TGGATTG,0.332974795114222
TGGATTT,0.327213317188069
TGGCAAA,0.328818217279907
TGGCAAC,0.335446681712344
TGGCAAG,0.335763855888025
TGGCAAT,0.334943133494671
TGGCACA,0.330767032399376
TGGCACC,0.339589590987073
TGGCACG,0.335519089026689
TGGCACT,0.337609742498868
TGGCAGA,0.338658588019964
TGGCAGC,0.369123111037219
TGGCAGG,0.354429852116577
TGGCAGT,0.343718827047119
TGGCATA,0.332694769203195
TGGCATC,0.340080509100702
TGGCATG,0.334891384722231
TGGCATT,0.331487340213885
TGGCCAA,0.337730157711999
TGGCCAC,0.350592656156362
TGGCCAG,0.336876617122686
TGGCCAT,0.350636806574376
TGGCCCA,0.349287640780206
TGGCCCC,0.373587234154026
TGGCCCG,0.383554309725835
TGGCCCT,0.362046922089146
TGGCCGA,0.363623741440585
TGGCCGC,0.430059022538889
TGGCCGG,0.401631292228731
TGGCCGT,0.367668470444955
TGGCCTA,0.339469399483401
TGGCCTC,0.357115928173959
TGGCCTG,0.361610341239854
TGGCCTT,0.344918417286601
TGGCGAA,0.343424690736109
TGGCGAC,0.355092750101091
TGGCGAG,0.358306304350217
TGGCGAT,0.344405947954429
TGGCGCA,0.344966234360617
TGGCGCC,0.394106101423677
TGGCGCG,0.378226454370645
TGGCGCT,0.391299246089075
TGGCGGA,0.373988759360088
TGGCGGC,0.513552434368957
TGGCGGG,0.392759012607903
TGGCGGT,0.366037827084943
TGGCGTA,0.339823064618711
TGGCGTC,0.360447434919062
TGGCGTG,0.341952710037205
TGGCGTT,0.347449576713485
TGGCTAA,0.328519664683231
TGGCTAC,0.339452228089265
TGGCTAG,0.337850558427053
TGGCTAT,0.33407685132677
TGGCTCA,0.322156005699125
TGGCTCC,0.366188305129732
TGGCTCG,0.352502925357971
TGGCTCT,0.352092677911358
TGGCTGA,0.347647160436669
TGGCTGC,0.422347297453329
TGGCTGG,0.376751920139819
TGGCTGT,0.360968557283388
TGGCTTA,0.332826149148198
TGGCTTC,0.33745490163021
TGGCTTG,0.333797133893192
TGGCTTT,0.332698226791316
TGGGAAA,0.319230558186968
TGGGAAC,0.335915512330821
TGGGAAG,0.33117573224147
TGGGAAT,0.326865596863041
TGGGACA,0.335939637371736
TGGGACC,0.34770847158618
TGGGACG,0.350123862275313
TGGGACT,0.336043023812499
TGGGAGA,0.332169076748221
TGGGAGC,0.376794930615264
TGGGAGG,0.324267780789793
TGGGAGT,0.334311615440466
TGGGATA,0.333092313493268
TGGGATC,0.336449573473154
TGGGATG,0.334411718668264
TGGGATT,0.303680125272078
TGGGCAA,0.332874547935129
TGGGCAC,0.344354686573885
TGGGCAG,0.355180652544807
TGGGCAT,0.338792623401806
TGGGCCA,0.35147868762865
TGGGCCC,0.382877135766585
TGGGCCG,0.414607496308751
TGGGCCT,0.374211022166768
TGGGCGA,0.349175411513425
TGGGCGC,0.410681434533106
TGGGCGG,0.394138617366016
TGGGCGT,0.353187426471147
TGGGCTA,0.342004094691209
TGGGCTC,0.363623741440585
TGGGCTG,0.37648719956344
TGGGCTT,0.346065396468929
TGGGGAA,0.332656734944823
TGGGGAC,0.350898272938426
TGGGGAG,0.336639010500689
TGGGGAT,0.333772957108256
TGGGGCA,0.343722246727983
TGGGGCC,0.397589046260335
TGGGGCG,0.382765325088955
TGGGGCT,0.382706126139196
TGGGGGA,0.3364116817609
TGGGGGC,0.382591007037038
TGGGGGG,0.34527016087321
TGGGGGT,0.338091316376888
TGGGGTA,0.333614066549958
TGGGGTC,0.349287640780206
TGGGGTG,0.330035805021733
TGGGGTT,0.330372028087622
TGGGTAA,0.332203670271929
TGGGTAC,0.338517659655044
TGGGTAG,0.334970731745034
TGGGTAT,0.332836520514024
TGGGTCA,0.331812693794036
TGGGTCC,0.346403094929465
TGGGTCG,0.349953955167253
TGGGTCT,0.342439045646134
TGGGTGA,0.335663887928821
TGGGTGC,0.352326641292376
TGGGTGG,0.335887940142795
TGGGTGT,0.339998134077251
TGGGTTA,0.331947649853846
TGGGTTC,0.328179344891973
TGGGTTG,0.339819631577836
TGGGTTT,0.323270042879853
TGGTAAA,0.328790448705128
TGGTAAC,0.334756825379807
TGGTAAG,0.334083756940366
TGGTAAT,0.332888375729733
TGGTACA,0.336749211896205
TGGTACC,0.340969041420453
TGGTACG,0.33904346186648
TGGTACT,0.338967873336295
TGGTAGA,0.331577342220471
TGGTAGC,0.33898505304942
TGGTAGG,0.334332327275276
TGGTAGT,0.337179569761648
TGGTATA,0.335439785504202
TGGTATC,0.33374877973879
TGGTATG,0.333527702395643
TGGTATT,0.333161435500776
TGGTCAA,0.335015577277451
TGGTCAC,0.337575335488858
TGGTCAG,0.331393868017187
TGGTCAT,0.33710728258283
TGGTCCA,0.339273628108959
TGGTCCC,0.352194407846512
TGGTCCG,0.346952037898756
TGGTCCT,0.345454520708306
TGGTCGA,0.339438490761656
TGGTCGC,0.351363310367132
TGGTCGG,0.356960703923507
TGGTCGT,0.344774952344184
TGGTCTA,0.336239428607294
TGGTCTC,0.324909156259091
TGGTCTG,0.344132523554977
TGGTCTT,0.33567422990529
TGGTGAA,0.33535702729678
TGGTGAC,0.34224385483768
TGGTGAG,0.336122279512385
TGGTGAT,0.337964065825327
TGGTGCA,0.345884561525183
TGGTGCC,0.355207697896128
TGGTGCG,0.353316141662426
TGGTGCT,0.371750109467287
TGGTGGA,0.349899578795096
TGGTGGC,0.377991864564243
TGGTGGG,0.348018375981511
TGGTGGT,0.353350011327746
TGGTGTA,0.334563580294498
TGGTGTC,0.347166759668255
TGGTGTG,0.342158232812825
TGGTGTT,0.339853961456239
TGGTTAA,0.331605033515995
TGGTTAC,0.33365897296267
TGGTTAG,0.331421564393745
TGGTTAT,0.33192688856854
TGGTTCA,0.33451526318766
TGGTTCC,0.343304959323627
TGGTTCG,0.342315771673494
TGGTTCT,0.339318281094557
TGGTTGA,0.335360475692166
TGGTTGC,0.343797476748509
TGGTTGG,0.337926231457432
TGGTTGT,0.336559795745721
TGGTTTA,0.330281917530051
TGGTTTC,0.330846707339979
TGGTTTG,0.330784353578654
TGGTTTT,0.323364277485199
TGTAAAA,0.320218328659873
TGTAAAC,0.328325210413055
TGTAAAG,0.329484431851349
TGTAAAT,0.32441073159888
TGTAACA,0.332943684996149
TGTAACC,0.334922434307046
TGTAACG,0.336384123250146
TGTAACT,0.332974795114222
TGTAAGA,0.331650030235829
TGTAAGC,0.333244375603515
TGTAAGG,0.330929839640887
TGTAAGT,0.332068748761533
TGTAATA,0.331148029055321
TGTAATC,0.310522714023248
TGTAATG,0.330988720839595
TGTAATT,0.326131510027182
TGTACAA,0.334183882978992
TGTACAC,0.332808863299452
TGTACAG,0.334059587084145
TGTACAT,0.333807495193519
TGTACCA,0.335557014575268
TGTACCC,0.338080999367812
TGTACCG,0.342538338629388
TGTACCT,0.336893832800277
TGTACGA,0.339225538048357
TGTACGC,0.341215906366909
TGTACGG,0.339623928763514
TGTACGT,0.337155474615975
TGTACTA,0.335536328090715
TGTACTC,0.335984439475081
TGTACTG,0.338256374047812
TGTACTT,0.330559154842848
TGTAGAA,0.330424011254399
TGTAGAC,0.336074037660535
TGTAGAG,0.332463083561579
TGTAGAT,0.333358407013729
TGTAGCA,0.335019026850491
TGTAGCC,0.340348181073207
TGTAGCG,0.341654626964395
TGTAGCT,0.338455782391315
TGTAGGA,0.331193046343093
TGTAGGC,0.337719836976154
TGTAGGG,0.336056807863707
TGTAGGT,0.336039577770009
TGTAGTA,0.335022476411632
TGTAGTC,0.329834710406436
TGTAGTG,0.333358407013729
TGTAGTT,0.330881346638571
TGTATAA,0.333396414594392
TGTATAC,0.33381785638649
TGTATAG,0.334073398502089
TGTATAT,0.328616877640483
TGTATCA,0.333790226299997
TGTATCC,0.335629413901437
TGTATCG,0.338136022186277
TGTATCT,0.332881461856332
TGTATGA,0.333766049348056
TGTATGC,0.335884493565838
TGTATGG,0.333458605701477
TGTATGT,0.328804333088904
TGTATTA,0.330448269140822
TGTATTC,0.332694769203195
TGTATTG,0.332518416354945
TGTATTT,0.303754869553685
TGTCAAA,0.332290148845945
TGTCAAC,0.33479132950144
TGTCAAG,0.33571904390076
TGTCAAT,0.334453137762607
TGTCACA,0.330649240422998
TGTCACC,0.333541521161573
TGTCACG,0.335557014575268
TGTCACT,0.329168729232517
TGTCAGA,0.331746939371518
TGTCAGC,0.343387062408327
TGTCAGG,0.333890381731526
TGTCAGT,0.337069415784578
TGTCATA,0.334767176741304
TGTCATC,0.332290148845945
TGTCATG,0.335550119127965
TGTCATT,0.332016851025365
TGTCCAA,0.333292754153515
TGTCCAC,0.333810948936438
TGTCCAG,0.336728550059582
TGTCCAT,0.3343668460467
TGTCCCA,0.335281159589586
TGTCCCC,0.34335627454151
TGTCCCG,0.357901802847541
TGTCCCT,0.342411652743237
TGTCCGA,0.343855605161016
TGTCCGC,0.358949798623925
TGTCCGG,0.356906707231499
TGTCCGT,0.342264403032819
TGTCCTA,0.336229092474475
TGTCCTC,0.348151162756353
TGTCCTG,0.341832802242044
TGTCCTT,0.335077667771619
TGTCGAA,0.336804308040167
TGTCGAC,0.338359521258991
TGTCGAG,0.33905033326773
TGTCGAT,0.338335454527996
TGTCGCA,0.339105302778018
TGTCGCC,0.357692746279111
TGTCGCG,0.354050855878036
TGTCGCT,0.3512105846964
TGTCGGA,0.34738824968829
TGTCGGC,0.359192264953544
TGTCGGG,0.356869582814371
TGTCGGT,0.345420382562297
TGTCGTA,0.337850558427053
TGTCGTC,0.343537567224854
TGTCGTG,0.342034924216276
TGTCGTT,0.338607031165938
TGTCTAA,0.33325128696824
TGTCTAC,0.336132616749291
TGTCTAG,0.335246672365262
TGTCTAT,0.333247831291848
TGTCTCA,0.32794661060387
TGTCTCC,0.349607255125835
TGTCTCG,0.343475999810474
TGTCTCT,0.333054294352481
TGTCTGA,0.335781090733051
TGTCTGC,0.342555457112843
TGTCTGG,0.344006039481423
TGTCTGT,0.337699195184905
TGTCTTA,0.330874418874842
TGTCTTC,0.339476267958497
TGTCTTG,0.330410149340809
TGTCTTT,0.332615241376686
TGTGAAA,0.322397078201807
TGTGAAC,0.332985164938508
TGTGAAG,0.335439785504202
TGTGAAT,0.329421993086484
TGTGACA,0.33374877973879
TGTGACC,0.343010701235981
TGTGACG,0.343455476496641
TGTGACT,0.330337371141793
TGTGAGA,0.333119962869616
TGTGAGC,0.349750028523921
TGTGAGG,0.348566433212111
TGTGAGT,0.333061207031047
TGTGATA,0.33374877973879
TGTGATC,0.332843434698149
TGTGATG,0.328481471292857
TGTGATT,0.327536588616138
TGTGCAA,0.330285383470877
TGTGCAC,0.336907605128959
TGTGCAG,0.342699240805726
TGTGCAT,0.331026818591377
TGTGCCA,0.333890381731526
TGTGCCC,0.351132515900678
TGTGCCG,0.35400008654465
TGTGCCT,0.341634066235509
TGTGCGA,0.340310436801066
TGTGCGC,0.362926221677899
TGTGCGG,0.360827376754317
TGTGCGT,0.339586157144579
TGTGCTA,0.335605281375116
TGTGCTC,0.34517796820839
TGTGCTG,0.353763128902273
TGTGCTT,0.336928263266345
TGTGGAA,0.335460473985957
TGTGGAC,0.345297475586147
TGTGGAG,0.356899957439988
TGTGGAT,0.333123418987907
TGTGGCA,0.34319889952812
TGTGGCC,0.358528710452781
TGTGGCG,0.360450797869357
TGTGGCT,0.355048795981498
TGTGGGA,0.344388861119549
TGTGGGC,0.35834674550276
TGTGGGG,0.351750111038967
TGTGGGT,0.339359497465461
TGTGGTA,0.332960968514565
TGTGGTC,0.344122268685522
TGTGGTG,0.337681993366712
TGTGGTT,0.336886946564806
TGTGTAA,0.327407987769821
TGTGTAC,0.333420600484519
TGTGTAG,0.33558804349975
TGTGTAT,0.326277674540974
TGTGTCA,0.334667109091463
TGTGTCC,0.337850558427053
TGTGTCG,0.342432197490756
TGTGTCT,0.334767176741304
TGTGTGA,0.331407716301352
TGTGTGC,0.336800864620101
TGTGTGG,0.336494352736624
TGTGTGT,0.288072068740105
TGTGTTA,0.329203426702877
TGTGTTC,0.333883474782422
TGTGTTG,0.331276149858224
TGTGTTT,0.320379361821916
TGTTAAA,0.32595747679339
TGTTAAC,0.331376557392292
TGTTAAG,0.330001136421278
TGTTAAT,0.329175668822903
TGTTACA,0.330812066841465
TGTTACC,0.336924820273083
TGTTACG,0.338734199931303
TGTTACT,0.334049228395502
TGTTAGA,0.332155239003652
TGTTAGC,0.330545294802494
TGTTAGG,0.32977922891256
TGTTAGT,0.333168347438752
TGTTATA,0.333462060649579
TGTTATC,0.332701684367481
TGTTATG,0.333790226299997
TGTTATT,0.327289799436238
TGTTCAA,0.331625801484433
TGTTCAC,0.331182657918092
TGTTCAG,0.33141464037152
TGTTCAT,0.333634792837177
TGTTCCA,0.335563909975025
TGTTCCC,0.340286416977023
TGTTCCG,0.347643754151474
TGTTCCT,0.338991924852032
TGTTCGA,0.340804430926147
TGTTCGC,0.347415506608255
TGTTCGG,0.342456165829404
TGTTCGT,0.341562100355118
TGTTCTA,0.332300525772287
TGTTCTC,0.342041775092773
TGTTCTG,0.332826149148198
TGTTCTT,0.331047598571511
TGTTGAA,0.327710347272719
TGTTGAC,0.333282387518401
TGTTGAG,0.333828217472109
TGTTGAT,0.33223480342011
TGTTGCA,0.33613606247118
TGTTGCC,0.334477298108751
TGTTGCG,0.34528381832294
TGTTGCT,0.350918644070001
TGTTGGA,0.337131378889712
TGTTGGC,0.3381463386277
TGTTGGG,0.336893832800277
TGTTGGT,0.335681124496851
TGTTGTA,0.332929857966334
TGTTGTC,0.337699195184905
TGTTGTG,0.33741704799314
TGTTGTT,0.332065288996248
TGTTTAA,0.325511813651482
TGTTTAC,0.328894576884837
TGTTTAG,0.327957032700582
TGTTTAT,0.324463025570102
TGTTTCA,0.328082089389493
TGTTTCC,0.330025404567797
TGTTTCG,0.341305037067193
TGTTTCT,0.328814746250229
TGTTTGA,0.325748596925365
TGTTTGC,0.336773316832709
TGTTTGG,0.332473458693555
TGTTTGT,0.324630347903472
TGTTTTA,0.321575795968606
TGTTTTC,0.324320082236819
TGTTTTG,0.318922117907359
TGTTTTT,0.31187221591838
TTAAAAA,0.292231932354542
TTAAAAC,0.323542251959233
TTAAAAG,0.31866968689753
TTAAAAT,0.311155298993364
TTAAACA,0.326364667085751
TTAAACC,0.330891738194176
TTAAACG,0.334715418862281
TTAAACT,0.327752044858103
TTAAAGA,0.323674839800952
TTAAAGC,0.329959532514148
TTAAAGG,0.329005634993452
TTAAAGT,0.327654747787442
TTAAATA,0.322742863356983
TTAAATC,0.330340836890426
TTAAATG,0.323852759016319
TTAAATT,0.321960309921121
TTAACAA,0.328967460159777
TTAACAC,0.331819615060688
TTAACAG,0.329966466618871
TTAACAT,0.329442806441287
TTAACCA,0.330077405755816
TTAACCC,0.335508745445623
TTAACCG,0.337207106360099
TTAACCT,0.33029578122128
TTAACGA,0.33491208455256
TTAACGC,0.335860367194523
TTAACGG,0.337695754844939
TTAACGT,0.334918984400786
TTAACTA,0.332788119886532
TTAACTC,0.33161887887621
TTAACTG,0.329654384295539
TTAACTT,0.327807638934127
TTAAGAA,0.324553661975954
TTAAGAC,0.332027230788071
TTAAGAG,0.328266172169979
TTAAGAT,0.33223480342011
TTAAGCA,0.331269224829068
TTAAGCC,0.333019730242854
TTAAGCG,0.337217432389031
TTAAGCT,0.331781547501274
TTAAGGA,0.330500248344602
TTAAGGC,0.332425040490028
TTAAGGG,0.331092620380516
TTAAGGT,0.331418102388626
TTAAGTA,0.330035805021733
TTAAGTC,0.331670797269806
TTAAGTG,0.327894498490947
TTAAGTT,0.327790266117376
TTAATAA,0.324647775703249
TTAATAC,0.331958030334865
TTAATAG,0.33000460333541
TTAATAT,0.326347269182202
TTAATCA,0.330822459117016
TTAATCC,0.33192688856854
TTAATCG,0.3364116817609
TTAATCT,0.331445798093997
TTAATGA,0.32947402566127
TTAATGC,0.331075304540006
TTAATGG,0.331677719518629
TTAATGT,0.328432859413455
TTAATTA,0.32774509538128
TTAATTC,0.328318264918305
TTAATTG,0.328172398384038
TTAATTT,0.318848498778262
TTACAAA,0.326347269182202
TTACAAC,0.333589885338584
TTACAAG,0.330496783148406
TTACAAT,0.331743478492666
TTACACA,0.328984812537562
TTACACC,0.333313487101347
TTACACG,0.336380678382901
TTACACT,0.330801674457913
TTACAGA,0.325626730183698
TTACAGC,0.335415648401179
TTACAGG,0.301991552169641
TTACAGT,0.330441338376175
TTACATA,0.331199971899805
TTACATC,0.334304711400199
TTACATG,0.331407716301352
TTACATT,0.327328038366858
TTACCAA,0.33077396090709
TTACCAC,0.333386049033838
TTACCAG,0.334059587084145
TTACCAT,0.332525332738843
TTACCCA,0.331134177174441
TTACCCC,0.333330764229518
TTACCCG,0.339816198525175
TTACCCT,0.333600248786487
TTACCGA,0.338493596729668
TTACCGC,0.343770121032229
TTACCGG,0.338046608568801
TTACCGT,0.335808665867265
TTACCTA,0.334208049831222
TTACCTC,0.333016273766183
TTACCTG,0.333413690289886
TTACCTT,0.329654384295539
TTACGAA,0.336649342397432
TTACGAC,0.336931706247752
TTACGAG,0.336979906742816
TTACGAT,0.337103840205877
TTACGCA,0.337540927294965
TTACGCC,0.337086628143357
TTACGCG,0.337633826701508
TTACGCT,0.33788495596893
TTACGGA,0.33558804349975
TTACGGC,0.33907781840058
TTACGGG,0.335736279518124
TTACGGT,0.33704531798455
TTACGTA,0.335484610007057
TTACGTC,0.338005338048727
TTACGTG,0.336435794834821
TTACGTT,0.33491208455256
TTACTAA,0.329397710291691
TTACTAC,0.334211502191008
TTACTAG,0.335139754410796
TTACTAT,0.332881461856332
TTACTCA,0.332414664855692
TTACTCC,0.332421581957211
TTACTCG,0.336477130180281
TTACTCT,0.331026818591377
TTACTGA,0.330933303336785
TTACTGC,0.332898746450207
TTACTGG,0.331244986849364
TTACTGT,0.327498357659577
TTACTTA,0.330125937758369
TTACTTC,0.332456166747127
TTACTTG,0.3298381778976
TTACTTT,0.32611062763824
TTAGAAA,0.324874309465426
TTAGAAC,0.33220021097341
TTAGAAG,0.32968906491928
TTAGAAT,0.328904989106485
TTAGACA,0.33404232254346
TTAGACC,0.333396414594392
TTAGACG,0.336666561988122
TTAGACT,0.33327547636862
TTAGAGA,0.327442746386209
TTAGAGC,0.333538066487993
TTAGAGG,0.329883254188623
TTAGAGT,0.331947649853846
TTAGATA,0.3336831525035
TTAGATC,0.335084566477444
TTAGATG,0.333161435500776
TTAGATT,0.331532342229723
TTAGCAA,0.330753175239933
TTAGCAC,0.333790226299997
TTAGCAG,0.332224425811746
TTAGCAT,0.332297066808804
TTAGCCA,0.328877222941165
TTAGCCC,0.331265762296507
TTAGCCG,0.332400830509115
TTAGCCT,0.333092313493268
TTAGCGA,0.338713579067922
TTAGCGC,0.339228973129382
TTAGCGG,0.341568954471628
TTAGCGT,0.338321701850227
TTAGCTA,0.332601409804694
TTAGCTC,0.334211502191008
TTAGCTG,0.32882515930312
TTAGCTT,0.332110265011325
TTAGGAA,0.328359937163223
TTAGGAC,0.33526736484258
TTAGGAG,0.32957808268938
TTAGGAT,0.331376557392292
TTAGGCA,0.332781205319938
TTAGGCC,0.335474266069347
TTAGGCG,0.337341336420034
TTAGGCT,0.337399841320774
TTAGGGA,0.328050826683408
TTAGGGC,0.335412200196045
TTAGGGG,0.334901734690956
TTAGGGT,0.331352322014004
TTAGGTA,0.333430965686936
TTAGGTC,0.335594938685554
TTAGGTG,0.336721662685838
TTAGGTT,0.331241524232876
TTAGTAA,0.330562619822921
TTAGTAC,0.335263916126095
TTAGTAG,0.318119025990872
TTAGTAT,0.33357261268674
TTAGTCA,0.334860334173309
TTAGTCC,0.335050072472386
TTAGTCG,0.337626945559942
TTAGTCT,0.332629072757368
TTAGTGA,0.333285843075379
TTAGTGC,0.338084438382665
TTAGTGG,0.331705408034754
TTAGTGT,0.333410235174664
TTAGTTA,0.33224518092078
TTAGTTC,0.334011245619086
TTAGTTG,0.33181615443335
TTAGTTT,0.324626862307069
TTATAAA,0.326583854740191
TTATAAC,0.333144155446817
TTATAAG,0.333147611481497
TTATAAT,0.330493317940202
TTATACA,0.333330764229518
TTATACC,0.334822382193036
TTATACG,0.336766429767284
TTATACT,0.332210588833067
TTATAGA,0.332850348834469
TTATAGC,0.335525984687962
TTATAGG,0.332248640063738
TTATAGT,0.332729344546441
TTATATA,0.328300900970379
TTATATC,0.334722320067598
TTATATG,0.331715791030651
TTATATT,0.326211555145294
TTATCAA,0.332833063404033
TTATCAC,0.333434420730534
TTATCAG,0.331158417840064
TTATCAT,0.333548430472929
TTATCCA,0.332909117063131
TTATCCC,0.333821310093624
TTATCCG,0.338280442682069
TTATCCT,0.33213448202776
TTATCGA,0.337482430648105
TTATCGC,0.337520281810332
TTATCGG,0.338091316376888
TTATCGT,0.33728282809627
TTATCTA,0.33201339108052
TTATCTC,0.330711602609444
TTATCTG,0.329564209044559
TTATCTT,0.331459645659043
TTATGAA,0.3298381778976
TTATGAC,0.335153550918255
TTATGAG,0.333016273766183
TTATGAT,0.333278931949481
TTATGCA,0.331376557392292
TTATGCC,0.335929298139754
TTATGCG,0.337509958908174
TTATGCT,0.332919487568506
TTATGGA,0.332310902590949
TTATGGC,0.337929671004573
TTATGGG,0.331431950337193
TTATGGT,0.334867234378612
TTATGTA,0.330243791388099
TTATGTC,0.335843133715772
TTATGTG,0.331868062585992
TTATGTT,0.330108605170698
TTATTAA,0.325069435871632
TTATTAC,0.331525418974486
TTATTAG,0.331241524232876
TTATTAT,0.322927931534388
TTATTCA,0.328422442274701
TTATTCC,0.331933809044868
TTATTCG,0.336952363887265
TTATTCT,0.325814746937637
TTATTGA,0.327901446929578
TTATTGC,0.332072208514849
TTATTGG,0.332317820410236
TTATTGT,0.329279756900154
TTATTTA,0.315192283224869
TTATTTC,0.325191370543728
TTATTTG,0.321320536885632
TTATTTT,0.300739313086349
TTCAAAA,0.321663198486959
TTCAAAC,0.33068735111017
TTCAAAG,0.325536190989129
TTCAAAT,0.327595669946989
TTCAACA,0.331435412294371
TTCAACC,0.333227096982719
TTCAACG,0.337014334245497
TTCAACT,0.333265109554391
TTCAAGA,0.327904921130788
TTCAAGC,0.3241631696887
TTCAAGG,0.330825923184867
TTCAAGT,0.328297428144613
TTCAATA,0.331899206184288
TTCAATC,0.333828217472109
TTCAATG,0.333043925245033
TTCAATT,0.32987631950687
TTCACAA,0.329754954791007
TTCACAC,0.330177933718942
TTCACAG,0.329591956141725
TTCACAT,0.329366488689073
TTCACCA,0.32610366674502
TTCACCC,0.334929334083861
TTCACCG,0.334674010630183
TTCACCT,0.333534611802478
TTCACGA,0.336163627818873
TTCACGC,0.338758257067828
TTCACGG,0.336039577770009
TTCACGT,0.335070769018201
TTCACTA,0.33462224792873
TTCACTC,0.331407716301352
TTCACTG,0.327310657216024
TTCACTT,0.325870448817339
TTCAGAA,0.324198041271688
TTCAGAC,0.331771165188108
TTCAGAG,0.331940729473303
TTCAGAT,0.330562619822921
TTCAGCA,0.333113050597199
TTCAGCC,0.340337887322089
TTCAGCG,0.341469565183875
TTCAGCT,0.341452428101341
TTCAGGA,0.326489923056785
TTCAGGC,0.333379138600443
TTCAGGG,0.33411828429305
TTCAGGT,0.334256381783643
TTCAGTA,0.331258837195417
TTCAGTC,0.331418102388626
TTCAGTG,0.329775761216985
TTCAGTT,0.330226460843034
TTCATAA,0.32987285214796
TTCATAC,0.333520792941069
TTCATAG,0.332964425182402
TTCATAT,0.332044530153163
TTCATCA,0.33225901742082
TTCATCC,0.331438874239565
TTCATCG,0.338981617130407
TTCATCT,0.331653491438108
TTCATGA,0.333759141540138
TTCATGC,0.334125189620533
TTCATGG,0.333510428669692
TTCATGT,0.332864176963695
TTCATTA,0.330011537127616
TTCATTC,0.321970794594425
TTCATTG,0.332179454930989
TTCATTT,0.318971194315943
TTCCAAA,0.322781276550118
TTCCAAC,0.333921462412147
TTCCAAG,0.330222994697979
TTCCAAT,0.33145272190049
TTCCACA,0.33136963305843
TTCCACC,0.333745325781147
TTCCACG,0.335918958800871
TTCCACT,0.329595424474737
TTCCAGA,0.328950107480882
TTCCAGC,0.341983541146452
TTCCAGG,0.337558131539902
TTCCAGT,0.333627884122501
TTCCATA,0.333230552730762
TTCCATC,0.332421581957211
TTCCATG,0.331244986849364
TTCCATT,0.326190674427836
TTCCCAA,0.324930063752442
TTCCCAC,0.332705141931692
TTCCCAG,0.331258837195417
TTCCCAT,0.33016060203248
TTCCCCA,0.333648610123338
TTCCCCC,0.335491505906089
TTCCCCG,0.361277740239708
TTCCCCT,0.335994778136963
TTCCCGA,0.342271252337371
TTCCCGC,0.358484907101942
TTCCCGG,0.371819935380066
TTCCCGT,0.340355043515085
TTCCCTA,0.331220748282165
TTCCCTC,0.331729634857483
TTCCCTG,0.341198764936814
TTCCCTT,0.330964476060004
TTCCGAA,0.336177410207781
TTCCGAC,0.33963422986653
TTCCGAG,0.348127330530996
TTCCGAT,0.335498401757567
TTCCGCA,0.344928663994947
TTCCGCC,0.353173876539828
TTCCGCG,0.353702187860506
TTCCGCT,0.350847343293865
TTCCGGA,0.345355516873993
TTCCGGC,0.365382147374713
TTCCGGG,0.358407404165202
TTCCGGT,0.351889186988845
TTCCGTA,0.336911048181493
TTCCGTC,0.340049619262095
TTCCGTG,0.339129350988635
TTCCGTT,0.338823552092625
TTCCTAA,0.327192457377865
TTCCTAC,0.33136963305843
TTCCTAG,0.328537024833004
TTCCTAT,0.329494837933139
TTCCTCA,0.334539422032897
TTCCTCC,0.340385923920772
TTCCTCG,0.344874013670451
TTCCTCT,0.33274663176978
TTCCTGA,0.332929857966334
TTCCTGC,0.366415651222437
TTCCTGG,0.345993748798976
TTCCTGT,0.341027334473352
TTCCTTA,0.328790448705128
TTCCTTC,0.325058983636457
TTCCTTG,0.330313110565037
TTCCTTT,0.320291847016031
TTCGAAA,0.33534668203927
TTCGAAC,0.336353119017716
TTCGAAG,0.335812112705578
TTCGAAT,0.335343233596317
TTCGACA,0.340348181073207
TTCGACC,0.338727326357423
TTCGACG,0.340396217177427
TTCGACT,0.339678866753446
TTCGAGA,0.327522686619227
TTCGAGC,0.340890168939787
TTCGAGG,0.341949284299723
TTCGAGT,0.337737038143387
TTCGATA,0.337379192923117
TTCGATC,0.338132583348818
TTCGATG,0.337255293582889
TTCGATT,0.335632861357657
TTCGCAA,0.338184164669053
TTCGCAC,0.340320730834754
TTCGCAG,0.340485420963874
TTCGCAT,0.335884493565838
TTCGCCA,0.337833359212408
TTCGCCC,0.350585863611346
TTCGCCG,0.361032418118238
TTCGCCT,0.348297548252754
TTCGCGA,0.341058194125718
TTCGCGC,0.353556591448276
TTCGCGG,0.360275909455985
TTCGCGT,0.342435621574307
TTCGCTA,0.337275944539001
TTCGCTC,0.343438373413353
TTCGCTG,0.345881149230769
TTCGCTT,0.340090805501534
TTCGGAA,0.334549775645047
TTCGGAC,0.339383539564001
TTCGGAG,0.343917149209231
TTCGGAT,0.336546018626028
TTCGGCA,0.342863539715354
TTCGGCC,0.355102893085103
TTCGGCG,0.354862814864435
TTCGGCT,0.350317521171336
TTCGGGA,0.344320510860282
TTCGGGC,0.357166539568331
TTCGGGG,0.35302142715991
TTCGGGT,0.339740668384661
TTCGGTA,0.337131378889712
TTCGGTC,0.338627654226522
TTCGGTG,0.341397587463621
TTCGGTT,0.338720452736296
TTCGTAA,0.336222201659908
TTCGTAC,0.338679210017327
TTCGTAG,0.336807751448376
TTCGTAT,0.335877600376287
TTCGTCA,0.339593024817777
TTCGTCC,0.344836439839791
TTCGTCG,0.343599130848922
TTCGTCT,0.341860211005709
TTCGTGA,0.336759542654427
TTCGTGC,0.347984325250151
TTCGTGG,0.341969838548584
TTCGTGT,0.337743918527434
TTCGTTA,0.336535685661694
TTCGTTC,0.334736122335356
TTCGTTG,0.341113053378633
TTCGTTT,0.332978251734266
TTCTAAA,0.324696571926855
TTCTAAC,0.331158417840064
TTCTAAG,0.328262699223604
TTCTAAT,0.327866704253607
TTCTACA,0.335284608246604
TTCTACC,0.337396399950773
TTCTACG,0.337795519898894
TTCTACT,0.331054525135599
TTCTAGA,0.32917219903373
TTCTAGC,0.3314769548457
TTCTAGG,0.333475880322619
TTCTAGT,0.332684396367103
TTCTATA,0.333075032244826
TTCTATC,0.334346134926832
TTCTATG,0.332995534655262
TTCTATT,0.326556024050117
TTCTCAA,0.326180233905603
TTCTCAC,0.328415497455244
TTCTCAG,0.336184301331003
TTCTCAT,0.327321085942777
TTCTCCA,0.330586874347268
TTCTCCC,0.338988488956629
TTCTCCG,0.350011726823089
TTCTCCT,0.331463107520343
TTCTCGA,0.336511574996357
TTCTCGC,0.343640171159467
TTCTCGG,0.355832917697445
TTCTCGT,0.338063804116148
TTCTCTA,0.332781205319938
TTCTCTC,0.347316696738415
TTCTCTG,0.339943213624907
TTCTCTT,0.33118958354675
TTCTGAA,0.323688795393292
TTCTGAC,0.33145272190049
TTCTGAG,0.329886721511466
TTCTGAT,0.329460150572714
TTCTGCA,0.337589098434923
TTCTGCC,0.341846506717781
TTCTGCG,0.351023888306068
TTCTGCT,0.343318643639205
TTCTGGA,0.326636035196525
TTCTGGC,0.345963041083195
TTCTGGG,0.335836240241113
TTCTGGT,0.33224518092078
TTCTGTA,0.330323508027146
TTCTGTC,0.336707887796039
TTCTGTG,0.327897972716298
TTCTGTT,0.326827340244724
TTCTTAA,0.327519211089801
TTCTTAC,0.331006038179426
TTCTTAG,0.329078510174858
TTCTTAT,0.331667336127426
TTCTTCA,0.330268053646617
TTCTTCC,0.328405080135626
TTCTTCG,0.343140732928709
TTCTTCT,0.333057750697737
TTCTTGA,0.328738380548987
TTCTTGC,0.33386275364887
TTCTTGG,0.333918009050893
TTCTTGT,0.330444803764503
TTCTTTA,0.323807410065466
TTCTTTC,0.321390477361479
TTCTTTG,0.32362599369398
TTCTTTT,0.306172146159309
TTGAAAA,0.32324211980984
TTGAAAC,0.328009141554903
TTGAAAG,0.325974881479773
TTGAAAT,0.322159499918571
TTGAACA,0.332390454623581
TTGAACC,0.323092019948644
TTGAACG,0.336663118093705
TTGAACT,0.326281154388069
TTGAAGA,0.329699468871871
TTGAAGC,0.334204597459518
TTGAAGG,0.332096426452905
TTGAAGT,0.328231442163449
TTGAATA,0.331002574735451
TTGAATC,0.331913047472203
TTGAATG,0.328453693365417
TTGAATT,0.326740387941502
TTGACAA,0.333479335211039
TTGACAC,0.334522165774427
TTGACAG,0.33142502638688
TTGACAT,0.332957511834779
TTGACCA,0.33245270832196
TTGACCC,0.337103840205877
TTGACCG,0.339201492150783
TTGACCT,0.33247000032819
TTGACGA,0.339297672272042
TTGACGC,0.338428280156169
TTGACGG,0.338283881011102
TTGACGT,0.336273881611789
TTGACTA,0.33423221609943
TTGACTC,0.335215632846428
TTGACTG,0.331857681171018
TTGACTT,0.330164068393803
TTGAGAA,0.325839116891785
TTGAGAC,0.319857660338971
TTGAGAG,0.328227969096455
TTGAGAT,0.327268941221395
TTGAGCA,0.333797133893192
TTGAGCC,0.329976867685803
TTGAGCG,0.343164684291158
TTGAGCT,0.33054182976239
TTGAGGA,0.332307443663359
TTGAGGC,0.338101633279525
TTGAGGG,0.334539422032897
TTGAGGT,0.330406683832388
TTGAGTA,0.332117184218722
TTGAGTC,0.334332327275276
TTGAGTG,0.331161880744329
TTGAGTT,0.327084674759377
TTGATAA,0.33113071417424
TTGATAC,0.334805130816751
TTGATAG,0.333475880322619
TTGATAT,0.333396414594392
TTGATCA,0.334094115271346
TTGATCC,0.33659079357106
TTGATCG,0.338187603329137
TTGATCT,0.333462060649579
TTGATGA,0.332974795114222
TTGATGC,0.333904195486618
TTGATGG,0.331940729473303
TTGATGT,0.331151491995561
TTGATTA,0.331563496285151
TTGATTC,0.330358165453423
TTGATTG,0.333316942550861
TTGATTT,0.324815067129237
TTGCAAA,0.327553965840503
TTGCAAC,0.335980993230701
TTGCAAG,0.333109594443074
TTGCAAT,0.332960968514565
TTGCACA,0.328734909242182
TTGCACC,0.334353038681116
TTGCACG,0.338472970904193
TTGCACT,0.329224244607228
TTGCAGA,0.334097568024497
TTGCAGC,0.349617453901734
TTGCAGG,0.346184797845835
TTGCAGT,0.321365998751356
TTGCATA,0.331359246467735
TTGCATC,0.336728550059582
TTGCATG,0.333209818063367
TTGCATT,0.325825191276423
TTGCCAA,0.335608728914533
TTGCCAC,0.33665623026929
TTGCCAG,0.333527702395643
TTGCCAT,0.336917934250997
TTGCCCA,0.325786894834231
TTGCCCC,0.334701616308763
TTGCCCG,0.351125727021705
TTGCCCT,0.333075032244826
TTGCCGA,0.342589693200652
TTGCCGC,0.355937646030304
TTGCCGG,0.348488157709425
TTGCCGT,0.340128558064253
TTGCCTA,0.33407685132677
TTGCCTC,0.338242620282425
TTGCCTG,0.340656944345028
TTGCCTT,0.332874547935129
TTGCGAA,0.338826988554779
TTGCGAC,0.339987836722188
TTGCGAG,0.34059176892585
TTGCGAT,0.337792079890301
TTGCGCA,0.339249583367739
TTGCGCC,0.343787218442599
TTGCGCG,0.352641896656154
TTGCGCT,0.346512225603775
TTGCGGA,0.341805392727118
TTGCGGC,0.363489640804819
TTGCGGG,0.355282068840935
TTGCGGT,0.337981262792087
TTGCGTA,0.3373344532655
TTGCGTC,0.344187214416067
TTGCGTG,0.339290802570153
TTGCGTT,0.33579143149749
TTGCTAA,0.329272818032062
TTGCTAC,0.336129171015529
TTGCTAG,0.33377986482074
TTGCTAT,0.333147611481497
TTGCTCA,0.330254189570973
TTGCTCC,0.342562304424174
TTGCTCG,0.341901322742683
TTGCTCT,0.329054219037806
TTGCTGA,0.335708702387747
TTGCTGC,0.366255176993108
TTGCTGG,0.346839546187869
TTGCTGT,0.337967505242338
TTGCTTA,0.330798210306062
TTGCTTC,0.332269394670214
TTGCTTG,0.333151067504233
TTGCTTT,0.323591102156733
TTGGAAA,0.319731570823968
TTGGAAC,0.333665881462566
TTGGAAG,0.326016651491208
TTGGAAT,0.326956015779682
TTGGACA,0.330642311051101
TTGGACC,0.336997120642313
TTGGACG,0.339531214060992
TTGGACT,0.335781090733051
TTGGAGA,0.325254074014698
TTGGAGC,0.347166759668255
TTGGAGG,0.337427371854447
TTGGAGT,0.329758422558733
TTGGATA,0.333493154645354
TTGGATC,0.334577384753384
TTGGATG,0.334705066965003
TTGGATT,0.327029040475177
TTGGCAA,0.334325423378004
TTGGCAC,0.335884493565838
TTGGCAG,0.336349674043663
TTGGCAT,0.330285383470877
TTGGCCA,0.323692284260946
TTGGCCC,0.343852185936165
TTGGCCG,0.36111643931966
TTGGCCT,0.33614639956561
TTGGCGA,0.341089052825796
TTGGCGC,0.352957052665309
TTGGCGG,0.359670290195974
TTGGCGT,0.340269259606607
TTGGCTA,0.334290903176666
TTGGCTC,0.340958754058367
TTGGCTG,0.349304644115847
TTGGCTT,0.327387132020056
TTGGGAA,0.325097307964672
TTGGGAC,0.334708517609336
TTGGGAG,0.314248841922833
TTGGGAT,0.327845858068623
TTGGGCA,0.333033556030066
TTGGGCC,0.351973979905572
TTGGGCG,0.344190632495573
TTGGGCT,0.344019714206626
TTGGGGA,0.328273118026547
TTGGGGC,0.347984325250151
TTGGGGG,0.33308194478004
TTGGGGT,0.329862449999093
TTGGGTA,0.330649240422998
TTGGGTC,0.337509958908174
TTGGGTG,0.332801948876288
TTGGGTT,0.327581768771407
TTGGTAA,0.330209129997617
TTGGTAC,0.335536328090715
TTGGTAG,0.334028510696303
TTGGTAT,0.333565703542465
TTGGTCA,0.329713340640285
TTGGTCC,0.341174766441038
TTGGTCG,0.34050600532307
TTGGTCT,0.332445791435743
TTGGTGA,0.336628678497198
TTGGTGC,0.338080999367812
TTGGTGG,0.339170575147127
TTGGTGT,0.33565699321842
TTGGTTA,0.331459645659043
TTGGTTC,0.335953422848093
TTGGTTG,0.330957548872155
TTGGTTT,0.323960890523802
TTGTAAA,0.322756831961578
TTGTAAC,0.333855846508937
TTGTAAG,0.329595424474737
TTGTAAT,0.32736279976224
TTGTACA,0.33274317434902
TTGTACC,0.338001898761837
TTGTACG,0.337351661063003
TTGTACT,0.333852392921079
TTGTAGA,0.330143270045626
TTGTAGC,0.335370820806978
TTGTAGG,0.334870684463409
TTGTAGT,0.332169076748221
TTGTATA,0.332922944379731
TTGTATC,0.332788119886532
TTGTATG,0.333824763788831
TTGTATT,0.311286006888848
TTGTCAA,0.332808863299452
TTGTCAC,0.333582976313648
TTGTCAG,0.332995534655262
TTGTCAT,0.331746939371518
TTGTCCA,0.330808602725615
TTGTCCC,0.33710728258283
TTGTCCG,0.343647011047476
TTGTCCT,0.336804308040167
TTGTCGA,0.336707887796039
TTGTCGC,0.342045200513422
TTGTCGG,0.340605490419739
TTGTCGT,0.338500471910288
TTGTCTA,0.333496609474093
TTGTCTC,0.339596458636689
TTGTCTG,0.336435794834821
TTGTCTT,0.333410235174664
TTGTGAA,0.328596047088051
TTGTGAC,0.337052203129528
TTGTGAG,0.333665881462566
TTGTGAT,0.330236859206115
TTGTGCA,0.334397911922243
TTGTGCC,0.337516840854786
TTGTGCG,0.340217785729036
TTGTGCT,0.335867260502867
TTGTGGA,0.334535970805025
TTGTGGC,0.341654626964395
TTGTGGG,0.339647964505488
TTGTGGT,0.336515019412711
TTGTGTA,0.328901518377982
TTGTGTC,0.337626945559942
TTGTGTG,0.328203657289753
TTGTGTT,0.329924861269286
TTGTTAA,0.327188980700526
TTGTTAC,0.334066492816961
TTGTTAG,0.330974866751805
TTGTTAT,0.33048985271999
TTGTTCA,0.329803502444894
TTGTTCC,0.334770627171325
TTGTTCG,0.339239278301658
TTGTTCT,0.331653491438108
TTGTTGA,0.330444803764503
TTGTTGC,0.334359942387738
TTGTTGG,0.335856920522532
TTGTTGT,0.333766049348056
TTGTTTA,0.322470436560116
TTGTTTC,0.328366882368545
TTGTTTG,0.323964378442283
TTGTTTT,0.305898718317232
TTTAAAA,0.287251041569636
TTTAAAC,0.32402715889472
TTTAAAG,0.318680206128586
TTTAAAT,0.316816576545055
TTTAACA,0.325539673417425
TTTAACC,0.332663650372127
TTTAACG,0.335050072472386
TTTAACT,0.32679603828655
TTTAAGA,0.324198041271688
TTTAAGC,0.331314236661389
TTTAAGG,0.325842598265326
TTTAAGT,0.324166656901721
TTTAATA,0.322690479351877
TTTAATC,0.328050826683408
TTTAATG,0.325769486875663
TTTAATT,0.317912011314211
TTTACAA,0.325532708548705
TTTACAC,0.33029578122128
TTTACAG,0.326326391298387
TTTACAT,0.326545587341648
TTTACCA,0.329515649771867
TTTACCC,0.333441330781917
TTTACCG,0.336232537863952
TTTACCT,0.330011537127616
TTTACGA,0.335722491047998
TTTACGC,0.336735437385891
TTTACGG,0.335594938685554
TTTACGT,0.334770627171325
TTTACTA,0.330257655607904
TTTACTC,0.330521039269622
TTTACTG,0.326816906367534
TTTACTT,0.324170144102581
TTTAGAA,0.322875557223251
TTTAGAC,0.332988621522708
TTTAGAG,0.328415497455244
TTTAGAT,0.331511572320216
TTTAGCA,0.329831242903249
TTTAGCC,0.333582976313648
TTTAGCG,0.338056925932692
TTTAGCT,0.331141103138865
TTTAGGA,0.328870281279371
TTTAGGC,0.335612176442063
TTTAGGG,0.330077405755816
TTTAGGT,0.333047381626129
TTTAGTA,0.315811372768093
TTTAGTC,0.33441862196979
TTTAGTG,0.331234598963933
TTTAGTT,0.326761257183822
TTTATAA,0.326322911608707
TTTATAC,0.332777748018711
TTTATAG,0.330164068393803
TTTATAT,0.323709728416637
TTTATCA,0.329588487796683
TTTATCC,0.332656734944823
TTTATCG,0.336611458254152
TTTATCT,0.33000460333541
TTTATGA,0.32978269659611
TTTATGC,0.331750400238391
TTTATGG,0.32976882578976
TTTATGT,0.326347269182202
TTTATTA,0.324654746738117
TTTATTC,0.324853400806348
TTTATTG,0.323015215957702
TTTATTT,0.295370123631621
TTTCAAA,0.318848498778262
TTTCAAC,0.331407716301352
TTTCAAG,0.326152391980059
TTTCAAT,0.329193017588179
TTTCACA,0.32637162616242
TTTCACC,0.318676699730529
TTTCACG,0.334432428429878
TTTCACT,0.324079472927804
TTTCAGA,0.330437872975838
TTTCAGC,0.330597268963333
TTTCAGG,0.328950107480882
TTTCAGT,0.32618719426587
TTTCATA,0.328016089196991
TTTCATC,0.326180233905603
TTTCATG,0.329415055205283
TTTCATT,0.315522981007412
TTTCCAA,0.324539718448205
TTTCCAC,0.326068861552088
TTTCCAG,0.32917219903373
TTTCCAT,0.324417704286381
TTTCCCA,0.322159499918571
TTTCCCC,0.329245062078204
TTTCCCG,0.341867063079246
TTTCCCT,0.326969925656627
TTTCCGA,0.338734199931303
TTTCCGC,0.352197798666124
TTTCCGG,0.351746718700984
TTTCCGT,0.338421404479198
TTTCCTA,0.323371257473091
TTTCCTC,0.327178550595985
TTTCCTG,0.332393913264054
TTTCCTT,0.312482779143146
TTTCGAA,0.334301259362191
TTTCGAC,0.33721054838159
TTTCGAG,0.335036274537202
TTTCGAT,0.336917934250997
TTTCGCA,0.337509958908174
TTTCGCC,0.34268897122753
TTTCGCG,0.341767703417351
TTTCGCT,0.339702901174996
TTTCGGA,0.336156736553185
TTTCGGC,0.343140732928709
TTTCGGG,0.343007279120988
TTTCGGT,0.337024662265181
TTTCGTA,0.33552253686327
TTTCGTC,0.338641402697299
TTTCGTG,0.33495693271506
TTTCGTT,0.334004339504735
TTTCTAA,0.321114183977206
TTTCTAC,0.331057988399652
TTTCTAG,0.327953558680414
TTTCTAT,0.326089744813215
TTTCTCA,0.325240140249812
TTTCTCC,0.332497666916226
TTTCTCG,0.33736542708781
TTTCTCT,0.330389356110132
TTTCTGA,0.321145664291965
TTTCTGC,0.333586430832083
TTTCTGG,0.328168925111975
TTTCTGT,0.322592688533123
TTTCTTA,0.327029040475177
TTTCTTC,0.320911287062175
TTTCTTG,0.325452609071612
TTTCTTT,0.296575330060613
TTTGAAA,0.314428445981944
TTTGAAC,0.332767376043314
TTTGAAG,0.327491406419531
TTTGAAT,0.326117588483007
TTTGACA,0.330136337166772
TTTGACC,0.331812693794036
TTTGACG,0.336742324664765
TTTGACT,0.330905593433676
TTTGAGA,0.306470345836011
TTTGAGC,0.330087805668933
TTTGAGG,0.327275894008016
TTTGAGT,0.32774509538128
TTTGATA,0.331480416647079
TTTGATC,0.334573933656527
TTTGATG,0.328731437923326
TTTGATT,0.327755519578404
TTTGCAA,0.329949131266908
TTTGCAC,0.329258940151432
TTTGCAG,0.336422016006634
TTTGCAT,0.328033458091036
TTTGCCA,0.330936767020686
TTTGCCC,0.333327308827764
TTTGCCG,0.344009458180255
TTTGCCT,0.334277094762464
TTTGCGA,0.338211673618648
TTTGCGC,0.34055746436738
TTTGCGG,0.342072603456211
TTTGCGT,0.337200222281573
TTTGCTA,0.328797390921113
TTTGCTC,0.329255470651181
TTTGCTG,0.337575335488858
TTTGCTT,0.323817875390504
TTTGGAA,0.320452868340568
TTTGGAC,0.333351496389313
TTTGGAG,0.325177435905113
TTTGGAT,0.330268053646617
TTTGGCA,0.331663874973066
TTTGGCC,0.336173964628362
TTTGGCG,0.341390732172437
TTTGGCT,0.336459907327316
TTTGGGA,0.314389710579896
TTTGGGC,0.335453577872929
TTTGGGG,0.318844992970257
TTTGGGT,0.326535150524253
TTTGGTA,0.331279612354818
TTTGGTC,0.332494208634581
TTTGGTG,0.33132462371959
TTTGGTT,0.325807783984511
TTTGTAA,0.323573655931567
TTTGTAC,0.332846891772285
TTTGTAG,0.326469048151101
TTTGTAT,0.310335335519318
TTTGTCA,0.328859868696329
TTTGTCC,0.331397330106207
TTTGTCG,0.337293153343331
TTTGTCT,0.330011537127616
TTTGTGA,0.3271855040111
TTTGTGC,0.336735437385891
TTTGTGG,0.332220966585026
TTTGTGT,0.327442746386209
TTTGTTA,0.325417781210719
TTTGTTC,0.32903339759354
TTTGTTG,0.326681256056343
TTTGTTT,0.297284861411561
TTTTAAA,0.286675559163025
TTTTAAC,0.324536232535889
TTTTAAG,0.318687218887817
TTTTAAT,0.313128229564109
TTTTACA,0.322330701716418
TTTTACC,0.329369957804169
TTTTACG,0.334439331588441
TTTTACT,0.32354923070498
TTTTAGA,0.32410737262646
TTTTAGC,0.329806970044273
TTTTAGG,0.331203434660174
TTTTAGT,0.312877858368403
TTTTATA,0.322882540623227
TTTTATC,0.32987631950687
TTTTATG,0.324996267931066
TTTTATT,0.30672942335623
TTTTCAA,0.321484889245129
TTTTCAC,0.324696571926855
TTTTCAG,0.326681256056343
TTTTCAT,0.318192698840734
TTTTCCA,0.32218395911283
TTTTCCC,0.328925813224545
TTTTCCG,0.345136990962303
TTTTCCT,0.312673283255763
TTTTCGA,0.33546737005143
TTTTCGC,0.340413372369742
TTTTCGG,0.335457025935388
TTTTCGT,0.334411718668264
TTTTCTA,0.321331028268858
TTTTCTC,0.322344676079483
TTTTCTG,0.317280176171779
TTTTCTT,0.297829210768742
TTTTGAA,0.31974207889081
TTTTGAC,0.331179195085777
TTTTGAG,0.309390837770372
TTTTGAT,0.327352371470502
TTTTGCA,0.325943552826176
TTTTGCC,0.330566084790988
TTTTGCG,0.336676893600211
TTTTGCT,0.326305512978678
TTTTGGA,0.321830989911008
TTTTGGC,0.332428499010883
TTTTGGG,0.324870824719272
TTTTGGT,0.326496881261846
TTTTGTA,0.305845444451411
TTTTGTC,0.328887635343507
TTTTGTG,0.325208788568942
TTTTGTT,0.304718925813291
TTTTTAA,0.292055498798891
TTTTTAC,0.325953995819763
TTTTTAG,0.312899018922645
TTTTTAT,0.314706592522473
TTTTTCA,0.319468833260187
TTTTTCC,0.318006752162652
TTTTTCG,0.333935275737907
TTTTTCT,0.299796423708757
TTTTTGA,0.309964010240586
TTTTTGC,0.327143782795144
TTTTTGG,0.320505369688859
TTTTTGT,0.290588815740186
TTTTTTA,0.31050150312475
TTTTTTC,0.304558907008013
TTTTTTG,0.291983476155949
TTTTTTT,0
