MOTIF,Score
AAAAAA,0.206788908263782
AAAAAC,0.437364985057864
AAAAAG,0.401171026620234
AAAAAT,0.412723304947157
AAAACA,0.440975903628363
AAAACC,0.449111269377396
AAAACG,0.427219230567472
AAAACT,0.485528439466227
AAAAGA,0.406000561211775
AAAAGC,0.428456250741272
AAAAGG,0.417775023523202
AAAAGT,0.417677984400871
AAAATA,0.443855943291564
AAAATC,0.443413016886888
AAAATG,0.438184292104533
AAAATT,0.434757428004514
AAACAA,0.431033231616078
AAACAC,0.453904098872364
AAACAG,0.433513100914973
AAACAT,0.453357179552966
AAACCA,0.445873998915014
AAACCC,0.443225502042097
AAACCG,0.429306446397928
AAACCT,0.460639635721826
AAACGA,0.424563067467633
AAACGC,0.428363611510493
AAACGG,0.426379072245247
AAACGT,0.427107924850709
AAACTA,0.526520482814066
AAACTC,0.452831329455415
AAACTG,0.444283753297522
AAACTT,0.463564502696565
AAAGAA,0.413407462752422
AAAGAC,0.428242325363287
AAAGAG,0.418443826575024
AAAGAT,0.424980618154779
AAAGCA,0.428926052153334
AAAGCC,0.429523509234545
AAAGCG,0.4241724067616
AAAGCT,0.438962929200481
AAAGGA,0.415982537211953
AAAGGC,0.42419777897374
AAAGGG,0.428062053493269
AAAGGT,0.420590162384715
AAAGTA,0.432891194666526
AAAGTC,0.430179459317918
AAAGTG,0.396858824314006
AAAGTT,0.426731754770362
AAATAA,0.461221707955303
AAATAC,0.464455244708719
AAATAG,0.425534829070551
AAATAT,0.436190754437039
AAATCA,0.4421395479425
AAATCC,0.450993613697467
AAATCG,0.427006727083593
AAATCT,0.458986138321796
AAATGA,0.435440061337064
AAATGC,0.44206644445354
AAATGG,0.430018034598535
AAATGT,0.435117207079293
AAATTA,0.463200175205425
AAATTC,0.448053162473118
AAATTG,0.438734569588721
AAATTT,0.426765497774261
AACAAA,0.512473644187892
AACAAC,0.48289213031273
AACAAG,0.44955497782824
AACAAT,0.517592399274026
AACACA,0.485385253781927
AACACC,0.471673745726059
AACACG,0.42897318849772
AACACT,0.533656333772519
AACAGA,0.446304255591542
AACAGC,0.451362414802749
AACAGG,0.434188210714663
AACAGT,0.474675926536213
AACATA,0.504956698750251
AACATC,0.499148291634763
AACATG,0.469142924569072
AACATT,0.58254522230434
AACCAA,0.484536855840667
AACCAC,0.484511376853939
AACCAG,0.457077874849497
AACCAT,0.504162226558592
AACCCA,0.483469367300282
AACCCC,0.469060448069191
AACCCG,0.426549522871856
AACCCT,0.515153678257401
AACCGA,0.430159282652981
AACCGC,0.429501636819823
AACCGG,0.428200208676854
AACCGT,0.430939150724972
AACCTA,0.48546162203159
AACCTC,0.477874334130924
AACCTG,0.466915288681933
AACCTT,0.515586016912297
AACGAA,0.430819856868733
AACGAC,0.426822858267953
AACGAG,0.426765497774261
AACGAT,0.42903883898932
AACGCA,0.42871727877384
AACGCC,0.428558986033527
AACGCG,0.426954437557832
AACGCT,0.432198428709371
AACGGA,0.425975612927471
AACGGC,0.426363882165648
AACGGG,0.42781770796674
AACGGT,0.426551210356578
AACGTA,0.430725755900053
AACGTC,0.430915629119128
AACGTG,0.428727381715104
AACGTT,0.433146038606629
AACTAA,0.670501994389288
AACTAC,0.474342974383239
AACTAG,0.438389430930301
AACTAT,0.46661540942133
AACTCA,0.486245650215849
AACTCC,0.452898719445968
AACTCG,0.428526987648008
AACTCT,0.496736482345208
AACTGA,0.463743364934195
AACTGC,0.4529726788425
AACTGG,0.438244337092483
AACTGT,0.4608385892732
AACTTA,0.483268488361066
AACTTC,0.480955475565707
AACTTG,0.458830931616299
AACTTT,0.496978711563219
AAGAAA,0.417311874871351
AAGAAC,0.432569193673251
AAGAAG,0.415690869171887
AAGAAT,0.423568358051298
AAGACA,0.425110750138356
AAGACC,0.421116271442659
AAGACG,0.424537704522095
AAGACT,0.44262123275283
AAGAGA,0.416267300522775
AAGAGC,0.427627245567238
AAGAGG,0.420211532043932
AAGAGT,0.422432028850849
AAGATA,0.430868584247577
AAGATC,0.426382447787157
AAGATG,0.422426945491876
AAGATT,0.428919318208473
AAGCAA,0.418202224154071
AAGCAC,0.437660413451981
AAGCAG,0.416240021322476
AAGCAT,0.43478755400865
AAGCCA,0.430229899199278
AAGCCC,0.434402542313324
AAGCCG,0.425798309446809
AAGCCT,0.436697028606799
AAGCGA,0.418302615346685
AAGCGC,0.425174964877033
AAGCGG,0.42419947043166
AAGCGT,0.428555617830636
AAGCTA,0.442724183545516
AAGCTC,0.424691563172804
AAGCTG,0.424284039680089
AAGCTT,0.436284342570724
AAGGAA,0.418510171953418
AAGGAC,0.42827433285869
AAGGAG,0.412156810226539
AAGGAT,0.426129250519496
AAGGCA,0.422304937123724
AAGGCC,0.426529272833076
AAGGCG,0.423502347423921
AAGGCT,0.429834718686296
AAGGGA,0.422293074405024
AAGGGC,0.429193689742198
AAGGGG,0.425335483685587
AAGGGT,0.428666762536423
AAGGTA,0.425702045819409
AAGGTC,0.425615907349853
AAGGTG,0.416591184151982
AAGGTT,0.425286485939355
AAGTAA,0.431889632612105
AAGTAC,0.440245440923757
AAGTAG,0.420172472327314
AAGTAT,0.432542355576348
AAGTCA,0.431060110245027
AAGTCC,0.435220933283019
AAGTCG,0.425406441682705
AAGTCT,0.434273613966415
AAGTGA,0.410738310634251
AAGTGC,0.408022477894583
AAGTGG,0.420428879991116
AAGTGT,0.425806753182583
AAGTTA,0.436636890636019
AAGTTC,0.428267594523741
AAGTTG,0.427453606639089
AAGTTT,0.42438720447893
AATAAA,0.452407161376711
AATAAC,0.51437190612418
AATAAG,0.437565285021831
AATAAT,0.508714462654897
AATACA,0.441253638926366
AATACC,0.464604707587074
AATACG,0.428663394696527
AATACT,0.551988093576325
AATAGA,0.431409466693339
AATAGC,0.441614413307055
AATAGG,0.429757345923203
AATAGT,0.438961262530919
AATATA,0.465087060341414
AATATC,0.463076533928894
AATATG,0.444285411119823
AATATT,0.50633343303378
AATCAA,0.450395669380284
AATCAC,0.455962627541897
AATCAG,0.440772958412768
AATCAT,0.465155253068493
AATCCA,0.460404754356343
AATCCC,0.43910791882002
AATCCG,0.427758719065919
AATCCT,0.481289428895414
AATCGA,0.428390561990067
AATCGC,0.424211310556997
AATCGG,0.426686199908935
AATCGT,0.428412458719918
AATCTA,0.473027775592952
AATCTC,0.463445785548929
AATCTG,0.455246313870394
AATCTT,0.47591186576161
AATGAA,0.434730648572234
AATGAC,0.441468124177689
AATGAG,0.428058683616189
AATGAT,0.44675417222232
AATGCA,0.436369567001109
AATGCC,0.43863120722042
AATGCG,0.426146132331984
AATGCT,0.454348968708161
AATGGA,0.428422564741215
AATGGC,0.427453606639089
AATGGG,0.42969006039311
AATGGT,0.429106168349984
AATGTA,0.447727747005997
AATGTC,0.442700937518747
AATGTG,0.431898025070902
AATGTT,0.446797168361466
AATTAA,0.521250878289734
AATTAC,0.465833679743144
AATTAG,0.41891835434388
AATTAT,0.452372628148412
AATTCA,0.44940489774731
AATTCC,0.460424329910763
AATTCG,0.430204679576621
AATTCT,0.477537634578001
AATTGA,0.431770452095401
AATTGC,0.442793918383732
AATTGG,0.431029871736661
AATTGT,0.442104658307585
AATTTA,0.464400002773688
AATTTC,0.469045892686587
AATTTG,0.43792906067535
AATTTT,0.42938048862917
ACAAAA,0.44799205190827
ACAAAC,0.455869224417338
ACAAAG,0.438087545373059
ACAAAT,0.474619638065238
ACAACA,0.447265045266747
ACAACC,0.450934329402922
ACAACG,0.429106168349984
ACAACT,0.475674118368613
ACAAGA,0.431254958701817
ACAAGC,0.434014032458939
ACAAGG,0.424326321622471
ACAAGT,0.441193774365701
ACAATA,0.46866899624465
ACAATC,0.45394022114877
ACAATG,0.448228215311271
ACAATT,0.465002624807375
ACACAA,0.452902006646414
ACACAC,0.429481446473915
ACACAG,0.436718744207482
ACACAT,0.456477007707553
ACACCA,0.441361718640352
ACACCC,0.435510305968969
ACACCG,0.428419196078797
ACACCT,0.450117165567159
ACACGA,0.426394262094111
ACACGC,0.432332658145701
ACACGG,0.423162069689063
ACACGT,0.427566559660486
ACACTA,0.493024934859912
ACACTC,0.449525293445349
ACACTG,0.459595295997702
ACACTT,0.475473274166013
ACAGAA,0.433162802378625
ACAGAC,0.434213330075261
ACAGAG,0.415279660370369
ACAGAT,0.437533573534026
ACAGCA,0.436453113313849
ACAGCC,0.440433515355087
ACAGCG,0.425053291350353
ACAGCT,0.438457801188415
ACAGGA,0.426416202579582
ACAGGC,0.393768500686596
ACAGGG,0.420158885981295
ACAGGT,0.416424141484882
ACAGTA,0.448665713388275
ACAGTC,0.440634865581173
ACAGTG,0.434228401388754
ACAGTT,0.449917715770273
ACATAA,0.463554745654359
ACATAC,0.462744579104204
ACATAG,0.441677576997711
ACATAT,0.459242585035103
ACATCA,0.446916224945774
ACATCC,0.459165821259656
ACATCG,0.426777307556638
ACATCT,0.480085714900089
ACATGA,0.440145564014932
ACATGC,0.441424898293648
ACATGG,0.426650766915253
ACATGT,0.452727770130833
ACATTA,0.487137073131306
ACATTC,0.468735327377436
ACATTG,0.456822509498422
ACATTT,0.518794914771098
ACCAAA,0.454365380783662
ACCAAC,0.453178092914706
ACCAAG,0.439844208223489
ACCAAT,0.454176625651057
ACCACA,0.435876501627657
ACCACC,0.450764691033338
ACCACG,0.41632356152331
ACCACT,0.483756267232549
ACCAGA,0.43671039210918
ACCAGC,0.429614358759773
ACCAGG,0.432174936705473
ACCAGT,0.45045992847744
ACCATA,0.458680603211629
ACCATC,0.45925075104742
ACCATG,0.423746057316102
ACCATT,0.475066642011113
ACCCAA,0.449322426575498
ACCCAC,0.458262179115287
ACCCAG,0.423290745531006
ACCCAT,0.474563346425692
ACCCCA,0.45639347987959
ACCCCC,0.456955111185444
ACCCCG,0.42321117163499
ACCCCT,0.464770390321281
ACCCGA,0.427008413796967
ACCCGC,0.429878448469642
ACCCGG,0.417301655938511
ACCCGT,0.431520294678662
ACCCTA,0.476855871739585
ACCCTC,0.458479585360417
ACCCTG,0.45533485639298
ACCCTT,0.484137079428379
ACCGAA,0.42750587007073
ACCGAC,0.42922061786035
ACCGAG,0.427234407659914
ACCGAT,0.427145028132865
ACCGCA,0.424155491595861
ACCGCC,0.427972747913511
ACCGCG,0.424393969011955
ACCGCT,0.428299601210365
ACCGGA,0.426137691461365
ACCGGC,0.42576622260063
ACCGGG,0.427080939780803
ACCGGT,0.426778994657021
ACCGTA,0.428934469520644
ACCGTC,0.426790804280006
ACCGTG,0.423058778415451
ACCGTT,0.428597719551387
ACCTAA,0.47118971896857
ACCTAC,0.463157878594293
ACCTAG,0.44295993414235
ACCTAT,0.460156764159696
ACCTCA,0.434054230133841
ACCTCC,0.452306847271416
ACCTCG,0.420865131323644
ACCTCT,0.484288408024183
ACCTGA,0.436093814635581
ACCTGC,0.451220837606349
ACCTGG,0.429713610843631
ACCTGT,0.445171952222171
ACCTTA,0.467198875509168
ACCTTC,0.465207206310906
ACCTTG,0.446656597202567
ACCTTT,0.501280289865227
ACGAAA,0.428206947465885
ACGAAC,0.426784055941092
ACGAAG,0.425597327491456
ACGAAT,0.427955896909718
ACGACA,0.425914826704028
ACGACC,0.425850659459337
ACGACG,0.426173142639188
ACGACT,0.426421265700176
ACGAGA,0.425784799321274
ACGAGC,0.426362194364783
ACGAGG,0.421592924802822
ACGAGT,0.426645704956522
ACGATA,0.427939045621965
ACGATC,0.424329704100631
ACGATG,0.425065121370717
ACGATT,0.42676043639626
ACGCAA,0.428712227264932
ACGCAC,0.428787997219323
ACGCAG,0.424607028382766
ACGCAT,0.428272648279209
ACGCCA,0.422071046134695
ACGCCC,0.421150204459627
ACGCCG,0.425487530371681
ACGCCT,0.421548831182122
ACGCGA,0.426196776059541
ACGCGC,0.42604821385218
ACGCGG,0.42575440087145
ACGCGT,0.426623769505922
ACGCTA,0.430834979412813
ACGCTC,0.426009381455085
ACGCTG,0.426984799550833
ACGCTT,0.427967692642188
ACGGAA,0.425146237740512
ACGGAC,0.425776355400125
ACGGAG,0.419390957434907
ACGGAT,0.426311559014145
ACGGCA,0.42604483718186
ACGGCC,0.42536251589724
ACGGCG,0.425727379251381
ACGGCT,0.42492653234885
ACGGGA,0.425323656863201
ACGGGC,0.42784130255279
ACGGGG,0.418697276231259
ACGGGT,0.42466282214598
ACGGTA,0.427038774151211
ACGGTC,0.425838838728311
ACGGTG,0.422726819466874
ACGGTT,0.425789865639739
ACGTAA,0.430278655332994
ACGTAC,0.429508366844538
ACGTAG,0.426718257249991
ACGTAT,0.428612875736947
ACGTCA,0.427708154381231
ACGTCC,0.427775573392655
ACGTCG,0.425653066031044
ACGTCT,0.429691742586541
ACGTGA,0.425244244575959
ACGTGC,0.425191862807145
ACGTGG,0.427632302559901
ACGTGT,0.428212001527857
ACGTTA,0.430137424139891
ACGTTC,0.429117950522041
ACGTTG,0.426294679994152
ACGTTT,0.429223983824134
ACTAAA,0.528713822521724
ACTAAC,1
ACTAAG,0.44572833163675
ACTAAT,0.803877115766508
ACTACA,0.430882025865289
ACTACC,0.457238263328345
ACTACG,0.425392926261913
ACTACT,0.530722954217824
ACTAGA,0.435797922992444
ACTAGC,0.443952133582661
ACTAGG,0.435339703302626
ACTAGT,0.445637278811407
ACTATA,0.454675518367603
ACTATC,0.446669828271694
ACTATG,0.434092751389416
ACTATT,0.46191909616636
ACTCAA,0.449597853714621
ACTCAC,0.481335758107517
ACTCAG,0.438316052769943
ACTCAT,0.475140587429985
ACTCCA,0.426859972128326
ACTCCC,0.457946610781778
ACTCCG,0.425435161345391
ACTCCT,0.456511399491282
ACTCGA,0.427871637631147
ACTCGC,0.427069133583733
ACTCGG,0.42201002209616
ACTCGT,0.428287809392373
ACTCTA,0.463888057334866
ACTCTC,0.465166618070913
ACTCTG,0.454687003097811
ACTCTT,0.476636004382438
ACTGAA,0.451370645418577
ACTGAC,0.458964900932071
ACTGAG,0.428291178497416
ACTGAT,0.449368611269654
ACTGCA,0.401356211498988
ACTGCC,0.446310873479327
ACTGCG,0.423969405886179
ACTGCT,0.456842155302333
ACTGGA,0.428378771244626
ACTGGC,0.437418402304562
ACTGGG,0.427392910193666
ACTGGT,0.433814695115159
ACTGTA,0.458773744125612
ACTGTC,0.452652148611225
ACTGTG,0.434749059508963
ACTGTT,0.456185448885847
ACTTAA,0.480381582373619
ACTTAC,0.50843930002487
ACTTAG,0.438611200366663
ACTTAT,0.466785622199355
ACTTCA,0.455444703811169
ACTTCC,0.467686456808987
ACTTCG,0.427465408297894
ACTTCT,0.489949138018364
ACTTGA,0.436965934730727
ACTTGC,0.447236945766111
ACTTGG,0.435289520508253
ACTTGT,0.443686758608432
ACTTTA,0.469408097019537
ACTTTC,0.484899860881881
ACTTTG,0.444587089019225
ACTTTT,0.473208174464371
AGAAAA,0.416250251109794
AGAAAC,0.439950775346306
AGAAAG,0.421937127391539
AGAAAT,0.430848421482233
AGAACA,0.425642931982199
AGAACC,0.432347757829846
AGAACG,0.422569269776302
AGAACT,0.459928297715685
AGAAGA,0.415390583962369
AGAAGC,0.425805064441132
AGAAGG,0.417477066463269
AGAAGT,0.424738899533982
AGAATA,0.436112200492474
AGAATC,0.422472694792399
AGAATG,0.416594592895483
AGAATT,0.431491749250788
AGACAA,0.425906383880753
AGACAC,0.430159282652981
AGACAG,0.408785441274527
AGACAT,0.430214767502007
AGACCA,0.411106834290899
AGACCC,0.425580436411527
AGACCG,0.425124269373389
AGACCT,0.434106149739185
AGACGA,0.426313246900475
AGACGC,0.425293244391915
AGACGG,0.411601984775208
AGACGT,0.423916957294724
AGACTA,0.45952672305297
AGACTC,0.424492049599001
AGACTG,0.423757902811092
AGACTT,0.438914594655371
AGAGAA,0.430061756366427
AGAGAC,0.405307867926958
AGAGAG,0.409422516360878
AGAGAT,0.411339876824517
AGAGCA,0.4254740160468
AGAGCC,0.4286280316928
AGAGCG,0.420822702778746
AGAGCT,0.429774166598352
AGAGGA,0.424825113577528
AGAGGC,0.420107935539667
AGAGGG,0.425203691188329
AGAGGT,0.415129467284353
AGAGTA,0.427099492094587
AGAGTC,0.427809281193948
AGAGTG,0.411511196987583
AGAGTT,0.42221172625707
AGATAA,0.442594663085718
AGATAC,0.437533573534026
AGATAG,0.425448676195374
AGATAT,0.426934195717013
AGATCA,0.417737570942703
AGATCC,0.431869490423621
AGATCG,0.420440764844724
AGATCT,0.436808942424476
AGATGA,0.417676281876075
AGATGC,0.427187189282523
AGATGG,0.409420799722755
AGATGT,0.421860836545008
AGATTA,0.44455062729526
AGATTC,0.435816314290313
AGATTG,0.420034902045992
AGATTT,0.424644224570789
AGCAAA,0.429550428472863
AGCAAC,0.435187474392841
AGCAAG,0.417196054183957
AGCAAT,0.420802336437752
AGCACA,0.433915206305482
AGCACC,0.430984512259604
AGCACG,0.426596771367711
AGCACT,0.443396424070911
AGCAGA,0.423705443125134
AGCAGC,0.429844810344492
AGCAGG,0.422332051380901
AGCAGT,0.429062404781212
AGCATA,0.440686444653026
AGCATC,0.433970483154272
AGCATG,0.440068984962036
AGCATT,0.441137232323124
AGCCAA,0.425164825981905
AGCCAC,0.416729228970462
AGCCAG,0.416371295647703
AGCCAT,0.431533727539244
AGCCCA,0.425164825981905
AGCCCC,0.43792906067535
AGCCCG,0.424644224570789
AGCCCT,0.44382443066689
AGCCGA,0.420157187675063
AGCCGC,0.424618863683577
AGCCGG,0.419861638469518
AGCCGT,0.427047207419366
AGCCTA,0.438175952237717
AGCCTC,0.409482596838756
AGCCTG,0.394103238960399
AGCCTT,0.44162106230448
AGCGAA,0.426115744864307
AGCGAC,0.424566449145102
AGCGAG,0.420218324882391
AGCGAT,0.418765305471737
AGCGCA,0.425315209047287
AGCGCC,0.424025235235103
AGCGCG,0.42477778129733
AGCGCT,0.425641242964074
AGCGGA,0.424500504371647
AGCGGC,0.42367667374182
AGCGGG,0.423372005953644
AGCGGT,0.428511830160646
AGCGTA,0.425930023606295
AGCGTC,0.426802613763525
AGCGTG,0.425377721195175
AGCGTT,0.427918823701818
AGCTAA,0.454977358879597
AGCTAC,0.429227349776588
AGCTAG,0.428053628779278
AGCTAT,0.438224322497097
AGCTCA,0.416940519931533
AGCTCC,0.429126366274233
AGCTCG,0.425818574292888
AGCTCT,0.433921906692317
AGCTGA,0.415373519595203
AGCTGC,0.428941203363478
AGCTGG,0.387699411392552
AGCTGT,0.432408154286524
AGCTTA,0.441692536234843
AGCTTC,0.441413260236386
AGCTTG,0.42945957313915
AGCTTT,0.454936353288509
AGGAAA,0.423878042045959
AGGAAC,0.431914809777197
AGGAAG,0.411918820960522
AGGAAT,0.426461769742081
AGGACA,0.422138846254667
AGGACC,0.427637359526992
AGGACG,0.424096286262457
AGGACT,0.436108857634546
AGGAGA,0.396888375657287
AGGAGC,0.423490498901346
AGGAGG,0.403715612423896
AGGAGT,0.411153104408904
AGGATA,0.42576622260063
AGGATC,0.426836354376554
AGGATG,0.424863991988932
AGGATT,0.425229037248321
AGGCAA,0.424490358635893
AGGCAC,0.428530355947332
AGGCAG,0.397642508491388
AGGCAT,0.40847620195252
AGGCCA,0.422208336607292
AGGCCC,0.428014874180725
AGGCCG,0.418824827261005
AGGCCT,0.430811455356536
AGGCGA,0.42587430050221
AGGCGC,0.417919713497312
AGGCGG,0.412180777229137
AGGCGT,0.412908073687903
AGGCTA,0.435587234904653
AGGCTC,0.42609548603951
AGGCTG,0.358822363560969
AGGCTT,0.434571630921413
AGGGAA,0.426628831575691
AGGGAC,0.424106435997132
AGGGAG,0.418513574161866
AGGGAT,0.431842633541192
AGGGCA,0.429804443100643
AGGGCC,0.427556444984636
AGGGCG,0.42586416869513
AGGGCT,0.430150875589105
AGGGGA,0.423724058167419
AGGGGC,0.426043148842424
AGGGGG,0.430650132632933
AGGGGT,0.427521042813475
AGGGTA,0.428382140043223
AGGGTC,0.424437937361276
AGGGTG,0.42594522027762
AGGGTT,0.427728380561922
AGGTAA,0.425544964214969
AGGTAC,0.435682551680856
AGGTAG,0.426053278836283
AGGTAT,0.428456250741272
AGGTCA,0.411992449589951
AGGTCC,0.426750313563406
AGGTCG,0.424160566175626
AGGTCT,0.435015143377552
AGGTGA,0.413593814629511
AGGTGC,0.418960863762775
AGGTGG,0.410527419732795
AGGTGT,0.413431399799722
AGGTTA,0.430579545756882
AGGTTC,0.419960164577167
AGGTTG,0.411877723554128
AGGTTT,0.419837854851154
AGTAAA,0.434457792231023
AGTAAC,0.453306249919383
AGTAAG,0.429129732555279
AGTAAT,0.438394433790622
AGTACA,0.427330523896651
AGTACC,0.431649578472636
AGTACG,0.426505647269545
AGTACT,0.474241619111582
AGTAGA,0.412425550148447
AGTAGC,0.40780069692494
AGTAGG,0.42476087636859
AGTAGT,0.430880345672955
AGTATA,0.434889640940462
AGTATC,0.437057780503181
AGTATG,0.425207070700113
AGTATT,0.43728986222671
AGTCAA,0.433571751355837
AGTCAC,0.441429885991013
AGTCAG,0.432382989539541
AGTCAT,0.431024831896369
AGTCCA,0.440591603663004
AGTCCC,0.430717353597226
AGTCCG,0.424268817743177
AGTCCT,0.440431851134708
AGTCGA,0.426630518926586
AGTCGC,0.426038083807012
AGTCGG,0.425333794148095
AGTCGT,0.42812944865019
AGTCTA,0.441222044188159
AGTCTC,0.431847669261589
AGTCTG,0.429705200032114
AGTCTT,0.443754767656768
AGTGAA,0.42768118550392
AGTGAC,0.431548839291718
AGTGAG,0.40548022452848
AGTGAT,0.415269420649243
AGTGCA,0.406629083802541
AGTGCC,0.430428271385427
AGTGCG,0.425308450743173
AGTGCT,0.411446098783071
AGTGGA,0.419625476039691
AGTGGC,0.409829276508773
AGTGGG,0.419841252545553
AGTGGT,0.422038839467302
AGTGTA,0.427418200826976
AGTGTC,0.430192910201713
AGTGTG,0.427775573392655
AGTGTT,0.425724001497532
AGTTAA,0.439496120843879
AGTTAC,0.454601684809532
AGTTAG,0.429170127043973
AGTTAT,0.437798917617091
AGTTCA,0.420126617669683
AGTTCC,0.435812970443132
AGTTCG,0.423084178898185
AGTTCT,0.444074845694722
AGTTGA,0.427596903074209
AGTTGC,0.432933114250977
AGTTGG,0.422181218995427
AGTTGT,0.431197851880287
AGTTTA,0.43834940714668
AGTTTC,0.435759467367511
AGTTTG,0.418756802069766
AGTTTT,0.426996606743604
ATAAAA,0.43800580377079
ATAAAC,0.447420404724298
ATAAAG,0.432887841023855
ATAAAT,0.43889626025124
ATAACA,0.504469788706509
ATAACC,0.477359619005948
ATAACG,0.432668152930937
ATAACT,0.493670519850581
ATAAGA,0.429301397864336
ATAAGC,0.432981738767556
ATAAGG,0.429742207073655
ATAAGT,0.432396410816738
ATAATA,0.489470709630182
ATAATC,0.45623459396963
ATAATG,0.443884137956126
ATAATT,0.469589150000897
ATACAA,0.430808094731894
ATACAC,0.434974984311351
ATACAG,0.431971875671382
ATACAT,0.444389848384477
ATACCA,0.448933070803457
ATACCC,0.443925599254089
ATACCG,0.429483129018311
ATACCT,0.452716262877177
ATACGA,0.425519626161318
ATACGC,0.426325062025013
ATACGG,0.426395949840854
ATACGT,0.42700335364831
ATACTA,0.622772419330645
ATACTC,0.453950072452247
ATACTG,0.441474774147857
ATACTT,0.472146252487763
ATAGAA,0.433643802902955
ATAGAC,0.430566100072706
ATAGAG,0.425321967305727
ATAGAT,0.438130915754988
ATAGCA,0.438397769016931
ATAGCC,0.438205975432752
ATAGCG,0.426957811158134
ATAGCT,0.442528235829253
ATAGGA,0.422101556757545
ATAGGC,0.431076909021253
ATAGGG,0.429812853077491
ATAGGT,0.428772843687725
ATAGTA,0.44576143969964
ATAGTC,0.436939214376532
ATAGTG,0.429000122554129
ATAGTT,0.43253900076359
ATATAA,0.454688643762788
ATATAC,0.452094674458404
ATATAG,0.433198005385112
ATATAT,0.417672876817786
ATATCA,0.441951794128832
ATATCC,0.44993584921389
ATATCG,0.426203528362769
ATATCT,0.461679627475962
ATATGA,0.433110833770676
ATATGC,0.438472808668199
ATATGG,0.42609548603951
ATATGT,0.438549510047678
ATATTA,0.495726036990211
ATATTC,0.455806950820533
ATATTG,0.433427632685453
ATATTT,0.457419896765877
ATCAAA,0.438654548043912
ATCAAC,0.436555030364
ATCAAG,0.433868302340528
ATCAAT,0.443145839077173
ATCACA,0.43344606762734
ATCACC,0.449983653989133
ATCACG,0.422418473169498
ATCACT,0.461493877574867
ATCAGA,0.429545381170875
ATCAGC,0.43154044390187
ATCAGG,0.430964351831578
ATCAGT,0.440689772243727
ATCATA,0.444126247644976
ATCATC,0.448819205087621
ATCATG,0.434385799311342
ATCATT,0.458940395691158
ATCCAA,0.438742904798064
ATCCAC,0.435368139101625
ATCCAG,0.434000632874885
ATCCAT,0.451352537974335
ATCCCA,0.424064144756341
ATCCCC,0.461309723002213
ATCCCG,0.427298486177542
ATCCCT,0.469854204166744
ATCCGA,0.426291304155965
ATCCGC,0.422304937123724
ATCCGG,0.426114056644583
ATCCGT,0.430492145578005
ATCCTA,0.46173176159784
ATCCTC,0.452440049056891
ATCCTG,0.439464470527644
ATCCTT,0.487430861980896
ATCGAA,0.425995874180877
ATCGAC,0.426289616232598
ATCGAG,0.423036764141854
ATCGAT,0.427156833433949
ATCGCA,0.424500504371647
ATCGCC,0.427773887972764
ATCGCG,0.424346616319818
ATCGCT,0.423470186821739
ATCGGA,0.426510709937291
ATCGGC,0.426772246238412
ATCGGG,0.425962105197131
ATCGGT,0.427640730824178
ATCGTA,0.42743843287311
ATCGTC,0.427957582022875
ATCGTG,0.425300002798799
ATCGTT,0.427075879999126
ATCTAA,0.494957289022929
ATCTAC,0.459090685049647
ATCTAG,0.436792239664753
ATCTAT,0.455425030533738
ATCTCA,0.444618577620073
ATCTCC,0.460306870835794
ATCTCG,0.418562904883659
ATCTCT,0.483931554456879
ATCTGA,0.442646141174621
ATCTGC,0.445163670428616
ATCTGG,0.429728750126096
ATCTGT,0.464495861831791
ATCTTA,0.465887220146303
ATCTTC,0.467119479303691
ATCTTG,0.440787931188325
ATCTTT,0.483166439158419
ATGAAA,0.437563616021228
ATGAAC,0.435234316525637
ATGAAG,0.424148725449451
ATGAAT,0.429886857824133
ATGACA,0.435573856384425
ATGACC,0.435343048732712
ATGACG,0.423883118033855
ATGACT,0.45180841654287
ATGAGA,0.425854036785395
ATGAGC,0.419832758287911
ATGAGG,0.429938994243621
ATGAGT,0.430093705680276
ATGATA,0.441660955360659
ATGATC,0.42826590993291
ATGATG,0.427858155487706
ATGATT,0.43116089866966
ATGCAA,0.433911856095229
ATGCAC,0.43462854540726
ATGCAG,0.430979472190702
ATGCAT,0.441375019951715
ATGCCA,0.43193662947421
ATGCCC,0.426125874122799
ATGCCG,0.426154573131356
ATGCCT,0.433033714084652
ATGCGA,0.424923151888849
ATGCGC,0.424836946297532
ATGCGG,0.42608704474138
ATGCGT,0.426424641099663
ATGCTA,0.459621417787443
ATGCTC,0.434132945900188
ATGCTG,0.439061257788268
ATGCTT,0.451265288419687
ATGGAA,0.428897432574496
ATGGAC,0.427596903074209
ATGGAG,0.410385086102528
ATGGAT,0.426959497954017
ATGGCA,0.431481674199341
ATGGCC,0.42833666030457
ATGGCG,0.419766500601912
ATGGCT,0.42951509682396
ATGGGA,0.426257545147284
ATGGGC,0.425088780991606
ATGGGG,0.421369044758403
ATGGGT,0.430349263450405
ATGGTA,0.434665370701478
ATGGTC,0.421129844787621
ATGGTG,0.411680775042131
ATGGTT,0.432689956196599
ATGTAA,0.44525311016953
ATGTAC,0.452402228131395
ATGTAG,0.434015707394321
ATGTAT,0.436531640483983
ATGTCA,0.433697419289919
ATGTCC,0.436387947788804
ATGTCG,0.42596041671801
ATGTCT,0.448839008752185
ATGTGA,0.431110505727132
ATGTGC,0.429747253382302
ATGTGG,0.424485285729415
ATGTGT,0.431913131319245
ATGTTA,0.447798785813039
ATGTTC,0.441203752041355
ATGTTG,0.412790030930653
ATGTTT,0.441413260236386
ATTAAA,0.452860915864161
ATTAAC,0.664918705793266
ATTAAG,0.433394113738589
ATTAAT,0.539520012871827
ATTACA,0.397512226638589
ATTACC,0.449169012102966
ATTACG,0.426561335205111
ATTACT,0.528893591104595
ATTAGA,0.433199681687843
ATTAGC,0.425940154746172
ATTAGG,0.43156395081583
ATTAGT,0.43405255526298
ATTATA,0.43647984665982
ATTATC,0.447499727904887
ATTATG,0.429584076501758
ATTATT,0.465832057261935
ATTCAA,0.436651925467771
ATTCAC,0.449686897758931
ATTCAG,0.436660278054405
ATTCAT,0.457113882665686
ATTCCA,0.441597790620077
ATTCCC,0.466788864066341
ATTCCG,0.42768118550392
ATTCCT,0.474955713629434
ATTCGA,0.426303119539761
ATTCGC,0.426934195717013
ATTCGG,0.426561335205111
ATTCGT,0.432445061436633
ATTCTA,0.487769009308841
ATTCTC,0.457612948394132
ATTCTG,0.45622148885011
ATTCTT,0.471502749702552
ATTGAA,0.426893710806137
ATTGAC,0.442240887121941
ATTGAG,0.429287934983483
ATTGAT,0.43433556862336
ATTGCA,0.433068921635648
ATTGCC,0.437551932939008
ATTGCG,0.424593502153174
ATTGCT,0.45685361517638
ATTGGA,0.429178542357074
ATTGGC,0.427175384339796
ATTGGG,0.427124790149621
ATTGGT,0.434253519739822
ATTGTA,0.437041081899258
ATTGTC,0.441670928376044
ATTGTG,0.427133222692414
ATTGTT,0.43780225483017
ATTTAA,0.475699823514682
ATTTAC,0.483882158439324
ATTTAG,0.434310452333167
ATTTAT,0.444600347498328
ATTTCA,0.452173627740863
ATTTCC,0.483910840294965
ATTTCG,0.427283310057601
ATTTCT,0.50272307826579
ATTTGA,0.429075870698673
ATTTGC,0.445655490039737
ATTTGG,0.425854036785395
ATTTGT,0.442584699278545
ATTTTA,0.457002581589303
ATTTTC,0.474743468519373
ATTTTG,0.42352773664243
ATTTTT,0.356797893753938
CAAAAA,0.414024513587358
CAAAAC,0.452387428249424
CAAAAG,0.428828405514321
CAAAAT,0.452966104895416
CAAACA,0.445022869443194
CAAACC,0.443147498787007
CAAACG,0.426058343794732
CAAACT,0.463494575123683
CAAAGA,0.430298829589556
CAAAGC,0.431145781053542
CAAAGG,0.420646180708435
CAAAGT,0.411396415723101
CAAATA,0.459712838678423
CAAATC,0.454813326425526
CAAATG,0.438351074836314
CAAATT,0.454536050403344
CAACAA,0.43804750950477
CAACAC,0.437431756170405
CAACAG,0.426085356473203
CAACAT,0.426871780795042
CAACCA,0.444073187523304
CAACCC,0.449329024519544
CAACCG,0.427374363322719
CAACCT,0.435174090523304
CAACGA,0.427050580706715
CAACGC,0.428835140071409
CAACGG,0.426262609071241
CAACGT,0.427433374899952
CAACTA,0.49729163517345
CAACTC,0.449584661329995
CAACTG,0.436635220085204
CAACTT,0.452162114108745
CAAGAA,0.430206360904585
CAAGAC,0.425561855894067
CAAGAG,0.4218930489457
CAAGAT,0.426024576920492
CAAGCA,0.421925260308787
CAAGCC,0.433105804407221
CAAGCG,0.419613581492487
CAAGCT,0.431241522096024
CAAGGA,0.42746203640959
CAAGGC,0.423979556908732
CAAGGG,0.426193399890829
CAAGGT,0.420824399955106
CAAGTA,0.427499126555615
CAAGTC,0.434623523671159
CAAGTG,0.417918011384016
CAAGTT,0.436511591579953
CAATAA,0.455623385025608
CAATAC,0.452372628148412
CAATAG,0.435083744718314
CAATAT,0.44869542329786
CAATCA,0.445562774878149
CAATCC,0.443826089250841
CAATCG,0.426689574414283
CAATCT,0.45031987129118
CAATGA,0.434703868422797
CAATGC,0.434148018425216
CAATGG,0.424576594108894
CAATGT,0.439587734533809
CAATTA,0.4580643474018
CAATTC,0.441370031980687
CAATTG,0.436150642555487
CAATTT,0.451752471516469
CACAAA,0.449033723900608
CACAAC,0.445799512616904
CACAAG,0.431270074667532
CACAAT,0.442750749771582
CACACA,0.426988173048708
CACACC,0.422328662138959
CACACG,0.427195621299151
CACACT,0.456472094499035
CACAGA,0.431218007601449
CACAGC,0.432201784664877
CACAGG,0.4246391524448
CACAGT,0.435804610776259
CACATA,0.446679751458656
CACATC,0.44264448063247
CACATG,0.43458334887448
CACATT,0.455044604409174
CACCAA,0.446658251095782
CACCAC,0.421391095775858
CACCAG,0.437607009131633
CACCAT,0.430245030667584
CACCCA,0.430890426784609
CACCCC,0.452772154011726
CACCCG,0.420661457888481
CACCCT,0.462451586249705
CACCGA,0.426660890755846
CACCGC,0.42149455944133
CACCGG,0.424821732774667
CACCGT,0.421859141126754
CACCTA,0.453217527588576
CACCTC,0.448358659292392
CACCTG,0.425538207463437
CACCTT,0.452581453758131
CACGAA,0.425636175892581
CACGAC,0.425678400703857
CACGAG,0.423285666535336
CACGAT,0.422406611797576
CACGCA,0.431872847483209
CACGCC,0.41067144760258
CACGCG,0.426019511791012
CACGCT,0.427232721327684
CACGGA,0.425169895442318
CACGGC,0.425269589608116
CACGGG,0.424794685940299
CACGGT,0.423461723333466
CACGTA,0.431283510889682
CACGTC,0.426357130945094
CACGTG,0.425348999882756
CACGTT,0.426465145004854
CACTAA,0.63200475615232
CACTAC,0.45168829542597
CACTAG,0.441225369997084
CACTAT,0.447347686280851
CACTCA,0.458932227144073
CACTCC,0.431815775937451
CACTCG,0.427952526674884
CACTCT,0.456801226108634
CACTGA,0.445163670428616
CACTGC,0.40648102911801
CACTGG,0.434245147026236
CACTGT,0.454002611098486
CACTTA,0.478614674338649
CACTTC,0.462926842453586
CACTTG,0.435908265706404
CACTTT,0.459190320977151
CAGAAA,0.432201784664877
CAGAAC,0.435060320399371
CAGAAG,0.426458394467916
CAGAAT,0.433226502149396
CAGACA,0.433546615873817
CAGACC,0.432294069028111
CAGACG,0.426296367908972
CAGACT,0.442061459930134
CAGAGA,0.425884432206638
CAGAGC,0.420642785747841
CAGAGG,0.421416538653338
CAGAGT,0.417373186275529
CAGATA,0.436197439594207
CAGATC,0.428547197273775
CAGATG,0.426326749888551
CAGATT,0.438381092774147
CAGCAA,0.429570617426062
CAGCAC,0.425168205625036
CAGCAG,0.427389538060897
CAGCAT,0.441090665887423
CAGCCA,0.429011905975694
CAGCCC,0.439457807175526
CAGCCG,0.425624352625915
CAGCCT,0.380821625492194
CAGCGA,0.424256978298717
CAGCGC,0.424691563172804
CAGCGG,0.4234583379181
CAGCGT,0.425975612927471
CAGCTA,0.42969006039311
CAGCTC,0.42536251589724
CAGCTG,0.425369273835977
CAGCTT,0.449395001565804
CAGGAA,0.425862480050636
CAGGAC,0.425151307295158
CAGGAG,0.377984229568751
CAGGAT,0.426590021719266
CAGGCA,0.40564048951191
CAGGCC,0.426379072245247
CAGGCG,0.405059622220226
CAGGCT,0.391852060556536
CAGGGA,0.424322939132869
CAGGGC,0.427775573392655
CAGGGG,0.424862301654649
CAGGGT,0.420247193931072
CAGGTA,0.428574142806145
CAGGTC,0.428910900713627
CAGGTG,0.401494645081547
CAGGTT,0.42358189815424
CAGTAA,0.448517150598726
CAGTAC,0.446646673785837
CAGTAG,0.432300780285966
CAGTAT,0.440874436168911
CAGTCA,0.440506738310005
CAGTCC,0.439412828387347
CAGTCG,0.42766432958625
CAGTCT,0.449958927666572
CAGTGA,0.4228707947882
CAGTGC,0.430129016892247
CAGTGG,0.408306079554747
CAGTGT,0.429711928686987
CAGTTA,0.446264547345082
CAGTTC,0.439511112749306
CAGTTG,0.44017552813501
CAGTTT,0.446065982458164
CATAAA,0.44537897477304
CATAAC,0.477481506962445
CATAAG,0.431026511845955
CATAAT,0.451976232845447
CATACA,0.441973395919642
CATACC,0.441790596803345
CATACG,0.425815196847059
CATACT,0.4904653304331
CATAGA,0.434985024229098
CATAGC,0.432716790332526
CATAGG,0.431392673502793
CATAGT,0.442770673977984
CATATA,0.446800475680214
CATATC,0.441727440251259
CATATG,0.436910823217871
CATATT,0.457349538177647
CATCAA,0.439351187502757
CATCAC,0.450158369244742
CATCAG,0.431384276801765
CATCAT,0.449901230536184
CATCCA,0.440082303479457
CATCCC,0.467218318516972
CATCCG,0.425908072451111
CATCCT,0.469624710127821
CATCGA,0.42676043639626
CATCGC,0.424524177354774
CATCGG,0.42596041671801
CATCGT,0.426861659089252
CATCTA,0.465223441145641
CATCTC,0.461145095960377
CATCTG,0.449645674650008
CATCTT,0.483365744315054
CATGAA,0.436511591579953
CATGAC,0.439139580423063
CATGAG,0.420907558068437
CATGAT,0.427354129980272
CATGCA,0.440403558964488
CATGCC,0.421397880606481
CATGCG,0.425254382665906
CATGCT,0.453610146388043
CATGGA,0.428181676772864
CATGGC,0.434101125379059
CATGGG,0.433611966812985
CATGGT,0.420542629224799
CATGTA,0.446955907324202
CATGTC,0.438849589342004
CATGTG,0.438841255021856
CATGTT,0.438786246766731
CATTAA,0.530637800269941
CATTAC,0.469970547221987
CATTAG,0.441315162657249
CATTAT,0.45304334604438
CATTCA,0.45949733320856
CATTCC,0.458739430061337
CATTCG,0.427131536189544
CATTCT,0.495020323391118
CATTGA,0.441775639033063
CATTGC,0.444285411119823
CATTGG,0.435639074980033
CATTGT,0.440589939705697
CATTTA,0.483273271661929
CATTTC,0.483614421442593
CATTTG,0.451731079943918
CATTTT,0.473570484582109
CCAAAA,0.448292613833628
CCAAAC,0.447131152328562
CCAAAG,0.407953713862775
CCAAAT,0.451122050946462
CCAACA,0.428698756449756
CCAACC,0.449239948601631
CCAACG,0.428641503460724
CCAACT,0.464153001505032
CCAAGA,0.429153296205315
CCAAGC,0.434467837342652
CCAAGG,0.423500654786434
CCAAGT,0.429037155697219
CCAATA,0.447929285819028
CCAATC,0.449484063673918
CCAATG,0.430349263450405
CCAATT,0.445796201985989
CCACAA,0.438964595867265
CCACAC,0.43713792992074
CCACAG,0.430609797885294
CCACAT,0.443746474118014
CCACCA,0.42420116188672
CCACCC,0.452491022823753
CCACCG,0.417439602721637
CCACCT,0.440842829447431
CCACGA,0.425463880183283
CCACGC,0.417616691682019
CCACGG,0.426537710399068
CCACGT,0.426568085047182
CCACTA,0.509390388276852
CCACTC,0.454339121333567
CCACTG,0.419800479450823
CCACTT,0.472233311285033
CCAGAA,0.440583283848783
CCAGAC,0.437273167497811
CCAGAG,0.428757689926493
CCAGAT,0.436860719206757
CCAGCA,0.422357470329327
CCAGCC,0.415566330000302
CCAGCG,0.42318238802807
CCAGCT,0.423317833072254
CCAGGA,0.411069131130268
CCAGGC,0.39213155193964
CCAGGG,0.426200152216854
CCAGGT,0.422074436249872
CCAGTA,0.444820743963118
CCAGTC,0.444590403655481
CCAGTG,0.434019057256669
CCAGTT,0.449683599972752
CCATAA,0.460005002985114
CCATAC,0.450273730510801
CCATAG,0.439324530808259
CCATAT,0.450950797615068
CCATCA,0.446378704304102
CCATCC,0.459626315547056
CCATCG,0.425810130656929
CCATCT,0.46557567215905
CCATGA,0.432302458093393
CCATGC,0.427468780174828
CCATGG,0.431318780113914
CCATGT,0.430097068706565
CCATTA,0.486072358163764
CCATTC,0.46397258702649
CCATTG,0.440330328453808
CCATTT,0.465026981943089
CCCAAA,0.430903868108728
CCCAAC,0.450151776770416
CCCAAG,0.427819393312777
CCCAAT,0.445681978507106
CCCACA,0.442921752958342
CCCACC,0.452076580119851
CCCACG,0.427954211793721
CCCACT,0.478680349054668
CCCAGA,0.440606579154171
CCCAGC,0.407804135764994
CCCAGG,0.388220313287129
CCCAGT,0.440932656461957
CCCATA,0.457050049739831
CCCATC,0.459201753973237
CCCATG,0.440525043211014
CCCATT,0.486588965956835
CCCCAA,0.460642897574604
CCCCAC,0.467545552419741
CCCCAG,0.447273309675493
CCCCAT,0.467179432123327
CCCCCA,0.463042367196152
CCCCCC,0.447350991779365
CCCCCG,0.427455292598874
CCCCCT,0.460779885784516
CCCCGA,0.429065771277577
CCCCGC,0.428104175998619
CCCCGG,0.427365932813118
CCCCGT,0.42214054119877
CCCCTA,0.462472749721059
CCCCTC,0.465369542798834
CCCCTG,0.44869872434444
CCCCTT,0.472283286059248
CCCGAA,0.42716357925771
CCCGAC,0.425369273835977
CCCGAG,0.418914953512302
CCCGAT,0.427043834120639
CCCGCA,0.42837371802545
CCCGCC,0.417233527050769
CCCGCG,0.425835461350924
CCCGCT,0.434059254729591
CCCGGA,0.42546050153928
CCCGGC,0.41535645493684
CCCGGG,0.413156089155893
CCCGGT,0.425842216094291
CCCGTA,0.428670130364978
CCCGTC,0.421514911689295
CCCGTG,0.427800854350144
CCCGTT,0.431929915771991
CCCTAA,0.492582729132806
CCCTAC,0.462288775340563
CCCTAG,0.44362538061857
CCCTAT,0.452793523325891
CCCTCA,0.458379878589408
CCCTCC,0.466548937518153
CCCTCG,0.429365344073318
CCCTCT,0.486646173789583
CCCTGA,0.456149407622658
CCCTGC,0.454396562985058
CCCTGG,0.441672590535605
CCCTGT,0.454608248013224
CCCTTA,0.468803271780939
CCCTTC,0.47583637102502
CCCTTG,0.449142615842135
CCCTTT,0.489991900272617
CCGAAA,0.426986486301193
CCGAAC,0.428331606872594
CCGAAG,0.423938952200247
CCGAAT,0.426701385093328
CCGACA,0.426892023899281
CCGACC,0.427102865205569
CCGACG,0.425386168483016
CCGACT,0.428971505095107
CCGAGA,0.419756306722095
CCGAGC,0.427448548742678
CCGAGG,0.419489529925555
CCGAGT,0.418552698727082
CCGATA,0.426637268301695
CCGATC,0.427269819979856
CCGATG,0.427362560589377
CCGATT,0.426438142583679
CCGCAA,0.425303381985113
CCGCAC,0.424092902994672
CCGCAG,0.426880215471608
CCGCAT,0.427333896228428
CCGCCA,0.424339851466466
CCGCCC,0.42249472148694
CCGCCG,0.423654673066687
CCGCCT,0.414858038472199
CCGCGA,0.425757778522619
CCGCGC,0.42352773664243
CCGCGG,0.425901318152574
CCGCGT,0.425553410090184
CCGCTA,0.432986768755019
CCGCTC,0.427450234710991
CCGCTG,0.429355247575327
CCGCTT,0.427883434357553
CCGGAA,0.425311829900939
CCGGAC,0.426716570047134
CCGGAG,0.423407555312238
CCGGAT,0.424781162248785
CCGGCA,0.426330125607082
CCGGCC,0.418642849506537
CCGGCG,0.425330415064549
CCGGCT,0.420138506116156
CCGGGA,0.42037284949291
CCGGGC,0.421994765504644
CCGGGG,0.423031683856046
CCGGGT,0.420177567159482
CCGGTA,0.428078902708326
CCGGTC,0.425872611874825
CCGGTG,0.425433471976301
CCGGTT,0.426738503462229
CCGTAA,0.42938048862917
CCGTAC,0.42758678870527
CCGTAG,0.427574988478877
CCGTAT,0.429139831330427
CCGTCA,0.426829606345021
CCGTCC,0.427153460505003
CCGTCG,0.425523004605566
CCGTCT,0.419705335764224
CCGTGA,0.427308603462885
CCGTGC,0.424835255917533
CCGTGG,0.425962105197131
CCGTGT,0.425090470943107
CCGTTA,0.429449477592503
CCGTTC,0.4285842471936
CCGTTG,0.427416514804654
CCGTTT,0.430194591549467
CCTAAA,0.450466518920604
CCTAAC,0.532204384292666
CCTAAG,0.434677087556164
CCTAAT,0.476164008997401
CCTACA,0.439181238899835
CCTACC,0.456871623284548
CCTACG,0.428427617713564
CCTACT,0.507147978451032
CCTAGA,0.437698796045684
CCTAGC,0.441197100268647
CCTAGG,0.433667260425977
CCTAGT,0.447055106381547
CCTATA,0.448177023783684
CCTATC,0.452002554416241
CCTATG,0.436728766633366
CCTATT,0.477242528425916
CCTCAA,0.43353153428134
CCTCAC,0.468741798471905
CCTCAG,0.404721633175305
CCTCAT,0.458974702860297
CCTCCA,0.450272082586411
CCTCCC,0.420082459345339
CCTCCG,0.423798514871552
CCTCCT,0.465770401025258
CCTCGA,0.428284440275979
CCTCGC,0.429072504236307
CCTCGG,0.416657652554478
CCTCGT,0.42428573099211
CCTCTA,0.475826732988822
CCTCTC,0.489388308128081
CCTCTG,0.468421429019248
CCTCTT,0.486859085297847
CCTGAA,0.441346754453585
CCTGAC,0.431939986308416
CCTGAG,0.417654148789947
CCTGAT,0.448357008209084
CCTGCA,0.440440172208911
CCTGCC,0.434253519739822
CCTGCG,0.430436676117552
CCTGCT,0.471654389153304
CCTGGA,0.430910588703036
CCTGGC,0.417832902025093
CCTGGG,0.398383923275373
CCTGGT,0.43283418121149
CCTGTA,0.435154014383129
CCTGTC,0.445206735006137
CCTGTG,0.442147854819017
CCTGTT,0.462780383455434
CCTTAA,0.477401319189293
CCTTAC,0.472906954581703
CCTTAG,0.44430530477307
CCTTAT,0.463035859114702
CCTTCA,0.463201801962434
CCTTCC,0.474960536858431
CCTTCG,0.427146714612981
CCTTCT,0.498834378758288
CCTTGA,0.446643365958377
CCTTGC,0.452757359603641
CCTTGG,0.434657001435507
CCTTGT,0.452244351430017
CCTTTA,0.480205671723885
CCTTTC,0.505161067895644
CCTTTG,0.457297175085084
CCTTTT,0.496936247045784
CGAAAA,0.427355816107779
CGAAAC,0.425990808906011
CGAAAG,0.425783110542748
CGAAAT,0.427286682548603
CGAACA,0.426292992076483
CGAACC,0.427785685852346
CGAACG,0.426112368422008
CGAACT,0.421991375119364
CGAAGA,0.425056671370452
CGAAGC,0.424377057593595
CGAAGG,0.42495526579748
CGAAGT,0.426294679994152
CGAATA,0.426750313563406
CGAATC,0.427750291796023
CGAATG,0.425303381985113
CGAATT,0.427146714612981
CGACAA,0.42546725881587
CGACAC,0.42655796026699
CGACAG,0.421960861134567
CGACAT,0.425048221298784
CGACCA,0.425629419757317
CGACCC,0.42849330403075
CGACCG,0.427706468847708
CGACCT,0.423620824929
CGACGA,0.426066785335138
CGACGC,0.425793243171123
CGACGG,0.425227347530974
CGACGT,0.426043148842424
CGACTA,0.429965902299872
CGACTC,0.426824545291489
CGACTG,0.427632302559901
CGACTT,0.42631831054237
CGAGAA,0.425413199324601
CGAGAC,0.414840965014984
CGAGAG,0.425935089189063
CGAGAT,0.418394489978518
CGAGCA,0.427055640616401
CGAGCC,0.425967170617391
CGAGCG,0.425477394645143
CGAGCT,0.425963793673402
CGAGGA,0.426068473634669
CGAGGC,0.420323607978435
CGAGGG,0.425646310009892
CGAGGT,0.419112182628262
CGAGTA,0.420179265431103
CGAGTC,0.426122497714702
CGAGTG,0.424003242227306
CGAGTT,0.42817999203729
CGATAA,0.427561502335349
CGATAC,0.42844782934764
CGATAG,0.424654368745588
CGATAT,0.42757667423403
CGATCA,0.428193469842412
CGATCC,0.425005969869353
CGATCG,0.426093797785585
CGATCT,0.415250647554851
CGATGA,0.426622082143638
CGATGC,0.425843904773003
CGATGG,0.424759185859998
CGATGT,0.426416202579582
CGATTA,0.428276017435333
CGATTC,0.420172472327313
CGATTG,0.425171585256745
CGATTT,0.426716570047134
CGCAAA,0.429040522278586
CGCAAC,0.42540813109746
CGCAAG,0.427085999536879
CGCAAT,0.423690212378246
CGCACA,0.424563067467633
CGCACC,0.424833565534675
CGCACG,0.425622663576408
CGCACT,0.428565722405274
CGCAGA,0.424468375855293
CGCAGC,0.426942629867148
CGCAGG,0.4243246303791
CGCAGT,0.423832356995401
CGCATA,0.426514085034881
CGCATC,0.426745252108552
CGCATG,0.425462190862708
CGCATT,0.427445176797526
CGCCAA,0.427030340811936
CGCCAC,0.420143601121379
CGCCAG,0.424544468037137
CGCCAT,0.419397755849665
CGCCCA,0.41520627338526
CGCCCC,0.425234106383229
CGCCCG,0.417483877901866
CGCCCT,0.428237271454571
CGCCGA,0.425294933997918
CGCCGC,0.424040460880236
CGCCGG,0.424382131049133
CGCCGT,0.42502625077827
CGCCTA,0.42904220556502
CGCCTC,0.416168409880941
CGCCTG,0.411307322675188
CGCCTT,0.425884432206638
CGCGAA,0.425908072451111
CGCGAC,0.426039772155
CGCGAG,0.425418267526056
CGCGAT,0.423534506991832
CGCGCA,0.426635580962188
CGCGCC,0.420039997579104
CGCGCG,0.424931603017425
CGCGCT,0.425840527412726
CGCGGA,0.425230726962812
CGCGGC,0.424559685778728
CGCGGG,0.424818351960377
CGCGGT,0.425538207463437
CGCGTA,0.425669955884236
CGCGTC,0.42609548603951
CGCGTG,0.427055640616401
CGCGTT,0.425930023606295
CGCTAA,0.433452771158313
CGCTAC,0.431548839291718
CGCTAG,0.427247898215379
CGCTAT,0.426800926702989
CGCTCA,0.425869234611502
CGCTCC,0.427441804841003
CGCTCG,0.425452054879331
CGCTCT,0.422891119046232
CGCTGA,0.425815196847059
CGCTGC,0.427175384339796
CGCTGG,0.425426714471399
CGCTGT,0.429200421839717
CGCTTA,0.42668451265199
CGCTTC,0.427652530274827
CGCTTG,0.422762391768428
CGCTTT,0.430782889687078
CGGAAA,0.427607017340849
CGGAAC,0.424958646148923
CGGAAG,0.423979556908732
CGGAAT,0.424689872547034
CGGACA,0.425965482146822
CGGACC,0.425978989831547
CGGACG,0.425502733768867
CGGACT,0.426075226804286
CGGAGA,0.423417712039723
CGGAGC,0.422665835434377
CGGAGG,0.421503039594987
CGGAGT,0.419435146304702
CGGATA,0.426073538516157
CGGATC,0.421090820924273
CGGATG,0.426635580962188
CGGATT,0.426321686289389
CGGCAA,0.425712179269212
CGGCAC,0.427008413796967
CGGCAG,0.425278037809421
CGGCAT,0.426129250519496
CGGCCA,0.423537892149345
CGGCCC,0.424967096977539
CGGCCG,0.423566665525539
CGGCCT,0.41212257065493
CGGCGA,0.425212139946374
CGGCGC,0.424557994929987
CGGCGG,0.425178344485899
CGGCGT,0.425514558473545
CGGCTA,0.420225117674707
CGGCTC,0.416715595762396
CGGCTG,0.423752826187564
CGGCTT,0.426240665215558
CGGGAA,0.424326321622471
CGGGAC,0.425661510993298
CGGGAG,0.415230167413563
CGGGAT,0.424492049599001
CGGGCA,0.425497665995488
CGGGCC,0.425245934264754
CGGGCG,0.419608483786088
CGGGCT,0.426208592560269
CGGGGA,0.424158874651899
CGGGGC,0.42299442763815
CGGGGG,0.424923151888849
CGGGGT,0.417565611546377
CGGGTA,0.425205380945649
CGGGTC,0.425305071573987
CGGGTG,0.42280473809665
CGGGTT,0.41980557617858
CGGTAA,0.428553933724936
CGGTAC,0.429923858143791
CGGTAG,0.425624352625915
CGGTAT,0.427918823701818
CGGTCA,0.425321967305727
CGGTCC,0.426311559014145
CGGTCG,0.425869234611502
CGGTCT,0.425668266911753
CGGTGA,0.422304937123724
CGGTGC,0.425718934845366
CGGTGG,0.421017859181503
CGGTGT,0.42619508797661
CGGTTA,0.427677814343116
CGGTTC,0.426350379678962
CGGTTG,0.425315209047287
CGGTTT,0.426460082106423
CGTAAA,0.426103927266386
CGTAAC,0.434427656290695
CGTAAG,0.425710490368043
CGTAAT,0.42951004934364
CGTACA,0.427177070768718
CGTACC,0.427977803159277
CGTACG,0.425953662773013
CGTACT,0.432421575225985
CGTAGA,0.426730067590279
CGTAGC,0.426736816293532
CGTAGG,0.424938363868862
CGTAGT,0.428036779138366
CGTATA,0.428759373689081
CGTATC,0.427848043760839
CGTATG,0.426892023899281
CGTATT,0.428892381975557
CGTCAA,0.427399654425089
CGTCAC,0.428543829031176
CGTCAG,0.424847088517526
CGTCAT,0.427470466109031
CGTCCA,0.427296799953367
CGTCCC,0.426696323390818
CGTCCG,0.42529831320136
CGTCCT,0.4287997831407
CGTCGA,0.425820263011524
CGTCGC,0.42541488872794
CGTCGG,0.425698667979989
CGTCGT,0.426277800689253
CGTCTA,0.428286124835595
CGTCTC,0.419504824786051
CGTCTG,0.427881749119444
CGTCTT,0.431401070133318
CGTGAA,0.425075261276785
CGTGAC,0.428661710772325
CGTGAG,0.416466757061393
CGTGAT,0.420386432932278
CGTGCA,0.426620394778507
CGTGCC,0.420099443547006
CGTGCG,0.425217209166937
CGTGCT,0.426552897838453
CGTGGA,0.425075261276785
CGTGGC,0.424972167440429
CGTGGG,0.427706468847708
CGTGGT,0.422396444795376
CGTGTA,0.427156833433949
CGTGTC,0.426804300821214
CGTGTG,0.42768455665336
CGTGTT,0.42634531619945
CGTTAA,0.429705200032114
CGTTAC,0.430873624875392
CGTTAG,0.426475270724818
CGTTAT,0.429451160190688
CGTTCA,0.428115969982169
CGTTCC,0.428921001698939
CGTTCG,0.426308183232938
CGTTCT,0.430068482622591
CGTTGA,0.427544644400172
CGTTGC,0.429223983824134
CGTTGG,0.424767638374379
CGTTGT,0.425953662773013
CGTTTA,0.428432670660381
CGTTTC,0.429247545253397
CGTTTG,0.426227161065023
CGTTTT,0.429052305224117
CTAAAA,0.489416832493364
CTAAAC,0.492070789761743
CTAAAG,0.437648731500606
CTAAAT,0.468720767261772
CTAACA,0.845421179458316
CTAACC,0.713143225329121
CTAACG,0.447544344429011
CTAACT,0.667635353846283
CTAAGA,0.440451821596473
CTAAGC,0.441802230469997
CTAAGG,0.428910900713627
CTAAGT,0.435622352668698
CTAATA,0.652370073823256
CTAATC,0.574568534003059
CTAATG,0.495365366146085
CTAATT,0.554041668776522
CTACAA,0.436865729720838
CTACAC,0.436723755432981
CTACAG,0.424847088517526
CTACAT,0.44442300079089
CTACCA,0.450652680997235
CTACCC,0.461197257956308
CTACCG,0.427300172398874
CTACCT,0.467770666045587
CTACGA,0.425271279254087
CTACGC,0.425614218286081
CTACGG,0.427119730589813
CTACGT,0.42916507782212
CTACTA,0.61023210687281
CTACTC,0.459044947201111
CTACTG,0.447669920995442
CTACTT,0.478417624307613
CTAGAA,0.444252254151592
CTAGAC,0.433337128950314
CTAGAG,0.429498271790481
CTAGAT,0.440360287038177
CTAGCA,0.445797857302817
CTAGCC,0.436648584413583
CTAGCG,0.429212202901321
CTAGCT,0.442793918383732
CTAGGA,0.430340857983565
CTAGGC,0.429249228191388
CTAGGG,0.429335054273523
CTAGGT,0.437882344603139
CTAGTA,0.447891293903694
CTAGTC,0.442162807022858
CTAGTG,0.433492991400493
CTAGTT,0.442996453910824
CTATAA,0.451768926260899
CTATAC,0.445619067251422
CTATAG,0.440202162154685
CTATAT,0.456511399491282
CTATCA,0.448096102798156
CTATCC,0.453401535507634
CTATCG,0.427198994085895
CTATCT,0.468157613482795
CTATGA,0.439705987069707
CTATGC,0.438571185458287
CTATGG,0.427553073403284
CTATGT,0.439192902962349
CTATTA,0.486458647008189
CTATTC,0.461101082159828
CTATTG,0.441767329064008
CTATTT,0.461347208540271
CTCAAA,0.427301858617363
CTCAAC,0.445680322998451
CTCAAG,0.420062077922561
CTCAAT,0.445036122145809
CTCACA,0.460194292941149
CTCACC,0.466623515448716
CTCACG,0.424754114317075
CTCACT,0.462458098134749
CTCAGA,0.440380258929147
CTCAGC,0.40068453662601
CTCAGG,0.415518557435191
CTCAGT,0.44589220583293
CTCATA,0.450848690327709
CTCATC,0.460280766945411
CTCATG,0.43388672916056
CTCATT,0.477606587050395
CTCCAA,0.443648605165889
CTCCAC,0.440579955903713
CTCCAG,0.426586646877959
CTCCAT,0.460978811437373
CTCCCA,0.416661061071413
CTCCCC,0.47783585991926
CTCCCG,0.411816074277496
CTCCCT,0.487924550432036
CTCCGA,0.427357502232443
CTCCGC,0.421887962846154
CTCCGG,0.424742280616897
CTCCGT,0.424617172934894
CTCCTA,0.474722563154923
CTCCTC,0.47160276979413
CTCCTG,0.39884377560916
CTCCTT,0.491569657031448
CTCGAA,0.421041614751979
CTCGAC,0.425742579002515
CTCGAG,0.426942629867148
CTCGAT,0.423977865078796
CTCGCA,0.426034707102486
CTCGCC,0.425409820509361
CTCGCG,0.426564710131841
CTCGCT,0.426611957910143
CTCGGA,0.428003079004786
CTCGGC,0.407453313151533
CTCGGG,0.420000931161692
CTCGGT,0.426343628367249
CTCGTA,0.428181676772864
CTCGTC,0.427332210063961
CTCGTG,0.422408306287893
CTCGTT,0.430589629901374
CTCTAA,0.507519987812704
CTCTAC,0.44986001626196
CTCTAG,0.445085818216433
CTCTAT,0.461040763805183
CTCTCA,0.459160921244127
CTCTCC,0.487335588567543
CTCTCG,0.427790742043844
CTCTCT,0.502727769409066
CTCTGA,0.46134231920195
CTCTGC,0.455875779307206
CTCTGG,0.454465488611733
CTCTGT,0.465473424322688
CTCTTA,0.469615012036794
CTCTTC,0.475140587429985
CTCTTG,0.450609850314632
CTCTTT,0.504373002697804
CTGAAA,0.453598649283694
CTGAAC,0.444530738521825
CTGAAG,0.430068482622591
CTGAAT,0.439950775346306
CTGACA,0.450922801493052
CTGACC,0.429237447565975
CTGACG,0.426033018745946
CTGACT,0.468814595399382
CTGAGA,0.416463347882103
CTGAGC,0.430014671306441
CTGAGG,0.400769386439451
CTGAGT,0.425675022784566
CTGATA,0.445969995293799
CTGATC,0.438574520095142
CTGATG,0.433010241695319
CTGATT,0.451062774265965
CTGCAA,0.421755715177314
CTGCAC,0.424010009358146
CTGCAG,0.414434530681111
CTGCAT,0.452900363047541
CTGCCA,0.44264448063247
CTGCCC,0.446451493241995
CTGCCG,0.427728380561922
CTGCCT,0.440250434507354
CTGCGA,0.425818574292888
CTGCGC,0.425857414100046
CTGCGG,0.425472326743348
CTGCGT,0.427982858379489
CTGCTA,0.474889793834847
CTGCTC,0.44643660502663
CTGCTG,0.448157207004921
CTGCTT,0.485377298420513
CTGGAA,0.432028938309236
CTGGAC,0.428703808026712
CTGGAG,0.403377168736055
CTGGAT,0.429469668583878
CTGGCA,0.443082768062241
CTGGCC,0.416456529488656
CTGGCG,0.423522658850297
CTGGCT,0.430542569690371
CTGGGA,0.374424347813391
CTGGGC,0.404243770093488
CTGGGG,0.423769748165768
CTGGGT,0.422581129219045
CTGGTA,0.446641712040544
CTGGTC,0.413515174953326
CTGGTG,0.426787430116242
CTGGTT,0.437109544403363
CTGTAA,0.440441836415443
CTGTAC,0.45663913004779
CTGTAG,0.434317150072233
CTGTAT,0.468591334693175
CTGTCA,0.449259743935767
CTGTCC,0.457414988187798
CTGTCG,0.42422145912428
CTGTCT,0.476889569762675
CTGTGA,0.433868302340528
CTGTGC,0.443203927282387
CTGTGG,0.431117224932861
CTGTGT,0.446418408017938
CTGTTA,0.466576499575199
CTGTTC,0.453235601294398
CTGTTG,0.432179970752767
CTGTTT,0.475831552018533
CTTAAA,0.45155334764693
CTTAAC,0.515329724411962
CTTAAG,0.42985321998186
CTTAAT,0.482679967803499
CTTACA,0.464357756881835
CTTACC,0.469734615253378
CTTACG,0.429838082583677
CTTACT,0.548338965862166
CTTAGA,0.437605340200665
CTTAGC,0.442347199156963
CTTAGG,0.437396701892226
CTTAGT,0.439387839297489
CTTATA,0.453501739865841
CTTATC,0.45509872557546
CTTATG,0.443517545296999
CTTATT,0.483756267232549
CTTCAA,0.448512198125611
CTTCAC,0.463148117583813
CTTCAG,0.447631919224877
CTTCAT,0.474938028257411
CTTCCA,0.454454001337195
CTTCCC,0.487011591049186
CTTCCG,0.426134315093167
CTTCCT,0.499316194570153
CTTCGA,0.426547835384286
CTTCGC,0.426996606743604
CTTCGG,0.425053291350353
CTTCGT,0.431296946931303
CTTCTA,0.506224361297027
CTTCTC,0.495251940568038
CTTCTG,0.462114538307166
CTTCTT,0.485143382508421
CTTGAA,0.423558202853776
CTTGAC,0.441807216285702
CTTGAG,0.426937569385603
CTTGAT,0.445528004476251
CTTGCA,0.441782286958588
CTTGCC,0.450079256684277
CTTGCG,0.429124683129461
CTTGCT,0.462179677199993
CTTGGA,0.438119239298736
CTTGGC,0.42460026529084
CTTGGG,0.428750954847791
CTTGGT,0.439351187502757
CTTGTA,0.44602626474898
CTTGTC,0.445157044944389
CTTGTG,0.435774515396865
CTTGTT,0.453723467915455
CTTTAA,0.484213543054799
CTTTAC,0.482871394608599
CTTTAG,0.44539056676875
CTTTAT,0.47191567127743
CTTTCA,0.472458983987307
CTTTCC,0.50432928981671
CTTTCG,0.427234407659914
CTTTCT,0.542298484555376
CTTTGA,0.453927085926502
CTTTGC,0.463157878594293
CTTTGG,0.424608719148601
CTTTGT,0.464814242921102
CTTTTA,0.489836680400112
CTTTTC,0.498721345995506
CTTTTG,0.456717725358671
CTTTTT,0.456318135069488
GAAAAA,0.40905165408359
GAAAAC,0.436737118578205
GAAAAG,0.413686122880822
GAAAAT,0.436651925467771
GAAACA,0.429918812726269
GAAACC,0.424887656368888
GAAACG,0.425286485939355
GAAACT,0.453578939654419
GAAAGA,0.418816324365158
GAAAGC,0.429018639297106
GAAAGG,0.426019511791012
GAAAGT,0.424737208988238
GAAATA,0.433931957188392
GAAATC,0.433327072474111
GAAATG,0.428919318208473
GAAATT,0.438482813529599
GAACAA,0.424141959257259
GAACAC,0.427768831696049
GAACAG,0.421986289519891
GAACAT,0.429629499544906
GAACCA,0.423180694848921
GAACCC,0.425842216094291
GAACCG,0.425708801464021
GAACCT,0.431615999873249
GAACGA,0.424236681782093
GAACGC,0.42512764915359
GAACGG,0.425019490520999
GAACGT,0.426184959419182
GAACTA,0.475738379994912
GAACTC,0.420218324882391
GAACTG,0.429037155697219
GAACTT,0.437248124881861
GAAGAA,0.418593522728409
GAAGAC,0.427451920676461
GAAGAG,0.417345937226645
GAAGAT,0.426021200170356
GAAGCA,0.423927108849695
GAAGCC,0.428754322392812
GAAGCG,0.425348999882756
GAAGCT,0.42333306949177
GAAGGA,0.414772668270944
GAAGGC,0.424251904208181
GAAGGG,0.423632671907514
GAAGGT,0.423395705666457
GAAGTA,0.430189547497726
GAAGTC,0.429562205411763
GAAGTG,0.41825837640217
GAAGTT,0.423002895082283
GAATAA,0.437565285021831
GAATAC,0.435399919331889
GAATAG,0.425523004605566
GAATAT,0.427684556653359
GAATCA,0.423564972996916
GAATCC,0.429658098180262
GAATCG,0.421128148129576
GAATCT,0.433943682639479
GAATGA,0.422094776699581
GAATGC,0.426024576920492
GAATGG,0.421813363747324
GAATGT,0.425492598196426
GAATTA,0.437164644965783
GAATTC,0.434305428999428
GAATTG,0.420593557523968
GAATTT,0.426915640336317
GACAAA,0.426466832631968
GACAAC,0.429649686901823
GACAAG,0.422467611640142
GACAAT,0.429580711749817
GACACA,0.427731751552264
GACACC,0.425468948127883
GACACG,0.428533724235311
GACACT,0.437683776945337
GACAGA,0.412914916319013
GACAGC,0.425325346417819
GACAGG,0.414759008362385
GACAGT,0.427463722355163
GACATA,0.43224541106161
GACATC,0.428759373689081
GACATG,0.424848778877525
GACATT,0.432017190385268
GACCAA,0.427777258809705
GACCAC,0.42952519170817
GACCAG,0.413150958424495
GACCAT,0.428550565505028
GACCCA,0.427089372693373
GACCCC,0.431956770310426
GACCCG,0.4273271515535
GACCCT,0.429474716268022
GACCGA,0.425892875215248
GACCGC,0.426919014067507
GACCGG,0.425102300523646
GACCGT,0.426979739282683
GACCTA,0.435113860893582
GACCTC,0.414074066250043
GACCTG,0.42840740567097
GACCTT,0.44148308654838
GACGAA,0.425033010989841
GACGAC,0.425751023208872
GACGAG,0.424818351960377
GACGAT,0.426451643885408
GACGCA,0.424040460880236
GACGCC,0.424260361011438
GACGCG,0.425676711745638
GACGCT,0.426228849093813
GACGGA,0.418620737803434
GACGGC,0.425054981361831
GACGGG,0.417400434581923
GACGGT,0.424853849940376
GACGTA,0.424375366436029
GACGTC,0.4251039904523
GACGTG,0.424664512817483
GACGTT,0.426645704956522
GACTAA,0.537274745065732
GACTAC,0.424754114317075
GACTAG,0.428882280701152
GACTAT,0.430118928101773
GACTCA,0.432649703642526
GACTCC,0.42937544046937
GACTCG,0.424943434477443
GACTCT,0.434258543334324
GACTGA,0.428937836447729
GACTGC,0.429663144913366
GACTGG,0.424092902994672
GACTGT,0.434906375508818
GACTTA,0.442282416605809
GACTTC,0.432881133704774
GACTTG,0.427043834120639
GACTTT,0.444999676790989
GAGAAA,0.423637749141056
GAGAAC,0.431998729083041
GAGAAG,0.415033878119587
GAGAAT,0.410866880823343
GAGACA,0.404454265005538
GAGACC,0.410899449313806
GAGACG,0.410722881100665
GAGACT,0.416819544279675
GAGAGA,0.412413569651828
GAGAGC,0.426152884977181
GAGAGG,0.41755709793676
GAGAGT,0.423077405499208
GAGATA,0.426409451712247
GAGATC,0.417362967969211
GAGATG,0.401383899748651
GAGATT,0.416219561433889
GAGCAA,0.416536642675643
GAGCAC,0.430764405583774
GAGCAG,0.426233913163086
GAGCAT,0.432025581773614
GAGCCA,0.399956957033117
GAGCCC,0.423947411650479
GAGCCG,0.418139261823117
GAGCCT,0.425568612485816
GAGCGA,0.42112305813817
GAGCGC,0.424070911475059
GAGCGG,0.423241647492253
GAGCGT,0.425511180000762
GAGCTA,0.43126167693701
GAGCTC,0.424348307526006
GAGCTG,0.415542444003024
GAGCTT,0.429516779311739
GAGGAA,0.421921869687849
GAGGAC,0.425762844977982
GAGGAG,0.42034398407161
GAGGAT,0.420245495774808
GAGGCA,0.399211505282642
GAGGCC,0.413957869927852
GAGGCG,0.415013393538303
GAGGCT,0.399391851543796
GAGGGA,0.422808125725442
GAGGGC,0.425433471976301
GAGGGG,0.432787226513565
GAGGGT,0.428831772798534
GAGGTA,0.42495695597463
GAGGTC,0.410662875095701
GAGGTG,0.413597233605587
GAGGTT,0.407470513207479
GAGTAA,0.429646322370637
GAGTAC,0.428419196078797
GAGTAG,0.408429807805116
GAGTAT,0.424314482858809
GAGTCA,0.428240640729886
GAGTCC,0.42844951363204
GAGTCG,0.426402700799338
GAGTCT,0.417974179593121
GAGTGA,0.418685370638347
GAGTGC,0.406100462437491
GAGTGG,0.417890777177257
GAGTGT,0.421971032566289
GAGTTA,0.43044171892292
GAGTTC,0.419379060097866
GAGTTG,0.423510810568381
GAGTTT,0.409625058972424
GATAAA,0.424610409911577
GATAAC,0.448381774172475
GATAAG,0.429942357790249
GATAAT,0.436419695626347
GATACA,0.426365569963665
GATACC,0.430421547548867
GATACG,0.424863991988932
GATACT,0.462695752922845
GATAGA,0.429664827152074
GATAGC,0.430927389991208
GATAGG,0.425751023208872
GATAGT,0.42717369790803
GATATA,0.429001805908568
GATATC,0.429498271790481
GATATG,0.427794112823973
GATATT,0.431088667996705
GATCAA,0.427360874473242
GATCAC,0.412718171994774
GATCAG,0.425446986849115
GATCAT,0.424650987365422
GATCCA,0.42084306870496
GATCCC,0.430658535500588
GATCCG,0.42174554155526
GATCCT,0.426613645289511
GATCGA,0.422120201679919
GATCGC,0.423781593380134
GATCGG,0.426902145297733
GATCGT,0.424363528252987
GATCTA,0.433791241050375
GATCTC,0.420023012367756
GATCTG,0.42352435145054
GATCTT,0.431135702515827
GATGAA,0.426755374992642
GATGAC,0.430186184782431
GATGAG,0.42250827613474
GATGAT,0.424774400334444
GATGCA,0.428958037772185
GATGCC,0.424510650004466
GATGCG,0.425223968087716
GATGCT,0.430567780793115
GATGGA,0.416468461646679
GATGGC,0.421443677009156
GATGGG,0.414391828410191
GATGGT,0.42037624537005
GATGTA,0.431387635490637
GATGTC,0.430144149887116
GATGTG,0.421070460043189
GATGTT,0.421068763284385
GATTAA,0.460303607886761
GATTAC,0.401627869307838
GATTAG,0.429821262983612
GATTAT,0.423688520058717
GATTCA,0.425501044513928
GATTCC,0.43732325084839
GATTCG,0.425516247705656
GATTCT,0.430428271385427
GATTGA,0.424233298989272
GATTGC,0.423221330357275
GATTGG,0.425561855894067
GATTGT,0.422750534475175
GATTTA,0.4322588341854
GATTTC,0.441270267335007
GATTTG,0.420975437116269
GATTTT,0.416644018370554
GCAAAA,0.424595192941879
GCAAAC,0.431626073571455
GCAAAG,0.423498962146082
GCAAAT,0.438079204699346
GCAACA,0.419732520598399
GCAACC,0.416672990789197
GCAACG,0.4251039904523
GCAACT,0.442966574199456
GCAAGA,0.420486605099835
GCAAGC,0.422696327915507
GCAAGG,0.424432864188862
GCAAGT,0.42655796026699
GCAATA,0.431746950035204
GCAATC,0.421491167359731
GCAATG,0.420231910420881
GCAATT,0.429511731839911
GCACAA,0.431184414507145
GCACAC,0.427696355586902
GCACAG,0.425168205625036
GCACAT,0.429489859167584
GCACCA,0.422299853118655
GCACCC,0.427920508877449
GCACCG,0.425369273835977
GCACCT,0.426659203456198
GCACGA,0.422264264359439
GCACGC,0.424135193019285
GCACGG,0.423866197974
GCACGT,0.426544460400604
GCACTA,0.465724967681366
GCACTC,0.423796822735295
GCACTG,0.434827720602431
GCACTT,0.426741877791084
GCAGAA,0.423991399638143
GCAGAC,0.427190562097706
GCAGAG,0.413583557631148
GCAGAT,0.424579975740621
GCAGCA,0.428974871897499
GCAGCC,0.422823369912993
GCAGCG,0.424092902994672
GCAGCT,0.429176859300119
GCAGGA,0.409501478529179
GCAGGC,0.415047534273992
GCAGGG,0.423221330357275
GCAGGT,0.421423323311339
GCAGTA,0.434877926575983
GCAGTC,0.427799168972862
GCAGTG,0.387543263359355
GCAGTT,0.429030422500484
GCATAA,0.431814097313266
GCATAC,0.434757428004514
GCATAG,0.429796033053067
GCATAT,0.4298498561354
GCATCA,0.431176016057239
GCATCC,0.42943433408143
GCATCG,0.425771289013212
GCATCT,0.43637792194649
GCATGA,0.423707135416024
GCATGC,0.438022486273107
GCATGG,0.429975992634302
GCATGT,0.437411725304768
GCATTA,0.445668734361126
GCATTC,0.437167984296232
GCATTG,0.425786488096947
GCATTT,0.438597862241781
GCCAAA,0.430517357952012
GCCAAC,0.425796620691099
GCCAAG,0.415760809028683
GCCAAT,0.430245030667584
GCCACA,0.432225276038079
GCCACC,0.403655184451335
GCCACG,0.425950285783409
GCCACT,0.428446145060403
GCCAGA,0.426424641099663
GCCAGC,0.426274424794084
GCCAGG,0.404587095547805
GCCAGT,0.431083628452729
GCCATA,0.42968837819685
GCCATC,0.430784570043164
GCCATG,0.421918479055414
GCCATT,0.423693597008713
GCCCAA,0.431488390911584
GCCCAC,0.425000899577854
GCCCAG,0.394155531695485
GCCCAT,0.432797288420154
GCCCCA,0.437997462415265
GCCCCC,0.430243349404635
GCCCCG,0.424304335235545
GCCCCT,0.4393311950485
GCCCGA,0.424236681782093
GCCCGC,0.420985618576052
GCCCGG,0.415134587874614
GCCCGT,0.426822858267953
GCCCTA,0.439224561874813
GCCCTC,0.438972929159518
GCCCTG,0.442662746444472
GCCCTT,0.439810903668494
GCCGAA,0.425174964877033
GCCGAC,0.425975612927471
GCCGAG,0.412940575768678
GCCGAT,0.425908072451111
GCCGCA,0.424519104619852
GCCGCC,0.424605337614072
GCCGCG,0.424678038086609
GCCGCT,0.426584959453035
GCCGGA,0.424432864188862
GCCGGC,0.424576594108894
GCCGGG,0.420476418558072
GCCGGT,0.425649688026174
GCCGTA,0.42712310363253
GCCGTC,0.427553073403284
GCCGTG,0.423397398481594
GCCGTT,0.426876841609519
GCCTAA,0.446702905178638
GCCTAC,0.437420071547545
GCCTAG,0.429945721325563
GCCTAT,0.436583431625685
GCCTCA,0.401724748507506
GCCTCC,0.36978961957664
GCCTCG,0.419931287240912
GCCTCT,0.458026738599392
GCCTGA,0.426568085047182
GCCTGC,0.431308703319635
GCCTGG,0.390810267172594
GCCTGT,0.418511873059088
GCCTTA,0.444413055184369
GCCTTC,0.434287009893159
GCCTTG,0.428734116952575
GCCTTT,0.443203927282387
GCGAAA,0.423580205651398
GCGAAC,0.427502498318857
GCGAAG,0.426267672969554
GCGAAT,0.425658133016955
GCGACA,0.420776877928202
GCGACC,0.427332210063961
GCGACG,0.425720623732274
GCGACT,0.42610899196831
GCGAGA,0.420525652548683
GCGAGC,0.424630698844315
GCGAGG,0.424667894151915
GCGAGT,0.42576115616238
GCGATA,0.426795865504305
GCGATC,0.419797081617887
GCGATG,0.425330415064549
GCGATT,0.419333169043318
GCGCAA,0.425702045819409
GCGCAC,0.425842216094291
GCGCAG,0.422401528309397
GCGCAT,0.424448083628893
GCGCCA,0.419246480193893
GCGCCC,0.419591491243744
GCGCCG,0.424671275474913
GCGCCT,0.418600326566603
GCGCGA,0.42280643191248
GCGCGC,0.423619132492041
GCGCGG,0.422808125725442
GCGCGT,0.425725690375883
GCGCTA,0.426932508878449
GCGCTC,0.425166515804898
GCGCTG,0.424493740559249
GCGCTT,0.426092109528809
GCGGAA,0.425595638396302
GCGGAC,0.424627317384112
GCGGAG,0.418169892641454
GCGGAT,0.421377525976507
GCGGCA,0.425080331191263
GCGGCC,0.42374267286319
GCGGCG,0.423402476909811
GCGGCT,0.424167332241921
GCGGGA,0.423400784103271
GCGGGC,0.421659061588622
GCGGGG,0.422781024373769
GCGGGT,0.423465108737371
GCGGTA,0.428855343470553
GCGGTC,0.425703734734841
GCGGTG,0.421153597697995
GCGGTT,0.425892875215248
GCGTAA,0.426967931890752
GCGTAC,0.427618817189303
GCGTAG,0.425142858023136
GCGTAT,0.426287928306381
GCGTCA,0.425186793458093
GCGTCC,0.426166390130782
GCGTCG,0.425676711745638
GCGTCT,0.427153460505003
GCGTGA,0.413327098474135
GCGTGC,0.423715596827519
GCGTGG,0.420540931570156
GCGTGT,0.425274658537464
GCGTTA,0.426758749264568
GCGTTC,0.427986228512099
GCGTTG,0.426497209433012
GCGTTT,0.42526789995929
GCTAAA,0.44384101638261
GCTAAC,0.49535433922391
GCTAAG,0.429787622934762
GCTAAT,0.444722980097341
GCTACA,0.436563383759994
GCTACC,0.435615663665865
GCTACG,0.425252692991386
GCTACT,0.455749590129266
GCTAGA,0.429319909029567
GCTAGC,0.43470052085369
GCTAGG,0.428889014895426
GCTAGT,0.431362445049124
GCTATA,0.436431391944003
GCTATC,0.437348291583083
GCTATG,0.429543698731219
GCTATT,0.442009951733382
GCTCAA,0.421084034009974
GCTCAC,0.402383624029535
GCTCAG,0.419875228854617
GCTCAT,0.425847282121873
GCTCCA,0.427426630895944
GCTCCC,0.432939821221419
GCTCCG,0.422554021714679
GCTCCT,0.436128914614496
GCTCGA,0.425886120814063
GCTCGC,0.425729068124027
GCTCGG,0.424872443617488
GCTCGT,0.425582125532359
GCTCTA,0.441579505345253
GCTCTC,0.436312751521216
GCTCTG,0.423960946622004
GCTCTT,0.430404737759669
GCTGAA,0.431019792030676
GCTGAC,0.429567252628834
GCTGAG,0.391984828703574
GCTGAT,0.422386277689808
GCTGCA,0.423256885072599
GCTGCC,0.436586772897559
GCTGCG,0.425195242358903
GCTGCT,0.440856137662446
GCTGGA,0.397371503170471
GCTGGC,0.426428016487757
GCTGGG,0.369373386076906
GCTGGT,0.409743475901381
GCTGTA,0.438727901371225
GCTGTC,0.437411725304768
GCTGTG,0.427362560589377
GCTGTT,0.43475910169522
GCTTAA,0.444096401672959
GCTTAC,0.447818609695758
GCTTAG,0.432668152930937
GCTTAT,0.442290722295623
GCTTCA,0.443627039532695
GCTTCC,0.444205832549026
GCTTCG,0.42534562085059
GCTTCT,0.463671823878101
GCTTGA,0.418801018970437
GCTTGC,0.436660278054405
GCTTGG,0.424804828588913
GCTTGT,0.436062056450171
GCTTTA,0.452706399411506
GCTTTC,0.458937128280331
GCTTTG,0.438742904798064
GCTTTT,0.450171554063013
GGAAAA,0.420922831255926
GGAAAC,0.430821537162702
GGAAAG,0.4253473103681
GGAAAT,0.432621190436374
GGAACA,0.420914346180564
GGAACC,0.428308023852372
GGAACG,0.424826803974672
GGAACT,0.430708951223799
GGAAGA,0.423255192019582
GGAAGC,0.421754019580826
GGAAGG,0.418630943265621
GGAAGT,0.423399091293865
GGAATA,0.430453485369885
GGAATC,0.42751767111276
GGAATG,0.430081934999195
GGAATT,0.421820145713546
GGACAA,0.421806581735108
GGACAC,0.425354068409596
GGACAG,0.42300628203986
GGACAT,0.421258782376831
GGACCA,0.423192547042763
GGACCC,0.425918203813379
GGACCG,0.426016135023772
GGACCT,0.43003653250286
GGACGA,0.425002589677877
GGACGC,0.424845398154671
GGACGG,0.424891036948881
GGACGT,0.425158066661376
GGACTA,0.433006888451866
GGACTC,0.427819393312777
GGACTG,0.429208836897882
GGACTT,0.432213530420459
GGAGAA,0.398439463840992
GGAGAC,0.41853398716948
GGAGAG,0.418530585030481
GGAGAT,0.420272665928988
GGAGCA,0.42026587345965
GGAGCC,0.425281417069959
GGAGCG,0.423046924636042
GGAGCT,0.423872966032297
GGAGGA,0.415395703215737
GGAGGC,0.37864653700448
GGAGGG,0.423712212271513
GGAGGT,0.410482835473459
GGAGTA,0.423695289319651
GGAGTC,0.418117138981906
GGAGTG,0.405814511641332
GGAGTT,0.404160940275918
GGATAA,0.426868406904495
GGATAC,0.431495107578713
GGATAG,0.427981173308924
GGATAT,0.429735478622512
GGATCA,0.412629196633602
GGATCC,0.426559647737474
GGATCG,0.425122579479005
GGATCT,0.428412458719918
GGATGA,0.428759373689081
GGATGC,0.427413142751483
GGATGG,0.41721479079289
GGATGT,0.426056655478099
GGATTA,0.393771988121191
GGATTC,0.429282886356435
GGATTG,0.421662453100759
GGATTT,0.430048303718368
GGCAAA,0.427069133583733
GGCAAC,0.423610670264279
GGCAAG,0.424341542684094
GGCAAT,0.42809238187597
GGCACA,0.424437937361276
GGCACC,0.422772555050743
GGCACG,0.41854419351703
GGCACT,0.447298102491937
GGCAGA,0.411380996340507
GGCAGC,0.425946908782401
GGCAGG,0.40385371979367
GGCAGT,0.429590805971677
GGCATA,0.426016135023772
GGCATC,0.427494068889435
GGCATG,0.405101000784496
GGCATT,0.42934346819883
GGCCAA,0.413106490982985
GGCCAC,0.425950285783409
GGCCAG,0.405945439021672
GGCCAT,0.424586738969768
GGCCCA,0.424696635032967
GGCCCC,0.42853204009274
GGCCCG,0.424845398154671
GGCCCT,0.433192976460057
GGCCGA,0.417536664977951
GGCCGC,0.424667894151915
GGCCGG,0.424001550437441
GGCCGT,0.424730446776681
GGCCTA,0.43105339065552
GGCCTC,0.405855858981794
GGCCTG,0.426115744864307
GGCCTT,0.429281203475088
GGCGAA,0.423986324199855
GGCGAC,0.423751133973994
GGCGAG,0.424517413702494
GGCGAT,0.425523004605566
GGCGCA,0.418784012701555
GGCGCC,0.417815879284042
GGCGCG,0.420357567903072
GGCGCT,0.424211310556997
GGCGGA,0.415540737838529
GGCGGC,0.423079098853253
GGCGGG,0.416069509458781
GGCGGT,0.425002589677877
GGCGTA,0.425202001428155
GGCGTC,0.424669584814843
GGCGTG,0.403789847505936
GGCGTT,0.425218898901415
GGCTAA,0.425149617446465
GGCTAC,0.439880841952911
GGCTAG,0.427886804825252
GGCTAT,0.42525100331401
GGCTCA,0.387922187160754
GGCTCC,0.426618707410529
GGCTCG,0.425092160891752
GGCTCT,0.431318780113914
GGCTGA,0.398812547049394
GGCTGC,0.42496202648894
GGCTGG,0.382394288781862
GGCTGT,0.430461889890097
GGCTTA,0.431882918594355
GGCTTC,0.437742183290731
GGCTTG,0.425041461190038
GGCTTT,0.436979294640087
GGGAAA,0.429449477592503
GGGAAC,0.424752423797052
GGGAAG,0.425833772657953
GGGAAT,0.428168198808795
GGGACA,0.421358867201729
GGGACC,0.423625902222692
GGGACG,0.425271279254087
GGGACT,0.419771597502853
GGGAGA,0.421343600672498
GGGAGC,0.423140057689255
GGGAGG,0.389077369127445
GGGAGT,0.427279937555226
GGGATA,0.431839276380171
GGGATC,0.423033377287516
GGGATG,0.426157949431156
GGGATT,0.390951916930687
GGGCAA,0.416848511613428
GGGCAC,0.429843128408531
GGGCAG,0.423035070716119
GGGCAT,0.423133284668757
GGGCCA,0.423922033085091
GGGCCC,0.427114671004406
GGGCCG,0.42548077323207
GGGCCT,0.426088733006706
GGGCGA,0.422193083041102
GGGCGC,0.420467929694003
GGGCGG,0.421430107923308
GGGCGT,0.421363955993014
GGGCTA,0.433115863108836
GGGCTC,0.415791512786565
GGGCTG,0.428607823700617
GGGCTT,0.429562205411763
GGGGAA,0.42541488872794
GGGGAC,0.423004588562505
GGGGAG,0.429410777052819
GGGGAT,0.427699726685201
GGGGCA,0.423339841159261
GGGGCC,0.423046924636042
GGGGCG,0.423544662429991
GGGGCT,0.428649923223515
GGGGGA,0.431723447422648
GGGGGC,0.425330415064549
GGGGGG,0.431076909021253
GGGGGT,0.426622082143638
GGGGTA,0.42784130255279
GGGGTC,0.426027953659225
GGGGTG,0.426743564951241
GGGGTT,0.410261599553885
GGGTAA,0.429733796502652
GGGTAC,0.429077553925606
GGGTAG,0.428100806263485
GGGTAT,0.427539586964202
GGGTCA,0.429052305224117
GGGTCC,0.429691742586541
GGGTCG,0.425218898901415
GGGTCT,0.42179471310305
GGGTGA,0.415158483615813
GGGTGC,0.424449774663488
GGGTGG,0.42574426784949
GGGTGT,0.422711573807408
GGGTTA,0.429563887820284
GGGTTC,0.41530013949807
GGGTTG,0.425904695307545
GGGTTT,0.411920533315802
GGTAAA,0.42833666030457
GGTAAC,0.444485987335264
GGTAAG,0.423960946622004
GGTAAT,0.432094388502111
GGTACA,0.428656658982706
GGTACC,0.431404428765786
GGTACG,0.425604083843542
GGTACT,0.448054814058177
GGTAGA,0.426584959453035
GGTAGC,0.428277702009137
GGTAGG,0.426417890289295
GGTAGT,0.428115969982169
GGTATA,0.429319909029567
GGTATC,0.429752299665485
GGTATG,0.424640843156322
GGTATT,0.430556015690931
GGTCAA,0.425658133016955
GGTCAC,0.426456706826561
GGTCAG,0.411082841534973
GGTCAT,0.424967096977539
GGTCCA,0.427413142751483
GGTCCC,0.430046622124636
GGTCCG,0.425213829689417
GGTCCT,0.429207153891914
GGTCGA,0.424223150542147
GGTCGC,0.425886120814063
GGTCGG,0.424167332241921
GGTCGT,0.425859102753094
GGTCTA,0.428883964253972
GGTCTC,0.412569304913476
GGTCTG,0.428963088039535
GGTCTT,0.423294131513788
GGTGAA,0.413896348761393
GGTGAC,0.420508675584355
GGTGAG,0.416299693606631
GGTGAT,0.413995464333106
GGTGCA,0.416546869429053
GGTGCC,0.423285666535336
GGTGCG,0.421703150349239
GGTGCT,0.428427617713564
GGTGGA,0.415131174150686
GGTGGC,0.410863452499485
GGTGGG,0.417601367915288
GGTGGT,0.4211077880085
GGTGTA,0.425109060221126
GGTGTC,0.427214171485469
GGTGTG,0.40893659014594
GGTGTT,0.423116351916812
GGTTAA,0.433906830758804
GGTTAC,0.436910823217871
GGTTAG,0.426649079598523
GGTTAT,0.42849330403075
GGTTCA,0.404343846970255
GGTTCC,0.431595852172392
GGTTCG,0.425825329150323
GGTTCT,0.434553216717739
GGTTGA,0.426819484212343
GGTTGC,0.416950742555445
GGTTGG,0.422279516839907
GGTTGT,0.424233298989272
GGTTTA,0.433013594927527
GGTTTC,0.420454347361605
GGTTTG,0.421737063457816
GGTTTT,0.41147864841505
GTAAAA,0.428338344776221
GTAAAC,0.438464471207235
GTAAAG,0.425909761018617
GTAAAT,0.433536561504105
GTAACA,0.449840232806967
GTAACC,0.456924008664477
GTAACG,0.427880063878495
GTAACT,0.457205533074899
GTAAGA,0.42587430050221
GTAAGC,0.4274367468849
GTAAGG,0.425784799321274
GTAAGT,0.428887331351109
GTAATA,0.444020124586106
GTAATC,0.413058600757587
GTAATG,0.429970947479814
GTAATT,0.433601913100317
GTACAA,0.431654615165296
GTACAC,0.429762392155456
GTACAG,0.426951063946149
GTACAT,0.431189453543233
GTACCA,0.430540888927589
GTACCC,0.445347510107309
GTACCG,0.425875989126743
GTACCT,0.439109585245173
GTACGA,0.426115744864307
GTACGC,0.425122579479005
GTACGG,0.425397994566116
GTACGT,0.426832980366479
GTACTA,0.527424025905885
GTACTC,0.433668935942281
GTACTG,0.433117539549268
GTACTT,0.444615263077203
GTAGAA,0.433809669290442
GTAGAC,0.43214305381744
GTAGAG,0.402513272812015
GTAGAT,0.430539208161982
GTAGCA,0.431545481144237
GTAGCC,0.428984972236663
GTAGCG,0.425174964877033
GTAGCT,0.406899313157314
GTAGGA,0.425784799321274
GTAGGC,0.428249063868509
GTAGGG,0.426061720419446
GTAGGT,0.425845593448864
GTAGTA,0.431884597103019
GTAGTC,0.42814124233568
GTAGTG,0.424711850459113
GTAGTT,0.433824746688816
GTATAA,0.435823001951133
GTATAC,0.438174284256007
GTATAG,0.430515677146854
GTATAT,0.426748626414635
GTATCA,0.432686601878977
GTATCC,0.431924880465748
GTATCG,0.425901318152574
GTATCT,0.445259735017311
GTATGA,0.426669327211382
GTATGC,0.426071850225178
GTATGG,0.425813508119868
GTATGT,0.431530369341015
GTATTA,0.455195480361351
GTATTC,0.42892941910876
GTATTG,0.431157539219162
GTATTT,0.409813832942729
GTCAAA,0.430966031882771
GTCAAC,0.428703808026712
GTCAAG,0.424738899533982
GTCAAT,0.434233425109442
GTCACA,0.430882025865289
GTCACC,0.4280435190288
GTCACG,0.426053278836283
GTCACT,0.450464871313885
GTCAGA,0.426168078262158
GTCAGC,0.427349071580692
GTCAGG,0.413393784182417
GTCAGT,0.432700019081955
GTCATA,0.432102779242685
GTCATC,0.434764122750533
GTCATG,0.424109819219132
GTCATT,0.439299539511799
GTCCAA,0.427994653793935
GTCCAC,0.43490302861755
GTCCAG,0.433806318726598
GTCCAT,0.431807382788351
GTCCCA,0.428425933392285
GTCCCC,0.434523083653023
GTCCCG,0.426060032108514
GTCCCT,0.442503324470416
GTCCGA,0.425600705673205
GTCCGC,0.425504423020953
GTCCGG,0.424311100329163
GTCCGT,0.426201840291236
GTCCTA,0.437238107659882
GTCCTC,0.440847820048817
GTCCTG,0.43637792194649
GTCCTT,0.44133511548684
GTCGAA,0.425649688026174
GTCGAC,0.426129250519496
GTCGAG,0.425141168160165
GTCGAT,0.426453331535307
GTCGCA,0.425430093229558
GTCGCC,0.421326637588886
GTCGCG,0.425862480050636
GTCGCT,0.426859972128326
GTCGGA,0.424571521639863
GTCGGC,0.426215344783709
GTCGGG,0.423448181603235
GTCGGT,0.426154573131356
GTCGTA,0.42640607626149
GTCGTC,0.428678549886742
GTCGTG,0.425833772657953
GTCGTT,0.426799239639608
GTCTAA,0.455705338204924
GTCTAC,0.440167204858384
GTCTAG,0.429560523000412
GTCTAT,0.435035222305887
GTCTCA,0.41182292438481
GTCTCC,0.439396169063492
GTCTCG,0.411531753434931
GTCTCT,0.445453492400877
GTCTGA,0.43155051836123
GTCTGC,0.435204203977867
GTCTGG,0.426110680196584
GTCTGT,0.442883570316476
GTCTTA,0.450968912335197
GTCTTC,0.447810349792384
GTCTTG,0.416267300522775
GTCTTT,0.448033343239647
GTGAAA,0.421514911689295
GTGAAC,0.423361848761922
GTGAAG,0.429427603558452
GTGAAT,0.424529250063963
GTGACA,0.420561303235652
GTGACC,0.429780894789191
GTGACG,0.423881426040753
GTGACT,0.442544843057053
GTGAGA,0.418632644165859
GTGAGC,0.39294163548752
GTGAGG,0.425637864919265
GTGAGT,0.421365652251021
GTGATA,0.434000632874885
GTGATC,0.402037811744032
GTGATG,0.422970718413142
GTGATT,0.419635671253261
GTGCAA,0.419647565537722
GTGCAC,0.421041614751979
GTGCAG,0.406331230560052
GTGCAT,0.429161711660054
GTGCCA,0.422521830598813
GTGCCC,0.427408084650406
GTGCCG,0.425533139869827
GTGCCT,0.430707270740642
GTGCGA,0.424328012862981
GTGCGC,0.42444639259144
GTGCGG,0.422904668322104
GTGCGT,0.426389198836793
GTGCTA,0.436860719206757
GTGCTC,0.429994491316324
GTGCTG,0.403938301139519
GTGCTT,0.439374511527561
GTGGAA,0.421431804069109
GTGGAC,0.426534335381215
GTGGAG,0.413525432653111
GTGGAT,0.421589533054871
GTGGCA,0.416170114974861
GTGGCC,0.424126735157437
GTGGCG,0.414487478964723
GTGGCT,0.419050977755
GTGGGA,0.426655828848361
GTGGGC,0.419778393330363
GTGGGG,0.425980678279309
GTGGGT,0.422943621467652
GTGGTA,0.429298032161115
GTGGTC,0.423857737836714
GTGGTG,0.406692775004726
GTGGTT,0.426230537119753
GTGTAA,0.429299715014141
GTGTAC,0.43368401546268
GTGTAG,0.425097230720551
GTGTAT,0.42539123682147
GTGTCA,0.428233902167904
GTGTCC,0.431552197427922
GTGTCG,0.425386168483016
GTGTCT,0.438531168948654
GTGTGA,0.424806519020348
GTGTGC,0.427006727083593
GTGTGG,0.423414326475357
GTGTGT,0.413116752875762
GTGTTA,0.43049046473047
GTGTTC,0.432788903505028
GTGTTG,0.422459139662295
GTGTTT,0.42640101306399
GTTAAA,0.433030360919908
GTTAAC,0.464154626712764
GTTAAG,0.427460350461175
GTTAAT,0.435985164034737
GTTACA,0.425688534393268
GTTACC,0.436768855332441
GTTACG,0.429131415691553
GTTACT,0.490338682116521
GTTAGA,0.426625456865359
GTTAGC,0.426277800689253
GTTAGG,0.425634486863044
GTTAGT,0.430029806031787
GTTATA,0.43233601365077
GTTATC,0.436658607542659
GTTATG,0.429478081376631
GTTATT,0.443967058833083
GTTCAA,0.406536121793931
GTTCAC,0.431634468242442
GTTCAG,0.422838613868163
GTTCAT,0.4352978844822
GTTCCA,0.431876204531527
GTTCCC,0.435435043674538
GTTCCG,0.426289616232598
GTTCCT,0.447668268774577
GTTCGA,0.422118506701341
GTTCGC,0.426571459951132
GTTCGG,0.426051590511099
GTTCGT,0.428014874180725
GTTCTA,0.445835928833609
GTTCTC,0.44006066079857
GTTCTG,0.433942007583456
GTTCTT,0.443353281460822
GTTGAA,0.42890753369585
GTTGAC,0.432580935114154
GTTGAG,0.424180864237174
GTTGAT,0.428072163056371
GTTGCA,0.418739795048896
GTTGCC,0.423649595919072
GTTGCG,0.425641242964074
GTTGCT,0.438202639566705
GTTGGA,0.424025235235103
GTTGGC,0.412979918979434
GTTGGG,0.417453226062805
GTTGGT,0.421967642100544
GTTGTA,0.425514558473545
GTTGTC,0.428372033613384
GTTGTG,0.431347330479623
GTTGTT,0.426495521857162
GTTTAA,0.442078074911533
GTTTAC,0.447270003920191
GTTTAG,0.428262540742733
GTTTAT,0.435714321920744
GTTTCA,0.417696711982326
GTTTCC,0.442866968713091
GTTTCG,0.424256978298717
GTTTCT,0.464499111130369
GTTTGA,0.420792153111708
GTTTGC,0.429291300720689
GTTTGG,0.422045619904532
GTTTGT,0.419698539440207
GTTTTA,0.43573605887175
GTTTTC,0.445006303317936
GTTTTG,0.410584004584173
GTTTTT,0.398151313646496
TAAAAA,0.429208836897882
TAAAAC,0.477231299841673
TAAAAG,0.425827017857552
TAAAAT,0.457936798771036
TAAACA,0.456501573388052
TAAACC,0.460822283094236
TAAACG,0.428203578077046
TAAACT,0.486110516790141
TAAAGA,0.429139831330427
TAAAGC,0.433925256868899
TAAAGG,0.425649688026174
TAAAGT,0.434601762523309
TAAATA,0.449500555786478
TAAATC,0.447686443053955
TAAATG,0.437890686918953
TAAATT,0.447418752091125
TAACAA,0.651005260121094
TAACAC,0.595405397766424
TAACAG,0.522553255511214
TAACAT,0.71647619089409
TAACCA,0.607219507625833
TAACCC,0.570520402780277
TAACCG,0.436192425730521
TAACCT,0.607685633284971
TAACGA,0.437361646385201
TAACGC,0.434047530633568
TAACGG,0.429225666801777
TAACGT,0.442604626793613
TAACTA,0.564408491789335
TAACTC,0.539304456631761
TAACTG,0.504404225014454
TAACTT,0.56141810102194
TAAGAA,0.427198994085895
TAAGAC,0.432589321773251
TAAGAG,0.429156662395709
TAAGAT,0.429292983585043
TAAGCA,0.431948378344634
TAAGCC,0.436292698228177
TAAGCG,0.427045520771425
TAAGCT,0.43530290283299
TAAGGA,0.427261388588852
TAAGGC,0.428249063868509
TAAGGG,0.428083957417484
TAAGGT,0.428638135535757
TAAGTA,0.434315475641672
TAAGTC,0.431676440540353
TAAGTG,0.432131307234023
TAAGTT,0.431429618149746
TAATAA,0.55812585477515
TAATAC,0.534133787393063
TAATAG,0.455039684157901
TAATAT,0.561534585842067
TAATCA,0.500407660694648
TAATCC,0.484683347417566
TAATCG,0.433114186665593
TAATCT,0.521108111928881
TAATGA,0.457704553077272
TAATGC,0.452995687316969
TAATGG,0.437723827378332
TAATGT,0.46832432710003
TAATTA,0.49995145985292
TAATTC,0.493233335471034
TAATTG,0.453171520317869
TAATTT,0.493792013696566
TACAAA,0.429383854054879
TACAAC,0.444742865047733
TACAAG,0.427527786180801
TACAAT,0.443837699261473
TACACA,0.437897360721497
TACACC,0.435619008172874
TACACG,0.425327035969584
TACACT,0.447547649277537
TACAGA,0.429446112387638
TACAGC,0.431584099159429
TACAGG,0.382544189241777
TACAGT,0.435578873350486
TACATA,0.44268101192284
TACATC,0.441394971587031
TACATG,0.432302458093393
TACATT,0.454330915113997
TACCAA,0.443152477899978
TACCAC,0.451304798595075
TACCAG,0.440232124578923
TACCAT,0.452660368618635
TACCCA,0.463907564820984
TACCCC,0.447921026829781
TACCCG,0.431362445049124
TACCCT,0.466806694146906
TACCGA,0.42819515455528
TACCGC,0.427074193399545
TACCGG,0.427778944223915
TACCGT,0.427814337266144
TACCTA,0.463209935707785
TACCTC,0.451398629005683
TACCTG,0.439757614073272
TACCTT,0.468885769493672
TACGAA,0.427529472015527
TACGAC,0.426137691461365
TACGAG,0.425563545046284
TACGAT,0.426355443132834
TACGCA,0.425737512444474
TACGCC,0.426789117199547
TACGCG,0.425801686949674
TACGCT,0.426112368422008
TACGGA,0.426832980366479
TACGGC,0.425399683995142
TACGGG,0.426514085034881
TACGGT,0.426348691855307
TACGTA,0.428577510946641
TACGTC,0.42859603551659
TACGTG,0.427573302720882
TACGTT,0.428921001698939
TACTAA,0.978147983329865
TACTAC,0.495351188652384
TACTAG,0.451622469516079
TACTAT,0.454462206546758
TACTCA,0.465611375289988
TACTCC,0.452717906778664
TACTCG,0.423646211139674
TACTCT,0.47088304746869
TACTGA,0.450018269813616
TACTGC,0.439571078123542
TACTGG,0.430261843141616
TACTGT,0.45254692654829
TACTTA,0.491852661899686
TACTTC,0.463099311102203
TACTTG,0.442272449686972
TACTTT,0.469036188980483
TAGAAA,0.436849027909601
TAGAAC,0.440979230256004
TAGAAG,0.426281176573025
TAGAAT,0.440267079605919
TAGACA,0.432148088025236
TAGACC,0.431468240639511
TAGACG,0.425342241807007
TAGACT,0.447403878269663
TAGAGA,0.400644706679632
TAGAGC,0.42951509682396
TAGAGG,0.424781162248785
TAGAGT,0.426298055820942
TAGATA,0.438834587515725
TAGATC,0.435061993583207
TAGATG,0.426287928306381
TAGATT,0.440801240133953
TAGCAA,0.43985253418893
TAGCAC,0.441202089102326
TAGCAG,0.436097157543796
TAGCAT,0.448589784053342
TAGCCA,0.430029806031787
TAGCCC,0.434442724374381
TAGCCG,0.42217274459091
TAGCCT,0.440944300113825
TAGCGA,0.425987432041847
TAGCGC,0.425977301380934
TAGCGG,0.429186957599358
TAGCGT,0.426147820497558
TAGCTA,0.446557358603648
TAGCTC,0.431204570499147
TAGCTG,0.399747246556082
TAGCTT,0.451790317023881
TAGGAA,0.427989598633352
TAGGAC,0.431515257309423
TAGGAG,0.423722365905166
TAGGAT,0.429345150975396
TAGGCA,0.431417863182859
TAGGCC,0.432418220008006
TAGGCG,0.42476087636859
TAGGCT,0.435043588407039
TAGGGA,0.431751986237459
TAGGGC,0.430434995176778
TAGGGG,0.424894417517447
TAGGGT,0.428614559743385
TAGGTA,0.436591784784437
TAGGTC,0.432503774550106
TAGGTG,0.424627317384112
TAGGTT,0.425965482146822
TAGTAA,0.446373741229031
TAGTAC,0.445491577044175
TAGTAG,0.415013393538303
TAGTAT,0.43752189010081
TAGTCA,0.43900292843665
TAGTCC,0.433660558332691
TAGTCG,0.426659203456198
TAGTCT,0.443411357617679
TAGTGA,0.428737484554299
TAGTGC,0.430092024162889
TAGTGG,0.424934983448857
TAGTGT,0.433063892061397
TAGTTA,0.44813078402235
TAGTTC,0.43553539214174
TAGTTG,0.422913136526299
TAGTTT,0.437167984296232
TATAAA,0.436887441658424
TATAAC,0.468838859864279
TATAAG,0.425903006731485
TATAAT,0.460734225132933
TATACA,0.431485032561102
TATACC,0.437970769610013
TATACG,0.425813508119868
TATACT,0.492416851557954
TATAGA,0.43233601365077
TATAGC,0.441308511625581
TATAGG,0.425063431376376
TATAGT,0.436660278054405
TATATA,0.419120683008839
TATATC,0.447332811402323
TATATG,0.426075226804286
TATATT,0.447149336372178
TATCAA,0.435123899417123
TATCAC,0.448604640246439
TATCAG,0.434390822241371
TATCAT,0.447043533665234
TATCCA,0.43860453132646
TATCCC,0.446319145777469
TATCCG,0.429563887820284
TATCCT,0.46398559096026
TATCGA,0.425173275068317
TATCGC,0.427628931234301
TATCGG,0.427404712568807
TATCGT,0.427955896909718
TATCTA,0.473689615673986
TATCTC,0.463291269522827
TATCTG,0.452711331156502
TATCTT,0.465372789259805
TATGAA,0.429765756296144
TATGAC,0.436650254942073
TATGAG,0.434640262693428
TATGAT,0.430668618848572
TATGCA,0.435702617212952
TATGCC,0.43263293126678
TATGCG,0.425658133016955
TATGCT,0.445160357691989
TATGGA,0.422635342023428
TATGGC,0.426554585317479
TATGGG,0.426134315093167
TATGGT,0.430848421482233
TATGTA,0.443062850073158
TATGTC,0.434931476836279
TATGTG,0.427866581848658
TATGTT,0.436433062835357
TATTAA,0.588748506699602
TATTAC,0.467046558867821
TATTAG,0.434107824520284
TATTAT,0.450390726201773
TATTCA,0.447507990374355
TATTCC,0.454880582986086
TATTCG,0.429212202901321
TATTCT,0.472915009769954
TATTGA,0.436327791227099
TATTGC,0.441976719230658
TATTGG,0.425430093229558
TATTGT,0.438097554089688
TATTTA,0.458922424799493
TATTTC,0.470442244233158
TATTTG,0.434541498411578
TATTTT,0.395279164592193
TCAAAA,0.427854784923445
TCAAAC,0.444611948523346
TCAAAG,0.424042152604274
TCAAAT,0.444406424725069
TCAACA,0.43289454829795
TCAACC,0.438524499374695
TCAACG,0.426542772904492
TCAACT,0.455008522004304
TCAAGA,0.423617440052217
TCAAGC,0.414723150214617
TCAAGG,0.426559647737474
TCAAGT,0.41949292880366
TCAATA,0.442699277067586
TCAATC,0.441501373586317
TCAATG,0.434020732183635
TCAATT,0.44660532515613
TCACAA,0.447250169158884
TCACAC,0.439139580423063
TCACAG,0.431738556308416
TCACAT,0.450543953374477
TCACCA,0.44595509990801
TCACCC,0.452155534830874
TCACCG,0.423121431772501
TCACCT,0.462362043529984
TCACGA,0.422679387763002
TCACGC,0.420870222628062
TCACGG,0.425296623601067
TCACGT,0.428648239276628
TCACTA,0.518251575324599
TCACTC,0.447821913638004
TCACTG,0.426178206990569
TCACTT,0.461945157325547
TCAGAA,0.430034850889334
TCAGAC,0.435958417460796
TCAGAG,0.428287809392373
TCAGAT,0.43155051836123
TCAGCA,0.43608044289097
TCAGCC,0.396891852228497
TCAGCG,0.426046525518445
TCAGCT,0.43865121367391
TCAGGA,0.409978552018957
TCAGGC,0.427955896909718
TCAGGG,0.427866581848658
TCAGGT,0.423172228910171
TCAGTA,0.440684780853524
TCAGTC,0.444227385703928
TCAGTG,0.435909937472073
TCAGTT,0.445509790926083
TCATAA,0.450832220433938
TCATAC,0.452920086055717
TCATAG,0.431374200667464
TCATAT,0.442978194193299
TCATCA,0.446522622767235
TCATCC,0.454785438232272
TCATCG,0.425577058161304
TCATCT,0.47752480568647
TCATGA,0.428683601565774
TCATGC,0.433201357987765
TCATGG,0.427839617243677
TCATGT,0.44375808505301
TCATTA,0.476314943315374
TCATTC,0.471870516283873
TCATTG,0.437548594890446
TCATTT,0.469720069680299
TCCAAA,0.438872925068893
TCCAAC,0.44216446836504
TCCAAG,0.432518871650687
TCCAAT,0.443036292137236
TCCACA,0.438987928910579
TCCACC,0.428252433104092
TCCACG,0.425951974279637
TCCACT,0.465419861759556
TCCAGA,0.43972597203243
TCCAGC,0.420023012367756
TCCAGG,0.427006727083593
TCCAGT,0.451077593765504
TCCATA,0.454194682030889
TCCATC,0.448860462279568
TCCATG,0.434986697538922
TCCATT,0.46982026822578
TCCCAA,0.412446087808725
TCCCAC,0.451368999300831
TCCCAG,0.41173900733668
TCCCAT,0.46900060791914
TCCCCA,0.484283629576571
TCCCCC,0.463016334616216
TCCCCG,0.431820811793098
TCCCCT,0.483013345825465
TCCCGA,0.418513574161866
TCCCGC,0.427300172398874
TCCCGG,0.420148696100643
TCCCGT,0.428769476205074
TCCCTA,0.47221718985735
TCCCTC,0.477568102535795
TCCCTG,0.459417323144591
TCCCTT,0.487457854464508
TCCGAA,0.426127562322573
TCCGAC,0.427583417226224
TCCGAG,0.425593949298295
TCCGAT,0.427607017340849
TCCGCA,0.426574834843693
TCCGCC,0.415364987302422
TCCGCG,0.425639553943096
TCCGCT,0.428173253066609
TCCGGA,0.424148725449451
TCCGGC,0.424371984112317
TCCGGG,0.424549540643398
TCCGGT,0.427856470206996
TCCGTA,0.428979922079833
TCCGTC,0.423201012809504
TCCGTG,0.42902200594081
TCCGTT,0.428385508830473
TCCTAA,0.486307646500256
TCCTAC,0.47008202994989
TCCTAG,0.443034632242822
TCCTAT,0.464672933213915
TCCTCA,0.471263951613918
TCCTCC,0.466941219960963
TCCTCG,0.428016559194502
TCCTCT,0.489646582430926
TCCTGA,0.421504735617089
TCCTGC,0.439346189426665
TCCTGG,0.417313578016672
TCCTGT,0.465947246886668
TCCTTA,0.477377261603428
TCCTTC,0.490145512546838
TCCTTG,0.461211928027441
TCCTTT,0.501516724263598
TCGAAA,0.427800854350144
TCGAAC,0.419882023977906
TCGAAG,0.425054981361831
TCGAAT,0.426460082106423
TCGACA,0.425430093229558
TCGACC,0.424965406817529
TCGACG,0.425865857336772
TCGACT,0.429208836897882
TCGAGA,0.41872448848281
TCGAGC,0.426230537119753
TCGAGG,0.425582125532359
TCGAGT,0.427178757194795
TCGATA,0.426682825392199
TCGATC,0.423190853880815
TCGATG,0.425886120814063
TCGATT,0.427977803159277
TCGCAA,0.425507801516565
TCGCAC,0.424752423797052
TCGCAG,0.42604821385218
TCGCAT,0.425749334373305
TCGCCA,0.425318588182216
TCGCCC,0.423082485552742
TCGCCG,0.424786233654535
TCGCCT,0.427848043760839
TCGCGA,0.426129250519496
TCGCGC,0.424086136424763
TCGCGG,0.425691912266918
TCGCGT,0.426824545291489
TCGCTA,0.428259171541204
TCGCTC,0.423216251009033
TCGCTG,0.426746939263017
TCGCTT,0.425791554406857
TCGGAA,0.425323656863201
TCGGAC,0.42641957799616
TCGGAG,0.425989120475355
TCGGAT,0.427470466109031
TCGGCA,0.426559647737474
TCGGCC,0.416540051605067
TCGGCG,0.426014446635876
TCGGCT,0.417177317223958
TCGGGA,0.421004284316427
TCGGGC,0.425100610592137
TCGGGG,0.42494512467459
TCGGGT,0.42481328071751
TCGGTA,0.42822379423979
TCGGTC,0.425556788420297
TCGGTG,0.425977301380934
TCGGTT,0.427209112377873
TCGTAA,0.428978238688555
TCGTAC,0.428830089157845
TCGTAG,0.427023594089308
TCGTAT,0.428126079000216
TCGTCA,0.428366980360161
TCGTCC,0.426849850303011
TCGTCG,0.426365569963665
TCGTCT,0.430713992656327
TCGTGA,0.424326321622471
TCGTGC,0.424590120567189
TCGTGG,0.426350379678962
TCGTGT,0.429361978585314
TCGTTA,0.430004581362286
TCGTTC,0.42809912139166
TCGTTG,0.427465408297894
TCGTTT,0.428931102582222
TCTAAA,0.463270123367289
TCTAAC,0.595871363099178
TCTAAG,0.437019373297279
TCTAAT,0.513934403286601
TCTACA,0.436274315689621
TCTACC,0.456879808681058
TCTACG,0.428024984220798
TCTACT,0.509837646411856
TCTAGA,0.442984834129158
TCTAGC,0.435617335920768
TCTAGG,0.429420872990175
TCTAGT,0.442803880106514
TCTATA,0.455738117596173
TCTATC,0.46018939796257
TCTATG,0.445693566990951
TCTATT,0.469789563286812
TCTCAA,0.433891754598003
TCTCAC,0.460174712883066
TCTCAG,0.438971262506623
TCTCAT,0.461664964264459
TCTCCA,0.466989839296806
TCTCCC,0.483788139922434
TCTCCG,0.426480333546352
TCTCCT,0.478978233854872
TCTCGA,0.41567551586564
TCTCGC,0.422355775752867
TCTCGG,0.418996570278212
TCTCGT,0.42994403955932
TCTCTA,0.481473135565538
TCTCTC,0.486371228440601
TCTCTG,0.48902058790902
TCTCTT,0.504444812568778
TCTGAA,0.445077535709501
TCTGAC,0.454519641128669
TCTGAG,0.435048608034135
TCTGAT,0.449533539195651
TCTGCA,0.447397267611334
TCTGCC,0.43891792814728
TCTGCG,0.425465569501004
TCTGCT,0.484646726535147
TCTGGA,0.436499896200305
TCTGGC,0.4327084047424
TCTGGG,0.42999785467629
TCTGGT,0.448231517900483
TCTGTA,0.468431138692607
TCTGTC,0.472989114457561
TCTGTG,0.449891339265283
TCTGTT,0.473726640014376
TCTTAA,0.479256819971029
TCTTAC,0.48475340102127
TCTTAG,0.4408261939296
TCTTAT,0.462392977376019
TCTTCA,0.473386930528142
TCTTCC,0.480103309468076
TCTTCG,0.430115565148996
TCTTCT,0.496676702472718
TCTTGA,0.435294538901016
TCTTGC,0.444646750790916
TCTTGG,0.435945043905553
TCTTGT,0.448649207501538
TCTTTA,0.479560934584314
TCTTTC,0.498627142265785
TCTTTG,0.465729835638375
TCTTTT,0.480346402719149
TGAAAA,0.432466869566907
TGAAAC,0.437284853837305
TGAAAG,0.4249941391492
TGAAAT,0.444592060969489
TGAACA,0.429195372770827
TGAACC,0.417996305597191
TGAACG,0.427074193399545
TGAACT,0.450046291270113
TGAAGA,0.424913010440281
TGAAGC,0.428653291108782
TGAAGG,0.425264520653074
TGAAGT,0.426446580918621
TGAATA,0.432869395788126
TGAATC,0.431468240639511
TGAATG,0.424568139979548
TGAATT,0.43831938825768
TGACAA,0.434966617636228
TGACAC,0.437156296590873
TGACAG,0.426227161065023
TGACAT,0.442375436391565
TGACCA,0.439594397020235
TGACCC,0.435383193020806
TGACCG,0.426203528362769
TGACCT,0.432045720818354
TGACGA,0.424700016258784
TGACGC,0.424463302837297
TGACGG,0.424165640729639
TGACGT,0.425479083940033
TGACTA,0.500974877943798
TGACTC,0.443175713432719
TGACTG,0.436775536626043
TGACTT,0.449060123035898
TGAGAA,0.428942886817102
TGAGAC,0.404121248556853
TGAGAG,0.425303381985113
TGAGAT,0.411774972648176
TGAGCA,0.432107813653236
TGAGCC,0.387597654767453
TGAGCG,0.424743971154068
TGAGCT,0.422003241417556
TGAGGA,0.423121431772501
TGAGGC,0.408433244482442
TGAGGG,0.434956577533678
TGAGGT,0.412487161863938
TGAGTA,0.420966952487261
TGAGTC,0.428284440275979
TGAGTG,0.423830664916409
TGAGTT,0.429964220567568
TGATAA,0.443027992637612
TGATAC,0.446792207362834
TGATAG,0.434991717451596
TGATAT,0.433774487810159
TGATCA,0.431710017110322
TGATCC,0.41724544994119
TGATCG,0.425465569501004
TGATCT,0.426564710131841
TGATGA,0.429797715068241
TGATGC,0.428297916673451
TGATGG,0.421365652251021
TGATGT,0.42906745452151
TGATTA,0.449606098866634
TGATTC,0.433109157319001
TGATTG,0.429397315644455
TGATTT,0.428629715673716
TGCAAA,0.431673082821349
TGCAAC,0.421175653466736
TGCAAG,0.425967170617391
TGCAAT,0.430428271385427
TGCACA,0.429868357150907
TGCACC,0.422882650655585
TGCACG,0.426184959419182
TGCACT,0.432079284991656
TGCAGA,0.429582394127203
TGCAGC,0.422747146651278
TGCAGG,0.418637746849217
TGCAGT,0.397977689108514
TGCATA,0.434266915935748
TGCATC,0.434521409567248
TGCATG,0.459092318505548
TGCATT,0.44797883832213
TGCCAA,0.437653738067906
TGCCAC,0.427311975868586
TGCCAG,0.44184710191647
TGCCAT,0.431095387349168
TGCCCA,0.419396056250309
TGCCCC,0.440413544527731
TGCCCG,0.420579976897793
TGCCCT,0.453061422898554
TGCCGA,0.427055640616401
TGCCGC,0.426893710806137
TGCCGG,0.426888650077031
TGCCGT,0.427787371252353
TGCCTA,0.451791962448235
TGCCTC,0.419020373913547
TGCCTG,0.435602285525969
TGCCTT,0.453748101330913
TGCGAA,0.427023594089308
TGCGAC,0.42554158584491
TGCGAG,0.425962105197131
TGCGAT,0.423287359536759
TGCGCA,0.427254643424864
TGCGCC,0.419994136846348
TGCGCG,0.424904559154575
TGCGCT,0.427276565041477
TGCGGA,0.424493740559249
TGCGGC,0.425048221298784
TGCGGG,0.426996606743604
TGCGGT,0.422740370969054
TGCGTA,0.429198738819586
TGCGTC,0.426654141540172
TGCGTG,0.425825329150323
TGCGTT,0.427593531629263
TGCTAA,0.499714655038554
TGCTAC,0.452642284513141
TGCTAG,0.439689332629002
TGCTAT,0.455457819114438
TGCTCA,0.437727164842012
TGCTCC,0.436132257405377
TGCTCG,0.4256023947598
TGCTCT,0.443970375525148
TGCTGA,0.434985024229098
TGCTGC,0.444620234887389
TGCTGG,0.40847620195252
TGCTGT,0.444903587215458
TGCTTA,0.467336588670418
TGCTTC,0.469430730434954
TGCTTG,0.438477811111411
TGCTTT,0.47769156844047
TGGAAA,0.430209723552035
TGGAAC,0.423751133973994
TGGAAG,0.425333794148095
TGGAAT,0.431169297246529
TGGACA,0.421525087657949
TGGACC,0.427829505329353
TGGACG,0.424867372648926
TGGACT,0.43992912981858
TGGAGA,0.414636060787936
TGGAGC,0.424001550437441
TGGAGG,0.414856331139595
TGGAGT,0.393906245106106
TGGATA,0.432440028723644
TGGATC,0.422703103896159
TGGATG,0.422623483223604
TGGATT,0.432262189938195
TGGCAA,0.436656937028123
TGGCAC,0.428462987805116
TGGCAG,0.424779471774486
TGGCAT,0.430636687897818
TGGCCA,0.399986416965439
TGGCCC,0.430957631598581
TGGCCG,0.423366927370679
TGGCCT,0.423414326475357
TGGCGA,0.424331395335421
TGGCGC,0.418174997686626
TGGCGG,0.421007678049972
TGGCGT,0.419475934297612
TGGCTA,0.429192006710737
TGGCTC,0.413000445257545
TGGCTG,0.424569830811135
TGGCTT,0.441524647514588
TGGGAA,0.431184414507145
TGGGAC,0.416882589755354
TGGGAG,0.397406251547018
TGGGAT,0.387892369659178
TGGGCA,0.414714612370865
TGGGCC,0.426800926702989
TGGGCG,0.416379819358722
TGGGCT,0.422936847116552
TGGGGA,0.425957039751213
TGGGGC,0.424612100671694
TGGGGG,0.42814124233568
TGGGGT,0.41897276607625
TGGGTA,0.433826421941269
TGGGTC,0.429925539943975
TGGGTG,0.412033542281769
TGGGTT,0.424946814868881
TGGTAA,0.445974960373091
TGGTAC,0.439064590791313
TGGTAG,0.429121316831417
TGGTAT,0.431207929791649
TGGTCA,0.422135456357841
TGGTCC,0.429812853077491
TGGTCG,0.425227347530974
TGGTCT,0.410443393894717
TGGTGA,0.413740820046259
TGGTGC,0.420744629552308
TGGTGG,0.407864313551746
TGGTGT,0.421379222211496
TGGTTA,0.439101253091641
TGGTTC,0.433576778376426
TGGTTG,0.427188875691537
TGGTTT,0.426848163322165
TGTAAA,0.43914957861576
TGTAAC,0.460698347444013
TGTAAG,0.429013589310298
TGTAAT,0.420936407226754
TGTACA,0.437006013923359
TGTACC,0.449502204982774
TGTACG,0.425426714471399
TGTACT,0.486684310526642
TGTAGA,0.433236559637028
TGTAGC,0.429821262983612
TGTAGG,0.429417507689048
TGTAGT,0.432210174504371
TGTATA,0.438506157816938
TGTATC,0.442131240996979
TGTATG,0.432557452094484
TGTATT,0.430801373448727
TGTCAA,0.432515516759144
TGTCAC,0.439119583737771
TGTCAG,0.430836659681372
TGTCAT,0.447593916010122
TGTCCA,0.433635425082807
TGTCCC,0.444194226811663
TGTCCG,0.426873467736047
TGTCCT,0.456447528094347
TGTCGA,0.426714882841432
TGTCGC,0.421960861134567
TGTCGG,0.425190173026983
TGTCGT,0.427639045177005
TGTCTA,0.461762714946763
TGTCTC,0.446251310912533
TGTCTG,0.449083221707603
TGTCTT,0.464918182143375
TGTGAA,0.432235343600522
TGTGAC,0.437071139185555
TGTGAG,0.420367755655578
TGTGAT,0.430011308003034
TGTGCA,0.427200680475001
TGTGCC,0.431360765663794
TGTGCG,0.425823640440242
TGTGCT,0.445375662749584
TGTGGA,0.422635342023428
TGTGGC,0.42853204009274
TGTGGG,0.430759364405393
TGTGGT,0.423234875159792
TGTGTA,0.433864951973133
TGTGTC,0.440278731010067
TGTGTG,0.424463302837297
TGTGTT,0.436650254942073
TGTTAA,0.456711175985361
TGTTAC,0.459872805129489
TGTTAG,0.427138282183959
TGTTAT,0.446501119025735
TGTTCA,0.443967058833083
TGTTCC,0.445022869443194
TGTTCG,0.42758004573581
TGTTCT,0.45404365499532
TGTTGA,0.431886275608865
TGTTGC,0.426954437557832
TGTTGG,0.406635969533484
TGTTGT,0.430073527285025
TGTTTA,0.451778798977594
TGTTTC,0.463232709842816
TGTTTG,0.425038081118528
TGTTTT,0.421145114580487
TTAAAA,0.433694068349953
TTAAAC,0.454257056107318
TTAAAG,0.428580879075793
TTAAAT,0.441478099116357
TTAACA,0.647802161053538
TTAACC,0.563177198169608
TTAACG,0.43491474268798
TTAACT,0.536127532939283
TTAAGA,0.422371026837633
TTAAGC,0.428287809392373
TTAAGG,0.428244009993849
TTAAGT,0.432517194206323
TTAATA,0.511303808684519
TTAATC,0.491077765293409
TTAATG,0.448419747458446
TTAATT,0.479187981196351
TTACAA,0.445329293269371
TTACAC,0.444517479119773
TTACAG,0.397220333680725
TTACAT,0.451291628710062
TTACCA,0.45681432363288
TTACCC,0.459040046593261
TTACCG,0.428235586812657
TTACCT,0.463353078798322
TTACGA,0.428826721867962
TTACGC,0.427043834120639
TTACGG,0.426218720878332
TTACGT,0.431174336358794
TTACTA,0.714997649297348
TTACTC,0.467385188787963
TTACTG,0.449698439924913
TTACTT,0.472307466505042
TTAGAA,0.433945357692697
TTAGAC,0.44065982352879
TTAGAG,0.425284796319078
TTAGAT,0.431327177364914
TTAGCA,0.449096420709029
TTAGCC,0.422965637791791
TTAGCG,0.426157949431156
TTAGCT,0.436738788958802
TTAGGA,0.434511364993746
TTAGGC,0.434513039096337
TTAGGG,0.430826578027669
TTAGGT,0.427379421594364
TTAGTA,0.418013325267196
TTAGTC,0.436158999330162
TTAGTG,0.42826422533924
TTAGTT,0.434092751389416
TTATAA,0.452264087380832
TTATAC,0.45313208382964
TTATAG,0.430787930746865
TTATAT,0.440213814315232
TTATCA,0.441990012364276
TTATCC,0.442769013642612
TTATCG,0.428665078617893
TTATCT,0.479711357097973
TTATGA,0.433839823859865
TTATGC,0.436869070049612
TTATGG,0.426193399890829
TTATGT,0.432238699432146
TTATTA,0.50892894371504
TTATTC,0.458683871460735
TTATTG,0.43567419092365
TTATTT,0.431350689292588
TTCAAA,0.444509191904211
TTCAAC,0.442089705234261
TTCAAG,0.406711709444749
TTCAAT,0.44295993414235
TTCACA,0.44518354661792
TTCACC,0.436397973530602
TTCACG,0.424625626649722
TTCACT,0.481765399225109
TTCAGA,0.429656415930234
TTCAGC,0.438192631901797
TTCAGG,0.429151613105869
TTCAGT,0.447745920204443
TTCATA,0.453145229498521
TTCATC,0.459605091748818
TTCATG,0.441983365819555
TTCATT,0.482665609315788
TTCCAA,0.446104043782583
TTCCAC,0.44812582963539
TTCCAG,0.44364196963598
TTCCAT,0.464146500647691
TTCCCA,0.475357569593564
TTCCCC,0.488595639268364
TTCCCG,0.42951004934364
TTCCCT,0.495080202360823
TTCCGA,0.427810966554187
TTCCGC,0.426296367908972
TTCCGG,0.42576115616238
TTCCGT,0.428361927081403
TTCCTA,0.488942905564303
TTCCTC,0.48902375848879
TTCCTG,0.469034571686977
TTCCTT,0.507353456797811
TTCGAA,0.426367257758833
TTCGAC,0.427468780174828
TTCGAG,0.422418473169498
TTCGAT,0.426669327211382
TTCGCA,0.425865857336772
TTCGCC,0.426482021147834
TTCGCG,0.425771289013212
TTCGCT,0.426951063946149
TTCGGA,0.426080291651571
TTCGGC,0.425801686949674
TTCGGG,0.426146132331984
TTCGGT,0.426802613763525
TTCGTA,0.430949231243826
TTCGTC,0.427802539724586
TTCGTG,0.431451448435946
TTCGTT,0.429548746041697
TTCTAA,0.556365251725846
TTCTAC,0.484239029631064
TTCTAG,0.439394503115842
TTCTAT,0.480658179261325
TTCTCA,0.477976924792434
TTCTCC,0.468893857138407
TTCTCG,0.429126366274233
TTCTCT,0.526024102529307
TTCTGA,0.448954522312994
TTCTGC,0.461472693376818
TTCTGG,0.436757162961221
TTCTGT,0.490728074529161
TTCTTA,0.479533728096447
TTCTTC,0.490314933771379
TTCTTG,0.455960988965772
TTCTTT,0.486671598442556
TTGAAA,0.426301431636337
TTGAAC,0.42087701099363
TTGAAG,0.423610670264279
TTGAAT,0.43264802641761
TTGACA,0.433442715845002
TTGACC,0.439469468012596
TTGACG,0.424857230634657
TTGACT,0.468322708654824
TTGAGA,0.409068826670178
TTGAGC,0.424407497940729
TTGAGG,0.422842001382199
TTGAGT,0.428001393968294
TTGATA,0.436912493308341
TTGATC,0.432782195522305
TTGATG,0.425186793458093
TTGATT,0.437853980208795
TTGCAA,0.435028529374571
TTGCAC,0.430451804457367
TTGCAG,0.417398731584525
TTGCAT,0.451806771145589
TTGCCA,0.440816212486064
TTGCCC,0.432411509538276
TTGCCG,0.429020322620375
TTGCCT,0.454271828345072
TTGCGA,0.426912266593744
TTGCGC,0.424617172934894
TTGCGG,0.424978928017622
TTGCGT,0.428638135535757
TTGCTA,0.473895646765615
TTGCTC,0.432943174689771
TTGCTG,0.4414348736635
TTGCTT,0.477749287530413
TTGGAA,0.427662643978857
TTGGAC,0.431689871303627
TTGGAG,0.419944876679497
TTGGAT,0.431112185532797
TTGGCA,0.430246711927707
TTGGCC,0.40863770552841
TTGGCG,0.42499751936924
TTGGCT,0.42881998725418
TTGGGA,0.405676674824691
TTGGGC,0.431805704150077
TTGGGG,0.42639257434452
TTGGGT,0.424826803974672
TTGGTA,0.436730437027914
TTGGTC,0.428191785126705
TTGGTG,0.41974441373097
TTGGTT,0.431332215681668
TTGTAA,0.435898235053694
TTGTAC,0.455974097499597
TTGTAG,0.430300510759231
TTGTAT,0.411925670364049
TTGTCA,0.440476784112853
TTGTCC,0.43704442164235
TTGTCG,0.425906383880753
TTGTCT,0.456822509498422
TTGTGA,0.429511731839911
TTGTGC,0.430997952319157
TTGTGG,0.427381107679227
TTGTGT,0.443250395417228
TTGTTA,0.445756473560085
TTGTTC,0.443671829173841
TTGTTG,0.427477209817421
TTGTTT,0.41766095902247
TTTAAA,0.423190853880815
TTTAAC,0.537261149467421
TTTAAG,0.420252288382561
TTTAAT,0.469325642388154
TTTACA,0.451191202633044
TTTACC,0.451913716337959
TTTACG,0.427876693388076
TTTACT,0.558362537155177
TTTAGA,0.433866627158234
TTTAGC,0.439334527151967
TTTAGG,0.431874526008777
TTTAGT,0.413289478933193
TTTATA,0.45451471829376
TTTATC,0.455659445251961
TTTATG,0.428456250741272
TTTATT,0.440328664061693
TTTCAA,0.446158650978678
TTTCAC,0.443011393431716
TTTCAG,0.436596796646196
TTTCAT,0.468431138692607
TTTCCA,0.472770006452949
TTTCCC,0.497316790608185
TTTCCG,0.428483198724324
TTTCCT,0.529362665369041
TTTCGA,0.427283310057601
TTTCGC,0.425120889581765
TTTCGG,0.426999980201647
TTTCGT,0.42697130544553
TTTCTA,0.520765696631909
TTTCTC,0.508104961057857
TTTCTG,0.486838431689228
TTTCTT,0.508504599704161
TTTGAA,0.424091211356487
TTTGAC,0.449850124583387
TTTGAG,0.405271669266081
TTTGAT,0.424749042748432
TTTGCA,0.442102996866035
TTTGCC,0.444394821315506
TTTGCG,0.425647999019459
TTTGCT,0.468547647419843
TTTGGA,0.419737617672535
TTTGGC,0.426991546535202
TTTGGG,0.416528120301241
TTTGGT,0.41992109504078
TTTGTA,0.427539586964202
TTTGTC,0.444684866170492
TTTGTG,0.436678653499427
TTTGTT,0.4181001210787
TTTTAA,0.453664345242473
TTTTAC,0.481215936776843
TTTTAG,0.410729738700539
TTTTAT,0.426132626904794
TTTTCA,0.452277244464985
TTTTCC,0.494047575940052
TTTTCG,0.427463722355163
TTTTCT,0.514460001916383
TTTTGA,0.398576566405704
TTTTGC,0.442106319746375
TTTTGG,0.411070844941136
TTTTGT,0.399239252978366
TTTTTA,0.385931233428119
TTTTTC,0.469299772867389
TTTTTG,0.360283939384596
TTTTTT,0
