MOTIF,Score
AAAAAA,0
AAAAAC,0.173823924723656
AAAAAG,0.156899823921812
AAAAAT,0.120878339114898
AAAACA,0.163643721764931
AAAACC,0.187141951466407
AAAACG,0.195740689386476
AAAACT,0.182347015410579
AAAAGA,0.157456437342188
AAAAGC,0.183151337796771
AAAAGG,0.177312468020012
AAAAGT,0.16914065626801
AAAATA,0.136211397673106
AAAATC,0.182689764403262
AAAATG,0.156351452117796
AAAATT,0.146639951062943
AAACAA,0.166958803569633
AAACAC,0.190934980505826
AAACAG,0.177831532864519
AAACAT,0.180422823337767
AAACCA,0.183194153395264
AAACCC,0.187215394643463
AAACCG,0.197489117884082
AAACCT,0.196008432331345
AAACGA,0.196869890183181
AAACGC,0.197754048961542
AAACGG,0.197484428206275
AAACGT,0.196625846679552
AAACTA,0.188435893645275
AAACTC,0.197097454015119
AAACTG,0.186972537762002
AAACTT,0.197900551496292
AAAGAA,0.153976183314899
AAAGAC,0.184526467094145
AAAGAG,0.17536297239907
AAAGAT,0.174909781202266
AAAGCA,0.174390396980038
AAAGCC,0.190561991100174
AAAGCG,0.196595337053554
AAAGCT,0.188464287139266
AAAGGA,0.176595620017749
AAAGGC,0.186782949938814
AAAGGG,0.183345182673202
AAAGGT,0.185840402080765
AAAGTA,0.176817071997705
AAAGTC,0.18828681457382
AAAGTG,0.164349308853389
AAAGTT,0.176016021666357
AAATAA,0.142534834484515
AAATAC,0.176158557366681
AAATAG,0.176301072753475
AAATAT,0.164357792266792
AAATCA,0.178815103185994
AAATCC,0.193478455295485
AAATCG,0.198489860837828
AAATCT,0.204594453479817
AAATGA,0.165889685809084
AAATGC,0.183260751793859
AAATGG,0.17557990395326
AAATGT,0.170486995074404
AAATTA,0.155039758577971
AAATTC,0.196959045070714
AAATTG,0.174690305308794
AAATTT,0.166793189330656
AACAAA,0.16928055738665
AACAAC,0.190425036022627
AACAAG,0.185962568449817
AACAAT,0.187432139021597
AACACA,0.187433323288059
AACACC,0.196015477230343
AACACG,0.197096281138445
AACACT,0.195068667715696
AACAGA,0.178635909712349
AACAGC,0.1907024686315
AACAGG,0.188745812325419
AACAGT,0.185059608202323
AACATA,0.184353045921792
AACATC,0.193704438395376
AACATG,0.180706621202888
AACATT,0.18671895593506
AACCAA,0.188659470589671
AACCAC,0.194370320726105
AACCAG,0.189491825540472
AACCAT,0.192457363912156
AACCCA,0.188657104957742
AACCCC,0.193228872950159
AACCCG,0.196279625122087
AACCCT,0.202591333490071
AACCGA,0.197997817323526
AACCGC,0.198861076277412
AACCGG,0.19791109885054
AACCGT,0.197905239223025
AACCTA,0.19647328924034
AACCTC,0.197634486988609
AACCTG,0.194613739438038
AACCTT,0.210320611011704
AACGAA,0.197041154383004
AACGAC,0.198439496077469
AACGAG,0.197600491268587
AACGAT,0.197675514766824
AACGCA,0.198205208035633
AACGCC,0.198328216101777
AACGCG,0.199065946917245
AACGCT,0.1981032756028
AACGGA,0.197707163617075
AACGGC,0.197897035686821
AACGGG,0.197976724333032
AACGGT,0.198460579309084
AACGTA,0.197400010244714
AACGTC,0.199403014107829
AACGTG,0.195086296429049
AACGTT,0.197329656499232
AACTAA,0.192974517422384
AACTAC,0.197330829102217
AACTAG,0.192553982376759
AACTAT,0.198051719611315
AACTCA,0.197416425406484
AACTCC,0.197430495330682
AACTCG,0.19858824049454
AACTCT,0.213752398474205
AACTGA,0.188031198733802
AACTGC,0.196298406315161
AACTGG,0.190069573703788
AACTGT,0.194342094433176
AACTTA,0.191154459876687
AACTTC,0.212599383939447
AACTTG,0.193567913045769
AACTTT,0.216630857161829
AAGAAA,0.149936790407372
AAGAAC,0.186202113535467
AAGAAG,0.176946329404785
AAGAAT,0.174044791056961
AAGACA,0.18265644673953
AAGACC,0.18701874434602
AAGACG,0.197207698280666
AAGACT,0.188147180684617
AAGAGA,0.175134004633596
AAGAGC,0.18788561051116
AAGAGG,0.182101782586548
AAGAGT,0.182675485540446
AAGATA,0.181651635777373
AAGATC,0.190336477496056
AAGATG,0.181740966735747
AAGATT,0.18054565330803
AAGCAA,0.177884141910963
AAGCAC,0.189506007405355
AAGCAG,0.179883624050264
AAGCAT,0.185510596970909
AAGCCA,0.185447708110059
AAGCCC,0.193931547034221
AAGCCG,0.197707163617075
AAGCCT,0.194258586984781
AAGCGA,0.192469147151553
AAGCGC,0.197322620852445
AAGCGG,0.197078687823262
AAGCGT,0.197211216514547
AAGCTA,0.190587963223169
AAGCTC,0.196044830441963
AAGCTG,0.187685540085647
AAGCTT,0.197244052767227
AAGGAA,0.16885235000178
AAGGAC,0.191329064968244
AAGGAG,0.182223216064651
AAGGAT,0.184913586676028
AAGGCA,0.180610043575286
AAGGCC,0.193567913045769
AAGGCG,0.196585949289052
AAGGCT,0.19047108335723
AAGGGA,0.181556340625198
AAGGGC,0.191659315549201
AAGGGG,0.188513973813937
AAGGGT,0.190153431685008
AAGGTA,0.187533980811536
AAGGTC,0.19350082048332
AAGGTG,0.18572652484127
AAGGTT,0.187668964408785
AAGTAA,0.177975005563613
AAGTAC,0.190815780663741
AAGTAG,0.181058275716046
AAGTAT,0.184414815815054
AAGTCA,0.1834331734684
AAGTCC,0.194567882471492
AAGTCG,0.197694269761959
AAGTCT,0.197289787179588
AAGTGA,0.172039601546909
AAGTGC,0.176356157292345
AAGTGG,0.184017996570189
AAGTGT,0.183531856635571
AAGTTA,0.181333552777669
AAGTTC,0.191176877100976
AAGTTG,0.185018059531884
AAGTTT,0.184418379346332
AATAAA,0.148260787736277
AATAAC,0.18753161251561
AATAAG,0.181251335098453
AATAAT,0.168478272397253
AATACA,0.174148005334507
AATACC,0.19553161215927
AATACG,0.19768254793122
AATACT,0.192870872545227
AATAGA,0.180214097041577
AATAGC,0.190525392872807
AATAGG,0.189029623033893
AATAGT,0.18387419983507
AATATA,0.169157541924356
AATATC,0.195955594006821
AATATG,0.181796943402606
AATATT,0.172951986722666
AATCAA,0.185813120173391
AATCAC,0.191283057125373
AATCAG,0.185654158606762
AATCAT,0.188763552854714
AATCCA,0.190833484509007
AATCCC,0.184667794984674
AATCCG,0.198378586466897
AATCCT,0.20144872639899
AATCGA,0.197805620301621
AATCGC,0.196202148971945
AATCGG,0.199064776347102
AATCGT,0.198038830198118
AATCTA,0.204354616863685
AATCTC,0.217992901978042
AATCTG,0.198684268443739
AATCTT,0.222206349213257
AATGAA,0.168579649183432
AATGAC,0.188724523274818
AATGAG,0.181266825902664
AATGAT,0.180304749242022
AATGCA,0.185287501632715
AATGCC,0.19140691957285
AATGCG,0.198578871420404
AATGCT,0.19023610168418
AATGGA,0.181749303884718
AATGGC,0.186272068848062
AATGGG,0.187806297439009
AATGGT,0.186772284555909
AATGTA,0.179069502759302
AATGTC,0.1939091914777
AATGTG,0.182687384606951
AATGTT,0.179373980533646
AATTAA,0.170838648909712
AATTAC,0.187428586213798
AATTAG,0.17514239704793
AATTAT,0.176024406681733
AATTCA,0.187353974334082
AATTCC,0.202977353929378
AATTCG,0.197503186785546
AATTCT,0.212117702027093
AATTGA,0.182197025777396
AATTGC,0.189524916245676
AATTGG,0.18577872018579
AATTGT,0.183244102610019
AATTTA,0.170860322155058
AATTTC,0.220114452886056
AATTTG,0.176108252968756
AATTTT,0.153413953087745
ACAAAA,0.159902592820574
ACAAAC,0.18987466531502
ACAAAG,0.183568711706325
ACAAAT,0.181049932803855
ACAACA,0.187250929728297
ACAACC,0.194860625425273
ACAACG,0.196966083275947
ACAACT,0.197626281230969
ACAAGA,0.185302930039949
ACAAGC,0.192251134744048
ACAAGG,0.190224292102719
ACAAGT,0.190829943765028
ACAATA,0.188706782053098
ACAATC,0.196095315950557
ACAATG,0.188519888729814
ACAATT,0.189308625039938
ACACAA,0.188627534086431
ACACAC,0.203441314214623
ACACAG,0.186209227858586
ACACAT,0.189723437485309
ACACCA,0.189215238967731
ACACCC,0.1966035512752
ACACCG,0.198041173740147
ACACCT,0.195013429068019
ACACGA,0.197856016996297
ACACGC,0.197546564652414
ACACGG,0.196988370599057
ACACGT,0.197371869340476
ACACTA,0.197955630897614
ACACTC,0.203299118110205
ACACTG,0.194492625456382
ACACTT,0.202601831485097
ACAGAA,0.17782794578329
ACAGAC,0.190838205481478
ACAGAG,0.180583811003929
ACAGAT,0.183081163823788
ACAGCA,0.182793280061662
ACAGCC,0.191264181500563
ACAGCG,0.196779554098132
ACAGCT,0.192221669962137
ACAGGA,0.185242401846689
ACAGGC,0.172638335523977
ACAGGG,0.196672782748166
ACAGGT,0.18024391775137
ACAGTA,0.18700808147767
ACAGTC,0.195898055766992
ACAGTG,0.18265644673953
ACAGTT,0.185289875249322
ACATAA,0.182646927203142
ACATAC,0.196636407487065
ACATAG,0.18649850079285
ACATAT,0.186062188227328
ACATCA,0.191316088611493
ACATCC,0.201643727241318
ACATCG,0.19796617767094
ACATCT,0.205907877314688
ACATGA,0.184267512077791
ACATGC,0.192304169163791
ACATGG,0.180410897294402
ACATGT,0.187325549296474
ACATTA,0.186087091621143
ACATTC,0.207255570662234
ACATTG,0.187262774475971
ACATTT,0.187541085665662
ACCAAA,0.187290016863202
ACCAAC,0.195667869695471
ACCAAG,0.188703233770984
ACCAAT,0.194627848850847
ACCACA,0.18493020808774
ACCACC,0.193663247365437
ACCACG,0.192426726839916
ACCACT,0.20125018348371
ACCAGA,0.190315222282647
ACCAGC,0.184771106098877
ACCAGG,0.190053037497156
ACCAGT,0.19441618675292
ACCATA,0.191699409980565
ACCATC,0.202179491839838
ACCATG,0.176795527472094
ACCATT,0.197981411702703
ACCCAA,0.193968020816716
ACCCAC,0.196645794777892
ACCCAG,0.195224964803493
ACCCAT,0.201484927034416
ACCCCA,0.193394875692622
ACCCCC,0.204617735525063
ACCCCG,0.19726633389607
ACCCCT,0.213815839158288
ACCCGA,0.197851329038817
ACCCGC,0.196655181980598
ACCCGG,0.195115676927384
ACCCGT,0.198742817545965
ACCCTA,0.203640587843154
ACCCTC,0.214821124994203
ACCCTG,0.193910368098398
ACCCTT,0.227963611463803
ACCGAA,0.197881800369607
ACCGAC,0.198772090811629
ACCGAG,0.197848985051836
ACCGAT,0.198527339943535
ACCGCA,0.196632887230286
ACCGCC,0.198414898412103
ACCGCG,0.19691212243652
ACCGCT,0.199412375463729
ACCGGA,0.198213409044134
ACCGGC,0.19799078637613
ACCGGG,0.19942992776984
ACCGGT,0.198870442707936
ACCGTA,0.197626281230969
ACCGTC,0.200630943606612
ACCGTG,0.193051066400434
ACCGTT,0.199876822703491
ACCTAA,0.197355453447288
ACCTAC,0.207729155513233
ACCTAG,0.196007258176686
ACCTAT,0.212364925083897
ACCTCA,0.194877082324084
ACCTCC,0.210478014400592
ACCTCG,0.194629024626262
ACCTCT,0.238622689416131
ACCTGA,0.192571655476172
ACCTGC,0.197894691806973
ACCTGG,0.191299573004818
ACCTGT,0.20448269211663
ACCTTA,0.205247309294581
ACCTTC,0.24084580154927
ACCTTG,0.199144371995653
ACCTTT,0.248946650860515
ACGAAA,0.197071650410521
ACGAAC,0.1985940961213
ACGAAG,0.197347245399637
ACGAAT,0.197807964390251
ACGACA,0.198257927631051
ACGACC,0.198334073251337
ACGACG,0.199021464288477
ACGACT,0.198236840126405
ACGAGA,0.197255779739029
ACGAGC,0.198450037748839
ACGAGG,0.194607860457278
ACGAGT,0.198652650503118
ACGATA,0.1982860436122
ACGATC,0.196908603150197
ACGATG,0.197238189229755
ACGATT,0.197381249729879
ACGCAA,0.19834930167964
ACGCAC,0.198447695164805
ACGCAG,0.197151404855095
ACGCAT,0.198622202652464
ACGCCA,0.195197937730724
ACGCCC,0.194846519296445
ACGCCG,0.198322358917912
ACGCCT,0.192619960354342
ACGCGA,0.19909872232497
ACGCGC,0.198501573209256
ACGCGG,0.198897370707018
ACGCGT,0.198617518285463
ACGCTA,0.198738133743935
ACGCTC,0.198900883001267
ACGCTG,0.197201834530024
ACGCTT,0.198791996142817
ACGGAA,0.19734138246721
ACGGAC,0.19796852138324
ACGGAG,0.198228639310061
ACGGAT,0.197873596641118
ACGGCA,0.197285096566889
ACGGCC,0.1973402098766
ACGGCG,0.198447695164805
ACGGCT,0.197663792716239
ACGGGA,0.196673956121656
ACGGGC,0.19768489230836
ACGGGG,0.193899778462279
ACGGGT,0.198277843199357
ACGGTA,0.19849571704069
ACGGTC,0.199535235137249
ACGGTG,0.196693903260336
ACGGTT,0.197980239862345
ACGTAA,0.197255779739029
ACGTAC,0.198397328280683
ACGTAG,0.197749360526015
ACGTAT,0.197751704746526
ACGTCA,0.197941568360146
ACGTCC,0.198263785192313
ACGTCG,0.198651479449082
ACGTCT,0.201888883921431
ACGTGA,0.196141102928705
ACGTGC,0.196087097553076
ACGTGG,0.194484393876738
ACGTGT,0.197472703915537
ACGTTA,0.198085699995226
ACGTTC,0.200304812263363
ACGTTG,0.196441601314663
ACGTTT,0.197303858885676
ACTAAA,0.183606754225656
ACTAAC,0.199853430016744
ACTAAG,0.193465506800217
ACTAAT,0.197843125060345
ACTACA,0.187530428365543
ACTACC,0.200226478143353
ACTACG,0.198802534098922
ACTACT,0.215858783018326
ACTAGA,0.192252313317267
ACTAGC,0.197000100569601
ACTAGG,0.194051552532062
ACTAGT,0.195232015224085
ACTATA,0.196276103609117
ACTATC,0.211417290005761
ACTATG,0.194186835579026
ACTATT,0.204652657576612
ACTCAA,0.196212714254972
ACTCAC,0.203562514603029
ACTCAG,0.192486821750318
ACTCAT,0.205909039901852
ACTCCA,0.194115079024637
ACTCCC,0.216885016416188
ACTCCG,0.196312491978488
ACTCCT,0.229591931061318
ACTCGA,0.198211065905711
ACTCGC,0.200308319617748
ACTCGG,0.195424707474556
ACTCGT,0.201044591632234
ACTCTA,0.210650435264982
ACTCTC,0.252315218113255
ACTCTG,0.230267252031459
ACTCTT,0.251562444356159
ACTGAA,0.188185049428867
ACTGAC,0.198309472992646
ACTGAG,0.185152196172204
ACTGAT,0.198975809006624
ACTGCA,0.172115364811347
ACTGCC,0.201199957558128
ACTGCG,0.19647563645415
ACTGCT,0.20598344266915
ACTGGA,0.19061275416588
ACTGGC,0.197062267116492
ACTGGG,0.188386203090813
ACTGGT,0.194862976427399
ACTGTA,0.192341880817813
ACTGTC,0.215516854874518
ACTGTG,0.190034138640453
ACTGTT,0.209823933507506
ACTTAA,0.194474986274175
ACTTAC,0.20574277621298
ACTTAG,0.19076974919916
ACTTAT,0.206105497719279
ACTTCA,0.205405513204113
ACTTCC,0.232137608441091
ACTTCG,0.198934834543017
ACTTCT,0.26646643051739
ACTTGA,0.188360173719687
ACTTGC,0.206531992184525
ACTTGG,0.190850007815147
ACTTGT,0.199961031845107
ACTTTA,0.204474542361951
ACTTTC,0.266865760278986
ACTTTG,0.195118027329961
ACTTTT,0.242106888028603
AGAAAA,0.1466029431324
AGAAAC,0.18335231735044
AGAAAG,0.170360513974499
AGAAAT,0.162917004491404
AGAACA,0.181237035681577
AGAACC,0.191127322564379
AGAACG,0.196549570869168
AGAACT,0.18873753330404
AGAAGA,0.174581149088158
AGAAGC,0.18524833614527
AGAAGG,0.179870498319217
AGAAGT,0.179028898717315
AGAATA,0.177783704056808
AGAATC,0.186291038936814
AGAATG,0.177613893311861
AGAATT,0.172669584883226
AGACAA,0.186842199994775
AGACAC,0.189329901659331
AGACAG,0.185872427717988
AGACAT,0.185190178500609
AGACCA,0.179420539550158
AGACCC,0.190964483223603
AGACCG,0.196645794777892
AGACCT,0.193988022003616
AGACGA,0.197176033618712
AGACGC,0.197545392302374
AGACGG,0.191167438330947
AGACGT,0.196388785873711
AGACTA,0.192173345840301
AGACTC,0.192650591507136
AGACTG,0.188006343708423
AGACTT,0.192939185148361
AGAGAA,0.171346642561857
AGAGAC,0.178212885760112
AGAGAG,0.175614656569054
AGAGAT,0.176935558592305
AGAGCA,0.18233868324335
AGAGCC,0.191106084154084
AGAGCG,0.195945026006881
AGAGCT,0.186519837285635
AGAGGA,0.178107699486211
AGAGGC,0.187299492302191
AGAGGG,0.185304116830647
AGAGGT,0.182216073327062
AGAGTA,0.186825610332968
AGAGTC,0.199277797547345
AGAGTG,0.183209614133106
AGAGTT,0.183773173233535
AGATAA,0.180345301513404
AGATAC,0.189097016241951
AGATAG,0.187674884324919
AGATAT,0.18489815226063
AGATCA,0.182188692360329
AGATCC,0.195308391594488
AGATCG,0.193780931521244
AGATCT,0.2002112782749
AGATGA,0.180831800543355
AGATGC,0.188432344401841
AGATGG,0.177417737970212
AGATGT,0.182457707615978
AGATTA,0.182060110837895
AGATTC,0.193545549358439
AGATTG,0.183673325152279
AGATTT,0.177118646628919
AGCAAA,0.181105948164775
AGCAAC,0.193279500820548
AGCAAG,0.183188206893984
AGCAAT,0.184703420712477
AGCACA,0.186047957438125
AGCACC,0.194037434985649
AGCACG,0.197037635550753
AGCACT,0.184138009418634
AGCAGA,0.181108331727555
AGCAGC,0.186656143023019
AGCAGG,0.18636573016334
AGCAGT,0.182994331583264
AGCATA,0.189765972624019
AGCATC,0.195609140275431
AGCATG,0.18565059947651
AGCATT,0.1854512679625
AGCCAA,0.186129781710583
AGCCAC,0.179018150312578
AGCCAG,0.17637411898595
AGCCAT,0.192457363912156
AGCCCA,0.18770448337992
AGCCCC,0.194913521636257
AGCCCG,0.195907449991468
AGCCCT,0.200689378846947
AGCCGA,0.194661945776615
AGCCGC,0.197126775484887
AGCCGG,0.195174435334541
AGCCGT,0.198178261391291
AGCCTA,0.194919398820321
AGCCTC,0.181005833397385
AGCCTG,0.175023697784498
AGCCTT,0.206782922993995
AGCGAA,0.197104491246273
AGCGAC,0.197272197268518
AGCGAG,0.195430581655063
AGCGAT,0.192981583727387
AGCGCA,0.197068131685578
AGCGCC,0.197139676659221
AGCGCG,0.198460579309084
AGCGCT,0.197276887941723
AGCGGA,0.197519600253759
AGCGGC,0.197520772634037
AGCGGG,0.198557790682647
AGCGGT,0.197356626020024
AGCGTA,0.198204036457499
AGCGTC,0.198048204333283
AGCGTG,0.197225289326294
AGCGTT,0.19768489230836
AGCTAA,0.185885474905779
AGCTAC,0.18948118900982
AGCTAG,0.191758369459471
AGCTAT,0.195087471665556
AGCTCA,0.188450090493045
AGCTCC,0.198684268443739
AGCTCG,0.198189977412835
AGCTCT,0.205972980114491
AGCTGA,0.184562097857123
AGCTGC,0.190445108198399
AGCTGG,0.167274240946926
AGCTGT,0.194384433573803
AGCTTA,0.194064493441193
AGCTTC,0.209182171255336
AGCTTG,0.191278338252572
AGCTTT,0.203169725396388
AGGAAA,0.16498173177182
AGGAAC,0.188584950495474
AGGAAG,0.175054872692699
AGGAAT,0.180863986984016
AGGACA,0.186646661486023
AGGACC,0.193046355863293
AGGACG,0.197306204150773
AGGACT,0.192843781772424
AGGAGA,0.17046531373625
AGGAGC,0.190200672521388
AGGAGG,0.1725397734555
AGGAGT,0.178638299169891
AGGATA,0.186539987999707
AGGATC,0.193084039539138
AGGATG,0.184554971806091
AGGATT,0.181091646668785
AGGCAA,0.185190178500609
AGGCAC,0.187269881257233
AGGCAG,0.16836240062726
AGGCAT,0.178711174882352
AGGCCA,0.183729193759615
AGGCCC,0.193869185550217
AGGCCG,0.193438432131945
AGGCCT,0.194831237432331
AGGCGA,0.196913295529209
AGGCGC,0.193651478188095
AGGCGG,0.19163337123696
AGGCGT,0.190926719588868
AGGCTA,0.195401210407464
AGGCTC,0.195102749614464
AGGCTG,0.180181889676137
AGGCTT,0.196956698991295
AGGGAA,0.179434864965289
AGGGAC,0.19231006170348
AGGGAG,0.183708986325783
AGGGAT,0.189986889936032
AGGGCA,0.187217763688404
AGGGCC,0.192928585222718
AGGGCG,0.19819114900744
AGGGCT,0.191955268927869
AGGGGA,0.186723696372077
AGGGGC,0.191607426251594
AGGGGG,0.190549004785714
AGGGGT,0.191524869546803
AGGGTA,0.191422253856221
AGGGTC,0.206505268990471
AGGGTG,0.191395123810248
AGGGTT,0.189392546854383
AGGTAA,0.186480720034432
AGGTAC,0.193725621692974
AGGTAG,0.188741081464453
AGGTAT,0.187371739572291
AGGTCA,0.183382044624354
AGGTCC,0.19726633389607
AGGTCG,0.197531323994687
AGGTCT,0.199228642836309
AGGTGA,0.180252267390756
AGGTGC,0.189140760279481
AGGTGG,0.174569153172428
AGGTGT,0.181272783840388
AGGTTA,0.190621017676876
AGGTTC,0.191655777728076
AGGTTG,0.18282897263186
AGGTTT,0.184959888492947
AGTAAA,0.176441173125003
AGTAAC,0.191082485391378
AGTAAG,0.187064948795089
AGTAAT,0.183232210166134
AGTACA,0.190715452953195
AGTACC,0.194995799070051
AGTACG,0.198194663783018
AGTACT,0.192632919802724
AGTAGA,0.174322005287668
AGTAGC,0.17704924465159
AGTAGG,0.188535267347361
AGTAGT,0.188773014341651
AGTATA,0.184983632182861
AGTATC,0.196686863139177
AGTATG,0.189114750541852
AGTATT,0.182953886596078
AGTCAA,0.1888652591482
AGTCAC,0.19240787279045
AGTCAG,0.187596738609953
AGTCAT,0.189667902775589
AGTCCA,0.190963303131603
AGTCCC,0.193094637817114
AGTCCG,0.198323530357429
AGTCCT,0.200373787975027
AGTCGA,0.198161858730522
AGTCGC,0.198256756114681
AGTCGG,0.197874768606451
AGTCGT,0.197761081573618
AGTCTA,0.197670825963079
AGTCTC,0.225564599228892
AGTCTG,0.19456317907397
AGTCTT,0.21633866671767
AGTGAA,0.178754181007662
AGTGAC,0.188306929713834
AGTGAG,0.171125179427628
AGTGAT,0.177628244631157
AGTGCA,0.191042366216645
AGTGCC,0.192003603588974
AGTGCG,0.199397163215889
AGTGCT,0.17708155306784
AGTGGA,0.185713475579449
AGTGGC,0.183536612204897
AGTGGG,0.185529581510215
AGTGGT,0.185191365425126
AGTGTA,0.188019363084477
AGTGTC,0.196939103220205
AGTGTG,0.187949529901936
AGTGTT,0.185531954552287
AGTTAA,0.182557677142046
AGTTAC,0.191961163523818
AGTTAG,0.189121844173752
AGTTAT,0.186509169096149
AGTTCA,0.185994590174885
AGTTCC,0.199517684679444
AGTTCG,0.19558564754162
AGTTCT,0.203152238610331
AGTTGA,0.185813120173391
AGTTGC,0.193851535367514
AGTTGG,0.187975569963917
AGTTGT,0.187377661248228
AGTTTA,0.186790060130891
AGTTTC,0.206566847451412
AGTTTG,0.181045165394209
AGTTTT,0.179400244860756
ATAAAA,0.154541769220933
ATAAAC,0.187243822812349
ATAAAG,0.177314860641951
ATAAAT,0.161717190478572
ATAACA,0.185955452371661
ATAACC,0.198424269022633
ATAACG,0.197873596641118
ATAACT,0.194614915230042
ATAAGA,0.182543396393037
ATAAGC,0.191839727832134
ATAAGG,0.188199249838255
ATAAGT,0.185649413096945
ATAATA,0.172373878771701
ATAATC,0.193889188714018
ATAATG,0.181023711769537
ATAATT,0.176244787590486
ATACAA,0.178447124522205
ATACAC,0.193869185550217
ATACAG,0.18365549408862
ATACAT,0.185306490407815
ATACCA,0.19125946253869
ATACCC,0.199199382932559
ATACCG,0.198978150353836
ATACCT,0.202930712848588
ATACGA,0.198280186181317
ATACGC,0.198161858730522
ATACGG,0.198264956700449
ATACGT,0.197192452457477
ATACTA,0.19530956657001
ATACTC,0.204886603868983
ATACTG,0.193633824162364
ATACTT,0.207796460645713
ATAGAA,0.179415764366176
ATAGAC,0.192174524505203
ATAGAG,0.186925144175805
ATAGAT,0.18372087310102
ATAGCA,0.189114750541852
ATAGCC,0.196051875084546
ATAGCG,0.198062265371269
ATAGCT,0.191206372683114
ATAGGA,0.187869038150297
ATAGGC,0.190415590153441
ATAGGG,0.19421741877494
ATAGGT,0.190978644218972
ATAGTA,0.18468679553078
ATAGTC,0.194444410954604
ATAGTG,0.186366915693386
ATAGTT,0.185819051086136
ATATAA,0.172572227892248
ATATAC,0.188008710880313
ATATAG,0.186790060130891
ATATAT,0.159180459955899
ATATCA,0.191165078624519
ATATCC,0.204588632883809
ATATCG,0.198705346515448
ATATCT,0.218393690901475
ATATGA,0.182480320645309
ATATGC,0.193632647216234
ATATGG,0.187268696797196
ATATGT,0.17966285019901
ATATTA,0.180667275887928
ATATTC,0.207141784024611
ATATTG,0.184564473196183
ATATTT,0.179601979646958
ATCAAA,0.185900894090067
ATCAAC,0.195063966672982
ATCAAG,0.188760004774033
ATCAAT,0.196680996333683
ATCACA,0.187045993381935
ATCACC,0.198598780598021
ATCACG,0.195108625686508
ATCACT,0.203193040635472
ATCAGA,0.183976404598724
ATCAGC,0.193407825102484
ATCAGG,0.189901836641917
ATCAGT,0.19245618558058
ATCATA,0.189589912657443
ATCATC,0.217786128553156
ATCATG,0.187560031696549
ATCATT,0.202100137416945
ATCCAA,0.194979344124849
ATCCAC,0.19478891720517
ATCCAG,0.194303281979453
ATCCAT,0.22285238354117
ATCCCA,0.185507037329665
ATCCCC,0.207802262600222
ATCCCG,0.199731779223723
ATCCCT,0.228555931179847
ATCCGA,0.198276671706318
ATCCGC,0.196199801116113
ATCCGG,0.199154906239111
ATCCGT,0.202105972515475
ATCCTA,0.210233797072094
ATCCTC,0.228443406061022
ATCCTG,0.204650329477784
ATCCTT,0.255130316685067
ATCGAA,0.197921646093543
ATCGAC,0.199417056108815
ATCGAG,0.196569520489108
ATCGAT,0.199030829216864
ATCGCA,0.197800932107876
ATCGCC,0.199541085221403
ATCGCG,0.198193492192532
ATCGCT,0.198200521714864
ATCGGA,0.199158417628936
ATCGGC,0.199074140869886
ATCGGG,0.197705991455298
ATCGGT,0.199295352215747
ATCGTA,0.198232153953872
ATCGTC,0.201503610720619
ATCGTG,0.196696249956376
ATCGTT,0.19851914150919
ATCTAA,0.203559018643727
ATCTAC,0.214884497915909
ATCTAG,0.20027909128865
ATCTAT,0.337472409478992
ATCTCA,0.204667790086888
ATCTCC,0.240933366038069
ATCTCG,0.195261391441504
ATCTCT,0.313211390379556
ATCTGA,0.1966622223248
ATCTGC,0.20734032168285
ATCTGG,0.193966844263851
ATCTGT,0.237581365728995
ATCTTA,0.212070329884599
ATCTTC,0.269535527790988
ATCTTG,0.21087835547813
ATCTTT,0.284613425467063
ATGAAA,0.17024847449636
ATGAAC,0.189676174098033
ATGAAG,0.181369297486399
ATGAAT,0.178025216145623
ATGACA,0.186063374117287
ATGACC,0.195538660418208
ATGACG,0.197986099050402
ATGACT,0.192401980827092
ATGAGA,0.180965307903769
ATGAGC,0.186436859478548
ATGAGG,0.184882717607006
ATGAGT,0.187535164957396
ATGATA,0.184418379346332
ATGATC,0.190999885336032
ATGATG,0.183360641076214
ATGATT,0.1845668485296
ATGCAA,0.188732802403907
ATGCAC,0.193611461949018
ATGCAG,0.186013565528113
ATGCAT,0.190296328380334
ATGCCA,0.18920696383185
ATGCCC,0.192842603896089
ATGCCG,0.197811480512893
ATGCCT,0.190158155869073
ATGCGA,0.19804586080773
ATGCGC,0.197584079128034
ATGCGG,0.199137349105031
ATGCGT,0.197936880803711
ATGCTA,0.19507336873631
ATGCTC,0.200838957504058
ATGCTG,0.190782732647297
ATGCTT,0.203591647121927
ATGGAA,0.181329978236522
ATGGAC,0.19289678477162
ATGGAG,0.185555684663287
ATGGAT,0.18608946334059
ATGGCA,0.18643093222885
ATGGCC,0.192401980827092
ATGGCG,0.194980519487057
ATGGCT,0.190095558618892
ATGGGA,0.184521716229825
ATGGGC,0.191790206132727
ATGGGG,0.185625685210052
ATGGGT,0.191045906208572
ATGGTA,0.185668395001098
ATGGTC,0.19271067296632
ATGGTG,0.178439954761901
ATGGTT,0.189744705280819
ATGTAA,0.179229514402805
ATGTAC,0.191564969368958
ATGTAG,0.189381909267692
ATGTAT,0.186696438552344
ATGTCA,0.189426822752875
ATGTCC,0.199778569741637
ATGTCG,0.198631571320638
ATGTCT,0.208894750676101
ATGTGA,0.18414038576526
ATGTGC,0.1908629902213
ATGTGG,0.183609131835062
ATGTGT,0.181792179552945
ATGTTA,0.184436196812244
ATGTTC,0.198205208035633
ATGTTG,0.179390694276165
ATGTTT,0.185489238933376
ATTAAA,0.16786496510219
ATTAAC,0.192365449879402
ATTAAG,0.185082162471939
ATTAAT,0.179524394160702
ATTACA,0.165756570793821
ATTACC,0.19742932284456
ATTACG,0.197676686964325
ATTACT,0.199968048953498
ATTAGA,0.183196531985875
ATTAGC,0.183054995997088
ATTAGG,0.188968137548794
ATTAGT,0.187493719017969
ATTATA,0.17431120617181
ATTATC,0.208407801518004
ATTATG,0.184860158838558
ATTATT,0.180728081631308
ATTCAA,0.188190966290618
ATTCAC,0.203649909613735
ATTCAG,0.185887847103452
ATTCAT,0.210337972895263
ATTCCA,0.196795979447867
ATTCCC,0.216751619613342
ATTCCG,0.199071799747411
ATTCCT,0.25378692943114
ATTCGA,0.19759462982074
ATTCGC,0.198947712412491
ATTCGG,0.197905239223025
ATTCGT,0.199833545802749
ATTCTA,0.212384561678457
ATTCTC,0.257930890823271
ATTCTG,0.215949713920182
ATTCTT,0.280170871881764
ATTGAA,0.179442027595899
ATTGAC,0.193915074567344
ATTGAG,0.187593186386897
ATTGAT,0.191019945976759
ATTGCA,0.187189334778686
ATTGCC,0.199736458374036
ATTGCG,0.197696614111619
ATTGCT,0.196394654393792
ATTGGA,0.186721326156377
ATTGGC,0.193047533499659
ATTGGG,0.189626545137119
ATTGGT,0.190391975090111
ATTGTA,0.184266324056222
ATTGTC,0.200801564937269
ATTGTG,0.184047704062154
ATTGTT,0.186990309777755
ATTTAA,0.163378088377344
ATTTAC,0.195772399530031
ATTTAG,0.178976349862558
ATTTAT,0.18210892614053
ATTTCA,0.20480513624693
ATTTCC,0.256466375334332
ATTTCG,0.198348130270312
ATTTCT,0.308673031396526
ATTTGA,0.178687281791311
ATTTGC,0.191941121755824
ATTTGG,0.179087415783122
ATTTGT,0.185094032935838
ATTTTA,0.158585800704387
ATTTTC,0.278208796895797
ATTTTG,0.170358104655425
ATTTTT,0.164083862852052
CAAAAA,0.158352958651222
CAAAAC,0.187966100928925
CAAAAG,0.182177977864914
CAAAAT,0.178116066981239
CAAACA,0.186429746774695
CAAACC,0.197032943755156
CAAACG,0.197710680094162
CAAACT,0.197211216514547
CAAAGA,0.180439519559534
CAAAGC,0.188743446897734
CAAAGG,0.185970870476999
CAAAGT,0.172376283239029
CAAATA,0.184097610661977
CAAATC,0.203519396917459
CAAATG,0.185344466876329
CAAATT,0.188861711428364
CAACAA,0.18956509634424
CAACAC,0.195102749614464
CAACAG,0.190175871360553
CAACAT,0.18731488969906
CAACCA,0.194431474961049
CAACCC,0.200059266882035
CAACCG,0.198816584534322
CAACCT,0.196818270562416
CAACGA,0.197995473679887
CAACGC,0.19834930167964
CAACGG,0.198032971319015
CAACGT,0.197242880062483
CAACTA,0.199529385018872
CAACTC,0.207950781175325
CAACTG,0.194293872672898
CAACTT,0.20823731327773
CAAGAA,0.184098798883997
CAAGAC,0.188978779537905
CAAGAG,0.182946749075589
CAAGAT,0.187368186549898
CAAGCA,0.184475394119818
CAAGCC,0.194118608155899
CAAGCG,0.192723631239177
CAAGCT,0.197275715275484
CAAGGA,0.186135710745539
CAAGGC,0.191016405892932
CAAGGG,0.191111983757746
CAAGGT,0.19010146418725
CAAGTA,0.186247170060439
CAAGTC,0.19650262901698
CAAGTG,0.18118460273691
CAAGTT,0.191298393308189
CAATAA,0.188813224662461
CAATAC,0.19744573752517
CAATAG,0.193946842653363
CAATAT,0.195009903093291
CAATCA,0.195492845847095
CAATCC,0.19997389650621
CAATCG,0.198973467653931
CAATCT,0.214174491687856
CAATGA,0.18944218742946
CAATGC,0.194463226646511
CAATGG,0.191461178288768
CAATGT,0.190787453859372
CAATTA,0.19311701159065
CAATTC,0.20094528497485
CAATTG,0.195704280203812
CAATTT,0.199377269927228
CACAAA,0.185259017793972
CACAAC,0.195713676248827
CACAAG,0.191191035088977
CACAAT,0.191590915455876
CACACA,0.201059778839806
CACACC,0.188387386227947
CACACG,0.197037635550753
CACACT,0.204264954425678
CACAGA,0.183976404598724
CACAGC,0.189092287042194
CACAGG,0.188144813840486
CACAGT,0.188441809023006
CACATA,0.189705713976856
CACATC,0.204142674507334
CACATG,0.186502056906596
CACATT,0.199987930493209
CACCAA,0.192499782924206
CACCAC,0.182456517442375
CACCAG,0.191864487762218
CACCAT,0.183991853247207
CACCCA,0.207622386355471
CACCCC,0.207101142801779
CACCCG,0.19458434418861
CACCCT,0.218732341410778
CACCGA,0.198369215428281
CACCGC,0.1942738776025
CACCGG,0.198418412401342
CACCGT,0.195587996839837
CACCTA,0.202347515715913
CACCTC,0.216388138032706
CACCTG,0.189832134799416
CACCTT,0.232713879738814
CACGAA,0.197285096566889
CACGAC,0.198204036457499
CACGAG,0.195663171468794
CACGAT,0.195969684499681
CACGCA,0.198156000572186
CACGCC,0.18654828523454
CACGCG,0.198130224267805
CACGCT,0.199383120935562
CACGGA,0.197052883734417
CACGGC,0.196321882310482
CACGGG,0.196817097358248
CACGGT,0.19775990947504
CACGTA,0.197954459027045
CACGTC,0.199310566012428
CACGTG,0.195732468074003
CACGTT,0.198818926254363
CACTAA,0.198699491540094
CACTAC,0.202971523913244
CACTAG,0.197425805377945
CACTAT,0.20557299595028
CACTCA,0.203021660941264
CACTCC,0.217863099212322
CACTCG,0.199445139519269
CACTCT,0.272995386295709
CACTGA,0.197078687823262
CACTGC,0.17831328051959
CACTGG,0.193532601731914
CACTGT,0.210399315803126
CACTTA,0.20168575836945
CACTTC,0.235028071284451
CACTTG,0.197456289677569
CACTTT,0.232536165461743
CAGAAA,0.172007129819189
CAGAAC,0.19013571579599
CAGAAG,0.178399325149153
CAGAAT,0.183807642279964
CAGACA,0.186516281235119
CAGACC,0.195412959010024
CAGACG,0.196279625122087
CAGACT,0.197465669275113
CAGAGA,0.178577366218993
CAGAGC,0.184338790789173
CAGAGG,0.18003754022209
CAGAGT,0.189413821688297
CAGATA,0.187012820544307
CAGATC,0.19572659566657
CAGATG,0.181723101182462
CAGATT,0.187892712867457
CAGCAA,0.187835892604619
CAGCAC,0.183416527155018
CAGCAG,0.182870612353679
CAGCAT,0.189983346193203
CAGCCA,0.189471734220927
CAGCCC,0.192678865584649
CAGCCG,0.196433385762611
CAGCCT,0.168076284694141
CAGCGA,0.197062267116492
CAGCGC,0.196371180106826
CAGCGG,0.196792459752779
CAGCGT,0.197476221217191
CAGCTA,0.185137952427109
CAGCTC,0.195685487848921
CAGCTG,0.188444175164301
CAGCTT,0.204021544418399
CAGGAA,0.179550654537648
CAGGAC,0.19235484387043
CAGGAG,0.160416170974009
CAGGAT,0.187112335756063
CAGGCA,0.174617135971961
CAGGCC,0.191505998485845
CAGGCG,0.186330163608378
CAGGCT,0.205841607612023
CAGGGA,0.186126224272737
CAGGGC,0.191561431214037
CAGGGG,0.190586782686758
CAGGGT,0.201769815326236
CAGGTA,0.189392546854383
CAGGTC,0.197890004030796
CAGGTG,0.170243655312498
CAGGTT,0.187382398563729
CAGTAA,0.18635624587237
CAGTAC,0.196512017563702
CAGTAG,0.187551742852204
CAGTAT,0.1899750774111
CAGTCA,0.192155665700058
CAGTCC,0.198324701795575
CAGTCG,0.198520312718211
CAGTCT,0.219587067263798
CAGTGA,0.173912757265587
CAGTGC,0.193086394721728
CAGTGG,0.179032481493221
CAGTGT,0.19027979592297
CAGTTA,0.189997521089169
CAGTTC,0.203723315520629
CAGTTG,0.19007429828403
CAGTTT,0.193658539711122
CATAAA,0.181948183831681
CATAAC,0.195650251231617
CATAAG,0.190404963443954
CATAAT,0.18926252414487
CATACA,0.193551434587805
CATACC,0.199168951724436
CATACG,0.19817357494424
CATACT,0.208922569181598
CATAGA,0.188781293069288
CATAGC,0.194178601481853
CATAGG,0.192101444654074
CATAGT,0.19057025503066
CATATA,0.188343609221656
CATATC,0.204724825952095
CATATG,0.18965017828283
CATATT,0.198967614248214
CATCAA,0.192532774245168
CATCAC,0.201727787731039
CATCAG,0.191524869546803
CATCAT,0.207528373637707
CATCCA,0.213740863371951
CATCCC,0.222476247938675
CATCCG,0.201282887381487
CATCCT,0.249778173926206
CATCGA,0.198747501326057
CATCGC,0.199307055156814
CATCGG,0.198274328716123
CATCGT,0.199899045249052
CATCTA,0.227790738045768
CATCTC,0.265103132243243
CATCTG,0.214942106178053
CATCTT,0.276279707229587
CATGAA,0.184664232342087
CATGAC,0.195412959010024
CATGAG,0.182061301483384
CATGAT,0.188544730994455
CATGCA,0.191292494804171
CATGCC,0.186682216786226
CATGCG,0.196770168062865
CATGCT,0.203930687221898
CATGGA,0.188554194551989
CATGGC,0.190152250635504
CATGGG,0.190517128571573
CATGGT,0.181882688816024
CATGTA,0.190327030790316
CATGTC,0.202637990402199
CATGTG,0.185616193897649
CATGTT,0.188821503057215
CATTAA,0.18919632427081
CATTAC,0.200275583831749
CATTAG,0.189640725091569
CATTAT,0.197373041893964
CATTCA,0.211368728415084
CATTCC,0.235440152118388
CATTCG,0.199049558810539
CATTCT,0.279809214690655
CATTGA,0.190973923909464
CATTGC,0.200190231921773
CATTGG,0.193357203728627
CATTGT,0.191593274157669
CATTTA,0.190854728709613
CATTTC,0.271242449847245
CATTTG,0.190996345181188
CATTTT,0.232008496254551
CCAAAA,0.184727170492592
CCAAAC,0.198512114226254
CCAAAG,0.172340215622043
CCAAAT,0.194012728799838
CCAACA,0.19108366534274
CCAACC,0.20255983884373
CCAACG,0.198158343839639
CCAACT,0.205450875884344
CCAAGA,0.185260204636785
CCAAGC,0.196501455442442
CCAAGG,0.189074552343911
CCAAGT,0.18904262909439
CCAATA,0.19658829623844
CCAATC,0.206572656544447
CCAATG,0.19225938472741
CCAATT,0.20261816148053
CCACAA,0.192062545136039
CCACAC,0.193217098659446
CCACAG,0.185464320646363
CCACAT,0.199707213325365
CCACCA,0.17706599729402
CCACCC,0.20662842212068
CCACCG,0.192925051889202
CCACCT,0.22016029936369
CCACGA,0.196954352906371
CCACGC,0.193133497208731
CCACGG,0.196838214822672
CCACGT,0.198180604606582
CCACTA,0.201379824794685
CCACTC,0.229580577231306
CCACTG,0.191106084154084
CCACTT,0.23110084290023
CCAGAA,0.184519340789201
CCAGAC,0.194290344160114
CCAGAG,0.184887466756572
CCAGAT,0.193101703273363
CCAGCA,0.179914647820617
CCAGCC,0.182494602295109
CCAGCG,0.196293711049961
CCAGCT,0.18867366426373
CCAGGA,0.178304914674589
CCAGGC,0.202216832918846
CCAGGG,0.189697442898744
CCAGGT,0.18760384301821
CCAGTA,0.193294806416317
CCAGTC,0.20110417089334
CCAGTG,0.189141942524208
CCAGTT,0.200408858546265
CCATAA,0.192017749877112
CCATAC,0.199467371659893
CCATAG,0.195148582060745
CCATAT,0.201183604386812
CCATCA,0.202555172885837
CCATCC,0.244223819419112
CCATCG,0.200244016166025
CCATCT,0.273799554923157
CCATGA,0.192591684611265
CCATGC,0.191468255295545
CCATGG,0.193005137716777
CCATGT,0.19015579377983
CCATTA,0.196334793872996
CCATTC,0.24148439729085
CCATTG,0.197984927215537
CCATTT,0.237394375528737
CCCAAA,0.176368131790595
CCCAAC,0.203126590770965
CCCAAG,0.191362094934717
CCCAAT,0.20104108685927
CCCACA,0.195560979577112
CCCACC,0.20748890887551
CCCACG,0.196610591982908
CCCACT,0.224949972853623
CCCAGA,0.185566363029523
CCCAGC,0.172673190515687
CCCAGG,0.199192360428263
CCCAGT,0.192682399788129
CCCATA,0.198376243715476
CCCATC,0.2315893330399
CCCATG,0.196665742478313
CCCATT,0.222995255124952
CCCCAA,0.199900214843033
CCCCAC,0.215166746695481
CCCCAG,0.192238170346966
CCCCAT,0.217706854069491
CCCCCA,0.211954778661078
CCCCCC,0.231866906711622
CCCCCG,0.20190172380542
CCCCCT,0.276380475718364
CCCCGA,0.19833993036659
CCCCGC,0.200604062249367
CCCCGG,0.199280138187604
CCCCGT,0.202682312452487
CCCCTA,0.210677047917692
CCCCTC,0.324327542343251
CCCCTG,0.212944619808114
CCCCTT,0.318913677325233
CCCGAA,0.19848634709965
CCCGAC,0.197565322066141
CCCGAG,0.193356026456884
CCCGAT,0.198829463926685
CCCGCA,0.197553598723793
CCCGCC,0.194991097684765
CCCGCG,0.197881800369607
CCCGCT,0.203849141683178
CCCGGA,0.197558288077225
CCCGGC,0.19071427256728
CCCGGG,0.192445580533913
CCCGGT,0.198056406629469
CCCGTA,0.198451209038799
CCCGTC,0.202629825599718
CCCGTG,0.198560133008788
CCCGTT,0.203817686626781
CCCTAA,0.203877100902709
CCCTAC,0.218424690801184
CCCTAG,0.20130741460295
CCCTAT,0.218398283539849
CCCTCA,0.222478534904755
CCCTCC,0.479128784073727
CCCTCG,0.204091428952657
CCCTCT,0.416034904052749
CCCTGA,0.199546935271334
CCCTGC,0.220278344369859
CCCTGG,0.201677585788447
CCCTGT,0.235575593665863
CCCTTA,0.219051371539954
CCCTTC,0.441603130833833
CCCTTG,0.224834759639891
CCCTTT,0.389977588315743
CCGAAA,0.197770458312786
CCGAAC,0.199081164204425
CCGAAG,0.197696614111619
CCGAAT,0.199380780536337
CCGACA,0.197881800369607
CCGACC,0.198547250147117
CCGACG,0.198659676798539
CCGACT,0.198719398316433
CCGAGA,0.193823294427191
CCGAGC,0.197604008120805
CCGAGG,0.194531430562059
CCGAGT,0.19385977215821
CCGATA,0.198418412401342
CCGATC,0.199039023457262
CCGATG,0.198038830198118
CCGATT,0.199063605775587
CCGCAA,0.197867736793849
CCGCAC,0.197122084107499
CCGCAG,0.196542529731813
CCGCAT,0.198834147300963
CCGCCA,0.195271966668526
CCGCCC,0.195436455801064
CCGCCG,0.198732278960548
CCGCCT,0.19553161215927
CCGCGA,0.198466435683426
CCGCGC,0.196666915860064
CCGCGG,0.197747016300008
CCGCGT,0.199062435202703
CCGCTA,0.199480242673294
CCGCTC,0.202721967358715
CCGCTG,0.201101834518599
CCGCTT,0.203655735676221
CCGGAA,0.197244052767227
CCGGAC,0.199421736731994
CCGGAG,0.196751395728034
CCGGAT,0.199583204817065
CCGGCA,0.19782906094066
CCGGCC,0.194590223307622
CCGGCG,0.198423097701119
CCGGCT,0.194676054509283
CCGGGA,0.195807631843582
CCGGGC,0.195657298654408
CCGGGG,0.198565988800137
CCGGGT,0.194791268375888
CCGGTA,0.19946503145784
CCGGTC,0.199142031037592
CCGGTG,0.198931322368014
CCGGTT,0.198201693297115
CCGTAA,0.19779155565445
CCGTAC,0.199647550773914
CCGTAG,0.198548421323218
CCGTAT,0.198404356370296
CCGTCA,0.199697854729153
CCGTCC,0.208907500920516
CCGTCG,0.19935269531838
CCGTCT,0.213028890065164
CCGTGA,0.198328216101777
CCGTGC,0.196856985527793
CCGTGG,0.197773974567306
CCGTGT,0.198027112405586
CCGTTA,0.198863417893268
CCGTTC,0.205679984132381
CCGTTG,0.199174803951765
CCGTTT,0.206752721692786
CCTAAA,0.201807171705855
CCTAAC,0.208586377076038
CCTAAG,0.194659594301818
CCTAAT,0.206048540549783
CCTACA,0.200000794808277
CCTACC,0.225986294878909
CCTACG,0.198482833349125
CCTACT,0.234874485402734
CCTAGA,0.196612938874461
CCTAGC,0.202075629631303
CCTAGG,0.195370663394814
CCTAGT,0.201921566938224
CCTATA,0.207642116297601
CCTATC,0.241848965910029
CCTATG,0.203569506484966
CCTATT,0.234331098953435
CCTCAA,0.201887716651075
CCTCAC,0.22669252161593
CCTCAG,0.17723949030075
CCTCAT,0.236842212481234
CCTCCA,0.231964322468788
CCTCCC,0.456992458880309
CCTCCG,0.201752304042894
CCTCCT,0.494909470585579
CCTCGA,0.198056406629469
CCTCGC,0.202241337244194
CCTCGG,0.196063616045237
CCTCGT,0.202547007407136
CCTCTA,0.233642686847882
CCTCTC,0.490231103806938
CCTCTG,0.268793427355486
CCTCTT,0.445861260325785
CCTGAA,0.195112151313161
CCTGAC,0.198768578064995
CCTGAG,0.18657080595349
CCTGAT,0.203138248961315
CCTGCA,0.20046263103345
CCTGCC,0.229967670102524
CCTGCG,0.199276627225161
CCTGCT,0.235887039625606
CCTGGA,0.195757131808653
CCTGGC,0.189390182956009
CCTGGG,0.176909229451176
CCTGGT,0.203233840995875
CCTGTA,0.187171566299687
CCTGTC,0.29283883295519
CCTGTG,0.20679105395771
CCTGTT,0.247270372807941
CCTTAA,0.213376285587993
CCTTAC,0.223606514965954
CCTTAG,0.202498013134706
CCTTAT,0.230296751458193
CCTTCA,0.250356604022293
CCTTCC,0.768287104881945
CCTTCG,0.207233510999338
CCTTCT,0.543374442599482
CCTTGA,0.209422011485419
CCTTGC,0.235208730362275
CCTTGG,0.20272896512011
CCTTGT,0.237424791978612
CCTTTA,0.249172688741745
CCTTTC,0.615825820848797
CCTTTG,0.249328547172149
CCTTTT,0.455668382794711
CGAAAA,0.19723584380514
CGAAAC,0.197650898301889
CGAAAG,0.197414080399872
CGAAAT,0.198008363651933
CGAACA,0.197824372856809
CGAACC,0.19858824049454
CGAACG,0.198925468715598
CGAACT,0.195421182949689
CGAAGA,0.197513738331752
CGAAGC,0.19819114900744
CGAAGG,0.197831404974343
CGAAGT,0.197688408863765
CGAATA,0.198117335866453
CGAATC,0.199445139519269
CGAATG,0.197806792346623
CGAATT,0.198665532007011
CGACAA,0.198845855640697
CGACAC,0.198294243957798
CGACAG,0.198004848221489
CGACAT,0.198125537595624
CGACCA,0.198195835372133
CGACCC,0.199250879790586
CGACCG,0.199131496658503
CGACCT,0.196996581592885
CGACGA,0.198795508807191
CGACGC,0.198717056363314
CGACGG,0.199139690074052
CGACGT,0.198753356020322
CGACTA,0.19838561468823
CGACTC,0.198954736635032
CGACTG,0.198323530357429
CGACTT,0.199810152103605
CGAGAA,0.197479738506475
CGAGAC,0.193303047793931
CGAGAG,0.198043517276685
CGAGAT,0.19508512119116
CGAGCA,0.198051719611315
CGAGCC,0.196923853301483
CGAGCG,0.198433639545356
CGAGCT,0.198054063123138
CGAGGA,0.196372353834262
CGAGGC,0.195479923409068
CGAGGG,0.196625846679552
CGAGGT,0.194573761687285
CGAGTA,0.194600805634744
CGAGTC,0.198903224523912
CGAGTG,0.198623373740786
CGAGTT,0.197242880062483
CGATAA,0.198295415430251
CGATAC,0.199084675853197
CGATAG,0.198964102188338
CGATAT,0.198662018886042
CGATCA,0.198228639310061
CGATCC,0.197366006552416
CGATCG,0.199170122172641
CGATCT,0.193611461949018
CGATGA,0.197612214061214
CGATGC,0.198547250147117
CGATGG,0.197533668726379
CGATGT,0.198048204333283
CGATTA,0.197758737375088
CGATTC,0.19593680637416
CGATTG,0.198117335866453
CGATTT,0.198670216149104
CGCAAA,0.198070467552123
CGCAAC,0.198404356370296
CGCAAG,0.198042345509103
CGCAAT,0.198563646487712
CGCACA,0.197392975092895
CGCACC,0.196171626416152
CGCACG,0.198467606954179
CGCACT,0.199021464288477
CGCAGA,0.197614558603249
CGCAGC,0.196061267864127
CGCAGG,0.197058748358532
CGCAGT,0.197989614546757
CGCATA,0.198683097426728
CGCATC,0.19875921068031
CGCATG,0.19686167814902
CGCATT,0.199344503647893
CGCCAA,0.198678413344972
CGCCAC,0.192233455979083
CGCCAG,0.198284872128768
CGCCAT,0.195858129328386
CGCCCA,0.195119202529177
CGCCCC,0.199082334755386
CGCCCG,0.193167645124515
CGCCCT,0.199256731538474
CGCCGA,0.198999222232056
CGCCGC,0.197408217859281
CGCCGG,0.198836488979877
CGCCGT,0.198824780530473
CGCCTA,0.198215752177067
CGCCTC,0.193730329031502
CGCCTG,0.190103826404828
CGCCTT,0.203660396501772
CGCGAA,0.19916778127486
CGCGAC,0.199068288053422
CGCGAG,0.198207551187782
CGCGAT,0.198146627447468
CGCGCA,0.198601122828152
CGCGCC,0.195021656294038
CGCGCG,0.198158343839639
CGCGCT,0.198740475647692
CGCGGA,0.198505086893934
CGCGGC,0.19805523487699
CGCGGG,0.19826847121662
CGCGGT,0.198283700643964
CGCGTA,0.199235665085817
CGCGTC,0.199241516922738
CGCGTG,0.198539051876004
CGCGTT,0.198848197292194
CGCTAA,0.199532895094005
CGCTAC,0.198719398316433
CGCTAG,0.198573015704493
CGCTAT,0.199683816670616
CGCTCA,0.199146712948234
CGCTCC,0.202422183932996
CGCTCG,0.199436948606022
CGCTCT,0.214400457446351
CGCTGA,0.1983118159005
CGCTGC,0.199171292619477
CGCTGG,0.197802104158373
CGCTGT,0.201577174341925
CGCTTA,0.199415885949598
CGCTTC,0.203751278258333
CGCTTG,0.196652835188183
CGCTTT,0.206968757080562
CGGAAA,0.197256952428645
CGGAAC,0.198322358917912
CGGAAG,0.196946141565795
CGGAAT,0.198635084548575
CGGACA,0.19817357494424
CGGACC,0.198591753874711
CGGACG,0.1986678740808
CGGACT,0.199095210725524
CGGAGA,0.197323793463681
CGGAGC,0.195732468074003
CGGAGG,0.194525551097386
CGGAGT,0.199861617519351
CGGATA,0.198706517506405
CGGATC,0.197200661775769
CGGATG,0.198352815899393
CGGATT,0.198254413077824
CGGCAA,0.19779155565445
CGGCAC,0.197225289326294
CGGCAG,0.197737639341027
CGGCAT,0.198543736610584
CGGCCA,0.196496761130518
CGGCCC,0.196397001792182
CGGCCG,0.197943912130124
CGGCCT,0.193338367214424
CGGCGA,0.199112768599442
CGGCGC,0.197913442691932
CGGCGG,0.198081013114369
CGGCGT,0.198499230745945
CGGCTA,0.195610314897634
CGGCTC,0.193949195804773
CGGCTG,0.198018909869116
CGGCTT,0.199078823098393
CGGGAA,0.196555438445758
CGGGAC,0.197633314741641
CGGGAG,0.191654598451586
CGGGAT,0.197666137137348
CGGGCA,0.195515166028555
CGGGCC,0.19849571704069
CGGGCG,0.194390313868228
CGGGCT,0.198309472992646
CGGGGA,0.199033170435258
CGGGGC,0.198104447298988
CGGGGG,0.197076342024517
CGGGGT,0.194439706976309
CGGGTA,0.198849368115886
CGGGTC,0.198663189927736
CGGGTG,0.195377712788247
CGGGTT,0.194845343776727
CGGTAA,0.198363358484552
CGGTAC,0.199771551303519
CGGTAG,0.198036486650596
CGGTAT,0.198938346705684
CGGTCA,0.198775603545924
CGGTCC,0.199816000579698
CGGTCG,0.198729937037595
CGGTCT,0.20141252445303
CGGTGA,0.19692502638041
CGGTGC,0.199187678731335
CGGTGG,0.195239065594968
CGGTGT,0.198126709265728
CGGTTA,0.19851914150919
CGGTTC,0.198460579309084
CGGTTG,0.198158343839639
CGGTTT,0.198123194251296
CGTAAA,0.197593457527047
CGTAAC,0.198863417893268
CGTAAG,0.19764620938272
CGTAAT,0.197537185813609
CGTACA,0.198466435683426
CGTACC,0.199363227367549
CGTACG,0.19891610280046
CGTACT,0.200415872512922
CGTAGA,0.19796852138324
CGTAGC,0.198506258119417
CGTAGG,0.198197006959874
CGTAGT,0.1986678740808
CGTATA,0.197588768338535
CGTATC,0.199701364212996
CGTATG,0.198342273203086
CGTATT,0.1997247604572
CGTCAA,0.198568331107075
CGTCAC,0.199159588089472
CGTCAG,0.198676071295867
CGTCAT,0.19925322049385
CGTCCA,0.200330532576524
CGTCCC,0.201717280556247
CGTCCG,0.199068288053422
CGTCCT,0.209498470190722
CGTCGA,0.199380780536337
CGTCGC,0.199377269927228
CGTCGG,0.198988686348449
CGTCGT,0.200408858546265
CGTCTA,0.202276342381678
CGTCTC,0.212838406080983
CGTCTG,0.203363225414403
CGTCTT,0.212722943580653
CGTGAA,0.19615049487023
CGTGAC,0.199197042103273
CGTGAG,0.192050757104552
CGTGAT,0.194270349019163
CGTGCA,0.196932064825078
CGTGCC,0.193636178050469
CGTGCG,0.199122132672815
CGTGCT,0.197737639341027
CGTGGA,0.19586517528633
CGTGGC,0.197083379404242
CGTGGG,0.196818270562416
CGTGGT,0.193695023452404
CGTGTA,0.197980239862345
CGTGTC,0.2006239311483
CGTGTG,0.197198316263134
CGTGTT,0.19844183868071
CGTTAA,0.197437530218545
CGTTAC,0.199395993033393
CGTTAG,0.198506258119417
CGTTAT,0.198219266866172
CGTTCA,0.199613623421768
CGTTCC,0.205933453920082
CGTTCG,0.19974581660898
CGTTCT,0.211233437262035
CGTTGA,0.19830010130634
CGTTGC,0.198227467759378
CGTTGG,0.197531323994687
CGTTGT,0.198550763671305
CGTTTA,0.198533195926915
CGTTTC,0.212800304929662
CGTTTG,0.19846877822356
CGTTTT,0.204645673263866
CTAAAA,0.183783870650953
CTAAAC,0.205163544149916
CTAAAG,0.192897962584139
CTAAAT,0.200810913210049
CTAACA,0.197174860834199
CTAACC,0.210391214125308
CTAACG,0.19940535445502
CTAACT,0.215118366847858
CTAAGA,0.191008145648598
CTAAGC,0.199708383143733
CTAAGG,0.193995081150539
CTAAGT,0.195849908981371
CTAATA,0.198122022577073
CTAATC,0.218541792861513
CTAATG,0.194629024626262
CTAATT,0.198582384833491
CTACAA,0.19351729977534
CTACAC,0.203366722058255
CTACAG,0.188937393388512
CTACAT,0.204813283307806
CTACCA,0.20094528497485
CTACCC,0.217362109321541
CTACCG,0.200005472699998
CTACCT,0.257074089302814
CTACGA,0.198505086893934
CTACGC,0.199549275281724
CTACGG,0.198527339943535
CTACGT,0.199433438194093
CTACTA,0.207430869631059
CTACTC,0.228078464776493
CTACTG,0.208910978231687
CTACTT,0.253064098522368
CTAGAA,0.191425792503607
CTAGAC,0.197929849427859
CTAGAG,0.195078069734824
CTAGAT,0.19675374228916
CTAGCA,0.195105100047425
CTAGCC,0.20413801592906
CTAGCG,0.199480242673294
CTAGCT,0.212039132370073
CTAGGA,0.191654598451586
CTAGGC,0.197551254038831
CTAGGG,0.196710330016965
CTAGGT,0.19571132724585
CTAGTA,0.195849908981371
CTAGTC,0.206026454243839
CTAGTG,0.195548058019515
CTAGTT,0.20698617725575
CTATAA,0.195570376968677
CTATAC,0.20748890887551
CTATAG,0.196294884868327
CTATAT,0.218762183075735
CTATCA,0.221545018219894
CTATCC,0.247388606829959
CTATCG,0.201266535566292
CTATCT,0.381641083280764
CTATGA,0.195707803731038
CTATGC,0.204634032634219
CTATGG,0.1966035512752
CTATGT,0.209241267667063
CTATTA,0.205699752434859
CTATTC,0.246212337065524
CTATTG,0.202136314478984
CTATTT,0.258801293969735
CTCAAA,0.192061366339144
CTCAAC,0.2092864566844
CTCAAG,0.187799194468931
CTCAAT,0.207582925303363
CTCACA,0.206348401061189
CTCACC,0.228563887022106
CTCACG,0.195383587244815
CTCACT,0.258988734142462
CTCAGA,0.192037790109417
CTCAGC,0.185553311677528
CTCAGG,0.188789571728388
CTCAGT,0.206405341154524
CTCATA,0.206376290491599
CTCATC,0.251300283903194
CTCATG,0.202467682144027
CTCATT,0.260489193716938
CTCCAA,0.20788580701284
CTCCAC,0.22338947481378
CTCCAG,0.199619473047363
CTCCAT,0.256582421981974
CTCCCA,0.203299118110205
CTCCCC,0.339405109653223
CTCCCG,0.196016651375351
CTCCCT,0.576721863509262
CTCCGA,0.199779739476534
CTCCGC,0.197218252945176
CTCCGG,0.20065314940019
CTCCGT,0.210839022703569
CTCCTA,0.235120663138993
CTCCTC,0.493541393175834
CTCCTG,0.222950681381583
CTCCTT,0.517858534604814
CTCGAA,0.194349151081101
CTCGAC,0.198724082206216
CTCGAG,0.198601122828152
CTCGAT,0.198517970298796
CTCGCA,0.199468541758866
CTCGCC,0.202798940040913
CTCGCG,0.198740475647692
CTCGCT,0.220903864898528
CTCGGA,0.197823200832412
CTCGGC,0.190669416870045
CTCGGG,0.195320141287584
CTCGGT,0.200532764715075
CTCGTA,0.19901795241772
CTCGTC,0.20803547329911
CTCGTG,0.197635659234204
CTCGTT,0.207963543461186
CTCTAA,0.220641560519319
CTCTAC,0.237289600674902
CTCTAG,0.211964023250332
CTCTAT,0.26806170114105
CTCTCA,0.279726069025298
CTCTCC,0.50714898881243
CTCTCG,0.216441058125487
CTCTCT,0.988919528226154
CTCTGA,0.226684550871384
CTCTGC,0.273257355473265
CTCTGG,0.229145628496722
CTCTGT,0.415147848132224
CTCTTA,0.253310274463225
CTCTTC,0.513625903860622
CTCTTG,0.258411967706929
CTCTTT,0.629234159196461
CTGAAA,0.18843471056553
CTGAAC,0.203107937383702
CTGAAG,0.187536349101853
CTGAAT,0.198119679224509
CTGACA,0.196785420325437
CTGACC,0.20084246298551
CTGACG,0.19900156352445
CTGACT,0.221342412401561
CTGAGA,0.183214371235121
CTGAGC,0.192128555544556
CTGAGG,0.174689105854632
CTGAGT,0.190665875545095
CTGATA,0.200808576150047
CTGATC,0.20975444845447
CTGATG,0.195279016757743
CTGATT,0.207815026781649
CTGCAA,0.186259026703292
CTGCAC,0.190543101859755
CTGCAG,0.184516965342934
CTGCAT,0.206734135823287
CTGCCA,0.201546815408005
CTGCCC,0.222412210764873
CTGCCG,0.197635659234204
CTGCCT,0.276116072245554
CTGCGA,0.198151314020809
CTGCGC,0.197166651304096
CTGCGG,0.19735193572083
CTGCGT,0.201579509606359
CTGCTA,0.211116632741198
CTGCTC,0.234392117553228
CTGCTG,0.216850518948945
CTGCTT,0.272573482552246
CTGGAA,0.189448096857595
CTGGAC,0.196438080372048
CTGGAG,0.199328120105605
CTGGAT,0.199608943696655
CTGGCA,0.195119202529177
CTGGCC,0.197898207624685
CTGGCG,0.19723584380514
CTGGCT,0.208946909739108
CTGGGA,0.157707788336871
CTGGGC,0.184581100411618
CTGGGG,0.191851518351489
CTGGGT,0.193672662607582
CTGGTA,0.198029455975077
CTGGTC,0.199591394532432
CTGGTG,0.198091558565406
CTGGTT,0.205720683152724
CTGTAA,0.184172465892018
CTGTAC,0.207361218090933
CTGTAG,0.192939185148361
CTGTAT,0.216602102047549
CTGTCA,0.234028210797212
CTGTCC,0.287602771659123
CTGTCG,0.203732636520076
CTGTCT,0.466968283415754
CTGTGA,0.192866161159198
CTGTGC,0.207752364691319
CTGTGG,0.193162935136492
CTGTGT,0.233741060454119
CTGTTA,0.206683022900946
CTGTTC,0.262799373177842
CTGTTG,0.218599190824096
CTGTTT,0.30131845107665
CTTAAA,0.197118565560014
CTTAAC,0.218533756883842
CTTAAG,0.196605898183277
CTTAAT,0.210953546182635
CTTACA,0.202982017917813
CTTACC,0.228114851193249
CTTACG,0.199174803951765
CTTACT,0.252926568460428
CTTAGA,0.194604333052232
CTTAGC,0.203224515345973
CTTAGG,0.196605898183277
CTTAGT,0.202053455402922
CTTATA,0.20469456242873
CTTATC,0.240438188984846
CTTATG,0.202819931562374
CTTATT,0.248591345214527
CTTCAA,0.221415675740527
CTTCAC,0.230891092941309
CTTCAG,0.211231124433629
CTTCAT,0.279796257379356
CTTCCA,0.254090539940896
CTTCCC,0.435703887287502
CTTCCG,0.20893763721563
CTTCCT,0.858411640894474
CTTCGA,0.200779362439168
CTTCGC,0.202505012463449
CTTCGG,0.200902054290149
CTTCGT,0.214081092966407
CTTCTA,0.267569942492184
CTTCTC,0.528644046907799
CTTCTG,0.295629440188409
CTTCTT,0.620552349441705
CTTGAA,0.189336993765197
CTTGAC,0.210039306493998
CTTGAG,0.19095976284725
CTTGAT,0.213399364071715
CTTGCA,0.202529509728256
CTTGCC,0.238854447455178
CTTGCG,0.19935269531838
CTTGCT,0.279540316073074
CTTGGA,0.199197042103273
CTTGGC,0.196576561436419
CTTGGG,0.195434106146804
CTTGGT,0.21150168906419
CTTGTA,0.20542179747993
CTTGTC,0.252644794588587
CTTGTG,0.201948412902951
CTTGTT,0.242767089779022
CTTTAA,0.211634632037113
CTTTAC,0.247000389904626
CTTTAG,0.20509140743021
CTTTAT,0.271100862179144
CTTTCA,0.284609127082027
CTTTCC,0.614525576196247
CTTTCG,0.214749681612215
CTTTCT,0.939616841759484
CTTTGA,0.21649397541788
CTTTGC,0.258191318969122
CTTTGG,0.199050729398496
CTTTGT,0.276641559721623
CTTTTA,0.239584246811169
CTTTTC,0.607749983871509
CTTTTG,0.244902751965699
CTTTTT,0.507714838966827
GAAAAA,0.15778830490587
GAAAAC,0.182332731652824
GAAAAG,0.172900319155515
GAAAAT,0.164974464814597
GAAACA,0.183203667723762
GAAACC,0.183035964420294
GAAACG,0.197659103857531
GAAACT,0.189279073428654
GAAAGA,0.174115601999284
GAAAGC,0.187814584173668
GAAAGG,0.182665966185298
GAAAGT,0.182224406515956
GAAATA,0.172423169196389
GAAATC,0.190466360651263
GAAATG,0.174360401199594
GAAATT,0.179138764673109
GAACAA,0.18611318022569
GAACAC,0.193700907802149
GAACAG,0.187353974334082
GAACAT,0.188337693263006
GAACCA,0.189422095112585
GAACCC,0.190073117141062
GAACCG,0.197416425406484
GAACCT,0.193245356724255
GAACGA,0.197398837722848
GAACGC,0.198547250147117
GAACGG,0.197820856779497
GAACGT,0.196917987886203
GAACTA,0.193819764253573
GAACTC,0.191482409158847
GAACTG,0.189219967586062
GAACTT,0.196605898183277
GAAGAA,0.173285959147865
GAAGAC,0.18965608648199
GAAGAG,0.181860062268236
GAAGAT,0.186576732374181
GAAGCA,0.183996606629496
GAAGCC,0.191154459876687
GAAGCG,0.197024733059893
GAAGCT,0.18910647457437
GAAGGA,0.181042781680863
GAAGGC,0.189446914974761
GAAGGG,0.185331412627948
GAAGGT,0.188374371642474
GAAGTA,0.186095392614599
GAAGTC,0.191483588638413
GAAGTG,0.184628605218118
GAAGTT,0.184200980696308
GAATAA,0.181023711769537
GAATAC,0.192427905206205
GAATAG,0.187037700275693
GAATAT,0.182577907854044
GAATCA,0.186299338237484
GAATCC,0.195063966672982
GAATCG,0.195599743248135
GAATCT,0.199346844132022
GAATGA,0.181316871476332
GAATGC,0.194144488071265
GAATGG,0.188539999182103
GAATGT,0.187834708814811
GAATTA,0.1814920112634
GAATTC,0.194233886262255
GAATTG,0.183079974391975
GAATTT,0.180240339313148
GACAAA,0.187236715845892
GACAAC,0.19413625362539
GACAAG,0.192127376825471
GACAAT,0.193232405210339
GACACA,0.187927040211794
GACACC,0.195526913292379
GACACG,0.197023560097923
GACACT,0.195264916529604
GACAGA,0.187358711761797
GACAGC,0.19112142305121
GACAGG,0.194284463277807
GACAGT,0.190814600396246
GACATA,0.19051240608306
GACATC,0.195296641763336
GACATG,0.188411048676688
GACATT,0.187554111100456
GACCAA,0.191984741560159
GACCAC,0.194055081887524
GACCAG,0.184071469420316
GACCAT,0.193631470268719
GACCCA,0.193863302190597
GACCCC,0.196533141471553
GACCCG,0.198753356020322
GACCCT,0.196063616045237
GACCGA,0.198207551187782
GACCGC,0.198093901983868
GACCGG,0.199615963276112
GACCGT,0.197457462132073
GACCTA,0.196247931058905
GACCTC,0.195223789728562
GACCTG,0.197003619533935
GACCTT,0.201929737525522
GACGAA,0.198539051876004
GACGAC,0.198523826337046
GACGAG,0.197695441937476
GACGAT,0.197902895362405
GACGCA,0.197638003721271
GACGCC,0.197500841982381
GACGCG,0.198788483466105
GACGCT,0.197111528427904
GACGGA,0.198443009980273
GACGGC,0.198447695164805
GACGGG,0.193406647890334
GACGGT,0.198498059512232
GACGTA,0.197804448255245
GACGTC,0.198557790682647
GACGTG,0.196646968183049
GACGTT,0.197679031355205
GACTAA,0.192645879083161
GACTAC,0.191358556061921
GACTAG,0.193678547088908
GACTAT,0.196690383205952
GACTCA,0.194631376172944
GACTCC,0.200159830851907
GACTCG,0.198847026467131
GACTCT,0.208821723417036
GACTGA,0.189582822345084
GACTGC,0.195885138564239
GACTGG,0.194242119904222
GACTGT,0.194578465035033
GACTTA,0.194545541136238
GACTTC,0.207328712378565
GACTTG,0.194653715590633
GACTTT,0.205595092273603
GAGAAA,0.171457355739467
GAGAAC,0.188222916739129
GAGAAG,0.179660463188339
GAGAAT,0.174962544179989
GAGACA,0.187368186549898
GAGACC,0.182476750200989
GAGACG,0.190589143758187
GAGACT,0.184360173411898
GAGAGA,0.178793601664504
GAGAGC,0.189067458376531
GAGAGG,0.183735137044796
GAGAGT,0.187808665084491
GAGATA,0.188447724365746
GAGATC,0.187009266246434
GAGATG,0.178425615087073
GAGATT,0.180595734985308
GAGCAA,0.187497271594372
GAGCAC,0.193547903454342
GAGCAG,0.184920710172019
GAGCAT,0.189608819911295
GAGCCA,0.171341828667377
GAGCCC,0.191073045730362
GAGCCG,0.194619618384235
GAGCCT,0.194897065337119
GAGCGA,0.195301341712364
GAGCGC,0.197605180402129
GAGCGG,0.198073982751895
GAGCGT,0.198389128780373
GAGCTA,0.192130912978558
GAGCTC,0.19580998062035
GAGCTG,0.18362220858575
GAGCTT,0.192298276589381
GAGGAA,0.178344353045434
GAGGAC,0.191622757460672
GAGGAG,0.182545776532034
GAGGAT,0.183719684429854
GAGGCA,0.176432791603507
GAGGCC,0.184094045987444
GAGGCG,0.1917406819808
GAGGCT,0.178297743894597
GAGGGA,0.186257841045333
GAGGGC,0.192345416212465
GAGGGG,0.188442992094354
GAGGGT,0.192054293528588
GAGGTA,0.188545913944044
GAGGTC,0.189541461187665
GAGGTG,0.179450383933436
GAGGTT,0.182245834397108
GAGTAA,0.187749472265672
GAGTAC,0.195113326519283
GAGTAG,0.181076153150648
GAGTAT,0.192166273821714
GAGTCA,0.189133666781764
GAGTCC,0.194589047486585
GAGTCG,0.197265161217455
GAGTCT,0.207889287878568
GAGTGA,0.183670947695494
GAGTGC,0.198647966278744
GAGTGG,0.189172680396539
GAGTGT,0.192810800710585
GAGTTA,0.189468188652046
GAGTTC,0.187786172226084
GAGTTG,0.189972714889369
GAGTTT,0.182706422818862
GATAAA,0.181632577473417
GATAAC,0.195004026441116
GATAAG,0.19011918068307
GATAAT,0.186411964793725
GATACA,0.189354723809813
GATACC,0.196894525881048
GATACG,0.198216923741475
GATACT,0.195833468084617
GATAGA,0.189235335441213
GATAGC,0.194536134108908
GATAGG,0.193985668943568
GATAGT,0.191638088434706
GATATA,0.189327537612864
GATATC,0.198112649133868
GATATG,0.189847493249822
GATATT,0.18900834002456
GATCAA,0.193307757122073
GATCAC,0.184486084027964
GATCAG,0.189666721152512
GATCAT,0.191284236840093
GATCCA,0.190149888532312
GATCCC,0.197642692678916
GATCCG,0.195511641822497
GATCCT,0.196192757515542
GATCGA,0.19705522958819
GATCGC,0.196558958975186
GATCGG,0.198861076277412
GATCGT,0.197586423736033
GATCTA,0.197819684750979
GATCTC,0.202665983504615
GATCTG,0.1946349034826
GATCTT,0.210982464179027
GATGAA,0.184282956229746
GATGAC,0.193153515093893
GATGAG,0.188904283235728
GATGAT,0.185930545699325
GATGCA,0.192126198104996
GATGCC,0.193730329031502
GATGCG,0.198146627447468
GATGCT,0.190891314886076
GATGGA,0.187998058562678
GATGGC,0.19238783997339
GATGGG,0.183374910159208
GATGGT,0.187088642556267
GATGTA,0.189984527442208
GATGTC,0.195202638143678
GATGTG,0.186967798504458
GATGTT,0.187181042861109
GATTAA,0.184953952482379
GATTAC,0.17470229977129
GATTAG,0.190458095862153
GATTAT,0.183909853845995
GATTCA,0.189947908074206
GATTCC,0.201289895220434
GATTCG,0.198239183204437
GATTCT,0.198150142379533
GATTGA,0.191028206123621
GATTGC,0.191109623920458
GATTGG,0.192120304481781
GATTGT,0.189972714889369
GATTTA,0.183676891326857
GATTTC,0.201308582550872
GATTTG,0.183681646206512
GATTTT,0.183179881732785
GCAAAA,0.184240187224625
GCAAAC,0.191622757460672
GCAAAG,0.186727251685093
GCAAAT,0.187679620232594
GCAACA,0.187884426780207
GCAACC,0.187014005307457
GCAACG,0.197793899776049
GCAACT,0.194905293520539
GCAAGA,0.185674326772254
GCAAGC,0.192953318207775
GCAAGG,0.190180595438611
GCAAGT,0.190449831004735
GCAATA,0.19289325132574
GCAATC,0.193848005293589
GCAATG,0.191675825215627
GCAATT,0.192458542242344
GCACAA,0.191454101231908
GCACAC,0.192194561595986
GCACAG,0.186051515154411
GCACAT,0.189108839143497
GCACCA,0.188765918234841
GCACCC,0.195029883452369
GCACCG,0.198049376094
GCACCT,0.19330187045843
GCACGA,0.196644621371358
GCACGC,0.197139676659221
GCACGG,0.196563652995145
GCACGT,0.196695076609044
GCACTA,0.196833522091339
GCACTC,0.192018928725424
GCACTG,0.194051552532062
GCACTT,0.189095833944109
GCAGAA,0.181271592255683
GCAGAC,0.192473860408435
GCAGAG,0.180816302998734
GCAGAT,0.186816130402653
GCAGCA,0.188567206797367
GCAGCC,0.187807481262451
GCAGCG,0.19724874357245
GCAGCT,0.190523031650853
GCAGGA,0.179526781496193
GCAGGC,0.18939491074717
GCAGGG,0.19076974919916
GCAGGT,0.188470202349042
GCAGTA,0.19022193016969
GCAGTC,0.194825359730103
GCAGTG,0.176152568880574
GCAGTT,0.188925568459795
GCATAA,0.19035773225769
GCATAC,0.196856985527793
GCATAG,0.19230888319832
GCATAT,0.191438767436889
GCATCA,0.193679723981017
GCATCC,0.199147883422469
GCATCG,0.198073982751895
GCATCT,0.203459961384374
GCATGA,0.183930057221258
GCATGC,0.192708316898668
GCATGG,0.186472422238974
GCATGT,0.190182957469271
GCATTA,0.190820501719791
GCATTC,0.199103404438383
GCATTG,0.193182952432384
GCATTT,0.188860528852288
GCCAAA,0.191658136276883
GCCAAC,0.19057025503066
GCCAAG,0.184592976824811
GCCAAT,0.194482041984395
GCCACA,0.19211912575297
GCCACC,0.180961732046071
GCCACG,0.195952071352584
GCCACT,0.18989120447149
GCCAGA,0.188513973813937
GCCAGC,0.191250024548137
GCCAGG,0.176126219115654
GCCAGT,0.189300350676807
GCCATA,0.193431369054447
GCCATC,0.200017167333566
GCCATG,0.190762667247307
GCCATT,0.198517970298796
GCCCAA,0.195185011481178
GCCCAC,0.194260939402725
GCCCAG,0.184199792595697
GCCCAT,0.196627020108117
GCCCCA,0.195957942436085
GCCCCC,0.202171323292933
GCCCCG,0.196948487669982
GCCCCT,0.209374511466976
GCCCGA,0.198316501699739
GCCCGC,0.19353848703748
GCCCGG,0.190201853513704
GCCCGT,0.198458236749744
GCCCTA,0.19924619836762
GCCCTC,0.21046759876536
GCCCTG,0.196950833768666
GCCCTT,0.218329391749447
GCCGAA,0.198554277183149
GCCGAC,0.198186462620785
GCCGAG,0.190733158574721
GCCGAT,0.198282529157787
GCCGCA,0.196840561180081
GCCGCC,0.196746702589263
GCCGCG,0.198350473087596
GCCGCT,0.19983705481042
GCCGGA,0.198202864877993
GCCGGC,0.197382422272367
GCCGGG,0.193943312915864
GCCGGT,0.198681926408346
GCCGTA,0.198508600566267
GCCGTC,0.199009758004659
GCCGTG,0.197687236680004
GCCGTT,0.199247368725416
GCCTAA,0.198120850901478
GCCTAC,0.198828293079688
GCCTAG,0.193818587526264
GCCTAT,0.200291951858702
GCCTCA,0.182112497898384
GCCTCC,0.182080351618416
GCCTCG,0.193537309979138
GCCTCT,0.245374489603137
GCCTGA,0.191778414890442
GCCTGC,0.208624639118544
GCCTGG,0.172585449768216
GCCTGT,0.196286668110826
GCCTTA,0.199480242673294
GCCTTC,0.237112697782948
GCCTTG,0.201389167663322
GCCTTT,0.241265592305348
GCGAAA,0.197103318377853
GCGAAC,0.19828721509426
GCGAAG,0.198357501506518
GCGAAT,0.198493374563661
GCGACA,0.196450990434361
GCGACC,0.198256756114681
GCGACG,0.198464093137805
GCGACT,0.198377415091872
GCGAGA,0.195825247534875
GCGAGC,0.1972628158561
GCGAGG,0.196852292884544
GCGAGT,0.198405527713763
GCGATA,0.198841172321254
GCGATC,0.194845343776727
GCGATG,0.197738811465708
GCGATT,0.194090374757063
GCGCAA,0.198000160961673
GCGCAC,0.197154923287035
GCGCAG,0.195973207091874
GCGCAT,0.197247570873207
GCGCCA,0.195284891794123
GCGCCC,0.194444410954604
GCGCCG,0.198587069365074
GCGCCT,0.194072728477992
GCGCGA,0.197735295087543
GCGCGC,0.197273369938882
GCGCGG,0.197736467214971
GCGCGT,0.199094040189635
GCGCTA,0.198363358484552
GCGCTC,0.198387957417697
GCGCTG,0.197381249729879
GCGCTT,0.198383271953274
GCGGAA,0.198223953099097
GCGGAC,0.198485175850847
GCGGAG,0.194844168255628
GCGGAT,0.195995516554278
GCGGCA,0.197567666718119
GCGGCC,0.19688983341396
GCGGCG,0.197967349527776
GCGGCT,0.197955630897614
GCGGGA,0.196733796344073
GCGGGC,0.195771225098201
GCGGGG,0.19777280248384
GCGGGT,0.196785420325437
GCGGTA,0.198958248727801
GCGGTC,0.198793167032313
GCGGTG,0.195284891794123
GCGGTT,0.198089215141453
GCGTAA,0.197961490229861
GCGTAC,0.199126814676619
GCGTAG,0.197953287155103
GCGTAT,0.199202894166213
GCGTCA,0.19809507369104
GCGTCC,0.198533195926915
GCGTCG,0.199027317378997
GCGTCT,0.201564330290055
GCGTGA,0.191006965608123
GCGTGC,0.197259297803753
GCGTGG,0.19279430977175
GCGTGT,0.197723573737689
GCGTTA,0.198252070035477
GCGTTC,0.199417056108815
GCGTTG,0.198264956700449
GCGTTT,0.198038830198118
GCTAAA,0.192974517422384
GCTAAC,0.198116164185366
GCTAAG,0.193571444108577
GCTAAT,0.182455327267355
GCTACA,0.196455684961152
GCTACC,0.199494283589886
GCTACG,0.198202864877993
GCTACT,0.19490999530924
GCTAGA,0.195846385954822
GCTAGC,0.198363358484552
GCTAGG,0.192209883806279
GCTAGT,0.196238540032455
GCTATA,0.195947374460964
GCTATC,0.205559040126089
GCTATG,0.195887487158968
GCTATT,0.201212806290843
GCTCAA,0.191639267730666
GCTCAC,0.181981525101043
GCTCAG,0.190001064781766
GCTCAT,0.199399503576773
GCTCCA,0.197608697237856
GCTCCC,0.207451764147121
GCTCCG,0.196948487669982
GCTCCT,0.219378329179433
GCTCGA,0.19836804404228
GCTCGC,0.198966443562959
GCTCGG,0.196534315008906
GCTCGT,0.200435745151293
GCTCTA,0.204007566925466
GCTCTC,0.236560379138531
GCTCTG,0.217070132495357
GCTCTT,0.226121883532621
GCTGAA,0.190016420637908
GCTGAC,0.195519864950644
GCTGAG,0.169036923837537
GCTGAT,0.195317791360009
GCTGCA,0.188092741852262
GCTGCC,0.197458634585202
GCTGCG,0.197290959829325
GCTGCT,0.209689591381929
GCTGGA,0.200830777999547
GCTGGC,0.193745627728683
GCTGGG,0.152143791027612
GCTGGT,0.186865899034234
GCTGTA,0.19976570256746
GCTGTC,0.210806629845192
GCTGTG,0.19044392749333
GCTGTT,0.206943206941343
GCTTAA,0.195197937730724
GCTTAC,0.201115852685166
GCTTAG,0.195721897715793
GCTTAT,0.199013269904193
GCTTCA,0.198829463926685
GCTTCC,0.225417533792813
GCTTCG,0.19950715425691
GCTTCT,0.255257584605137
GCTTGA,0.189451642497713
GCTTGC,0.208480859009803
GCTTGG,0.193359558267954
GCTTGT,0.198225124653897
GCTTTA,0.206143854801318
GCTTTC,0.255864927458576
GCTTTG,0.200949958450445
GCTTTT,0.232465976601813
GGAAAA,0.170797709275738
GGAAAC,0.186382327456094
GGAAAG,0.179665237203984
GGAAAT,0.178210495285845
GGAACA,0.189306260943173
GGAACC,0.193087572310944
GGAACG,0.19791109885054
GGAACT,0.191127322564379
GGAAGA,0.180354842985331
GGAAGC,0.187692643863052
GGAAGG,0.182623127965695
GGAAGT,0.18545957423558
GGAATA,0.18839803439917
GGAATC,0.193507883070296
GGAATG,0.189627726807669
GGAATT,0.183259562575634
GGACAA,0.191018765950209
GGACAC,0.19353848703748
GGACAG,0.187164458819685
GGACAT,0.189459915609102
GGACCA,0.191244125758808
GGACCC,0.196020173802103
GGACCG,0.199071799747411
GGACCT,0.199388971909662
GGACGA,0.197577045271054
GGACGC,0.197188934157579
GGACGG,0.198076326211545
GGACGT,0.197694269761959
GGACTA,0.186449899304218
GGACTC,0.197730606564088
GGACTG,0.19211912575297
GGACTT,0.197700130625803
GGAGAA,0.17270323694729
GGAGAC,0.187592002309741
GGAGAG,0.182287498407215
GGAGAT,0.184389870740537
GGAGCA,0.189890023112242
GGAGCC,0.191675825215627
GGAGCG,0.198062265371269
GGAGCT,0.18924361034232
GGAGGA,0.181015368568976
GGAGGC,0.167886702892135
GGAGGG,0.18909110473876
GGAGGT,0.180912860709306
GGAGTA,0.192009497900018
GGAGTC,0.194914697075833
GGAGTG,0.196205670745357
GGAGTT,0.182023200124562
GGATAA,0.188620436947198
GGATAC,0.195853431995509
GGATAG,0.192064902725662
GGATAT,0.191087205188472
GGATCA,0.185839215926356
GGATCC,0.196601204361615
GGATCG,0.198049376094
GGATCT,0.201118189027155
GGATGA,0.188566023872966
GGATGC,0.195604441772821
GGATGG,0.187332655631625
GGATGT,0.190486431997586
GGATTA,0.167298408289541
GGATTC,0.195202638143678
GGATTG,0.19059740746429
GGATTT,0.185103529205504
GGCAAA,0.18721894820877
GGCAAC,0.188748177747509
GGCAAG,0.187889161695614
GGCAAT,0.19493938098777
GGCACA,0.187190519332727
GGCACC,0.192339523881101
GGCACG,0.194552596348663
GGCACT,0.192753081234838
GGCAGA,0.179433671188533
GGCAGC,0.191411637838932
GGCAGG,0.178058688466406
GGCAGT,0.18910647457437
GGCATA,0.192090835844676
GGCATC,0.19551281655923
GGCATG,0.1783598889463
GGCATT,0.1900872907646
GGCCAA,0.183550878777184
GGCCAC,0.194278582360915
GGCCAG,0.179844246340256
GGCCAT,0.195925063924499
GGCCCA,0.191351478278757
GGCCCC,0.198032971319015
GGCCCG,0.196712676674456
GGCCCT,0.197551254038831
GGCCGA,0.194078610605615
GGCCGC,0.198056406629469
GGCCGG,0.196117622688975
GGCCGT,0.199081164204425
GGCCTA,0.195447029176911
GGCCTC,0.190558449394773
GGCCTG,0.193557319782536
GGCCTT,0.204280092803968
GGCGAA,0.197316757775644
GGCGAC,0.196555438445758
GGCGAG,0.197709507936507
GGCGAT,0.197426977868191
GGCGCA,0.195197937730724
GGCGCC,0.193679723981017
GGCGCG,0.196300753939493
GGCGCT,0.197642692678916
GGCGGA,0.193285387615875
GGCGGC,0.196496761130518
GGCGGG,0.191478870711803
GGCGGT,0.197496152359556
GGCGTA,0.197996645502393
GGCGTC,0.199108086529873
GGCGTG,0.185849891265387
GGCGTT,0.198614004995811
GGCTAA,0.184192663962382
GGCTAC,0.197245225470596
GGCTAG,0.196914468620522
GGCTAT,0.198515627873895
GGCTCA,0.171983076007725
GGCTCC,0.197792727715937
GGCTCG,0.197022387134578
GGCTCT,0.20566021543911
GGCTGA,0.176984624687422
GGCTGC,0.193553788669854
GGCTGG,0.190432120365963
GGCTGT,0.197567666718119
GGCTTA,0.1931429174399
GGCTTC,0.208660580915849
GGCTTG,0.194349151081101
GGCTTT,0.207976305584174
GGGAAA,0.178325231605329
GGGAAC,0.191758369459471
GGGAAG,0.182487461495705
GGGAAT,0.187395426065642
GGGACA,0.188907830804535
GGGACC,0.197161960113777
GGGACG,0.197421115403213
GGGACT,0.185486865789935
GGGAGA,0.181611136447298
GGGAGC,0.19097510398893
GGGAGG,0.16660457328984
GGGAGT,0.189853400283323
GGGATA,0.191912826811293
GGGATC,0.195434106146804
GGGATG,0.190890134707728
GGGATT,0.169121358025902
GGGCAA,0.18545364119042
GGGCAC,0.191128502462836
GGGCAG,0.187091011901508
GGGCAT,0.190338839158547
GGGCCA,0.192610535195485
GGGCCC,0.195840514216324
GGGCCG,0.198305958620574
GGGCCT,0.199945827941339
GGGCGA,0.196294884868327
GGGCGC,0.196151668856718
GGGCGG,0.193589099235591
GGGCGT,0.196118796714055
GGGCTA,0.196638754318033
GGGCTC,0.192022465262021
GGGCTG,0.191100184515617
GGGCTT,0.197334346902923
GGGGAA,0.186314751041707
GGGGAC,0.192561051654005
GGGGAG,0.187291201297985
GGGGAT,0.191891605077486
GGGGCA,0.189826227640296
GGGGCC,0.196731449736142
GGGGCG,0.196994235601528
GGGGCT,0.194720730849558
GGGGGA,0.190034138640453
GGGGGC,0.193896248558652
GGGGGG,0.195873395507851
GGGGGT,0.195640854590636
GGGGTA,0.194283287097196
GGGGTC,0.195683138779729
GGGGTG,0.195657298654408
GGGGTT,0.18577872018579
GGGTAA,0.191976489310676
GGGTAC,0.194664297245883
GGGTAG,0.193311289103625
GGGTAT,0.193771517298427
GGGTCA,0.191621578145241
GGGTCC,0.197974380639958
GGGTCG,0.198088043427417
GGGTCT,0.216499727128762
GGGTGA,0.188843972640384
GGGTGC,0.197754048961542
GGGTGG,0.190060124476339
GGGTGT,0.193311289103625
GGGTTA,0.192054293528588
GGGTTC,0.191739502804431
GGGTTG,0.19310994624256
GGGTTT,0.182839680154502
GGTAAA,0.186219899248366
GGTAAC,0.196226801125372
GGTAAG,0.191607426251594
GGTAAT,0.192014213323838
GGTACA,0.191773698354598
GGTACC,0.198480490841916
GGTACG,0.198007191843158
GGTACT,0.196935584028834
GGTAGA,0.18925779572777
GGTAGC,0.196038959868568
GGTAGG,0.191857413559036
GGTAGT,0.192624672900458
GGTATA,0.189028440656369
GGTATC,0.1960718346357
GGTATG,0.190805158206134
GGTATT,0.191791385249308
GGTCAA,0.191057706091157
GGTCAC,0.196378222450775
GGTCAG,0.183591299626722
GGTCAT,0.192972161976287
GGTCCA,0.194674878789164
GGTCCC,0.198943029570052
GGTCCG,0.199358546470501
GGTCCT,0.204139180575663
GGTCGA,0.197920474183148
GGTCGC,0.199488433231931
GGTCGG,0.197493807539896
GGTCGT,0.198327044667749
GGTCTA,0.197673170367699
GGTCTC,0.215238160288206
GGTCTG,0.198044689042894
GGTCTT,0.208589855504034
GGTGAA,0.182312495980079
GGTGAC,0.191022306025682
GGTGAG,0.187127736034903
GGTGAT,0.186571991240438
GGTGCA,0.191012865796573
GGTGCC,0.196619979516074
GGTGCG,0.196937930157791
GGTGCT,0.194484393876738
GGTGGA,0.181571826705384
GGTGGC,0.183077595524104
GGTGGG,0.186677476152573
GGTGGT,0.187761311109743
GGTGTA,0.192426726839916
GGTGTC,0.198660847842976
GGTGTG,0.1793620419751
GGTGTT,0.192864983309222
GGTTAA,0.189972714889369
GGTTAC,0.194996974412918
GGTTAG,0.192707138862761
GGTTAT,0.19138450750494
GGTTCA,0.181630195159884
GGTTCC,0.198786141674775
GGTTCG,0.198078669665703
GGTTCT,0.205596255224464
GGTTGA,0.190130991505912
GGTTGC,0.191668749677677
GGTTGG,0.190762667247307
GGTTGT,0.194572585846892
GGTTTA,0.190572616141112
GGTTTC,0.197472703915537
GGTTTG,0.189143124767538
GGTTTT,0.188466653227375
GTAAAA,0.177755005674098
GTAAAC,0.191839727832134
GTAAAG,0.185995776145011
GTAAAT,0.181515837435471
GTAACA,0.190623378667476
GTAACC,0.198031799539075
GTAACG,0.198517970298796
GTAACT,0.195901578611513
GTAAGA,0.188464287139266
GTAAGC,0.193749158164026
GTAAGG,0.192206347932434
GTAAGT,0.188646459544805
GTAATA,0.187357527406972
GTAATC,0.183447441516469
GTAATG,0.189856944486676
GTAATT,0.186900261643861
GTACAA,0.192442045493365
GTACAC,0.195988471514656
GTACAG,0.189537915865997
GTACAT,0.191778414890442
GTACCA,0.195435280974624
GTACCC,0.200069791492226
GTACCG,0.198705346515448
GTACCT,0.20127354351983
GTACGA,0.198288386574947
GTACGC,0.198705346515448
GTACGG,0.198405527713763
GTACGT,0.19771771301124
GTACTA,0.19655074438724
GTACTC,0.202103638480149
GTACTG,0.193936253403491
GTACTT,0.201362306680716
GTAGAA,0.184689170573659
GTAGAC,0.193758572597339
GTAGAG,0.178617988598791
GTAGAT,0.190501780402364
GTAGCA,0.192503317760656
GTAGCC,0.196832348905065
GTAGCG,0.1981606871016
GTAGCT,0.180189046958102
GTAGGA,0.191388046285899
GTAGGC,0.195813503775159
GTAGGG,0.193491403623093
GTAGGT,0.190838205481478
GTAGTA,0.191238226934682
GTAGTC,0.194937030165265
GTAGTG,0.190861810009523
GTAGTT,0.190762667247307
GTATAA,0.186756878802002
GTATAC,0.193932723628615
GTATAG,0.190298690137645
GTATAT,0.185346840357726
GTATCA,0.193546726407083
GTATCC,0.205517171484885
GTATCG,0.198873955096765
GTATCT,0.21110853687279
GTATGA,0.190178233402372
GTATGC,0.195984948976233
GTATGG,0.191934048094748
GTATGT,0.189228242614336
GTATTA,0.19007429828403
GTATTC,0.200086162887913
GTATTG,0.191043546215347
GTATTT,0.178682503104596
GTCAAA,0.189522552660189
GTCAAC,0.195970858698457
GTCAAG,0.190874792262457
GTCAAT,0.19639817548931
GTCACA,0.19253748720217
GTCACC,0.213915029252822
GTCACG,0.19802125345783
GTCACT,0.204386055035711
GTCAGA,0.189290894177963
GTCAGC,0.195021656294038
GTCAGG,0.183486677598995
GTCAGT,0.195779446092047
GTCATA,0.194961713525947
GTCATC,0.208633914544745
GTCATG,0.191800818131911
GTCATT,0.197100972636886
GTCCAA,0.193752688586905
GTCCAC,0.201984595454254
GTCCAG,0.191206372683114
GTCCAT,0.205919503125507
GTCCCA,0.195042811707281
GTCCCC,0.212412283273171
GTCCCG,0.198838830653307
GTCCCT,0.222245237419584
GTCCGA,0.198772090811629
GTCCGC,0.19869832054091
GTCCGG,0.199487263156233
GTCCGT,0.200785205249619
GTCCTA,0.203786230580931
GTCCTC,0.226213025235887
GTCCTG,0.217221879123518
GTCCTT,0.243224155795701
GTCGAA,0.198499230745945
GTCGAC,0.198671387181199
GTCGAG,0.197818512721088
GTCGAT,0.198522655132139
GTCGCA,0.198712372440622
GTCGCC,0.201542144720981
GTCGCG,0.19892898091116
GTCGCT,0.199881501175175
GTCGGA,0.198457065468017
GTCGGC,0.198946541703937
GTCGGG,0.197145540774352
GTCGGT,0.198769748981911
GTCGTA,0.198891516855857
GTCGTC,0.200791048025932
GTCGTG,0.198016566274909
GTCGTT,0.199387801717581
GTCTAA,0.197519600253759
GTCTAC,0.204675938266803
GTCTAG,0.197894691806973
GTCTAT,0.218878098018476
GTCTCA,0.212832633272581
GTCTCC,0.252479465085802
GTCTCG,0.200854147834935
GTCTCT,0.375011013217848
GTCTGA,0.193704438395376
GTCTGC,0.205874161698965
GTCTGG,0.201099498138399
GTCTGT,0.252258613243981
GTCTTA,0.209664110666803
GTCTTC,0.264251359831928
GTCTTG,0.217134512665081
GTCTTT,0.291162004051304
GTGAAA,0.172631123994701
GTGAAC,0.190262082272486
GTGAAG,0.187818135610358
GTGAAT,0.18653169069603
GTGACA,0.18702111385688
GTGACC,0.194498505114643
GTGACG,0.198260270659673
GTGACT,0.192989827686781
GTGAGA,0.179526781496193
GTGAGC,0.175971699702777
GTGAGG,0.186824425346593
GTGAGT,0.190008152129286
GTGATA,0.189944364193233
GTGATC,0.18139789233348
GTGATG,0.187587265987097
GTGATT,0.184467079667811
GTGCAA,0.190025870278332
GTGCAC,0.193219453528679
GTGCAG,0.190054218663841
GTGCAT,0.192972161976287
GTGCCA,0.186980831408658
GTGCCC,0.195659647784301
GTGCCG,0.19851094300763
GTGCCT,0.197574700641066
GTGCGA,0.1978607049318
GTGCGC,0.198396156927612
GTGCGG,0.198113820819073
GTGCGT,0.197773974567306
GTGCTA,0.194012728799838
GTGCTC,0.199945827941339
GTGCTG,0.181094030265653
GTGCTT,0.199041364656471
GTGGAA,0.184339978724653
GTGGAC,0.192393732020067
GTGGAG,0.18491596118033
GTGGAT,0.186982016209708
GTGGCA,0.183289292606982
GTGGCC,0.195587996839837
GTGGCG,0.19385977215821
GTGGCT,0.183462898338815
GTGGGA,0.184601290230123
GTGGGC,0.191323166645141
GTGGGG,0.189488280042825
GTGGGT,0.190677679912823
GTGGTA,0.189751794445475
GTGGTC,0.196535488544881
GTGGTG,0.176994198278941
GTGGTT,0.189477643474461
GTGTAA,0.188284448060158
GTGTAC,0.196614112318172
GTGTAG,0.192129734262252
GTGTAT,0.189004792812299
GTGTCA,0.196177496210773
GTGTCC,0.205191466644433
GTGTCG,0.198130224267805
GTGTCT,0.227151301681709
GTGTGA,0.182495792423386
GTGTGC,0.191250024548137
GTGTGG,0.185679072163846
GTGTGT,0.185732456267625
GTGTTA,0.189809687409121
GTGTTC,0.20162504617285
GTGTTG,0.189297986560479
GTGTTT,0.195376537892793
GTTAAA,0.182962213638928
GTTAAC,0.195475224299292
GTTAAG,0.189969171096307
GTTAAT,0.186600437705729
GTTACA,0.189305078892694
GTTACC,0.200805070549802
GTTACG,0.197822028806641
GTTACT,0.198776774454614
GTTAGA,0.190283338615415
GTTAGC,0.192429083571105
GTTAGG,0.193114656480166
GTTAGT,0.192592862783189
GTTATA,0.188125878885766
GTTATC,0.202878239032296
GTTATG,0.192612891493527
GTTATT,0.18854118213729
GTTCAA,0.179601979646958
GTTCAC,0.196556611956944
GTTCAG,0.189610001602791
GTTCAT,0.202337015050728
GTTCCA,0.195530437444618
GTTCCC,0.209396523951167
GTTCCG,0.200431069271911
GTTCCT,0.233538649057435
GTTCGA,0.196030741007915
GTTCGC,0.198911419809995
GTTCGG,0.198186462620785
GTTCGT,0.200099025939358
GTTCTA,0.202528343205445
GTTCTC,0.233633640513164
GTTCTG,0.210849434470923
GTTCTT,0.244958656673516
GTTGAA,0.18424612747361
GTTGAC,0.195383587244815
GTTGAG,0.18798267168132
GTTGAT,0.191454101231908
GTTGCA,0.186485461600924
GTTGCC,0.205803238934689
GTTGCG,0.198065780599873
GTTGCT,0.200923085667499
GTTGGA,0.190556088250871
GTTGGC,0.18920696383185
GTTGGG,0.1917925643645
GTTGGT,0.191928153338961
GTTGTA,0.190400240425712
GTTGTC,0.200813250264589
GTTGTG,0.190957402650717
GTTGTT,0.192806089041526
GTTTAA,0.185623312390397
GTTTAC,0.198420755053974
GTTTAG,0.191372711477965
GTTTAT,0.1921509509432
GTTTCA,0.194431474961049
GTTTCC,0.234292677924804
GTTTCG,0.199408864965536
GTTTCT,0.285531781475779
GTTTGA,0.181838626119122
GTTTGC,0.197088070963212
GTTTGG,0.189124208706536
GTTTGT,0.190898395926915
GTTTTA,0.178743429649726
GTTTTC,0.247406452260563
GTTTTG,0.180012485715406
GTTTTT,0.198749843207877
TAAAAA,0.137922632705129
TAAAAC,0.185122521474303
TAAAAG,0.176390882942242
TAAAAT,0.158914856694816
TAAACA,0.184619104437353
TAAACC,0.197090416734443
TAAACG,0.197634486988609
TAAACT,0.2012700395492
TAAAGA,0.177272988931494
TAAAGC,0.190727256735711
TAAAGG,0.186603993456994
TAAAGT,0.181314488410569
TAAATA,0.166895945920145
TAAATC,0.199065946917245
TAAATG,0.179310704549168
TAAATT,0.178191371285992
TAACAA,0.190953862345474
TAACAC,0.196627020108117
TAACAG,0.187827606046536
TAACAT,0.189307442992254
TAACCA,0.198379757840549
TAACCC,0.204077452436507
TAACCG,0.198917273544649
TAACCT,0.213637041463593
TAACGA,0.198498059512232
TAACGC,0.198911419809995
TAACGG,0.198722911235827
TAACGT,0.198377415091872
TAACTA,0.198549592497948
TAACTC,0.209564498004737
TAACTG,0.197920474183148
TAACTT,0.211118945834418
TAAGAA,0.176449554576251
TAAGAC,0.192762505050278
TAAGAG,0.187629892083337
TAAGAT,0.185941220063429
TAAGCA,0.189589912657443
TAAGCC,0.196116448662516
TAAGCG,0.197880628412515
TAAGCT,0.197030597849103
TAAGGA,0.183684023637861
TAAGGC,0.19430798659953
TAAGGG,0.192288848398101
TAAGGT,0.19007666056578
TAAGTA,0.185245962430063
TAAGTC,0.196562479492221
TAAGTG,0.186368101222027
TAAGTT,0.190034138640453
TAATAA,0.173967973517306
TAATAC,0.194166838368277
TAATAG,0.186900261643861
TAATAT,0.178719537329348
TAATCA,0.19095858274968
TAATCC,0.187789723763678
TAATCG,0.198015394475746
TAATCT,0.224629396245508
TAATGA,0.182805177726613
TAATGC,0.193769163728874
TAATGG,0.188628716938072
TAATGT,0.185552125182536
TAATTA,0.179767873028116
TAATTC,0.208345176562334
TAATTG,0.187658308471429
TAATTT,0.174710695809437
TACAAA,0.172692420335913
TACAAC,0.196790113282504
TACAAG,0.189615910039326
TACAAT,0.190743781797164
TACACA,0.192763683020964
TACACC,0.199009758004659
TACACG,0.198274328716123
TACACT,0.203581159512894
TACAGA,0.183366586552206
TACAGC,0.192920340758426
TACAGG,0.163849872563381
TACAGT,0.188041850698425
TACATA,0.187510297599872
TACATC,0.203370218689881
TACATG,0.189253067288311
TACATT,0.193497289171126
TACCAA,0.193036934722443
TACCAC,0.201653067644686
TACCAG,0.194347974976572
TACCAT,0.19799078637613
TACCCA,0.198294243957798
TACCCC,0.211988289890519
TACCCG,0.198996880934181
TACCCT,0.222541424422455
TACCGA,0.198616347190284
TACCGC,0.199797285335801
TACCGG,0.198565988800137
TACCGT,0.200567829711449
TACCTA,0.218397135382233
TACCTC,0.22961009692121
TACCTG,0.204888931417808
TACCTT,0.248093259302531
TACGAA,0.198088043427417
TACGAC,0.198801363220394
TACGAG,0.197895863747584
TACGAT,0.19838092921283
TACGCA,0.198427782978944
TACGCC,0.198528511142954
TACGCG,0.199129155670301
TACGCT,0.19913500813053
TACGGA,0.198078669665703
TACGGC,0.198156000572186
TACGGG,0.198475805811036
TACGGT,0.198215752177067
TACGTA,0.198082184836642
TACGTC,0.19937961033467
TACGTG,0.19687575588058
TACGTT,0.198147799092862
TACTAA,0.190242006422612
TACTAC,0.210957016386356
TACTAG,0.194890012554586
TACTAT,0.206241484371727
TACTCA,0.20275345689937
TACTCC,0.222293273704295
TACTCG,0.198263785192313
TACTCT,0.24849219352508
TACTGA,0.197260470489244
TACTGC,0.205357822013714
TACTGG,0.192978050581127
TACTGT,0.208374170084913
TACTTA,0.210071724217307
TACTTC,0.247196748335578
TACTTG,0.199872144209919
TACTTT,0.254762808829283
TAGAAA,0.170543605241265
TAGAAC,0.19381035039633
TAGAAG,0.184223554339738
TAGAAT,0.182212501939135
TAGACA,0.191081305438624
TAGACC,0.196011954787048
TAGACG,0.198148970736884
TAGACT,0.196581255373752
TAGAGA,0.169864071636166
TAGAGC,0.194838290629403
TAGAGG,0.18767725228156
TAGAGT,0.193926840642801
TAGATA,0.185151009201195
TAGATC,0.197993130030755
TAGATG,0.1874439816231
TAGATT,0.187216579166635
TAGCAA,0.189437459861808
TAGCAC,0.194988746983833
TAGCAG,0.189836860501587
TAGCAT,0.191418715196314
TAGCCA,0.188316395522072
TAGCCC,0.202046452912858
TAGCCG,0.19647798366245
TAGCCT,0.20122098267116
TAGCGA,0.198316501699739
TAGCGC,0.198636255621811
TAGCGG,0.198800192340496
TAGCGT,0.198193492192532
TAGCTA,0.195081595469208
TAGCTC,0.204420985178814
TAGCTG,0.17779327000136
TAGCTT,0.205047192029794
TAGGAA,0.18305737491872
TAGGAC,0.194580816700612
TAGGAG,0.186984385807598
TAGGAT,0.189804961578535
TAGGCA,0.188629899788315
TAGGCC,0.196470942021021
TAGGCG,0.198444181278464
TAGGCT,0.196808884890537
TAGGGA,0.192081405697393
TAGGGC,0.195148582060745
TAGGGG,0.193133497208731
TAGGGT,0.195488146798043
TAGGTA,0.191093104903513
TAGGTC,0.196226801125372
TAGGTG,0.189654904844951
TAGGTT,0.19260817889189
TAGTAA,0.186311194261817
TAGTAC,0.194772458855359
TAGTAG,0.179216380083225
TAGTAT,0.187565952257589
TAGTCA,0.194135077270444
TAGTCC,0.195163859076048
TAGTCG,0.198557790682647
TAGTCT,0.210583321952233
TAGTGA,0.186958319921987
TAGTGC,0.194473810317631
TAGTGG,0.189444551204904
TAGTGT,0.19196587917556
TAGTTA,0.189635998462427
TAGTTC,0.201786158914032
TAGTTG,0.189865214245649
TAGTTT,0.19405861123053
TATAAA,0.169059842393585
TATAAC,0.198889175305797
TATAAG,0.186459382706997
TATAAT,0.179438446287007
TATACA,0.185025182283706
TATACC,0.200695222183178
TATACG,0.197884144279671
TATACT,0.204012226111485
TATAGA,0.184429069863975
TATAGC,0.195412959010024
TATAGG,0.188838059641131
TATAGT,0.18614756870999
TATATA,0.160361418092956
TATATC,0.214629829637524
TATATG,0.182235120513926
TATATT,0.191631012629742
TATCAA,0.194318571913779
TATCAC,0.206638877820024
TATCAG,0.193035757073596
TATCAT,0.210315981125179
TATCCA,0.212826860430853
TATCCC,0.216906864196592
TATCCG,0.200526920429471
TATCCT,0.250565646428096
TATCGA,0.199460351037304
TATCGC,0.201522294057748
TATCGG,0.199033170435258
TATCGT,0.199345673890642
TATCTA,0.327753507636694
TATCTC,0.271006096156576
TATCTG,0.227178616932006
TATCTT,0.268182964434691
TATGAA,0.181929131178645
TATGAC,0.194846519296445
TATGAG,0.187766046608127
TATGAT,0.189222331886842
TATGCA,0.191373891086924
TATGCC,0.198271985720439
TATGCG,0.199431097912627
TATGCT,0.205603232901227
TATGGA,0.188592047886562
TATGGC,0.19557977427193
TATGGG,0.191719456593428
TATGGT,0.190386071237142
TATGTA,0.187606211143079
TATGTC,0.204680594339803
TATGTG,0.185002626728892
TATGTT,0.191776056625301
TATTAA,0.180112699975993
TATTAC,0.199355035783337
TATTAG,0.187371739572291
TATTAT,0.191244125758808
TATTCA,0.199036682252571
TATTCC,0.228139866086783
TATTCG,0.199504814147954
TATTCT,0.273113878780998
TATTGA,0.187445165875537
TATTGC,0.200837789007509
TATTGG,0.188694954397087
TATTGT,0.191165078624519
TATTTA,0.175527173540082
TATTTC,0.277316162426977
TATTTG,0.184822163972931
TATTTT,0.207288078752174
TCAAAA,0.178764932250007
TCAAAC,0.198296586901332
TCAAAG,0.186139268149639
TCAAAT,0.199582034852251
TCAACA,0.195570376968677
TCAACC,0.206176399050525
TCAACG,0.198711201456521
TCAACT,0.21233720217629
TCAAGA,0.187376476915846
TCAAGC,0.187619235729619
TCAAGG,0.18922114973715
TCAAGT,0.186219899248366
TCAATA,0.196576561436419
TCAATC,0.212909986136641
TCAATG,0.19428916798642
TCAATT,0.20478767803583
TCACAA,0.192092014606833
TCACAC,0.202640323190663
TCACAG,0.192013034469968
TCACAT,0.201622711014753
TCACCA,0.195744212785416
TCACCC,0.230269521249026
TCACCG,0.197641520441566
TCACCT,0.232589369863255
TCACGA,0.195802934273495
TCACGC,0.194439706976309
TCACGG,0.197677859160452
TCACGT,0.199108086529873
TCACTA,0.208195556624491
TCACTC,0.267777603419327
TCACTG,0.200370280850255
TCACTT,0.243742583179628
TCAGAA,0.181445548594988
TCAGAC,0.198461750586696
TCAGAG,0.186562508905516
TCAGAT,0.189383091227357
TCAGCA,0.192718919159384
TCAGCC,0.184788917281255
TCAGCG,0.197505531583214
TCAGCT,0.201955416079571
TCAGGA,0.176952313139368
TCAGGC,0.196814750945784
TCAGGG,0.192895606957714
TCAGGT,0.18966908439727
TCAGTA,0.18995145194262
TCAGTC,0.217498872293495
TCAGTG,0.189491825540472
TCAGTT,0.203117264120827
TCATAA,0.192238170346966
TCATAC,0.206893266147872
TCATAG,0.1917406819808
TCATAT,0.20304731147196
TCATCA,0.20624380876914
TCATCC,0.242978844862463
TCATCG,0.200048742161077
TCATCT,0.298592442864446
TCATGA,0.189872302556051
TCATGC,0.2023836838298
TCATGG,0.191856234520307
TCATGT,0.200530427004932
TCATTA,0.203334086240148
TCATTC,0.278036823861912
TCATTG,0.198015394475746
TCATTT,0.270236743013838
TCCAAA,0.194097433181503
TCCAAC,0.208128278348762
TCCAAG,0.195229665089411
TCCAAT,0.20738559668182
TCCACA,0.198428954294971
TCCACC,0.215059616743169
TCCACG,0.199961031845107
TCCACT,0.23659420333386
TCCAGA,0.192718919159384
TCCAGC,0.198907907552755
TCCAGG,0.194293872672898
TCCAGT,0.207232349950968
TCCATA,0.204161308603408
TCCATC,0.285947181304295
TCCATG,0.203697682324158
TCCATT,0.253660582570637
TCCCAA,0.182990762973723
TCCCAC,0.218410913186622
TCCCAG,0.179347715516703
TCCCAT,0.234319798804132
TCCCCA,0.223636211533519
TCCCCC,0.283327384507324
TCCCCG,0.204748104962236
TCCCCT,0.364370741456232
TCCCGA,0.193842121809356
TCCCGC,0.203454134181179
TCCCGG,0.194371496804354
TCCCGT,0.203620778792145
TCCCTA,0.228994544593209
TCCCTC,0.55760723895708
TCCCTG,0.253273684576762
TCCCTT,0.500680066240067
TCCGAA,0.199236835455941
TCCGAC,0.19939248247769
TCCGAG,0.19816771685454
TCCGAT,0.198807217599324
TCCGCA,0.200052250413704
TCCGCC,0.194931153084824
TCCGCG,0.19870417552312
TCCGCT,0.203724480650311
TCCGGA,0.199015611163698
TCCGGC,0.199393652664294
TCCGGG,0.1993398226632
TCCGGT,0.200136444784621
TCCGTA,0.199799624760443
TCCGTC,0.218561308538439
TCCGTG,0.201564330290055
TCCGTT,0.20751444507595
TCCTAA,0.211516718286321
TCCTAC,0.234847379563027
TCCTAG,0.205161217240179
TCCTAT,0.255783084900276
TCCTCA,0.243053900715275
TCCTCC,0.502406672838266
TCCTCG,0.206466925768986
TCCTCT,0.530299545425199
TCCTGA,0.200175031502368
TCCTGC,0.239367274288783
TCCTGG,0.199259072228041
TCCTGT,0.297767674372284
TCCTTA,0.246399918701819
TCCTTC,0.829358540986569
TCCTTG,0.258100838912088
TCCTTT,0.671814422799582
TCGAAA,0.198234497042884
TCGAAC,0.194897065337119
TCGAAG,0.19806343711551
TCGAAT,0.198466435683426
TCGACA,0.200667173857867
TCGACC,0.198201693297115
TCGACG,0.199255561191636
TCGACT,0.200149307189308
TCGAGA,0.196894525881048
TCGAGC,0.198371558196168
TCGAGG,0.1971420223094
TCGAGT,0.198432468234818
TCGATA,0.199458010818821
TCGATC,0.19773412295874
TCGATG,0.198621031562771
TCGATT,0.199946997480605
TCGCAA,0.198968784932099
TCGCAC,0.198547250147117
TCGCAG,0.199064776347102
TCGCAT,0.199081164204425
TCGCCA,0.199195871686575
TCGCCC,0.202344015506436
TCGCCG,0.19865850575273
TCGCCT,0.202460682553991
TCGCGA,0.199186508303678
TCGCGC,0.197995473679887
TCGCGG,0.198726424142881
TCGCGT,0.199097551793192
TCGCTA,0.19993647157797
TCGCTC,0.215515703403795
TCGCTG,0.201266535566292
TCGCTT,0.206432067019068
TCGGAA,0.1983551587057
TCGGAC,0.198643282032427
TCGGAG,0.197613386332919
TCGGAT,0.198955907333992
TCGGCA,0.19861868937927
TCGGCC,0.195375362995958
TCGGCG,0.199012099272386
TCGGCT,0.196487372440558
TCGGGA,0.194407954544038
TCGGGC,0.197595802113058
TCGGGG,0.198403185025458
TCGGGT,0.197901723430035
TCGGTA,0.198532024732983
TCGGTC,0.201364642446977
TCGGTG,0.198820097112327
TCGGTT,0.199083505304977
TCGTAA,0.198656163657
TCGTAC,0.199982083022561
TCGTAG,0.198978150353836
TCGTAT,0.200468475694791
TCGTCA,0.200040556190415
TCGTCC,0.205013447382556
TCGTCG,0.201242007342147
TCGTCT,0.213683185864719
TCGTGA,0.196033089260708
TCGTGC,0.197373041893964
TCGTGG,0.198404356370296
TCGTGT,0.200979167178079
TCGTTA,0.198476977070814
TCGTTC,0.211705142440937
TCGTTG,0.198747501326057
TCGTTT,0.212125789729586
TCTAAA,0.204535081810854
TCTAAC,0.215970431196968
TCTAAG,0.198943029570052
TCTAAT,0.222380190640122
TCTACA,0.206521535367551
TCTACC,0.249973987726029
TCTACG,0.200508218486009
TCTACT,0.251153621808823
TCTAGA,0.197785695326413
TCTAGC,0.214018822305466
TCTAGG,0.200925422459901
TCTAGT,0.211103910632844
TCTATA,0.218783989883129
TCTATC,0.390691076420571
TCTATG,0.211962867681349
TCTATT,0.271533186281048
TCTCAA,0.207772092069175
TCTCAC,0.276460649842758
TCTCAG,0.212739109133283
TCTCAT,0.277466613635886
TCTCCA,0.26325945198407
TCTCCC,0.450464637103522
TCTCCG,0.213427057549147
TCTCCT,0.520946422685519
TCTCGA,0.195457602440964
TCTCGC,0.220302410088255
TCTCGG,0.196556611956944
TCTCGT,0.208262830374158
TCTCTA,0.288813776129827
TCTCTC,1
TCTCTG,0.4252593127702
TCTCTT,0.704274386848464
TCTGAA,0.203142912199399
TCTGAC,0.224977348299176
TCTGAG,0.200553803860446
TCTGAT,0.216934460710637
TCTGCA,0.208367211716158
TCTGCC,0.268717003390822
TCTGCG,0.20129573504871
TCTGCT,0.281207617024376
TCTGGA,0.20171961549352
TCTGGC,0.219571012034907
TCTGGG,0.209684958572925
TCTGGT,0.216176429651775
TCTGTA,0.223175815604876
TCTGTC,0.47066508562222
TCTGTG,0.240762720458665
TCTGTT,0.323417272143407
TCTTAA,0.220180929592901
TCTTAC,0.252683626413692
TCTTAG,0.208260510665025
TCTTAT,0.260075194850338
TCTTCA,0.285814100403734
TCTTCC,0.557033747136341
TCTTCG,0.212480428926951
TCTTCT,0.633044998793319
TCTTGA,0.216543439050377
TCTTGC,0.271860844005102
TCTTGG,0.214123757662183
TCTTGT,0.26612058057197
TCTTTA,0.274583539901623
TCTTTC,0.922368876409642
TCTTTG,0.302448579611703
TCTTTT,0.652981577938838
TGAAAA,0.162640252078116
TGAAAC,0.185872427717988
TGAAAG,0.179738038118741
TGAAAT,0.177360319371152
TGAACA,0.187646468407857
TGAACC,0.187141951466407
TGAACG,0.197179551963999
TGAACT,0.196466247565854
TGAAGA,0.179155482347395
TGAAGC,0.190476986708323
TGAAGG,0.183670947695494
TGAAGT,0.18429721215831
TGAATA,0.179090998349381
TGAATC,0.197233498375023
TGAATG,0.187049547549271
TGAATT,0.184949203648555
TGACAA,0.190432120365963
TGACAC,0.194373848956702
TGACAG,0.192623494766011
TGACAT,0.18914430700947
TGACCA,0.195232015224085
TGACCC,0.199517684679444
TGACCG,0.198403185025458
TGACCT,0.201014216525119
TGACGA,0.199097551793192
TGACGC,0.197798588002762
TGACGG,0.200386647327292
TGACGT,0.19784664105936
TGACTA,0.197337864691254
TGACTC,0.212976943485984
TGACTG,0.196609418535066
TGACTT,0.212019488991219
TGAGAA,0.173132201526275
TGAGAC,0.186102507697003
TGAGAG,0.183354695564874
TGAGAT,0.177924792460374
TGAGCA,0.18537532169509
TGAGCC,0.171666714545742
TGAGCG,0.196831175717414
TGAGCT,0.190636364016134
TGAGGA,0.18066608358149
TGAGGC,0.179889590234696
TGAGGG,0.187935325945955
TGAGGT,0.181814807636719
TGAGTA,0.18322864240539
TGAGTC,0.196485025254295
TGAGTG,0.188336510067076
TGAGTT,0.187325549296474
TGATAA,0.185476186574761
TGATAC,0.196542529731813
TGATAG,0.191055346125779
TGATAT,0.191464716798417
TGATCA,0.192446758877986
TGATCC,0.190389613553106
TGATCG,0.199191190006086
TGATCT,0.210812414361146
TGATGA,0.185324292057004
TGATGC,0.192377234201887
TGATGG,0.188616888358693
TGATGT,0.188686674954643
TGATTA,0.187686724052052
TGATTC,0.202814100628391
TGATTG,0.191415176523884
TGATTT,0.191224069614812
TGCAAA,0.18396333247898
TGCAAC,0.187646468407857
TGCAAG,0.189882934927448
TGCAAT,0.192843781772424
TGCACA,0.18910529228771
TGCACC,0.192817868172551
TGCACG,0.19722059841105
TGCACT,0.196868717039573
TGCAGA,0.183592488450504
TGCAGC,0.190084928507961
TGCAGG,0.187402531904244
TGCAGT,0.182185120874613
TGCATA,0.1909314401212
TGCATC,0.205062318570996
TGCATG,0.191937584931541
TGCATT,0.197418770407598
TGCCAA,0.192817868172551
TGCCAC,0.193730329031502
TGCCAG,0.190517128571573
TGCCAT,0.198152485660713
TGCCCA,0.197151404855095
TGCCCC,0.212634028369699
TGCCCG,0.194512616153424
TGCCCT,0.227450590596328
TGCCGA,0.198038830198118
TGCCGC,0.198976979680915
TGCCGG,0.198109134070014
TGCCGT,0.19824972698764
TGCCTA,0.203207029517998
TGCCTC,0.237804356517104
TGCCTG,0.211989445430125
TGCCTT,0.264705290255554
TGCGAA,0.198683097426728
TGCGAC,0.198865759503641
TGCGAG,0.197009484446972
TGCGAT,0.197219425678801
TGCGCA,0.197623936716419
TGCGCC,0.196537835612701
TGCGCG,0.198793167032313
TGCGCT,0.198488689593141
TGCGGA,0.198264956700449
TGCGGC,0.198289558054262
TGCGGG,0.198329387534434
TGCGGT,0.197871252706331
TGCGTA,0.198936005265276
TGCGTC,0.200821429912468
TGCGTG,0.197333174304063
TGCGTT,0.198861076277412
TGCTAA,0.197888832083318
TGCTAC,0.203461126820939
TGCTAG,0.195685487848921
TGCTAT,0.206009017341937
TGCTCA,0.204146168426797
TGCTCC,0.222675194423993
TGCTCG,0.199873313835364
TGCTCT,0.257423081623161
TGCTGA,0.190439204659112
TGCTGC,0.209072080391526
TGCTGG,0.180794844463519
TGCTGT,0.215217427835048
TGCTTA,0.204849362350998
TGCTTC,0.256568055032214
TGCTTG,0.207048887373877
TGCTTT,0.275937235185362
TGGAAA,0.17466751543369
TGGAAC,0.193398407366487
TGGAAG,0.181544428092631
TGGAAT,0.187595554537003
TGGACA,0.187651204450108
TGGACC,0.197286269222126
TGGACG,0.197228807498287
TGGACT,0.196481504464571
TGGAGA,0.177903271787118
TGGAGC,0.192709494933188
TGGAGG,0.185351587303619
TGGAGT,0.198583555968444
TGGATA,0.190736699661408
TGGATC,0.195962639278069
TGGATG,0.188093925336652
TGGATT,0.189528461613432
TGGCAA,0.190861810009523
TGGCAC,0.191247665036581
TGGCAG,0.184788917281255
TGGCAT,0.188685492171555
TGGCCA,0.180946236514954
TGGCCC,0.198361015697455
TGGCCG,0.197256952428645
TGGCCT,0.196162234673093
TGGCGA,0.196807711675359
TGGCGC,0.195061616143338
TGGCGG,0.195402385273932
TGGCGT,0.195864000963453
TGGCTA,0.189646633346579
TGGCTC,0.192030717132109
TGGCTG,0.191602708909206
TGGCTT,0.210709444973802
TGGGAA,0.177920010128563
TGGGAC,0.186221084951312
TGGGAG,0.165998584915967
TGGGAT,0.167649977068041
TGGGCA,0.181857680496582
TGGGCC,0.198498059512232
TGGGCG,0.192873228229918
TGGGCT,0.191004605522996
TGGGGA,0.181942229916602
TGGGGC,0.194511440241131
TGGGGG,0.191697051529102
TGGGGT,0.190446288902074
TGGGTA,0.189456369998316
TGGGTC,0.202887567911993
TGGGTG,0.187981488065255
TGGGTT,0.18984985606741
TGGTAA,0.189482370852146
TGGTAC,0.196727929813921
TGGTAG,0.189704532398457
TGGTAT,0.187829973641566
TGGTCA,0.190132172580524
TGGTCC,0.201883047556026
TGGTCG,0.198621031562771
TGGTCT,0.202622827144531
TGGTGA,0.181228694260637
TGGTGC,0.193277146092715
TGGTGG,0.179209215836197
TGGTGT,0.191114343589465
TGGTTA,0.187606211143079
TGGTTC,0.202379017049901
TGGTTG,0.193624408554537
TGGTTT,0.199324609311621
TGTAAA,0.176491460778789
TGTAAC,0.197537185813609
TGTAAG,0.187063764092294
TGTAAT,0.174632729886098
TGTACA,0.189268434634804
TGTACC,0.203109103230599
TGTACG,0.198004848221489
TGTACT,0.204464064008341
TGTAGA,0.186110808562492
TGTAGC,0.196262017433222
TGTAGG,0.192821401884803
TGTAGT,0.187972019086302
TGTATA,0.184094045987444
TGTATC,0.217166701195708
TGTATG,0.18877183166068
TGTATT,0.185547379188492
TGTCAA,0.194426770921904
TGTCAC,0.220557929375028
TGTCAG,0.194392665976316
TGTCAT,0.210189808465865
TGTCCA,0.207218417265388
TGTCCC,0.234212441016566
TGTCCG,0.200973325500804
TGTCCT,0.274342546240546
TGTCGA,0.198029455975077
TGTCGC,0.20194958010246
TGTCGG,0.19886458869914
TGTCGT,0.200711583342977
TGTCTA,0.221155795587934
TGTCTC,0.386812969120836
TGTCTG,0.256099358252789
TGTCTT,0.339528195270258
TGTGAA,0.18032979642735
TGTGAC,0.194462050676139
TGTGAG,0.183026448496071
TGTGAT,0.185590092324031
TGTGCA,0.18935590580161
TGTGCC,0.19669742330233
TGTGCG,0.197020041203759
TGTGCT,0.204634032634219
TGTGGA,0.185376508399877
TGTGGC,0.193542018204194
TGTGGG,0.187194072986431
TGTGGT,0.186955950262331
TGTGTA,0.18785720058153
TGTGTC,0.230531581239963
TGTGTG,0.180091226337013
TGTGTT,0.199238005824695
TGTTAA,0.185467880439666
TGTTAC,0.200758328038872
TGTTAG,0.188628716938072
TGTTAT,0.195867523927945
TGTTCA,0.201479088310888
TGTTCC,0.234183056876266
TGTTCG,0.199840563805777
TGTTCT,0.270458019920762
TGTTGA,0.185187804647349
TGTTGC,0.208057515278275
TGTTGG,0.188041850698425
TGTTGT,0.194797146278498
TGTTTA,0.191733606901733
TGTTTC,0.295549725423506
TGTTTG,0.191266540973149
TGTTTT,0.231820460974994
TTAAAA,0.14319110318793
TTAAAC,0.195874569819696
TTAAAG,0.179373980533646
TTAAAT,0.179708202319217
TTAACA,0.19071427256728
TTAACC,0.208151478265491
TTAACG,0.19873696279
TTAACT,0.211346759301708
TTAAGA,0.181219161122936
TTAAGC,0.195714850748246
TTAAGG,0.186059816443191
TTAAGT,0.188013445207284
TTAATA,0.17642919950136
TTAATC,0.20574277621298
TTAATG,0.185739573932811
TTAATT,0.188491496814525
TTACAA,0.186053886958237
TTACAC,0.200538608966524
TTACAG,0.166860888976292
TTACAT,0.192123840659878
TTACCA,0.199522364831643
TTACCC,0.215128734155106
TTACCG,0.199754004992717
TTACCT,0.238596810184997
TTACGA,0.198193492192532
TTACGC,0.198943029570052
TTACGG,0.197585251432721
TTACGT,0.1983551587057
TTACTA,0.203097444700456
TTACTC,0.236632536038891
TTACTG,0.207052371154025
TTACTT,0.251274730691711
TTAGAA,0.175384547810185
TTAGAC,0.197632142493297
TTAGAG,0.186451084734484
TTAGAT,0.187208287474965
TTAGCA,0.18911711509141
TTAGCC,0.191095464779783
TTAGCG,0.198448866457508
TTAGCT,0.198093901983868
TTAGGA,0.183848052752445
TTAGGC,0.197437530218545
TTAGGG,0.19189396307015
TTAGGT,0.192258206162525
TTAGTA,0.176497447235797
TTAGTC,0.203639422615721
TTAGTG,0.190175871360553
TTAGTT,0.192127376825471
TTATAA,0.179619883135131
TTATAC,0.198516799087031
TTATAG,0.181789797619604
TTATAT,0.185480932906696
TTATCA,0.198568331107075
TTATCC,0.223896589819485
TTATCG,0.200647305818109
TTATCT,0.275876531700885
TTATGA,0.18641433574279
TTATGC,0.201093657164019
TTATGG,0.190772109838632
TTATGT,0.190358913064535
TTATTA,0.182981246619354
TTATTC,0.246557326135228
TTATTG,0.190741421090818
TTATTT,0.228795715199981
TTCAAA,0.195800585480176
TTCAAC,0.21223323442724
TTCAAG,0.183796945116839
TTCAAT,0.208208315786861
TTCACA,0.202641489582855
TTCACC,0.215044640674232
TTCACG,0.198595267242538
TTCACT,0.254291049621719
TTCAGA,0.191843265002537
TTCAGC,0.203581159512894
TTCAGG,0.194737190050742
TTCAGT,0.205803238934689
TTCATA,0.203651074828947
TTCATC,0.272543029002959
TTCATG,0.203287461795159
TTCATT,0.289467387313202
TTCCAA,0.208042433976598
TTCCAC,0.229404576379822
TTCCAG,0.208277908352362
TTCCAT,0.263737972849362
TTCCCA,0.23169697279303
TTCCCC,0.316789013833837
TTCCCG,0.201185940570516
TTCCCT,0.500996891738571
TTCCGA,0.198907907552755
TTCCGC,0.205056500697612
TTCCGG,0.19870183353435
TTCCGT,0.214084552333877
TTCCTA,0.258541024650772
TTCCTC,0.532895877725611
TTCCTG,0.292926224017247
TTCCTT,0.942620398411567
TTCGAA,0.198873955096765
TTCGAC,0.201569000873459
TTCGAG,0.197976724333032
TTCGAT,0.199799624760443
TTCGCA,0.199541085221403
TTCGCC,0.198769748981911
TTCGCG,0.199120962168439
TTCGCT,0.204284750720414
TTCGGA,0.198105618993804
TTCGGC,0.200863495616171
TTCGGG,0.198254413077824
TTCGGT,0.199213427793205
TTCGTA,0.201831686071609
TTCGTC,0.20908366947427
TTCGTG,0.200643799652469
TTCGTT,0.21507344060774
TTCTAA,0.220213020214628
TTCTAC,0.251881165543825
TTCTAG,0.213806611672549
TTCTAT,0.274864625788459
TTCTCA,0.277255542593038
TTCTCC,0.450967033023909
TTCTCG,0.207854478676032
TTCTCT,0.733164388101162
TTCTGA,0.227903336625975
TTCTGC,0.272943201665505
TTCTGG,0.222236087389443
TTCTGT,0.359783142059197
TTCTTA,0.26487628306636
TTCTTC,0.645786462529672
TTCTTG,0.281118117435258
TTCTTT,0.933977792391821
TTGAAA,0.175431292937411
TTGAAC,0.184830475473143
TTGAAG,0.182132737618589
TTGAAT,0.185865310998351
TTGACA,0.197552426382
TTGACC,0.204022709200658
TTGACG,0.199961031845107
TTGACT,0.211373353430085
TTGAGA,0.177715544053043
TTGAGC,0.191170977880148
TTGAGG,0.184159396334976
TTGAGT,0.187892712867457
TTGATA,0.190491154608762
TTGATC,0.210528933722355
TTGATG,0.188943305800436
TTGATT,0.196280798956989
TTGCAA,0.189043811455139
TTGCAC,0.19883297645945
TTGCAG,0.184962262887308
TTGCAT,0.194507912495955
TTGCCA,0.197226462051667
TTGCCC,0.221635433557828
TTGCCG,0.19952353486627
TTGCCT,0.252440625331776
TTGCGA,0.198188805816857
TTGCGC,0.198576529138154
TTGCGG,0.198526168742743
TTGCGT,0.199088187489638
TTGCTA,0.202242504101852
TTGCTC,0.248442056906112
TTGCTG,0.20705933867791
TTGCTT,0.268778143029796
TTGGAA,0.182884888430597
TTGGAC,0.196413433426623
TTGGAG,0.187954264509096
TTGGAT,0.192013034469968
TTGGCA,0.19214270006521
TTGGCC,0.187312520884204
TTGGCG,0.197526634514809
TTGGCT,0.202007938340983
TTGGGA,0.170101478939439
TTGGGC,0.197126775484887
TTGGGG,0.191685259188352
TTGGGT,0.19515210754653
TTGGTA,0.1909892648339
TTGGTC,0.205190303222728
TTGGTG,0.19195291107976
TTGGTT,0.198585898234235
TTGTAA,0.184172465892018
TTGTAC,0.199418226266664
TTGTAG,0.189209328163375
TTGTAT,0.182975298851885
TTGTCA,0.199187678731335
TTGTCC,0.224426273184337
TTGTCG,0.199398333397016
TTGTCT,0.287927349061211
TTGTGA,0.184495586072605
TTGTGC,0.198917273544649
TTGTGG,0.190314041424211
TTGTGT,0.196139928929812
TTGTTA,0.189503643775175
TTGTTC,0.24344029318275
TTGTTG,0.189335811751046
TTGTTT,0.226788165595253
TTTAAA,0.152211262977359
TTTAAC,0.202894564514655
TTTAAG,0.179393081930864
TTTAAT,0.180041119386088
TTTACA,0.187877324365059
TTTACC,0.227233245194335
TTTACG,0.198391471501608
TTTACT,0.246367541051033
TTTAGA,0.179516038441599
TTTAGC,0.197825544879832
TTTAGG,0.187342130666604
TTTAGT,0.181171494071168
TTTATA,0.178883188287543
TTTATC,0.249022373674361
TTTATG,0.188830963995876
TTTATT,0.229703191774081
TTTCAA,0.210548606402294
TTTCAC,0.23969102947046
TTTCAG,0.209682642160375
TTTCAT,0.276938311035643
TTTCCA,0.261887374457908
TTTCCC,0.393671002566148
TTTCCG,0.208349815582437
TTTCCT,0.684614704886145
TTTCGA,0.20402387398156
TTTCGC,0.201586515366941
TTTCGG,0.199772721046626
TTTCGT,0.212728717022306
TTTCTA,0.27680185968917
TTTCTC,0.662542857396208
TTTCTG,0.358135106956238
TTTCTT,0.956721066436801
TTTGAA,0.175317422780207
TTTGAC,0.212896132332187
TTTGAG,0.175642218129727
TTTGAT,0.190578518892854
TTTGCA,0.191585018677053
TTTGCC,0.226776779886914
TTTGCG,0.19891610280046
TTTGCT,0.24849887821769
TTTGGA,0.184014431611846
TTTGGC,0.200551466199486
TTTGGG,0.1767907397367
TTTGGT,0.193174710064955
TTTGTA,0.175468447761915
TTTGTC,0.258170354806535
TTTGTG,0.192615247786018
TTTGTT,0.226460205288721
TTTTAA,0.154554007803887
TTTTAC,0.219355388271054
TTTTAG,0.170948214390494
TTTTAT,0.20104225511829
TTTTCA,0.251872282705726
TTTTCC,0.460802843388693
TTTTCG,0.20542179747993
TTTTCT,0.704167730169075
TTTTGA,0.178651441084316
TTTTGC,0.21719544007969
TTTTGG,0.187165643403194
TTTTGT,0.198487518347081
TTTTTA,0.168687049090232
TTTTTC,0.51779640713344
TTTTTG,0.185768044086953
TTTTTT,0.304174048950647
