MOTIF,Score
AAAAAA,0
AAAAAC,0.241505525678927
AAAAAG,0.243780094197446
AAAAAT,0.183894864253409
AAAACA,0.234382584478089
AAAACC,0.258977781987908
AAAACG,0.264802097772118
AAAACT,0.240617927732891
AAAAGA,0.25836730955885
AAAAGC,0.259791165939711
AAAAGG,0.27797657765779
AAAAGT,0.257028780555007
AAAATA,0.20300861437751
AAAATC,0.247196978605667
AAAATG,0.252680768596806
AAAATT,0.199961294472454
AAACAA,0.241771651508557
AAACAC,0.256533653021955
AAACAG,0.260748948443742
AAACAT,0.236613958636889
AAACCA,0.267658369698744
AAACCC,0.261039004548182
AAACCG,0.270190447205667
AAACCT,0.252739256527657
AAACGA,0.262922321267932
AAACGC,0.269299196641865
AAACGG,0.283804996497228
AAACGT,0.279230421672922
AAACTA,0.258745265004147
AAACTC,0.246284988226121
AAACTG,0.246579269556355
AAACTT,0.256708431910384
AAAGAA,0.237326948077619
AAAGAC,0.257581868431071
AAAGAG,0.298159273993428
AAAGAT,0.265985988144433
AAAGCA,0.252885461390369
AAAGCC,0.260951996550425
AAAGCG,0.282698788798276
AAAGCT,0.257727367043308
AAAGGA,0.280312023228376
AAAGGC,0.274692041818292
AAAGGG,0.30459373101659
AAAGGT,0.271941882372982
AAAGTA,0.262603855358313
AAAGTC,0.26031370647753
AAAGTG,0.261966619115878
AAAGTT,0.258832465208823
AAATAA,0.222427238676395
AAATAC,0.228917043698704
AAATAG,0.248137516437607
AAATAT,0.210388249590532
AAATCA,0.242303690793137
AAATCC,0.256213145699197
AAATCG,0.270477778024789
AAATCT,0.2392850518819
AAATGA,0.258774332583922
AAATGC,0.24274684073501
AAATGG,0.271281865381894
AAATGT,0.255455174333406
AAATTA,0.219196714528715
AAATTC,0.236197813248169
AAATTG,0.249927969979775
AAATTT,0.227748384800114
AACAAA,0.2306824229783
AACAAC,0.255134321108381
AACAAG,0.269673043590864
AACAAT,0.252329769155888
AACACA,0.249839989799645
AACACC,0.265553020091713
AACACG,0.265206510626708
AACACT,0.252826982010363
AACAGA,0.267226125285054
AACAGC,0.26303810191227
AACAGG,0.301005568656804
AACAGT,0.280624900203284
AACATA,0.252329769155888
AACATC,0.262198388371885
AACATG,0.23411448467933
AACATT,0.231011217073088
AACCAA,0.2673414087316
AACCAC,0.261502919390625
AACCAG,0.270621412480654
AACCAT,0.261126004976205
AACCCA,0.255746769776353
AACCCC,0.278831641808614
AACCCG,0.27500668182886
AACCCT,0.262285287995848
AACCGA,0.267197302346693
AACCGC,0.268176816493415
AACCGG,0.270937335681711
AACCGT,0.274377302778228
AACCTA,0.254025126292901
AACCTC,0.25766917013877
AACCTG,0.254813364903522
AACCTT,0.25472581351188
AACGAA,0.260806966395624
AACGAC,0.265985988144433
AACGAG,0.269184138688036
AACGAT,0.269701795260372
AACGCA,0.263848191295374
AACGCC,0.267946428878736
AACGCG,0.282358170864617
AACGCT,0.27125315910682
AACGGA,0.262140451093656
AACGGC,0.267543122788866
AACGGG,0.283918384537973
AACGGT,0.270190447205667
AACGTA,0.274205585176191
AACGTC,0.265033210857999
AACGTG,0.275035280557784
AACGTT,0.263674655949854
AACTAA,0.25241753056685
AACTAC,0.266476458757711
AACTAG,0.272113989099453
AACTAT,0.261039004548182
AACTCA,0.250309128006437
AACTCC,0.241830780965108
AACTCG,0.268953983057763
AACTCT,0.253031644880344
AACTGA,0.254083535650176
AACTGC,0.263934947676496
AACTGG,0.281932235228742
AACTGT,0.252593030285958
AACTTA,0.258338230145321
AACTTC,0.240854697561414
AACTTG,0.281676586737849
AACTTT,0.259704049297515
AAGAAA,0.281420872874092
AAGAAC,0.269558028645534
AAGAAG,0.300754750633374
AAGAAT,0.269327959061952
AAGACA,0.270535234282862
AAGACC,0.252446782659017
AAGACG,0.270535234282862
AAGACT,0.287257560848847
AAGAGA,0.317586447718466
AAGAGC,0.294968504491692
AAGAGG,0.336966010780188
AAGAGT,0.286098602177185
AAGATA,0.261328976544473
AAGATC,0.277605822680286
AAGATG,0.285023244677657
AAGATT,0.257901937438402
AAGCAA,0.242215037234064
AAGCAC,0.265408655739375
AAGCAG,0.302676083045148
AAGCAT,0.271798437470518
AAGCCA,0.2824717230675
AAGCCC,0.266822528529056
AAGCCG,0.289768736258698
AAGCCT,0.280738649382333
AAGCGA,0.277862513843108
AAGCGC,0.269529272842139
AAGCGG,0.287285811360491
AAGCGT,0.272859442819925
AAGCTA,0.269212904417611
AAGCTC,0.273919323630016
AAGCTG,0.283861692124707
AAGCTT,0.252476033895525
AAGGAA,0.272372093663041
AAGGAC,0.282727168389735
AAGGAG,0.385345082275983
AAGGAT,0.29715276202807
AAGGCA,0.291570635491679
AAGGCC,0.303093275972031
AAGGCG,0.280624900203284
AAGGCT,0.281903833068116
AAGGGA,0.318791627210402
AAGGGC,0.303482499067974
AAGGGG,0.380878736678972
AAGGGT,0.313411889227141
AAGGTA,0.292976113584458
AAGGTC,0.265841686288228
AAGGTG,0.297320584389861
AAGGTT,0.279002566937611
AAGTAA,0.240529124592242
AAGTAC,0.261068005531873
AAGTAG,0.27397658249528
AAGTAT,0.273260610923711
AAGTCA,0.256650175675026
AAGTCC,0.258512693943665
AAGTCG,0.287794184143985
AAGTCT,0.267773603328303
AAGTGA,0.249927969979775
AAGTGC,0.281477703828368
AAGTGG,0.359215975561391
AAGTGT,0.299276433740359
AAGTTA,0.255513500224624
AAGTTC,0.258309149886154
AAGTTG,0.310904281667903
AAGTTT,0.262082510458505
AATAAA,0.205862813868861
AATAAC,0.263443228634421
AATAAG,0.266014846017079
AATAAT,0.233101014048691
AATACA,0.234769712892198
AATACC,0.262140451093656
AATACG,0.273088701442427
AATACT,0.267946428878736
AATAGA,0.264570931260631
AATAGC,0.266678347345403
AATAGG,0.285476167736191
AATAGT,0.278632192226084
AATATA,0.225467066737556
AATATC,0.258192820392136
AATATG,0.26161886448138
AATATT,0.217622963827278
AATCAA,0.268032830454491
AATCAC,0.245313244940243
AATCAG,0.277463188002435
AATCAT,0.245342705584497
AATCCA,0.269356720654786
AATCCC,0.249399972753844
AATCCG,0.268378362124534
AATCCT,0.264744311153861
AATCGA,0.272859442819925
AATCGC,0.265090980784612
AATCGG,0.278204666262911
AATCGT,0.264628727898504
AATCTA,0.255542661894567
AATCTC,0.25066083728348
AATCTG,0.264570931260631
AATCTT,0.261241993774039
AATGAA,0.258454542726109
AATGAC,0.263153869153003
AATGAG,0.298438680956248
AATGAT,0.290332178629267
AATGCA,0.275664245757358
AATGCC,0.253557728574527
AATGCG,0.270937335681711
AATGCT,0.250543614601642
AATGGA,0.267399045471404
AATGGC,0.280511138083888
AATGGG,0.312337970151949
AATGGT,0.268810108884549
AATGTA,0.268349572378376
AATGTC,0.292189289231585
AATGTG,0.287596514325949
AATGTT,0.266620669050739
AATTAA,0.238662434651108
AATTAC,0.266303378950066
AATTAG,0.267917626694464
AATTAT,0.245902292981834
AATTCA,0.233399200282502
AATTCC,0.257523663058102
AATTCG,0.272572795610202
AATTCT,0.237772308467555
AATTGA,0.272830781796168
AATTGC,0.248548723733677
AATTGG,0.293986836059492
AATTGT,0.255688457489599
AATTTA,0.236287001839868
AATTTC,0.225737494645436
AATTTG,0.266966688927492
AATTTT,0.192597192235543
ACAAAA,0.236881389253429
ACAAAC,0.254141941595997
ACAAAG,0.254404726146134
ACAAAT,0.249693338962771
ACAACA,0.252563782471589
ACAACC,0.265755095178395
ACAACG,0.262603855358313
ACAACT,0.260342728502903
ACAAGA,0.278318691059283
ACAAGC,0.269471758754542
ACAAGG,0.283209498258932
ACAAGT,0.266505302480093
ACAATA,0.253090112293367
ACAATC,0.256096572108136
ACAATG,0.254813364903522
ACAATT,0.243484987846455
ACACAA,0.266678347345403
ACACAC,0.213829745738033
ACACAG,0.25443392016724
ACACAT,0.249253257369167
ACACCA,0.257290807681653
ACACCC,0.255746769776353
ACACCG,0.268119224565659
ACACCT,0.251568847456789
ACACGA,0.273317907517461
ACACGC,0.261502919390625
ACACGG,0.272372093663041
ACACGT,0.271827128097173
ACACTA,0.260661915204026
ACACTC,0.250191864086625
ACACTG,0.255950836006613
ACACTT,0.245165928698623
ACAGAA,0.277120781746517
ACAGAC,0.275950008306272
ACAGAG,0.263819270828992
ACAGAT,0.286268289807296
ACAGCA,0.259558838026601
ACAGCC,0.276178559564592
ACAGCG,0.267658369698744
ACAGCT,0.261155003436944
ACAGGA,0.310214276021296
ACAGGC,0.250455688571747
ACAGGG,0.330845345759378
ACAGGT,0.318599991238413
ACAGTA,0.259471701141544
ACAGTC,0.244576446615436
ACAGTG,0.324578129286867
ACAGTT,0.276549843986515
ACATAA,0.261097005674531
ACATAC,0.255046797813622
ACATAG,0.246608692926857
ACATAT,0.250338441837949
ACATCA,0.267917626694464
ACATCC,0.277092242598977
ACATCG,0.26820561121353
ACATCT,0.23931469065433
ACATGA,0.266245679023185
ACATGC,0.26431080504415
ACATGG,0.25746545429707
ACATGT,0.252095701065136
ACATTA,0.262951267685774
ACATTC,0.268378362124534
ACATTG,0.254521497117161
ACATTT,0.22864747437984
ACCAAA,0.259094020208875
ACCAAC,0.261676831985924
ACCAAG,0.269327959061952
ACCAAT,0.268119224565659
ACCACA,0.241505525678927
ACCACC,0.260864980981619
ACCACG,0.264484230039992
ACCACT,0.261502919390625
ACCAGA,0.273575701571212
ACCAGC,0.260806966395624
ACCAGG,0.295192750604566
ACCAGT,0.263558948986963
ACCATA,0.260864980981619
ACCATC,0.258832465208823
ACCATG,0.268061629320882
ACCATT,0.24672637775228
ACCCAA,0.263356429581192
ACCCAC,0.242983107096817
ACCCAG,0.269126604746366
ACCCAT,0.263703580598807
ACCCCA,0.271511485921508
ACCCCC,0.244576446615436
ACCCCG,0.267571935761533
ACCCCT,0.277776957443109
ACCCGA,0.276349938735196
ACCCGC,0.265899409529497
ACCCGG,0.258454542726109
ACCCGT,0.268320781803344
ACCCTA,0.259616925065349
ACCCTC,0.250221181355743
ACCCTG,0.282272998249899
ACCCTT,0.264281897953873
ACCGAA,0.27340384625312
ACCGAC,0.275778560576339
ACCGAG,0.263558948986963
ACCGAT,0.266361075547859
ACCGCA,0.271568882818983
ACCGCC,0.273174659877178
ACCGCG,0.28153453155307
ACCGCT,0.262488024422798
ACCGGA,0.280852385623977
ACCGGC,0.296257233456684
ACCGGG,0.296145235975598
ACCGGT,0.27340384625312
ACCGTA,0.270678860486858
ACCGTC,0.262980213265746
ACCGTG,0.270994765542145
ACCGTT,0.272343418667754
ACCTAA,0.253148576288151
ACCTAC,0.265697363605992
ACCTAG,0.269356720654786
ACCTAT,0.258454542726109
ACCTCA,0.258832465208823
ACCTCC,0.256475386603451
ACCTCG,0.275721404800333
ACCTCT,0.257931029541651
ACCTGA,0.26465762496482
ACCTGC,0.268752553418826
ACCTGG,0.30122846521016
ACCTGT,0.275092475562088
ACCTTA,0.253528508962282
ACCTTC,0.255600982683367
ACCTTG,0.269874287919754
ACCTTT,0.236197813248169
ACGAAA,0.262516983414527
ACGAAC,0.270736305192978
ACGAAG,0.26872377444368
ACGAAT,0.267571935761533
ACGACA,0.269615537771754
ACGACC,0.269069067494351
ACGACG,0.266274529402786
ACGACT,0.263645730464242
ACGAGA,0.277662870855412
ACGAGC,0.272974078701115
ACGAGG,0.279942133278596
ACGAGT,0.271195744084402
ACGATA,0.270018009077523
ACGATC,0.267053175192142
ACGATG,0.27389069296787
ACGATT,0.26826319816647
ACGCAA,0.277291999529731
ACGCAC,0.273833429184317
ACGCAG,0.275063878468845
ACGCAT,0.264859881051274
ACGCCA,0.266130269180617
ACGCCC,0.260052470339697
ACGCCG,0.265783959714794
ACGCCT,0.264108437861997
ACGCGA,0.267399045471404
ACGCGC,0.280169774054162
ACGCGG,0.28210263125425
ACGCGT,0.265437530277176
ACGCTA,0.263095987207894
ACGCTC,0.262082510458505
ACGCTG,0.298578355167516
ACGCTT,0.265899409529497
ACGGAA,0.269471758754542
ACGGAC,0.267543122788866
ACGGAG,0.278261680286303
ACGGAT,0.278489703879445
ACGGCA,0.268752553418826
ACGGCC,0.287568272590583
ACGGCG,0.276892445757418
ACGGCT,0.283691595598178
ACGGGA,0.278974081444882
ACGGGC,0.284796706197919
ACGGGG,0.292245511506823
ACGGGT,0.284513460910862
ACGGTA,0.275092475562088
ACGGTC,0.277434658625344
ACGGTG,0.305343115120514
ACGGTT,0.278632192226084
ACGTAA,0.265408655739375
ACGTAC,0.252505284276423
ACGTAG,0.271568882818983
ACGTAT,0.264599829997124
ACGTCA,0.27065013689629
ACGTCC,0.268551083197816
ACGTCG,0.272171351426523
ACGTCT,0.265610759997654
ACGTGA,0.274863675914642
ACGTGC,0.283861692124707
ACGTGG,0.289007585125704
ACGTGT,0.288499828984685
ACGTTA,0.265553020091712
ACGTTC,0.272486785422343
ACGTTG,0.284003417132022
ACGTTT,0.263095987207894
ACTAAA,0.246196686937107
ACTAAC,0.261763776942792
ACTAAG,0.267168478577546
ACTAAT,0.254784181957994
ACTACA,0.250719443471869
ACTACC,0.270449048657747
ACTACG,0.266880195182321
ACTACT,0.257378134802042
ACTAGA,0.274548990898393
ACTAGC,0.275664245757358
ACTAGG,0.270937335681711
ACTAGT,0.279401278659829
ACTATA,0.262401142415533
ACTATC,0.260603888835717
ACTATG,0.289965977202337
ACTATT,0.248255021491726
ACTCAA,0.257378134802042
ACTCAC,0.244694370834481
ACTCAG,0.270075491757513
ACTCAT,0.265581890461421
ACTCCA,0.256125716779932
ACTCCC,0.256533653021955
ACTCCG,0.266014846017079
ACTCCT,0.243012636467459
ACTCGA,0.278603696180945
ACTCGC,0.272916762403193
ACTCGG,0.279600574922641
ACTCGT,0.26699551851348
ACTCTA,0.258803399318798
ACTCTC,0.249018467971646
ACTCTG,0.240055374610363
ACTCTT,0.245548905795825
ACTGAA,0.241830780965108
ACTGAC,0.251451731172259
ACTGAG,0.289176779896356
ACTGAT,0.259094020208875
ACTGCA,0.223662342690323
ACTGCC,0.27529263231984
ACTGCG,0.276007151018134
ACTGCT,0.281165093604029
ACTGGA,0.274606213722004
ACTGGC,0.292273621459132
ACTGGG,0.279913674537688
ACTGGT,0.303371307926908
ACTGTA,0.262661765795157
ACTGTC,0.276749709283712
ACTGTG,0.310435129633026
ACTGTT,0.248666180481631
ACTTAA,0.250133226969755
ACTTAC,0.254813364903522
ACTTAG,0.271425384397815
ACTTAT,0.252973174048682
ACTTCA,0.254842546997431
ACTTCC,0.237208151800928
ACTTCG,0.272716129485891
ACTTCT,0.234591056862049
ACTTGA,0.27082246606533
ACTTGC,0.268148020944141
ACTTGG,0.269558028645534
ACTTGT,0.270851184706483
ACTTTA,0.25443392016724
ACTTTC,0.255659300071051
ACTTTG,0.287088041017011
ACTTTT,0.22855760178944
AGAAAA,0.264570931260631
AGAAAC,0.261212997835813
AGAAAG,0.314429670530642
AGAAAT,0.265668496569892
AGAACA,0.265004324643133
AGAACC,0.278090628463402
AGAACG,0.270563961173987
AGAACT,0.273260610923711
AGAAGA,0.294155190531601
AGAAGC,0.312778691864077
AGAAGG,0.333519318263847
AGAAGT,0.293902648193533
AGAATA,0.254959266857866
AGAATC,0.278261680286303
AGAATG,0.314649595218901
AGAATT,0.266303378950066
AGACAA,0.277206394302565
AGACAC,0.272916762403193
AGACAG,0.32065132512083
AGACAT,0.259123077653095
AGACCA,0.271138325765309
AGACCC,0.278204666262911
AGACCG,0.292048719712803
AGACCT,0.301256323786327
AGACGA,0.287172804525051
AGACGC,0.268493512821388
AGACGG,0.267139653977565
AGACGT,0.26303810191227
AGACTA,0.267053175192142
AGACTC,0.279942133278596
AGACTG,0.300336580744365
AGACTT,0.279799831474366
AGAGAA,0.340695497350233
AGAGAC,0.324387599120016
AGAGAG,0.430194200502628
AGAGAT,0.301395605026847
AGAGCA,0.301061297453085
AGAGCC,0.296145235975598
AGAGCG,0.311097397961039
AGAGCT,0.297795928190581
AGAGGA,0.395588230706347
AGAGGC,0.374322874447618
AGAGGG,0.411133332364033
AGAGGT,0.385191401974383
AGAGTA,0.283578181837905
AGAGTC,0.292189289231585
AGAGTG,0.329410881142601
AGAGTT,0.299499716002278
AGATAA,0.259006842809861
AGATAC,0.268522298423895
AGATAG,0.294688126116956
AGATAT,0.2718558179007
AGATCA,0.264137349966862
AGATCC,0.281676586737849
AGATCG,0.267543122788866
AGATCT,0.285278039139356
AGATGA,0.308224395506442
AGATGC,0.282954176131623
AGATGG,0.367645545878009
AGATGT,0.310186665889929
AGATTA,0.265408655739375
AGATTC,0.249810661352737
AGATTG,0.308086062213768
AGATTT,0.263732504411149
AGCAAA,0.265033210857999
AGCAAC,0.262053538881962
AGCAAG,0.288161181602806
AGCAAT,0.268176816493415
AGCACA,0.286975011828696
AGCACC,0.255280176245516
AGCACG,0.269414241358885
AGCACT,0.262603855358313
AGCAGA,0.297264646731911
AGCAGC,0.315418950961951
AGCAGG,0.360109417231345
AGCAGT,0.338658077239498
AGCATA,0.264339711298832
AGCATC,0.262372180068923
AGCATG,0.323788553583024
AGCATT,0.258716196579424
AGCCAA,0.281136669646253
AGCCAC,0.255105147527934
AGCCAG,0.316379814016161
AGCCAT,0.305287624441247
AGCCCA,0.277520244314957
AGCCCC,0.272888103022251
AGCCCG,0.284031759723328
AGCCCT,0.272200031356191
AGCCGA,0.262632810995937
AGCCGC,0.274320066853813
AGCCGG,0.31887374567187
AGCCGT,0.279315853815389
AGCCTA,0.275492749022881
AGCCTC,0.236821966407891
AGCCTG,0.284938298761667
AGCCTT,0.274663433271351
AGCGAA,0.27371889177885
AGCGAC,0.272515456306943
AGCGAG,0.293453526500916
AGCGAT,0.27563566501064
AGCGCA,0.278831641808614
AGCGCC,0.272429441186967
AGCGCG,0.280255125986847
AGCGCT,0.276149993513778
AGCGGA,0.31418219742905
AGCGGC,0.294547907444564
AGCGGG,0.305259877946865
AGCGGT,0.282613645191173
AGCGTA,0.273317907517461
AGCGTC,0.263385363436062
AGCGTG,0.312089978804768
AGCGTT,0.280283575012273
AGCTAA,0.259936343480361
AGCTAC,0.260719938205472
AGCTAG,0.269931778861578
AGCTAT,0.254346335546924
AGCTCA,0.25996537645948
AGCTCC,0.270420318465305
AGCTCG,0.274863675914642
AGCTCT,0.294267411102165
AGCTGA,0.351854190665069
AGCTGC,0.306175106015399
AGCTGG,0.368375204925971
AGCTGT,0.290979745129549
AGCTTA,0.246373281718706
AGCTTC,0.273117355075002
AGCTTG,0.313054044331469
AGCTTT,0.258134650570027
AGGAAA,0.292357946575354
AGGAAC,0.278860131359038
AGGAAG,0.37845755827263
AGGAAT,0.293172722977505
AGGACA,0.310849098733557
AGGACC,0.288781947558269
AGGACG,0.286466222323672
AGGACT,0.290895303711297
AGGAGA,0.42402870888708
AGGAGC,0.369156392124995
AGGAGG,0.539418599268151
AGGAGT,0.327486009563832
AGGATA,0.267168478577546
AGGATC,0.371911709685029
AGGATG,0.335701808137398
AGGATT,0.268752553418826
AGGCAA,0.27532122287223
AGGCAC,0.290275848676093
AGGCAG,0.389485548026562
AGGCAT,0.277948062923836
AGGCCA,0.310600737838256
AGGCCC,0.313989676000311
AGGCCG,0.292301730621294
AGGCCT,0.400771608440365
AGGCGA,0.308528661408021
AGGCGC,0.27369025537755
AGGCGG,0.330574849506078
AGGCGT,0.291458111861933
AGGCTA,0.286240010535111
AGGCTC,0.284655093582877
AGGCTG,0.340293703619722
AGGCTT,0.279572106459613
AGGGAA,0.345344544820165
AGGGAC,0.326236928867081
AGGGAG,0.492954083694164
AGGGAT,0.344571202972354
AGGGCA,0.31881900078017
AGGGCC,0.339650497670441
AGGGCG,0.3016741093236
AGGGCT,0.324768623158888
AGGGGA,0.404622744183414
AGGGGC,0.36110702596752
AGGGGG,0.418097653018661
AGGGGT,0.418097653018661
AGGGTA,0.326019538087601
AGGGTC,0.355607820923472
AGGGTG,0.409984541024374
AGGGTT,0.32786585508474
AGGTAA,0.29801954123097
AGGTAC,0.287511786726951
AGGTAG,0.35431414564451
AGGTAT,0.330141903253237
AGGTCA,0.303927140038764
AGGTCC,0.278917108025037
AGGTCG,0.325203901506871
AGGTCT,0.330872391360891
AGGTGA,0.354393398367468
AGGTGC,0.334436005263055
AGGTGG,0.472531265385829
AGGTGT,0.355792495133259
AGGTTA,0.294660083955336
AGGTTC,0.283578181837905
AGGTTG,0.313164164092618
AGGTTT,0.282301389927521
AGTAAA,0.24746159429457
AGTAAC,0.255046797813622
AGTAAG,0.271109615369392
AGTAAT,0.267254947392678
AGTACA,0.289881450133058
AGTACC,0.269845541209342
AGTACG,0.276664057619087
AGTACT,0.269241669319742
AGTAGA,0.287822419500028
AGTAGC,0.262401142415533
AGTAGG,0.327730212532586
AGTAGT,0.33540569998422
AGTATA,0.269874287919754
AGTATC,0.282642027199041
AGTATG,0.294716167492236
AGTATT,0.289965977202337
AGTCAA,0.269443000470245
AGTCAC,0.26289337401217
AGTCAG,0.30136775033064
AGTCAT,0.258658057194933
AGTCCA,0.266880195182321
AGTCCC,0.292498472636038
AGTCCG,0.270391587447415
AGTCCT,0.26031370647753
AGTCGA,0.269730546103245
AGTCGC,0.285957173820107
AGTCGG,0.289092186089389
AGTCGT,0.281761810163481
AGTCTA,0.261212997835813
AGTCTC,0.266649508613919
AGTCTG,0.319421029816841
AGTCTT,0.254900908630589
AGTGAA,0.311207733386653
AGTGAC,0.270621412480654
AGTGAG,0.368583581188853
AGTGAT,0.31321921942614
AGTGCA,0.304232716061848
AGTGCC,0.306978706432287
AGTGCG,0.304649260212767
AGTGCT,0.267370227516752
AGTGGA,0.3585585235255
AGTGGC,0.296089232530915
AGTGGG,0.447238789288974
AGTGGT,0.456464701027161
AGTGTA,0.291458111861933
AGTGTC,0.316983312862914
AGTGTG,0.410958601401196
AGTGTT,0.346277092667831
AGTTAA,0.269270433394478
AGTTAC,0.24038110183114
AGTTAG,0.281449288754949
AGTTAT,0.280653338711089
AGTTCA,0.249839989799645
AGTTCC,0.275178261935383
AGTTCG,0.269586783622057
AGTTCT,0.278176158032193
AGTTGA,0.303593677846944
AGTTGC,0.276435617307699
AGTTGG,0.330196031786711
AGTTGT,0.365845181671027
AGTTTA,0.268148020944141
AGTTTC,0.280084414835904
AGTTTG,0.351032859080862
AGTTTT,0.288048273652485
ATAAAA,0.2240536427232
ATAAAC,0.249898644113114
ATAAAG,0.242215037234064
ATAAAT,0.223632236344768
ATAACA,0.249781332045646
ATAACC,0.255571822714131
ATAACG,0.27732053297703
ATAACT,0.25066083728348
ATAAGA,0.270563961173987
ATAAGC,0.263443228634421
ATAAGG,0.301729800876403
ATAAGT,0.266447614203344
ATAATA,0.257523663058102
ATAATC,0.264021696531602
ATAATG,0.269788045309278
ATAATT,0.249077170489297
ATACAA,0.239936902037983
ATACAC,0.252124962572867
ATACAG,0.28575914051085
ATACAT,0.256154860602342
ATACCA,0.282244605766167
ATACCC,0.255921686237453
ATACCG,0.26399278108271
ATACCT,0.250748745278106
ATACGA,0.267024347268348
ATACGC,0.267427862595606
ATACGG,0.267658369698744
ATACGT,0.251334601169898
ATACTA,0.264975437593829
ATACTC,0.259704049297515
ATACTG,0.280255125986847
ATACTT,0.256795809900561
ATAGAA,0.263414296453789
ATAGAC,0.273489777603948
ATAGAG,0.290670091730239
ATAGAT,0.262488024422798
ATAGCA,0.276435617307699
ATAGCC,0.265177629417455
ATAGCG,0.270449048657747
ATAGCT,0.256154860602342
ATAGGA,0.309026351459166
ATAGGC,0.27394795347247
ATAGGG,0.301757645489767
ATAGGT,0.289035786242198
ATAGTA,0.265322027123202
ATAGTC,0.263674655949854
ATAGTG,0.342301059833578
ATAGTT,0.276264252821247
ATATAA,0.232444691185311
ATATAC,0.243484987846455
ATATAG,0.255600982683367
ATATAT,0.219650221199737
ATATCA,0.257407242147581
ATATCC,0.254696628011196
ATATCG,0.26572622980881
ATATCT,0.268291990399391
ATATGA,0.270334122935103
ATATGC,0.271626276422244
ATATGG,0.278233173680932
ATATGT,0.256679304216929
ATATTA,0.255046797813622
ATATTC,0.27004675083055
ATATTG,0.264108437861997
ATATTT,0.226097951467135
ATCAAA,0.258861530254046
ATCAAC,0.264830989829059
ATCAAG,0.27732053297703
ATCAAT,0.262922321267932
ATCACA,0.238395479980253
ATCACC,0.258861530254046
ATCACG,0.267226125285054
ATCACT,0.242628686617637
ATCAGA,0.290444829017319
ATCAGC,0.263211747747987
ATCAGG,0.293762319331472
ATCAGT,0.27480646782227
ATCATA,0.261241993774039
ATCATC,0.253236265872005
ATCATG,0.266937858510334
ATCATT,0.232743073160599
ATCCAA,0.269126604746366
ATCCAC,0.252973174048682
ATCCAG,0.287229309539089
ATCCAT,0.259297404589612
ATCCCA,0.243455472420963
ATCCCC,0.255075973096364
ATCCCG,0.266736022313474
ATCCCT,0.245990620268892
ATCCGA,0.263790349526194
ATCCGC,0.257931029541651
ATCCGG,0.274405919512001
ATCCGT,0.262661765795157
ATCCTA,0.268320781803344
ATCCTC,0.266361075547859
ATCCTG,0.258716196579424
ATCCTT,0.257901937438402
ATCGAA,0.271511485921508
ATCGAC,0.266851362271369
ATCGAG,0.267283768669612
ATCGAT,0.261647848653681
ATCGCA,0.261473931017304
ATCGCC,0.269989266498383
ATCGCG,0.274577602719505
ATCGCT,0.267600747904037
ATCGGA,0.268349572378376
ATCGGC,0.265783959714794
ATCGGG,0.293678112561011
ATCGGT,0.2824717230675
ATCGTA,0.267571935761533
ATCGTC,0.267254947392678
ATCGTG,0.281648177315221
ATCGTT,0.262343216883472
ATCTAA,0.247138165608945
ATCTAC,0.266245679023185
ATCTAG,0.262227355752275
ATCTAT,0.228257968140222
ATCTCA,0.239196130293507
ATCTCC,0.24106182518467
ATCTCG,0.262922321267932
ATCTCT,0.256708431910384
ATCTGA,0.308943420316474
ATCTGC,0.249752001878322
ATCTGG,0.392134617668321
ATCTGT,0.272486785422343
ATCTTA,0.26211148119572
ATCTTC,0.264628727898504
ATCTTG,0.261097005674531
ATCTTT,0.270592687239902
ATGAAA,0.234769712892198
ATGAAC,0.270563961173987
ATGAAG,0.284031759723328
ATGAAT,0.249429313247908
ATGACA,0.284173460631569
ATGACC,0.278632192226084
ATGACG,0.272859442819925
ATGACT,0.256067426586902
ATGAGA,0.278233173680932
ATGAGC,0.276264252821247
ATGAGG,0.391574822483697
ATGAGT,0.321306864235303
ATGATA,0.312558355287466
ATGATC,0.264946549710039
ATGATG,0.432591163535624
ATGATT,0.254258743254871
ATGCAA,0.266736022313474
ATGCAC,0.266303378950066
ATGCAG,0.30631370389134
ATGCAT,0.273489777603948
ATGCCA,0.280596460886708
ATGCCC,0.254521497117161
ATGCCG,0.2713966822424
ATGCCT,0.246902879026266
ATGCGA,0.270535234282862
ATGCGC,0.275235448762685
ATGCGG,0.288669109679563
ATGCGT,0.264079524921197
ATGCTA,0.255426010112031
ATGCTC,0.267860019837104
ATGCTG,0.326970274041149
ATGCTT,0.251012422904598
ATGGAA,0.281676586737849
ATGGAC,0.275406989625208
ATGGAG,0.377812639765435
ATGGAT,0.281790216358094
ATGGCA,0.339328739486536
ATGGCC,0.283152765641803
ATGGCG,0.292076835197387
ATGGCT,0.282840678702243
ATGGGA,0.377657797415133
ATGGGC,0.314347186301362
ATGGGG,0.344517847000418
ATGGGT,0.341685898862176
ATGGTA,0.306341421161553
ATGGTC,0.289994151304433
ATGGTG,0.487210996191858
ATGGTT,0.30237003090907
ATGTAA,0.253586947333012
ATGTAC,0.245813957892377
ATGTAG,0.291739397199421
ATGTAT,0.265755095178395
ATGTCA,0.266389922598466
ATGTCC,0.271769746020687
ATGTCG,0.276606952433396
ATGTCT,0.316928464378949
ATGTGA,0.252563782471589
ATGTGC,0.288471612749334
ATGTGG,0.323298158358446
ATGTGT,0.311180150671532
ATGTTA,0.268004030758702
ATGTTC,0.304399354543877
ATGTTG,0.288048273652485
ATGTTT,0.233846312983792
ATTAAA,0.236851678272044
ATTAAC,0.254346335546924
ATTAAG,0.263558948986963
ATTAAT,0.242599145906852
ATTACA,0.242894513752627
ATTACC,0.26173479613043
ATTACG,0.267571935761533
ATTACT,0.261995593210697
ATTAGA,0.260661915204026
ATTAGC,0.251861578173686
ATTAGG,0.29258277879459
ATTAGT,0.290641936665992
ATTATA,0.241091411343254
ATTATC,0.245489995788229
ATTATG,0.25446311333608
ATTATT,0.229815083634507
ATTCAA,0.243278361571308
ATTCAC,0.261386960855046
ATTCAG,0.262169420152361
ATTCAT,0.254317138968722
ATTCCA,0.261444941803633
ATTCCC,0.265206510626708
ATTCCG,0.277149320079597
ATTCCT,0.249282602168186
ATTCGA,0.261473931017304
ATTCGC,0.271712360651309
ATTCGG,0.271339275460011
ATTCGT,0.276806806318061
ATTCTA,0.245578359498278
ATTCTC,0.243071692592921
ATTCTG,0.276978077863289
ATTCTT,0.229874924298593
ATTGAA,0.235781494610365
ATTGAC,0.255921686237453
ATTGAG,0.32938379598423
ATTGAT,0.253616165237786
ATTGCA,0.288302298615906
ATTGCC,0.279088018547583
ATTGCG,0.267226125285054
ATTGCT,0.249546666616274
ATTGGA,0.294856362575065
ATTGGC,0.279600574922641
ATTGGG,0.33999895224716
ATTGGT,0.294940470191495
ATTGTA,0.264773204880401
ATTGTC,0.258076477363993
ATTGTG,0.30237003090907
ATTGTT,0.267860019837104
ATTTAA,0.227298536692665
ATTTAC,0.244399534208791
ATTTAG,0.259064961920295
ATTTAT,0.194985635371736
ATTTCA,0.223903160830213
ATTTCC,0.237178450526538
ATTTCG,0.265437530277176
ATTTCT,0.199591290550139
ATTTGA,0.248078758732352
ATTTGC,0.263269622993233
ATTTGG,0.315611197447612
ATTTGT,0.286042033234569
ATTTTA,0.214224911480156
ATTTTC,0.216865470416503
ATTTTG,0.29176752138198
ATTTTT,0.118656642284232
CAAAAA,0.218652234901718
CAAAAC,0.24963467260568
CAAAAG,0.257756464225546
CAAAAT,0.241032238150719
CAAACA,0.248108138016538
CAAACC,0.267427862595606
CAAACG,0.269989266498383
CAAACT,0.249106520455928
CAAAGA,0.252242000042184
CAAAGC,0.258134650570027
CAAAGG,0.283663243363963
CAAAGT,0.256242286973742
CAAATA,0.237237852193179
CAAATC,0.254930088169938
CAAATG,0.250455688571747
CAAATT,0.254988444694423
CAACAA,0.252563782471589
CAACAC,0.258861530254046
CAACAG,0.26748549435285
CAACAT,0.246137815079068
CAACCA,0.263327494889129
CAACCC,0.281932235228742
CAACCG,0.273203311046872
CAACCT,0.243484987846455
CAACGA,0.264975437593829
CAACGC,0.268925209879055
CAACGG,0.2673414087316
CAACGT,0.268694994640281
CAACTA,0.272658798400944
CAACTC,0.262488024422798
CAACTG,0.259936343480361
CAACTT,0.268694994640281
CAAGAA,0.261531906923644
CAAGAC,0.267254947392678
CAAGAG,0.28683370737525
CAAGAT,0.280539579827056
CAAGCA,0.267514308985988
CAAGCC,0.275835713085748
CAAGCG,0.260023439889099
CAAGCT,0.28022667615205
CAAGGA,0.305953309450646
CAAGGC,0.28575914051085
CAAGGG,0.31453963892063
CAAGGT,0.281108244880533
CAAGTA,0.253937505859641
CAAGTC,0.283776647478046
CAAGTG,0.304232716061848
CAAGTT,0.282982548476322
CAATAA,0.259878274993259
CAATAC,0.266101414638693
CAATAG,0.266707185245239
CAATAT,0.265206510626708
CAATCA,0.26699551851348
CAATCC,0.256999662191211
CAATCG,0.267514308985988
CAATCT,0.265755095178395
CAATGA,0.269069067494351
CAATGC,0.272429441186967
CAATGG,0.267715988173373
CAATGT,0.283124398126222
CAATTA,0.254229544119124
CAATTC,0.248019997574427
CAATTG,0.27004675083055
CAATTT,0.249135869561164
CACAAA,0.262980213265746
CACAAC,0.256621046284627
CACAAG,0.272085306701957
CACAAT,0.256067426586902
CACACA,0.198171672570727
CACACC,0.238306479250997
CACACG,0.264975437593829
CACACT,0.247814306326047
CACAGA,0.276149993513778
CACAGC,0.247873079571516
CACAGG,0.291317439517084
CACAGT,0.2392850518819
CACATA,0.246844048729614
CACATC,0.255484337704254
CACATG,0.263732504411149
CACATT,0.239136844841469
CACCAA,0.243189794381997
CACCAC,0.231041102085429
CACCAG,0.277520244314957
CACCAT,0.248636817588
CACCCA,0.242864980893638
CACCCC,0.236673393843758
CACCCG,0.253002409891868
CACCCT,0.261473931017304
CACCGA,0.265090980784612
CACCGC,0.279088018547583
CACCGG,0.268982755408599
CACCGT,0.262603855358313
CACCTA,0.260777957840444
CACCTC,0.26173479613043
CACCTG,0.257960120798574
CACCTT,0.243809600043283
CACGAA,0.267917626694464
CACGAC,0.269212904417611
CACGAG,0.27394795347247
CACGAT,0.263530020154228
CACGCA,0.280795519120146
CACGCC,0.254638254454321
CACGCG,0.270190447205667
CACGCT,0.278318691059283
CACGGA,0.282216212476278
CACGGC,0.282074233932895
CACGGG,0.268867661037832
CACGGT,0.296565161868272
CACGTA,0.261908668407624
CACGTC,0.274148339422234
CACGTG,0.303454702441761
CACGTT,0.284145122056207
CACTAA,0.25746545429707
CACTAC,0.254083535650176
CACTAG,0.273604341253062
CACTAT,0.249253257369167
CACTCA,0.246490994250086
CACTCC,0.246490994250086
CACTCG,0.275264040950007
CACTCT,0.230981331167605
CACTGA,0.258105564390025
CACTGC,0.236316729602832
CACTGG,0.278290186079072
CACTGT,0.254200344130762
CACTTA,0.251451731172259
CACTTC,0.237445730243431
CACTTG,0.255863384149883
CACTTT,0.227388522504677
CAGAAA,0.276606952433396
CAGAAC,0.276778258208395
CAGAAG,0.270994765542145
CAGAAT,0.261444941803633
CAGACA,0.279942133278596
CAGACC,0.272027939438808
CAGACG,0.260922992202116
CAGACT,0.277206394302565
CAGAGA,0.329329623466572
CAGAGC,0.315281609412317
CAGAGG,0.345451165742308
CAGAGT,0.271769746020687
CAGATA,0.282585262377744
CAGATC,0.253820666671486
CAGATG,0.305093382811402
CAGATT,0.270937335681711
CAGCAA,0.276149993513778
CAGCAC,0.247079349153051
CAGCAG,0.331494238396974
CAGCAT,0.26465762496482
CAGCCA,0.296956933669404
CAGCCC,0.277891031016541
CAGCCG,0.275063878468845
CAGCCT,0.222879282977634
CAGCGA,0.289233171792312
CAGCGC,0.277206394302565
CAGCGG,0.287483542598596
CAGCGT,0.285900596876246
CAGCTA,0.245401624269343
CAGCTC,0.276578398617627
CAGCTG,0.33677782654003
CAGCTT,0.299276433740359
CAGGAA,0.309219830716845
CAGGAC,0.293650042061722
CAGGAG,0.323897497648514
CAGGAT,0.291233026610614
CAGGCA,0.290332178629267
CAGGCC,0.338604404823861
CAGGCG,0.320104714066893
CAGGCT,0.286466222323672
CAGGGA,0.372378840683268
CAGGGC,0.361920128204767
CAGGGG,0.381521681466414
CAGGGT,0.325557425707663
CAGGTA,0.326101065168141
CAGGTC,0.328869038540986
CAGGTG,0.423412529308442
CAGGTT,0.322098401077924
CAGTAA,0.25638798060962
CAGTAC,0.267600747904037
CAGTAG,0.299750848969081
CAGTAT,0.276264252821247
CAGTCA,0.273575701571212
CAGTCC,0.262632810995937
CAGTCG,0.283181132352691
CAGTCT,0.294940470191495
CAGTGA,0.311814360714951
CAGTGC,0.291542505771242
CAGTGG,0.389358011936145
CAGTGT,0.362024996481278
CAGTTA,0.25142244995784
CAGTTC,0.253966713523774
CAGTTG,0.313246745956284
CAGTTT,0.304926859950693
CATAAA,0.250221181355743
CATAAC,0.254317138968722
CATAAG,0.273231961395701
CATAAT,0.265408655739375
CATACA,0.255600982683367
CATACC,0.269845541209342
CATACG,0.261184001056797
CATACT,0.269241669319742
CATAGA,0.269270433394478
CATAGC,0.260835974109333
CATAGG,0.282840678702243
CATAGT,0.284796706197919
CATATA,0.253908297342396
CATATC,0.269615537771754
CATATG,0.283521470133898
CATATT,0.25279774103787
CATCAA,0.268407151041867
CATCAC,0.251656675669793
CATCAG,0.278660687459223
CATCAT,0.255921686237453
CATCCA,0.26471541659245
CATCCC,0.25589253561856
CATCCG,0.264426425049783
CATCCT,0.238336147040883
CATCGA,0.266678347345403
CATCGC,0.279685975449325
CATCGG,0.267946428878736
CATCGT,0.268579867143197
CATCTA,0.253470067176309
CATCTC,0.228317902052922
CATCTG,0.268407151041867
CATCTT,0.266130269180617
CATGAA,0.257552766168069
CATGAC,0.259907309658304
CATGAG,0.283748297655174
CATGAT,0.272228710463344
CATGCA,0.285108183378452
CATGCC,0.249898644113114
CATGCG,0.265755095178395
CATGCT,0.305121133925761
CATGGA,0.300838363631343
CATGGC,0.282528494334019
CATGGG,0.351986600347512
CATGGT,0.323924731810486
CATGTA,0.252943937350737
CATGTC,0.275664245757358
CATGTG,0.253616165237786
CATGTT,0.254988444694423
CATTAA,0.260545859100152
CATTAC,0.268752553418826
CATTAG,0.275349812607223
CATTAT,0.244664891083393
CATTCA,0.273117355075002
CATTCC,0.259442653825813
CATTCG,0.278660687459223
CATTCT,0.247285191615692
CATTGA,0.258658057194933
CATTGC,0.261473931017304
CATTGG,0.278746168287092
CATTGT,0.267773603328303
CATTTA,0.219166473436743
CATTTC,0.219952444760539
CATTTG,0.257232585364426
CATTTT,0.196100356056782
CCAAAA,0.237861356748982
CCAAAC,0.256591916045682
CCAAAG,0.248108138016538
CCAAAT,0.251978646471102
CCAACA,0.250133226969755
CCAACC,0.254287941538054
CCAACG,0.264773204880401
CCAACT,0.273461134640797
CCAAGA,0.267802409661002
CCAAGC,0.292835654633461
CCAAGG,0.294912435105355
CCAAGT,0.286890231552685
CCAATA,0.257378134802042
CCAATC,0.265437530277176
CCAATG,0.272343418667754
CCAATT,0.262777576608959
CCACAA,0.248783623435117
CCACAC,0.238958967393849
CCACAG,0.253148576288151
CCACAT,0.250836645545595
CCACCA,0.24147595177004
CCACCC,0.255775924644658
CCACCG,0.268234405104532
CCACCT,0.24212637581484
CCACGA,0.269241669319742
CCACGC,0.256650175675026
CCACGG,0.285928885748295
CCACGT,0.285815725458219
CCACTA,0.257931029541651
CCACTC,0.25530934472027
CCACTG,0.247667358098059
CCACTT,0.237623877041583
CCAGAA,0.263819270828992
CCAGAC,0.263674655949854
CCAGAG,0.307006405276827
CCAGAT,0.270334122935103
CCAGCA,0.25306087901416
CCAGCC,0.264802097772118
CCAGCG,0.281136669646253
CCAGCT,0.281278781356607
CCAGGA,0.307809338206882
CCAGGC,0.290078668848352
CCAGGG,0.377786834372004
CCAGGT,0.338470211180226
CCAGTA,0.273461134640797
CCAGTC,0.269500516211825
CCAGTG,0.314484656237267
CCAGTT,0.269586783622057
CCATAA,0.262401142415533
CCATAC,0.269356720654786
CCATAG,0.274463150522912
CCATAT,0.282982548476322
CCATCA,0.255163493837756
CCATCC,0.249487991653567
CCATCG,0.258716196579424
CCATCT,0.283861692124707
CCATGA,0.261328976544473
CCATGC,0.263269622993233
CCATGG,0.326318438227035
CCATGT,0.275749983096684
CCATTA,0.253733028320769
CCATTC,0.276635505433867
CCATTG,0.267802409661002
CCATTT,0.237683252255824
CCCAAA,0.228407796187372
CCCAAC,0.265581890461421
CCCAAG,0.27125315910682
CCCAAT,0.255338512344249
CCCACA,0.250953833884606
CCCACC,0.241801216673869
CCCACG,0.269069067494351
CCCACT,0.241889906925572
CCCAGA,0.273833429184317
CCCAGC,0.25784375069273
CCCAGG,0.316407253684636
CCCAGT,0.28821763079775
CCCATA,0.273575701571212
CCCATC,0.252651523348516
CCCATG,0.267168478577546
CCCATT,0.262488024422798
CCCCAA,0.24937063139889
CCCCAC,0.259442653825813
CCCCAG,0.292245511506823
CCCCAT,0.257814656050208
CCCCCA,0.258803399318798
CCCCCC,0.229455964431476
CCCCCG,0.249927969979775
CCCCCT,0.282698788798276
CCCCGA,0.2673414087316
CCCCGC,0.262024566466042
CCCCGG,0.288951180506695
CCCCGT,0.261908668407624
CCCCTA,0.268004030758702
CCCCTC,0.25999440859571
CCCCTG,0.311621382842738
CCCCTT,0.252066438701144
CCCGAA,0.263269622993233
CCCGAC,0.278546701654475
CCCGAG,0.277434658625344
CCCGAT,0.274749256456945
CCCGCA,0.27532122287223
CCCGCC,0.259006842809861
CCCGCG,0.268004030758702
CCCGCT,0.273203311046872
CCCGGA,0.295501006924647
CCCGGC,0.281619767085475
CCCGGG,0.293818453239381
CCCGGT,0.262980213265746
CCCGTA,0.270018009077523
CCCGTC,0.265610759997654
CCCGTG,0.286607578710265
CCCGTT,0.264166261235843
CCCTAA,0.25996537645948
CCCTAC,0.261937644181537
CCCTAG,0.269069067494351
CCCTAT,0.262806527216884
CCCTCA,0.250807346314919
CCCTCC,0.234203859265543
CCCTCG,0.28210263125425
CCCTCT,0.25638798060962
CCCTGA,0.281591356048566
CCCTGC,0.250397066923198
CCCTGG,0.396247124327802
CCCTGT,0.266072559264161
CCCTTA,0.268061629320882
CCCTTC,0.257145245532144
CCCTTG,0.270075491757513
CCCTTT,0.260661915204026
CCGAAA,0.273432490857203
CCGAAC,0.257989211209221
CCGAAG,0.27065013689629
CCGAAT,0.27082246606533
CCGACA,0.267888823680603
CCGACC,0.26901152693161
CCGACG,0.279230421672922
CCGACT,0.282272998249899
CCGAGA,0.274262827653259
CCGAGC,0.265119864496455
CCGAGG,0.296845014529953
CCGAGT,0.262198388371885
CCGATA,0.269385481420414
CCGATC,0.271683666731668
CCGATG,0.276721159543963
CCGATT,0.265033210857999
CCGCAA,0.264975437593829
CCGCAC,0.276949534642753
CCGCAG,0.282897429027142
CCGCAT,0.261502919390625
CCGCCA,0.282982548476322
CCGCCC,0.26572622980881
CCGCCG,0.297851836138615
CCGCCT,0.24274684073501
CCGCGA,0.287285811360491
CCGCGC,0.276863900092526
CCGCGG,0.299778748739386
CCGCGT,0.282556878758708
CCGCTA,0.268522298423895
CCGCTC,0.259326456124688
CCGCTG,0.283124398126222
CCGCTT,0.283237863360571
CCGGAA,0.263211747747987
CCGGAC,0.277406128434304
CCGGAG,0.310186665889929
CCGGAT,0.279799831474366
CCGGCA,0.279600574922641
CCGGCC,0.26592826990069
CCGGCG,0.302314375001253
CCGGCT,0.29631322749379
CCGGGA,0.314567129128693
CCGGGC,0.324006429846487
CCGGGG,0.320514700365761
CCGGGT,0.304482663372904
CCGGTA,0.27145408572944
CCGGTC,0.273919323630016
CCGGTG,0.283379676801335
CCGGTT,0.272572795610202
CCGTAA,0.27065013689629
CCGTAC,0.266447614203344
CCGTAG,0.264802097772118
CCGTAT,0.277406128434304
CCGTCA,0.278461203773604
CCGTCC,0.258454542726109
CCGTCG,0.266851362271369
CCGTCT,0.249546666616274
CCGTGA,0.262198388371885
CCGTGC,0.256125716779932
CCGTGG,0.321607176106019
CCGTGT,0.294688126116956
CCGTTA,0.274949481917232
CCGTTC,0.26618797576683
CCGTTG,0.266130269180617
CCGTTT,0.271281865381894
CCTAAA,0.251803038885207
CCTAAC,0.268234405104532
CCTAAG,0.272400767836097
CCTAAT,0.251129590647568
CCTACA,0.269299196641865
CCTACC,0.255163493837756
CCTACG,0.262372180068923
CCTACT,0.256271427399098
CCTAGA,0.269443000470245
CCTAGC,0.278318691059283
CCTAGG,0.309910522640591
CCTAGT,0.273489777603948
CCTATA,0.261270988871526
CCTATC,0.26179275691529
CCTATG,0.259704049297515
CCTATT,0.271310570832942
CCTCAA,0.275406989625208
CCTCAC,0.244989120557157
CCTCAG,0.287342309989618
CCTCAT,0.265206510626708
CCTCCA,0.269500516211825
CCTCCC,0.199437081834666
CCTCCG,0.247784918407901
CCTCCT,0.226608376320207
CCTCGA,0.290388505409557
CCTCGC,0.271769746020687
CCTCGG,0.299136857005443
CCTCGT,0.262053538881962
CCTCTA,0.250221181355743
CCTCTC,0.241209747224959
CCTCTG,0.253849877748368
CCTCTT,0.233935711539883
CCTGAA,0.265639628700462
CCTGAC,0.24828439559797
CCTGAG,0.281989037130062
CCTGAT,0.261879691794092
CCTGCA,0.285023244677657
CCTGCC,0.265350904162436
CCTGCG,0.292470369003663
CCTGCT,0.272744793795841
CCTGGA,0.395360050957795
CCTGGC,0.291176747380741
CCTGGG,0.393888308982817
CCTGGT,0.316023029791935
CCTGTA,0.24769674947121
CCTGTC,0.266476458757711
CCTGTG,0.286409674173705
CCTGTT,0.261241993774039
CCTTAA,0.260081499947552
CCTTAC,0.263877110925386
CCTTAG,0.271970568884468
CCTTAT,0.263790349526194
CCTTCA,0.247285191615692
CCTTCC,0.227508490992717
CCTTCG,0.274463150522912
CCTTCT,0.242658226455793
CCTTGA,0.294491814469987
CCTTGC,0.257785560561163
CCTTGG,0.322480298188684
CCTTGT,0.286635847589946
CCTTTA,0.257319917569127
CCTTTC,0.253265494024603
CCTTTG,0.284570116386868
CCTTTT,0.231937237409872
CGAAAA,0.264975437593829
CGAAAC,0.272888103022251
CGAAAG,0.272859442819925
CGAAAT,0.265119864496455
CGAACA,0.267600747904037
CGAACC,0.270506506566478
CGAACG,0.261850714340891
CGAACT,0.257610969847155
CGAAGA,0.274949481917232
CGAAGC,0.27954363718611
CGAAGG,0.284088442496145
CGAAGT,0.269327959061952
CGAATA,0.265379780367811
CGAATC,0.269558028645534
CGAATG,0.270707583252405
CGAATT,0.265495276851682
CGACAA,0.265408655739375
CGACAC,0.266966688927492
CGACAG,0.262980213265746
CGACAT,0.276978077863289
CGACCA,0.267571935761533
CGACCC,0.26901152693161
CGACCG,0.2824717230675
CGACCT,0.268407151041867
CGACGA,0.272945420962799
CGACGC,0.263645730464242
CGACGG,0.277719915776229
CGACGT,0.270937335681711
CGACTA,0.272974078701115
CGACTC,0.266851362271369
CGACTG,0.28920497624184
CGACTT,0.271425384397815
CGAGAA,0.26820561121353
CGAGAC,0.276664057619087
CGAGAG,0.301061297453085
CGAGAT,0.260632902440754
CGAGCA,0.276549843986515
CGAGCC,0.275492749022881
CGAGCG,0.294688126116956
CGAGCT,0.266966688927492
CGAGGA,0.294996538005988
CGAGGC,0.299415990996329
CGAGGG,0.324659773961191
CGAGGT,0.277719915776229
CGAGTA,0.268953983057763
CGAGTC,0.263472159978006
CGAGTG,0.304982370652083
CGAGTT,0.270506506566478
CGATAA,0.270132971133435
CGATAC,0.269816793672532
CGATAG,0.271941882372982
CGATAT,0.266736022313474
CGATCA,0.271310570832942
CGATCC,0.26269071975602
CGATCG,0.270075491757513
CGATCT,0.261879691794092
CGATGA,0.2824717230675
CGATGC,0.267399045471404
CGATGG,0.293818453239381
CGATGT,0.267427862595606
CGATTA,0.264686521196119
CGATTC,0.262053538881962
CGATTG,0.269414241358885
CGATTT,0.273289259630948
CGCAAA,0.274262827653259
CGCAAC,0.262227355752275
CGCAAG,0.274491764800144
CGCAAT,0.270391587447415
CGCACA,0.263414296453789
CGCACC,0.26901152693161
CGCACG,0.28213102776922
CGCACT,0.263327494889129
CGCAGA,0.263761427386929
CGCAGC,0.279942133278596
CGCAGG,0.297851836138615
CGCAGT,0.283549826387929
CGCATA,0.266072559264161
CGCATC,0.261415951749563
CGCATG,0.264917660991716
CGCATT,0.269644291094674
CGCCAA,0.267543122788866
CGCCAC,0.265379780367811
CGCCAG,0.280795519120146
CGCCAT,0.276035721149627
CGCCCA,0.272400767836097
CGCCCC,0.261647848653681
CGCCCG,0.29280756047566
CGCCCT,0.268752553418826
CGCCGA,0.271367979263148
CGCCGC,0.294603997272896
CGCCGG,0.292104949891513
CGCCGT,0.271999254573061
CGCCTA,0.273804796062816
CGCCTC,0.25069014080701
CGCCTG,0.251715223526646
CGCCTT,0.253148576288151
CGCGAA,0.27477786254875
CGCGAC,0.272429441186967
CGCGAG,0.292076835197387
CGCGAT,0.266418768816945
CGCGCA,0.274949481917232
CGCGCC,0.279344329574366
CGCGCG,0.30256480219661
CGCGCT,0.26690902726196
CGCGGA,0.281875430100783
CGCGGC,0.299778748739386
CGCGGG,0.341685898862176
CGCGGT,0.281989037130062
CGCGTA,0.26748549435285
CGCGTC,0.2718558179007
CGCGTG,0.291851889184151
CGCGTT,0.279799831474366
CGCTAA,0.268694994640281
CGCTAC,0.267946428878736
CGCTAG,0.266851362271369
CGCTAT,0.270736305192978
CGCTCA,0.261039004548182
CGCTCC,0.266332227665075
CGCTCG,0.273661618156183
CGCTCT,0.272802119950933
CGCTGA,0.279913674537688
CGCTGC,0.277577297372242
CGCTGG,0.299192690037231
CGCTGT,0.304565965262149
CGCTTA,0.269558028645534
CGCTTC,0.266418768816945
CGCTTG,0.272687464354274
CGCTTT,0.273231961395701
CGGAAA,0.274062464646313
CGGAAC,0.265148747374053
CGGAAG,0.275549917869006
CGGAAT,0.271109615369392
CGGACA,0.266332227665075
CGGACC,0.278803151446513
CGGACG,0.278746168287092
CGGACT,0.266620669050739
CGGAGA,0.295753145982728
CGGAGC,0.286551038553401
CGGAGG,0.323625115227539
CGGAGT,0.290135009909439
CGGATA,0.268867661037832
CGGATC,0.279230421672922
CGGATG,0.2803404706352
CGGATT,0.273919323630016
CGGCAA,0.278375698582219
CGGCAC,0.271367979263148
CGGCAG,0.309330373487782
CGGCAT,0.269644291094674
CGGCCA,0.292301730621294
CGGCCC,0.270563961173987
CGGCCG,0.320869885910413
CGGCCT,0.288612685965205
CGGCGA,0.279913674537688
CGGCGC,0.297628185589841
CGGCGG,0.300559626446077
CGGCGT,0.283351315722021
CGGCTA,0.262661765795157
CGGCTC,0.271023479235588
CGGCTG,0.321607176106019
CGGCTT,0.302787351511638
CGGGAA,0.268061629320882
CGGGAC,0.309855284838933
CGGGAG,0.35447264480993
CGGGAT,0.307947709782347
CGGGCA,0.291233026610614
CGGGCC,0.306978706432287
CGGGCG,0.34478459839606
CGGGCT,0.29715276202807
CGGGGA,0.328543791999163
CGGGGC,0.388183916099193
CGGGGG,0.328679324247675
CGGGGT,0.321088398941615
CGGGTA,0.285815725458219
CGGGTC,0.298690080491833
CGGGTG,0.325530235975066
CGGGTT,0.288132955810348
CGGTAA,0.267226125285054
CGGTAC,0.268320781803344
CGGTAG,0.275892862328935
CGGTAT,0.27914498223118
CGGTCA,0.27514966729531
CGGTCC,0.284060101511353
CGGTCG,0.275749983096684
CGGTCT,0.288584472914118
CGGTGA,0.27903105161894
CGGTGC,0.298885569778289
CGGTGG,0.368453351113
CGGTGT,0.292610879268063
CGGTTA,0.27529263231984
CGGTTC,0.285362956201915
CGGTTG,0.278603696180945
CGGTTT,0.270678860486858
CGTAAA,0.270018009077523
CGTAAC,0.268148020944141
CGTAAG,0.267024347268348
CGTAAT,0.265639628700462
CGTACA,0.248401883395327
CGTACC,0.269212904417611
CGTACG,0.273289259630948
CGTACT,0.264744311153861
CGTAGA,0.273031391714068
CGTAGC,0.271339275460011
CGTAGG,0.274577602719505
CGTAGT,0.271913195038558
CGTATA,0.264570931260631
CGTATC,0.271080904149164
CGTATG,0.271023479235588
CGTATT,0.270305389440586
CGTCAA,0.272974078701115
CGTCAC,0.269327959061952
CGTCAG,0.292414159369359
CGTCAT,0.267456678889406
CGTCCA,0.267658369698744
CGTCCC,0.278917108025037
CGTCCG,0.270765026308625
CGTCCT,0.269471758754542
CGTCGA,0.271798437470518
CGTCGC,0.27560708344704
CGTCGG,0.272802119950933
CGTCGT,0.269558028645534
CGTCTA,0.267571935761533
CGTCTC,0.258309149886154
CGTCTG,0.277406128434304
CGTCTT,0.259849239485178
CGTGAA,0.269212904417611
CGTGAC,0.266418768816945
CGTGAG,0.285221423757991
CGTGAT,0.268925209879055
CGTGCA,0.291401845298616
CGTGCC,0.264859881051274
CGTGCG,0.289063986563411
CGTGCT,0.283039290750863
CGTGGA,0.320077375669554
CGTGGC,0.291401845298616
CGTGGG,0.332601790178513
CGTGGT,0.325883644847928
CGTGTA,0.269471758754542
CGTGTC,0.274463150522912
CGTGTG,0.347714177014238
CGTGTT,0.294996538005988
CGTTAA,0.27394795347247
CGTTAC,0.263269622993233
CGTTAG,0.282216212476278
CGTTAT,0.260400770026937
CGTTCA,0.261879691794092
CGTTCC,0.275035280557784
CGTTCG,0.274119715316306
CGTTCT,0.269500516211825
CGTTGA,0.276207124799411
CGTTGC,0.281903833068116
CGTTGG,0.289176779896356
CGTTGT,0.262227355752275
CGTTTA,0.262372180068923
CGTTTC,0.263501090484592
CGTTTG,0.278746168287092
CGTTTT,0.26465762496482
CTAAAA,0.230622630617411
CTAAAC,0.268694994640281
CTAAAG,0.262372180068923
CTAAAT,0.242215037234064
CTAACA,0.255805078662982
CTAACC,0.260255659899828
CTAACG,0.265495276851682
CTAACT,0.262603855358313
CTAAGA,0.26243010392335
CTAAGC,0.272859442819925
CTAAGG,0.279685975449325
CTAAGT,0.259094020208875
CTAATA,0.259733089021512
CTAATC,0.276178559564592
CTAATG,0.2487542639898
CTAATT,0.232146220151647
CTACAA,0.257814656050208
CTACAC,0.258745265004147
CTACAG,0.274548990898393
CTACAT,0.269730546103245
CTACCA,0.266389922598466
CTACCC,0.249898644113114
CTACCG,0.270908619514626
CTACCT,0.258250986830714
CTACGA,0.264513131282113
CTACGC,0.270247919974591
CTACGG,0.274234206824313
CTACGT,0.267312589115903
CTACTA,0.259239298987361
CTACTC,0.249517329565264
CTACTG,0.24837251274003
CTACTT,0.245489995788229
CTAGAA,0.261068005531873
CTAGAC,0.258628986235069
CTAGAG,0.282045835805109
CTAGAT,0.277776957443109
CTAGCA,0.276435617307699
CTAGCC,0.266591828655814
CTAGCG,0.269816793672532
CTAGCT,0.279116500794989
CTAGGA,0.282074233932895
CTAGGC,0.28482502631459
CTAGGG,0.303148888547492
CTAGGT,0.291880010203187
CTAGTA,0.274005210698493
CTAGTC,0.260545859100152
CTAGTG,0.280312023228376
CTAGTT,0.279372804522497
CTATAA,0.24904781966122
CTATAC,0.265985988144433
CTATAG,0.274835072277552
CTATAT,0.263182808869237
CTATCA,0.259907309658304
CTATCC,0.263182808869237
CTATCG,0.273575701571212
CTATCT,0.235543520405073
CTATGA,0.255251006919937
CTATGC,0.261241993774039
CTATGG,0.302731718825977
CTATGT,0.275835713085748
CTATTA,0.261821736047973
CTATTC,0.244016116591085
CTATTG,0.262777576608959
CTATTT,0.243307882224688
CTCAAA,0.234620835083688
CTCAAC,0.264570931260631
CTCAAG,0.253586947333012
CTCAAT,0.258687127309702
CTCACA,0.219015254257508
CTCACC,0.228287935545581
CTCACG,0.263153869153003
CTCACT,0.227088538302547
CTCAGA,0.284655093582877
CTCAGC,0.270104231858459
CTCAGG,0.30598103671167
CTCAGT,0.268810108884549
CTCATA,0.262951267685774
CTCATC,0.236792253660917
CTCATG,0.25705789807095
CTCATT,0.260516842969528
CTCCAA,0.256271427399098
CTCCAC,0.258948720321399
CTCCAG,0.278660687459223
CTCCAT,0.250426378177035
CTCCCA,0.231549010696424
CTCCCC,0.236078882750725
CTCCCG,0.25241753056685
CTCCCT,0.24363255190792
CTCCGA,0.263558948986963
CTCCGC,0.263298559359826
CTCCGG,0.278746168287092
CTCCGT,0.260023439889099
CTCCTA,0.253762241957737
CTCCTC,0.248078758732352
CTCCTG,0.222216214717696
CTCCTT,0.25801830077364
CTCGAA,0.259181190008653
CTCGAC,0.27397658249528
CTCGAG,0.286522767276127
CTCGAT,0.276092858963974
CTCGCA,0.260284683609854
CTCGCC,0.278432702855483
CTCGCG,0.279002566937611
CTCGCT,0.271884506881146
CTCGGA,0.27082246606533
CTCGGC,0.27871767548968
CTCGGG,0.327486009563832
CTCGGT,0.275464163374169
CTCGTA,0.268608650260086
CTCGTC,0.285928885748295
CTCGTG,0.264542031688977
CTCGTT,0.25734902660924
CTCTAA,0.24963467260568
CTCTAC,0.249487991653567
CTCTAG,0.245283783428034
CTCTAT,0.256446252121033
CTCTCA,0.23226561925552
CTCTCC,0.252271257269362
CTCTCG,0.273747527360129
CTCTCT,0.199251999980578
CTCTGA,0.274692041818292
CTCTGC,0.259471701141544
CTCTGG,0.278689181880406
CTCTGT,0.316379814016161
CTCTTA,0.260197609952525
CTCTTC,0.241712518555507
CTCTTG,0.25487172823977
CTCTTT,0.240617927732891
CTGAAA,0.245784511128453
CTGAAC,0.261184001056797
CTGAAG,0.330466630514331
CTGAAT,0.244193096836066
CTGACA,0.266649508613919
CTGACC,0.232504374703338
CTGACG,0.283096029805902
CTGACT,0.269126604746366
CTGAGA,0.291514375259502
CTGAGC,0.291429978976015
CTGAGG,0.343770564318766
CTGAGT,0.322671192065958
CTGATA,0.266101414638693
CTGATC,0.288076501835232
CTGATG,0.332331768683933
CTGATT,0.269270433394478
CTGCAA,0.267917626694464
CTGCAC,0.244311066267333
CTGCAG,0.300475990137833
CTGCAT,0.253382398092896
CTGCCA,0.274548990898393
CTGCCC,0.258803399318798
CTGCCG,0.277748437016388
CTGCCT,0.257756464225546
CTGCGA,0.286296568279786
CTGCGC,0.274176962708847
CTGCGG,0.314072189722609
CTGCGT,0.312089978804768
CTGCTA,0.272142670674293
CTGCTC,0.287059784917622
CTGCTG,0.298326927539136
CTGCTT,0.27965750941745
CTGGAA,0.317010735976804
CTGGAC,0.273317907517461
CTGGAG,0.433885090422306
CTGGAT,0.284598442921226
CTGGCA,0.320132051716865
CTGGCC,0.334651574254634
CTGGCG,0.300448109813894
CTGGCT,0.290501149452911
CTGGGA,0.272916762403193
CTGGGC,0.369182421191294
CTGGGG,0.393126212358165
CTGGGT,0.393761333204605
CTGGTA,0.347208771680176
CTGGTC,0.279799831474366
CTGGTG,0.382806332234618
CTGGTT,0.350210852356531
CTGTAA,0.240084990560502
CTGTAC,0.253090112293367
CTGTAG,0.309882904121164
CTGTAT,0.251568847456789
CTGTCA,0.296257233456684
CTGTCC,0.291373710829691
CTGTCG,0.29631322749379
CTGTCT,0.279742905082245
CTGTGA,0.310462732905223
CTGTGC,0.29687299548914
CTGTGG,0.415591111683964
CTGTGT,0.382472481763764
CTGTTA,0.265004324643133
CTGTTC,0.276064290464892
CTGTTG,0.37269014016425
CTGTTT,0.262488024422798
CTTAAA,0.254317138968722
CTTAAC,0.262835476986695
CTTAAG,0.250045264847113
CTTAAT,0.258948720321399
CTTACA,0.247285191615692
CTTACC,0.264224081266339
CTTACG,0.268551083197816
CTTACT,0.255192665716106
CTTAGA,0.255775924644658
CTTAGC,0.265033210857999
CTTAGG,0.30946853476971
CTTAGT,0.269586783622057
CTTATA,0.266072559264161
CTTATC,0.265235391001861
CTTATG,0.257028780555007
CTTATT,0.244723849716539
CTTCAA,0.254930088169938
CTTCAC,0.253119344718014
CTTCAG,0.256184003575414
CTTCAT,0.26529314925006
CTTCCA,0.23151914085931
CTTCCC,0.23812845402557
CTTCCG,0.264484230039992
CTTCCT,0.202147687491567
CTTCGA,0.270190447205667
CTTCGC,0.261097005674531
CTTCGG,0.292442264581451
CTTCGT,0.278318691059283
CTTCTA,0.247726139980533
CTTCTC,0.260081499947552
CTTCTG,0.26211148119572
CTTCTT,0.257028780555007
CTTGAA,0.252037175480841
CTTGAC,0.26872377444368
CTTGAG,0.312751152446834
CTTGAT,0.279515167102083
CTTGCA,0.256154860602342
CTTGCC,0.267197302346693
CTTGCG,0.269759296119532
CTTGCT,0.276521288540013
CTTGGA,0.304954615686568
CTTGGC,0.280112868718242
CTTGGG,0.365218207481816
CTTGGT,0.320924518644746
CTTGTA,0.272830781796168
CTTGTC,0.286890231552685
CTTGTG,0.325312691496052
CTTGTT,0.240765915445113
CTTTAA,0.247520388273117
CTTTAC,0.262140451093656
CTTTAG,0.275835713085748
CTTTAT,0.236911099352097
CTTTCA,0.269069067494351
CTTTCC,0.227838330143103
CTTTCG,0.258890594454517
CTTTCT,0.26465762496482
CTTTGA,0.26615912288998
CTTTGC,0.277634347174661
CTTTGG,0.339328739486536
CTTTGT,0.306175106015399
CTTTTA,0.262372180068923
CTTTTC,0.210357740940239
CTTTTG,0.256533653021955
CTTTTT,0.239699914777657
GAAAAA,0.259733089021512
GAAAAC,0.263934947676496
GAAAAG,0.289120384820176
GAAAAT,0.266851362271369
GAAACA,0.263211747747987
GAAACC,0.260864980981619
GAAACG,0.289007585125704
GAAACT,0.257960120798574
GAAAGA,0.290529308481255
GAAAGC,0.273547061069108
GAAAGG,0.306341421161553
GAAAGT,0.278518203173053
GAAATA,0.248783623435117
GAAATC,0.258628986235069
GAAATG,0.289374137621068
GAAATT,0.24487123109317
GAACAA,0.258192820392136
GAACAC,0.268349572378376
GAACAG,0.309053993645117
GAACAT,0.252768499210318
GAACCA,0.277406128434304
GAACCC,0.271052192104579
GAACCG,0.270247919974591
GAACCT,0.261357969120032
GAACGA,0.26901152693161
GAACGC,0.279372804522497
GAACGG,0.261705814478157
GAACGT,0.263934947676496
GAACTA,0.268982755408599
GAACTC,0.249487991653567
GAACTG,0.289317753674107
GAACTT,0.259268352210519
GAAGAA,0.321388776417365
GAAGAC,0.29176752138198
GAAGAG,0.366471763009899
GAAGAT,0.276121426646921
GAAGCA,0.306064213882237
GAAGCC,0.321279558683524
GAAGCG,0.292133063795224
GAAGCT,0.277263465268252
GAAGGA,0.371704025844271
GAAGGC,0.337369143514011
GAAGGG,0.393126212358165
GAAGGT,0.29401489710653
GAAGTA,0.265264270542963
GAAGTC,0.274520378258622
GAAGTG,0.338899567467235
GAAGTT,0.278660687459223
GAATAA,0.2386031175493
GAATAC,0.264166261235843
GAATAG,0.299053101612337
GAATAT,0.247432196008971
GAATCA,0.258861530254046
GAATCC,0.284881664141959
GAATCG,0.265610759997654
GAATCT,0.268838885375222
GAATGA,0.303982706261513
GAATGC,0.274062464646313
GAATGG,0.316379814016161
GAATGT,0.319940672470912
GAATTA,0.275264040950007
GAATTC,0.260690927125582
GAATTG,0.271712360651309
GAATTT,0.251041716127392
GACAAA,0.264050611144415
GACAAC,0.271224452007671
GACAAG,0.282045835805109
GACAAT,0.266245679023185
GACACA,0.27145408572944
GACACC,0.278204666262911
GACACG,0.280368917232793
GACACT,0.257378134802042
GACAGA,0.287681234746788
GACAGC,0.29348160251696
GACAGG,0.347820545596541
GACAGT,0.295585060341328
GACATA,0.251715223526646
GACATC,0.267543122788866
GACATG,0.272859442819925
GACATT,0.271339275460011
GACCAA,0.27477786254875
GACCAC,0.276749709283712
GACCAG,0.264339711298831
GACCAT,0.275549917869006
GACCCA,0.282386560124182
GACCCC,0.2824717230675
GACCCG,0.27623568921828
GACCCT,0.276035721149627
GACCGA,0.277833995856423
GACCGC,0.277776957443109
GACCGG,0.330466630514331
GACCGT,0.276721159543963
GACCTA,0.278461203773604
GACCTC,0.266072559264161
GACCTG,0.325503045503167
GACCTT,0.266418768816945
GACGAA,0.27569282568724
GACGAC,0.268493512821388
GACGAG,0.287681234746788
GACGAT,0.274606213722004
GACGCA,0.272658798400944
GACGCC,0.26529314925006
GACGCG,0.275835713085748
GACGCT,0.271138325765309
GACGGA,0.275063878468845
GACGGC,0.287709473292131
GACGGG,0.304788069714432
GACGGT,0.289627826047811
GACGTA,0.262459064592422
GACGTC,0.270506506566478
GACGTG,0.291936249868996
GACGTT,0.274119715316306
GACTAA,0.266707185245239
GACTAC,0.257116130559469
GACTAG,0.280511138083888
GACTAT,0.2850798712798
GACTCA,0.27389069296787
GACTCC,0.265524148888482
GACTCG,0.288781947558269
GACTCT,0.255221836743484
GACTGA,0.274033838082154
GACTGC,0.291036035447337
GACTGG,0.298997260786143
GACTGT,0.31953045071262
GACTTA,0.265466403981262
GACTTC,0.259181190008653
GACTTG,0.286042033234569
GACTTT,0.29704086480464
GAGAAA,0.31895585739045
GAGAAC,0.282386560124182
GAGAAG,0.360765850753608
GAGAAT,0.292386053367341
GAGACA,0.326155412862811
GAGACC,0.34707572781106
GAGACG,0.266332227665075
GAGACT,0.302119554926826
GAGAGA,0.456703204624324
GAGAGC,0.325367082052741
GAGAGG,0.545241466773373
GAGAGT,0.327947231785437
GAGATA,0.270477778024789
GAGATC,0.296425206162883
GAGATG,0.365792948833419
GAGATT,0.273260610923711
GAGCAA,0.295136693790514
GAGCAC,0.297600225753915
GAGCAG,0.372482617944786
GAGCAT,0.296705097988801
GAGCCA,0.322125684280216
GAGCCC,0.303232301612191
GAGCCG,0.298829719595934
GAGCCT,0.296677112331221
GAGCGA,0.277035161860331
GAGCGC,0.293509677744763
GAGCGG,0.337127283376161
GAGCGT,0.289684192514871
GAGCTA,0.277919547376768
GAGCTC,0.285645961009636
GAGCTG,0.412455305602002
GAGCTT,0.27065013689629
GAGGAA,0.358321734939549
GAGGAC,0.325638990470046
GAGGAG,0.599757659018296
GAGGAT,0.34651675018883
GAGGCA,0.328299787652362
GAGGCC,0.38925597135139
GAGGCG,0.335970921302733
GAGGCT,0.33999895224716
GAGGGA,0.48217893687217
GAGGGC,0.345824249472086
GAGGGG,0.486771411226036
GAGGGT,0.438728529459126
GAGGTA,0.355106390371147
GAGGTC,0.35668899935193
GAGGTG,0.466433195813486
GAGGTT,0.280055960143919
GAGTAA,0.274949481917232
GAGTAC,0.301144884824755
GAGTAG,0.330926480369623
GAGTAT,0.285674257085862
GAGTCA,0.297012888542269
GAGTCC,0.29782388255531
GAGTCG,0.291429978976015
GAGTCT,0.290360342416001
GAGTGA,0.367489121077028
GAGTGC,0.325584614700998
GAGTGG,0.402283625900913
GAGTGT,0.371470329954906
GAGTTA,0.30292641968669
GAGTTC,0.298662150330971
GAGTTG,0.323979197909432
GAGTTT,0.297767973044383
GATAAA,0.257145245532144
GATAAC,0.255805078662982
GATAAG,0.293846519011749
GATAAT,0.286155167919937
GATACA,0.284400140328411
GATACC,0.265235391001861
GATACG,0.253148576288151
GATACT,0.273060046988798
GATAGA,0.279799831474366
GATAGC,0.280596460886708
GATAGG,0.324414819937937
GATAGT,0.325720548580161
GATATA,0.255192665716106
GATATC,0.266822528529056
GATATG,0.270420318465305
GATATT,0.263095987207894
GATCAA,0.272630131625853
GATCAC,0.245813957892377
GATCAG,0.287652995404006
GATCAT,0.269730546103245
GATCCA,0.275121071837561
GATCCC,0.258105564390025
GATCCG,0.262951267685774
GATCCT,0.284003417132022
GATCGA,0.264224081266339
GATCGC,0.264975437593829
GATCGG,0.293144638287893
GATCGT,0.27797657765779
GATCTA,0.262661765795157
GATCTC,0.266216827811216
GATCTG,0.385652372044421
GATCTT,0.29320080687839
GATGAA,0.260226635347401
GATGAC,0.296201236284071
GATGAG,0.371080715401052
GATGAT,0.443306960502738
GATGCA,0.280169774054162
GATGCC,0.27954363718611
GATGCG,0.293986836059492
GATGCT,0.277862513843108
GATGGA,0.333762052494638
GATGGC,0.350343479797325
GATGGG,0.398372895362851
GATGGT,0.50352334065308
GATGTA,0.256650175675026
GATGTC,0.296145235975598
GATGTG,0.319421029816841
GATGTT,0.334678517111454
GATTAA,0.248225646522618
GATTAC,0.229485895958028
GATTAG,0.269414241358885
GATTAT,0.253002409891868
GATTCA,0.265177629417455
GATTCC,0.274234206824313
GATTCG,0.267283768669612
GATTCT,0.25638798060962
GATTGA,0.294211302391065
GATTGC,0.291598764420857
GATTGG,0.340293703619722
GATTGT,0.304204940281606
GATTTA,0.243603040837588
GATTTC,0.255105147527934
GATTTG,0.311400791092863
GATTTT,0.275549917869006
GCAAAA,0.265495276851682
GCAAAC,0.278660687459223
GCAAAG,0.286324845952627
GCAAAT,0.248842339739948
GCAACA,0.26243010392335
GCAACC,0.265437530277176
GCAACG,0.270104231858459
GCAACT,0.273260610923711
GCAAGA,0.294996538005988
GCAAGC,0.271626276422244
GCAAGG,0.321470681890371
GCAAGT,0.295865187383055
GCAATA,0.279515167102083
GCAATC,0.265783959714794
GCAATG,0.281648177315221
GCAATT,0.259907309658304
GCACAA,0.278176158032193
GCACAC,0.265899409529497
GCACAG,0.30239785770143
GCACAT,0.272630131625853
GCACCA,0.259907309658304
GCACCC,0.250455688571747
GCACCG,0.281477703828368
GCACCT,0.257494559101118
GCACGA,0.265610759997654
GCACGC,0.277291999529731
GCACGG,0.282017436870847
GCACGT,0.29258277879459
GCACTA,0.262343216883472
GCACTC,0.259878274993259
GCACTG,0.287540030057599
GCACTT,0.252622277244917
GCAGAA,0.279372804522497
GCAGAC,0.258338230145321
GCAGAG,0.371807873156222
GCAGAT,0.28700327032351
GCAGCA,0.333330484230058
GCAGCC,0.27532122287223
GCAGCG,0.306341421161553
GCAGCT,0.344277709890546
GCAGGA,0.318791627210402
GCAGGC,0.381778743680185
GCAGGG,0.420103319623248
GCAGGT,0.414944845287637
GCAGTA,0.297656144644036
GCAGTC,0.315611197447612
GCAGTG,0.399913782636328
GCAGTT,0.297432450319573
GCATAA,0.264368616717965
GCATAC,0.269212904417611
GCATAG,0.296005221482728
GCATAT,0.265264270542963
GCATCA,0.265177629417455
GCATCC,0.246520420218021
GCATCG,0.280169774054162
GCATCT,0.258396388126792
GCATGA,0.288302298615906
GCATGC,0.298243104279746
GCATGG,0.362208489506947
GCATGT,0.266303378950066
GCATTA,0.270793746599393
GCATTC,0.267860019837104
GCATTG,0.27623568921828
GCATTT,0.226097951467135
GCCAAA,0.258250986830714
GCCAAC,0.253177807003829
GCCAAG,0.314237196744468
GCCAAT,0.267975230233466
GCCACA,0.254054331397995
GCCACC,0.255630141802324
GCCACG,0.285193114865276
GCCACT,0.245637264300751
GCCAGA,0.288669109679563
GCCAGC,0.311235315340989
GCCAGG,0.384038046282667
GCCAGT,0.314759539428114
GCCATA,0.295332878893386
GCCATC,0.284485131969122
GCCATG,0.317778278001679
GCCATT,0.264830989829059
GCCCAA,0.270707583252405
GCCCAC,0.263703580598807
GCCCAG,0.28213102776922
GCCCAT,0.275721404800333
GCCCCA,0.271568882818983
GCCCCC,0.285985461091726
GCCCCG,0.281704995353404
GCCCCT,0.283408037076321
GCCCGA,0.291120464983339
GCCCGC,0.27560708344704
GCCCGG,0.315254138838721
GCCCGT,0.28686196986334
GCCCTA,0.269816793672532
GCCCTC,0.267168478577546
GCCCTG,0.341766158713666
GCCCTT,0.265697363605992
GCCGAA,0.268148020944141
GCCGAC,0.27480646782227
GCCGAG,0.293762319331472
GCCGAT,0.271913195038558
GCCGCA,0.27340384625312
GCCGCC,0.301033433443157
GCCGCG,0.318983226465082
GCCGCT,0.283748297655174
GCCGGA,0.293032291641282
GCCGGC,0.280653338711089
GCCGGG,0.373182832905762
GCCGGT,0.282670408401394
GCCGTA,0.271367979263148
GCCGTC,0.272228710463344
GCCGTG,0.303454702441761
GCCGTT,0.278689181880406
GCCTAA,0.267456678889406
GCCTAC,0.260981000057507
GCCTAG,0.309551422377296
GCCTAT,0.280169774054162
GCCTCA,0.290670091730239
GCCTCC,0.226067918360734
GCCTCG,0.282982548476322
GCCTCT,0.242599145906852
GCCTGA,0.272945420962799
GCCTGC,0.32987121662867
GCCTGG,0.390912842087609
GCCTGT,0.289712374557003
GCCTTA,0.27871767548968
GCCTTC,0.249986619133205
GCCTTG,0.322998353956723
GCCTTT,0.280596460886708
GCGAAA,0.276578398617627
GCGAAC,0.267082002284911
GCGAAG,0.298634219389993
GCGAAT,0.266649508613919
GCGACA,0.268435939130421
GCGACC,0.283181132352691
GCGACG,0.272773457284173
GCGACT,0.270449048657747
GCGAGA,0.288443395717804
GCGAGC,0.300085594849506
GCGAGG,0.323025612616798
GCGAGT,0.306202827127379
GCGATA,0.272142670674293
GCGATC,0.261531906923644
GCGATG,0.297320584389861
GCGATT,0.268004030758702
GCGCAA,0.27036285560403
GCGCAC,0.26820561121353
GCGCAG,0.283408037076321
GCGCAT,0.27500668182886
GCGCCA,0.268061629320882
GCGCCC,0.293650042061722
GCGCCG,0.292076835197387
GCGCCT,0.259268352210519
GCGCGA,0.281932235228742
GCGCGC,0.306119661485951
GCGCGG,0.327675950359613
GCGCGT,0.272171351426523
GCGCTA,0.275035280557784
GCGCTC,0.269759296119532
GCGCTG,0.28683370737525
GCGCTT,0.276920990607478
GCGGAA,0.276664057619087
GCGGAC,0.277263465268252
GCGGAG,0.331034649611014
GCGGAT,0.284541789050096
GCGGCA,0.297740017116673
GCGGCC,0.32816420395115
GCGGCG,0.305287624441247
GCGGCT,0.303927140038764
GCGGGA,0.33970411397061
GCGGGC,0.332871738781168
GCGGGG,0.385421913571078
GCGGGT,0.315583735926621
GCGGTA,0.271310570832942
GCGGTC,0.29782388255531
GCGGTG,0.336535823326571
GCGGTT,0.289740555804931
GCGTAA,0.266101414638693
GCGTAC,0.269874287919754
GCGTAG,0.271023479235588
GCGTAT,0.267543122788866
GCGTCA,0.281165093604029
GCGTCC,0.27314600788657
GCGTCG,0.278689181880406
GCGTCT,0.273346554583296
GCGTGA,0.269212904417611
GCGTGC,0.323679597647432
GCGTGG,0.328489573956022
GCGTGT,0.322971094553593
GCGTTA,0.271052192104579
GCGTTC,0.27914498223118
GCGTTG,0.303982706261513
GCGTTT,0.280681776410168
GCTAAA,0.261299983128321
GCTAAC,0.26173479613043
GCTAAG,0.273518419746702
GCTAAT,0.254171143289737
GCTACA,0.269701795260372
GCTACC,0.263211747747987
GCTACG,0.271052192104579
GCTACT,0.256154860602342
GCTAGA,0.283436396547025
GCTAGC,0.274148339422234
GCTAGG,0.283748297655174
GCTAGT,0.266793693955334
GCTATA,0.257116130559469
GCTATC,0.269500516211825
GCTATG,0.271109615369392
GCTATT,0.25443392016724
GCTCAA,0.251188169371351
GCTCAC,0.234471935107276
GCTCAG,0.293369293722897
GCTCAT,0.245931736277718
GCTCCA,0.278974081444882
GCTCCC,0.262285287995848
GCTCCG,0.285136494675552
GCTCCT,0.293593898699173
GCTCGA,0.267082002284911
GCTCGC,0.275864288115596
GCTCGG,0.301869016190645
GCTCGT,0.261647848653681
GCTCTA,0.263703580598807
GCTCTC,0.260603888835717
GCTCTG,0.325938004359854
GCTCTT,0.287314061074066
GCTGAA,0.30002981165044
GCTGAC,0.279315853815389
GCTGAG,0.341364795024266
GCTGAT,0.326427107039906
GCTGCA,0.30239785770143
GCTGCC,0.289627826047811
GCTGCG,0.32171635806604
GCTGCT,0.313439410454338
GCTGGA,0.346170559775112
GCTGGC,0.338282309820666
GCTGGG,0.414994572918232
GCTGGT,0.391574822483697
GCTGTA,0.280283575012273
GCTGTC,0.279970591209627
GCTGTG,0.405476541734566
GCTGTT,0.327594551579035
GCTTAA,0.259878274993259
GCTTAC,0.26465762496482
GCTTAG,0.299918235916144
GCTTAT,0.251041716127392
GCTTCA,0.280880817663264
GCTTCC,0.251129590647568
GCTTCG,0.276835353612756
GCTTCT,0.280909248894192
GCTTGA,0.285645961009636
GCTTGC,0.290839005470895
GCTTGG,0.364695428541205
GCTTGT,0.311538666638858
GCTTTA,0.27737759742927
GCTTTC,0.264628727898504
GCTTTG,0.324442040014905
GCTTTT,0.258541768284406
GGAAAA,0.291036035447337
GGAAAC,0.302453508963266
GGAAAG,0.29258277879459
GGAAAT,0.283606536483872
GGAACA,0.288753739282231
GGAACC,0.281108244880533
GGAACG,0.268407151041867
GGAACT,0.282500109103631
GGAAGA,0.367332671803499
GGAAGC,0.314484656237267
GGAAGG,0.439553710355968
GGAAGT,0.280169774054162
GGAATA,0.284456802224831
GGAATC,0.283493113075768
GGAATG,0.342301059833578
GGAATT,0.28982509478393
GGACAA,0.270334122935103
GGACAC,0.274463150522912
GGACAG,0.350184324757437
GGACAT,0.264021696531602
GGACCA,0.290782704060823
GGACCC,0.294996538005988
GGACCG,0.317257510166466
GGACCT,0.318682125437594
GGACGA,0.275978580070364
GGACGC,0.279572106459613
GGACGG,0.316763900874609
GGACGT,0.289233171792312
GGACTA,0.263443228634421
GGACTC,0.287483542598596
GGACTG,0.298326927539136
GGACTT,0.281818621745818
GGAGAA,0.350529128668135
GGAGAC,0.364564691092103
GGAGAG,0.554583250300695
GGAGAT,0.358111209116026
GGAGCA,0.364407783588027
GGAGCC,0.345397856702239
GGAGCG,0.301479164460463
GGAGCT,0.415566263005578
GGAGGA,0.51476994322897
GGAGGC,0.402862626973692
GGAGGG,0.592226595119361
GGAGGT,0.46825002295487
GGAGTA,0.350025144383191
GGAGTC,0.322125684280216
GGAGTG,0.412206010414261
GGAGTT,0.322534843014993
GGATAA,0.268176816493415
GGATAC,0.269385481420414
GGATAG,0.294435718348812
GGATAT,0.271712360651309
GGATCA,0.274205585176191
GGATCC,0.286211730463187
GGATCG,0.288499828984685
GGATCT,0.388669035839769
GGATGA,0.345264571667632
GGATGC,0.288471612749333
GGATGG,0.373079128288967
GGATGT,0.299695047093172
GGATTA,0.230174073917231
GGATTC,0.292301730621294
GGATTG,0.355555050598824
GGATTT,0.270765026308625
GGCAAA,0.278033604686544
GGCAAC,0.259936343480361
GGCAAG,0.328082844905735
GGCAAT,0.272945420962799
GGCACA,0.296061229632385
GGCACC,0.264137349966862
GGCACG,0.282812302332024
GGCACT,0.278546701654475
GGCAGA,0.345770960317573
GGCAGC,0.374271082563651
GGCAGG,0.467188641746846
GGCAGT,0.398777292285103
GGCATA,0.288979383213884
GGCATC,0.26820561121353
GGCATG,0.341364795024266
GGCATT,0.262980213265746
GGCCAA,0.266505302480093
GGCCAC,0.277463188002435
GGCCAG,0.389179434079183
GGCCAT,0.287624755263741
GGCCCA,0.300726878080394
GGCCCC,0.297320584389861
GGCCCG,0.300169263813978
GGCCCT,0.326182585602559
GGCCGA,0.306895605295013
GGCCGC,0.323298158358446
GGCCGG,0.345904177879732
GGCCGT,0.296201236284071
GGCCTA,0.319120060603375
GGCCTC,0.308003053051904
GGCCTG,0.431980239048288
GGCCTT,0.33125095299837
GGCGAA,0.28076708465551
GGCGAC,0.279116500794989
GGCGAG,0.342514940193868
GGCGAT,0.289007585125704
GGCGCA,0.262053538881962
GGCGCC,0.289148582755817
GGCGCG,0.32155258065542
GGCGCT,0.296565161868272
GGCGGA,0.279315853815389
GGCGGC,0.35209251547164
GGCGGG,0.384166262625064
GGCGGT,0.327051723650952
GGCGTA,0.268925209879055
GGCGTC,0.287709473292131
GGCGTG,0.325666177245838
GGCGTT,0.290078668848352
GGCTAA,0.256038280216183
GGCTAC,0.269414241358885
GGCTAG,0.295276829934148
GGCTAT,0.286551038553401
GGCTCA,0.235156691495892
GGCTCC,0.303065468524474
GGCTCG,0.28742705194858
GGCTCT,0.278404201125037
GGCTGA,0.326943122696916
GGCTGC,0.357769010095955
GGCTGG,0.430096243131674
GGCTGT,0.398069490313912
GGCTTA,0.288443395717804
GGCTTC,0.290022324612771
GGCTTG,0.340427652801604
GGCTTT,0.319120060603375
GGGAAA,0.322180248451782
GGGAAC,0.291233026610614
GGGAAG,0.392083740144215
GGGAAT,0.352701309831833
GGGACA,0.303565884310998
GGGACC,0.344064206260183
GGGACG,0.307421795904155
GGGACT,0.299415990996329
GGGAGA,0.461888496165832
GGGAGC,0.398903632792816
GGGAGG,0.585666055602059
GGGAGT,0.412978623291593
GGGATA,0.300782622409497
GGGATC,0.306895605295013
GGGATG,0.361211979542861
GGGATT,0.291233026610614
GGGCAA,0.307477168286355
GGGCAC,0.29370618227237
GGGCAG,0.461247738078624
GGGCAT,0.301172745729417
GGGCCA,0.346356984890081
GGGCCC,0.341284502951627
GGGCCG,0.349653624942123
GGGCCT,0.354287726674353
GGGCGA,0.315391484160999
GGGCGC,0.338443370290412
GGGCGG,0.365401115563541
GGGCGT,0.301534866870804
GGGCTA,0.293790386679304
GGGCTC,0.286211730463187
GGGCTG,0.456464701027161
GGGCTT,0.33187256474471
GGGGAA,0.361421853653561
GGGGAC,0.325965183007748
GGGGAG,0.606986220724915
GGGGAT,0.324714200041058
GGGGCA,0.385831580812105
GGGGCC,0.37027503063307
GGGGCG,0.367019699808165
GGGGCT,0.378354399257209
GGGGGA,0.480387263256388
GGGGGC,0.364041570305822
GGGGGG,0.388337137232926
GGGGGT,0.463571495869074
GGGGTA,0.321088398941615
GGGGTC,0.379797657969054
GGGGTG,0.521117876461075
GGGGTT,0.387494130324567
GGGTAA,0.308777537395516
GGGTAC,0.282755547175815
GGGTAG,0.362680174168153
GGGTAT,0.318517850292651
GGGTCA,0.346942666238918
GGGTCC,0.338013818045509
GGGTCG,0.34973324787134
GGGTCT,0.396930900813424
GGGTGA,0.402157711729218
GGGTGC,0.343556952371953
GGGTGG,0.552548533400579
GGGTGT,0.418444599124531
GGGTTA,0.287624755263741
GGGTTC,0.310545538150465
GGGTTG,0.412156143918074
GGGTTT,0.342167361374884
GGTAAA,0.262459064592422
GGTAAC,0.2850798712798
GGTAAG,0.313466930924138
GGTAAT,0.296956933669404
GGTACA,0.298494552981843
GGTACC,0.279116500794989
GGTACG,0.27004675083055
GGTACT,0.299192690037231
GGTAGA,0.344837940137494
GGTAGC,0.295641092027718
GGTAGG,0.418890495889686
GGTAGT,0.420647374625465
GGTATA,0.31332932100075
GGTATC,0.290360342416001
GGTATG,0.355739734553286
GGTATT,0.29855042188593
GGTCAA,0.290951598782386
GGTCAC,0.306396853397344
GGTCAG,0.332223739667543
GGTCAT,0.322180248451782
GGTCCA,0.275235448762685
GGTCCC,0.28742705194858
GGTCCG,0.305037878272205
GGTCCT,0.337584081206179
GGTCGA,0.291655019905614
GGTCGC,0.307892363449743
GGTCGG,0.329302536107205
GGTCGT,0.315254138838721
GGTCTA,0.30142345894719
GGTCTC,0.268148020944141
GGTCTG,0.432249091805618
GGTCTT,0.311207733386653
GGTGAA,0.295585060341328
GGTGAC,0.306175106015399
GGTGAG,0.460321473181624
GGTGAT,0.511682379498674
GGTGCA,0.325312691496052
GGTGCC,0.32348889618993
GGTGCG,0.341391557615916
GGTGCT,0.326590088120713
GGTGGA,0.413974661904727
GGTGGC,0.431711313989713
GGTGGG,0.571521873395925
GGTGGT,0.794175929879016
GGTGTA,0.310269493997177
GGTGTC,0.334705459242375
GGTGTG,0.471474420891767
GGTGTT,0.390581687485243
GGTTAA,0.269040297626845
GGTTAC,0.27903105161894
GGTTAG,0.338335999526241
GGTTAT,0.290106839775685
GGTTCA,0.276092858963974
GGTTCC,0.296509181936606
GGTTCG,0.285193114865276
GGTTCT,0.316599310284663
GGTTGA,0.296341223336638
GGTTGC,0.313742093974467
GGTTGG,0.443862696096094
GGTTGT,0.379256680023796
GGTTTA,0.279970591209627
GGTTTC,0.278176158032193
GGTTTG,0.432835428864806
GGTTTT,0.388771136330288
GTAAAA,0.257203472934573
GTAAAC,0.268119224565659
GTAAAG,0.272200031356191
GTAAAT,0.246226121566467
GTAACA,0.271367979263148
GTAACC,0.269874287919754
GTAACG,0.263327494889129
GTAACT,0.262372180068923
GTAAGA,0.287737711040082
GTAAGC,0.264426425049783
GTAAGG,0.298857645077017
GTAAGT,0.266793693955334
GTAATA,0.268061629320882
GTAATC,0.259471701141544
GTAATG,0.296649125890422
GTAATT,0.264542031688977
GTACAA,0.250865943917852
GTACAC,0.274205585176191
GTACAG,0.299555528778789
GTACAT,0.261357969120032
GTACCA,0.274348685225514
GTACCC,0.267370227516752
GTACCG,0.269586783622057
GTACCT,0.258774332583922
GTACGA,0.272142670674293
GTACGC,0.274520378258622
GTACGG,0.275178261935383
GTACGT,0.270994765542145
GTACTA,0.26826319816647
GTACTC,0.277919547376768
GTACTG,0.287483542598596
GTACTT,0.269586783622057
GTAGAA,0.294323516665254
GTAGAC,0.277263465268252
GTAGAG,0.341792910566084
GTAGAT,0.304204940281606
GTAGCA,0.299053101612337
GTAGCC,0.273117355075002
GTAGCG,0.285476167736191
GTAGCT,0.258948720321399
GTAGGA,0.381007358710952
GTAGGC,0.327567417179717
GTAGGG,0.341552118126603
GTAGGT,0.308224395506442
GTAGTA,0.349865938666519
GTAGTC,0.270908619514626
GTAGTG,0.397411796738935
GTAGTT,0.348936733143735
GTATAA,0.27797657765779
GTATAC,0.266014846017079
GTATAG,0.277634347174661
GTATAT,0.293256972314153
GTATCA,0.27369025537755
GTATCC,0.25734902660924
GTATCG,0.26690902726196
GTATCT,0.286296568279786
GTATGA,0.334409055871393
GTATGC,0.282045835805109
GTATGG,0.319174789016519
GTATGT,0.319092695273562
GTATTA,0.287483542598596
GTATTC,0.275406989625208
GTATTG,0.306895605295013
GTATTT,0.259878274993259
GTCAAA,0.262922321267932
GTCAAC,0.283804996497228
GTCAAG,0.290163179249659
GTCAAT,0.294996538005988
GTCACA,0.264484230039992
GTCACC,0.261270988871526
GTCACG,0.304649260212767
GTCACT,0.261386960855046
GTCAGA,0.298466617359256
GTCAGC,0.298159273993428
GTCAGG,0.322862049509715
GTCAGT,0.328354015986042
GTCATA,0.268867661037832
GTCATC,0.269069067494351
GTCATG,0.315171722589849
GTCATT,0.270391587447415
GTCCAA,0.276378499075018
GTCCAC,0.268896435872427
GTCCAG,0.281875430100783
GTCCAT,0.287624755263741
GTCCCA,0.283549826387929
GTCCCC,0.278575199323757
GTCCCG,0.29280756047566
GTCCCT,0.290839005470895
GTCCGA,0.270851184706483
GTCCGC,0.289261366547817
GTCCGG,0.293425449696587
GTCCGT,0.269874287919754
GTCCTA,0.27732053297703
GTCCTC,0.267168478577546
GTCCTG,0.332628788318266
GTCCTT,0.284909981852748
GTCGAA,0.272658798400944
GTCGAC,0.277263465268252
GTCGAG,0.286890231552685
GTCGAT,0.273260610923711
GTCGCA,0.278062116981437
GTCGCC,0.274692041818292
GTCGCG,0.288781947558269
GTCGCT,0.295388924711313
GTCGGA,0.272085306701957
GTCGGC,0.282869054267267
GTCGGG,0.346782968977718
GTCGGT,0.300197151913209
GTCGTA,0.271741053747633
GTCGTC,0.273604341253062
GTCGTG,0.328760634780544
GTCGTT,0.274892278733588
GTCTAA,0.271195744084402
GTCTAC,0.268608650260086
GTCTAG,0.304149386406532
GTCTAT,0.274463150522912
GTCTCA,0.259616925065349
GTCTCC,0.250074586414373
GTCTCG,0.277092242598977
GTCTCT,0.281818621745818
GTCTGA,0.356451767617371
GTCTGC,0.299192690037231
GTCTGG,0.336428247541127
GTCTGT,0.421240551785971
GTCTTA,0.250162545957979
GTCTTC,0.281989037130062
GTCTTG,0.288499828984685
GTCTTT,0.270937335681711
GTGAAA,0.275406989625208
GTGAAC,0.272027939438808
GTGAAG,0.359399984699934
GTGAAT,0.26690902726196
GTGACA,0.262603855358313
GTGACC,0.279999048330827
GTGACG,0.290360342416001
GTGACT,0.317202676720159
GTGAGA,0.367671614299435
GTGAGC,0.340561584043506
GTGAGG,0.393075385260219
GTGAGT,0.361211979542861
GTGATA,0.318161828206816
GTGATC,0.25746545429707
GTGATG,0.537308758872406
GTGATT,0.276664057619087
GTGCAA,0.278005091578677
GTGCAC,0.304815829302745
GTGCAG,0.362313327549449
GTGCAT,0.281108244880533
GTGCCA,0.27888862009783
GTGCCC,0.304204940281606
GTGCCG,0.280909248894192
GTGCCT,0.302870794737442
GTGCGA,0.289627826047811
GTGCGC,0.287059784917622
GTGCGG,0.349042971770839
GTGCGT,0.302453508963266
GTGCTA,0.267254947392678
GTGCTC,0.289994151304433
GTGCTG,0.324741411970207
GTGCTT,0.300699004750512
GTGGAA,0.337691532730416
GTGGAC,0.315638658214489
GTGGAG,0.529223906340563
GTGGAT,0.314759539428114
GTGGCA,0.34497128204404
GTGGCC,0.334382105753442
GTGGCG,0.325856463983816
GTGGCT,0.370872858886536
GTGGGA,0.393812125450648
GTGGGC,0.40324005583672
GTGGGG,0.583378569763395
GTGGGT,0.43967500307746
GTGGTA,0.411308032801294
GTGGTC,0.342835674987239
GTGGTG,0.823190163979322
GTGGTT,0.409909573989209
GTGTAA,0.281847026326699
GTGTAC,0.270420318465305
GTGTAG,0.336024735246264
GTGTAT,0.315968128611156
GTGTCA,0.325802100039094
GTGTCC,0.297795928190581
GTGTCG,0.292273621459132
GTGTCT,0.346463497925302
GTGTGA,0.38067290701086
GTGTGC,0.331061690093245
GTGTGG,0.500400801742644
GTGTGT,0.999293331126964
GTGTTA,0.318517850292651
GTGTTC,0.301172745729417
GTGTTG,0.447792344718614
GTGTTT,0.372067444264741
GTTAAA,0.236435631818076
GTTAAC,0.262314252859129
GTTAAG,0.27623568921828
GTTAAT,0.285815725458219
GTTACA,0.289571456403393
GTTACC,0.268838885375222
GTTACG,0.279401278659829
GTTACT,0.251861578173686
GTTAGA,0.297180734377632
GTTAGC,0.293369293722897
GTTAGG,0.326155412862811
GTTAGT,0.303927140038764
GTTATA,0.272916762403193
GTTATC,0.268061629320882
GTTATG,0.288894772706026
GTTATT,0.243484987846455
GTTCAA,0.254638254454321
GTTCAC,0.253820666671486
GTTCAG,0.282074233932895
GTTCAT,0.259558838026601
GTTCCA,0.279258899864713
GTTCCC,0.284088442496145
GTTCCG,0.280738649382333
GTTCCT,0.26465762496482
GTTCGA,0.26592826990069
GTTCGC,0.279629042575237
GTTCGG,0.283918384537973
GTTCGT,0.255979984926087
GTTCTA,0.313411889227141
GTTCTC,0.264830989829059
GTTCTG,0.348245906819095
GTTCTT,0.266476458757711
GTTGAA,0.289965977202337
GTTGAC,0.265235391001861
GTTGAG,0.365296600756309
GTTGAT,0.299918235916144
GTTGCA,0.3016741093236
GTTGCC,0.304649260212767
GTTGCG,0.272974078701115
GTTGCT,0.298913493699795
GTTGGA,0.342889120786231
GTTGGC,0.319503096611118
GTTGGG,0.412555006278235
GTTGGT,0.434933651345614
GTTGTA,0.31712042091271
GTTGTC,0.293790386679304
GTTGTG,0.400670725942877
GTTGTT,0.54857541412779
GTTTAA,0.259733089021512
GTTTAC,0.247402796859088
GTTTAG,0.289176779896356
GTTTAT,0.248196270690596
GTTTCA,0.270132971133435
GTTTCC,0.273231961395701
GTTTCG,0.281676586737849
GTTTCT,0.277634347174661
GTTTGA,0.32040538712036
GTTTGC,0.314457163761883
GTTTGG,0.441952572323982
GTTTGT,0.384550813045171
GTTTTA,0.291570635491679
GTTTTC,0.265350904162436
GTTTTG,0.452928180691642
GTTTTT,0.356029883301172
TAAAAA,0.188364656870295
TAAAAC,0.243986616838153
TAAAAG,0.2569123020122
TAAAAT,0.210845767686793
TAAACA,0.24672637775228
TAAACC,0.264426425049783
TAAACG,0.271310570832942
TAAACT,0.25746545429707
TAAAGA,0.25836730955885
TAAAGC,0.263240685789303
TAAAGG,0.263211747747987
TAAAGT,0.243809600043283
TAAATA,0.220707604295446
TAAATC,0.247784918407901
TAAATG,0.235394757763335
TAAATT,0.229485895958028
TAACAA,0.255426010112031
TAACAC,0.24986931738642
TAACAG,0.277662870855412
TAACAT,0.24487123109317
TAACCA,0.252007911404177
TAACCC,0.257872844488778
TAACCG,0.267082002284911
TAACCT,0.263963864797691
TAACGA,0.26872377444368
TAACGC,0.267917626694464
TAACGG,0.271052192104579
TAACGT,0.26592826990069
TAACTA,0.25142244995784
TAACTC,0.258890594454517
TAACTG,0.256679304216929
TAACTT,0.253002409891868
TAAGAA,0.295697120574734
TAAGAC,0.264108437861997
TAAGAG,0.276349938735196
TAAGAT,0.256009132995928
TAAGCA,0.258454542726109
TAAGCC,0.263385363436063
TAAGCG,0.269788045309278
TAAGCT,0.264195171668985
TAAGGA,0.286692382952033
TAAGGC,0.260487825996942
TAAGGG,0.308639280604911
TAAGGT,0.282272998249899
TAAGTA,0.266736022313474
TAAGTC,0.257989211209221
TAAGTG,0.283804996497228
TAAGTT,0.267427862595606
TAATAA,0.245666715400873
TAATAC,0.278660687459223
TAATAG,0.274978082282025
TAATAT,0.236881389253429
TAATCA,0.267975230233466
TAATCC,0.256737558755442
TAATCG,0.274634823905937
TAATCT,0.258134650570027
TAATGA,0.27514966729531
TAATGC,0.257931029541651
TAATGG,0.2733752008285
TAATGT,0.260603888835717
TAATTA,0.266389922598466
TAATTC,0.253528508962282
TAATTG,0.277406128434304
TAATTT,0.190203030778125
TACAAA,0.234442152451264
TACAAC,0.261473931017304
TACAAG,0.276635505433867
TACAAT,0.232832570394746
TACACA,0.266620669050739
TACACC,0.259094020208875
TACACG,0.265783959714794
TACACT,0.251012422904598
TACAGA,0.27514966729531
TACAGC,0.256999662191211
TACAGG,0.273289259630948
TACAGT,0.292948023372512
TACATA,0.259094020208875
TACATC,0.2673414087316
TACATG,0.271310570832942
TACATT,0.264455327962565
TACCAA,0.275349812607223
TACCAC,0.264773204880401
TACCAG,0.28076708465551
TACCAT,0.257901937438402
TACCCA,0.258134650570027
TACCCC,0.262372180068923
TACCCG,0.267456678889406
TACCCT,0.254083535650176
TACCGA,0.268781331565767
TACCGC,0.263703580598808
TACCGG,0.275178261935383
TACCGT,0.26618797576683
TACCTA,0.253207036865097
TACCTC,0.263356429581192
TACCTG,0.270678860486858
TACCTT,0.247873079571516
TACGAA,0.265062096238476
TACGAC,0.264859881051274
TACGAG,0.268291990399391
TACGAT,0.268493512821388
TACGCA,0.273632980114703
TACGCC,0.268176816493415
TACGCG,0.266764858550156
TACGCT,0.269500516211825
TACGGA,0.271367979263148
TACGGC,0.279401278659829
TACGGG,0.280027504642243
TACGGT,0.268810108884549
TACGTA,0.255659300071051
TACGTC,0.267197302346693
TACGTG,0.265610759997654
TACGTT,0.269126604746366
TACTAA,0.252914699797983
TACTAC,0.264570931260631
TACTAG,0.271224452007671
TACTAT,0.263095987207894
TACTCA,0.26690902726196
TACTCC,0.270132971133435
TACTCG,0.264975437593829
TACTCT,0.253908297342396
TACTGA,0.253382398092896
TACTGC,0.265466403981262
TACTGG,0.29409907552342
TACTGT,0.265812823418055
TACTTA,0.254317138968722
TACTTC,0.262401142415533
TACTTG,0.25539684504008
TACTTT,0.241239329007487
TAGAAA,0.233458826860946
TAGAAC,0.257727367043308
TAGAAG,0.294155190531601
TAGAAT,0.288132955810348
TAGACA,0.256067426586902
TAGACC,0.268637432548531
TAGACG,0.290867154987283
TAGACT,0.26031370647753
TAGAGA,0.289035786242198
TAGAGC,0.266707185245239
TAGAGG,0.323979197909432
TAGAGT,0.306978706432287
TAGATA,0.28022667615205
TAGATC,0.270219184003019
TAGATG,0.313356844500389
TAGATT,0.285617664132719
TAGCAA,0.263934947676496
TAGCAC,0.260835974109333
TAGCAG,0.307255660358575
TAGCAT,0.274176962708847
TAGCCA,0.259645967319483
TAGCCC,0.258599914430059
TAGCCG,0.272171351426523
TAGCCT,0.273518419746702
TAGCGA,0.271109615369392
TAGCGC,0.267399045471404
TAGCGG,0.280994537737291
TAGCGT,0.281221939095931
TAGCTA,0.251803038885207
TAGCTC,0.264166261235843
TAGCTG,0.286070318105882
TAGCTT,0.266245679023185
TAGGAA,0.312723612271151
TAGGAC,0.274548990898393
TAGGAG,0.33572872271315
TAGGAT,0.315116774650115
TAGGCA,0.323761315712049
TAGGCC,0.287201057431172
TAGGCG,0.267283768669612
TAGGCT,0.283209498258932
TAGGGA,0.340240118922698
TAGGGC,0.274291447663077
TAGGGG,0.350979846774486
TAGGGT,0.335970921302733
TAGGTA,0.30728335153298
TAGGTC,0.286183449591477
TAGGTG,0.315830862470901
TAGGTT,0.291683146461282
TAGTAA,0.265812823418055
TAGTAC,0.278176158032193
TAGTAG,0.307144887992307
TAGTAT,0.299220605384171
TAGTCA,0.265985988144433
TAGTCC,0.276521288540013
TAGTCG,0.267053175192142
TAGTCT,0.253148576288151
TAGTGA,0.343396713461782
TAGTGC,0.284400140328411
TAGTGG,0.409984541024374
TAGTGT,0.337772113797321
TAGTTA,0.261502919390625
TAGTTC,0.264802097772118
TAGTTG,0.332709778364402
TAGTTT,0.331683419462195
TATAAA,0.223301006707981
TATAAC,0.260284683609854
TATAAG,0.266678347345403
TATAAT,0.254404726146134
TATACA,0.259035902787307
TATACC,0.256329705702441
TATACG,0.26615912288998
TATACT,0.248636817588
TATAGA,0.279799831474366
TATAGC,0.26031370647753
TATAGG,0.28076708465551
TATAGT,0.256679304216929
TATATA,0.216168069338038
TATATC,0.251481011529312
TATATG,0.263761427386929
TATATT,0.284428471677942
TATCAA,0.254813364903522
TATCAC,0.261763776942792
TATCAG,0.272974078701115
TATCAT,0.246873464310565
TATCCA,0.256621046284627
TATCCC,0.251481011529312
TATCCG,0.263182808869237
TATCCT,0.257727367043308
TATCGA,0.263587876982845
TATCGC,0.263848191295374
TATCGG,0.273862061485986
TATCGT,0.267514308985988
TATCTA,0.232295466804099
TATCTC,0.251656675669793
TATCTG,0.308639280604911
TATCTT,0.239966521496956
TATGAA,0.257610969847155
TATGAC,0.272027939438808
TATGAG,0.316050479252064
TATGAT,0.254492305652704
TATGCA,0.269644291094674
TATGCC,0.267658369698744
TATGCG,0.270563961173987
TATGCT,0.271712360651309
TATGGA,0.311952179255526
TATGGC,0.286466222323672
TATGGG,0.311455943592442
TATGGT,0.282272998249899
TATGTA,0.270707583252405
TATGTC,0.276292815608358
TATGTG,0.315364016605601
TATGTT,0.236287001839868
TATTAA,0.250221181355743
TATTAC,0.269184138688036
TATTAG,0.281278781356607
TATTAT,0.231070986204683
TATTCA,0.255075973096364
TATTCC,0.261763776942792
TATTCG,0.262516983414527
TATTCT,0.257378134802042
TATTGA,0.251451731172259
TATTGC,0.281790216358094
TATTGG,0.287963584322947
TATTGT,0.264628727898504
TATTTA,0.227628445090045
TATTTC,0.226638393199606
TATTTG,0.277805477056438
TATTTT,0.180725795600634
TCAAAA,0.226368208843028
TCAAAC,0.245313244940243
TCAAAG,0.259064961920295
TCAAAT,0.247343995966264
TCAACA,0.259820203134011
TCAACC,0.276978077863289
TCAACG,0.272773457284173
TCAACT,0.256504520237075
TCAAGA,0.255192665716106
TCAAGC,0.252212741958996
TCAAGG,0.28742705194858
TCAAGT,0.276121426646921
TCAATA,0.268032830454491
TCAATC,0.269989266498383
TCAATG,0.2803973630212
TCAATT,0.255600982683367
TCACAA,0.257174359657162
TCACAC,0.230323615174307
TCACAG,0.247343995966264
TCACAT,0.235335246509596
TCACCA,0.245018590751731
TCACCC,0.229066773037774
TCACCG,0.257960120798574
TCACCT,0.272658798400944
TCACGA,0.266505302480093
TCACGC,0.288499828984685
TCACGG,0.286579309031432
TCACGT,0.273862061485986
TCACTA,0.253470067176309
TCACTC,0.234263437885651
TCACTG,0.235097166072423
TCACTT,0.236405907589652
TCAGAA,0.268148020944141
TCAGAC,0.288528044423903
TCAGAG,0.317833079895731
TCAGAT,0.272601464028955
TCAGCA,0.273432490857203
TCAGCC,0.263703580598807
TCAGCG,0.281278781356607
TCAGCT,0.268234405104532
TCAGGA,0.284371808176192
TCAGGC,0.303565884310998
TCAGGG,0.315116774650115
TCAGGT,0.321607176106019
TCAGTA,0.269730546103245
TCAGTC,0.283436396547025
TCAGTG,0.311455943592442
TCAGTT,0.277891031016541
TCATAA,0.255542661894567
TCATAC,0.262140451093656
TCATAG,0.277463188002435
TCATAT,0.261212997835813
TCATCA,0.260516842969528
TCATCC,0.253382398092896
TCATCG,0.275749983096684
TCATCT,0.23441236890822
TCATGA,0.257698269014399
TCATGC,0.280084414835904
TCATGG,0.311318056639704
TCATGT,0.245902292981834
TCATTA,0.264802097772118
TCATTC,0.245607812333237
TCATTG,0.268090427357922
TCATTT,0.203100812597987
TCCAAA,0.245431082310039
TCCAAC,0.262343216883472
TCCAAG,0.281420872874092
TCCAAT,0.266678347345403
TCCACA,0.24507752853553
TCCACC,0.249898644113114
TCCACG,0.279173462856201
TCCACT,0.252388277618973
TCCAGA,0.269385481420414
TCCAGC,0.252212741958996
TCCAGG,0.326345606537358
TCCAGT,0.257640070416372
TCCATA,0.259355506815798
TCCATC,0.253528508962282
TCCATG,0.274205585176191
TCCATT,0.259442653825813
TCCCAA,0.236881389253429
TCCCAC,0.237208151800928
TCCCAG,0.291120464983339
TCCCAT,0.258716196579424
TCCCCA,0.25130531652552
TCCCCC,0.261097005674531
TCCCCG,0.280738649382333
TCCCCT,0.243012636467459
TCCCGA,0.258977781987908
TCCCGC,0.266303378950066
TCCCGG,0.27394795347247
TCCCGT,0.268953983057763
TCCCTA,0.256067426586902
TCCCTC,0.243809600043283
TCCCTG,0.260603888835717
TCCCTT,0.270678860486858
TCCGAA,0.268291990399391
TCCGAC,0.269270433394478
TCCGAG,0.263558948986963
TCCGAT,0.272744793795841
TCCGCA,0.272027939438808
TCCGCC,0.255659300071051
TCCGCG,0.277092242598977
TCCGCT,0.27480646782227
TCCGGA,0.261386960855046
TCCGGC,0.280653338711089
TCCGGG,0.295360902194991
TCCGGT,0.282358170864617
TCCGTA,0.267283768669612
TCCGTC,0.252593030285958
TCCGTG,0.280255125986847
TCCGTT,0.263124928599238
TCCTAA,0.260081499947552
TCCTAC,0.254404726146134
TCCTAG,0.285928885748295
TCCTAT,0.252271257269362
TCCTCA,0.275778560576339
TCCTCC,0.233011540837359
TCCTCG,0.283181132352691
TCCTCT,0.222547803805104
TCCTGA,0.239344328548328
TCCTGC,0.268119224565659
TCCTGG,0.307892363449743
TCCTGT,0.236643676681892
TCCTTA,0.262198388371885
TCCTTC,0.22939609869055
TCCTTG,0.298438680956248
TCCTTT,0.250250497765384
TCGAAA,0.26618797576683
TCGAAC,0.261705814478157
TCGAAG,0.269816793672532
TCGAAT,0.265957129438986
TCGACA,0.266361075547859
TCGACC,0.268752553418826
TCGACG,0.269816793672532
TCGACT,0.284088442496145
TCGAGA,0.266591828655814
TCGAGC,0.272601464028955
TCGAGG,0.299722948420358
TCGAGT,0.271109615369392
TCGATA,0.267226125285054
TCGATC,0.268435939130421
TCGATG,0.263182808869237
TCGATT,0.268320781803344
TCGCAA,0.268608650260086
TCGCAC,0.258890594454517
TCGCAG,0.281250360630149
TCGCAT,0.260545859100152
TCGCCA,0.272544126369547
TCGCCC,0.276149993513778
TCGCCG,0.277149320079597
TCGCCT,0.260574874388866
TCGCGA,0.269040297626845
TCGCGC,0.266216827811216
TCGCGG,0.290247682509562
TCGCGT,0.288104729221171
TCGCTA,0.267860019837104
TCGCTC,0.279771368683382
TCGCTG,0.292723273266258
TCGCTT,0.255746769776353
TCGGAA,0.276321377579658
TCGGAC,0.268407151041867
TCGGAG,0.275807137239345
TCGGAT,0.265119864496455
TCGGCA,0.283039290750863
TCGGCC,0.284003417132022
TCGGCG,0.276378499075018
TCGGCT,0.272056623481758
TCGGGA,0.308058393258753
TCGGGC,0.295641092027718
TCGGGG,0.361736582254324
TCGGGT,0.293874583996452
TCGGTA,0.272802119950933
TCGGTC,0.274234206824313
TCGGTG,0.310159054996222
TCGGTT,0.268867661037832
TCGTAA,0.26572622980881
TCGTAC,0.266880195182321
TCGTAG,0.280681776410168
TCGTAT,0.26748549435285
TCGTCA,0.271913195038558
TCGTCC,0.283890038733094
TCGTCG,0.272085306701957
TCGTCT,0.274949481917232
TCGTGA,0.283408037076321
TCGTGC,0.263616804141921
TCGTGG,0.330764204565775
TCGTGT,0.281818621745818
TCGTTA,0.268435939130421
TCGTTC,0.262951267685774
TCGTTG,0.255134321108381
TCGTTT,0.253849877748368
TCTAAA,0.244753327729618
TCTAAC,0.252534533801761
TCTAAG,0.257931029541651
TCTAAT,0.254171143289737
TCTACA,0.270937335681711
TCTACC,0.256504520237075
TCTACG,0.275950008306272
TCTACT,0.235692260919779
TCTAGA,0.252271257269362
TCTAGC,0.264166261235843
TCTAGG,0.296928955058822
TCTAGT,0.274978082282025
TCTATA,0.272802119950933
TCTATC,0.243337402006623
TCTATG,0.272113989099453
TCTATT,0.237861356748982
TCTCAA,0.227268539622471
TCTCAC,0.222186064802361
TCTCAG,0.276207124799411
TCTCAT,0.24106182518467
TCTCCA,0.240025757783093
TCTCCC,0.244222590498607
TCTCCG,0.266389922598466
TCTCCT,0.216531991450773
TCTCGA,0.259704049297515
TCTCGC,0.268867661037832
TCTCGG,0.275721404800333
TCTCGT,0.285844016731253
TCTCTA,0.227538480866043
TCTCTC,0.210754280811833
TCTCTG,0.316407253684636
TCTCTT,0.228407796187372
TCTGAA,0.272658798400944
TCTGAC,0.2724581137157
TCTGAG,0.341819661702858
TCTGAT,0.31151109305039
TCTGCA,0.25705789807095
TCTGCC,0.240943471796149
TCTGCG,0.296481190795573
TCTGCT,0.260719938205472
TCTGGA,0.29662113866636
TCTGGC,0.323352658594167
TCTGGG,0.348750788383483
TCTGGT,0.346277092667831
TCTGTA,0.262082510458505
TCTGTC,0.336374455308387
TCTGTG,0.399737080057913
TCTGTT,0.337530351114064
TCTTAA,0.255688457489599
TCTTAC,0.25487172823977
TCTTAG,0.254171143289737
TCTTAT,0.262632810995937
TCTTCA,0.246755796794744
TCTTCC,0.227568469840004
TCTTCG,0.281051392925076
TCTTCT,0.267773603328303
TCTTGA,0.2569123020122
TCTTGC,0.246343851420696
TCTTGG,0.309219830716845
TCTTGT,0.257872844488778
TCTTTA,0.230024510294224
TCTTTC,0.247108757813419
TCTTTG,0.293986836059492
TCTTTT,0.228737338893883
TGAAAA,0.253820666671486
TGAAAC,0.233369385659979
TGAAAG,0.271339275460011
TGAAAT,0.227148542342647
TGAACA,0.270506506566478
TGAACC,0.250133226969755
TGAACG,0.273432490857203
TGAACT,0.256562784958141
TGAAGA,0.322671192065958
TGAAGC,0.289853272855485
TGAAGG,0.343610359636627
TGAAGT,0.315254138838721
TGAATA,0.24487123109317
TGAATC,0.249165217805056
TGAATG,0.282954176131623
TGAATT,0.237267551703343
TGACAA,0.268004030758702
TGACAC,0.27065013689629
TGACAG,0.290050497127395
TGACAT,0.263298559359826
TGACCA,0.262256322293579
TGACCC,0.271568882818983
TGACCG,0.274119715316306
TGACCT,0.250778046225773
TGACGA,0.270305389440586
TGACGC,0.273031391714068
TGACGG,0.297656144644036
TGACGT,0.276121426646921
TGACTA,0.285957173820107
TGACTC,0.251598124384887
TGACTG,0.293650042061722
TGACTT,0.27514966729531
TGAGAA,0.294772247883949
TGAGAC,0.272515456306943
TGAGAG,0.385012078434018
TGAGAT,0.286211730463187
TGAGCA,0.317449403554187
TGAGCC,0.305232130682594
TGAGCG,0.288161181602806
TGAGCT,0.268752553418826
TGAGGA,0.441298907732373
TGAGGC,0.314154696636953
TGAGGG,0.405125066316192
TGAGGT,0.331142807153086
TGAGTA,0.286720649434529
TGAGTC,0.297712060407408
TGAGTG,0.414074211222661
TGAGTT,0.328733532004181
TGATAA,0.296089232530915
TGATAC,0.268522298423895
TGATAG,0.351801221882651
TGATAT,0.248196270690596
TGATCA,0.266620669050739
TGATCC,0.249839989799645
TGATCG,0.274377302778228
TGATCT,0.268119224565659
TGATGA,0.435542774731476
TGATGC,0.295753145982728
TGATGG,0.552006687601728
TGATGT,0.328191322162068
TGATTA,0.239699914777657
TGATTC,0.261589879468973
TGATTG,0.293285053849121
TGATTT,0.275892862328935
TGCAAA,0.262603855358313
TGCAAC,0.286918492443329
TGCAAG,0.293116552809509
TGCAAT,0.275749983096684
TGCACA,0.269615537771754
TGCACC,0.263848191295374
TGCACG,0.285957173820107
TGCACT,0.255017621679658
TGCAGA,0.294463766802746
TGCAGC,0.293565825835826
TGCAGG,0.395968414623171
TGCAGT,0.294379619080685
TGCATA,0.275864288115596
TGCATC,0.255221836743484
TGCATG,0.28575914051085
TGCATT,0.250484998107386
TGCCAA,0.279315853815389
TGCCAC,0.240410708136271
TGCCAG,0.304149386406532
TGCCAT,0.293958774225009
TGCCCA,0.237534807609542
TGCCCC,0.287624755263741
TGCCCG,0.289148582755817
TGCCCT,0.280795519120146
TGCCGA,0.273461134640797
TGCCGC,0.284938298761667
TGCCGG,0.280084414835904
TGCCGT,0.281420872874092
TGCCTA,0.2487542639898
TGCCTC,0.243809600043283
TGCCTG,0.308998708509103
TGCCTT,0.27560708344704
TGCGAA,0.2803404706352
TGCGAC,0.270908619514626
TGCGAG,0.289007585125704
TGCGAT,0.271080904149164
TGCGCA,0.281051392925076
TGCGCC,0.272630131625853
TGCGCG,0.280255125986847
TGCGCT,0.271540184782046
TGCGGA,0.297516341555319
TGCGGC,0.293425449696587
TGCGGG,0.331683419462195
TGCGGT,0.304010488215079
TGCGTA,0.264917660991716
TGCGTC,0.283493113075768
TGCGTG,0.321088398941615
TGCGTT,0.282159423477851
TGCTAA,0.262516983414527
TGCTAC,0.261966619115878
TGCTAG,0.27036285560403
TGCTAT,0.240025757783093
TGCTCA,0.274835072277552
TGCTCC,0.279913674537688
TGCTCG,0.270937335681711
TGCTCT,0.292919932371483
TGCTGA,0.285730846836424
TGCTGC,0.286155167919937
TGCTGG,0.395233261929555
TGCTGT,0.304454894534373
TGCTTA,0.270908619514626
TGCTTC,0.260748948443742
TGCTTG,0.324360377561102
TGCTTT,0.274377302778228
TGGAAA,0.283464755213492
TGGAAC,0.287991814896387
TGGAAG,0.358348047551433
TGGAAT,0.281761810163481
TGGACA,0.283436396547025
TGGACC,0.309606676965735
TGGACG,0.289402328402412
TGGACT,0.274062464646313
TGGAGA,0.464376437515427
TGGAGC,0.372119350402165
TGGAGG,0.528513916809402
TGGAGT,0.370197026679311
TGGATA,0.263761427386929
TGGATC,0.275178261935383
TGGATG,0.324605344918965
TGGATT,0.315171722589849
TGGCAA,0.278404201125037
TGGCAC,0.271683666731668
TGGCAG,0.421388791114408
TGGCAT,0.319968014605702
TGGCCA,0.278290186079072
TGGCCC,0.2974604148468
TGGCCG,0.309358007271293
TGGCCT,0.351244880207789
TGGCGA,0.288669109679563
TGGCGC,0.267110828546703
TGGCGG,0.351006353278962
TGGCGT,0.29106417941805
TGGCTA,0.26465762496482
TGGCTC,0.266447614203344
TGGCTG,0.397588910642562
TGGCTT,0.32168906369358
TGGGAA,0.38260089898143
TGGGAC,0.289712374557003
TGGGAG,0.405074845456132
TGGGAT,0.283266227657653
TGGGCA,0.374737112981307
TGGGCC,0.370509005993289
TGGGCG,0.312668529644297
TGGGCT,0.375746101106632
TGGGGA,0.430830689626807
TGGGGC,0.390836431527612
TGGGGG,0.552093402661677
TGGGGT,0.409909573989209
TGGGTA,0.335647976812611
TGGGTC,0.398322334246946
TGGGTG,0.459227851688157
TGGGTT,0.348192746559952
TGGTAA,0.275464163374169
TGGTAC,0.308058393258753
TGGTAG,0.48644738282059
TGGTAT,0.327757342514969
TGGTCA,0.332817754890102
TGGTCC,0.310490335415501
TGGTCG,0.291908130431454
TGGTCT,0.300587503661112
TGGTGA,0.538518066137736
TGGTGC,0.34491794741501
TGGTGG,0.812236949700028
TGGTGT,0.445745068263734
TGGTTA,0.320050036524805
TGGTTC,0.292273621459132
TGGTTG,0.420993437395011
TGGTTT,0.482062691835019
TGTAAA,0.263963864797691
TGTAAC,0.258425465849195
TGTAAG,0.266591828655814
TGTAAT,0.253002409891868
TGTACA,0.248783623435117
TGTACC,0.248783623435117
TGTACG,0.272916762403193
TGTACT,0.269673043590864
TGTAGA,0.311318056639704
TGTAGC,0.284655093582877
TGTAGG,0.330250157390446
TGTAGT,0.329492132216356
TGTATA,0.263501090484592
TGTATC,0.239996140078642
TGTATG,0.331196881537668
TGTATT,0.268407151041867
TGTCAA,0.295697120574734
TGTCAC,0.253470067176309
TGTCAG,0.332223739667543
TGTCAT,0.277291999529731
TGTCCA,0.299053101612337
TGTCCC,0.281278781356607
TGTCCG,0.277263465268252
TGTCCT,0.294716167492236
TGTCGA,0.277263465268252
TGTCGC,0.269960523093084
TGTCGG,0.314347186301362
TGTCGT,0.28575914051085
TGTCTA,0.28505155837955
TGTCTC,0.272859442819925
TGTCTG,0.388669035839769
TGTCTT,0.267975230233466
TGTGAA,0.297516341555319
TGTGAC,0.310352315244497
TGTGAG,0.346117289072479
TGTGAT,0.311290476967472
TGTGCA,0.312971446551952
TGTGCC,0.270879902522899
TGTGCG,0.293593898699173
TGTGCT,0.305176633844213
TGTGGA,0.416137626450097
TGTGGC,0.35336262272767
TGTGGG,0.46548808514393
TGTGGT,0.439772026663182
TGTGTA,0.330547795856061
TGTGTC,0.338604404823861
TGTGTG,1
TGTGTT,0.420499025341036
TGTTAA,0.246108377850287
TGTTAC,0.300475990137833
TGTTAG,0.317778278001679
TGTTAT,0.241949029390365
TGTTCA,0.265119864496455
TGTTCC,0.264426425049783
TGTTCG,0.256883180256492
TGTTCT,0.327133166627256
TGTTGA,0.340802615085515
TGTTGC,0.308362709665663
TGTTGG,0.443669431786643
TGTTGT,0.551334390807359
TGTTTA,0.23363768526727
TGTTTC,0.282670408401394
TGTTTG,0.392795790033958
TGTTTT,0.420919291168376
TTAAAA,0.189393316378864
TTAAAC,0.253090112293367
TTAAAG,0.251744496169679
TTAAAT,0.21774410954245
TTAACA,0.25136388495671
TTAACC,0.255600982683367
TTAACG,0.267456678889406
TTAACT,0.240499521792829
TTAAGA,0.271798437470518
TTAAGC,0.255221836743484
TTAAGG,0.260545859100152
TTAAGT,0.283833344712767
TTAATA,0.251158880438393
TTAATC,0.260806966395624
TTAATG,0.254550687729502
TTAATT,0.24067712544585
TTACAA,0.257319917569127
TTACAC,0.254784181957994
TTACAG,0.240262667844503
TTACAT,0.275235448762685
TTACCA,0.255834231831374
TTACCC,0.265812823418055
TTACCG,0.269184138688036
TTACCT,0.267514308985988
TTACGA,0.263153869153003
TTACGC,0.265841686288228
TTACGG,0.28541956357116
TTACGT,0.267917626694464
TTACTA,0.253586947333012
TTACTC,0.271310570832942
TTACTG,0.259413605666311
TTACTT,0.238781058300213
TTAGAA,0.258425465849195
TTAGAC,0.266966688927492
TTAGAG,0.268953983057763
TTAGAT,0.301562716912483
TTAGCA,0.251217457446492
TTAGCC,0.258803399318798
TTAGCG,0.275035280557784
TTAGCT,0.273575701571212
TTAGGA,0.263674655949854
TTAGGC,0.275121071837561
TTAGGG,0.353018794601692
TTAGGT,0.312062420413975
TTAGTA,0.261676831985924
TTAGTC,0.267110828546703
TTAGTG,0.358505908684975
TTAGTT,0.284258471539524
TTATAA,0.242687765421373
TTATAC,0.254667441658692
TTATAG,0.269701795260372
TTATAT,0.24212637581484
TTATCA,0.248401883395327
TTATCC,0.253499288496226
TTATCG,0.262661765795157
TTATCT,0.245961178706721
TTATGA,0.244605928973922
TTATGC,0.261502919390625
TTATGG,0.283294591150225
TTATGT,0.238158127097463
TTATTA,0.227988221072275
TTATTC,0.247373396844869
TTATTG,0.254609066398032
TTATTT,0.184020165411009
TTCAAA,0.221160426440246
TTCAAC,0.252885461390369
TTCAAG,0.252826982010363
TTCAAT,0.260342728502903
TTCACA,0.244546963387715
TTCACC,0.256679304216929
TTCACG,0.277520244314957
TTCACT,0.227478500219971
TTCAGA,0.274405919512001
TTCAGC,0.254988444694423
TTCAGG,0.304788069714432
TTCAGT,0.272744793795841
TTCATA,0.260429789525696
TTCATC,0.264917660991716
TTCATG,0.252739256527657
TTCATT,0.217865240583116
TTCCAA,0.254171143289737
TTCCAC,0.245931736277718
TTCCAG,0.258977781987908
TTCCAT,0.246049500792945
TTCCCA,0.263414296453789
TTCCCC,0.269241669319742
TTCCCG,0.258628986235069
TTCCCT,0.243544016084085
TTCCGA,0.275578501066511
TTCCGC,0.269241669319742
TTCCGG,0.270506506566478
TTCCGT,0.27065013689629
TTCCTA,0.253411621974694
TTCCTC,0.231489270129962
TTCCTG,0.236851678272044
TTCCTT,0.240410708136271
TTCGAA,0.26031370647753
TTCGAC,0.273862061485986
TTCGAG,0.269443000470245
TTCGAT,0.258890594454517
TTCGCA,0.269874287919754
TTCGCC,0.263327494889129
TTCGCG,0.274463150522912
TTCGCT,0.261328976544473
TTCGGA,0.274463150522912
TTCGGC,0.287850654058857
TTCGGG,0.297264646731911
TTCGGT,0.276721159543963
TTCGTA,0.273002735618189
TTCGTC,0.273174659877178
TTCGTG,0.281932235228742
TTCGTT,0.245872848819016
TTCTAA,0.241653382105543
TTCTAC,0.255017621679658
TTCTAG,0.276149993513778
TTCTAT,0.272286066210296
TTCTCA,0.236405907589652
TTCTCC,0.224083736384612
TTCTCG,0.276635505433867
TTCTCT,0.249458652881132
TTCTGA,0.265697363605992
TTCTGC,0.247343995966264
TTCTGG,0.303204498030366
TTCTGT,0.329925359815601
TTCTTA,0.254900908630589
TTCTTC,0.238217470599906
TTCTTG,0.275549917869006
TTCTTT,0.218228545693615
TTGAAA,0.236019412197409
TTGAAC,0.246873464310565
TTGAAG,0.298718009872623
TTGAAT,0.251539569671527
TTGACA,0.284116782677747
TTGACC,0.260981000057507
TTGACG,0.270879902522899
TTGACT,0.263558948986963
TTGAGA,0.305565047050552
TTGAGC,0.27369025537755
TTGAGG,0.370457016199594
TTGAGT,0.326644409245332
TTGATA,0.269385481420414
TTGATC,0.248313768841402
TTGATG,0.31332932100075
TTGATT,0.273060046988798
TTGCAA,0.302453508963266
TTGCAC,0.267139653977565
TTGCAG,0.308390370201958
TTGCAT,0.254025126292901
TTGCCA,0.287540030057599
TTGCCC,0.277463188002435
TTGCCG,0.292470369003663
TTGCCT,0.270765026308625
TTGCGA,0.264599829997124
TTGCGC,0.269184138688036
TTGCGG,0.271080904149164
TTGCGT,0.278404201125037
TTGCTA,0.243189794381997
TTGCTC,0.27888862009783
TTGCTG,0.331169844710882
TTGCTT,0.298997260786143
TTGGAA,0.27623568921828
TTGGAC,0.292554677531457
TTGGAG,0.376340668500074
TTGGAT,0.292723273266258
TTGGCA,0.296341223336638
TTGGCC,0.283833344712767
TTGGCG,0.281165093604029
TTGGCT,0.310020989091106
TTGGGA,0.320432716551986
TTGGGC,0.340534799230094
TTGGGG,0.450675500494311
TTGGGT,0.365897411780509
TTGGTA,0.344117586441407
TTGGTC,0.319311596946819
TTGGTG,0.44265418091629
TTGGTT,0.448297497419158
TTGTAA,0.266303378950066
TTGTAC,0.27082246606533
TTGTAG,0.324033661041984
TTGTAT,0.270765026308625
TTGTCA,0.261879691794092
TTGTCC,0.291429978976015
TTGTCG,0.282585262377744
TTGTCT,0.274148339422234
TTGTGA,0.326264099391936
TTGTGC,0.262661765795157
TTGTGG,0.431320021121502
TTGTGT,0.398549839139376
TTGTTA,0.258628986235069
TTGTTC,0.234948337010071
TTGTTG,0.541414450798214
TTGTTT,0.452353510540601
TTTAAA,0.180600080948005
TTTAAC,0.23524597298798
TTTAAG,0.273203311046872
TTTAAT,0.218803508982255
TTTACA,0.24763796586103
TTTACC,0.260603888835717
TTTACG,0.26699551851348
TTTACT,0.254638254454321
TTTAGA,0.282386560124182
TTTAGC,0.248108138016538
TTTAGG,0.277634347174661
TTTAGT,0.306895605295013
TTTATA,0.229126658496681
TTTATC,0.231638614854895
TTTATG,0.224414706902456
TTTATT,0.189767112188411
TTTCAA,0.231578879641357
TTTCAC,0.24138722479532
TTTCAG,0.305481828348609
TTTCAT,0.210845767686793
TTTCCA,0.229006883992384
TTTCCC,0.243544016084085
TTTCCG,0.263124928599238
TTTCCT,0.247843693380568
TTTCGA,0.264859881051274
TTTCGC,0.256329705702441
TTTCGG,0.288415177890051
TTTCGT,0.263211747747987
TTTCTA,0.236316729602832
TTTCTC,0.222035301588914
TTTCTG,0.258134650570027
TTTCTT,0.227058534932261
TTTGAA,0.253207036865097
TTTGAC,0.2892895605084
TTTGAG,0.271741053747633
TTTGAT,0.269989266498383
TTTGCA,0.282783925156563
TTTGCC,0.2792019426701
TTTGCG,0.273489777603948
TTTGCT,0.327892981387442
TTTGGA,0.288810155038623
TTTGGC,0.291542505771242
TTTGGG,0.37403798588538
TTTGGT,0.496352082546228
TTTGTA,0.273862061485986
TTTGTC,0.268522298423895
TTTGTG,0.398246487779465
TTTGTT,0.435006765745393
TTTTAA,0.172077595048593
TTTTAC,0.278204666262911
TTTTAG,0.291036035447337
TTTTAT,0.193590484830317
TTTTCA,0.22852764246431
TTTTCC,0.24445850848863
TTTTCG,0.266937858510334
TTTTCT,0.191478557464507
TTTTGA,0.251158880438393
TTTTGC,0.308611626952849
TTTTGG,0.368765874807161
TTTTGT,0.407207010923775
TTTTTA,0.165270755756639
TTTTTC,0.239255412230988
TTTTTG,0.326970274041149
TTTTTT,0.132933070998391
