MOTIF,Score
AAAAAA,0
AAAAAC,0.20025155190555
AAAAAG,0.190162673457524
AAAAAT,0.157648070352695
AAAACA,0.191637547359757
AAAACC,0.208656929309294
AAAACG,0.217690150760432
AAAACT,0.207461063403477
AAAAGA,0.196741123372387
AAAAGC,0.206206324976425
AAAAGG,0.220226099344945
AAAAGT,0.202012456522402
AAAATA,0.17355224331335
AAAATC,0.204522667781325
AAAATG,0.199937810305262
AAAATT,0.180884578380958
AAACAA,0.200350607753633
AAACAC,0.229163898501636
AAACAG,0.216366962019791
AAACAT,0.211668917456802
AAACCA,0.214102117140437
AAACCC,0.205290931344673
AAACCG,0.223054229078378
AAACCT,0.211060712126808
AAACGA,0.220950054008007
AAACGC,0.219347752585182
AAACGG,0.226751037917998
AAACGT,0.219420640192163
AAACTA,0.218018647139173
AAACTC,0.211660756075705
AAACTG,0.216724314356983
AAACTT,0.209859542989357
AAAGAA,0.198756268148807
AAAGAC,0.219695945439451
AAAGAG,0.221681565011326
AAAGAT,0.21338133347189
AAAGCA,0.210640058540943
AAAGCC,0.215387649660966
AAAGCG,0.227257378105788
AAAGCT,0.215448630708746
AAAGGA,0.237477860529895
AAAGGC,0.231078797761839
AAAGGG,0.294985376195471
AAAGGT,0.230514323730622
AAAGTA,0.210476650210727
AAAGTC,0.21583069396106
AAAGTG,0.213593143026047
AAAGTT,0.208599625900349
AAATAA,0.182121038654306
AAATAC,0.204773342691063
AAATAG,0.209127511655245
AAATAT,0.203515225216301
AAATCA,0.209090691457781
AAATCC,0.213047234917847
AAATCG,0.221330021537931
AAATCT,0.208767433754359
AAATGA,0.2088820180601
AAATGC,0.211044379367272
AAATGG,0.224062340171421
AAATGT,0.204719925437923
AAATTA,0.190070942794462
AAATTC,0.211064795275012
AAATTG,0.211962682824101
AAATTT,0.197151101902812
AACAAA,0.199528972908288
AACAAC,0.215891647998342
AACAAG,0.217564401366319
AACAAT,0.216870467151145
AACACA,0.244160205897176
AACACC,0.220302968562768
AACACG,0.218578059223008
AACACT,0.218975132936216
AACAGA,0.219303207543243
AACAGC,0.227020314221583
AACAGG,0.2376687240809
AACAGT,0.214041053923032
AACATA,0.213935202179145
AACATC,0.226135851387164
AACATG,0.216813632491612
AACATT,0.213475024000292
AACCAA,0.217000362815994
AACCAC,0.218971081959747
AACCAG,0.21957449658501
AACCAT,0.222267196311218
AACCCA,0.209826837942171
AACCCC,0.207083987271439
AACCCG,0.220165408946212
AACCCT,0.215416107946034
AACCGA,0.223372902029633
AACCGC,0.221887584778034
AACCGG,0.231074795521591
AACCGT,0.225025145108457
AACCTA,0.217531947342687
AACCTC,0.200717854221105
AACCTG,0.21880902944297
AACCTT,0.211603624542917
AACGAA,0.222158173706494
AACGAC,0.220788321897424
AACGAG,0.223243831551365
AACGAT,0.223179290064498
AACGCA,0.222214705429681
AACGCC,0.220489048518249
AACGCG,0.2227354545423
AACGCT,0.220497138165688
AACGGA,0.222154135603974
AACGGC,0.224489472660132
AACGGG,0.245522103426054
AACGGT,0.225411617667486
AACGTA,0.221822955694767
AACGTC,0.220719577828886
AACGTG,0.229043594161763
AACGTT,0.220133039227421
AACTAA,0.219165510321701
AACTAC,0.221071335927546
AACTAG,0.218103795255006
AACTAT,0.219355851470536
AACTCA,0.217406178051765
AACTCC,0.203877198953475
AACTCG,0.221156224520036
AACTCT,0.212578493945646
AACTGA,0.221782560396531
AACTGC,0.217406178051765
AACTGG,0.23924592961878
AACTGT,0.221071335927546
AACTTA,0.216163864013183
AACTTC,0.209188875638451
AACTTG,0.218071358732439
AACTTT,0.207743777221985
AAGAAA,0.191104510655087
AAGAAC,0.219412541831511
AAGAAG,0.225810011120407
AAGAAT,0.210954544421195
AAGACA,0.218553743464684
AAGACC,0.217690150760432
AAGACG,0.226164005439058
AAGACT,0.212704871840501
AAGAGA,0.228578281157101
AAGAGC,0.227903995472728
AAGAGG,0.279621066701584
AAGAGT,0.225532359717911
AAGATA,0.220476913924385
AAGATC,0.212056506354716
AAGATG,0.223401133976209
AAGATT,0.215420173349218
AAGCAA,0.21192188723885
AAGCAC,0.213218372511871
AAGCAG,0.235559250100372
AAGCAT,0.224501558661075
AAGCCA,0.223086504378576
AAGCCC,0.228040494752982
AAGCCG,0.233756704566888
AAGCCT,0.222779846960118
AAGCGA,0.22398172867282
AAGCGC,0.227494385804027
AAGCGG,0.239674563030791
AAGCGT,0.22647766840378
AAGCTA,0.217434578951729
AAGCTC,0.220424328982705
AAGCTG,0.239146682729054
AAGCTT,0.22179871871164
AAGGAA,0.251763052734594
AAGGAC,0.226489730399405
AAGGAG,0.307362027503431
AAGGAT,0.226405293374547
AAGGCA,0.234885669744831
AAGGCC,0.241308034887774
AAGGCG,0.251025764730758
AAGGCT,0.244981513949195
AAGGGA,0.311565789083242
AAGGGC,0.263412705944975
AAGGGG,0.389845067996034
AAGGGT,0.274675359209886
AAGGTA,0.225331114867195
AAGGTC,0.228574268896642
AAGGTG,0.269154284261894
AAGGTT,0.228943329488154
AAGTAA,0.216679652297842
AAGTAC,0.214557938008018
AAGTAG,0.223449529744643
AAGTAT,0.21453759329227
AAGTCA,0.221047080720354
AAGTCC,0.218367303005422
AAGTCG,0.22602724976136
AAGTCT,0.222016830415163
AAGTGA,0.216086675953947
AAGTGC,0.215143688276156
AAGTGG,0.275785876615296
AAGTGT,0.21812001312175
AAGTTA,0.212627416315719
AAGTTC,0.215696581999414
AAGTTG,0.226811329957494
AAGTTT,0.214362611648624
AATAAA,0.188330636568003
AATAAC,0.215859139640819
AATAAG,0.21183621109221
AATAAT,0.203947110599985
AATACA,0.217089656298993
AATACC,0.216833930955116
AATACG,0.221245147698169
AATACT,0.21297795661194
AATAGA,0.216947594737095
AATAGC,0.217791550045149
AATAGG,0.230566380772061
AATAGT,0.215647809553673
AATATA,0.220946011024018
AATATC,0.218800926127738
AATATG,0.218918417772246
AATATT,0.206686263823481
AATCAA,0.212863840703337
AATCAC,0.215367321818636
AATCAG,0.216691833057249
AATCAT,0.215094888856322
AATCCA,0.215009484140989
AATCCC,0.202683835047823
AATCCG,0.223522119006045
AATCCT,0.212227813569131
AATCGA,0.224364575429674
AATCGC,0.222154135603974
AATCGG,0.225379417325049
AATCGT,0.221414888174735
AATCTA,0.216870467151145
AATCTC,0.213654233599623
AATCTG,0.212790473599134
AATCTT,0.21159546262892
AATGAA,0.207493845913756
AATGAC,0.220242282829221
AATGAG,0.22478352388967
AATGAT,0.214370751008701
AATGCA,0.217138358474726
AATGCC,0.221625003139904
AATGCG,0.224723109461869
AATGCT,0.215647809553673
AATGGA,0.229564808471812
AATGGC,0.221528032487988
AATGGG,0.277926840237324
AATGGT,0.228802942053908
AATGTA,0.209520176094965
AATGTC,0.223195425826744
AATGTG,0.22332046915701
AATGTT,0.210868785352696
AATTAA,0.205422339783909
AATTAC,0.212986107249983
AATTAG,0.204847300331234
AATTAT,0.20699789561003
AATTCA,0.214496902619008
AATTCC,0.213092059499588
AATTCG,0.223118778637112
AATTCT,0.208280303925103
AATTGA,0.215403911637316
AATTGC,0.212403169129479
AATTGG,0.231802939543172
AATTGT,0.211619948171064
AATTTA,0.20383607217226
AATTTC,0.210791187476708
AATTTG,0.208611905478701
AATTTT,0.176819576064255
ACAAAA,0.186244123428556
ACAAAC,0.226308785186623
ACAAAG,0.223840642912051
ACAAAT,0.218026756795912
ACAACA,0.228915253577951
ACAACC,0.21674461463357
ACAACG,0.220727665611646
ACAACT,0.220375786582118
ACAAGA,0.212578493945646
ACAAGC,0.217312855129418
ACAAGG,0.233437331254917
ACAAGT,0.219206011472766
ACAATA,0.220290831710676
ACAATC,0.220108761250691
ACAATG,0.22282020199356
ACAATT,0.218205152607266
ACACAA,0.244318202149309
ACACAC,0.674856225249202
ACACAG,0.261496673796449
ACACAT,0.376763576353161
ACACCA,0.229199986981518
ACACCC,0.250923756567711
ACACCG,0.22232372187168
ACACCT,0.213544267879962
ACACGA,0.221224938579288
ACACGC,0.238805198186721
ACACGG,0.233553115866553
ACACGT,0.244405089448759
ACACTA,0.228297384040505
ACACTC,0.243535876544075
ACACTG,0.234873708597644
ACACTT,0.225512237055219
ACAGAA,0.220788321897424
ACAGAC,0.246890027642706
ACAGAG,0.238690020126195
ACAGAT,0.232686402233195
ACAGCA,0.22958484975181
ACAGCC,0.21880902944297
ACAGCG,0.233085902762394
ACAGCT,0.216058236745969
ACAGGA,0.252503714949754
ACAGGC,0.236379687600657
ACAGGG,0.287739351663948
ACAGGT,0.232918131979078
ACAGTA,0.217057186864065
ACAGTC,0.224634495031635
ACAGTG,0.229797262629828
ACAGTT,0.220246328659367
ACATAA,0.226441481543932
ACATAC,0.310653269235846
ACATAG,0.225974955882901
ACATAT,0.261457849785499
ACATCA,0.223413233137896
ACATCC,0.237374460894089
ACATCG,0.222154135603974
ACATCT,0.220039970448906
ACATGA,0.220812583381601
ACATGC,0.294324372014041
ACATGG,0.255855301150508
ACATGT,0.240122843986823
ACATTA,0.219084503098211
ACATTC,0.222259120970318
ACATTG,0.224823798147242
ACATTT,0.205085571082035
ACCAAA,0.215416107946034
ACCAAC,0.213808979685045
ACCAAG,0.224038157404146
ACCAAT,0.220719577828886
ACCACA,0.227080590028537
ACCACC,0.211783169798865
ACCACG,0.211170951276812
ACCACT,0.215838821380701
ACCAGA,0.219938798907816
ACCAGC,0.211877010172748
ACCAGG,0.249333438325853
ACCAGT,0.221818916238373
ACCATA,0.225037224637036
ACCATC,0.229139838791484
ACCATG,0.213808979685045
ACCATT,0.214675929197801
ACCCAA,0.221564397584415
ACCCAC,0.204107477676213
ACCCAG,0.224574071599398
ACCCAT,0.216013544927855
ACCCCA,0.199793290931503
ACCCCC,0.204613082370672
ACCCCG,0.213544267879962
ACCCCT,0.20994130092804
ACCCGA,0.222751597467703
ACCCGC,0.219744520851578
ACCCGG,0.234993313631888
ACCCGT,0.229817299251735
ACCCTA,0.221006654067621
ACCCTC,0.212635569811378
ACCCTG,0.223312402317204
ACCCTT,0.214920004710528
ACCGAA,0.224066370575778
ACCGAC,0.225222425805771
ACCGAG,0.227799601096933
ACCGAT,0.226373125013431
ACCGCA,0.222513462888098
ACCGCC,0.219525912912982
ACCGCG,0.22678721357791
ACCGCT,0.225327089557057
ACCGGA,0.232470605567081
ACCGGC,0.22930824460755
ACCGGG,0.265649890423374
ACCGGT,0.221431052431852
ACCGTA,0.223296268442367
ACCGTC,0.223263999911767
ACCGTG,0.230145842582738
ACCGTT,0.224191305054423
ACCTAA,0.215989166730633
ACCTAC,0.217677982155299
ACCTAG,0.220711489980713
ACCTAT,0.220238236982706
ACCTCA,0.199917165959121
ACCTCC,0.193891481192094
ACCTCG,0.218594269400088
ACCTCT,0.201464310456399
ACCTGA,0.227594795853504
ACCTGC,0.214529455290075
ACCTGG,0.259051704408564
ACCTGT,0.22009257560541
ACCTTA,0.216756794601717
ACCTTC,0.210456222291818
ACCTTG,0.217556287959154
ACCTTT,0.207018394296931
ACGAAA,0.221600761358471
ACGAAC,0.223562444096792
ACGAAG,0.22261033803388
ACGAAT,0.2226587720877
ACGACA,0.220642740630052
ACGACC,0.219776903148839
ACGACG,0.221964326389709
ACGACT,0.22393738957857
ACGAGA,0.22736584622703
ACGAGC,0.228269289988682
ACGAGG,0.232762319616029
ACGAGT,0.227867860191317
ACGATA,0.223433398082069
ACGATC,0.22179871871164
ACGATG,0.223844674210035
ACGATT,0.221600761358471
ACGCAA,0.22294932715795
ACGCAC,0.24147044324539
ACGCAG,0.222553828672693
ACGCAT,0.230474278008472
ACGCCA,0.213743826357196
ACGCCC,0.218241638739318
ACGCCG,0.228401726466202
ACGCCT,0.213108358849348
ACGCGA,0.223897079605004
ACGCGC,0.222150097485148
ACGCGG,0.237708482735872
ACGCGT,0.222852484847814
ACGCTA,0.224130854836382
ACGCTC,0.217345316264138
ACGCTG,0.21746703613546
ACGCTT,0.219193861299681
ACGGAA,0.231926911246608
ACGGAC,0.227060498496569
ACGGAG,0.243306594509948
ACGGAT,0.228221126920636
ACGGCA,0.222828272804829
ACGGCC,0.225363316765
ACGGCG,0.228943329488154
ACGGCT,0.227683148357836
ACGGGA,0.254542598738513
ACGGGC,0.251645436838251
ACGGGG,0.293113902719477
ACGGGT,0.24699244808892
ACGGTA,0.222255083275414
ACGGTC,0.225729540386808
ACGGTG,0.235085001137876
ACGGTT,0.226304763809996
ACGTAA,0.2224448373146
ACGTAC,0.226429418966312
ACGTAG,0.226176071218654
ACGTAT,0.22421145431508
ACGTCA,0.22250942622002
ACGTCC,0.227185059488113
ACGTCG,0.22398172867282
ACGTCT,0.219299157895581
ACGTGA,0.225218400058101
ACGTGC,0.230245986765262
ACGTGG,0.25327123010474
ACGTGT,0.231178848562571
ACGTTA,0.221374476388793
ACGTTC,0.220254420270555
ACGTTG,0.223590670692808
ACGTTT,0.217122124679691
ACTAAA,0.211619948171064
ACTAAC,0.222214705429681
ACTAAG,0.219760712131285
ACTAAT,0.216358838891455
ACTACA,0.213026859443733
ACTACC,0.221014739528914
ACTACG,0.223695505360163
ACTACT,0.221814876765662
ACTAGA,0.221422970335954
ACTAGC,0.220565897526809
ACTAGG,0.226690742243152
ACTAGT,0.220788321897424
ACTATA,0.219874043749419
ACTATC,0.223425332153195
ACTATG,0.222473095474041
ACTATT,0.221107717635279
ACTCAA,0.214948476306893
ACTCAC,0.23544369754878
ACTCAG,0.226244441219935
ACTCAT,0.22084897450424
ACTCCA,0.202708539768473
ACTCCC,0.213947416413749
ACTCCG,0.220630607901047
ACTCCT,0.209066143906268
ACTCGA,0.223292234932985
ACTCGC,0.22298967535273
ACTCGG,0.23105078174372
ACTCGT,0.223731791723018
ACTCTA,0.219060199651485
ACTCTC,0.214810178101882
ACTCTG,0.219274859665211
ACTCTT,0.217073421713312
ACTGAA,0.215834757679137
ACTGAC,0.224425011521332
ACTGAG,0.238320566489333
ACTGAT,0.223764045162437
ACTGCA,0.201456065364882
ACTGCC,0.219145259131024
ACTGCG,0.229989597629624
ACTGCT,0.218217314799199
ACTGGA,0.243524018417682
ACTGGC,0.22130981413422
ACTGGG,0.312307751935543
ACTGGT,0.229524724706817
ACTGTA,0.219137158539921
ACTGTC,0.22213798303083
ACTGTG,0.232994031772302
ACTGTT,0.217876717499244
ACTTAA,0.21411025862104
ACTTAC,0.218800926127738
ACTTAG,0.223449529744643
ACTTAT,0.220282740394112
ACTTCA,0.213560559860745
ACTTCC,0.208701951112833
ACTTCG,0.221487625274243
ACTTCT,0.207764260625149
ACTTGA,0.209732804972954
ACTTGC,0.226401272385998
ACTTGG,0.237040327444435
ACTTGT,0.218411889755853
ACTTTA,0.214244583482157
ACTTTC,0.215968851112294
ACTTTG,0.205011631062359
ACTTTT,0.205512673070034
AGAAAA,0.187177111280982
AGAAAC,0.214671860767832
AGAAAG,0.218501057293223
AGAAAT,0.206784684353321
AGAACA,0.220035923783781
AGAACC,0.218363249565894
AGAACG,0.226911808612625
AGAACT,0.220193731590658
AGAAGA,0.225476015241939
AGAAGC,0.234255521258629
AGAAGG,0.283775777402113
AGAAGT,0.232458615497874
AGAATA,0.212199264404579
AGAATC,0.213650161010824
AGAATG,0.225757705880166
AGAATT,0.206624746072992
AGACAA,0.215412042526322
AGACAC,0.25203743604107
AGACAG,0.246602406457936
AGACAT,0.238753568282843
AGACCA,0.214920004710528
AGACCC,0.220262511816268
AGACCG,0.237799921643804
AGACCT,0.227924070064865
AGACGA,0.227847784470747
AGACGC,0.229191967431872
AGACGG,0.236964734155303
AGACGT,0.225520286168886
AGACTA,0.220513317264241
AGACTC,0.219149309401968
AGACTG,0.235292263646496
AGACTT,0.220035923783781
AGAGAA,0.236236358702354
AGAGAC,0.233397402418139
AGAGAG,0.289500104668099
AGAGAT,0.228706664992662
AGAGCA,0.252652564948922
AGAGCC,0.250295784874404
AGAGCG,0.242851828068584
AGAGCT,0.248444900819497
AGAGGA,0.306356577445286
AGAGGC,0.295405787843204
AGAGGG,0.430243474679175
AGAGGT,0.288691903460554
AGAGTA,0.228317450737159
AGAGTC,0.228923275347015
AGAGTG,0.264493217461592
AGAGTT,0.226887694656129
AGATAA,0.217507606133739
AGATAC,0.230590406184907
AGATAG,0.227462252458722
AGATAT,0.22396963638754
AGATCA,0.213723465071665
AGATCC,0.215664067299894
AGATCG,0.216882645586518
AGATCT,0.227562665734599
AGATGA,0.223635025162585
AGATGC,0.222929152450052
AGATGG,0.277605987760552
AGATGT,0.229504682221788
AGATTA,0.214671860767832
AGATTC,0.223251898944337
AGATTG,0.227060498496569
AGATTT,0.211828051076351
AGCAAA,0.214895599839859
AGCAAC,0.215355124914888
AGCAAG,0.23247460222487
AGCAAT,0.213185777132872
AGCACA,0.234163757664658
AGCACC,0.224130854836382
AGCACG,0.228851077108777
AGCACT,0.219412541831511
AGCAGA,0.243251242693621
AGCAGC,0.248201004676107
AGCAGG,0.322203149304502
AGCAGT,0.236033274257399
AGCATA,0.224497530010324
AGCATC,0.226135851387164
AGCATG,0.240138708657195
AGCATT,0.214354472222298
AGCCAA,0.215741287985106
AGCCAC,0.212986107249983
AGCCAG,0.242503693146477
AGCCAT,0.219825474628666
AGCCCA,0.225810011120407
AGCCCC,0.215310401661676
AGCCCG,0.242808317830755
AGCCCT,0.239916580365121
AGCCGA,0.228662534908263
AGCCGC,0.246117597260231
AGCCGG,0.283198499125707
AGCCGT,0.230750560854387
AGCCTA,0.221224938579288
AGCCTC,0.195962115321111
AGCCTG,0.230390176771681
AGCCTT,0.224239662597949
AGCGAA,0.225954842124541
AGCGAC,0.223784203033818
AGCGAG,0.253106812155157
AGCGAT,0.218347035643479
AGCGCA,0.229268150556985
AGCGCC,0.239067278124703
AGCGCG,0.251582702703379
AGCGCT,0.231986892037689
AGCGGA,0.244440632077281
AGCGGC,0.263943425592652
AGCGGG,0.346519760204954
AGCGGT,0.244140454610346
AGCGTA,0.224666719369374
AGCGTC,0.227534551033687
AGCGTG,0.242717335760967
AGCGTT,0.223626960859863
AGCTAA,0.216874526646082
AGCTAC,0.211591381646939
AGCTAG,0.234291426459873
AGCTAT,0.217536004153242
AGCTCA,0.221451257385825
AGCTCC,0.219647367667639
AGCTCG,0.229384418875156
AGCTCT,0.213654233599623
AGCTGA,0.240531279068452
AGCTGC,0.244152305429258
AGCTGG,0.314239438941453
AGCTGT,0.242147520661756
AGCTTA,0.220011643449142
AGCTTC,0.223017918120462
AGCTTG,0.233581061867853
AGCTTT,0.215672196073888
AGGAAA,0.245190681765142
AGGAAC,0.239273716982884
AGGAAG,0.345952624247071
AGGAAT,0.238272885108302
AGGACA,0.235316175787279
AGGACC,0.252515467071056
AGGACG,0.244969672953069
AGGACT,0.238340433060446
AGGAGA,0.316380573881651
AGGAGC,0.303460729909033
AGGAGG,0.557298033176769
AGGAGT,0.268838312133654
AGGATA,0.230862653863514
AGGATC,0.232550535688099
AGGATG,0.281708189073283
AGGATT,0.233648927476908
AGGCAA,0.231186852194207
AGGCAC,0.250766800610682
AGGCAG,0.325580722990027
AGGCAT,0.224392779393651
AGGCCA,0.249997360118481
AGGCCC,0.247307522144552
AGGCCG,0.279090975556662
AGGCCT,0.261853783992249
AGGCGA,0.243417288951977
AGGCGC,0.239861040581718
AGGCGG,0.356306415603595
AGGCGT,0.239118891834729
AGGCTA,0.23268240642181
AGGCTC,0.23671006207817
AGGCTG,0.293091333479548
AGGCTT,0.238654272513327
AGGGAA,0.332518830852185
AGGGAC,0.303140519684999
AGGGAG,0.59576180041124
AGGGAT,0.287425415620126
AGGGCA,0.31012828547427
AGGGCC,0.317420055683865
AGGGCG,0.332457354270643
AGGGCT,0.338140589973516
AGGGGA,0.496154224489286
AGGGGC,0.455489003160454
AGGGGG,0.556402290513796
AGGGGT,0.418383661688397
AGGGTA,0.260226346758626
AGGGTC,0.296624732737929
AGGGTG,0.460535063651217
AGGGTT,0.273402492307666
AGGTAA,0.223764045162437
AGGTAC,0.234710225245781
AGGTAG,0.254730233188774
AGGTAT,0.232734350724468
AGGTCA,0.231474940278709
AGGTCC,0.237422185131454
AGGTCG,0.24427080589471
AGGTCT,0.253028508390946
AGGTGA,0.279041384314916
AGGTGC,0.267546412287229
AGGTGG,0.463356374103757
AGGTGT,0.269350753167073
AGGTTA,0.232978053347193
AGGTTC,0.232014881842364
AGGTTG,0.263691659415642
AGGTTT,0.229813291959471
AGTAAA,0.213540194843292
AGTAAC,0.22179871871164
AGTAAG,0.225286835564481
AGTAAT,0.218042975912094
AGTACA,0.217986207854535
AGTACC,0.219084503098211
AGTACG,0.222670880234624
AGTACT,0.221499747609805
AGTAGA,0.219096654600081
AGTAGC,0.210770765982196
AGTAGG,0.256116854323653
AGTAGT,0.228421791069179
AGTATA,0.220375786582118
AGTATC,0.21937609839696
AGTATG,0.220432419153717
AGTATT,0.21150159582955
AGTCAA,0.221317897144705
AGTCAC,0.223848705491767
AGTCAG,0.239626946168033
AGTCAT,0.222642627663743
AGTCCA,0.228112751535448
AGTCCC,0.220812583381601
AGTCCG,0.233808593097288
AGTCCT,0.224227573431296
AGTCGA,0.225516261620151
AGTCGC,0.229608898757637
AGTCGG,0.245273547478469
AGTCGT,0.222085485366158
AGTCTA,0.217649588167462
AGTCTC,0.211770929100857
AGTCTG,0.243302640910386
AGTCTT,0.217081539039098
AGTGAA,0.224231603169752
AGTGAC,0.222400430022073
AGTGAG,0.256409556599061
AGTGAT,0.220052110346028
AGTGCA,0.227863845079446
AGTGCC,0.226103674357233
AGTGCG,0.242614476495989
AGTGCT,0.217682038373463
AGTGGA,0.265081392309783
AGTGGC,0.242954662923906
AGTGGG,0.430230356637517
AGTGGT,0.264996283148891
AGTGTA,0.222646663794167
AGTGTC,0.224312194528923
AGTGTG,0.271555490055062
AGTGTT,0.217207349163698
AGTTAA,0.213743826357196
AGTTAC,0.216444128448156
AGTTAG,0.224275929221046
AGTTAT,0.213365038570869
AGTTCA,0.215050153962732
AGTTCC,0.216549714964699
AGTTCG,0.220950054008007
AGTTCT,0.224376662940211
AGTTGA,0.221022824924833
AGTTGC,0.223707600960749
AGTTGG,0.26919281061905
AGTTGT,0.224122794531205
AGTTTA,0.215696581999414
AGTTTC,0.214187599381045
AGTTTG,0.225934727961609
AGTTTT,0.206575529147663
ATAAAA,0.193638063229346
ATAAAC,0.221224938579288
ATAAAG,0.215456761234157
ATAAAT,0.207346316153551
ATAACA,0.217544117724978
ATAACC,0.220428374076393
ATAACG,0.222642627663743
ATAACT,0.216403515280762
ATAAGA,0.215094888856322
ATAAGC,0.219327505084829
ATAAGG,0.220634652160405
ATAAGT,0.221196645126711
ATAATA,0.217828051270805
ATAATC,0.215619357861765
ATAATG,0.223098607347593
ATAATT,0.205426446019401
ATACAA,0.213764187228154
ATACAC,0.329197303478545
ATACAG,0.228991457786103
ATACAT,0.263815613762658
ATACCA,0.223538249237478
ATACCC,0.221499747609805
ATACCG,0.224686859053157
ATACCT,0.218006482530751
ATACGA,0.223199459726624
ATACGC,0.22678721357791
ATACGG,0.223259966272227
ATACGT,0.223735823459836
ATACTA,0.222642627663743
ATACTC,0.224968772045688
ATACTG,0.22355437920873
ATACTT,0.217065304321635
ATAGAA,0.217929436574181
ATAGAC,0.230374156686523
ATAGAG,0.225206322717851
ATAGAT,0.229396445860688
ATAGCA,0.221394682485903
ATAGCC,0.220614430700055
ATAGCG,0.22393738957857
ATAGCT,0.217454864815014
ATAGGA,0.224078461691385
ATAGGC,0.231494943314141
ATAGGG,0.2527308981553
ATAGGT,0.231414928771572
ATAGTA,0.216971949581048
ATAGTC,0.219716185481258
ATAGTG,0.229143848783376
ATAGTT,0.214777634567959
ATATAA,0.214187599381045
ATATAC,0.261523849707297
ATATAG,0.22258208375245
ATATAT,0.230858650758111
ATATCA,0.223764045162437
ATATCC,0.223493890474954
ATATCG,0.224513644515949
ATATCT,0.217178941809378
ATATGA,0.215456761234157
ATATGC,0.236248303561879
ATATGG,0.226111718711782
ATATGT,0.220853017880564
ATATTA,0.214830517272782
ATATTC,0.220844931111566
ATATTG,0.219950940033204
ATATTT,0.204440465605664
ATCAAA,0.214875261992655
ATCAAC,0.220189685547706
ATCAAG,0.216188237952025
ATCAAT,0.217775326850516
ATCACA,0.230650467191805
ATCACC,0.224936557440084
ATCACG,0.217138358474726
ATCACT,0.223929327713847
ATCAGA,0.217564401366319
ATCAGC,0.221548235482598
ATCAGG,0.227691180016615
ATCAGT,0.218553743464684
ATCATA,0.221358311217134
ATCATC,0.226984146993411
ATCATG,0.223788234559333
ATCATT,0.214378890302529
ATCCAA,0.220242282829221
ATCCAC,0.195812874312637
ATCCAG,0.229977577775848
ATCCAT,0.264144792906147
ATCCCA,0.204555546759667
ATCCCC,0.21094637720772
ATCCCG,0.224570043240766
ATCCCT,0.213417996028396
ATCCGA,0.222779846960118
ATCCGC,0.216894823873578
ATCCGG,0.23054235478198
ATCCGT,0.223997851492406
ATCCTA,0.217150533648058
ATCCTC,0.203679774976143
ATCCTG,0.2218714278988
ATCCTT,0.211403638470151
ATCGAA,0.22213798303083
ATCGAC,0.220735753328995
ATCGAG,0.222618410539092
ATCGAT,0.221653284475521
ATCGCA,0.225395517625875
ATCGCC,0.221491666069092
ATCGCG,0.224477386513115
ATCGCT,0.219311306789369
ATCGGA,0.228490007708097
ATCGGC,0.222840378899599
ATCGGG,0.242701511947287
ATCGGT,0.225399542660579
ATCGTA,0.223413233137896
ATCGTC,0.224030096351762
ATCGTG,0.224481415245018
ATCGTT,0.220679137933871
ATCTAA,0.219683801217728
ATCTAC,0.214830517272782
ATCTAG,0.22323576409331
ATCTAT,0.214102117140437
ATCTCA,0.217961877700461
ATCTCC,0.208136985274223
ATCTCG,0.221152182369507
ATCTCT,0.208284398441899
ATCTGA,0.224066370575778
ATCTGC,0.211562814306745
ATCTGG,0.239694402721105
ATCTGT,0.219979268752542
ATCTTA,0.219088553615241
ATCTTC,0.214240513296906
ATCTTG,0.216159801632283
ATCTTT,0.204539107405624
ATGAAA,0.203848410384224
ATGAAC,0.225677230937246
ATGAAG,0.226654563093095
ATGAAT,0.219177660839258
ATGACA,0.215546192650985
ATGACC,0.220489048518249
ATGACG,0.223598735288189
ATGACT,0.218667211945348
ATGAGA,0.232798278470061
ATGAGC,0.220201823627449
ATGAGG,0.255242139789945
ATGAGT,0.233429345615105
ATGATA,0.222170287916217
ATGATC,0.212700795383499
ATGATG,0.232462612203583
ATGATT,0.218975132936216
ATGCAA,0.221907780509991
ATGCAC,0.291879369803747
ATGCAG,0.242020850978452
ATGCAT,0.25085705329606
ATGCCA,0.220476913924385
ATGCCC,0.215192485314723
ATGCCG,0.226176071218654
ATGCCT,0.222880731490396
ATGCGA,0.222473095474041
ATGCGC,0.230606422806133
ATGCGG,0.236526976453306
ATGCGT,0.226240419584548
ATGCTA,0.219728329309709
ATGCTC,0.221047080720354
ATGCTG,0.232702385319072
ATGCTT,0.216606564625448
ATGGAA,0.237286960543041
ATGGAC,0.23580624870717
ATGGAG,0.287258951712965
ATGGAT,0.281833734500388
ATGGCA,0.238125853203073
ATGGCC,0.232582505947721
ATGGCG,0.237927127086792
ATGGCT,0.231806938870279
ATGGGA,0.293553901118284
ATGGGC,0.266581219243837
ATGGGG,0.386064701665816
ATGGGT,0.302998998777453
ATGGTA,0.220958139926949
ATGGTC,0.2227354545423
ATGGTG,0.266963547108094
ATGGTT,0.227012277172809
ATGTAA,0.213450583839134
ATGTAC,0.23199089062918
ATGTAG,0.224763386152612
ATGTAT,0.222097600456469
ATGTCA,0.228028451448287
ATGTCC,0.225021118566505
ATGTCG,0.224795606337254
ATGTCT,0.22156035708345
ATGTGA,0.220958139926949
ATGTGC,0.231946905243382
ATGTGG,0.273782221577196
ATGTGT,0.233704813343929
ATGTTA,0.217544117724978
ATGTTC,0.215928218637402
ATGTTG,0.218347035643479
ATGTTT,0.212602955429857
ATTAAA,0.20058169991495
ATTAAC,0.216277603978695
ATTAAG,0.216837990598374
ATTAAT,0.215489282674761
ATTACA,0.193438607214103
ATTACC,0.222218743287622
ATTACG,0.221992598130575
ATTACT,0.214395168691443
ATTAGA,0.220056156945651
ATTAGC,0.205902654953062
ATTAGG,0.229424508264419
ATTAGT,0.215346993563076
ATTATA,0.212851613226431
ATTATC,0.21812406754734
ATTATG,0.219428738487233
ATTATT,0.206341715667037
ATTCAA,0.216074487820992
ATTCAC,0.225254631203703
ATTCAG,0.217329085828494
ATTCAT,0.219505669019645
ATTCCA,0.211530164918623
ATTCCC,0.212924975845299
ATTCCG,0.223594702998629
ATTCCT,0.215330730661092
ATTCGA,0.221362352534547
ATTCGC,0.22404218790597
ATTCGG,0.229364373577824
ATTCGT,0.224255781259483
ATTCTA,0.217223581575285
ATTCTC,0.202543830101307
ATTCTG,0.225745635051579
ATTCTT,0.206107847504882
ATTGAA,0.217158650347928
ATTGAC,0.220307014147398
ATTGAG,0.227815662479499
ATTGAT,0.216216673463165
ATTGCA,0.216659350702445
ATTGCC,0.223776139934026
ATTGCG,0.21957449658501
ATTGCT,0.216204486914543
ATTGGA,0.232458615497874
ATTGGC,0.219367999675583
ATTGGG,0.275927474649609
ATTGGT,0.22252153617537
ATTGTA,0.215123355473962
ATTGTC,0.218018647139173
ATTGTG,0.227871875287068
ATTGTT,0.214378890302529
ATTTAA,0.203753813535245
ATTTAC,0.214846788311656
ATTTAG,0.219950940033204
ATTTAT,0.200589952218813
ATTTCA,0.208128795016598
ATTTCC,0.21183621109221
ATTTCG,0.222751597467703
ATTTCT,0.199206740829178
ATTTGA,0.213849698359414
ATTTGC,0.213100209207677
ATTTGG,0.247004265157723
ATTTGT,0.210117057864561
ATTTTA,0.190604530566514
ATTTTC,0.200148358295569
ATTTTG,0.207964975775651
ATTTTT,0.151794746491034
CAAAAA,0.180573119507143
CAAAAC,0.204362367279435
CAAAAG,0.20681748904414
CAAAAT,0.202506766687144
CAAACA,0.227140862202537
CAAACC,0.214741021826318
CAAACG,0.221228980435737
CAAACT,0.215623422438742
CAAAGA,0.215899774922602
CAAAGC,0.219133108219761
CAAAGG,0.240673993744437
CAAAGT,0.207977263149664
CAAATA,0.211852530924174
CAAATC,0.215391715179846
CAAATG,0.216505045106734
CAAATT,0.213678668784115
CAACAA,0.21226451844025
CAACAC,0.22972913511222
CAACAG,0.215582775925518
CAACAT,0.214614901010225
CAACCA,0.220638696403406
CAACCC,0.213193926077228
CAACCG,0.222279309200299
CAACCT,0.201876478379853
CAACGA,0.22282020199356
CAACGC,0.218946775756307
CAACGG,0.22475130331572
CAACGT,0.221895663119761
CAACTA,0.220391967644134
CAACTC,0.21362572512972
CAACTG,0.222251045564206
CAACTT,0.214370751008701
CAAGAA,0.214732885479463
CAAGAC,0.210411279401268
CAAGAG,0.21595666154318
CAAGAT,0.214549800171388
CAAGCA,0.219704041505333
CAAGCC,0.219635222855959
CAAGCG,0.219801189183651
CAAGCT,0.217588741192858
CAAGGA,0.234801938709921
CAAGGC,0.233808593097288
CAAGGG,0.26894236276194
CAAGGT,0.220889407531803
CAAGTA,0.210509334013023
CAAGTC,0.219461131011701
CAAGTG,0.214362611648624
CAAGTT,0.218217314799199
CAATAA,0.216135427000318
CAATAC,0.223643089400274
CAATAG,0.22073979716314
CAATAT,0.220533540769334
CAATCA,0.218083522551698
CAATCC,0.214232372876705
CAATCG,0.223780171492049
CAATCT,0.213087984620637
CAATGA,0.217381833781211
CAATGC,0.221180477080099
CAATGG,0.226988165638916
CAATGT,0.216082613259468
CAATTA,0.215997292862407
CAATTC,0.217665813402089
CAATTG,0.2224448373146
CAATTT,0.210595123911952
CACAAA,0.231966898840403
CACAAC,0.228461919067408
CACAAG,0.219331554617697
CACAAT,0.224231603169752
CACACA,0.69560606871209
CACACC,0.244673602472743
CACACG,0.2585261693551
CACACT,0.263304203021377
CACAGA,0.248193136068102
CACAGC,0.212313456172785
CACAGG,0.271590080685712
CACAGT,0.232390669056729
CACATA,0.325336723787601
CACATC,0.234965407070073
CACATG,0.31609388354767
CACATT,0.227839754069668
CACCAA,0.219339653634236
CACCAC,0.20154263543542
CACCAG,0.22687161836208
CACCAT,0.217856440191887
CACCCA,0.203914211610467
CACCCC,0.184279075193192
CACCCG,0.223655185634875
CACCCT,0.196823960867147
CACCGA,0.222452911155923
CACCGC,0.213711248101344
CACCGG,0.235814215388505
CACCGT,0.217515719935888
CACCTA,0.214997282871923
CACCTC,0.188263801857369
CACCTG,0.216496923099991
CACCTT,0.201328257752463
CACGAA,0.220375786582118
CACGAC,0.220201823627449
CACGAG,0.222731418770232
CACGAT,0.219408492626591
CACGCA,0.24110994021153
CACGCC,0.202708539768473
CACGCG,0.224477386513115
CACGCT,0.218168665143927
CACGGA,0.238284805666703
CACGGC,0.215025752268171
CACGGG,0.254706780807766
CACGGT,0.224086522353904
CACGTA,0.231394924135527
CACGTC,0.218975132936216
CACGTG,0.252170680773194
CACGTT,0.219145259131024
CACTAA,0.222372169809136
CACTAC,0.221156224520036
CACTAG,0.221826995134844
CACTAT,0.226747018319446
CACTCA,0.234020110784563
CACTCC,0.206202221942058
CACTCG,0.221754282716826
CACTCT,0.213051309962851
CACTGA,0.228156905887969
CACTGC,0.205820566141768
CACTGG,0.245309059253657
CACTGT,0.221532073119563
CACTTA,0.216431944671127
CACTTC,0.207100384842832
CACTTG,0.218553743464684
CACTTT,0.20938112507217
CAGAAA,0.204547327116427
CAGAAC,0.215615293268268
CAGAAG,0.237227296822754
CAGAAT,0.213214298147599
CAGACA,0.250723633403295
CAGACC,0.218322714266924
CAGACG,0.223489857762605
CAGACT,0.22713684417062
CAGAGA,0.240606603241069
CAGAGC,0.249443467672695
CAGAGG,0.327966590225979
CAGAGT,0.233441324050909
CAGATA,0.228847065942699
CAGATC,0.216874526646082
CAGATG,0.236861281446057
CAGATT,0.221972404111517
CAGCAA,0.22097835443826
CAGCAC,0.219898327425215
CAGCAG,0.246125482216733
CAGCAT,0.220691270074092
CAGCCA,0.219258660516955
CAGCCC,0.216963831365637
CAGCCG,0.235511436870861
CAGCCT,0.171659762469882
CAGCGA,0.225097620091301
CAGCGC,0.230025656324115
CAGCGG,0.267735480981922
CAGCGT,0.228943329488154
CAGCTA,0.208300776341435
CAGCTC,0.204456906581381
CAGCTG,0.261228757434638
CAGCTT,0.22121685481738
CAGGAA,0.266102137642491
CAGGAC,0.236256266722297
CAGGAG,0.30862575325615
CAGGAT,0.251390554929661
CAGGCA,0.266523278025751
CAGGCC,0.253506066005337
CAGGCG,0.245742990193322
CAGGCT,0.225713445462994
CAGGGA,0.352843426892195
CAGGGC,0.326257782021728
CAGGGG,0.416769512964033
CAGGGT,0.31412894681647
CAGGTA,0.237167629542495
CAGGTC,0.238753568282843
CAGGTG,0.284917957870138
CAGGTT,0.243365896627731
CAGTAA,0.214045124920199
CAGTAC,0.226574160295253
CAGTAG,0.236351819701505
CAGTAT,0.215180286278312
CAGTCA,0.229332300266297
CAGTCC,0.226296721008228
CAGTCG,0.227422084325009
CAGTCT,0.210047576256189
CAGTGA,0.214858991417074
CAGTGC,0.236526976453306
CAGTGG,0.28355933709934
CAGTGT,0.230546359153747
CAGTTA,0.217394005990568
CAGTTC,0.21705312811057
CAGTTG,0.223884986296073
CAGTTT,0.21420388088414
CATAAA,0.219444934880626
CATAAC,0.220901537121287
CATAAG,0.223219628981944
CATAAT,0.22409458295145
CATACA,0.323725563791295
CATACC,0.227064516835256
CATACG,0.226485709750362
CATACT,0.227104699334067
CATAGA,0.230181895643782
CATAGC,0.21889411028869
CATAGG,0.233928325584946
CATAGT,0.217568458045217
CATATA,0.255351520958611
CATATC,0.227044424980347
CATATG,0.233912362081529
CATATT,0.220056156945651
CATCAA,0.217065304321635
CATCAC,0.242408726220506
CATCAG,0.214525386264142
CATCAT,0.229452569880673
CATCCA,0.249294139196405
CATCCC,0.213043159856237
CATCCG,0.222485205869359
CATCCT,0.211970841741441
CATCGA,0.21943683671672
CATCGC,0.22401397405205
CATCGG,0.225974955882901
CATCGT,0.22059420883079
CATCTA,0.211607705474935
CATCTC,0.206366330186953
CATCTG,0.220084482684527
CATCTT,0.20914796673471
CATGAA,0.222170287916217
CATGAC,0.220691270074092
CATGAG,0.226067473960939
CATGAT,0.216959772233216
CATGCA,0.314147363018468
CATGCC,0.212044269002102
CATGCG,0.231038774638533
CATGCT,0.224090552660798
CATGGA,0.24718544272847
CATGGC,0.228566244327429
CATGGG,0.298227725956576
CATGGT,0.226714860949361
CATGTA,0.233844514348876
CATGTC,0.22830139741205
CATGTG,0.243195887813302
CATGTT,0.210525675513593
CATTAA,0.214700339430027
CATTAC,0.223102641638047
CATTAG,0.218176773584168
CATTAT,0.219388246356047
CATTCA,0.220226099344945
CATTCC,0.207161873340951
CATTCG,0.226574160295253
CATTCT,0.213715320441369
CATTGA,0.226039317191123
CATTGC,0.221208770990124
CATTGG,0.230069726296156
CATTGT,0.221127929123207
CATTTA,0.214549800171388
CATTTC,0.206111950926489
CATTTG,0.220578031040947
CATTTT,0.193928865291597
CCAAAA,0.20523754173328
CCAAAC,0.215306335812201
CCAAAG,0.206772382316814
CCAAAT,0.211721964810425
CCAACA,0.212688565912785
CCAACC,0.213083909725082
CCAACG,0.222400430022073
CCAACT,0.21130158934938
CCAAGA,0.214305634273036
CCAAGC,0.210917791435257
CCAAGG,0.234331319615974
CCAAGT,0.214826449471696
CCAATA,0.220626563625333
CCAATC,0.216147614390566
CCAATG,0.215838821380701
CCAATT,0.21748732134034
CCACAA,0.216098863938354
CCACAC,0.231118819283359
CCACAG,0.217394005990568
CCACAT,0.233385423456208
CCACCA,0.196554713915992
CCACCC,0.13216796387377
CCACCG,0.213365038570869
CCACCT,0.176950554566073
CCACGA,0.219902374647183
CCACGC,0.201991854962018
CCACGG,0.228630439078182
CCACGT,0.22090962343254
CCACTA,0.216793333616073
CCACTC,0.206362227809041
CCACTG,0.2057959381843
CCACTT,0.209781866755729
CCAGAA,0.219380147733053
CCAGAC,0.221406805948195
CCAGAG,0.246740317349296
CCAGAT,0.216846109835448
CCAGCA,0.204785669344274
CCAGCC,0.176126371947347
CCAGCG,0.229865385506393
CCAGCT,0.199917165959121
CCAGGA,0.253713458521799
CCAGGC,0.235846081479182
CCAGGG,0.338406650156021
CCAGGT,0.244282655168962
CCAGTA,0.227474302584214
CCAGTC,0.219898327425215
CCAGTG,0.233972223905404
CCAGTT,0.214146894463513
CCATAA,0.221390641299144
CCATAC,0.226678682671903
CCATAG,0.225524310701425
CCATAT,0.221980481768076
CCATCA,0.232802273818471
CCATCC,0.223796297561606
CCATCG,0.222646663794167
CCATCT,0.19881827184467
CCATGA,0.223651153572932
CCATGC,0.223614864283841
CCATGG,0.242836006382959
CCATGT,0.217235755711062
CCATTA,0.219598787535913
CCATTC,0.216846109835448
CCATTG,0.22031915080309
CCATTT,0.20721516031455
CCCAAA,0.196732839245485
CCCAAC,0.211097459860456
CCCAAG,0.208304870774407
CCCAAT,0.217479207307767
CCCACA,0.222808095654522
CCCACC,0.139594054500166
CCCACG,0.218265962087798
CCCACT,0.206300690120741
CCCAGA,0.224018004651347
CCCAGC,0.16875893583725
CCCAGG,0.2444959180997
CCCAGT,0.227225237143607
CCCATA,0.227168987973916
CCCATC,0.18959964809981
CCCATG,0.22972512746664
CCCATT,0.214655586882433
CCCCAA,0.197788512381358
CCCCAC,0.173056131763653
CCCCAG,0.208677394016725
CCCCAT,0.20600525649197
CCCCCA,0.18543175720374
CCCCCC,0.184023209215626
CCCCCG,0.210018964778889
CCCCCT,0.177030823233672
CCCCGA,0.219853806902451
CCCCGC,0.184178414423463
CCCCGG,0.251637595286615
CCCCGT,0.215294138164586
CCCCTA,0.219242461106283
CCCCTC,0.171591804188913
CCCCTG,0.213735681892734
CCCCTT,0.194929408978021
CCCGAA,0.220290831710676
CCCGAC,0.21843620896366
CCCGAG,0.23050231018236
CCCGAT,0.219412541831511
CCCGCA,0.215562452049338
CCCGCC,0.16174869932578
CCCGCG,0.232198795357283
CCCGCT,0.212260440187767
CCCGGA,0.235909810614354
CCCGGC,0.225133855613085
CCCGGG,0.332649004079767
CCCGGT,0.237088067630348
CCCGTA,0.222299497022723
CCCGTC,0.221944131799718
CCCGTG,0.233277606341043
CCCGTT,0.224614354293219
CCCTAA,0.215420173349218
CCCTAC,0.214956610899822
CCCTAG,0.223997851492406
CCCTAT,0.218744201082459
CCCTCA,0.204502117870888
CCCTCC,0.139817697452575
CCCTCG,0.216659350702445
CCCTCT,0.204017017359198
CCCTGA,0.22377210835975
CCCTGC,0.211350574227022
CCCTGG,0.293422297959141
CCCTGT,0.203725021413633
CCCTTA,0.217823995644859
CCCTTC,0.180278406938367
CCCTTG,0.216862348111832
CCCTTT,0.202053658369939
CCGAAA,0.223034056486756
CCGAAC,0.223134915375778
CCGAAG,0.231662953016851
CCGAAT,0.221786599999786
CCGACA,0.222339871444967
CCGACC,0.217795605802683
CCGACG,0.224638523130641
CCGACT,0.224300106239094
CCGAGA,0.22390514172971
CCGAGC,0.243765106020003
CCGAGG,0.26500015190426
CCGAGT,0.228831021117492
CCGATA,0.223308368872898
CCGATC,0.223707600960749
CCGATG,0.226481689085154
CCGATT,0.220780234605225
CCGCAA,0.220755972336197
CCGCAC,0.218910315343377
CCGCAG,0.239408673197788
CCGCAT,0.223352735865511
CCGCCA,0.220161362788664
CCGCCC,0.17602911586396
CCGCCG,0.241949592229843
CCGCCT,0.20399234494338
CCGCGA,0.230241981190509
CCGCGC,0.22796020331521
CCGCGG,0.292790361597163
CCGCGT,0.232450622038533
CCGCTA,0.222574010953983
CCGCTC,0.216821751926457
CCGCTG,0.240673993744437
CCGCTT,0.219230311376063
CCGGAA,0.225612846319709
CCGGAC,0.226686722402228
CCGGAG,0.282966734500964
CCGGAT,0.226151939513877
CCGGCA,0.227301570242091
CCGGCC,0.226513853954187
CCGGCG,0.259685871492544
CCGGCT,0.227578730923095
CCGGGA,0.300765532174691
CCGGGC,0.310819579836296
CCGGGG,0.43310891816304
CCGGGT,0.274004622263792
CCGGTA,0.225978978586026
CCGGTC,0.234299405218411
CCGGTG,0.247583130532958
CCGGTT,0.228104723261887
CCGTAA,0.220941968023683
CCGTAC,0.225383442424558
CCGTAG,0.226055406870953
CCGTAT,0.223639057289558
CCGTCA,0.227044424980347
CCGTCC,0.226694762067917
CCGTCG,0.230310073779334
CCGTCT,0.210010789920728
CCGTGA,0.228285343829227
CCGTGC,0.233696829839856
CCGTGG,0.259444701955612
CCGTGT,0.227920055178677
CCGTTA,0.225387467507865
CCGTTC,0.222380244237184
CCGTTG,0.229757188181575
CCGTTT,0.224001882156686
CCTAAA,0.211979000592214
CCTAAC,0.216350715697132
CCTAAG,0.220440509259278
CCTAAT,0.216338530781923
CCTACA,0.215403911637316
CCTACC,0.210231487637712
CCTACG,0.22150378835567
CCTACT,0.218971081959747
CCTAGA,0.224404866563279
CCTAGC,0.213906701718216
CCTAGG,0.23851524186971
CCTAGT,0.21806730409314
CCTATA,0.219817379545859
CCTATC,0.219922610511328
CCTATG,0.221208770990124
CCTATT,0.218602374390091
CCTCAA,0.212419479711481
CCTCAC,0.196322689165305
CCTCAG,0.205984737026337
CCTCAT,0.20298025142192
CCTCCA,0.199057983303121
CCTCCC,0.0852391818747169
CCTCCG,0.214956610899822
CCTCCT,0.153699215775037
CCTCGA,0.221176435027602
CCTCGC,0.215802247472121
CCTCGG,0.233189746762686
CCTCGT,0.214150965029827
CCTCTA,0.21664716954737
CCTCTC,0.193492630479881
CCTCTG,0.212195185885964
CCTCTT,0.1989216027953
CCTGAA,0.224171155387765
CCTGAC,0.204962334678441
CCTGAG,0.257244263076621
CCTGAT,0.223469693956918
CCTGCA,0.217706375336941
CCTGCC,0.180455244902087
CCTGCG,0.236881177029035
CCTGCT,0.218780667552376
CCTGGA,0.285626895272334
CCTGGC,0.227217201741647
CCTGGG,0.41118295398034
CCTGGT,0.248920720418433
CCTGTA,0.202247284317365
CCTGTC,0.20858325289465
CCTGTG,0.241137675828654
CCTGTT,0.215310401661676
CCTTAA,0.216809572749468
CCTTAC,0.215233147694673
CCTTAG,0.222779846960118
CCTTAT,0.217308797413487
CCTTCA,0.215899774922602
CCTTCC,0.168818568272428
CCTTCG,0.215517738067716
CCTTCT,0.200829239411927
CCTTGA,0.216955713084319
CCTTGC,0.214708476041691
CCTTGG,0.245936226098946
CCTTGT,0.220112807621079
CCTTTA,0.210043488952408
CCTTTC,0.205574259268699
CCTTTG,0.213808979685045
CCTTTT,0.195821166064119
CGAAAA,0.222319684437607
CGAAAC,0.221936053849529
CGAAAG,0.228425803941464
CGAAAT,0.220234191119821
CGAACA,0.221580559425023
CGAACC,0.222779846960118
CGAACG,0.226336934370219
CGAACT,0.215229081531081
CGAAGA,0.225822081171951
CGAAGC,0.228008378951475
CGAAGG,0.239622977993789
CGAAGT,0.222420615399504
CGAATA,0.22382854892059
CGAATC,0.222953362050688
CGAATG,0.225399542660579
CGAATT,0.222242970092882
CGACAA,0.221592680634066
CGACAC,0.220788321897424
CGACAG,0.219857854304607
CGACAT,0.221519951175857
CGACCA,0.218748252978119
CGACCC,0.220776190934599
CGACCG,0.227152916201421
CGACCT,0.219347752585182
CGACGA,0.222545755646125
CGACGC,0.223574541306931
CGACGG,0.23553534377138
CGACGT,0.221629043379676
CGACTA,0.222041062112561
CGACTC,0.221948170750342
CGACTG,0.230738550143853
CGACTT,0.221879506371048
CGAGAA,0.222295459490842
CGAGAC,0.220242282829221
CGAGAG,0.248661210522429
CGAGAT,0.216196362466287
CGAGCA,0.235997431544234
CGAGCC,0.239515831336606
CGAGCG,0.260855884789431
CGAGCT,0.230614431020547
CGAGGA,0.254175045925456
CGAGGC,0.244247106924982
CGAGGG,0.320564970983659
CGAGGT,0.244160205897176
CGAGTA,0.217215465402428
CGAGTC,0.229063645890181
CGAGTG,0.242365196698519
CGAGTT,0.226071496291909
CGATAA,0.223094573040863
CGATAC,0.222032984945336
CGATAG,0.223860799239458
CGATAT,0.222743526037576
CGATCA,0.223663249709988
CGATCC,0.22156035708345
CGATCG,0.224763386152612
CGATCT,0.21843620896366
CGATGA,0.224376662940211
CGATGC,0.224509615913888
CGATGG,0.240697777543722
CGATGT,0.221843152731984
CGATTA,0.221843152731984
CGATTC,0.218286231092938
CGATTG,0.22387692400887
CGATTT,0.218760408566595
CGCAAA,0.224340399970268
CGCAAC,0.222751597467703
CGCAAG,0.220072343180398
CGCAAT,0.221883545582698
CGCACA,0.247728778572059
CGCACC,0.218326767870762
CGCACG,0.229945524126096
CGCACT,0.226292699583086
CGCAGA,0.228361596052443
CGCAGC,0.225524310701425
CGCAGG,0.254511322906979
CGCAGT,0.226726920084326
CGCATA,0.228160919823343
CGCATC,0.218351089148729
CGCATG,0.230009630398197
CGCATT,0.224666719369374
CGCCAA,0.220420283872655
CGCCAC,0.212207421391906
CGCCAG,0.223102641638047
CGCCAT,0.220213961559861
CGCCCA,0.211799490496469
CGCCCC,0.192099560208419
CGCCCG,0.218845493548945
CGCCCT,0.217775326850516
CGCCGA,0.229829321032178
CGCCGC,0.255363239659957
CGCCGG,0.268568500814825
CGCCGT,0.228867121612195
CGCCTA,0.222412541297425
CGCCTC,0.20289380572186
CGCCTG,0.227389948656294
CGCCTT,0.220832800835451
CGCGAA,0.224533787282816
CGCGAC,0.225323064230716
CGCGAG,0.243859944228176
CGCGAT,0.224860043592285
CGCGCA,0.229272160034381
CGCGCC,0.231146833395429
CGCGCG,0.264713823572625
CGCGCT,0.230842638176248
CGCGGA,0.25764966338394
CGCGGC,0.270640325588526
CGCGGG,0.361181629148224
CGCGGT,0.23768462773258
CGCGTA,0.223965605593285
CGCGTC,0.226063451613789
CGCGTG,0.23981343259782
CGCGTT,0.226469626992534
CGCTAA,0.222065293222798
CGCTAC,0.22143913446243
CGCTAG,0.227920055178677
CGCTAT,0.223594702998629
CGCTCA,0.218942724664962
CGCTCC,0.213825267353754
CGCTCG,0.228530132969077
CGCTCT,0.214789838517292
CGCTGA,0.231222867743872
CGCTGC,0.227309604966148
CGCTGG,0.269797479925608
CGCTGT,0.228955361779799
CGCTTA,0.220962182861901
CGCTTC,0.213377259771527
CGCTTG,0.22141084706963
CGCTTT,0.222271233957214
CGGAAA,0.22715693416876
CGGAAC,0.236180614137952
CGGAAG,0.240011784246398
CGGAAT,0.224823798147242
CGGACA,0.231182850386396
CGGACC,0.224835880108227
CGGACG,0.236009379258034
CGGACT,0.22647364770624
CGGAGA,0.261547142757371
CGGAGC,0.29174754607184
CGGAGG,0.348998539052507
CGGAGT,0.240880101214554
CGGATA,0.226316827891363
CGGATC,0.220359605258272
CGGATG,0.237314802394326
CGGATT,0.228670558704826
CGGCAA,0.2250774886785
CGGCAC,0.224134884964607
CGGCAG,0.244835465196987
CGGCAT,0.224022035234397
CGGCCA,0.228401726466202
CGGCCC,0.227478319260443
CGGCCG,0.277850456127484
CGGCCT,0.239777725122433
CGGCGA,0.251418006872179
CGGCGC,0.256218334148259
CGGCGG,0.391274799525516
CGGCGT,0.241030691352106
CGGCTA,0.222755633158336
CGGCTC,0.226288678141772
CGGCTG,0.267750913583029
CGGCTT,0.232742341916165
CGGGAA,0.274292136045067
CGGGAC,0.265325073933835
CGGGAG,0.399509587106228
CGGGAT,0.255324176788072
CGGGCA,0.265201306561397
CGGGCC,0.302369360443273
CGGGCG,0.367242411668934
CGGGCT,0.280611850350537
CGGGGA,0.417337751321387
CGGGGC,0.458149173194093
CGGGGG,0.528047258654058
CGGGGT,0.37061768850526
CGGGTA,0.238598662575402
CGGGTC,0.261589845273393
CGGGTG,0.351141145271355
CGGGTT,0.253842567986814
CGGTAA,0.223864830456187
CGGTAC,0.224493501343343
CGGTAG,0.227771493056693
CGGTAT,0.223796297561606
CGGTCA,0.223594702998629
CGGTCC,0.232058864238353
CGGTCG,0.243982430270053
CGGTCT,0.225838174347391
CGGTGA,0.248358363835455
CGGTGC,0.238185463337819
CGGTGG,0.317427398001279
CGGTGT,0.239313411877944
CGGTTA,0.226960034781238
CGGTTC,0.229669018742026
CGGTTG,0.24232166528163
CGGTTT,0.221705804834038
CGTAAA,0.220658917373078
CGTAAC,0.222206629664887
CGTAAG,0.225037224637036
CGTAAT,0.222315646987232
CGTACA,0.225781847100234
CGTACC,0.224964745276741
CGTACG,0.22621226768397
CGTACT,0.221495706847612
CGTAGA,0.225926682183153
CGTAGC,0.221245147698169
CGTAGG,0.229384418875156
CGTAGT,0.225439792116591
CGTATA,0.224864070782863
CGTATC,0.223239797830473
CGTATG,0.223457595478344
CGTATT,0.221152182369507
CGTCAA,0.219384197052748
CGTCAC,0.2260755186067
CGTCAG,0.228634451113279
CGTCAT,0.221956248602651
CGTCCA,0.22101069680644
CGTCCC,0.226119763001619
CGTCCG,0.233612999198782
CGTCCT,0.226369103895531
CGTCGA,0.224420982562187
CGTCGC,0.232166812827784
CGTCGG,0.229292207180227
CGTCGT,0.224018004651347
CGTCTA,0.222291421942659
CGTCTC,0.210844281410787
CGTCTG,0.229825313788088
CGTCTT,0.219525912912982
CGTGAA,0.225516261620151
CGTGAC,0.221471461931566
CGTGAG,0.234694274219443
CGTGAT,0.224622410637264
CGTGCA,0.238610579251009
CGTGCC,0.221629043379676
CGTGCG,0.239253868944457
CGTGCT,0.226159983480174
CGTGGA,0.234602550880035
CGTGGC,0.245565495749058
CGTGGG,0.33439024868062
CGTGGT,0.232618471268112
CGTGTA,0.225689302591551
CGTGTC,0.218776615788054
CGTGTG,0.264945987967012
CGTGTT,0.22675907706663
CGTTAA,0.22400591280472
CGTTAC,0.222743526037576
CGTTAG,0.224022035234397
CGTTAT,0.223013883488193
CGTTCA,0.226658583063296
CGTTCC,0.219133108219761
CGTTCG,0.224348458521676
CGTTCT,0.220185639488384
CGTTGA,0.223679377665129
CGTTGC,0.226023227252411
CGTTGG,0.238364272424816
CGTTGT,0.225862313624953
CGTTTA,0.219959034034905
CGTTTC,0.223522119006045
CGTTTG,0.2247794963747
CGTTTT,0.218533479881083
CTAAAA,0.199896521186782
CTAAAC,0.215655938459823
CTAAAG,0.222020869072172
CTAAAT,0.213124657933443
CTAACA,0.215436434796682
CTAACC,0.217166766981917
CTAACG,0.2218714278988
CTAACT,0.218302446001255
CTAAGA,0.218869802214266
CTAAGC,0.222073370129069
CTAAGG,0.225882429244477
CTAAGT,0.220614430700055
CTAATA,0.218367303005422
CTAATC,0.218144339428716
CTAATG,0.218727993335635
CTAATT,0.199648750668876
CTACAA,0.218213260751657
CTACAC,0.224976825534939
CTACAG,0.215542127760089
CTACAT,0.215668131695151
CTACCA,0.217471093209355
CTACCC,0.211607705474935
CTACCG,0.222743526037576
CTACCT,0.209062052589098
CTACGA,0.222170287916217
CTACGC,0.22287669630459
CTACGG,0.225962887676433
CTACGT,0.222642627663743
CTACTA,0.212027952298997
CTACTC,0.212888295208624
CTACTG,0.221451257385825
CTACTT,0.215781928056008
CTAGAA,0.2176536445008
CTAGAC,0.224316223926394
CTAGAG,0.236065133368402
CTAGAT,0.21797809786895
CTAGCA,0.217369661423689
CTAGCC,0.216768974421514
CTAGCG,0.224167125405712
CTAGCT,0.225170089821903
CTAGGA,0.236829447689934
CTAGGC,0.225898521448761
CTAGGG,0.26469447410654
CTAGGT,0.233165783719723
CTAGTA,0.223231730339875
CTAGTC,0.221233022275849
CTAGTG,0.22518619349329
CTAGTT,0.217986207854535
CTATAA,0.213927059273194
CTATAC,0.220246328659367
CTATAG,0.223477759527982
CTATAT,0.218962979957577
CTATCA,0.22249327938476
CTATCC,0.218213260751657
CTATCG,0.223376935213657
CTATCT,0.216626867292504
CTATGA,0.220367695952924
CTATGC,0.221499747609805
CTATGG,0.234239562977588
CTATGT,0.223368868829343
CTATTA,0.216200424698666
CTATTC,0.223816454782863
CTATTG,0.221645204175531
CTATTT,0.21183621109221
CTCAAA,0.199396787693057
CTCAAC,0.21646849555689
CTCAAG,0.21628978963631
CTCAAT,0.215590905360336
CTCACA,0.237561367815957
CTCACC,0.199999740786674
CTCACG,0.220007596669385
CTCACT,0.194124070663806
CTCAGA,0.224860043592285
CTCAGC,0.197155242242733
CTCAGG,0.249683132555202
CTCAGT,0.217694206929238
CTCATA,0.226264549154271
CTCATC,0.20693639702803
CTCATG,0.222561901634088
CTCATT,0.201785816011482
CTCCAA,0.210881037098487
CTCCAC,0.193239111408222
CTCCAG,0.215355124914888
CTCCAT,0.204333592674299
CTCCCA,0.166707972866837
CTCCCC,0.148527068430455
CTCCCG,0.198954666444586
CTCCCT,0.169499829386504
CTCCGA,0.228630439078182
CTCCGC,0.215688453423647
CTCCGG,0.239837236873084
CTCCGT,0.215338862145144
CTCCTA,0.211170951276812
CTCCTC,0.180185765046991
CTCCTG,0.201171568069338
CTCCTT,0.192415770266625
CTCGAA,0.217462979045105
CTCGAC,0.220165408946212
CTCGAG,0.236029291797156
CTCGAT,0.219570448035826
CTCGCA,0.224598241410414
CTCGCC,0.217325028178422
CTCGCG,0.234235573367536
CTCGCT,0.218987285767163
CTCGGA,0.232506574912158
CTCGGC,0.21705312811057
CTCGGG,0.281487495271313
CTCGGT,0.22286862588413
CTCGTA,0.221487625274243
CTCGTC,0.220521406715357
CTCGTG,0.219687849308023
CTCGTT,0.222327759289453
CTCTAA,0.216448189674178
CTCTAC,0.210734006241107
CTCTAG,0.220226099344945
CTCTAT,0.217588741192858
CTCTCA,0.214008485349055
CTCTCC,0.193367957001049
CTCTCG,0.221111759965545
CTCTCT,0.210268265855557
CTCTGA,0.221701764904389
CTCTGC,0.202646776822454
CTCTGG,0.250664766026412
CTCTGT,0.197664373369486
CTCTTA,0.211579138601072
CTCTTC,0.193845787616906
CTCTTG,0.219918563371258
CTCTTT,0.203560479099525
CTGAAA,0.213694958575406
CTGAAC,0.221006654067621
CTGAAG,0.22947261341018
CTGAAT,0.215546192650985
CTGACA,0.22661034235428
CTGACC,0.202037177834635
CTGACG,0.228851077108777
CTGACT,0.223667281723159
CTGAGA,0.239861040581718
CTGAGC,0.244914413117192
CTGAGG,0.32355773727449
CTGAGT,0.238241096257838
CTGATA,0.219865949059776
CTGATC,0.217755047487104
CTGATG,0.236626483668636
CTGATT,0.220096622041291
CTGCAA,0.210488906761772
CTGCAC,0.209049778537152
CTGCAG,0.259343549031171
CTGCAT,0.221778520776958
CTGCCA,0.223070366858689
CTGCCC,0.184119690961494
CTGCCG,0.236722001280749
CTGCCT,0.177144878152647
CTGCGA,0.23272635946891
CTGCGC,0.235869980380819
CTGCGG,0.282966734500964
CTGCGT,0.232122835179481
CTGCTA,0.221370435120376
CTGCTC,0.206534513192768
CTGCTG,0.266264432922941
CTGCTT,0.216354777302542
CTGGAA,0.241961469040576
CTGGAC,0.244397190915306
CTGGAG,0.346705168856385
CTGGAT,0.241644705804303
CTGGCA,0.242934887811456
CTGGCC,0.219323455535562
CTGGCG,0.257567816947899
CTGGCT,0.243563544958837
CTGGGA,0.341665530324889
CTGGGC,0.34744289730459
CTGGGG,0.582190928429001
CTGGGT,0.333657272460794
CTGGTA,0.221136013603998
CTGGTC,0.21378861972609
CTGGTG,0.304324041790315
CTGGTT,0.227719290314357
CTGTAA,0.201072593512826
CTGTAC,0.219246510983553
CTGTAG,0.224380692077921
CTGTAT,0.216232921963646
CTGTCA,0.223518086407533
CTGTCC,0.20686669406268
CTGTCG,0.231550949684798
CTGTCT,0.208116509504383
CTGTGA,0.232898157391775
CTGTGC,0.219299157895581
CTGTGG,0.341027511317193
CTGTGT,0.244795988899472
CTGTTA,0.217093714904232
CTGTTC,0.205414127262341
CTGTTG,0.233385423456208
CTGTTT,0.207825708317345
CTTAAA,0.206378637219711
CTTAAC,0.216712133993219
CTTAAG,0.217925381359396
CTTAAT,0.216249170200117
CTTACA,0.220917709678405
CTTACC,0.217426464491189
CTTACG,0.22237620703131
CTTACT,0.213173553591827
CTTAGA,0.222892836950117
CTTAGC,0.222396392897692
CTTAGG,0.229532741588354
CTTAGT,0.221968365258769
CTTATA,0.220412193603466
CTTATC,0.220201823627449
CTTATG,0.221495706847612
CTTATT,0.211917807588788
CTTCAA,0.216224797746407
CTTCAC,0.21513148864445
CTTCAG,0.216679652297842
CTTCAT,0.213360964804125
CTTCCA,0.195605558177649
CTTCCC,0.185402432681072
CTTCCG,0.21701659858779
CTTCCT,0.187712244988824
CTTCGA,0.223078435651185
CTTCGC,0.218578059223008
CTTCGG,0.227305587612189
CTTCGT,0.218918417772246
CTTCTA,0.214854923731814
CTTCTC,0.205130753958383
CTTCTG,0.212884219499272
CTTCTT,0.208046888750717
CTTGAA,0.203058457759489
CTTGAC,0.216712133993219
CTTGAG,0.227317639625649
CTTGAT,0.217483264332283
CTTGCA,0.216521288922322
CTTGCC,0.216667471390062
CTTGCG,0.22744216859355
CTTGCT,0.215407977090083
CTTGGA,0.251088533813287
CTTGGC,0.227217201741647
CTTGGG,0.304346358937875
CTTGGT,0.236487170794537
CTTGTA,0.215765672225841
CTTGTC,0.216655290333907
CTTGTG,0.230057707405482
CTTGTT,0.213479097302413
CTTTAA,0.207034792943916
CTTTAC,0.216257294219352
CTTTAG,0.21889411028869
CTTTAT,0.208922937844735
CTTTCA,0.21130158934938
CTTTCC,0.212097296448583
CTTTCG,0.221386600096054
CTTTCT,0.190241888622771
CTTTGA,0.2133120783087
CTTTGC,0.216963831365637
CTTTGG,0.229576833288009
CTTTGT,0.219157409894644
CTTTTA,0.203947110599985
CTTTTC,0.196161068692028
CTTTTG,0.215627486999199
CTTTTT,0.176206706795598
GAAAAA,0.19482151466782
GAAAAC,0.212109533152302
GAAAAG,0.220339378235251
GAAAAT,0.208963855955009
GAAACA,0.220436464214679
GAAACC,0.211273013729273
GAAACG,0.229127808719329
GAAACT,0.217519776812275
GAAAGA,0.226658583063296
GAAAGC,0.228185003097249
GAAAGG,0.303144243648958
GAAAGT,0.224944611188777
GAAATA,0.211081127701106
GAAATC,0.216850169429264
GAAATG,0.225818057837624
GAAATT,0.212040189851285
GAACAA,0.222428689436392
GAACAC,0.222961431787323
GAACAG,0.24794524321789
GAACAT,0.2330499542497
GAACCA,0.224316223926394
GAACCC,0.218618584173025
GAACCG,0.234127847879065
GAACCT,0.218464580625295
GAACGA,0.22511372492975
GAACGC,0.226630442932519
GAACGG,0.240753270875661
GAACGT,0.228810964723956
GAACTA,0.221277481438913
GAACTC,0.212655953259682
GAACTG,0.239734080920932
GAACTT,0.215631551543134
GAAGAA,0.224267870085134
GAAGAC,0.228927286207417
GAAGAG,0.297149359157859
GAAGAT,0.226988165638916
GAAGCA,0.23832453983513
GAAGCC,0.250193702216465
GAAGCG,0.246937299921369
GAAGCT,0.246247691092867
GAAGGA,0.318194373153587
GAAGGC,0.2804175817038
GAAGGG,0.425450511940144
GAAGGT,0.277430239199227
GAAGTA,0.231010757499087
GAAGTC,0.232406656869995
GAAGTG,0.272811515575155
GAAGTT,0.220246328659367
GAATAA,0.211464862944256
GAATAC,0.224146975251832
GAATAG,0.231134827443496
GAATAT,0.220412193603466
GAATCA,0.216427883379129
GAATCC,0.223441463945885
GAATCG,0.224086522353904
GAATCT,0.21883333899469
GAATGA,0.223017918120462
GAATGC,0.226927884260582
GAATGG,0.274732830020037
GAATGT,0.229163898501636
GAATTA,0.215485217552524
GAATTC,0.220881321057076
GAATTG,0.22417921530315
GAATTT,0.210795271725566
GACAAA,0.216947594737095
GACAAC,0.222614374294631
GACAAG,0.229071666468969
GACAAT,0.21997522184177
GACACA,0.272454457814171
GACACC,0.229252112486638
GACACG,0.2292120161854
GACACT,0.223449529744643
GACAGA,0.241414989698571
GACAGC,0.237958925919383
GACAGG,0.288601223324172
GACAGT,0.230241981190509
GACATA,0.232878182405481
GACATC,0.222000675624016
GACATG,0.237255140335214
GACATT,0.219801189183651
GACCAA,0.223643089400274
GACCAC,0.221713884644373
GACCAG,0.235029192352793
GACCAT,0.221742163466449
GACCCA,0.232242769665237
GACCCC,0.220893450744645
GACCCG,0.239170502880919
GACCCT,0.234762064324258
GACCGA,0.233832540741717
GACCGC,0.235766414348445
GACCGG,0.258128915175195
GACCGT,0.233672878945211
GACCTA,0.222775811367203
GACCTC,0.211493433082757
GACCTG,0.263583186756731
GACCTT,0.228329490561872
GACGAA,0.224275929221046
GACGAC,0.224614354293219
GACGAG,0.247925566549846
GACGAT,0.226232376265253
GACGCA,0.226457564754419
GACGCC,0.229276169495701
GACGCG,0.234391156366291
GACGCT,0.218253800487511
GACGGA,0.244156255671019
GACGGC,0.243603069937707
GACGGG,0.313119220051512
GACGGT,0.234825862578157
GACGTA,0.221766401820327
GACGTC,0.230125812542714
GACGTG,0.234833837073715
GACGTT,0.220905580285087
GACTAA,0.219679753111046
GACTAC,0.215395780682197
GACTAG,0.229853364159504
GACTAT,0.220064250095774
GACTCA,0.22650581283392
GACTCC,0.222198553834874
GACTCG,0.242084187825755
GACTCT,0.224678803228317
GACTGA,0.234347276432816
GACTGC,0.229693065723783
GACTGG,0.290812982634386
GACTGT,0.233992177050403
GACTTA,0.226887694656129
GACTTC,0.220254420270555
GACTTG,0.238372218753315
GACTTT,0.216224797746407
GAGAAA,0.229111768397994
GAGAAC,0.233401395373562
GAGAAG,0.287111380989514
GAGAAT,0.217531947342687
GAGACA,0.249376665584514
GAGACC,0.241066354116046
GAGACG,0.241121826998779
GAGACT,0.238721794709315
GAGAGA,0.30264138303736
GAGAGC,0.289107415571644
GAGAGG,0.448751115604937
GAGAGT,0.257579509706046
GAGATA,0.228361596052443
GAGATC,0.224622410637264
GAGATG,0.2570025039074
GAGATT,0.224755330944239
GAGCAA,0.228213099517099
GAGCAC,0.253419965911602
GAGCAG,0.336960443196783
GAGCAT,0.240935584429948
GAGCCA,0.233732755106271
GAGCCC,0.260478986787168
GAGCCG,0.297085669200637
GAGCCT,0.264648033860319
GAGCGA,0.2476539889855
GAGCGC,0.272454457814171
GAGCGG,0.348062596133076
GAGCGT,0.240721560777351
GAGCTA,0.234538738377193
GAGCTC,0.236315988404259
GAGCTG,0.325424133330614
GAGCTT,0.233341499368071
GAGGAA,0.32588290812264
GAGGAC,0.28065755513613
GAGGAG,0.565962530535407
GAGGAT,0.272343091141121
GAGGCA,0.292846800725502
GAGGCC,0.317765086339265
GAGGCG,0.351613109433294
GAGGCT,0.302589220055113
GAGGGA,0.585947629775922
GAGGGC,0.444928888644257
GAGGGG,0.747756835854587
GAGGGT,0.449626396048177
GAGGTA,0.256226139862079
GAGGTC,0.268792063934561
GAGGTG,0.466394348914841
GAGGTT,0.258222400945452
GAGTAA,0.230822622088346
GAGTAC,0.219979268752542
GAGTAG,0.241173334777505
GAGTAT,0.223510021161722
GAGTCA,0.236188577837407
GAGTCC,0.242539303418707
GAGTCG,0.245778485301974
GAGTCT,0.240436124634606
GAGTGA,0.268553080826156
GAGTGC,0.24236915400609
GAGTGG,0.397217452976428
GAGTGT,0.260374051755851
GAGTTA,0.222856520131318
GAGTTC,0.222129906646417
GAGTTG,0.262307750862246
GAGTTT,0.223001779493716
GATAAA,0.21926271032862
GATAAC,0.223852736757249
GATAAG,0.224996958974313
GATAAT,0.223142983647464
GATACA,0.23230273151444
GATACC,0.222327759289453
GATACG,0.225576628150562
GATACT,0.224787551388419
GATAGA,0.234399134329151
GATAGC,0.226067473960939
GATAGG,0.248228544316554
GATAGT,0.22797626211851
GATATA,0.224187275153572
GATATC,0.224457242610137
GATATG,0.226517874490074
GATATT,0.219351802036058
GATCAA,0.221043038128624
GATCAC,0.217138358474726
GATCAG,0.231298896311531
GATCAT,0.220124946634002
GATCCA,0.223514053792758
GATCCC,0.220962182861901
GATCCG,0.224574071599398
GATCCT,0.214423655234436
GATCGA,0.22172600423747
GATCGC,0.219999503060743
GATCGG,0.241664506446459
GATCGT,0.224356517008144
GATCTA,0.226381167200724
GATCTC,0.215838821380701
GATCTG,0.24154173614452
GATCTT,0.218492951482002
GATGAA,0.233401395373562
GATGAC,0.219724281383278
GATGAG,0.268607049746259
GATGAT,0.236781695155566
GATGCA,0.240233891394352
GATGCC,0.23022595873105
GATGCG,0.234494864919271
GATGCT,0.231546949333774
GATGGA,0.329828409259875
GATGGC,0.265974601441421
GATGGG,0.411814505380209
GATGGT,0.257380714221158
GATGTA,0.226244441219935
GATGTC,0.22749840239959
GATGTG,0.26791294151706
GATGTT,0.226996202881477
GATTAA,0.218950826831241
GATTAC,0.199508320120154
GATTAG,0.229099737988143
GATTAT,0.217353431383176
GATTCA,0.222049139214546
GATTCC,0.225097620091301
GATTCG,0.226891713689259
GATTCT,0.216813632491612
GATTGA,0.225978978586026
GATTGC,0.225347215945718
GATTGG,0.256343218258472
GATTGT,0.227843769278268
GATTTA,0.219048047706623
GATTTC,0.217450807675278
GATTTG,0.243788816415274
GATTTT,0.204165039072181
GCAAAA,0.211003546301323
GCAAAC,0.217422407236227
GCAAAG,0.238117904916623
GCAAAT,0.214858991417074
GCAACA,0.212346079997357
GCAACC,0.213690886152461
GCAACG,0.224839907396117
GCAACT,0.221034952896136
GCAAGA,0.216021670861532
GCAAGC,0.236992584979289
GCAAGG,0.265464293920052
GCAAGT,0.219432787610174
GCAATA,0.223731791723018
GCAATC,0.215420173349218
GCAATG,0.221806797771286
GCAATT,0.216687772820599
GCACAA,0.22235602075745
GCACAC,0.325205595145609
GCACAG,0.25596461527509
GCACAT,0.249855969933824
GCACCA,0.219724281383278
GCACCC,0.218861699391482
GCACCG,0.233940298045277
GCACCT,0.224755330944239
GCACGA,0.22296546663122
GCACGC,0.234087946604846
GCACGG,0.244614377856297
GCACGT,0.230065720015315
GCACTA,0.224743248010017
GCACTC,0.213104284036814
GCACTG,0.247807498410296
GCACTT,0.213882272105184
GCAGAA,0.220420283872655
GCAGAC,0.233824558257295
GCAGAG,0.322699922911086
GCAGAT,0.233672878945211
GCAGCA,0.249301999145849
GCAGCC,0.248916788952731
GCAGCG,0.266040303939955
GCAGCT,0.258748095622153
GCAGGA,0.311495624804266
GCAGGC,0.295188096733659
GCAGGG,0.476051802262269
GCAGGT,0.299405859651842
GCAGTA,0.229865385506393
GCAGTC,0.230109788221824
GCAGTG,0.267013740921308
GCAGTT,0.224090552660798
GCATAA,0.222214705429681
GCATAC,0.238288779154593
GCATAG,0.228429816797646
GCATAT,0.231510945454404
GCATCA,0.221107717635279
GCATCC,0.221006654067621
GCATCG,0.225149959867982
GCATCT,0.226340955617479
GCATGA,0.225158011898176
GCATGC,0.245746934156501
GCATGG,0.263397206248088
GCATGT,0.239710274189959
GCATTA,0.220023783690153
GCATTC,0.221253231231368
GCATTG,0.232746337488067
GCATTT,0.221358311217134
GCCAAA,0.214301564336266
GCCAAC,0.214928139535064
GCCAAG,0.229123798663116
GCCAAT,0.215708774739178
GCCACA,0.232722363817184
GCCACC,0.197329121041623
GCCACG,0.227759446511873
GCCACT,0.21029278391601
GCCAGA,0.241807059497389
GCCAGC,0.230157860414178
GCCAGG,0.318267737075025
GCCAGT,0.228221126920636
GCCATA,0.222420615399504
GCCATC,0.220416238746242
GCCATG,0.240562995201092
GCCATT,0.215525868031269
GCCCAA,0.225395517625875
GCCCAC,0.205771309620281
GCCCAG,0.239789627755898
GCCCAT,0.226272592214794
GCCCCA,0.210578783546243
GCCCCC,0.192752673581948
GCCCCG,0.229757188181575
GCCCCT,0.225033198143722
GCCCGA,0.231846931261673
GCCCGC,0.213018709137841
GCCCGG,0.296253580712512
GCCCGT,0.229248102928861
GCCCTA,0.225194245231737
GCCCTC,0.204769233772894
GCCCTG,0.270020768490358
GCCCTT,0.213947416413749
GCCGAA,0.2298413426681
GCCGAC,0.222166249862615
GCCGAG,0.270540298874718
GCCGAT,0.225733564077286
GCCGCA,0.242855783450877
GCCGCC,0.254784953272275
GCCGCG,0.294027529138201
GCCGCT,0.240582817273189
GCCGGA,0.268017088470287
GCCGGC,0.265301868718301
GCCGGG,0.43919239248978
GCCGGT,0.24293093274204
GCCGTA,0.225202296905353
GCCGTC,0.230778585284645
GCCGTG,0.257774368882876
GCCGTT,0.230346120919933
GCCTAA,0.217677982155299
GCCTAC,0.21611511435316
GCCTAG,0.234506830598694
GCCTAT,0.222973536270175
GCCTCA,0.215180286278312
GCCTCC,0.170040250187676
GCCTCG,0.232962074666771
GCCTCT,0.214330053545811
GCCTGA,0.245940169300085
GCCTGC,0.226513853954187
GCCTGG,0.352637888381949
GCCTGT,0.23067449058455
GCCTTA,0.220493093350149
GCCTTC,0.221075378404881
GCCTTG,0.248224610128639
GCCTTT,0.217909160335807
GCGAAA,0.223820486178358
GCGAAC,0.224255781259483
GCGAAG,0.238479488008279
GCGAAT,0.224851989162474
GCGACA,0.218132176349204
GCGACC,0.228140849985353
GCGACG,0.232934111361657
GCGACT,0.22560882214347
GCGAGA,0.236511054379937
GCGAGC,0.265205174523664
GCGAGG,0.321260061862976
GCGAGT,0.236706082312301
GCGATA,0.223171222085738
GCGATC,0.22166136471022
GCGATG,0.237911227291301
GCGATT,0.219845712048993
GCGCAA,0.223667281723159
GCGCAC,0.236288118729863
GCGCAG,0.246038744275533
GCGCAT,0.221338104385082
GCGCCA,0.223042125572237
GCGCCC,0.235240452046491
GCGCCG,0.285475293157689
GCGCCT,0.232446625284902
GCGCGA,0.236304044353197
GCGCGC,0.278427011942442
GCGCGG,0.344542307954845
GCGCGT,0.234754089256325
GCGCTA,0.22620824591919
GCGCTC,0.22101069680644
GCGCTG,0.267511681497923
GCGCTT,0.222481169087216
GCGGAA,0.246846692757415
GCGGAC,0.238157645717134
GCGGAG,0.363442075839467
GCGGAT,0.234562668542953
GCGGCA,0.246153079074891
GCGGCC,0.302924506043937
GCGGCG,0.403205867923166
GCGGCT,0.27345236397199
GCGGGA,0.388409869821237
GCGGGC,0.387989171546215
GCGGGG,0.660244116754145
GCGGGT,0.333520005371741
GCGGTA,0.228911242669288
GCGGTC,0.237422185131454
GCGGTG,0.3184657927827
GCGGTT,0.239872942223557
GCGTAA,0.223618896492107
GCGTAC,0.224251751618457
GCGTAG,0.227257378105788
GCGTAT,0.222860555398539
GCGTCA,0.223054229078378
GCGTCC,0.232942100957194
GCGTCG,0.231894920020246
GCGTCT,0.231342910208862
GCGTGA,0.23036214145423
GCGTGC,0.238292752626694
GCGTGG,0.300164366558922
GCGTGT,0.256331511035644
GCGTTA,0.223957543956034
GCGTTC,0.22618411499084
GCGTTG,0.234913578531898
GCGTTT,0.227229254820375
GCTAAA,0.217779382673849
GCTAAC,0.218744201082459
GCTAAG,0.227273448199496
GCTAAT,0.204518557833021
GCTACA,0.228120779744556
GCTACC,0.219501620191799
GCTACG,0.22465866338229
GCTACT,0.209798220148434
GCTAGA,0.230658475053512
GCTAGC,0.229901448680008
GCTAGG,0.259277405047948
GCTAGT,0.22641333530314
GCTATA,0.220379831872168
GCTATC,0.223066332438026
GCTATG,0.236447363551214
GCTATT,0.219991409386594
GCTCAA,0.217540060947339
GCTCAC,0.199033188230558
GCTCAG,0.244918360349597
GCTCAT,0.217686094575174
GCTCCA,0.223768076769221
GCTCCC,0.197424327573754
GCTCCG,0.245135434141164
GCTCCT,0.229757188181575
GCTCGA,0.231038774638533
GCTCGC,0.234454978287104
GCTCGG,0.268036373752866
GCTCGT,0.221321938625447
GCTCTA,0.220873234516957
GCTCTC,0.224420982562187
GCTCTG,0.238471542532135
GCTCTT,0.210349990386094
GCTGAA,0.228124793824941
GCTGAC,0.229709096723706
GCTGAG,0.289783198250192
GCTGAT,0.229813291959471
GCTGCA,0.264876344308053
GCTGCC,0.229592866151347
GCTGCG,0.283593514998585
GCTGCT,0.254354929074959
GCTGGA,0.314441976134491
GCTGGC,0.286763179134432
GCTGGG,0.544177898537502
GCTGGT,0.263013512175995
GCTGTA,0.227831723604101
GCTGTC,0.231698951423873
GCTGTG,0.321135712667583
GCTGTT,0.223219628981944
GCTTAA,0.217126183153157
GCTTAC,0.223187357978166
GCTTAG,0.230165872221568
GCTTAT,0.221515910495301
GCTTCA,0.22518619349329
GCTTCC,0.220569942047879
GCTTCG,0.23207485735729
GCTTCT,0.225636991037075
GCTTGA,0.22749840239959
GCTTGC,0.225512237055219
GCTTGG,0.293448619976558
GCTTGT,0.226015182185972
GCTTTA,0.218018647139173
GCTTTC,0.219485424716485
GCTTTG,0.240003850935801
GCTTTT,0.206103744066438
GGAAAA,0.225838174347391
GGAAAC,0.23683740622397
GGAAAG,0.311056062836052
GGAAAT,0.231722949641971
GGAACA,0.257259858435517
GGAACC,0.243614927126741
GGAACG,0.245391915158536
GGAACT,0.238336459777798
GGAAGA,0.302056256554251
GGAAGC,0.290051119683465
GGAAGG,0.498775895504652
GGAAGT,0.281894599337351
GGAATA,0.232258759843247
GGAATC,0.234534749960558
GGAATG,0.272976563706739
GGAATT,0.230530341570468
GGACAA,0.230710524591595
GGACAC,0.258635191921507
GGACAG,0.299110521575624
GGACAT,0.234099917154284
GGACCA,0.246078171545106
GGACCC,0.265800662222838
GGACCG,0.270763421656574
GGACCT,0.271328699617181
GGACGA,0.243919213541199
GGACGC,0.235367983464167
GGACGG,0.318704141157618
GGACGT,0.242879515416095
GGACTA,0.222049139214546
GGACTC,0.256620249200254
GGACTG,0.290733806089374
GGACTT,0.23963885059629
GGAGAA,0.281807104969272
GGAGAC,0.300940959598454
GGAGAG,0.479516768420164
GGAGAT,0.267585000638465
GGAGCA,0.328656557068208
GGAGCC,0.350015339227137
GGAGCG,0.359504054118401
GGAGCT,0.322922660341023
GGAGGA,0.59384786865987
GGAGGC,0.457041894942241
GGAGGG,0.940876819443985
GGAGGT,0.457517504689718
GGAGTA,0.243701875550693
GGAGTC,0.277598347160995
GGAGTG,0.380982357317659
GGAGTT,0.256557826390638
GGATAA,0.230646463236904
GGATAC,0.230806608929556
GGATAG,0.25615978935241
GGATAT,0.232502578382151
GGATCA,0.230121806486565
GGATCC,0.243899457493839
GGATCG,0.240507491308823
GGATCT,0.246842753129268
GGATGA,0.28039091443398
GGATGC,0.263652920531028
GGATGG,0.462232616414484
GGATGT,0.270059261480134
GGATTA,0.207592186996931
GGATTC,0.233485243754653
GGATTG,0.258175659152772
GGATTT,0.243535876544075
GGCAAA,0.228421791069179
GGCAAC,0.21957449658501
GGCAAG,0.261341368708005
GGCAAT,0.225922659269649
GGCACA,0.261255940627233
GGCACC,0.242519520090689
GGCACG,0.245174897041177
GGCACT,0.234454978287104
GGCAGA,0.295270674802124
GGCAGC,0.318054966872975
GGCAGG,0.482453201815923
GGCAGT,0.285623105499562
GGCATA,0.229047604539613
GGCATC,0.230546359153747
GGCATG,0.252871882465687
GGCATT,0.23972217762629
GGCCAA,0.220007596669385
GGCCAC,0.238761511518484
GGCCAG,0.31297910441459
GGCCAT,0.237438092704455
GGCCCA,0.250660841411403
GGCCCC,0.245612830681365
GGCCCG,0.291125857164162
GGCCCT,0.252523301741863
GGCCGA,0.266109866586482
GGCCGC,0.298119193047873
GGCCGG,0.412549142573597
GGCCGT,0.262517204544966
GGCCTA,0.230394181752871
GGCCTC,0.248385899142688
GGCCTG,0.369461335391554
GGCCTT,0.246283168291944
GGCGAA,0.236769756665668
GGCGAC,0.233445316830958
GGCGAG,0.316545934771612
GGCGAT,0.238086111139056
GGCGCA,0.236240340338049
GGCGCC,0.28181090923142
GGCGCG,0.324520532736464
GGCGCT,0.251672881784753
GGCGGA,0.33264177267832
GGCGGC,0.433893435588286
GGCGGG,0.707872279318073
GGCGGT,0.307729080173782
GGCGTA,0.226533956471974
GGCGTC,0.241387261771957
GGCGTG,0.293523821923092
GGCGTT,0.236964734155303
GGCTAA,0.219465180003484
GGCTAC,0.22667064287694
GGCTAG,0.255952903619007
GGCTAT,0.236419497538011
GGCTCA,0.222904942263297
GGCTCC,0.247023959962083
GGCTCG,0.271624670119892
GGCTCT,0.254397939817081
GGCTGA,0.280501388493844
GGCTGC,0.334289180448105
GGCTGG,0.526460897159936
GGCTGT,0.303460729909033
GGCTTA,0.230073732560947
GGCTTC,0.247835048889747
GGCTTG,0.291269068263258
GGCTTT,0.242531390134465
GGGAAA,0.300429521408444
GGGAAC,0.273233677447766
GGGAAG,0.499571767876369
GGGAAT,0.285903509899097
GGGACA,0.312005127101476
GGGACC,0.333631987833811
GGGACG,0.324243459350034
GGGACT,0.305844188316078
GGGAGA,0.453363451192894
GGGAGC,0.469732116090681
GGGAGG,1
GGGAGT,0.383947620227301
GGGATA,0.248303290946306
GGGATC,0.271939763200599
GGGATG,0.417171633155957
GGGATT,0.247968854708487
GGGCAA,0.254945187722746
GGGCAC,0.277357638387457
GGGCAG,0.501014965633287
GGGCAT,0.281281977939271
GGGCCA,0.301355144793564
GGGCCC,0.332128209468132
GGGCCG,0.423633181544221
GGGCCT,0.358754038403863
GGGCGA,0.294159052676343
GGGCGC,0.356991224887812
GGGCGG,0.705489321432671
GGGCGT,0.285175811444034
GGGCTA,0.253709545853539
GGGCTC,0.316604723165711
GGGCTG,0.564148428517101
GGGCTT,0.310571951763489
GGGGAA,0.433553553600452
GGGGAC,0.405981740237278
GGGGAG,0.84303911330883
GGGGAT,0.367036318335696
GGGGCA,0.425621850006218
GGGGCC,0.483122200017288
GGGGCG,0.628277827236971
GGGGCT,0.501155504941499
GGGGGA,0.634981063788544
GGGGGC,0.6450555955993
GGGGGG,0.76366999569798
GGGGGT,0.667410008702812
GGGGTA,0.301340222180159
GGGGTC,0.417586876839905
GGGGTG,0.819766780862222
GGGGTT,0.393168858439422
GGGTAA,0.243907359959619
GGGTAC,0.25998141934301
GGGTAG,0.328507709761189
GGGTAT,0.250040558687768
GGGTCA,0.289979429432582
GGGTCC,0.327548747329836
GGGTCG,0.330901100250348
GGGTCT,0.316189456124993
GGGTGA,0.381915539921897
GGGTGC,0.383614380865374
GGGTGG,0.964128747261773
GGGTGT,0.404899225496783
GGGTTA,0.249262698780824
GGGTTC,0.272949697262509
GGGTTG,0.419498094976507
GGGTTT,0.273364127796423
GGTAAA,0.227767477557877
GGTAAC,0.222993710082671
GGTAAG,0.240574888491499
GGTAAT,0.225713445462994
GGTACA,0.240396474281386
GGTACC,0.239904679242639
GGTACG,0.232090850220452
GGTACT,0.228991457786103
GGTAGA,0.253599984926339
GGTAGC,0.246645751930408
GGTAGG,0.305312957234348
GGTAGT,0.248496032790314
GGTATA,0.224771441296098
GGTATC,0.231366916972734
GGTATG,0.242911157160313
GGTATT,0.228782885097194
GGTCAA,0.224078461691385
GGTCAC,0.233137826110487
GGTCAG,0.285911087305251
GGTCAT,0.236857302281961
GGTCCA,0.244898624031765
GGTCCC,0.266276024435137
GGTCCG,0.263556066753417
GGTCCT,0.255663972674102
GGTCGA,0.237076132797536
GGTCGC,0.25117875746736
GGTCGG,0.333480266644886
GGTCGT,0.23949598810314
GGTCTA,0.233293579980522
GGTCTC,0.227779524005952
GGTCTG,0.314390425104437
GGTCTT,0.240876138009942
GGTGAA,0.247555573112066
GGTGAC,0.273110885101872
GGTGAG,0.395256339138666
GGTGAT,0.260125272872945
GGTGCA,0.28470555793288
GGTGCC,0.270828810280087
GGTGCG,0.296489784302972
GGTGCT,0.288174160478384
GGTGGA,0.44799750345536
GGTGGC,0.387913906037569
GGTGGG,0.965162699492274
GGTGGT,0.46336906471826
GGTGTA,0.240963324883293
GGTGTC,0.273609635238896
GGTGTG,0.412642603149564
GGTGTT,0.271228741738911
GGTTAA,0.226373125013431
GGTTAC,0.227281483149508
GGTTAG,0.252084465620902
GGTTAT,0.22685152263107
GGTTCA,0.218144339428716
GGTTCC,0.245427422730601
GGTTCG,0.246988509034953
GGTTCT,0.251206215224666
GGTTGA,0.258043212207629
GGTTGC,0.24121691621047
GGTTGG,0.442430914221322
GGTTGT,0.269135020526697
GGTTTA,0.224771441296098
GGTTTC,0.21690700201233
GGTTTG,0.277602167468071
GGTTTT,0.2322187839188
GTAAAA,0.208972039376153
GTAAAC,0.221099632925725
GTAAAG,0.2238890174153
GTAAAT,0.214232372876705
GTAACA,0.218829287443775
GTAACC,0.21843620896366
GTAACG,0.223864830456187
GTAACT,0.222973536270175
GTAAGA,0.225000985613545
GTAAGC,0.223880955160596
GTAAGG,0.238662216537734
GTAAGT,0.225568579490386
GTAATA,0.219270809902748
GTAATC,0.205208792300289
GTAATG,0.226927884260582
GTAATT,0.210117057864561
GTACAA,0.21870773328269
GTACAC,0.236674243615144
GTACAG,0.23835235281367
GTACAT,0.228666546814592
GTACCA,0.223929327713847
GTACCC,0.225073462347306
GTACCG,0.224972798798421
GTACCT,0.227510452089481
GTACGA,0.224106673725944
GTACGC,0.224549901204189
GTACGG,0.231202859265307
GTACGT,0.22576977656305
GTACTA,0.220396012868727
GTACTC,0.222553828672693
GTACTG,0.228770850730067
GTACTT,0.217905105038797
GTAGAA,0.221123886858301
GTAGAC,0.228152891936483
GTAGAG,0.239825334806282
GTAGAT,0.232742341916165
GTAGCA,0.233513191652745
GTAGCC,0.222327759289453
GTAGCG,0.237537509302938
GTAGCT,0.211783169798865
GTAGGA,0.250900214744591
GTAGGC,0.235383923747856
GTAGGG,0.304907843222518
GTAGGT,0.248688737492063
GTAGTA,0.226031272254128
GTAGTC,0.223155085932938
GTAGTG,0.246984569965471
GTAGTT,0.224622410637264
GTATAA,0.218371356428519
GTATAC,0.227016295705271
GTATAG,0.227610860525835
GTATAT,0.221705804834038
GTATCA,0.220064250095774
GTATCC,0.218606426860458
GTATCG,0.230121806486565
GTATCT,0.220096622041291
GTATGA,0.218553743464684
GTATGC,0.223441463945885
GTATGG,0.243385663218853
GTATGT,0.228983436563966
GTATTA,0.222529609397464
GTATTC,0.217251987661554
GTATTG,0.222816166563499
GTATTT,0.198305592451344
GTCAAA,0.215855076021822
GTCAAC,0.217256045608008
GTCAAG,0.225395517625875
GTCAAT,0.222388318600035
GTCACA,0.235622997517099
GTCACC,0.222057216251291
GTCACG,0.224711026138308
GTCACT,0.219359900888616
GTCAGA,0.238471542532135
GTCAGC,0.236817509770119
GTCAGG,0.289311331080244
GTCAGT,0.23432334111207
GTCATA,0.225041251114136
GTCATC,0.219084503098211
GTCATG,0.238789312346364
GTCATT,0.223247865255987
GTCCAA,0.221701764904389
GTCCAC,0.219736425113414
GTCCAG,0.250158363483715
GTCCAT,0.227671100748714
GTCCCA,0.223639057289558
GTCCCC,0.225773800091633
GTCCCG,0.248960034225366
GTCCCT,0.229260131553964
GTCCGA,0.233365458200773
GTCCGC,0.236427459335305
GTCCGG,0.260311862837159
GTCCGT,0.229829321032178
GTCCTA,0.223764045162437
GTCCTC,0.210235574173159
GTCCTG,0.258907696347961
GTCCTT,0.223009848839646
GTCGAA,0.224364575429674
GTCGAC,0.225194245231737
GTCGAG,0.23945233160345
GTCGAT,0.22213798303083
GTCGCA,0.230758567914601
GTCGCC,0.227301570242091
GTCGCG,0.243962675471578
GTCGCT,0.232674414751141
GTCGGA,0.24127238074195
GTCGGC,0.239884843723748
GTCGGG,0.333621151369394
GTCGGT,0.243994282961819
GTCGTA,0.223546314255626
GTCGTC,0.224666719369374
GTCGTG,0.236268211344027
GTCGTT,0.227410033570261
GTCTAA,0.218152448066202
GTCTAC,0.226365082761462
GTCTAG,0.230153854486412
GTCTAT,0.221131971371772
GTCTCA,0.214159106112747
GTCTCC,0.214773566551751
GTCTCG,0.22159672100443
GTCTCT,0.205147183589095
GTCTGA,0.255843588214098
GTCTGC,0.233321533235652
GTCTGG,0.294256744679233
GTCTGT,0.245289330645354
GTCTTA,0.220201823627449
GTCTTC,0.214818313819884
GTCTTG,0.229969564459732
GTCTTT,0.219076402014931
GTGAAA,0.213886343748801
GTGAAC,0.225476015241939
GTGAAG,0.26116662164811
GTGAAT,0.219335604134166
GTGACA,0.2331138618233
GTGACC,0.234570645137618
GTGACG,0.234423067835852
GTGACT,0.235411818632916
GTGAGA,0.254644238435989
GTGAGC,0.24102672874427
GTGAGG,0.390694963931752
GTGAGT,0.264272562672764
GTGATA,0.226968072249896
GTGATC,0.212268596676101
GTGATG,0.267422919555831
GTGATT,0.221471461931566
GTGCAA,0.224324282672628
GTGCAC,0.261205456967132
GTGCAG,0.285642054219799
GTGCAT,0.232042870863631
GTGCCA,0.226461585516624
GTGCCC,0.231462938265389
GTGCCG,0.243385663218853
GTGCCT,0.23585404784319
GTGCGA,0.232182804220394
GTGCGC,0.247303584331486
GTGCGG,0.300657274367164
GTGCGT,0.242440382864587
GTGCTA,0.228586305629725
GTGCTC,0.237859551209962
GTGCTG,0.276795759155036
GTGCTT,0.220084482684527
GTGGAA,0.274805621638396
GTGGAC,0.252668232081093
GTGGAG,0.4241117466825
GTGGAT,0.291585567408161
GTGGCA,0.281829930325073
GTGGCC,0.28346059438375
GTGGCG,0.302100991683786
GTGGCT,0.279373217330163
GTGGGA,0.500749109013153
GTGGGC,0.422576226653592
GTGGGG,0.87144547270152
GTGGGT,0.511791201729945
GTGGTA,0.24943167939316
GTGGTC,0.269739724767597
GTGGTG,0.450632665018283
GTGGTT,0.271897500382111
GTGTAA,0.220679137933871
GTGTAC,0.229424508264419
GTGTAG,0.244582789959933
GTGTAT,0.223340635971831
GTGTCA,0.237652820176291
GTGTCC,0.239940382185182
GTGTCG,0.24051938525937
GTGTCT,0.233469273176474
GTGTGA,0.250656916780993
GTGTGC,0.265850914438164
GTGTGG,0.44011179667075
GTGTGT,0.373238907743506
GTGTTA,0.221806797771286
GTGTTC,0.222198553834874
GTGTTG,0.263978280529506
GTGTTT,0.246700916178197
GTTAAA,0.213344669571192
GTTAAC,0.221390641299144
GTTAAG,0.225262682391128
GTTAAT,0.214488764285665
GTTACA,0.223820486178358
GTTACC,0.223159119995548
GTTACG,0.22250942622002
GTTACT,0.216837990598374
GTTAGA,0.225741611409671
GTTAGC,0.225568579490386
GTTAGG,0.244156255671019
GTTAGT,0.227968232749096
GTTATA,0.217548174486161
GTTATC,0.222133944846777
GTTATG,0.227397982670289
GTTATT,0.217884828307061
GTTCAA,0.2067805836913
GTTCAC,0.22511372492975
GTTCAG,0.229837335472184
GTTCAT,0.215013551197596
GTTCCA,0.219493522486929
GTTCCC,0.22167348493985
GTTCCG,0.230618435103705
GTTCCT,0.218444315234837
GTTCGA,0.219869996412788
GTTCGC,0.229773218153592
GTTCGG,0.242171269441196
GTTCGT,0.224312194528923
GTTCTA,0.227675116634549
GTTCTC,0.217089656298993
GTTCTG,0.248794905848973
GTTCTT,0.214391099119057
GTTGAA,0.227345760425536
GTTGAC,0.21870773328269
GTTGAG,0.252695648971769
GTTGAT,0.227088626528298
GTTGCA,0.216135427000318
GTTGCC,0.226811329957494
GTTGCG,0.24145856060137
GTTGCT,0.222384281426759
GTTGGA,0.273594292789452
GTTGGC,0.243567497527025
GTTGGG,0.439182641626383
GTTGGT,0.264284177296624
GTTGTA,0.220509272514143
GTTGTC,0.224932530541413
GTTGTG,0.281928834180246
GTTGTT,0.222763704490742
GTTTAA,0.216456312076742
GTTTAC,0.216350715697132
GTTTAG,0.221814876765662
GTTTAT,0.215924155299106
GTTTCA,0.207227456905225
GTTTCC,0.21907235144868
GTTTCG,0.224888233585754
GTTTCT,0.216062299539484
GTTTGA,0.218419996224169
GTTTGC,0.228473957152884
GTTTGG,0.295540882631215
GTTTGT,0.229777225606446
GTTTTA,0.208910662085158
GTTTTC,0.213804907726416
GTTTTG,0.231066790993041
GTTTTT,0.195991131819798
TAAAAA,0.172568260783878
TAAAAC,0.209340224032547
TAAAAG,0.2074692591318
TAAAAT,0.188506056433806
TAAACA,0.218906264104324
TAAACC,0.219303207543243
TAAACG,0.219570448035826
TAAACT,0.215216882941104
TAAAGA,0.215290072248984
TAAAGC,0.216220735613036
TAAAGG,0.229608898757637
TAAAGT,0.213768259352598
TAAATA,0.2028444048236
TAAATC,0.215806311305798
TAAATG,0.20807965206211
TAAATT,0.204119812539993
TAACAA,0.214419585777977
TAACAC,0.221168350873591
TAACAG,0.218736097241883
TAACAT,0.211003546301323
TAACCA,0.219007540157209
TAACCC,0.215989166730633
TAACCG,0.222259120970318
TAACCT,0.217990262822663
TAACGA,0.220941968023683
TAACGC,0.221196645126711
TAACGG,0.225351241174842
TAACGT,0.222020869072172
TAACTA,0.21883739052919
TAACTC,0.218448368345784
TAACTG,0.222121830196775
TAACTT,0.211864770623365
TAAGAA,0.210448051007409
TAAGAC,0.216500984111609
TAAGAG,0.226115740864789
TAAGAT,0.216058236745969
TAAGCA,0.218018647139173
TAAGCC,0.223102641638047
TAAGCG,0.223941420486559
TAAGCT,0.218180827779633
TAAGGA,0.221507829085208
TAAGGC,0.224992932318866
TAAGGG,0.241965427946141
TAAGGT,0.223965605593285
TAAGTA,0.216748674639436
TAAGTC,0.220096622041291
TAAGTG,0.223675345700729
TAAGTT,0.220683181996966
TAATAA,0.211309753662289
TAATAC,0.215765672225841
TAATAG,0.219934751833262
TAATAT,0.220141131755351
TAATCA,0.216415699404171
TAATCC,0.204333592674299
TAATCG,0.223352735865511
TAATCT,0.214391099119057
TAATGA,0.219153359656508
TAATGC,0.220404103268824
TAATGG,0.232126833227428
TAATGT,0.216570018785976
TAATTA,0.208071461334896
TAATTC,0.209998527508183
TAATTG,0.212965730530313
TAATTT,0.181797351561759
TACAAA,0.206427863836171
TACAAC,0.220278694711278
TACAAG,0.215159954220252
TACAAT,0.219950940033204
TACACA,0.336499520042088
TACACC,0.221633083603125
TACACG,0.231406926965176
TACACT,0.225974955882901
TACAGA,0.232146823227402
TACAGC,0.221006654067621
TACAGG,0.210231487637712
TACAGT,0.215294138164586
TACATA,0.251527807106781
TACATC,0.221592680634066
TACATG,0.239079189217312
TACATT,0.210595123911952
TACCAA,0.215143688276156
TACCAC,0.223977697927307
TACCAG,0.222634555354022
TACCAT,0.219687849308023
TACCCA,0.219428738487233
TACCCC,0.216679652297842
TACCCG,0.223530184154284
TACCCT,0.223691473460789
TACCGA,0.224118764354254
TACCGC,0.221919897753391
TACCGG,0.223651153572932
TACCGT,0.224936557440084
TACCTA,0.219157409894644
TACCTC,0.214899667359665
TACCTG,0.222678952251125
TACCTT,0.21091370768677
TACGAA,0.223703569110143
TACGAC,0.221919897753391
TACGAG,0.222892836950117
TACGAT,0.222691060153708
TACGCA,0.228076623796845
TACGCC,0.221233022275849
TACGCG,0.225021118566505
TACGCT,0.222218743287622
TACGGA,0.225500163263238
TACGGC,0.220679137933871
TACGGG,0.231618953203907
TACGGT,0.224239662597949
TACGTA,0.224308165115217
TACGTC,0.223126847038994
TACGTG,0.223929327713847
TACGTT,0.221774481141067
TACTAA,0.209086600241041
TACTAC,0.223635025162585
TACTAG,0.220104714863931
TACTAT,0.219918563371258
TACTCA,0.221107717635279
TACTCC,0.2139677731399
TACTCG,0.217142416882307
TACTCT,0.221431052431852
TACTGA,0.220513317264241
TACTGC,0.217690150760432
TACTGG,0.232686402233195
TACTGT,0.217118066189755
TACTTA,0.217097773492999
TACTTC,0.214940341647791
TACTTG,0.216667471390062
TACTTT,0.207252049632966
TAGAAA,0.202280238191935
TAGAAC,0.217219523497091
TAGAAG,0.227128808058352
TAGAAT,0.217823995644859
TAGACA,0.233349485709419
TAGACC,0.225141907772952
TAGACG,0.227851799647104
TAGACT,0.219513766626158
TAGAGA,0.215903838359964
TAGAGC,0.228935307879959
TAGAGG,0.254652056446378
TAGAGT,0.229195977214734
TAGATA,0.222263158648919
TAGATC,0.221067293433869
TAGATG,0.239440424954572
TAGATT,0.214777634567959
TAGCAA,0.215899774922602
TAGCAC,0.220776190934599
TAGCAG,0.229636955200146
TAGCAT,0.219776903148839
TAGCCA,0.217669869669613
TAGCCC,0.220137085499572
TAGCCG,0.222198553834874
TAGCCT,0.213817123552561
TAGCGA,0.225121777251713
TAGCGC,0.22090962343254
TAGCGG,0.240963324883293
TAGCGT,0.223695505360163
TAGCTA,0.220112807621079
TAGCTC,0.222691060153708
TAGCTG,0.212602955429857
TAGCTT,0.216858288567456
TAGGAA,0.225411617667486
TAGGAC,0.227586763420559
TAGGAG,0.256085627690304
TAGGAT,0.228297384040505
TAGGCA,0.238010596865815
TAGGCC,0.223522119006045
TAGGCG,0.229248102928861
TAGGCT,0.226710841205389
TAGGGA,0.268202211831893
TAGGGC,0.250935527271442
TAGGGG,0.310013639682413
TAGGGT,0.249584916189029
TAGGTA,0.227490369192331
TAGGTC,0.228445868061347
TAGGTG,0.252742647607037
TAGGTT,0.22801239348307
TAGTAA,0.218342982121798
TAGTAC,0.220638696403406
TAGTAG,0.21496474542658
TAGTAT,0.21803892115771
TAGTCA,0.221325980089855
TAGTCC,0.218817132692538
TAGTCG,0.224050248860884
TAGTCT,0.218237584790385
TAGTGA,0.22404621839155
TAGTGC,0.221071335927546
TAGTGG,0.253008931491813
TAGTGT,0.228477969815839
TAGTTA,0.21537951857362
TAGTTC,0.222852484847814
TAGTTG,0.226091607704076
TAGTTT,0.211019879727784
TATAAA,0.210431708238278
TATAAC,0.217308797413487
TATAAG,0.215704710509108
TATAAT,0.211962682824101
TATACA,0.261030686153369
TATACC,0.222000675624016
TATACG,0.223280134307224
TATACT,0.224239662597949
TATAGA,0.221034952896136
TATAGC,0.221026867598277
TATAGG,0.226883675606846
TATAGT,0.218987285767163
TATATA,0.229187957632932
TATATC,0.218902212848859
TATATG,0.219728329309709
TATATT,0.213975915714331
TATCAA,0.217714487526482
TATCAC,0.22106325092385
TATCAG,0.223602767561491
TATCAT,0.222646663794167
TATCCA,0.221701764904389
TATCCC,0.218188936121255
TATCCG,0.223679377665129
TATCCT,0.217698263081591
TATCGA,0.22150378835567
TATCGC,0.224598241410414
TATCGG,0.228028451448287
TATCGT,0.226252484442189
TATCTA,0.217012539669553
TATCTC,0.219363950290298
TATCTG,0.219517815404825
TATCTT,0.21420388088414
TATGAA,0.214024769768633
TATGAC,0.21852537433267
TATGAG,0.219023743373878
TATGAT,0.217844273610108
TATGCA,0.236021326829088
TATGCC,0.220400058076957
TATGCG,0.225991046598309
TATGCT,0.218541585363797
TATGGA,0.229741157952594
TATGGC,0.225584676745957
TATGGG,0.251876734953062
TATGGT,0.223884986296073
TATGTA,0.222880731490396
TATGTC,0.221487625274243
TATGTG,0.228253235890408
TATGTT,0.216249170200117
TATTAA,0.21130158934938
TATTAC,0.216626867292504
TATTAG,0.21889411028869
TATTAT,0.212900522237013
TATTCA,0.221669444879629
TATTCC,0.218946775756307
TATTCG,0.22283634355096
TATTCT,0.211444455202711
TATTGA,0.214549800171388
TATTGC,0.217109949160468
TATTGG,0.233173771464514
TATTGT,0.214692202752158
TATTTA,0.201509657244614
TATTTC,0.207690518410087
TATTTG,0.210876953199902
TATTTT,0.176768870102649
TCAAAA,0.19101286635066
TCAAAC,0.220553763865446
TCAAAG,0.214993215749151
TCAAAT,0.212611109124959
TCAACA,0.218594269400088
TCAACC,0.214623038317094
TCAACG,0.220355559886398
TCAACT,0.218881956325338
TCAAGA,0.212819005890387
TCAAGC,0.212138084878685
TCAAGG,0.227418067422895
TCAAGT,0.2090702352067
TCAATA,0.217081539039098
TCAATC,0.218719889363713
TCAATG,0.22082471390296
TCAATT,0.213914844789939
TCACAA,0.222032984945336
TCACAC,0.23676179759322
TCACAG,0.230370151625133
TCACAT,0.241787261677702
TCACCA,0.218351089148729
TCACCC,0.205208792300289
TCACCG,0.22080045271309
TCACCT,0.204781560476753
TCACGA,0.217734767712432
TCACGC,0.212109533152302
TCACGG,0.226131829315043
TCACGT,0.226087585454
TCACTA,0.223832580267329
TCACTC,0.212916824708979
TCACTG,0.212713024704654
TCACTT,0.203325959512946
TCAGAA,0.211668917456802
TCAGAC,0.21903184488376
TCAGAG,0.244590687027568
TCAGAT,0.221544194916328
TCAGCA,0.223530184154284
TCAGCC,0.202090738581337
TCAGCG,0.22232372187168
TCAGCT,0.221883545582698
TCAGGA,0.244365596157611
TCAGGC,0.226168027381766
TCAGGG,0.295593414564825
TCAGGT,0.227068535157797
TCAGTA,0.216716194130958
TCAGTC,0.220416238746242
TCAGTG,0.235730562068849
TCAGTT,0.214488764285665
TCATAA,0.217548174486161
TCATAC,0.229083697216535
TCATAG,0.221483584463066
TCATAT,0.221721964389425
TCATCA,0.22707255346419
TCATCC,0.215582775925518
TCATCG,0.219825474628666
TCATCT,0.202074258657128
TCATGA,0.217158650347928
TCATGC,0.220428374076393
TCATGG,0.239095070453435
TCATGT,0.220533540769334
TCATTA,0.216346654075226
TCATTC,0.207702809156903
TCATTG,0.219756664335936
TCATTT,0.203120195284898
TCCAAA,0.212558108918376
TCCAAC,0.219505669019645
TCCAAG,0.214387029530109
TCCAAT,0.216460373253284
TCCACA,0.215322599110918
TCCACC,0.173323299335349
TCCACG,0.215342927862375
TCCACT,0.209548801846701
TCCAGA,0.218918417772246
TCCAGC,0.202239045679039
TCCAGG,0.261826617046309
TCCAGT,0.220958139926949
TCCATA,0.221479543635561
TCCATC,0.238868739024669
TCCATG,0.224151005315091
TCCATT,0.219509717831098
TCCCAA,0.192220231107373
TCCCAC,0.202943204179792
TCCCAG,0.196123767949925
TCCCAT,0.211211777507814
TCCCCA,0.190846218822289
TCCCCC,0.17602911586396
TCCCCG,0.223598735288189
TCCCCT,0.191858174717328
TCCCGA,0.214492833460616
TCCCGC,0.208456353010235
TCCCGG,0.247909824936644
TCCCGT,0.227606844381947
TCCCTA,0.207190566679572
TCCCTC,0.177149102159095
TCCCTG,0.224352487773027
TCCCTT,0.194663802040372
TCCGAA,0.224964745276741
TCCGAC,0.22409458295145
TCCGAG,0.234403123286713
TCCGAT,0.223655185634875
TCCGCA,0.222267196311218
TCCGCC,0.204695270358666
TCCGCG,0.233229683891608
TCCGCT,0.222743526037576
TCCGGA,0.225415642637387
TCCGGC,0.223219628981944
TCCGGG,0.277174202328877
TCCGGT,0.234151787879405
TCCGTA,0.225190219370617
TCCGTC,0.219821427095454
TCCGTG,0.22864648712199
TCCGTT,0.222848449548026
TCCTAA,0.216249170200117
TCCTAC,0.217750991565071
TCCTAG,0.216082613259468
TCCTAT,0.217093714904232
TCCTCA,0.198520619036834
TCCTCC,0.156635370855512
TCCTCG,0.217000362815994
TCCTCT,0.202749712946665
TCCTGA,0.216448189674178
TCCTGC,0.205779519209017
TCCTGG,0.275556215553665
TCCTGT,0.214952543611629
TCCTTA,0.217507606133739
TCCTTC,0.191462676008423
TCCTTG,0.214797974400772
TCCTTT,0.19795400709561
TCGAAA,0.223687441545159
TCGAAC,0.214582351120571
TCGAAG,0.223574541306931
TCGAAT,0.224642551213421
TCGACA,0.222384281426759
TCGACC,0.219546156396512
TCGACG,0.224142945172332
TCGACT,0.222218743287622
TCGAGA,0.218800926127738
TCGAGC,0.229608898757637
TCGAGG,0.245340624217392
TCGAGT,0.221875467143081
TCGATA,0.221782560396531
TCGATC,0.22157247853737
TCGATG,0.222037023537104
TCGATT,0.219720233440461
TCGCAA,0.222089523745903
TCGCAC,0.226023227252411
TCGCAG,0.228947340268122
TCGCAT,0.226469626992534
TCGCCA,0.220278694711278
TCGCCC,0.211583219633016
TCGCCG,0.227494385804027
TCGCCT,0.22533514016113
TCGCGA,0.227707243140654
TCGCGC,0.225999091858922
TCGCGG,0.251786574253934
TCGCGT,0.224698942668739
TCGCTA,0.222073370129069
TCGCTC,0.22081662690507
TCGCTG,0.232486592102399
TCGCTT,0.217093714904232
TCGGAA,0.225411617667486
TCGGAC,0.227655037044101
TCGGAG,0.25293845148141
TCGGAT,0.224682831148849
TCGGCA,0.221030910255378
TCGGCC,0.217807772976594
TCGGCG,0.24585735881073
TCGGCT,0.220234191119821
TCGGGA,0.251351336561593
TCGGGC,0.25651881015579
TCGGGG,0.345560077719646
TCGGGT,0.250986532053324
TCGGTA,0.22156035708345
TCGGTC,0.228883165858191
TCGGTG,0.239991950851898
TCGGTT,0.226429418966312
TCGTAA,0.22365921768056
TCGTAC,0.22237620703131
TCGTAG,0.222969501458837
TCGTAT,0.221604801696186
TCGTCA,0.22346566114699
TCGTCC,0.221911819607438
TCGTCG,0.223626960859863
TCGTCT,0.2218714278988
TCGTGA,0.224050248860884
TCGTGC,0.224743248010017
TCGTGG,0.237728361470592
TCGTGT,0.220294877344407
TCGTTA,0.223393067787089
TCGTTC,0.221540154333733
TCGTTG,0.226176071218654
TCGTTT,0.217965932767249
TCTAAA,0.209814573273709
TCTAAC,0.216318222259963
TCTAAG,0.220420283872655
TCTAAT,0.216992244831245
TCTACA,0.219068300866023
TCTACC,0.211056628961933
TCTACG,0.223719696415032
TCTACT,0.211089293814123
TCTAGA,0.220096622041291
TCTAGC,0.219853806902451
TCTAGG,0.237402300309343
TCTAGT,0.222360058044821
TCTATA,0.216618746275145
TCTATC,0.215781928056008
TCTATG,0.220553763865446
TCTATT,0.213511683122088
TCTCAA,0.203412367864854
TCTCAC,0.223243831551365
TCTCAG,0.21632634571824
TCTCAT,0.216533471610856
TCTCCA,0.202782650268696
TCTCCC,0.182738695950412
TCTCCG,0.221087505738838
TCTCCT,0.193284832712392
TCTCGA,0.217690150760432
TCTCGC,0.22080045271309
TCTCGG,0.223054229078378
TCTCGT,0.224904341796665
TCTCTA,0.209217510875348
TCTCTC,0.205467507446985
TCTCTG,0.200424893201062
TCTCTT,0.203144889227875
TCTGAA,0.211730125691992
TCTGAC,0.221835073966048
TCTGAG,0.262567622028331
TCTGAT,0.218047030650036
TCTGCA,0.220913666563646
TCTGCC,0.191350242560879
TCTGCG,0.235383923747856
TCTGCT,0.218671264152972
TCTGGA,0.234367222095815
TCTGGC,0.226662603017337
TCTGGG,0.336344630984647
TCTGGT,0.229420499397814
TCTGTA,0.211938205672664
TCTGTC,0.210023052182909
TCTGTG,0.246397475150143
TCTGTT,0.206854393035025
TCTTAA,0.209319772885382
TCTTAC,0.216338530781923
TCTTAG,0.21994284596599
TCTTAT,0.214863059085788
TCTTCA,0.208595532674056
TCTTCC,0.18967473646544
TCTTCG,0.219189811209181
TCTTCT,0.206915896660206
TCTTGA,0.212484719379265
TCTTGC,0.21081977686842
TCTTGG,0.245194627907203
TCTTGT,0.21134241024738
TCTTTA,0.209467011810492
TCTTTC,0.193272363473115
TCTTTG,0.218160556637939
TCTTTT,0.185465269890993
TGAAAA,0.200528058279825
TGAAAC,0.206719071743062
TGAAAG,0.223397100889782
TGAAAT,0.207157774225367
TGAACA,0.229460587340685
TGAACC,0.210448051007409
TGAACG,0.221495706847612
TGAACT,0.214586419914719
TGAAGA,0.224735192639425
TGAAGC,0.228774862201868
TGAAGG,0.261888711838307
TGAAGT,0.220573986552592
TGAATA,0.218456474518394
TGAATC,0.211579138601072
TGAATG,0.227048443383624
TGAATT,0.211742366889469
TGACAA,0.220489048518249
TGACAC,0.2238890174153
TGACAG,0.235869980380819
TGACAT,0.217150533648058
TGACCA,0.221778520776958
TGACCC,0.220792365518997
TGACCG,0.226445502370804
TGACCT,0.206542716518333
TGACGA,0.228730735126981
TGACGC,0.221366393835628
TGACGG,0.242748982637167
TGACGT,0.216586261546186
TGACTA,0.220343423672586
TGACTC,0.217057186864065
TGACTG,0.231666952903848
TGACTT,0.219886185661029
TGAGAA,0.225842197600784
TGAGAC,0.214085833980378
TGAGAG,0.2723315697429
TGAGAT,0.222840378899599
TGAGCA,0.243820429401154
TGAGCC,0.216472556683953
TGAGCG,0.24410885173996
TGAGCT,0.229384418875156
TGAGGA,0.282655097394582
TGAGGC,0.24987953635292
TGAGGG,0.431737804552215
TGAGGT,0.26410994377269
TGAGTA,0.226574160295253
TGAGTC,0.229789247868653
TGAGTG,0.280364246452999
TGAGTT,0.220873234516957
TGATAA,0.220808539841781
TGATAC,0.222335834076096
TGATAG,0.229805277326767
TGATAT,0.215501477942318
TGATCA,0.22157247853737
TGATCC,0.20383607217226
TGATCG,0.225496138633516
TGATCT,0.208886110113913
TGATGA,0.229889427766642
TGATGC,0.225238528634385
TGATGG,0.273939440979612
TGATGT,0.227743384226368
TGATTA,0.220569942047879
TGATTC,0.215391715179846
TGATTG,0.226007137054809
TGATTT,0.210305042720815
TGCAAA,0.213992200664291
TGCAAC,0.213487243856879
TGCAAG,0.223917234794899
TGCAAT,0.217495435307077
TGCACA,0.312433203671327
TGCACC,0.213430216581872
TGCACG,0.228943329488154
TGCACT,0.220929838924603
TGCAGA,0.246716676832931
TGCAGC,0.230998749913312
TGCAGG,0.316075503158651
TGCAGT,0.202028937465128
TGCATA,0.240491632488034
TGCATC,0.221257272973464
TGCATG,0.249282349156401
TGCATT,0.216054173935947
TGCCAA,0.217560344670965
TGCCAC,0.205594787158759
TGCCAG,0.243160300914963
TGCCAT,0.224690886941241
TGCCCA,0.208227073681076
TGCCCC,0.204493897788468
TGCCCG,0.219165510321701
TGCCCT,0.204029353338838
TGCCGA,0.224763386152612
TGCCGC,0.235061083468507
TGCCGG,0.255714736858053
TGCCGT,0.223360802379961
TGCCTA,0.216829871295377
TGCCTC,0.185590932466531
TGCCTG,0.230278030785691
TGCCTT,0.217823995644859
TGCGAA,0.223719696415032
TGCGAC,0.222505389535648
TGCGAG,0.244116752551189
TGCGAT,0.221354269883389
TGCGCA,0.233409381236576
TGCGCC,0.22543576724389
TGCGCG,0.251370945937887
TGCGCT,0.224851989162474
TGCGGA,0.25106499586905
TGCGGC,0.249694917870927
TGCGGG,0.332775545140875
TGCGGT,0.234375200249623
TGCGTA,0.222783882536747
TGCGTC,0.225781847100234
TGCGTG,0.252437116986792
TGCGTT,0.225753682286826
TGCTAA,0.211726045259533
TGCTAC,0.221903741396229
TGCTAG,0.22934432787867
TGCTAT,0.22230757203758
TGCTCA,0.218646950660918
TGCTCC,0.219137158539921
TGCTCG,0.223618896492107
TGCTCT,0.212044269002102
TGCTGA,0.22661436250225
TGCTGC,0.226767116150635
TGCTGG,0.303285744004265
TGCTGT,0.235192623571421
TGCTTA,0.220921752776817
TGCTTC,0.218890058983986
TGCTTG,0.225476015241939
TGCTTT,0.204576095572185
TGGAAA,0.235192623571421
TGGAAC,0.237183541165341
TGGAAG,0.281202043124278
TGGAAT,0.220982397291488
TGGACA,0.243844138484737
TGGACC,0.243172163355124
TGGACG,0.236960755402842
TGGACT,0.238749596641362
TGGAGA,0.301776616645119
TGGAGC,0.28394661824056
TGGAGG,0.491710847169012
TGGAGT,0.26427643422904
TGGATA,0.243444960648019
TGGATC,0.237609083134378
TGGATG,0.343544960540342
TGGATT,0.232342704083212
TGGCAA,0.225061383256457
TGGCAC,0.231610953029915
TGGCAG,0.310782624315314
TGGCAT,0.22342129916436
TGGCCA,0.233169777600094
TGGCCC,0.231086802194282
TGGCCG,0.256054400081822
TGGCCT,0.235575187335533
TGGCGA,0.237489790569145
TGGCGC,0.237382415091819
TGGCGG,0.326890745093483
TGGCGT,0.233513191652745
TGGCTA,0.22983332826021
TGGCTC,0.215859139640819
TGGCTG,0.306653494451107
TGGCTT,0.228662534908263
TGGGAA,0.327407004432776
TGGGAC,0.293967398330269
TGGGAG,0.538775938644902
TGGGAT,0.277288853808647
TGGGCA,0.326203197477265
TGGGCC,0.302119630730467
TGGGCG,0.338435409179409
TGGGCT,0.339218774387213
TGGGGA,0.557127614931531
TGGGGC,0.466356391595908
TGGGGG,0.820430776672259
TGGGGT,0.525921616130462
TGGGTA,0.280360436683374
TGGGTC,0.283673258887726
TGGGTG,0.566452031938477
TGGGTT,0.295443316003937
TGGTAA,0.225000985613545
TGGTAC,0.222182401979188
TGGTAG,0.242278131969674
TGGTAT,0.219869996412788
TGGTCA,0.23675781803324
TGGTCC,0.229612906869047
TGGTCG,0.241838735193648
TGGTCT,0.220990482948909
TGGTGA,0.270213218623845
TGGTGC,0.243784864721769
TGGTGG,0.4966422838314
TGGTGT,0.282989533403451
TGGTTA,0.222311609520557
TGGTTC,0.225226451537234
TGGTTG,0.287697751347081
TGGTTT,0.227542583886034
TGTAAA,0.206009360334571
TGTAAC,0.217105890621117
TGTAAG,0.221855270758516
TGTAAT,0.197184224142201
TGTACA,0.238237122580476
TGTACC,0.217434578951729
TGTACG,0.223880955160596
TGTACT,0.217750991565071
TGTAGA,0.223364835612785
TGTAGC,0.226224332881262
TGTAGG,0.246925482061202
TGTAGT,0.218776615788054
TGTATA,0.224690886941241
TGTATC,0.215322599110918
TGTATG,0.228481982462693
TGTATT,0.198144292164129
TGTCAA,0.216582200880867
TGTCAC,0.220889407531803
TGTCAG,0.244499866984344
TGTCAT,0.22312281284619
TGTCCA,0.226188136852669
TGTCCC,0.216395392449348
TGTCCG,0.229568816759944
TGTCCT,0.211742366889469
TGTCGA,0.224529758761901
TGTCGC,0.221475502791728
TGTCGG,0.249423820462934
TGTCGT,0.224964745276741
TGTCTA,0.221370435120376
TGTCTC,0.206033983036513
TGTCTG,0.241133713644734
TGTCTT,0.206300690120741
TGTGAA,0.22172600423747
TGTGAC,0.221184519116259
TGTGAG,0.264307406139653
TGTGAT,0.224054279313974
TGTGCA,0.25033897055437
TGTGCC,0.219420640192163
TGTGCG,0.243824380954121
TGTGCT,0.230978736949944
TGTGGA,0.29064331093246
TGTGGC,0.26347082766875
TGTGGG,0.504598651587487
TGTGGT,0.277659470322907
TGTGTA,0.228746781561328
TGTGTC,0.23432334111207
TGTGTG,0.381629823729004
TGTGTT,0.239619009803797
TGTTAA,0.210309128955688
TGTTAC,0.219784998559311
TGTTAG,0.22243676340809
TGTTAT,0.221620962883808
TGTTCA,0.21997117491462
TGTTCC,0.209569248310545
TGTTCG,0.224167125405712
TGTTCT,0.21294942885562
TGTTGA,0.222396392897692
TGTTGC,0.21629791332556
TGTTGG,0.266747298798505
TGTTGT,0.232478598866686
TGTTTA,0.209961739368322
TGTTTC,0.211983079992638
TGTTTG,0.245194627907203
TGTTTT,0.192199426818807
TTAAAA,0.175576539250017
TTAAAC,0.215029819258615
TTAAAG,0.21317762812211
TTAAAT,0.1964345649624
TTAACA,0.213959630499167
TTAACC,0.219206011472766
TTAACG,0.221152182369507
TTAACT,0.213597215847062
TTAAGA,0.210586953762474
TTAAGC,0.217913215616372
TTAAGG,0.225946796507918
TTAAGT,0.213845626566587
TTAATA,0.21096679511634
TTAATC,0.220383877145854
TTAATG,0.219999503060743
TTAATT,0.198355218075056
TTACAA,0.21234200207749
TTACAC,0.225737587751573
TTACAG,0.195530913846304
TTACAT,0.214785770550729
TTACCA,0.216870467151145
TTACCC,0.223897079605004
TTACCG,0.222275271586908
TTACCT,0.21345873062589
TTACGA,0.221810837276633
TTACGC,0.222755633158336
TTACGG,0.221241105907065
TTACGT,0.220986440128371
TTACTA,0.217767215154502
TTACTC,0.214020698688599
TTACTG,0.214175388079758
TTACTT,0.20600525649197
TTAGAA,0.209503818154628
TTAGAC,0.222251045564206
TTAGAG,0.227851799647104
TTAGAT,0.218278123540181
TTAGCA,0.214179458530089
TTAGCC,0.213874128768214
TTAGCG,0.224670747338579
TTAGCT,0.217941602119868
TTAGGA,0.225665159137215
TTAGGC,0.226063451613789
TTAGGG,0.254886568341145
TTAGGT,0.223582606032389
TTAGTA,0.206185809636238
TTAGTC,0.218375409835186
TTAGTG,0.226188136852669
TTAGTT,0.218711785326116
TTATAA,0.210578783546243
TTATAC,0.220521406715357
TTATAG,0.21464338129458
TTATAT,0.209716450510446
TTATCA,0.218428102626771
TTATCC,0.220569942047879
TTATCG,0.221972404111517
TTATCT,0.215310401661676
TTATGA,0.214614901010225
TTATGC,0.220165408946212
TTATGG,0.228550194995819
TTATGT,0.216574079500762
TTATTA,0.20654681815588
TTATTC,0.212631493071858
TTATTG,0.214741021826318
TTATTT,0.180728861069879
TTCAAA,0.209033412900207
TTCAAC,0.219748568696082
TTCAAG,0.203494654592365
TTCAAT,0.215192485314723
TTCACA,0.227112735640077
TTCACC,0.202469701899233
TTCACG,0.220246328659367
TTCACT,0.217341258679923
TTCAGA,0.21737371889266
TTCAGC,0.214036982909292
TTCAGG,0.226915827548842
TTCAGT,0.215529932988259
TTCATA,0.217207349163698
TTCATC,0.212215578312697
TTCATG,0.213682741256815
TTCATT,0.209213420177422
TTCCAA,0.210407193583785
TTCCAC,0.205705630483975
TTCCAG,0.210844281410787
TTCCAT,0.206710869864075
TTCCCA,0.207723293399242
TTCCCC,0.199500058885468
TTCCCG,0.2247794963747
TTCCCT,0.191608404258063
TTCCGA,0.22258208375245
TTCCGC,0.214155035579572
TTCCGG,0.231094806562655
TTCCGT,0.227221219450698
TTCCTA,0.215477087258476
TTCCTC,0.183263614776402
TTCCTG,0.231998887764195
TTCCTT,0.195680196937634
TTCGAA,0.222840378899599
TTCGAC,0.222553828672693
TTCGAG,0.218938673557205
TTCGAT,0.2217340838846
TTCGCA,0.222404467130155
TTCGCC,0.219177660839258
TTCGCG,0.22868660610481
TTCGCT,0.222743526037576
TTCGGA,0.228722711813249
TTCGGC,0.224763386152612
TTCGGG,0.245668051937341
TTCGGT,0.225339165438862
TTCGTA,0.222162211792708
TTCGTC,0.22166136471022
TTCGTG,0.226626422849194
TTCGTT,0.218205152607266
TTCTAA,0.210088448375192
TTCTAC,0.21386598536493
TTCTAG,0.227703227383834
TTCTAT,0.213735681892734
TTCTCA,0.214358541943743
TTCTCC,0.185042089775839
TTCTCG,0.223393067787089
TTCTCT,0.195638731647637
TTCTGA,0.215127422067475
TTCTGC,0.219388246356047
TTCTGG,0.24392711585086
TTCTGT,0.213193926077228
TTCTTA,0.210117057864561
TTCTTC,0.200400131998395
TTCTTG,0.215082688629263
TTCTTT,0.179296808925999
TTGAAA,0.20741188762292
TTGAAC,0.206066812362699
TTGAAG,0.221944131799718
TTGAAT,0.214488764285665
TTGACA,0.222037023537104
TTGACC,0.218448368345784
TTGACG,0.221932014849965
TTGACT,0.21059920896166
TTGAGA,0.208828819836681
TTGAGC,0.227663068928663
TTGAGG,0.262850688384887
TTGAGT,0.223050194592608
TTGATA,0.219906421852771
TTGATC,0.217969987817592
TTGATG,0.21967165684852
TTGATT,0.211411801949944
TTGCAA,0.214366681336944
TTGCAC,0.215863203243303
TTGCAG,0.213145031414984
TTGCAT,0.22250135283498
TTGCCA,0.223457595478344
TTGCCC,0.205820566141768
TTGCCG,0.233241664719271
TTGCCT,0.215493347780471
TTGCGA,0.225343190700391
TTGCGC,0.222319684437607
TTGCGG,0.246003258403763
TTGCGT,0.225753682286826
TTGCTA,0.215208750465115
TTGCTC,0.207874863752656
TTGCTG,0.219457082003525
TTGCTT,0.216338530781923
TTGGAA,0.222586120127244
TTGGAC,0.228851077108777
TTGGAG,0.292925810154128
TTGGAT,0.240221994047651
TTGGCA,0.229885420763408
TTGGCC,0.221944131799718
TTGGCG,0.23870987935896
TTGGCT,0.226493751032282
TTGGGA,0.304476532373064
TTGGGC,0.26304452322582
TTGGGG,0.489858746485494
TTGGGT,0.286395921910434
TTGGTA,0.217625249821901
TTGGTC,0.224163095407418
TTGGTG,0.278060498391808
TTGGTT,0.235802265342702
TTGTAA,0.208063270540593
TTGTAC,0.216622806792068
TTGTAG,0.221002611312459
TTGTAT,0.205175934793332
TTGTCA,0.216358838891455
TTGTCC,0.21587539395168
TTGTCG,0.224118764354254
TTGTCT,0.21389041537584
TTGTGA,0.22590254445937
TTGTGC,0.225661135171487
TTGTGG,0.287410283682656
TTGTGT,0.231782942667712
TTGTTA,0.218804977793562
TTGTTC,0.221851231432655
TTGTTG,0.222537682554382
TTGTTT,0.191779087488095
TTTAAA,0.181284282079005
TTTAAC,0.213658306171835
TTTAAG,0.208734692969593
TTTAAT,0.20355225127308
TTTACA,0.209614229059492
TTTACC,0.21450910999484
TTTACG,0.220339378235251
TTTACT,0.207944496483445
TTTAGA,0.209045687153025
TTTAGC,0.217584684596242
TTTAGG,0.22734977761811
TTTAGT,0.204621301473447
TTTATA,0.203757926627803
TTTATC,0.216188237952025
TTTATG,0.21119136460066
TTTATT,0.178866793076376
TTTCAA,0.209287050179935
TTTCAC,0.201711631595799
TTTCAG,0.209021138496729
TTTCAT,0.204810322194865
TTTCCA,0.208661022284285
TTTCCC,0.203807282418986
TTTCCG,0.22382854892059
TTTCCT,0.204551436946492
TTTCGA,0.221455298327631
TTTCGC,0.22060634200142
TTTCGG,0.226063451613789
TTTCGT,0.221164308772078
TTTCTA,0.207026593654038
TTTCTC,0.195016545884807
TTTCTG,0.203461740713889
TTTCTT,0.174937507679458
TTTGAA,0.2021401767245
TTTGAC,0.217576571353642
TTTGAG,0.214179458530089
TTTGAT,0.208480915535002
TTTGCA,0.216963831365637
TTTGCC,0.212501028631199
TTTGCG,0.230718531972387
TTTGCT,0.20302141341463
TTTGGA,0.228831021117492
TTTGGC,0.227289518034961
TTTGGG,0.329726878893618
TTTGGT,0.232042870863631
TTTGTA,0.200647716439119
TTTGTC,0.210999462903023
TTTGTG,0.230282036216047
TTTGTT,0.202189612423653
TTTTAA,0.17909025576304
TTTTAC,0.204900710780972
TTTTAG,0.197854713553715
TTTTAT,0.18436714505558
TTTTCA,0.200045154035568
TTTTCC,0.199974969054354
TTTTCG,0.220250374473145
TTTTCT,0.174005736796285
TTTTGA,0.196654136616974
TTTTGC,0.206403250830849
TTTTGG,0.246082114186567
TTTTGT,0.184341983029204
TTTTTA,0.162816227831952
TTTTTC,0.184589382129124
TTTTTG,0.178322684554214
TTTTTT,0.0114017308892284
