MOTIF,Score
AAAAAA,0
AAAAAC,0.372527550720805
AAAAAG,0.375569807603736
AAAAAT,0.321065443723329
AAAACA,0.363929183519856
AAAACC,0.425514544460973
AAAACG,0.414613195589414
AAAACT,0.425968187684748
AAAAGA,0.405688816382965
AAAAGC,0.417770955814964
AAAAGG,0.450257461103664
AAAAGT,0.407392533836286
AAAATA,0.357099153813217
AAAATC,0.424750048290673
AAAATG,0.412970113019669
AAAATT,0.382275258277086
AAACAA,0.382474731494547
AAACAC,0.413767828504085
AAACAG,0.417482109851581
AAACAT,0.413429481467664
AAACCA,0.423386840078718
AAACCC,0.405225877493507
AAACCG,0.421542357420296
AAACCT,0.437809206937165
AAACGA,0.413912799339671
AAACGC,0.455462582662144
AAACGG,0.430897222695207
AAACGT,0.423099611926845
AAACTA,0.424248029865771
AAACTC,0.419526306813931
AAACTG,0.445493393816001
AAACTT,0.427494736755998
AAAGAA,0.441223856530797
AAAGAC,0.408923401715426
AAAGAG,0.405128389360177
AAAGAT,0.425180149299461
AAAGCA,0.423721835351655
AAAGCC,0.443595465882774
AAAGCG,0.437573283512807
AAAGCT,0.440612431828103
AAAGGA,0.43558932621597
AAAGGC,0.446943698854887
AAAGGG,0.459348720627054
AAAGGT,0.472900823754401
AAAGTA,0.405737534327783
AAAGTC,0.418781260165523
AAAGTG,0.43459586958017
AAAGTT,0.421350527618198
AAATAA,0.395405102160653
AAATAC,0.403225468688207
AAATAG,0.41403359231709
AAATAT,0.387175749155117
AAATCA,0.41338113683019
AAATCC,0.416398193814046
AAATCG,0.4135019940419
AAATCT,0.454279867826493
AAATGA,0.46537926419686
AAATGC,0.449021918393378
AAATGG,0.460110297763018
AAATGT,0.426946401397304
AAATTA,0.401465706715425
AAATTC,0.467396658718995
AAATTG,0.417795022546308
AAATTT,0.440259516679601
AACAAA,0.415192463116376
AACAAC,0.413211912191176
AACAAG,0.41122743089843
AACAAT,0.426588629324938
AACACA,0.453165445188282
AACACC,0.440541858761628
AACACG,0.421566333558358
AACACT,0.458124366499168
AACAGA,0.426230729205902
AACAGC,0.480230582020594
AACAGG,0.439435563319022
AACAGT,0.409772872312329
AACATA,0.426588629324938
AACATC,0.420726826498601
AACATG,0.427733049683449
AACATT,0.439129350505115
AACCAA,0.411396991665514
AACCAC,0.431395915005225
AACCAG,0.427542403885149
AACCAT,0.436180201210865
AACCCA,0.420582840211168
AACCCC,0.413743664654748
AACCCG,0.440235984574031
AACCCT,0.452886645367759
AACCGA,0.421230615302372
AACCGC,0.424176292370236
AACCGG,0.42863812120871
AACCGT,0.439882936523121
AACCTA,0.432605990528789
AACCTC,0.418612946974161
AACCTG,0.453746028615986
AACCTT,0.421901939145421
AACGAA,0.42223743213916
AACGAC,0.417867219265291
AACGAG,0.407903083568771
AACGAT,0.415795510188514
AACGCA,0.43279567350684
AACGCC,0.429256909032154
AACGCG,0.424534928396304
AACGCT,0.437101269618817
AACGGA,0.41714501741168
AACGGC,0.416928255109181
AACGGG,0.45153801604669
AACGGT,0.448461924807683
AACGTA,0.420510839292187
AACGTC,0.419550331337278
AACGTG,0.443079356634328
AACGTT,0.42789983494724
AACTAA,0.453931744144752
AACTAC,0.425538425551366
AACTAG,0.43875234442961
AACTAT,0.41721726107246
AACTCA,0.41654278385198
AACTCC,0.410597381926911
AACTCG,0.42975641982081
AACTCT,0.467282143017462
AACTGA,0.481744291492239
AACTGC,0.453676376399716
AACTGG,0.442727311181048
AACTGT,0.444673743423495
AACTTA,0.413574501358444
AACTTC,0.430303216930494
AACTTG,0.424511023328989
AACTTT,0.461746878799733
AAGAAA,0.4216862056266
AAGAAC,0.466044537105073
AAGAAG,0.422429091898259
AAGAAT,0.461954141588531
AAGACA,0.430825960630741
AAGACC,0.424989016133077
AAGACG,0.418300290153728
AAGACT,0.419814563007375
AAGAGA,0.426373904624982
AAGAGC,0.444580026301019
AAGAGG,0.481789441648815
AAGAGT,0.427470902339337
AAGATA,0.415071810049771
AAGATC,0.415626693662583
AAGATG,0.427327883908472
AAGATT,0.412607304601729
AAGCAA,0.406054143129694
AAGCAC,0.41483046023629
AAGCAG,0.425180149299461
AAGCAT,0.434075093378337
AAGCCA,0.454836613764663
AAGCCC,0.429233116579356
AAGCCG,0.449325117367305
AAGCCT,0.47239962353884
AAGCGA,0.430635903627939
AAGCGC,0.428661927821951
AAGCGG,0.429685076411085
AAGCGT,0.505943624297725
AAGCTA,0.426588629324938
AAGCTC,0.424463211479936
AAGCTG,0.43461953478294
AAGCTT,0.425992057944233
AAGGAA,0.40641933646153
AAGGAC,0.471396468872654
AAGGAG,0.490308810077062
AAGGAT,0.501548851047297
AAGGCA,0.472809715124915
AAGGCC,0.466250911152254
AAGGCG,0.452189305560851
AAGGCT,0.465126803477387
AAGGGA,0.507374928506912
AAGGGC,0.506097863219176
AAGGGG,0.546197254724996
AAGGGT,0.479167357022816
AAGGTA,0.434572203817345
AAGGTC,0.447527904727744
AAGGTG,0.451840453216528
AAGGTT,0.457893188089803
AAGTAA,0.419670445297107
AAGTAC,0.410621621921353
AAGTAG,0.413236088892962
AAGTAT,0.403054516555935
AAGTCA,0.431680770420741
AAGTCC,0.439388459758043
AAGTCG,0.424821744639677
AAGTCT,0.424773947644831
AAGTGA,0.430635903627939
AAGTGC,0.435305582158394
AAGTGG,0.485417358348024
AAGTGT,0.442046338343132
AAGTTA,0.417626543262271
AAGTTC,0.41355033283707
AAGTTG,0.431087230043696
AAGTTT,0.424917331776256
AATAAA,0.390099609397044
AATAAC,0.431870628961843
AATAAG,0.405104015841782
AATAAT,0.422405136437136
AATACA,0.40639499438814
AATACC,0.414299285518456
AATACG,0.427351721734097
AATACT,0.452886645367759
AATAGA,0.427613900318855
AATAGC,0.43419347542302
AATAGG,0.444509732694934
AATAGT,0.415916075975328
AATATA,0.411469651765334
AATATC,0.432534850134995
AATATG,0.402468172991555
AATATT,0.427423231801709
AATCAA,0.431965544716755
AATCAC,0.401832579255827
AATCAG,0.41483046023629
AATCAT,0.446148630758088
AATCCA,0.420414830001963
AATCCC,0.363573543373505
AATCCG,0.419502281713393
AATCCT,0.436983231325053
AATCGA,0.421278581954192
AATCGC,0.416639165597308
AATCGG,0.439129350505115
AATCGT,0.424056718440339
AATCTA,0.469684223144442
AATCTC,0.450187565468097
AATCTG,0.468724083381297
AATCTT,0.424750048290673
AATGAA,0.46384055979687
AATGAC,0.443008957457854
AATGAG,0.466755201818282
AATGAT,0.511393632072598
AATGCA,0.443712726299998
AATGCC,0.452956352610354
AATGCG,0.429399651862467
AATGCT,0.430445810496606
AATGGA,0.463380785814617
AATGGC,0.4494883402839
AATGGG,0.466892691511467
AATGGT,0.420870792056966
AATGTA,0.417530256639738
AATGTC,0.45153801604669
AATGTG,0.453095752519938
AATGTT,0.416084843659932
AATTAA,0.417120935031563
AATTAC,0.439341353978216
AATTAG,0.402077086195503
AATTAT,0.408826273398711
AATTCA,0.445189030661622
AATTCC,0.424893435848682
AATTCG,0.474016231326477
AATTCT,0.427852184853163
AATTGA,0.427232526923148
AATTGC,0.427327883908472
AATTGG,0.444158190527534
AATTGT,0.433127532167065
AATTTA,0.418853385719052
AATTTC,0.441623432187961
AATTTG,0.461677781656176
AATTTT,0.398501335879219
ACAAAA,0.378027018608484
ACAAAC,0.418757217158279
ACAAAG,0.426326181762942
ACAAAT,0.457106781500463
ACAACA,0.426517059547797
ACAACC,0.409069076504207
ACAACG,0.412558920199107
ACAACT,0.425920445456344
ACAAGA,0.43405141528759
ACAAGC,0.428471459045002
ACAAGG,0.43875234442961
ACAAGT,0.434335515380235
ACAATA,0.426182999510469
ACAATC,0.413985276877021
ACAATG,0.451305309812255
ACAATT,0.427470902339337
ACACAA,0.442116805317438
ACACAC,0.44101225182155
ACACAG,0.473743185301064
ACACAT,0.438445922301772
ACACCA,0.467854590431703
ACACCC,0.454604673958744
ACACCG,0.426135267536802
ACACCT,0.444369130657454
ACACGA,0.415530214279315
ACACGC,0.451142383221598
ACACGG,0.435258283653716
ACACGT,0.420918775970994
ACACTA,0.43279567350684
ACACTC,0.460179503296414
ACACTG,0.53388760754187
ACACTT,0.480637475388646
ACAGAA,0.449814706213665
ACAGAC,0.454535081525436
ACAGAG,0.451444940051078
ACAGAT,0.47864664318335
ACAGCA,0.481721715649476
ACAGCC,0.456504994195448
ACAGCG,0.440941706966952
ACAGCT,0.482782229692751
ACAGGA,0.458840680123353
ACAGGC,0.466709367719474
ACAGGG,0.541210732892549
ACAGGT,0.473674912144036
ACAGTA,0.419694466357887
ACAGTC,0.433482972849001
ACAGTG,0.491695598040951
ACAGTT,0.436581796875127
ACATAA,0.410767049550178
ACATAC,0.41940617553877
ACATAG,0.416133057767367
ACATAT,0.44235165937562
ACATCA,0.426373904624982
ACATCC,0.440424225915134
ACATCG,0.410742813080687
ACATCT,0.421350527618198
ACATGA,0.451980008758352
ACATGC,0.447083939393765
ACATGG,0.474357434049882
ACATGT,0.480660075722044
ACATTA,0.426445484648056
ACATTC,0.446125236830122
ACATTG,0.437974320222848
ACATTT,0.458540353006235
ACCAAA,0.430992230882301
ACCAAC,0.435092721267576
ACCAAG,0.423410772034498
ACCAAT,0.418276235579598
ACCACA,0.43241627156428
ACCACC,0.415240720267307
ACCACG,0.417120935031563
ACCACT,0.444181630517188
ACCAGA,0.458771381870721
ACCAGC,0.432487420394001
ACCAGG,0.501814410422204
ACCAGT,0.449021918393378
ACCATA,0.433743549077679
ACCATC,0.412945929886531
ACCATG,0.439294245979328
ACCATT,0.437974320222848
ACCCAA,0.429304492239574
ACCCAC,0.434311843455054
ACCCAG,0.433459280733653
ACCCAT,0.431324688471008
ACCCCA,0.492544615250865
ACCCCC,0.429256909032154
ACCCCG,0.44103576566722
ACCCCT,0.468998503109011
ACCCGA,0.445961464008845
ACCCGC,0.435021757567277
ACCCGG,0.471601741483405
ACCCGT,0.428757148607769
ACCCTA,0.441928882350178
ACCCTC,0.463656675570245
ACCCTG,0.541317088411569
ACCCTT,0.44404098233706
ACCGAA,0.422357223793231
ACCGAC,0.423578279690197
ACCGAG,0.432273958716569
ACCGAT,0.428733344261332
ACCGCA,0.417819088698459
ACCGCC,0.422453046785531
ACCGCG,0.43514002760357
ACCGCT,0.416446392816315
ACCGGA,0.432226516599655
ACCGGC,0.428114232277222
ACCGGG,0.46209229291943
ACCGGT,0.425466780569199
ACCGTA,0.422165550258092
ACCGTC,0.440471280714243
ACCGTG,0.436132944057252
ACCGTT,0.43632195927375
ACCTAA,0.4295899439465
ACCTAC,0.454581477019094
ACCTAG,0.441059278960002
ACCTAT,0.426087533284686
ACCTCA,0.418204068385278
ACCTCC,0.456088159967676
ACCTCG,0.425920445456344
ACCTCT,0.477899058100945
ACCTGA,0.519317684259225
ACCTGC,0.43217907223188
ACCTGG,0.505326430605336
ACCTGT,0.479257888279789
ACCTTA,0.409942679873989
ACCTTC,0.431015981518742
ACCTTG,0.487708998010508
ACCTTT,0.476356815140951
ACGAAA,0.430445810496606
ACGAAC,0.416494589495551
ACGAAG,0.427947482770894
ACGAAT,0.417722820614583
ACGACA,0.424439304698142
ACGACC,0.419478256035635
ACGACG,0.425777205093683
ACGACT,0.433506664403046
ACGAGA,0.430017968784994
ACGAGC,0.422932024064716
ACGAGG,0.403933387783327
ACGAGT,0.436251082754226
ACGATA,0.428185687840384
ACGATC,0.417024599711066
ACGATG,0.455578459840685
ACGATT,0.417458035588182
ACGCAA,0.461470461574394
ACGCAC,0.43051709965554
ACGCAG,0.425204038376815
ACGCAT,0.416181269550315
ACGCCA,0.405883673923227
ACGCCC,0.424152378728063
ACGCCG,0.425012909776809
ACGCCT,0.392965603859105
ACGCGA,0.427661561768294
ACGCGC,0.417650613469362
ACGCGG,0.453328042528305
ACGCGT,0.431277201296252
ACGCTA,0.420054713045396
ACGCTC,0.412171760677194
ACGCTG,0.423315040774755
ACGCTT,0.438917302077011
ACGGAA,0.422189511459231
ACGGAC,0.424869539350079
ACGGAG,0.444275384981859
ACGGAT,0.434524870611424
ACGGCA,0.40629762016878
ACGGCC,0.424773947644831
ACGGCG,0.41892550607086
ACGGCT,0.440659477772262
ACGGGA,0.458886876290669
ACGGGC,0.445587025383387
ACGGGG,0.477037509663629
ACGGGT,0.454767037471301
ACGGTA,0.435754806410223
ACGGTC,0.429399651862467
ACGGTG,0.452677494480633
ACGGTT,0.429494802430868
ACGTAA,0.417915347515683
ACGTAC,0.41892550607086
ACGTAG,0.422213472086244
ACGTAT,0.418636993450302
ACGTCA,0.421710178316027
ACGTCC,0.406175889059371
ACGTCG,0.40836478501867
ACGTCT,0.436723498024051
ACGTGA,0.427017940454239
ACGTGC,0.427947482770894
ACGTGG,0.465838120458854
ACGTGT,0.460179503296414
ACGTTA,0.420294805425222
ACGTTC,0.422285350522807
ACGTTG,0.442328176451686
ACGTTT,0.440400697685245
ACTAAA,0.41721726107246
ACTAAC,0.476334117341765
ACTAAG,0.428614314028701
ACTAAT,0.44101225182155
ACTACA,0.423865370407843
ACTACC,0.457823824144235
ACTACG,0.426684047727238
ACTACT,0.435187331701781
ACTAGA,0.418276235579598
ACTAGC,0.449768089030216
ACTAGG,0.431229711866357
ACTAGT,0.426039796753902
ACTATA,0.424463211479936
ACTATC,0.422093663209649
ACTATG,0.430635903627939
ACTATT,0.41695234212988
ACTCAA,0.44155293043734
ACTCAC,0.446943698854887
ACTCAG,0.448438584934837
ACTCAT,0.433482972849001
ACTCCA,0.430683421265153
ACTCCC,0.435920259225312
ACTCCG,0.427065630315778
ACTCCT,0.444978263428855
ACTCGA,0.422429091898259
ACTCGC,0.445189030661622
ACTCGG,0.437856384943589
ACTCGT,0.427613900318855
ACTCTA,0.426182999510469
ACTCTC,0.461147878212524
ACTCTG,0.495176451923731
ACTCTT,0.466273838973135
ACTGAA,0.456643900335695
ACTGAC,0.602053515377652
ACTGAG,0.548860674167163
ACTGAT,0.489166621738758
ACTGCA,0.393458911718054
ACTGCC,0.478827791795629
ACTGCG,0.448065072864309
ACTGCT,0.456018670700814
ACTGGA,0.466801033816422
ACTGGC,0.471373658203536
ACTGGG,0.53995488277817
ACTGGT,0.473697670380963
ACTGTA,0.418348397566189
ACTGTC,0.474903116370801
ACTGTG,0.488740766824588
ACTGTT,0.472308469232162
ACTTAA,0.423937130210809
ACTTAC,0.444228508848261
ACTTAG,0.433530355395815
ACTTAT,0.425610065400897
ACTTCA,0.415023544746828
ACTTCC,0.474516622154959
ACTTCG,0.409966935743409
ACTTCT,0.465448106060099
ACTTGA,0.44916186780464
ACTTGC,0.476197919726596
ACTTGG,0.454581477019094
ACTTGT,0.452538036249655
ACTTTA,0.435210982911784
ACTTTC,0.448625288666399
ACTTTG,0.43367248956711
ACTTTT,0.477060191503151
AGAAAA,0.403811368515225
AGAAAC,0.411760239381222
AGAAAG,0.464254175718163
AGAAAT,0.412002331240786
AGAACA,0.444158190527534
AGAACC,0.455068499786983
AGAACG,0.435660249652353
AGAACT,0.44652285919517
AGAAGA,0.435707529148911
AGAAGC,0.453676376399716
AGAAGG,0.519295940938414
AGAAGT,0.433909334968211
AGAATA,0.422021770993087
AGAATC,0.431657035568399
AGAATG,0.449441707883352
AGAATT,0.452375310395503
AGACAA,0.40361610671247
AGACAC,0.454163840064292
AGACAG,0.448275190570139
AGACAT,0.42932828299425
AGACCA,0.414782183282838
AGACCC,0.46197716813579
AGACCG,0.423745759291781
AGACCT,0.466227982805677
AGACGA,0.424343671855214
AGACGC,0.435991159195503
AGACGG,0.433933016423348
AGACGT,0.419261998956371
AGACTA,0.4301368320674
AGACTC,0.439035112310425
AGACTG,0.495888978064678
AGACTT,0.439035112310425
AGAGAA,0.445657243306117
AGAGAC,0.418588899919773
AGAGAG,0.485192404864003
AGAGAT,0.442962021920029
AGAGCA,0.463679662947829
AGAGCC,0.486114392733141
AGAGCG,0.443267063545643
AGAGCT,0.462782763432007
AGAGGA,0.493593719331545
AGAGGC,0.514937746350004
AGAGGG,0.640824805928141
AGAGGT,0.47219451466289
AGAGTA,0.455068499786983
AGAGTC,0.429018959026704
AGAGTG,0.465585775570603
AGAGTT,0.462184383204618
AGATAA,0.410839755434411
AGATAC,0.439835854030797
AGATAG,0.425204038376815
AGATAT,0.43241627156428
AGATCA,0.423410772034498
AGATCC,0.462667718115771
AGATCG,0.413091019913778
AGATCT,0.44605505176239
AGATGA,0.461677781656176
AGATGC,0.445610431905474
AGATGG,0.5385694907422
AGATGT,0.453513835692592
AGATTA,0.407124998959784
AGATTC,0.431300945165509
AGATTG,0.447387726441347
AGATTT,0.410451929619837
AGCAAA,0.417313577835544
AGCAAC,0.410815520727011
AGCAAG,0.445189030661622
AGCAAT,0.422596764059844
AGCACA,0.453815675981163
AGCACC,0.456389224337583
AGCACG,0.406029792165009
AGCACT,0.423362907550186
AGCAGA,0.454488683879137
AGCAGC,0.516247200239917
AGCAGG,0.530625146422111
AGCAGT,0.466571852817114
AGCATA,0.420894784301787
AGCATC,0.4244153973448
AGCATG,0.488673509993964
AGCATT,0.446639776867019
AGCCAA,0.423003850873292
AGCCAC,0.484764853779952
AGCCAG,0.499665783829563
AGCCAT,0.472445197576452
AGCCCA,0.444697171331851
AGCCCC,0.47864664318335
AGCCCG,0.453444167301129
AGCCCT,0.498378829052192
AGCCGA,0.407222292651017
AGCCGC,0.459394893331349
AGCCGG,0.485777178699129
AGCCGT,0.473379007922034
AGCCTA,0.430422046314218
AGCCTC,0.40334755946396
AGCCTG,0.526143407511965
AGCCTT,0.451235487380937
AGCGAA,0.433009023859079
AGCGAC,0.436416453486155
AGCGAG,0.426755605554497
AGCGAT,0.428661927821951
AGCGCA,0.439600408312019
AGCGCC,0.451793930374307
AGCGCG,0.420654835946391
AGCGCT,0.447130681869863
AGCGGA,0.437974320222848
AGCGGC,0.44906857037337
AGCGGG,0.505965659885923
AGCGGT,0.446312372931916
AGCGTA,0.420702830223708
AGCGTC,0.446616394426203
AGCGTG,0.463288805645669
AGCGTT,0.503737609737521
AGCTAA,0.419910629943339
AGCTAC,0.387820724259275
AGCTAG,0.435258283653716
AGCTAT,0.427542403885149
AGCTCA,0.44511877985312
AGCTCC,0.410451929619837
AGCTCG,0.42396104900085
AGCTCT,0.453769244943355
AGCTGA,0.505679159358152
AGCTGC,0.513364134953986
AGCTGG,0.546747430389213
AGCTGT,0.525581775210797
AGCTTA,0.432677125861988
AGCTTC,0.460225637658041
AGCTTG,0.488202585479514
AGCTTT,0.413236088892962
AGGAAA,0.413356963634973
AGGAAC,0.451956750853822
AGGAAG,0.546832045939269
AGGAAT,0.445867867495812
AGGACA,0.498223394855452
AGGACC,0.490420719137508
AGGACG,0.472331258587822
AGGACT,0.478170971890415
AGGAGA,0.536583970924125
AGGAGC,0.569957782622514
AGGAGG,0.639900122032036
AGGAGT,0.465952801633606
AGGATA,0.437101269618817
AGGATC,0.41422683073693
AGGATG,0.531849816983711
AGGATT,0.441811412559693
AGGCAA,0.448741960799632
AGGCAC,0.452863408540386
AGGCAG,0.543569167681887
AGGCAT,0.447784847228638
AGGCCA,0.525084683563492
AGGCCC,0.555341546221478
AGGCCG,0.485439850913452
AGGCCT,0.494641723946206
AGGCGA,0.466755201818282
AGGCGC,0.454419083373048
AGGCGG,0.506208019314085
AGGCGT,0.443689275316528
AGGCTA,0.440541858761628
AGGCTC,0.469112822440168
AGGCTG,0.563571248548662
AGGCTT,0.487170260950469
AGGGAA,0.52985089680391
AGGGAC,0.540827759337649
AGGGAG,0.770201338197056
AGGGAT,0.493727568326141
AGGGCA,0.580075780682681
AGGGCC,0.562405665617549
AGGGCG,0.538270847231316
AGGGCT,0.566728142334647
AGGGGA,0.597821077126475
AGGGGC,0.673519195412834
AGGGGG,0.648975023650278
AGGGGT,0.602313696804286
AGGGTA,0.454094216944449
AGGGTC,0.532365019384641
AGGGTG,0.686829490306047
AGGGTT,0.49174030113265
AGGTAA,0.457199332027892
AGGTAC,0.466227982805677
AGGTAG,0.465057939490763
AGGTAT,0.436699882560243
AGGTCA,0.39896739758316
AGGTCC,0.459048546072421
AGGTCG,0.454117425189665
AGGTCT,0.479755663744307
AGGTGA,0.467671442910026
AGGTGC,0.54579501176947
AGGTGG,0.613813877247345
AGGTGT,0.454210252784678
AGGTTA,0.442750784734112
AGGTTC,0.45701422240664
AGGTTG,0.472764157697189
AGGTTT,0.476470296409669
AGTAAA,0.428185687840384
AGTAAC,0.433198630411217
AGTAAG,0.440847639418813
AGTAAT,0.429494802430868
AGTACA,0.415216591982935
AGTACC,0.438233728888878
AGTACG,0.426350043478646
AGTACT,0.431918087965424
AGTAGA,0.404030992479078
AGTAGC,0.388465283638667
AGTAGG,0.46013336680631
AGTAGT,0.41122743089843
AGTATA,0.409336091846767
AGTATC,0.428352397634175
AGTATG,0.433198630411217
AGTATT,0.420894784301787
AGTCAA,0.431562090525201
AGTCAC,0.436487318286162
AGTCAG,0.447481180815572
AGTCAT,0.431680770420741
AGTCCA,0.459279457573018
AGTCCC,0.421710178316027
AGTCCG,0.434453866601467
AGTCCT,0.450932867163893
AGTCGA,0.423578279690197
AGTCGC,0.427828358954648
AGTCGG,0.428042771607797
AGTCGT,0.426636339664171
AGTCTA,0.414492472607939
AGTCTC,0.415095941827693
AGTCTG,0.485372371699363
AGTCTT,0.445844466998691
AGTGAA,0.420486837833784
AGTGAC,0.495799940056602
AGTGAG,0.473743185301064
AGTGAT,0.481631407181395
AGTGCA,0.466663531519805
AGTGCC,0.474311947079316
AGTGCG,0.44916186780464
AGTGCT,0.447481180815572
AGTGGA,0.507814917968688
AGTGGC,0.489659490444199
AGTGGG,0.634411510463693
AGTGGT,0.471601741483405
AGTGTA,0.441623432187961
AGTGTC,0.456435533889061
AGTGTG,0.531742449732454
AGTGTT,0.448671959153191
AGTTAA,0.421854002385358
AGTTAC,0.420654835946391
AGTTAG,0.412728255367182
AGTTAT,0.444954842105051
AGTTCA,0.431514614622927
AGTTCC,0.447621346003225
AGTTCG,0.42063083794391
AGTTCT,0.441834907621749
AGTTGA,0.455787004930716
AGTTGC,0.474584837871924
AGTTGG,0.459648805103962
AGTTGT,0.433198630411217
AGTTTA,0.412800818805114
AGTTTC,0.441999357601447
AGTTTG,0.43542381863349
AGTTTT,0.412558920199107
ATAAAA,0.382000917617975
ATAAAC,0.421038725683784
ATAAAG,0.403298724942383
ATAAAT,0.412849191505316
ATAACA,0.4295899439465
ATAACC,0.430089288449842
ATAACG,0.426636339664171
ATAACT,0.421901939145421
ATAAGA,0.407684308457464
ATAAGC,0.412800818805114
ATAAGG,0.412873376977976
ATAAGT,0.425514544460973
ATAATA,0.420006687651333
ATAATC,0.408170410389277
ATAATG,0.432321398582836
ATAATT,0.440777082950292
ATACAA,0.403689334356603
ATACAC,0.442750784734112
ATACAG,0.424821744639677
ATACAT,0.423937130210809
ATACCA,0.413598669295714
ATACCC,0.433554045827333
ATACCG,0.420990747525206
ATACCT,0.41422683073693
ATACGA,0.417554329164552
ATACGC,0.426779457025735
ATACGG,0.427804532488446
ATACGT,0.428209505226839
ATACTA,0.449208513256324
ATACTC,0.433293420207498
ATACTG,0.467694338184704
ATACTT,0.434927131465993
ATAGAA,0.404104189749517
ATAGAC,0.417722820614583
ATAGAG,0.442609935149901
ATAGAT,0.42007872487754
ATAGCA,0.451421669698496
ATAGCC,0.427804532488446
ATAGCG,0.417361732738465
ATAGCT,0.433743549077679
ATAGGA,0.450397237720304
ATAGGC,0.434950788830774
ATAGGG,0.454952563497214
ATAGGT,0.435707529148911
ATAGTA,0.418877426414253
ATAGTC,0.414420031822897
ATAGTG,0.419910629943339
ATAGTT,0.443806524734779
ATATAA,0.403469635335375
ATATAC,0.414902871296753
ATATAG,0.413356963634973
ATATAT,0.408267602426661
ATATCA,0.43201299921605
ATATCC,0.444205069957422
ATATCG,0.427065630315778
ATATCT,0.424295852003917
ATATGA,0.441764420779465
ATATGC,0.42286019209668
ATATGG,0.419213935475894
ATATGT,0.439152908666222
ATATTA,0.436227456131345
ATATTC,0.410912456032883
ATATTG,0.439600408312019
ATATTT,0.470163947546513
ATCAAA,0.4295899439465
ATCAAC,0.406833061076814
ATCAAG,0.438068658432992
ATCAAT,0.418468655973154
ATCACA,0.401269986312043
ATCACC,0.439671047848477
ATCACG,0.39950677675044
ATCACT,0.402125980410219
ATCAGA,0.445727456298636
ATCAGC,0.430041742571781
ATCAGG,0.471305223074054
ATCAGT,0.431134726240293
ATCATA,0.406443677942398
ATCATC,0.427828358954648
ATCATG,0.445423164386754
ATCATT,0.435187331701781
ATCCAA,0.433127532167065
ATCCAC,0.391064093345505
ATCCAG,0.440941706966952
ATCCAT,0.447504543044548
ATCCCA,0.402345974797041
ATCCCC,0.434879815057352
ATCCCG,0.424917331776256
ATCCCT,0.485732208235032
ATCCGA,0.429185529975452
ATCCGC,0.421038725683784
ATCCGG,0.440777082950292
ATCCGT,0.423434703417553
ATCCTA,0.427184845020411
ATCCTC,0.447691421230385
ATCCTG,0.458031901548539
ATCCTT,0.429161735824291
ATCGAA,0.416615071031847
ATCGAC,0.435494753808795
ATCGAG,0.41178445120473
ATCGAT,0.419141835923466
ATCGCA,0.423937130210809
ATCGCC,0.427304045514592
ATCGCG,0.414323435945746
ATCGCT,0.412413752943349
ATCGGA,0.448251846338481
ATCGGC,0.436463697244135
ATCGGG,0.439882936523121
ATCGGT,0.420246791560583
ATCGTA,0.422093663209649
ATCGTC,0.439765226135623
ATCGTG,0.431846898615391
ATCGTT,0.4159884084707
ATCTAA,0.451654348859985
ATCTAC,0.428971362230435
ATCTAG,0.432202794697139
ATCTAT,0.43405141528759
ATCTCA,0.422884136659345
ATCTCC,0.41856485228711
ATCTCG,0.417698752145491
ATCTCT,0.478850433065046
ATCTGA,0.529872411834316
ATCTGC,0.440565383670519
ATCTGG,0.455671151916673
ATCTGT,0.443478191713933
ATCTTA,0.421830033143574
ATCTTC,0.420846799236504
ATCTTG,0.432273958716569
ATCTTT,0.458678976729748
ATGAAA,0.48332333530121
ATGAAC,0.450723307200011
ATGAAG,0.492946529844532
ATGAAT,0.458933070323999
ATGACA,0.514107537809547
ATGACC,0.452700735628411
ATGACG,0.418781260165523
ATGACT,0.473447301283676
ATGAGA,0.477808403738171
ATGAGC,0.441787916945608
ATGAGG,0.526445694303854
ATGAGT,0.441999357601447
ATGATA,0.425896573487369
ATGATC,0.425848827839739
ATGATG,0.57886783186189
ATGATT,0.47973304296142
ATGCAA,0.44787826449929
ATGCAC,0.434453866601467
ATGCAG,0.464139299566256
ATGCAT,0.430469574114271
ATGCCA,0.474402918951479
ATGCCC,0.447317629928728
ATGCCG,0.430873469237967
ATGCCT,0.443923760407215
ATGCGA,0.43049333716724
ATGCGC,0.406784396475881
ATGCGG,0.436770727278662
ATGCGT,0.433459280733653
ATGCTA,0.444626885960119
ATGCTC,0.427208686255975
ATGCTG,0.485529816116353
ATGCTT,0.457500062099547
ATGGAA,0.449907934061585
ATGGAC,0.462276465009967
ATGGAG,0.502411661295947
ATGGAT,0.468929905236715
ATGGCA,0.472034956446877
ATGGCC,0.464047389142283
ATGGCG,0.429399651862467
ATGGCT,0.468724083381297
ATGGGA,0.519665513110592
ATGGGC,0.505326430605336
ATGGGG,0.604552460380908
ATGGGT,0.525322453876332
ATGGTA,0.429566159416195
ATGGTC,0.464644655954073
ATGGTG,0.465929866450773
ATGGTT,0.455995506538762
ATGTAA,0.43229767893102
ATGTAC,0.436487318286162
ATGTAG,0.419165869685207
ATGTAT,0.446639776867019
ATGTCA,0.43558932621597
ATGTCC,0.464621690748703
ATGTCG,0.427637731327526
ATGTCT,0.534615914187123
ATGTGA,0.459510315765803
ATGTGC,0.469981222528469
ATGTGG,0.521055619927947
ATGTGT,0.468678339437683
ATGTTA,0.424008884864675
ATGTTC,0.460663807973212
ATGTTG,0.445399753480924
ATGTTT,0.461217011979332
ATTAAA,0.421973839977167
ATTAAC,0.447527904727744
ATTAAG,0.41654278385198
ATTAAT,0.416398193814046
ATTACA,0.391879469206736
ATTACC,0.421038725683784
ATTACG,0.421062713899887
ATTACT,0.449395073308123
ATTAGA,0.416687352986656
ATTAGC,0.413042658910338
ATTAGG,0.453676376399716
ATTAGT,0.417770955814964
ATTATA,0.402419295505623
ATTATC,0.431633300152701
ATTATG,0.409117630051706
ATTATT,0.45516123914209
ATTCAA,0.436014791401877
ATTCAC,0.417313577835544
ATTCAG,0.423219300349661
ATTCAT,0.424797846427823
ATTCCA,0.422764408112189
ATTCCC,0.438445922301772
ATTCCG,0.416012518139873
ATTCCT,0.441317888697435
ATTCGA,0.425347360857732
ATTCGC,0.431585827631129
ATTCGG,0.425347360857732
ATTCGT,0.509968072402063
ATTCTA,0.418997621221698
ATTCTC,0.427494736755998
ATTCTG,0.478374858722281
ATTCTT,0.450420531923716
ATTGAA,0.424008884864675
ATTGAC,0.435210982911784
ATTGAG,0.422453046785531
ATTGAT,0.441975866402882
ATTGCA,0.449045244655425
ATTGCC,0.444884574842109
ATTGCG,0.432084176742891
ATTGCT,0.453211904268953
ATTGGA,0.446499474020342
ATTGGC,0.446593011438636
ATTGGG,0.483007725946771
ATTGGT,0.456250282814313
ATTGTA,0.431348431212776
ATTGTC,0.449395073308123
ATTGTG,0.469432847058289
ATTGTT,0.452538036249655
ATTTAA,0.450886302078039
ATTTAC,0.428114232277222
ATTTAG,0.418252180426832
ATTTAT,0.432677125861988
ATTTCA,0.474766723703894
ATTTCC,0.462253445353529
ATTTCG,0.417674683097093
ATTTCT,0.494619437407446
ATTTGA,0.463426772726654
ATTTGC,0.435872989785693
ATTTGG,0.475834635372199
ATTTGT,0.434430197477755
ATTTTA,0.418180011496436
ATTTTC,0.463656675570245
ATTTTG,0.447924969862274
ATTTTT,0.438681639964253
CAAAAA,0.333500847547608
CAAAAC,0.400584663079167
CAAAAG,0.426660193980212
CAAAAT,0.421662232362469
CAAACA,0.426135267536802
CAAACC,0.41988661407454
CAAACG,0.426946401397304
CAAACT,0.420606839365512
CAAAGA,0.431372173390839
CAAAGC,0.448135117005195
CAAAGG,0.435281933185699
CAAAGT,0.396806966898982
CAAATA,0.408923401715426
CAAATC,0.426517059547797
CAAATG,0.460663807973212
CAAATT,0.489301064569601
CAACAA,0.427971305831379
CAACAC,0.435163679932385
CAACAG,0.447481180815572
CAACAT,0.399898869856245
CAACCA,0.397961413978852
CAACCC,0.431918087965424
CAACCG,0.432653414646499
CAACCT,0.407903083568771
CAACGA,0.412026537203589
CAACGC,0.419334089845931
CAACGG,0.418324344149249
CAACGT,0.40948170653378
CAACTA,0.429780199826345
CAACTC,0.43405141528759
CAACTG,0.429137941106955
CAACTT,0.416783720799838
CAAGAA,0.454558279541333
CAAGAC,0.405567011136117
CAAGAG,0.432843088630068
CAAGAT,0.411808662442039
CAAGCA,0.407781547749271
CAAGCC,0.431443396543071
CAAGCG,0.403030092436894
CAAGCT,0.410694338379415
CAAGGA,0.501371772277164
CAAGGC,0.457245604079705
CAAGGG,0.48384162023737
CAAGGT,0.420030700636669
CAAGTA,0.399604814440677
CAAGTC,0.428257138298014
CAAGTG,0.469067096275962
CAAGTT,0.435092721267576
CAATAA,0.403567285303828
CAATAC,0.423937130210809
CAATAG,0.439058672691689
CAATAT,0.424702247868753
CAATCA,0.409869908735446
CAATCC,0.418997621221698
CAATCG,0.428114232277222
CAATCT,0.455995506538762
CAATGA,0.496022520213992
CAATGC,0.447948321725771
CAATGG,0.42642162520966
CAATGT,0.426779457025735
CAATTA,0.415674929863839
CAATTC,0.440165384934579
CAATTG,0.419862597628964
CAATTT,0.424343671855214
CACAAA,0.425227926883495
CACAAC,0.424367580923364
CACAAG,0.446218809258509
CACAAT,0.432084176742891
CACACA,0.419526306813931
CACACC,0.415264847969519
CACACG,0.413743664654748
CACACT,0.482173135696087
CACAGA,0.466136264161916
CACAGC,0.455763835401637
CACAGG,0.540231731016847
CACAGT,0.456180804812728
CACATA,0.432937912132476
CACATC,0.412655686663415
CACATG,0.486249246513461
CACATT,0.475539369626062
CACCAA,0.440541858761628
CACCAC,0.396585750445328
CACCAG,0.515308932404984
CACCAT,0.418781260165523
CACCCA,0.421254598915882
CACCCC,0.440118315739065
CACCCG,0.43039828156708
CACCCT,0.486563834630665
CACCGA,0.424295852003917
CACCGC,0.42247700109898
CACCGG,0.436581796875127
CACCGT,0.4219978057723
CACCTA,0.447224160267993
CACCTC,0.451910233421909
CACCTG,0.468037704416508
CACCTT,0.454720650586213
CACGAA,0.423338974448874
CACGAC,0.410670100147576
CACGAG,0.413695335204327
CACGAT,0.435045412693586
CACGCA,0.466365545000167
CACGCC,0.361589801005855
CACGCG,0.433554045827333
CACGCT,0.40948170653378
CACGGA,0.4303269839369
CACGGC,0.428923763168603
CACGGG,0.467808806695846
CACGGT,0.428352397634175
CACGTA,0.415240720267307
CACGTC,0.405469556255217
CACGTG,0.464162275852384
CACGTT,0.436865179096604
CACTAA,0.444603456405047
CACTAC,0.434950788830774
CACTAG,0.424654445161842
CACTAT,0.421782092936363
CACTCA,0.466159194611522
CACTCC,0.429471015637532
CACTCG,0.430065515793387
CACTCT,0.439930016798789
CACTGA,0.567412205870329
CACTGC,0.42223743213916
CACTGG,0.480207971978301
CACTGT,0.476197919726596
CACTTA,0.449791397893586
CACTTC,0.460640751163586
CACTTG,0.467350854012032
CACTTT,0.420942767064614
CAGAAA,0.446616394426203
CAGAAC,0.442680362421832
CAGAAG,0.478556056570168
CAGAAT,0.44298548996431
CAGACA,0.44906857037337
CAGACC,0.456134483463085
CAGACG,0.435896624784802
CAGACT,0.474471142424965
CAGAGA,0.470483636009189
CAGAGC,0.487686556426727
CAGAGG,0.570618985643127
CAGAGT,0.474152726386473
CAGATA,0.437809206937165
CAGATC,0.461286140966993
CAGATG,0.521012208327351
CAGATT,0.443102821925186
CAGCAA,0.421806063327251
CAGCAC,0.445352930024988
CAGCAG,0.575954569154626
CAGCAT,0.450886302078039
CAGCCA,0.487349872221036
CAGCCC,0.489435489327998
CAGCCG,0.469821310744143
CAGCCT,0.380278334615898
CAGCGA,0.433411894818941
CAGCGC,0.443196677582806
CAGCGG,0.470346639182225
CAGCGT,0.440212451914688
CAGCTA,0.393088953640028
CAGCTC,0.442750784734112
CAGCTG,0.610544419859042
CAGCTT,0.466136264161916
CAGGAA,0.475925468834253
CAGGAC,0.524911724183287
CAGGAG,0.556745801369307
CAGGAT,0.460110297763018
CAGGCA,0.462046244596408
CAGGCC,0.578662950081015
CAGGCG,0.440565383670519
CAGGCT,0.500751749529516
CAGGGA,0.678556836339902
CAGGGC,0.584180077511488
CAGGGG,0.696783711207124
CAGGGT,0.590375993085872
CAGGTA,0.4860694374315
CAGGTC,0.464185251610615
CAGGTG,0.571857564176832
CAGGTT,0.508914045408275
CAGTAA,0.426039796753902
CAGTAC,0.440494807283515
CAGTAG,0.436274708818903
CAGTAT,0.450210864556112
CAGTCA,0.44801837404458
CAGTCC,0.437549688108789
CAGTCG,0.43405141528759
CAGTCT,0.440494807283515
CAGTGA,0.505943624297725
CAGTGC,0.487843636938102
CAGTGG,0.524500825722041
CAGTGT,0.476107111009953
CAGTTA,0.416157163949388
CAGTTC,0.463978450780189
CAGTTG,0.449884627914414
CAGTTT,0.422932024064716
CATAAA,0.419694466357887
CATAAC,0.423673985754269
CATAAG,0.422668614952248
CATAAT,0.429732639249773
CATACA,0.44284467343668
CATACC,0.411711813975498
CATACG,0.422261391618005
CATACT,0.424630542951448
CATAGA,0.413767828504085
CATAGC,0.448391903554831
CATAGG,0.453351268561692
CATAGT,0.43466686350842
CATATA,0.415481971096855
CATATC,0.437384504690023
CATATG,0.435376525721022
CATATT,0.464621690748703
CATCAA,0.409239003607625
CATCAC,0.402932389994918
CATCAG,0.459902652421752
CATCAT,0.428780952387572
CATCCA,0.404640806083504
CATCCC,0.468952771717003
CATCCG,0.434146124286851
CATCCT,0.456551298386109
CATCGA,0.424534928396304
CATCGC,0.417337655576867
CATCGG,0.441693928968436
CATCGT,0.425347360857732
CATCTA,0.43125345686321
CATCTC,0.419838580606585
CATCTG,0.451468209862163
CATCTT,0.424152378728063
CATGAA,0.476356815140951
CATGAC,0.450094363687181
CATGAG,0.44771477854825
CATGAT,0.461654748213968
CATGCA,0.462115316285797
CATGCC,0.429970419515776
CATGCG,0.427494736755998
CATGCT,0.476538378989976
CATGGA,0.473447301283676
CATGGC,0.458632770957048
CATGGG,0.599508175658882
CATGGT,0.435305582158394
CATGTA,0.42625459319935
CATGTC,0.481134564772567
CATGTG,0.502190498858026
CATGTT,0.460202570743275
CATTAA,0.412970113019669
CATTAC,0.429209323560465
CATTAG,0.426135267536802
CATTAT,0.431039731591104
CATTCA,0.42935207318294
CATTCC,0.426540916709318
CATTCG,0.451351855391519
CATTCT,0.450443825584521
CATTGA,0.429185529975452
CATTGC,0.46560871864649
CATTGG,0.460225637658041
CATTGT,0.438092241595016
CATTTA,0.437549688108789
CATTTC,0.481089385037845
CATTTG,0.441787916945608
CATTTT,0.429066553557626
CCAAAA,0.398084149102141
CCAAAC,0.424319762215408
CCAAAG,0.416422293605574
CCAAAT,0.418997621221698
CCAACA,0.436629032822494
CCAACC,0.448718627461951
CCAACG,0.425204038376815
CCAACT,0.425466780569199
CCAAGA,0.42527570218494
CCAAGC,0.422381180402136
CCAAGG,0.444345695062441
CCAAGT,0.420390826239059
CCAATA,0.425251814819528
CCAATC,0.436062054139246
CCAATG,0.44605505176239
CCAATT,0.436062054139246
CCACAA,0.432511135545695
CCACAC,0.447504543044548
CCACAG,0.513582840226817
CCACAT,0.470757573371579
CCACCA,0.448298534256857
CCACCC,0.463311801481076
CCACCG,0.405298987357053
CCACCT,0.477400357374552
CCACGA,0.427494736755998
CCACGC,0.402981242409127
CCACGG,0.455508935144875
CCACGT,0.438068658432992
CCACTA,0.416928255109181
CCACTC,0.450513703311545
CCACTG,0.466846863714086
CCACTT,0.447037194732706
CCAGAA,0.465769305440621
CCAGAC,0.452700735628411
CCAGAG,0.509616853497774
CCAGAT,0.459994944563169
CCAGCA,0.461839000898235
CCAGCC,0.398574939011637
CCAGCG,0.418300290153728
CCAGCT,0.428947562982728
CCAGGA,0.546430058294322
CCAGGC,0.496467531958105
CCAGGG,0.654384495235283
CCAGGT,0.555173742104257
CCAGTA,0.446148630758088
CCAGTC,0.460732975212563
CCAGTG,0.524154674962709
CCAGTT,0.423554351742916
CCATAA,0.426731753514353
CCATAC,0.431657035568399
CCATAG,0.47980090377504
CCATAT,0.477989704246251
CCATCA,0.428352397634175
CCATCC,0.442257724371015
CCATCG,0.436983231325053
CCATCT,0.440447753591457
CCATGA,0.477921720407601
CCATGC,0.463817576117627
CCATGG,0.522508820574138
CCATGT,0.462805770907089
CCATTA,0.417169099211849
CCATTC,0.442116805317438
CCATTG,0.448835288706291
CCATTT,0.457083642530168
CCCAAA,0.38347150117456
CCCAAC,0.437195690223067
CCCAAG,0.439035112310424
CCCAAT,0.438893738364726
CCCACA,0.498711820998798
CCCACC,0.43011306054117
CCCACG,0.409505973586951
CCCACT,0.474948576459425
CCCAGA,0.497912453963824
CCCAGC,0.405688816382965
CCCAGG,0.581016560028563
CCCAGT,0.461585644703938
CCCATA,0.428447647896859
CCCATC,0.440306579229526
CCCATG,0.486586301423967
CCCATT,0.449115220177056
CCCCAA,0.441059278960002
CCCCAC,0.430160603028557
CCCCAG,0.533072989561677
CCCCAT,0.483616311966184
CCCCCA,0.43955331251537
CCCCCC,0.420510839292187
CCCCCG,0.460963498131288
CCCCCT,0.509441197776776
CCCCGA,0.424941227132829
CCCCGC,0.458332381383298
CCCCGG,0.487843636938102
CCCCGT,0.466617693219082
CCCCTA,0.455346692054527
CCCCTC,0.516050891433215
CCCCTG,0.626903008936124
CCCCTT,0.494285079709533
CCCGAA,0.433909334968211
CCCGAC,0.420510839292187
CCCGAG,0.437384504690023
CCCGAT,0.419694466357887
CCCGCA,0.475425782659399
CCCGCC,0.406760063287295
CCCGCG,0.441811412559693
CCCGCT,0.461193967921445
CCCGGA,0.436298334325402
CCCGGC,0.430944727917074
CCCGGG,0.572352566367788
CCCGGT,0.445071943238871
CCCGTA,0.443689275316528
CCCGTC,0.423721835351655
CCCGTG,0.464621690748703
CCCGTT,0.431277201296252
CCCTAA,0.456389224337583
CCCTAC,0.415120073023286
CCCTAG,0.47642490544753
CCCTAT,0.434998101881389
CCCTCA,0.488471712356945
CCCTCC,0.483954255339391
CCCTCG,0.464460919542196
CCCTCT,0.524046478273278
CCCTGA,0.553641227354462
CCCTGC,0.562697188742278
CCCTGG,0.64706329281085
CCCTGT,0.558294481449135
CCCTTA,0.433340811736437
CCCTTC,0.475880053134566
CCCTTG,0.514631960229094
CCCTTT,0.47221730661562
CCGAAA,0.408656276140806
CCGAAC,0.427780705454531
CCGAAG,0.441482423715872
CCGAAT,0.43750249563046
CCGACA,0.422357223793231
CCGACC,0.456759640715215
CCGACG,0.414468326262661
CCGACT,0.439294245979328
CCGAGA,0.432866795348637
CCGAGC,0.440941706966952
CCGAGG,0.463265809281441
CCGAGT,0.409991191024496
CCGATA,0.421877971052631
CCGATC,0.432653414646499
CCGATG,0.415337227583474
CCGATT,0.424893435848682
CCGCAA,0.418781260165523
CCGCAC,0.432392554162738
CCGCAG,0.506956759128513
CCGCAT,0.409966935743409
CCGCCA,0.422021770993087
CCGCCC,0.392447368565343
CCGCCG,0.46384055979687
CCGCCT,0.412655686663415
CCGCGA,0.41362283664891
CCGCGC,0.431277201296252
CCGCGG,0.490308810077062
CCGCGT,0.441505926508721
CCGCTA,0.412945929886531
CCGCTC,0.422979909176994
CCGCTG,0.462322502733189
CCGCTT,0.442750784734112
CCGGAA,0.429280700918884
CCGGAC,0.434856156013439
CCGGAG,0.459233279538311
CCGGAT,0.435305582158394
CCGGCA,0.435920259225312
CCGGCC,0.45153801604669
CCGGCG,0.461677781656176
CCGGCT,0.446896947637718
CCGGGA,0.516552492916859
CCGGGC,0.499466192480536
CCGGGG,0.613655604430381
CCGGGT,0.471373658203536
CCGGTA,0.42247700109898
CCGGTC,0.4244153973448
CCGGTG,0.437219293981187
CCGGTT,0.44797167304397
CCGTAA,0.422764408112189
CCGTAC,0.421254598915882
CCGTAG,0.430992230882301
CCGTAT,0.431823167705798
CCGTCA,0.447387726441347
CCGTCC,0.476787975468231
CCGTCG,0.430778449766339
CCGTCT,0.421326546305323
CCGTGA,0.439765226135623
CCGTGC,0.468358073228748
CCGTGG,0.485979520764826
CCGTGT,0.487753879667252
CCGTTA,0.431823167705798
CCGTTC,0.42369791083916
CCGTTG,0.440565383670519
CCGTTT,0.434098770908445
CCTAAA,0.434785175523012
CCTAAC,0.48136043283312
CCTAAG,0.417265420613617
CCTAAT,0.44103576566722
CCTACA,0.434098770908445
CCTACC,0.439247135761173
CCTACG,0.422045735639556
CCTACT,0.457800701759814
CCTAGA,0.449791397893586
CCTAGC,0.43750249563046
CCTAGG,0.474038981796995
CCTAGT,0.4303269839369
CCTATA,0.426350043478646
CCTATC,0.422141588482801
CCTATG,0.44343127819522
CCTATT,0.424176292370236
CCTCAA,0.412268564611001
CCTCAC,0.466227982805677
CCTCAG,0.465195662722088
CCTCAT,0.444181630517188
CCTCCA,0.455949176604859
CCTCCC,0.429399651862467
CCTCCG,0.417409885322603
CCTCCT,0.43955331251537
CCTCGA,0.437927147780179
CCTCGC,0.448648624182062
CCTCGG,0.422309308853593
CCTCGT,0.429732639249773
CCTCTA,0.456528146558788
CCTCTC,0.475743793658678
CCTCTG,0.562093225075524
CCTCTT,0.467350854012032
CCTGAA,0.480614874544462
CCTGAC,0.544523707585472
CCTGAG,0.578007046157198
CCTGAT,0.525106301382775
CCTGCA,0.517032050322054
CCTGCC,0.454767037471301
CCTGCG,0.496156044532182
CCTGCT,0.477355008610106
CCTGGA,0.556976162387486
CCTGGC,0.555236671948053
CCTGGG,0.723498129887663
CCTGGT,0.507660943677042
CCTGTA,0.387820724259275
CCTGTC,0.572373186142598
CCTGTG,0.652254675698309
CCTGTT,0.494797715811764
CCTTAA,0.427351721734097
CCTTAC,0.429827758141016
CCTTAG,0.448975264236877
CCTTAT,0.448251846338481
CCTTCA,0.436699882560243
CCTTCC,0.485552306152489
CCTTCG,0.43894086523406
CCTTCT,0.508628388470947
CCTTGA,0.460594635949423
CCTTGC,0.476924092748387
CCTTGG,0.535899868672337
CCTTGT,0.476924092748387
CCTTTA,0.423506494130643
CCTTTC,0.481179742466172
CCTTTG,0.482060299787377
CCTTTT,0.496823398822838
CGAAAA,0.42305173254634
CGAAAC,0.414444179334323
CGAAAG,0.43051709965554
CGAAAT,0.415168333667599
CGAACA,0.431015981518742
CGAACC,0.432937912132476
CGAACG,0.422357223793231
CGAACT,0.407732929285303
CGAAGA,0.428447647896859
CGAAGC,0.431799436233034
CGAAGG,0.452909881655195
CGAAGT,0.412413752943349
CGAATA,0.417482109851581
CGAATC,0.435281933185699
CGAATG,0.421830033143574
CGAATT,0.422309308853593
CGACAA,0.430469574114271
CGACAC,0.425705577217443
CGACAG,0.430778449766339
CGACAT,0.424534928396304
CGACCA,0.439718138100744
CGACCC,0.437997905609743
CGACCG,0.420918775970994
CGACCT,0.444626885960119
CGACGA,0.417915347515683
CGACGC,0.406346308463677
CGACGG,0.429423440353359
CGACGT,0.43693601210602
CGACTA,0.423530423223073
CGACTC,0.44906857037337
CGACTG,0.455346692054527
CGACTT,0.434217150150333
CGAGAA,0.428209505226839
CGAGAC,0.424008884864675
CGAGAG,0.441482423715872
CGAGAT,0.41728949951447
CGAGCA,0.428947562982728
CGAGCC,0.427828358954648
CGAGCG,0.432487420394001
CGAGCT,0.438681639964253
CGAGGA,0.423195363811096
CGAGGC,0.456551298386109
CGAGGG,0.496400792819937
CGAGGT,0.412607304601729
CGAGTA,0.413647003418058
CGAGTC,0.427661561768294
CGAGTG,0.463679662947829
CGAGTT,0.408704849734878
CGATAA,0.418733173572955
CGATAC,0.429970419515776
CGATAG,0.419213935475894
CGATAT,0.429803979266405
CGATCA,0.427041785669299
CGATCC,0.420654835946391
CGATCG,0.424654445161842
CGATCT,0.410985151346362
CGATGA,0.431348431212776
CGATGC,0.432700836515269
CGATGG,0.465654603219171
CGATGT,0.423147489015023
CGATTA,0.423841449329149
CGATTC,0.415313101627574
CGATTG,0.431562090525201
CGATTT,0.427852184853163
CGCAAA,0.470666269255159
CGCAAC,0.421326546305323
CGCAAG,0.443407820610509
CGCAAT,0.421518380707365
CGCACA,0.42036682189996
CGCACC,0.405713175652054
CGCACG,0.42904275657532
CGCACT,0.443689275316528
CGCAGA,0.428185687840384
CGCAGC,0.440588908026002
CGCAGG,0.501150379709758
CGCAGT,0.479642554712525
CGCATA,0.4301368320674
CGCATC,0.412945929886531
CGCATG,0.416060735734461
CGCATT,0.411542306586049
CGCCAA,0.428185687840384
CGCCAC,0.393138289292466
CGCCAG,0.431324688471008
CGCCAT,0.418709129409523
CGCCCA,0.43203672562125
CGCCCC,0.388787407598982
CGCCCG,0.412171760677194
CGCCCT,0.444697171331851
CGCCGA,0.447340995978885
CGCCGC,0.447387726441347
CGCCGG,0.480343624564486
CGCCGT,0.440706521503205
CGCCTA,0.417867219265291
CGCCTC,0.397347512302008
CGCCTG,0.461447423356341
CGCCTT,0.404957762254658
CGCGAA,0.420270798781069
CGCGAC,0.430469574114271
CGCGAG,0.433222328702654
CGCGAT,0.428709539348234
CGCGCA,0.433625113754656
CGCGCC,0.414299285518456
CGCGCG,0.442750784734112
CGCGCT,0.441106303887006
CGCGGA,0.440659477772262
CGCGGC,0.440047707791454
CGCGGG,0.515570863162099
CGCGGT,0.43736090483122
CGCGTA,0.425371245940938
CGCGTC,0.430350750378448
CGCGTG,0.469295706191036
CGCGTT,0.429137941106955
CGCTAA,0.431277201296252
CGCTAC,0.41892550607086
CGCTAG,0.421446447119081
CGCTAT,0.419165869685207
CGCTCA,0.426469343517193
CGCTCC,0.39886929737906
CGCTCG,0.407124998959784
CGCTCT,0.42932828299425
CGCTGA,0.468975637674427
CGCTGC,0.472445197576452
CGCTGG,0.488897681840295
CGCTGT,0.443126286665437
CGCTTA,0.424439304698142
CGCTTC,0.416229479008998
CGCTTG,0.461470461574394
CGCTTT,0.455230788014721
CGGAAA,0.430422046314218
CGGAAC,0.427494736755998
CGGAAG,0.431490875826528
CGGAAT,0.424295852003917
CGGACA,0.43523463356242
CGGACC,0.430730936644548
CGGACG,0.431372173390839
CGGACT,0.427256367021957
CGGAGA,0.454442284079996
CGGAGC,0.483638845077812
CGGAGG,0.474198220599918
CGGAGT,0.456921654744838
CGGATA,0.430944727917074
CGGATC,0.430659662728787
CGGATG,0.463288805645669
CGGATT,0.423291106527802
CGGCAA,0.420654835946391
CGGCAC,0.414154370705328
CGGCAG,0.475130396150544
CGGCAT,0.433174931558157
CGGCCA,0.436676266538732
CGGCCC,0.44906857037337
CGGCCG,0.44465031496626
CGGCCT,0.448275190570139
CGGCGA,0.445914666847367
CGGCGC,0.430968479681754
CGGCGG,0.499577081481404
CGGCGT,0.427232526923148
CGGCTA,0.411929709836607
CGGCTC,0.461954141588531
CGGCTG,0.488494136327696
CGGCTT,0.44448630039482
CGGGAA,0.498356625646059
CGGGAC,0.478940993016791
CGGGAG,0.560654739911043
CGGGAT,0.442868144235029
CGGGCA,0.457338141760518
CGGGCC,0.486968159702545
CGGGCG,0.496734443978566
CGGGCT,0.473060243884972
CGGGGA,0.57037108574071
CGGGGC,0.617644343727293
CGGGGG,0.614407177306865
CGGGGT,0.450234163101293
CGGGTA,0.43203672562125
CGGGTC,0.479099453201116
CGGGTG,0.521511327989673
CGGGTT,0.466090401685226
CGGTAA,0.43419347542302
CGGTAC,0.423410772034498
CGGTAG,0.438115824200888
CGGTAT,0.424726148365323
CGGTCA,0.42863812120871
CGGTCC,0.440777082950292
CGGTCG,0.427423231801709
CGGTCT,0.415795510188514
CGGTGA,0.430208143255764
CGGTGC,0.467121799000859
CGGTGG,0.485394865276668
CGGTGT,0.437101269618817
CGGTTA,0.421182646349642
CGGTTC,0.43141965605596
CGGTTG,0.44797167304397
CGGTTT,0.447340995978885
CGTAAA,0.43523463356242
CGTAAC,0.422884136659345
CGTAAG,0.418733173572955
CGTAAT,0.421086701540569
CGTACA,0.422045735639556
CGTACC,0.414951142424247
CGTACG,0.417072768531376
CGTACT,0.42656477330169
CGTAGA,0.421086701540569
CGTAGC,0.42863812120871
CGTAGG,0.426803307928094
CGTAGT,0.438658070698174
CGTATA,0.415361352957326
CGTATC,0.429518588658406
CGTATG,0.4301368320674
CGTATT,0.427971305831379
CGTCAA,0.420006687651333
CGTCAC,0.426612484779089
CGTCAG,0.469158546513587
CGTCAT,0.428423836181732
CGTCCA,0.418300290153728
CGTCCC,0.458286159592747
CGTCCG,0.445259276535295
CGTCCT,0.450793165400905
CGTCGA,0.427780705454531
CGTCGC,0.434761514239886
CGTCGG,0.416663259582235
CGTCGT,0.413453652909978
CGTCTA,0.420174766440853
CGTCTC,0.398280493971853
CGTCTG,0.493794486105706
CGTCTT,0.446195416972256
CGTGAA,0.490196888491577
CGTGAC,0.43241627156428
CGTGAG,0.427613900318855
CGTGAT,0.423865370407843
CGTGCA,0.454465484248684
CGTGCC,0.432487420394001
CGTGCG,0.454767037471301
CGTGCT,0.48645149309218
CGTGGA,0.449208513256324
CGTGGC,0.486249246513461
CGTGGG,0.547931397044729
CGTGGT,0.437809206937165
CGTGTA,0.443618919066245
CGTGTC,0.449534970509969
CGTGTG,0.507814917968688
CGTGTT,0.443595465882774
CGTTAA,0.434430197477755
CGTTAC,0.420006687651333
CGTTAG,0.423817527678223
CGTTAT,0.425753329704993
CGTTCA,0.420462835799298
CGTTCC,0.498312217354766
CGTTCG,0.423769682659567
CGTTCT,0.429018959026704
CGTTGA,0.440165384934579
CGTTGC,0.423243236315283
CGTTGG,0.449301797632805
CGTTGT,0.43542381863349
CGTTTA,0.430231912521867
CGTTTC,0.459302545790742
CGTTTG,0.445938065701852
CGTTTT,0.426946401397304
CTAAAA,0.393656166743055
CTAAAC,0.415891963980826
CTAAAG,0.453281588843123
CTAAAT,0.422141588482801
CTAACA,0.488673509993964
CTAACC,0.455393049909262
CTAACG,0.426684047727238
CTAACT,0.502699099359973
CTAAGA,0.418612946974161
CTAAGC,0.426588629324938
CTAAGG,0.439930016798789
CTAAGT,0.429566159416195
CTAATA,0.439694593251797
CTAATC,0.449861321224054
CTAATG,0.446593011438636
CTAATT,0.417963473449858
CTACAA,0.43279567350684
CTACAC,0.444158190527534
CTACAG,0.426851008026282
CTACAT,0.424917331776256
CTACCA,0.42007872487754
CTACCC,0.449534970509969
CTACCG,0.425848827839739
CTACCT,0.451212212153751
CTACGA,0.423458634227911
CTACGC,0.42529958897976
CTACGG,0.417096852071471
CTACGT,0.429209323560465
CTACTA,0.409603035911165
CTACTC,0.401049755060317
CTACTG,0.449558284807636
CTACTT,0.423458634227911
CTAGAA,0.445142197337645
CTAGAC,0.42863812120871
CTAGAG,0.439576860690946
CTAGAT,0.42408063437018
CTAGCA,0.421158661010367
CTAGCC,0.428971362230435
CTAGCG,0.433814603539154
CTAGCT,0.470209623584558
CTAGGA,0.439482664661359
CTAGGC,0.460917397798613
CTAGGG,0.462529646263248
CTAGGT,0.441200347107503
CTAGTA,0.420198775390503
CTAGTC,0.431965544716755
CTAGTG,0.414323435945746
CTAGTT,0.434098770908445
CTATAA,0.413453652909978
CTATAC,0.421734150430778
CTATAG,0.444251947189732
CTATAT,0.421662232362469
CTATCA,0.418396502664439
CTATCC,0.445001684204113
CTATCG,0.421158661010367
CTATCT,0.441364901465193
CTATGA,0.477355008610106
CTATGC,0.424056718440339
CTATGG,0.435920259225312
CTATGT,0.426684047727238
CTATTA,0.418540804076144
CTATTC,0.456504994195448
CTATTG,0.436888790657227
CTATTT,0.42789983494724
CTCAAA,0.380103413919569
CTCAAC,0.415481971096855
CTCAAG,0.41403359231709
CTCAAT,0.440659477772262
CTCACA,0.463794591910123
CTCACC,0.451584550796019
CTCACG,0.402003740390678
CTCACT,0.442680362421832
CTCAGA,0.464506856810175
CTCAGC,0.448485264135793
CTCAGG,0.508848131818806
CTCAGT,0.450700020048522
CTCATA,0.425777205093683
CTCATC,0.4342881709695
CTCATG,0.448228501561857
CTCATT,0.456296598800408
CTCCAA,0.432250237939457
CTCCAC,0.47082604598852
CTCCAG,0.486271720375581
CTCCAT,0.455439405615047
CTCCCA,0.406224583281364
CTCCCC,0.506956759128513
CTCCCG,0.420582840211168
CTCCCT,0.446382539942501
CTCCGA,0.442234239241083
CTCCGC,0.401367851302043
CTCCGG,0.421014736892233
CTCCGT,0.461263098502082
CTCCTA,0.462253445353529
CTCCTC,0.458471033937611
CTCCTG,0.509660762607363
CTCCTT,0.48145076577469
CTCGAA,0.414106061100509
CTCGAC,0.41178445120473
CTCGAG,0.447995023816898
CTCGAT,0.426326181762942
CTCGCA,0.420870792056966
CTCGCC,0.448905278920728
CTCGCG,0.439459114267507
CTCGCT,0.460548518608549
CTCGGA,0.421350527618198
CTCGGC,0.439129350505115
CTCGGG,0.476946777160531
CTCGGT,0.401465706715425
CTCGTA,0.424582736816644
CTCGTC,0.416735538054091
CTCGTG,0.441740924061239
CTCGTT,0.433838287237748
CTCTAA,0.441623432187961
CTCTAC,0.409287548905462
CTCTAG,0.455763835401637
CTCTAT,0.435021757567277
CTCTCA,0.459394893331349
CTCTCC,0.52651045815831
CTCTCG,0.424176292370236
CTCTCT,0.528666856702943
CTCTGA,0.567059867943018
CTCTGC,0.537395734969312
CTCTGG,0.568716847361651
CTCTGT,0.484066877756174
CTCTTA,0.447013821582752
CTCTTC,0.442680362421832
CTCTTG,0.472695817663841
CTCTTT,0.519991492816488
CTGAAA,0.459348720627054
CTGAAC,0.456180804812728
CTGAAG,0.506714581118554
CTGAAT,0.478827791795629
CTGACA,0.601292596681915
CTGACC,0.596594135795129
CTGACG,0.464323095075506
CTGACT,0.655713332615106
CTGAGA,0.567598687468163
CTGAGC,0.584098564025896
CTGAGG,0.63080046150905
CTGAGT,0.520013221019115
CTGATA,0.478669288554527
CTGATC,0.47426645803959
CTGATG,0.579031707068845
CTGATT,0.515963630703203
CTGCAA,0.393878032147053
CTGCAC,0.45028075856325
CTGCAG,0.594902109652631
CTGCAT,0.452468299840263
CTGCCA,0.487170260950469
CTGCCC,0.533523255211153
CTGCCG,0.494886843096643
CTGCCT,0.47864664318335
CTGCGA,0.459071639622034
CTGCGC,0.497356961780251
CTGCGG,0.532450860651335
CTGCGT,0.463104819922826
CTGCTA,0.449977849244216
CTGCTC,0.421446447119081
CTGCTG,0.614762988453676
CTGCTT,0.470620614070594
CTGGAA,0.462161361428367
CTGGAC,0.513823360793861
CTGGAG,0.570267775974383
CTGGAT,0.438563788078365
CTGGCA,0.524911724183287
CTGGCC,0.539933583584829
CTGGCG,0.462943804642465
CTGGCT,0.562322357684189
CTGGGA,0.611357829095294
CTGGGC,0.704528217331335
CTGGGG,0.856338721806444
CTGGGT,0.592621406036286
CTGGTA,0.453165445188282
CTGGTC,0.441599932156694
CTGGTG,0.591125024417844
CTGGTT,0.469867002434804
CTGTAA,0.394592597119902
CTGTAC,0.420606839365512
CTGTAG,0.455601633665177
CTGTAT,0.418709129409523
CTGTCA,0.450630155340131
CTGTCC,0.568716847361651
CTGTCG,0.448228501561857
CTGTCT,0.589302077940567
CTGTGA,0.584913400035908
CTGTGC,0.561780686883896
CTGTGG,0.661350706296715
CTGTGT,0.596191532029372
CTGTTA,0.4301368320674
CTGTTC,0.501393908838336
CTGTTG,0.517707400199869
CTGTTT,0.497445861268243
CTTAAA,0.419334089845931
CTTAAC,0.421901939145421
CTTAAG,0.423315040774755
CTTAAT,0.426469343517193
CTTACA,0.442492545340003
CTTACC,0.431633300152701
CTTACG,0.420174766440853
CTTACT,0.461654748213968
CTTAGA,0.434879815057352
CTTAGC,0.447270896190432
CTTAGG,0.455462582662144
CTTAGT,0.447083939393765
CTTATA,0.432890501505209
CTTATC,0.44797167304397
CTTATG,0.443923760407215
CTTATT,0.443618919066245
CTTCAA,0.42935207318294
CTTCAC,0.458170595768519
CTTCAG,0.4377148442465
CTTCAT,0.425920445456344
CTTCCA,0.484269566148704
CTTCCC,0.507748931889563
CTTCCG,0.427184845020411
CTTCCT,0.511284045757236
CTTCGA,0.418155954028845
CTTCGC,0.435778444202728
CTTCGG,0.430445810496606
CTTCGT,0.428376211050417
CTTCTA,0.441740924061239
CTTCTC,0.520100129108781
CTTCTG,0.510999065121691
CTTCTT,0.466067469658095
CTTGAA,0.405518284882849
CTTGAC,0.451677613798733
CTTGAG,0.455624806952656
CTTGAT,0.456018670700814
CTTGCA,0.468998503109011
CTTGCC,0.517729178087904
CTTGCG,0.432961616603224
CTTGCT,0.487686556426727
CTTGGA,0.450909584892004
CTTGGC,0.513801497678111
CTTGGG,0.571754407872079
CTTGGT,0.48140560032391
CTTGTA,0.445516802529755
CTTGTC,0.499754478310312
CTTGTG,0.512970344885821
CTTGTT,0.458563458294677
CTTTAA,0.427208686255975
CTTTAC,0.419694466357887
CTTTAG,0.424917331776256
CTTTAT,0.456944797463624
CTTTCA,0.427423231801709
CTTTCC,0.488964923596027
CTTTCG,0.427971305831379
CTTTCT,0.577001858790741
CTTTGA,0.45095614889373
CTTTGC,0.502743313268319
CTTTGG,0.483796562644055
CTTTGT,0.508188756860737
CTTTTA,0.433198630411217
CTTTTC,0.496578753957977
CTTTTG,0.470803222303813
CTTTTT,0.501814410422204
GAAAAA,0.381801349855508
GAAAAC,0.438257308158386
GAAAAG,0.446616394426203
GAAAAT,0.426588629324938
GAAACA,0.429471015637532
GAAACC,0.41545784863282
GAAACG,0.44528269073001
GAAACT,0.448251846338481
GAAAGA,0.438846609274346
GAAAGC,0.461170923332517
GAAAGG,0.481766866825344
GAAAGT,0.435920259225312
GAAATA,0.43459586958017
GAAATC,0.426779457025735
GAAATG,0.475857344511229
GAAATT,0.420198775390503
GAACAA,0.444181630517188
GAACAC,0.43459586958017
GAACAG,0.474334690823232
GAACAT,0.439859395554055
GAACCA,0.464254175718163
GAACCC,0.448391903554831
GAACCG,0.438210149063375
GAACCT,0.446288982834254
GAACGA,0.41940617553877
GAACGC,0.424176292370236
GAACGG,0.457338141760518
GAACGT,0.445516802529755
GAACTA,0.428971362230435
GAACTC,0.426517059547797
GAACTG,0.46979846411589
GAACTT,0.44164693166699
GAAGAA,0.451793930374307
GAAGAC,0.457708206875311
GAAGAG,0.504311641845709
GAAGAT,0.421806063327251
GAAGCA,0.443947205892488
GAAGCC,0.515767266215943
GAAGCG,0.534487428022362
GAAGCT,0.421158661010367
GAAGGA,0.518186404212971
GAAGGC,0.504421994868759
GAAGGG,0.638550090141345
GAAGGT,0.471510514414
GAAGTA,0.418540804076144
GAAGTC,0.442656887215629
GAAGTG,0.475743793658678
GAAGTT,0.422500954838633
GAATAA,0.426206864642951
GAATAC,0.433222328702654
GAATAG,0.415144203636579
GAATAT,0.417337655576867
GAATCA,0.425442897767764
GAATCC,0.4303269839369
GAATCG,0.433222328702654
GAATCT,0.474971305728779
GAATGA,0.462138339122102
GAATGC,0.442046338343132
GAATGG,0.478170971890415
GAATGT,0.459718042581469
GAATTA,0.424582736816644
GAATTC,0.441975866402882
GAATTG,0.442562980879573
GAATTT,0.44343127819522
GACAAA,0.439058672691689
GACAAC,0.414782183282838
GACAAG,0.441458920370629
GACAAT,0.445095361820204
GACACA,0.477921720407601
GACACC,0.505546900655602
GACACG,0.467579856569021
GACACT,0.499887505283098
GACAGA,0.499310927218516
GACAGC,0.467213427301368
GACAGG,0.55521569577347
GACAGT,0.4901297295271
GACATA,0.422979909176994
GACATC,0.441858402131799
GACATG,0.501261082120295
GACATT,0.442703837076964
GACCAA,0.44448630039482
GACCAC,0.455207605594622
GACCAG,0.475175845908418
GACCAT,0.45214279894578
GACCCA,0.477037509663629
GACCCC,0.519361169482584
GACCCG,0.474243712743734
GACCCT,0.492700934565982
GACCGA,0.441082791699922
GACCGC,0.430469574114271
GACCGG,0.451328582872699
GACCGT,0.45469745633674
GACCTA,0.450001153218884
GACCTC,0.458863778473772
GACCTG,0.573259434484137
GACCTT,0.485034907310347
GACGAA,0.42529958897976
GACGAC,0.44780820236445
GACGAG,0.450443825584521
GACGAT,0.439623955378614
GACGCA,0.411469651765334
GACGCC,0.436959621994243
GACGCG,0.452189305560851
GACGCT,0.424343671855214
GACGGA,0.447317629928728
GACGGC,0.430469574114271
GACGGG,0.481947451145289
GACGGT,0.447224160267993
GACGTA,0.422764408112189
GACGTC,0.425419014395927
GACGTG,0.444439434147311
GACGTT,0.437077663074681
GACTAA,0.445540210695553
GACTAC,0.438162987744279
GACTAG,0.438823043896199
GACTAT,0.429994194433002
GACTCA,0.464162275852384
GACTCC,0.467282143017462
GACTCG,0.464552791968018
GACTCT,0.508914045408275
GACTGA,0.555928638984932
GACTGC,0.476742598923886
GACTGG,0.565005547473561
GACTGT,0.469638523101333
GACTTA,0.441247365401412
GACTTC,0.437903560724353
GACTTG,0.516857692418627
GACTTT,0.482556682578701
GAGAAA,0.42369791083916
GAGAAC,0.461101786379244
GAGAAG,0.505899551664574
GAGAAT,0.420030700636669
GAGACA,0.432107901459385
GAGACC,0.478601350902501
GAGACG,0.437573283512807
GAGACT,0.479913994898544
GAGAGA,0.492432943634667
GAGAGC,0.48332333530121
GAGAGG,0.592601199580816
GAGAGT,0.48676601760145
GAGATA,0.423362907550186
GAGATC,0.446125236830122
GAGATG,0.517511377862174
GAGATT,0.431134726240293
GAGCAA,0.439788769321608
GAGCAC,0.459279457573018
GAGCAG,0.518055789508061
GAGCAT,0.440659477772262
GAGCCA,0.50733091891137
GAGCCC,0.528128192852713
GAGCCG,0.490017787895719
GAGCCT,0.532472319816695
GAGCGA,0.44343127819522
GAGCGC,0.461862030096909
GAGCGG,0.513604708123571
GAGCGT,0.463334796787687
GAGCTA,0.423434703417553
GAGCTC,0.430065515793387
GAGCTG,0.603933304083821
GAGCTT,0.477581731870031
GAGGAA,0.537438441144437
GAGGAC,0.496823398822838
GAGGAG,0.669317283740384
GAGGAT,0.445329517474831
GAGGCA,0.517990475757474
GAGGCC,0.554292308220645
GAGGCG,0.543378150314874
GAGGCT,0.539720566696642
GAGGGA,0.667275324908092
GAGGGC,0.662802191107964
GAGGGG,0.774489448993446
GAGGGT,0.632394036711835
GAGGTA,0.469524263855562
GAGGTC,0.445750859533993
GAGGTG,0.606427561858863
GAGGTT,0.452631010564562
GAGTAA,0.453676376399716
GAGTAC,0.438304465029521
GAGTAG,0.418155954028845
GAGTAT,0.42396104900085
GAGTCA,0.44528269073001
GAGTCC,0.479529432885643
GAGTCG,0.42728020655243
GAGTCT,0.469501410439704
GAGTGA,0.511218288203158
GAGTGC,0.47749104873438
GAGTGG,0.63437275125065
GAGTGT,0.523007193992528
GAGTTA,0.442210753559586
GAGTTC,0.429399651862467
GAGTTG,0.496578753957977
GAGTTT,0.423913210848646
GATAAA,0.41355033283707
GATAAC,0.419958659950722
GATAAG,0.422357223793231
GATAAT,0.435163679932385
GATACA,0.436416453486155
GATACC,0.440330109673933
GATACG,0.429090349973649
GATACT,0.470711922355424
GATAGA,0.42868573386845
GATAGC,0.422812301251256
GATAGG,0.441905389495988
GATAGT,0.430540861579197
GATATA,0.417867219265291
GATATC,0.434169800135202
GATATG,0.448648624182062
GATATT,0.446031655645116
GATCAA,0.428971362230435
GATCAC,0.39582340786512
GATCAG,0.454813422204745
GATCAT,0.423123550757461
GATCCA,0.460410153823699
GATCCC,0.451119105827265
GATCCG,0.429494802430868
GATCCT,0.430564622938239
GATCGA,0.411832873093179
GATCGC,0.420558840480851
GATCGG,0.438799477962711
GATCGT,0.433956697317686
GATCTA,0.420654835946391
GATCTC,0.427613900318855
GATCTG,0.474402918951479
GATCTT,0.457315008143105
GATGAA,0.503759693989667
GATGAC,0.520491122070773
GATGAG,0.520208753600511
GATGAT,0.483526174441919
GATGCA,0.443572012149239
GATGCC,0.490196888491577
GATGCG,0.440941706966952
GATGCT,0.475334903795716
GATGGA,0.517032050322054
GATGGC,0.499577081481404
GATGGG,0.623852415740613
GATGGT,0.519839382177452
GATGTA,0.456481841296063
GATGTC,0.481111975160357
GATGTG,0.522942202847912
GATGTT,0.473060243884972
GATTAA,0.437856384943589
GATTAC,0.378252378425267
GATTAG,0.436251082754226
GATTAT,0.433009023859079
GATTCA,0.419718486841669
GATTCC,0.436841566978463
GATTCG,0.435542041130375
GATTCT,0.454465484248684
GATTGA,0.439906476938024
GATTGC,0.439105791789008
GATTGG,0.470894513917282
GATTGT,0.481383016833528
GATTTA,0.456829078513472
GATTTC,0.481563670477805
GATTTG,0.464001430762279
GATTTT,0.450327351854172
GCAAAA,0.422572812615097
GCAAAC,0.427613900318855
GCAAAG,0.449907934061585
GCAAAT,0.487237618957481
GCAACA,0.414782183282838
GCAACC,0.416446392816315
GCAACG,0.407659997157021
GCAACT,0.438823043896199
GCAAGA,0.430564622938239
GCAAGC,0.428066592398346
GCAAGG,0.522703865840421
GCAAGT,0.431751971597893
GCAATA,0.416229479008998
GCAATC,0.440235984574031
GCAATG,0.465448106060099
GCAATT,0.401000808194793
GCACAA,0.432629702868775
GCACAC,0.452259061428338
GCACAG,0.474607575410199
GCACAT,0.43736090483122
GCACCA,0.451886973894475
GCACCC,0.413574501358444
GCACCG,0.452305562636875
GCACCT,0.453142214838504
GCACGA,0.418131895982479
GCACGC,0.429090349973649
GCACGG,0.449907934061585
GCACGT,0.42408063437018
GCACTA,0.44343127819522
GCACTC,0.417867219265291
GCACTG,0.506758617846636
GCACTT,0.42863812120871
GCAGAA,0.458933070323999
GCAGAC,0.468266549754994
GCAGAG,0.556368732473249
GCAGAT,0.483413491109923
GCAGCA,0.493370597853844
GCAGCC,0.557541369096454
GCAGCG,0.489547496158161
GCAGCT,0.550611281293767
GCAGGA,0.5223787692586
GCAGGC,0.555739968183288
GCAGGG,0.792751401850155
GCAGGT,0.545244311713716
GCAGTA,0.451282036210164
GCAGTC,0.43160956417362
GCAGTG,0.514085680905977
GCAGTT,0.475562085471236
GCATAA,0.424391489419883
GCATAC,0.430944727917074
GCATAG,0.436463697244135
GCATAT,0.41976652607835
GCATCA,0.426994094670571
GCATCC,0.449231835166267
GCATCG,0.432843088630068
GCATCT,0.436085684670295
GCATGA,0.444931420232676
GCATGC,0.442069827886304
GCATGG,0.518099329638636
GCATGT,0.469501410439704
GCATTA,0.425562306071466
GCATTC,0.432226516599655
GCATTG,0.477921720407601
GCATTT,0.430778449766339
GCCAAA,0.423195363811096
GCCAAC,0.425705577217443
GCCAAG,0.427470902339337
GCCAAT,0.453862104863229
GCCACA,0.491963786620562
GCCACC,0.472080547106494
GCCACG,0.468838434086444
GCCACT,0.415095941827693
GCCAGA,0.475016762717685
GCCAGC,0.460917397798613
GCCAGG,0.595103691527263
GCCAGT,0.485102409299343
GCCATA,0.448578616001371
GCCATC,0.440730042538785
GCCATG,0.536370239239138
GCCATT,0.449628224439478
GCCCAA,0.437431702736835
GCCCAC,0.493526788115314
GCCCAG,0.537353026970292
GCCCAT,0.442868144235029
GCCCCA,0.484247047244864
GCCCCC,0.470689096065817
GCCCCG,0.489345874830209
GCCCCT,0.567598687468163
GCCCGA,0.432653414646499
GCCCGC,0.458170595768519
GCCCGG,0.47749104873438
GCCCGT,0.436062054139246
GCCCTA,0.451095827891082
GCCCTC,0.515745445559205
GCCCTG,0.619239330377626
GCCCTT,0.467923262105448
GCCGAA,0.427828358954648
GCCGAC,0.448578616001371
GCCGAG,0.442727311181048
GCCGAT,0.423410772034498
GCCGCA,0.454395882127815
GCCGCC,0.461332224304012
GCCGCG,0.474289202818109
GCCGCT,0.430374516255166
GCCGGA,0.462782763432007
GCCGGC,0.492723263902093
GCCGGG,0.606507275472009
GCCGGT,0.421614284109986
GCCGTA,0.416060735734461
GCCGTC,0.470780398098174
GCCGTG,0.527847972937839
GCCGTT,0.434548537494438
GCCTAA,0.439977094858008
GCCTAC,0.42506069535162
GCCTAG,0.422740460682471
GCCTAT,0.415192463116376
GCCTCA,0.436605415127715
GCCTCC,0.359295966848391
GCCTCG,0.435896624784802
GCCTCT,0.487955822198584
GCCTGA,0.549430485155644
GCCTGC,0.489099393544651
GCCTGG,0.62789830313357
GCCTGT,0.550927329364781
GCCTTA,0.449907934061585
GCCTTC,0.470369473290101
GCCTTG,0.460225637658041
GCCTTT,0.468952771717003
GCGAAA,0.417241341132956
GCGAAC,0.429803979266405
GCGAAG,0.441082791699922
GCGAAT,0.420294805425222
GCGACA,0.440259516679601
GCGACC,0.442093316877731
GCGACG,0.431680770420741
GCGACT,0.450350647685557
GCGAGA,0.4308022054807
GCGAGC,0.435731168058959
GCGAGG,0.488449287883349
GCGAGT,0.450420531923716
GCGATA,0.430160603028557
GCGATC,0.420486837833784
GCGATG,0.455346692054527
GCGATT,0.42880475560077
GCGCAA,0.454047798838086
GCGCAC,0.420822805840372
GCGCAG,0.457893188089803
GCGCAT,0.423913210848646
GCGCCA,0.408048907057194
GCGCCC,0.437974320222848
GCGCCG,0.49477543274929
GCGCCT,0.426302319477842
GCGCGA,0.426039796753902
GCGCGC,0.473993480338364
GCGCGG,0.464920197289138
GCGCGT,0.449418390867586
GCGCTA,0.425968187684748
GCGCTC,0.417096852071471
GCGCTG,0.497356961780251
GCGCTT,0.448158463961936
GCGGAA,0.456898511490456
GCGGAC,0.435872989785693
GCGGAG,0.514282375842162
GCGGAT,0.439270691147672
GCGGCA,0.467213427301368
GCGGCC,0.483909202820971
GCGGCG,0.48314299929591
GCGGCT,0.479665177542397
GCGGGA,0.546303081247981
GCGGGC,0.516203579390899
GCGGGG,0.661822198608945
GCGGGT,0.517358889474266
GCGGTA,0.436770727278662
GCGGTC,0.449907934061585
GCGGTG,0.517925157740722
GCGGTT,0.437762026704873
GCGTAA,0.43229767893102
GCGTAC,0.418155954028845
GCGTAG,0.42513236943262
GCGTAT,0.428828558247387
GCGTCA,0.44801837404458
GCGTCC,0.454790230106966
GCGTCG,0.441176837131503
GCGTCT,0.448811957546185
GCGTGA,0.433506664403046
GCGTGC,0.486024480108789
GCGTGG,0.52036080806887
GCGTGT,0.47296914977954
GCGTTA,0.430849715216488
GCGTTC,0.498378829052192
GCGTTG,0.435991159195503
GCGTTT,0.454488683879137
GCTAAA,0.418636993450302
GCTAAC,0.469981222528469
GCTAAG,0.432155349203852
GCTAAT,0.431775704197075
GCTACA,0.423530423223073
GCTACC,0.424989016133077
GCTACG,0.424654445161842
GCTACT,0.380003445496695
GCTAGA,0.42656477330169
GCTAGC,0.438445922301772
GCTAGG,0.451444940051078
GCTAGT,0.415843738247587
GCTATA,0.423219300349661
GCTATC,0.43632195927375
GCTATG,0.461217011979332
GCTATT,0.44115332660277
GCTCAA,0.409797132300879
GCTCAC,0.412002331240786
GCTCAG,0.463702649797005
GCTCAT,0.434453866601467
GCTCCA,0.453653157916155
GCTCCC,0.42799512832434
GCTCCG,0.454303071763528
GCTCCT,0.513364134953986
GCTCGA,0.431918087965424
GCTCGC,0.455393049909262
GCTCGG,0.464667620632055
GCTCGT,0.424941227132829
GCTCTA,0.428257138298014
GCTCTC,0.470049748323002
GCTCTG,0.524630601371843
GCTCTT,0.449628224439478
GCTGAA,0.466136264161916
GCTGAC,0.592884052808765
GCTGAG,0.528602232359206
GCTGAT,0.514479032097058
GCTGCA,0.520816832799778
GCTGCC,0.545752660992049
GCTGCG,0.53242940102547
GCTGCT,0.524111397691709
GCTGGA,0.479597307517346
GCTGGC,0.562634726655278
GCTGGG,0.808343473726468
GCTGGT,0.479054181424886
GCTGTA,0.456041834326301
GCTGTC,0.548543972154819
GCTGTG,0.699492944905943
GCTGTT,0.478850433065046
GCTTAA,0.411542306586049
GCTTAC,0.432700836515269
GCTTAG,0.468106363517091
GCTTAT,0.418516755286848
GCTTCA,0.450886302078039
GCTTCC,0.499044702098678
GCTTCG,0.436369207496097
GCTTCT,0.474016231326477
GCTTGA,0.412292764130304
GCTTGC,0.497290281977451
GCTTGG,0.524587344693184
GCTTGT,0.540253023860902
GCTTTA,0.423386840078718
GCTTTC,0.48084086000368
GCTTTG,0.508254713924874
GCTTTT,0.428280953982787
GGAAAA,0.434761514239886
GGAAAC,0.470894513917282
GGAAAG,0.489883441395137
GGAAAT,0.454859804786746
GGAACA,0.471305223074054
GGAACC,0.474994034481524
GGAACG,0.457569448505385
GGAACT,0.475357624285927
GGAAGA,0.487866074997064
GGAAGC,0.494507997262688
GGAAGG,0.683310898435822
GGAAGT,0.461147878212524
GGAATA,0.435400172456834
GGAATC,0.443548557865612
GGAATG,0.471875372767978
GGAATT,0.443900314372238
GGACAA,0.441294381484705
GGACAC,0.482985178609417
GGACAG,0.622657020062924
GGACAT,0.47032380455294
GGACCA,0.49095770836751
GGACCC,0.529678759894356
GGACCG,0.471328035304259
GGACCT,0.528451425980649
GGACGA,0.458632770957048
GGACGC,0.460640751163586
GGACGG,0.491181368802438
GGACGT,0.449768089030216
GGACTA,0.429708858113207
GGACTC,0.489547496158161
GGACTG,0.533051543282456
GGACTT,0.461101786379244
GGAGAA,0.476946777160531
GGAGAC,0.523981554640042
GGAGAG,0.578150561906159
GGAGAT,0.513320388158994
GGAGCA,0.494218194752448
GGAGCC,0.655713332615106
GGAGCG,0.555068850230098
GGAGCT,0.556284920073206
GGAGGA,0.659292398250949
GGAGGC,0.61937704937968
GGAGGG,0.864424085626091
GGAGGT,0.617999005120412
GGAGTA,0.456273441075507
GGAGTC,0.515963630703203
GGAGTG,0.623969918490359
GGAGTT,0.458609667270059
GGATAA,0.425610065400897
GGATAC,0.439388459758043
GGATAG,0.446476088298635
GGATAT,0.440094780310466
GGATCA,0.419069731172317
GGATCC,0.458540353006235
GGATCG,0.431182220181109
GGATCT,0.464208226840972
GGATGA,0.537139459611306
GGATGC,0.471442088649971
GGATGG,0.570639641194614
GGATGT,0.501925039351405
GGATTA,0.394469432685113
GGATTC,0.456157644406115
GGATTG,0.462276465009967
GGATTT,0.486181821896493
GGCAAA,0.45469745633674
GGCAAC,0.436463697244135
GGCAAG,0.459256368822216
GGCAAT,0.464506856810175
GGCACA,0.459556481009588
GGCACC,0.485327383026813
GGCACG,0.455740665335717
GGCACT,0.487372321361731
GGCAGA,0.582181081845599
GGCAGC,0.618944154348
GGCAGG,0.741975660405154
GGCAGT,0.476447601186142
GGCATA,0.424008884864675
GGCATC,0.489211438024055
GGCATG,0.489144212842899
GGCATT,0.477105553638857
GGCCAA,0.440612431828103
GGCCAC,0.501792283167636
GGCCAG,0.613160840358671
GGCCAT,0.488897681840295
GGCCCA,0.544269252687826
GGCCCC,0.584098564025896
GGCCCG,0.493972911628581
GGCCCT,0.564652360418086
GGCCGA,0.445071943238871
GGCCGC,0.466205053933379
GGCCGG,0.563612851394079
GGCCGT,0.483436028792148
GGCCTA,0.425968187684748
GGCCTC,0.502942251667925
GGCCTG,0.677053778026174
GGCCTT,0.498734016519871
GGCGAA,0.42369791083916
GGCGAC,0.457592576237489
GGCGAG,0.521099029644057
GGCGAT,0.448531941157903
GGCGCA,0.427661561768294
GGCGCC,0.453978167638341
GGCGCG,0.469067096275962
GGCGCT,0.456180804812728
GGCGGA,0.476220620617343
GGCGGC,0.568302859834101
GGCGGG,0.701180230266328
GGCGGT,0.514173105654057
GGCGTA,0.428947562982728
GGCGTC,0.471350847014079
GGCGTG,0.475857344511229
GGCGTT,0.452305562636875
GGCTAA,0.444837727256948
GGCTAC,0.421158661010367
GGCTAG,0.44235165937562
GGCTAT,0.45037394297426
GGCTCA,0.437832796218597
GGCTCC,0.559631949013401
GGCTCG,0.508188756860737
GGCTCT,0.532064516909234
GGCTGA,0.517772732441196
GGCTGC,0.612626220068054
GGCTGG,0.710185213798348
GGCTGT,0.663856494710296
GGCTTA,0.432582277626515
GGCTTC,0.499998347577439
GGCTTG,0.50928747370614
GGCTTT,0.488964923596027
GGGAAA,0.523786758446032
GGGAAC,0.5273088676849
GGGAAG,0.677777754785687
GGGAAT,0.485147408094073
GGGACA,0.590375993085872
GGGACC,0.602113563253994
GGGACG,0.475084944326895
GGGACT,0.519774184819959
GGGAGA,0.630586495915125
GGGAGC,0.674282978925857
GGGAGG,0.925929916274659
GGGAGT,0.626610086724755
GGGATA,0.439082232517874
GGGATC,0.480750471948232
GGGATG,0.569213406271712
GGGATT,0.468495342735272
GGGCAA,0.475153121287691
GGGCAC,0.549535970087659
GGGCAG,0.774455756063824
GGGCAT,0.544184419998289
GGGCCA,0.596171397585599
GGGCCC,0.623029509672019
GGGCCG,0.548712892376446
GGGCCT,0.619062235215523
GGGCGA,0.487417218131285
GGGCGC,0.491539121480992
GGGCGG,0.702086197546861
GGGCGT,0.502057777913309
GGGCTA,0.456551298386109
GGGCTC,0.608736680711151
GGGCTG,0.817260576519769
GGGCTT,0.516857692418627
GGGGAA,0.598323487350833
GGGGAC,0.63623150098575
GGGGAG,0.82672262600271
GGGGAT,0.554796079855328
GGGGCA,0.692459213249125
GGGGCC,0.726666322641872
GGGGCG,0.640574455122159
GGGGCT,0.732305239747868
GGGGGA,0.683495425356348
GGGGGC,0.763240552535654
GGGGGG,0.737440634565051
GGGGGT,0.796548688673033
GGGGTA,0.493593719331545
GGGGTC,0.596030445126962
GGGGTG,0.904342385800394
GGGGTT,0.574741628822402
GGGTAA,0.453188674998423
GGGTAC,0.489480293565538
GGGTAG,0.455138055109606
GGGTAT,0.459556481009588
GGGTCA,0.508078818752177
GGGTCC,0.586053056150927
GGGTCG,0.461424384607516
GGGTCT,0.572785492377184
GGGTGA,0.597961777434706
GGGTGC,0.6466805076856
GGGTGG,1
GGGTGT,0.626180312212922
GGGTTA,0.454604673958744
GGGTTC,0.524284495539311
GGGTTG,0.599367692776485
GGGTTT,0.485507325574405
GGTAAA,0.442703837076964
GGTAAC,0.443126286665437
GGTAAG,0.453699594344191
GGTAAT,0.437101269618817
GGTACA,0.471145522889815
GGTACC,0.474653048935822
GGTACG,0.42868573386845
GGTACT,0.457685081817358
GGTAGA,0.448695293579813
GGTAGC,0.439176466272355
GGTAGG,0.466503088273902
GGTAGT,0.448881949393537
GGTATA,0.426851008026282
GGTATC,0.446265592189483
GGTATG,0.462828777852839
GGTATT,0.445001684204113
GGTCAA,0.430635903627939
GGTCAC,0.45037394297426
GGTCAG,0.474766723703894
GGTCAT,0.452259061428338
GGTCCA,0.506362217464068
GGTCCC,0.520751699140422
GGTCCG,0.423243236315283
GGTCCT,0.528020425254863
GGTCGA,0.440212451914688
GGTCGC,0.446709920909214
GGTCGG,0.461101786379244
GGTCGT,0.434785175523012
GGTCTA,0.429732639249773
GGTCTC,0.471624546950444
GGTCTG,0.588470521501917
GGTCTT,0.485282392330191
GGTGAA,0.440283048231424
GGTGAC,0.505679159358152
GGTGAG,0.563363208355663
GGTGAT,0.487843636938102
GGTGCA,0.540657501778594
GGTGCC,0.545710308420964
GGTGCG,0.478261593392251
GGTGCT,0.598905967159998
GGTGGA,0.659481410461869
GGTGGC,0.621460193704009
GGTGGG,0.914030239095243
GGTGGT,0.638569389149318
GGTGTA,0.429851536450206
GGTGTC,0.514173105654057
GGTGTG,0.606008961108399
GGTGTT,0.528386787712894
GGTTAA,0.429566159416195
GGTTAC,0.430588383732692
GGTTAG,0.437927147780179
GGTTAT,0.441529428749202
GGTTCA,0.424295852003917
GGTTCC,0.48903216083061
GGTTCG,0.4569910812945
GGTTCT,0.507154861158201
GGTTGA,0.463357791565526
GGTTGC,0.4530725205511
GGTTGG,0.622617802557932
GGTTGT,0.49267860473126
GGTTTA,0.437903560724353
GGTTTC,0.460963498131288
GGTTTG,0.507044809320066
GGTTTT,0.47438017675929
GTAAAA,0.441623432187961
GTAAAC,0.421038725683784
GTAAAG,0.423673985754269
GTAAAT,0.440612431828103
GTAACA,0.44511877985312
GTAACC,0.418661039348225
GTAACG,0.437030448314536
GTAACT,0.445306104376513
GTAAGA,0.431585827631129
GTAAGC,0.421758121970881
GTAAGG,0.461309182900962
GTAAGT,0.413163557033996
GTAATA,0.425395130453661
GTAATC,0.391385381388078
GTAATG,0.437455300924896
GTAATT,0.442962021920029
GTACAA,0.427637731327526
GTACAC,0.421470425556785
GTACAG,0.45244505328972
GTACAT,0.411396991665514
GTACCA,0.435471109309444
GTACCC,0.441764420779465
GTACCG,0.423841449329149
GTACCT,0.461078739665907
GTACGA,0.424941227132829
GTACGC,0.424702247868753
GTACGG,0.424869539350079
GTACGT,0.421278581954192
GTACTA,0.414661480701569
GTACTC,0.434027736636178
GTACTG,0.470985797197354
GTACTT,0.433127532167065
GTAGAA,0.422309308853593
GTAGAC,0.424941227132829
GTAGAG,0.436416453486155
GTAGAT,0.435731168058959
GTAGCA,0.44352510303187
GTAGCC,0.426445484648056
GTAGCG,0.421182646349642
GTAGCT,0.392422683993974
GTAGGA,0.452909881655195
GTAGGC,0.442938553324987
GTAGGG,0.508386615003581
GTAGGT,0.437266499826082
GTAGTA,0.436392830770149
GTAGTC,0.403982191322037
GTAGTG,0.450583576156012
GTAGTT,0.424750048290673
GTATAA,0.41197812469204
GTATAC,0.412341161412131
GTATAG,0.423841449329149
GTATAT,0.423458634227911
GTATCA,0.434240824317166
GTATCC,0.430612143962583
GTATCG,0.435069067260344
GTATCT,0.439435563319022
GTATGA,0.438422347479281
GTATGC,0.431585827631129
GTATGG,0.45028075856325
GTATGT,0.477944382200688
GTATTA,0.428447647896859
GTATTC,0.411736026971488
GTATTG,0.455369871250526
GTATTT,0.412873376977976
GTCAAA,0.426779457025735
GTCAAC,0.421350527618198
GTCAAG,0.430920975588234
GTCAAT,0.433246026432495
GTCACA,0.436888790657227
GTCACC,0.422812301251256
GTCACG,0.438233728888878
GTCACT,0.45666704948329
GTCAGA,0.479936611588573
GTCAGC,0.462368538337037
GTCAGG,0.491919093518462
GTCAGT,0.46496611346448
GTCATA,0.437408103991886
GTCATC,0.432202794697139
GTCATG,0.469432847058289
GTCATT,0.409311820670666
GTCCAA,0.42362613386719
GTCCAC,0.477082872828219
GTCCAG,0.494597150371984
GTCCAT,0.436794341069518
GTCCCA,0.498578637525896
GTCCCC,0.528559147143096
GTCCCG,0.447691421230385
GTCCCT,0.505767322109539
GTCCGA,0.422979909176994
GTCCGC,0.429708858113207
GTCCGG,0.455369871250526
GTCCGT,0.443548557865612
GTCCTA,0.471099889580919
GTCCTC,0.43018437342467
GTCCTG,0.559694598936157
GTCCTT,0.479755663744307
GTCGAA,0.418492705919194
GTCGAC,0.428971362230435
GTCGAG,0.435849354227957
GTCGAT,0.426636339664171
GTCGCA,0.433293420207498
GTCGCC,0.437526092148016
GTCGCG,0.437549688108789
GTCGCT,0.44983801399048
GTCGGA,0.429494802430868
GTCGGC,0.424152378728063
GTCGGG,0.481541090556957
GTCGGT,0.419045695099867
GTCGTA,0.42625459319935
GTCGTC,0.428185687840384
GTCGTG,0.42484564228042
GTCGTT,0.427113317903102
GTCTAA,0.430279449359205
GTCTAC,0.43279567350684
GTCTAG,0.437832796218597
GTCTAT,0.438823043896199
GTCTCA,0.430374516255166
GTCTCC,0.473265175287201
GTCTCG,0.411736026971488
GTCTCT,0.48011752669664
GTCTGA,0.608816210475755
GTCTGC,0.501172521172289
GTCTGG,0.590254475660875
GTCTGT,0.53679765693764
GTCTTA,0.45511487053961
GTCTTC,0.477921720407601
GTCTTG,0.493392912241991
GTCTTT,0.517358889474266
GTGAAA,0.412195962539191
GTGAAC,0.437219293981187
GTGAAG,0.536840388661484
GTGAAT,0.447504543044548
GTGACA,0.470666269255159
GTGACC,0.489659490444199
GTGACG,0.445212446501127
GTGACT,0.511218288203158
GTGAGA,0.465402212011189
GTGAGC,0.436959621994243
GTGAGG,0.622147072493811
GTGAGT,0.507506945673663
GTGATA,0.447364361483083
GTGATC,0.415578455134483
GTGATG,0.583181079176419
GTGATT,0.453211904268953
GTGCAA,0.475562085471236
GTGCAC,0.479371040826727
GTGCAG,0.546281916839305
GTGCAT,0.447924969862274
GTGCCA,0.460940448230606
GTGCCC,0.528753015998629
GTGCCG,0.45680593311645
GTGCCT,0.48746211288521
GTGCGA,0.429256909032154
GTGCGC,0.483368414221576
GTGCGG,0.485102409299343
GTGCGT,0.477218949976398
GTGCTA,0.437903560724353
GTGCTC,0.507308913387261
GTGCTG,0.657324550529578
GTGCTT,0.53626335626374
GTGGAA,0.481586249888813
GTGGAC,0.545138373079558
GTGGAG,0.640266244988621
GTGGAT,0.506097863219176
GTGGCA,0.52473873488296
GTGGCC,0.57090812454585
GTGGCG,0.534680151079272
GTGGCT,0.498978134742898
GTGGGA,0.630917150721464
GTGGGC,0.64144078717786
GTGGGG,0.923915339187275
GTGGGT,0.655940956112578
GTGGTA,0.437054055973263
GTGGTC,0.520903671080165
GTGGTG,0.641325319591944
GTGGTT,0.478306901063759
GTGTAA,0.432107901459385
GTGTAC,0.421134675095782
GTGTAG,0.459694963954943
GTGTAT,0.465998670421264
GTGTCA,0.455926010832959
GTGTCC,0.511766135741895
GTGTCG,0.440377168901767
GTGTCT,0.551243277580969
GTGTGA,0.515003259783901
GTGTGC,0.535493461420129
GTGTGG,0.637642616384176
GTGTGT,0.729260649219529
GTGTTA,0.472354047424139
GTGTTC,0.45244505328972
GTGTTG,0.53041013720809
GTGTTT,0.523007193992528
GTTAAA,0.442046338343132
GTTAAC,0.423650060096955
GTTAAG,0.425848827839739
GTTAAT,0.4255861860213
GTTACA,0.436865179096604
GTTACC,0.439200023323541
GTTACG,0.422572812615097
GTTACT,0.432605990528789
GTTAGA,0.421110688605858
GTTAGC,0.423817527678223
GTTAGG,0.440259516679601
GTTAGT,0.424319762215408
GTTATA,0.413647003418058
GTTATC,0.463748621910233
GTTATG,0.438162987744279
GTTATT,0.423650060096955
GTTCAA,0.403762556638842
GTTCAC,0.470415139941723
GTTCAG,0.44797167304397
GTTCAT,0.424487117690209
GTTCCA,0.504223350658422
GTTCCC,0.462345520800023
GTTCCG,0.434122447877941
GTTCCT,0.497045751320459
GTTCGA,0.425920445456344
GTTCGC,0.433506664403046
GTTCGG,0.441106303887006
GTTCGT,0.4301368320674
GTTCTA,0.436132944057252
GTTCTC,0.444697171331851
GTTCTG,0.543314469749979
GTTCTT,0.463035816548678
GTTGAA,0.439812311953324
GTTGAC,0.457523191436438
GTTGAG,0.461286140966993
GTTGAT,0.457268739302723
GTTGCA,0.436865179096604
GTTGCC,0.482849883908216
GTTGCG,0.431870628961843
GTTGCT,0.462851784269281
GTTGGA,0.469935536056538
GTTGGC,0.481021611608266
GTTGGG,0.659141162755555
GTTGGT,0.472741378204998
GTTGTA,0.420894784301787
GTTGTC,0.46586105774597
GTTGTG,0.510735933970602
GTTGTT,0.451980008758352
GTTTAA,0.410063953338045
GTTTAC,0.436416453486155
GTTTAG,0.449441707883352
GTTTAT,0.418059718370448
GTTTCA,0.439082232517874
GTTTCC,0.481044203261822
GTTTCG,0.435967526430636
GTTTCT,0.503074855284126
GTTTGA,0.43804507471479
GTTTGC,0.471213968948898
GTTTGG,0.510450797068718
GTTTGT,0.476061703559111
GTTTTA,0.44235165937562
GTTTTC,0.494441127214271
GTTTTG,0.440824121149104
GTTTTT,0.433696176631688
TAAAAA,0.347721387765689
TAAAAC,0.418252180426832
TAAAAG,0.429494802430868
TAAAAT,0.408607700187226
TAAACA,0.399237123533035
TAAACC,0.427351721734097
TAAACG,0.4389644278359
TAAACT,0.424654445161842
TAAAGA,0.409141905941442
TAAAGC,0.427542403885149
TAAAGG,0.44974477962353
TAAAGT,0.440024170700988
TAAATA,0.396118577164376
TAAATC,0.416880079327159
TAAATG,0.451351855391519
TAAATT,0.43279567350684
TAACAA,0.413236088892962
TAACAC,0.490980076662217
TAACAG,0.421230615302372
TAACAT,0.457176195199047
TAACCA,0.417482109851581
TAACCC,0.446335762482494
TAACCG,0.421830033143574
TAACCT,0.433530355395815
TAACGA,0.418733173572955
TAACGC,0.431015981518742
TAACGG,0.43011306054117
TAACGT,0.434903473541527
TAACTA,0.455508935144875
TAACTC,0.450700020048522
TAACTG,0.475448501084915
TAACTT,0.442140293205451
TAAGAA,0.430683421265153
TAAGAC,0.422908080648681
TAAGAG,0.429851536450206
TAAGAT,0.409214730074936
TAAGCA,0.404518873108801
TAAGCC,0.419670445297107
TAAGCG,0.416157163949388
TAAGCT,0.439105791789008
TAAGGA,0.425227926883495
TAAGGC,0.44785491099975
TAAGGG,0.448391903554831
TAAGGT,0.433246026432495
TAAGTA,0.42036682189996
TAAGTC,0.428447647896859
TAAGTG,0.42587270094851
TAAGTT,0.407222292651017
TAATAA,0.422381180402136
TAATAC,0.441200347107503
TAATAG,0.449231835166267
TAATAT,0.439364907145499
TAATCA,0.446780060031568
TAATCC,0.373886395825473
TAATCG,0.421590309121579
TAATCT,0.437172085907796
TAATGA,0.455439405615047
TAATGC,0.415602574689402
TAATGG,0.441106303887006
TAATGT,0.422333266610392
TAATTA,0.425538425551366
TAATTC,0.426827158261601
TAATTG,0.454535081525436
TAATTT,0.406175889059371
TACAAA,0.404640806083504
TACAAC,0.418901466531513
TACAAG,0.432202794697139
TACAAT,0.418011597068038
TACACA,0.44352510303187
TACACC,0.429780199826345
TACACG,0.417072768531376
TACACT,0.476152516399053
TACAGA,0.439200023323541
TACAGC,0.452352061683151
TACAGG,0.396438245617813
TACAGT,0.420270798781069
TACATA,0.410621621921353
TACATC,0.419358118987587
TACATG,0.432605990528789
TACATT,0.418853385719052
TACCAA,0.411033611952953
TACCAC,0.42305173254634
TACCAG,0.438917302077011
TACCAT,0.416398193814046
TACCCA,0.413719500221504
TACCCC,0.456319755989042
TACCCG,0.435943893107247
TACCCT,0.460617693822331
TACCGA,0.419934645235391
TACCGC,0.414902871296753
TACCGG,0.431300945165509
TACCGT,0.425204038376815
TACCTA,0.42932828299425
TACCTC,0.454442284079996
TACCTG,0.445423164386754
TACCTT,0.449325117367305
TACGAA,0.421566333558358
TACGAC,0.426397765201978
TACGAG,0.418612946974161
TACGAT,0.423530423223073
TACGCA,0.424726148365323
TACGCC,0.418901466531513
TACGCG,0.424343671855214
TACGCT,0.426087533284686
TACGGA,0.435518397749096
TACGGC,0.413936959102458
TACGGG,0.434382857549582
TACGGT,0.420654835946391
TACGTA,0.419382147551858
TACGTC,0.427232526923148
TACGTG,0.422668614952248
TACGTT,0.423410772034498
TACTAA,0.417578401109894
TACTAC,0.445095361820204
TACTAG,0.422908080648681
TACTAT,0.423554351742916
TACTCA,0.429018959026704
TACTCC,0.435021757567277
TACTCG,0.410476173140256
TACTCT,0.436983231325053
TACTGA,0.505017690852319
TACTGC,0.429685076411085
TACTGG,0.458933070323999
TACTGT,0.465677544716013
TACTTA,0.419694466357887
TACTTC,0.449558284807636
TACTTG,0.420486837833784
TACTTT,0.428423836181732
TAGAAA,0.408097510161609
TAGAAC,0.420294805425222
TAGAAG,0.431110978423981
TAGAAT,0.433530355395815
TAGACA,0.426779457025735
TAGACC,0.414637338436923
TAGACG,0.421590309121579
TAGACT,0.429114145823416
TAGAGA,0.411130526121415
TAGAGC,0.445048524109096
TAGAGG,0.45994879955719
TAGAGT,0.427351721734097
TAGATA,0.426707900905276
TAGATC,0.428042771607797
TAGATG,0.434761514239886
TAGATT,0.415023544746828
TAGCAA,0.426135267536802
TAGCAC,0.42863812120871
TAGCAG,0.443994095214027
TAGCAT,0.454001378576983
TAGCCA,0.432321398582836
TAGCCC,0.421518380707365
TAGCCG,0.419622401444445
TAGCCT,0.424319762215408
TAGCGA,0.421830033143574
TAGCGC,0.418228124695401
TAGCGG,0.427017940454239
TAGCGT,0.433719863135202
TAGCTA,0.43303272664424
TAGCTC,0.4512587620664
TAGCTG,0.434146124286851
TAGCTT,0.4342881709695
TAGGAA,0.438139406250633
TAGGAC,0.446476088298635
TAGGAG,0.47862399729935
TAGGAT,0.427065630315778
TAGGCA,0.445025104430851
TAGGCC,0.460387091164808
TAGGCG,0.43229767893102
TAGGCT,0.446288982834254
TAGGGA,0.476719909879554
TAGGGC,0.479257888279789
TAGGGG,0.470552127385265
TAGGGT,0.455717494732933
TAGGTA,0.438445922301772
TAGGTC,0.438210149063375
TAGGTG,0.452654252792692
TAGGTT,0.430683421265153
TAGTAA,0.431894358745178
TAGTAC,0.4219978057723
TAGTAG,0.3953804904927
TAGTAT,0.416229479008998
TAGTCA,0.434785175523012
TAGTCC,0.404372533911147
TAGTCG,0.42007872487754
TAGTCT,0.42692255390765
TAGTGA,0.421470425556785
TAGTGC,0.43172823843546
TAGTGG,0.453746028615986
TAGTGT,0.440753563021138
TAGTTA,0.424295852003917
TAGTTC,0.434382857549582
TAGTTG,0.438328042631201
TAGTTT,0.418468655973154
TATAAA,0.396315308305593
TATAAC,0.427923659142856
TATAAG,0.411130526121415
TATAAT,0.406541037941227
TATACA,0.41251053345532
TATACC,0.416470491446298
TATACG,0.419334089845931
TATACT,0.429161735824291
TATAGA,0.414492472607939
TATAGC,0.426994094670571
TATAGG,0.441106303887006
TATAGT,0.416157163949388
TATATA,0.392620143505851
TATATC,0.420966757582676
TATATG,0.436180201210865
TATATT,0.420654835946391
TATCAA,0.418083778153308
TATCAC,0.441317888697435
TATCAG,0.451212212153751
TATCAT,0.419670445297107
TATCCA,0.432866795348637
TATCCC,0.464644655954073
TATCCG,0.428757148607769
TATCCT,0.443267063545643
TATCGA,0.425395130453661
TATCGC,0.421446447119081
TATCGG,0.427756877852874
TATCGT,0.431110978423981
TATCTA,0.427327883908473
TATCTC,0.443759626617157
TATCTG,0.475925468834253
TATCTT,0.424534928396304
TATGAA,0.445914666847367
TATGAC,0.443759626617157
TATGAG,0.458933070323999
TATGAT,0.453537057411192
TATGCA,0.429494802430868
TATGCC,0.431562090525201
TATGCG,0.419286029830351
TATGCT,0.431680770420741
TATGGA,0.423817527678223
TATGGC,0.428376211050417
TATGGG,0.454604673958744
TATGGT,0.432250237939457
TATGTA,0.426755605554497
TATGTC,0.454279867826493
TATGTG,0.449185190802457
TATGTT,0.437148481035348
TATTAA,0.43172823843546
TATTAC,0.438186568681851
TATTAG,0.429827758141016
TATTAT,0.425705577217443
TATTCA,0.410136710357624
TATTCC,0.432273958716569
TATTCG,0.433601425006728
TATTCT,0.448158463961936
TATTGA,0.427685391641186
TATTGC,0.446546243823145
TATTGG,0.448438584934837
TATTGT,0.451840453216528
TATTTA,0.421566333558358
TATTTC,0.440612431828103
TATTTG,0.44448630039482
TATTTT,0.474994034481524
TCAAAA,0.392694180771786
TCAAAC,0.428400023899594
TCAAAG,0.424463211479936
TCAAAT,0.425108478643079
TCAACA,0.433317116252712
TCAACC,0.395528151415223
TCAACG,0.416108951004225
TCAACT,0.422261391618005
TCAAGA,0.416518686964102
TCAAGC,0.380727990244898
TCAAGG,0.452886645367759
TCAAGT,0.446709920909214
TCAATA,0.429256909032154
TCAATC,0.427685391641186
TCAATG,0.43388565295225
TCAATT,0.435258283653716
TCACAA,0.42728020655243
TCACAC,0.396093983050187
TCACAG,0.468929905236715
TCACAT,0.459810351761709
TCACCA,0.415602574689402
TCACCC,0.454279867826493
TCACCG,0.425968187684748
TCACCT,0.464392009683299
TCACGA,0.422093663209649
TCACGC,0.393335607565751
TCACGG,0.41704868441125
TCACGT,0.436959621994243
TCACTA,0.430350750378448
TCACTC,0.439082232517874
TCACTG,0.4342881709695
TCACTT,0.446335762482494
TCAGAA,0.438705208674834
TCAGAC,0.431324688471008
TCAGAG,0.490868230184942
TCAGAT,0.445259276535295
TCAGCA,0.473606634325467
TCAGCC,0.419310060126862
TCAGCG,0.432819381349478
TCAGCT,0.460433215950716
TCAGGA,0.485597284707412
TCAGGC,0.457129919935357
TCAGGG,0.537502496987662
TCAGGT,0.461355265176168
TCAGTA,0.4377148442465
TCAGTC,0.431704504709752
TCAGTG,0.471487706346218
TCAGTT,0.418131895982479
TCATAA,0.431277201296252
TCATAC,0.422333266610392
TCATAG,0.421230615302372
TCATAT,0.411929709836607
TCATCA,0.422117626133329
TCATCC,0.435683889680051
TCATCG,0.428209505226839
TCATCT,0.426278456623321
TCATGA,0.460963498131288
TCATGC,0.443876867787532
TCATGG,0.452979587278127
TCATGT,0.458586563049276
TCATTA,0.43459586958017
TCATTC,0.437832796218597
TCATTG,0.427971305831379
TCATTT,0.438610930499421
TCCAAA,0.42283624696066
TCCAAC,0.440682999914372
TCCAAG,0.415192463116376
TCCAAT,0.432155349203852
TCCACA,0.441153326602771
TCCACC,0.477150913716933
TCCACG,0.433388201019525
TCCACT,0.443572012149239
TCCAGA,0.460894346835285
TCCAGC,0.423315040774755
TCCAGG,0.58289546767902
TCCAGT,0.465103849342091
TCCATA,0.507044809320066
TCCATC,0.458447926513555
TCCATG,0.463587710266806
TCCATT,0.426469343517193
TCCCAA,0.392546100757992
TCCCAC,0.456528146558788
TCCCAG,0.453258361191278
TCCCAT,0.449348436558008
TCCCCA,0.479574683151993
TCCCCC,0.507660943677042
TCCCCG,0.43632195927375
TCCCCT,0.548079294362822
TCCCGA,0.407805856094876
TCCCGC,0.44091819090947
TCCCGG,0.443360903790247
TCCCGT,0.431775704197075
TCCCTA,0.440706521503205
TCCCTC,0.4663196930379
TCCCTG,0.534123294211887
TCCCTT,0.486002000689475
TCCGAA,0.431538352855809
TCCGAC,0.437879973112165
TCCGAG,0.435612967920339
TCCGAT,0.422812301251256
TCCGCA,0.426827158261601
TCCGCC,0.393853382866185
TCCGCG,0.424511023328989
TCCGCT,0.437006840098475
TCCGGA,0.423003850873292
TCCGGC,0.443548557865612
TCCGGG,0.452747216303576
TCCGGT,0.439671047848477
TCCGTA,0.429471015637532
TCCGTC,0.443642371699677
TCCGTG,0.449861321224054
TCCGTT,0.428400023899594
TCCTAA,0.44969815918011
TCCTAC,0.457893188089803
TCCTAG,0.451282036210164
TCCTAT,0.437408103991886
TCCTCA,0.445212446501127
TCCTCC,0.441106303887006
TCCTCG,0.421662232362469
TCCTCT,0.470118269422072
TCCTGA,0.503671354054644
TCCTGC,0.470620614070594
TCCTGG,0.551201156919265
TCCTGT,0.551790684796628
TCCTTA,0.467854590431703
TCCTTC,0.496934581251728
TCCTTG,0.491337901347938
TCCTTT,0.46984415685044
TCGAAA,0.426994094670571
TCGAAC,0.415047677689492
TCGAAG,0.419862597628964
TCGAAT,0.421398488518708
TCGACA,0.424702247868753
TCGACC,0.427733049683449
TCGACG,0.418685084667956
TCGACT,0.441881896089869
TCGAGA,0.42247700109898
TCGAGC,0.427804532488446
TCGAGG,0.433506664403046
TCGAGT,0.421877971052631
TCGATA,0.419910629943339
TCGATC,0.413042658910338
TCGATG,0.42642162520966
TCGATT,0.427065630315778
TCGCAA,0.417819088698459
TCGCAC,0.427423231801709
TCGCAG,0.454929374626226
TCGCAT,0.421110688605858
TCGCCA,0.43804507471479
TCGCCC,0.428971362230435
TCGCCG,0.428352397634175
TCGCCT,0.44780820236445
TCGCGA,0.443079356634328
TCGCGC,0.405591373372437
TCGCGG,0.428304769100387
TCGCGT,0.434927131465993
TCGCTA,0.429447228278372
TCGCTC,0.411929709836607
TCGCTG,0.487753879667252
TCGCTT,0.425968187684748
TCGGAA,0.406979040671765
TCGGAC,0.429256909032154
TCGGAG,0.45037394297426
TCGGAT,0.437596878360094
TCGGCA,0.43243998840332
TCGGCC,0.41483046023629
TCGGCG,0.43875234442961
TCGGCT,0.445891267445361
TCGGGA,0.463426772726654
TCGGGC,0.453606719331676
TCGGGG,0.482917533546899
TCGGGT,0.455647979703147
TCGGTA,0.428161869886647
TCGGTC,0.40641933646153
TCGGTG,0.405006515827083
TCGGTT,0.432392554162738
TCGTAA,0.422548860596665
TCGTAC,0.422357223793231
TCGTAG,0.439152908666222
TCGTAT,0.423578279690197
TCGTCA,0.429685076411085
TCGTCC,0.438775911473857
TCGTCG,0.412413752943349
TCGTCT,0.449628224439478
TCGTGA,0.479642554712525
TCGTGC,0.442797730187282
TCGTGG,0.455624806952656
TCGTGT,0.424678346800935
TCGTTA,0.421206631113635
TCGTTC,0.424367580923364
TCGTTG,0.433933016423347
TCGTTT,0.424032801938514
TCTAAA,0.417024599711066
TCTAAC,0.451840453216528
TCTAAG,0.436345583663973
TCTAAT,0.437879973112165
TCTACA,0.451677613798733
TCTACC,0.42007872487754
TCTACG,0.426278456623321
TCTACT,0.407100674057832
TCTAGA,0.45037394297426
TCTAGC,0.429114145823416
TCTAGG,0.447668063366942
TCTAGT,0.428400023899594
TCTATA,0.424606640169724
TCTATC,0.447597986502899
TCTATG,0.429780199826345
TCTATT,0.459833427725427
TCTCAA,0.396315308305593
TCTCAC,0.435754806410223
TCTCAG,0.491561476774404
TCTCAT,0.455068499786983
TCTCCA,0.501548851047297
TCTCCC,0.49142733751693
TCTCCG,0.42513236943262
TCTCCT,0.509177656328727
TCTCGA,0.410500416072941
TCTCGC,0.421062713899887
TCTCGG,0.415626693662583
TCTCGT,0.434264497923546
TCTCTA,0.429185529975452
TCTCTC,0.517772732441196
TCTCTG,0.580239458072472
TCTCTT,0.506758617846636
TCTGAA,0.502610665678242
TCTGAC,0.59090239802604
TCTGAG,0.651302396882921
TCTGAT,0.522248701027518
TCTGCA,0.473060243884972
TCTGCC,0.525646595038345
TCTGCG,0.479665177542397
TCTGCT,0.506097863219176
TCTGGA,0.48444969912612
TCTGGC,0.495688631396928
TCTGGG,0.691471263138091
TCTGGT,0.502610665678242
TCTGTA,0.426015927633942
TCTGTC,0.47567565695761
TCTGTG,0.558775339795984
TCTGTT,0.505061802367683
TCTTAA,0.427494736755998
TCTTAC,0.44235165937562
TCTTAG,0.434406527793802
TCTTAT,0.479891377696988
TCTTCA,0.450350647685557
TCTTCC,0.480275800571596
TCTTCG,0.430065515793387
TCTTCT,0.492053166832788
TCTTGA,0.452073034967548
TCTTGC,0.472171722190675
TCTTGG,0.497290281977451
TCTTGT,0.447200791487655
TCTTTA,0.443994095214027
TCTTTC,0.514347932224297
TCTTTG,0.522833874886339
TCTTTT,0.494842280447162
TGAAAA,0.427137160844002
TGAAAC,0.442938553324987
TGAAAG,0.42966129414338
TGAAAT,0.470095429577394
TGAACA,0.448695293579813
TGAACC,0.440094780310466
TGAACG,0.42799512832434
TGAACT,0.434548537494438
TGAAGA,0.493013499908124
TGAAGC,0.541465967137443
TGAAGG,0.477581731870031
TGAAGT,0.452073034967548
TGAATA,0.416639165597308
TGAATC,0.454210252784678
TGAATG,0.497645856225155
TGAATT,0.436156572913213
TGACAA,0.462230425167175
TGACAC,0.579850680519249
TGACAG,0.503273727744784
TGACAT,0.489390683082949
TGACCA,0.476538378989976
TGACCC,0.531785398016294
TGACCG,0.460340964251307
TGACCT,0.533866178726247
TGACGA,0.462046244596408
TGACGC,0.422429091898259
TGACGG,0.44797167304397
TGACGT,0.426135267536802
TGACTA,0.465883994506979
TGACTC,0.525646595038345
TGACTG,0.584078184616261
TGACTT,0.538441511586924
TGAGAA,0.467373756627772
TGAGAC,0.45511487053961
TGAGAG,0.539507504422593
TGAGAT,0.44983801399048
TGAGCA,0.47848811122473
TGAGCC,0.47239962353884
TGAGCG,0.452816933265726
TGAGCT,0.485237399609315
TGAGGA,0.553241968163008
TGAGGC,0.558127172157104
TGAGGG,0.69652877470119
TGAGGT,0.463863542947875
TGAGTA,0.40875342096967
TGAGTC,0.444790877476989
TGAGTG,0.581793058566091
TGAGTT,0.454256663351023
TGATAA,0.437974320222848
TGATAC,0.469638523101333
TGATAG,0.43279567350684
TGATAT,0.449045244655425
TGATCA,0.434217150150333
TGATCC,0.429613727911115
TGATCG,0.43894086523406
TGATCT,0.465975736290428
TGATGA,0.590315236219184
TGATGC,0.506516391840648
TGATGG,0.590720212288128
TGATGT,0.547508712710747
TGATTA,0.461447423356341
TGATTC,0.446101842354867
TGATTG,0.485687235748501
TGATTT,0.531140979999962
TGCAAA,0.445540210695553
TGCAAC,0.412002331240786
TGCAAG,0.467740127161537
TGCAAT,0.420198775390503
TGCACA,0.471647351897406
TGCACC,0.425180149299461
TGCACG,0.434832496409762
TGCACT,0.448905278920728
TGCAGA,0.50059668375707
TGCAGC,0.510714003249031
TGCAGG,0.641036592282841
TGCAGT,0.458447926513555
TGCATA,0.439317800256167
TGCATC,0.420270798781069
TGCATG,0.473993480338364
TGCATT,0.433340811736437
TGCCAA,0.44091819090947
TGCCAC,0.477423030985607
TGCCAG,0.482105435678706
TGCCAT,0.4945748628398
TGCCCA,0.472786936670487
TGCCCC,0.537630596365973
TGCCCG,0.448531941157903
TGCCCT,0.552316755450716
TGCCGA,0.447294263332585
TGCCGC,0.456134483463085
TGCCGG,0.461954141588531
TGCCGT,0.45256128063879
TGCCTA,0.423554351742916
TGCCTC,0.428899962788033
TGCCTG,0.551159034483337
TGCCTT,0.489256252300942
TGCGAA,0.433554045827333
TGCGAC,0.439977094858008
TGCGAG,0.433767234459146
TGCGAT,0.434217150150333
TGCGCA,0.455763835401637
TGCGCC,0.446803438645841
TGCGCG,0.490756371196634
TGCGCT,0.438540216034407
TGCGGA,0.48586711356075
TGCGGC,0.448088421456407
TGCGGG,0.51471933723397
TGCGGT,0.451375127368742
TGCGTA,0.429423440353359
TGCGTC,0.446990447886481
TGCGTG,0.508210743032157
TGCGTT,0.432273958716569
TGCTAA,0.456782787183706
TGCTAC,0.423219300349661
TGCTAG,0.430992230882301
TGCTAT,0.46200019415284
TGCTCA,0.416349992488522
TGCTCC,0.489614694234899
TGCTCG,0.438115824200888
TGCTCT,0.455045313604302
TGCTGA,0.606168448723282
TGCTGC,0.521641492158687
TGCTGG,0.617250127931226
TGCTGT,0.558670825040376
TGCTTA,0.444462867545621
TGCTTC,0.487843636938102
TGCTTG,0.510626275552868
TGCTTT,0.481518510126244
TGGAAA,0.484179487490577
TGGAAC,0.46200019415284
TGGAAG,0.464300122484152
TGGAAT,0.431182220181109
TGGACA,0.497512530698199
TGGACC,0.488785602198756
TGGACG,0.478918353797696
TGGACT,0.486743554845477
TGGAGA,0.475902761242232
TGGAGC,0.528451425980649
TGGAGG,0.685725506623042
TGGAGT,0.499643608980147
TGGATA,0.439388459758043
TGGATC,0.45516123914209
TGGATG,0.505767322109539
TGGATT,0.462782763432007
TGGCAA,0.467923262105448
TGGCAC,0.474016231326477
TGGCAG,0.609313128255389
TGGCAT,0.453513835692592
TGGCCA,0.492321259546526
TGGCCC,0.548332781743879
TGGCCG,0.485282392330191
TGGCCT,0.53609231973769
TGGCGA,0.448555278851955
TGGCGC,0.423745759291781
TGGCGG,0.548586204885367
TGGCGT,0.455068499786983
TGGCTA,0.452189305560851
TGGCTC,0.498090146312037
TGGCTG,0.612309273119445
TGGCTT,0.480343624564486
TGGGAA,0.582548544015094
TGGGAC,0.527653928526187
TGGGAG,0.698566449271592
TGGGAT,0.460110297763018
TGGGCA,0.619199978607426
TGGGCC,0.611794019979241
TGGGCG,0.513932669203248
TGGGCT,0.63390752347869
TGGGGA,0.761637814166953
TGGGGC,0.721759327177023
TGGGGG,0.929398797816617
TGGGGT,0.733973190395075
TGGGTA,0.474289202818109
TGGGTC,0.530023004087448
TGGGTG,0.765146850596299
TGGGTT,0.5273088676849
TGGTAA,0.432155349203852
TGGTAC,0.450234163101293
TGGTAG,0.444275384981859
TGGTAT,0.459325633475412
TGGTCA,0.469089959619425
TGGTCC,0.492633943565896
TGGTCG,0.442187267326499
TGGTCT,0.503583006314987
TGGTGA,0.494597150371984
TGGTGC,0.491404979224561
TGGTGG,0.689914176414318
TGGTGT,0.545201937606803
TGGTTA,0.4135019940419
TGGTTC,0.457615703434714
TGGTTG,0.506362217464068
TGGTTT,0.46723633306472
TGTAAA,0.415699047091972
TGTAAC,0.451747405367611
TGTAAG,0.414347585789807
TGTAAT,0.405713175652054
TGTACA,0.408316194903222
TGTACC,0.435329230571829
TGTACG,0.42369791083916
TGTACT,0.433009023859079
TGTAGA,0.447130681869863
TGTAGC,0.430445810496606
TGTAGG,0.488359584960053
TGTAGT,0.424295852003917
TGTATA,0.419694466357887
TGTATC,0.432985320512082
TGTATG,0.471738566484952
TGTATT,0.414806322050897
TGTCAA,0.422596764059844
TGTCAC,0.429566159416195
TGTCAG,0.503472560663049
TGTCAT,0.436558178064704
TGTCCA,0.452328812430283
TGTCCC,0.584974485979221
TGTCCG,0.450886302078039
TGTCCT,0.516944875170425
TGTCGA,0.423147489015023
TGTCGC,0.446359151486014
TGTCGG,0.448811957546185
TGTCGT,0.431372173390839
TGTCTA,0.474152726386473
TGTCTC,0.499532727356611
TGTCTG,0.656869881366822
TGTCTT,0.564693918311411
TGTGAA,0.480908645684107
TGTGAC,0.479552058274766
TGTGAG,0.572063844868156
TGTGAT,0.503384195357923
TGTGCA,0.485844630603609
TGTGCC,0.477105553638857
TGTGCG,0.488247444989197
TGTGCT,0.605390706235116
TGTGGA,0.545434972977849
TGTGGC,0.519491613808022
TGTGGG,0.73441166277585
TGTGGT,0.530947573588679
TGTGTA,0.466915604622612
TGTGTC,0.535600426711461
TGTGTG,0.754359155241869
TGTGTT,0.556808632364485
TGTTAA,0.431514614622927
TGTTAC,0.46200019415284
TGTTAG,0.435683889680051
TGTTAT,0.424869539350079
TGTTCA,0.471350847014079
TGTTCC,0.470255297536398
TGTTCG,0.426803307928094
TGTTCT,0.506075830543996
TGTTGA,0.462989811653845
TGTTGC,0.466686449882259
TGTTGG,0.549409386833927
TGTTGT,0.493035822266027
TGTTTA,0.435518397749096
TGTTTC,0.502500112577342
TGTTTG,0.511130604737538
TGTTTT,0.492857229449189
TTAAAA,0.381726501675413
TTAAAC,0.437455300924896
TTAAAG,0.442022848248188
TTAAAT,0.4216862056266
TTAACA,0.424104549728063
TTAACC,0.417409885322603
TTAACG,0.424343671855214
TTAACT,0.449768089030216
TTAAGA,0.441928882350178
TTAAGC,0.418155954028845
TTAAGG,0.438634500876572
TTAAGT,0.41122743089843
TTAATA,0.45502212688401
TTAATC,0.435991159195503
TTAATG,0.415723163738477
TTAATT,0.414613195589414
TTACAA,0.409894166370036
TTACAC,0.456967939646836
TTACAG,0.396118577164376
TTACAT,0.423530423223073
TTACCA,0.422333266610392
TTACCC,0.440000633056515
TTACCG,0.420774817320991
TTACCT,0.448998591587204
TTACGA,0.423984967218796
TTACGC,0.417241341132956
TTACGG,0.43535287842603
TTACGT,0.414371735050667
TTACTA,0.435494753808795
TTACTC,0.442938553324987
TTACTG,0.465012027531624
TTACTT,0.423745759291781
TTAGAA,0.41856485228711
TTAGAC,0.420654835946391
TTAGAG,0.42031881149307
TTAGAT,0.425108478643079
TTAGCA,0.434217150150333
TTAGCC,0.412631495925175
TTAGCG,0.426063665304141
TTAGCT,0.453281588843123
TTAGGA,0.450187565468097
TTAGGC,0.443126286665437
TTAGGG,0.45666704948329
TTAGGT,0.448088421456407
TTAGTA,0.386828282486543
TTAGTC,0.433554045827333
TTAGTG,0.455253969897407
TTAGTT,0.409821391700896
TTATAA,0.413574501358444
TTATAC,0.428066592398346
TTATAG,0.415168333667599
TTATAT,0.417867219265291
TTATCA,0.441223856530797
TTATCC,0.447527904727744
TTATCG,0.422596764059844
TTATCT,0.469387135525575
TTATGA,0.436770727278662
TTATGC,0.433364506658699
TTATGG,0.431657035568399
TTATGT,0.427709220946228
TTATTA,0.439930016798789
TTATTC,0.446896947637718
TTATTG,0.440753563021138
TTATTT,0.468358073228748
TTCAAA,0.43388565295225
TTCAAC,0.423506494130643
TTCAAG,0.415168333667599
TTCAAT,0.436487318286162
TTCACA,0.450210864556112
TTCACC,0.451398398804393
TTCACG,0.42799512832434
TTCACT,0.44780820236445
TTCAGA,0.435967526430636
TTCAGC,0.452049779226537
TTCAGG,0.48239876932486
TTCAGT,0.416904167508283
TTCATA,0.421662232362469
TTCATC,0.417578401109894
TTCATG,0.44352510303187
TTCATT,0.432558564161926
TTCCAA,0.429399651862467
TTCCAC,0.445352930024988
TTCCAG,0.511437463236399
TTCCAT,0.512729619038669
TTCCCA,0.448671959153191
TTCCCC,0.502035656043201
TTCCCG,0.428542889087795
TTCCCT,0.499998347577439
TTCCGA,0.428709539348234
TTCCGC,0.430255681223004
TTCCGG,0.441670430593806
TTCCGT,0.417746888504398
TTCCTA,0.444790877476989
TTCCTC,0.45100271072735
TTCCTG,0.552674325481097
TTCCTT,0.543463051427113
TTCGAA,0.43405141528759
TTCGAC,0.437006840098475
TTCGAG,0.407295256707842
TTCGAT,0.417120935031563
TTCGCA,0.443337444554645
TTCGCC,0.428876161840992
TTCGCG,0.420774817320991
TTCGCT,0.431372173390839
TTCGGA,0.42728020655243
TTCGGC,0.427304045514592
TTCGGG,0.454395882127815
TTCGGT,0.436109314642954
TTCGTA,0.434761514239886
TTCGTC,0.446382539942501
TTCGTG,0.503229537282435
TTCGTT,0.431229711866357
TTCTAA,0.419550331337278
TTCTAC,0.436959621994243
TTCTAG,0.429685076411085
TTCTAT,0.460963498131288
TTCTCA,0.470163947546513
TTCTCC,0.507880899693937
TTCTCG,0.425514544460973
TTCTCT,0.55864992077839
TTCTGA,0.570557016428631
TTCTGC,0.488763184762948
TTCTGG,0.56473547447775
TTCTGT,0.504642664388209
TTCTTA,0.452700735628411
TTCTTC,0.505943624297725
TTCTTG,0.468678339437683
TTCTTT,0.480253191551685
TTGAAA,0.411275879765714
TTGAAC,0.403689334356603
TTGAAG,0.436156572913213
TTGAAT,0.423171426699559
TTGACA,0.443055890792837
TTGACC,0.463725636117799
TTGACG,0.428376211050417
TTGACT,0.463035816548678
TTGAGA,0.401416780205694
TTGAGC,0.419165869685207
TTGAGG,0.505260280110768
TTGAGT,0.426135267536802
TTGATA,0.434998101881389
TTGATC,0.445306104376513
TTGATG,0.484427184278357
TTGATT,0.478963631723362
TTGCAA,0.430612143962583
TTGCAC,0.432985320512082
TTGCAG,0.511875669242417
TTGCAT,0.434453866601467
TTGCCA,0.475221293600706
TTGCCC,0.504267497226482
TTGCCG,0.434311843455054
TTGCCT,0.494151305321467
TTGCGA,0.424439304698142
TTGCGC,0.446967073643868
TTGCGG,0.451863713826023
TTGCGT,0.439082232517874
TTGCTA,0.435872989785693
TTGCTC,0.439529763785264
TTGCTG,0.552253641582696
TTGCTT,0.454303071763528
TTGGAA,0.442469065724289
TTGGAC,0.421350527618198
TTGGAG,0.489457891697696
TTGGAT,0.451793930374307
TTGGCA,0.488023127314315
TTGGCC,0.481924879888612
TTGGCG,0.44284467343668
TTGGCT,0.511042913582853
TTGGGA,0.505987694988565
TTGGGC,0.510955214737756
TTGGGG,0.716810288057763
TTGGGT,0.53208598436672
TTGGTA,0.462667718115771
TTGGTC,0.475630229910867
TTGGTG,0.508276698646214
TTGGTT,0.443079356634328
TTGTAA,0.421254598915882
TTGTAC,0.426994094670571
TTGTAG,0.456690198095015
TTGTAT,0.410815520727011
TTGTCA,0.450024456650489
TTGTCC,0.467007251817443
TTGTCG,0.433577735697629
TTGTCT,0.537438441144437
TTGTGA,0.471350847014079
TTGTGC,0.487192714123599
TTGTGG,0.524176312895884
TTGTGT,0.530883096471571
TTGTTA,0.429613727911115
TTGTTC,0.457685081817358
TTGTTG,0.477468376665498
TTGTTT,0.461746878799733
TTTAAA,0.39803505686048
TTTAAC,0.422333266610392
TTTAAG,0.446405927851981
TTTAAT,0.450979430081541
TTTACA,0.416084843659932
TTTACC,0.440612431828103
TTTACG,0.42513236943262
TTTACT,0.428209505226839
TTTAGA,0.411178979683739
TTTAGC,0.439930016798789
TTTAGG,0.443642371699677
TTTAGT,0.391632455812753
TTTATA,0.42527570218494
TTTATC,0.435612967920339
TTTATG,0.445235861792342
TTTATT,0.471168338763387
TTTCAA,0.437974320222848
TTTCAC,0.421949873607662
TTTCAG,0.487731439090675
TTTCAT,0.43955331251537
TTTCCA,0.488382011445258
TTTCCC,0.478850433065046
TTTCCG,0.441106303887006
TTTCCT,0.549620350022512
TTTCGA,0.426278456623321
TTTCGC,0.423673985754269
TTTCGG,0.448041723727042
TTTCGT,0.441999357601447
TTTCTA,0.452235810013158
TTTCTC,0.565503952226595
TTTCTG,0.583181079176419
TTTCTT,0.518077559810317
TTTGAA,0.407732929285303
TTTGAC,0.456921654744838
TTTGAG,0.40361610671247
TTTGAT,0.488628669593705
TTTGCA,0.454627870360309
TTTGCC,0.468472465792681
TTTGCG,0.469478556501555
TTTGCT,0.491628539656241
TTTGGA,0.439388459758043
TTTGGC,0.471191154116407
TTTGGG,0.545456155318994
TTTGGT,0.471191154116407
TTTGTA,0.420918775970994
TTTGTC,0.480660075722044
TTTGTG,0.515549038219249
TTTGTT,0.460756029895919
TTTTAA,0.422093663209649
TTTTAC,0.430303216930494
TTTTAG,0.398354113360125
TTTTAT,0.452909881655195
TTTTCA,0.454906185217502
TTTTCC,0.525192767986907
TTTTCG,0.451351855391519
TTTTCT,0.544396488230061
TTTTGA,0.411178979683739
TTTTGC,0.468129248836421
TTTTGG,0.461193967921445
TTTTGT,0.451421669698496
TTTTTA,0.412921746168555
TTTTTC,0.514610114784895
TTTTTG,0.424248029865771
TTTTTT,0.204450299974843
