MOTIF,Score
AAAAAAA,0
AAAAAAC,0.581124214968266
AAAAAAG,0.497175474806742
AAAAAAT,0.489227758850783
AAAAACA,0.573635484688835
AAAAACC,0.5481974140692
AAAAACG,0.560533053027156
AAAAACT,0.544240310626264
AAAAAGA,0.531796358438441
AAAAAGC,0.537420060164427
AAAAAGG,0.545938129849809
AAAAAGT,0.552607114367554
AAAAATA,0.475671072196869
AAAAATC,0.549700772764182
AAAAATG,0.516578645377284
AAAAATT,0.517063783756092
AAAACAA,0.517257773226202
AAAACAC,0.55475798708049
AAAACAG,0.582942258789008
AAAACAT,0.544051485985054
AAAACCA,0.540362260996215
AAAACCC,0.5457496255569
AAAACCG,0.55671779523257
AAAACCT,0.553729885996893
AAAACGA,0.541688164668594
AAAACGC,0.543957060292236
AAAACGG,0.555971654469429
AAAACGT,0.56146139977157
AAAACTA,0.541214829430832
AAAACTC,0.546220819679912
AAAACTG,0.546691791883586
AAAACTT,0.561554187063086
AAAAGAA,0.502307822388434
AAAAGAC,0.552887925479765
AAAAGAG,0.603615595213509
AAAAGAT,0.574826469481327
AAAAGCA,0.571157359285831
AAAAGCC,0.535422026701536
AAAAGCG,0.568949413794948
AAAAGCT,0.549606879030218
AAAAGGA,0.557649688971366
AAAAGGC,0.565258636585741
AAAAGGG,0.569225673731343
AAAAGGT,0.537325006183951
AAAAGTA,0.563037614031558
AAAAGTC,0.566090249915229
AAAAGTG,0.558022203443504
AAAAGTT,0.540551783474449
AAAATAA,0.516093271524988
AAAATAC,0.518517788333561
AAAATAG,0.549794657682941
AAAATAT,0.545278209305316
AAAATCA,0.546220819679912
AAAATCC,0.542066671611651
AAAATCG,0.541404190412335
AAAATCT,0.542634163535157
AAAATGA,0.540172702592402
AAAATGC,0.545938129849809
AAAATGG,0.557649688971366
AAAATGT,0.515801934091213
AAAATTA,0.517354753851115
AAAATTC,0.558115310383227
AAAATTG,0.548009335220336
AAAATTT,0.539414109448797
AAACAAA,0.520259807766204
AAACAAC,0.550920589723994
AAACAAG,0.538560003737663
AAACAAT,0.544145902762502
AAACACA,0.543484798038652
AAACACC,0.55653131222836
AAACACG,0.542634163535157
AAACACT,0.527485733590813
AAACAGA,0.576747376655953
AAACAGC,0.616871546455375
AAACAGG,0.620202008745726
AAACAGT,0.5446178529781
AAACATA,0.555598375211691
AAACATC,0.565535917878306
AAACATG,0.523831123625249
AAACATT,0.55569170808982
AAACCAA,0.567659190683096
AAACCAC,0.539129488592566
AAACCAG,0.552887925479765
AAACCAT,0.571708584776194
AAACCCA,0.537990194384955
AAACCCC,0.523445649740235
AAACCCG,0.548385457551061
AAACCCT,0.521998797843574
AAACCGA,0.554664567010722
AAACCGC,0.543673729704724
AAACCGG,0.561368603869775
AAACCGT,0.541593515543045
AAACCTA,0.551857898993549
AAACCTC,0.550357782168829
AAACCTG,0.566921172238596
AAACCTT,0.533419993107197
AAACGAA,0.543201333594226
AAACGAC,0.547162542376858
AAACGAG,0.5446178529781
AAACGAT,0.543484798038652
AAACGCA,0.552794330537075
AAACGCC,0.547727150604803
AAACGCG,0.5446178529781
AAACGCT,0.544523480752259
AAACGGA,0.561739735821665
AAACGGC,0.548855411612337
AAACGGG,0.580578156666248
AAACGGT,0.555785032257735
AAACGTA,0.55223257684601
AAACGTC,0.544712216298664
AAACGTG,0.546409235179995
AAACGTT,0.553262217674982
AAACTAA,0.551389354177351
AAACTAC,0.555411683318289
AAACTAG,0.557463379684734
AAACTAT,0.534087783086384
AAACTCA,0.557835963553314
AAACTCC,0.531987511164909
AAACTCG,0.540077909914147
AAACTCT,0.5446178529781
AAACTGA,0.552326224378313
AAACTGC,0.546597615186365
AAACTGG,0.617134881340904
AAACTGT,0.546220819679912
AAACTTA,0.556438057683667
AAACTTC,0.548291440230175
AAACTTG,0.547538983280205
AAACTTT,0.546126598615548
AAAGAAA,0.500336958592886
AAAGAAC,0.53246523318245
AAAGAAG,0.551857898993549
AAAGAAT,0.5789381903994
AAAGACA,0.557463379684734
AAAGACC,0.529116376530434
AAAGACG,0.548385457551061
AAAGACT,0.576930127900041
AAAGAGA,0.604949125753957
AAAGAGC,0.547350780542001
AAAGAGG,0.596114781825512
AAAGAGT,0.580851223089715
AAAGATA,0.575192641155858
AAAGATC,0.55129561886424
AAAGATG,0.601745659850889
AAAGATT,0.552794330537075
AAAGCAA,0.580669187092685
AAAGCAC,0.534564503049566
AAAGCAG,0.578390936767797
AAAGCAT,0.562296175616743
AAAGCCA,0.559603843654184
AAAGCCC,0.54074127004072
AAAGCCG,0.558394579200281
AAAGCCT,0.536659375213063
AAAGCGA,0.556251522500995
AAAGCGC,0.553542844912949
AAAGCGG,0.568396664858027
AAAGCGT,0.563871075675319
AAAGCTA,0.547538983280205
AAAGCTC,0.542823255966196
AAAGCTG,0.557835963553314
AAAGCTT,0.544240310626264
AAAGGAA,0.591893220430876
AAAGGAC,0.543579268333584
AAAGGAG,0.567382497591141
AAAGGAT,0.535993300882455
AAAGGCA,0.580851223089715
AAAGGCC,0.553823393421363
AAAGGCG,0.552419863141576
AAAGGCT,0.58548198001724
AAAGGGA,0.554664567010722
AAAGGGC,0.582942258789008
AAAGGGG,0.602903651128028
AAAGGGT,0.623346984654527
AAAGGTA,0.552419863141576
AAAGGTC,0.555598375211691
AAAGGTG,0.591713183598097
AAAGGTT,0.551014360195522
AAAGTAA,0.532560750205863
AAAGTAC,0.545466802474781
AAAGTAG,0.558208408654855
AAAGTAT,0.594140950231495
AAAGTCA,0.548103379066474
AAAGTCC,0.556997454550261
AAAGTCG,0.554290799434086
AAAGTCT,0.565997882578947
AAAGTGA,0.582397192613382
AAAGTGC,0.558394579200281
AAAGTGG,0.56146139977157
AAAGTGT,0.566182608720574
AAAGTTA,0.554197335707378
AAAGTTC,0.544523480752259
AAAGTTG,0.565535917878306
AAAGTTT,0.543862625682365
AAATAAA,0.499448801046853
AAATAAC,0.565166192400051
AAATAAG,0.554103863244385
AAATAAT,0.511421656517637
AAATACA,0.501421414331416
AAATACC,0.5481974140692
AAATACG,0.553168657759232
AAATACT,0.562481586764089
AAATAGA,0.545278209305316
AAATAGC,0.534755127419697
AAATAGG,0.567566968158746
AAATAGT,0.566551958664092
AAATATA,0.52758172740448
AAATATC,0.553916892103012
AAATATG,0.533419993107197
AAATATT,0.52412013155806
AAATCAA,0.551201874763997
AAATCAC,0.561368603869775
AAATCAG,0.562944964287544
AAATCAT,0.544334709578022
AAATCCA,0.535707704586269
AAATCCC,0.558766816344968
AAATCCG,0.547538983280205
AAATCCT,0.534564503049566
AAATCGA,0.546974268771438
AAATCGC,0.543957060292236
AAATCGG,0.545561085723422
AAATCGT,0.542350457829289
AAATCTA,0.556997454550261
AAATCTC,0.542539603909466
AAATCTG,0.525467731948826
AAATCTT,0.540077909914147
AAATGAA,0.543012312648047
AAATGAC,0.541214829430832
AAATGAG,0.570881632555183
AAATGAT,0.54904333141437
AAATGCA,0.571984083619654
AAATGCC,0.531700768371198
AAATGCG,0.566182608720574
AAATGCT,0.532656258106646
AAATGGA,0.562296175616743
AAATGGC,0.545466802474781
AAATGGG,0.606192151874907
AAATGGT,0.582578914351383
AAATGTA,0.558208408654855
AAATGTC,0.541972058306368
AAATGTG,0.555318324299763
AAATGTT,0.528253426209182
AAATTAA,0.55615824185977
AAATTAC,0.546032368672738
AAATTAG,0.503586804039802
AAATTAT,0.554944801042175
AAATTCA,0.551014360195522
AAATTCC,0.533515418982654
AAATTCG,0.547538983280205
AAATTCT,0.545843882145088
AAATTGA,0.554851398423765
AAATTGC,0.54442909961946
AAATTGG,0.561646965745918
AAATTGT,0.542350457829289
AAATTTA,0.538560003737663
AAATTTC,0.542917788774925
AAATTTG,0.541025432584957
AAATTTT,0.522191832423447
AACAAAA,0.530935718706369
AACAAAC,0.558673770048037
AACAAAG,0.550357782168829
AACAAAT,0.552981511663262
AACAACA,0.539888297596422
AACAACC,0.549982401081462
AACAACG,0.546126598615548
AACAACT,0.554103863244385
AACAAGA,0.531318316701405
AACAAGC,0.556438057683667
AACAAGG,0.557370212023119
AACAAGT,0.557556538666944
AACAATA,0.541972058306368
AACAATC,0.543957060292236
AACAATG,0.562296175616743
AACAATT,0.540172702592402
AACACAA,0.539983108249388
AACACAC,0.530457265272047
AACACAG,0.564056195075461
AACACAT,0.532369707034664
AACACCA,0.551670507410356
AACACCC,0.549982401081462
AACACCG,0.546032368672738
AACACCT,0.55681102369533
AACACGA,0.548385457551061
AACACGC,0.546597615186365
AACACGG,0.557835963553314
AACACGT,0.579940711552448
AACACTA,0.536564248895506
AACACTC,0.542539603909466
AACACTG,0.562481586764089
AACACTT,0.559975631021395
AACAGAA,0.542255871371418
AACAGAC,0.588105623363076
AACAGAG,0.518517788333561
AACAGAT,0.553262217674982
AACAGCA,0.567382497591141
AACAGCC,0.603259686528815
AACAGCG,0.553916892103012
AACAGCT,0.593422226236031
AACAGGA,0.549325144920533
AACAGGC,0.584031500657724
AACAGGG,0.609381427853598
AACAGGT,0.593961317654719
AACAGTA,0.546126598615548
AACAGTC,0.539698649319047
AACAGTG,0.556904243467353
AACAGTT,0.534755127419697
AACATAA,0.539224371212598
AACATAC,0.550545419884123
AACATAG,0.530361547108925
AACATAT,0.541593515543045
AACATCA,0.552887925479765
AACATCC,0.563778503122715
AACATCG,0.553262217674982
AACATCT,0.543106827587251
AACATGA,0.539793477953543
AACATGC,0.542350457829289
AACATGG,0.527101666161474
AACATGT,0.553916892103012
AACATTA,0.549606879030218
AACATTC,0.55615824185977
AACATTG,0.578847002255946
AACATTT,0.530648674116774
AACCAAA,0.552045255467716
AACCAAC,0.55671779523257
AACCAAG,0.552700726833551
AACCAAT,0.550170109239016
AACCACA,0.552887925479765
AACCACC,0.555598375211691
AACCACG,0.541782804836534
AACCACT,0.554664567010722
AACCAGA,0.547444886338637
AACCAGC,0.534373842334858
AACCAGG,0.561554187063086
AACCAGT,0.543390318818239
AACCATA,0.542066671611651
AACCATC,0.539603811691228
AACCATG,0.592253196885818
AACCATT,0.546597615186365
AACCCAA,0.539983108249388
AACCCAC,0.547633071368372
AACCCAG,0.533897031449567
AACCCAT,0.551014360195522
AACCCCA,0.531700768371198
AACCCCC,0.535802912414756
AACCCCG,0.532274171760761
AACCCCT,0.54074127004072
AACCCGA,0.544806570715632
AACCCGC,0.551014360195522
AACCCGG,0.52412013155806
AACCCGT,0.555224956564517
AACCCTA,0.574734905608592
AACCCTC,0.538465058056766
AACCCTG,0.531509560819961
AACCCTT,0.538844786704239
AACCGAA,0.54904333141437
AACCGAC,0.546880118674452
AACCGAG,0.556904243467353
AACCGAT,0.546315031867504
AACCGCA,0.541688164668594
AACCGCC,0.544712216298664
AACCGCG,0.548761438466967
AACCGCT,0.556904243467353
AACCGGA,0.545938129849809
AACCGGC,0.546785959712392
AACCGGG,0.589640426957095
AACCGGT,0.555411683318289
AACCGTA,0.548667456489815
AACCGTC,0.544712216298664
AACCGTG,0.539793477953543
AACCGTT,0.557090656945672
AACCTAA,0.539793477953543
AACCTAC,0.547915282529121
AACCTAG,0.552607114367554
AACCTAT,0.5457496255569
AACCTCA,0.548385457551061
AACCTCC,0.554103863244385
AACCTCG,0.546503429619058
AACCTCT,0.529116376530434
AACCTGA,0.573818805468634
AACCTGC,0.553449311250204
AACCTGG,0.578573387923303
AACCTGT,0.590181560418671
AACCTTA,0.535136267181628
AACCTTC,0.536373969109039
AACCTTG,0.539414109448797
AACCTTT,0.545938129849809
AACGAAA,0.543295830670659
AACGAAC,0.548009335220336
AACGAAG,0.545938129849809
AACGAAT,0.553636369827967
AACGACA,0.547350780542001
AACGACC,0.545089580561758
AACGACG,0.54904333141437
AACGACT,0.545655360083569
AACGAGA,0.554571138212828
AACGAGC,0.546032368672738
AACGAGG,0.54112013549179
AACGAGT,0.545655360083569
AACGATA,0.549231215909186
AACGATC,0.547068410005017
AACGATG,0.545466802474781
AACGATT,0.545089580561758
AACGCAA,0.5481974140692
AACGCAC,0.545655360083569
AACGCAG,0.546785959712392
AACGCAT,0.547915282529121
AACGCCA,0.542066671611651
AACGCCC,0.546409235179995
AACGCCG,0.5481974140692
AACGCCT,0.545089580561758
AACGCGA,0.548761438466967
AACGCGC,0.544712216298664
AACGCGG,0.546597615186365
AACGCGT,0.54904333141437
AACGCTA,0.548855411612337
AACGCTC,0.555131580110922
AACGCTG,0.552045255467716
AACGCTT,0.553636369827967
AACGGAA,0.574368566255191
AACGGAC,0.548761438466967
AACGGAG,0.572810125044892
AACGGAT,0.541877436048561
AACGGCA,0.547444886338637
AACGGCC,0.544523480752259
AACGGCG,0.545843882145088
AACGGCT,0.54272871422017
AACGGGA,0.567290249544748
AACGGGC,0.593871489264434
AACGGGG,0.567013454336363
AACGGGT,0.548949375927585
AACGGTA,0.547727150604803
AACGGTC,0.549137278074351
AACGGTG,0.551201874763997
AACGGTT,0.557277035680483
AACGTAA,0.553168657759232
AACGTAC,0.545843882145088
AACGTAG,0.544051485985054
AACGTAT,0.546597615186365
AACGTCA,0.554944801042175
AACGTCC,0.544523480752259
AACGTCG,0.547915282529121
AACGTCT,0.547350780542001
AACGTGA,0.553262217674982
AACGTGC,0.547444886338637
AACGTGG,0.548667456489815
AACGTGT,0.552887925479765
AACGTTA,0.545466802474781
AACGTTC,0.54857346567922
AACGTTG,0.551576798448762
AACGTTT,0.553916892103012
AACTAAA,0.556624558077454
AACTAAC,0.542066671611651
AACTAAG,0.553168657759232
AACTAAT,0.541404190412335
AACTACA,0.548667456489815
AACTACC,0.56368592199964
AACTACG,0.545938129849809
AACTACT,0.558766816344968
AACTAGA,0.552045255467716
AACTAGC,0.554477700685179
AACTAGG,0.551857898993549
AACTAGT,0.539414109448797
AACTATA,0.550545419884123
AACTATC,0.555318324299763
AACTATG,0.55475798708049
AACTATT,0.54149885745819
AACTCAA,0.538085185160671
AACTCAC,0.572534853712235
AACTCAG,0.577386859947319
AACTCAT,0.5449952528455
AACTCCA,0.545938129849809
AACTCCC,0.53370624341962
AACTCCG,0.55978975461602
AACTCCT,0.516093271524988
AACTCGA,0.555224956564517
AACTCGC,0.552138920543025
AACTCGG,0.563315511770882
AACTCGT,0.545183899381137
AACTCTA,0.552981511663262
AACTCTC,0.532942727090634
AACTCTG,0.56968593742731
AACTCTT,0.533897031449567
AACTGAA,0.600140070339893
AACTGAC,0.538939696340096
AACTGAG,0.544334709578022
AACTGAT,0.548855411612337
AACTGCA,0.543295830670659
AACTGCC,0.538370103360331
AACTGCG,0.546126598615548
AACTGCT,0.564518843703587
AACTGGA,0.568949413794948
AACTGGC,0.580760209233338
AACTGGG,0.606280880358704
AACTGGT,0.53313366083207
AACTGTA,0.552045255467716
AACTGTC,0.55671779523257
AACTGTG,0.583123881512617
AACTGTT,0.537134871112927
AACTTAA,0.554477700685179
AACTTAC,0.552981511663262
AACTTAG,0.538939696340096
AACTTAT,0.551576798448762
AACTTCA,0.545843882145088
AACTTCC,0.542161275966103
AACTTCG,0.548009335220336
AACTTCT,0.529403861231648
AACTTGA,0.571800426157563
AACTTGC,0.538560003737663
AACTTGG,0.564426331099877
AACTTGT,0.54149885745819
AACTTTA,0.54149885745819
AACTTTC,0.558487651477305
AACTTTG,0.540551783474449
AACTTTT,0.550545419884123
AAGAAAA,0.538844786704239
AAGAAAC,0.536469113528072
AAGAAAG,0.587292125618158
AAGAAAT,0.515704802748567
AAGAACA,0.555318324299763
AAGAACC,0.567197992987867
AAGAACG,0.542255871371418
AAGAACT,0.576290352375981
AAGAAGA,0.567382497591141
AAGAAGC,0.563130255192393
AAGAAGG,0.608408005563924
AAGAAGT,0.559510875210577
AAGAATA,0.53684960070543
AAGAATC,0.54904333141437
AAGAATG,0.580578156666248
AAGAATT,0.58148808825123
AAGACAA,0.562110730085728
AAGACAC,0.558952882970019
AAGACAG,0.597726842105596
AAGACAT,0.569133595565568
AAGACCA,0.525756267343864
AAGACCC,0.531222680925011
AAGACCG,0.557090656945672
AAGACCT,0.55671779523257
AAGACGA,0.543579268333584
AAGACGC,0.535993300882455
AAGACGG,0.552045255467716
AAGACGT,0.5446178529781
AAGACTA,0.552981511663262
AAGACTC,0.548291440230175
AAGACTG,0.575375676724759
AAGACTT,0.583033074274164
AAGAGAA,0.620202008745726
AAGAGAC,0.561832497291923
AAGAGAG,0.66636863732052
AAGAGAT,0.578117197603554
AAGAGCA,0.601567388267929
AAGAGCC,0.527485733590813
AAGAGCG,0.551389354177351
AAGAGCT,0.535707704586269
AAGAGGA,0.67923579568929
AAGAGGC,0.550545419884123
AAGAGGG,0.618538164097293
AAGAGGT,0.651724176591037
AAGAGTA,0.558394579200281
AAGAGTC,0.552607114367554
AAGAGTG,0.570973549912905
AAGAGTT,0.577204192160145
AAGATAA,0.555785032257735
AAGATAC,0.542255871371418
AAGATAG,0.588828177320602
AAGATAT,0.565905506710152
AAGATCA,0.544145902762502
AAGATCC,0.542445035341407
AAGATCG,0.553355768838094
AAGATCT,0.586477965555828
AAGATGA,0.61976442322275
AAGATGC,0.534850425979874
AAGATGG,0.607433634799955
AAGATGT,0.586115903761323
AAGATTA,0.547444886338637
AAGATTC,0.554010382043475
AAGATTG,0.546220819679912
AAGATTT,0.564703843239218
AAGCAAA,0.562481586764089
AAGCAAC,0.543106827587251
AAGCAAG,0.580305015657142
AAGCAAT,0.550451605427465
AAGCACA,0.558394579200281
AAGCACC,0.552700726833551
AAGCACG,0.553449311250204
AAGCACT,0.546503429619058
AAGCAGA,0.553636369827967
AAGCAGC,0.573910453257633
AAGCAGG,0.605393241048059
AAGCAGT,0.561832497291923
AAGCATA,0.558022203443504
AAGCATC,0.55569170808982
AAGCATG,0.618976286425044
AAGCATT,0.549982401081462
AAGCCAA,0.542539603909466
AAGCCAC,0.548949375927585
AAGCCAG,0.606280880358704
AAGCCAT,0.572167707357876
AAGCCCA,0.564426331099877
AAGCCCC,0.5233492580473
AAGCCCG,0.542445035341407
AAGCCCT,0.561925250158289
AAGCCGA,0.561739735821665
AAGCCGC,0.559975631021395
AAGCCGG,0.553262217674982
AAGCCGT,0.562110730085728
AAGCCTA,0.551201874763997
AAGCCTC,0.544145902762502
AAGCCTG,0.535326782601112
AAGCCTT,0.555785032257735
AAGCGAA,0.544334709578022
AAGCGAC,0.547350780542001
AAGCGAG,0.562666963540514
AAGCGAT,0.543484798038652
AAGCGCA,0.560161472883153
AAGCGCC,0.543673729704724
AAGCGCG,0.555131580110922
AAGCGCT,0.556997454550261
AAGCGGA,0.58221543784659
AAGCGGC,0.551576798448762
AAGCGGG,0.578299698705366
AAGCGGT,0.573268742278897
AAGCGTA,0.547162542376858
AAGCGTC,0.545655360083569
AAGCGTG,0.562017994422359
AAGCGTT,0.562759639043613
AAGCTAA,0.544334709578022
AAGCTAC,0.551764207591403
AAGCTAG,0.551576798448762
AAGCTAT,0.563963639659039
AAGCTCA,0.547538983280205
AAGCTCC,0.533419993107197
AAGCTCG,0.546503429619058
AAGCTCT,0.539983108249388
AAGCTGA,0.540267486285857
AAGCTGC,0.549982401081462
AAGCTGG,0.614234376565579
AAGCTGT,0.56034728021413
AAGCTTA,0.536088481525116
AAGCTTC,0.551389354177351
AAGCTTG,0.588828177320602
AAGCTTT,0.534373842334858
AAGGAAA,0.586115903761323
AAGGAAC,0.597726842105596
AAGGAAG,0.665783614129989
AAGGAAT,0.558859853985092
AAGGACA,0.559696803455463
AAGGACC,0.567013454336363
AAGGACG,0.558673770048037
AAGGACT,0.556251522500995
AAGGAGA,0.65839969097272
AAGGAGC,0.602814622467867
AAGGAGG,0.712414438239261
AAGGAGT,0.609646742291306
AAGGATA,0.559882697137462
AAGGATC,0.612560564679011
AAGGATG,0.577112845752214
AAGGATT,0.548855411612337
AAGGCAA,0.58484765415892
AAGGCAC,0.589459984044684
AAGGCAG,0.613001313190794
AAGGCAT,0.578390936767797
AAGGCCA,0.550357782168829
AAGGCCC,0.535612487692387
AAGGCCG,0.544523480752259
AAGGCCT,0.589820837315734
AAGGCGA,0.546691791883586
AAGGCGC,0.564796330174305
AAGGCGG,0.547162542376858
AAGGCGT,0.555131580110922
AAGGCTA,0.55978975461602
AAGGCTC,0.563500734035728
AAGGCTG,0.597458345795546
AAGGCTT,0.588918459867294
AAGGGAA,0.638925190124479
AAGGGAC,0.554944801042175
AAGGGAG,0.667120307442948
AAGGGAT,0.567566968158746
AAGGGCA,0.604682561872221
AAGGGCC,0.563130255192393
AAGGGCG,0.545843882145088
AAGGGCT,0.582033650038997
AAGGGGA,0.676592878044953
AAGGGGC,0.625612220595977
AAGGGGG,0.60432703279519
AAGGGGT,0.608496537664744
AAGGGTA,0.561646965745918
AAGGGTC,0.562296175616743
AAGGGTG,0.593332349404799
AAGGGTT,0.601923899658756
AAGGTAA,0.561554187063086
AAGGTAC,0.542823255966196
AAGGTAG,0.559696803455463
AAGGTAT,0.535707704586269
AAGGTCA,0.554851398423765
AAGGTCC,0.556064952516456
AAGGTCG,0.596114781825512
AAGGTCT,0.571800426157563
AAGGTGA,0.586296951044669
AAGGTGC,0.574460163675984
AAGGTGG,0.633673049163935
AAGGTGT,0.610795625466979
AAGGTTA,0.553449311250204
AAGGTTC,0.583577794056731
AAGGTTG,0.570237974375928
AAGGTTT,0.545183899381137
AAGTAAA,0.545183899381137
AAGTAAC,0.570605829778336
AAGTAAG,0.531700768371198
AAGTAAT,0.533801641984602
AAGTACA,0.551951581618439
AAGTACC,0.545655360083569
AAGTACG,0.546315031867504
AAGTACT,0.549419065110049
AAGTAGA,0.622910773465423
AAGTAGC,0.546220819679912
AAGTAGG,0.608142362224152
AAGTAGT,0.570053995918177
AAGTATA,0.550357782168829
AAGTATC,0.559417898123035
AAGTATG,0.587472960094163
AAGTATT,0.555318324299763
AAGTCAA,0.558115310383227
AAGTCAC,0.542161275966103
AAGTCAG,0.599157606171121
AAGTCAT,0.543673729704724
AAGTCCA,0.5449952528455
AAGTCCC,0.551951581618439
AAGTCCG,0.54725666588863
AAGTCCT,0.579029370228334
AAGTCGA,0.545089580561758
AAGTCGC,0.55653131222836
AAGTCGG,0.546126598615548
AAGTCGT,0.5446178529781
AAGTCTA,0.537895194585134
AAGTCTC,0.546785959712392
AAGTCTG,0.567474737128617
AAGTCTT,0.558766816344968
AAGTGAA,0.563130255192393
AAGTGAC,0.574918024970885
AAGTGAG,0.670038109750442
AAGTGAT,0.539698649319047
AAGTGCA,0.555224956564517
AAGTGCC,0.541782804836534
AAGTGCG,0.54442909961946
AAGTGCT,0.568857310186979
AAGTGGA,0.548667456489815
AAGTGGC,0.59405113797659
AAGTGGG,0.569501857369263
AAGTGGT,0.570237974375928
AAGTGTA,0.554851398423765
AAGTGTC,0.588376642282576
AAGTGTG,0.584303625843337
AAGTGTT,0.561739735821665
AAGTTAA,0.567843610220735
AAGTTAC,0.547068410005017
AAGTTAG,0.574002092648085
AAGTTAT,0.554944801042175
AAGTTCA,0.53684960070543
AAGTTCC,0.552045255467716
AAGTTCG,0.546880118674452
AAGTTCT,0.53246523318245
AAGTTGA,0.530361547108925
AAGTTGC,0.575467181947485
AAGTTGG,0.583305471255402
AAGTTGT,0.592882844041023
AAGTTTA,0.549700772764182
AAGTTTC,0.554197335707378
AAGTTTG,0.579940711552448
AAGTTTT,0.546126598615548
AATAAAA,0.518033355006364
AATAAAC,0.544900916230684
AATAAAG,0.541404190412335
AATAAAT,0.502603117222439
AATAACA,0.544334709578022
AATAACC,0.579029370228334
AATAACG,0.547538983280205
AATAACT,0.535898111179577
AATAAGA,0.585028931180251
AATAAGC,0.535517261731385
AATAAGG,0.550545419884123
AATAAGT,0.541214829430832
AATAATA,0.547068410005017
AATAATC,0.537610141023894
AATAATG,0.553542844912949
AATAATT,0.546409235179995
AATACAA,0.505060522317511
AATACAC,0.539319244830773
AATACAG,0.540267486285857
AATACAT,0.550263950106564
AATACCA,0.545938129849809
AATACCC,0.546409235179995
AATACCG,0.545466802474781
AATACCT,0.544712216298664
AATACGA,0.547068410005017
AATACGC,0.558022203443504
AATACGG,0.55671779523257
AATACGT,0.556064952516456
AATACTA,0.570145989378061
AATACTC,0.549231215909186
AATACTG,0.544334709578022
AATACTT,0.55569170808982
AATAGAA,0.564518843703587
AATAGAC,0.543862625682365
AATAGAG,0.555785032257735
AATAGAT,0.543957060292236
AATAGCA,0.558208408654855
AATAGCC,0.541309514403781
AATAGCG,0.547350780542001
AATAGCT,0.546691791883586
AATAGGA,0.584212925675897
AATAGGC,0.548385457551061
AATAGGG,0.550545419884123
AATAGGT,0.573085320624096
AATAGTA,0.557370212023119
AATAGTC,0.554103863244385
AATAGTG,0.566182608720574
AATAGTT,0.548009335220336
AATATAA,0.529212213947515
AATATAC,0.54149885745819
AATATAG,0.53950896506838
AATATAT,0.546220819679912
AATATCA,0.563408127191716
AATATCC,0.563500734035728
AATATCG,0.547350780542001
AATATCT,0.568304510323467
AATATGA,0.529212213947515
AATATGC,0.538939696340096
AATATGG,0.552887925479765
AATATGT,0.536183653109284
AATATTA,0.535422026701536
AATATTC,0.551857898993549
AATATTG,0.550451605427465
AATATTT,0.521709176088872
AATCAAA,0.539793477953543
AATCAAC,0.557463379684734
AATCAAG,0.551670507410356
AATCAAT,0.550920589723994
AATCACA,0.55671779523257
AATCACC,0.556064952516456
AATCACG,0.546880118674452
AATCACT,0.539224371212598
AATCAGA,0.574826469481327
AATCAGC,0.542823255966196
AATCAGG,0.563222887771637
AATCAGT,0.548949375927585
AATCATA,0.54149885745819
AATCATC,0.554944801042175
AATCATG,0.556251522500995
AATCATT,0.564703843239218
AATCCAA,0.536944699883683
AATCCAC,0.538085185160671
AATCCAG,0.53370624341962
AATCCAT,0.537800185759494
AATCCCA,0.480411690090421
AATCCCC,0.557835963553314
AATCCCG,0.566090249915229
AATCCCT,0.531222680925011
AATCCGA,0.556064952516456
AATCCGC,0.548385457551061
AATCCGG,0.593062670433868
AATCCGT,0.548667456489815
AATCCTA,0.536373969109039
AATCCTC,0.546880118674452
AATCCTG,0.528828809157999
AATCCTT,0.546315031867504
AATCGAA,0.546880118674452
AATCGAC,0.548855411612337
AATCGAG,0.549606879030218
AATCGAT,0.54857346567922
AATCGCA,0.544523480752259
AATCGCC,0.546126598615548
AATCGCG,0.549231215909186
AATCGCT,0.542161275966103
AATCGGA,0.557463379684734
AATCGGC,0.544900916230684
AATCGGG,0.55653131222836
AATCGGT,0.554290799434086
AATCGTA,0.546032368672738
AATCGTC,0.548855411612337
AATCGTG,0.552700726833551
AATCGTT,0.546880118674452
AATCTAA,0.537039790018942
AATCTAC,0.543012312648047
AATCTAG,0.574826469481327
AATCTAT,0.541593515543045
AATCTCA,0.552887925479765
AATCTCC,0.547538983280205
AATCTCG,0.545183899381137
AATCTCT,0.546880118674452
AATCTGA,0.553168657759232
AATCTGC,0.53504099585911
AATCTGG,0.597726842105596
AATCTGT,0.546220819679912
AATCTTA,0.54149885745819
AATCTTC,0.540077909914147
AATCTTG,0.537895194585134
AATCTTT,0.545561085723422
AATGAAA,0.55129561886424
AATGAAC,0.536088481525116
AATGAAG,0.553823393421363
AATGAAT,0.536564248895506
AATGACA,0.536659375213063
AATGACC,0.542634163535157
AATGACG,0.548667456489815
AATGACT,0.555598375211691
AATGAGA,0.591893220430876
AATGAGC,0.546785959712392
AATGAGG,0.574826469481327
AATGAGT,0.547727150604803
AATGATA,0.563037614031558
AATGATC,0.553168657759232
AATGATG,0.590001215132348
AATGATT,0.545372510335971
AATGCAA,0.559138914980721
AATGCAC,0.543957060292236
AATGCAG,0.609558311966479
AATGCAT,0.539129488592566
AATGCCA,0.570789706747883
AATGCCC,0.55978975461602
AATGCCG,0.541593515543045
AATGCCT,0.541025432584957
AATGCGA,0.557742830599617
AATGCGC,0.549512976479392
AATGCGG,0.554851398423765
AATGCGT,0.551576798448762
AATGCTA,0.548855411612337
AATGCTC,0.578573387923303
AATGCTG,0.539983108249388
AATGCTT,0.552045255467716
AATGGAA,0.557183850655207
AATGGAC,0.574093723641528
AATGGAG,0.572443079760039
AATGGAT,0.547068410005017
AATGGCA,0.547068410005017
AATGGCC,0.577021490999354
AATGGCG,0.55223257684601
AATGGCT,0.535422026701536
AATGGGA,0.618187527977749
AATGGGC,0.545372510335971
AATGGGG,0.627959162457825
AATGGGT,0.558022203443504
AATGGTA,0.588557280764589
AATGGTC,0.550920589723994
AATGGTG,0.597100238538248
AATGGTT,0.600764772623878
AATGTAA,0.528924674137436
AATGTAC,0.543673729704724
AATGTAG,0.568673077517911
AATGTAT,0.541214829430832
AATGTCA,0.56931774341951
AATGTCC,0.56257427944787
AATGTCG,0.543484798038652
AATGTCT,0.601032382755151
AATGTGA,0.587653761874973
AATGTGC,0.559882697137462
AATGTGG,0.603704552595862
AATGTGT,0.558022203443504
AATGTTA,0.574276960443543
AATGTTC,0.545089580561758
AATGTTG,0.554384254426142
AATGTTT,0.533515418982654
AATTAAA,0.557277035680483
AATTAAC,0.549982401081462
AATTAAG,0.536659375213063
AATTAAT,0.55671779523257
AATTACA,0.54904333141437
AATTACC,0.5449952528455
AATTACG,0.557463379684734
AATTACT,0.535707704586269
AATTAGA,0.549982401081462
AATTAGC,0.511811792405801
AATTAGG,0.543484798038652
AATTAGT,0.552419863141576
AATTATA,0.559696803455463
AATTATC,0.538180166913997
AATTATG,0.563500734035728
AATTATT,0.537990194384955
AATTCAA,0.549512976479392
AATTCAC,0.542066671611651
AATTCAG,0.577112845752214
AATTCAT,0.563963639659039
AATTCCA,0.557183850655207
AATTCCC,0.537610141023894
AATTCCG,0.5449952528455
AATTCCT,0.547068410005017
AATTCGA,0.546503429619058
AATTCGC,0.547915282529121
AATTCGG,0.54442909961946
AATTCGT,0.557742830599617
AATTCTA,0.553075089089205
AATTCTC,0.536754492482464
AATTCTG,0.561739735821665
AATTCTT,0.546409235179995
AATTGAA,0.565166192400051
AATTGAC,0.540835999861121
AATTGAG,0.561275799356101
AATTGAT,0.556438057683667
AATTGCA,0.552419863141576
AATTGCC,0.544900916230684
AATTGCG,0.547727150604803
AATTGCT,0.534087783086384
AATTGGA,0.555131580110922
AATTGGC,0.55475798708049
AATTGGG,0.574551752707457
AATTGGT,0.550263950106564
AATTGTA,0.540551783474449
AATTGTC,0.565073739667642
AATTGTG,0.546691791883586
AATTGTT,0.550170109239016
AATTTAA,0.576016037516212
AATTTAC,0.560533053027156
AATTTAG,0.548479466033523
AATTTAT,0.546220819679912
AATTTCA,0.543295830670659
AATTTCC,0.539888297596422
AATTTCG,0.546503429619058
AATTTCT,0.557929087834071
AATTTGA,0.551764207591403
AATTTGC,0.535993300882455
AATTTGG,0.570789706747883
AATTTGT,0.545938129849809
AATTTTA,0.535136267181628
AATTTTC,0.549794657682941
AATTTTG,0.528541159066782
AATTTTT,0.490623176807545
ACAAAAA,0.498263362592598
ACAAAAC,0.52286716016297
ACAAAAG,0.534564503049566
ACAAAAT,0.558952882970019
ACAAACA,0.560811647553586
ACAAACC,0.542445035341407
ACAAACG,0.545278209305316
ACAAACT,0.558859853985092
ACAAAGA,0.553168657759232
ACAAAGC,0.537610141023894
ACAAAGG,0.552138920543025
ACAAAGT,0.560440170934585
ACAAATA,0.542539603909466
ACAAATC,0.553355768838094
ACAAATG,0.527773687391801
ACAAATT,0.548949375927585
ACAACAA,0.517936440173479
ACAACAC,0.580213952072477
ACAACAG,0.544240310626264
ACAACAT,0.558208408654855
ACAACCA,0.552607114367554
ACAACCC,0.551857898993549
ACAACCG,0.557835963553314
ACAACCT,0.539414109448797
ACAACGA,0.545466802474781
ACAACGC,0.555131580110922
ACAACGG,0.555785032257735
ACAACGT,0.545655360083569
ACAACTA,0.555038194937351
ACAACTC,0.571433010012205
ACAACTG,0.538180166913997
ACAACTT,0.54725666588863
ACAAGAA,0.545278209305316
ACAAGAC,0.535231529428386
ACAAGAG,0.535802912414756
ACAAGAT,0.544712216298664
ACAAGCA,0.549982401081462
ACAAGCC,0.557090656945672
ACAAGCG,0.545655360083569
ACAAGCT,0.579576274681905
ACAAGGA,0.572810125044892
ACAAGGC,0.556904243467353
ACAAGGG,0.560254380864187
ACAAGGT,0.542066671611651
ACAAGTA,0.573818805468634
ACAAGTC,0.536564248895506
ACAAGTG,0.55475798708049
ACAAGTT,0.555971654469429
ACAATAA,0.549325144920533
ACAATAC,0.547727150604803
ACAATAG,0.547162542376858
ACAATAT,0.554944801042175
ACAATCA,0.554477700685179
ACAATCC,0.547538983280205
ACAATCG,0.558859853985092
ACAATCT,0.540930720708634
ACAATGA,0.558394579200281
ACAATGC,0.557183850655207
ACAATGG,0.59512835302982
ACAATGT,0.562017994422359
ACAATTA,0.540077909914147
ACAATTC,0.561925250158289
ACAATTG,0.551014360195522
ACAATTT,0.543957060292236
ACACAAA,0.536469113528072
ACACAAC,0.553823393421363
ACACAAG,0.542634163535157
ACACAAT,0.540930720708634
ACACACA,0.544145902762502
ACACACC,0.534564503049566
ACACACG,0.551108121874974
ACACACT,0.530935718706369
ACACAGA,0.540646531245729
ACACAGC,0.544712216298664
ACACAGG,0.591082799306327
ACACAGT,0.553355768838094
ACACATA,0.548009335220336
ACACATC,0.55129561886424
ACACATG,0.543673729704724
ACACATT,0.579485144708264
ACACCAA,0.554384254426142
ACACCAC,0.531891939369096
ACACCAG,0.573268742278897
ACACCAT,0.533038198518314
ACACCCA,0.554571138212828
ACACCCC,0.533801641984602
ACACCCG,0.542445035341407
ACACCCT,0.557463379684734
ACACCGA,0.554010382043475
ACACCGC,0.544334709578022
ACACCGG,0.572901865319618
ACACCGT,0.550920589723994
ACACCTA,0.555038194937351
ACACCTC,0.537420060164427
ACACCTG,0.557556538666944
ACACCTT,0.541214829430832
ACACGAA,0.54857346567922
ACACGAC,0.547915282529121
ACACGAG,0.565720729368717
ACACGAT,0.544240310626264
ACACGCA,0.544712216298664
ACACGCC,0.553449311250204
ACACGCG,0.545561085723422
ACACGCT,0.543201333594226
ACACGGA,0.553542844912949
ACACGGC,0.549982401081462
ACACGGG,0.552887925479765
ACACGGT,0.576564592007744
ACACGTA,0.549137278074351
ACACGTC,0.553075089089205
ACACGTG,0.592972761279637
ACACGTT,0.541309514403781
ACACTAA,0.541214829430832
ACACTAC,0.555131580110922
ACACTAG,0.54272871422017
ACACTAT,0.539698649319047
ACACTCA,0.535326782601112
ACACTCC,0.533515418982654
ACACTCG,0.547350780542001
ACACTCT,0.535422026701536
ACACTGA,0.550639225540454
ACACTGC,0.543579268333584
ACACTGG,0.573543811694954
ACACTGT,0.539888297596422
ACACTTA,0.562296175616743
ACACTTC,0.572993597178838
ACACTTG,0.52786965356899
ACACTTT,0.549325144920533
ACAGAAA,0.523542032142707
ACAGAAC,0.600229337419911
ACAGAAG,0.573727149279548
ACAGAAT,0.546315031867504
ACAGACA,0.577934663189011
ACAGACC,0.556624558077454
ACAGACG,0.552794330537075
ACAGACT,0.543106827587251
ACAGAGA,0.570605829778336
ACAGAGC,0.526621374348979
ACAGAGG,0.608142362224152
ACAGAGT,0.551576798448762
ACAGATA,0.544806570715632
ACAGATC,0.565905506710152
ACAGATG,0.557183850655207
ACAGATT,0.532369707034664
ACAGCAA,0.566459633966742
ACAGCAC,0.566828881624059
ACAGCAG,0.581306168160219
ACAGCAT,0.568949413794948
ACAGCCA,0.586658947306664
ACAGCCC,0.538654940404733
ACAGCCG,0.557090656945672
ACAGCCT,0.572351297384611
ACAGCGA,0.545655360083569
ACAGCGC,0.541214829430832
ACAGCGG,0.545183899381137
ACAGCGT,0.563037614031558
ACAGCTA,0.546597615186365
ACAGCTC,0.553355768838094
ACAGCTG,0.56368592199964
ACAGCTT,0.569777964750842
ACAGGAA,0.603170689561776
ACAGGAC,0.543484798038652
ACAGGAG,0.643722661614486
ACAGGAT,0.545655360083569
ACAGGCA,0.633327680834023
ACAGGCC,0.542066671611651
ACAGGCG,0.54442909961946
ACAGGCT,0.538180166913997
ACAGGGA,0.614938302160106
ACAGGGC,0.566459633966742
ACAGGGG,0.639268630983439
ACAGGGT,0.520163108480008
ACAGGTA,0.643295250465523
ACAGGTC,0.589640426957095
ACAGGTG,0.589008734263785
ACAGGTT,0.557090656945672
ACAGTAA,0.555785032257735
ACAGTAC,0.538370103360331
ACAGTAG,0.556997454550261
ACAGTAT,0.580213952072477
ACAGTCA,0.551483080704976
ACAGTCC,0.529020529927661
ACAGTCG,0.544334709578022
ACAGTCT,0.535898111179577
ACAGTGA,0.581397132342589
ACAGTGC,0.530457265272047
ACAGTGG,0.562296175616743
ACAGTGT,0.586477965555828
ACAGTTA,0.543957060292236
ACAGTTC,0.546974268771438
ACAGTTG,0.565720729368717
ACAGTTT,0.560718791335055
ACATAAA,0.540551783474449
ACATAAC,0.544712216298664
ACATAAG,0.557556538666944
ACATAAT,0.551014360195522
ACATACA,0.542917788774925
ACATACC,0.559696803455463
ACATACG,0.54725666588863
ACATACT,0.554384254426142
ACATAGA,0.549982401081462
ACATAGC,0.544145902762502
ACATAGG,0.564426331099877
ACATAGT,0.543106827587251
ACATATA,0.542539603909466
ACATATC,0.553542844912949
ACATATG,0.55569170808982
ACATATT,0.535136267181628
ACATCAA,0.561368603869775
ACATCAC,0.5481974140692
ACATCAG,0.573452130296366
ACATCAT,0.538844786704239
ACATCCA,0.571984083619654
ACATCCC,0.542917788774925
ACATCCG,0.566182608720574
ACATCCT,0.572993597178838
ACATCGA,0.545655360083569
ACATCGC,0.565813122307268
ACATCGG,0.538370103360331
ACATCGT,0.5449952528455
ACATCTA,0.553636369827967
ACATCTC,0.5446178529781
ACATCTG,0.551389354177351
ACATCTT,0.556997454550261
ACATGAA,0.531222680925011
ACATGAC,0.543012312648047
ACATGAG,0.550826810458739
ACATGAT,0.543862625682365
ACATGCA,0.557742830599617
ACATGCC,0.542445035341407
ACATGCG,0.543106827587251
ACATGCT,0.5481974140692
ACATGGA,0.560254380864187
ACATGGC,0.550451605427465
ACATGGG,0.526717451167669
ACATGGT,0.533610835752882
ACATGTA,0.567197992987867
ACATGTC,0.555038194937351
ACATGTG,0.56931774341951
ACATGTT,0.543484798038652
ACATTAA,0.548855411612337
ACATTAC,0.542917788774925
ACATTAG,0.559882697137462
ACATTAT,0.549231215909186
ACATTCA,0.571249251304139
ACATTCC,0.554664567010722
ACATTCG,0.548949375927585
ACATTCT,0.547068410005017
ACATTGA,0.551576798448762
ACATTGC,0.559696803455463
ACATTGG,0.584938296777256
ACATTGT,0.578025934561134
ACATTTA,0.546785959712392
ACATTTC,0.573268742278897
ACATTTG,0.55978975461602
ACATTTT,0.541214829430832
ACCAAAA,0.563222887771637
ACCAAAC,0.540646531245729
ACCAAAG,0.571616734959211
ACCAAAT,0.553075089089205
ACCAACA,0.538560003737663
ACCAACC,0.560997334127819
ACCAACG,0.546597615186365
ACCAACT,0.562481586764089
ACCAAGA,0.570513878612981
ACCAAGC,0.536659375213063
ACCAAGG,0.564426331099877
ACCAAGT,0.554664567010722
ACCAATA,0.541025432584957
ACCAATC,0.553636369827967
ACCAATG,0.567382497591141
ACCAATT,0.540835999861121
ACCACAA,0.530361547108925
ACCACAC,0.538085185160671
ACCACAG,0.563593332304507
ACCACAT,0.553542844912949
ACCACCA,0.539414109448797
ACCACCC,0.532942727090634
ACCACCG,0.542161275966103
ACCACCT,0.553355768838094
ACCACGA,0.545655360083569
ACCACGC,0.536469113528072
ACCACGG,0.535802912414756
ACCACGT,0.562110730085728
ACCACTA,0.540077909914147
ACCACTC,0.540362260996215
ACCACTG,0.520839807199833
ACCACTT,0.569225673731343
ACCAGAA,0.550826810458739
ACCAGAC,0.550920589723994
ACCAGAG,0.543957060292236
ACCAGAT,0.548103379066474
ACCAGCA,0.557183850655207
ACCAGCC,0.528541159066782
ACCAGCG,0.543390318818239
ACCAGCT,0.550076259564533
ACCAGGA,0.599246960992022
ACCAGGC,0.571984083619654
ACCAGGG,0.548385457551061
ACCAGGT,0.604060303012226
ACCAGTA,0.551483080704976
ACCAGTC,0.529212213947515
ACCAGTG,0.58521017534618
ACCAGTT,0.54857346567922
ACCATAA,0.538939696340096
ACCATAC,0.542539603909466
ACCATAG,0.550639225540454
ACCATAT,0.546409235179995
ACCATCA,0.576198922450096
ACCATCC,0.538654940404733
ACCATCG,0.557556538666944
ACCATCT,0.561832497291923
ACCATGA,0.577569494373067
ACCATGC,0.540267486285857
ACCATGG,0.589099000511544
ACCATGT,0.558115310383227
ACCATTA,0.542917788774925
ACCATTC,0.555785032257735
ACCATTG,0.534755127419697
ACCATTT,0.553075089089205
ACCCAAA,0.535422026701536
ACCCAAC,0.545089580561758
ACCCAAG,0.536754492482464
ACCCAAT,0.543201333594226
ACCCACA,0.532178627358997
ACCCACC,0.508882056454611
ACCCACG,0.553168657759232
ACCCACT,0.540551783474449
ACCCAGA,0.550545419884123
ACCCAGC,0.527005626251621
ACCCAGG,0.608053798760494
ACCCAGT,0.555598375211691
ACCCATA,0.549794657682941
ACCCATC,0.545561085723422
ACCCATG,0.581669975253342
ACCCATT,0.53684960070543
ACCCCAA,0.552045255467716
ACCCCAC,0.535993300882455
ACCCCAG,0.552607114367554
ACCCCAT,0.52786965356899
ACCCCCA,0.52681351875649
ACCCCCC,0.546880118674452
ACCCCCG,0.55129561886424
ACCCCCT,0.541593515543045
ACCCCGA,0.561368603869775
ACCCCGC,0.534945715459102
ACCCCGG,0.535993300882455
ACCCCGT,0.528061558299266
ACCCCTA,0.550170109239016
ACCCCTC,0.529499671102218
ACCCCTG,0.514635734838539
ACCCCTT,0.540646531245729
ACCCGAA,0.539224371212598
ACCCGAC,0.554851398423765
ACCCGAG,0.539224371212598
ACCCGAT,0.547727150604803
ACCCGCA,0.543673729704724
ACCCGCC,0.539793477953543
ACCCGCG,0.540267486285857
ACCCGCT,0.555505033621723
ACCCGGA,0.543862625682365
ACCCGGC,0.552045255467716
ACCCGGG,0.521998797843574
ACCCGGT,0.560254380864187
ACCCGTA,0.567659190683096
ACCCGTC,0.540077909914147
ACCCGTG,0.543201333594226
ACCCGTT,0.548009335220336
ACCCTAA,0.571341134879079
ACCCTAC,0.543106827587251
ACCCTAG,0.554384254426142
ACCCTAT,0.555224956564517
ACCCTCA,0.546597615186365
ACCCTCC,0.521033065613047
ACCCTCG,0.552045255467716
ACCCTCT,0.533515418982654
ACCCTGA,0.55475798708049
ACCCTGC,0.503488478890434
ACCCTGG,0.614322394367935
ACCCTGT,0.504667743086333
ACCCTTA,0.552513493137443
ACCCTTC,0.557556538666944
ACCCTTG,0.54074127004072
ACCCTTT,0.539793477953543
ACCGAAA,0.546503429619058
ACCGAAC,0.549606879030218
ACCGAAG,0.565813122307268
ACCGAAT,0.544523480752259
ACCGACA,0.546409235179995
ACCGACC,0.54904333141437
ACCGACG,0.548291440230175
ACCGACT,0.543579268333584
ACCGAGA,0.544712216298664
ACCGAGC,0.546503429619058
ACCGAGG,0.545183899381137
ACCGAGT,0.557929087834071
ACCGATA,0.54857346567922
ACCGATC,0.548103379066474
ACCGATG,0.553075089089205
ACCGATT,0.548761438466967
ACCGCAA,0.546032368672738
ACCGCAC,0.54857346567922
ACCGCAG,0.550920589723994
ACCGCAT,0.545372510335971
ACCGCCA,0.5446178529781
ACCGCCC,0.536659375213063
ACCGCCG,0.54442909961946
ACCGCCT,0.550545419884123
ACCGCGA,0.549606879030218
ACCGCGC,0.543673729704724
ACCGCGG,0.544900916230684
ACCGCGT,0.545655360083569
ACCGCTA,0.549606879030218
ACCGCTC,0.547162542376858
ACCGCTG,0.540835999861121
ACCGCTT,0.557649688971366
ACCGGAA,0.564981278386936
ACCGGAC,0.547633071368372
ACCGGAG,0.564981278386936
ACCGGAT,0.547821220991165
ACCGGCA,0.542161275966103
ACCGGCC,0.554103863244385
ACCGGCG,0.547727150604803
ACCGGCT,0.553449311250204
ACCGGGA,0.56034728021413
ACCGGGC,0.592073224856228
ACCGGGG,0.586839896309033
ACCGGGT,0.572810125044892
ACCGGTA,0.547915282529121
ACCGGTC,0.5449952528455
ACCGGTG,0.552794330537075
ACCGGTT,0.566367300744755
ACCGTAA,0.545655360083569
ACCGTAC,0.558301498260002
ACCGTAG,0.557370212023119
ACCGTAT,0.566736582491177
ACCGTCA,0.563222887771637
ACCGTCC,0.545938129849809
ACCGTCG,0.547915282529121
ACCGTCT,0.543295830670659
ACCGTGA,0.537515105110502
ACCGTGC,0.553916892103012
ACCGTGG,0.534278498343954
ACCGTGT,0.540267486285857
ACCGTTA,0.557835963553314
ACCGTTC,0.5481974140692
ACCGTTG,0.555505033621723
ACCGTTT,0.542350457829289
ACCTAAA,0.548291440230175
ACCTAAC,0.544145902762502
ACCTAAG,0.55475798708049
ACCTAAT,0.539603811691228
ACCTACA,0.543579268333584
ACCTACC,0.558487651477305
ACCTACG,0.548949375927585
ACCTACT,0.539983108249388
ACCTAGA,0.549982401081462
ACCTAGC,0.566274958996557
ACCTAGG,0.558766816344968
ACCTAGT,0.555411683318289
ACCTATA,0.546220819679912
ACCTATC,0.546409235179995
ACCTATG,0.558022203443504
ACCTATT,0.540930720708634
ACCTCAA,0.548667456489815
ACCTCAC,0.550826810458739
ACCTCAG,0.524216448977402
ACCTCAT,0.550920589723994
ACCTCCA,0.559882697137462
ACCTCCC,0.527389730561448
ACCTCCG,0.541309514403781
ACCTCCT,0.540172702592402
ACCTCGA,0.545183899381137
ACCTCGC,0.537039790018942
ACCTCGG,0.570697772489452
ACCTCGT,0.542445035341407
ACCTCTA,0.540457026725178
ACCTCTC,0.533897031449567
ACCTCTG,0.560440170934585
ACCTCTT,0.53684960070543
ACCTGAA,0.576381773943198
ACCTGAC,0.538939696340096
ACCTGAG,0.535517261731385
ACCTGAT,0.545466802474781
ACCTGCA,0.523734769083424
ACCTGCC,0.512591607860788
ACCTGCG,0.549419065110049
ACCTGCT,0.568304510323467
ACCTGGA,0.614322394367935
ACCTGGC,0.5481974140692
ACCTGGG,0.610353903513713
ACCTGGT,0.567751404703236
ACCTGTA,0.541782804836534
ACCTGTC,0.551951581618439
ACCTGTG,0.598621309510799
ACCTGTT,0.566644274838379
ACCTTAA,0.545561085723422
ACCTTAC,0.552794330537075
ACCTTAG,0.545938129849809
ACCTTAT,0.548385457551061
ACCTTCA,0.560718791335055
ACCTTCC,0.514830195851011
ACCTTCG,0.551483080704976
ACCTTCT,0.552700726833551
ACCTTGA,0.539034596968968
ACCTTGC,0.552700726833551
ACCTTGG,0.554851398423765
ACCTTGT,0.525082888538928
ACCTTTA,0.547350780542001
ACCTTTC,0.53112703600154
ACCTTTG,0.546691791883586
ACCTTTT,0.543768182153756
ACGAAAA,0.540835999861121
ACGAAAC,0.545183899381137
ACGAAAG,0.54857346567922
ACGAAAT,0.56257427944787
ACGAACA,0.557929087834071
ACGAACC,0.546974268771438
ACGAACG,0.54857346567922
ACGAACT,0.546785959712392
ACGAAGA,0.545561085723422
ACGAAGC,0.545561085723422
ACGAAGG,0.545938129849809
ACGAAGT,0.541782804836534
ACGAATA,0.549606879030218
ACGAATC,0.546409235179995
ACGAATG,0.550733022398109
ACGAATT,0.547915282529121
ACGACAA,0.546974268771438
ACGACAC,0.547350780542001
ACGACAG,0.5481974140692
ACGACAT,0.548949375927585
ACGACCA,0.546126598615548
ACGACCC,0.546597615186365
ACGACCG,0.547633071368372
ACGACCT,0.544712216298664
ACGACGA,0.546597615186365
ACGACGC,0.547915282529121
ACGACGG,0.547727150604803
ACGACGT,0.548291440230175
ACGACTA,0.548009335220336
ACGACTC,0.548479466033523
ACGACTG,0.546220819679912
ACGACTT,0.547350780542001
ACGAGAA,0.563315511770882
ACGAGAC,0.548009335220336
ACGAGAG,0.548949375927585
ACGAGAT,0.554010382043475
ACGAGCA,0.556438057683667
ACGAGCC,0.545372510335971
ACGAGCG,0.548761438466967
ACGAGCT,0.552607114367554
ACGAGGA,0.550170109239016
ACGAGGC,0.540551783474449
ACGAGGG,0.548949375927585
ACGAGGT,0.546974268771438
ACGAGTA,0.556624558077454
ACGAGTC,0.549231215909186
ACGAGTG,0.543957060292236
ACGAGTT,0.545089580561758
ACGATAA,0.548009335220336
ACGATAC,0.549231215909186
ACGATAG,0.547915282529121
ACGATAT,0.557929087834071
ACGATCA,0.549606879030218
ACGATCC,0.547821220991165
ACGATCG,0.54904333141437
ACGATCT,0.554851398423765
ACGATGA,0.552981511663262
ACGATGC,0.542255871371418
ACGATGG,0.555598375211691
ACGATGT,0.55615824185977
ACGATTA,0.548009335220336
ACGATTC,0.547633071368372
ACGATTG,0.546220819679912
ACGATTT,0.546785959712392
ACGCAAA,0.548009335220336
ACGCAAC,0.548103379066474
ACGCAAG,0.548385457551061
ACGCAAT,0.549512976479392
ACGCACA,0.543957060292236
ACGCACC,0.545561085723422
ACGCACG,0.548667456489815
ACGCACT,0.563315511770882
ACGCAGA,0.545372510335971
ACGCAGC,0.541877436048561
ACGCAGG,0.538085185160671
ACGCAGT,0.560533053027156
ACGCATA,0.547444886338637
ACGCATC,0.5449952528455
ACGCATG,0.554664567010722
ACGCATT,0.555785032257735
ACGCCAA,0.547538983280205
ACGCCAC,0.551483080704976
ACGCCAG,0.554103863244385
ACGCCAT,0.546691791883586
ACGCCCA,0.536659375213063
ACGCCCC,0.535802912414756
ACGCCCG,0.545089580561758
ACGCCCT,0.538844786704239
ACGCCGA,0.546597615186365
ACGCCGC,0.547444886338637
ACGCCGG,0.544900916230684
ACGCCGT,0.544900916230684
ACGCCTA,0.543957060292236
ACGCCTC,0.546032368672738
ACGCCTG,0.524986654540679
ACGCCTT,0.545655360083569
ACGCGAA,0.551857898993549
ACGCGAC,0.547444886338637
ACGCGAG,0.547633071368372
ACGCGAT,0.547350780542001
ACGCGCA,0.54272871422017
ACGCGCC,0.54149885745819
ACGCGCG,0.555318324299763
ACGCGCT,0.545843882145088
ACGCGGA,0.544145902762502
ACGCGGC,0.542823255966196
ACGCGGG,0.552607114367554
ACGCGGT,0.556064952516456
ACGCGTA,0.548855411612337
ACGCGTC,0.542823255966196
ACGCGTG,0.545843882145088
ACGCGTT,0.548479466033523
ACGCTAA,0.549231215909186
ACGCTAC,0.547350780542001
ACGCTAG,0.547821220991165
ACGCTAT,0.547444886338637
ACGCTCA,0.548761438466967
ACGCTCC,0.542917788774925
ACGCTCG,0.547727150604803
ACGCTCT,0.562759639043613
ACGCTGA,0.537420060164427
ACGCTGC,0.548667456489815
ACGCTGG,0.548667456489815
ACGCTGT,0.589008734263785
ACGCTTA,0.557277035680483
ACGCTTC,0.54074127004072
ACGCTTG,0.546409235179995
ACGCTTT,0.5481974140692
ACGGAAA,0.555038194937351
ACGGAAC,0.544806570715632
ACGGAAG,0.573910453257633
ACGGAAT,0.557277035680483
ACGGACA,0.540930720708634
ACGGACC,0.544145902762502
ACGGACG,0.546597615186365
ACGGACT,0.547068410005017
ACGGAGA,0.552981511663262
ACGGAGC,0.55615824185977
ACGGAGG,0.577843383485664
ACGGAGT,0.550170109239016
ACGGATA,0.546691791883586
ACGGATC,0.544900916230684
ACGGATG,0.541972058306368
ACGGATT,0.553075089089205
ACGGCAA,0.549231215909186
ACGGCAC,0.5449952528455
ACGGCAG,0.549325144920533
ACGGCAT,0.556064952516456
ACGGCCA,0.53504099585911
ACGGCCC,0.543106827587251
ACGGCCG,0.545278209305316
ACGGCCT,0.548291440230175
ACGGCGA,0.547350780542001
ACGGCGC,0.543862625682365
ACGGCGG,0.559603843654184
ACGGCGT,0.544523480752259
ACGGCTA,0.546785959712392
ACGGCTC,0.570973549912905
ACGGCTG,0.567751404703236
ACGGCTT,0.546315031867504
ACGGGAA,0.563593332304507
ACGGGAC,0.562852305958759
ACGGGAG,0.565720729368717
ACGGGAT,0.551483080704976
ACGGGCA,0.589730636204902
ACGGGCC,0.543957060292236
ACGGGCG,0.547068410005017
ACGGGCT,0.550826810458739
ACGGGGA,0.585391386668614
ACGGGGC,0.568396664858027
ACGGGGG,0.560811647553586
ACGGGGT,0.551576798448762
ACGGGTA,0.547727150604803
ACGGGTC,0.552794330537075
ACGGGTG,0.539888297596422
ACGGGTT,0.552794330537075
ACGGTAA,0.554384254426142
ACGGTAC,0.547068410005017
ACGGTAG,0.548479466033523
ACGGTAT,0.549231215909186
ACGGTCA,0.544712216298664
ACGGTCC,0.54442909961946
ACGGTCG,0.549325144920533
ACGGTCT,0.546597615186365
ACGGTGA,0.589279508566753
ACGGTGC,0.551483080704976
ACGGTGG,0.565535917878306
ACGGTGT,0.540172702592402
ACGGTTA,0.547727150604803
ACGGTTC,0.55615824185977
ACGGTTG,0.557649688971366
ACGGTTT,0.555598375211691
ACGTAAA,0.546126598615548
ACGTAAC,0.55653131222836
ACGTAAG,0.556624558077454
ACGTAAT,0.548385457551061
ACGTACA,0.547162542376858
ACGTACC,0.548479466033523
ACGTACG,0.549606879030218
ACGTACT,0.546597615186365
ACGTAGA,0.553823393421363
ACGTAGC,0.543295830670659
ACGTAGG,0.545938129849809
ACGTAGT,0.555131580110922
ACGTATA,0.555598375211691
ACGTATC,0.546126598615548
ACGTATG,0.547633071368372
ACGTATT,0.5481974140692
ACGTCAA,0.555971654469429
ACGTCAC,0.544712216298664
ACGTCAG,0.564426331099877
ACGTCAT,0.541688164668594
ACGTCCA,0.550076259564533
ACGTCCC,0.539888297596422
ACGTCCG,0.54725666588863
ACGTCCT,0.559696803455463
ACGTCGA,0.548855411612337
ACGTCGC,0.548291440230175
ACGTCGG,0.548667456489815
ACGTCGT,0.548479466033523
ACGTCTA,0.554197335707378
ACGTCTC,0.544712216298664
ACGTCTG,0.561832497291923
ACGTCTT,0.544145902762502
ACGTGAA,0.551764207591403
ACGTGAC,0.551764207591403
ACGTGAG,0.559138914980721
ACGTGAT,0.555598375211691
ACGTGCA,0.558859853985092
ACGTGCC,0.55932491238995
ACGTGCG,0.546032368672738
ACGTGCT,0.556064952516456
ACGTGGA,0.558115310383227
ACGTGGC,0.549982401081462
ACGTGGG,0.568673077517911
ACGTGGT,0.553823393421363
ACGTGTA,0.542445035341407
ACGTGTC,0.561368603869775
ACGTGTG,0.587744150508374
ACGTGTT,0.549512976479392
ACGTTAA,0.546597615186365
ACGTTAC,0.548103379066474
ACGTTAG,0.547821220991165
ACGTTAT,0.545938129849809
ACGTTCA,0.548291440230175
ACGTTCC,0.545938129849809
ACGTTCG,0.548009335220336
ACGTTCT,0.550545419884123
ACGTTGA,0.552607114367554
ACGTTGC,0.552794330537075
ACGTTGG,0.552981511663262
ACGTTGT,0.560718791335055
ACGTTTA,0.5446178529781
ACGTTTC,0.543673729704724
ACGTTTG,0.574276960443543
ACGTTTT,0.55932491238995
ACTAAAA,0.502701529459388
ACTAAAC,0.549700772764182
ACTAAAG,0.543579268333584
ACTAAAT,0.56812017577306
ACTAACA,0.541309514403781
ACTAACC,0.556344794441753
ACTAACG,0.545278209305316
ACTAACT,0.538465058056766
ACTAAGA,0.550451605427465
ACTAAGC,0.539793477953543
ACTAAGG,0.559603843654184
ACTAAGT,0.547915282529121
ACTAATA,0.542161275966103
ACTAATC,0.54725666588863
ACTAATG,0.543390318818239
ACTAATT,0.558301498260002
ACTACAA,0.553168657759232
ACTACAC,0.565258636585741
ACTACAG,0.548667456489815
ACTACAT,0.538560003737663
ACTACCA,0.551014360195522
ACTACCC,0.555038194937351
ACTACCG,0.546691791883586
ACTACCT,0.56146139977157
ACTACGA,0.5481974140692
ACTACGC,0.547633071368372
ACTACGG,0.547068410005017
ACTACGT,0.55569170808982
ACTACTA,0.55653131222836
ACTACTC,0.553449311250204
ACTACTG,0.553449311250204
ACTACTT,0.578208452317792
ACTAGAA,0.555971654469429
ACTAGAC,0.552513493137443
ACTAGAG,0.541877436048561
ACTAGAT,0.539888297596422
ACTAGCA,0.55223257684601
ACTAGCC,0.547821220991165
ACTAGCG,0.548385457551061
ACTAGCT,0.554477700685179
ACTAGGA,0.546974268771438
ACTAGGC,0.548949375927585
ACTAGGG,0.581851829178588
ACTAGGT,0.550451605427465
ACTAGTA,0.547727150604803
ACTAGTC,0.544900916230684
ACTAGTG,0.553542844912949
ACTAGTT,0.549137278074351
ACTATAA,0.550920589723994
ACTATAC,0.545938129849809
ACTATAG,0.556251522500995
ACTATAT,0.546880118674452
ACTATCA,0.546409235179995
ACTATCC,0.565535917878306
ACTATCG,0.549137278074351
ACTATCT,0.544712216298664
ACTATGA,0.552887925479765
ACTATGC,0.56968593742731
ACTATGG,0.545655360083569
ACTATGT,0.54904333141437
ACTATTA,0.548291440230175
ACTATTC,0.5457496255569
ACTATTG,0.539129488592566
ACTATTT,0.548291440230175
ACTCAAA,0.534755127419697
ACTCAAC,0.543768182153756
ACTCAAG,0.560625926493445
ACTCAAT,0.564056195075461
ACTCACA,0.539319244830773
ACTCACC,0.565166192400051
ACTCACG,0.550263950106564
ACTCACT,0.559045903301358
ACTCAGA,0.565535917878306
ACTCAGC,0.5457496255569
ACTCAGG,0.59405113797659
ACTCAGT,0.577934663189011
ACTCATA,0.546315031867504
ACTCATC,0.551201874763997
ACTCATG,0.551389354177351
ACTCATT,0.539793477953543
ACTCCAA,0.547633071368372
ACTCCAC,0.531318316701405
ACTCCAG,0.534087783086384
ACTCCAT,0.5446178529781
ACTCCCA,0.532083073827628
ACTCCCC,0.524312757120592
ACTCCCG,0.551670507410356
ACTCCCT,0.529882818815562
ACTCCGA,0.561275799356101
ACTCCGC,0.545466802474781
ACTCCGG,0.540457026725178
ACTCCGT,0.53246523318245
ACTCCTA,0.546785959712392
ACTCCTC,0.552607114367554
ACTCCTG,0.527965610537556
ACTCCTT,0.534755127419697
ACTCGAA,0.545561085723422
ACTCGAC,0.546974268771438
ACTCGAG,0.555598375211691
ACTCGAT,0.545561085723422
ACTCGCA,0.553355768838094
ACTCGCC,0.564426331099877
ACTCGCG,0.540362260996215
ACTCGCT,0.543579268333584
ACTCGGA,0.539793477953543
ACTCGGC,0.539129488592566
ACTCGGG,0.545561085723422
ACTCGGT,0.565073739667642
ACTCGTA,0.548291440230175
ACTCGTC,0.556624558077454
ACTCGTG,0.546220819679912
ACTCGTT,0.546503429619058
ACTCTAA,0.544806570715632
ACTCTAC,0.551670507410356
ACTCTAG,0.555318324299763
ACTCTAT,0.541404190412335
ACTCTCA,0.539888297596422
ACTCTCC,0.530265819782959
ACTCTCG,0.545843882145088
ACTCTCT,0.537039790018942
ACTCTGA,0.567105727918929
ACTCTGC,0.533992411816249
ACTCTGG,0.542634163535157
ACTCTGT,0.5457496255569
ACTCTTA,0.536944699883683
ACTCTTC,0.548949375927585
ACTCTTG,0.530074337635478
ACTCTTT,0.540077909914147
ACTGAAA,0.551951581618439
ACTGAAC,0.551670507410356
ACTGAAG,0.608142362224152
ACTGAAT,0.549700772764182
ACTGACA,0.545843882145088
ACTGACC,0.5457496255569
ACTGACG,0.5449952528455
ACTGACT,0.550263950106564
ACTGAGA,0.55569170808982
ACTGAGC,0.549231215909186
ACTGAGG,0.580396070949985
ACTGAGT,0.590361873186438
ACTGATA,0.559417898123035
ACTGATC,0.552607114367554
ACTGATG,0.553823393421363
ACTGATT,0.545561085723422
ACTGCAA,0.523734769083424
ACTGCAC,0.507707754503168
ACTGCAG,0.553449311250204
ACTGCAT,0.533229114033644
ACTGCCA,0.539983108249388
ACTGCCC,0.537800185759494
ACTGCCG,0.563408127191716
ACTGCCT,0.539983108249388
ACTGCGA,0.554384254426142
ACTGCGC,0.542255871371418
ACTGCGG,0.538085185160671
ACTGCGT,0.546880118674452
ACTGCTA,0.562666963540514
ACTGCTC,0.540835999861121
ACTGCTG,0.56812017577306
ACTGCTT,0.560161472883153
ACTGGAA,0.595218068594039
ACTGGAC,0.538465058056766
ACTGGAG,0.570881632555183
ACTGGAT,0.564518843703587
ACTGGCA,0.578025934561134
ACTGGCC,0.574643333351148
ACTGGCG,0.540362260996215
ACTGGCT,0.570881632555183
ACTGGGA,0.570421918991831
ACTGGGC,0.55932491238995
ACTGGGG,0.594320550546203
ACTGGGT,0.598621309510799
ACTGGTA,0.558859853985092
ACTGGTC,0.553916892103012
ACTGGTG,0.52767771200422
ACTGGTT,0.54857346567922
ACTGTAA,0.546503429619058
ACTGTAC,0.566736582491177
ACTGTAG,0.573818805468634
ACTGTAT,0.5446178529781
ACTGTCA,0.572534853712235
ACTGTCC,0.575833119129309
ACTGTCG,0.555318324299763
ACTGTCT,0.531796358438441
ACTGTGA,0.543862625682365
ACTGTGC,0.55615824185977
ACTGTGG,0.589279508566753
ACTGTGT,0.588015267398284
ACTGTTA,0.547727150604803
ACTGTTC,0.552700726833551
ACTGTTG,0.527101666161474
ACTGTTT,0.539888297596422
ACTTAAA,0.540077909914147
ACTTAAC,0.561925250158289
ACTTAAG,0.561368603869775
ACTTAAT,0.53684960070543
ACTTACA,0.561739735821665
ACTTACC,0.547162542376858
ACTTACG,0.54857346567922
ACTTACT,0.538180166913997
ACTTAGA,0.555411683318289
ACTTAGC,0.558673770048037
ACTTAGG,0.560440170934585
ACTTAGT,0.560625926493445
ACTTATA,0.552513493137443
ACTTATC,0.553823393421363
ACTTATG,0.560811647553586
ACTTATT,0.5481974140692
ACTTCAA,0.583033074274164
ACTTCAC,0.561925250158289
ACTTCAG,0.531222680925011
ACTTCAT,0.548385457551061
ACTTCCA,0.537039790018942
ACTTCCC,0.54442909961946
ACTTCCG,0.543768182153756
ACTTCCT,0.562944964287544
ACTTCGA,0.546691791883586
ACTTCGC,0.547068410005017
ACTTCGG,0.555785032257735
ACTTCGT,0.547162542376858
ACTTCTA,0.545466802474781
ACTTCTC,0.546503429619058
ACTTCTG,0.534469177236151
ACTTCTT,0.548479466033523
ACTTGAA,0.543390318818239
ACTTGAC,0.549512976479392
ACTTGAG,0.582578914351383
ACTTGAT,0.557556538666944
ACTTGCA,0.551670507410356
ACTTGCC,0.563963639659039
ACTTGCG,0.554664567010722
ACTTGCT,0.53950896506838
ACTTGGA,0.559603843654184
ACTTGGC,0.548103379066474
ACTTGGG,0.574826469481327
ACTTGGT,0.575375676724759
ACTTGTA,0.563037614031558
ACTTGTC,0.550545419884123
ACTTGTG,0.547538983280205
ACTTGTT,0.542066671611651
ACTTTAA,0.560718791335055
ACTTTAC,0.557090656945672
ACTTTAG,0.540267486285857
ACTTTAT,0.546785959712392
ACTTTCA,0.533610835752882
ACTTTCC,0.552700726833551
ACTTTCG,0.547633071368372
ACTTTCT,0.558022203443504
ACTTTGA,0.557463379684734
ACTTTGC,0.557649688971366
ACTTTGG,0.520646511430585
ACTTTGT,0.55615824185977
ACTTTTA,0.564703843239218
ACTTTTC,0.521419470429108
ACTTTTG,0.544523480752259
ACTTTTT,0.562666963540514
AGAAAAA,0.503783425339786
AGAAAAC,0.579394006429193
AGAAAAG,0.539698649319047
AGAAAAT,0.55681102369533
AGAAACA,0.534183145261708
AGAAACC,0.572901865319618
AGAAACG,0.531222680925011
AGAAACT,0.588195971164405
AGAAAGA,0.602191199817029
AGAAAGC,0.560997334127819
AGAAAGG,0.614146351015407
AGAAAGT,0.563130255192393
AGAAATA,0.52978704564905
AGAAATC,0.545466802474781
AGAAATG,0.55615824185977
AGAAATT,0.531413943332472
AGAACAA,0.531700768371198
AGAACAC,0.565905506710152
AGAACAG,0.586839896309033
AGAACAT,0.56146139977157
AGAACCA,0.566459633966742
AGAACCC,0.5481974140692
AGAACCG,0.552981511663262
AGAACCT,0.564703843239218
AGAACGA,0.538370103360331
AGAACGC,0.553355768838094
AGAACGG,0.562110730085728
AGAACGT,0.575833119129309
AGAACTA,0.539888297596422
AGAACTC,0.556251522500995
AGAACTG,0.565535917878306
AGAACTT,0.583123881512617
AGAAGAA,0.592253196885818
AGAAGAC,0.561182986228949
AGAAGAG,0.59315257150517
AGAAGAT,0.56940980463163
AGAAGCA,0.518517788333561
AGAAGCC,0.59512835302982
AGAAGCG,0.57747818132961
AGAAGCT,0.552981511663262
AGAAGGA,0.648582280484928
AGAAGGC,0.63840980757542
AGAAGGG,0.664612539990314
AGAAGGT,0.617222644228276
AGAAGTA,0.589279508566753
AGAAGTC,0.572443079760039
AGAAGTG,0.576381773943198
AGAAGTT,0.559882697137462
AGAATAA,0.553075089089205
AGAATAC,0.540551783474449
AGAATAG,0.546503429619058
AGAATAT,0.551201874763997
AGAATCA,0.555038194937351
AGAATCC,0.574093723641528
AGAATCG,0.54074127004072
AGAATCT,0.579120541744265
AGAATGA,0.578664601019415
AGAATGC,0.592702985304829
AGAATGG,0.598174175817186
AGAATGT,0.588195971164405
AGAATTA,0.549982401081462
AGAATTC,0.576473187153277
AGAATTG,0.552794330537075
AGAATTT,0.554477700685179
AGACAAA,0.541025432584957
AGACAAC,0.588286310803747
AGACAAG,0.567843610220735
AGACAAT,0.545183899381137
AGACACA,0.55129561886424
AGACACC,0.545466802474781
AGACACG,0.558301498260002
AGACACT,0.541688164668594
AGACAGA,0.624741583150902
AGACAGC,0.568396664858027
AGACAGG,0.651893727919949
AGACAGT,0.549137278074351
AGACATA,0.560718791335055
AGACATC,0.581760906349821
AGACATG,0.555318324299763
AGACATT,0.570053995918177
AGACCAA,0.559696803455463
AGACCAC,0.542634163535157
AGACCAG,0.516093271524988
AGACCAT,0.530457265272047
AGACCCA,0.546691791883586
AGACCCC,0.53284724654729
AGACCCG,0.554944801042175
AGACCCT,0.566367300744755
AGACCGA,0.544523480752259
AGACCGC,0.548855411612337
AGACCGG,0.579940711552448
AGACCGT,0.572626619242745
AGACCTA,0.567843610220735
AGACCTC,0.550451605427465
AGACCTG,0.573360440491527
AGACCTT,0.565813122307268
AGACGAA,0.545466802474781
AGACGAC,0.54857346567922
AGACGAG,0.558022203443504
AGACGAT,0.547727150604803
AGACGCA,0.559696803455463
AGACGCC,0.537229943167357
AGACGCG,0.544523480752259
AGACGCT,0.541782804836534
AGACGGA,0.546032368672738
AGACGGC,0.559882697137462
AGACGGG,0.54149885745819
AGACGGT,0.567474737128617
AGACGTA,0.549231215909186
AGACGTC,0.554477700685179
AGACGTG,0.59072240121319
AGACGTT,0.552887925479765
AGACTAA,0.543012312648047
AGACTAC,0.563315511770882
AGACTAG,0.554010382043475
AGACTAT,0.56257427944787
AGACTCA,0.569225673731343
AGACTCC,0.520163108480008
AGACTCG,0.544145902762502
AGACTCT,0.527197696848549
AGACTGA,0.583577794056731
AGACTGC,0.532656258106646
AGACTGG,0.583668551846398
AGACTGT,0.577934663189011
AGACTTA,0.543579268333584
AGACTTC,0.535707704586269
AGACTTG,0.571065458822604
AGACTTT,0.588105623363076
AGAGAAA,0.589099000511544
AGAGAAC,0.559138914980721
AGAGAAG,0.612648729923478
AGAGAAT,0.59072240121319
AGAGACA,0.583123881512617
AGAGACC,0.571524876705065
AGAGACG,0.580851223089715
AGAGACT,0.544900916230684
AGAGAGA,0.666117955003263
AGAGAGC,0.645942259556959
AGAGAGG,0.630733609314802
AGAGAGT,0.573268742278897
AGAGATA,0.563871075675319
AGAGATC,0.539034596968968
AGAGATG,0.616520325369531
AGAGATT,0.577021490999354
AGAGCAA,0.583940775804005
AGAGCAC,0.554384254426142
AGAGCAG,0.670121350561814
AGAGCAT,0.564518843703587
AGAGCCA,0.611325434383631
AGAGCCC,0.567197992987867
AGAGCCG,0.553823393421363
AGAGCCT,0.583759301399837
AGAGCGA,0.538465058056766
AGAGCGC,0.568580948453684
AGAGCGG,0.557370212023119
AGAGCGT,0.558766816344968
AGAGCTA,0.560068556269423
AGAGCTC,0.551576798448762
AGAGCTG,0.597189777375866
AGAGCTT,0.551951581618439
AGAGGAA,0.641412468133373
AGAGGAC,0.617573618774795
AGAGGAG,0.740035856272064
AGAGGAT,0.619676883135731
AGAGGCA,0.574643333351148
AGAGGCC,0.594410338608902
AGAGGCG,0.551108121874974
AGAGGCT,0.605837159191321
AGAGGGA,0.688921627736767
AGAGGGC,0.595218068594039
AGAGGGG,0.664193966645447
AGAGGGT,0.636862064294096
AGAGGTA,0.566551958664092
AGAGGTC,0.624480244036849
AGAGGTG,0.696246571922748
AGAGGTT,0.575741647387152
AGAGTAA,0.53684960070543
AGAGTAC,0.555598375211691
AGAGTAG,0.566921172238596
AGAGTAT,0.548479466033523
AGAGTCA,0.567566968158746
AGAGTCC,0.579485144708264
AGAGTCG,0.554944801042175
AGAGTCT,0.56968593742731
AGAGTGA,0.571341134879079
AGAGTGC,0.595487167003509
AGAGTGG,0.631772045566785
AGAGTGT,0.597458345795546
AGAGTTA,0.583033074274164
AGAGTTC,0.534850425979874
AGAGTTG,0.583033074274164
AGAGTTT,0.591803206066144
AGATAAA,0.545655360083569
AGATAAC,0.537420060164427
AGATAAG,0.589550209570845
AGATAAT,0.557929087834071
AGATACA,0.575833119129309
AGATACC,0.554477700685179
AGATACG,0.5446178529781
AGATACT,0.544712216298664
AGATAGA,0.569501857369263
AGATAGC,0.567197992987867
AGATAGG,0.593242464494996
AGATAGT,0.533419993107197
AGATATA,0.557929087834071
AGATATC,0.556624558077454
AGATATG,0.546220819679912
AGATATT,0.558952882970019
AGATCAA,0.544240310626264
AGATCAC,0.534373842334858
AGATCAG,0.531509560819961
AGATCAT,0.537800185759494
AGATCCA,0.551201874763997
AGATCCC,0.540362260996215
AGATCCG,0.546409235179995
AGATCCT,0.53370624341962
AGATCGA,0.541404190412335
AGATCGC,0.536278815636684
AGATCGG,0.557649688971366
AGATCGT,0.53950896506838
AGATCTA,0.56968593742731
AGATCTC,0.561646965745918
AGATCTG,0.592972761279637
AGATCTT,0.577934663189011
AGATGAA,0.582488057610231
AGATGAC,0.644149890161203
AGATGAG,0.671369131962995
AGATGAT,0.576655988508127
AGATGCA,0.559882697137462
AGATGCC,0.537895194585134
AGATGCG,0.55223257684601
AGATGCT,0.557556538666944
AGATGGA,0.534659819776838
AGATGGC,0.581942743741145
AGATGGG,0.637550245955716
AGATGGT,0.586658947306664
AGATGTA,0.557556538666944
AGATGTC,0.560254380864187
AGATGTG,0.627003665767409
AGATGTT,0.582760603072593
AGATTAA,0.534087783086384
AGATTAC,0.552419863141576
AGATTAG,0.536944699883683
AGATTAT,0.548385457551061
AGATTCA,0.534659819776838
AGATTCC,0.563037614031558
AGATTCG,0.545183899381137
AGATTCT,0.560161472883153
AGATTGA,0.537800185759494
AGATTGC,0.537134871112927
AGATTGG,0.595845852275909
AGATTGT,0.538465058056766
AGATTTA,0.542255871371418
AGATTTC,0.555318324299763
AGATTTG,0.549231215909186
AGATTTT,0.550639225540454
AGCAAAA,0.574551752707457
AGCAAAC,0.564796330174305
AGCAAAG,0.592613043804341
AGCAAAT,0.548761438466967
AGCAACA,0.522191832423447
AGCAACC,0.548949375927585
AGCAACG,0.545655360083569
AGCAACT,0.55671779523257
AGCAAGA,0.559882697137462
AGCAAGC,0.569777964750842
AGCAAGG,0.59978292231236
AGCAAGT,0.545089580561758
AGCAATA,0.547821220991165
AGCAATC,0.542634163535157
AGCAATG,0.568396664858027
AGCAATT,0.554944801042175
AGCACAA,0.555131580110922
AGCACAC,0.579211704948708
AGCACAG,0.535136267181628
AGCACAT,0.545466802474781
AGCACCA,0.560161472883153
AGCACCC,0.5446178529781
AGCACCG,0.551576798448762
AGCACCT,0.549794657682941
AGCACGA,0.556344794441753
AGCACGC,0.548667456489815
AGCACGG,0.552607114367554
AGCACGT,0.566828881624059
AGCACTA,0.543862625682365
AGCACTC,0.549794657682941
AGCACTG,0.532560750205863
AGCACTT,0.527101666161474
AGCAGAA,0.560997334127819
AGCAGAC,0.571065458822604
AGCAGAG,0.652402209488975
AGCAGAT,0.566090249915229
AGCAGCA,0.568765198095154
AGCAGCC,0.586206431500261
AGCAGCG,0.538465058056766
AGCAGCT,0.602636541365707
AGCAGGA,0.628132791083287
AGCAGGC,0.592972761279637
AGCAGGG,0.725966351127087
AGCAGGT,0.585391386668614
AGCAGTA,0.563222887771637
AGCAGTC,0.567105727918929
AGCAGTG,0.570237974375928
AGCAGTT,0.548385457551061
AGCATAA,0.560811647553586
AGCATAC,0.54857346567922
AGCATAG,0.566367300744755
AGCATAT,0.538844786704239
AGCATCA,0.550826810458739
AGCATCC,0.541688164668594
AGCATCG,0.553075089089205
AGCATCT,0.551857898993549
AGCATGA,0.61915148162394
AGCATGC,0.543484798038652
AGCATGG,0.555505033621723
AGCATGT,0.581579035887646
AGCATTA,0.548103379066474
AGCATTC,0.535136267181628
AGCATTG,0.594589890552232
AGCATTT,0.565351072226294
AGCCAAA,0.542539603909466
AGCCAAC,0.537705167906319
AGCCAAG,0.604415926915237
AGCCAAT,0.563963639659039
AGCCACA,0.551108121874974
AGCCACC,0.529882818815562
AGCCACG,0.577204192160145
AGCCACT,0.593512094990144
AGCCAGA,0.594320550546203
AGCCAGC,0.552513493137443
AGCCAGG,0.601032382755151
AGCCAGT,0.556251522500995
AGCCATA,0.550733022398109
AGCCATC,0.566551958664092
AGCCATG,0.565628327892922
AGCCATT,0.574734905608592
AGCCCAA,0.55932491238995
AGCCCAC,0.553355768838094
AGCCCAG,0.520646511430585
AGCCCAT,0.570237974375928
AGCCCCA,0.522963598335098
AGCCCCC,0.525660098128852
AGCCCCG,0.533324558124773
AGCCCCT,0.518420920440354
AGCCCGA,0.561646965745918
AGCCCGC,0.543295830670659
AGCCCGG,0.540835999861121
AGCCCGT,0.546597615186365
AGCCCTA,0.577021490999354
AGCCCTC,0.508882056454611
AGCCCTG,0.56940980463163
AGCCCTT,0.554944801042175
AGCCGAA,0.565073739667642
AGCCGAC,0.545183899381137
AGCCGAG,0.568304510323467
AGCCGAT,0.547444886338637
AGCCGCA,0.545561085723422
AGCCGCC,0.574276960443543
AGCCGCG,0.565813122307268
AGCCGCT,0.548479466033523
AGCCGGA,0.537515105110502
AGCCGGC,0.544240310626264
AGCCGGG,0.533992411816249
AGCCGGT,0.55223257684601
AGCCGTA,0.557463379684734
AGCCGTC,0.538180166913997
AGCCGTG,0.565443499323289
AGCCGTT,0.542066671611651
AGCCTAA,0.537515105110502
AGCCTAC,0.555038194937351
AGCCTAG,0.551670507410356
AGCCTAT,0.562017994422359
AGCCTCA,0.562017994422359
AGCCTCC,0.542066671611651
AGCCTCG,0.546409235179995
AGCCTCT,0.535231529428386
AGCCTGA,0.578755805796457
AGCCTGC,0.541593515543045
AGCCTGG,0.491519204064085
AGCCTGT,0.575009572078804
AGCCTTA,0.538085185160671
AGCCTTC,0.559417898123035
AGCCTTG,0.576838756452749
AGCCTTT,0.556904243467353
AGCGAAA,0.538939696340096
AGCGAAC,0.548761438466967
AGCGAAG,0.543673729704724
AGCGAAT,0.546315031867504
AGCGACA,0.555598375211691
AGCGACC,0.55671779523257
AGCGACG,0.547068410005017
AGCGACT,0.543106827587251
AGCGAGA,0.538560003737663
AGCGAGC,0.544145902762502
AGCGAGG,0.560068556269423
AGCGAGT,0.551670507410356
AGCGATA,0.547915282529121
AGCGATC,0.555878347717063
AGCGATG,0.544240310626264
AGCGATT,0.545561085723422
AGCGCAA,0.553916892103012
AGCGCAC,0.551483080704976
AGCGCAG,0.572718376353117
AGCGCAT,0.546597615186365
AGCGCCA,0.547538983280205
AGCGCCC,0.536278815636684
AGCGCCG,0.560904495150641
AGCGCCT,0.539129488592566
AGCGCGA,0.544334709578022
AGCGCGC,0.552326224378313
AGCGCGG,0.538654940404733
AGCGCGT,0.566274958996557
AGCGCTA,0.557463379684734
AGCGCTC,0.555411683318289
AGCGCTG,0.573818805468634
AGCGCTT,0.539793477953543
AGCGGAA,0.551389354177351
AGCGGAC,0.547538983280205
AGCGGAG,0.603526629917037
AGCGGAT,0.546691791883586
AGCGGCA,0.551108121874974
AGCGGCC,0.556438057683667
AGCGGCG,0.559603843654184
AGCGGCT,0.568396664858027
AGCGGGA,0.581942743741145
AGCGGGC,0.557090656945672
AGCGGGG,0.556251522500995
AGCGGGT,0.567566968158746
AGCGGTA,0.564056195075461
AGCGGTC,0.547350780542001
AGCGGTG,0.55978975461602
AGCGGTT,0.565813122307268
AGCGTAA,0.5481974140692
AGCGTAC,0.549606879030218
AGCGTAG,0.554571138212828
AGCGTAT,0.542917788774925
AGCGTCA,0.555038194937351
AGCGTCC,0.540551783474449
AGCGTCG,0.547915282529121
AGCGTCT,0.546785959712392
AGCGTGA,0.551014360195522
AGCGTGC,0.57747818132961
AGCGTGG,0.567105727918929
AGCGTGT,0.587744150508374
AGCGTTA,0.54725666588863
AGCGTTC,0.551764207591403
AGCGTTG,0.574918024970885
AGCGTTT,0.567105727918929
AGCTAAA,0.557183850655207
AGCTAAC,0.550733022398109
AGCTAAG,0.546220819679912
AGCTAAT,0.533610835752882
AGCTACA,0.560068556269423
AGCTACC,0.546032368672738
AGCTACG,0.557463379684734
AGCTACT,0.506335990398584
AGCTAGA,0.558766816344968
AGCTAGC,0.574093723641528
AGCTAGG,0.56257427944787
AGCTAGT,0.561646965745918
AGCTATA,0.573635484688835
AGCTATC,0.555598375211691
AGCTATG,0.615378004162654
AGCTATT,0.547633071368372
AGCTCAA,0.561832497291923
AGCTCAC,0.556438057683667
AGCTCAG,0.58548198001724
AGCTCAT,0.561646965745918
AGCTCCA,0.526621374348979
AGCTCCC,0.522384829748163
AGCTCCG,0.558301498260002
AGCTCCT,0.515219004467453
AGCTCGA,0.545561085723422
AGCTCGC,0.544523480752259
AGCTCGG,0.56146139977157
AGCTCGT,0.552326224378313
AGCTCTA,0.558859853985092
AGCTCTC,0.549137278074351
AGCTCTG,0.597189777375866
AGCTCTT,0.524601625911115
AGCTGAA,0.573360440491527
AGCTGAC,0.568580948453684
AGCTGAG,0.544806570715632
AGCTGAT,0.579576274681905
AGCTGCA,0.541025432584957
AGCTGCC,0.55223257684601
AGCTGCG,0.539129488592566
AGCTGCT,0.553916892103012
AGCTGGA,0.614586401301746
AGCTGGC,0.603081684673572
AGCTGGG,0.676096552415136
AGCTGGT,0.58638746239603
AGCTGTA,0.569501857369263
AGCTGTC,0.555598375211691
AGCTGTG,0.609292974062778
AGCTGTT,0.589189258612043
AGCTTAA,0.542445035341407
AGCTTAC,0.541782804836534
AGCTTAG,0.550451605427465
AGCTTAT,0.538180166913997
AGCTTCA,0.555878347717063
AGCTTCC,0.556251522500995
AGCTTCG,0.554384254426142
AGCTTCT,0.54442909961946
AGCTTGA,0.547915282529121
AGCTTGC,0.541309514403781
AGCTTGG,0.574276960443543
AGCTTGT,0.588557280764589
AGCTTTA,0.537039790018942
AGCTTTC,0.539698649319047
AGCTTTG,0.537610141023894
AGCTTTT,0.539129488592566
AGGAAAA,0.536469113528072
AGGAAAC,0.586658947306664
AGGAAAG,0.659157372766862
AGGAAAT,0.578573387923303
AGGAACA,0.591623153025276
AGGAACC,0.568580948453684
AGGAACG,0.560440170934585
AGGAACT,0.557183850655207
AGGAAGA,0.752071331745952
AGGAAGC,0.5967420029942
AGGAAGG,0.734665916908127
AGGAAGT,0.664445131676218
AGGAATA,0.568304510323467
AGGAATC,0.589911030291061
AGGAATG,0.572167707357876
AGGAATT,0.581306168160219
AGGACAA,0.545843882145088
AGGACAC,0.534755127419697
AGGACAG,0.625699242664474
AGGACAT,0.588557280764589
AGGACCA,0.5789381903994
AGGACCC,0.555318324299763
AGGACCG,0.561832497291923
AGGACCT,0.588828177320602
AGGACGA,0.552700726833551
AGGACGC,0.545655360083569
AGGACGG,0.564148741926171
AGGACGT,0.566644274838379
AGGACTA,0.54904333141437
AGGACTC,0.573910453257633
AGGACTG,0.600675553329935
AGGACTT,0.579576274681905
AGGAGAA,0.597547852575831
AGGAGAC,0.573543811694954
AGGAGAG,0.731852720100896
AGGAGAT,0.574093723641528
AGGAGCA,0.699889021225428
AGGAGCC,0.554477700685179
AGGAGCG,0.554477700685179
AGGAGCT,0.656292002168863
AGGAGGA,0.720915770764879
AGGAGGC,0.61397027666616
AGGAGGG,0.793752360574313
AGGAGGT,0.910530932611481
AGGAGTA,0.615378004162654
AGGAGTC,0.56034728021413
AGGAGTG,0.662098467826021
AGGAGTT,0.536088481525116
AGGATAA,0.576930127900041
AGGATAC,0.563130255192393
AGGATAG,0.589099000511544
AGGATAT,0.545655360083569
AGGATCA,0.554010382043475
AGGATCC,0.590001215132348
AGGATCG,0.571433010012205
AGGATCT,0.904425481890291
AGGATGA,0.560625926493445
AGGATGC,0.551764207591403
AGGATGG,0.656123194998435
AGGATGT,0.649857212157943
AGGATTA,0.582124548073644
AGGATTC,0.571249251304139
AGGATTG,0.575192641155858
AGGATTT,0.571984083619654
AGGCAAA,0.583759301399837
AGGCAAC,0.555224956564517
AGGCAAG,0.586477965555828
AGGCAAT,0.546974268771438
AGGCACA,0.577843383485664
AGGCACC,0.591983226693751
AGGCACG,0.554010382043475
AGGCACT,0.564518843703587
AGGCAGA,0.612472391660749
AGGCAGC,0.566182608720574
AGGCAGG,0.742980946920431
AGGCAGT,0.598531898764929
AGGCATA,0.575101110806617
AGGCATC,0.552419863141576
AGGCATG,0.56940980463163
AGGCATT,0.556997454550261
AGGCCAA,0.562388885487578
AGGCCAC,0.542823255966196
AGGCCAG,0.625960263442144
AGGCCAT,0.569961993994717
AGGCCCA,0.563222887771637
AGGCCCC,0.531987511164909
AGGCCCG,0.586206431500261
AGGCCCT,0.552794330537075
AGGCCGA,0.539983108249388
AGGCCGC,0.551951581618439
AGGCCGG,0.5457496255569
AGGCCGT,0.564518843703587
AGGCCTA,0.585934823693924
AGGCCTC,0.56968593742731
AGGCCTG,0.591172878538458
AGGCCTT,0.626221216105747
AGGCGAA,0.554103863244385
AGGCGAC,0.557649688971366
AGGCGAG,0.557556538666944
AGGCGAT,0.546785959712392
AGGCGCA,0.557277035680483
AGGCGCC,0.544240310626264
AGGCGCG,0.539698649319047
AGGCGCT,0.548855411612337
AGGCGGA,0.552045255467716
AGGCGGC,0.563130255192393
AGGCGGG,0.575741647387152
AGGCGGT,0.559510875210577
AGGCGTA,0.546597615186365
AGGCGTC,0.560440170934585
AGGCGTG,0.610883946448264
AGGCGTT,0.550263950106564
AGGCTAA,0.556344794441753
AGGCTAC,0.560440170934585
AGGCTAG,0.553916892103012
AGGCTAT,0.559603843654184
AGGCTCA,0.625002853984667
AGGCTCC,0.569961993994717
AGGCTCG,0.537895194585134
AGGCTCT,0.570605829778336
AGGCTGA,0.539034596968968
AGGCTGC,0.577752095449572
AGGCTGG,0.625960263442144
AGGCTGT,0.562852305958759
AGGCTTA,0.549231215909186
AGGCTTC,0.531891939369096
AGGCTTG,0.604860279021623
AGGCTTT,0.537325006183951
AGGGAAA,0.625699242664474
AGGGAAC,0.677997797711428
AGGGAAG,0.733338449014833
AGGGAAT,0.608673578356053
AGGGACA,0.578390936767797
AGGGACC,0.579302859843179
AGGGACG,0.556997454550261
AGGGACT,0.551670507410356
AGGGAGA,0.713451175680045
AGGGAGC,0.687940902020764
AGGGAGG,0.858268639667859
AGGGAGT,0.637550245955716
AGGGATA,0.571433010012205
AGGGATC,0.547727150604803
AGGGATG,0.606635715587401
AGGGATT,0.557835963553314
AGGGCAA,0.559138914980721
AGGGCAC,0.598084725082032
AGGGCAG,0.674937500394333
AGGGCAT,0.601299921290402
AGGGCCA,0.625438153737168
AGGGCCC,0.521998797843574
AGGGCCG,0.559138914980721
AGGGCCT,0.565905506710152
AGGGCGA,0.54149885745819
AGGGCGC,0.550826810458739
AGGGCGG,0.628566730800037
AGGGCGT,0.539603811691228
AGGGCTA,0.565351072226294
AGGGCTC,0.610088776654629
AGGGCTG,0.645003800071532
AGGGCTT,0.561182986228949
AGGGGAA,0.716793308296711
AGGGGAC,0.590091391841062
AGGGGAG,0.806106916758049
AGGGGAT,0.633414034099577
AGGGGCA,0.632204409277308
AGGGGCC,0.618187527977749
AGGGGCG,0.567105727918929
AGGGGCT,0.627351224751898
AGGGGGA,0.677750014092864
AGGGGGC,0.687122895223812
AGGGGGG,0.647731422111652
AGGGGGT,0.617398146899427
AGGGGTA,0.596652424052611
AGGGGTC,0.66360766946436
AGGGGTG,0.635398103886773
AGGGGTT,0.592343170755846
AGGGTAA,0.568949413794948
AGGGTAC,0.554010382043475
AGGGTAG,0.63263658613024
AGGGTAT,0.583305471255402
AGGGTCA,0.592073224856228
AGGGTCC,0.566828881624059
AGGGTCG,0.562296175616743
AGGGTCT,0.601032382755151
AGGGTGA,0.643722661614486
AGGGTGC,0.606192151874907
AGGGTGG,0.70665296487341
AGGGTGT,0.598889493792723
AGGGTTA,0.612736887395519
AGGGTTC,0.565628327892922
AGGGTTG,0.600764772623878
AGGGTTT,0.586477965555828
AGGTAAA,0.570513878612981
AGGTAAC,0.545372510335971
AGGTAAG,0.636862064294096
AGGTAAT,0.55615824185977
AGGTACA,0.562203457149991
AGGTACC,0.533038198518314
AGGTACG,0.562296175616743
AGGTACT,0.542634163535157
AGGTAGA,0.586025367826372
AGGTAGC,0.564796330174305
AGGTAGG,0.804143328028916
AGGTAGT,0.610530615709903
AGGTATA,0.561090164486722
AGGTATC,0.550076259564533
AGGTATG,0.592433136531305
AGGTATT,0.571708584776194
AGGTCAA,0.562110730085728
AGGTCAC,0.545466802474781
AGGTCAG,0.594410338608902
AGGTCAT,0.576747376655953
AGGTCCA,0.544240310626264
AGGTCCC,0.560254380864187
AGGTCCG,0.540551783474449
AGGTCCT,0.559603843654184
AGGTCGA,0.573910453257633
AGGTCGC,0.574276960443543
AGGTCGG,0.658062759147566
AGGTCGT,0.587744150508374
AGGTCTA,0.546974268771438
AGGTCTC,0.578664601019415
AGGTCTG,0.646965030097949
AGGTCTT,0.589640426957095
AGGTGAA,0.605126795540906
AGGTGAC,0.629694093591911
AGGTGAG,0.676592878044953
AGGTGAT,0.605837159191321
AGGTGCA,0.613177558217297
AGGTGCC,0.554103863244385
AGGTGCG,0.562110730085728
AGGTGCT,0.595487167003509
AGGTGGA,0.619063887861162
AGGTGGC,0.702309970781568
AGGTGGG,0.715919066902156
AGGTGGT,0.614674388126475
AGGTGTA,0.570605829778336
AGGTGTC,0.613706106999559
AGGTGTG,0.67675826519462
AGGTGTT,0.577112845752214
AGGTTAA,0.553823393421363
AGGTTAC,0.561832497291923
AGGTTAG,0.567566968158746
AGGTTAT,0.582124548073644
AGGTTCA,0.54112013549179
AGGTTCC,0.546409235179995
AGGTTCG,0.547444886338637
AGGTTCT,0.601389084898546
AGGTTGA,0.602458428545021
AGGTTGC,0.52286716016297
AGGTTGG,0.640040941926825
AGGTTGT,0.532083073827628
AGGTTTA,0.536944699883683
AGGTTTC,0.549231215909186
AGGTTTG,0.604771424394845
AGGTTTT,0.588647587770721
AGTAAAA,0.55932491238995
AGTAAAC,0.540835999861121
AGTAAAG,0.550920589723994
AGTAAAT,0.528924674137436
AGTAACA,0.550639225540454
AGTAACC,0.558580715092686
AGTAACG,0.548761438466967
AGTAACT,0.556064952516456
AGTAAGA,0.554664567010722
AGTAAGC,0.554197335707378
AGTAAGG,0.564796330174305
AGTAAGT,0.568949413794948
AGTAATA,0.546503429619058
AGTAATC,0.541404190412335
AGTAATG,0.545372510335971
AGTAATT,0.543106827587251
AGTACAA,0.543390318818239
AGTACAC,0.543390318818239
AGTACAG,0.578299698705366
AGTACAT,0.542445035341407
AGTACCA,0.570973549912905
AGTACCC,0.550826810458739
AGTACCG,0.548479466033523
AGTACCT,0.543673729704724
AGTACGA,0.54442909961946
AGTACGC,0.547162542376858
AGTACGG,0.54725666588863
AGTACGT,0.548385457551061
AGTACTA,0.554290799434086
AGTACTC,0.555971654469429
AGTACTG,0.526236974740055
AGTACTT,0.547162542376858
AGTAGAA,0.541688164668594
AGTAGAC,0.554851398423765
AGTAGAG,0.626655985943672
AGTAGAT,0.546503429619058
AGTAGCA,0.535517261731385
AGTAGCC,0.562203457149991
AGTAGCG,0.565443499323289
AGTAGCT,0.521516048308148
AGTAGGA,0.588286310803747
AGTAGGC,0.590001215132348
AGTAGGG,0.599514977559008
AGTAGGT,0.569225673731343
AGTAGTA,0.54857346567922
AGTAGTC,0.572993597178838
AGTAGTG,0.574643333351148
AGTAGTT,0.553823393421363
AGTATAA,0.539224371212598
AGTATAC,0.544806570715632
AGTATAG,0.592253196885818
AGTATAT,0.547915282529121
AGTATCA,0.536373969109039
AGTATCC,0.562017994422359
AGTATCG,0.553449311250204
AGTATCT,0.638667532052345
AGTATGA,0.595038629415996
AGTATGC,0.558673770048037
AGTATGG,0.560625926493445
AGTATGT,0.563315511770882
AGTATTA,0.554384254426142
AGTATTC,0.548479466033523
AGTATTG,0.56146139977157
AGTATTT,0.568857310186979
AGTCAAA,0.570605829778336
AGTCAAC,0.539224371212598
AGTCAAG,0.555505033621723
AGTCAAT,0.546785959712392
AGTCACA,0.536373969109039
AGTCACC,0.555411683318289
AGTCACG,0.545372510335971
AGTCACT,0.559045903301358
AGTCAGA,0.564148741926171
AGTCAGC,0.573360440491527
AGTCAGG,0.637722217397512
AGTCAGT,0.555878347717063
AGTCATA,0.550263950106564
AGTCATC,0.55671779523257
AGTCATG,0.565997882578947
AGTCATT,0.554664567010722
AGTCCAA,0.535517261731385
AGTCCAC,0.535898111179577
AGTCCAG,0.528061558299266
AGTCCAT,0.55932491238995
AGTCCCA,0.552419863141576
AGTCCCC,0.530265819782959
AGTCCCG,0.55978975461602
AGTCCCT,0.579485144708264
AGTCCGA,0.552607114367554
AGTCCGC,0.546880118674452
AGTCCGG,0.541877436048561
AGTCCGT,0.55569170808982
AGTCCTA,0.558487651477305
AGTCCTC,0.572351297384611
AGTCCTG,0.590902616495607
AGTCCTT,0.538085185160671
AGTCGAA,0.547068410005017
AGTCGAC,0.546126598615548
AGTCGAG,0.543201333594226
AGTCGAT,0.548761438466967
AGTCGCA,0.566090249915229
AGTCGCC,0.546126598615548
AGTCGCG,0.546974268771438
AGTCGCT,0.543484798038652
AGTCGGA,0.546126598615548
AGTCGGC,0.546597615186365
AGTCGGG,0.579576274681905
AGTCGGT,0.553355768838094
AGTCGTA,0.546974268771438
AGTCGTC,0.547068410005017
AGTCGTG,0.553262217674982
AGTCGTT,0.5457496255569
AGTCTAA,0.538939696340096
AGTCTAC,0.540267486285857
AGTCTAG,0.542161275966103
AGTCTAT,0.542445035341407
AGTCTCA,0.53112703600154
AGTCTCC,0.544334709578022
AGTCTCG,0.550826810458739
AGTCTCT,0.537515105110502
AGTCTGA,0.575375676724759
AGTCTGC,0.547821220991165
AGTCTGG,0.575558678797771
AGTCTGT,0.578573387923303
AGTCTTA,0.55932491238995
AGTCTTC,0.570605829778336
AGTCTTG,0.568857310186979
AGTCTTT,0.538560003737663
AGTGAAA,0.564888808556351
AGTGAAC,0.56940980463163
AGTGAAG,0.582488057610231
AGTGAAT,0.557090656945672
AGTGACA,0.584303625843337
AGTGACC,0.581851829178588
AGTGACG,0.538560003737663
AGTGACT,0.606369600970455
AGTGAGA,0.596383639071457
AGTGAGC,0.569961993994717
AGTGAGG,0.669621801726355
AGTGAGT,0.61976442322275
AGTGATA,0.560811647553586
AGTGATC,0.56146139977157
AGTGATG,0.633845688609456
AGTGATT,0.555971654469429
AGTGCAA,0.568949413794948
AGTGCAC,0.536373969109039
AGTGCAG,0.527389730561448
AGTGCAT,0.564426331099877
AGTGCCA,0.560904495150641
AGTGCCC,0.53950896506838
AGTGCCG,0.540172702592402
AGTGCCT,0.555505033621723
AGTGCGA,0.543862625682365
AGTGCGC,0.543201333594226
AGTGCGG,0.579758509718956
AGTGCGT,0.563315511770882
AGTGCTA,0.555785032257735
AGTGCTC,0.560533053027156
AGTGCTG,0.627264346329861
AGTGCTT,0.598442480024063
AGTGGAA,0.600140070339893
AGTGGAC,0.578573387923303
AGTGGAG,0.579758509718956
AGTGGAT,0.543579268333584
AGTGGCA,0.583759301399837
AGTGGCC,0.553075089089205
AGTGGCG,0.536373969109039
AGTGGCT,0.605393241048059
AGTGGGA,0.69030934477435
AGTGGGC,0.581579035887646
AGTGGGG,0.706813454843495
AGTGGGT,0.648071852341085
AGTGGTA,0.559696803455463
AGTGGTC,0.583850042718541
AGTGGTG,0.633327680834023
AGTGGTT,0.559696803455463
AGTGTAA,0.546785959712392
AGTGTAC,0.550545419884123
AGTGTAG,0.580396070949985
AGTGTAT,0.546691791883586
AGTGTCA,0.575924582505153
AGTGTCC,0.579120541744265
AGTGTCG,0.546032368672738
AGTGTCT,0.645174494588996
AGTGTGA,0.631685550387548
AGTGTGC,0.564888808556351
AGTGTGG,0.661091066530178
AGTGTGT,0.621338835783557
AGTGTTA,0.544712216298664
AGTGTTC,0.554010382043475
AGTGTTG,0.566090249915229
AGTGTTT,0.567659190683096
AGTTAAA,0.58012288019448
AGTTAAC,0.541404190412335
AGTTAAG,0.542350457829289
AGTTAAT,0.548761438466967
AGTTACA,0.553823393421363
AGTTACC,0.54988853378815
AGTTACG,0.554851398423765
AGTTACT,0.541877436048561
AGTTAGA,0.594230754420883
AGTTAGC,0.552326224378313
AGTTAGG,0.572443079760039
AGTTAGT,0.560904495150641
AGTTATA,0.554571138212828
AGTTATC,0.552138920543025
AGTTATG,0.568212347295667
AGTTATT,0.550263950106564
AGTTCAA,0.551201874763997
AGTTCAC,0.553729885996893
AGTTCAG,0.549982401081462
AGTTCAT,0.560625926493445
AGTTCCA,0.535802912414756
AGTTCCC,0.551857898993549
AGTTCCG,0.545466802474781
AGTTCCT,0.528061558299266
AGTTCGA,0.53370624341962
AGTTCGC,0.549231215909186
AGTTCGG,0.555878347717063
AGTTCGT,0.546691791883586
AGTTCTA,0.537039790018942
AGTTCTC,0.537610141023894
AGTTCTG,0.586115903761323
AGTTCTT,0.565628327892922
AGTTGAA,0.568304510323467
AGTTGAC,0.549512976479392
AGTTGAG,0.555131580110922
AGTTGAT,0.564148741926171
AGTTGCA,0.560625926493445
AGTTGCC,0.543768182153756
AGTTGCG,0.546032368672738
AGTTGCT,0.572351297384611
AGTTGGA,0.544806570715632
AGTTGGC,0.559045903301358
AGTTGGG,0.594769410262448
AGTTGGT,0.596652424052611
AGTTGTA,0.539129488592566
AGTTGTC,0.541972058306368
AGTTGTG,0.622387068744392
AGTTGTT,0.571800426157563
AGTTTAA,0.537420060164427
AGTTTAC,0.560997334127819
AGTTTAG,0.552326224378313
AGTTTAT,0.571892259104866
AGTTTCA,0.561925250158289
AGTTTCC,0.531891939369096
AGTTTCG,0.544240310626264
AGTTTCT,0.563963639659039
AGTTTGA,0.556624558077454
AGTTTGC,0.562481586764089
AGTTTGG,0.623172523011845
AGTTTGT,0.56146139977157
AGTTTTA,0.558952882970019
AGTTTTC,0.535326782601112
AGTTTTG,0.54112013549179
AGTTTTT,0.521805725994157
ATAAAAA,0.520163108480008
ATAAAAC,0.557090656945672
ATAAAAG,0.564888808556351
ATAAAAT,0.520549849532936
ATAAACA,0.568580948453684
ATAAACC,0.539888297596422
ATAAACG,0.545655360083569
ATAAACT,0.553542844912949
ATAAAGA,0.520163108480008
ATAAAGC,0.561090164486722
ATAAAGG,0.567566968158746
ATAAAGT,0.565443499323289
ATAAATA,0.515996168477591
ATAAATC,0.541877436048561
ATAAATG,0.54904333141437
ATAAATT,0.528061558299266
ATAACAA,0.561090164486722
ATAACAC,0.544523480752259
ATAACAG,0.545466802474781
ATAACAT,0.540362260996215
ATAACCA,0.572901865319618
ATAACCC,0.545655360083569
ATAACCG,0.548291440230175
ATAACCT,0.539603811691228
ATAACGA,0.557183850655207
ATAACGC,0.549606879030218
ATAACGG,0.5449952528455
ATAACGT,0.5449952528455
ATAACTA,0.545655360083569
ATAACTC,0.540551783474449
ATAACTG,0.5446178529781
ATAACTT,0.539319244830773
ATAAGAA,0.563408127191716
ATAAGAC,0.546315031867504
ATAAGAG,0.561925250158289
ATAAGAT,0.554477700685179
ATAAGCA,0.562852305958759
ATAAGCC,0.542917788774925
ATAAGCG,0.555971654469429
ATAAGCT,0.541782804836534
ATAAGGA,0.580396070949985
ATAAGGC,0.561832497291923
ATAAGGG,0.559603843654184
ATAAGGT,0.56812017577306
ATAAGTA,0.545278209305316
ATAAGTC,0.536469113528072
ATAAGTG,0.576381773943198
ATAAGTT,0.549137278074351
ATAATAA,0.541404190412335
ATAATAC,0.543012312648047
ATAATAG,0.565628327892922
ATAATAT,0.542066671611651
ATAATCA,0.540646531245729
ATAATCC,0.544806570715632
ATAATCG,0.547633071368372
ATAATCT,0.543484798038652
ATAATGA,0.562944964287544
ATAATGC,0.559138914980721
ATAATGG,0.53370624341962
ATAATGT,0.541688164668594
ATAATTA,0.545655360083569
ATAATTC,0.542539603909466
ATAATTG,0.562852305958759
ATAATTT,0.546785959712392
ATACAAA,0.512006803287471
ATACAAC,0.554851398423765
ATACAAG,0.543484798038652
ATACAAT,0.558580715092686
ATACACA,0.530265819782959
ATACACC,0.554197335707378
ATACACG,0.558208408654855
ATACACT,0.542161275966103
ATACAGA,0.551951581618439
ATACAGC,0.538180166913997
ATACAGG,0.607079082638355
ATACAGT,0.558301498260002
ATACATA,0.542539603909466
ATACATC,0.546409235179995
ATACATG,0.537515105110502
ATACATT,0.584666344270272
ATACCAA,0.541688164668594
ATACCAC,0.539793477953543
ATACCAG,0.558115310383227
ATACCAT,0.552045255467716
ATACCCA,0.570513878612981
ATACCCC,0.541214829430832
ATACCCG,0.548855411612337
ATACCCT,0.544145902762502
ATACCGA,0.5481974140692
ATACCGC,0.547068410005017
ATACCGG,0.54857346567922
ATACCGT,0.547538983280205
ATACCTA,0.5446178529781
ATACCTC,0.539698649319047
ATACCTG,0.553075089089205
ATACCTT,0.549982401081462
ATACGAA,0.546220819679912
ATACGAC,0.549606879030218
ATACGAG,0.544334709578022
ATACGAT,0.548291440230175
ATACGCA,0.548103379066474
ATACGCC,0.549606879030218
ATACGCG,0.5481974140692
ATACGCT,0.557463379684734
ATACGGA,0.548385457551061
ATACGGC,0.548385457551061
ATACGGG,0.548291440230175
ATACGGT,0.566644274838379
ATACGTA,0.5449952528455
ATACGTC,0.548667456489815
ATACGTG,0.54112013549179
ATACGTT,0.556251522500995
ATACTAA,0.574643333351148
ATACTAC,0.55671779523257
ATACTAG,0.542255871371418
ATACTAT,0.555131580110922
ATACTCA,0.560254380864187
ATACTCC,0.552887925479765
ATACTCG,0.549137278074351
ATACTCT,0.545089580561758
ATACTGA,0.566459633966742
ATACTGC,0.553916892103012
ATACTGG,0.540930720708634
ATACTGT,0.534850425979874
ATACTTA,0.54988853378815
ATACTTC,0.537990194384955
ATACTTG,0.579029370228334
ATACTTT,0.551014360195522
ATAGAAA,0.534278498343954
ATAGAAC,0.539603811691228
ATAGAAG,0.588737886622235
ATAGAAT,0.55681102369533
ATAGACA,0.53950896506838
ATAGACC,0.552419863141576
ATAGACG,0.557090656945672
ATAGACT,0.555785032257735
ATAGAGA,0.546220819679912
ATAGAGC,0.551951581618439
ATAGAGG,0.615290079227813
ATAGAGT,0.573635484688835
ATAGATA,0.540835999861121
ATAGATC,0.554290799434086
ATAGATG,0.558115310383227
ATAGATT,0.541972058306368
ATAGCAA,0.55978975461602
ATAGCAC,0.553355768838094
ATAGCAG,0.555411683318289
ATAGCAT,0.551576798448762
ATAGCCA,0.543201333594226
ATAGCCC,0.543201333594226
ATAGCCG,0.546220819679912
ATAGCCT,0.555505033621723
ATAGCGA,0.544145902762502
ATAGCGC,0.549512976479392
ATAGCGG,0.547915282529121
ATAGCGT,0.546785959712392
ATAGCTA,0.553823393421363
ATAGCTC,0.545938129849809
ATAGCTG,0.549325144920533
ATAGCTT,0.54725666588863
ATAGGAA,0.578025934561134
ATAGGAC,0.553355768838094
ATAGGAG,0.59512835302982
ATAGGAT,0.560904495150641
ATAGGCA,0.563778503122715
ATAGGCC,0.587382546943799
ATAGGCG,0.557742830599617
ATAGGCT,0.545278209305316
ATAGGGA,0.564056195075461
ATAGGGC,0.547633071368372
ATAGGGG,0.574368566255191
ATAGGGT,0.570605829778336
ATAGGTA,0.563593332304507
ATAGGTC,0.565166192400051
ATAGGTG,0.566274958996557
ATAGGTT,0.559975631021395
ATAGTAA,0.538844786704239
ATAGTAC,0.55569170808982
ATAGTAG,0.543295830670659
ATAGTAT,0.541688164668594
ATAGTCA,0.559231918009715
ATAGTCC,0.557090656945672
ATAGTCG,0.547727150604803
ATAGTCT,0.541688164668594
ATAGTGA,0.535993300882455
ATAGTGC,0.548667456489815
ATAGTGG,0.587201696115761
ATAGTGT,0.562481586764089
ATAGTTA,0.544712216298664
ATAGTTC,0.542350457829289
ATAGTTG,0.556624558077454
ATAGTTT,0.540457026725178
ATATAAA,0.528061558299266
ATATAAC,0.545089580561758
ATATAAG,0.549606879030218
ATATAAT,0.546597615186365
ATATACA,0.552045255467716
ATATACC,0.53950896506838
ATATACG,0.546880118674452
ATATACT,0.547162542376858
ATATAGA,0.543295830670659
ATATAGC,0.541782804836534
ATATAGG,0.553542844912949
ATATAGT,0.546974268771438
ATATATA,0.530457265272047
ATATATC,0.554664567010722
ATATATG,0.550451605427465
ATATATT,0.549982401081462
ATATCAA,0.551389354177351
ATATCAC,0.545183899381137
ATATCAG,0.581942743741145
ATATCAT,0.546785959712392
ATATCCA,0.562481586764089
ATATCCC,0.54904333141437
ATATCCG,0.558208408654855
ATATCCT,0.540835999861121
ATATCGA,0.557183850655207
ATATCGC,0.54857346567922
ATATCGG,0.549137278074351
ATATCGT,0.548667456489815
ATATCTA,0.555598375211691
ATATCTC,0.562017994422359
ATATCTG,0.587653761874973
ATATCTT,0.557277035680483
ATATGAA,0.545089580561758
ATATGAC,0.544145902762502
ATATGAG,0.531413943332472
ATATGAT,0.541025432584957
ATATGCA,0.554197335707378
ATATGCC,0.542539603909466
ATATGCG,0.547727150604803
ATATGCT,0.53504099585911
ATATGGA,0.550826810458739
ATATGGC,0.566367300744755
ATATGGG,0.556904243467353
ATATGGT,0.565535917878306
ATATGTA,0.526236974740055
ATATGTC,0.549606879030218
ATATGTG,0.565258636585741
ATATGTT,0.534850425979874
ATATTAA,0.531605169165621
ATATTAC,0.543673729704724
ATATTAG,0.539224371212598
ATATTAT,0.537895194585134
ATATTCA,0.547821220991165
ATATTCC,0.548761438466967
ATATTCG,0.546126598615548
ATATTCT,0.556438057683667
ATATTGA,0.545655360083569
ATATTGC,0.555598375211691
ATATTGG,0.5789381903994
ATATTGT,0.550545419884123
ATATTTA,0.548103379066474
ATATTTC,0.527773687391801
ATATTTG,0.531700768371198
ATATTTT,0.544240310626264
ATCAAAA,0.533229114033644
ATCAAAC,0.544806570715632
ATCAAAG,0.560718791335055
ATCAAAT,0.549982401081462
ATCAACA,0.554103863244385
ATCAACC,0.5457496255569
ATCAACG,0.555318324299763
ATCAACT,0.553262217674982
ATCAAGA,0.549325144920533
ATCAAGC,0.552138920543025
ATCAAGG,0.594589890552232
ATCAAGT,0.539888297596422
ATCAATA,0.552513493137443
ATCAATC,0.543862625682365
ATCAATG,0.551857898993549
ATCAATT,0.542350457829289
ATCACAA,0.5457496255569
ATCACAC,0.544240310626264
ATCACAG,0.587924903268553
ATCACAT,0.542350457829289
ATCACCA,0.551389354177351
ATCACCC,0.536469113528072
ATCACCG,0.564241280212754
ATCACCT,0.55569170808982
ATCACGA,0.540267486285857
ATCACGC,0.541877436048561
ATCACGG,0.543673729704724
ATCACGT,0.547727150604803
ATCACTA,0.554197335707378
ATCACTC,0.55569170808982
ATCACTG,0.538085185160671
ATCACTT,0.533801641984602
ATCAGAA,0.549606879030218
ATCAGAC,0.559417898123035
ATCAGAG,0.573727149279548
ATCAGAT,0.550451605427465
ATCAGCA,0.536088481525116
ATCAGCC,0.524023804860779
ATCAGCG,0.570881632555183
ATCAGCT,0.58012288019448
ATCAGGA,0.557649688971366
ATCAGGC,0.564888808556351
ATCAGGG,0.578482166506603
ATCAGGT,0.575101110806617
ATCAGTA,0.561182986228949
ATCAGTC,0.561090164486722
ATCAGTG,0.552138920543025
ATCAGTT,0.53950896506838
ATCATAA,0.537325006183951
ATCATAC,0.546409235179995
ATCATAG,0.540362260996215
ATCATAT,0.550170109239016
ATCATCA,0.553075089089205
ATCATCC,0.555598375211691
ATCATCG,0.555131580110922
ATCATCT,0.542917788774925
ATCATGA,0.565905506710152
ATCATGC,0.536469113528072
ATCATGG,0.572167707357876
ATCATGT,0.543768182153756
ATCATTA,0.551389354177351
ATCATTC,0.543295830670659
ATCATTG,0.566644274838379
ATCATTT,0.539983108249388
ATCCAAA,0.546974268771438
ATCCAAC,0.543768182153756
ATCCAAG,0.545655360083569
ATCCAAT,0.543484798038652
ATCCACA,0.53370624341962
ATCCACC,0.529308042180667
ATCCACG,0.541877436048561
ATCCACT,0.546032368672738
ATCCAGA,0.547350780542001
ATCCAGC,0.544900916230684
ATCCAGG,0.582033650038997
ATCCAGT,0.536088481525116
ATCCATA,0.554851398423765
ATCCATC,0.543201333594226
ATCCATG,0.537705167906319
ATCCATT,0.539224371212598
ATCCCAA,0.538560003737663
ATCCCAC,0.530935718706369
ATCCCAG,0.483726830715143
ATCCCAT,0.537420060164427
ATCCCCA,0.532369707034664
ATCCCCC,0.545089580561758
ATCCCCG,0.570421918991831
ATCCCCT,0.529978582810452
ATCCCGA,0.575375676724759
ATCCCGC,0.544145902762502
ATCCCGG,0.561554187063086
ATCCCGT,0.544900916230684
ATCCCTA,0.570697772489452
ATCCCTC,0.529212213947515
ATCCCTG,0.525756267343864
ATCCCTT,0.545655360083569
ATCCGAA,0.557370212023119
ATCCGAC,0.546126598615548
ATCCGAG,0.553355768838094
ATCCGAT,0.549606879030218
ATCCGCA,0.553168657759232
ATCCGCC,0.542255871371418
ATCCGCG,0.548855411612337
ATCCGCT,0.57565016727715
ATCCGGA,0.559975631021395
ATCCGGC,0.562944964287544
ATCCGGG,0.580396070949985
ATCCGGT,0.557742830599617
ATCCGTA,0.547915282529121
ATCCGTC,0.5481974140692
ATCCGTG,0.567197992987867
ATCCGTT,0.548761438466967
ATCCTAA,0.541214829430832
ATCCTAC,0.543484798038652
ATCCTAG,0.542066671611651
ATCCTAT,0.551857898993549
ATCCTCA,0.529691263309161
ATCCTCC,0.542066671611651
ATCCTCG,0.545089580561758
ATCCTCT,0.539129488592566
ATCCTGA,0.564518843703587
ATCCTGC,0.533992411816249
ATCCTGG,0.557463379684734
ATCCTGT,0.554664567010722
ATCCTTA,0.539224371212598
ATCCTTC,0.55615824185977
ATCCTTG,0.545938129849809
ATCCTTT,0.563315511770882
ATCGAAA,0.549325144920533
ATCGAAC,0.548291440230175
ATCGAAG,0.548761438466967
ATCGAAT,0.547350780542001
ATCGACA,0.546880118674452
ATCGACC,0.549606879030218
ATCGACG,0.547727150604803
ATCGACT,0.558673770048037
ATCGAGA,0.552326224378313
ATCGAGC,0.547633071368372
ATCGAGG,0.568488810900911
ATCGAGT,0.546785959712392
ATCGATA,0.549606879030218
ATCGATC,0.558115310383227
ATCGATG,0.546315031867504
ATCGATT,0.549606879030218
ATCGCAA,0.547350780542001
ATCGCAC,0.539793477953543
ATCGCAG,0.545561085723422
ATCGCAT,0.558952882970019
ATCGCCA,0.565166192400051
ATCGCCC,0.546032368672738
ATCGCCG,0.548761438466967
ATCGCCT,0.542539603909466
ATCGCGA,0.549606879030218
ATCGCGC,0.542445035341407
ATCGCGG,0.555505033621723
ATCGCGT,0.558952882970019
ATCGCTA,0.549419065110049
ATCGCTC,0.548291440230175
ATCGCTG,0.552419863141576
ATCGCTT,0.539224371212598
ATCGGAA,0.546220819679912
ATCGGAC,0.552045255467716
ATCGGAG,0.563778503122715
ATCGGAT,0.554477700685179
ATCGGCA,0.5449952528455
ATCGGCC,0.547350780542001
ATCGGCG,0.548855411612337
ATCGGCT,0.541972058306368
ATCGGGA,0.546315031867504
ATCGGGC,0.54442909961946
ATCGGGG,0.571800426157563
ATCGGGT,0.564796330174305
ATCGGTA,0.544051485985054
ATCGGTC,0.576655988508127
ATCGGTG,0.563593332304507
ATCGGTT,0.545278209305316
ATCGTAA,0.547162542376858
ATCGTAC,0.547444886338637
ATCGTAG,0.5481974140692
ATCGTAT,0.546126598615548
ATCGTCA,0.546503429619058
ATCGTCC,0.547821220991165
ATCGTCG,0.549606879030218
ATCGTCT,0.546503429619058
ATCGTGA,0.552045255467716
ATCGTGC,0.543579268333584
ATCGTGG,0.547821220991165
ATCGTGT,0.543012312648047
ATCGTTA,0.548479466033523
ATCGTTC,0.548385457551061
ATCGTTG,0.564333809936794
ATCGTTT,0.545372510335971
ATCTAAA,0.541782804836534
ATCTAAC,0.545843882145088
ATCTAAG,0.546974268771438
ATCTAAT,0.553168657759232
ATCTACA,0.543957060292236
ATCTACC,0.54272871422017
ATCTACG,0.549137278074351
ATCTACT,0.542445035341407
ATCTAGA,0.54904333141437
ATCTAGC,0.551576798448762
ATCTAGG,0.614850338554293
ATCTAGT,0.538370103360331
ATCTATA,0.543201333594226
ATCTATC,0.542539603909466
ATCTATG,0.551857898993549
ATCTATT,0.553542844912949
ATCTCAA,0.551389354177351
ATCTCAC,0.546691791883586
ATCTCAG,0.561832497291923
ATCTCAT,0.538939696340096
ATCTCCA,0.542255871371418
ATCTCCC,0.543106827587251
ATCTCCG,0.555598375211691
ATCTCCT,0.534564503049566
ATCTCGA,0.546032368672738
ATCTCGC,0.549137278074351
ATCTCGG,0.547538983280205
ATCTCGT,0.545278209305316
ATCTCTA,0.546220819679912
ATCTCTC,0.563222887771637
ATCTCTG,0.589008734263785
ATCTCTT,0.54857346567922
ATCTGAA,0.552700726833551
ATCTGAC,0.541688164668594
ATCTGAG,0.66167884061254
ATCTGAT,0.566459633966742
ATCTGCA,0.550076259564533
ATCTGCC,0.549325144920533
ATCTGCG,0.582488057610231
ATCTGCT,0.576473187153277
ATCTGGA,0.561090164486722
ATCTGGC,0.623259757637794
ATCTGGG,0.751611097437904
ATCTGGT,0.737938008496161
ATCTGTA,0.528061558299266
ATCTGTC,0.558952882970019
ATCTGTG,0.572351297384611
ATCTGTT,0.561554187063086
ATCTTAA,0.550733022398109
ATCTTAC,0.551576798448762
ATCTTAG,0.55653131222836
ATCTTAT,0.561832497291923
ATCTTCA,0.540930720708634
ATCTTCC,0.544900916230684
ATCTTCG,0.555411683318289
ATCTTCT,0.550733022398109
ATCTTGA,0.550733022398109
ATCTTGC,0.560904495150641
ATCTTGG,0.602636541365707
ATCTTGT,0.565997882578947
ATCTTTA,0.548949375927585
ATCTTTC,0.55671779523257
ATCTTTG,0.559417898123035
ATCTTTT,0.566551958664092
ATGAAAA,0.564518843703587
ATGAAAC,0.541593515543045
ATGAAAG,0.544145902762502
ATGAAAT,0.616081125471385
ATGAACA,0.55671779523257
ATGAACC,0.556344794441753
ATGAACG,0.5457496255569
ATGAACT,0.574643333351148
ATGAAGA,0.564611347749506
ATGAAGC,0.54442909961946
ATGAAGG,0.557742830599617
ATGAAGT,0.537610141023894
ATGAATA,0.562666963540514
ATGAATC,0.539224371212598
ATGAATG,0.548291440230175
ATGAATT,0.557277035680483
ATGACAA,0.560625926493445
ATGACAC,0.534373842334858
ATGACAG,0.547538983280205
ATGACAT,0.541972058306368
ATGACCA,0.540077909914147
ATGACCC,0.547727150604803
ATGACCG,0.556997454550261
ATGACCT,0.538939696340096
ATGACGA,0.554384254426142
ATGACGC,0.547350780542001
ATGACGG,0.567474737128617
ATGACGT,0.546785959712392
ATGACTA,0.543768182153756
ATGACTC,0.542917788774925
ATGACTG,0.577569494373067
ATGACTT,0.589279508566753
ATGAGAA,0.62125143341833
ATGAGAC,0.589459984044684
ATGAGAG,0.625612220595977
ATGAGAT,0.601210749731401
ATGAGCA,0.561182986228949
ATGAGCC,0.567013454336363
ATGAGCG,0.558115310383227
ATGAGCT,0.539888297596422
ATGAGGA,0.753833603628823
ATGAGGC,0.565813122307268
ATGAGGG,0.5449952528455
ATGAGGT,0.581851829178588
ATGAGTA,0.577752095449572
ATGAGTC,0.556904243467353
ATGAGTG,0.59763735134537
ATGAGTT,0.552794330537075
ATGATAA,0.53504099585911
ATGATAC,0.539793477953543
ATGATAG,0.56793580723716
ATGATAT,0.554010382043475
ATGATCA,0.547633071368372
ATGATCC,0.558394579200281
ATGATCG,0.546597615186365
ATGATCT,0.539793477953543
ATGATGA,0.5967420029942
ATGATGC,0.571616734959211
ATGATGG,0.620989180478258
ATGATGT,0.579667396351631
ATGATTA,0.542161275966103
ATGATTC,0.533419993107197
ATGATTG,0.551951581618439
ATGATTT,0.561925250158289
ATGCAAA,0.565073739667642
ATGCAAC,0.544051485985054
ATGCAAG,0.557556538666944
ATGCAAT,0.561090164486722
ATGCACA,0.541025432584957
ATGCACC,0.54725666588863
ATGCACG,0.542634163535157
ATGCACT,0.561368603869775
ATGCAGA,0.582124548073644
ATGCAGC,0.58148808825123
ATGCAGG,0.618801060527411
ATGCAGT,0.552794330537075
ATGCATA,0.5446178529781
ATGCATC,0.559696803455463
ATGCATG,0.545372510335971
ATGCATT,0.547915282529121
ATGCCAA,0.538180166913997
ATGCCAC,0.552513493137443
ATGCCAG,0.598442480024063
ATGCCAT,0.536373969109039
ATGCCCA,0.549137278074351
ATGCCCC,0.549419065110049
ATGCCCG,0.542823255966196
ATGCCCT,0.542539603909466
ATGCCGA,0.552607114367554
ATGCCGC,0.543579268333584
ATGCCGG,0.543012312648047
ATGCCGT,0.540362260996215
ATGCCTA,0.532083073827628
ATGCCTC,0.544240310626264
ATGCCTG,0.49747228886684
ATGCCTT,0.558859853985092
ATGCGAA,0.557463379684734
ATGCGAC,0.54904333141437
ATGCGAG,0.55653131222836
ATGCGAT,0.556064952516456
ATGCGCA,0.545843882145088
ATGCGCC,0.540646531245729
ATGCGCG,0.558301498260002
ATGCGCT,0.543673729704724
ATGCGGA,0.541593515543045
ATGCGGC,0.544334709578022
ATGCGGG,0.544145902762502
ATGCGGT,0.556997454550261
ATGCGTA,0.558952882970019
ATGCGTC,0.554197335707378
ATGCGTG,0.536278815636684
ATGCGTT,0.541688164668594
ATGCTAA,0.550920589723994
ATGCTAC,0.559231918009715
ATGCTAG,0.567659190683096
ATGCTAT,0.546974268771438
ATGCTCA,0.570329950913332
ATGCTCC,0.543673729704724
ATGCTCG,0.546974268771438
ATGCTCT,0.5446178529781
ATGCTGA,0.562944964287544
ATGCTGC,0.544523480752259
ATGCTGG,0.576290352375981
ATGCTGT,0.542823255966196
ATGCTTA,0.548949375927585
ATGCTTC,0.530935718706369
ATGCTTG,0.543579268333584
ATGCTTT,0.546691791883586
ATGGAAA,0.567105727918929
ATGGAAC,0.552138920543025
ATGGAAG,0.590181560418671
ATGGAAT,0.575924582505153
ATGGACA,0.548761438466967
ATGGACC,0.562296175616743
ATGGACG,0.546597615186365
ATGGACT,0.563315511770882
ATGGAGA,0.575741647387152
ATGGAGC,0.55475798708049
ATGGAGG,0.617485886685909
ATGGAGT,0.568949413794948
ATGGATA,0.579940711552448
ATGGATC,0.547821220991165
ATGGATG,0.553729885996893
ATGGATT,0.550357782168829
ATGGCAA,0.531413943332472
ATGGCAC,0.564703843239218
ATGGCAG,0.59450011861043
ATGGCAT,0.546880118674452
ATGGCCA,0.571800426157563
ATGGCCC,0.563408127191716
ATGGCCG,0.567382497591141
ATGGCCT,0.566644274838379
ATGGCGA,0.564611347749506
ATGGCGC,0.542634163535157
ATGGCGG,0.559231918009715
ATGGCGT,0.539793477953543
ATGGCTA,0.543768182153756
ATGGCTC,0.541782804836534
ATGGCTG,0.561275799356101
ATGGCTT,0.564333809936794
ATGGGAA,0.615026258029004
ATGGGAC,0.565258636585741
ATGGGAG,0.659241524206672
ATGGGAT,0.569041508920624
ATGGGCA,0.569501857369263
ATGGGCC,0.544240310626264
ATGGGCG,0.547727150604803
ATGGGCT,0.540077909914147
ATGGGGA,0.666285083530309
ATGGGGC,0.588918459867294
ATGGGGG,0.593332349404799
ATGGGGT,0.589550209570845
ATGGGTA,0.566644274838379
ATGGGTC,0.556624558077454
ATGGGTG,0.587834530972409
ATGGGTT,0.588015267398284
ATGGTAA,0.606724404724933
ATGGTAC,0.550826810458739
ATGGTAG,0.568673077517911
ATGGTAT,0.603882443623838
ATGGTCA,0.543484798038652
ATGGTCC,0.547350780542001
ATGGTCG,0.548479466033523
ATGGTCT,0.54988853378815
ATGGTGA,0.624654477701345
ATGGTGC,0.55932491238995
ATGGTGG,0.666786301585107
ATGGTGT,0.63858163127337
ATGGTTA,0.569777964750842
ATGGTTC,0.568857310186979
ATGGTTG,0.582033650038997
ATGGTTT,0.595487167003509
ATGTAAA,0.519001987098734
ATGTAAC,0.559510875210577
ATGTAAG,0.554384254426142
ATGTAAT,0.529308042180667
ATGTACA,0.538275139646646
ATGTACC,0.558208408654855
ATGTACG,0.54725666588863
ATGTACT,0.555038194937351
ATGTAGA,0.564981278386936
ATGTAGC,0.577934663189011
ATGTAGG,0.58412221728119
ATGTAGT,0.539793477953543
ATGTATA,0.550920589723994
ATGTATC,0.554664567010722
ATGTATG,0.578573387923303
ATGTATT,0.552326224378313
ATGTCAA,0.559045903301358
ATGTCAC,0.534373842334858
ATGTCAG,0.560625926493445
ATGTCAT,0.532178627358997
ATGTCCA,0.567382497591141
ATGTCCC,0.535326782601112
ATGTCCG,0.55569170808982
ATGTCCT,0.552700726833551
ATGTCGA,0.546126598615548
ATGTCGC,0.543579268333584
ATGTCGG,0.555318324299763
ATGTCGT,0.55671779523257
ATGTCTA,0.591533114346221
ATGTCTC,0.564796330174305
ATGTCTG,0.676344746022436
ATGTCTT,0.557370212023119
ATGTGAA,0.585753710830595
ATGTGAC,0.564518843703587
ATGTGAG,0.562666963540514
ATGTGAT,0.583668551846398
ATGTGCA,0.590001215132348
ATGTGCC,0.564426331099877
ATGTGCG,0.554944801042175
ATGTGCT,0.573452130296366
ATGTGGA,0.615553830843353
ATGTGGC,0.612560564679011
ATGTGGG,0.615202146561497
ATGTGGT,0.60432703279519
ATGTGTA,0.557649688971366
ATGTGTC,0.536278815636684
ATGTGTG,0.606103415517669
ATGTGTT,0.610883946448264
ATGTTAA,0.555598375211691
ATGTTAC,0.542445035341407
ATGTTAG,0.555224956564517
ATGTTAT,0.572993597178838
ATGTTCA,0.54074127004072
ATGTTCC,0.530361547108925
ATGTTCG,0.545561085723422
ATGTTCT,0.538275139646646
ATGTTGA,0.540172702592402
ATGTTGC,0.562481586764089
ATGTTGG,0.568304510323467
ATGTTGT,0.550920589723994
ATGTTTA,0.548009335220336
ATGTTTC,0.558115310383227
ATGTTTG,0.587472960094163
ATGTTTT,0.568212347295667
ATTAAAA,0.540551783474449
ATTAAAC,0.553542844912949
ATTAAAG,0.534373842334858
ATTAAAT,0.52633308849596
ATTAACA,0.549700772764182
ATTAACC,0.540930720708634
ATTAACG,0.548479466033523
ATTAACT,0.558394579200281
ATTAAGA,0.55653131222836
ATTAAGC,0.539698649319047
ATTAAGG,0.536088481525116
ATTAAGT,0.548761438466967
ATTAATA,0.550357782168829
ATTAATC,0.543957060292236
ATTAATG,0.540172702592402
ATTAATT,0.54857346567922
ATTACAA,0.546409235179995
ATTACAC,0.545183899381137
ATTACAG,0.525852427311248
ATTACAT,0.559975631021395
ATTACCA,0.553449311250204
ATTACCC,0.54112013549179
ATTACCG,0.549231215909186
ATTACCT,0.547350780542001
ATTACGA,0.549231215909186
ATTACGC,0.558022203443504
ATTACGG,0.558301498260002
ATTACGT,0.558487651477305
ATTACTA,0.546785959712392
ATTACTC,0.539414109448797
ATTACTG,0.550357782168829
ATTACTT,0.535707704586269
ATTAGAA,0.528828809157999
ATTAGAC,0.539319244830773
ATTAGAG,0.58711125843513
ATTAGAT,0.533897031449567
ATTAGCA,0.537420060164427
ATTAGCC,0.52834934636092
ATTAGCG,0.558208408654855
ATTAGCT,0.543390318818239
ATTAGGA,0.576473187153277
ATTAGGC,0.54112013549179
ATTAGGG,0.578847002255946
ATTAGGT,0.549419065110049
ATTAGTA,0.543957060292236
ATTAGTC,0.547068410005017
ATTAGTG,0.542445035341407
ATTAGTT,0.544712216298664
ATTATAA,0.558022203443504
ATTATAC,0.565997882578947
ATTATAG,0.539034596968968
ATTATAT,0.54074127004072
ATTATCA,0.542255871371418
ATTATCC,0.552700726833551
ATTATCG,0.549606879030218
ATTATCT,0.54725666588863
ATTATGA,0.55569170808982
ATTATGC,0.543862625682365
ATTATGG,0.578117197603554
ATTATGT,0.550076259564533
ATTATTA,0.536183653109284
ATTATTC,0.541877436048561
ATTATTG,0.530935718706369
ATTATTT,0.545089580561758
ATTCAAA,0.55671779523257
ATTCAAC,0.55615824185977
ATTCAAG,0.547915282529121
ATTCAAT,0.541972058306368
ATTCACA,0.524890411280556
ATTCACC,0.54988853378815
ATTCACG,0.584212925675897
ATTCACT,0.562852305958759
ATTCAGA,0.531222680925011
ATTCAGC,0.565166192400051
ATTCAGG,0.570145989378061
ATTCAGT,0.533324558124773
ATTCATA,0.535612487692387
ATTCATC,0.553262217674982
ATTCATG,0.591443067559472
ATTCATT,0.538370103360331
ATTCCAA,0.542445035341407
ATTCCAC,0.548479466033523
ATTCCAG,0.558859853985092
ATTCCAT,0.536469113528072
ATTCCCA,0.525948578032781
ATTCCCC,0.533801641984602
ATTCCCG,0.56146139977157
ATTCCCT,0.549606879030218
ATTCCGA,0.54725666588863
ATTCCGC,0.563963639659039
ATTCCGG,0.553355768838094
ATTCCGT,0.56368592199964
ATTCCTA,0.538180166913997
ATTCCTC,0.556251522500995
ATTCCTG,0.537895194585134
ATTCCTT,0.528637051624434
ATTCGAA,0.546597615186365
ATTCGAC,0.548385457551061
ATTCGAG,0.545089580561758
ATTCGAT,0.54725666588863
ATTCGCA,0.546503429619058
ATTCGCC,0.547633071368372
ATTCGCG,0.547821220991165
ATTCGCT,0.54725666588863
ATTCGGA,0.548291440230175
ATTCGGC,0.548385457551061
ATTCGGG,0.540551783474449
ATTCGGT,0.544806570715632
ATTCGTA,0.547162542376858
ATTCGTC,0.54904333141437
ATTCGTG,0.561182986228949
ATTCGTT,0.544806570715632
ATTCTAA,0.548855411612337
ATTCTAC,0.538560003737663
ATTCTAG,0.554477700685179
ATTCTAT,0.554010382043475
ATTCTCA,0.527773687391801
ATTCTCC,0.511031368364055
ATTCTCG,0.54857346567922
ATTCTCT,0.541593515543045
ATTCTGA,0.557929087834071
ATTCTGC,0.577021490999354
ATTCTGG,0.59072240121319
ATTCTGT,0.547068410005017
ATTCTTA,0.543579268333584
ATTCTTC,0.55569170808982
ATTCTTG,0.543295830670659
ATTCTTT,0.523156446782876
ATTGAAA,0.529403861231648
ATTGAAC,0.568212347295667
ATTGAAG,0.573360440491527
ATTGAAT,0.551670507410356
ATTGACA,0.560068556269423
ATTGACC,0.542823255966196
ATTGACG,0.557835963553314
ATTGACT,0.539319244830773
ATTGAGA,0.554851398423765
ATTGAGC,0.567843610220735
ATTGAGG,0.565628327892922
ATTGAGT,0.558301498260002
ATTGATA,0.541593515543045
ATTGATC,0.540835999861121
ATTGATG,0.551951581618439
ATTGATT,0.550170109239016
ATTGCAA,0.545278209305316
ATTGCAC,0.545372510335971
ATTGCAG,0.555038194937351
ATTGCAT,0.531796358438441
ATTGCCA,0.550826810458739
ATTGCCC,0.563222887771637
ATTGCCG,0.555598375211691
ATTGCCT,0.540930720708634
ATTGCGA,0.54725666588863
ATTGCGC,0.546220819679912
ATTGCGG,0.545655360083569
ATTGCGT,0.572075899703475
ATTGCTA,0.542255871371418
ATTGCTC,0.544806570715632
ATTGCTG,0.546503429619058
ATTGCTT,0.524409055989417
ATTGGAA,0.597905799603842
ATTGGAC,0.542161275966103
ATTGGAG,0.574826469481327
ATTGGAT,0.568212347295667
ATTGGCA,0.536088481525116
ATTGGCC,0.537039790018942
ATTGGCG,0.554384254426142
ATTGGCT,0.540172702592402
ATTGGGA,0.558952882970019
ATTGGGC,0.539603811691228
ATTGGGG,0.639096925297912
ATTGGGT,0.566090249915229
ATTGGTA,0.572259506584406
ATTGGTC,0.571984083619654
ATTGGTG,0.558208408654855
ATTGGTT,0.637894159270217
ATTGTAA,0.538370103360331
ATTGTAC,0.563408127191716
ATTGTAG,0.571800426157563
ATTGTAT,0.548667456489815
ATTGTCA,0.580760209233338
ATTGTCC,0.579667396351631
ATTGTCG,0.546974268771438
ATTGTCT,0.558673770048037
ATTGTGA,0.568304510323467
ATTGTGC,0.554290799434086
ATTGTGG,0.554384254426142
ATTGTGT,0.556344794441753
ATTGTTA,0.537895194585134
ATTGTTC,0.565905506710152
ATTGTTG,0.566921172238596
ATTGTTT,0.581669975253342
ATTTAAA,0.572075899703475
ATTTAAC,0.537515105110502
ATTTAAG,0.548855411612337
ATTTAAT,0.549137278074351
ATTTACA,0.570145989378061
ATTTACC,0.554851398423765
ATTTACG,0.558208408654855
ATTTACT,0.549325144920533
ATTTAGA,0.549137278074351
ATTTAGC,0.560440170934585
ATTTAGG,0.554571138212828
ATTTAGT,0.553823393421363
ATTTATA,0.562203457149991
ATTTATC,0.548761438466967
ATTTATG,0.549137278074351
ATTTATT,0.518517788333561
ATTTCAA,0.528157496855886
ATTTCAC,0.544900916230684
ATTTCAG,0.606724404724933
ATTTCAT,0.54857346567922
ATTTCCA,0.578025934561134
ATTTCCC,0.559603843654184
ATTTCCG,0.547821220991165
ATTTCCT,0.561832497291923
ATTTCGA,0.545089580561758
ATTTCGC,0.543862625682365
ATTTCGG,0.557835963553314
ATTTCGT,0.583577794056731
ATTTCTA,0.536659375213063
ATTTCTC,0.527101666161474
ATTTCTG,0.597010691682709
ATTTCTT,0.507316013878178
ATTTGAA,0.541025432584957
ATTTGAC,0.553729885996893
ATTTGAG,0.547727150604803
ATTTGAT,0.542066671611651
ATTTGCA,0.548479466033523
ATTTGCC,0.533419993107197
ATTTGCG,0.546220819679912
ATTTGCT,0.547444886338637
ATTTGGA,0.56146139977157
ATTTGGC,0.564426331099877
ATTTGGG,0.586477965555828
ATTTGGT,0.564518843703587
ATTTGTA,0.556064952516456
ATTTGTC,0.540646531245729
ATTTGTG,0.551108121874974
ATTTGTT,0.523252857062111
ATTTTAA,0.521129680815652
ATTTTAC,0.537800185759494
ATTTTAG,0.557463379684734
ATTTTAT,0.544051485985054
ATTTTCA,0.55223257684601
ATTTTCC,0.530648674116774
ATTTTCG,0.547068410005017
ATTTTCT,0.551576798448762
ATTTTGA,0.53284724654729
ATTTTGC,0.540930720708634
ATTTTGG,0.561832497291923
ATTTTGT,0.550826810458739
ATTTTTA,0.529882818815562
ATTTTTC,0.531318316701405
ATTTTTG,0.558673770048037
ATTTTTT,0.499448801046853
CAAAAAA,0.468874079124834
CAAAAAC,0.565073739667642
CAAAAAG,0.56968593742731
CAAAAAT,0.527197696848549
CAAAACA,0.553075089089205
CAAAACC,0.540267486285857
CAAAACG,0.543673729704724
CAAAACT,0.521805725994157
CAAAAGA,0.568580948453684
CAAAAGC,0.560904495150641
CAAAAGG,0.553636369827967
CAAAAGT,0.544806570715632
CAAAATA,0.555785032257735
CAAAATC,0.551201874763997
CAAAATG,0.552326224378313
CAAAATT,0.570513878612981
CAAACAA,0.548855411612337
CAAACAC,0.533801641984602
CAAACAG,0.565258636585741
CAAACAT,0.5481974140692
CAAACCA,0.549512976479392
CAAACCC,0.534945715459102
CAAACCG,0.547821220991165
CAAACCT,0.543673729704724
CAAACGA,0.546032368672738
CAAACGC,0.5446178529781
CAAACGG,0.57565016727715
CAAACGT,0.544051485985054
CAAACTA,0.561832497291923
CAAACTC,0.534087783086384
CAAACTG,0.566274958996557
CAAACTT,0.550451605427465
CAAAGAA,0.560068556269423
CAAAGAC,0.544051485985054
CAAAGAG,0.590091391841062
CAAAGAT,0.585753710830595
CAAAGCA,0.545466802474781
CAAAGCC,0.55681102369533
CAAAGCG,0.555131580110922
CAAAGCT,0.535136267181628
CAAAGGA,0.555038194937351
CAAAGGC,0.554664567010722
CAAAGGG,0.564148741926171
CAAAGGT,0.588286310803747
CAAAGTA,0.546691791883586
CAAAGTC,0.544806570715632
CAAAGTG,0.562481586764089
CAAAGTT,0.548385457551061
CAAATAA,0.541404190412335
CAAATAC,0.548667456489815
CAAATAG,0.566367300744755
CAAATAT,0.538085185160671
CAAATCA,0.541782804836534
CAAATCC,0.551951581618439
CAAATCG,0.548855411612337
CAAATCT,0.533515418982654
CAAATGA,0.555318324299763
CAAATGC,0.546032368672738
CAAATGG,0.563037614031558
CAAATGT,0.547821220991165
CAAATTA,0.548479466033523
CAAATTC,0.549419065110049
CAAATTG,0.538370103360331
CAAATTT,0.5446178529781
CAACAAA,0.537895194585134
CAACAAC,0.530265819782959
CAACAAG,0.531700768371198
CAACAAT,0.542255871371418
CAACACA,0.541782804836534
CAACACC,0.55569170808982
CAACACG,0.574002092648085
CAACACT,0.555598375211691
CAACAGA,0.553542844912949
CAACAGC,0.549419065110049
CAACAGG,0.546032368672738
CAACAGT,0.547350780542001
CAACATA,0.530744364801886
CAACATC,0.552513493137443
CAACATG,0.508490775671362
CAACATT,0.55978975461602
CAACCAA,0.547444886338637
CAACCAC,0.548479466033523
CAACCAG,0.546409235179995
CAACCAT,0.543957060292236
CAACCCA,0.551670507410356
CAACCCC,0.537420060164427
CAACCCG,0.543295830670659
CAACCCT,0.550451605427465
CAACCGA,0.5481974140692
CAACCGC,0.548291440230175
CAACCGG,0.565720729368717
CAACCGT,0.545655360083569
CAACCTA,0.544240310626264
CAACCTC,0.529499671102218
CAACCTG,0.553916892103012
CAACCTT,0.539129488592566
CAACGAA,0.557370212023119
CAACGAC,0.54725666588863
CAACGAG,0.542066671611651
CAACGAT,0.548009335220336
CAACGCA,0.542539603909466
CAACGCC,0.546691791883586
CAACGCG,0.547727150604803
CAACGCT,0.555785032257735
CAACGGA,0.547538983280205
CAACGGC,0.542161275966103
CAACGGG,0.565628327892922
CAACGGT,0.556904243467353
CAACGTA,0.543295830670659
CAACGTC,0.55681102369533
CAACGTG,0.535231529428386
CAACGTT,0.547538983280205
CAACTAA,0.543295830670659
CAACTAC,0.565258636585741
CAACTAG,0.55569170808982
CAACTAT,0.545938129849809
CAACTCA,0.544806570715632
CAACTCC,0.555971654469429
CAACTCG,0.55569170808982
CAACTCT,0.543673729704724
CAACTGA,0.547538983280205
CAACTGC,0.540362260996215
CAACTGG,0.54988853378815
CAACTGT,0.560625926493445
CAACTTA,0.551670507410356
CAACTTC,0.539793477953543
CAACTTG,0.543484798038652
CAACTTT,0.547633071368372
CAAGAAA,0.566736582491177
CAAGAAC,0.564888808556351
CAAGAAG,0.554477700685179
CAAGAAT,0.550639225540454
CAAGACA,0.552794330537075
CAAGACC,0.526044719510242
CAAGACG,0.53950896506838
CAAGACT,0.545655360083569
CAAGAGA,0.536183653109284
CAAGAGC,0.547727150604803
CAAGAGG,0.580396070949985
CAAGAGT,0.541214829430832
CAAGATA,0.547350780542001
CAAGATC,0.526909577117217
CAAGATG,0.565351072226294
CAAGATT,0.530744364801886
CAAGCAA,0.538370103360331
CAAGCAC,0.55681102369533
CAAGCAG,0.600318596532028
CAAGCAT,0.56034728021413
CAAGCCA,0.587924903268553
CAAGCCC,0.535898111179577
CAAGCCG,0.546315031867504
CAAGCCT,0.559696803455463
CAAGCGA,0.540172702592402
CAAGCGC,0.545655360083569
CAAGCGG,0.572901865319618
CAAGCGT,0.555318324299763
CAAGCTA,0.5446178529781
CAAGCTC,0.549137278074351
CAAGCTG,0.600318596532028
CAAGCTT,0.555318324299763
CAAGGAA,0.589820837315734
CAAGGAC,0.559045903301358
CAAGGAG,0.604504813133821
CAAGGAT,0.551951581618439
CAAGGCA,0.553168657759232
CAAGGCC,0.567105727918929
CAAGGCG,0.550545419884123
CAAGGCT,0.580760209233338
CAAGGGA,0.581397132342589
CAAGGGC,0.539983108249388
CAAGGGG,0.571616734959211
CAAGGGT,0.571800426157563
CAAGGTA,0.545843882145088
CAAGGTC,0.574551752707457
CAAGGTG,0.598710712263101
CAAGGTT,0.550076259564533
CAAGTAA,0.565258636585741
CAAGTAC,0.546126598615548
CAAGTAG,0.543579268333584
CAAGTAT,0.55978975461602
CAAGTCA,0.551670507410356
CAAGTCC,0.534659819776838
CAAGTCG,0.547068410005017
CAAGTCT,0.549606879030218
CAAGTGA,0.543957060292236
CAAGTGC,0.53684960070543
CAAGTGG,0.543012312648047
CAAGTGT,0.562203457149991
CAAGTTA,0.570881632555183
CAAGTTC,0.540646531245729
CAAGTTG,0.550920589723994
CAAGTTT,0.560718791335055
CAATAAA,0.542066671611651
CAATAAC,0.546032368672738
CAATAAG,0.559603843654184
CAATAAT,0.556438057683667
CAATACA,0.552045255467716
CAATACC,0.542823255966196
CAATACG,0.549606879030218
CAATACT,0.5457496255569
CAATAGA,0.543012312648047
CAATAGC,0.544523480752259
CAATAGG,0.545938129849809
CAATAGT,0.551201874763997
CAATATA,0.542823255966196
CAATATC,0.55978975461602
CAATATG,0.548291440230175
CAATATT,0.553168657759232
CAATCAA,0.547538983280205
CAATCAC,0.545183899381137
CAATCAG,0.552981511663262
CAATCAT,0.549137278074351
CAATCCA,0.545089580561758
CAATCCC,0.546126598615548
CAATCCG,0.549606879030218
CAATCCT,0.546597615186365
CAATCGA,0.549606879030218
CAATCGC,0.548855411612337
CAATCGG,0.558766816344968
CAATCGT,0.548479466033523
CAATCTA,0.544334709578022
CAATCTC,0.551576798448762
CAATCTG,0.557463379684734
CAATCTT,0.540267486285857
CAATGAA,0.550357782168829
CAATGAC,0.545183899381137
CAATGAG,0.563871075675319
CAATGAT,0.580487117952518
CAATGCA,0.549512976479392
CAATGCC,0.541688164668594
CAATGCG,0.544900916230684
CAATGCT,0.566551958664092
CAATGGA,0.543295830670659
CAATGGC,0.562666963540514
CAATGGG,0.572626619242745
CAATGGT,0.606280880358704
CAATGTA,0.542445035341407
CAATGTC,0.605126795540906
CAATGTG,0.553449311250204
CAATGTT,0.557463379684734
CAATTAA,0.54857346567922
CAATTAC,0.539129488592566
CAATTAG,0.545089580561758
CAATTAT,0.54112013549179
CAATTCA,0.562852305958759
CAATTCC,0.536183653109284
CAATTCG,0.547727150604803
CAATTCT,0.546126598615548
CAATTGA,0.551857898993549
CAATTGC,0.553636369827967
CAATTGG,0.553542844912949
CAATTGT,0.545561085723422
CAATTTA,0.553542844912949
CAATTTC,0.559975631021395
CAATTTG,0.540835999861121
CAATTTT,0.528637051624434
CACAAAA,0.534469177236151
CACAAAC,0.548855411612337
CACAAAG,0.534183145261708
CACAAAT,0.541025432584957
CACAACA,0.540930720708634
CACAACC,0.540457026725178
CACAACG,0.553636369827967
CACAACT,0.546315031867504
CACAAGA,0.547821220991165
CACAAGC,0.546974268771438
CACAAGG,0.568580948453684
CACAAGT,0.550263950106564
CACAATA,0.544051485985054
CACAATC,0.554384254426142
CACAATG,0.559696803455463
CACAATT,0.552607114367554
CACACAA,0.550076259564533
CACACAC,0.502406263688869
CACACAG,0.571065458822604
CACACAT,0.585391386668614
CACACCA,0.546315031867504
CACACCC,0.53950896506838
CACACCG,0.558859853985092
CACACCT,0.527485733590813
CACACGA,0.55671779523257
CACACGC,0.540551783474449
CACACGG,0.550639225540454
CACACGT,0.549231215909186
CACACTA,0.543012312648047
CACACTC,0.527773687391801
CACACTG,0.552326224378313
CACACTT,0.543957060292236
CACAGAA,0.52045317829086
CACAGAC,0.514343972398157
CACAGAG,0.577660799079214
CACAGAT,0.532369707034664
CACAGCA,0.58412221728119
CACAGCC,0.518711495974351
CACAGCG,0.545938129849809
CACAGCT,0.548949375927585
CACAGGA,0.594859158033755
CACAGGC,0.551857898993549
CACAGGG,0.542539603909466
CACAGGT,0.582578914351383
CACAGTA,0.554197335707378
CACAGTC,0.526717451167669
CACAGTG,0.602102107702855
CACAGTT,0.565258636585741
CACATAA,0.544806570715632
CACATAC,0.55978975461602
CACATAG,0.558208408654855
CACATAT,0.547633071368372
CACATCA,0.563408127191716
CACATCC,0.566644274838379
CACATCG,0.554197335707378
CACATCT,0.547444886338637
CACATGA,0.52978704564905
CACATGC,0.549982401081462
CACATGG,0.52978704564905
CACATGT,0.552887925479765
CACATTA,0.551951581618439
CACATTC,0.576838756452749
CACATTG,0.544240310626264
CACATTT,0.540835999861121
CACCAAA,0.5446178529781
CACCAAC,0.552887925479765
CACCAAG,0.561275799356101
CACCAAT,0.555411683318289
CACCACA,0.546974268771438
CACCACC,0.524697896967558
CACCACG,0.542350457829289
CACCACT,0.515607661970508
CACCAGA,0.554010382043475
CACCAGC,0.589640426957095
CACCAGG,0.613529955110739
CACCAGT,0.555411683318289
CACCATA,0.541877436048561
CACCATC,0.539224371212598
CACCATG,0.556904243467353
CACCATT,0.547727150604803
CACCCAA,0.538939696340096
CACCCAC,0.508784250611049
CACCCAG,0.537800185759494
CACCCAT,0.542445035341407
CACCCCA,0.523927468883772
CACCCCC,0.519001987098734
CACCCCG,0.531700768371198
CACCCCT,0.504765952358404
CACCCGA,0.535612487692387
CACCCGC,0.537325006183951
CACCCGG,0.537420060164427
CACCCGT,0.543106827587251
CACCCTA,0.5449952528455
CACCCTC,0.516287449337354
CACCCTG,0.529978582810452
CACCCTT,0.542066671611651
CACCGAA,0.564241280212754
CACCGAC,0.544523480752259
CACCGAG,0.545466802474781
CACCGAT,0.55615824185977
CACCGCA,0.550451605427465
CACCGCC,0.533897031449567
CACCGCG,0.542539603909466
CACCGCT,0.544240310626264
CACCGGA,0.55615824185977
CACCGGC,0.541782804836534
CACCGGG,0.589550209570845
CACCGGT,0.542539603909466
CACCGTA,0.548009335220336
CACCGTC,0.553168657759232
CACCGTG,0.535422026701536
CACCGTT,0.545278209305316
CACCTAA,0.542634163535157
CACCTAC,0.545372510335971
CACCTAG,0.54272871422017
CACCTAT,0.543484798038652
CACCTCA,0.53313366083207
CACCTCC,0.536469113528072
CACCTCG,0.542634163535157
CACCTCT,0.530648674116774
CACCTGA,0.523542032142707
CACCTGC,0.518130260447674
CACCTGG,0.616256828578907
CACCTGT,0.536754492482464
CACCTTA,0.544712216298664
CACCTTC,0.531605169165621
CACCTTG,0.545372510335971
CACCTTT,0.54112013549179
CACGAAA,0.545843882145088
CACGAAC,0.548103379066474
CACGAAG,0.542445035341407
CACGAAT,0.554571138212828
CACGACA,0.547633071368372
CACGACC,0.545466802474781
CACGACG,0.546880118674452
CACGACT,0.548009335220336
CACGAGA,0.56793580723716
CACGAGC,0.543201333594226
CACGAGG,0.555785032257735
CACGAGT,0.545278209305316
CACGATA,0.558022203443504
CACGATC,0.5457496255569
CACGATG,0.549325144920533
CACGATT,0.545561085723422
CACGCAA,0.54857346567922
CACGCAC,0.551764207591403
CACGCAG,0.54149885745819
CACGCAT,0.542823255966196
CACGCCA,0.545466802474781
CACGCCC,0.524697896967558
CACGCCG,0.54149885745819
CACGCCT,0.53246523318245
CACGCGA,0.541404190412335
CACGCGC,0.540267486285857
CACGCGG,0.558952882970019
CACGCGT,0.541025432584957
CACGCTA,0.549325144920533
CACGCTC,0.567105727918929
CACGCTG,0.581124214968266
CACGCTT,0.540267486285857
CACGGAA,0.552419863141576
CACGGAC,0.540646531245729
CACGGAG,0.558301498260002
CACGGAT,0.555224956564517
CACGGCA,0.544523480752259
CACGGCC,0.530265819782959
CACGGCG,0.542539603909466
CACGGCT,0.576107484164017
CACGGGA,0.567843610220735
CACGGGC,0.551108121874974
CACGGGG,0.553636369827967
CACGGGT,0.539603811691228
CACGGTA,0.545843882145088
CACGGTC,0.540362260996215
CACGGTG,0.547821220991165
CACGGTT,0.565628327892922
CACGTAA,0.549137278074351
CACGTAC,0.547727150604803
CACGTAG,0.564611347749506
CACGTAT,0.546126598615548
CACGTCA,0.552887925479765
CACGTCC,0.551857898993549
CACGTCG,0.54725666588863
CACGTCT,0.567751404703236
CACGTGA,0.562944964287544
CACGTGC,0.55932491238995
CACGTGG,0.574734905608592
CACGTGT,0.574918024970885
CACGTTA,0.546597615186365
CACGTTC,0.54074127004072
CACGTTG,0.560440170934585
CACGTTT,0.551014360195522
CACTAAA,0.550076259564533
CACTAAC,0.543201333594226
CACTAAG,0.555318324299763
CACTAAT,0.542917788774925
CACTACA,0.548949375927585
CACTACC,0.542823255966196
CACTACG,0.546597615186365
CACTACT,0.561646965745918
CACTAGA,0.551483080704976
CACTAGC,0.543579268333584
CACTAGG,0.572626619242745
CACTAGT,0.557463379684734
CACTATA,0.547444886338637
CACTATC,0.554944801042175
CACTATG,0.545183899381137
CACTATT,0.5457496255569
CACTCAA,0.551108121874974
CACTCAC,0.545938129849809
CACTCAG,0.560254380864187
CACTCAT,0.549982401081462
CACTCCA,0.511031368364055
CACTCCC,0.527965610537556
CACTCCG,0.559045903301358
CACTCCT,0.544051485985054
CACTCGA,0.545089580561758
CACTCGC,0.553729885996893
CACTCGG,0.546597615186365
CACTCGT,0.547538983280205
CACTCTA,0.541593515543045
CACTCTC,0.5446178529781
CACTCTG,0.516966774907243
CACTCTT,0.536564248895506
CACTGAA,0.533610835752882
CACTGAC,0.546597615186365
CACTGAG,0.568304510323467
CACTGAT,0.526044719510242
CACTGCA,0.502307822388434
CACTGCC,0.525371534980253
CACTGCG,0.546597615186365
CACTGCT,0.544240310626264
CACTGGA,0.553636369827967
CACTGGC,0.586206431500261
CACTGGG,0.586568460525545
CACTGGT,0.550733022398109
CACTGTA,0.542255871371418
CACTGTC,0.558022203443504
CACTGTG,0.522674255913265
CACTGTT,0.528541159066782
CACTTAA,0.546032368672738
CACTTAC,0.544334709578022
CACTTAG,0.596562837085916
CACTTAT,0.555131580110922
CACTTCA,0.555131580110922
CACTTCC,0.555038194937351
CACTTCG,0.557742830599617
CACTTCT,0.570881632555183
CACTTGA,0.538180166913997
CACTTGC,0.542255871371418
CACTTGG,0.565258636585741
CACTTGT,0.553168657759232
CACTTTA,0.566182608720574
CACTTTC,0.549982401081462
CACTTTG,0.515607661970508
CACTTTT,0.542350457829289
CAGAAAA,0.536088481525116
CAGAAAC,0.552700726833551
CAGAAAG,0.578664601019415
CAGAAAT,0.555131580110922
CAGAACA,0.564981278386936
CAGAACC,0.583577794056731
CAGAACG,0.564148741926171
CAGAACT,0.593422226236031
CAGAAGA,0.579394006429193
CAGAAGC,0.541404190412335
CAGAAGG,0.589189258612043
CAGAAGT,0.556904243467353
CAGAATA,0.538939696340096
CAGAATC,0.546597615186365
CAGAATG,0.564611347749506
CAGAATT,0.561275799356101
CAGACAA,0.557835963553314
CAGACAC,0.545466802474781
CAGACAG,0.597368831003079
CAGACAT,0.57984961478539
CAGACCA,0.549512976479392
CAGACCC,0.550639225540454
CAGACCG,0.562944964287544
CAGACCT,0.559696803455463
CAGACGA,0.545278209305316
CAGACGC,0.541688164668594
CAGACGG,0.542634163535157
CAGACGT,0.578664601019415
CAGACTA,0.542539603909466
CAGACTC,0.54725666588863
CAGACTG,0.569961993994717
CAGACTT,0.556251522500995
CAGAGAA,0.559510875210577
CAGAGAC,0.564888808556351
CAGAGAG,0.586568460525545
CAGAGAT,0.530552974274079
CAGAGCA,0.602102107702855
CAGAGCC,0.559417898123035
CAGAGCG,0.572534853712235
CAGAGCT,0.552887925479765
CAGAGGA,0.635225732264524
CAGAGGC,0.602547488920886
CAGAGGG,0.650875988463413
CAGAGGT,0.592613043804341
CAGAGTA,0.541782804836534
CAGAGTC,0.582760603072593
CAGAGTG,0.618450516592892
CAGAGTT,0.568857310186979
CAGATAA,0.5449952528455
CAGATAC,0.551014360195522
CAGATAG,0.568396664858027
CAGATAT,0.531413943332472
CAGATCA,0.527773687391801
CAGATCC,0.536088481525116
CAGATCG,0.546785959712392
CAGATCT,0.601032382755151
CAGATGA,0.565535917878306
CAGATGC,0.546032368672738
CAGATGG,0.561646965745918
CAGATGT,0.603259686528815
CAGATTA,0.539603811691228
CAGATTC,0.556904243467353
CAGATTG,0.560254380864187
CAGATTT,0.520839807199833
CAGCAAA,0.56034728021413
CAGCAAC,0.53684960070543
CAGCAAG,0.57565016727715
CAGCAAT,0.559603843654184
CAGCACA,0.534469177236151
CAGCACC,0.565535917878306
CAGCACG,0.571616734959211
CAGCACT,0.514635734838539
CAGCAGA,0.590992711959198
CAGCAGC,0.572351297384611
CAGCAGG,0.633586718263246
CAGCAGT,0.556251522500995
CAGCATA,0.561646965745918
CAGCATC,0.536564248895506
CAGCATG,0.564981278386936
CAGCATT,0.560533053027156
CAGCCAA,0.575375676724759
CAGCCAC,0.572075899703475
CAGCCAG,0.530361547108925
CAGCCAT,0.564796330174305
CAGCCCA,0.542350457829289
CAGCCCC,0.494400953651816
CAGCCCG,0.536088481525116
CAGCCCT,0.583033074274164
CAGCCGA,0.586749425900667
CAGCCGC,0.52978704564905
CAGCCGG,0.545372510335971
CAGCCGT,0.539129488592566
CAGCCTA,0.536278815636684
CAGCCTC,0.542634163535157
CAGCCTG,0.509957289851932
CAGCCTT,0.561275799356101
CAGCGAA,0.546126598615548
CAGCGAC,0.547444886338637
CAGCGAG,0.554197335707378
CAGCGAT,0.554010382043475
CAGCGCA,0.559975631021395
CAGCGCC,0.543012312648047
CAGCGCG,0.540457026725178
CAGCGCT,0.549982401081462
CAGCGGA,0.549794657682941
CAGCGGC,0.559510875210577
CAGCGGG,0.559231918009715
CAGCGGT,0.56368592199964
CAGCGTA,0.555318324299763
CAGCGTC,0.538654940404733
CAGCGTG,0.552326224378313
CAGCGTT,0.557090656945672
CAGCTAA,0.543579268333584
CAGCTAC,0.516287449337354
CAGCTAG,0.558022203443504
CAGCTAT,0.559045903301358
CAGCTCA,0.565351072226294
CAGCTCC,0.498955039124975
CAGCTCG,0.548385457551061
CAGCTCT,0.575558678797771
CAGCTGA,0.520839807199833
CAGCTGC,0.557277035680483
CAGCTGG,0.591713183598097
CAGCTGT,0.562296175616743
CAGCTTA,0.558208408654855
CAGCTTC,0.55475798708049
CAGCTTG,0.537610141023894
CAGCTTT,0.533897031449567
CAGGAAA,0.608850587709503
CAGGAAC,0.544334709578022
CAGGAAG,0.708336826300231
CAGGAAT,0.557742830599617
CAGGACA,0.5956665257216
CAGGACC,0.575833119129309
CAGGACG,0.545466802474781
CAGGACT,0.546785959712392
CAGGAGA,0.584666344270272
CAGGAGC,0.622910773465423
CAGGAGG,0.622387068744392
CAGGAGT,0.582942258789008
CAGGATA,0.586296951044668
CAGGATC,0.587653761874973
CAGGATG,0.585119557369397
CAGGATT,0.583214680505864
CAGGCAA,0.557649688971366
CAGGCAC,0.580942228663324
CAGGCAG,0.65299511138778
CAGGCAT,0.599157606171121
CAGGCCA,0.603793502065502
CAGGCCC,0.551483080704976
CAGGCCG,0.54112013549179
CAGGCCT,0.543012312648047
CAGGCGA,0.577386859947319
CAGGCGC,0.521998797843574
CAGGCGG,0.555878347717063
CAGGCGT,0.559882697137462
CAGGCTA,0.574002092648085
CAGGCTC,0.600853983958448
CAGGCTG,0.509468690715439
CAGGCTT,0.560068556269423
CAGGGAA,0.666285083530309
CAGGGAC,0.572626619242746
CAGGGAG,0.75872103541721
CAGGGAT,0.548009335220336
CAGGGCA,0.651045683652549
CAGGGCC,0.579485144708264
CAGGGCG,0.566090249915229
CAGGGCT,0.584938296777256
CAGGGGA,0.699889021225428
CAGGGGC,0.592163214919764
CAGGGGG,0.671036542462396
CAGGGGT,0.668205056663026
CAGGGTA,0.610265535704039
CAGGGTC,0.557090656945672
CAGGGTG,0.614410404423839
CAGGGTT,0.565166192400051
CAGGTAA,0.583214680505864
CAGGTAC,0.557835963553314
CAGGTAG,0.633586718263246
CAGGTAT,0.634535948502033
CAGGTCA,0.603793502065502
CAGGTCC,0.546691791883586
CAGGTCG,0.635570445802167
CAGGTCT,0.572534853712235
CAGGTGA,0.596114781825512
CAGGTGC,0.623870187035692
CAGGTGG,0.615465921367381
CAGGTGT,0.583123881512617
CAGGTTA,0.603437656705036
CAGGTTC,0.535993300882455
CAGGTTG,0.573268742278897
CAGGTTT,0.596114781825512
CAGTAAA,0.538370103360331
CAGTAAC,0.551201874763997
CAGTAAG,0.594320550546203
CAGTAAT,0.553823393421363
CAGTACA,0.547538983280205
CAGTACC,0.547350780542001
CAGTACG,0.546126598615548
CAGTACT,0.541782804836534
CAGTAGA,0.552981511663262
CAGTAGC,0.538370103360331
CAGTAGG,0.558766816344968
CAGTAGT,0.550357782168829
CAGTATA,0.556997454550261
CAGTATC,0.606369600970455
CAGTATG,0.5449952528455
CAGTATT,0.571249251304139
CAGTCAA,0.555971654469429
CAGTCAC,0.554664567010722
CAGTCAG,0.599961512270466
CAGTCAT,0.538370103360331
CAGTCCA,0.538939696340096
CAGTCCC,0.546220819679912
CAGTCCG,0.559696803455463
CAGTCCT,0.527965610537556
CAGTCGA,0.544145902762502
CAGTCGC,0.543106827587251
CAGTCGG,0.557649688971366
CAGTCGT,0.545183899381137
CAGTCTA,0.538370103360331
CAGTCTC,0.526621374348979
CAGTCTG,0.570421918991831
CAGTCTT,0.553729885996893
CAGTGAA,0.590001215132348
CAGTGAC,0.585119557369397
CAGTGAG,0.574460163675984
CAGTGAT,0.614586401301746
CAGTGCA,0.558394579200281
CAGTGCC,0.535993300882455
CAGTGCG,0.549606879030218
CAGTGCT,0.598710712263101
CAGTGGA,0.534469177236151
CAGTGGC,0.583214680505864
CAGTGGG,0.623783005646394
CAGTGGT,0.588828177320602
CAGTGTA,0.572993597178838
CAGTGTC,0.571708584776194
CAGTGTG,0.69234661313838
CAGTGTT,0.542917788774925
CAGTTAA,0.537325006183951
CAGTTAC,0.529499671102218
CAGTTAG,0.554197335707378
CAGTTAT,0.567197992987867
CAGTTCA,0.558952882970019
CAGTTCC,0.530265819782959
CAGTTCG,0.547915282529121
CAGTTCT,0.586930358533246
CAGTTGA,0.574734905608592
CAGTTGC,0.548103379066474
CAGTTGG,0.543957060292236
CAGTTGT,0.570513878612981
CAGTTTA,0.535898111179577
CAGTTTC,0.548479466033523
CAGTTTG,0.586206431500261
CAGTTTT,0.536469113528072
CATAAAA,0.531222680925011
CATAAAC,0.556064952516456
CATAAAG,0.560718791335055
CATAAAT,0.550076259564533
CATAACA,0.542445035341407
CATAACC,0.543484798038652
CATAACG,0.546880118674452
CATAACT,0.545372510335971
CATAAGA,0.542539603909466
CATAAGC,0.559510875210577
CATAAGG,0.553355768838094
CATAAGT,0.546220819679912
CATAATA,0.543201333594226
CATAATC,0.556624558077454
CATAATG,0.545561085723422
CATAATT,0.542255871371418
CATACAA,0.548667456489815
CATACAC,0.542539603909466
CATACAG,0.544523480752259
CATACAT,0.548103379066474
CATACCA,0.541404190412335
CATACCC,0.550451605427465
CATACCG,0.54857346567922
CATACCT,0.555224956564517
CATACGA,0.546032368672738
CATACGC,0.549606879030218
CATACGG,0.549606879030218
CATACGT,0.541782804836534
CATACTA,0.546597615186365
CATACTC,0.553823393421363
CATACTG,0.545466802474781
CATACTT,0.550263950106564
CATAGAA,0.546315031867504
CATAGAC,0.553542844912949
CATAGAG,0.566459633966742
CATAGAT,0.542066671611651
CATAGCA,0.538465058056766
CATAGCC,0.55129561886424
CATAGCG,0.545183899381137
CATAGCT,0.543862625682365
CATAGGA,0.560068556269423
CATAGGC,0.5457496255569
CATAGGG,0.56940980463163
CATAGGT,0.543201333594226
CATAGTA,0.540930720708634
CATAGTC,0.54442909961946
CATAGTG,0.560254380864187
CATAGTT,0.543862625682365
CATATAA,0.539888297596422
CATATAC,0.542823255966196
CATATAG,0.554384254426142
CATATAT,0.549606879030218
CATATCA,0.562481586764089
CATATCC,0.559696803455463
CATATCG,0.549231215909186
CATATCT,0.571616734959211
CATATGA,0.538560003737663
CATATGC,0.551108121874974
CATATGG,0.548667456489815
CATATGT,0.562944964287544
CATATTA,0.538180166913997
CATATTC,0.536469113528072
CATATTG,0.54904333141437
CATATTT,0.540646531245729
CATCAAA,0.551576798448762
CATCAAC,0.552607114367554
CATCAAG,0.557090656945672
CATCAAT,0.552700726833551
CATCACA,0.582669762838337
CATCACC,0.577934663189011
CATCACG,0.544712216298664
CATCACT,0.541877436048561
CATCAGA,0.547633071368372
CATCAGC,0.567013454336363
CATCAGG,0.573910453257633
CATCAGT,0.55475798708049
CATCATA,0.54442909961946
CATCATC,0.567382497591141
CATCATG,0.562759639043613
CATCATT,0.547633071368372
CATCCAA,0.548479466033523
CATCCAC,0.52978704564905
CATCCAG,0.536183653109284
CATCCAT,0.5446178529781
CATCCCA,0.532178627358997
CATCCCC,0.527293718314617
CATCCCG,0.563408127191716
CATCCCT,0.528061558299266
CATCCGA,0.557183850655207
CATCCGC,0.571524876705065
CATCCGG,0.551389354177351
CATCCGT,0.566736582491177
CATCCTA,0.546785959712392
CATCCTC,0.541688164668594
CATCCTG,0.543673729704724
CATCCTT,0.540172702592402
CATCGAA,0.548479466033523
CATCGAC,0.558487651477305
CATCGAG,0.55615824185977
CATCGAT,0.557835963553314
CATCGCA,0.556064952516456
CATCGCC,0.564518843703587
CATCGCG,0.55615824185977
CATCGCT,0.55569170808982
CATCGGA,0.557929087834071
CATCGGC,0.546691791883586
CATCGGG,0.542255871371418
CATCGGT,0.561832497291923
CATCGTA,0.548103379066474
CATCGTC,0.545278209305316
CATCGTG,0.54112013549179
CATCGTT,0.547633071368372
CATCTAA,0.544900916230684
CATCTAC,0.54149885745819
CATCTAG,0.549512976479392
CATCTAT,0.550826810458739
CATCTCA,0.528828809157999
CATCTCC,0.525179113277085
CATCTCG,0.551670507410356
CATCTCT,0.547727150604803
CATCTGA,0.561368603869775
CATCTGC,0.585572565159454
CATCTGG,0.576838756452749
CATCTGT,0.557090656945672
CATCTTA,0.545183899381137
CATCTTC,0.535802912414756
CATCTTG,0.596921136807812
CATCTTT,0.559138914980721
CATGAAA,0.564981278386936
CATGAAC,0.574276960443543
CATGAAG,0.548855411612337
CATGAAT,0.54904333141437
CATGACA,0.537610141023894
CATGACC,0.550545419884123
CATGACG,0.547633071368372
CATGACT,0.537800185759494
CATGAGA,0.591172878538458
CATGAGC,0.55129561886424
CATGAGG,0.618625803920283
CATGAGT,0.570881632555183
CATGATA,0.552887925479765
CATGATC,0.54442909961946
CATGATG,0.550826810458739
CATGATT,0.539603811691228
CATGCAA,0.570789706747883
CATGCAC,0.551951581618439
CATGCAG,0.598710712263101
CATGCAT,0.546032368672738
CATGCCA,0.559045903301358
CATGCCC,0.540267486285857
CATGCCG,0.540551783474449
CATGCCT,0.508784250611049
CATGCGA,0.548479466033523
CATGCGC,0.540646531245729
CATGCGG,0.545843882145088
CATGCGT,0.542255871371418
CATGCTA,0.55569170808982
CATGCTC,0.544145902762502
CATGCTG,0.559510875210577
CATGCTT,0.533992411816249
CATGGAA,0.592073224856228
CATGGAC,0.541782804836534
CATGGAG,0.592702985304829
CATGGAT,0.561182986228949
CATGGCA,0.540172702592402
CATGGCC,0.555785032257735
CATGGCG,0.551389354177351
CATGGCT,0.535517261731385
CATGGGA,0.559882697137462
CATGGGC,0.551201874763997
CATGGGG,0.600943187335066
CATGGGT,0.553168657759232
CATGGTA,0.594230754420883
CATGGTC,0.567659190683096
CATGGTG,0.613441867528905
CATGGTT,0.573452130296366
CATGTAA,0.526909577117217
CATGTAC,0.543673729704724
CATGTAG,0.573727149279548
CATGTAT,0.5449952528455
CATGTCA,0.533229114033644
CATGTCC,0.557835963553314
CATGTCG,0.555318324299763
CATGTCT,0.618976286425044
CATGTGA,0.573452130296366
CATGTGC,0.557649688971366
CATGTGG,0.604504813133821
CATGTGT,0.561646965745918
CATGTTA,0.550357782168829
CATGTTC,0.532178627358997
CATGTTG,0.55569170808982
CATGTTT,0.554103863244385
CATTAAA,0.549606879030218
CATTAAC,0.549512976479392
CATTAAG,0.543579268333584
CATTAAT,0.537800185759494
CATTACA,0.543201333594226
CATTACC,0.544051485985054
CATTACG,0.558952882970019
CATTACT,0.551014360195522
CATTAGA,0.537229943167357
CATTAGC,0.571524876705065
CATTAGG,0.552326224378313
CATTAGT,0.542161275966103
CATTATA,0.543201333594226
CATTATC,0.545372510335971
CATTATG,0.553916892103012
CATTATT,0.537610141023894
CATTCAA,0.543012312648047
CATTCAC,0.591172878538458
CATTCAG,0.532942727090634
CATTCAT,0.556438057683667
CATTCCA,0.544145902762502
CATTCCC,0.539793477953543
CATTCCG,0.553168657759232
CATTCCT,0.536944699883683
CATTCGA,0.548949375927585
CATTCGC,0.5449952528455
CATTCGG,0.543673729704724
CATTCGT,0.557090656945672
CATTCTA,0.535612487692387
CATTCTC,0.529499671102218
CATTCTG,0.562759639043613
CATTCTT,0.532178627358997
CATTGAA,0.570145989378061
CATTGAC,0.543201333594226
CATTGAG,0.577843383485664
CATTGAT,0.541404190412335
CATTGCA,0.534564503049566
CATTGCC,0.583123881512617
CATTGCG,0.552326224378313
CATTGCT,0.542255871371418
CATTGGA,0.580396070949985
CATTGGC,0.538370103360331
CATTGGG,0.5481974140692
CATTGGT,0.593242464494996
CATTGTA,0.557649688971366
CATTGTC,0.576655988508127
CATTGTG,0.600764772623878
CATTGTT,0.551014360195522
CATTTAA,0.52786965356899
CATTTAC,0.573727149279548
CATTTAG,0.555411683318289
CATTTAT,0.544334709578022
CATTTCA,0.574002092648085
CATTTCC,0.579120541744265
CATTTCG,0.581851829178588
CATTTCT,0.54988853378815
CATTTGA,0.551389354177351
CATTTGC,0.557183850655207
CATTTGG,0.558859853985092
CATTTGT,0.544712216298664
CATTTTA,0.522770712689623
CATTTTC,0.544712216298664
CATTTTG,0.562110730085728
CATTTTT,0.544051485985054
CCAAAAA,0.545655360083569
CCAAAAC,0.532083073827628
CCAAAAG,0.587292125618158
CCAAAAT,0.559045903301358
CCAAACA,0.543768182153756
CCAAACC,0.547068410005017
CCAAACG,0.545938129849809
CCAAACT,0.546691791883586
CCAAAGA,0.581942743741145
CCAAAGC,0.534945715459102
CCAAAGG,0.535422026701536
CCAAAGT,0.536278815636684
CCAAATA,0.545466802474781
CCAAATC,0.547444886338637
CCAAATG,0.550545419884123
CCAAATT,0.555878347717063
CCAACAA,0.541025432584957
CCAACAC,0.53313366083207
CCAACAG,0.542445035341407
CCAACAT,0.506335990398584
CCAACCA,0.54725666588863
CCAACCC,0.536564248895506
CCAACCG,0.545278209305316
CCAACCT,0.540457026725178
CCAACGA,0.546597615186365
CCAACGC,0.542823255966196
CCAACGG,0.546315031867504
CCAACGT,0.548009335220336
CCAACTA,0.552981511663262
CCAACTC,0.533515418982654
CCAACTG,0.552981511663262
CCAACTT,0.54725666588863
CCAAGAA,0.554477700685179
CCAAGAC,0.564796330174305
CCAAGAG,0.576747376655953
CCAAGAT,0.531509560819961
CCAAGCA,0.569869983606125
CCAAGCC,0.564518843703587
CCAAGCG,0.555598375211691
CCAAGCT,0.57984961478539
CCAAGGA,0.580487117952518
CCAAGGC,0.588918459867294
CCAAGGG,0.562110730085728
CCAAGGT,0.545561085723422
CCAAGTA,0.52758172740448
CCAAGTC,0.556344794441753
CCAAGTG,0.571341134879079
CCAAGTT,0.541972058306368
CCAATAA,0.540646531245729
CCAATAC,0.546691791883586
CCAATAG,0.545466802474781
CCAATAT,0.542161275966103
CCAATCA,0.553823393421363
CCAATCC,0.548009335220336
CCAATCG,0.549606879030218
CCAATCT,0.554477700685179
CCAATGA,0.574002092648085
CCAATGC,0.540551783474449
CCAATGG,0.573818805468634
CCAATGT,0.53950896506838
CCAATTA,0.541309514403781
CCAATTC,0.545843882145088
CCAATTG,0.545278209305316
CCAATTT,0.537134871112927
CCACAAA,0.537800185759494
CCACAAC,0.530457265272047
CCACAAG,0.564241280212754
CCACAAT,0.551389354177351
CCACACA,0.532751756886541
CCACACC,0.531413943332472
CCACACG,0.543484798038652
CCACACT,0.538465058056766
CCACAGA,0.538465058056766
CCACAGC,0.544523480752259
CCACAGG,0.541025432584957
CCACAGT,0.564703843239218
CCACATA,0.550451605427465
CCACATC,0.569961993994717
CCACATG,0.532942727090634
CCACATT,0.52978704564905
CCACCAA,0.541025432584957
CCACCAC,0.514635734838539
CCACCAG,0.538370103360331
CCACCAT,0.527293718314617
CCACCCA,0.508295077852014
CCACCCC,0.497867903954422
CCACCCG,0.526140851745408
CCACCCT,0.500731442218814
CCACCGA,0.555411683318289
CCACCGC,0.544334709578022
CCACCGG,0.5481974140692
CCACCGT,0.546974268771438
CCACCTA,0.538560003737663
CCACCTC,0.52978704564905
CCACCTG,0.550263950106564
CCACCTT,0.528541159066782
CCACGAA,0.5449952528455
CCACGAC,0.547068410005017
CCACGAG,0.548667456489815
CCACGAT,0.564241280212754
CCACGCA,0.5457496255569
CCACGCC,0.5264291930149
CCACGCG,0.540267486285857
CCACGCT,0.558208408654855
CCACGGA,0.550263950106564
CCACGGC,0.549606879030218
CCACGGG,0.550639225540454
CCACGGT,0.532560750205863
CCACGTA,0.546315031867504
CCACGTC,0.545843882145088
CCACGTG,0.574460163675984
CCACGTT,0.554944801042175
CCACTAA,0.549325144920533
CCACTAC,0.540930720708634
CCACTAG,0.556344794441753
CCACTAT,0.540930720708634
CCACTCA,0.534945715459102
CCACTCC,0.535612487692387
CCACTCG,0.547068410005017
CCACTCT,0.534469177236151
CCACTGA,0.540077909914147
CCACTGC,0.491021510266188
CCACTGG,0.574185346239501
CCACTGT,0.538939696340096
CCACTTA,0.55978975461602
CCACTTC,0.561832497291923
CCACTTG,0.563778503122715
CCACTTT,0.559417898123035
CCAGAAA,0.587201696115761
CCAGAAC,0.579576274681905
CCAGAAG,0.532274171760761
CCAGAAT,0.550357782168829
CCAGACA,0.578755805796457
CCAGACC,0.53504099585911
CCAGACG,0.541972058306368
CCAGACT,0.555505033621723
CCAGAGA,0.537705167906319
CCAGAGC,0.55932491238995
CCAGAGG,0.575101110806617
CCAGAGT,0.556624558077454
CCAGATA,0.537990194384955
CCAGATC,0.564888808556351
CCAGATG,0.56968593742731
CCAGATT,0.5449952528455
CCAGCAA,0.532656258106646
CCAGCAC,0.503488478890434
CCAGCAG,0.581306168160219
CCAGCAT,0.574276960443543
CCAGCCA,0.520163108480008
CCAGCCC,0.5264291930149
CCAGCCG,0.552981511663262
CCAGCCT,0.483225242575186
CCAGCGA,0.550076259564533
CCAGCGC,0.54904333141437
CCAGCGG,0.545466802474781
CCAGCGT,0.550357782168829
CCAGCTA,0.496977549811715
CCAGCTC,0.526044719510242
CCAGCTG,0.578755805796457
CCAGCTT,0.526621374348979
CCAGGAA,0.574368566255191
CCAGGAC,0.568304510323467
CCAGGAG,0.573268742278897
CCAGGAT,0.572259506584406
CCAGGCA,0.625264056573812
CCAGGCC,0.537325006183951
CCAGGCG,0.558022203443504
CCAGGCT,0.518614646844287
CCAGGGA,0.58221543784659
CCAGGGC,0.578299698705366
CCAGGGG,0.634535948502033
CCAGGGT,0.611854962751424
CCAGGTA,0.589730636204902
CCAGGTC,0.567013454336363
CCAGGTG,0.592882844041023
CCAGGTT,0.570329950913332
CCAGTAA,0.545561085723422
CCAGTAC,0.536183653109284
CCAGTAG,0.528637051624434
CCAGTAT,0.560440170934585
CCAGTCA,0.569961993994717
CCAGTCC,0.528157496855886
CCAGTCG,0.546032368672738
CCAGTCT,0.526140851745408
CCAGTGA,0.59072240121319
CCAGTGC,0.59763735134537
CCAGTGG,0.572167707357876
CCAGTGT,0.600140070339893
CCAGTTA,0.544051485985054
CCAGTTC,0.561739735821665
CCAGTTG,0.557929087834071
CCAGTTT,0.535612487692387
CCATAAA,0.546315031867504
CCATAAC,0.541688164668594
CCATAAG,0.543390318818239
CCATAAT,0.541404190412335
CCATACA,0.552513493137443
CCATACC,0.552794330537075
CCATACG,0.548291440230175
CCATACT,0.539034596968968
CCATAGA,0.541972058306368
CCATAGC,0.540835999861121
CCATAGG,0.548479466033523
CCATAGT,0.539698649319047
CCATATA,0.545183899381137
CCATATC,0.583305471255402
CCATATG,0.547350780542001
CCATATT,0.550263950106564
CCATCAA,0.548385457551061
CCATCAC,0.563871075675319
CCATCAG,0.555971654469429
CCATCAT,0.56034728021413
CCATCCA,0.512396711000144
CCATCCC,0.520839807199833
CCATCCG,0.571616734959211
CCATCCT,0.511324098758766
CCATCGA,0.575833119129309
CCATCGC,0.543862625682365
CCATCGG,0.540835999861121
CCATCGT,0.544712216298664
CCATCTA,0.543673729704724
CCATCTC,0.531031381929243
CCATCTG,0.604238130772276
CCATCTT,0.570329950913332
CCATGAA,0.562017994422359
CCATGAC,0.548667456489815
CCATGAG,0.558859853985092
CCATGAT,0.544334709578022
CCATGCA,0.547068410005017
CCATGCC,0.551014360195522
CCATGCG,0.541593515543045
CCATGCT,0.5481974140692
CCATGGA,0.579211704948708
CCATGGC,0.538749868059688
CCATGGG,0.603615595213509
CCATGGT,0.600229337419911
CCATGTA,0.53112703600154
CCATGTC,0.609116043005458
CCATGTG,0.580760209233338
CCATGTT,0.537610141023894
CCATTAA,0.54272871422017
CCATTAC,0.544806570715632
CCATTAG,0.554197335707378
CCATTAT,0.536373969109039
CCATTCA,0.546220819679912
CCATTCC,0.542445035341407
CCATTCG,0.557277035680483
CCATTCT,0.537515105110502
CCATTGA,0.547538983280205
CCATTGC,0.532083073827628
CCATTGG,0.535612487692387
CCATTGT,0.535802912414756
CCATTTA,0.545843882145088
CCATTTC,0.529499671102218
CCATTTG,0.550733022398109
CCATTTT,0.5481974140692
CCCAAAA,0.539793477953543
CCCAAAC,0.543012312648047
CCCAAAG,0.539414109448797
CCCAAAT,0.554571138212828
CCCAACA,0.525179113277085
CCCAACC,0.528157496855886
CCCAACG,0.546974268771438
CCCAACT,0.536278815636684
CCCAAGA,0.552513493137443
CCCAAGC,0.546503429619058
CCCAAGG,0.568488810900911
CCCAAGT,0.529978582810452
CCCAATA,0.543484798038652
CCCAATC,0.547350780542001
CCCAATG,0.554944801042175
CCCAATT,0.547068410005017
CCCACAA,0.555038194937351
CCCACAC,0.542634163535157
CCCACAG,0.550357782168829
CCCACAT,0.552326224378313
CCCACCA,0.520356497702552
CCCACCC,0.480512310536522
CCCACCG,0.535422026701536
CCCACCT,0.488728923022371
CCCACGA,0.572259506584406
CCCACGC,0.534850425979874
CCCACGG,0.530074337635478
CCCACGT,0.538844786704239
CCCACTA,0.543295830670659
CCCACTC,0.517354753851115
CCCACTG,0.528445257312865
CCCACTT,0.543768182153756
CCCAGAA,0.551764207591403
CCCAGAC,0.562944964287544
CCCAGAG,0.52786965356899
CCCAGAT,0.545655360083569
CCCAGCA,0.49747228886684
CCCAGCC,0.496383539672208
CCCAGCG,0.528637051624434
CCCAGCT,0.470806282203161
CCCAGGA,0.557835963553314
CCCAGGC,0.546974268771438
CCCAGGG,0.597279308196998
CCCAGGT,0.561646965745918
CCCAGTA,0.537990194384955
CCCAGTC,0.54272871422017
CCCAGTG,0.578573387923303
CCCAGTT,0.563130255192393
CCCATAA,0.542634163535157
CCCATAC,0.553823393421363
CCCATAG,0.533229114033644
CCCATAT,0.544806570715632
CCCATCA,0.558022203443504
CCCATCC,0.521805725994157
CCCATCG,0.542255871371418
CCCATCT,0.532942727090634
CCCATGA,0.525948578032781
CCCATGC,0.530744364801886
CCCATGG,0.57565016727715
CCCATGT,0.565166192400051
CCCATTA,0.543012312648047
CCCATTC,0.527485733590813
CCCATTG,0.538749868059688
CCCATTT,0.540172702592402
CCCCAAA,0.553729885996893
CCCCAAC,0.524216448977402
CCCCAAG,0.554197335707378
CCCCAAT,0.551201874763997
CCCCACA,0.541688164668594
CCCCACC,0.499350068164618
CCCCACG,0.535612487692387
CCCCACT,0.526140851745408
CCCCAGA,0.514927412178428
CCCCAGC,0.499843635122837
CCCCAGG,0.540267486285857
CCCCAGT,0.54442909961946
CCCCATA,0.538180166913997
CCCCATC,0.507218054738996
CCCCATG,0.532942727090634
CCCCATT,0.544523480752259
CCCCCAA,0.549794657682941
CCCCCAC,0.52286716016297
CCCCCAG,0.489925711228053
CCCCCAT,0.537610141023894
CCCCCCA,0.539793477953543
CCCCCCC,0.521902266578458
CCCCCCG,0.542917788774925
CCCCCCT,0.541593515543045
CCCCCGA,0.561182986228949
CCCCCGC,0.535231529428386
CCCCCGG,0.535612487692387
CCCCCGT,0.554197335707378
CCCCCTA,0.541404190412335
CCCCCTC,0.520259807766204
CCCCCTG,0.530744364801886
CCCCCTT,0.544051485985054
CCCCGAA,0.554944801042175
CCCCGAC,0.555131580110922
CCCCGAG,0.557463379684734
CCCCGAT,0.557183850655207
CCCCGCA,0.531222680925011
CCCCGCC,0.515607661970508
CCCCGCG,0.534373842334858
CCCCGCT,0.531413943332472
CCCCGGA,0.547727150604803
CCCCGGC,0.536754492482464
CCCCGGG,0.536659375213063
CCCCGGT,0.552700726833551
CCCCGTA,0.553262217674982
CCCCGTC,0.519485951528923
CCCCGTG,0.554197335707378
CCCCGTT,0.542255871371418
CCCCTAA,0.547444886338637
CCCCTAC,0.530935718706369
CCCCTAG,0.557556538666944
CCCCTAT,0.556064952516456
CCCCTCA,0.535898111179577
CCCCTCC,0.480713521060394
CCCCTCG,0.540930720708634
CCCCTCT,0.530170083292395
CCCCTGA,0.524409055989417
CCCCTGC,0.508686435200568
CCCCTGG,0.537895194585134
CCCCTGT,0.515316183005508
CCCCTTA,0.562481586764089
CCCCTTC,0.525563919664432
CCCCTTG,0.534183145261708
CCCCTTT,0.531700768371198
CCCGAAA,0.55681102369533
CCCGAAC,0.545655360083569
CCCGAAG,0.537515105110502
CCCGAAT,0.546315031867504
CCCGACA,0.545089580561758
CCCGACC,0.565443499323289
CCCGACG,0.561275799356101
CCCGACT,0.540362260996215
CCCGAGA,0.555785032257735
CCCGAGC,0.527197696848549
CCCGAGG,0.55129561886424
CCCGAGT,0.566644274838379
CCCGATA,0.568212347295667
CCCGATC,0.558022203443504
CCCGATG,0.547162542376858
CCCGATT,0.546974268771438
CCCGCAA,0.541877436048561
CCCGCAC,0.533229114033644
CCCGCAG,0.559696803455463
CCCGCAT,0.544900916230684
CCCGCCA,0.535231529428386
CCCGCCC,0.521419470429108
CCCGCCG,0.539129488592566
CCCGCCT,0.51880833572557
CCCGCGA,0.543012312648047
CCCGCGC,0.531891939369096
CCCGCGG,0.553168657759232
CCCGCGT,0.541782804836534
CCCGCTA,0.557649688971366
CCCGCTC,0.540172702592402
CCCGCTG,0.565443499323289
CCCGCTT,0.541593515543045
CCCGGAA,0.541404190412335
CCCGGAC,0.564888808556351
CCCGGAG,0.547821220991165
CCCGGAT,0.545089580561758
CCCGGCA,0.53504099585911
CCCGGCC,0.540646531245729
CCCGGCG,0.546691791883586
CCCGGCT,0.55569170808982
CCCGGGA,0.538275139646646
CCCGGGC,0.52758172740448
CCCGGGG,0.55671779523257
CCCGGGT,0.546220819679912
CCCGGTA,0.554944801042175
CCCGGTC,0.541688164668594
CCCGGTG,0.55978975461602
CCCGGTT,0.5449952528455
CCCGTAA,0.557277035680483
CCCGTAC,0.546126598615548
CCCGTAG,0.571433010012205
CCCGTAT,0.558580715092686
CCCGTCA,0.540267486285857
CCCGTCC,0.536373969109039
CCCGTCG,0.544523480752259
CCCGTCT,0.522095319791304
CCCGTGA,0.544900916230684
CCCGTGC,0.538085185160671
CCCGTGG,0.563315511770882
CCCGTGT,0.562388885487578
CCCGTTA,0.544806570715632
CCCGTTC,0.552326224378313
CCCGTTG,0.542350457829289
CCCGTTT,0.538275139646646
CCCTAAA,0.561739735821665
CCCTAAC,0.576930127900041
CCCTAAG,0.559138914980721
CCCTAAT,0.536754492482464
CCCTACA,0.546220819679912
CCCTACC,0.546785959712392
CCCTACG,0.546880118674452
CCCTACT,0.529978582810452
CCCTAGA,0.575101110806617
CCCTAGC,0.559417898123035
CCCTAGG,0.557835963553314
CCCTAGT,0.568304510323467
CCCTATA,0.545466802474781
CCCTATC,0.537420060164427
CCCTATG,0.570789706747883
CCCTATT,0.546785959712392
CCCTCAA,0.532560750205863
CCCTCAC,0.525660098128852
CCCTCAG,0.545466802474781
CCCTCAT,0.543201333594226
CCCTCCA,0.523060027207803
CCCTCCC,0.471618725797537
CCCTCCG,0.523638405256507
CCCTCCT,0.490224684616127
CCCTCGA,0.539414109448797
CCCTCGC,0.544334709578022
CCCTCGG,0.535802912414756
CCCTCGT,0.555411683318289
CCCTCTA,0.550920589723994
CCCTCTC,0.505747514965164
CCCTCTG,0.515510511755201
CCCTCTT,0.545843882145088
CCCTGAA,0.545089580561758
CCCTGAC,0.53504099585911
CCCTGAG,0.533610835752882
CCCTGAT,0.536944699883683
CCCTGCA,0.529403861231648
CCCTGCC,0.522674255913265
CCCTGCG,0.54112013549179
CCCTGCT,0.49479778543237
CCCTGGA,0.598263618551622
CCCTGGC,0.522674255913265
CCCTGGG,0.587563365070729
CCCTGGT,0.621775733058801
CCCTGTA,0.556438057683667
CCCTGTC,0.516481589452018
CCCTGTG,0.516869756646765
CCCTGTT,0.542066671611651
CCCTTAA,0.560811647553586
CCCTTAC,0.5457496255569
CCCTTAG,0.550826810458739
CCCTTAT,0.551483080704976
CCCTTCA,0.524890411280556
CCCTTCC,0.533419993107197
CCCTTCG,0.541593515543045
CCCTTCT,0.541404190412335
CCCTTGA,0.543201333594226
CCCTTGC,0.524505345585663
CCCTTGG,0.560625926493445
CCCTTGT,0.552326224378313
CCCTTTA,0.534373842334858
CCCTTTC,0.53313366083207
CCCTTTG,0.530361547108925
CCCTTTT,0.530552974274079
CCGAAAA,0.557277035680483
CCGAAAC,0.545372510335971
CCGAAAG,0.574002092648085
CCGAAAT,0.547162542376858
CCGAACA,0.548761438466967
CCGAACC,0.557929087834071
CCGAACG,0.546880118674452
CCGAACT,0.548667456489815
CCGAAGA,0.550545419884123
CCGAAGC,0.550639225540454
CCGAAGG,0.561739735821665
CCGAAGT,0.555038194937351
CCGAATA,0.548103379066474
CCGAATC,0.555038194937351
CCGAATG,0.55671779523257
CCGAATT,0.545372510335971
CCGACAA,0.548667456489815
CCGACAC,0.547444886338637
CCGACAG,0.543862625682365
CCGACAT,0.543390318818239
CCGACCA,0.563222887771637
CCGACCC,0.560904495150641
CCGACCG,0.547821220991165
CCGACCT,0.537515105110502
CCGACGA,0.557556538666944
CCGACGC,0.548479466033523
CCGACGG,0.545561085723422
CCGACGT,0.552887925479765
CCGACTA,0.548761438466967
CCGACTC,0.541309514403781
CCGACTG,0.540930720708634
CCGACTT,0.539983108249388
CCGAGAA,0.565997882578947
CCGAGAC,0.538654940404733
CCGAGAG,0.565258636585741
CCGAGAT,0.535231529428386
CCGAGCA,0.535231529428386
CCGAGCC,0.536373969109039
CCGAGCG,0.544900916230684
CCGAGCT,0.538370103360331
CCGAGGA,0.560718791335055
CCGAGGC,0.546880118674452
CCGAGGG,0.550920589723994
CCGAGGT,0.571708584776194
CCGAGTA,0.544900916230684
CCGAGTC,0.540457026725178
CCGAGTG,0.565073739667642
CCGAGTT,0.591082799306327
CCGATAA,0.567105727918929
CCGATAC,0.549606879030218
CCGATAG,0.548667456489815
CCGATAT,0.549512976479392
CCGATCA,0.546409235179995
CCGATCC,0.547538983280205
CCGATCG,0.54904333141437
CCGATCT,0.555971654469429
CCGATGA,0.556251522500995
CCGATGC,0.540835999861121
CCGATGG,0.55681102369533
CCGATGT,0.557742830599617
CCGATTA,0.549419065110049
CCGATTC,0.546691791883586
CCGATTG,0.547162542376858
CCGATTT,0.54272871422017
CCGCAAA,0.545183899381137
CCGCAAC,0.542255871371418
CCGCAAG,0.557090656945672
CCGCAAT,0.548291440230175
CCGCACA,0.546503429619058
CCGCACC,0.535707704586269
CCGCACG,0.543673729704724
CCGCACT,0.5446178529781
CCGCAGA,0.550545419884123
CCGCAGC,0.549794657682941
CCGCAGG,0.578664601019415
CCGCAGT,0.554197335707378
CCGCATA,0.547538983280205
CCGCATC,0.540267486285857
CCGCATG,0.543295830670659
CCGCATT,0.546315031867504
CCGCCAA,0.555318324299763
CCGCCAC,0.545843882145088
CCGCCAG,0.540077909914147
CCGCCAT,0.56368592199964
CCGCCCA,0.538654940404733
CCGCCCC,0.51161674348747
CCGCCCG,0.554571138212828
CCGCCCT,0.536469113528072
CCGCCGA,0.545938129849809
CCGCCGC,0.552700726833551
CCGCCGG,0.539888297596422
CCGCCGT,0.550263950106564
CCGCCTA,0.545466802474781
CCGCCTC,0.539603811691228
CCGCCTG,0.54272871422017
CCGCCTT,0.537515105110502
CCGCGAA,0.549137278074351
CCGCGAC,0.554571138212828
CCGCGAG,0.550545419884123
CCGCGAT,0.54904333141437
CCGCGCA,0.544145902762502
CCGCGCC,0.530074337635478
CCGCGCG,0.537039790018942
CCGCGCT,0.538939696340096
CCGCGGA,0.55475798708049
CCGCGGC,0.536183653109284
CCGCGGG,0.538180166913997
CCGCGGT,0.541688164668594
CCGCGTA,0.547727150604803
CCGCGTC,0.55129561886424
CCGCGTG,0.538560003737663
CCGCGTT,0.553355768838094
CCGCTAA,0.558115310383227
CCGCTAC,0.545561085723422
CCGCTAG,0.555785032257735
CCGCTAT,0.54725666588863
CCGCTCA,0.545561085723422
CCGCTCC,0.546785959712392
CCGCTCG,0.547444886338637
CCGCTCT,0.539414109448797
CCGCTGA,0.554944801042175
CCGCTGC,0.550545419884123
CCGCTGG,0.558301498260002
CCGCTGT,0.579302859843179
CCGCTTA,0.548009335220336
CCGCTTC,0.553075089089205
CCGCTTG,0.551857898993549
CCGCTTT,0.540077909914147
CCGGAAA,0.548479466033523
CCGGAAC,0.546126598615548
CCGGAAG,0.557370212023119
CCGGAAT,0.5481974140692
CCGGACA,0.545843882145088
CCGGACC,0.554290799434086
CCGGACG,0.555131580110922
CCGGACT,0.558580715092686
CCGGAGA,0.550076259564533
CCGGAGC,0.536564248895506
CCGGAGG,0.570697772489452
CCGGAGT,0.543201333594226
CCGGATA,0.548667456489815
CCGGATC,0.544334709578022
CCGGATG,0.544712216298664
CCGGATT,0.5457496255569
CCGGCAA,0.543201333594226
CCGGCAC,0.543862625682365
CCGGCAG,0.541025432584957
CCGGCAT,0.538370103360331
CCGGCCA,0.545278209305316
CCGGCCC,0.53313366083207
CCGGCCG,0.543673729704724
CCGGCCT,0.567013454336363
CCGGCGA,0.545372510335971
CCGGCGC,0.540835999861121
CCGGCGG,0.5446178529781
CCGGCGT,0.541593515543045
CCGGCTA,0.540362260996215
CCGGCTC,0.540930720708634
CCGGCTG,0.561182986228949
CCGGCTT,0.554010382043475
CCGGGAA,0.540077909914147
CCGGGAC,0.549794657682941
CCGGGAG,0.562110730085728
CCGGGAT,0.552138920543025
CCGGGCA,0.529403861231648
CCGGGCC,0.532274171760761
CCGGGCG,0.544712216298664
CCGGGCT,0.598710712263101
CCGGGGA,0.566644274838379
CCGGGGC,0.558208408654855
CCGGGGG,0.547444886338637
CCGGGGT,0.562203457149991
CCGGGTA,0.564241280212754
CCGGGTC,0.576473187153277
CCGGGTG,0.531509560819961
CCGGGTT,0.54904333141437
CCGGTAA,0.546409235179995
CCGGTAC,0.564426331099877
CCGGTAG,0.542445035341407
CCGGTAT,0.547444886338637
CCGGTCA,0.54272871422017
CCGGTCC,0.543484798038652
CCGGTCG,0.548667456489815
CCGGTCT,0.56257427944787
CCGGTGA,0.565443499323289
CCGGTGC,0.549794657682941
CCGGTGG,0.558859853985092
CCGGTGT,0.551014360195522
CCGGTTA,0.5481974140692
CCGGTTC,0.563037614031558
CCGGTTG,0.554664567010722
CCGGTTT,0.546409235179995
CCGTAAA,0.544712216298664
CCGTAAC,0.547350780542001
CCGTAAG,0.564981278386936
CCGTAAT,0.549231215909186
CCGTACA,0.545561085723422
CCGTACC,0.567197992987867
CCGTACG,0.548761438466967
CCGTACT,0.547727150604803
CCGTAGA,0.552138920543025
CCGTAGC,0.566459633966742
CCGTAGG,0.571892259104866
CCGTAGT,0.55475798708049
CCGTATA,0.557742830599617
CCGTATC,0.558580715092686
CCGTATG,0.546032368672738
CCGTATT,0.558673770048037
CCGTCAA,0.546691791883586
CCGTCAC,0.545089580561758
CCGTCAG,0.546597615186365
CCGTCAT,0.552419863141576
CCGTCCA,0.539888297596422
CCGTCCC,0.538180166913997
CCGTCCG,0.553916892103012
CCGTCCT,0.544240310626264
CCGTCGA,0.548009335220336
CCGTCGC,0.5449952528455
CCGTCGG,0.545843882145088
CCGTCGT,0.545561085723422
CCGTCTA,0.55475798708049
CCGTCTC,0.501421414331416
CCGTCTG,0.538465058056766
CCGTCTT,0.537420060164427
CCGTGAA,0.569225673731343
CCGTGAC,0.553636369827967
CCGTGAG,0.541877436048561
CCGTGAT,0.543390318818239
CCGTGCA,0.55653131222836
CCGTGCC,0.518033355006364
CCGTGCG,0.546220819679912
CCGTGCT,0.553355768838094
CCGTGGA,0.547068410005017
CCGTGGC,0.538939696340096
CCGTGGG,0.597010691682709
CCGTGGT,0.58285143505565
CCGTGTA,0.547068410005017
CCGTGTC,0.52786965356899
CCGTGTG,0.573910453257633
CCGTGTT,0.536278815636684
CCGTTAA,0.565351072226294
CCGTTAC,0.548667456489815
CCGTTAG,0.546315031867504
CCGTTAT,0.546691791883586
CCGTTCA,0.543484798038652
CCGTTCC,0.555505033621723
CCGTTCG,0.55681102369533
CCGTTCT,0.554571138212828
CCGTTGA,0.557463379684734
CCGTTGC,0.550639225540454
CCGTTGG,0.541404190412335
CCGTTGT,0.562944964287544
CCGTTTA,0.546220819679912
CCGTTTC,0.548855411612337
CCGTTTG,0.538560003737663
CCGTTTT,0.535136267181628
CCTAAAA,0.564426331099877
CCTAAAC,0.552045255467716
CCTAAAG,0.54857346567922
CCTAAAT,0.541214829430832
CCTAACA,0.54442909961946
CCTAACC,0.54857346567922
CCTAACG,0.546785959712392
CCTAACT,0.573452130296366
CCTAAGA,0.554477700685179
CCTAAGC,0.549700772764182
CCTAAGG,0.552887925479765
CCTAAGT,0.545089580561758
CCTAATA,0.56802799575408
CCTAATC,0.541972058306368
CCTAATG,0.54272871422017
CCTAATT,0.542917788774925
CCTACAA,0.563778503122715
CCTACAC,0.542823255966196
CCTACAG,0.543295830670659
CCTACAT,0.55223257684601
CCTACCA,0.558580715092686
CCTACCC,0.554477700685179
CCTACCG,0.542634163535157
CCTACCT,0.546315031867504
CCTACGA,0.547444886338637
CCTACGC,0.547162542376858
CCTACGG,0.544334709578022
CCTACGT,0.548291440230175
CCTACTA,0.549606879030218
CCTACTC,0.537229943167357
CCTACTG,0.541972058306368
CCTACTT,0.539414109448797
CCTAGAA,0.556997454550261
CCTAGAC,0.551201874763997
CCTAGAG,0.569225673731343
CCTAGAT,0.541593515543045
CCTAGCA,0.54074127004072
CCTAGCC,0.551951581618439
CCTAGCG,0.565720729368717
CCTAGCT,0.553916892103012
CCTAGGA,0.578390936767797
CCTAGGC,0.536944699883683
CCTAGGG,0.566367300744755
CCTAGGT,0.556997454550261
CCTAGTA,0.554851398423765
CCTAGTC,0.540835999861121
CCTAGTG,0.566551958664092
CCTAGTT,0.538085185160671
CCTATAA,0.547821220991165
CCTATAC,0.547350780542001
CCTATAG,0.544806570715632
CCTATAT,0.5481974140692
CCTATCA,0.539603811691228
CCTATCC,0.538749868059688
CCTATCG,0.547633071368372
CCTATCT,0.548009335220336
CCTATGA,0.580851223089715
CCTATGC,0.551764207591403
CCTATGG,0.547538983280205
CCTATGT,0.548385457551061
CCTATTA,0.554944801042175
CCTATTC,0.543768182153756
CCTATTG,0.550357782168829
CCTATTT,0.548009335220336
CCTCAAA,0.575375676724759
CCTCAAC,0.532083073827628
CCTCAAG,0.555224956564517
CCTCAAT,0.540457026725178
CCTCACA,0.557183850655207
CCTCACC,0.528061558299266
CCTCACG,0.543957060292236
CCTCACT,0.522674255913265
CCTCAGA,0.570513878612981
CCTCAGC,0.494996142284968
CCTCAGG,0.573635484688835
CCTCAGT,0.536373969109039
CCTCATA,0.548855411612337
CCTCATC,0.561832497291923
CCTCATG,0.533897031449567
CCTCATT,0.534373842334858
CCTCCAA,0.547633071368372
CCTCCAC,0.522577789832099
CCTCCAG,0.538939696340096
CCTCCAT,0.544051485985054
CCTCCCA,0.532178627358997
CCTCCCC,0.510933772520257
CCTCCCG,0.510543293867683
CCTCCCT,0.505256854094923
CCTCCGA,0.530935718706369
CCTCCGC,0.519389177378797
CCTCCGG,0.545372510335971
CCTCCGT,0.538939696340096
CCTCCTA,0.548667456489815
CCTCCTC,0.470298169563252
CCTCCTG,0.501618461812451
CCTCCTT,0.526044719510242
CCTCGAA,0.543295830670659
CCTCGAC,0.552138920543025
CCTCGAG,0.535898111179577
CCTCGAT,0.544900916230684
CCTCGCA,0.538180166913997
CCTCGCC,0.546315031867504
CCTCGCG,0.544900916230684
CCTCGCT,0.534087783086384
CCTCGGA,0.562296175616743
CCTCGGC,0.550451605427465
CCTCGGG,0.536564248895506
CCTCGGT,0.543579268333584
CCTCGTA,0.546785959712392
CCTCGTC,0.552513493137443
CCTCGTG,0.536469113528072
CCTCGTT,0.561275799356101
CCTCTAA,0.553542844912949
CCTCTAC,0.540457026725178
CCTCTAG,0.544712216298664
CCTCTAT,0.553168657759232
CCTCTCA,0.523831123625249
CCTCTCC,0.513078683893704
CCTCTCG,0.551201874763997
CCTCTCT,0.538465058056766
CCTCTGA,0.549982401081462
CCTCTGC,0.498856257477756
CCTCTGG,0.622299757953201
CCTCTGT,0.518130260447674
CCTCTTA,0.537325006183951
CCTCTTC,0.52786965356899
CCTCTTG,0.552513493137443
CCTCTTT,0.508392931548893
CCTGAAA,0.540835999861121
CCTGAAC,0.554384254426142
CCTGAAG,0.578482166506603
CCTGAAT,0.570789706747883
CCTGACA,0.52758172740448
CCTGACC,0.539983108249388
CCTGACG,0.541214829430832
CCTGACT,0.543012312648047
CCTGAGA,0.560811647553586
CCTGAGC,0.537705167906319
CCTGAGG,0.551670507410356
CCTGAGT,0.55615824185977
CCTGATA,0.567659190683096
CCTGATC,0.546315031867504
CCTGATG,0.543579268333584
CCTGATT,0.564518843703587
CCTGCAA,0.542255871371418
CCTGCAC,0.505747514965164
CCTGCAG,0.520259807766204
CCTGCAT,0.553916892103012
CCTGCCA,0.527773687391801
CCTGCCC,0.525756267343864
CCTGCCG,0.535136267181628
CCTGCCT,0.4578195355318
CCTGCGA,0.561646965745918
CCTGCGC,0.532178627358997
CCTGCGG,0.529499671102218
CCTGCGT,0.541214829430832
CCTGCTA,0.543862625682365
CCTGCTC,0.509175416602494
CCTGCTG,0.536278815636684
CCTGCTT,0.541593515543045
CCTGGAA,0.574734905608592
CCTGGAC,0.559417898123035
CCTGGAG,0.717666786060799
CCTGGAT,0.558673770048037
CCTGGCA,0.543957060292236
CCTGGCC,0.491419685118463
CCTGGCG,0.53112703600154
CCTGGCT,0.515607661970508
CCTGGGA,0.589099000511544
CCTGGGC,0.560440170934585
CCTGGGG,0.554010382043475
CCTGGGT,0.630473831672114
CCTGGTA,0.622823508389328
CCTGGTC,0.576473187153277
CCTGGTG,0.637636235373386
CCTGGTT,0.538749868059688
CCTGTAA,0.522770712689623
CCTGTAC,0.537229943167357
CCTGTAG,0.532369707034664
CCTGTAT,0.536754492482464
CCTGTCA,0.546974268771438
CCTGTCC,0.512006803287471
CCTGTCG,0.555598375211691
CCTGTCT,0.528061558299266
CCTGTGA,0.538085185160671
CCTGTGC,0.608762086949317
CCTGTGG,0.61141370858613
CCTGTGT,0.548855411612337
CCTGTTA,0.550451605427465
CCTGTTC,0.542445035341407
CCTGTTG,0.534373842334858
CCTGTTT,0.576381773943198
CCTTAAA,0.536183653109284
CCTTAAC,0.552981511663262
CCTTAAG,0.539414109448797
CCTTAAT,0.554197335707378
CCTTACA,0.565535917878306
CCTTACC,0.550733022398109
CCTTACG,0.547633071368372
CCTTACT,0.544712216298664
CCTTAGA,0.54904333141437
CCTTAGC,0.546126598615548
CCTTAGG,0.5446178529781
CCTTAGT,0.543484798038652
CCTTATA,0.547821220991165
CCTTATC,0.542350457829289
CCTTATG,0.554944801042175
CCTTATT,0.536564248895506
CCTTCAA,0.547633071368372
CCTTCAC,0.564981278386936
CCTTCAG,0.539983108249388
CCTTCAT,0.545183899381137
CCTTCCA,0.53246523318245
CCTTCCC,0.54725666588863
CCTTCCG,0.530361547108925
CCTTCCT,0.536564248895506
CCTTCGA,0.543012312648047
CCTTCGC,0.539793477953543
CCTTCGG,0.548479466033523
CCTTCGT,0.548855411612337
CCTTCTA,0.554290799434086
CCTTCTC,0.521516048308148
CCTTCTG,0.538180166913997
CCTTCTT,0.567197992987867
CCTTGAA,0.541782804836534
CCTTGAC,0.548949375927585
CCTTGAG,0.542539603909466
CCTTGAT,0.539888297596422
CCTTGCA,0.542917788774925
CCTTGCC,0.536373969109039
CCTTGCG,0.54272871422017
CCTTGCT,0.534755127419697
CCTTGGA,0.562110730085728
CCTTGGC,0.575833119129309
CCTTGGG,0.573360440491527
CCTTGGT,0.569961993994717
CCTTGTA,0.546315031867504
CCTTGTC,0.58548198001724
CCTTGTG,0.583850042718541
CCTTGTT,0.534755127419697
CCTTTAA,0.536469113528072
CCTTTAC,0.549419065110049
CCTTTAG,0.554103863244385
CCTTTAT,0.538560003737663
CCTTTCA,0.544900916230684
CCTTTCC,0.528061558299266
CCTTTCG,0.545843882145088
CCTTTCT,0.528445257312865
CCTTTGA,0.537895194585134
CCTTTGC,0.541972058306368
CCTTTGG,0.568212347295667
CCTTTGT,0.537325006183951
CCTTTTA,0.540551783474449
CCTTTTC,0.519292393862529
CCTTTTG,0.576747376655953
CCTTTTT,0.517354753851115
CGAAAAA,0.546785959712392
CGAAAAC,0.546691791883586
CGAAAAG,0.561925250158289
CGAAAAT,0.546785959712392
CGAAACA,0.545938129849809
CGAAACC,0.540835999861121
CGAAACG,0.54857346567922
CGAAACT,0.543106827587251
CGAAAGA,0.556904243467353
CGAAAGC,0.545372510335971
CGAAAGG,0.563315511770882
CGAAAGT,0.555598375211691
CGAAATA,0.546409235179995
CGAAATC,0.554477700685179
CGAAATG,0.545466802474781
CGAAATT,0.557463379684734
CGAACAA,0.557183850655207
CGAACAC,0.547350780542001
CGAACAG,0.547727150604803
CGAACAT,0.549325144920533
CGAACCA,0.548667456489815
CGAACCC,0.547068410005017
CGAACCG,0.547350780542001
CGAACCT,0.555224956564517
CGAACGA,0.549512976479392
CGAACGC,0.546503429619058
CGAACGG,0.549231215909186
CGAACGT,0.5481974140692
CGAACTA,0.548761438466967
CGAACTC,0.545278209305316
CGAACTG,0.547162542376858
CGAACTT,0.54725666588863
CGAAGAA,0.545278209305316
CGAAGAC,0.565258636585741
CGAAGAG,0.547444886338637
CGAAGAT,0.548385457551061
CGAAGCA,0.547444886338637
CGAAGCC,0.545183899381137
CGAAGCG,0.548949375927585
CGAAGCT,0.546974268771438
CGAAGGA,0.553636369827967
CGAAGGC,0.550826810458739
CGAAGGG,0.557742830599617
CGAAGGT,0.552981511663262
CGAAGTA,0.544240310626264
CGAAGTC,0.545466802474781
CGAAGTG,0.560533053027156
CGAAGTT,0.547068410005017
CGAATAA,0.548855411612337
CGAATAC,0.548103379066474
CGAATAG,0.548667456489815
CGAATAT,0.547727150604803
CGAATCA,0.547538983280205
CGAATCC,0.544240310626264
CGAATCG,0.556344794441753
CGAATCT,0.548761438466967
CGAATGA,0.54857346567922
CGAATGC,0.541688164668594
CGAATGG,0.550826810458739
CGAATGT,0.556344794441753
CGAATTA,0.547633071368372
CGAATTC,0.555038194937351
CGAATTG,0.547444886338637
CGAATTT,0.547444886338637
CGACAAA,0.558952882970019
CGACAAC,0.5481974140692
CGACAAG,0.552607114367554
CGACAAT,0.5481974140692
CGACACA,0.546880118674452
CGACACC,0.546880118674452
CGACACG,0.548009335220336
CGACACT,0.546315031867504
CGACAGA,0.551951581618439
CGACAGC,0.540172702592402
CGACAGG,0.544712216298664
CGACAGT,0.556438057683667
CGACATA,0.549137278074351
CGACATC,0.547162542376858
CGACATG,0.548291440230175
CGACATT,0.546409235179995
CGACCAA,0.556064952516456
CGACCAC,0.545278209305316
CGACCAG,0.555785032257735
CGACCAT,0.546597615186365
CGACCCA,0.567474737128617
CGACCCC,0.560161472883153
CGACCCG,0.546126598615548
CGACCCT,0.544712216298664
CGACCGA,0.549606879030218
CGACCGC,0.543768182153756
CGACCGG,0.547821220991165
CGACCGT,0.54725666588863
CGACCTA,0.547915282529121
CGACCTC,0.540930720708634
CGACCTG,0.539793477953543
CGACCTT,0.540646531245729
CGACGAA,0.547633071368372
CGACGAC,0.548667456489815
CGACGAG,0.557556538666944
CGACGAT,0.546597615186365
CGACGCA,0.548949375927585
CGACGCC,0.545372510335971
CGACGCG,0.546126598615548
CGACGCT,0.547444886338637
CGACGGA,0.544051485985054
CGACGGC,0.545466802474781
CGACGGG,0.553262217674982
CGACGGT,0.547915282529121
CGACGTA,0.5481974140692
CGACGTC,0.549137278074351
CGACGTG,0.561739735821665
CGACGTT,0.548479466033523
CGACTAA,0.547538983280205
CGACTAC,0.548103379066474
CGACTAG,0.54857346567922
CGACTAT,0.549325144920533
CGACTCA,0.546220819679912
CGACTCC,0.543957060292236
CGACTCG,0.546032368672738
CGACTCT,0.545183899381137
CGACTGA,0.545655360083569
CGACTGC,0.5446178529781
CGACTGG,0.543012312648047
CGACTGT,0.555224956564517
CGACTTA,0.548291440230175
CGACTTC,0.540362260996215
CGACTTG,0.553168657759232
CGACTTT,0.553262217674982
CGAGAAA,0.555131580110922
CGAGAAC,0.547915282529121
CGAGAAG,0.580305015657142
CGAGAAT,0.55615824185977
CGAGACA,0.546503429619058
CGAGACC,0.521516048308148
CGAGACG,0.546503429619058
CGAGACT,0.529116376530434
CGAGAGA,0.541593515543045
CGAGAGC,0.559975631021395
CGAGAGG,0.55671779523257
CGAGAGT,0.554290799434086
CGAGATA,0.557742830599617
CGAGATC,0.529020529927661
CGAGATG,0.570697772489452
CGAGATT,0.539129488592566
CGAGCAA,0.557463379684734
CGAGCAC,0.53950896506838
CGAGCAG,0.542917788774925
CGAGCAT,0.546503429619058
CGAGCCA,0.55129561886424
CGAGCCC,0.548761438466967
CGAGCCG,0.538275139646646
CGAGCCT,0.547915282529121
CGAGCGA,0.547538983280205
CGAGCGC,0.543862625682365
CGAGCGG,0.544900916230684
CGAGCGT,0.556904243467353
CGAGCTA,0.558115310383227
CGAGCTC,0.548667456489815
CGAGCTG,0.546409235179995
CGAGCTT,0.542917788774925
CGAGGAA,0.542350457829289
CGAGGAC,0.543484798038652
CGAGGAG,0.567843610220735
CGAGGAT,0.552700726833551
CGAGGCA,0.554384254426142
CGAGGCC,0.548385457551061
CGAGGCG,0.539129488592566
CGAGGCT,0.555598375211691
CGAGGGA,0.571984083619654
CGAGGGC,0.542634163535157
CGAGGGG,0.58012288019448
CGAGGGT,0.543579268333584
CGAGGTA,0.568673077517911
CGAGGTC,0.540267486285857
CGAGGTG,0.580578156666248
CGAGGTT,0.555411683318289
CGAGTAA,0.548667456489815
CGAGTAC,0.567751404703236
CGAGTAG,0.552794330537075
CGAGTAT,0.55475798708049
CGAGTCA,0.55653131222836
CGAGTCC,0.539603811691228
CGAGTCG,0.547915282529121
CGAGTCT,0.554944801042175
CGAGTGA,0.545466802474781
CGAGTGC,0.551576798448762
CGAGTGG,0.575833119129309
CGAGTGT,0.555411683318289
CGAGTTA,0.565258636585741
CGAGTTC,0.548291440230175
CGAGTTG,0.553542844912949
CGAGTTT,0.55569170808982
CGATAAA,0.566551958664092
CGATAAC,0.558022203443504
CGATAAG,0.548949375927585
CGATAAT,0.548855411612337
CGATACA,0.549606879030218
CGATACC,0.549137278074351
CGATACG,0.549231215909186
CGATACT,0.548103379066474
CGATAGA,0.545183899381137
CGATAGC,0.549606879030218
CGATAGG,0.548103379066474
CGATAGT,0.549137278074351
CGATATA,0.557463379684734
CGATATC,0.549606879030218
CGATATG,0.549419065110049
CGATATT,0.544712216298664
CGATCAA,0.54904333141437
CGATCAC,0.55671779523257
CGATCAG,0.5481974140692
CGATCAT,0.549231215909186
CGATCCA,0.558394579200281
CGATCCC,0.545466802474781
CGATCCG,0.549231215909186
CGATCCT,0.546880118674452
CGATCGA,0.54857346567922
CGATCGC,0.548949375927585
CGATCGG,0.548667456489815
CGATCGT,0.549137278074351
CGATCTA,0.549606879030218
CGATCTC,0.550920589723994
CGATCTG,0.55569170808982
CGATCTT,0.554290799434086
CGATGAA,0.556344794441753
CGATGAC,0.547538983280205
CGATGAG,0.56034728021413
CGATGAT,0.555038194937351
CGATGCA,0.542350457829289
CGATGCC,0.546220819679912
CGATGCG,0.546409235179995
CGATGCT,0.541782804836534
CGATGGA,0.547068410005017
CGATGGC,0.5446178529781
CGATGGG,0.553916892103012
CGATGGT,0.556997454550261
CGATGTA,0.546974268771438
CGATGTC,0.546409235179995
CGATGTG,0.552513493137443
CGATGTT,0.549419065110049
CGATTAA,0.54857346567922
CGATTAC,0.548667456489815
CGATTAG,0.547915282529121
CGATTAT,0.549137278074351
CGATTCA,0.548103379066474
CGATTCC,0.546220819679912
CGATTCG,0.549512976479392
CGATTCT,0.54442909961946
CGATTGA,0.5481974140692
CGATTGC,0.547915282529121
CGATTGG,0.539888297596422
CGATTGT,0.546785959712392
CGATTTA,0.545655360083569
CGATTTC,0.544240310626264
CGATTTG,0.544051485985054
CGATTTT,0.547538983280205
CGCAAAA,0.555318324299763
CGCAAAC,0.546315031867504
CGCAAAG,0.554290799434086
CGCAAAT,0.548479466033523
CGCAACA,0.547727150604803
CGCAACC,0.539414109448797
CGCAACG,0.549231215909186
CGCAACT,0.546880118674452
CGCAAGA,0.555785032257735
CGCAAGC,0.557556538666944
CGCAAGG,0.547444886338637
CGCAAGT,0.5457496255569
CGCAATA,0.549606879030218
CGCAATC,0.546409235179995
CGCAATG,0.549606879030218
CGCAATT,0.549606879030218
CGCACAA,0.546220819679912
CGCACAC,0.552419863141576
CGCACAG,0.531987511164909
CGCACAT,0.540362260996215
CGCACCA,0.535231529428386
CGCACCC,0.54149885745819
CGCACCG,0.555598375211691
CGCACCT,0.541593515543045
CGCACGA,0.547538983280205
CGCACGC,0.553262217674982
CGCACGG,0.545561085723422
CGCACGT,0.554010382043475
CGCACTA,0.546032368672738
CGCACTC,0.562666963540514
CGCACTG,0.541404190412335
CGCACTT,0.552981511663262
CGCAGAA,0.545561085723422
CGCAGAC,0.547915282529121
CGCAGAG,0.543106827587251
CGCAGAT,0.553355768838094
CGCAGCA,0.538180166913997
CGCAGCC,0.546597615186365
CGCAGCG,0.550263950106564
CGCAGCT,0.549419065110049
CGCAGGA,0.575741647387152
CGCAGGC,0.543106827587251
CGCAGGG,0.584666344270272
CGCAGGT,0.555785032257735
CGCAGTA,0.547162542376858
CGCAGTC,0.552794330537075
CGCAGTG,0.554103863244385
CGCAGTT,0.5449952528455
CGCATAA,0.545466802474781
CGCATAC,0.546785959712392
CGCATAG,0.546974268771438
CGCATAT,0.549606879030218
CGCATCA,0.546503429619058
CGCATCC,0.540267486285857
CGCATCG,0.545938129849809
CGCATCT,0.543295830670659
CGCATGA,0.548479466033523
CGCATGC,0.553449311250204
CGCATGG,0.56146139977157
CGCATGT,0.541782804836534
CGCATTA,0.557556538666944
CGCATTC,0.542445035341407
CGCATTG,0.548009335220336
CGCATTT,0.546880118674452
CGCCAAA,0.558115310383227
CGCCAAC,0.558859853985092
CGCCAAG,0.545938129849809
CGCCAAT,0.545561085723422
CGCCACA,0.553168657759232
CGCCACC,0.539983108249388
CGCCACG,0.54442909961946
CGCCACT,0.536373969109039
CGCCAGA,0.545843882145088
CGCCAGC,0.56257427944787
CGCCAGG,0.556997454550261
CGCCAGT,0.543106827587251
CGCCATA,0.549137278074351
CGCCATC,0.568396664858027
CGCCATG,0.557090656945672
CGCCATT,0.542255871371418
CGCCCAA,0.5446178529781
CGCCCAC,0.541593515543045
CGCCCAG,0.537610141023894
CGCCCAT,0.542823255966196
CGCCCCA,0.540930720708634
CGCCCCC,0.523252857062111
CGCCCCG,0.528253426209182
CGCCCCT,0.528061558299266
CGCCCGA,0.554103863244385
CGCCCGC,0.535136267181628
CGCCCGG,0.538844786704239
CGCCCGT,0.552700726833551
CGCCCTA,0.555971654469429
CGCCCTC,0.543012312648047
CGCCCTG,0.533801641984602
CGCCCTT,0.543106827587251
CGCCGAA,0.5481974140692
CGCCGAC,0.547915282529121
CGCCGAG,0.548949375927585
CGCCGAT,0.548949375927585
CGCCGCA,0.545843882145088
CGCCGCC,0.561090164486722
CGCCGCG,0.539698649319047
CGCCGCT,0.541972058306368
CGCCGGA,0.544806570715632
CGCCGGC,0.54272871422017
CGCCGGG,0.540930720708634
CGCCGGT,0.5481974140692
CGCCGTA,0.5481974140692
CGCCGTC,0.54272871422017
CGCCGTG,0.569225673731343
CGCCGTT,0.544523480752259
CGCCTAA,0.5446178529781
CGCCTAC,0.547915282529121
CGCCTAG,0.547350780542001
CGCCTAT,0.545089580561758
CGCCTCA,0.53950896506838
CGCCTCC,0.528541159066782
CGCCTCG,0.542445035341407
CGCCTCT,0.556251522500995
CGCCTGA,0.536754492482464
CGCCTGC,0.529691263309161
CGCCTGG,0.551857898993549
CGCCTGT,0.51044565037589
CGCCTTA,0.54904333141437
CGCCTTC,0.536564248895506
CGCCTTG,0.537420060164427
CGCCTTT,0.538085185160671
CGCGAAA,0.558952882970019
CGCGAAC,0.548479466033523
CGCGAAG,0.551857898993549
CGCGAAT,0.548949375927585
CGCGACA,0.556344794441753
CGCGACC,0.545843882145088
CGCGACG,0.546315031867504
CGCGACT,0.546785959712392
CGCGAGA,0.54725666588863
CGCGAGC,0.546880118674452
CGCGAGG,0.554851398423765
CGCGAGT,0.548291440230175
CGCGATA,0.547444886338637
CGCGATC,0.55615824185977
CGCGATG,0.546974268771438
CGCGATT,0.546503429619058
CGCGCAA,0.546974268771438
CGCGCAC,0.54988853378815
CGCGCAG,0.540835999861121
CGCGCAT,0.546503429619058
CGCGCCA,0.537990194384955
CGCGCCC,0.533897031449567
CGCGCCG,0.543295830670659
CGCGCCT,0.546974268771438
CGCGCGA,0.555411683318289
CGCGCGC,0.565628327892922
CGCGCGG,0.533801641984602
CGCGCGT,0.54725666588863
CGCGCTA,0.549231215909186
CGCGCTC,0.546220819679912
CGCGCTG,0.539603811691228
CGCGCTT,0.547821220991165
CGCGGAA,0.544712216298664
CGCGGAC,0.55475798708049
CGCGGAG,0.540362260996215
CGCGGAT,0.546974268771438
CGCGGCA,0.541025432584957
CGCGGCC,0.530457265272047
CGCGGCG,0.537610141023894
CGCGGCT,0.541404190412335
CGCGGGA,0.54112013549179
CGCGGGC,0.555505033621723
CGCGGGG,0.544712216298664
CGCGGGT,0.539034596968968
CGCGGTA,0.556344794441753
CGCGGTC,0.54904333141437
CGCGGTG,0.554197335707378
CGCGGTT,0.542255871371418
CGCGTAA,0.549606879030218
CGCGTAC,0.549325144920533
CGCGTAG,0.546974268771438
CGCGTAT,0.549606879030218
CGCGTCA,0.554664567010722
CGCGTCC,0.537610141023894
CGCGTCG,0.545843882145088
CGCGTCT,0.562759639043613
CGCGTGA,0.557463379684734
CGCGTGC,0.542255871371418
CGCGTGG,0.542255871371418
CGCGTGT,0.543295830670659
CGCGTTA,0.54904333141437
CGCGTTC,0.545938129849809
CGCGTTG,0.5457496255569
CGCGTTT,0.565997882578947
CGCTAAA,0.548103379066474
CGCTAAC,0.549606879030218
CGCTAAG,0.547444886338637
CGCTAAT,0.557556538666944
CGCTACA,0.54725666588863
CGCTACC,0.546597615186365
CGCTACG,0.5481974140692
CGCTACT,0.546032368672738
CGCTAGA,0.549512976479392
CGCTAGC,0.549137278074351
CGCTAGG,0.564518843703587
CGCTAGT,0.547068410005017
CGCTATA,0.549606879030218
CGCTATC,0.54725666588863
CGCTATG,0.546974268771438
CGCTATT,0.549137278074351
CGCTCAA,0.546126598615548
CGCTCAC,0.537515105110502
CGCTCAG,0.538465058056766
CGCTCAT,0.557183850655207
CGCTCCA,0.552513493137443
CGCTCCC,0.543106827587251
CGCTCCG,0.540551783474449
CGCTCCT,0.539319244830773
CGCTCGA,0.548949375927585
CGCTCGC,0.546503429619058
CGCTCGG,0.555785032257735
CGCTCGT,0.547633071368372
CGCTCTA,0.549325144920533
CGCTCTC,0.541593515543045
CGCTCTG,0.5457496255569
CGCTCTT,0.551014360195522
CGCTGAA,0.544712216298664
CGCTGAC,0.539129488592566
CGCTGAG,0.571524876705065
CGCTGAT,0.540930720708634
CGCTGCA,0.54725666588863
CGCTGCC,0.549982401081462
CGCTGCG,0.548855411612337
CGCTGCT,0.545655360083569
CGCTGGA,0.536278815636684
CGCTGGC,0.571524876705065
CGCTGGG,0.542161275966103
CGCTGGT,0.561646965745918
CGCTGTA,0.564148741926171
CGCTGTC,0.54988853378815
CGCTGTG,0.569041508920624
CGCTGTT,0.589459984044684
CGCTTAA,0.557183850655207
CGCTTAC,0.548385457551061
CGCTTAG,0.546974268771438
CGCTTAT,0.546220819679912
CGCTTCA,0.546032368672738
CGCTTCC,0.545183899381137
CGCTTCG,0.546880118674452
CGCTTCT,0.540267486285857
CGCTTGA,0.545089580561758
CGCTTGC,0.551576798448762
CGCTTGG,0.551951581618439
CGCTTGT,0.546597615186365
CGCTTTA,0.540457026725178
CGCTTTC,0.552138920543025
CGCTTTG,0.553075089089205
CGCTTTT,0.544145902762502
CGGAAAA,0.545561085723422
CGGAAAC,0.557649688971366
CGGAAAG,0.544712216298664
CGGAAAT,0.557183850655207
CGGAACA,0.545466802474781
CGGAACC,0.554571138212828
CGGAACG,0.548949375927585
CGGAACT,0.543768182153756
CGGAAGA,0.562388885487578
CGGAAGC,0.552981511663262
CGGAAGG,0.588557280764589
CGGAAGT,0.549512976479392
CGGAATA,0.549606879030218
CGGAATC,0.547350780542001
CGGAATG,0.572901865319618
CGGAATT,0.547350780542001
CGGACAA,0.544523480752259
CGGACAC,0.540835999861121
CGGACAG,0.551951581618439
CGGACAT,0.546220819679912
CGGACCA,0.545843882145088
CGGACCC,0.561182986228949
CGGACCG,0.547727150604803
CGGACCT,0.552887925479765
CGGACGA,0.548855411612337
CGGACGC,0.552981511663262
CGGACGG,0.554664567010722
CGGACGT,0.546220819679912
CGGACTA,0.549606879030218
CGGACTC,0.553542844912949
CGGACTG,0.5457496255569
CGGACTT,0.548667456489815
CGGAGAA,0.546597615186365
CGGAGAC,0.569225673731343
CGGAGAG,0.610530615709903
CGGAGAT,0.544240310626264
CGGAGCA,0.53950896506838
CGGAGCC,0.539983108249388
CGGAGCG,0.55653131222836
CGGAGCT,0.535517261731385
CGGAGGA,0.559417898123035
CGGAGGC,0.595038629415996
CGGAGGG,0.572810125044892
CGGAGGT,0.564703843239218
CGGAGTA,0.548761438466967
CGGAGTC,0.541782804836534
CGGAGTG,0.54988853378815
CGGAGTT,0.571065458822604
CGGATAA,0.558115310383227
CGGATAC,0.557277035680483
CGGATAG,0.545938129849809
CGGATAT,0.549231215909186
CGGATCA,0.538749868059688
CGGATCC,0.540930720708634
CGGATCG,0.557277035680483
CGGATCT,0.556064952516456
CGGATGA,0.547068410005017
CGGATGC,0.543295830670659
CGGATGG,0.540077909914147
CGGATGT,0.543673729704724
CGGATTA,0.546880118674452
CGGATTC,0.546220819679912
CGGATTG,0.56368592199964
CGGATTT,0.551108121874974
CGGCAAA,0.555411683318289
CGGCAAC,0.548667456489815
CGGCAAG,0.541688164668594
CGGCAAT,0.548667456489815
CGGCACA,0.54442909961946
CGGCACC,0.542350457829289
CGGCACG,0.544523480752259
CGGCACT,0.553449311250204
CGGCAGA,0.567013454336363
CGGCAGC,0.546597615186365
CGGCAGG,0.534469177236151
CGGCAGT,0.559975631021395
CGGCATA,0.547915282529121
CGGCATC,0.538560003737663
CGGCATG,0.564703843239218
CGGCATT,0.541782804836534
CGGCCAA,0.541688164668594
CGGCCAC,0.545372510335971
CGGCCAG,0.552138920543025
CGGCCAT,0.548385457551061
CGGCCCA,0.557463379684734
CGGCCCC,0.535136267181628
CGGCCCG,0.539983108249388
CGGCCCT,0.530552974274079
CGGCCGA,0.554664567010722
CGGCCGC,0.53284724654729
CGGCCGG,0.528637051624434
CGGCCGT,0.544712216298664
CGGCCTA,0.556624558077454
CGGCCTC,0.543768182153756
CGGCCTG,0.558115310383227
CGGCCTT,0.551389354177351
CGGCGAA,0.547350780542001
CGGCGAC,0.546220819679912
CGGCGAG,0.545278209305316
CGGCGAT,0.548291440230175
CGGCGCA,0.54725666588863
CGGCGCC,0.544806570715632
CGGCGCG,0.538465058056766
CGGCGCT,0.539129488592566
CGGCGGA,0.553262217674982
CGGCGGC,0.545843882145088
CGGCGGG,0.558022203443504
CGGCGGT,0.545843882145088
CGGCGTA,0.549606879030218
CGGCGTC,0.539983108249388
CGGCGTG,0.539888297596422
CGGCGTT,0.547350780542001
CGGCTAA,0.539698649319047
CGGCTAC,0.553916892103012
CGGCTAG,0.547915282529121
CGGCTAT,0.546597615186365
CGGCTCA,0.551857898993549
CGGCTCC,0.536944699883683
CGGCTCG,0.543957060292236
CGGCTCT,0.561554187063086
CGGCTGA,0.543768182153756
CGGCTGC,0.540457026725178
CGGCTGG,0.566921172238596
CGGCTGT,0.570697772489452
CGGCTTA,0.547444886338637
CGGCTTC,0.531796358438441
CGGCTTG,0.55681102369533
CGGCTTT,0.551764207591403
CGGGAAA,0.543579268333584
CGGGAAC,0.53504099585911
CGGGAAG,0.591533114346221
CGGGAAT,0.551951581618439
CGGGACA,0.548479466033523
CGGGACC,0.564518843703587
CGGGACG,0.54857346567922
CGGGACT,0.560254380864187
CGGGAGA,0.53684960070543
CGGGAGC,0.546409235179995
CGGGAGG,0.593691808272819
CGGGAGT,0.582124548073644
CGGGATA,0.5457496255569
CGGGATC,0.55615824185977
CGGGATG,0.580942228663324
CGGGATT,0.56146139977157
CGGGCAA,0.572534853712235
CGGGCAC,0.551670507410356
CGGGCAG,0.567105727918929
CGGGCAT,0.545466802474781
CGGGCCA,0.549419065110049
CGGGCCC,0.543201333594226
CGGGCCG,0.572626619242745
CGGGCCT,0.548291440230175
CGGGCGA,0.543012312648047
CGGGCGC,0.528541159066782
CGGGCGG,0.543390318818239
CGGGCGT,0.545089580561758
CGGGCTA,0.548009335220336
CGGGCTC,0.554197335707378
CGGGCTG,0.624741583150902
CGGGCTT,0.551576798448762
CGGGGAA,0.591262949657051
CGGGGAC,0.561925250158289
CGGGGAG,0.627611814740024
CGGGGAT,0.550639225540454
CGGGGCA,0.555318324299763
CGGGGCC,0.548385457551061
CGGGGCG,0.567751404703236
CGGGGCT,0.605482040443177
CGGGGGA,0.560254380864187
CGGGGGC,0.58521017534618
CGGGGGG,0.550545419884123
CGGGGGT,0.550545419884123
CGGGGTA,0.544523480752259
CGGGGTC,0.564056195075461
CGGGGTG,0.576473187153277
CGGGGTT,0.557835963553314
CGGGTAA,0.545843882145088
CGGGTAC,0.546409235179995
CGGGTAG,0.571065458822604
CGGGTAT,0.573635484688835
CGGGTCA,0.548103379066474
CGGGTCC,0.543579268333584
CGGGTCG,0.564981278386936
CGGGTCT,0.580851223089715
CGGGTGA,0.555411683318289
CGGGTGC,0.548761438466967
CGGGTGG,0.545561085723422
CGGGTGT,0.551389354177351
CGGGTTA,0.55653131222836
CGGGTTC,0.537039790018942
CGGGTTG,0.562481586764089
CGGGTTT,0.548291440230175
CGGTAAA,0.555131580110922
CGGTAAC,0.555505033621723
CGGTAAG,0.545561085723422
CGGTAAT,0.547350780542001
CGGTACA,0.547350780542001
CGGTACC,0.562944964287544
CGGTACG,0.546220819679912
CGGTACT,0.556344794441753
CGGTAGA,0.545183899381137
CGGTAGC,0.554944801042175
CGGTAGG,0.543295830670659
CGGTAGT,0.548855411612337
CGGTATA,0.548667456489815
CGGTATC,0.557370212023119
CGGTATG,0.557649688971366
CGGTATT,0.564703843239218
CGGTCAA,0.547633071368372
CGGTCAC,0.547538983280205
CGGTCAG,0.562852305958759
CGGTCAT,0.55223257684601
CGGTCCA,0.548009335220336
CGGTCCC,0.539414109448797
CGGTCCG,0.543862625682365
CGGTCCT,0.546785959712392
CGGTCGA,0.549606879030218
CGGTCGC,0.548479466033523
CGGTCGG,0.546691791883586
CGGTCGT,0.548385457551061
CGGTCTA,0.558859853985092
CGGTCTC,0.551108121874974
CGGTCTG,0.551201874763997
CGGTCTT,0.548385457551061
CGGTGAA,0.539319244830773
CGGTGAC,0.56812017577306
CGGTGAG,0.593691808272819
CGGTGAT,0.572534853712235
CGGTGCA,0.563037614031558
CGGTGCC,0.533038198518314
CGGTGCG,0.548009335220336
CGGTGCT,0.548479466033523
CGGTGGA,0.546691791883586
CGGTGGC,0.576564592007744
CGGTGGG,0.598442480024063
CGGTGGT,0.615026258029004
CGGTGTA,0.558022203443504
CGGTGTC,0.545372510335971
CGGTGTG,0.533229114033644
CGGTGTT,0.546691791883586
CGGTTAA,0.548291440230175
CGGTTAC,0.565905506710152
CGGTTAG,0.546785959712392
CGGTTAT,0.549137278074351
CGGTTCA,0.563037614031558
CGGTTCC,0.564703843239218
CGGTTCG,0.545183899381137
CGGTTCT,0.564333809936794
CGGTTGA,0.557370212023119
CGGTTGC,0.542066671611651
CGGTTGG,0.564981278386936
CGGTTGT,0.5449952528455
CGGTTTA,0.557090656945672
CGGTTTC,0.542445035341407
CGGTTTG,0.556344794441753
CGGTTTT,0.563130255192393
CGTAAAA,0.545655360083569
CGTAAAC,0.547821220991165
CGTAAAG,0.548009335220336
CGTAAAT,0.546785959712392
CGTAACA,0.557929087834071
CGTAACC,0.554290799434086
CGTAACG,0.549606879030218
CGTAACT,0.549606879030218
CGTAAGA,0.565813122307268
CGTAAGC,0.547068410005017
CGTAAGG,0.557649688971366
CGTAAGT,0.546974268771438
CGTAATA,0.547821220991165
CGTAATC,0.546880118674452
CGTAATG,0.546880118674452
CGTAATT,0.547538983280205
CGTACAA,0.547538983280205
CGTACAC,0.547915282529121
CGTACAG,0.546597615186365
CGTACAT,0.546691791883586
CGTACCA,0.548103379066474
CGTACCC,0.54857346567922
CGTACCG,0.558952882970019
CGTACCT,0.555971654469429
CGTACGA,0.549606879030218
CGTACGC,0.548855411612337
CGTACGG,0.549606879030218
CGTACGT,0.549606879030218
CGTACTA,0.54904333141437
CGTACTC,0.5481974140692
CGTACTG,0.546315031867504
CGTACTT,0.548479466033523
CGTAGAA,0.55681102369533
CGTAGAC,0.544523480752259
CGTAGAG,0.550639225540454
CGTAGAT,0.556997454550261
CGTAGCA,0.544900916230684
CGTAGCC,0.563778503122715
CGTAGCG,0.558301498260002
CGTAGCT,0.554384254426142
CGTAGGA,0.54442909961946
CGTAGGC,0.546691791883586
CGTAGGG,0.565443499323289
CGTAGGT,0.578755805796457
CGTAGTA,0.556904243467353
CGTAGTC,0.557183850655207
CGTAGTG,0.543768182153756
CGTAGTT,0.556997454550261
CGTATAA,0.558487651477305
CGTATAC,0.557090656945672
CGTATAG,0.557370212023119
CGTATAT,0.546974268771438
CGTATCA,0.55681102369533
CGTATCC,0.558394579200281
CGTATCG,0.549606879030218
CGTATCT,0.543862625682365
CGTATGA,0.548009335220336
CGTATGC,0.548291440230175
CGTATGG,0.544051485985054
CGTATGT,0.548103379066474
CGTATTA,0.557277035680483
CGTATTC,0.545183899381137
CGTATTG,0.545938129849809
CGTATTT,0.545466802474781
CGTCAAA,0.54904333141437
CGTCAAC,0.55671779523257
CGTCAAG,0.543768182153756
CGTCAAT,0.546691791883586
CGTCACA,0.545938129849809
CGTCACC,0.550826810458739
CGTCACG,0.54725666588863
CGTCACT,0.564241280212754
CGTCAGA,0.552138920543025
CGTCAGC,0.552607114367554
CGTCAGG,0.579940711552448
CGTCAGT,0.543390318818239
CGTCATA,0.548949375927585
CGTCATC,0.550263950106564
CGTCATG,0.561368603869775
CGTCATT,0.546785959712392
CGTCCAA,0.554571138212828
CGTCCAC,0.543201333594226
CGTCCAG,0.559138914980721
CGTCCAT,0.543201333594226
CGTCCCA,0.538749868059688
CGTCCCC,0.531891939369096
CGTCCCG,0.5449952528455
CGTCCCT,0.538275139646646
CGTCCGA,0.555785032257735
CGTCCGC,0.542445035341407
CGTCCGG,0.545843882145088
CGTCCGT,0.547350780542001
CGTCCTA,0.555318324299763
CGTCCTC,0.539224371212598
CGTCCTG,0.562759639043613
CGTCCTT,0.550733022398109
CGTCGAA,0.549606879030218
CGTCGAC,0.546785959712392
CGTCGAG,0.544806570715632
CGTCGAT,0.548855411612337
CGTCGCA,0.548009335220336
CGTCGCC,0.545466802474781
CGTCGCG,0.545655360083569
CGTCGCT,0.547727150604803
CGTCGGA,0.54857346567922
CGTCGGC,0.545372510335971
CGTCGGG,0.554477700685179
CGTCGGT,0.548667456489815
CGTCGTA,0.548479466033523
CGTCGTC,0.543768182153756
CGTCGTG,0.548291440230175
CGTCGTT,0.548949375927585
CGTCTAA,0.546974268771438
CGTCTAC,0.545089580561758
CGTCTAG,0.566459633966742
CGTCTAT,0.540646531245729
CGTCTCA,0.523445649740235
CGTCTCC,0.53370624341962
CGTCTCG,0.544051485985054
CGTCTCT,0.521612616860803
CGTCTGA,0.562759639043613
CGTCTGC,0.552138920543025
CGTCTGG,0.565813122307268
CGTCTGT,0.577021490999354
CGTCTTA,0.547915282529121
CGTCTTC,0.551764207591403
CGTCTTG,0.542161275966103
CGTCTTT,0.548291440230175
CGTGAAA,0.542255871371418
CGTGAAC,0.538560003737663
CGTGAAG,0.592882844041023
CGTGAAT,0.546126598615548
CGTGACA,0.553636369827967
CGTGACC,0.566090249915229
CGTGACG,0.545183899381137
CGTGACT,0.56146139977157
CGTGAGA,0.559138914980721
CGTGAGC,0.549606879030218
CGTGAGG,0.577112845752214
CGTGAGT,0.553355768838094
CGTGATA,0.553636369827967
CGTGATC,0.543957060292236
CGTGATG,0.554010382043475
CGTGATT,0.543862625682365
CGTGCAA,0.552981511663262
CGTGCAC,0.566551958664092
CGTGCAG,0.591443067559472
CGTGCAT,0.556344794441753
CGTGCCA,0.5449952528455
CGTGCCC,0.535898111179577
CGTGCCG,0.550357782168829
CGTGCCT,0.541214829430832
CGTGCGA,0.548291440230175
CGTGCGC,0.542539603909466
CGTGCGG,0.562852305958759
CGTGCGT,0.5457496255569
CGTGCTA,0.554290799434086
CGTGCTC,0.566551958664092
CGTGCTG,0.567843610220735
CGTGCTT,0.542539603909466
CGTGGAA,0.55932491238995
CGTGGAC,0.55978975461602
CGTGGAG,0.560997334127819
CGTGGAT,0.565351072226294
CGTGGCA,0.55681102369533
CGTGGCC,0.543012312648047
CGTGGCG,0.537515105110502
CGTGGCT,0.527965610537556
CGTGGGA,0.630733609314802
CGTGGGC,0.561739735821665
CGTGGGG,0.579758509718956
CGTGGGT,0.566182608720574
CGTGGTA,0.549700772764182
CGTGGTC,0.562944964287544
CGTGGTG,0.596114781825512
CGTGGTT,0.565628327892922
CGTGTAA,0.546880118674452
CGTGTAC,0.543673729704724
CGTGTAG,0.545278209305316
CGTGTAT,0.545183899381137
CGTGTCA,0.550733022398109
CGTGTCC,0.539224371212598
CGTGTCG,0.554103863244385
CGTGTCT,0.526044719510242
CGTGTGA,0.561554187063086
CGTGTGC,0.564611347749506
CGTGTGG,0.596831573912122
CGTGTGT,0.545278209305316
CGTGTTA,0.56257427944787
CGTGTTC,0.540930720708634
CGTGTTG,0.553355768838094
CGTGTTT,0.549700772764182
CGTTAAA,0.547444886338637
CGTTAAC,0.556064952516456
CGTTAAG,0.54725666588863
CGTTAAT,0.558022203443504
CGTTACA,0.547350780542001
CGTTACC,0.5449952528455
CGTTACG,0.549137278074351
CGTTACT,0.547915282529121
CGTTAGA,0.545655360083569
CGTTAGC,0.555971654469429
CGTTAGG,0.547068410005017
CGTTAGT,0.548479466033523
CGTTATA,0.548949375927585
CGTTATC,0.5457496255569
CGTTATG,0.546691791883586
CGTTATT,0.546032368672738
CGTTCAA,0.546315031867504
CGTTCAC,0.555785032257735
CGTTCAG,0.543295830670659
CGTTCAT,0.547162542376858
CGTTCCA,0.545372510335971
CGTTCCC,0.549606879030218
CGTTCCG,0.546880118674452
CGTTCCT,0.551576798448762
CGTTCGA,0.549137278074351
CGTTCGC,0.546220819679912
CGTTCGG,0.558859853985092
CGTTCGT,0.548009335220336
CGTTCTA,0.548009335220336
CGTTCTC,0.552326224378313
CGTTCTG,0.537420060164427
CGTTCTT,0.554103863244385
CGTTGAA,0.563500734035728
CGTTGAC,0.545843882145088
CGTTGAG,0.564611347749506
CGTTGAT,0.552607114367554
CGTTGCA,0.54112013549179
CGTTGCC,0.55681102369533
CGTTGCG,0.545183899381137
CGTTGCT,0.543862625682365
CGTTGGA,0.552326224378313
CGTTGGC,0.55223257684601
CGTTGGG,0.550826810458739
CGTTGGT,0.550357782168829
CGTTGTA,0.552326224378313
CGTTGTC,0.554290799434086
CGTTGTG,0.601656528032004
CGTTGTT,0.550826810458739
CGTTTAA,0.547162542376858
CGTTTAC,0.554290799434086
CGTTTAG,0.564888808556351
CGTTTAT,0.556624558077454
CGTTTCA,0.539983108249388
CGTTTCC,0.554944801042175
CGTTTCG,0.546785959712392
CGTTTCT,0.534469177236151
CGTTTGA,0.579667396351631
CGTTTGC,0.547068410005017
CGTTTGG,0.582397192613382
CGTTTGT,0.56146139977157
CGTTTTA,0.551764207591403
CGTTTTC,0.548667456489815
CGTTTTG,0.55978975461602
CGTTTTT,0.542350457829289
CTAAAAA,0.512006803287471
CTAAAAC,0.537705167906319
CTAAAAG,0.578755805796457
CTAAAAT,0.550170109239016
CTAAACA,0.562388885487578
CTAAACC,0.54149885745819
CTAAACG,0.545183899381137
CTAAACT,0.559975631021395
CTAAAGA,0.568396664858027
CTAAAGC,0.540457026725178
CTAAAGG,0.540362260996215
CTAAAGT,0.559975631021395
CTAAATA,0.535326782601112
CTAAATC,0.550170109239016
CTAAATG,0.548949375927585
CTAAATT,0.568212347295667
CTAACAA,0.550076259564533
CTAACAC,0.536754492482464
CTAACAG,0.533419993107197
CTAACAT,0.53313366083207
CTAACCA,0.54074127004072
CTAACCC,0.537990194384955
CTAACCG,0.564056195075461
CTAACCT,0.554851398423765
CTAACGA,0.547068410005017
CTAACGC,0.548385457551061
CTAACGG,0.545278209305316
CTAACGT,0.546220819679912
CTAACTA,0.540835999861121
CTAACTC,0.552138920543025
CTAACTG,0.552700726833551
CTAACTT,0.550170109239016
CTAAGAA,0.558766816344968
CTAAGAC,0.552981511663262
CTAAGAG,0.541688164668594
CTAAGAT,0.546032368672738
CTAAGCA,0.552700726833551
CTAAGCC,0.535898111179577
CTAAGCG,0.557090656945672
CTAAGCT,0.549512976479392
CTAAGGA,0.608053798760494
CTAAGGC,0.540267486285857
CTAAGGG,0.557556538666944
CTAAGGT,0.554571138212828
CTAAGTA,0.558952882970019
CTAAGTC,0.541404190412335
CTAAGTG,0.535231529428386
CTAAGTT,0.558766816344968
CTAATAA,0.564241280212754
CTAATAC,0.543484798038652
CTAATAG,0.545561085723422
CTAATAT,0.540077909914147
CTAATCA,0.54442909961946
CTAATCC,0.542255871371418
CTAATCG,0.549606879030218
CTAATCT,0.542255871371418
CTAATGA,0.541025432584957
CTAATGC,0.539224371212598
CTAATGG,0.55129561886424
CTAATGT,0.557929087834071
CTAATTA,0.566551958664092
CTAATTC,0.54272871422017
CTAATTG,0.541782804836534
CTAATTT,0.52045317829086
CTACAAA,0.547068410005017
CTACAAC,0.543201333594226
CTACAAG,0.543390318818239
CTACAAT,0.554477700685179
CTACACA,0.572075899703475
CTACACC,0.55129561886424
CTACACG,0.548009335220336
CTACACT,0.555598375211691
CTACAGA,0.54857346567922
CTACAGC,0.554477700685179
CTACAGG,0.554944801042175
CTACAGT,0.547538983280205
CTACATA,0.56257427944787
CTACATC,0.550357782168829
CTACATG,0.546409235179995
CTACATT,0.54112013549179
CTACCAA,0.550733022398109
CTACCAC,0.552513493137443
CTACCAG,0.548855411612337
CTACCAT,0.547162542376858
CTACCCA,0.54149885745819
CTACCCC,0.55978975461602
CTACCCG,0.546691791883586
CTACCCT,0.559417898123035
CTACCGA,0.546220819679912
CTACCGC,0.544900916230684
CTACCGG,0.545278209305316
CTACCGT,0.546032368672738
CTACCTA,0.554944801042175
CTACCTC,0.552794330537075
CTACCTG,0.542539603909466
CTACCTT,0.545466802474781
CTACGAA,0.548385457551061
CTACGAC,0.548009335220336
CTACGAG,0.556438057683667
CTACGAT,0.548855411612337
CTACGCA,0.546785959712392
CTACGCC,0.548855411612337
CTACGCG,0.548761438466967
CTACGCT,0.545372510335971
CTACGGA,0.544334709578022
CTACGGC,0.547162542376858
CTACGGG,0.553729885996893
CTACGGT,0.545561085723422
CTACGTA,0.547633071368372
CTACGTC,0.547350780542001
CTACGTG,0.554197335707378
CTACGTT,0.548667456489815
CTACTAA,0.511811792405801
CTACTAC,0.55671779523257
CTACTAG,0.542161275966103
CTACTAT,0.547444886338637
CTACTCA,0.534850425979874
CTACTCC,0.535993300882455
CTACTCG,0.535707704586269
CTACTCT,0.555878347717063
CTACTGA,0.557929087834071
CTACTGC,0.565628327892922
CTACTGG,0.542161275966103
CTACTGT,0.534945715459102
CTACTTA,0.553168657759232
CTACTTC,0.557370212023119
CTACTTG,0.546220819679912
CTACTTT,0.533229114033644
CTAGAAA,0.538465058056766
CTAGAAC,0.538844786704239
CTAGAAG,0.563222887771637
CTAGAAT,0.548385457551061
CTAGACA,0.546032368672738
CTAGACC,0.558766816344968
CTAGACG,0.548103379066474
CTAGACT,0.550263950106564
CTAGAGA,0.571341134879079
CTAGAGC,0.561182986228949
CTAGAGG,0.550357782168829
CTAGAGT,0.549325144920533
CTAGATA,0.565351072226294
CTAGATC,0.5449952528455
CTAGATG,0.543862625682365
CTAGATT,0.536754492482464
CTAGCAA,0.537800185759494
CTAGCAC,0.541972058306368
CTAGCAG,0.562666963540514
CTAGCAT,0.555878347717063
CTAGCCA,0.566828881624059
CTAGCCC,0.543390318818239
CTAGCCG,0.546691791883586
CTAGCCT,0.546126598615548
CTAGCGA,0.548291440230175
CTAGCGC,0.557649688971366
CTAGCGG,0.555224956564517
CTAGCGT,0.575558678797771
CTAGCTA,0.538749868059688
CTAGCTC,0.557835963553314
CTAGCTG,0.565351072226294
CTAGCTT,0.54272871422017
CTAGGAA,0.582942258789008
CTAGGAC,0.603971377272277
CTAGGAG,0.602280283994505
CTAGGAT,0.557277035680483
CTAGGCA,0.53112703600154
CTAGGCC,0.549325144920533
CTAGGCG,0.555318324299763
CTAGGCT,0.567474737128617
CTAGGGA,0.594320550546203
CTAGGGC,0.558952882970019
CTAGGGG,0.611854962751424
CTAGGGT,0.58221543784659
CTAGGTA,0.543484798038652
CTAGGTC,0.549512976479392
CTAGGTG,0.572443079760039
CTAGGTT,0.553636369827967
CTAGTAA,0.560625926493445
CTAGTAC,0.552700726833551
CTAGTAG,0.571708584776194
CTAGTAT,0.544712216298664
CTAGTCA,0.544712216298664
CTAGTCC,0.548385457551061
CTAGTCG,0.546409235179995
CTAGTCT,0.539603811691228
CTAGTGA,0.561554187063086
CTAGTGC,0.552700726833551
CTAGTGG,0.556064952516456
CTAGTGT,0.587472960094163
CTAGTTA,0.547068410005017
CTAGTTC,0.54272871422017
CTAGTTG,0.55129561886424
CTAGTTT,0.536564248895506
CTATAAA,0.538654940404733
CTATAAC,0.554384254426142
CTATAAG,0.546597615186365
CTATAAT,0.548855411612337
CTATACA,0.541404190412335
CTATACC,0.548291440230175
CTATACG,0.557929087834071
CTATACT,0.547162542376858
CTATAGA,0.557183850655207
CTATAGC,0.545372510335971
CTATAGG,0.572534853712235
CTATAGT,0.548103379066474
CTATATA,0.546974268771438
CTATATC,0.558208408654855
CTATATG,0.547068410005017
CTATATT,0.545938129849809
CTATCAA,0.542161275966103
CTATCAC,0.540172702592402
CTATCAG,0.55615824185977
CTATCAT,0.546032368672738
CTATCCA,0.542350457829289
CTATCCC,0.562481586764089
CTATCCG,0.548385457551061
CTATCCT,0.537895194585134
CTATCGA,0.549606879030218
CTATCGC,0.549606879030218
CTATCGG,0.543862625682365
CTATCGT,0.549606879030218
CTATCTA,0.542539603909466
CTATCTC,0.539603811691228
CTATCTG,0.568488810900911
CTATCTT,0.541877436048561
CTATGAA,0.55681102369533
CTATGAC,0.538749868059688
CTATGAG,0.559045903301358
CTATGAT,0.578573387923303
CTATGCA,0.580669187092685
CTATGCC,0.54857346567922
CTATGCG,0.557463379684734
CTATGCT,0.555878347717063
CTATGGA,0.562296175616743
CTATGGC,0.546597615186365
CTATGGG,0.571524876705065
CTATGGT,0.54149885745819
CTATGTA,0.552326224378313
CTATGTC,0.571065458822604
CTATGTG,0.590361873186438
CTATGTT,0.555971654469429
CTATTAA,0.540646531245729
CTATTAC,0.545561085723422
CTATTAG,0.542634163535157
CTATTAT,0.55615824185977
CTATTCA,0.544523480752259
CTATTCC,0.549606879030218
CTATTCG,0.549606879030218
CTATTCT,0.540267486285857
CTATTGA,0.547915282529121
CTATTGC,0.54149885745819
CTATTGG,0.540172702592402
CTATTGT,0.544145902762502
CTATTTA,0.559975631021395
CTATTTC,0.538370103360331
CTATTTG,0.537800185759494
CTATTTT,0.547727150604803
CTCAAAA,0.542066671611651
CTCAAAC,0.541404190412335
CTCAAAG,0.557277035680483
CTCAAAT,0.55932491238995
CTCAACA,0.554010382043475
CTCAACC,0.540172702592402
CTCAACG,0.539603811691228
CTCAACT,0.541309514403781
CTCAAGA,0.539034596968968
CTCAAGC,0.56793580723716
CTCAAGG,0.554197335707378
CTCAAGT,0.55615824185977
CTCAATA,0.561090164486722
CTCAATC,0.545183899381137
CTCAATG,0.552607114367554
CTCAATT,0.547162542376858
CTCACAA,0.534373842334858
CTCACAC,0.565720729368717
CTCACAG,0.567013454336363
CTCACAT,0.542066671611651
CTCACCA,0.575192641155858
CTCACCC,0.507120086002881
CTCACCG,0.549982401081462
CTCACCT,0.524890411280556
CTCACGA,0.54272871422017
CTCACGC,0.516966774907243
CTCACGG,0.550357782168829
CTCACGT,0.566367300744755
CTCACTA,0.544240310626264
CTCACTC,0.546880118674452
CTCACTG,0.550076259564533
CTCACTT,0.574185346239501
CTCAGAA,0.58012288019448
CTCAGAC,0.542634163535157
CTCAGAG,0.592253196885818
CTCAGAT,0.537039790018942
CTCAGCA,0.538939696340096
CTCAGCC,0.51822715649923
CTCAGCG,0.548855411612337
CTCAGCT,0.520356497702552
CTCAGGA,0.590992711959198
CTCAGGC,0.567290249544748
CTCAGGG,0.643124234842336
CTCAGGT,0.58521017534618
CTCAGTA,0.55932491238995
CTCAGTC,0.566459633966742
CTCAGTG,0.624305980009693
CTCAGTT,0.55569170808982
CTCATAA,0.553449311250204
CTCATAC,0.544051485985054
CTCATAG,0.536469113528072
CTCATAT,0.550451605427465
CTCATCA,0.560997334127819
CTCATCC,0.537420060164427
CTCATCG,0.576564592007744
CTCATCT,0.538844786704239
CTCATGA,0.54857346567922
CTCATGC,0.523831123625249
CTCATGG,0.568765198095154
CTCATGT,0.561090164486722
CTCATTA,0.537705167906319
CTCATTC,0.534755127419697
CTCATTG,0.539414109448797
CTCATTT,0.528732934987585
CTCCAAA,0.536183653109284
CTCCAAC,0.538370103360331
CTCCAAG,0.550826810458739
CTCCAAT,0.543768182153756
CTCCACA,0.541025432584957
CTCCACC,0.516190365144299
CTCCACG,0.551389354177351
CTCCACT,0.541782804836534
CTCCAGA,0.581397132342589
CTCCAGC,0.495293603810667
CTCCAGG,0.507120086002881
CTCCAGT,0.550639225540454
CTCCATA,0.545466802474781
CTCCATC,0.515996168477591
CTCCATG,0.559417898123035
CTCCATT,0.537895194585134
CTCCCAA,0.506434035977911
CTCCCAC,0.515413352100812
CTCCCAG,0.572351297384611
CTCCCAT,0.523060027207803
CTCCCCA,0.521516048308148
CTCCCCC,0.498065652821951
CTCCCCG,0.5446178529781
CTCCCCT,0.528828809157999
CTCCCGA,0.531509560819961
CTCCCGC,0.531031381929243
CTCCCGG,0.533229114033644
CTCCCGT,0.543673729704724
CTCCCTA,0.537039790018942
CTCCCTC,0.500435594089452
CTCCCTG,0.48302453685261
CTCCCTT,0.534564503049566
CTCCGAA,0.551670507410356
CTCCGAC,0.54442909961946
CTCCGAG,0.568765198095154
CTCCGAT,0.553075089089205
CTCCGCA,0.538749868059688
CTCCGCC,0.542255871371418
CTCCGCG,0.54442909961946
CTCCGCT,0.530935718706369
CTCCGGA,0.54442909961946
CTCCGGC,0.539603811691228
CTCCGGG,0.537229943167357
CTCCGGT,0.541972058306368
CTCCGTA,0.556064952516456
CTCCGTC,0.52786965356899
CTCCGTG,0.536659375213063
CTCCGTT,0.564796330174305
CTCCTAA,0.549982401081462
CTCCTAC,0.54112013549179
CTCCTAG,0.52978704564905
CTCCTAT,0.559138914980721
CTCCTCA,0.560904495150641
CTCCTCC,0.486130957839379
CTCCTCG,0.541593515543045
CTCCTCT,0.530361547108925
CTCCTGA,0.541688164668594
CTCCTGC,0.510250334784895
CTCCTGG,0.531509560819961
CTCCTGT,0.504765952358404
CTCCTTA,0.544900916230684
CTCCTTC,0.528253426209182
CTCCTTG,0.555224956564517
CTCCTTT,0.539224371212598
CTCGAAA,0.544051485985054
CTCGAAC,0.541688164668594
CTCGAAG,0.543957060292236
CTCGAAT,0.545938129849809
CTCGACA,0.545938129849809
CTCGACC,0.5457496255569
CTCGACG,0.556064952516456
CTCGACT,0.55615824185977
CTCGAGA,0.544900916230684
CTCGAGC,0.550263950106564
CTCGAGG,0.536564248895506
CTCGAGT,0.554851398423765
CTCGATA,0.548385457551061
CTCGATC,0.546409235179995
CTCGATG,0.540457026725178
CTCGATT,0.548949375927585
CTCGCAA,0.546880118674452
CTCGCAC,0.543390318818239
CTCGCAG,0.544712216298664
CTCGCAT,0.544712216298664
CTCGCCA,0.565166192400051
CTCGCCC,0.538560003737663
CTCGCCG,0.55475798708049
CTCGCCT,0.548949375927585
CTCGCGA,0.546503429619058
CTCGCGC,0.541214829430832
CTCGCGG,0.547727150604803
CTCGCGT,0.545183899381137
CTCGCTA,0.546220819679912
CTCGCTC,0.537895194585134
CTCGCTG,0.545089580561758
CTCGCTT,0.544900916230684
CTCGGAA,0.548761438466967
CTCGGAC,0.556344794441753
CTCGGAG,0.556344794441753
CTCGGAT,0.553542844912949
CTCGGCA,0.562110730085728
CTCGGCC,0.536088481525116
CTCGGCG,0.544806570715632
CTCGGCT,0.530265819782959
CTCGGGA,0.548291440230175
CTCGGGC,0.544334709578022
CTCGGGG,0.559510875210577
CTCGGGT,0.558301498260002
CTCGGTA,0.549137278074351
CTCGGTC,0.554197335707378
CTCGGTG,0.548103379066474
CTCGGTT,0.554944801042175
CTCGTAA,0.547915282529121
CTCGTAC,0.548385457551061
CTCGTAG,0.547821220991165
CTCGTAT,0.556251522500995
CTCGTCA,0.570697772489452
CTCGTCC,0.542445035341407
CTCGTCG,0.547915282529121
CTCGTCT,0.541309514403781
CTCGTGA,0.555411683318289
CTCGTGC,0.554197335707378
CTCGTGG,0.543201333594226
CTCGTGT,0.539414109448797
CTCGTTA,0.548291440230175
CTCGTTC,0.54442909961946
CTCGTTG,0.555038194937351
CTCGTTT,0.562666963540514
CTCTAAA,0.54857346567922
CTCTAAC,0.540930720708634
CTCTAAG,0.545372510335971
CTCTAAT,0.551483080704976
CTCTACA,0.539603811691228
CTCTACC,0.539793477953543
CTCTACG,0.545938129849809
CTCTACT,0.499448801046853
CTCTAGA,0.550076259564533
CTCTAGC,0.542161275966103
CTCTAGG,0.583668551846398
CTCTAGT,0.542161275966103
CTCTATA,0.552981511663262
CTCTATC,0.540457026725178
CTCTATG,0.549606879030218
CTCTATT,0.541309514403781
CTCTCAA,0.548385457551061
CTCTCAC,0.536564248895506
CTCTCAG,0.581669975253342
CTCTCAT,0.540362260996215
CTCTCCA,0.512786466744046
CTCTCCC,0.49677958563463
CTCTCCG,0.560718791335055
CTCTCCT,0.534373842334858
CTCTCGA,0.5449952528455
CTCTCGC,0.543957060292236
CTCTCGG,0.566551958664092
CTCTCGT,0.544334709578022
CTCTCTA,0.532274171760761
CTCTCTC,0.513565522799054
CTCTCTG,0.558766816344968
CTCTCTT,0.534373842334858
CTCTGAA,0.581397132342589
CTCTGAC,0.55681102369533
CTCTGAG,0.551670507410356
CTCTGAT,0.561275799356101
CTCTGCA,0.52834934636092
CTCTGCC,0.560904495150641
CTCTGCG,0.53370624341962
CTCTGCT,0.507903567282919
CTCTGGA,0.608673578356053
CTCTGGC,0.54272871422017
CTCTGGG,0.641669420011098
CTCTGGT,0.570329950913332
CTCTGTA,0.565258636585741
CTCTGTC,0.53504099585911
CTCTGTG,0.531700768371198
CTCTGTT,0.56802799575408
CTCTTAA,0.531987511164909
CTCTTAC,0.538180166913997
CTCTTAG,0.536469113528072
CTCTTAT,0.553916892103012
CTCTTCA,0.523831123625249
CTCTTCC,0.521805725994157
CTCTTCG,0.541782804836534
CTCTTCT,0.554384254426142
CTCTTGA,0.543957060292236
CTCTTGC,0.5449952528455
CTCTTGG,0.559417898123035
CTCTTGT,0.550826810458739
CTCTTTA,0.554103863244385
CTCTTTC,0.53112703600154
CTCTTTG,0.538844786704239
CTCTTTT,0.519776217800569
CTGAAAA,0.525082888538928
CTGAAAC,0.538465058056766
CTGAAAG,0.558301498260002
CTGAAAT,0.532751756886541
CTGAACA,0.571708584776194
CTGAACC,0.555598375211691
CTGAACG,0.542161275966103
CTGAACT,0.567566968158746
CTGAAGA,0.639440307191185
CTGAAGC,0.534278498343954
CTGAAGG,0.659241524206672
CTGAAGT,0.590181560418671
CTGAATA,0.554290799434086
CTGAATC,0.557929087834071
CTGAATG,0.536944699883683
CTGAATT,0.566644274838379
CTGACAA,0.54904333141437
CTGACAC,0.5449952528455
CTGACAG,0.564611347749506
CTGACAT,0.542634163535157
CTGACCA,0.518420920440354
CTGACCC,0.549794657682941
CTGACCG,0.565351072226294
CTGACCT,0.565997882578947
CTGACGA,0.547068410005017
CTGACGC,0.544145902762502
CTGACGG,0.540172702592402
CTGACGT,0.548855411612337
CTGACTA,0.560997334127819
CTGACTC,0.545089580561758
CTGACTG,0.558115310383227
CTGACTT,0.544145902762502
CTGAGAA,0.565997882578947
CTGAGAC,0.574460163675984
CTGAGAG,0.583668551846398
CTGAGAT,0.539224371212598
CTGAGCA,0.560625926493445
CTGAGCC,0.556251522500995
CTGAGCG,0.539319244830773
CTGAGCT,0.557556538666944
CTGAGGA,0.836799669949463
CTGAGGC,0.473748255074701
CTGAGGG,0.622474371913075
CTGAGGT,0.597547852575831
CTGAGTA,0.552419863141576
CTGAGTC,0.557649688971366
CTGAGTG,0.608319465624478
CTGAGTT,0.570697772489452
CTGATAA,0.560254380864187
CTGATAC,0.569133595565568
CTGATAG,0.564796330174305
CTGATAT,0.560997334127819
CTGATCA,0.560440170934585
CTGATCC,0.553449311250204
CTGATCG,0.545843882145088
CTGATCT,0.557277035680483
CTGATGA,0.560718791335055
CTGATGC,0.543201333594226
CTGATGG,0.589640426957095
CTGATGT,0.551014360195522
CTGATTA,0.56931774341951
CTGATTC,0.550920589723994
CTGATTG,0.586930358533246
CTGATTT,0.540172702592402
CTGCAAA,0.551670507410356
CTGCAAC,0.5446178529781
CTGCAAG,0.543484798038652
CTGCAAT,0.541404190412335
CTGCACA,0.534373842334858
CTGCACC,0.5264291930149
CTGCACG,0.544145902762502
CTGCACT,0.499251325533239
CTGCAGA,0.543768182153756
CTGCAGC,0.539129488592566
CTGCAGG,0.580396070949985
CTGCAGT,0.5449952528455
CTGCATA,0.535993300882455
CTGCATC,0.557929087834071
CTGCATG,0.563593332304507
CTGCATT,0.554944801042175
CTGCCAA,0.545372510335971
CTGCCAC,0.552700726833551
CTGCCAG,0.522770712689623
CTGCCAT,0.556344794441753
CTGCCCA,0.552045255467716
CTGCCCC,0.521805725994157
CTGCCCG,0.541214829430832
CTGCCCT,0.535231529428386
CTGCCGA,0.551108121874974
CTGCCGC,0.542917788774925
CTGCCGG,0.528828809157999
CTGCCGT,0.555971654469429
CTGCCTA,0.550263950106564
CTGCCTC,0.483225242575186
CTGCCTG,0.536564248895506
CTGCCTT,0.552607114367554
CTGCGAA,0.553823393421363
CTGCGAC,0.550920589723994
CTGCGAG,0.565720729368717
CTGCGAT,0.555318324299763
CTGCGCA,0.535136267181628
CTGCGCC,0.535517261731385
CTGCGCG,0.537610141023894
CTGCGCT,0.536659375213063
CTGCGGA,0.548855411612337
CTGCGGC,0.538465058056766
CTGCGGG,0.525467731948826
CTGCGGT,0.542823255966196
CTGCGTA,0.545938129849809
CTGCGTC,0.550545419884123
CTGCGTG,0.594320550546203
CTGCGTT,0.542823255966196
CTGCTAA,0.539414109448797
CTGCTAC,0.559510875210577
CTGCTAG,0.536469113528072
CTGCTAT,0.573177035656934
CTGCTCA,0.537420060164427
CTGCTCC,0.499547524181868
CTGCTCG,0.536373969109039
CTGCTCT,0.523927468883772
CTGCTGA,0.598174175817186
CTGCTGC,0.541309514403781
CTGCTGG,0.558022203443504
CTGCTGT,0.551108121874974
CTGCTTA,0.532369707034664
CTGCTTC,0.552326224378313
CTGCTTG,0.582033650038997
CTGCTTT,0.533801641984602
CTGGAAA,0.608762086949317
CTGGAAC,0.54112013549179
CTGGAAG,0.591172878538458
CTGGAAT,0.587744150508374
CTGGACA,0.540930720708634
CTGGACC,0.53684960070543
CTGGACG,0.557929087834071
CTGGACT,0.539793477953543
CTGGAGA,0.64406445905255
CTGGAGC,0.624131685609292
CTGGAGG,0.642953189967803
CTGGAGT,0.570329950913332
CTGGATA,0.551201874763997
CTGGATC,0.555038194937351
CTGGATG,0.57565016727715
CTGGATT,0.582760603072593
CTGGCAA,0.549137278074351
CTGGCAC,0.584303625843337
CTGGCAG,0.578025934561134
CTGGCAT,0.625176996624632
CTGGCCA,0.534469177236151
CTGGCCC,0.594859158033755
CTGGCCG,0.535136267181628
CTGGCCT,0.577204192160145
CTGGCGA,0.54857346567922
CTGGCGC,0.545183899381137
CTGGCGG,0.532942727090634
CTGGCGT,0.566921172238596
CTGGCTA,0.532369707034664
CTGGCTC,0.565073739667642
CTGGCTG,0.608939080637998
CTGGCTT,0.52786965356899
CTGGGAA,0.583305471255402
CTGGGAC,0.557556538666944
CTGGGAG,0.66344009282793
CTGGGAT,0.616695951331984
CTGGGCA,0.608496537664744
CTGGGCC,0.597905799603842
CTGGGCG,0.537990194384955
CTGGGCT,0.604593691452348
CTGGGGA,0.672366237284745
CTGGGGC,0.624480244036849
CTGGGGG,0.601834783726001
CTGGGGT,0.59405113797659
CTGGGTA,0.606724404724933
CTGGGTC,0.739492392258599
CTGGGTG,0.733807168337754
CTGGGTT,0.679813003993954
CTGGTAA,0.572443079760039
CTGGTAC,0.634363428191755
CTGGTAG,0.599961512270466
CTGGTAT,0.603526629917037
CTGGTCA,0.558022203443504
CTGGTCC,0.573910453257633
CTGGTCG,0.541972058306368
CTGGTCT,0.581851829178588
CTGGTGA,0.564518843703587
CTGGTGC,0.576381773943198
CTGGTGG,0.669455229977132
CTGGTGT,0.655025253256388
CTGGTTA,0.55681102369533
CTGGTTC,0.544523480752259
CTGGTTG,0.600675553329935
CTGGTTT,0.568580948453684
CTGTAAA,0.54149885745819
CTGTAAC,0.552326224378313
CTGTAAG,0.578299698705366
CTGTAAT,0.475772170754322
CTGTACA,0.571157359285831
CTGTACC,0.534659819776838
CTGTACG,0.547350780542001
CTGTACT,0.567290249544748
CTGTAGA,0.580213952072477
CTGTAGC,0.547633071368372
CTGTAGG,0.599961512270466
CTGTAGT,0.529403861231648
CTGTATA,0.539793477953543
CTGTATC,0.553823393421363
CTGTATG,0.539603811691228
CTGTATT,0.539793477953543
CTGTCAA,0.662350159658351
CTGTCAC,0.5446178529781
CTGTCAG,0.612031409914505
CTGTCAT,0.568304510323467
CTGTCCA,0.617222644228276
CTGTCCC,0.540077909914147
CTGTCCG,0.559603843654184
CTGTCCT,0.567382497591141
CTGTCGA,0.547538983280205
CTGTCGC,0.543768182153756
CTGTCGG,0.572259506584406
CTGTCGT,0.554103863244385
CTGTCTA,0.560718791335055
CTGTCTC,0.486731087606766
CTGTCTG,0.545089580561758
CTGTCTT,0.52978704564905
CTGTGAA,0.543579268333584
CTGTGAC,0.545466802474781
CTGTGAG,0.609204512447193
CTGTGAT,0.514052124807609
CTGTGCA,0.601121570220123
CTGTGCC,0.532083073827628
CTGTGCG,0.564518843703587
CTGTGCT,0.604238130772276
CTGTGGA,0.583214680505864
CTGTGGC,0.620551939349986
CTGTGGG,0.690390915247597
CTGTGGT,0.602636541365707
CTGTGTA,0.53370624341962
CTGTGTC,0.565720729368717
CTGTGTG,0.606990424952717
CTGTGTT,0.610972259629642
CTGTTAA,0.541404190412335
CTGTTAC,0.549794657682941
CTGTTAG,0.604238130772276
CTGTTAT,0.537610141023894
CTGTTCA,0.621688368872756
CTGTTCC,0.553916892103012
CTGTTCG,0.546974268771438
CTGTTCT,0.525467731948826
CTGTTGA,0.589459984044684
CTGTTGC,0.613441867528905
CTGTTGG,0.557649688971366
CTGTTGT,0.551857898993549
CTGTTTA,0.519969681850838
CTGTTTC,0.557277035680483
CTGTTTG,0.550920589723994
CTGTTTT,0.579940711552448
CTTAAAA,0.522095319791304
CTTAAAC,0.56034728021413
CTTAAAG,0.543484798038652
CTTAAAT,0.534278498343954
CTTAACA,0.566828881624059
CTTAACC,0.553449311250204
CTTAACG,0.547821220991165
CTTAACT,0.560161472883153
CTTAAGA,0.551857898993549
CTTAAGC,0.548103379066474
CTTAAGG,0.561182986228949
CTTAAGT,0.540172702592402
CTTAATA,0.552138920543025
CTTAATC,0.546409235179995
CTTAATG,0.549700772764182
CTTAATT,0.530457265272047
CTTACAA,0.564241280212754
CTTACAC,0.551576798448762
CTTACAG,0.554197335707378
CTTACAT,0.547915282529121
CTTACCA,0.583214680505864
CTTACCC,0.543201333594226
CTTACCG,0.545183899381137
CTTACCT,0.542539603909466
CTTACGA,0.548949375927585
CTTACGC,0.548761438466967
CTTACGG,0.544806570715632
CTTACGT,0.5457496255569
CTTACTA,0.541214829430832
CTTACTC,0.539129488592566
CTTACTG,0.560533053027156
CTTACTT,0.537705167906319
CTTAGAA,0.554290799434086
CTTAGAC,0.551670507410356
CTTAGAG,0.543768182153756
CTTAGAT,0.568304510323467
CTTAGCA,0.539034596968968
CTTAGCC,0.53950896506838
CTTAGCG,0.552887925479765
CTTAGCT,0.566090249915229
CTTAGGA,0.543673729704724
CTTAGGC,0.549700772764182
CTTAGGG,0.567197992987867
CTTAGGT,0.547915282529121
CTTAGTA,0.540457026725178
CTTAGTC,0.551483080704976
CTTAGTG,0.55615824185977
CTTAGTT,0.540835999861121
CTTATAA,0.536754492482464
CTTATAC,0.571341134879079
CTTATAG,0.562110730085728
CTTATAT,0.548667456489815
CTTATCA,0.554664567010722
CTTATCC,0.554010382043475
CTTATCG,0.549137278074351
CTTATCT,0.555224956564517
CTTATGA,0.54857346567922
CTTATGC,0.551857898993549
CTTATGG,0.540172702592402
CTTATGT,0.54904333141437
CTTATTA,0.543295830670659
CTTATTC,0.542539603909466
CTTATTG,0.54725666588863
CTTATTT,0.510250334784895
CTTCAAA,0.567013454336363
CTTCAAC,0.555318324299763
CTTCAAG,0.571892259104866
CTTCAAT,0.542350457829289
CTTCACA,0.570145989378061
CTTCACC,0.548855411612337
CTTCACG,0.54272871422017
CTTCACT,0.5449952528455
CTTCAGA,0.543673729704724
CTTCAGC,0.561182986228949
CTTCAGG,0.567659190683096
CTTCAGT,0.543484798038652
CTTCATA,0.534755127419697
CTTCATC,0.532942727090634
CTTCATG,0.581397132342589
CTTCATT,0.528828809157999
CTTCCAA,0.534373842334858
CTTCCAC,0.539129488592566
CTTCCAG,0.584303625843337
CTTCCAT,0.535231529428386
CTTCCCA,0.557463379684734
CTTCCCC,0.509175416602494
CTTCCCG,0.546126598615548
CTTCCCT,0.52758172740448
CTTCCGA,0.540457026725178
CTTCCGC,0.547633071368372
CTTCCGG,0.531987511164909
CTTCCGT,0.538939696340096
CTTCCTA,0.552607114367554
CTTCCTC,0.539793477953543
CTTCCTG,0.54074127004072
CTTCCTT,0.522288335741801
CTTCGAA,0.547821220991165
CTTCGAC,0.545843882145088
CTTCGAG,0.561739735821665
CTTCGAT,0.547350780542001
CTTCGCA,0.546691791883586
CTTCGCC,0.538749868059688
CTTCGCG,0.546126598615548
CTTCGCT,0.542634163535157
CTTCGGA,0.551389354177351
CTTCGGC,0.537515105110502
CTTCGGG,0.548479466033523
CTTCGGT,0.555131580110922
CTTCGTA,0.548479466033523
CTTCGTC,0.543579268333584
CTTCGTG,0.546126598615548
CTTCGTT,0.541782804836534
CTTCTAA,0.531700768371198
CTTCTAC,0.559510875210577
CTTCTAG,0.575741647387152
CTTCTAT,0.553168657759232
CTTCTCA,0.533419993107197
CTTCTCC,0.549606879030218
CTTCTCG,0.540267486285857
CTTCTCT,0.554571138212828
CTTCTGA,0.541593515543045
CTTCTGC,0.523156446782876
CTTCTGG,0.562666963540514
CTTCTGT,0.544806570715632
CTTCTTA,0.555411683318289
CTTCTTC,0.547350780542001
CTTCTTG,0.557277035680483
CTTCTTT,0.544334709578022
CTTGAAA,0.54988853378815
CTTGAAC,0.500534219858016
CTTGAAG,0.5446178529781
CTTGAAT,0.54725666588863
CTTGACA,0.570053995918177
CTTGACC,0.531222680925011
CTTGACG,0.567659190683096
CTTGACT,0.553262217674982
CTTGAGA,0.573910453257633
CTTGAGC,0.54725666588863
CTTGAGG,0.546974268771438
CTTGAGT,0.581851829178588
CTTGATA,0.542350457829289
CTTGATC,0.54112013549179
CTTGATG,0.559696803455463
CTTGATT,0.53313366083207
CTTGCAA,0.550826810458739
CTTGCAC,0.531700768371198
CTTGCAG,0.495690081587507
CTTGCAT,0.553729885996893
CTTGCCA,0.573910453257633
CTTGCCC,0.550920589723994
CTTGCCG,0.5446178529781
CTTGCCT,0.544051485985054
CTTGCGA,0.557556538666944
CTTGCGC,0.549325144920533
CTTGCGG,0.55223257684601
CTTGCGT,0.549231215909186
CTTGCTA,0.550920589723994
CTTGCTC,0.538939696340096
CTTGCTG,0.552045255467716
CTTGCTT,0.519485951528923
CTTGGAA,0.560904495150641
CTTGGAC,0.568949413794948
CTTGGAG,0.573818805468634
CTTGGAT,0.563130255192393
CTTGGCA,0.602280283994505
CTTGGCC,0.557649688971366
CTTGGCG,0.554290799434086
CTTGGCT,0.585844271362493
CTTGGGA,0.581215195702613
CTTGGGC,0.572167707357876
CTTGGGG,0.589730636204902
CTTGGGT,0.570237974375928
CTTGGTA,0.550545419884123
CTTGGTC,0.58711125843513
CTTGGTG,0.598889493792723
CTTGGTT,0.570237974375928
CTTGTAA,0.564241280212754
CTTGTAC,0.555318324299763
CTTGTAG,0.564333809936794
CTTGTAT,0.55569170808982
CTTGTCA,0.563408127191716
CTTGTCC,0.549231215909186
CTTGTCG,0.547727150604803
CTTGTCT,0.576016037516212
CTTGTGA,0.533324558124773
CTTGTGC,0.571433010012205
CTTGTGG,0.562296175616743
CTTGTGT,0.568212347295667
CTTGTTA,0.556904243467353
CTTGTTC,0.561646965745918
CTTGTTG,0.565443499323289
CTTGTTT,0.544900916230684
CTTTAAA,0.54112013549179
CTTTAAC,0.539983108249388
CTTTAAG,0.542539603909466
CTTTAAT,0.547350780542001
CTTTACA,0.552981511663262
CTTTACC,0.543201333594226
CTTTACG,0.547538983280205
CTTTACT,0.544900916230684
CTTTAGA,0.52412013155806
CTTTAGC,0.549606879030218
CTTTAGG,0.566274958996557
CTTTAGT,0.534087783086384
CTTTATA,0.564518843703587
CTTTATC,0.534564503049566
CTTTATG,0.546032368672738
CTTTATT,0.53684960070543
CTTTCAA,0.570881632555183
CTTTCAC,0.532274171760761
CTTTCAG,0.55129561886424
CTTTCAT,0.546880118674452
CTTTCCA,0.554944801042175
CTTTCCC,0.536088481525116
CTTTCCG,0.544900916230684
CTTTCCT,0.506924119732329
CTTTCGA,0.547068410005017
CTTTCGC,0.545372510335971
CTTTCGG,0.543862625682365
CTTTCGT,0.546032368672738
CTTTCTA,0.546220819679912
CTTTCTC,0.522191832423447
CTTTCTG,0.572993597178838
CTTTCTT,0.505845618256055
CTTTGAA,0.526909577117217
CTTTGAC,0.551483080704976
CTTTGAG,0.534850425979874
CTTTGAT,0.564241280212754
CTTTGCA,0.562759639043613
CTTTGCC,0.525371534980253
CTTTGCG,0.555598375211691
CTTTGCT,0.541782804836534
CTTTGGA,0.556251522500995
CTTTGGC,0.55681102369533
CTTTGGG,0.548949375927585
CTTTGGT,0.56812017577306
CTTTGTA,0.558859853985092
CTTTGTC,0.540835999861121
CTTTGTG,0.571800426157563
CTTTGTT,0.539319244830773
CTTTTAA,0.549700772764182
CTTTTAC,0.548761438466967
CTTTTAG,0.552513493137443
CTTTTAT,0.543295830670659
CTTTTCA,0.533897031449567
CTTTTCC,0.53112703600154
CTTTTCG,0.546880118674452
CTTTTCT,0.496977549811715
CTTTTGA,0.595487167003509
CTTTTGC,0.538654940404733
CTTTTGG,0.561090164486722
CTTTTGT,0.542445035341407
CTTTTTA,0.534850425979874
CTTTTTC,0.525948578032781
CTTTTTG,0.542066671611651
CTTTTTT,0.490324322552098
GAAAAAA,0.548479466033523
GAAAAAC,0.55615824185977
GAAAAAG,0.521805725994157
GAAAAAT,0.554477700685179
GAAAACA,0.534183145261708
GAAAACC,0.564056195075461
GAAAACG,0.543768182153756
GAAAACT,0.589820837315734
GAAAAGA,0.5789381903994
GAAAAGC,0.55681102369533
GAAAAGG,0.566090249915229
GAAAAGT,0.568488810900911
GAAAATA,0.568212347295667
GAAAATC,0.52758172740448
GAAAATG,0.553355768838094
GAAAATT,0.552887925479765
GAAACAA,0.539319244830773
GAAACAC,0.540835999861121
GAAACAG,0.577934663189011
GAAACAT,0.565443499323289
GAAACCA,0.605925919177274
GAAACCC,0.50613987039641
GAAACCG,0.541877436048561
GAAACCT,0.551389354177351
GAAACGA,0.5449952528455
GAAACGC,0.543768182153756
GAAACGG,0.563593332304507
GAAACGT,0.537800185759494
GAAACTA,0.542823255966196
GAAACTC,0.523734769083424
GAAACTG,0.612913179027808
GAAACTT,0.553355768838094
GAAAGAA,0.564333809936794
GAAAGAC,0.578664601019415
GAAAGAG,0.604593691452348
GAAAGAT,0.562017994422359
GAAAGCA,0.572901865319618
GAAAGCC,0.562852305958759
GAAAGCG,0.55932491238995
GAAAGCT,0.563593332304507
GAAAGGA,0.542634163535157
GAAAGGC,0.607522253202081
GAAAGGG,0.638323884653907
GAAAGGT,0.590632281391437
GAAAGTA,0.566274958996557
GAAAGTC,0.567105727918929
GAAAGTG,0.599246960992022
GAAAGTT,0.574551752707457
GAAATAA,0.550826810458739
GAAATAC,0.562666963540514
GAAATAG,0.558022203443504
GAAATAT,0.54112013549179
GAAATCA,0.580305015657142
GAAATCC,0.553355768838094
GAAATCG,0.543768182153756
GAAATCT,0.54904333141437
GAAATGA,0.576930127900041
GAAATGC,0.565813122307268
GAAATGG,0.635398103886773
GAAATGT,0.576747376655953
GAAATTA,0.546974268771438
GAAATTC,0.529691263309161
GAAATTG,0.558022203443504
GAAATTT,0.541593515543045
GAACAAA,0.561832497291923
GAACAAC,0.564148741926171
GAACAAG,0.571341134879079
GAACAAT,0.560254380864187
GAACACA,0.533897031449567
GAACACC,0.546880118674452
GAACACG,0.573268742278897
GAACACT,0.574460163675984
GAACAGA,0.537420060164427
GAACAGC,0.613353772186964
GAACAGG,0.598263618551622
GAACAGT,0.536564248895506
GAACATA,0.54149885745819
GAACATC,0.555505033621723
GAACATG,0.576290352375981
GAACATT,0.565905506710152
GAACCAA,0.547068410005017
GAACCAC,0.565351072226294
GAACCAG,0.541025432584957
GAACCAT,0.545843882145088
GAACCCA,0.543484798038652
GAACCCC,0.538180166913997
GAACCCG,0.534373842334858
GAACCCT,0.56968593742731
GAACCGA,0.54725666588863
GAACCGC,0.554384254426142
GAACCGG,0.564611347749506
GAACCGT,0.546785959712392
GAACCTA,0.541972058306368
GAACCTC,0.558208408654855
GAACCTG,0.6179244701814
GAACCTT,0.535326782601112
GAACGAA,0.541688164668594
GAACGAC,0.544712216298664
GAACGAG,0.544523480752259
GAACGAT,0.54857346567922
GAACGCA,0.543390318818239
GAACGCC,0.540930720708634
GAACGCG,0.548103379066474
GAACGCT,0.560718791335055
GAACGGA,0.562944964287544
GAACGGC,0.5457496255569
GAACGGG,0.583033074274164
GAACGGT,0.543862625682365
GAACGTA,0.54857346567922
GAACGTC,0.54725666588863
GAACGTG,0.564148741926171
GAACGTT,0.554197335707378
GAACTAA,0.549137278074351
GAACTAC,0.542539603909466
GAACTAG,0.539698649319047
GAACTAT,0.564703843239218
GAACTCA,0.590812512914092
GAACTCC,0.526717451167669
GAACTCG,0.563130255192393
GAACTCT,0.551670507410356
GAACTGA,0.588918459867294
GAACTGC,0.565351072226294
GAACTGG,0.580031800021641
GAACTGT,0.559510875210577
GAACTTA,0.53950896506838
GAACTTC,0.535517261731385
GAACTTG,0.581851829178588
GAACTTT,0.562203457149991
GAAGAAA,0.596025146677972
GAAGAAC,0.584031500657724
GAAGAAG,0.592433136531305
GAAGAAT,0.563500734035728
GAAGACA,0.59763735134537
GAAGACC,0.562110730085728
GAAGACG,0.547633071368372
GAAGACT,0.568396664858027
GAAGAGA,0.710897270557772
GAAGAGC,0.571800426157563
GAAGAGG,0.731539653594178
GAAGAGT,0.588828177320602
GAAGATA,0.569133595565568
GAAGATC,0.573085320624096
GAAGATG,0.636948112905926
GAAGATT,0.581669975253342
GAAGCAA,0.560904495150641
GAAGCAC,0.552700726833551
GAAGCAG,0.564333809936794
GAAGCAT,0.575192641155858
GAAGCCA,0.589459984044684
GAAGCCC,0.557090656945672
GAAGCCG,0.578208452317792
GAAGCCT,0.55129561886424
GAAGCGA,0.55223257684601
GAAGCGC,0.56034728021413
GAAGCGG,0.580031800021641
GAAGCGT,0.550639225540454
GAAGCTA,0.562759639043613
GAAGCTC,0.533897031449567
GAAGCTG,0.576290352375981
GAAGCTT,0.566828881624059
GAAGGAA,0.666869813508891
GAAGGAC,0.572901865319618
GAAGGAG,0.765478157494258
GAAGGAT,0.600497090858251
GAAGGCA,0.671452262057303
GAAGGCC,0.553636369827967
GAAGGCG,0.565166192400051
GAAGGCT,0.604060303012226
GAAGGGA,0.713291747554489
GAAGGGC,0.619326646134855
GAAGGGG,0.753374179850698
GAAGGGT,0.575833119129309
GAAGGTA,0.569869983606125
GAAGGTC,0.578117197603554
GAAGGTG,0.649772267264034
GAAGGTT,0.576655988508127
GAAGTAA,0.537229943167357
GAAGTAC,0.560997334127819
GAAGTAG,0.646112793973329
GAAGTAT,0.548291440230175
GAAGTCA,0.607345008543912
GAAGTCC,0.58012288019448
GAAGTCG,0.543106827587251
GAAGTCT,0.556344794441753
GAAGTGA,0.640040941926825
GAAGTGC,0.547350780542001
GAAGTGG,0.620114506958278
GAAGTGT,0.577295530224672
GAAGTTA,0.553262217674982
GAAGTTC,0.538749868059688
GAAGTTG,0.588828177320602
GAAGTTT,0.56968593742731
GAATAAA,0.547821220991165
GAATAAC,0.54725666588863
GAATAAG,0.545278209305316
GAATAAT,0.546032368672738
GAATACA,0.539319244830773
GAATACC,0.546880118674452
GAATACG,0.566921172238596
GAATACT,0.560997334127819
GAATAGA,0.56802799575408
GAATAGC,0.557463379684734
GAATAGG,0.579667396351631
GAATAGT,0.553542844912949
GAATATA,0.550170109239016
GAATATC,0.574551752707457
GAATATG,0.540646531245729
GAATATT,0.545843882145088
GAATCAA,0.55475798708049
GAATCAC,0.538465058056766
GAATCAG,0.56940980463163
GAATCAT,0.575558678797771
GAATCCA,0.526717451167669
GAATCCC,0.538370103360331
GAATCCG,0.599246960992022
GAATCCT,0.533229114033644
GAATCGA,0.548385457551061
GAATCGC,0.54112013549179
GAATCGG,0.560904495150641
GAATCGT,0.55615824185977
GAATCTA,0.555598375211691
GAATCTC,0.557835963553314
GAATCTG,0.598710712263101
GAATCTT,0.543295830670659
GAATGAA,0.557835963553314
GAATGAC,0.546126598615548
GAATGAG,0.574276960443543
GAATGAT,0.571800426157563
GAATGCA,0.572718376353117
GAATGCC,0.602458428545021
GAATGCG,0.55475798708049
GAATGCT,0.559510875210577
GAATGGA,0.591262949657051
GAATGGC,0.560997334127819
GAATGGG,0.625786257160789
GAATGGT,0.584666344270272
GAATGTA,0.548761438466967
GAATGTC,0.559696803455463
GAATGTG,0.620202008745726
GAATGTT,0.571433010012205
GAATTAA,0.535802912414756
GAATTAC,0.542823255966196
GAATTAG,0.574918024970885
GAATTAT,0.550826810458739
GAATTCA,0.581669975253342
GAATTCC,0.571249251304139
GAATTCG,0.555878347717063
GAATTCT,0.555224956564517
GAATTGA,0.570973549912905
GAATTGC,0.530552974274079
GAATTGG,0.575558678797771
GAATTGT,0.570789706747883
GAATTTA,0.578573387923303
GAATTTC,0.537705167906319
GAATTTG,0.592972761279637
GAATTTT,0.544240310626264
GACAAAA,0.536944699883683
GACAAAC,0.556624558077454
GACAAAG,0.559138914980721
GACAAAT,0.545278209305316
GACAACA,0.562203457149991
GACAACC,0.554944801042175
GACAACG,0.555505033621723
GACAACT,0.556624558077454
GACAAGA,0.53684960070543
GACAAGC,0.58285143505565
GACAAGG,0.55671779523257
GACAAGT,0.557183850655207
GACAATA,0.553449311250204
GACAATC,0.546974268771438
GACAATG,0.555598375211691
GACAATT,0.560533053027156
GACACAA,0.539414109448797
GACACAC,0.55129561886424
GACACAG,0.539034596968968
GACACAT,0.551014360195522
GACACCA,0.531222680925011
GACACCC,0.553542844912949
GACACCG,0.570605829778336
GACACCT,0.555598375211691
GACACGA,0.554477700685179
GACACGC,0.54112013549179
GACACGG,0.565720729368717
GACACGT,0.552981511663262
GACACTA,0.555971654469429
GACACTC,0.535802912414756
GACACTG,0.544240310626264
GACACTT,0.537325006183951
GACAGAA,0.62587326408624
GACAGAC,0.596114781825512
GACAGAG,0.594140950231495
GACAGAT,0.55653131222836
GACAGCA,0.58148808825123
GACAGCC,0.576381773943198
GACAGCG,0.548009335220336
GACAGCT,0.546974268771438
GACAGGA,0.616871546455375
GACAGGC,0.587020812574785
GACAGGG,0.606458313711557
GACAGGT,0.569869983606125
GACAGTA,0.562666963540514
GACAGTC,0.557277035680483
GACAGTG,0.546880118674452
GACAGTT,0.565166192400051
GACATAA,0.55223257684601
GACATAC,0.546126598615548
GACATAG,0.571249251304139
GACATAT,0.548009335220336
GACATCA,0.561368603869775
GACATCC,0.571524876705065
GACATCG,0.542066671611651
GACATCT,0.552138920543025
GACATGA,0.56368592199964
GACATGC,0.547633071368372
GACATGG,0.576655988508127
GACATGT,0.544712216298664
GACATTA,0.548291440230175
GACATTC,0.534278498343954
GACATTG,0.582488057610231
GACATTT,0.577021490999354
GACCAAA,0.556438057683667
GACCAAC,0.549794657682941
GACCAAG,0.565720729368717
GACCAAT,0.541782804836534
GACCACA,0.554851398423765
GACCACC,0.547821220991165
GACCACG,0.540267486285857
GACCACT,0.558859853985092
GACCAGA,0.55671779523257
GACCAGC,0.514246699331558
GACCAGG,0.579029370228334
GACCAGT,0.553449311250204
GACCATA,0.550451605427465
GACCATC,0.594140950231495
GACCATG,0.563130255192393
GACCATT,0.540172702592402
GACCCAA,0.538749868059688
GACCCAC,0.537229943167357
GACCCAG,0.612736887395519
GACCCAT,0.55671779523257
GACCCCA,0.547915282529121
GACCCCC,0.570605829778336
GACCCCG,0.541972058306368
GACCCCT,0.541025432584957
GACCCGA,0.551201874763997
GACCCGC,0.541593515543045
GACCCGG,0.56940980463163
GACCCGT,0.555038194937351
GACCCTA,0.558208408654855
GACCCTC,0.547538983280205
GACCCTG,0.564426331099877
GACCCTT,0.557929087834071
GACCGAA,0.545843882145088
GACCGAC,0.547444886338637
GACCGAG,0.544051485985054
GACCGAT,0.547727150604803
GACCGCA,0.551108121874974
GACCGCC,0.553729885996893
GACCGCG,0.54725666588863
GACCGCT,0.545089580561758
GACCGGA,0.57565016727715
GACCGGC,0.560254380864187
GACCGGG,0.578755805796457
GACCGGT,0.565535917878306
GACCGTA,0.576290352375981
GACCGTC,0.555224956564517
GACCGTG,0.545938129849809
GACCGTT,0.554197335707378
GACCTAA,0.551764207591403
GACCTAC,0.554290799434086
GACCTAG,0.579029370228334
GACCTAT,0.556064952516456
GACCTCA,0.55653131222836
GACCTCC,0.540457026725178
GACCTCG,0.56034728021413
GACCTCT,0.571524876705065
GACCTGA,0.554664567010722
GACCTGC,0.531509560819961
GACCTGG,0.602102107702855
GACCTGT,0.566367300744755
GACCTTA,0.55932491238995
GACCTTC,0.561925250158289
GACCTTG,0.536564248895506
GACCTTT,0.544240310626264
GACGAAA,0.565813122307268
GACGAAC,0.55475798708049
GACGAAG,0.543673729704724
GACGAAT,0.547915282529121
GACGACA,0.5481974140692
GACGACC,0.545372510335971
GACGACG,0.5449952528455
GACGACT,0.547727150604803
GACGAGA,0.544145902762502
GACGAGC,0.555131580110922
GACGAGG,0.564888808556351
GACGAGT,0.557370212023119
GACGATA,0.547915282529121
GACGATC,0.549606879030218
GACGATG,0.563593332304507
GACGATT,0.548479466033523
GACGCAA,0.548291440230175
GACGCAC,0.546409235179995
GACGCAG,0.551108121874974
GACGCAT,0.566090249915229
GACGCCA,0.562944964287544
GACGCCC,0.535422026701536
GACGCCG,0.5449952528455
GACGCCT,0.543862625682365
GACGCGA,0.546880118674452
GACGCGC,0.551951581618439
GACGCGG,0.541593515543045
GACGCGT,0.546503429619058
GACGCTA,0.545655360083569
GACGCTC,0.541593515543045
GACGCTG,0.545466802474781
GACGCTT,0.544334709578022
GACGGAA,0.548291440230175
GACGGAC,0.541025432584957
GACGGAG,0.552045255467716
GACGGAT,0.54272871422017
GACGGCA,0.551201874763997
GACGGCC,0.550263950106564
GACGGCG,0.559975631021395
GACGGCT,0.566644274838379
GACGGGA,0.551483080704976
GACGGGC,0.541404190412335
GACGGGG,0.600229337419911
GACGGGT,0.55129561886424
GACGGTA,0.548761438466967
GACGGTC,0.548103379066474
GACGGTG,0.601656528032004
GACGGTT,0.546409235179995
GACGTAA,0.556344794441753
GACGTAC,0.54857346567922
GACGTAG,0.546032368672738
GACGTAT,0.558952882970019
GACGTCA,0.550733022398109
GACGTCC,0.552607114367554
GACGTCG,0.549512976479392
GACGTCT,0.54272871422017
GACGTGA,0.560161472883153
GACGTGC,0.568396664858027
GACGTGG,0.558394579200281
GACGTGT,0.558859853985092
GACGTTA,0.548291440230175
GACGTTC,0.553636369827967
GACGTTG,0.553823393421363
GACGTTT,0.560254380864187
GACTAAA,0.550826810458739
GACTAAC,0.54074127004072
GACTAAG,0.547444886338637
GACTAAT,0.54074127004072
GACTACA,0.546880118674452
GACTACC,0.551389354177351
GACTACG,0.557090656945672
GACTACT,0.565997882578947
GACTAGA,0.548009335220336
GACTAGC,0.561090164486722
GACTAGG,0.560625926493445
GACTAGT,0.555505033621723
GACTATA,0.546220819679912
GACTATC,0.54725666588863
GACTATG,0.562110730085728
GACTATT,0.555224956564517
GACTCAA,0.563315511770882
GACTCAC,0.541782804836534
GACTCAG,0.584485001502386
GACTCAT,0.551670507410356
GACTCCA,0.560440170934585
GACTCCC,0.542350457829289
GACTCCG,0.526717451167669
GACTCCT,0.555505033621723
GACTCGA,0.546409235179995
GACTCGC,0.553542844912949
GACTCGG,0.551014360195522
GACTCGT,0.546880118674452
GACTCTA,0.552981511663262
GACTCTC,0.532942727090634
GACTCTG,0.54272871422017
GACTCTT,0.539319244830773
GACTGAA,0.575741647387152
GACTGAC,0.539034596968968
GACTGAG,0.598889493792723
GACTGAT,0.585934823693924
GACTGCA,0.541877436048561
GACTGCC,0.546880118674452
GACTGCG,0.540172702592402
GACTGCT,0.546597615186365
GACTGGA,0.598174175817186
GACTGGC,0.544051485985054
GACTGGG,0.600407847677668
GACTGGT,0.563222887771637
GACTGTA,0.595307776110098
GACTGTC,0.56959390163397
GACTGTG,0.610088776654629
GACTGTT,0.550451605427465
GACTTAA,0.561925250158289
GACTTAC,0.5446178529781
GACTTAG,0.563222887771637
GACTTAT,0.551764207591403
GACTTCA,0.546409235179995
GACTTCC,0.548761438466967
GACTTCG,0.543295830670659
GACTTCT,0.540077909914147
GACTTGA,0.58285143505565
GACTTGC,0.565720729368717
GACTTGG,0.564888808556351
GACTTGT,0.556997454550261
GACTTTA,0.557090656945672
GACTTTC,0.548949375927585
GACTTTG,0.582397192613382
GACTTTT,0.556438057683667
GAGAAAA,0.574460163675984
GAGAAAC,0.589189258612043
GAGAAAG,0.644491541629769
GAGAAAT,0.542917788774925
GAGAACA,0.591082799306327
GAGAACC,0.527485733590813
GAGAACG,0.579576274681905
GAGAACT,0.529882818815562
GAGAAGA,0.566090249915229
GAGAAGC,0.585844271362493
GAGAAGG,0.737159909634218
GAGAAGT,0.615378004162654
GAGAATA,0.577021490999354
GAGAATC,0.608850587709503
GAGAATG,0.621426230510278
GAGAATT,0.53684960070543
GAGACAA,0.568949413794948
GAGACAC,0.554571138212828
GAGACAG,0.649007438340484
GAGACAT,0.564426331099877
GAGACCA,0.514927412178428
GAGACCC,0.56257427944787
GAGACCG,0.570513878612981
GAGACCT,0.590181560418671
GAGACGA,0.565166192400051
GAGACGC,0.558394579200281
GAGACGG,0.568765198095154
GAGACGT,0.567382497591141
GAGACTA,0.552419863141576
GAGACTC,0.512201776147311
GAGACTG,0.58638746239603
GAGACTT,0.550826810458739
GAGAGAA,0.612736887395519
GAGAGAC,0.585119557369397
GAGAGAG,0.695597634104531
GAGAGAT,0.630647024265292
GAGAGCA,0.608850587709503
GAGAGCC,0.653926104713154
GAGAGCG,0.547821220991165
GAGAGCT,0.601032382755151
GAGAGGA,0.691695138721754
GAGAGGC,0.58285143505565
GAGAGGG,0.701584301120659
GAGAGGT,0.624044527015816
GAGAGTA,0.5449952528455
GAGAGTC,0.589279508566753
GAGAGTG,0.635398103886773
GAGAGTT,0.582397192613382
GAGATAA,0.576016037516212
GAGATAC,0.562110730085728
GAGATAG,0.553636369827967
GAGATAT,0.551201874763997
GAGATCA,0.527389730561448
GAGATCC,0.53504099585911
GAGATCG,0.52633308849596
GAGATCT,0.573543811694954
GAGATGA,0.704644663970355
GAGATGC,0.568949413794948
GAGATGG,0.600140070339893
GAGATGT,0.578390936767797
GAGATTA,0.542634163535157
GAGATTC,0.540551783474449
GAGATTG,0.562944964287544
GAGATTT,0.573452130296366
GAGCAAA,0.621688368872756
GAGCAAC,0.551108121874974
GAGCAAG,0.589279508566753
GAGCAAT,0.543579268333584
GAGCACA,0.583759301399837
GAGCACC,0.525563919664432
GAGCACG,0.553449311250204
GAGCACT,0.546974268771438
GAGCAGA,0.624131685609292
GAGCAGC,0.602369360236698
GAGCAGG,0.727303634840197
GAGCAGT,0.567105727918929
GAGCATA,0.562388885487578
GAGCATC,0.570237974375928
GAGCATG,0.578025934561134
GAGCATT,0.572901865319618
GAGCCAA,0.580669187092685
GAGCCAC,0.573177035656934
GAGCCAG,0.616695951331984
GAGCCAT,0.559603843654184
GAGCCCA,0.55681102369533
GAGCCCC,0.536564248895506
GAGCCCG,0.568488810900911
GAGCCCT,0.533515418982654
GAGCCGA,0.529212213947515
GAGCCGC,0.56968593742731
GAGCCGG,0.523060027207803
GAGCCGT,0.557742830599617
GAGCCTA,0.575375676724759
GAGCCTC,0.558580715092686
GAGCCTG,0.571249251304139
GAGCCTT,0.560533053027156
GAGCGAA,0.543768182153756
GAGCGAC,0.560718791335055
GAGCGAG,0.53246523318245
GAGCGAT,0.547821220991165
GAGCGCA,0.549325144920533
GAGCGCC,0.549982401081462
GAGCGCG,0.546974268771438
GAGCGCT,0.552794330537075
GAGCGGA,0.561182986228949
GAGCGGC,0.558394579200281
GAGCGGG,0.559696803455463
GAGCGGT,0.562017994422359
GAGCGTA,0.544051485985054
GAGCGTC,0.538939696340096
GAGCGTG,0.604860279021623
GAGCGTT,0.556438057683667
GAGCTAA,0.549794657682941
GAGCTAC,0.561182986228949
GAGCTAG,0.586658947306664
GAGCTAT,0.582033650038997
GAGCTCA,0.590452017379526
GAGCTCC,0.546597615186365
GAGCTCG,0.561090164486722
GAGCTCT,0.557835963553314
GAGCTGA,0.609469873821037
GAGCTGC,0.541972058306368
GAGCTGG,0.74282615819795
GAGCTGT,0.635656605622992
GAGCTTA,0.533419993107197
GAGCTTC,0.566274958996557
GAGCTTG,0.570513878612981
GAGCTTT,0.551483080704976
GAGGAAA,0.58521017534618
GAGGAAC,0.559231918009715
GAGGAAG,0.790141540171889
GAGGAAT,0.594589890552232
GAGGACA,0.591533114346221
GAGGACC,0.577386859947319
GAGGACG,0.559138914980721
GAGGACT,0.616783752747885
GAGGAGA,0.684664852342855
GAGGAGC,0.664277695331885
GAGGAGG,1
GAGGAGT,0.605304433766909
GAGGATA,0.577204192160145
GAGGATC,0.732556761595166
GAGGATG,0.703920687161981
GAGGATT,0.607345008543912
GAGGCAA,0.565997882578947
GAGGCAC,0.588105623363076
GAGGCAG,0.677006294643723
GAGGCAT,0.534850425979874
GAGGCCA,0.573727149279548
GAGGCCC,0.583214680505864
GAGGCCG,0.544712216298664
GAGGCCT,0.621688368872756
GAGGCGA,0.553823393421363
GAGGCGC,0.554477700685179
GAGGCGG,0.552794330537075
GAGGCGT,0.579940711552448
GAGGCTA,0.54074127004072
GAGGCTC,0.600140070339893
GAGGCTG,0.627698662981107
GAGGCTT,0.525275328756933
GAGGGAA,0.73840457736889
GAGGGAC,0.567382497591141
GAGGGAG,0.824820794682555
GAGGGAT,0.61238421086732
GAGGGCA,0.612031409914505
GAGGGCC,0.558580715092686
GAGGGCG,0.58412221728119
GAGGGCT,0.65519424585337
GAGGGGA,0.771513252593393
GAGGGGC,0.607167732464505
GAGGGGG,0.719807547778303
GAGGGGT,0.64261101242466
GAGGGTA,0.587382546943799
GAGGGTC,0.643295250465523
GAGGGTG,0.711536358576516
GAGGGTT,0.574918024970885
GAGGTAA,0.60725637443256
GAGGTAC,0.551764207591403
GAGGTAG,0.759482543478765
GAGGTAT,0.557183850655207
GAGGTCA,0.55913891498072
GAGGTCC,0.559417898123035
GAGGTCG,0.595756193018506
GAGGTCT,0.651130520449667
GAGGTGA,0.754063236390793
GAGGTGC,0.591893220430876
GAGGTGG,0.795295872701927
GAGGTGT,0.674937500394333
GAGGTTA,0.579394006429193
GAGGTTC,0.556064952516456
GAGGTTG,0.583577794056731
GAGGTTT,0.586930358533246
GAGTAAA,0.548479466033523
GAGTAAC,0.550920589723994
GAGTAAG,0.560625926493445
GAGTAAT,0.550639225540454
GAGTACA,0.558859853985092
GAGTACC,0.564981278386936
GAGTACG,0.545843882145088
GAGTACT,0.554477700685179
GAGTAGA,0.552138920543025
GAGTAGC,0.537990194384955
GAGTAGG,0.590091391841062
GAGTAGT,0.569041508920624
GAGTATA,0.572993597178838
GAGTATC,0.576838756452749
GAGTATG,0.591623153025276
GAGTATT,0.565166192400051
GAGTCAA,0.546880118674452
GAGTCAC,0.550545419884123
GAGTCAG,0.586025367826372
GAGTCAT,0.567843610220735
GAGTCCA,0.530552974274079
GAGTCCC,0.566367300744755
GAGTCCG,0.541214829430832
GAGTCCT,0.593781652804284
GAGTCGA,0.546032368672738
GAGTCGC,0.557370212023119
GAGTCGG,0.576655988508127
GAGTCGT,0.554664567010722
GAGTCTA,0.542917788774925
GAGTCTC,0.540930720708634
GAGTCTG,0.593242464494996
GAGTCTT,0.561832497291923
GAGTGAA,0.576107484164017
GAGTGAC,0.577569494373067
GAGTGAG,0.612031409914505
GAGTGAT,0.614850338554293
GAGTGCA,0.546126598615548
GAGTGCC,0.547162542376858
GAGTGCG,0.589099000511544
GAGTGCT,0.608408005563924
GAGTGGA,0.651384987665875
GAGTGGC,0.562017994422359
GAGTGGG,0.785257286300476
GAGTGGT,0.615202146561497
GAGTGTA,0.543484798038652
GAGTGTC,0.585844271362493
GAGTGTG,0.626308185196632
GAGTGTT,0.565073739667642
GAGTTAA,0.560904495150641
GAGTTAC,0.563871075675319
GAGTTAG,0.601834783726001
GAGTTAT,0.559231918009715
GAGTTCA,0.576107484164017
GAGTTCC,0.534183145261708
GAGTTCG,0.531605169165621
GAGTTCT,0.549231215909186
GAGTTGA,0.559882697137462
GAGTTGC,0.556438057683667
GAGTTGG,0.612207825949477
GAGTTGT,0.552419863141576
GAGTTTA,0.594679654435756
GAGTTTC,0.570237974375928
GAGTTTG,0.58484765415892
GAGTTTT,0.558301498260002
GATAAAA,0.575467181947485
GATAAAC,0.558487651477305
GATAAAG,0.565443499323289
GATAAAT,0.547444886338637
GATAACA,0.54149885745819
GATAACC,0.5457496255569
GATAACG,0.552700726833551
GATAACT,0.545372510335971
GATAAGA,0.546315031867504
GATAAGC,0.562481586764089
GATAAGG,0.587382546943799
GATAAGT,0.570513878612981
GATAATA,0.560254380864187
GATAATC,0.545278209305316
GATAATG,0.540457026725178
GATAATT,0.559510875210577
GATACAA,0.543201333594226
GATACAC,0.557649688971366
GATACAG,0.60725637443256
GATACAT,0.554290799434086
GATACCA,0.563222887771637
GATACCC,0.563130255192393
GATACCG,0.54904333141437
GATACCT,0.537705167906319
GATACGA,0.54725666588863
GATACGC,0.546785959712392
GATACGG,0.546880118674452
GATACGT,0.553168657759232
GATACTA,0.545089580561758
GATACTC,0.548291440230175
GATACTG,0.550545419884123
GATACTT,0.560440170934585
GATAGAA,0.547915282529121
GATAGAC,0.550545419884123
GATAGAG,0.616344668557181
GATAGAT,0.563408127191716
GATAGCA,0.58484765415892
GATAGCC,0.54074127004072
GATAGCG,0.5481974140692
GATAGCT,0.564333809936794
GATAGGA,0.542350457829289
GATAGGC,0.608585061928324
GATAGGG,0.566736582491177
GATAGGT,0.561275799356101
GATAGTA,0.53950896506838
GATAGTC,0.545655360083569
GATAGTG,0.557835963553314
GATAGTT,0.554103863244385
GATATAA,0.560440170934585
GATATAC,0.546597615186365
GATATAG,0.541593515543045
GATATAT,0.561832497291923
GATATCA,0.546315031867504
GATATCC,0.539888297596422
GATATCG,0.558115310383227
GATATCT,0.557742830599617
GATATGA,0.547538983280205
GATATGC,0.545561085723422
GATATGG,0.576016037516212
GATATGT,0.54857346567922
GATATTA,0.537895194585134
GATATTC,0.563500734035728
GATATTG,0.573085320624096
GATATTT,0.546126598615548
GATCAAA,0.560440170934585
GATCAAC,0.554290799434086
GATCAAG,0.556438057683667
GATCAAT,0.546220819679912
GATCACA,0.541309514403781
GATCACC,0.532274171760761
GATCACG,0.533992411816249
GATCACT,0.562666963540514
GATCAGA,0.555318324299763
GATCAGC,0.539793477953543
GATCAGG,0.567566968158746
GATCAGT,0.537515105110502
GATCATA,0.545843882145088
GATCATC,0.538180166913997
GATCATG,0.545938129849809
GATCATT,0.536564248895506
GATCCAA,0.546315031867504
GATCCAC,0.538180166913997
GATCCAG,0.558115310383227
GATCCAT,0.552513493137443
GATCCCA,0.525948578032781
GATCCCC,0.553262217674982
GATCCCG,0.539983108249388
GATCCCT,0.551014360195522
GATCCGA,0.546691791883586
GATCCGC,0.552513493137443
GATCCGG,0.551951581618439
GATCCGT,0.548009335220336
GATCCTA,0.551951581618439
GATCCTC,0.527485733590813
GATCCTG,0.586206431500261
GATCCTT,0.576198922450096
GATCGAA,0.549606879030218
GATCGAC,0.546220819679912
GATCGAG,0.542539603909466
GATCGAT,0.54857346567922
GATCGCA,0.543390318818239
GATCGCC,0.543012312648047
GATCGCG,0.541972058306368
GATCGCT,0.545561085723422
GATCGGA,0.557370212023119
GATCGGC,0.546691791883586
GATCGGG,0.570789706747883
GATCGGT,0.57565016727715
GATCGTA,0.5457496255569
GATCGTC,0.547915282529121
GATCGTG,0.546974268771438
GATCGTT,0.565813122307268
GATCTAA,0.563963639659039
GATCTAC,0.546974268771438
GATCTAG,0.574734905608592
GATCTAT,0.555318324299763
GATCTCA,0.55671779523257
GATCTCC,0.545561085723422
GATCTCG,0.543012312648047
GATCTCT,0.591082799306327
GATCTGA,0.586839896309033
GATCTGC,0.590992711959198
GATCTGG,0.871218161042235
GATCTGT,0.579576274681905
GATCTTA,0.587563365070729
GATCTTC,0.568673077517911
GATCTTG,0.558301498260002
GATCTTT,0.55978975461602
GATGAAA,0.592253196885818
GATGAAC,0.56034728021413
GATGAAG,0.559696803455463
GATGAAT,0.568488810900911
GATGACA,0.571065458822604
GATGACC,0.54857346567922
GATGACG,0.56368592199964
GATGACT,0.615114206162347
GATGAGA,0.648582280484928
GATGAGC,0.577021490999354
GATGAGG,0.610088776654629
GATGAGT,0.600140070339893
GATGATA,0.536278815636684
GATGATC,0.538654940404733
GATGATG,0.661510940410371
GATGATT,0.556997454550261
GATGCAA,0.550920589723994
GATGCAC,0.546503429619058
GATGCAG,0.549982401081462
GATGCAT,0.557183850655207
GATGCCA,0.554571138212828
GATGCCC,0.53950896506838
GATGCCG,0.550920589723994
GATGCCT,0.546785959712392
GATGCGA,0.544712216298664
GATGCGC,0.549794657682941
GATGCGG,0.541025432584957
GATGCGT,0.553542844912949
GATGCTA,0.574002092648085
GATGCTC,0.541593515543045
GATGCTG,0.591082799306327
GATGCTT,0.536469113528072
GATGGAA,0.564333809936794
GATGGAC,0.540646531245729
GATGGAG,0.575375676724759
GATGGAT,0.57984961478539
GATGGCA,0.602547488920886
GATGGCC,0.603170689561776
GATGGCG,0.5481974140692
GATGGCT,0.578847002255946
GATGGGA,0.654095283144503
GATGGGC,0.555598375211691
GATGGGG,0.655954359327334
GATGGGT,0.620026997513596
GATGGTA,0.59978292231236
GATGGTC,0.530265819782959
GATGGTG,0.722812728917419
GATGGTT,0.560533053027156
GATGTAA,0.565443499323289
GATGTAC,0.560811647553586
GATGTAG,0.583577794056731
GATGTAT,0.578117197603554
GATGTCA,0.534564503049566
GATGTCC,0.55681102369533
GATGTCG,0.556438057683667
GATGTCT,0.598978872572899
GATGTGA,0.583759301399837
GATGTGC,0.585119557369397
GATGTGG,0.639354472771402
GATGTGT,0.636689944854158
GATGTTA,0.561925250158289
GATGTTC,0.537039790018942
GATGTTG,0.560811647553586
GATGTTT,0.604415926915237
GATTAAA,0.524794158756778
GATTAAC,0.557742830599617
GATTAAG,0.541404190412335
GATTAAT,0.547821220991165
GATTACA,0.528061558299266
GATTACC,0.556438057683667
GATTACG,0.548761438466967
GATTACT,0.543768182153756
GATTAGA,0.561832497291923
GATTAGC,0.543012312648047
GATTAGG,0.567659190683096
GATTAGT,0.542161275966103
GATTATA,0.550076259564533
GATTATC,0.553075089089205
GATTATG,0.563037614031558
GATTATT,0.549700772764182
GATTCAA,0.562852305958759
GATTCAC,0.561368603869775
GATTCAG,0.535802912414756
GATTCAT,0.539129488592566
GATTCCA,0.544240310626264
GATTCCC,0.549325144920533
GATTCCG,0.581851829178588
GATTCCT,0.540646531245729
GATTCGA,0.546409235179995
GATTCGC,0.546597615186365
GATTCGG,0.546032368672738
GATTCGT,0.543012312648047
GATTCTA,0.548009335220336
GATTCTC,0.52767771200422
GATTCTG,0.572259506584406
GATTCTT,0.557277035680483
GATTGAA,0.552607114367554
GATTGAC,0.562481586764089
GATTGAG,0.564241280212754
GATTGAT,0.549606879030218
GATTGCA,0.552607114367554
GATTGCC,0.538465058056766
GATTGCG,0.553916892103012
GATTGCT,0.535326782601112
GATTGGA,0.590542153447371
GATTGGC,0.531987511164909
GATTGGG,0.586839896309033
GATTGGT,0.595218068594039
GATTGTA,0.571249251304139
GATTGTC,0.559231918009715
GATTGTG,0.552045255467716
GATTGTT,0.591893220430876
GATTTAA,0.540551783474449
GATTTAC,0.545278209305316
GATTTAG,0.553075089089205
GATTTAT,0.562296175616743
GATTTCA,0.541877436048561
GATTTCC,0.586749425900667
GATTTCG,0.545372510335971
GATTTCT,0.533515418982654
GATTTGA,0.535898111179577
GATTTGC,0.545655360083569
GATTTGG,0.600407847677668
GATTTGT,0.553262217674982
GATTTTA,0.558766816344968
GATTTTC,0.533992411816249
GATTTTG,0.541782804836534
GATTTTT,0.570789706747883
GCAAAAA,0.582760603072593
GCAAAAC,0.546126598615548
GCAAAAG,0.547821220991165
GCAAAAT,0.568580948453684
GCAAACA,0.560161472883153
GCAAACC,0.541972058306368
GCAAACG,0.573452130296366
GCAAACT,0.560068556269423
GCAAAGA,0.572626619242745
GCAAAGC,0.568304510323467
GCAAAGG,0.592792918716571
GCAAAGT,0.554290799434086
GCAAATA,0.558394579200281
GCAAATC,0.539319244830773
GCAAATG,0.557370212023119
GCAAATT,0.538939696340096
GCAACAA,0.542823255966196
GCAACAC,0.546409235179995
GCAACAG,0.564333809936794
GCAACAT,0.529403861231648
GCAACCA,0.534755127419697
GCAACCC,0.552045255467716
GCAACCG,0.555224956564517
GCAACCT,0.53504099585911
GCAACGA,0.547350780542001
GCAACGC,0.5481974140692
GCAACGG,0.553262217674982
GCAACGT,0.554197335707378
GCAACTA,0.546785959712392
GCAACTC,0.553449311250204
GCAACTG,0.550263950106564
GCAACTT,0.546974268771438
GCAAGAA,0.562944964287544
GCAAGAC,0.532560750205863
GCAAGAG,0.545843882145088
GCAAGAT,0.55681102369533
GCAAGCA,0.552887925479765
GCAAGCC,0.56968593742731
GCAAGCG,0.564148741926171
GCAAGCT,0.555971654469429
GCAAGGA,0.587834530972409
GCAAGGC,0.557649688971366
GCAAGGG,0.593871489264434
GCAAGGT,0.581760906349821
GCAAGTA,0.564796330174305
GCAAGTC,0.552326224378313
GCAAGTG,0.532656258106646
GCAAGTT,0.555038194937351
GCAATAA,0.563130255192393
GCAATAC,0.53950896506838
GCAATAG,0.539224371212598
GCAATAT,0.542634163535157
GCAATCA,0.547727150604803
GCAATCC,0.537325006183951
GCAATCG,0.548479466033523
GCAATCT,0.554571138212828
GCAATGA,0.558208408654855
GCAATGC,0.551483080704976
GCAATGG,0.546974268771438
GCAATGT,0.543957060292236
GCAATTA,0.539698649319047
GCAATTC,0.544051485985054
GCAATTG,0.56146139977157
GCAATTT,0.543201333594226
GCACAAA,0.541782804836534
GCACAAC,0.545938129849809
GCACAAG,0.564796330174305
GCACAAT,0.556624558077454
GCACACA,0.557556538666944
GCACACC,0.576016037516212
GCACACG,0.560440170934585
GCACACT,0.553916892103012
GCACAGA,0.519776217800569
GCACAGC,0.549982401081462
GCACAGG,0.566367300744755
GCACAGT,0.562388885487578
GCACATA,0.557742830599617
GCACATC,0.549794657682941
GCACATG,0.534945715459102
GCACATT,0.548949375927585
GCACCAA,0.579394006429193
GCACCAC,0.542161275966103
GCACCAG,0.621863089613011
GCACCAT,0.568765198095154
GCACCCA,0.540646531245729
GCACCCC,0.522674255913265
GCACCCG,0.538939696340096
GCACCCT,0.55475798708049
GCACCGA,0.545183899381137
GCACCGC,0.543012312648047
GCACCGG,0.55671779523257
GCACCGT,0.543957060292236
GCACCTA,0.543579268333584
GCACCTC,0.553542844912949
GCACCTG,0.557742830599617
GCACCTT,0.538654940404733
GCACGAA,0.554197335707378
GCACGAC,0.546880118674452
GCACGAG,0.563315511770882
GCACGAT,0.543390318818239
GCACGCA,0.55223257684601
GCACGCC,0.545466802474781
GCACGCG,0.535231529428386
GCACGCT,0.546409235179995
GCACGGA,0.556064952516456
GCACGGC,0.543201333594226
GCACGGG,0.568488810900911
GCACGGT,0.534087783086384
GCACGTA,0.555038194937351
GCACGTC,0.562759639043613
GCACGTG,0.552794330537075
GCACGTT,0.563871075675319
GCACTAA,0.56146139977157
GCACTAC,0.562017994422359
GCACTAG,0.553075089089205
GCACTAT,0.543201333594226
GCACTCA,0.577386859947319
GCACTCC,0.521709176088872
GCACTCG,0.544712216298664
GCACTCT,0.53684960070543
GCACTGA,0.537705167906319
GCACTGC,0.537705167906319
GCACTGG,0.592702985304829
GCACTGT,0.524505345585663
GCACTTA,0.581033225955672
GCACTTC,0.55569170808982
GCACTTG,0.564426331099877
GCACTTT,0.506434035977911
GCAGAAA,0.542066671611651
GCAGAAC,0.574368566255191
GCAGAAG,0.585934823693924
GCAGAAT,0.556624558077454
GCAGACA,0.573543811694954
GCAGACC,0.580305015657142
GCAGACG,0.559231918009715
GCAGACT,0.573360440491527
GCAGAGA,0.591082799306327
GCAGAGC,0.57747818132961
GCAGAGG,0.706251627225004
GCAGAGT,0.611325434383631
GCAGATA,0.568396664858027
GCAGATC,0.5457496255569
GCAGATG,0.589640426957095
GCAGATT,0.56940980463163
GCAGCAA,0.5789381903994
GCAGCAC,0.563130255192393
GCAGCAG,0.628653496151521
GCAGCAT,0.547162542376858
GCAGCCA,0.56257427944787
GCAGCCC,0.573452130296366
GCAGCCG,0.547162542376858
GCAGCCT,0.538654940404733
GCAGCGA,0.552700726833551
GCAGCGC,0.543957060292236
GCAGCGG,0.570329950913332
GCAGCGT,0.530265819782959
GCAGCTA,0.56931774341951
GCAGCTC,0.576290352375981
GCAGCTG,0.566274958996557
GCAGCTT,0.550920589723994
GCAGGAA,0.65011200355444
GCAGGAC,0.577752095449572
GCAGGAG,0.654518104046858
GCAGGAT,0.61783676886939
GCAGGCA,0.564888808556351
GCAGGCC,0.587924903268553
GCAGGCG,0.571800426157563
GCAGGCT,0.627090566838929
GCAGGGA,0.725887631659633
GCAGGGC,0.628479957919674
GCAGGGG,0.731617929409834
GCAGGGT,0.630473831672114
GCAGGTA,0.624393115819265
GCAGGTC,0.608585061928324
GCAGGTG,0.634880899858482
GCAGGTT,0.590812512914092
GCAGTAA,0.557277035680483
GCAGTAC,0.563500734035728
GCAGTAG,0.568580948453684
GCAGTAT,0.558952882970019
GCAGTCA,0.568673077517911
GCAGTCC,0.557277035680483
GCAGTCG,0.552326224378313
GCAGTCT,0.543295830670659
GCAGTGA,0.539983108249388
GCAGTGC,0.564056195075461
GCAGTGG,0.573910453257633
GCAGTGT,0.581942743741145
GCAGTTA,0.558394579200281
GCAGTTC,0.559975631021395
GCAGTTG,0.552700726833551
GCAGTTT,0.555038194937351
GCATAAA,0.566367300744755
GCATAAC,0.547915282529121
GCATAAG,0.564703843239218
GCATAAT,0.552607114367554
GCATACA,0.53504099585911
GCATACC,0.543957060292236
GCATACG,0.544240310626264
GCATACT,0.562203457149991
GCATAGA,0.568580948453684
GCATAGC,0.554571138212828
GCATAGG,0.546880118674452
GCATAGT,0.561275799356101
GCATATA,0.559975631021395
GCATATC,0.544523480752259
GCATATG,0.550639225540454
GCATATT,0.534278498343954
GCATCAA,0.554010382043475
GCATCAC,0.575375676724759
GCATCAG,0.549419065110049
GCATCAT,0.545938129849809
GCATCCA,0.539983108249388
GCATCCC,0.559975631021395
GCATCCG,0.562203457149991
GCATCCT,0.525275328756933
GCATCGA,0.546503429619058
GCATCGC,0.565813122307268
GCATCGG,0.564611347749506
GCATCGT,0.544523480752259
GCATCTA,0.537705167906319
GCATCTC,0.542255871371418
GCATCTG,0.579758509718956
GCATCTT,0.55223257684601
GCATGAA,0.576564592007744
GCATGAC,0.542823255966196
GCATGAG,0.620814306967857
GCATGAT,0.557929087834071
GCATGCA,0.580669187092685
GCATGCC,0.529116376530434
GCATGCG,0.549419065110049
GCATGCT,0.548855411612337
GCATGGA,0.573452130296366
GCATGGC,0.549137278074351
GCATGGG,0.555131580110922
GCATGGT,0.599425646684539
GCATGTA,0.543295830670659
GCATGTC,0.541309514403781
GCATGTG,0.587653761874973
GCATGTT,0.558487651477305
GCATTAA,0.540362260996215
GCATTAC,0.566921172238596
GCATTAG,0.540551783474449
GCATTAT,0.552326224378313
GCATTCA,0.549700772764182
GCATTCC,0.54272871422017
GCATTCG,0.546032368672738
GCATTCT,0.551389354177351
GCATTGA,0.580487117952518
GCATTGC,0.562944964287544
GCATTGG,0.578573387923303
GCATTGT,0.586658947306664
GCATTTA,0.561832497291923
GCATTTC,0.636517795784018
GCATTTG,0.554851398423765
GCATTTT,0.569225673731343
GCCAAAA,0.575375676724759
GCCAAAC,0.561554187063086
GCCAAAG,0.54442909961946
GCCAAAT,0.549137278074351
GCCAACA,0.519872954504246
GCCAACC,0.543768182153756
GCCAACG,0.544240310626264
GCCAACT,0.549512976479392
GCCAAGA,0.562759639043613
GCCAAGC,0.618275198534467
GCCAAGG,0.571708584776194
GCCAAGT,0.551576798448762
GCCAATA,0.544712216298664
GCCAATC,0.55615824185977
GCCAATG,0.561646965745918
GCCAATT,0.550545419884123
GCCACAA,0.536373969109039
GCCACAC,0.533324558124773
GCCACAG,0.547633071368372
GCCACAT,0.542539603909466
GCCACCA,0.528732934987585
GCCACCC,0.521226286684663
GCCACCG,0.564426331099877
GCCACCT,0.567013454336363
GCCACGA,0.543390318818239
GCCACGC,0.548009335220336
GCCACGG,0.567105727918929
GCCACGT,0.570973549912905
GCCACTA,0.561739735821665
GCCACTC,0.537420060164427
GCCACTG,0.553262217674982
GCCACTT,0.589550209570845
GCCAGAA,0.572810125044892
GCCAGAC,0.557835963553314
GCCAGAG,0.588557280764589
GCCAGAT,0.573910453257633
GCCAGCA,0.580851223089715
GCCAGCC,0.55978975461602
GCCAGCG,0.555318324299763
GCCAGCT,0.576016037516212
GCCAGGA,0.58548198001724
GCCAGGC,0.589279508566753
GCCAGGG,0.69202092898243
GCCAGGT,0.563593332304507
GCCAGTA,0.545843882145088
GCCAGTC,0.553075089089205
GCCAGTG,0.599693615371493
GCCAGTT,0.558580715092686
GCCATAA,0.543579268333584
GCCATAC,0.547633071368372
GCCATAG,0.545183899381137
GCCATAT,0.558952882970019
GCCATCA,0.539888297596422
GCCATCC,0.53112703600154
GCCATCG,0.552981511663262
GCCATCT,0.621076605767016
GCCATGA,0.553168657759232
GCCATGC,0.562666963540514
GCCATGG,0.614146351015407
GCCATGT,0.541593515543045
GCCATTA,0.550263950106564
GCCATTC,0.549700772764182
GCCATTG,0.54857346567922
GCCATTT,0.55671779523257
GCCCAAA,0.545938129849809
GCCCAAC,0.538370103360331
GCCCAAG,0.549137278074351
GCCCAAT,0.557463379684734
GCCCACA,0.567382497591141
GCCCACC,0.5264291930149
GCCCACG,0.535707704586269
GCCCACT,0.545278209305316
GCCCAGA,0.531987511164909
GCCCAGC,0.483827118159321
GCCCAGG,0.588737886622235
GCCCAGT,0.572626619242745
GCCCATA,0.546785959712392
GCCCATC,0.563037614031558
GCCCATG,0.540646531245729
GCCCATT,0.546597615186365
GCCCCAA,0.538085185160671
GCCCCAC,0.526909577117217
GCCCCAG,0.542917788774925
GCCCCAT,0.52633308849596
GCCCCCA,0.500238313366399
GCCCCCC,0.554103863244385
GCCCCCG,0.540457026725178
GCCCCCT,0.535707704586269
GCCCCGA,0.550451605427465
GCCCCGC,0.515996168477591
GCCCCGG,0.553823393421363
GCCCCGT,0.539414109448797
GCCCCTA,0.558766816344968
GCCCCTC,0.519292393862529
GCCCCTG,0.492016650286078
GCCCCTT,0.539698649319047
GCCCGAA,0.547350780542001
GCCCGAC,0.551483080704976
GCCCGAG,0.555224956564517
GCCCGAT,0.548667456489815
GCCCGCA,0.562017994422359
GCCCGCC,0.527485733590813
GCCCGCG,0.555411683318289
GCCCGCT,0.55978975461602
GCCCGGA,0.542350457829289
GCCCGGC,0.531031381929243
GCCCGGG,0.561368603869775
GCCCGGT,0.545278209305316
GCCCGTA,0.558487651477305
GCCCGTC,0.544240310626264
GCCCGTG,0.55223257684601
GCCCGTT,0.549231215909186
GCCCTAA,0.568212347295667
GCCCTAC,0.538844786704239
GCCCTAG,0.59763735134537
GCCCTAT,0.552419863141576
GCCCTCA,0.535517261731385
GCCCTCC,0.508295077852014
GCCCTCG,0.543390318818239
GCCCTCT,0.529978582810452
GCCCTGA,0.560625926493445
GCCCTGC,0.553262217674982
GCCCTGG,0.561554187063086
GCCCTGT,0.546691791883586
GCCCTTA,0.540362260996215
GCCCTTC,0.535993300882455
GCCCTTG,0.568212347295667
GCCCTTT,0.523831123625249
GCCGAAA,0.565628327892922
GCCGAAC,0.558301498260002
GCCGAAG,0.561646965745918
GCCGAAT,0.558115310383227
GCCGACA,0.544900916230684
GCCGACC,0.538749868059688
GCCGACG,0.548103379066474
GCCGACT,0.543106827587251
GCCGAGA,0.55653131222836
GCCGAGC,0.530170083292395
GCCGAGG,0.551483080704976
GCCGAGT,0.565166192400051
GCCGATA,0.549512976479392
GCCGATC,0.544900916230684
GCCGATG,0.554664567010722
GCCGATT,0.5449952528455
GCCGCAA,0.556997454550261
GCCGCAC,0.542350457829289
GCCGCAG,0.558859853985092
GCCGCAT,0.544712216298664
GCCGCCA,0.571157359285831
GCCGCCC,0.550357782168829
GCCGCCG,0.550545419884123
GCCGCCT,0.548479466033523
GCCGCGA,0.552887925479765
GCCGCGC,0.529499671102218
GCCGCGG,0.528828809157999
GCCGCGT,0.559510875210577
GCCGCTA,0.545466802474781
GCCGCTC,0.537420060164427
GCCGCTG,0.575284163128061
GCCGCTT,0.558766816344968
GCCGGAA,0.53950896506838
GCCGGAC,0.545183899381137
GCCGGAG,0.549512976479392
GCCGGAT,0.545561085723422
GCCGGCA,0.549325144920533
GCCGGCC,0.532178627358997
GCCGGCG,0.535707704586269
GCCGGCT,0.540267486285857
GCCGGGA,0.567290249544748
GCCGGGC,0.528541159066782
GCCGGGG,0.544806570715632
GCCGGGT,0.525179113277085
GCCGGTA,0.554477700685179
GCCGGTC,0.554384254426142
GCCGGTG,0.535422026701536
GCCGGTT,0.554944801042175
GCCGTAA,0.547821220991165
GCCGTAC,0.548479466033523
GCCGTAG,0.562666963540514
GCCGTAT,0.547444886338637
GCCGTCA,0.544145902762502
GCCGTCC,0.543768182153756
GCCGTCG,0.542917788774925
GCCGTCT,0.545372510335971
GCCGTGA,0.558394579200281
GCCGTGC,0.540835999861121
GCCGTGG,0.614146351015407
GCCGTGT,0.542255871371418
GCCGTTA,0.557277035680483
GCCGTTC,0.554571138212828
GCCGTTG,0.558115310383227
GCCGTTT,0.537325006183951
GCCTAAA,0.54112013549179
GCCTAAC,0.550826810458739
GCCTAAG,0.54074127004072
GCCTAAT,0.547162542376858
GCCTACA,0.551014360195522
GCCTACC,0.547538983280205
GCCTACG,0.544145902762502
GCCTACT,0.545561085723422
GCCTAGA,0.556064952516456
GCCTAGC,0.543295830670659
GCCTAGG,0.580305015657142
GCCTAGT,0.542634163535157
GCCTATA,0.541214829430832
GCCTATC,0.542539603909466
GCCTATG,0.565997882578947
GCCTATT,0.562852305958759
GCCTCAA,0.592073224856228
GCCTCAC,0.545372510335971
GCCTCAG,0.535517261731385
GCCTCAT,0.540077909914147
GCCTCCA,0.527485733590813
GCCTCCC,0.54904333141437
GCCTCCG,0.538275139646646
GCCTCCT,0.522384829748163
GCCTCGA,0.548103379066474
GCCTCGC,0.535517261731385
GCCTCGG,0.537229943167357
GCCTCGT,0.550357782168829
GCCTCTA,0.553916892103012
GCCTCTC,0.544051485985054
GCCTCTG,0.577660799079214
GCCTCTT,0.515801934091213
GCCTGAA,0.572167707357876
GCCTGAC,0.532942727090634
GCCTGAG,0.601923899658756
GCCTGAT,0.575192641155858
GCCTGCA,0.528157496855886
GCCTGCC,0.506434035977911
GCCTGCG,0.524601625911115
GCCTGCT,0.556064952516456
GCCTGGA,0.585391386668614
GCCTGGC,0.492812049897735
GCCTGGG,0.543957060292236
GCCTGGT,0.608408005563924
GCCTGTA,0.494003964333281
GCCTGTC,0.560068556269423
GCCTGTG,0.602903651128028
GCCTGTT,0.561739735821665
GCCTTAA,0.539319244830773
GCCTTAC,0.550826810458739
GCCTTAG,0.542066671611651
GCCTTAT,0.544145902762502
GCCTTCA,0.580760209233338
GCCTTCC,0.578117197603554
GCCTTCG,0.551389354177351
GCCTTCT,0.544806570715632
GCCTTGA,0.547821220991165
GCCTTGC,0.530170083292395
GCCTTGG,0.628132791083287
GCCTTGT,0.605659615580915
GCCTTTA,0.557463379684734
GCCTTTC,0.554103863244385
GCCTTTG,0.568765198095154
GCCTTTT,0.5264291930149
GCGAAAA,0.557742830599617
GCGAAAC,0.54149885745819
GCGAAAG,0.552326224378313
GCGAAAT,0.547915282529121
GCGAACA,0.548103379066474
GCGAACC,0.554851398423765
GCGAACG,0.548385457551061
GCGAACT,0.549419065110049
GCGAAGA,0.554010382043475
GCGAAGC,0.543957060292236
GCGAAGG,0.562296175616743
GCGAAGT,0.553916892103012
GCGAATA,0.548385457551061
GCGAATC,0.546597615186365
GCGAATG,0.544051485985054
GCGAATT,0.557649688971366
GCGACAA,0.563222887771637
GCGACAC,0.546597615186365
GCGACAG,0.558022203443504
GCGACAT,0.549512976479392
GCGACCA,0.546315031867504
GCGACCC,0.563963639659039
GCGACCG,0.545938129849809
GCGACCT,0.54442909961946
GCGACGA,0.548479466033523
GCGACGC,0.544145902762502
GCGACGG,0.542161275966103
GCGACGT,0.548385457551061
GCGACTA,0.548479466033523
GCGACTC,0.545561085723422
GCGACTG,0.543106827587251
GCGACTT,0.551014360195522
GCGAGAA,0.575375676724759
GCGAGAC,0.533038198518314
GCGAGAG,0.541972058306368
GCGAGAT,0.542539603909466
GCGAGCA,0.546503429619058
GCGAGCC,0.553262217674982
GCGAGCG,0.551014360195522
GCGAGCT,0.543295830670659
GCGAGGA,0.54442909961946
GCGAGGC,0.552513493137443
GCGAGGG,0.586206431500261
GCGAGGT,0.580031800021641
GCGAGTA,0.566736582491177
GCGAGTC,0.561832497291923
GCGAGTG,0.575924582505153
GCGAGTT,0.541025432584957
GCGATAA,0.558487651477305
GCGATAC,0.547727150604803
GCGATAG,0.5457496255569
GCGATAT,0.547633071368372
GCGATCA,0.548855411612337
GCGATCC,0.55681102369533
GCGATCG,0.548291440230175
GCGATCT,0.552326224378313
GCGATGA,0.553823393421363
GCGATGC,0.54988853378815
GCGATGG,0.543295830670659
GCGATGT,0.5457496255569
GCGATTA,0.548385457551061
GCGATTC,0.544806570715632
GCGATTG,0.540457026725178
GCGATTT,0.544145902762502
GCGCAAA,0.545089580561758
GCGCAAC,0.5457496255569
GCGCAAG,0.554851398423765
GCGCAAT,0.548855411612337
GCGCACA,0.536088481525116
GCGCACC,0.553168657759232
GCGCACG,0.550639225540454
GCGCACT,0.551201874763997
GCGCAGA,0.548291440230175
GCGCAGC,0.54988853378815
GCGCAGG,0.564241280212754
GCGCAGT,0.542161275966103
GCGCATA,0.548291440230175
GCGCATC,0.545938129849809
GCGCATG,0.539698649319047
GCGCATT,0.546126598615548
GCGCCAA,0.548949375927585
GCGCCAC,0.530170083292395
GCGCCAG,0.54149885745819
GCGCCAT,0.552607114367554
GCGCCCA,0.550826810458739
GCGCCCC,0.532560750205863
GCGCCCG,0.53313366083207
GCGCCCT,0.559417898123035
GCGCCGA,0.552326224378313
GCGCCGC,0.543673729704724
GCGCCGG,0.535231529428386
GCGCCGT,0.561925250158289
GCGCCTA,0.54725666588863
GCGCCTC,0.54112013549179
GCGCCTG,0.520163108480008
GCGCCTT,0.540267486285857
GCGCGAA,0.557556538666944
GCGCGAC,0.545561085723422
GCGCGAG,0.544051485985054
GCGCGAT,0.552138920543025
GCGCGCA,0.548103379066474
GCGCGCC,0.550263950106564
GCGCGCG,0.567290249544748
GCGCGCT,0.550545419884123
GCGCGGA,0.540362260996215
GCGCGGC,0.528637051624434
GCGCGGG,0.539034596968968
GCGCGGT,0.537325006183951
GCGCGTA,0.549419065110049
GCGCGTC,0.550733022398109
GCGCGTG,0.54442909961946
GCGCGTT,0.556438057683667
GCGCTAA,0.547444886338637
GCGCTAC,0.547350780542001
GCGCTAG,0.558301498260002
GCGCTAT,0.54904333141437
GCGCTCA,0.539793477953543
GCGCTCC,0.543768182153756
GCGCTCG,0.557556538666944
GCGCTCT,0.544240310626264
GCGCTGA,0.557183850655207
GCGCTGC,0.540172702592402
GCGCTGG,0.564426331099877
GCGCTGT,0.54112013549179
GCGCTTA,0.545466802474781
GCGCTTC,0.542255871371418
GCGCTTG,0.548479466033523
GCGCTTT,0.554944801042175
GCGGAAA,0.561368603869775
GCGGAAC,0.5449952528455
GCGGAAG,0.553542844912949
GCGGAAT,0.55475798708049
GCGGACA,0.55129561886424
GCGGACC,0.542823255966196
GCGGACG,0.553355768838094
GCGGACT,0.549137278074351
GCGGAGA,0.59539747557944
GCGGAGC,0.537325006183951
GCGGAGG,0.574826469481327
GCGGAGT,0.561182986228949
GCGGATA,0.566459633966742
GCGGATC,0.545843882145088
GCGGATG,0.544334709578022
GCGGATT,0.557183850655207
GCGGCAA,0.554851398423765
GCGGCAC,0.549512976479392
GCGGCAG,0.559882697137462
GCGGCAT,0.553262217674982
GCGGCCA,0.557742830599617
GCGGCCC,0.548103379066474
GCGGCCG,0.539414109448797
GCGGCCT,0.546126598615548
GCGGCGA,0.546597615186365
GCGGCGC,0.539224371212598
GCGGCGG,0.554664567010722
GCGGCGT,0.543768182153756
GCGGCTA,0.555411683318289
GCGGCTC,0.555131580110922
GCGGCTG,0.56034728021413
GCGGCTT,0.547068410005017
GCGGGAA,0.565997882578947
GCGGGAC,0.567751404703236
GCGGGAG,0.565166192400051
GCGGGAT,0.573910453257633
GCGGGCA,0.566274958996557
GCGGGCC,0.56146139977157
GCGGGCG,0.522963598335098
GCGGGCT,0.581760906349821
GCGGGGA,0.587653761874973
GCGGGGC,0.58548198001724
GCGGGGG,0.551483080704976
GCGGGGT,0.572810125044892
GCGGGTA,0.564611347749506
GCGGGTC,0.556064952516456
GCGGGTG,0.559417898123035
GCGGGTT,0.547350780542001
GCGGTAA,0.558208408654855
GCGGTAC,0.555224956564517
GCGGTAG,0.552700726833551
GCGGTAT,0.574368566255191
GCGGTCA,0.548385457551061
GCGGTCC,0.543012312648047
GCGGTCG,0.547162542376858
GCGGTCT,0.55653131222836
GCGGTGA,0.575833119129309
GCGGTGC,0.539319244830773
GCGGTGG,0.576107484164017
GCGGTGT,0.54112013549179
GCGGTTA,0.54904333141437
GCGGTTC,0.56257427944787
GCGGTTG,0.549137278074351
GCGGTTT,0.572626619242745
GCGTAAA,0.558952882970019
GCGTAAC,0.549606879030218
GCGTAAG,0.548385457551061
GCGTAAT,0.545938129849809
GCGTACA,0.5481974140692
GCGTACC,0.548479466033523
GCGTACG,0.549606879030218
GCGTACT,0.549137278074351
GCGTAGA,0.555411683318289
GCGTAGC,0.566459633966742
GCGTAGG,0.545843882145088
GCGTAGT,0.555785032257735
GCGTATA,0.549231215909186
GCGTATC,0.556438057683667
GCGTATG,0.547633071368372
GCGTATT,0.544334709578022
GCGTCAA,0.5449952528455
GCGTCAC,0.571892259104866
GCGTCAG,0.549137278074351
GCGTCAT,0.548291440230175
GCGTCCA,0.550263950106564
GCGTCCC,0.535898111179577
GCGTCCG,0.544334709578022
GCGTCCT,0.532083073827628
GCGTCGA,0.546503429619058
GCGTCGC,0.546220819679912
GCGTCGG,0.544806570715632
GCGTCGT,0.548479466033523
GCGTCTA,0.54442909961946
GCGTCTC,0.536088481525116
GCGTCTG,0.603704552595862
GCGTCTT,0.560254380864187
GCGTGAA,0.553355768838094
GCGTGAC,0.564518843703587
GCGTGAG,0.579120541744265
GCGTGAT,0.542161275966103
GCGTGCA,0.604682561872221
GCGTGCC,0.546880118674452
GCGTGCG,0.559510875210577
GCGTGCT,0.577569494373067
GCGTGGA,0.574551752707457
GCGTGGC,0.538275139646646
GCGTGGG,0.607610863751682
GCGTGGT,0.559231918009715
GCGTGTA,0.543106827587251
GCGTGTC,0.539698649319047
GCGTGTG,0.551857898993549
GCGTGTT,0.574734905608592
GCGTTAA,0.547821220991165
GCGTTAC,0.546785959712392
GCGTTAG,0.546126598615548
GCGTTAT,0.5481974140692
GCGTTCA,0.543201333594226
GCGTTCC,0.548855411612337
GCGTTCG,0.548291440230175
GCGTTCT,0.5446178529781
GCGTTGA,0.559417898123035
GCGTTGC,0.538180166913997
GCGTTGG,0.557090656945672
GCGTTGT,0.562296175616743
GCGTTTA,0.583396253762729
GCGTTTC,0.544145902762502
GCGTTTG,0.568673077517911
GCGTTTT,0.55671779523257
GCTAAAA,0.553075089089205
GCTAAAC,0.539319244830773
GCTAAAG,0.559975631021395
GCTAAAT,0.549512976479392
GCTAACA,0.531700768371198
GCTAACC,0.563593332304507
GCTAACG,0.548479466033523
GCTAACT,0.543484798038652
GCTAAGA,0.546503429619058
GCTAAGC,0.563408127191716
GCTAAGG,0.585119557369397
GCTAAGT,0.560533053027156
GCTAATA,0.54272871422017
GCTAATC,0.543579268333584
GCTAATG,0.541025432584957
GCTAATT,0.533229114033644
GCTACAA,0.541688164668594
GCTACAC,0.572075899703475
GCTACAG,0.556064952516456
GCTACAT,0.554010382043475
GCTACCA,0.549700772764182
GCTACCC,0.543768182153756
GCTACCG,0.543673729704724
GCTACCT,0.548855411612337
GCTACGA,0.558952882970019
GCTACGC,0.547068410005017
GCTACGG,0.545183899381137
GCTACGT,0.546597615186365
GCTACTA,0.546409235179995
GCTACTC,0.524023804860779
GCTACTG,0.561182986228949
GCTACTT,0.534659819776838
GCTAGAA,0.537895194585134
GCTAGAC,0.559882697137462
GCTAGAG,0.550920589723994
GCTAGAT,0.545089580561758
GCTAGCA,0.54988853378815
GCTAGCC,0.545278209305316
GCTAGCG,0.567013454336363
GCTAGCT,0.555411683318289
GCTAGGA,0.592972761279637
GCTAGGC,0.559045903301358
GCTAGGG,0.585572565159454
GCTAGGT,0.541782804836534
GCTAGTA,0.570605829778336
GCTAGTC,0.54272871422017
GCTAGTG,0.560533053027156
GCTAGTT,0.554197335707378
GCTATAA,0.547444886338637
GCTATAC,0.5449952528455
GCTATAG,0.584575676996979
GCTATAT,0.558580715092686
GCTATCA,0.548949375927585
GCTATCC,0.544523480752259
GCTATCG,0.546597615186365
GCTATCT,0.561832497291923
GCTATGA,0.553729885996893
GCTATGC,0.568212347295667
GCTATGG,0.572351297384611
GCTATGT,0.58412221728119
GCTATTA,0.552794330537075
GCTATTC,0.549794657682941
GCTATTG,0.543957060292236
GCTATTT,0.540267486285857
GCTCAAA,0.562852305958759
GCTCAAC,0.55932491238995
GCTCAAG,0.55932491238995
GCTCAAT,0.557463379684734
GCTCACA,0.551201874763997
GCTCACC,0.529020529927661
GCTCACG,0.534373842334858
GCTCACT,0.577569494373067
GCTCAGA,0.528061558299266
GCTCAGC,0.541688164668594
GCTCAGG,0.672449284534345
GCTCAGT,0.611678484449248
GCTCATA,0.539983108249388
GCTCATC,0.571984083619654
GCTCATG,0.58348702802934
GCTCATT,0.546032368672738
GCTCCAA,0.541309514403781
GCTCCAC,0.546409235179995
GCTCCAG,0.541877436048561
GCTCCAT,0.543862625682365
GCTCCCA,0.536088481525116
GCTCCCC,0.542445035341407
GCTCCCG,0.543768182153756
GCTCCCT,0.511909302600291
GCTCCGA,0.563222887771637
GCTCCGC,0.546409235179995
GCTCCGG,0.537325006183951
GCTCCGT,0.54272871422017
GCTCCTA,0.546691791883586
GCTCCTC,0.539603811691228
GCTCCTG,0.540077909914147
GCTCCTT,0.560997334127819
GCTCGAA,0.548385457551061
GCTCGAC,0.547727150604803
GCTCGAG,0.549137278074351
GCTCGAT,0.548667456489815
GCTCGCA,0.545561085723422
GCTCGCC,0.540551783474449
GCTCGCG,0.546880118674452
GCTCGCT,0.552981511663262
GCTCGGA,0.562481586764089
GCTCGGC,0.550639225540454
GCTCGGG,0.546126598615548
GCTCGGT,0.552981511663262
GCTCGTA,0.557556538666944
GCTCGTC,0.551857898993549
GCTCGTG,0.557277035680483
GCTCGTT,0.556624558077454
GCTCTAA,0.54725666588863
GCTCTAC,0.546785959712392
GCTCTAG,0.587020812574785
GCTCTAT,0.556064952516456
GCTCTCA,0.550451605427465
GCTCTCC,0.530648674116774
GCTCTCG,0.550826810458739
GCTCTCT,0.556438057683667
GCTCTGA,0.567474737128617
GCTCTGC,0.543012312648047
GCTCTGG,0.579029370228334
GCTCTGT,0.567013454336363
GCTCTTA,0.54112013549179
GCTCTTC,0.540267486285857
GCTCTTG,0.552981511663262
GCTCTTT,0.533801641984602
GCTGAAA,0.554103863244385
GCTGAAC,0.572993597178838
GCTGAAG,0.604415926915237
GCTGAAT,0.551764207591403
GCTGACA,0.561275799356101
GCTGACC,0.548291440230175
GCTGACG,0.549325144920533
GCTGACT,0.574276960443543
GCTGAGA,0.583123881512617
GCTGAGC,0.519001987098734
GCTGAGG,0.585028931180251
GCTGAGT,0.577752095449572
GCTGATA,0.551670507410356
GCTGATC,0.56793580723716
GCTGATG,0.568488810900911
GCTGATT,0.58521017534618
GCTGCAA,0.558952882970019
GCTGCAC,0.559417898123035
GCTGCAG,0.604504813133821
GCTGCAT,0.56959390163397
GCTGCCA,0.542255871371418
GCTGCCC,0.519582716314719
GCTGCCG,0.545561085723422
GCTGCCT,0.558673770048037
GCTGCGA,0.545655360083569
GCTGCGC,0.532083073827628
GCTGCGG,0.529020529927661
GCTGCGT,0.588195971164405
GCTGCTA,0.538275139646646
GCTGCTC,0.503685119522286
GCTGCTG,0.599514977559008
GCTGCTT,0.552981511663262
GCTGGAA,0.543295830670659
GCTGGAC,0.553729885996893
GCTGGAG,0.570421918991831
GCTGGAT,0.585119557369397
GCTGGCA,0.611854962751424
GCTGGCC,0.555224956564517
GCTGGCG,0.56968593742731
GCTGGCT,0.581033225955672
GCTGGGA,0.625089929095357
GCTGGGC,0.61643250082027
GCTGGGG,0.709857880625776
GCTGGGT,0.731696199098867
GCTGGTA,0.557742830599617
GCTGGTC,0.542634163535157
GCTGGTG,0.692183784319176
GCTGGTT,0.577569494373067
GCTGTAA,0.546597615186365
GCTGTAC,0.566551958664092
GCTGTAG,0.593242464494996
GCTGTAT,0.530074337635478
GCTGTCA,0.544145902762502
GCTGTCC,0.582306319359336
GCTGTCG,0.545372510335971
GCTGTCT,0.539129488592566
GCTGTGA,0.574643333351148
GCTGTGC,0.590542153447371
GCTGTGG,0.696732999075584
GCTGTGT,0.602280283994505
GCTGTTA,0.583305471255402
GCTGTTC,0.574826469481327
GCTGTTG,0.637292233328721
GCTGTTT,0.538085185160671
GCTTAAA,0.535231529428386
GCTTAAC,0.554851398423765
GCTTAAG,0.551483080704976
GCTTAAT,0.541404190412335
GCTTACA,0.538844786704239
GCTTACC,0.546691791883586
GCTTACG,0.5457496255569
GCTTACT,0.554384254426142
GCTTAGA,0.561182986228949
GCTTAGC,0.537229943167357
GCTTAGG,0.565258636585741
GCTTAGT,0.537325006183951
GCTTATA,0.551857898993549
GCTTATC,0.554851398423765
GCTTATG,0.534945715459102
GCTTATT,0.533610835752882
GCTTCAA,0.565073739667642
GCTTCAC,0.539129488592566
GCTTCAG,0.589459984044684
GCTTCAT,0.554384254426142
GCTTCCA,0.541877436048561
GCTTCCC,0.515121816484812
GCTTCCG,0.537895194585134
GCTTCCT,0.536944699883683
GCTTCGA,0.564796330174305
GCTTCGC,0.546409235179995
GCTTCGG,0.542823255966196
GCTTCGT,0.546032368672738
GCTTCTA,0.533992411816249
GCTTCTC,0.563500734035728
GCTTCTG,0.542823255966196
GCTTCTT,0.540551783474449
GCTTGAA,0.522191832423447
GCTTGAC,0.548855411612337
GCTTGAG,0.58348702802934
GCTTGAT,0.542917788774925
GCTTGCA,0.513370815677445
GCTTGCC,0.550357782168829
GCTTGCG,0.562110730085728
GCTTGCT,0.572351297384611
GCTTGGA,0.587292125618158
GCTTGGC,0.550733022398109
GCTTGGG,0.608408005563924
GCTTGGT,0.554197335707378
GCTTGTA,0.557649688971366
GCTTGTC,0.552045255467716
GCTTGTG,0.562666963540514
GCTTGTT,0.580305015657142
GCTTTAA,0.538654940404733
GCTTTAC,0.543579268333584
GCTTTAG,0.53112703600154
GCTTTAT,0.53504099585911
GCTTTCA,0.537325006183951
GCTTTCC,0.537515105110502
GCTTTCG,0.545561085723422
GCTTTCT,0.568857310186979
GCTTTGA,0.558766816344968
GCTTTGC,0.547068410005017
GCTTTGG,0.550357782168829
GCTTTGT,0.571892259104866
GCTTTTA,0.532751756886541
GCTTTTC,0.541593515543045
GCTTTTG,0.57565016727715
GCTTTTT,0.531031381929243
GGAAAAA,0.588557280764589
GGAAAAC,0.553916892103012
GGAAAAG,0.597458345795546
GGAAAAT,0.566828881624059
GGAAACA,0.585844271362493
GGAAACC,0.589640426957095
GGAAACG,0.557649688971366
GGAAACT,0.556624558077454
GGAAAGA,0.58711125843513
GGAAAGC,0.592253196885818
GGAAAGG,0.642354302408046
GGAAAGT,0.633154951929034
GGAAATA,0.598263618551622
GGAAATC,0.570881632555183
GGAAATG,0.630733609314802
GGAAATT,0.542823255966196
GGAACAA,0.556997454550261
GGAACAC,0.59072240121319
GGAACAG,0.603170689561776
GGAACAT,0.584485001502386
GGAACCA,0.535612487692387
GGAACCC,0.572718376353117
GGAACCG,0.55615824185977
GGAACCT,0.578847002255946
GGAACGA,0.545938129849809
GGAACGC,0.550263950106564
GGAACGG,0.576290352375981
GGAACGT,0.555598375211691
GGAACTA,0.539983108249388
GGAACTC,0.576655988508127
GGAACTG,0.569501857369263
GGAACTT,0.548385457551061
GGAAGAA,0.620289502877282
GGAAGAC,0.582124548073644
GGAAGAG,0.773241622742531
GGAAGAT,0.642867656558154
GGAAGCA,0.650451624463297
GGAAGCC,0.56931774341951
GGAAGCG,0.572167707357876
GGAAGCT,0.569041508920624
GGAAGGA,0.759634775528454
GGAAGGC,0.630213986527467
GGAAGGG,0.793016516595346
GGAAGGT,0.614410404423839
GGAAGTA,0.613529955110739
GGAAGTC,0.62221243953817
GGAAGTG,0.661846712628963
GGAAGTT,0.56959390163397
GGAATAA,0.54074127004072
GGAATAC,0.563963639659039
GGAATAG,0.603971377272277
GGAATAT,0.566459633966742
GGAATCA,0.586115903761323
GGAATCC,0.53950896506838
GGAATCG,0.552887925479765
GGAATCT,0.58484765415892
GGAATGA,0.577112845752214
GGAATGC,0.598353053286771
GGAATGG,0.638066071583996
GGAATGT,0.61915148162394
GGAATTA,0.552326224378313
GGAATTC,0.563500734035728
GGAATTG,0.602547488920886
GGAATTT,0.584394317785003
GGACAAA,0.546785959712392
GGACAAC,0.545372510335971
GGACAAG,0.532656258106646
GGACAAT,0.552607114367554
GGACACA,0.54442909961946
GGACACC,0.560068556269423
GGACACG,0.542161275966103
GGACACT,0.550639225540454
GGACAGA,0.630906756926154
GGACAGC,0.572810125044892
GGACAGG,0.580578156666248
GGACAGT,0.563130255192393
GGACATA,0.559417898123035
GGACATC,0.535898111179577
GGACATG,0.56959390163397
GGACATT,0.575375676724759
GGACCAA,0.555224956564517
GGACCAC,0.557277035680483
GGACCAG,0.577112845752214
GGACCAT,0.577934663189011
GGACCCA,0.576198922450096
GGACCCC,0.545372510335971
GGACCCG,0.559510875210577
GGACCCT,0.537800185759494
GGACCGA,0.545278209305316
GGACCGC,0.552045255467716
GGACCGG,0.597368831003079
GGACCGT,0.554571138212828
GGACCTA,0.552700726833551
GGACCTC,0.580396070949985
GGACCTG,0.60601467128559
GGACCTT,0.542161275966103
GGACGAA,0.556997454550261
GGACGAC,0.545089580561758
GGACGAG,0.559045903301358
GGACGAT,0.5481974140692
GGACGCA,0.54904333141437
GGACGCC,0.558022203443504
GGACGCG,0.549794657682941
GGACGCT,0.534659819776838
GGACGGA,0.543201333594226
GGACGGC,0.572167707357876
GGACGGG,0.599514977559008
GGACGGT,0.540362260996215
GGACGTA,0.546409235179995
GGACGTC,0.55129561886424
GGACGTG,0.541309514403781
GGACGTT,0.561832497291923
GGACTAA,0.545466802474781
GGACTAC,0.535231529428386
GGACTAG,0.549512976479392
GGACTAT,0.552887925479765
GGACTCA,0.578847002255946
GGACTCC,0.558022203443504
GGACTCG,0.550170109239016
GGACTCT,0.552419863141576
GGACTGA,0.56931774341951
GGACTGC,0.536564248895506
GGACTGG,0.610618960099178
GGACTGT,0.62587326408624
GGACTTA,0.56793580723716
GGACTTC,0.554290799434086
GGACTTG,0.573818805468634
GGACTTT,0.557183850655207
GGAGAAA,0.625351108944218
GGAGAAC,0.582760603072593
GGAGAAG,0.660923067603321
GGAGAAT,0.578025934561134
GGAGACA,0.63082018686799
GGAGACC,0.595038629415996
GGAGACG,0.553729885996893
GGAGACT,0.584575676996979
GGAGAGA,0.69972741600662
GGAGAGC,0.622387068744392
GGAGAGG,0.751687817866835
GGAGAGT,0.623085280775353
GGAGATA,0.586568460525545
GGAGATC,0.539224371212598
GGAGATG,0.616959332455806
GGAGATT,0.566367300744755
GGAGCAA,0.586749425900667
GGAGCAC,0.585663142096744
GGAGCAG,0.705448468389008
GGAGCAT,0.608142362224152
GGAGCCA,0.597100238538248
GGAGCCC,0.536088481525116
GGAGCCG,0.56931774341951
GGAGCCT,0.561368603869775
GGAGCGA,0.541214829430832
GGAGCGC,0.551670507410356
GGAGCGG,0.58285143505565
GGAGCGT,0.582760603072593
GGAGCTA,0.586658947306664
GGAGCTC,0.56931774341951
GGAGCTG,0.784663631178766
GGAGCTT,0.565535917878306
GGAGGAA,0.714168287872681
GGAGGAC,0.571984083619654
GGAGGAG,0.819171602692145
GGAGGAT,0.612560564679011
GGAGGCA,0.671036542462396
GGAGGCC,0.634708439054187
GGAGGCG,0.592433136531305
GGAGGCT,0.578025934561134
GGAGGGA,0.845079351088657
GGAGGGC,0.657809985758272
GGAGGGG,0.845288960449169
GGAGGGT,0.703598751371619
GGAGGTA,0.772640789277346
GGAGGTC,0.635225732264524
GGAGGTG,0.877664395030389
GGAGGTT,0.58521017534618
GGAGTAA,0.580487117952518
GGAGTAC,0.563408127191716
GGAGTAG,0.568765198095154
GGAGTAT,0.570421918991831
GGAGTCA,0.575009572078804
GGAGTCC,0.550733022398109
GGAGTCG,0.587653761874973
GGAGTCT,0.54725666588863
GGAGTGA,0.664277695331885
GGAGTGC,0.590452017379526
GGAGTGG,0.713530880212339
GGAGTGT,0.604949125753957
GGAGTTA,0.567105727918929
GGAGTTC,0.549231215909186
GGAGTTG,0.586025367826372
GGAGTTT,0.568304510323467
GGATAAA,0.576016037516212
GGATAAC,0.544145902762502
GGATAAG,0.576198922450096
GGATAAT,0.54442909961946
GGATACA,0.564888808556351
GGATACC,0.551857898993549
GGATACG,0.543390318818239
GGATACT,0.552887925479765
GGATAGA,0.608585061928324
GGATAGC,0.565258636585741
GGATAGG,0.546503429619058
GGATAGT,0.572810125044892
GGATATA,0.552887925479765
GGATATC,0.542917788774925
GGATATG,0.554010382043475
GGATATT,0.561368603869775
GGATCAA,0.560718791335055
GGATCAC,0.530457265272047
GGATCAG,0.577843383485664
GGATCAT,0.535802912414756
GGATCCA,0.553823393421363
GGATCCC,0.542917788774925
GGATCCG,0.54904333141437
GGATCCT,0.570789706747883
GGATCGA,0.547633071368372
GGATCGC,0.540835999861121
GGATCGG,0.588015267398284
GGATCGT,0.557929087834071
GGATCTA,0.560904495150641
GGATCTC,0.587020812574785
GGATCTG,0.91919811431647
GGATCTT,0.587924903268553
GGATGAA,0.571892259104866
GGATGAC,0.540362260996215
GGATGAG,0.600764772623878
GGATGAT,0.563963639659039
GGATGCA,0.561090164486722
GGATGCC,0.557742830599617
GGATGCG,0.552326224378313
GGATGCT,0.533324558124773
GGATGGA,0.606192151874907
GGATGGC,0.613089439586834
GGATGGG,0.654518104046858
GGATGGT,0.600318596532028
GGATGTA,0.605215618598325
GGATGTC,0.589820837315734
GGATGTG,0.644747703651739
GGATGTT,0.571892259104866
GGATTAA,0.553729885996893
GGATTAC,0.53112703600154
GGATTAG,0.577112845752214
GGATTAT,0.557929087834071
GGATTCA,0.551483080704976
GGATTCC,0.56034728021413
GGATTCG,0.541593515543045
GGATTCT,0.566828881624059
GGATTGA,0.571065458822604
GGATTGC,0.551764207591403
GGATTGG,0.616256828578907
GGATTGT,0.590001215132348
GGATTTA,0.573910453257633
GGATTTC,0.548385457551061
GGATTTG,0.589008734263785
GGATTTT,0.580851223089715
GGCAAAA,0.555785032257735
GGCAAAC,0.549325144920533
GGCAAAG,0.591172878538458
GGCAAAT,0.547350780542001
GGCAACA,0.536373969109039
GGCAACC,0.55681102369533
GGCAACG,0.552513493137443
GGCAACT,0.559045903301358
GGCAAGA,0.551857898993549
GGCAAGC,0.556624558077454
GGCAAGG,0.609469873821037
GGCAAGT,0.546974268771438
GGCAATA,0.535993300882455
GGCAATC,0.558487651477305
GGCAATG,0.546503429619058
GGCAATT,0.546126598615548
GGCACAA,0.562388885487578
GGCACAC,0.565905506710152
GGCACAG,0.567105727918929
GGCACAT,0.547538983280205
GGCACCA,0.661930638070477
GGCACCC,0.554010382043475
GGCACCG,0.535326782601112
GGCACCT,0.562852305958759
GGCACGA,0.558208408654855
GGCACGC,0.54988853378815
GGCACGG,0.55615824185977
GGCACGT,0.555971654469429
GGCACTA,0.570697772489452
GGCACTC,0.566459633966742
GGCACTG,0.586568460525545
GGCACTT,0.577569494373067
GGCAGAA,0.58530078511209
GGCAGAC,0.596921136807812
GGCAGAG,0.706893690170685
GGCAGAT,0.571341134879079
GGCAGCA,0.620202008745726
GGCAGCC,0.544806570715632
GGCAGCG,0.577569494373067
GGCAGCT,0.572534853712235
GGCAGGA,0.679730566060041
GGCAGGC,0.620989180478258
GGCAGGG,0.750766784013423
GGCAGGT,0.653841504763266
GGCAGTA,0.577386859947319
GGCAGTC,0.556438057683667
GGCAGTG,0.610088776654629
GGCAGTT,0.580213952072477
GGCATAA,0.58012288019448
GGCATAC,0.551951581618439
GGCATAG,0.567751404703236
GGCATAT,0.559975631021395
GGCATCA,0.553355768838094
GGCATCC,0.552981511663262
GGCATCG,0.566182608720574
GGCATCT,0.560533053027156
GGCATGA,0.560625926493445
GGCATGC,0.587201696115761
GGCATGG,0.58530078511209
GGCATGT,0.553355768838094
GGCATTA,0.540930720708634
GGCATTC,0.553168657759232
GGCATTG,0.606369600970455
GGCATTT,0.648242024005884
GGCCAAA,0.588015267398284
GGCCAAC,0.519776217800569
GGCCAAG,0.569961993994717
GGCCAAT,0.551951581618439
GGCCACA,0.528541159066782
GGCCACC,0.567197992987867
GGCCACG,0.547633071368372
GGCCACT,0.53313366083207
GGCCAGA,0.61141370858613
GGCCAGC,0.568304510323467
GGCCAGG,0.681542632579655
GGCCAGT,0.609646742291306
GGCCATA,0.543957060292236
GGCCATC,0.551483080704976
GGCCATG,0.598442480024063
GGCCATT,0.536564248895506
GGCCCAA,0.546409235179995
GGCCCAC,0.560161472883153
GGCCCAG,0.55223257684601
GGCCCAT,0.548667456489815
GGCCCCA,0.533897031449567
GGCCCCC,0.562944964287544
GGCCCCG,0.535993300882455
GGCCCCT,0.551951581618439
GGCCCGA,0.541309514403781
GGCCCGC,0.574093723641528
GGCCCGG,0.558301498260002
GGCCCGT,0.553449311250204
GGCCCTA,0.583850042718541
GGCCCTC,0.511324098758766
GGCCCTG,0.561368603869775
GGCCCTT,0.548103379066474
GGCCGAA,0.585391386668614
GGCCGAC,0.539129488592566
GGCCGAG,0.547162542376858
GGCCGAT,0.543957060292236
GGCCGCA,0.558673770048037
GGCCGCC,0.526236974740055
GGCCGCG,0.522191832423447
GGCCGCT,0.56959390163397
GGCCGGA,0.55932491238995
GGCCGGC,0.539319244830773
GGCCGGG,0.557183850655207
GGCCGGT,0.553916892103012
GGCCGTA,0.553729885996893
GGCCGTC,0.548479466033523
GGCCGTG,0.587201696115761
GGCCGTT,0.580669187092685
GGCCTAA,0.558952882970019
GGCCTAC,0.553636369827967
GGCCTAG,0.561182986228949
GGCCTAT,0.564426331099877
GGCCTCA,0.601032382755151
GGCCTCC,0.554290799434086
GGCCTCG,0.548855411612337
GGCCTCT,0.577843383485664
GGCCTGA,0.576198922450096
GGCCTGC,0.519389177378797
GGCCTGG,0.593062670433868
GGCCTGT,0.606192151874907
GGCCTTA,0.534755127419697
GGCCTTC,0.570145989378061
GGCCTTG,0.644149890161203
GGCCTTT,0.576198922450096
GGCGAAA,0.543484798038652
GGCGAAC,0.555038194937351
GGCGAAG,0.564426331099877
GGCGAAT,0.554010382043475
GGCGACA,0.536564248895506
GGCGACC,0.565073739667642
GGCGACG,0.542634163535157
GGCGACT,0.553916892103012
GGCGAGA,0.542539603909466
GGCGAGC,0.551857898993549
GGCGAGG,0.541309514403781
GGCGAGT,0.583940775804005
GGCGATA,0.546880118674452
GGCGATC,0.547444886338637
GGCGATG,0.54725666588863
GGCGATT,0.540077909914147
GGCGCAA,0.546974268771438
GGCGCAC,0.546880118674452
GGCGCAG,0.554944801042175
GGCGCAT,0.544145902762502
GGCGCCA,0.550076259564533
GGCGCCC,0.554197335707378
GGCGCCG,0.551201874763997
GGCGCCT,0.524409055989417
GGCGCGA,0.54442909961946
GGCGCGC,0.546597615186365
GGCGCGG,0.529595471794136
GGCGCGT,0.540930720708634
GGCGCTA,0.547350780542001
GGCGCTC,0.539888297596422
GGCGCTG,0.548291440230175
GGCGCTT,0.548009335220336
GGCGGAA,0.558766816344968
GGCGGAC,0.550545419884123
GGCGGAG,0.568304510323467
GGCGGAT,0.564703843239218
GGCGGCA,0.568765198095154
GGCGGCC,0.549512976479392
GGCGGCG,0.545089580561758
GGCGGCT,0.560440170934585
GGCGGGA,0.607079082638355
GGCGGGC,0.568673077517911
GGCGGGG,0.627698662981107
GGCGGGT,0.58221543784659
GGCGGTA,0.563778503122715
GGCGGTC,0.54725666588863
GGCGGTG,0.56968593742731
GGCGGTT,0.583668551846398
GGCGTAA,0.548949375927585
GGCGTAC,0.547821220991165
GGCGTAG,0.564426331099877
GGCGTAT,0.548949375927585
GGCGTCA,0.559603843654184
GGCGTCC,0.534850425979874
GGCGTCG,0.545466802474781
GGCGTCT,0.568673077517911
GGCGTGA,0.54857346567922
GGCGTGC,0.591353012663569
GGCGTGG,0.592792918716571
GGCGTGT,0.540362260996215
GGCGTTA,0.546691791883586
GGCGTTC,0.54442909961946
GGCGTTG,0.543673729704724
GGCGTTT,0.564703843239218
GGCTAAA,0.549700772764182
GGCTAAC,0.534564503049566
GGCTAAG,0.59539747557944
GGCTAAT,0.530935718706369
GGCTACA,0.548385457551061
GGCTACC,0.54272871422017
GGCTACG,0.543012312648047
GGCTACT,0.558580715092686
GGCTAGA,0.546691791883586
GGCTAGC,0.553168657759232
GGCTAGG,0.559975631021395
GGCTAGT,0.565905506710152
GGCTATA,0.566644274838379
GGCTATC,0.540362260996215
GGCTATG,0.563593332304507
GGCTATT,0.540646531245729
GGCTCAA,0.560997334127819
GGCTCAC,0.544334709578022
GGCTCAG,0.66937193369656
GGCTCAT,0.581397132342589
GGCTCCA,0.568396664858027
GGCTCCC,0.542161275966103
GGCTCCG,0.551201874763997
GGCTCCT,0.601923899658756
GGCTCGA,0.543957060292236
GGCTCGC,0.540172702592402
GGCTCGG,0.545183899381137
GGCTCGT,0.56959390163397
GGCTCTA,0.546785959712392
GGCTCTC,0.561646965745918
GGCTCTG,0.597368831003079
GGCTCTT,0.545561085723422
GGCTGAA,0.599157606171121
GGCTGAC,0.563222887771637
GGCTGAG,0.557835963553314
GGCTGAT,0.602013007650569
GGCTGCA,0.604238130772276
GGCTGCC,0.520163108480008
GGCTGCG,0.567566968158746
GGCTGCT,0.540172702592402
GGCTGGA,0.538749868059688
GGCTGGC,0.615553830843353
GGCTGGG,0.779901660011735
GGCTGGT,0.634622197497234
GGCTGTA,0.567751404703236
GGCTGTC,0.581851829178588
GGCTGTG,0.675268795219051
GGCTGTT,0.559417898123035
GGCTTAA,0.551764207591403
GGCTTAC,0.55653131222836
GGCTTAG,0.560533053027156
GGCTTAT,0.546220819679912
GGCTTCA,0.60414922084509
GGCTTCC,0.509077639448463
GGCTTCG,0.558022203443504
GGCTTCT,0.508882056454611
GGCTTGA,0.573360440491527
GGCTTGC,0.560904495150641
GGCTTGG,0.602102107702855
GGCTTGT,0.571249251304139
GGCTTTA,0.547727150604803
GGCTTTC,0.55615824185977
GGCTTTG,0.561925250158289
GGCTTTT,0.565258636585741
GGGAAAA,0.574185346239501
GGGAAAC,0.590992711959198
GGGAAAG,0.627785503680229
GGGAAAT,0.604593691452348
GGGAACA,0.610442263515208
GGGAACC,0.58548198001724
GGGAACG,0.568212347295667
GGGAACT,0.598889493792723
GGGAAGA,0.68704105772964
GGGAAGC,0.604238130772276
GGGAAGG,0.878745999627402
GGGAAGT,0.650621391674131
GGGAATA,0.577660799079214
GGGAATC,0.564703843239218
GGGAATG,0.681460337115371
GGGAATT,0.570329950913332
GGGACAA,0.547915282529121
GGGACAC,0.572351297384611
GGGACAG,0.605126795540906
GGGACAT,0.566090249915229
GGGACCA,0.58711125843513
GGGACCC,0.54149885745819
GGGACCG,0.588737886622235
GGGACCT,0.588015267398284
GGGACGA,0.55475798708049
GGGACGC,0.540930720708634
GGGACGG,0.564888808556351
GGGACGT,0.55129561886424
GGGACTA,0.543579268333584
GGGACTC,0.565628327892922
GGGACTG,0.597816324857942
GGGACTT,0.567290249544748
GGGAGAA,0.703035114227856
GGGAGAC,0.627698662981107
GGGAGAG,0.729345439445986
GGGAGAT,0.606635715587401
GGGAGCA,0.689656541342882
GGGAGCC,0.58484765415892
GGGAGCG,0.580031800021641
GGGAGCT,0.737082066438575
GGGAGGA,0.839824786761724
GGGAGGC,0.641241130194076
GGGAGGG,0.955327420747797
GGGAGGT,0.770309143846754
GGGAGTA,0.567474737128617
GGGAGTC,0.580031800021641
GGGAGTG,0.735835750501379
GGGAGTT,0.555971654469429
GGGATAA,0.549419065110049
GGGATAC,0.551389354177351
GGGATAG,0.588015267398284
GGGATAT,0.558766816344968
GGGATCA,0.577569494373067
GGGATCC,0.544051485985054
GGGATCG,0.563222887771637
GGGATCT,0.597100238538248
GGGATGA,0.572718376353117
GGGATGC,0.557649688971366
GGGATGG,0.670620649972829
GGGATGT,0.682776252529152
GGGATTA,0.523445649740235
GGGATTC,0.576838756452749
GGGATTG,0.606990424952717
GGGATTT,0.571249251304139
GGGCAAA,0.578390936767797
GGGCAAC,0.556624558077454
GGGCAAG,0.572810125044892
GGGCAAT,0.562017994422359
GGGCACA,0.545843882145088
GGGCACC,0.587472960094163
GGGCACG,0.573818805468634
GGGCACT,0.578390936767797
GGGCAGA,0.657135610847475
GGGCAGC,0.603704552595862
GGGCAGG,0.736147475138119
GGGCAGT,0.577843383485664
GGGCATA,0.569133595565568
GGGCATC,0.576564592007744
GGGCATG,0.579576274681905
GGGCATT,0.611148862598187
GGGCCAA,0.567290249544748
GGGCCAC,0.5481974140692
GGGCCAG,0.690961722331496
GGGCCAT,0.554664567010722
GGGCCCA,0.529212213947515
GGGCCCC,0.560440170934585
GGGCCCG,0.575833119129309
GGGCCCT,0.534659819776838
GGGCCGA,0.553075089089205
GGGCCGC,0.556344794441753
GGGCCGG,0.586930358533246
GGGCCGT,0.575101110806617
GGGCCTA,0.544145902762502
GGGCCTC,0.577569494373067
GGGCCTG,0.556624558077454
GGGCCTT,0.586749425900667
GGGCGAA,0.55569170808982
GGGCGAC,0.540457026725178
GGGCGAG,0.552045255467716
GGGCGAT,0.532656258106646
GGGCGCA,0.543106827587251
GGGCGCC,0.541688164668594
GGGCGCG,0.544334709578022
GGGCGCT,0.557277035680483
GGGCGGA,0.558115310383227
GGGCGGC,0.562481586764089
GGGCGGG,0.687613779593817
GGGCGGT,0.588557280764589
GGGCGTA,0.567843610220735
GGGCGTC,0.550733022398109
GGGCGTG,0.561275799356101
GGGCGTT,0.533229114033644
GGGCTAA,0.571800426157563
GGGCTAC,0.539888297596422
GGGCTAG,0.575467181947485
GGGCTAT,0.557556538666944
GGGCTCA,0.608939080637998
GGGCTCC,0.590542153447371
GGGCTCG,0.565073739667642
GGGCTCT,0.551483080704976
GGGCTGA,0.650875988463413
GGGCTGC,0.567751404703236
GGGCTGG,0.726674547619167
GGGCTGT,0.659241524206672
GGGCTTA,0.557556538666944
GGGCTTC,0.576381773943198
GGGCTTG,0.56940980463163
GGGCTTT,0.572810125044892
GGGGAAA,0.621775733058801
GGGGAAC,0.577934663189011
GGGGAAG,0.777885882211667
GGGGAAT,0.599604300454184
GGGGACA,0.567843610220735
GGGGACC,0.625960263442144
GGGGACG,0.570145989378061
GGGGACT,0.589550209570845
GGGGAGA,0.726910501706523
GGGGAGC,0.682118511276418
GGGGAGG,0.9566407961388
GGGGAGT,0.620376989354284
GGGGATA,0.562852305958759
GGGGATC,0.562852305958759
GGGGATG,0.679648121329556
GGGGATT,0.607433634799955
GGGGCAA,0.568304510323467
GGGGCAC,0.576930127900041
GGGGCAG,0.700050600332209
GGGGCAT,0.612472391660749
GGGGCCA,0.668121656178201
GGGGCCC,0.56968593742731
GGGGCCG,0.577752095449572
GGGGCCT,0.568304510323467
GGGGCGA,0.561646965745918
GGGGCGC,0.577386859947319
GGGGCGG,0.633154951929034
GGGGCGT,0.597726842105596
GGGGCTA,0.577660799079214
GGGGCTC,0.580851223089715
GGGGCTG,0.692916305304566
GGGGCTT,0.587653761874973
GGGGGAA,0.628740253975432
GGGGGAC,0.622037779831262
GGGGGAG,0.712893066004321
GGGGGAT,0.59450011861043
GGGGGCA,0.610972259629642
GGGGGCC,0.620202008745726
GGGGGCG,0.658904875950299
GGGGGCT,0.578299698705366
GGGGGGA,0.637378244934655
GGGGGGC,0.615641732591928
GGGGGGG,0.669705077197316
GGGGGGT,0.591533114346221
GGGGGTA,0.592882844041023
GGGGGTC,0.566459633966742
GGGGGTG,0.75421629560889
GGGGGTT,0.571249251304139
GGGGTAA,0.568580948453684
GGGGTAC,0.553262217674982
GGGGTAG,0.642867656558154
GGGGTAT,0.553916892103012
GGGGTCA,0.60503796459325
GGGGTCC,0.605570831953662
GGGGTCG,0.566644274838379
GGGGTCT,0.647390875950011
GGGGTGA,0.624305980009693
GGGGTGC,0.604860279021623
GGGGTGG,0.767896567971311
GGGGTGT,0.678410634020687
GGGGTTA,0.579029370228334
GGGGTTC,0.551857898993549
GGGGTTG,0.618625803920283
GGGGTTT,0.589640426957095
GGGTAAA,0.602458428545021
GGGTAAC,0.550076259564533
GGGTAAG,0.594948897751123
GGGTAAT,0.557370212023119
GGGTACA,0.56968593742731
GGGTACC,0.565628327892922
GGGTACG,0.554664567010722
GGGTACT,0.552513493137443
GGGTAGA,0.643038716062113
GGGTAGC,0.583305471255402
GGGTAGG,0.661007070594705
GGGTAGT,0.596473242092678
GGGTATA,0.564333809936794
GGGTATC,0.563130255192393
GGGTATG,0.557835963553314
GGGTATT,0.565258636585741
GGGTCAA,0.536659375213063
GGGTCAC,0.54857346567922
GGGTCAG,0.65519424585337
GGGTCAT,0.560625926493445
GGGTCCA,0.539414109448797
GGGTCCC,0.56812017577306
GGGTCCG,0.560254380864187
GGGTCCT,0.582124548073644
GGGTCGA,0.551483080704976
GGGTCGC,0.544523480752259
GGGTCGG,0.589099000511544
GGGTCGT,0.591082799306327
GGGTCTA,0.624218836606809
GGGTCTC,0.626047255229819
GGGTCTG,0.807849097967555
GGGTCTT,0.567566968158746
GGGTGAA,0.597279308196998
GGGTGAC,0.593871489264434
GGGTGAG,0.709137669600362
GGGTGAT,0.565073739667642
GGGTGCA,0.561182986228949
GGGTGCC,0.597010691682709
GGGTGCG,0.602903651128028
GGGTGCT,0.604593691452348
GGGTGGA,0.641326802833311
GGGTGGC,0.6366038740235
GGGTGGG,0.812841027943247
GGGTGGT,0.661762780143378
GGGTGTA,0.571708584776194
GGGTGTC,0.637206214324154
GGGTGTG,0.741741965753556
GGGTGTT,0.570237974375928
GGGTTAA,0.581397132342589
GGGTTAC,0.558022203443504
GGGTTAG,0.663942738514954
GGGTTAT,0.536278815636684
GGGTTCA,0.554103863244385
GGGTTCC,0.563222887771637
GGGTTCG,0.584757003323755
GGGTTCT,0.524312757120592
GGGTTGA,0.604949125753957
GGGTTGC,0.570697772489452
GGGTTGG,0.660839057554842
GGGTTGT,0.605925919177274
GGGTTTA,0.574093723641528
GGGTTTC,0.558115310383227
GGGTTTG,0.662937194361155
GGGTTTT,0.568857310186979
GGTAAAA,0.581124214968266
GGTAAAC,0.581579035887646
GGTAAAG,0.570605829778336
GGTAAAT,0.555224956564517
GGTAACA,0.551576798448762
GGTAACC,0.53950896506838
GGTAACG,0.557090656945672
GGTAACT,0.568949413794948
GGTAAGA,0.643209746309722
GGTAAGC,0.580396070949985
GGTAAGG,0.592702985304829
GGTAAGT,0.612825037096506
GGTAATA,0.543106827587251
GGTAATC,0.561739735821665
GGTAATG,0.603437656705036
GGTAATT,0.545089580561758
GGTACAA,0.578482166506603
GGTACAC,0.56959390163397
GGTACAG,0.623957360825057
GGTACAT,0.571616734959211
GGTACCA,0.546503429619058
GGTACCC,0.552045255467716
GGTACCG,0.557090656945672
GGTACCT,0.557742830599617
GGTACGA,0.558487651477305
GGTACGC,0.546220819679912
GGTACGG,0.551857898993549
GGTACGT,0.552887925479765
GGTACTA,0.545183899381137
GGTACTC,0.541593515543045
GGTACTG,0.55129561886424
GGTACTT,0.551108121874974
GGTAGAA,0.636173408712315
GGTAGAC,0.552138920543025
GGTAGAG,0.609646742291306
GGTAGAT,0.590271720866641
GGTAGCA,0.573818805468634
GGTAGCC,0.560440170934585
GGTAGCG,0.563130255192393
GGTAGCT,0.54725666588863
GGTAGGA,0.739570048059993
GGTAGGC,0.583850042718541
GGTAGGG,0.706492449142159
GGTAGGT,0.608939080637998
GGTAGTA,0.566828881624059
GGTAGTC,0.590452017379526
GGTAGTG,0.627785503680229
GGTAGTT,0.567013454336363
GGTATAA,0.583668551846398
GGTATAC,0.547633071368372
GGTATAG,0.554571138212828
GGTATAT,0.53950896506838
GGTATCA,0.553168657759232
GGTATCC,0.549606879030218
GGTATCG,0.552607114367554
GGTATCT,0.567751404703236
GGTATGA,0.651978492805254
GGTATGC,0.541972058306368
GGTATGG,0.546880118674452
GGTATGT,0.56034728021413
GGTATTA,0.580031800021641
GGTATTC,0.535898111179577
GGTATTG,0.568949413794948
GGTATTT,0.606990424952717
GGTCAAA,0.539319244830773
GGTCAAC,0.553262217674982
GGTCAAG,0.545938129849809
GGTCAAT,0.554571138212828
GGTCACA,0.547068410005017
GGTCACC,0.54988853378815
GGTCACG,0.576016037516212
GGTCACT,0.536469113528072
GGTCAGA,0.609911986355934
GGTCAGC,0.530074337635478
GGTCAGG,0.616871546455375
GGTCAGT,0.649772267264034
GGTCATA,0.547538983280205
GGTCATC,0.552981511663262
GGTCATG,0.563315511770882
GGTCATT,0.610265535704039
GGTCCAA,0.554384254426142
GGTCCAC,0.548479466033523
GGTCCAG,0.538085185160671
GGTCCAT,0.540646531245729
GGTCCCA,0.562017994422359
GGTCCCC,0.557463379684734
GGTCCCG,0.54112013549179
GGTCCCT,0.557463379684734
GGTCCGA,0.564241280212754
GGTCCGC,0.553729885996893
GGTCCGG,0.557277035680483
GGTCCGT,0.558022203443504
GGTCCTA,0.561368603869775
GGTCCTC,0.518033355006364
GGTCCTG,0.608939080637998
GGTCCTT,0.548009335220336
GGTCGAA,0.555785032257735
GGTCGAC,0.544334709578022
GGTCGAG,0.579667396351631
GGTCGAT,0.555411683318289
GGTCGCA,0.556251522500995
GGTCGCC,0.545938129849809
GGTCGCG,0.562481586764089
GGTCGCT,0.558766816344968
GGTCGGA,0.570697772489452
GGTCGGC,0.548949375927585
GGTCGGG,0.579758509718956
GGTCGGT,0.637636235373386
GGTCGTA,0.548761438466967
GGTCGTC,0.570513878612981
GGTCGTG,0.589640426957095
GGTCGTT,0.573910453257633
GGTCTAA,0.552607114367554
GGTCTAC,0.557463379684734
GGTCTAG,0.602280283994505
GGTCTAT,0.581033225955672
GGTCTCA,0.575924582505153
GGTCTCC,0.565443499323289
GGTCTCG,0.570881632555183
GGTCTCT,0.596383639071457
GGTCTGA,0.61397027666616
GGTCTGC,0.569501857369263
GGTCTGG,0.648156941793284
GGTCTGT,0.791838038817403
GGTCTTA,0.570605829778336
GGTCTTC,0.564333809936794
GGTCTTG,0.561275799356101
GGTCTTT,0.593781652804284
GGTGAAA,0.564333809936794
GGTGAAC,0.546880118674452
GGTGAAG,0.609204512447193
GGTGAAT,0.578299698705366
GGTGACA,0.572993597178838
GGTGACC,0.621076605767016
GGTGACG,0.606103415517669
GGTGACT,0.563778503122715
GGTGAGA,0.664528839336459
GGTGAGC,0.626569047096757
GGTGAGG,0.71877738271161
GGTGAGT,0.603704552595862
GGTGATA,0.592253196885818
GGTGATC,0.534945715459102
GGTGATG,0.71113697643065
GGTGATT,0.546409235179995
GGTGCAA,0.545089580561758
GGTGCAC,0.537039790018942
GGTGCAG,0.690390915247597
GGTGCAT,0.563315511770882
GGTGCCA,0.593781652804284
GGTGCCC,0.545278209305316
GGTGCCG,0.550826810458739
GGTGCCT,0.570145989378061
GGTGCGA,0.587201696115761
GGTGCGC,0.535993300882455
GGTGCGG,0.573727149279548
GGTGCGT,0.577112845752214
GGTGCTA,0.558766816344968
GGTGCTC,0.545655360083569
GGTGCTG,0.653164447383118
GGTGCTT,0.565720729368717
GGTGGAA,0.599961512270466
GGTGGAC,0.600407847677668
GGTGGAG,0.659914480913917
GGTGGAT,0.574918024970885
GGTGGCA,0.684008352535308
GGTGGCC,0.628740253975432
GGTGGCG,0.5789381903994
GGTGGCT,0.660334848998538
GGTGGGA,0.766385746956762
GGTGGGC,0.598263618551622
GGTGGGG,0.804798286107683
GGTGGGT,0.638495723114818
GGTGGTA,0.642354302408046
GGTGGTC,0.635484278557187
GGTGGTG,0.823893371733045
GGTGGTT,0.601923899658756
GGTGTAA,0.567751404703236
GGTGTAC,0.559417898123035
GGTGTAG,0.616168980884094
GGTGTAT,0.562388885487578
GGTGTCA,0.614146351015407
GGTGTCC,0.641840684590095
GGTGTCG,0.579576274681905
GGTGTCT,0.618713436063207
GGTGTGA,0.702551743694262
GGTGTGC,0.571433010012205
GGTGTGG,0.65603878072607
GGTGTGT,0.697219189732078
GGTGTTA,0.592343170755846
GGTGTTC,0.590091391841062
GGTGTTG,0.582578914351383
GGTGTTT,0.608939080637998
GGTTAAA,0.559417898123035
GGTTAAC,0.575924582505153
GGTTAAG,0.567659190683096
GGTTAAT,0.564518843703587
GGTTACA,0.554477700685179
GGTTACC,0.548761438466967
GGTTACG,0.55569170808982
GGTTACT,0.570329950913332
GGTTAGA,0.577386859947319
GGTTAGC,0.555785032257735
GGTTAGG,0.629173930227089
GGTTAGT,0.578025934561134
GGTTATA,0.565628327892922
GGTTATC,0.543957060292236
GGTTATG,0.567013454336363
GGTTATT,0.555411683318289
GGTTCAA,0.53504099585911
GGTTCAC,0.557463379684734
GGTTCAG,0.553262217674982
GGTTCAT,0.55671779523257
GGTTCCA,0.563037614031558
GGTTCCC,0.538085185160671
GGTTCCG,0.562481586764089
GGTTCCT,0.545183899381137
GGTTCGA,0.548479466033523
GGTTCGC,0.546220819679912
GGTTCGG,0.559417898123035
GGTTCGT,0.577204192160145
GGTTCTA,0.560161472883153
GGTTCTC,0.591172878538458
GGTTCTG,0.607079082638355
GGTTCTT,0.549325144920533
GGTTGAA,0.565443499323289
GGTTGAC,0.574551752707457
GGTTGAG,0.626482100690822
GGTTGAT,0.579211704948708
GGTTGCA,0.542539603909466
GGTTGCC,0.573543811694954
GGTTGCG,0.561275799356101
GGTTGCT,0.549794657682941
GGTTGGA,0.572626619242745
GGTTGGC,0.539319244830773
GGTTGGG,0.754063236390793
GGTTGGT,0.643551719075911
GGTTGTA,0.588828177320602
GGTTGTC,0.565535917878306
GGTTGTG,0.603526629917037
GGTTGTT,0.543673729704724
GGTTTAA,0.558394579200281
GGTTTAC,0.539793477953543
GGTTTAG,0.551201874763997
GGTTTAT,0.602903651128028
GGTTTCA,0.553262217674982
GGTTTCC,0.558766816344968
GGTTTCG,0.570237974375928
GGTTTCT,0.590902616495607
GGTTTGA,0.591172878538458
GGTTTGC,0.579940711552448
GGTTTGG,0.654602646778259
GGTTTGT,0.603081684673572
GGTTTTA,0.58638746239603
GGTTTTC,0.529499671102218
GGTTTTG,0.599604300454184
GGTTTTT,0.574826469481327
GTAAAAA,0.56034728021413
GTAAAAC,0.533992411816249
GTAAAAG,0.572259506584406
GTAAAAT,0.538085185160671
GTAAACA,0.562852305958759
GTAAACC,0.546785959712392
GTAAACG,0.547068410005017
GTAAACT,0.551483080704976
GTAAAGA,0.546409235179995
GTAAAGC,0.540267486285857
GTAAAGG,0.583940775804005
GTAAAGT,0.548667456489815
GTAAATA,0.535136267181628
GTAAATC,0.542634163535157
GTAAATG,0.545183899381137
GTAAATT,0.550170109239016
GTAACAA,0.552326224378313
GTAACAC,0.56146139977157
GTAACAG,0.536373969109039
GTAACAT,0.564796330174305
GTAACCA,0.551764207591403
GTAACCC,0.5449952528455
GTAACCG,0.548479466033523
GTAACCT,0.546880118674452
GTAACGA,0.547068410005017
GTAACGC,0.54904333141437
GTAACGG,0.556997454550261
GTAACGT,0.548761438466967
GTAACTA,0.564981278386936
GTAACTC,0.555505033621723
GTAACTG,0.555411683318289
GTAACTT,0.536469113528072
GTAAGAA,0.566921172238596
GTAAGAC,0.595576850383748
GTAAGAG,0.579120541744265
GTAAGAT,0.582578914351383
GTAAGCA,0.589459984044684
GTAAGCC,0.558859853985092
GTAAGCG,0.548949375927585
GTAAGCT,0.544806570715632
GTAAGGA,0.614058317716056
GTAAGGC,0.555598375211691
GTAAGGG,0.592523094213651
GTAAGGT,0.548479466033523
GTAAGTA,0.578482166506603
GTAAGTC,0.552794330537075
GTAAGTG,0.600853983958448
GTAAGTT,0.587201696115761
GTAATAA,0.538560003737663
GTAATAC,0.545278209305316
GTAATAG,0.552794330537075
GTAATAT,0.54149885745819
GTAATCA,0.549512976479392
GTAATCC,0.48703101748607
GTAATCG,0.547350780542001
GTAATCT,0.545372510335971
GTAATGA,0.546409235179995
GTAATGC,0.552419863141576
GTAATGG,0.567290249544748
GTAATGT,0.562203457149991
GTAATTA,0.545655360083569
GTAATTC,0.536944699883683
GTAATTG,0.550920589723994
GTAATTT,0.540930720708634
GTACAAA,0.549419065110049
GTACAAC,0.564888808556351
GTACAAG,0.562759639043613
GTACAAT,0.561925250158289
GTACACA,0.566921172238596
GTACACC,0.546409235179995
GTACACG,0.552887925479765
GTACACT,0.551576798448762
GTACAGA,0.546785959712392
GTACAGC,0.550263950106564
GTACAGG,0.634104591907389
GTACAGT,0.570421918991831
GTACATA,0.550263950106564
GTACATC,0.55569170808982
GTACATG,0.570789706747883
GTACATT,0.540835999861121
GTACCAA,0.571800426157563
GTACCAC,0.541782804836534
GTACCAG,0.55932491238995
GTACCAT,0.541972058306368
GTACCCA,0.556624558077454
GTACCCC,0.560254380864187
GTACCCG,0.546974268771438
GTACCCT,0.547350780542001
GTACCGA,0.549606879030218
GTACCGC,0.548009335220336
GTACCGG,0.557929087834071
GTACCGT,0.555971654469429
GTACCTA,0.542917788774925
GTACCTC,0.537134871112927
GTACCTG,0.558580715092686
GTACCTT,0.564981278386936
GTACGAA,0.546503429619058
GTACGAC,0.549606879030218
GTACGAG,0.547162542376858
GTACGAT,0.557742830599617
GTACGCA,0.546220819679912
GTACGCC,0.548009335220336
GTACGCG,0.547727150604803
GTACGCT,0.547727150604803
GTACGGA,0.558580715092686
GTACGGC,0.546785959712392
GTACGGG,0.553075089089205
GTACGGT,0.548385457551061
GTACGTA,0.546785959712392
GTACGTC,0.548103379066474
GTACGTG,0.550639225540454
GTACGTT,0.547068410005017
GTACTAA,0.540077909914147
GTACTAC,0.554477700685179
GTACTAG,0.541025432584957
GTACTAT,0.546126598615548
GTACTCA,0.562759639043613
GTACTCC,0.538370103360331
GTACTCG,0.556904243467353
GTACTCT,0.544051485985054
GTACTGA,0.55671779523257
GTACTGC,0.542539603909466
GTACTGG,0.559603843654184
GTACTGT,0.544523480752259
GTACTTA,0.552138920543025
GTACTTC,0.550076259564533
GTACTTG,0.563037614031558
GTACTTT,0.546880118674452
GTAGAAA,0.572167707357876
GTAGAAC,0.536659375213063
GTAGAAG,0.620289502877282
GTAGAAT,0.590271720866641
GTAGACA,0.549419065110049
GTAGACC,0.567013454336363
GTAGACG,0.539888297596422
GTAGACT,0.552794330537075
GTAGAGA,0.569225673731343
GTAGAGC,0.581306168160219
GTAGAGG,0.655701052360867
GTAGAGT,0.566921172238596
GTAGATA,0.567566968158746
GTAGATC,0.54272871422017
GTAGATG,0.589099000511544
GTAGATT,0.547538983280205
GTAGCAA,0.537039790018942
GTAGCAC,0.559510875210577
GTAGCAG,0.592792918716571
GTAGCAT,0.544051485985054
GTAGCCA,0.562759639043613
GTAGCCC,0.534564503049566
GTAGCCG,0.582669762838337
GTAGCCT,0.551857898993549
GTAGCGA,0.548291440230175
GTAGCGC,0.55569170808982
GTAGCGG,0.574826469481327
GTAGCGT,0.555038194937351
GTAGCTA,0.579120541744265
GTAGCTC,0.53504099585911
GTAGCTG,0.536564248895506
GTAGCTT,0.550920589723994
GTAGGAA,0.605659615580915
GTAGGAC,0.543106827587251
GTAGGAG,0.596383639071457
GTAGGAT,0.704725073493023
GTAGGCA,0.572626619242745
GTAGGCC,0.577112845752214
GTAGGCG,0.575192641155858
GTAGGCT,0.572259506584406
GTAGGGA,0.624654477701345
GTAGGGC,0.590992711959198
GTAGGGG,0.686386116558876
GTAGGGT,0.63427715687411
GTAGGTA,0.605659615580915
GTAGGTC,0.584938296777256
GTAGGTG,0.573635484688835
GTAGGTT,0.567290249544748
GTAGTAA,0.542539603909466
GTAGTAC,0.543390318818239
GTAGTAG,0.569869983606125
GTAGTAT,0.552887925479765
GTAGTCA,0.580578156666248
GTAGTCC,0.539224371212598
GTAGTCG,0.568212347295667
GTAGTCT,0.562666963540514
GTAGTGA,0.597547852575831
GTAGTGC,0.562852305958759
GTAGTGG,0.597279308196998
GTAGTGT,0.565720729368717
GTAGTTA,0.577843383485664
GTAGTTC,0.548949375927585
GTAGTTG,0.566367300744755
GTAGTTT,0.543201333594226
GTATAAA,0.547162542376858
GTATAAC,0.558115310383227
GTATAAG,0.573268742278897
GTATAAT,0.550545419884123
GTATACA,0.569041508920624
GTATACC,0.543012312648047
GTATACG,0.543106827587251
GTATACT,0.556438057683667
GTATAGA,0.564333809936794
GTATAGC,0.541877436048561
GTATAGG,0.588828177320602
GTATAGT,0.553449311250204
GTATATA,0.550076259564533
GTATATC,0.542445035341407
GTATATG,0.549700772764182
GTATATT,0.544523480752259
GTATCAA,0.540457026725178
GTATCAC,0.54074127004072
GTATCAG,0.574826469481327
GTATCAT,0.541972058306368
GTATCCA,0.552700726833551
GTATCCC,0.546880118674452
GTATCCG,0.56368592199964
GTATCCT,0.564426331099877
GTATCGA,0.557742830599617
GTATCGC,0.557463379684734
GTATCGG,0.545278209305316
GTATCGT,0.541782804836534
GTATCTA,0.540172702592402
GTATCTC,0.574185346239501
GTATCTG,0.628219594092238
GTATCTT,0.564703843239218
GTATGAA,0.558301498260002
GTATGAC,0.547068410005017
GTATGAG,0.695922155653675
GTATGAT,0.551951581618439
GTATGCA,0.548291440230175
GTATGCC,0.542917788774925
GTATGCG,0.554664567010722
GTATGCT,0.54074127004072
GTATGGA,0.552326224378313
GTATGGC,0.550170109239016
GTATGGG,0.561646965745918
GTATGGT,0.552138920543025
GTATGTA,0.555878347717063
GTATGTC,0.551108121874974
GTATGTG,0.571065458822604
GTATGTT,0.558487651477305
GTATTAA,0.560533053027156
GTATTAC,0.564241280212754
GTATTAG,0.56034728021413
GTATTAT,0.564796330174305
GTATTCA,0.56034728021413
GTATTCC,0.533229114033644
GTATTCG,0.543862625682365
GTATTCT,0.537610141023894
GTATTGA,0.542634163535157
GTATTGC,0.548103379066474
GTATTGG,0.56802799575408
GTATTGT,0.56793580723716
GTATTTA,0.574368566255191
GTATTTC,0.579120541744265
GTATTTG,0.54725666588863
GTATTTT,0.54442909961946
GTCAAAA,0.550920589723994
GTCAAAC,0.540077909914147
GTCAAAG,0.580396070949985
GTCAAAT,0.548291440230175
GTCAACA,0.537229943167357
GTCAACC,0.556251522500995
GTCAACG,0.546032368672738
GTCAACT,0.561182986228949
GTCAAGA,0.542066671611651
GTCAAGC,0.550826810458739
GTCAAGG,0.56257427944787
GTCAAGT,0.549606879030218
GTCAATA,0.572810125044892
GTCAATC,0.553729885996893
GTCAATG,0.604415926915237
GTCAATT,0.571616734959211
GTCACAA,0.549700772764182
GTCACAC,0.541309514403781
GTCACAG,0.529978582810452
GTCACAT,0.584666344270272
GTCACCA,0.5449952528455
GTCACCC,0.538654940404733
GTCACCG,0.552794330537075
GTCACCT,0.533992411816249
GTCACGA,0.541877436048561
GTCACGC,0.565905506710152
GTCACGG,0.548009335220336
GTCACGT,0.564148741926171
GTCACTA,0.569041508920624
GTCACTC,0.533324558124773
GTCACTG,0.543862625682365
GTCACTT,0.544334709578022
GTCAGAA,0.572259506584406
GTCAGAC,0.550076259564533
GTCAGAG,0.626047255229819
GTCAGAT,0.552326224378313
GTCAGCA,0.578664601019415
GTCAGCC,0.566551958664092
GTCAGCG,0.566090249915229
GTCAGCT,0.524794158756778
GTCAGGA,0.594320550546203
GTCAGGC,0.562203457149991
GTCAGGG,0.622998030926988
GTCAGGT,0.623957360825057
GTCAGTA,0.601478240557249
GTCAGTC,0.573268742278897
GTCAGTG,0.662098467826021
GTCAGTT,0.564981278386936
GTCATAA,0.539983108249388
GTCATAC,0.544334709578022
GTCATAG,0.568396664858027
GTCATAT,0.551764207591403
GTCATCA,0.590632281391437
GTCATCC,0.52767771200422
GTCATCG,0.544806570715632
GTCATCT,0.536183653109284
GTCATGA,0.55681102369533
GTCATGC,0.549606879030218
GTCATGG,0.579485144708264
GTCATGT,0.563222887771637
GTCATTA,0.544712216298664
GTCATTC,0.559510875210577
GTCATTG,0.593781652804284
GTCATTT,0.559603843654184
GTCCAAA,0.5446178529781
GTCCAAC,0.542539603909466
GTCCAAG,0.591803206066144
GTCCAAT,0.547727150604803
GTCCACA,0.530552974274079
GTCCACC,0.545843882145088
GTCCACG,0.548009335220336
GTCCACT,0.557277035680483
GTCCAGA,0.550357782168829
GTCCAGC,0.561275799356101
GTCCAGG,0.550545419884123
GTCCAGT,0.524697896967558
GTCCATA,0.569225673731343
GTCCATC,0.563963639659039
GTCCATG,0.614586401301746
GTCCATT,0.536373969109039
GTCCCAA,0.576290352375981
GTCCCAC,0.532274171760761
GTCCCAG,0.528732934987585
GTCCCAT,0.564518843703587
GTCCCCA,0.509664159018463
GTCCCCC,0.558952882970019
GTCCCCG,0.541782804836534
GTCCCCT,0.541972058306368
GTCCCGA,0.545561085723422
GTCCCGC,0.537895194585134
GTCCCGG,0.559603843654184
GTCCCGT,0.552419863141576
GTCCCTA,0.554197335707378
GTCCCTC,0.54112013549179
GTCCCTG,0.610353903513713
GTCCCTT,0.536278815636684
GTCCGAA,0.549137278074351
GTCCGAC,0.558022203443504
GTCCGAG,0.570789706747883
GTCCGAT,0.549606879030218
GTCCGCA,0.554477700685179
GTCCGCC,0.551201874763997
GTCCGCG,0.551857898993549
GTCCGCT,0.555411683318289
GTCCGGA,0.545183899381137
GTCCGGC,0.551389354177351
GTCCGGG,0.565720729368717
GTCCGGT,0.553449311250204
GTCCGTA,0.547821220991165
GTCCGTC,0.544523480752259
GTCCGTG,0.561275799356101
GTCCGTT,0.541782804836534
GTCCTAA,0.561925250158289
GTCCTAC,0.564148741926171
GTCCTAG,0.551108121874974
GTCCTAT,0.542445035341407
GTCCTCA,0.534087783086384
GTCCTCC,0.531222680925011
GTCCTCG,0.556438057683667
GTCCTCT,0.548949375927585
GTCCTGA,0.550170109239016
GTCCTGC,0.551483080704976
GTCCTGG,0.645345159974815
GTCCTGT,0.581760906349821
GTCCTTA,0.554571138212828
GTCCTTC,0.5449952528455
GTCCTTG,0.546220819679912
GTCCTTT,0.542161275966103
GTCGAAA,0.544523480752259
GTCGAAC,0.549606879030218
GTCGAAG,0.546503429619058
GTCGAAT,0.556624558077454
GTCGACA,0.5481974140692
GTCGACC,0.542445035341407
GTCGACG,0.556438057683667
GTCGACT,0.547068410005017
GTCGAGA,0.555878347717063
GTCGAGC,0.565535917878306
GTCGAGG,0.546315031867504
GTCGAGT,0.543957060292236
GTCGATA,0.548009335220336
GTCGATC,0.549231215909186
GTCGATG,0.55671779523257
GTCGATT,0.548667456489815
GTCGCAA,0.567105727918929
GTCGCAC,0.546315031867504
GTCGCAG,0.553823393421363
GTCGCAT,0.544523480752259
GTCGCCA,0.556624558077454
GTCGCCC,0.539698649319047
GTCGCCG,0.547538983280205
GTCGCCT,0.543390318818239
GTCGCGA,0.547915282529121
GTCGCGC,0.547727150604803
GTCGCGG,0.54904333141437
GTCGCGT,0.558115310383227
GTCGCTA,0.54857346567922
GTCGCTC,0.547162542376858
GTCGCTG,0.554851398423765
GTCGCTT,0.555598375211691
GTCGGAA,0.563408127191716
GTCGGAC,0.547538983280205
GTCGGAG,0.561925250158289
GTCGGAT,0.545561085723422
GTCGGCA,0.544806570715632
GTCGGCC,0.551108121874974
GTCGGCG,0.544051485985054
GTCGGCT,0.545938129849809
GTCGGGA,0.562481586764089
GTCGGGC,0.550826810458739
GTCGGGG,0.605659615580915
GTCGGGT,0.571341134879079
GTCGGTA,0.557090656945672
GTCGGTC,0.546126598615548
GTCGGTG,0.627351224751898
GTCGGTT,0.565258636585741
GTCGTAA,0.54857346567922
GTCGTAC,0.548667456489815
GTCGTAG,0.548009335220336
GTCGTAT,0.54725666588863
GTCGTCA,0.563963639659039
GTCGTCC,0.563130255192393
GTCGTCG,0.545278209305316
GTCGTCT,0.554103863244385
GTCGTGA,0.556064952516456
GTCGTGC,0.543390318818239
GTCGTGG,0.604504813133821
GTCGTGT,0.556904243467353
GTCGTTA,0.555131580110922
GTCGTTC,0.555505033621723
GTCGTTG,0.555131580110922
GTCGTTT,0.545843882145088
GTCTAAA,0.562203457149991
GTCTAAC,0.541309514403781
GTCTAAG,0.558115310383227
GTCTAAT,0.544240310626264
GTCTACA,0.552700726833551
GTCTACC,0.543201333594226
GTCTACG,0.555224956564517
GTCTACT,0.537229943167357
GTCTAGA,0.550545419884123
GTCTAGC,0.562017994422359
GTCTAGG,0.610088776654629
GTCTAGT,0.566644274838379
GTCTATA,0.5457496255569
GTCTATC,0.553355768838094
GTCTATG,0.566921172238596
GTCTATT,0.54149885745819
GTCTCAA,0.524601625911115
GTCTCAC,0.565443499323289
GTCTCAG,0.556344794441753
GTCTCAT,0.529499671102218
GTCTCCA,0.548385457551061
GTCTCCC,0.524986654540679
GTCTCCG,0.550733022398109
GTCTCCT,0.540362260996215
GTCTCGA,0.549231215909186
GTCTCGC,0.553262217674982
GTCTCGG,0.564426331099877
GTCTCGT,0.552981511663262
GTCTCTA,0.489427223528583
GTCTCTC,0.557183850655207
GTCTCTG,0.585119557369397
GTCTCTT,0.579302859843179
GTCTGAA,0.602013007650569
GTCTGAC,0.565997882578947
GTCTGAG,0.74560869599823
GTCTGAT,0.58348702802934
GTCTGCA,0.546126598615548
GTCTGCC,0.553823393421363
GTCTGCG,0.560997334127819
GTCTGCT,0.573910453257633
GTCTGGA,0.563778503122715
GTCTGGC,0.59450011861043
GTCTGGG,0.685402899822334
GTCTGGT,0.581215195702613
GTCTGTA,0.5481974140692
GTCTGTC,0.756203936508021
GTCTGTG,0.624915771291242
GTCTGTT,0.587834530972409
GTCTTAA,0.581669975253342
GTCTTAC,0.551951581618439
GTCTTAG,0.548291440230175
GTCTTAT,0.537895194585134
GTCTTCA,0.553262217674982
GTCTTCC,0.566090249915229
GTCTTCG,0.542066671611651
GTCTTCT,0.586839896309033
GTCTTGA,0.569133595565568
GTCTTGC,0.513468173977107
GTCTTGG,0.629520735865224
GTCTTGT,0.563037614031558
GTCTTTA,0.542539603909466
GTCTTTC,0.568212347295667
GTCTTTG,0.535802912414756
GTCTTTT,0.529212213947515
GTGAAAA,0.571065458822604
GTGAAAC,0.547162542376858
GTGAAAG,0.564056195075461
GTGAAAT,0.556438057683667
GTGAACA,0.553729885996893
GTGAACC,0.54149885745819
GTGAACG,0.544712216298664
GTGAACT,0.573360440491527
GTGAAGA,0.643808121927016
GTGAAGC,0.550545419884123
GTGAAGG,0.605748391326335
GTGAAGT,0.58348702802934
GTGAATA,0.555038194937351
GTGAATC,0.539603811691228
GTGAATG,0.588828177320602
GTGAATT,0.559045903301358
GTGACAA,0.580396070949985
GTGACAC,0.56812017577306
GTGACAG,0.574643333351148
GTGACAT,0.580031800021641
GTGACCA,0.613529955110739
GTGACCC,0.610177160084804
GTGACCG,0.543768182153756
GTGACCT,0.578299698705366
GTGACGA,0.560068556269423
GTGACGC,0.543862625682365
GTGACGG,0.588557280764589
GTGACGT,0.559138914980721
GTGACTA,0.550826810458739
GTGACTC,0.566367300744755
GTGACTG,0.594230754420883
GTGACTT,0.551108121874974
GTGAGAA,0.615202146561497
GTGAGAC,0.55223257684601
GTGAGAG,0.655616602444611
GTGAGAT,0.589279508566753
GTGAGCA,0.581851829178588
GTGAGCC,0.539034596968968
GTGAGCG,0.542634163535157
GTGAGCT,0.649347434526239
GTGAGGA,0.763963675501056
GTGAGGC,0.602547488920886
GTGAGGG,0.730521510031135
GTGAGGT,0.594948897751123
GTGAGTA,0.609735164796903
GTGAGTC,0.556438057683667
GTGAGTG,0.624654477701345
GTGAGTT,0.604415926915237
GTGATAA,0.554103863244385
GTGATAC,0.568949413794948
GTGATAG,0.568673077517911
GTGATAT,0.555971654469429
GTGATCA,0.530361547108925
GTGATCC,0.547162542376858
GTGATCG,0.556251522500995
GTGATCT,0.551951581618439
GTGATGA,0.640555484719008
GTGATGC,0.594679654435756
GTGATGG,0.662769505321664
GTGATGT,0.613794171309277
GTGATTA,0.541877436048561
GTGATTC,0.544523480752259
GTGATTG,0.543201333594226
GTGATTT,0.551389354177351
GTGCAAA,0.57565016727715
GTGCAAC,0.560254380864187
GTGCAAG,0.553729885996893
GTGCAAT,0.531605169165621
GTGCACA,0.56968593742731
GTGCACC,0.56034728021413
GTGCACG,0.551857898993549
GTGCACT,0.551108121874974
GTGCAGA,0.602636541365707
GTGCAGC,0.559231918009715
GTGCAGG,0.691858047119504
GTGCAGT,0.584575676996979
GTGCATA,0.547162542376858
GTGCATC,0.573910453257633
GTGCATG,0.571157359285831
GTGCATT,0.582578914351383
GTGCCAA,0.576473187153277
GTGCCAC,0.551670507410356
GTGCCAG,0.567197992987867
GTGCCAT,0.566921172238596
GTGCCCA,0.524409055989417
GTGCCCC,0.539129488592566
GTGCCCG,0.543862625682365
GTGCCCT,0.55681102369533
GTGCCGA,0.542539603909466
GTGCCGC,0.567566968158746
GTGCCGG,0.538844786704239
GTGCCGT,0.538749868059688
GTGCCTA,0.535993300882455
GTGCCTC,0.528828809157999
GTGCCTG,0.607965227452655
GTGCCTT,0.566644274838379
GTGCGAA,0.546974268771438
GTGCGAC,0.543957060292236
GTGCGAG,0.606635715587401
GTGCGAT,0.542539603909466
GTGCGCA,0.538180166913997
GTGCGCC,0.535707704586269
GTGCGCG,0.550545419884123
GTGCGCT,0.551014360195522
GTGCGGA,0.562110730085728
GTGCGGC,0.554664567010722
GTGCGGG,0.590632281391437
GTGCGGT,0.55653131222836
GTGCGTA,0.555878347717063
GTGCGTC,0.543484798038652
GTGCGTG,0.587744150508374
GTGCGTT,0.569777964750842
GTGCTAA,0.56802799575408
GTGCTAC,0.560625926493445
GTGCTAG,0.569869983606125
GTGCTAT,0.548761438466967
GTGCTCA,0.559603843654184
GTGCTCC,0.541972058306368
GTGCTCG,0.572718376353117
GTGCTCT,0.596652424052611
GTGCTGA,0.565813122307268
GTGCTGC,0.564333809936794
GTGCTGG,0.687122895223812
GTGCTGT,0.606724404724933
GTGCTTA,0.553729885996893
GTGCTTC,0.595038629415996
GTGCTTG,0.561739735821665
GTGCTTT,0.54988853378815
GTGGAAA,0.631166422143477
GTGGAAC,0.561182986228949
GTGGAAG,0.608142362224152
GTGGAAT,0.577386859947319
GTGGACA,0.583033074274164
GTGGACC,0.607522253202081
GTGGACG,0.545278209305316
GTGGACT,0.576838756452749
GTGGAGA,0.591353012663569
GTGGAGC,0.567843610220735
GTGGAGG,0.707455157277478
GTGGAGT,0.598442480024063
GTGGATA,0.56146139977157
GTGGATC,0.533801641984602
GTGGATG,0.580578156666248
GTGGATT,0.555971654469429
GTGGCAA,0.551670507410356
GTGGCAC,0.596204408939314
GTGGCAG,0.691369242287192
GTGGCAT,0.609558311966479
GTGGCCA,0.619589335384774
GTGGCCC,0.546880118674452
GTGGCCG,0.594320550546203
GTGGCCT,0.589911030291061
GTGGCGA,0.552887925479765
GTGGCGC,0.539603811691228
GTGGCGG,0.609823579484652
GTGGCGT,0.563593332304507
GTGGCTA,0.554103863244385
GTGGCTC,0.570973549912905
GTGGCTG,0.677419540399835
GTGGCTT,0.593691808272819
GTGGGAA,0.717111024858326
GTGGGAC,0.570237974375928
GTGGGAG,0.839262666800617
GTGGGAT,0.605482040443177
GTGGGCA,0.617222644228276
GTGGGCC,0.567659190683096
GTGGGCG,0.553075089089205
GTGGGCT,0.611854962751424
GTGGGGA,0.7329476816844
GTGGGGC,0.669288630477139
GTGGGGG,0.754522343781635
GTGGGGT,0.690390915247597
GTGGGTA,0.587744150508374
GTGGGTC,0.622998030926988
GTGGGTG,0.751150651216705
GTGGGTT,0.586296951044669
GTGGTAA,0.600229337419911
GTGGTAC,0.573727149279548
GTGGTAG,0.616783752747885
GTGGTAT,0.535517261731385
GTGGTCA,0.592792918716571
GTGGTCC,0.579394006429193
GTGGTCG,0.558673770048037
GTGGTCT,0.607610863751682
GTGGTGA,0.64261101242466
GTGGTGC,0.637206214324154
GTGGTGG,0.804288911344627
GTGGTGT,0.700050600332209
GTGGTTA,0.572810125044892
GTGGTTC,0.557370212023119
GTGGTTG,0.617573618774795
GTGGTTT,0.579302859843179
GTGTAAA,0.538560003737663
GTGTAAC,0.540077909914147
GTGTAAG,0.587563365070729
GTGTAAT,0.549231215909186
GTGTACA,0.558394579200281
GTGTACC,0.537990194384955
GTGTACG,0.543862625682365
GTGTACT,0.557835963553314
GTGTAGA,0.602458428545021
GTGTAGC,0.545561085723422
GTGTAGG,0.592163214919764
GTGTAGT,0.552981511663262
GTGTATA,0.581669975253342
GTGTATC,0.539888297596422
GTGTATG,0.552045255467716
GTGTATT,0.551014360195522
GTGTCAA,0.560904495150641
GTGTCAC,0.537229943167357
GTGTCAG,0.606103415517669
GTGTCAT,0.560254380864187
GTGTCCA,0.612296022297353
GTGTCCC,0.589550209570845
GTGTCCG,0.572901865319618
GTGTCCT,0.5789381903994
GTGTCGA,0.555785032257735
GTGTCGC,0.563593332304507
GTGTCGG,0.568488810900911
GTGTCGT,0.540551783474449
GTGTCTA,0.537515105110502
GTGTCTC,0.553449311250204
GTGTCTG,0.707214567117858
GTGTCTT,0.576564592007744
GTGTGAA,0.582760603072593
GTGTGAC,0.582488057610231
GTGTGAG,0.751994640735857
GTGTGAT,0.595038629415996
GTGTGCA,0.614762367210203
GTGTGCC,0.538465058056766
GTGTGCG,0.562296175616743
GTGTGCT,0.553916892103012
GTGTGGA,0.617661343167438
GTGTGGC,0.671036542462396
GTGTGGG,0.73326030776372
GTGTGGT,0.628913747045758
GTGTGTA,0.564426331099877
GTGTGTC,0.575558678797771
GTGTGTG,0.705287759185091
GTGTGTT,0.599604300454184
GTGTTAA,0.595576850383748
GTGTTAC,0.579394006429193
GTGTTAG,0.55671779523257
GTGTTAT,0.54988853378815
GTGTTCA,0.562852305958759
GTGTTCC,0.538465058056766
GTGTTCG,0.561182986228949
GTGTTCT,0.573543811694954
GTGTTGA,0.569225673731343
GTGTTGC,0.577112845752214
GTGTTGG,0.6236086200627
GTGTTGT,0.592702985304829
GTGTTTA,0.560997334127819
GTGTTTC,0.558301498260002
GTGTTTG,0.69616547772175
GTGTTTT,0.538275139646646
GTTAAAA,0.539129488592566
GTTAAAC,0.567751404703236
GTTAAAG,0.570973549912905
GTTAAAT,0.547915282529121
GTTAACA,0.565720729368717
GTTAACC,0.551951581618439
GTTAACG,0.558022203443504
GTTAACT,0.546032368672738
GTTAAGA,0.54988853378815
GTTAAGC,0.550170109239016
GTTAAGG,0.568765198095154
GTTAAGT,0.562110730085728
GTTAATA,0.558487651477305
GTTAATC,0.545183899381137
GTTAATG,0.576290352375981
GTTAATT,0.554664567010722
GTTACAA,0.552045255467716
GTTACAC,0.566736582491177
GTTACAG,0.558208408654855
GTTACAT,0.576838756452749
GTTACCA,0.546974268771438
GTTACCC,0.541688164668594
GTTACCG,0.543768182153756
GTTACCT,0.54149885745819
GTTACGA,0.545372510335971
GTTACGC,0.557835963553314
GTTACGG,0.55932491238995
GTTACGT,0.546409235179995
GTTACTA,0.562759639043613
GTTACTC,0.553542844912949
GTTACTG,0.545089580561758
GTTACTT,0.531987511164909
GTTAGAA,0.565628327892922
GTTAGAC,0.568212347295667
GTTAGAG,0.537420060164427
GTTAGAT,0.608408005563924
GTTAGCA,0.549606879030218
GTTAGCC,0.563593332304507
GTTAGCG,0.549419065110049
GTTAGCT,0.560904495150641
GTTAGGA,0.569961993994717
GTTAGGC,0.596652424052611
GTTAGGG,0.620551939349986
GTTAGGT,0.56940980463163
GTTAGTA,0.571524876705065
GTTAGTC,0.540267486285857
GTTAGTG,0.59315257150517
GTTAGTT,0.545372510335971
GTTATAA,0.544712216298664
GTTATAC,0.56368592199964
GTTATAG,0.545372510335971
GTTATAT,0.557183850655207
GTTATCA,0.544051485985054
GTTATCC,0.542350457829289
GTTATCG,0.546785959712392
GTTATCT,0.556904243467353
GTTATGA,0.570053995918177
GTTATGC,0.553355768838094
GTTATGG,0.558766816344968
GTTATGT,0.559231918009715
GTTATTA,0.5449952528455
GTTATTC,0.5446178529781
GTTATTG,0.562481586764089
GTTATTT,0.549982401081462
GTTCAAA,0.536944699883683
GTTCAAC,0.548479466033523
GTTCAAG,0.56368592199964
GTTCAAT,0.547162542376858
GTTCACA,0.57565016727715
GTTCACC,0.540077909914147
GTTCACG,0.559696803455463
GTTCACT,0.552981511663262
GTTCAGA,0.573910453257633
GTTCAGC,0.584394317785003
GTTCAGG,0.560068556269423
GTTCAGT,0.528732934987585
GTTCATA,0.557649688971366
GTTCATC,0.546691791883586
GTTCATG,0.574826469481327
GTTCATT,0.562203457149991
GTTCCAA,0.546315031867504
GTTCCAC,0.55615824185977
GTTCCAG,0.559510875210577
GTTCCAT,0.541404190412335
GTTCCCA,0.544523480752259
GTTCCCC,0.547162542376858
GTTCCCG,0.537420060164427
GTTCCCT,0.560254380864187
GTTCCGA,0.553542844912949
GTTCCGC,0.547727150604803
GTTCCGG,0.550920589723994
GTTCCGT,0.552981511663262
GTTCCTA,0.539034596968968
GTTCCTC,0.533038198518314
GTTCCTG,0.52248131444433
GTTCCTT,0.541025432584957
GTTCGAA,0.549606879030218
GTTCGAC,0.548385457551061
GTTCGAG,0.53246523318245
GTTCGAT,0.549606879030218
GTTCGCA,0.548761438466967
GTTCGCC,0.5457496255569
GTTCGCG,0.547068410005017
GTTCGCT,0.556064952516456
GTTCGGA,0.556438057683667
GTTCGGC,0.542066671611651
GTTCGGG,0.580031800021641
GTTCGGT,0.546597615186365
GTTCGTA,0.566459633966742
GTTCGTC,0.546785959712392
GTTCGTG,0.555971654469429
GTTCGTT,0.546126598615548
GTTCTAA,0.549512976479392
GTTCTAC,0.552887925479765
GTTCTAG,0.566274958996557
GTTCTAT,0.544051485985054
GTTCTCA,0.575192641155858
GTTCTCC,0.555224956564517
GTTCTCG,0.5449952528455
GTTCTCT,0.552887925479765
GTTCTGA,0.550920589723994
GTTCTGC,0.552513493137443
GTTCTGG,0.590001215132348
GTTCTGT,0.602191199817029
GTTCTTA,0.552326224378313
GTTCTTC,0.538275139646646
GTTCTTG,0.537515105110502
GTTCTTT,0.557649688971366
GTTGAAA,0.570421918991831
GTTGAAC,0.569133595565568
GTTGAAG,0.557090656945672
GTTGAAT,0.564611347749506
GTTGACA,0.573543811694954
GTTGACC,0.552887925479765
GTTGACG,0.556344794441753
GTTGACT,0.555971654469429
GTTGAGA,0.600675553329935
GTTGAGC,0.583033074274164
GTTGAGG,0.595935503495251
GTTGAGT,0.537134871112927
GTTGATA,0.553262217674982
GTTGATC,0.560068556269423
GTTGATG,0.564703843239218
GTTGATT,0.572993597178838
GTTGCAA,0.554571138212828
GTTGCAC,0.541877436048561
GTTGCAG,0.610442263515208
GTTGCAT,0.543579268333584
GTTGCCA,0.579758509718956
GTTGCCC,0.527389730561448
GTTGCCG,0.546691791883586
GTTGCCT,0.600675553329935
GTTGCGA,0.5481974140692
GTTGCGC,0.556997454550261
GTTGCGG,0.556251522500995
GTTGCGT,0.555878347717063
GTTGCTA,0.557742830599617
GTTGCTC,0.556904243467353
GTTGCTG,0.556251522500995
GTTGCTT,0.558487651477305
GTTGGAA,0.622387068744392
GTTGGAC,0.539129488592566
GTTGGAG,0.571616734959211
GTTGGAT,0.570053995918177
GTTGGCA,0.555038194937351
GTTGGCC,0.524986654540679
GTTGGCG,0.552419863141576
GTTGGCT,0.554197335707378
GTTGGGA,0.612913179027808
GTTGGGC,0.614410404423839
GTTGGGG,0.668621954784434
GTTGGGT,0.62587326408624
GTTGGTA,0.566736582491177
GTTGGTC,0.568304510323467
GTTGGTG,0.599872221278209
GTTGGTT,0.604415926915237
GTTGTAA,0.549231215909186
GTTGTAC,0.562944964287544
GTTGTAG,0.588647587770721
GTTGTAT,0.551951581618439
GTTGTCA,0.563130255192393
GTTGTCC,0.529116376530434
GTTGTCG,0.570697772489452
GTTGTCT,0.550170109239016
GTTGTGA,0.576381773943198
GTTGTGC,0.577934663189011
GTTGTGG,0.635225732264524
GTTGTGT,0.587744150508374
GTTGTTA,0.566274958996557
GTTGTTC,0.55681102369533
GTTGTTG,0.557835963553314
GTTGTTT,0.537610141023894
GTTTAAA,0.52834934636092
GTTTAAC,0.545466802474781
GTTTAAG,0.557183850655207
GTTTAAT,0.55653131222836
GTTTACA,0.547538983280205
GTTTACC,0.573818805468634
GTTTACG,0.544900916230684
GTTTACT,0.552138920543025
GTTTAGA,0.555038194937351
GTTTAGC,0.536373969109039
GTTTAGG,0.572626619242745
GTTTAGT,0.550357782168829
GTTTATA,0.547538983280205
GTTTATC,0.574002092648085
GTTTATG,0.567105727918929
GTTTATT,0.571708584776194
GTTTCAA,0.559231918009715
GTTTCAC,0.543106827587251
GTTTCAG,0.6005863260752
GTTTCAT,0.548479466033523
GTTTCCA,0.553916892103012
GTTTCCC,0.546220819679912
GTTTCCG,0.541782804836534
GTTTCCT,0.52132288322188
GTTTCGA,0.548009335220336
GTTTCGC,0.553823393421363
GTTTCGG,0.570881632555183
GTTTCGT,0.543012312648047
GTTTCTA,0.559696803455463
GTTTCTC,0.525660098128852
GTTTCTG,0.595756193018506
GTTTCTT,0.569501857369263
GTTTGAA,0.531031381929243
GTTTGAC,0.585119557369397
GTTTGAG,0.647050213777172
GTTTGAT,0.567566968158746
GTTTGCA,0.564241280212754
GTTTGCC,0.576016037516212
GTTTGCG,0.553075089089205
GTTTGCT,0.561368603869775
GTTTGGA,0.638925190124479
GTTTGGC,0.596473242092678
GTTTGGG,0.685894629029994
GTTTGGT,0.609646742291306
GTTTGTA,0.567382497591141
GTTTGTC,0.566736582491177
GTTTGTG,0.635570445802167
GTTTGTT,0.558208408654855
GTTTTAA,0.561832497291923
GTTTTAC,0.550451605427465
GTTTTAG,0.565905506710152
GTTTTAT,0.572443079760039
GTTTTCA,0.530552974274079
GTTTTCC,0.543484798038652
GTTTTCG,0.553355768838094
GTTTTCT,0.556251522500995
GTTTTGA,0.591172878538458
GTTTTGC,0.557277035680483
GTTTTGG,0.597100238538248
GTTTTGT,0.528253426209182
GTTTTTA,0.551201874763997
GTTTTTC,0.554010382043475
GTTTTTG,0.529595471794136
GTTTTTT,0.505453147333735
TAAAAAA,0.541782804836534
TAAAAAC,0.533992411816249
TAAAAAG,0.56793580723716
TAAAAAT,0.48822983823258
TAAAACA,0.538560003737663
TAAAACC,0.543862625682365
TAAAACG,0.55475798708049
TAAAACT,0.538370103360331
TAAAAGA,0.565258636585741
TAAAAGC,0.569869983606125
TAAAAGG,0.564518843703587
TAAAAGT,0.561275799356101
TAAAATA,0.519001987098734
TAAAATC,0.543768182153756
TAAAATG,0.547068410005017
TAAAATT,0.520743163985616
TAAACAA,0.54904333141437
TAAACAC,0.540362260996215
TAAACAG,0.632550165700509
TAAACAT,0.543390318818239
TAAACCA,0.5449952528455
TAAACCC,0.544334709578022
TAAACCG,0.554851398423765
TAAACCT,0.554197335707378
TAAACGA,0.545843882145088
TAAACGC,0.557183850655207
TAAACGG,0.542823255966196
TAAACGT,0.553355768838094
TAAACTA,0.543390318818239
TAAACTC,0.570605829778336
TAAACTG,0.546032368672738
TAAACTT,0.542066671611651
TAAAGAA,0.537990194384955
TAAAGAC,0.535612487692387
TAAAGAG,0.530361547108925
TAAAGAT,0.559417898123035
TAAAGCA,0.567197992987867
TAAAGCC,0.540457026725178
TAAAGCG,0.548949375927585
TAAAGCT,0.544334709578022
TAAAGGA,0.574643333351148
TAAAGGC,0.535231529428386
TAAAGGG,0.592253196885818
TAAAGGT,0.543484798038652
TAAAGTA,0.555131580110922
TAAAGTC,0.547633071368372
TAAAGTG,0.547821220991165
TAAAGTT,0.553542844912949
TAAATAA,0.513370815677445
TAAATAC,0.536278815636684
TAAATAG,0.540172702592402
TAAATAT,0.524505345585663
TAAATCA,0.550357782168829
TAAATCC,0.538939696340096
TAAATCG,0.544900916230684
TAAATCT,0.539983108249388
TAAATGA,0.541877436048561
TAAATGC,0.544712216298664
TAAATGG,0.548009335220336
TAAATGT,0.542066671611651
TAAATTA,0.547821220991165
TAAATTC,0.541214829430832
TAAATTG,0.558952882970019
TAAATTT,0.52834934636092
TAACAAA,0.572075899703475
TAACAAC,0.544900916230684
TAACAAG,0.570053995918177
TAACAAT,0.541972058306368
TAACACA,0.547915282529121
TAACACC,0.5457496255569
TAACACG,0.542255871371418
TAACACT,0.552700726833551
TAACAGA,0.535136267181628
TAACAGC,0.537229943167357
TAACAGG,0.570789706747883
TAACAGT,0.548855411612337
TAACATA,0.534755127419697
TAACATC,0.548855411612337
TAACATG,0.552981511663262
TAACATT,0.543484798038652
TAACCAA,0.549982401081462
TAACCAC,0.551201874763997
TAACCAG,0.54725666588863
TAACCAT,0.560068556269423
TAACCCA,0.539414109448797
TAACCCC,0.542161275966103
TAACCCG,0.549137278074351
TAACCCT,0.541688164668594
TAACCGA,0.54904333141437
TAACCGC,0.546032368672738
TAACCGG,0.55615824185977
TAACCGT,0.55615824185977
TAACCTA,0.548009335220336
TAACCTC,0.539698649319047
TAACCTG,0.555785032257735
TAACCTT,0.548667456489815
TAACGAA,0.548667456489815
TAACGAC,0.547727150604803
TAACGAG,0.556438057683667
TAACGAT,0.546691791883586
TAACGCA,0.549419065110049
TAACGCC,0.546409235179995
TAACGCG,0.548949375927585
TAACGCT,0.548761438466967
TAACGGA,0.565535917878306
TAACGGC,0.543768182153756
TAACGGG,0.547915282529121
TAACGGT,0.548949375927585
TAACGTA,0.545183899381137
TAACGTC,0.545938129849809
TAACGTG,0.546409235179995
TAACGTT,0.544712216298664
TAACTAA,0.548855411612337
TAACTAC,0.553823393421363
TAACTAG,0.545372510335971
TAACTAT,0.556997454550261
TAACTCA,0.539034596968968
TAACTCC,0.540930720708634
TAACTCG,0.556624558077454
TAACTCT,0.560068556269423
TAACTGA,0.544145902762502
TAACTGC,0.550170109239016
TAACTGG,0.551670507410356
TAACTGT,0.563037614031558
TAACTTA,0.550545419884123
TAACTTC,0.541593515543045
TAACTTG,0.543862625682365
TAACTTT,0.534564503049566
TAAGAAA,0.543295830670659
TAAGAAC,0.560161472883153
TAAGAAG,0.58148808825123
TAAGAAT,0.555224956564517
TAAGACA,0.580669187092685
TAAGACC,0.553729885996893
TAAGACG,0.54074127004072
TAAGACT,0.568673077517911
TAAGAGA,0.559510875210577
TAAGAGC,0.56034728021413
TAAGAGG,0.588195971164405
TAAGAGT,0.547538983280205
TAAGATA,0.561646965745918
TAAGATC,0.574918024970885
TAAGATG,0.534564503049566
TAAGATT,0.546503429619058
TAAGCAA,0.557090656945672
TAAGCAC,0.566182608720574
TAAGCAG,0.551764207591403
TAAGCAT,0.585844271362493
TAAGCCA,0.533801641984602
TAAGCCC,0.558859853985092
TAAGCCG,0.553729885996893
TAAGCCT,0.538370103360331
TAAGCGA,0.548949375927585
TAAGCGC,0.55653131222836
TAAGCGG,0.554571138212828
TAAGCGT,0.548009335220336
TAAGCTA,0.55671779523257
TAAGCTC,0.54149885745819
TAAGCTG,0.531509560819961
TAAGCTT,0.545278209305316
TAAGGAA,0.55129561886424
TAAGGAC,0.565535917878306
TAAGGAG,0.645942259556959
TAAGGAT,0.599961512270466
TAAGGCA,0.55671779523257
TAAGGCC,0.546409235179995
TAAGGCG,0.545843882145088
TAAGGCT,0.549231215909186
TAAGGGA,0.58548198001724
TAAGGGC,0.561832497291923
TAAGGGG,0.576747376655953
TAAGGGT,0.54725666588863
TAAGGTA,0.54074127004072
TAAGGTC,0.570513878612981
TAAGGTG,0.563037614031558
TAAGGTT,0.574093723641528
TAAGTAA,0.546126598615548
TAAGTAC,0.549982401081462
TAAGTAG,0.588918459867294
TAAGTAT,0.549137278074351
TAAGTCA,0.535326782601112
TAAGTCC,0.551389354177351
TAAGTCG,0.547727150604803
TAAGTCT,0.538749868059688
TAAGTGA,0.58285143505565
TAAGTGC,0.566828881624059
TAAGTGG,0.55681102369533
TAAGTGT,0.574276960443543
TAAGTTA,0.566090249915229
TAAGTTC,0.544334709578022
TAAGTTG,0.577660799079214
TAAGTTT,0.556997454550261
TAATAAA,0.517160783195137
TAATAAC,0.548385457551061
TAATAAG,0.554384254426142
TAATAAT,0.570145989378061
TAATACA,0.542539603909466
TAATACC,0.5446178529781
TAATACG,0.548291440230175
TAATACT,0.550170109239016
TAATAGA,0.551201874763997
TAATAGC,0.547162542376858
TAATAGG,0.572534853712235
TAATAGT,0.553729885996893
TAATATA,0.535517261731385
TAATATC,0.56368592199964
TAATATG,0.535136267181628
TAATATT,0.535612487692387
TAATCAA,0.546315031867504
TAATCAC,0.553636369827967
TAATCAG,0.544900916230684
TAATCAT,0.547915282529121
TAATCCA,0.539034596968968
TAATCCC,0.493209512581596
TAATCCG,0.549419065110049
TAATCCT,0.544051485985054
TAATCGA,0.54904333141437
TAATCGC,0.548385457551061
TAATCGG,0.548103379066474
TAATCGT,0.547350780542001
TAATCTA,0.539224371212598
TAATCTC,0.540267486285857
TAATCTG,0.549325144920533
TAATCTT,0.54149885745819
TAATGAA,0.535993300882455
TAATGAC,0.551764207591403
TAATGAG,0.562203457149991
TAATGAT,0.559231918009715
TAATGCA,0.549419065110049
TAATGCC,0.535898111179577
TAATGCG,0.547915282529121
TAATGCT,0.561182986228949
TAATGGA,0.553823393421363
TAATGGC,0.542634163535157
TAATGGG,0.545938129849809
TAATGGT,0.564426331099877
TAATGTA,0.532656258106646
TAATGTC,0.560068556269423
TAATGTG,0.578208452317792
TAATGTT,0.550639225540454
TAATTAA,0.560068556269423
TAATTAC,0.558766816344968
TAATTAG,0.532560750205863
TAATTAT,0.552513493137443
TAATTCA,0.536564248895506
TAATTCC,0.545278209305316
TAATTCG,0.545278209305316
TAATTCT,0.550545419884123
TAATTGA,0.546880118674452
TAATTGC,0.550170109239016
TAATTGG,0.553262217674982
TAATTGT,0.553542844912949
TAATTTA,0.560440170934585
TAATTTC,0.547162542376858
TAATTTG,0.529020529927661
TAATTTT,0.509370942234113
TACAAAA,0.503783425339786
TACAAAC,0.543295830670659
TACAAAG,0.55932491238995
TACAAAT,0.534087783086384
TACAACA,0.558301498260002
TACAACC,0.556344794441753
TACAACG,0.546597615186365
TACAACT,0.555411683318289
TACAAGA,0.544712216298664
TACAAGC,0.545938129849809
TACAAGG,0.549231215909186
TACAAGT,0.55681102369533
TACAATA,0.550545419884123
TACAATC,0.55681102369533
TACAATG,0.595038629415996
TACAATT,0.543768182153756
TACACAA,0.544334709578022
TACACAC,0.575192641155858
TACACAG,0.55615824185977
TACACAT,0.553916892103012
TACACCA,0.563593332304507
TACACCC,0.545278209305316
TACACCG,0.546880118674452
TACACCT,0.551201874763997
TACACGA,0.547162542376858
TACACGC,0.549512976479392
TACACGG,0.559510875210577
TACACGT,0.55475798708049
TACACTA,0.543106827587251
TACACTC,0.545466802474781
TACACTG,0.549325144920533
TACACTT,0.562296175616743
TACAGAA,0.544051485985054
TACAGAC,0.539888297596422
TACAGAG,0.568765198095154
TACAGAT,0.557649688971366
TACAGCA,0.550826810458739
TACAGCC,0.553823393421363
TACAGCG,0.547162542376858
TACAGCT,0.532942727090634
TACAGGA,0.577204192160145
TACAGGC,0.537229943167357
TACAGGG,0.585844271362493
TACAGGT,0.640126717446672
TACAGTA,0.568949413794948
TACAGTC,0.536659375213063
TACAGTG,0.563315511770882
TACAGTT,0.551670507410356
TACATAA,0.557835963553314
TACATAC,0.548385457551061
TACATAG,0.541214829430832
TACATAT,0.550076259564533
TACATCA,0.5446178529781
TACATCC,0.55223257684601
TACATCG,0.545938129849809
TACATCT,0.563130255192393
TACATGA,0.535707704586269
TACATGC,0.551857898993549
TACATGG,0.55653131222836
TACATGT,0.583214680505864
TACATTA,0.551483080704976
TACATTC,0.553542844912949
TACATTG,0.568949413794948
TACATTT,0.561925250158289
TACCAAA,0.575284163128061
TACCAAC,0.548949375927585
TACCAAG,0.547068410005017
TACCAAT,0.555971654469429
TACCACA,0.540457026725178
TACCACC,0.53950896506838
TACCACG,0.555224956564517
TACCACT,0.541782804836534
TACCAGA,0.544806570715632
TACCAGC,0.540457026725178
TACCAGG,0.570329950913332
TACCAGT,0.562296175616743
TACCATA,0.544523480752259
TACCATC,0.560997334127819
TACCATG,0.552326224378313
TACCATT,0.552419863141576
TACCCAA,0.543579268333584
TACCCAC,0.54149885745819
TACCCAG,0.55671779523257
TACCCAT,0.564241280212754
TACCCCA,0.564426331099877
TACCCCC,0.541309514403781
TACCCCG,0.555878347717063
TACCCCT,0.547821220991165
TACCCGA,0.549325144920533
TACCCGC,0.549137278074351
TACCCGG,0.546409235179995
TACCCGT,0.545466802474781
TACCCTA,0.546597615186365
TACCCTC,0.550920589723994
TACCCTG,0.555131580110922
TACCCTT,0.551670507410356
TACCGAA,0.547444886338637
TACCGAC,0.548479466033523
TACCGAG,0.547727150604803
TACCGAT,0.548479466033523
TACCGCA,0.547538983280205
TACCGCC,0.543957060292236
TACCGCG,0.545278209305316
TACCGCT,0.548761438466967
TACCGGA,0.547444886338637
TACCGGC,0.548949375927585
TACCGGG,0.554290799434086
TACCGGT,0.548855411612337
TACCGTA,0.554944801042175
TACCGTC,0.547444886338637
TACCGTG,0.5449952528455
TACCGTT,0.546880118674452
TACCTAA,0.552794330537075
TACCTAC,0.543390318818239
TACCTAG,0.555785032257735
TACCTAT,0.546597615186365
TACCTCA,0.545938129849809
TACCTCC,0.538749868059688
TACCTCG,0.546409235179995
TACCTCT,0.539319244830773
TACCTGA,0.545089580561758
TACCTGC,0.552138920543025
TACCTGG,0.543579268333584
TACCTGT,0.565166192400051
TACCTTA,0.552794330537075
TACCTTC,0.550733022398109
TACCTTG,0.550451605427465
TACCTTT,0.538180166913997
TACGAAA,0.541688164668594
TACGAAC,0.549419065110049
TACGAAG,0.546503429619058
TACGAAT,0.547915282529121
TACGACA,0.548667456489815
TACGACC,0.548949375927585
TACGACG,0.549606879030218
TACGACT,0.54857346567922
TACGAGA,0.54725666588863
TACGAGC,0.558859853985092
TACGAGG,0.543579268333584
TACGAGT,0.546597615186365
TACGATA,0.547915282529121
TACGATC,0.558766816344968
TACGATG,0.5481974140692
TACGATT,0.549606879030218
TACGCAA,0.549231215909186
TACGCAC,0.557835963553314
TACGCAG,0.546503429619058
TACGCAT,0.545843882145088
TACGCCA,0.549231215909186
TACGCCC,0.549606879030218
TACGCCG,0.548949375927585
TACGCCT,0.548291440230175
TACGCGA,0.557090656945672
TACGCGC,0.548667456489815
TACGCGG,0.548479466033523
TACGCGT,0.549512976479392
TACGCTA,0.548103379066474
TACGCTC,0.547915282529121
TACGCTG,0.546032368672738
TACGCTT,0.554290799434086
TACGGAA,0.556251522500995
TACGGAC,0.548103379066474
TACGGAG,0.554103863244385
TACGGAT,0.54725666588863
TACGGCA,0.55653131222836
TACGGCC,0.546315031867504
TACGGCG,0.54725666588863
TACGGCT,0.546503429619058
TACGGGA,0.566274958996557
TACGGGC,0.544523480752259
TACGGGG,0.554010382043475
TACGGGT,0.553449311250204
TACGGTA,0.556904243467353
TACGGTC,0.547444886338637
TACGGTG,0.553729885996893
TACGGTT,0.547821220991165
TACGTAA,0.548949375927585
TACGTAC,0.549606879030218
TACGTAG,0.543579268333584
TACGTAT,0.5457496255569
TACGTCA,0.548479466033523
TACGTCC,0.548291440230175
TACGTCG,0.549606879030218
TACGTCT,0.546880118674452
TACGTGA,0.541782804836534
TACGTGC,0.5446178529781
TACGTGG,0.549137278074351
TACGTGT,0.55475798708049
TACGTTA,0.547915282529121
TACGTTC,0.549606879030218
TACGTTG,0.553542844912949
TACGTTT,0.557370212023119
TACTAAA,0.507218054738996
TACTAAC,0.555505033621723
TACTAAG,0.542066671611651
TACTAAT,0.565997882578947
TACTACA,0.561275799356101
TACTACC,0.556064952516456
TACTACG,0.548949375927585
TACTACT,0.555318324299763
TACTAGA,0.539034596968968
TACTAGC,0.543768182153756
TACTAGG,0.543201333594226
TACTAGT,0.543201333594226
TACTATA,0.555598375211691
TACTATC,0.548855411612337
TACTATG,0.554944801042175
TACTATT,0.539129488592566
TACTCAA,0.541309514403781
TACTCAC,0.553355768838094
TACTCAG,0.551951581618439
TACTCAT,0.551483080704976
TACTCCA,0.539034596968968
TACTCCC,0.534564503049566
TACTCCG,0.543579268333584
TACTCCT,0.546126598615548
TACTCGA,0.546691791883586
TACTCGC,0.541593515543045
TACTCGG,0.538749868059688
TACTCGT,0.557742830599617
TACTCTA,0.545843882145088
TACTCTC,0.54272871422017
TACTCTG,0.560068556269423
TACTCTT,0.546220819679912
TACTGAA,0.55223257684601
TACTGAC,0.562296175616743
TACTGAG,0.563871075675319
TACTGAT,0.54988853378815
TACTGCA,0.531222680925011
TACTGCC,0.569501857369263
TACTGCG,0.54857346567922
TACTGCT,0.566459633966742
TACTGGA,0.548855411612337
TACTGGC,0.552419863141576
TACTGGG,0.537610141023894
TACTGGT,0.541972058306368
TACTGTA,0.541877436048561
TACTGTC,0.551201874763997
TACTGTG,0.551201874763997
TACTGTT,0.541593515543045
TACTTAA,0.537610141023894
TACTTAC,0.554010382043475
TACTTAG,0.535612487692387
TACTTAT,0.556997454550261
TACTTCA,0.559417898123035
TACTTCC,0.543295830670659
TACTTCG,0.547538983280205
TACTTCT,0.543673729704724
TACTTGA,0.539983108249388
TACTTGC,0.562852305958759
TACTTGG,0.563871075675319
TACTTGT,0.569869983606125
TACTTTA,0.540172702592402
TACTTTC,0.535136267181628
TACTTTG,0.552513493137443
TACTTTT,0.545278209305316
TAGAAAA,0.531413943332472
TAGAAAC,0.548479466033523
TAGAAAG,0.527773687391801
TAGAAAT,0.548667456489815
TAGAACA,0.544051485985054
TAGAACC,0.553916892103012
TAGAACG,0.543673729704724
TAGAACT,0.5446178529781
TAGAAGA,0.603437656705036
TAGAAGC,0.555038194937351
TAGAAGG,0.618450516592892
TAGAAGT,0.565813122307268
TAGAATA,0.546785959712392
TAGAATC,0.543390318818239
TAGAATG,0.590361873186438
TAGAATT,0.554197335707378
TAGACAA,0.554010382043475
TAGACAC,0.537325006183951
TAGACAG,0.551014360195522
TAGACAT,0.553636369827967
TAGACCA,0.559510875210577
TAGACCC,0.556251522500995
TAGACCG,0.55615824185977
TAGACCT,0.550920589723994
TAGACGA,0.545561085723422
TAGACGC,0.547538983280205
TAGACGG,0.550639225540454
TAGACGT,0.556624558077454
TAGACTA,0.574643333351148
TAGACTC,0.543390318818239
TAGACTG,0.546974268771438
TAGACTT,0.549137278074351
TAGAGAA,0.558673770048037
TAGAGAC,0.568396664858027
TAGAGAG,0.574276960443543
TAGAGAT,0.555411683318289
TAGAGCA,0.564148741926171
TAGAGCC,0.571616734959211
TAGAGCG,0.541782804836534
TAGAGCT,0.571065458822604
TAGAGGA,0.614850338554293
TAGAGGC,0.590181560418671
TAGAGGG,0.586930358533246
TAGAGGT,0.598353053286771
TAGAGTA,0.563037614031558
TAGAGTC,0.547821220991165
TAGAGTG,0.56146139977157
TAGAGTT,0.555318324299763
TAGATAA,0.554290799434086
TAGATAC,0.564148741926171
TAGATAG,0.562481586764089
TAGATAT,0.571341134879079
TAGATCA,0.53950896506838
TAGATCC,0.557649688971366
TAGATCG,0.548479466033523
TAGATCT,0.540551783474449
TAGATGA,0.573910453257633
TAGATGC,0.557835963553314
TAGATGG,0.572901865319618
TAGATGT,0.571524876705065
TAGATTA,0.542066671611651
TAGATTC,0.551764207591403
TAGATTG,0.540457026725178
TAGATTT,0.537325006183951
TAGCAAA,0.534659819776838
TAGCAAC,0.552138920543025
TAGCAAG,0.537800185759494
TAGCAAT,0.550733022398109
TAGCACA,0.538370103360331
TAGCACC,0.561646965745918
TAGCACG,0.545466802474781
TAGCACT,0.545183899381137
TAGCAGA,0.573635484688835
TAGCAGC,0.547444886338637
TAGCAGG,0.565258636585741
TAGCAGT,0.563315511770882
TAGCATA,0.542161275966103
TAGCATC,0.544900916230684
TAGCATG,0.547444886338637
TAGCATT,0.560533053027156
TAGCCAA,0.550451605427465
TAGCCAC,0.558208408654855
TAGCCAG,0.549419065110049
TAGCCAT,0.561182986228949
TAGCCCA,0.540646531245729
TAGCCCC,0.545278209305316
TAGCCCG,0.545089580561758
TAGCCCT,0.540457026725178
TAGCCGA,0.55681102369533
TAGCCGC,0.574551752707457
TAGCCGG,0.545655360083569
TAGCCGT,0.544806570715632
TAGCCTA,0.54272871422017
TAGCCTC,0.540362260996215
TAGCCTG,0.572534853712235
TAGCCTT,0.544900916230684
TAGCGAA,0.543390318818239
TAGCGAC,0.547633071368372
TAGCGAG,0.544900916230684
TAGCGAT,0.548385457551061
TAGCGCA,0.545938129849809
TAGCGCC,0.547633071368372
TAGCGCG,0.558952882970019
TAGCGCT,0.567013454336363
TAGCGGA,0.556624558077454
TAGCGGC,0.565997882578947
TAGCGGG,0.55615824185977
TAGCGGT,0.547538983280205
TAGCGTA,0.548855411612337
TAGCGTC,0.567013454336363
TAGCGTG,0.563500734035728
TAGCGTT,0.564888808556351
TAGCTAA,0.549606879030218
TAGCTAC,0.541025432584957
TAGCTAG,0.560625926493445
TAGCTAT,0.588737886622235
TAGCTCA,0.552887925479765
TAGCTCC,0.543957060292236
TAGCTCG,0.548009335220336
TAGCTCT,0.557463379684734
TAGCTGA,0.584666344270272
TAGCTGC,0.536278815636684
TAGCTGG,0.529882818815562
TAGCTGT,0.555038194937351
TAGCTTA,0.54442909961946
TAGCTTC,0.538180166913997
TAGCTTG,0.555224956564517
TAGCTTT,0.534373842334858
TAGGAAA,0.584938296777256
TAGGAAC,0.576655988508127
TAGGAAG,0.588918459867294
TAGGAAT,0.607965227452655
TAGGACA,0.548855411612337
TAGGACC,0.55569170808982
TAGGACG,0.556438057683667
TAGGACT,0.58221543784659
TAGGAGA,0.552607114367554
TAGGAGC,0.580760209233338
TAGGAGG,0.667954834338726
TAGGAGT,0.578664601019415
TAGGATA,0.55129561886424
TAGGATC,0.72218080927673
TAGGATG,0.559231918009715
TAGGATT,0.559696803455463
TAGGCAA,0.563963639659039
TAGGCAC,0.538370103360331
TAGGCAG,0.572259506584406
TAGGCAT,0.541309514403781
TAGGCCA,0.565628327892922
TAGGCCC,0.564241280212754
TAGGCCG,0.571708584776194
TAGGCCT,0.608673578356053
TAGGCGA,0.547633071368372
TAGGCGC,0.548479466033523
TAGGCGG,0.584212925675897
TAGGCGT,0.555505033621723
TAGGCTA,0.555598375211691
TAGGCTC,0.539319244830773
TAGGCTG,0.58012288019448
TAGGCTT,0.549700772764182
TAGGGAA,0.61070729668441
TAGGGAC,0.569869983606125
TAGGGAG,0.633586718263246
TAGGGAT,0.55569170808982
TAGGGCA,0.576290352375981
TAGGGCC,0.564056195075461
TAGGGCG,0.567013454336363
TAGGGCT,0.54074127004072
TAGGGGA,0.613265669083551
TAGGGGC,0.629694093591911
TAGGGGG,0.632809404587458
TAGGGGT,0.568212347295667
TAGGGTA,0.580305015657142
TAGGGTC,0.565905506710152
TAGGGTG,0.635398103886773
TAGGGTT,0.623434204063371
TAGGTAA,0.558766816344968
TAGGTAC,0.547538983280205
TAGGTAG,0.612031409914505
TAGGTAT,0.555318324299763
TAGGTCA,0.569501857369263
TAGGTCC,0.542823255966196
TAGGTCG,0.567013454336363
TAGGTCT,0.558208408654855
TAGGTGA,0.571157359285831
TAGGTGC,0.542161275966103
TAGGTGG,0.597816324857942
TAGGTGT,0.56931774341951
TAGGTTA,0.537515105110502
TAGGTTC,0.56034728021413
TAGGTTG,0.574002092648085
TAGGTTT,0.552887925479765
TAGTAAA,0.548479466033523
TAGTAAC,0.54149885745819
TAGTAAG,0.555131580110922
TAGTAAT,0.537895194585134
TAGTACA,0.549231215909186
TAGTACC,0.55569170808982
TAGTACG,0.548761438466967
TAGTACT,0.538370103360331
TAGTAGA,0.542350457829289
TAGTAGC,0.562388885487578
TAGTAGG,0.589911030291061
TAGTAGT,0.551576798448762
TAGTATA,0.544334709578022
TAGTATC,0.550170109239016
TAGTATG,0.553355768838094
TAGTATT,0.54112013549179
TAGTCAA,0.55129561886424
TAGTCAC,0.548761438466967
TAGTCAG,0.54725666588863
TAGTCAT,0.576838756452749
TAGTCCA,0.5446178529781
TAGTCCC,0.557835963553314
TAGTCCG,0.548667456489815
TAGTCCT,0.548479466033523
TAGTCGA,0.549606879030218
TAGTCGC,0.545466802474781
TAGTCGG,0.545278209305316
TAGTCGT,0.558022203443504
TAGTCTA,0.544523480752259
TAGTCTC,0.549700772764182
TAGTCTG,0.546126598615548
TAGTCTT,0.554851398423765
TAGTGAA,0.552045255467716
TAGTGAC,0.575192641155858
TAGTGAG,0.600050795290552
TAGTGAT,0.542917788774925
TAGTGCA,0.537610141023894
TAGTGCC,0.570789706747883
TAGTGCG,0.555878347717063
TAGTGCT,0.568304510323467
TAGTGGA,0.564426331099877
TAGTGGC,0.539888297596422
TAGTGGG,0.623172523011845
TAGTGGT,0.552981511663262
TAGTGTA,0.553916892103012
TAGTGTC,0.593691808272819
TAGTGTG,0.572993597178838
TAGTGTT,0.562017994422359
TAGTTAA,0.547444886338637
TAGTTAC,0.559603843654184
TAGTTAG,0.559045903301358
TAGTTAT,0.544051485985054
TAGTTCA,0.533419993107197
TAGTTCC,0.545278209305316
TAGTTCG,0.549606879030218
TAGTTCT,0.557370212023119
TAGTTGA,0.571341134879079
TAGTTGC,0.54272871422017
TAGTTGG,0.555505033621723
TAGTTGT,0.560904495150641
TAGTTTA,0.541972058306368
TAGTTTC,0.529020529927661
TAGTTTG,0.553449311250204
TAGTTTT,0.516190365144299
TATAAAA,0.537229943167357
TATAAAC,0.5481974140692
TATAAAG,0.54725666588863
TATAAAT,0.533324558124773
TATAACA,0.563778503122715
TATAACC,0.547350780542001
TATAACG,0.549606879030218
TATAACT,0.543673729704724
TATAAGA,0.551389354177351
TATAAGC,0.545655360083569
TATAAGG,0.578299698705366
TATAAGT,0.549700772764182
TATAATA,0.541309514403781
TATAATC,0.537039790018942
TATAATG,0.557929087834071
TATAATT,0.549794657682941
TATACAA,0.581033225955672
TATACAC,0.545561085723422
TATACAG,0.554197335707378
TATACAT,0.559231918009715
TATACCA,0.541025432584957
TATACCC,0.554664567010722
TATACCG,0.5481974140692
TATACCT,0.549794657682941
TATACGA,0.548291440230175
TATACGC,0.54904333141437
TATACGG,0.558580715092686
TATACGT,0.539983108249388
TATACTA,0.558022203443504
TATACTC,0.555878347717063
TATACTG,0.556064952516456
TATACTT,0.552138920543025
TATAGAA,0.561090164486722
TATAGAC,0.556904243467353
TATAGAG,0.538844786704239
TATAGAT,0.546315031867504
TATAGCA,0.537800185759494
TATAGCC,0.554384254426142
TATAGCG,0.547821220991165
TATAGCT,0.54149885745819
TATAGGA,0.59072240121319
TATAGGC,0.550639225540454
TATAGGG,0.570145989378061
TATAGGT,0.576747376655953
TATAGTA,0.541593515543045
TATAGTC,0.561368603869775
TATAGTG,0.550451605427465
TATAGTT,0.537895194585134
TATATAA,0.539224371212598
TATATAC,0.554477700685179
TATATAG,0.550545419884123
TATATAT,0.537134871112927
TATATCA,0.553355768838094
TATATCC,0.547068410005017
TATATCG,0.548855411612337
TATATCT,0.565258636585741
TATATGA,0.546315031867504
TATATGC,0.544334709578022
TATATGG,0.561739735821665
TATATGT,0.537610141023894
TATATTA,0.541025432584957
TATATTC,0.548009335220336
TATATTG,0.558580715092686
TATATTT,0.543106827587251
TATCAAA,0.537039790018942
TATCAAC,0.544334709578022
TATCAAG,0.571984083619654
TATCAAT,0.540930720708634
TATCACA,0.540172702592402
TATCACC,0.54074127004072
TATCACG,0.548385457551061
TATCACT,0.538180166913997
TATCAGA,0.555224956564517
TATCAGC,0.552326224378313
TATCAGG,0.571800426157563
TATCAGT,0.572443079760039
TATCATA,0.542445035341407
TATCATC,0.545843882145088
TATCATG,0.553542844912949
TATCATT,0.543295830670659
TATCCAA,0.548291440230175
TATCCAC,0.544806570715632
TATCCAG,0.58221543784659
TATCCAT,0.540457026725178
TATCCCA,0.550920589723994
TATCCCC,0.53950896506838
TATCCCG,0.556438057683667
TATCCCT,0.561832497291923
TATCCGA,0.546503429619058
TATCCGC,0.556997454550261
TATCCGG,0.564148741926171
TATCCGT,0.548667456489815
TATCCTA,0.543295830670659
TATCCTC,0.539698649319047
TATCCTG,0.560904495150641
TATCCTT,0.541782804836534
TATCGAA,0.548761438466967
TATCGAC,0.549231215909186
TATCGAG,0.566644274838379
TATCGAT,0.54857346567922
TATCGCA,0.547538983280205
TATCGCC,0.548855411612337
TATCGCG,0.558952882970019
TATCGCT,0.545843882145088
TATCGGA,0.544051485985054
TATCGGC,0.544712216298664
TATCGGG,0.557463379684734
TATCGGT,0.54725666588863
TATCGTA,0.54904333141437
TATCGTC,0.548385457551061
TATCGTG,0.5457496255569
TATCGTT,0.546032368672738
TATCTAA,0.54112013549179
TATCTAC,0.546409235179995
TATCTAG,0.556251522500995
TATCTAT,0.543768182153756
TATCTCA,0.560440170934585
TATCTCC,0.556251522500995
TATCTCG,0.547821220991165
TATCTCT,0.561182986228949
TATCTGA,0.631858533265253
TATCTGC,0.545938129849809
TATCTGG,0.609823579484652
TATCTGT,0.537515105110502
TATCTTA,0.545938129849809
TATCTTC,0.547633071368372
TATCTTG,0.586839896309033
TATCTTT,0.567290249544748
TATGAAA,0.550263950106564
TATGAAC,0.562944964287544
TATGAAG,0.541877436048561
TATGAAT,0.553168657759232
TATGACA,0.539129488592566
TATGACC,0.541877436048561
TATGACG,0.546597615186365
TATGACT,0.543768182153756
TATGAGA,0.603704552595862
TATGAGC,0.551201874763997
TATGAGG,0.655701052360867
TATGAGT,0.565628327892922
TATGATA,0.545089580561758
TATGATC,0.556438057683667
TATGATG,0.563778503122715
TATGATT,0.547538983280205
TATGCAA,0.546597615186365
TATGCAC,0.549512976479392
TATGCAG,0.576655988508127
TATGCAT,0.55475798708049
TATGCCA,0.551576798448762
TATGCCC,0.53504099585911
TATGCCG,0.546785959712392
TATGCCT,0.546032368672738
TATGCGA,0.56802799575408
TATGCGC,0.548479466033523
TATGCGG,0.5457496255569
TATGCGT,0.544334709578022
TATGCTA,0.546409235179995
TATGCTC,0.550357782168829
TATGCTG,0.535898111179577
TATGCTT,0.547162542376858
TATGGAA,0.572075899703475
TATGGAC,0.563778503122715
TATGGAG,0.558673770048037
TATGGAT,0.543106827587251
TATGGCA,0.547915282529121
TATGGCC,0.550733022398109
TATGGCG,0.554664567010722
TATGGCT,0.560718791335055
TATGGGA,0.577843383485664
TATGGGC,0.550357782168829
TATGGGG,0.55223257684601
TATGGGT,0.566736582491177
TATGGTA,0.547538983280205
TATGGTC,0.540457026725178
TATGGTG,0.550920589723994
TATGGTT,0.571708584776194
TATGTAA,0.540930720708634
TATGTAC,0.55129561886424
TATGTAG,0.540457026725178
TATGTAT,0.572167707357876
TATGTCA,0.548479466033523
TATGTCC,0.542539603909466
TATGTCG,0.546126598615548
TATGTCT,0.574826469481327
TATGTGA,0.552513493137443
TATGTGC,0.580031800021641
TATGTGG,0.600497090858251
TATGTGT,0.553823393421363
TATGTTA,0.539698649319047
TATGTTC,0.540267486285857
TATGTTG,0.551576798448762
TATGTTT,0.560625926493445
TATTAAA,0.523252857062111
TATTAAC,0.539983108249388
TATTAAG,0.558580715092686
TATTAAT,0.540077909914147
TATTACA,0.556904243467353
TATTACC,0.546220819679912
TATTACG,0.558952882970019
TATTACT,0.541782804836534
TATTAGA,0.540551783474449
TATTAGC,0.540077909914147
TATTAGG,0.572901865319618
TATTAGT,0.54149885745819
TATTATA,0.550826810458739
TATTATC,0.555318324299763
TATTATG,0.547444886338637
TATTATT,0.528637051624434
TATTCAA,0.546974268771438
TATTCAC,0.537229943167357
TATTCAG,0.553916892103012
TATTCAT,0.560625926493445
TATTCCA,0.541309514403781
TATTCCC,0.544240310626264
TATTCCG,0.547727150604803
TATTCCT,0.537325006183951
TATTCGA,0.545466802474781
TATTCGC,0.549606879030218
TATTCGG,0.548009335220336
TATTCGT,0.544523480752259
TATTCTA,0.55932491238995
TATTCTC,0.535612487692387
TATTCTG,0.567751404703236
TATTCTT,0.52978704564905
TATTGAA,0.53504099585911
TATTGAC,0.553168657759232
TATTGAG,0.542634163535157
TATTGAT,0.537325006183951
TATTGCA,0.537229943167357
TATTGCC,0.544051485985054
TATTGCG,0.557742830599617
TATTGCT,0.546880118674452
TATTGGA,0.557742830599617
TATTGGC,0.542634163535157
TATTGGG,0.587472960094163
TATTGGT,0.584666344270272
TATTGTA,0.552700726833551
TATTGTC,0.565073739667642
TATTGTG,0.532656258106646
TATTGTT,0.56034728021413
TATTTAA,0.561646965745918
TATTTAC,0.552607114367554
TATTTAG,0.560811647553586
TATTTAT,0.535802912414756
TATTTCA,0.559696803455463
TATTTCC,0.53246523318245
TATTTCG,0.55681102369533
TATTTCT,0.528924674137436
TATTTGA,0.546126598615548
TATTTGC,0.536944699883683
TATTTGG,0.546785959712392
TATTTGT,0.52786965356899
TATTTTA,0.544334709578022
TATTTTC,0.554477700685179
TATTTTG,0.554103863244385
TATTTTT,0.513565522799054
TCAAAAA,0.505453147333735
TCAAAAC,0.557929087834071
TCAAAAG,0.557556538666944
TCAAAAT,0.543862625682365
TCAAACA,0.54074127004072
TCAAACC,0.544240310626264
TCAAACG,0.545843882145088
TCAAACT,0.547444886338637
TCAAAGA,0.571800426157563
TCAAAGC,0.561368603869775
TCAAAGG,0.580396070949985
TCAAAGT,0.550451605427465
TCAAATA,0.5481974140692
TCAAATC,0.535517261731385
TCAAATG,0.575009572078804
TCAAATT,0.537229943167357
TCAACAA,0.540267486285857
TCAACAC,0.566090249915229
TCAACAG,0.545466802474781
TCAACAT,0.557835963553314
TCAACCA,0.551201874763997
TCAACCC,0.542255871371418
TCAACCG,0.549419065110049
TCAACCT,0.551764207591403
TCAACGA,0.555598375211691
TCAACGC,0.546220819679912
TCAACGG,0.557183850655207
TCAACGT,0.534564503049566
TCAACTA,0.55569170808982
TCAACTC,0.54074127004072
TCAACTG,0.557556538666944
TCAACTT,0.541214829430832
TCAAGAA,0.574368566255191
TCAAGAC,0.530361547108925
TCAAGAG,0.537229943167357
TCAAGAT,0.537895194585134
TCAAGCA,0.583123881512617
TCAAGCC,0.539224371212598
TCAAGCG,0.549231215909186
TCAAGCT,0.543957060292236
TCAAGGA,0.572993597178838
TCAAGGC,0.557090656945672
TCAAGGG,0.548479466033523
TCAAGGT,0.599872221278209
TCAAGTA,0.548949375927585
TCAAGTC,0.537325006183951
TCAAGTG,0.527197696848549
TCAAGTT,0.569777964750842
TCAATAA,0.550826810458739
TCAATAC,0.556344794441753
TCAATAG,0.552887925479765
TCAATAT,0.564426331099877
TCAATCA,0.538560003737663
TCAATCC,0.554197335707378
TCAATCG,0.548855411612337
TCAATCT,0.543862625682365
TCAATGA,0.558952882970019
TCAATGC,0.552607114367554
TCAATGG,0.568949413794948
TCAATGT,0.612825037096506
TCAATTA,0.543862625682365
TCAATTC,0.54074127004072
TCAATTG,0.546880118674452
TCAATTT,0.558859853985092
TCACAAA,0.543106827587251
TCACAAC,0.550639225540454
TCACAAG,0.533038198518314
TCACAAT,0.561090164486722
TCACACA,0.576016037516212
TCACACC,0.530265819782959
TCACACG,0.542161275966103
TCACACT,0.543862625682365
TCACAGA,0.546880118674452
TCACAGC,0.558301498260002
TCACAGG,0.574002092648085
TCACAGT,0.56968593742731
TCACATA,0.554290799434086
TCACATC,0.560161472883153
TCACATG,0.551389354177351
TCACATT,0.55475798708049
TCACCAA,0.548479466033523
TCACCAC,0.54112013549179
TCACCAG,0.578390936767797
TCACCAT,0.556904243467353
TCACCCA,0.52412013155806
TCACCCC,0.525660098128852
TCACCCG,0.545938129849809
TCACCCT,0.528061558299266
TCACCGA,0.555785032257735
TCACCGC,0.539034596968968
TCACCGG,0.552981511663262
TCACCGT,0.559231918009715
TCACCTA,0.536564248895506
TCACCTC,0.521998797843574
TCACCTG,0.521709176088872
TCACCTT,0.554197335707378
TCACGAA,0.543106827587251
TCACGAC,0.545938129849809
TCACGAG,0.534469177236151
TCACGAT,0.546691791883586
TCACGCA,0.542350457829289
TCACGCC,0.518711495974351
TCACGCG,0.560533053027156
TCACGCT,0.589459984044684
TCACGGA,0.546691791883586
TCACGGC,0.551014360195522
TCACGGG,0.540172702592402
TCACGGT,0.55615824185977
TCACGTA,0.557183850655207
TCACGTC,0.558766816344968
TCACGTG,0.569501857369263
TCACGTT,0.538370103360331
TCACTAA,0.539129488592566
TCACTAC,0.541972058306368
TCACTAG,0.572810125044892
TCACTAT,0.569133595565568
TCACTCA,0.559231918009715
TCACTCC,0.552045255467716
TCACTCG,0.563037614031558
TCACTCT,0.532656258106646
TCACTGA,0.546880118674452
TCACTGC,0.546315031867504
TCACTGG,0.536754492482464
TCACTGT,0.547538983280205
TCACTTA,0.539698649319047
TCACTTC,0.548103379066474
TCACTTG,0.543579268333584
TCACTTT,0.558766816344968
TCAGAAA,0.568673077517911
TCAGAAC,0.551951581618439
TCAGAAG,0.574185346239501
TCAGAAT,0.558673770048037
TCAGACA,0.551483080704976
TCAGACC,0.559975631021395
TCAGACG,0.55475798708049
TCAGACT,0.544806570715632
TCAGAGA,0.541593515543045
TCAGAGC,0.621775733058801
TCAGAGG,0.605925919177274
TCAGAGT,0.592433136531305
TCAGATA,0.5446178529781
TCAGATC,0.535898111179577
TCAGATG,0.568580948453684
TCAGATT,0.531413943332472
TCAGCAA,0.553729885996893
TCAGCAC,0.552513493137443
TCAGCAG,0.553449311250204
TCAGCAT,0.533419993107197
TCAGCCA,0.573085320624096
TCAGCCC,0.518130260447674
TCAGCCG,0.544900916230684
TCAGCCT,0.554664567010722
TCAGCGA,0.553168657759232
TCAGCGC,0.559417898123035
TCAGCGG,0.570329950913332
TCAGCGT,0.568673077517911
TCAGCTA,0.563037614031558
TCAGCTC,0.543390318818239
TCAGCTG,0.542350457829289
TCAGCTT,0.52786965356899
TCAGGAA,0.599157606171121
TCAGGAC,0.566736582491177
TCAGGAG,0.547915282529121
TCAGGAT,0.604060303012226
TCAGGCA,0.56802799575408
TCAGGCC,0.573085320624096
TCAGGCG,0.541688164668594
TCAGGCT,0.560440170934585
TCAGGGA,0.631339494837021
TCAGGGC,0.600943187335066
TCAGGGG,0.617485886685909
TCAGGGT,0.573543811694954
TCAGGTA,0.552887925479765
TCAGGTC,0.594589890552232
TCAGGTG,0.601923899658756
TCAGGTT,0.58285143505565
TCAGTAA,0.579758509718956
TCAGTAC,0.5446178529781
TCAGTAG,0.546315031867504
TCAGTAT,0.580578156666248
TCAGTCA,0.55978975461602
TCAGTCC,0.558673770048037
TCAGTCG,0.547444886338637
TCAGTCT,0.58348702802934
TCAGTGA,0.623434204063371
TCAGTGC,0.551108121874974
TCAGTGG,0.62195043853672
TCAGTGT,0.617047110750531
TCAGTTA,0.542539603909466
TCAGTTC,0.555038194937351
TCAGTTG,0.561368603869775
TCAGTTT,0.55681102369533
TCATAAA,0.545183899381137
TCATAAC,0.544240310626264
TCATAAG,0.535802912414756
TCATAAT,0.542634163535157
TCATACA,0.553729885996893
TCATACC,0.539414109448797
TCATACG,0.547350780542001
TCATACT,0.540551783474449
TCATAGA,0.5481974140692
TCATAGC,0.539319244830773
TCATAGG,0.558301498260002
TCATAGT,0.546503429619058
TCATATA,0.538085185160671
TCATATC,0.560997334127819
TCATATG,0.54725666588863
TCATATT,0.54442909961946
TCATCAA,0.550170109239016
TCATCAC,0.560625926493445
TCATCAG,0.564518843703587
TCATCAT,0.576381773943198
TCATCCA,0.534469177236151
TCATCCC,0.52786965356899
TCATCCG,0.546597615186365
TCATCCT,0.561832497291923
TCATCGA,0.552887925479765
TCATCGC,0.556904243467353
TCATCGG,0.564703843239218
TCATCGT,0.548009335220336
TCATCTA,0.551670507410356
TCATCTC,0.535231529428386
TCATCTG,0.535231529428386
TCATCTT,0.557835963553314
TCATGAA,0.567382497591141
TCATGAC,0.539603811691228
TCATGAG,0.601032382755151
TCATGAT,0.541214829430832
TCATGCA,0.591172878538458
TCATGCC,0.526909577117217
TCATGCG,0.552700726833551
TCATGCT,0.539224371212598
TCATGGA,0.575741647387152
TCATGGC,0.54442909961946
TCATGGG,0.569133595565568
TCATGGT,0.614586401301746
TCATGTA,0.548291440230175
TCATGTC,0.560997334127819
TCATGTG,0.577934663189011
TCATGTT,0.543390318818239
TCATTAA,0.54857346567922
TCATTAC,0.542634163535157
TCATTAG,0.548855411612337
TCATTAT,0.541877436048561
TCATTCA,0.557370212023119
TCATTCC,0.534183145261708
TCATTCG,0.543201333594226
TCATTCT,0.534659819776838
TCATTGA,0.553075089089205
TCATTGC,0.558208408654855
TCATTGG,0.561554187063086
TCATTGT,0.585663142096744
TCATTTA,0.546691791883586
TCATTTC,0.542255871371418
TCATTTG,0.547162542376858
TCATTTT,0.516190365144299
TCCAAAA,0.546691791883586
TCCAAAC,0.537800185759494
TCCAAAG,0.533610835752882
TCCAAAT,0.551951581618439
TCCAACA,0.539698649319047
TCCAACC,0.536564248895506
TCCAACG,0.545938129849809
TCCAACT,0.538749868059688
TCCAAGA,0.541593515543045
TCCAAGC,0.566644274838379
TCCAAGG,0.583668551846398
TCCAAGT,0.561646965745918
TCCAATA,0.545938129849809
TCCAATC,0.548667456489815
TCCAATG,0.544240310626264
TCCAATT,0.540835999861121
TCCACAA,0.562110730085728
TCCACAC,0.532274171760761
TCCACAG,0.535993300882455
TCCACAT,0.534469177236151
TCCACCA,0.533801641984602
TCCACCC,0.507022107667952
TCCACCG,0.552887925479765
TCCACCT,0.535612487692387
TCCACGA,0.543484798038652
TCCACGC,0.551014360195522
TCCACGG,0.549606879030218
TCCACGT,0.549512976479392
TCCACTA,0.542634163535157
TCCACTC,0.556251522500995
TCCACTG,0.551576798448762
TCCACTT,0.541782804836534
TCCAGAA,0.584303625843337
TCCAGAC,0.539129488592566
TCCAGAG,0.576290352375981
TCCAGAT,0.54112013549179
TCCAGCA,0.546597615186365
TCCAGCC,0.498856257477756
TCCAGCG,0.567197992987867
TCCAGCT,0.528445257312865
TCCAGGA,0.545183899381137
TCCAGGC,0.534755127419697
TCCAGGG,0.562759639043613
TCCAGGT,0.589459984044684
TCCAGTA,0.536469113528072
TCCAGTC,0.535993300882455
TCCAGTG,0.604949125753957
TCCAGTT,0.528637051624434
TCCATAA,0.548103379066474
TCCATAC,0.548291440230175
TCCATAG,0.541688164668594
TCCATAT,0.567474737128617
TCCATCA,0.553542844912949
TCCATCC,0.525371534980253
TCCATCG,0.552981511663262
TCCATCT,0.531796358438441
TCCATGA,0.556344794441753
TCCATGC,0.553542844912949
TCCATGG,0.542917788774925
TCCATGT,0.603882443623838
TCCATTA,0.541972058306368
TCCATTC,0.550826810458739
TCCATTG,0.529403861231648
TCCATTT,0.524023804860779
TCCCAAA,0.541972058306368
TCCCAAC,0.528637051624434
TCCCAAG,0.558208408654855
TCCCAAT,0.541404190412335
TCCCACA,0.548949375927585
TCCCACC,0.492314999285269
TCCCACG,0.55223257684601
TCCCACT,0.522577789832099
TCCCAGA,0.588557280764589
TCCCAGC,0.482321749426761
TCCCAGG,0.535422026701536
TCCCAGT,0.558859853985092
TCCCATA,0.539414109448797
TCCCATC,0.538939696340096
TCCCATG,0.542823255966196
TCCCATT,0.52132288322188
TCCCCAA,0.54442909961946
TCCCCAC,0.517451725071698
TCCCCAG,0.504176551997938
TCCCCAT,0.531987511164909
TCCCCCA,0.53246523318245
TCCCCCC,0.522770712689623
TCCCCCG,0.551108121874974
TCCCCCT,0.517451725071698
TCCCCGA,0.561090164486722
TCCCCGC,0.527197696848549
TCCCCGG,0.548855411612337
TCCCCGT,0.548291440230175
TCCCCTA,0.541214829430832
TCCCCTC,0.520259807766204
TCCCCTG,0.548103379066474
TCCCCTT,0.530074337635478
TCCCGAA,0.545372510335971
TCCCGAC,0.550826810458739
TCCCGAG,0.538939696340096
TCCCGAT,0.566828881624059
TCCCGCA,0.543201333594226
TCCCGCC,0.530935718706369
TCCCGCG,0.538844786704239
TCCCGCT,0.558208408654855
TCCCGGA,0.565443499323289
TCCCGGC,0.54857346567922
TCCCGGG,0.538465058056766
TCCCGGT,0.543201333594226
TCCCGTA,0.554290799434086
TCCCGTC,0.539414109448797
TCCCGTG,0.550545419884123
TCCCGTT,0.538370103360331
TCCCTAA,0.548009335220336
TCCCTAC,0.55653131222836
TCCCTAG,0.550170109239016
TCCCTAT,0.546032368672738
TCCCTCA,0.529978582810452
TCCCTCC,0.499053811015343
TCCCTCG,0.538085185160671
TCCCTCT,0.525756267343864
TCCCTGA,0.510836167150581
TCCCTGC,0.52248131444433
TCCCTGG,0.608673578356053
TCCCTGT,0.545843882145088
TCCCTTA,0.553916892103012
TCCCTTC,0.522674255913265
TCCCTTG,0.538370103360331
TCCCTTT,0.53313366083207
TCCGAAA,0.555224956564517
TCCGAAC,0.548761438466967
TCCGAAG,0.553075089089205
TCCGAAT,0.556251522500995
TCCGACA,0.547068410005017
TCCGACC,0.555785032257735
TCCGACG,0.546785959712392
TCCGACT,0.543862625682365
TCCGAGA,0.539319244830773
TCCGAGC,0.551108121874974
TCCGAGG,0.581851829178588
TCCGAGT,0.561832497291923
TCCGATA,0.548667456489815
TCCGATC,0.548479466033523
TCCGATG,0.55681102369533
TCCGATT,0.5449952528455
TCCGCAA,0.547915282529121
TCCGCAC,0.546503429619058
TCCGCAG,0.563315511770882
TCCGCAT,0.542350457829289
TCCGCCA,0.553355768838094
TCCGCCC,0.53246523318245
TCCGCCG,0.555131580110922
TCCGCCT,0.546691791883586
TCCGCGA,0.548103379066474
TCCGCGC,0.545843882145088
TCCGCGG,0.553262217674982
TCCGCGT,0.543862625682365
TCCGCTA,0.553729885996893
TCCGCTC,0.554103863244385
TCCGCTG,0.561832497291923
TCCGCTT,0.535422026701536
TCCGGAA,0.554197335707378
TCCGGAC,0.556064952516456
TCCGGAG,0.538654940404733
TCCGGAT,0.545372510335971
TCCGGCA,0.540457026725178
TCCGGCC,0.552981511663262
TCCGGCG,0.542445035341407
TCCGGCT,0.55615824185977
TCCGGGA,0.538749868059688
TCCGGGC,0.557090656945672
TCCGGGG,0.546220819679912
TCCGGGT,0.576747376655953
TCCGGTA,0.543579268333584
TCCGGTC,0.556438057683667
TCCGGTG,0.576838756452749
TCCGGTT,0.545938129849809
TCCGTAA,0.555598375211691
TCCGTAC,0.556438057683667
TCCGTAG,0.553636369827967
TCCGTAT,0.5481974140692
TCCGTCA,0.542917788774925
TCCGTCC,0.549700772764182
TCCGTCG,0.549231215909186
TCCGTCT,0.521902266578458
TCCGTGA,0.567013454336363
TCCGTGC,0.542066671611651
TCCGTGG,0.554197335707378
TCCGTGT,0.540362260996215
TCCGTTA,0.546974268771438
TCCGTTC,0.555505033621723
TCCGTTG,0.556438057683667
TCCGTTT,0.550920589723994
TCCTAAA,0.555038194937351
TCCTAAC,0.541404190412335
TCCTAAG,0.547633071368372
TCCTAAT,0.571616734959211
TCCTACA,0.561182986228949
TCCTACC,0.54904333141437
TCCTACG,0.54725666588863
TCCTACT,0.552607114367554
TCCTAGA,0.537420060164427
TCCTAGC,0.553542844912949
TCCTAGG,0.541972058306368
TCCTAGT,0.533515418982654
TCCTATA,0.555505033621723
TCCTATC,0.5481974140692
TCCTATG,0.533324558124773
TCCTATT,0.547162542376858
TCCTCAA,0.538275139646646
TCCTCAC,0.529882818815562
TCCTCAG,0.570881632555183
TCCTCAT,0.535422026701536
TCCTCCA,0.532656258106646
TCCTCCC,0.508882056454611
TCCTCCG,0.531318316701405
TCCTCCT,0.495194459799927
TCCTCGA,0.543390318818239
TCCTCGC,0.546597615186365
TCCTCGG,0.548949375927585
TCCTCGT,0.548667456489815
TCCTCTA,0.547068410005017
TCCTCTC,0.542917788774925
TCCTCTG,0.537705167906319
TCCTCTT,0.52758172740448
TCCTGAA,0.551483080704976
TCCTGAC,0.545561085723422
TCCTGAG,0.543484798038652
TCCTGAT,0.563778503122715
TCCTGCA,0.530935718706369
TCCTGCC,0.506434035977911
TCCTGCG,0.549512976479392
TCCTGCT,0.51161674348747
TCCTGGA,0.603704552595862
TCCTGGC,0.518130260447674
TCCTGGG,0.594230754420883
TCCTGGT,0.578482166506603
TCCTGTA,0.536183653109284
TCCTGTC,0.513370815677445
TCCTGTG,0.570605829778336
TCCTGTT,0.533324558124773
TCCTTAA,0.536944699883683
TCCTTAC,0.559231918009715
TCCTTAG,0.543957060292236
TCCTTAT,0.538180166913997
TCCTTCA,0.531222680925011
TCCTTCC,0.519098798724311
TCCTTCG,0.545466802474781
TCCTTCT,0.541972058306368
TCCTTGA,0.542917788774925
TCCTTGC,0.529116376530434
TCCTTGG,0.534850425979874
TCCTTGT,0.566921172238596
TCCTTTA,0.539698649319047
TCCTTTC,0.52834934636092
TCCTTTG,0.538844786704239
TCCTTTT,0.554290799434086
TCGAAAA,0.546220819679912
TCGAAAC,0.546409235179995
TCGAAAG,0.546126598615548
TCGAAAT,0.545938129849809
TCGAACA,0.546691791883586
TCGAACC,0.547915282529121
TCGAACG,0.549606879030218
TCGAACT,0.543201333594226
TCGAAGA,0.556904243467353
TCGAAGC,0.5481974140692
TCGAAGG,0.544900916230684
TCGAAGT,0.546409235179995
TCGAATA,0.547350780542001
TCGAATC,0.548761438466967
TCGAATG,0.555505033621723
TCGAATT,0.546691791883586
TCGACAA,0.549137278074351
TCGACAC,0.546974268771438
TCGACAG,0.543295830670659
TCGACAT,0.54904333141437
TCGACCA,0.547915282529121
TCGACCC,0.546880118674452
TCGACCG,0.54725666588863
TCGACCT,0.54272871422017
TCGACGA,0.547727150604803
TCGACGC,0.547068410005017
TCGACGG,0.555505033621723
TCGACGT,0.558022203443504
TCGACTA,0.54857346567922
TCGACTC,0.545843882145088
TCGACTG,0.558022203443504
TCGACTT,0.55671779523257
TCGAGAA,0.543768182153756
TCGAGAC,0.524216448977402
TCGAGAG,0.55653131222836
TCGAGAT,0.565073739667642
TCGAGCA,0.548009335220336
TCGAGCC,0.551108121874974
TCGAGCG,0.548479466033523
TCGAGCT,0.562296175616743
TCGAGGA,0.551576798448762
TCGAGGC,0.556997454550261
TCGAGGG,0.552138920543025
TCGAGGT,0.55615824185977
TCGAGTA,0.55569170808982
TCGAGTC,0.547727150604803
TCGAGTG,0.543579268333584
TCGAGTT,0.544523480752259
TCGATAA,0.548855411612337
TCGATAC,0.549606879030218
TCGATAG,0.549606879030218
TCGATAT,0.546032368672738
TCGATCA,0.558115310383227
TCGATCC,0.548009335220336
TCGATCG,0.548949375927585
TCGATCT,0.547633071368372
TCGATGA,0.556064952516456
TCGATGC,0.543484798038652
TCGATGG,0.546974268771438
TCGATGT,0.5449952528455
TCGATTA,0.548667456489815
TCGATTC,0.549231215909186
TCGATTG,0.54904333141437
TCGATTT,0.547821220991165
TCGCAAA,0.566274958996557
TCGCAAC,0.54725666588863
TCGCAAG,0.546315031867504
TCGCAAT,0.54857346567922
TCGCACA,0.544523480752259
TCGCACC,0.539888297596422
TCGCACG,0.557277035680483
TCGCACT,0.543579268333584
TCGCAGA,0.545655360083569
TCGCAGC,0.543295830670659
TCGCAGG,0.559975631021395
TCGCAGT,0.542161275966103
TCGCATA,0.545561085723422
TCGCATC,0.545183899381137
TCGCATG,0.558301498260002
TCGCATT,0.546785959712392
TCGCCAA,0.556438057683667
TCGCCAC,0.546691791883586
TCGCCAG,0.572901865319618
TCGCCAT,0.554103863244385
TCGCCCA,0.539793477953543
TCGCCCC,0.540362260996215
TCGCCCG,0.548009335220336
TCGCCCT,0.54112013549179
TCGCCGA,0.549325144920533
TCGCCGC,0.545183899381137
TCGCCGG,0.556251522500995
TCGCCGT,0.547727150604803
TCGCCTA,0.548291440230175
TCGCCTC,0.539983108249388
TCGCCTG,0.55129561886424
TCGCCTT,0.537705167906319
TCGCGAA,0.549606879030218
TCGCGAC,0.547727150604803
TCGCGAG,0.5457496255569
TCGCGAT,0.548667456489815
TCGCGCA,0.54904333141437
TCGCGCC,0.53950896506838
TCGCGCG,0.542539603909466
TCGCGCT,0.547444886338637
TCGCGGA,0.547538983280205
TCGCGGC,0.543106827587251
TCGCGGG,0.54149885745819
TCGCGGT,0.566921172238596
TCGCGTA,0.549606879030218
TCGCGTC,0.55615824185977
TCGCGTG,0.556344794441753
TCGCGTT,0.548385457551061
TCGCTAA,0.547633071368372
TCGCTAC,0.547821220991165
TCGCTAG,0.54857346567922
TCGCTAT,0.548855411612337
TCGCTCA,0.545278209305316
TCGCTCC,0.541782804836534
TCGCTCG,0.546220819679912
TCGCTCT,0.540835999861121
TCGCTGA,0.547068410005017
TCGCTGC,0.551670507410356
TCGCTGG,0.540551783474449
TCGCTGT,0.563222887771637
TCGCTTA,0.5481974140692
TCGCTTC,0.542255871371418
TCGCTTG,0.548385457551061
TCGCTTT,0.546503429619058
TCGGAAA,0.539983108249388
TCGGAAC,0.556904243467353
TCGGAAG,0.560254380864187
TCGGAAT,0.547727150604803
TCGGACA,0.545938129849809
TCGGACC,0.566182608720574
TCGGACG,0.547444886338637
TCGGACT,0.542539603909466
TCGGAGA,0.572351297384611
TCGGAGC,0.551014360195522
TCGGAGG,0.568949413794948
TCGGAGT,0.557090656945672
TCGGATA,0.548667456489815
TCGGATC,0.557835963553314
TCGGATG,0.543295830670659
TCGGATT,0.552045255467716
TCGGCAA,0.546691791883586
TCGGCAC,0.546315031867504
TCGGCAG,0.558487651477305
TCGGCAT,0.545372510335971
TCGGCCA,0.549700772764182
TCGGCCC,0.539034596968968
TCGGCCG,0.542161275966103
TCGGCCT,0.548103379066474
TCGGCGA,0.547821220991165
TCGGCGC,0.545843882145088
TCGGCGG,0.543862625682365
TCGGCGT,0.546880118674452
TCGGCTA,0.546032368672738
TCGGCTC,0.536183653109284
TCGGCTG,0.532751756886541
TCGGCTT,0.54112013549179
TCGGGAA,0.553262217674982
TCGGGAC,0.541404190412335
TCGGGAG,0.557929087834071
TCGGGAT,0.567013454336363
TCGGGCA,0.549794657682941
TCGGGCC,0.566090249915229
TCGGGCG,0.544712216298664
TCGGGCT,0.548385457551061
TCGGGGA,0.592792918716571
TCGGGGC,0.566459633966742
TCGGGGG,0.587292125618158
TCGGGGT,0.556251522500995
TCGGGTA,0.561090164486722
TCGGGTC,0.552607114367554
TCGGGTG,0.570605829778336
TCGGGTT,0.555785032257735
TCGGTAA,0.544712216298664
TCGGTAC,0.545938129849809
TCGGTAG,0.54857346567922
TCGGTAT,0.557649688971366
TCGGTCA,0.574460163675984
TCGGTCC,0.547162542376858
TCGGTCG,0.548009335220336
TCGGTCT,0.543768182153756
TCGGTGA,0.552794330537075
TCGGTGC,0.552138920543025
TCGGTGG,0.636173408712315
TCGGTGT,0.551108121874974
TCGGTTA,0.565073739667642
TCGGTTC,0.55569170808982
TCGGTTG,0.547915282529121
TCGGTTT,0.544145902762502
TCGTAAA,0.547915282529121
TCGTAAC,0.54857346567922
TCGTAAG,0.556904243467353
TCGTAAT,0.545561085723422
TCGTACA,0.547915282529121
TCGTACC,0.547350780542001
TCGTACG,0.549606879030218
TCGTACT,0.548761438466967
TCGTAGA,0.547538983280205
TCGTAGC,0.544900916230684
TCGTAGG,0.571524876705065
TCGTAGT,0.54904333141437
TCGTATA,0.557463379684734
TCGTATC,0.547444886338637
TCGTATG,0.547068410005017
TCGTATT,0.542917788774925
TCGTCAA,0.548667456489815
TCGTCAC,0.546409235179995
TCGTCAG,0.567843610220735
TCGTCAT,0.564703843239218
TCGTCCA,0.559882697137462
TCGTCCC,0.539983108249388
TCGTCCG,0.545843882145088
TCGTCCT,0.553355768838094
TCGTCGA,0.546880118674452
TCGTCGC,0.547444886338637
TCGTCGG,0.557742830599617
TCGTCGT,0.547068410005017
TCGTCTA,0.546126598615548
TCGTCTC,0.540646531245729
TCGTCTG,0.553075089089205
TCGTCTT,0.547821220991165
TCGTGAA,0.556064952516456
TCGTGAC,0.556251522500995
TCGTGAG,0.558487651477305
TCGTGAT,0.554103863244385
TCGTGCA,0.546409235179995
TCGTGCC,0.547162542376858
TCGTGCG,0.547727150604803
TCGTGCT,0.544051485985054
TCGTGGA,0.565905506710152
TCGTGGC,0.546880118674452
TCGTGGG,0.565628327892922
TCGTGGT,0.577752095449572
TCGTGTA,0.548291440230175
TCGTGTC,0.54149885745819
TCGTGTG,0.545561085723422
TCGTGTT,0.545655360083569
TCGTTAA,0.548855411612337
TCGTTAC,0.546032368672738
TCGTTAG,0.556904243467353
TCGTTAT,0.546880118674452
TCGTTCA,0.557742830599617
TCGTTCC,0.543106827587251
TCGTTCG,0.548855411612337
TCGTTCT,0.541593515543045
TCGTTGA,0.556997454550261
TCGTTGC,0.545561085723422
TCGTTGG,0.5446178529781
TCGTTGT,0.573818805468634
TCGTTTA,0.548479466033523
TCGTTTC,0.540172702592402
TCGTTTG,0.588828177320602
TCGTTTT,0.551670507410356
TCTAAAA,0.558394579200281
TCTAAAC,0.568304510323467
TCTAAAG,0.556904243467353
TCTAAAT,0.543673729704724
TCTAACA,0.536183653109284
TCTAACC,0.538560003737663
TCTAACG,0.546691791883586
TCTAACT,0.540077909914147
TCTAAGA,0.548009335220336
TCTAAGC,0.542255871371418
TCTAAGG,0.563778503122715
TCTAAGT,0.541025432584957
TCTAATA,0.540551783474449
TCTAATC,0.545655360083569
TCTAATG,0.562110730085728
TCTAATT,0.537705167906319
TCTACAA,0.529499671102218
TCTACAC,0.546315031867504
TCTACAG,0.557183850655207
TCTACAT,0.555785032257735
TCTACCA,0.539698649319047
TCTACCC,0.554477700685179
TCTACCG,0.54904333141437
TCTACCT,0.539034596968968
TCTACGA,0.54725666588863
TCTACGC,0.547727150604803
TCTACGG,0.554290799434086
TCTACGT,0.547444886338637
TCTACTA,0.505355005530709
TCTACTC,0.5481974140692
TCTACTG,0.544051485985054
TCTACTT,0.537039790018942
TCTAGAA,0.538180166913997
TCTAGAC,0.53950896506838
TCTAGAG,0.570329950913332
TCTAGAT,0.564426331099877
TCTAGCA,0.555878347717063
TCTAGCC,0.54904333141437
TCTAGCG,0.55569170808982
TCTAGCT,0.540646531245729
TCTAGGA,0.635915040553332
TCTAGGC,0.558115310383227
TCTAGGG,0.613353772186964
TCTAGGT,0.560533053027156
TCTAGTA,0.557183850655207
TCTAGTC,0.55129561886424
TCTAGTG,0.577112845752214
TCTAGTT,0.536564248895506
TCTATAA,0.542066671611651
TCTATAC,0.55653131222836
TCTATAG,0.537420060164427
TCTATAT,0.544334709578022
TCTATCA,0.54904333141437
TCTATCC,0.542066671611651
TCTATCG,0.549231215909186
TCTATCT,0.538085185160671
TCTATGA,0.5457496255569
TCTATGC,0.553262217674982
TCTATGG,0.556251522500995
TCTATGT,0.5789381903994
TCTATTA,0.538275139646646
TCTATTC,0.54442909961946
TCTATTG,0.540267486285857
TCTATTT,0.548009335220336
TCTCAAA,0.536754492482464
TCTCAAC,0.539793477953543
TCTCAAG,0.551670507410356
TCTCAAT,0.544145902762502
TCTCACA,0.561646965745918
TCTCACC,0.535326782601112
TCTCACG,0.548103379066474
TCTCACT,0.546126598615548
TCTCAGA,0.588015267398284
TCTCAGC,0.553168657759232
TCTCAGG,0.534183145261708
TCTCAGT,0.570789706747883
TCTCATA,0.549700772764182
TCTCATC,0.528445257312866
TCTCATG,0.524409055989417
TCTCATT,0.521226286684663
TCTCCAA,0.53313366083207
TCTCCAC,0.549419065110049
TCTCCAG,0.522288335741801
TCTCCAT,0.526525288298647
TCTCCCA,0.518614646844287
TCTCCCC,0.51502461905575
TCTCCCG,0.533038198518314
TCTCCCT,0.517160783195137
TCTCCGA,0.562296175616743
TCTCCGC,0.544523480752259
TCTCCGG,0.540362260996215
TCTCCGT,0.570973549912905
TCTCCTA,0.538180166913997
TCTCCTC,0.565535917878306
TCTCCTG,0.519098798724311
TCTCCTT,0.5457496255569
TCTCGAA,0.538560003737663
TCTCGAC,0.557183850655207
TCTCGAG,0.545843882145088
TCTCGAT,0.545183899381137
TCTCGCA,0.542445035341407
TCTCGCC,0.555411683318289
TCTCGCG,0.54857346567922
TCTCGCT,0.543673729704724
TCTCGGA,0.549606879030218
TCTCGGC,0.542445035341407
TCTCGGG,0.581942743741145
TCTCGGT,0.544900916230684
TCTCGTA,0.547821220991165
TCTCGTC,0.541593515543045
TCTCGTG,0.552138920543025
TCTCGTT,0.5457496255569
TCTCTAA,0.540551783474449
TCTCTAC,0.484729252853461
TCTCTAG,0.540362260996215
TCTCTAT,0.533801641984602
TCTCTCA,0.583305471255402
TCTCTCC,0.532178627358997
TCTCTCG,0.552419863141576
TCTCTCT,0.506924119732329
TCTCTGA,0.566367300744755
TCTCTGC,0.572993597178838
TCTCTGG,0.602013007650569
TCTCTGT,0.569041508920624
TCTCTTA,0.5457496255569
TCTCTTC,0.525275328756933
TCTCTTG,0.563778503122715
TCTCTTT,0.56034728021413
TCTGAAA,0.526621374348979
TCTGAAC,0.557929087834071
TCTGAAG,0.644320730486202
TCTGAAT,0.543957060292236
TCTGACA,0.565813122307268
TCTGACC,0.565535917878306
TCTGACG,0.544523480752259
TCTGACT,0.540362260996215
TCTGAGA,0.564148741926171
TCTGAGC,0.605304433766909
TCTGAGG,0.837574408553889
TCTGAGT,0.566182608720574
TCTGATA,0.576107484164017
TCTGATC,0.550170109239016
TCTGATG,0.588015267398284
TCTGATT,0.552045255467716
TCTGCAA,0.546597615186365
TCTGCAC,0.529978582810452
TCTGCAG,0.529308042180667
TCTGCAT,0.556438057683667
TCTGCCA,0.566736582491177
TCTGCCC,0.567382497591141
TCTGCCG,0.544712216298664
TCTGCCT,0.564056195075461
TCTGCGA,0.564148741926171
TCTGCGC,0.538654940404733
TCTGCGG,0.559045903301358
TCTGCGT,0.567013454336363
TCTGCTA,0.564056195075461
TCTGCTC,0.543768182153756
TCTGCTG,0.535136267181628
TCTGCTT,0.545372510335971
TCTGGAA,0.616081125471385
TCTGGAC,0.533229114033644
TCTGGAG,0.625438153737168
TCTGGAT,0.546691791883586
TCTGGCA,0.602725585880897
TCTGGCC,0.609027565736188
TCTGGCG,0.552981511663262
TCTGGCT,0.568580948453684
TCTGGGA,0.628566730800037
TCTGGGC,0.613353772186964
TCTGGGG,0.647390875950011
TCTGGGT,0.793678800537622
TCTGGTA,0.658483906194019
TCTGGTC,0.582760603072593
TCTGGTG,0.605215618598325
TCTGGTT,0.604593691452348
TCTGTAA,0.535612487692387
TCTGTAC,0.550170109239016
TCTGTAG,0.559045903301358
TCTGTAT,0.561646965745918
TCTGTCA,0.701664957092638
TCTGTCC,0.61397027666616
TCTGTCG,0.561368603869775
TCTGTCT,0.534755127419697
TCTGTGA,0.567566968158746
TCTGTGC,0.547068410005017
TCTGTGG,0.598174175817186
TCTGTGT,0.579667396351631
TCTGTTA,0.561646965745918
TCTGTTC,0.580851223089715
TCTGTTG,0.611148862598187
TCTGTTT,0.553449311250204
TCTTAAA,0.549325144920533
TCTTAAC,0.558301498260002
TCTTAAG,0.549700772764182
TCTTAAT,0.545466802474781
TCTTACA,0.551389354177351
TCTTACC,0.570513878612981
TCTTACG,0.546126598615548
TCTTACT,0.541688164668594
TCTTAGA,0.553075089089205
TCTTAGC,0.556064952516456
TCTTAGG,0.538085185160671
TCTTAGT,0.547162542376858
TCTTATA,0.566828881624059
TCTTATC,0.562110730085728
TCTTATG,0.539034596968968
TCTTATT,0.525275328756933
TCTTCAA,0.540835999861121
TCTTCAC,0.540172702592402
TCTTCAG,0.5446178529781
TCTTCAT,0.538939696340096
TCTTCCA,0.581760906349821
TCTTCCC,0.533992411816249
TCTTCCG,0.546409235179995
TCTTCCT,0.519776217800569
TCTTCGA,0.5481974140692
TCTTCGC,0.541214829430832
TCTTCGG,0.545278209305316
TCTTCGT,0.537515105110502
TCTTCTA,0.59539747557944
TCTTCTC,0.546691791883586
TCTTCTG,0.547444886338637
TCTTCTT,0.548761438466967
TCTTGAA,0.535898111179577
TCTTGAC,0.575375676724759
TCTTGAG,0.54112013549179
TCTTGAT,0.535898111179577
TCTTGCA,0.5233492580473
TCTTGCC,0.563315511770882
TCTTGCG,0.548479466033523
TCTTGCT,0.513857512417047
TCTTGGA,0.557463379684734
TCTTGGC,0.623783005646394
TCTTGGG,0.565351072226294
TCTTGGT,0.598800107023266
TCTTGTA,0.572167707357876
TCTTGTC,0.548949375927585
TCTTGTG,0.541214829430832
TCTTGTT,0.570881632555183
TCTTTAA,0.535326782601112
TCTTTAC,0.538654940404733
TCTTTAG,0.54904333141437
TCTTTAT,0.561554187063086
TCTTTCA,0.576564592007744
TCTTTCC,0.524986654540679
TCTTTCG,0.543106827587251
TCTTTCT,0.501913960251169
TCTTTGA,0.5233492580473
TCTTTGC,0.539319244830773
TCTTTGG,0.580851223089715
TCTTTGT,0.545278209305316
TCTTTTA,0.555411683318289
TCTTTTC,0.527101666161474
TCTTTTG,0.541404190412335
TCTTTTT,0.481316909831947
TGAAAAA,0.541688164668594
TGAAAAC,0.55223257684601
TGAAAAG,0.570605829778336
TGAAAAT,0.523156446782876
TGAAACA,0.557183850655207
TGAAACC,0.502898324883146
TGAAACG,0.552794330537075
TGAAACT,0.555785032257735
TGAAAGA,0.563778503122715
TGAAAGC,0.550170109239016
TGAAAGG,0.550263950106564
TGAAAGT,0.553542844912949
TGAAATA,0.537990194384955
TGAAATC,0.556438057683667
TGAAATG,0.630560431718163
TGAAATT,0.544051485985054
TGAACAA,0.610530615709903
TGAACAC,0.533229114033644
TGAACAG,0.539698649319047
TGAACAT,0.543579268333584
TGAACCA,0.54904333141437
TGAACCC,0.51677272897283
TGAACCG,0.556438057683667
TGAACCT,0.556624558077454
TGAACGA,0.5457496255569
TGAACGC,0.543579268333584
TGAACGG,0.548103379066474
TGAACGT,0.543673729704724
TGAACTA,0.567474737128617
TGAACTC,0.55569170808982
TGAACTG,0.610530615709903
TGAACTT,0.531031381929243
TGAAGAA,0.577204192160145
TGAAGAC,0.568212347295667
TGAAGAG,0.675517194329923
TGAAGAT,0.598889493792723
TGAAGCA,0.521902266578458
TGAAGCC,0.537134871112927
TGAAGCG,0.54442909961946
TGAAGCT,0.571892259104866
TGAAGGA,0.636001170690329
TGAAGGC,0.567751404703236
TGAAGGG,0.633931997156861
TGAAGGT,0.589640426957095
TGAAGTA,0.547350780542001
TGAAGTC,0.545843882145088
TGAAGTG,0.586115903761323
TGAAGTT,0.574368566255191
TGAATAA,0.543106827587251
TGAATAC,0.561554187063086
TGAATAG,0.558766816344968
TGAATAT,0.546315031867504
TGAATCA,0.549982401081462
TGAATCC,0.531413943332472
TGAATCG,0.556344794441753
TGAATCT,0.542350457829289
TGAATGA,0.546032368672738
TGAATGC,0.564703843239218
TGAATGG,0.574551752707457
TGAATGT,0.534564503049566
TGAATTA,0.555318324299763
TGAATTC,0.56940980463163
TGAATTG,0.544334709578022
TGAATTT,0.567474737128617
TGACAAA,0.541688164668594
TGACAAC,0.537515105110502
TGACAAG,0.580578156666248
TGACAAT,0.570697772489452
TGACACA,0.538180166913997
TGACACC,0.559417898123035
TGACACG,0.565443499323289
TGACACT,0.534659819776838
TGACAGA,0.564056195075461
TGACAGC,0.562944964287544
TGACAGG,0.591533114346221
TGACAGT,0.563222887771637
TGACATA,0.548103379066474
TGACATC,0.561832497291923
TGACATG,0.569225673731343
TGACATT,0.542161275966103
TGACCAA,0.54272871422017
TGACCAC,0.557370212023119
TGACCAG,0.553916892103012
TGACCAT,0.593062670433868
TGACCCA,0.555878347717063
TGACCCC,0.572351297384611
TGACCCG,0.55671779523257
TGACCCT,0.578573387923303
TGACCGA,0.545561085723422
TGACCGC,0.552794330537075
TGACCGG,0.564148741926171
TGACCGT,0.556904243467353
TGACCTA,0.56368592199964
TGACCTC,0.55671779523257
TGACCTG,0.535898111179577
TGACCTT,0.553168657759232
TGACGAA,0.562388885487578
TGACGAC,0.543768182153756
TGACGAG,0.546691791883586
TGACGAT,0.567013454336363
TGACGCA,0.544806570715632
TGACGCC,0.547444886338637
TGACGCG,0.546880118674452
TGACGCT,0.553075089089205
TGACGGA,0.550920589723994
TGACGGC,0.550920589723994
TGACGGG,0.55932491238995
TGACGGT,0.589369750377143
TGACGTA,0.566090249915229
TGACGTC,0.541025432584957
TGACGTG,0.551670507410356
TGACGTT,0.552513493137443
TGACTAA,0.543673729704724
TGACTAC,0.565073739667642
TGACTAG,0.564148741926171
TGACTAT,0.546032368672738
TGACTCA,0.546503429619058
TGACTCC,0.562203457149991
TGACTCG,0.557463379684734
TGACTCT,0.543673729704724
TGACTGA,0.601210749731401
TGACTGC,0.561832497291923
TGACTGG,0.56959390163397
TGACTGT,0.565535917878306
TGACTTA,0.562017994422359
TGACTTC,0.548009335220336
TGACTTG,0.572351297384611
TGACTTT,0.545655360083569
TGAGAAA,0.582397192613382
TGAGAAC,0.538844786704239
TGAGAAG,0.64892242122888
TGAGAAT,0.603526629917037
TGAGACA,0.567751404703236
TGAGACC,0.550076259564533
TGAGACG,0.578664601019415
TGAGACT,0.544145902762502
TGAGAGA,0.622037779831262
TGAGAGC,0.592972761279637
TGAGAGG,0.655785495145937
TGAGAGT,0.601567388267929
TGAGATA,0.534373842334858
TGAGATC,0.555598375211691
TGAGATG,0.653164447383118
TGAGATT,0.536278815636684
TGAGCAA,0.578847002255946
TGAGCAC,0.530840046331167
TGAGCAG,0.611237152388108
TGAGCAT,0.553729885996893
TGAGCCA,0.568857310186979
TGAGCCC,0.543390318818239
TGAGCCG,0.517936440173479
TGAGCCT,0.58148808825123
TGAGCGA,0.556997454550261
TGAGCGC,0.534183145261708
TGAGCGG,0.556064952516456
TGAGCGT,0.546974268771438
TGAGCTA,0.574826469481327
TGAGCTC,0.587292125618158
TGAGCTG,0.584938296777256
TGAGCTT,0.570421918991831
TGAGGAA,0.631945013484246
TGAGGAC,0.610618960099178
TGAGGAG,0.838770552499613
TGAGGAT,0.830650953010614
TGAGGCA,0.56793580723716
TGAGGCC,0.53504099585911
TGAGGCG,0.558301498260002
TGAGGCT,0.556904243467353
TGAGGGA,0.637980119121337
TGAGGGC,0.612207825949477
TGAGGGG,0.64021248560971
TGAGGGT,0.63263658613024
TGAGGTA,0.566828881624059
TGAGGTC,0.565351072226294
TGAGGTG,0.648327098980118
TGAGGTT,0.59763735134537
TGAGTAA,0.543768182153756
TGAGTAC,0.537515105110502
TGAGTAG,0.551951581618439
TGAGTAT,0.631252962234519
TGAGTCA,0.55223257684601
TGAGTCC,0.562759639043613
TGAGTCG,0.543579268333584
TGAGTCT,0.568396664858027
TGAGTGA,0.604949125753957
TGAGTGC,0.544240310626264
TGAGTGG,0.700050600332209
TGAGTGT,0.564518843703587
TGAGTTA,0.571065458822604
TGAGTTC,0.559696803455463
TGAGTTG,0.55978975461602
TGAGTTT,0.600497090858251
TGATAAA,0.558487651477305
TGATAAC,0.545561085723422
TGATAAG,0.551670507410356
TGATAAT,0.554103863244385
TGATACA,0.572718376353117
TGATACC,0.557649688971366
TGATACG,0.547538983280205
TGATACT,0.558580715092686
TGATAGA,0.555131580110922
TGATAGC,0.556624558077454
TGATAGG,0.591983226693751
TGATAGT,0.54112013549179
TGATATA,0.542539603909466
TGATATC,0.552887925479765
TGATATG,0.558673770048037
TGATATT,0.556064952516456
TGATCAA,0.563500734035728
TGATCAC,0.54857346567922
TGATCAG,0.541877436048561
TGATCAT,0.543390318818239
TGATCCA,0.531413943332472
TGATCCC,0.541309514403781
TGATCCG,0.555131580110922
TGATCCT,0.581669975253342
TGATCGA,0.549325144920533
TGATCGC,0.547915282529121
TGATCGG,0.555505033621723
TGATCGT,0.559975631021395
TGATCTA,0.560811647553586
TGATCTC,0.536754492482464
TGATCTG,0.551951581618439
TGATCTT,0.5449952528455
TGATGAA,0.569225673731343
TGATGAC,0.573818805468634
TGATGAG,0.601923899658756
TGATGAT,0.603437656705036
TGATGCA,0.550451605427465
TGATGCC,0.558487651477305
TGATGCG,0.538085185160671
TGATGCT,0.610088776654629
TGATGGA,0.571616734959211
TGATGGC,0.592163214919764
TGATGGG,0.63918278182603
TGATGGT,0.675765531754
TGATGTA,0.577386859947319
TGATGTC,0.550826810458739
TGATGTG,0.619501779968538
TGATGTT,0.561182986228949
TGATTAA,0.535612487692387
TGATTAC,0.545466802474781
TGATTAG,0.551951581618439
TGATTAT,0.560254380864187
TGATTCA,0.55615824185977
TGATTCC,0.546409235179995
TGATTCG,0.545938129849809
TGATTCT,0.533992411816249
TGATTGA,0.571524876705065
TGATTGC,0.543295830670659
TGATTGG,0.552513493137443
TGATTGT,0.597189777375866
TGATTTA,0.539129488592566
TGATTTC,0.560997334127819
TGATTTG,0.553262217674982
TGATTTT,0.526236974740055
TGCAAAA,0.559696803455463
TGCAAAC,0.575375676724759
TGCAAAG,0.549606879030218
TGCAAAT,0.549419065110049
TGCAACA,0.576930127900041
TGCAACC,0.531891939369096
TGCAACG,0.555505033621723
TGCAACT,0.544334709578022
TGCAAGA,0.531413943332472
TGCAAGC,0.558952882970019
TGCAAGG,0.563593332304507
TGCAAGT,0.566921172238596
TGCAATA,0.551951581618439
TGCAATC,0.540551783474449
TGCAATG,0.535517261731385
TGCAATT,0.547444886338637
TGCACAA,0.5457496255569
TGCACAC,0.550826810458739
TGCACAG,0.554571138212828
TGCACAT,0.548855411612337
TGCACCA,0.55223257684601
TGCACCC,0.515996168477591
TGCACCG,0.555598375211691
TGCACCT,0.538844786704239
TGCACGA,0.5457496255569
TGCACGC,0.527197696848549
TGCACGG,0.547633071368372
TGCACGT,0.557277035680483
TGCACTA,0.558952882970019
TGCACTC,0.500336958592886
TGCACTG,0.531509560819961
TGCACTT,0.550357782168829
TGCAGAA,0.558208408654855
TGCAGAC,0.570237974375928
TGCAGAG,0.590271720866641
TGCAGAT,0.583668551846398
TGCAGCA,0.590632281391437
TGCAGCC,0.534850425979874
TGCAGCG,0.540551783474449
TGCAGCT,0.54725666588863
TGCAGGA,0.615993262339425
TGCAGGC,0.595038629415996
TGCAGGG,0.65214800102365
TGCAGGT,0.659998568668776
TGCAGTA,0.559603843654184
TGCAGTC,0.545089580561758
TGCAGTG,0.533801641984602
TGCAGTT,0.552887925479765
TGCATAA,0.544523480752259
TGCATAC,0.538275139646646
TGCATAG,0.550639225540454
TGCATAT,0.540930720708634
TGCATCA,0.574002092648085
TGCATCC,0.543295830670659
TGCATCG,0.55615824185977
TGCATCT,0.565720729368717
TGCATGA,0.570881632555183
TGCATGC,0.52286716016297
TGCATGG,0.566090249915229
TGCATGT,0.554851398423765
TGCATTA,0.554010382043475
TGCATTC,0.558952882970019
TGCATTG,0.558115310383227
TGCATTT,0.561182986228949
TGCCAAA,0.54149885745819
TGCCAAC,0.540457026725178
TGCCAAG,0.583759301399837
TGCCAAT,0.551389354177351
TGCCACA,0.527005626251621
TGCCACC,0.544051485985054
TGCCACG,0.559603843654184
TGCCACT,0.58638746239603
TGCCAGA,0.540362260996215
TGCCAGC,0.588466965602365
TGCCAGG,0.599336307829353
TGCCAGT,0.538180166913997
TGCCATA,0.55129561886424
TGCCATC,0.570329950913332
TGCCATG,0.549700772764182
TGCCATT,0.551389354177351
TGCCCAA,0.540835999861121
TGCCCAC,0.519485951528923
TGCCCAG,0.569041508920624
TGCCCAT,0.535517261731385
TGCCCCA,0.537134871112927
TGCCCCC,0.529595471794136
TGCCCCG,0.561925250158289
TGCCCCT,0.512689042048665
TGCCCGA,0.545372510335971
TGCCCGC,0.55223257684601
TGCCCGG,0.541025432584957
TGCCCGT,0.551483080704976
TGCCCTA,0.540835999861121
TGCCCTC,0.555505033621723
TGCCCTG,0.558301498260002
TGCCCTT,0.522191832423447
TGCCGAA,0.553916892103012
TGCCGAC,0.543390318818239
TGCCGAG,0.539603811691228
TGCCGAT,0.553823393421363
TGCCGCA,0.552794330537075
TGCCGCC,0.558673770048037
TGCCGCG,0.542634163535157
TGCCGCT,0.557183850655207
TGCCGGA,0.546785959712392
TGCCGGC,0.531222680925011
TGCCGGG,0.533992411816249
TGCCGGT,0.545089580561758
TGCCGTA,0.54725666588863
TGCCGTC,0.546974268771438
TGCCGTG,0.544051485985054
TGCCGTT,0.539414109448797
TGCCTAA,0.538749868059688
TGCCTAC,0.531222680925011
TGCCTAG,0.562203457149991
TGCCTAT,0.54074127004072
TGCCTCA,0.509175416602494
TGCCTCC,0.512591607860788
TGCCTCG,0.533610835752882
TGCCTCT,0.521709176088872
TGCCTGA,0.591623153025276
TGCCTGC,0.525082888538928
TGCCTGG,0.59405113797659
TGCCTGT,0.527197696848549
TGCCTTA,0.553729885996893
TGCCTTC,0.587653761874973
TGCCTTG,0.553823393421363
TGCCTTT,0.534373842334858
TGCGAAA,0.557742830599617
TGCGAAC,0.5481974140692
TGCGAAG,0.553542844912949
TGCGAAT,0.54725666588863
TGCGACA,0.568212347295667
TGCGACC,0.541877436048561
TGCGACG,0.546974268771438
TGCGACT,0.54442909961946
TGCGAGA,0.565073739667642
TGCGAGC,0.551764207591403
TGCGAGG,0.606103415517669
TGCGAGT,0.561182986228949
TGCGATA,0.557463379684734
TGCGATC,0.546691791883586
TGCGATG,0.554010382043475
TGCGATT,0.545372510335971
TGCGCAA,0.546785959712392
TGCGCAC,0.542539603909466
TGCGCAG,0.535612487692387
TGCGCAT,0.542634163535157
TGCGCCA,0.537990194384955
TGCGCCC,0.551576798448762
TGCGCCG,0.537990194384955
TGCGCCT,0.538180166913997
TGCGCGA,0.554851398423765
TGCGCGC,0.552045255467716
TGCGCGG,0.54272871422017
TGCGCGT,0.546315031867504
TGCGCTA,0.548009335220336
TGCGCTC,0.543957060292236
TGCGCTG,0.541214829430832
TGCGCTT,0.546503429619058
TGCGGAA,0.559882697137462
TGCGGAC,0.544240310626264
TGCGGAG,0.546315031867504
TGCGGAT,0.555224956564517
TGCGGCA,0.557370212023119
TGCGGCC,0.554851398423765
TGCGGCG,0.541877436048561
TGCGGCT,0.547727150604803
TGCGGGA,0.541214829430832
TGCGGGC,0.55223257684601
TGCGGGG,0.585663142096744
TGCGGGT,0.528445257312866
TGCGGTA,0.556438057683667
TGCGGTC,0.551201874763997
TGCGGTG,0.550076259564533
TGCGGTT,0.540930720708634
TGCGTAA,0.556064952516456
TGCGTAC,0.548667456489815
TGCGTAG,0.557370212023119
TGCGTAT,0.556251522500995
TGCGTCA,0.545089580561758
TGCGTCC,0.550263950106564
TGCGTCG,0.546974268771438
TGCGTCT,0.557649688971366
TGCGTGA,0.58221543784659
TGCGTGC,0.577569494373067
TGCGTGG,0.586658947306664
TGCGTGT,0.538085185160671
TGCGTTA,0.545938129849809
TGCGTTC,0.542539603909466
TGCGTTG,0.552513493137443
TGCGTTT,0.555224956564517
TGCTAAA,0.546409235179995
TGCTAAC,0.552326224378313
TGCTAAG,0.565905506710152
TGCTAAT,0.538275139646646
TGCTACA,0.567843610220735
TGCTACC,0.551014360195522
TGCTACG,0.549231215909186
TGCTACT,0.555318324299763
TGCTAGA,0.538560003737663
TGCTAGC,0.540457026725178
TGCTAGG,0.592702985304829
TGCTAGT,0.553449311250204
TGCTATA,0.545938129849809
TGCTATC,0.558394579200281
TGCTATG,0.561368603869775
TGCTATT,0.549419065110049
TGCTCAA,0.560718791335055
TGCTCAC,0.564703843239218
TGCTCAG,0.562388885487578
TGCTCAT,0.541593515543045
TGCTCCA,0.534945715459102
TGCTCCC,0.527197696848549
TGCTCCG,0.539793477953543
TGCTCCT,0.529212213947515
TGCTCGA,0.555224956564517
TGCTCGC,0.545466802474781
TGCTCGG,0.549700772764182
TGCTCGT,0.553729885996893
TGCTCTA,0.582306319359336
TGCTCTC,0.535802912414756
TGCTCTG,0.534087783086384
TGCTCTT,0.545655360083569
TGCTGAA,0.575284163128061
TGCTGAC,0.552326224378313
TGCTGAG,0.592163214919764
TGCTGAT,0.559138914980721
TGCTGCA,0.598263618551622
TGCTGCC,0.542823255966196
TGCTGCG,0.53950896506838
TGCTGCT,0.556904243467353
TGCTGGA,0.570053995918177
TGCTGGC,0.516481589452018
TGCTGGG,0.675848297192476
TGCTGGT,0.58530078511209
TGCTGTA,0.535612487692387
TGCTGTC,0.523542032142707
TGCTGTG,0.611678484449248
TGCTGTT,0.588286310803747
TGCTTAA,0.540930720708634
TGCTTAC,0.538749868059688
TGCTTAG,0.553168657759232
TGCTTAT,0.545372510335971
TGCTTCA,0.542161275966103
TGCTTCC,0.530552974274079
TGCTTCG,0.540835999861121
TGCTTCT,0.586115903761323
TGCTTGA,0.531413943332472
TGCTTGC,0.545843882145088
TGCTTGG,0.574093723641528
TGCTTGT,0.546032368672738
TGCTTTA,0.52286716016297
TGCTTTC,0.541214829430832
TGCTTTG,0.574826469481327
TGCTTTT,0.533324558124773
TGGAAAA,0.646879839161849
TGGAAAC,0.554103863244385
TGGAAAG,0.612119621822318
TGGAAAT,0.603259686528815
TGGAACA,0.578299698705366
TGGAACC,0.534469177236151
TGGAACG,0.550451605427465
TGGAACT,0.534278498343954
TGGAAGA,0.62482868101376
TGGAAGC,0.607699466450148
TGGAAGG,0.577021490999354
TGGAAGT,0.599693615371493
TGGAATA,0.580305015657142
TGGAATC,0.571341134879079
TGGAATG,0.594769410262448
TGGAATT,0.60414922084509
TGGACAA,0.539224371212598
TGGACAC,0.548949375927585
TGGACAG,0.564888808556351
TGGACAT,0.548855411612337
TGGACCA,0.565166192400051
TGGACCC,0.560625926493445
TGGACCG,0.560904495150641
TGGACCT,0.55129561886424
TGGACGA,0.552981511663262
TGGACGC,0.55223257684601
TGGACGG,0.572901865319618
TGGACGT,0.536659375213063
TGGACTA,0.540835999861121
TGGACTC,0.546974268771438
TGGACTG,0.599604300454184
TGGACTT,0.557556538666944
TGGAGAA,0.605215618598325
TGGAGAC,0.585663142096744
TGGAGAG,0.61643250082027
TGGAGAT,0.593332349404799
TGGAGCA,0.560068556269423
TGGAGCC,0.58521017534618
TGGAGCG,0.559510875210577
TGGAGCT,0.601210749731401
TGGAGGA,0.590542153447371
TGGAGGC,0.62943404573074
TGGAGGG,0.696651944313013
TGGAGGT,0.614586401301746
TGGAGTA,0.559603843654184
TGGAGTC,0.579029370228334
TGGAGTG,0.62195043853672
TGGAGTT,0.606724404724933
TGGATAA,0.55653131222836
TGGATAC,0.540930720708634
TGGATAG,0.570237974375928
TGGATAT,0.557649688971366
TGGATCA,0.534659819776838
TGGATCC,0.54149885745819
TGGATCG,0.542823255966196
TGGATCT,0.575192641155858
TGGATGA,0.5789381903994
TGGATGC,0.552045255467716
TGGATGG,0.59360195566859
TGGATGT,0.536944699883683
TGGATTA,0.566921172238596
TGGATTC,0.524890411280556
TGGATTG,0.583577794056731
TGGATTT,0.597010691682709
TGGCAAA,0.525563919664432
TGGCAAC,0.54442909961946
TGGCAAG,0.556064952516456
TGGCAAT,0.529308042180667
TGGCACA,0.565166192400051
TGGCACC,0.604682561872221
TGGCACG,0.547915282529121
TGGCACT,0.603704552595862
TGGCAGA,0.618450516592892
TGGCAGC,0.598800107023266
TGGCAGG,0.673777103412912
TGGCAGT,0.588918459867294
TGGCATA,0.567843610220735
TGGCATC,0.565628327892922
TGGCATG,0.574093723641528
TGGCATT,0.639354472771402
TGGCCAA,0.559045903301358
TGGCCAC,0.540267486285857
TGGCCAG,0.6005863260752
TGGCCAT,0.558673770048037
TGGCCCA,0.556251522500995
TGGCCCC,0.557556538666944
TGGCCCG,0.533992411816249
TGGCCCT,0.58711125843513
TGGCCGA,0.56802799575408
TGGCCGC,0.536469113528072
TGGCCGG,0.546597615186365
TGGCCGT,0.585934823693924
TGGCCTA,0.56034728021413
TGGCCTC,0.591443067559472
TGGCCTG,0.581033225955672
TGGCCTT,0.571341134879079
TGGCGAA,0.559603843654184
TGGCGAC,0.553916892103012
TGGCGAG,0.555785032257735
TGGCGAT,0.553729885996893
TGGCGCA,0.545372510335971
TGGCGCC,0.549794657682941
TGGCGCG,0.539983108249388
TGGCGCT,0.538275139646646
TGGCGGA,0.56931774341951
TGGCGGC,0.552138920543025
TGGCGGG,0.549325144920533
TGGCGGT,0.570697772489452
TGGCGTA,0.546126598615548
TGGCGTC,0.557370212023119
TGGCGTG,0.561368603869775
TGGCGTT,0.569225673731343
TGGCTAA,0.534183145261708
TGGCTAC,0.538085185160671
TGGCTAG,0.556904243467353
TGGCTAT,0.547821220991165
TGGCTCA,0.55475798708049
TGGCTCC,0.564981278386936
TGGCTCG,0.551951581618439
TGGCTCT,0.568488810900911
TGGCTGA,0.59450011861043
TGGCTGC,0.547444886338637
TGGCTGG,0.656376395069331
TGGCTGT,0.584575676996979
TGGCTTA,0.560718791335055
TGGCTTC,0.543106827587251
TGGCTTG,0.567013454336363
TGGCTTT,0.578664601019415
TGGGAAA,0.605570831953662
TGGGAAC,0.567105727918929
TGGGAAG,0.715600971349693
TGGGAAT,0.636517795784018
TGGGACA,0.588105623363076
TGGGACC,0.533515418982654
TGGGACG,0.536088481525116
TGGGACT,0.58285143505565
TGGGAGA,0.683104960992792
TGGGAGC,0.677997797711428
TGGGAGG,0.789476908630608
TGGGAGT,0.618801060527411
TGGGATA,0.567197992987867
TGGGATC,0.614322394367935
TGGGATG,0.619501779968538
TGGGATT,0.553168657759232
TGGGCAA,0.568949413794948
TGGGCAC,0.558673770048037
TGGGCAG,0.651724176591037
TGGGCAT,0.585119557369397
TGGGCCA,0.527101666161474
TGGGCCC,0.582669762838337
TGGGCCG,0.563130255192393
TGGGCCT,0.574734905608592
TGGGCGA,0.534373842334858
TGGGCGC,0.528637051624434
TGGGCGG,0.594769410262448
TGGGCGT,0.529212213947515
TGGGCTA,0.544712216298664
TGGGCTC,0.571433010012205
TGGGCTG,0.66344009282793
TGGGCTT,0.574460163675984
TGGGGAA,0.649347434526239
TGGGGAC,0.587834530972409
TGGGGAG,0.835601164805173
TGGGGAT,0.635915040553332
TGGGGCA,0.662350159658351
TGGGGCC,0.599246960992022
TGGGGCG,0.574460163675984
TGGGGCT,0.638925190124479
TGGGGGA,0.681789478345047
TGGGGGC,0.587292125618158
TGGGGGG,0.643893574936704
TGGGGGT,0.721073988124176
TGGGGTA,0.595487167003509
TGGGGTC,0.618801060527411
TGGGGTG,0.708817409238197
TGGGGTT,0.609027565736188
TGGGTAA,0.620464468178073
TGGGTAC,0.588105623363076
TGGGTAG,0.637206214324154
TGGGTAT,0.539129488592566
TGGGTCA,0.55932491238995
TGGGTCC,0.542917788774925
TGGGTCG,0.583396253762729
TGGGTCT,0.806324855468793
TGGGTGA,0.64551579623893
TGGGTGC,0.604860279021623
TGGGTGG,0.721548490061095
TGGGTGT,0.67923579568929
TGGGTTA,0.586025367826372
TGGGTTC,0.572810125044892
TGGGTTG,0.651554596509597
TGGGTTT,0.640555484719008
TGGTAAA,0.560068556269423
TGGTAAC,0.567105727918929
TGGTAAG,0.632031486225057
TGGTAAT,0.592613043804341
TGGTACA,0.669788345734051
TGGTACC,0.551483080704976
TGGTACG,0.546315031867504
TGGTACT,0.537420060164427
TGGTAGA,0.604238130772276
TGGTAGC,0.541782804836534
TGGTAGG,0.620639402871362
TGGTAGT,0.587292125618158
TGGTATA,0.551764207591403
TGGTATC,0.552887925479765
TGGTATG,0.606103415517669
TGGTATT,0.59072240121319
TGGTCAA,0.546220819679912
TGGTCAC,0.56812017577306
TGGTCAG,0.595576850383748
TGGTCAT,0.594320550546203
TGGTCCA,0.550170109239016
TGGTCCC,0.549982401081462
TGGTCCG,0.587834530972409
TGGTCCT,0.549419065110049
TGGTCGA,0.560440170934585
TGGTCGC,0.55615824185977
TGGTCGG,0.540646531245729
TGGTCGT,0.555224956564517
TGGTCTA,0.561925250158289
TGGTCTC,0.551951581618439
TGGTCTG,0.622648955388236
TGGTCTT,0.58548198001724
TGGTGAA,0.557183850655207
TGGTGAC,0.571249251304139
TGGTGAG,0.634018298255744
TGGTGAT,0.657557148458437
TGGTGCA,0.605126795540906
TGGTGCC,0.583668551846398
TGGTGCG,0.560811647553586
TGGTGCT,0.596294028020815
TGGTGGA,0.628566730800037
TGGTGGC,0.636776008277264
TGGTGGG,0.683433561442681
TGGTGGT,0.799034513258044
TGGTGTA,0.605393241048059
TGGTGTC,0.655532145395965
TGGTGTG,0.670454244534276
TGGTGTT,0.675517194329923
TGGTTAA,0.583396253762729
TGGTTAC,0.543768182153756
TGGTTAG,0.559417898123035
TGGTTAT,0.573452130296366
TGGTTCA,0.544334709578022
TGGTTCC,0.534278498343954
TGGTTCG,0.553449311250204
TGGTTCT,0.607167732464505
TGGTTGA,0.572075899703475
TGGTTGC,0.590361873186438
TGGTTGG,0.654433554167379
TGGTTGT,0.617047110750531
TGGTTTA,0.566921172238596
TGGTTTC,0.612119621822318
TGGTTTG,0.612648729923478
TGGTTTT,0.570145989378061
TGTAAAA,0.518517788333561
TGTAAAC,0.537895194585134
TGTAAAG,0.549606879030218
TGTAAAT,0.541688164668594
TGTAACA,0.555411683318289
TGTAACC,0.539129488592566
TGTAACG,0.546409235179995
TGTAACT,0.537610141023894
TGTAAGA,0.548103379066474
TGTAAGC,0.551108121874974
TGTAAGG,0.5967420029942
TGTAAGT,0.590542153447371
TGTAATA,0.540267486285857
TGTAATC,0.478699591641321
TGTAATG,0.53112703600154
TGTAATT,0.539034596968968
TGTACAA,0.568857310186979
TGTACAC,0.547068410005017
TGTACAG,0.553636369827967
TGTACAT,0.55671779523257
TGTACCA,0.549606879030218
TGTACCC,0.559417898123035
TGTACCG,0.546974268771438
TGTACCT,0.546409235179995
TGTACGA,0.548385457551061
TGTACGC,0.547444886338637
TGTACGG,0.557929087834071
TGTACGT,0.541593515543045
TGTACTA,0.543106827587251
TGTACTC,0.556438057683667
TGTACTG,0.578664601019415
TGTACTT,0.566182608720574
TGTAGAA,0.583850042718541
TGTAGAC,0.558301498260002
TGTAGAG,0.577934663189011
TGTAGAT,0.553729885996893
TGTAGCA,0.588286310803747
TGTAGCC,0.546126598615548
TGTAGCG,0.546785959712392
TGTAGCT,0.579029370228334
TGTAGGA,0.563778503122715
TGTAGGC,0.576198922450096
TGTAGGG,0.669288630477139
TGTAGGT,0.583396253762729
TGTAGTA,0.536278815636684
TGTAGTC,0.529212213947515
TGTAGTG,0.566090249915229
TGTAGTT,0.559138914980721
TGTATAA,0.547633071368372
TGTATAC,0.562203457149991
TGTATAG,0.544523480752259
TGTATAT,0.55223257684601
TGTATCA,0.552045255467716
TGTATCC,0.557742830599617
TGTATCG,0.546597615186365
TGTATCT,0.555971654469429
TGTATGA,0.553729885996893
TGTATGC,0.537420060164427
TGTATGG,0.564888808556351
TGTATGT,0.564426331099877
TGTATTA,0.558487651477305
TGTATTC,0.545655360083569
TGTATTG,0.550826810458739
TGTATTT,0.52412013155806
TGTCAAA,0.561090164486722
TGTCAAC,0.561275799356101
TGTCAAG,0.559882697137462
TGTCAAT,0.650875988463413
TGTCACA,0.576290352375981
TGTCACC,0.52412013155806
TGTCACG,0.551483080704976
TGTCACT,0.532178627358997
TGTCAGA,0.575192641155858
TGTCAGC,0.579667396351631
TGTCAGG,0.568949413794948
TGTCAGT,0.650451624463297
TGTCATA,0.557835963553314
TGTCATC,0.539793477953543
TGTCATG,0.558766816344968
TGTCATT,0.535231529428386
TGTCCAA,0.58221543784659
TGTCCAC,0.554103863244385
TGTCCAG,0.572075899703475
TGTCCAT,0.63918278182603
TGTCCCA,0.558487651477305
TGTCCCC,0.533419993107197
TGTCCCG,0.549512976479392
TGTCCCT,0.56812017577306
TGTCCGA,0.555318324299763
TGTCCGC,0.579029370228334
TGTCCGG,0.570237974375928
TGTCCGT,0.544523480752259
TGTCCTA,0.544712216298664
TGTCCTC,0.549325144920533
TGTCCTG,0.586930358533246
TGTCCTT,0.551108121874974
TGTCGAA,0.544712216298664
TGTCGAC,0.556904243467353
TGTCGAG,0.543390318818239
TGTCGAT,0.549606879030218
TGTCGCA,0.541593515543045
TGTCGCC,0.549606879030218
TGTCGCG,0.547633071368372
TGTCGCT,0.556344794441753
TGTCGGA,0.553168657759232
TGTCGGC,0.5449952528455
TGTCGGG,0.58638746239603
TGTCGGT,0.555411683318289
TGTCGTA,0.5481974140692
TGTCGTC,0.565166192400051
TGTCGTG,0.570237974375928
TGTCGTT,0.542539603909466
TGTCTAA,0.567474737128617
TGTCTAC,0.546032368672738
TGTCTAG,0.578573387923303
TGTCTAT,0.543201333594226
TGTCTCA,0.544806570715632
TGTCTCC,0.520646511430585
TGTCTCG,0.553355768838094
TGTCTCT,0.555785032257735
TGTCTGA,0.753067780028804
TGTCTGC,0.564611347749506
TGTCTGG,0.636948112905926
TGTCTGT,0.554851398423765
TGTCTTA,0.542539603909466
TGTCTTC,0.552138920543025
TGTCTTG,0.613529955110739
TGTCTTT,0.492712659538022
TGTGAAA,0.567290249544748
TGTGAAC,0.558859853985092
TGTGAAG,0.600318596532028
TGTGAAT,0.562017994422359
TGTGACA,0.572993597178838
TGTGACC,0.577752095449572
TGTGACG,0.569869983606125
TGTGACT,0.530170083292395
TGTGAGA,0.592792918716571
TGTGAGC,0.568765198095154
TGTGAGG,0.738171320143339
TGTGAGT,0.607876648299245
TGTGATA,0.540551783474449
TGTGATC,0.5449952528455
TGTGATG,0.608673578356053
TGTGATT,0.535136267181628
TGTGCAA,0.554384254426142
TGTGCAC,0.592882844041023
TGTGCAG,0.626655985943672
TGTGCAT,0.590452017379526
TGTGCCA,0.562666963540514
TGTGCCC,0.543390318818239
TGTGCCG,0.547162542376858
TGTGCCT,0.573818805468634
TGTGCGA,0.561739735821665
TGTGCGC,0.544051485985054
TGTGCGG,0.547727150604803
TGTGCGT,0.570973549912905
TGTGCTA,0.569225673731343
TGTGCTC,0.598174175817186
TGTGCTG,0.578573387923303
TGTGCTT,0.553355768838094
TGTGGAA,0.609911986355934
TGTGGAC,0.573452130296366
TGTGGAG,0.647901651712961
TGTGGAT,0.54857346567922
TGTGGCA,0.625002853984667
TGTGGCC,0.632463737801641
TGTGGCG,0.612736887395519
TGTGGCT,0.613441867528905
TGTGGGA,0.661510940410371
TGTGGGC,0.609381427853598
TGTGGGG,0.728874623658684
TGTGGGT,0.683269274715019
TGTGGTA,0.574002092648085
TGTGGTC,0.544806570715632
TGTGGTG,0.732322136167703
TGTGGTT,0.590542153447371
TGTGTAA,0.55475798708049
TGTGTAC,0.535231529428386
TGTGTAG,0.551576798448762
TGTGTAT,0.570881632555183
TGTGTCA,0.53246523318245
TGTGTCC,0.581215195702613
TGTGTCG,0.548385457551061
TGTGTCT,0.580487117952518
TGTGTGA,0.60414922084509
TGTGTGC,0.570789706747883
TGTGTGG,0.727696613480944
TGTGTGT,0.589911030291061
TGTGTTA,0.582033650038997
TGTGTTC,0.550826810458739
TGTGTTG,0.65011200355444
TGTGTTT,0.634708439054187
TGTTAAA,0.548103379066474
TGTTAAC,0.548009335220336
TGTTAAG,0.564333809936794
TGTTAAT,0.563963639659039
TGTTACA,0.598889493792723
TGTTACC,0.530361547108925
TGTTACG,0.54904333141437
TGTTACT,0.532942727090634
TGTTAGA,0.562852305958759
TGTTAGC,0.559696803455463
TGTTAGG,0.606724404724933
TGTTAGT,0.563500734035728
TGTTATA,0.551201874763997
TGTTATC,0.557835963553314
TGTTATG,0.559603843654184
TGTTATT,0.550451605427465
TGTTCAA,0.563963639659039
TGTTCAC,0.561368603869775
TGTTCAG,0.600497090858251
TGTTCAT,0.576655988508127
TGTTCCA,0.549794657682941
TGTTCCC,0.550170109239016
TGTTCCG,0.550170109239016
TGTTCCT,0.520356497702552
TGTTCGA,0.548761438466967
TGTTCGC,0.555971654469429
TGTTCGG,0.55129561886424
TGTTCGT,0.543012312648047
TGTTCTA,0.567474737128617
TGTTCTC,0.546785959712392
TGTTCTG,0.564703843239218
TGTTCTT,0.516093271524988
TGTTGAA,0.563037614031558
TGTTGAC,0.568857310186979
TGTTGAG,0.570145989378061
TGTTGAT,0.554384254426142
TGTTGCA,0.597726842105596
TGTTGCC,0.581760906349821
TGTTGCG,0.564611347749506
TGTTGCT,0.572075899703475
TGTTGGA,0.63211795148898
TGTTGGC,0.536278815636684
TGTTGGG,0.610883946448264
TGTTGGT,0.545843882145088
TGTTGTA,0.572351297384611
TGTTGTC,0.551483080704976
TGTTGTG,0.548291440230175
TGTTGTT,0.551857898993549
TGTTTAA,0.534945715459102
TGTTTAC,0.563315511770882
TGTTTAG,0.546315031867504
TGTTTAT,0.518130260447674
TGTTTCA,0.587834530972409
TGTTTCC,0.517160783195137
TGTTTCG,0.544712216298664
TGTTTCT,0.562203457149991
TGTTTGA,0.597816324857942
TGTTTGC,0.565258636585741
TGTTTGG,0.671701610884594
TGTTTGT,0.593961317654719
TGTTTTA,0.552887925479765
TGTTTTC,0.570145989378061
TGTTTTG,0.564426331099877
TGTTTTT,0.500830038814884
TTAAAAA,0.541025432584957
TTAAAAC,0.546032368672738
TTAAAAG,0.544712216298664
TTAAAAT,0.521998797843574
TTAAACA,0.574185346239501
TTAAACC,0.570329950913332
TTAAACG,0.560997334127819
TTAAACT,0.537990194384955
TTAAAGA,0.528253426209182
TTAAAGC,0.558952882970019
TTAAAGG,0.553355768838094
TTAAAGT,0.530170083292395
TTAAATA,0.528732934987585
TTAAATC,0.539129488592566
TTAAATG,0.533897031449567
TTAAATT,0.529212213947515
TTAACAA,0.565720729368717
TTAACAC,0.555131580110922
TTAACAG,0.576473187153277
TTAACAT,0.541782804836534
TTAACCA,0.542634163535157
TTAACCC,0.543579268333584
TTAACCG,0.546503429619058
TTAACCT,0.551108121874974
TTAACGA,0.5481974140692
TTAACGC,0.546409235179995
TTAACGG,0.558952882970019
TTAACGT,0.541972058306368
TTAACTA,0.553168657759232
TTAACTC,0.548855411612337
TTAACTG,0.55671779523257
TTAACTT,0.54442909961946
TTAAGAA,0.551764207591403
TTAAGAC,0.5481974140692
TTAAGAG,0.573452130296366
TTAAGAT,0.534183145261708
TTAAGCA,0.546597615186365
TTAAGCC,0.547068410005017
TTAAGCG,0.545938129849809
TTAAGCT,0.539129488592566
TTAAGGA,0.562666963540514
TTAAGGC,0.539983108249388
TTAAGGG,0.561554187063086
TTAAGGT,0.576747376655953
TTAAGTA,0.551764207591403
TTAAGTC,0.542539603909466
TTAAGTG,0.566828881624059
TTAAGTT,0.550357782168829
TTAATAA,0.546220819679912
TTAATAC,0.554010382043475
TTAATAG,0.560533053027156
TTAATAT,0.546126598615548
TTAATCA,0.548761438466967
TTAATCC,0.551108121874974
TTAATCG,0.548385457551061
TTAATCT,0.539414109448797
TTAATGA,0.549794657682941
TTAATGC,0.543673729704724
TTAATGG,0.554571138212828
TTAATGT,0.560161472883153
TTAATTA,0.546126598615548
TTAATTC,0.555131580110922
TTAATTG,0.5481974140692
TTAATTT,0.539414109448797
TTACAAA,0.531987511164909
TTACAAC,0.553542844912949
TTACAAG,0.546785959712392
TTACAAT,0.572075899703475
TTACACA,0.550826810458739
TTACACC,0.545655360083569
TTACACG,0.551670507410356
TTACACT,0.550545419884123
TTACAGA,0.573360440491527
TTACAGC,0.54149885745819
TTACAGG,0.553075089089205
TTACAGT,0.54442909961946
TTACATA,0.542823255966196
TTACATC,0.553449311250204
TTACATG,0.572810125044892
TTACATT,0.568949413794948
TTACCAA,0.562759639043613
TTACCAC,0.543012312648047
TTACCAG,0.551764207591403
TTACCAT,0.568857310186979
TTACCCA,0.537229943167357
TTACCCC,0.548291440230175
TTACCCG,0.547727150604803
TTACCCT,0.553542844912949
TTACCGA,0.548103379066474
TTACCGC,0.545466802474781
TTACCGG,0.547727150604803
TTACCGT,0.544712216298664
TTACCTA,0.55615824185977
TTACCTC,0.541214829430832
TTACCTG,0.55223257684601
TTACCTT,0.541025432584957
TTACGAA,0.544334709578022
TTACGAC,0.548667456489815
TTACGAG,0.548761438466967
TTACGAT,0.549606879030218
TTACGCA,0.558022203443504
TTACGCC,0.549606879030218
TTACGCG,0.558952882970019
TTACGCT,0.546032368672738
TTACGGA,0.554571138212828
TTACGGC,0.554197335707378
TTACGGG,0.563222887771637
TTACGGT,0.545372510335971
TTACGTA,0.54857346567922
TTACGTC,0.549325144920533
TTACGTG,0.544051485985054
TTACGTT,0.55653131222836
TTACTAA,0.543673729704724
TTACTAC,0.554010382043475
TTACTAG,0.543390318818239
TTACTAT,0.549325144920533
TTACTCA,0.549700772764182
TTACTCC,0.535802912414756
TTACTCG,0.543201333594226
TTACTCT,0.540267486285857
TTACTGA,0.547633071368372
TTACTGC,0.554571138212828
TTACTGG,0.537895194585134
TTACTGT,0.569961993994717
TTACTTA,0.529403861231648
TTACTTC,0.548667456489815
TTACTTG,0.548009335220336
TTACTTT,0.541214829430832
TTAGAAA,0.510933772520257
TTAGAAC,0.570421918991831
TTAGAAG,0.561554187063086
TTAGAAT,0.539129488592566
TTAGACA,0.552045255467716
TTAGACC,0.544712216298664
TTAGACG,0.555224956564517
TTAGACT,0.55615824185977
TTAGAGA,0.56968593742731
TTAGAGC,0.554197335707378
TTAGAGG,0.566182608720574
TTAGAGT,0.53684960070543
TTAGATA,0.578025934561134
TTAGATC,0.54442909961946
TTAGATG,0.59315257150517
TTAGATT,0.544334709578022
TTAGCAA,0.540362260996215
TTAGCAC,0.545372510335971
TTAGCAG,0.537895194585134
TTAGCAT,0.543484798038652
TTAGCCA,0.546032368672738
TTAGCCC,0.550357782168829
TTAGCCG,0.537039790018942
TTAGCCT,0.546691791883586
TTAGCGA,0.543673729704724
TTAGCGC,0.556624558077454
TTAGCGG,0.54857346567922
TTAGCGT,0.566644274838379
TTAGCTA,0.56812017577306
TTAGCTC,0.564148741926171
TTAGCTG,0.555878347717063
TTAGCTT,0.531796358438441
TTAGGAA,0.591353012663569
TTAGGAC,0.541309514403781
TTAGGAG,0.590001215132348
TTAGGAT,0.571892259104866
TTAGGCA,0.54857346567922
TTAGGCC,0.596652424052611
TTAGGCG,0.547444886338637
TTAGGCT,0.539224371212598
TTAGGGA,0.587924903268553
TTAGGGC,0.550826810458739
TTAGGGG,0.57747818132961
TTAGGGT,0.609469873821037
TTAGGTA,0.560997334127819
TTAGGTC,0.537990194384955
TTAGGTG,0.569041508920624
TTAGGTT,0.54442909961946
TTAGTAA,0.540930720708634
TTAGTAC,0.540551783474449
TTAGTAG,0.561554187063086
TTAGTAT,0.54988853378815
TTAGTCA,0.539888297596422
TTAGTCC,0.55475798708049
TTAGTCG,0.545372510335971
TTAGTCT,0.541025432584957
TTAGTGA,0.574643333351148
TTAGTGC,0.568673077517911
TTAGTGG,0.540930720708634
TTAGTGT,0.567290249544748
TTAGTTA,0.540077909914147
TTAGTTC,0.542350457829289
TTAGTTG,0.55615824185977
TTAGTTT,0.521709176088872
TTATAAA,0.542161275966103
TTATAAC,0.547068410005017
TTATAAG,0.556064952516456
TTATAAT,0.540267486285857
TTATACA,0.577112845752214
TTATACC,0.56257427944787
TTATACG,0.5481974140692
TTATACT,0.571065458822604
TTATAGA,0.538465058056766
TTATAGC,0.543295830670659
TTATAGG,0.573452130296366
TTATAGT,0.542917788774925
TTATATA,0.554290799434086
TTATATC,0.559045903301358
TTATATG,0.542445035341407
TTATATT,0.550263950106564
TTATCAA,0.560533053027156
TTATCAC,0.541593515543045
TTATCAG,0.557835963553314
TTATCAT,0.550733022398109
TTATCCA,0.558952882970019
TTATCCC,0.550357782168829
TTATCCG,0.546032368672738
TTATCCT,0.543012312648047
TTATCGA,0.548667456489815
TTATCGC,0.545466802474781
TTATCGG,0.555224956564517
TTATCGT,0.549231215909186
TTATCTA,0.54904333141437
TTATCTC,0.558952882970019
TTATCTG,0.542066671611651
TTATCTT,0.565628327892922
TTATGAA,0.539319244830773
TTATGAC,0.54112013549179
TTATGAG,0.575924582505153
TTATGAT,0.540646531245729
TTATGCA,0.543957060292236
TTATGCC,0.545843882145088
TTATGCG,0.546974268771438
TTATGCT,0.549137278074351
TTATGGA,0.571800426157563
TTATGGC,0.551108121874974
TTATGGG,0.557556538666944
TTATGGT,0.560533053027156
TTATGTA,0.551857898993549
TTATGTC,0.539414109448797
TTATGTG,0.55978975461602
TTATGTT,0.551670507410356
TTATTAA,0.529212213947515
TTATTAC,0.550357782168829
TTATTAG,0.552887925479765
TTATTAT,0.522770712689623
TTATTCA,0.5457496255569
TTATTCC,0.538844786704239
TTATTCG,0.548009335220336
TTATTCT,0.558487651477305
TTATTGA,0.532274171760761
TTATTGC,0.54074127004072
TTATTGG,0.58484765415892
TTATTGT,0.548667456489815
TTATTTA,0.518905166099758
TTATTTC,0.531891939369096
TTATTTG,0.540835999861121
TTATTTT,0.530361547108925
TTCAAAA,0.539983108249388
TTCAAAC,0.552045255467716
TTCAAAG,0.574276960443543
TTCAAAT,0.538749868059688
TTCAACA,0.564056195075461
TTCAACC,0.552981511663262
TTCAACG,0.552887925479765
TTCAACT,0.539224371212598
TTCAAGA,0.550170109239016
TTCAAGC,0.544806570715632
TTCAAGG,0.585753710830595
TTCAAGT,0.537990194384955
TTCAATA,0.537895194585134
TTCAATC,0.542917788774925
TTCAATG,0.584394317785003
TTCAATT,0.538275139646646
TTCACAA,0.558301498260002
TTCACAC,0.54112013549179
TTCACAG,0.554851398423765
TTCACAT,0.551201874763997
TTCACCA,0.562296175616743
TTCACCC,0.550639225540454
TTCACCG,0.539414109448797
TTCACCT,0.520646511430585
TTCACGA,0.545938129849809
TTCACGC,0.586296951044668
TTCACGG,0.551857898993549
TTCACGT,0.545561085723422
TTCACTA,0.555785032257735
TTCACTC,0.55223257684601
TTCACTG,0.563593332304507
TTCACTT,0.537610141023894
TTCAGAA,0.550826810458739
TTCAGAC,0.558487651477305
TTCAGAG,0.570053995918177
TTCAGAT,0.541782804836534
TTCAGCA,0.53950896506838
TTCAGCC,0.589730636204902
TTCAGCG,0.565628327892922
TTCAGCT,0.550639225540454
TTCAGGA,0.585028931180251
TTCAGGC,0.568765198095154
TTCAGGG,0.578573387923303
TTCAGGT,0.546409235179995
TTCAGTA,0.528253426209182
TTCAGTC,0.538939696340096
TTCAGTG,0.564426331099877
TTCAGTT,0.555318324299763
TTCATAA,0.536564248895506
TTCATAC,0.53684960070543
TTCATAG,0.546785959712392
TTCATAT,0.538180166913997
TTCATCA,0.537515105110502
TTCATCC,0.540457026725178
TTCATCG,0.545655360083569
TTCATCT,0.551951581618439
TTCATGA,0.578299698705366
TTCATGC,0.599693615371493
TTCATGG,0.59360195566859
TTCATGT,0.562852305958759
TTCATTA,0.547915282529121
TTCATTC,0.522288335741801
TTCATTG,0.558115310383227
TTCATTT,0.533801641984602
TTCCAAA,0.542161275966103
TTCCAAC,0.536088481525116
TTCCAAG,0.564981278386936
TTCCAAT,0.544334709578022
TTCCACA,0.560440170934585
TTCCACC,0.538749868059688
TTCCACG,0.552419863141576
TTCCACT,0.547538983280205
TTCCAGA,0.561925250158289
TTCCAGC,0.530170083292395
TTCCAGG,0.581579035887646
TTCCAGT,0.595038629415996
TTCCATA,0.535326782601112
TTCCATC,0.540835999861121
TTCCATG,0.544145902762502
TTCCATT,0.532178627358997
TTCCCAA,0.5481974140692
TTCCCAC,0.538939696340096
TTCCCAG,0.570973549912905
TTCCCAT,0.516384524105984
TTCCCCA,0.535326782601112
TTCCCCC,0.520936441075042
TTCCCCG,0.537705167906319
TTCCCCT,0.538844786704239
TTCCCGA,0.549606879030218
TTCCCGC,0.557835963553314
TTCCCGG,0.541688164668594
TTCCCGT,0.54149885745819
TTCCCTA,0.537610141023894
TTCCCTC,0.511811792405801
TTCCCTG,0.576381773943198
TTCCCTT,0.531700768371198
TTCCGAA,0.555224956564517
TTCCGAC,0.545089580561758
TTCCGAG,0.541025432584957
TTCCGAT,0.546503429619058
TTCCGCA,0.554010382043475
TTCCGCC,0.551389354177351
TTCCGCG,0.5457496255569
TTCCGCT,0.552794330537075
TTCCGGA,0.5446178529781
TTCCGGC,0.537990194384955
TTCCGGG,0.535993300882455
TTCCGGT,0.570053995918177
TTCCGTA,0.561646965745918
TTCCGTC,0.543012312648047
TTCCGTG,0.538749868059688
TTCCGTT,0.554290799434086
TTCCTAA,0.553916892103012
TTCCTAC,0.560533053027156
TTCCTAG,0.543012312648047
TTCCTAT,0.53950896506838
TTCCTCA,0.549700772764182
TTCCTCC,0.519098798724311
TTCCTCG,0.544145902762502
TTCCTCT,0.536278815636684
TTCCTGA,0.548479466033523
TTCCTGC,0.503095081586085
TTCCTGG,0.549606879030218
TTCCTGT,0.511226531481451
TTCCTTA,0.539034596968968
TTCCTTC,0.517160783195137
TTCCTTG,0.526717451167669
TTCCTTT,0.51502461905575
TTCGAAA,0.546880118674452
TTCGAAC,0.547915282529121
TTCGAAG,0.547633071368372
TTCGAAT,0.548291440230175
TTCGACA,0.547350780542001
TTCGACC,0.546785959712392
TTCGACG,0.5481974140692
TTCGACT,0.54725666588863
TTCGAGA,0.536469113528072
TTCGAGC,0.546220819679912
TTCGAGG,0.564981278386936
TTCGAGT,0.546220819679912
TTCGATA,0.547915282529121
TTCGATC,0.549137278074351
TTCGATG,0.548009335220336
TTCGATT,0.547538983280205
TTCGCAA,0.546974268771438
TTCGCAC,0.555971654469429
TTCGCAG,0.547162542376858
TTCGCAT,0.547915282529121
TTCGCCA,0.542823255966196
TTCGCCC,0.544240310626264
TTCGCCG,0.547350780542001
TTCGCCT,0.542161275966103
TTCGCGA,0.547727150604803
TTCGCGC,0.547350780542001
TTCGCGG,0.546409235179995
TTCGCGT,0.548291440230175
TTCGCTA,0.548855411612337
TTCGCTC,0.54074127004072
TTCGCTG,0.549982401081462
TTCGCTT,0.545372510335971
TTCGGAA,0.546409235179995
TTCGGAC,0.546691791883586
TTCGGAG,0.567290249544748
TTCGGAT,0.548009335220336
TTCGGCA,0.5449952528455
TTCGGCC,0.5449952528455
TTCGGCG,0.546597615186365
TTCGGCT,0.537610141023894
TTCGGGA,0.571524876705065
TTCGGGC,0.569133595565568
TTCGGGG,0.565905506710152
TTCGGGT,0.545561085723422
TTCGGTA,0.546880118674452
TTCGGTC,0.545843882145088
TTCGGTG,0.553355768838094
TTCGGTT,0.547444886338637
TTCGTAA,0.546032368672738
TTCGTAC,0.549231215909186
TTCGTAG,0.569133595565568
TTCGTAT,0.545372510335971
TTCGTCA,0.546503429619058
TTCGTCC,0.545843882145088
TTCGTCG,0.55653131222836
TTCGTCT,0.5457496255569
TTCGTGA,0.561368603869775
TTCGTGC,0.544334709578022
TTCGTGG,0.559138914980721
TTCGTGT,0.541214829430832
TTCGTTA,0.546785959712392
TTCGTTC,0.543201333594226
TTCGTTG,0.546880118674452
TTCGTTT,0.575741647387152
TTCTAAA,0.565628327892922
TTCTAAC,0.533419993107197
TTCTAAG,0.545089580561758
TTCTAAT,0.537515105110502
TTCTACA,0.552700726833551
TTCTACC,0.54725666588863
TTCTACG,0.546220819679912
TTCTACT,0.554477700685179
TTCTAGA,0.563130255192393
TTCTAGC,0.545372510335971
TTCTAGG,0.551389354177351
TTCTAGT,0.574460163675984
TTCTATA,0.538844786704239
TTCTATC,0.542539603909466
TTCTATG,0.557370212023119
TTCTATT,0.544051485985054
TTCTCAA,0.547821220991165
TTCTCAC,0.551014360195522
TTCTCAG,0.546974268771438
TTCTCAT,0.515801934091213
TTCTCCA,0.527965610537556
TTCTCCC,0.519098798724311
TTCTCCG,0.551857898993549
TTCTCCT,0.541025432584957
TTCTCGA,0.546597615186365
TTCTCGC,0.543579268333584
TTCTCGG,0.540835999861121
TTCTCGT,0.544523480752259
TTCTCTA,0.531605169165621
TTCTCTC,0.551857898993549
TTCTCTG,0.56931774341951
TTCTCTT,0.53313366083207
TTCTGAA,0.540457026725178
TTCTGAC,0.552138920543025
TTCTGAG,0.631426019952279
TTCTGAT,0.554851398423765
TTCTGCA,0.537515105110502
TTCTGCC,0.56959390163397
TTCTGCG,0.551108121874974
TTCTGCT,0.537134871112927
TTCTGGA,0.59072240121319
TTCTGGC,0.571524876705065
TTCTGGG,0.609911986355934
TTCTGGT,0.543201333594226
TTCTGTA,0.564426331099877
TTCTGTC,0.543579268333584
TTCTGTG,0.561368603869775
TTCTGTT,0.580760209233338
TTCTTAA,0.537420060164427
TTCTTAC,0.568396664858027
TTCTTAG,0.553449311250204
TTCTTAT,0.539983108249388
TTCTTCA,0.547162542376858
TTCTTCC,0.549231215909186
TTCTTCG,0.542917788774925
TTCTTCT,0.537990194384955
TTCTTGA,0.525082888538928
TTCTTGC,0.529403861231648
TTCTTGG,0.55223257684601
TTCTTGT,0.554664567010722
TTCTTTA,0.539224371212598
TTCTTTC,0.489526940949658
TTCTTTG,0.556251522500995
TTCTTTT,0.490324322552098
TTGAAAA,0.5264291930149
TTGAAAC,0.542539603909466
TTGAAAG,0.55129561886424
TTGAAAT,0.564796330174305
TTGAACA,0.547633071368372
TTGAACC,0.525756267343864
TTGAACG,0.548291440230175
TTGAACT,0.55978975461602
TTGAAGA,0.572167707357876
TTGAAGC,0.547727150604803
TTGAAGG,0.58638746239603
TTGAAGT,0.541309514403781
TTGAATA,0.537420060164427
TTGAATC,0.544145902762502
TTGAATG,0.544900916230684
TTGAATT,0.553729885996893
TTGACAA,0.540362260996215
TTGACAC,0.549794657682941
TTGACAG,0.5956665257216
TTGACAT,0.574734905608592
TTGACCA,0.563871075675319
TTGACCC,0.555038194937351
TTGACCG,0.553449311250204
TTGACCT,0.526236974740055
TTGACGA,0.558208408654855
TTGACGC,0.556624558077454
TTGACGG,0.554010382043475
TTGACGT,0.556344794441753
TTGACTA,0.56257427944787
TTGACTC,0.555318324299763
TTGACTG,0.568765198095154
TTGACTT,0.543106827587251
TTGAGAA,0.562852305958759
TTGAGAC,0.522963598335098
TTGAGAG,0.606990424952717
TTGAGAT,0.562296175616743
TTGAGCA,0.571984083619654
TTGAGCC,0.550451605427465
TTGAGCG,0.554290799434086
TTGAGCT,0.575192641155858
TTGAGGA,0.578208452317792
TTGAGGC,0.570237974375928
TTGAGGG,0.616608142206317
TTGAGGT,0.5967420029942
TTGAGTA,0.524890411280556
TTGAGTC,0.556438057683667
TTGAGTG,0.579940711552448
TTGAGTT,0.563593332304507
TTGATAA,0.551108121874974
TTGATAC,0.557835963553314
TTGATAG,0.544145902762502
TTGATAT,0.539224371212598
TTGATCA,0.558859853985092
TTGATCC,0.550733022398109
TTGATCG,0.564056195075461
TTGATCT,0.545655360083569
TTGATGA,0.548667456489815
TTGATGC,0.548385457551061
TTGATGG,0.589820837315734
TTGATGT,0.564241280212754
TTGATTA,0.539793477953543
TTGATTC,0.553449311250204
TTGATTG,0.582760603072593
TTGATTT,0.526044719510242
TTGCAAA,0.54149885745819
TTGCAAC,0.559696803455463
TTGCAAG,0.557370212023119
TTGCAAT,0.541972058306368
TTGCACA,0.555318324299763
TTGCACC,0.529020529927661
TTGCACG,0.539888297596422
TTGCACT,0.529020529927661
TTGCAGA,0.564056195075461
TTGCAGC,0.53313366083207
TTGCAGG,0.622387068744392
TTGCAGT,0.517839515947199
TTGCATA,0.546032368672738
TTGCATC,0.547538983280205
TTGCATG,0.553355768838094
TTGCATT,0.547821220991165
TTGCCAA,0.557463379684734
TTGCCAC,0.552326224378313
TTGCCAG,0.576930127900041
TTGCCAT,0.562944964287544
TTGCCCA,0.539888297596422
TTGCCCC,0.539698649319047
TTGCCCG,0.562110730085728
TTGCCCT,0.542445035341407
TTGCCGA,0.544523480752259
TTGCCGC,0.557090656945672
TTGCCGG,0.546220819679912
TTGCCGT,0.542917788774925
TTGCCTA,0.554384254426142
TTGCCTC,0.520259807766204
TTGCCTG,0.59360195566859
TTGCCTT,0.562296175616743
TTGCGAA,0.548385457551061
TTGCGAC,0.557835963553314
TTGCGAG,0.555411683318289
TTGCGAT,0.549231215909186
TTGCGCA,0.54857346567922
TTGCGCC,0.554103863244385
TTGCGCG,0.549419065110049
TTGCGCT,0.548291440230175
TTGCGGA,0.553262217674982
TTGCGGC,0.564241280212754
TTGCGGG,0.547538983280205
TTGCGGT,0.542066671611651
TTGCGTA,0.557649688971366
TTGCGTC,0.551951581618439
TTGCGTG,0.556997454550261
TTGCGTT,0.550826810458739
TTGCTAA,0.54442909961946
TTGCTAC,0.543957060292236
TTGCTAG,0.551764207591403
TTGCTAT,0.5457496255569
TTGCTCA,0.561925250158289
TTGCTCC,0.545089580561758
TTGCTCG,0.546785959712392
TTGCTCT,0.531700768371198
TTGCTGA,0.550451605427465
TTGCTGC,0.578755805796457
TTGCTGG,0.544900916230684
TTGCTGT,0.55932491238995
TTGCTTA,0.543201333594226
TTGCTTC,0.530552974274079
TTGCTTG,0.529308042180667
TTGCTTT,0.532274171760761
TTGGAAA,0.610618960099178
TTGGAAC,0.543484798038652
TTGGAAG,0.620376989354284
TTGGAAT,0.599961512270466
TTGGACA,0.538275139646646
TTGGACC,0.539319244830773
TTGGACG,0.565535917878306
TTGGACT,0.565258636585741
TTGGAGA,0.58711125843513
TTGGAGC,0.566921172238596
TTGGAGG,0.561275799356101
TTGGAGT,0.629520735865224
TTGGATA,0.532369707034664
TTGGATC,0.557929087834071
TTGGATG,0.561090164486722
TTGGATT,0.584303625843337
TTGGCAA,0.532178627358997
TTGGCAC,0.568396664858027
TTGGCAG,0.614322394367935
TTGGCAT,0.565166192400051
TTGGCCA,0.532178627358997
TTGGCCC,0.529978582810452
TTGGCCG,0.549419065110049
TTGGCCT,0.571065458822604
TTGGCGA,0.556624558077454
TTGGCGC,0.546032368672738
TTGGCGG,0.547350780542001
TTGGCGT,0.56368592199964
TTGGCTA,0.546974268771438
TTGGCTC,0.571892259104866
TTGGCTG,0.54272871422017
TTGGCTT,0.571800426157563
TTGGGAA,0.609646742291306
TTGGGAC,0.54857346567922
TTGGGAG,0.589279508566753
TTGGGAT,0.562944964287544
TTGGGCA,0.580578156666248
TTGGGCC,0.547821220991165
TTGGGCG,0.550357782168829
TTGGGCT,0.599872221278209
TTGGGGA,0.662098467826021
TTGGGGC,0.591803206066144
TTGGGGG,0.681295725866387
TTGGGGT,0.65839969097272
TTGGGTA,0.624915771291242
TTGGGTC,0.586658947306664
TTGGGTG,0.577204192160145
TTGGGTT,0.596652424052611
TTGGTAA,0.573910453257633
TTGGTAC,0.549606879030218
TTGGTAG,0.56931774341951
TTGGTAT,0.557090656945672
TTGGTCA,0.609292974062778
TTGGTCC,0.537134871112927
TTGGTCG,0.562666963540514
TTGGTCT,0.58221543784659
TTGGTGA,0.598531898764929
TTGGTGC,0.580487117952518
TTGGTGG,0.596114781825512
TTGGTGT,0.611854962751424
TTGGTTA,0.560997334127819
TTGGTTC,0.569869983606125
TTGGTTG,0.643893574936704
TTGGTTT,0.610000385412133
TTGTAAA,0.546974268771438
TTGTAAC,0.535707704586269
TTGTAAG,0.566736582491177
TTGTAAT,0.534087783086384
TTGTACA,0.558487651477305
TTGTACC,0.571065458822604
TTGTACG,0.557090656945672
TTGTACT,0.564703843239218
TTGTAGA,0.534183145261708
TTGTAGC,0.588828177320602
TTGTAGG,0.619326646134855
TTGTAGT,0.568580948453684
TTGTATA,0.533992411816249
TTGTATC,0.564241280212754
TTGTATG,0.549982401081462
TTGTATT,0.535422026701536
TTGTCAA,0.559231918009715
TTGTCAC,0.569041508920624
TTGTCAG,0.605126795540906
TTGTCAT,0.530361547108925
TTGTCCA,0.560997334127819
TTGTCCC,0.543768182153756
TTGTCCG,0.561832497291923
TTGTCCT,0.533229114033644
TTGTCGA,0.5449952528455
TTGTCGC,0.544145902762502
TTGTCGG,0.544051485985054
TTGTCGT,0.574643333351148
TTGTCTA,0.545278209305316
TTGTCTC,0.549419065110049
TTGTCTG,0.576564592007744
TTGTCTT,0.540267486285857
TTGTGAA,0.566459633966742
TTGTGAC,0.559138914980721
TTGTGAG,0.581942743741145
TTGTGAT,0.536183653109284
TTGTGCA,0.558115310383227
TTGTGCC,0.6005863260752
TTGTGCG,0.542445035341407
TTGTGCT,0.567105727918929
TTGTGGA,0.55615824185977
TTGTGGC,0.56812017577306
TTGTGGG,0.636173408712315
TTGTGGT,0.598174175817186
TTGTGTA,0.556344794441753
TTGTGTC,0.546315031867504
TTGTGTG,0.549419065110049
TTGTGTT,0.599514977559008
TTGTTAA,0.531031381929243
TTGTTAC,0.540457026725178
TTGTTAG,0.567290249544748
TTGTTAT,0.558580715092686
TTGTTCA,0.57565016727715
TTGTTCC,0.548291440230175
TTGTTCG,0.545466802474781
TTGTTCT,0.557463379684734
TTGTTGA,0.557929087834071
TTGTTGC,0.563037614031558
TTGTTGG,0.576107484164017
TTGTTGT,0.527293718314617
TTGTTTA,0.533229114033644
TTGTTTC,0.53950896506838
TTGTTTG,0.591533114346221
TTGTTTT,0.501519942925397
TTTAAAA,0.551670507410356
TTTAAAC,0.562017994422359
TTTAAAG,0.521516048308148
TTTAAAT,0.522191832423447
TTTAACA,0.557835963553314
TTTAACC,0.537705167906319
TTTAACG,0.541404190412335
TTTAACT,0.537990194384955
TTTAAGA,0.549419065110049
TTTAAGC,0.540646531245729
TTTAAGG,0.55569170808982
TTTAAGT,0.551201874763997
TTTAATA,0.546220819679912
TTTAATC,0.552326224378313
TTTAATG,0.541877436048561
TTTAATT,0.555411683318289
TTTACAA,0.541877436048561
TTTACAC,0.535231529428386
TTTACAG,0.573543811694954
TTTACAT,0.553355768838094
TTTACCA,0.551951581618439
TTTACCC,0.560533053027156
TTTACCG,0.548103379066474
TTTACCT,0.559138914980721
TTTACGA,0.547821220991165
TTTACGC,0.547915282529121
TTTACGG,0.55475798708049
TTTACGT,0.547727150604803
TTTACTA,0.539319244830773
TTTACTC,0.536373969109039
TTTACTG,0.553916892103012
TTTACTT,0.561925250158289
TTTAGAA,0.534469177236151
TTTAGAC,0.54857346567922
TTTAGAG,0.548949375927585
TTTAGAT,0.548855411612337
TTTAGCA,0.540930720708634
TTTAGCC,0.548009335220336
TTTAGCG,0.555224956564517
TTTAGCT,0.550733022398109
TTTAGGA,0.604949125753957
TTTAGGC,0.544806570715632
TTTAGGG,0.568212347295667
TTTAGGT,0.545561085723422
TTTAGTA,0.536373969109039
TTTAGTC,0.542539603909466
TTTAGTG,0.559696803455463
TTTAGTT,0.530074337635478
TTTATAA,0.555505033621723
TTTATAC,0.557835963553314
TTTATAG,0.54272871422017
TTTATAT,0.559138914980721
TTTATCA,0.56931774341951
TTTATCC,0.54988853378815
TTTATCG,0.553075089089205
TTTATCT,0.556438057683667
TTTATGA,0.531413943332472
TTTATGC,0.536373969109039
TTTATGG,0.572443079760039
TTTATGT,0.544712216298664
TTTATTA,0.531031381929243
TTTATTC,0.562203457149991
TTTATTG,0.566459633966742
TTTATTT,0.516190365144299
TTTCAAA,0.545089580561758
TTTCAAC,0.549512976479392
TTTCAAG,0.535517261731385
TTTCAAT,0.572259506584406
TTTCACA,0.543201333594226
TTTCACC,0.533992411816249
TTTCACG,0.543012312648047
TTTCACT,0.539034596968968
TTTCAGA,0.571800426157563
TTTCAGC,0.545466802474781
TTTCAGG,0.590542153447371
TTTCAGT,0.58148808825123
TTTCATA,0.52978704564905
TTTCATC,0.541593515543045
TTTCATG,0.586658947306664
TTTCATT,0.533038198518314
TTTCCAA,0.564333809936794
TTTCCAC,0.555131580110922
TTTCCAG,0.566921172238596
TTTCCAT,0.538465058056766
TTTCCCA,0.546974268771438
TTTCCCC,0.541688164668594
TTTCCCG,0.545278209305316
TTTCCCT,0.519776217800569
TTTCCGA,0.546597615186365
TTTCCGC,0.5446178529781
TTTCCGG,0.552607114367554
TTTCCGT,0.541877436048561
TTTCCTA,0.567474737128617
TTTCCTC,0.519679471737997
TTTCCTG,0.52248131444433
TTTCCTT,0.50663009830247
TTTCGAA,0.546409235179995
TTTCGAC,0.546974268771438
TTTCGAG,0.554664567010722
TTTCGAT,0.548291440230175
TTTCGCA,0.55615824185977
TTTCGCC,0.544051485985054
TTTCGCG,0.549137278074351
TTTCGCT,0.538465058056766
TTTCGGA,0.552419863141576
TTTCGGC,0.545938129849809
TTTCGGG,0.582942258789008
TTTCGGT,0.546974268771438
TTTCGTA,0.548009335220336
TTTCGTC,0.555318324299763
TTTCGTG,0.543295830670659
TTTCGTT,0.57984961478539
TTTCTAA,0.561090164486722
TTTCTAC,0.54074127004072
TTTCTAG,0.53684960070543
TTTCTAT,0.531318316701405
TTTCTCA,0.525275328756933
TTTCTCC,0.523445649740235
TTTCTCG,0.541593515543045
TTTCTCT,0.527965610537556
TTTCTGA,0.628913747045758
TTTCTGC,0.54149885745819
TTTCTGG,0.573818805468634
TTTCTGT,0.556064952516456
TTTCTTA,0.547538983280205
TTTCTTC,0.53684960070543
TTTCTTG,0.523445649740235
TTTCTTT,0.44965524455769
TTTGAAA,0.526044719510242
TTTGAAC,0.542823255966196
TTTGAAG,0.573085320624096
TTTGAAT,0.516675691883612
TTTGACA,0.567474737128617
TTTGACC,0.580487117952518
TTTGACG,0.543390318818239
TTTGACT,0.580669187092685
TTTGAGA,0.525948578032781
TTTGAGC,0.553262217674982
TTTGAGG,0.64261101242466
TTTGAGT,0.556624558077454
TTTGATA,0.555318324299763
TTTGATC,0.577112845752214
TTTGATG,0.574918024970885
TTTGATT,0.546220819679912
TTTGCAA,0.549512976479392
TTTGCAC,0.534373842334858
TTTGCAG,0.565997882578947
TTTGCAT,0.565351072226294
TTTGCCA,0.545278209305316
TTTGCCC,0.542350457829289
TTTGCCG,0.543673729704724
TTTGCCT,0.545089580561758
TTTGCGA,0.557835963553314
TTTGCGC,0.5481974140692
TTTGCGG,0.553355768838094
TTTGCGT,0.539983108249388
TTTGCTA,0.535326782601112
TTTGCTC,0.545278209305316
TTTGCTG,0.578847002255946
TTTGCTT,0.53284724654729
TTTGGAA,0.593781652804284
TTTGGAC,0.557929087834071
TTTGGAG,0.624218836606809
TTTGGAT,0.534087783086384
TTTGGCA,0.596383639071457
TTTGGCC,0.563222887771637
TTTGGCG,0.552794330537075
TTTGGCT,0.551764207591403
TTTGGGA,0.557649688971366
TTTGGGC,0.541688164668594
TTTGGGG,0.694704656435738
TTTGGGT,0.622474371913075
TTTGGTA,0.559975631021395
TTTGGTC,0.565720729368717
TTTGGTG,0.628132791083287
TTTGGTT,0.572443079760039
TTTGTAA,0.531222680925011
TTTGTAC,0.569777964750842
TTTGTAG,0.587472960094163
TTTGTAT,0.528157496855886
TTTGTCA,0.557463379684734
TTTGTCC,0.541404190412335
TTTGTCG,0.542634163535157
TTTGTCT,0.536754492482464
TTTGTGA,0.575284163128061
TTTGTGC,0.564981278386936
TTTGTGG,0.614850338554293
TTTGTGT,0.539793477953543
TTTGTTA,0.536754492482464
TTTGTTC,0.542634163535157
TTTGTTG,0.534659819776838
TTTGTTT,0.502012440329632
TTTTAAA,0.514635734838539
TTTTAAC,0.552326224378313
TTTTAAG,0.548103379066474
TTTTAAT,0.543012312648047
TTTTACA,0.542445035341407
TTTTACC,0.547633071368372
TTTTACG,0.547444886338637
TTTTACT,0.5449952528455
TTTTAGA,0.551951581618439
TTTTAGC,0.548855411612337
TTTTAGG,0.571341134879079
TTTTAGT,0.530552974274079
TTTTATA,0.541025432584957
TTTTATC,0.570881632555183
TTTTATG,0.542066671611651
TTTTATT,0.549606879030218
TTTTCAA,0.543768182153756
TTTTCAC,0.540172702592402
TTTTCAG,0.529595471794136
TTTTCAT,0.548103379066474
TTTTCCA,0.53684960070543
TTTTCCC,0.52132288322188
TTTTCCG,0.55129561886424
TTTTCCT,0.52633308849596
TTTTCGA,0.556064952516456
TTTTCGC,0.544806570715632
TTTTCGG,0.546785959712392
TTTTCGT,0.553916892103012
TTTTCTA,0.526717451167669
TTTTCTC,0.542539603909466
TTTTCTG,0.533992411816249
TTTTCTT,0.47455831296096
TTTTGAA,0.560997334127819
TTTTGAC,0.572534853712235
TTTTGAG,0.548103379066474
TTTTGAT,0.5789381903994
TTTTGCA,0.549512976479392
TTTTGCC,0.532178627358997
TTTTGCG,0.544712216298664
TTTTGCT,0.54272871422017
TTTTGGA,0.563222887771637
TTTTGGC,0.546032368672738
TTTTGGG,0.597010691682709
TTTTGGT,0.575558678797771
TTTTGTA,0.535517261731385
TTTTGTC,0.529691263309161
TTTTGTG,0.526236974740055
TTTTGTT,0.504864151986362
TTTTTAA,0.525082888538928
TTTTTAC,0.545089580561758
TTTTTAG,0.527293718314617
TTTTTAT,0.544145902762502
TTTTTCA,0.545278209305316
TTTTTCC,0.530361547108925
TTTTTCG,0.553729885996893
TTTTTCT,0.471415676771619
TTTTTGA,0.539414109448797
TTTTTGC,0.532560750205863
TTTTTGG,0.562110730085728
TTTTTGT,0.473545638031314
TTTTTTA,0.525852427311248
TTTTTTC,0.491220617510227
TTTTTTG,0.47718647840991
TTTTTTT,0.0809078442790985
