MOTIF,Score
AAAAAA,0.167214555571839
AAAAAC,0.470364737912395
AAAAAG,0.577593542669248
AAAAAT,0.390533033264711
AAAACA,0.49268465965786
AAAACC,0.479700082725898
AAAACG,0.481498556945462
AAAACT,0.473624207985829
AAAAGA,0.609465619788717
AAAAGC,0.524730338009528
AAAAGG,0.546223872246542
AAAAGT,0.470808788900821
AAAATA,0.372331743585349
AAAATC,0.488716916633398
AAAATG,0.516562729214219
AAAATT,0.420965560996492
AAACAA,0.488139094821026
AAACAC,0.468644342270876
AAACAG,0.542720941765036
AAACAT,0.47718250143312
AAACCA,0.495135427064935
AAACCC,0.456997450083764
AAACCG,0.469724265257508
AAACCT,0.493056886964621
AAACGA,0.478842528252912
AAACGC,0.467019374200647
AAACGG,0.483413370981217
AAACGT,0.481093468834361
AAACTA,0.462407689837434
AAACTC,0.476523451120575
AAACTG,0.527267392446447
AAACTT,0.479711511818962
AAAGAA,0.680062649629824
AAAGAC,0.517669176644584
AAAGAG,0.584590170555319
AAAGAT,0.522247074316239
AAAGCA,0.528133426738318
AAAGCC,0.502926596359161
AAAGCG,0.479797225853551
AAAGCT,0.506805097023683
AAAGGA,0.587277674083389
AAAGGC,0.49455567289506
AAAGGG,0.489232142669904
AAAGGT,0.496485007958935
AAAGTA,0.454398541059665
AAAGTC,0.473537963177603
AAAGTG,0.499161904727387
AAAGTT,0.477594903248447
AAATAA,0.403141958394158
AAATAC,0.439780349502826
AAATAG,0.443834140108756
AAATAT,0.43168309153801
AAATCA,0.491465491564378
AAATCC,0.485267698614883
AAATCG,0.476190895682603
AAATCT,0.484443345532279
AAATGA,0.514439990179542
AAATGC,0.482615977335341
AAATGG,0.503428974255935
AAATGT,0.460626942517116
AAATTA,0.428969369582738
AAATTC,0.485301795139671
AAATTG,0.48972447332057
AAATTT,0.429017464132933
AACAAA,0.490431420896963
AACAAC,0.501171876733862
AACAAG,0.537756230773523
AACAAT,0.473549462915136
AACACA,0.472882259442525
AACACC,0.483470303347114
AACACG,0.467291349970512
AACACT,0.473290686828734
AACAGA,0.567851338463654
AACAGC,0.510729554675264
AACAGG,0.523210481280466
AACAGT,0.496164647376892
AACATA,0.452098381202501
AACATC,0.508588832043169
AACATG,0.485176768864684
AACATT,0.457944021391895
AACCAA,0.489803676306476
AACCAC,0.479894359545334
AACCAG,0.515907090884962
AACCAT,0.476489053962013
AACCCA,0.487141283193072
AACCCC,0.469539548291701
AACCCG,0.46353502007598
AACCCT,0.469701177502653
AACCGA,0.476758466709993
AACCGC,0.471529231288015
AACCGG,0.472105211724143
AACCGT,0.47096444841037
AACCTA,0.474647078934019
AACCTC,0.46502068876051
AACCTG,0.510269630448805
AACCTT,0.47457815422209
AACGAA,0.480197127568017
AACGAC,0.473618458563351
AACGAG,0.488093761339868
AACGAT,0.466446246949828
AACGCA,0.472266426813839
AACGCC,0.476403055888906
AACGCG,0.465275815929627
AACGCT,0.470877973896426
AACGGA,0.48753258936671
AACGGC,0.472300969523356
AACGGG,0.480899424857038
AACGGT,0.467968074944197
AACGTA,0.466880464421066
AACGTC,0.477382995780877
AACGTG,0.474974406455729
AACGTT,0.470168600676349
AACTAA,0.471125847498415
AACTAC,0.470405114333044
AACTAG,0.459263051705393
AACTAT,0.473463211660017
AACTCA,0.483698000403294
AACTCC,0.455382706545573
AACTCG,0.468280255155645
AACTCT,0.474693026102882
AACTGA,0.525358380922484
AACTGC,0.50441067338494
AACTGG,0.534158521894679
AACTGT,0.479911499805696
AACTTA,0.466457828529623
AACTTC,0.492447715575774
AACTTG,0.489124589927228
AACTTT,0.483367822754652
AAGAAA,0.744026022266392
AAGAAC,0.597244974420536
AAGAAG,0.945567788523075
AAGAAT,0.555680269746766
AAGACA,0.545084356415367
AAGACC,0.531079945577296
AAGACG,0.489339683846231
AAGACT,0.519466606183386
AAGAGA,0.62476176036976
AAGAGC,0.56385102931199
AAGAGG,0.691821391236373
AAGAGT,0.506354492487081
AAGATA,0.498034777657401
AAGATC,0.531014802892174
AAGATG,0.68755513586723
AAGATT,0.535126746293225
AAGCAA,0.518790887842489
AAGCAC,0.491465491564378
AAGCAG,0.583488418009344
AAGCAT,0.483088794588522
AAGCCA,0.52206633213527
AAGCCC,0.502055209688596
AAGCCG,0.481418693403837
AAGCCT,0.503440135343119
AAGCGA,0.473497713054783
AAGCGC,0.482085928431882
AAGCGG,0.504037071973123
AAGCGT,0.478796771351257
AAGCTA,0.481264652845079
AAGCTC,0.491081371561267
AAGCTG,0.568400589236382
AAGCTT,0.487492898617252
AAGGAA,0.615181093243305
AAGGAC,0.537497368811949
AAGGAG,0.666543999730252
AAGGAT,0.538478532634066
AAGGCA,0.496760323640857
AAGGCC,0.516876622267232
AAGGCG,0.483703692165475
AAGGCT,0.499346834091218
AAGGGA,0.50242955212245
AAGGGC,0.490595361335492
AAGGGG,0.491341233591054
AAGGGT,0.466104529988836
AAGGTA,0.476448922448244
AAGGTC,0.480591159952001
AAGGTG,0.539787049125919
AAGGTT,0.472220368011651
AAGTAA,0.45166945011869
AAGTAC,0.48826941713284
AAGTAG,0.452157124560094
AAGTAT,0.465623611751122
AAGTCA,0.49156149851518
AAGTCC,0.476053254179827
AAGTCG,0.478264693671507
AAGTCT,0.476661027924401
AAGTGA,0.506838467061684
AAGTGC,0.456646640613562
AAGTGG,0.52769233317661
AAGTGT,0.47391738470878
AAGTTA,0.471776943533029
AAGTTC,0.496305169039653
AAGTTG,0.505140744784016
AAGTTT,0.472928287769575
AATAAA,0.413110979312757
AATAAC,0.447175193235797
AATAAG,0.452339207042001
AATAAT,0.432917437576288
AATACA,0.432905460955572
AATACC,0.476104871963533
AATACG,0.464916299791654
AATACT,0.453835725602656
AATAGA,0.456927298034416
AATAGC,0.452433172126963
AATAGG,0.456611552896891
AATAGT,0.438875948289238
AATATA,0.426344712162728
AATATC,0.476953315802851
AATATG,0.475204046020512
AATATT,0.425759848111876
AATCAA,0.498657378027048
AATCAC,0.445970153279068
AATCAG,0.497159116006665
AATCAT,0.466874676094814
AATCCA,0.48503467457534
AATCCC,0.435710058767862
AATCCG,0.47413577424304
AATCCT,0.463982113507189
AATCGA,0.474049573545366
AATCGC,0.463052864226786
AATCGG,0.478556513261874
AATCGT,0.468407411751312
AATCTA,0.467811948284684
AATCTC,0.460883192972572
AATCTG,0.491149168166551
AATCTT,0.460976358678372
AATGAA,0.548269599894252
AATGAC,0.490917510786636
AATGAG,0.504845436581977
AATGAT,0.498236744577084
AATGCA,0.482627373151105
AATGCC,0.48161263665615
AATGCG,0.464655279684933
AATGCT,0.479951492604067
AATGGA,0.544329314114163
AATGGC,0.484437657978484
AATGGG,0.474405821655457
AATGGT,0.462268137925575
AATGTA,0.449845909612442
AATGTC,0.481892076958492
AATGTG,0.498707842153247
AATGTT,0.461610819171686
AATTAA,0.441889421805659
AATTAC,0.470208985016934
AATTAG,0.426736440049285
AATTAT,0.456664184010228
AATTCA,0.467736767494868
AATTCC,0.473169901734324
AATTCG,0.47319290954378
AATTCT,0.468973640238141
AATTGA,0.503596377485275
AATTGC,0.471206537274864
AATTGG,0.494854034980372
AATTGT,0.459117226828399
AATTTA,0.43342032616444
AATTTC,0.4598286509948
AATTTG,0.474089801462308
AATTTT,0.367049839442314
ACAAAA,0.459274716776961
ACAAAC,0.473670202175679
ACAAAG,0.531199362812977
ACAAAT,0.467059885918556
ACAACA,0.508821982726249
ACAACC,0.496917612862281
ACAACG,0.475720542312517
ACAACT,0.483310884553828
ACAAGA,0.537982680034198
ACAAGC,0.508821982726249
ACAAGG,0.530395735643532
ACAAGT,0.48550634987797
ACAATA,0.450863972890596
ACAATC,0.472623310619844
ACAATG,0.489543414364568
ACAATT,0.462146014025285
ACACAA,0.465356979108017
ACACAC,0.442399683375979
ACACAG,0.491132219446135
ACACAT,0.466857310915027
ACACCA,0.485205185299819
ACACCC,0.46799120274673
ACACCG,0.467563251789669
ACACCT,0.46557724596324
ACACGA,0.466318840718527
ACACGC,0.464341965596681
ACACGG,0.464927899104112
ACACGT,0.461203413729073
ACACTA,0.458399458585401
ACACTC,0.466301465883792
ACACTG,0.481817947345389
ACACTT,0.45883718344079
ACAGAA,0.57226817734176
ACAGAC,0.504405098270421
ACAGAG,0.516777508789209
ACAGAT,0.517685681516483
ACAGCA,0.533925791960412
ACAGCC,0.501132723673357
ACAGCG,0.484903929994241
ACAGCT,0.50216696837134
ACAGGA,0.528557999692626
ACAGGC,0.436438325648159
ACAGGG,0.469995506456223
ACAGGT,0.475777914325684
ACAGTA,0.460650240726657
ACAGTC,0.47785256804339
ACAGTG,0.517399558501814
ACAGTT,0.476282646160479
ACATAA,0.450975720168738
ACATAC,0.452380317853111
ACATAG,0.4494690222551
ACATAT,0.449869460356635
ACATCA,0.512727490849063
ACATCC,0.493930512757755
ACATCG,0.49795061273381
ACATCT,0.489458531692684
ACATGA,0.483635388881061
ACATGC,0.469164236878766
ACATGG,0.497226501824985
ACATGT,0.465525081882078
ACATTA,0.451663573072819
ACATTC,0.470307054483328
ACATTG,0.492701582087036
ACATTT,0.436062319632533
ACCAAA,0.498079662720357
ACCAAC,0.490974017535113
ACCAAG,0.538543190937406
ACCAAT,0.477148126936936
ACCACA,0.472692370195929
ACCACC,0.474359861288164
ACCACG,0.458300214308781
ACCACT,0.468615451310397
ACCAGA,0.544875571956081
ACCAGC,0.481470034984208
ACCAGG,0.510264087903231
ACCAGT,0.489571706987479
ACCATA,0.466423083387833
ACCATC,0.495326728463972
ACCATG,0.474290916776316
ACCATT,0.465084476655224
ACCCAA,0.485279064252321
ACCCAC,0.480956500523801
ACCCAG,0.477022077007336
ACCCAT,0.474836597400118
ACCCCA,0.485341572949282
ACCCCC,0.478030031843954
ACCCCG,0.467846645204497
ACCCCT,0.472462153059573
ACCCGA,0.474566666308222
ACCCGC,0.464469623927218
ACCCGG,0.463151637972416
ACCCGT,0.47063003883788
ACCCTA,0.467545898563111
ACCCTC,0.470480094789356
ACCCTG,0.50260270793117
ACCCTT,0.474670052782343
ACCGAA,0.478030031843954
ACCGAC,0.471488900230599
ACCGAG,0.487447535831639
ACCGAT,0.470641572064255
ACCGCA,0.474756200013167
ACCGCC,0.471661736168139
ACCGCG,0.463180687217443
ACCGCT,0.471903656306281
ACCGGA,0.482929314959116
ACCGGC,0.472836228996771
ACCGGG,0.475829546323412
ACCGGT,0.466822579650778
ACCGTA,0.467407061908737
ACCGTC,0.476305582464672
ACCGTG,0.477314259389977
ACCGTT,0.464701688239228
ACCTAA,0.463709236091322
ACCTAC,0.480882301521751
ACCTAG,0.463895033059985
ACCTAT,0.482114432832305
ACCTCA,0.478344809490264
ACCTCC,0.44894467705144
ACCTCG,0.46726820597607
ACCTCT,0.458084178006658
ACCTGA,0.524189358861937
ACCTGC,0.494966601316156
ACCTGG,0.516584760011721
ACCTGT,0.475404937390171
ACCTTA,0.467736767494868
ACCTTC,0.496260204255935
ACCTTG,0.478487857489786
ACCTTT,0.458271022941101
ACGAAA,0.472479421183355
ACGAAC,0.472721143611773
ACGAAG,0.480528353597149
ACGAAT,0.470387810352388
ACGACA,0.477142397739359
ACGACC,0.479431461428581
ACGACG,0.478751012355812
ACGACT,0.474503480422839
ACGAGA,0.496288307482691
ACGAGC,0.474497736053462
ACGAGG,0.500534050291555
ACGAGT,0.468967864015237
ACGATA,0.465895967347875
ACGATC,0.464220094713301
ACGATG,0.491256503392234
ACGATT,0.462157645515517
ACGCAA,0.468759897766642
ACGCAC,0.462640233088729
ACGCAG,0.475181084436934
ACGCAT,0.464916299791654
ACGCCA,0.465107671244522
ACGCCC,0.461040405066491
ACGCCG,0.471650214701616
ACGCCT,0.454785293021925
ACGCGA,0.460790018586115
ACGCGC,0.465223636121863
ACGCGG,0.468303375739346
ACGCGT,0.46061529320879
ACGCTA,0.464666882025423
ACGCTC,0.464080795514546
ACGCTG,0.47364145605493
ACGCTT,0.465507693250319
ACGGAA,0.493355696499256
ACGGAC,0.470082057311487
ACGGAG,0.479128461462767
ACGGAT,0.475318846030557
ACGGCA,0.476947585489051
ACGGCC,0.466214587181555
ACGGCG,0.467898688327055
ACGGCT,0.468933205977135
ACGGGA,0.480025760700797
ACGGGC,0.474991631252429
ACGGGG,0.458522040859737
ACGGGT,0.46648099128682
ACGGTA,0.464614670433099
ACGGTC,0.466017634174635
ACGGTG,0.466602586960716
ACGGTT,0.462599541923193
ACGTAA,0.461831912637908
ACGTAC,0.462052957232614
ACGTAG,0.465154058809213
ACGTAT,0.465536674135272
ACGTCA,0.472922534344554
ACGTCC,0.469937801724072
ACGTCG,0.465461322087348
ACGTCT,0.468748342817935
ACGTGA,0.471425519568093
ACGTGC,0.467065673172855
ACGTGG,0.488173093583271
ACGTGT,0.455921244154338
ACGTTA,0.462279767995419
ACGTTC,0.463697622634512
ACGTTG,0.46619141825281
ACGTTT,0.464243309360018
ACTAAA,0.448036733137981
ACTAAC,0.465780080415655
ACTAAG,0.462605355048216
ACTAAT,0.458895532280843
ACTACA,0.468274474926194
ACTACC,0.481658264896704
ACTACG,0.469816610946853
ACTACT,0.467881340920477
ACTAGA,0.464260719991396
ACTAGC,0.459408855320592
ACTAGG,0.461744644740625
ACTAGT,0.448225464671337
ACTATA,0.455517368139838
ACTATC,0.467117756954452
ACTATG,0.493276774355983
ACTATT,0.463058674717194
ACTCAA,0.483134355525808
ACTCAC,0.461378036385999
ACTCAG,0.495084782332958
ACTCAT,0.46401694356294
ACTCCA,0.464591464405898
ACTCCC,0.459216390058335
ACTCCG,0.46165155058858
ACTCCT,0.455804195429748
ACTCGA,0.467910253097591
ACTCGC,0.466243547587632
ACTCGG,0.46765579724583
ACTCGT,0.465409151958615
ACTCTA,0.461110269175601
ACTCTC,0.477279889422686
ACTCTG,0.469585730732035
ACTCTT,0.467048311309479
ACTGAA,0.530732468876216
ACTGAC,0.47918563829511
ACTGAG,0.495759834626455
ACTGAT,0.484767482638547
ACTGCA,0.446696895295068
ACTGCC,0.478522185965031
ACTGCG,0.469221986265249
ACTGCT,0.486233316927709
ACTGGA,0.5578600377771
ACTGGC,0.485307477780776
ACTGGG,0.477835392455742
ACTGGT,0.478190294663578
ACTGTA,0.459053057145187
ACTGTC,0.468840778669333
ACTGTG,0.48411910332708
ACTGTT,0.466272507155028
ACTTAA,0.449533809879327
ACTTAC,0.469089157690179
ACTTAG,0.456441944908385
ACTTAT,0.45547053138117
ACTTCA,0.495596738740279
ACTTCC,0.475990162158992
ACTTCG,0.478979786397055
ACTTCT,0.487889735238643
ACTTGA,0.462390246913439
ACTTGC,0.475978690454796
ACTTGG,0.469193111988881
ACTTGT,0.456751896377292
ACTTTA,0.459286381712456
ACTTTC,0.478596560285592
ACTTTG,0.475267187656937
ACTTTT,0.448484912383303
AGAAAA,0.658442665992987
AGAAAC,0.573179396007814
AGAAAG,0.620988133850062
AGAAAT,0.564853919858563
AGAACA,0.546512557374839
AGAACC,0.520608246456681
AGAACG,0.498808762766403
AGAACT,0.54023359896682
AGAAGA,0.973520466860265
AGAAGC,0.623396579283646
AGAAGG,0.66630219674684
AGAAGT,0.56898612440348
AGAATA,0.472041870113069
AGAATC,0.496119676274061
AGAATG,0.529395730195072
AGAATT,0.487356804086597
AGACAA,0.527185652369229
AGACAC,0.482336739274975
AGACAG,0.500287762812115
AGACAT,0.498074052197663
AGACCA,0.509842764527976
AGACCC,0.495872299051588
AGACCG,0.490346613571184
AGACCT,0.516237718561295
AGACGA,0.488614972336285
AGACGC,0.468077927242629
AGACGG,0.459898599810379
AGACGT,0.466260923428708
AGACTA,0.480237108945194
AGACTC,0.480465543297411
AGACTG,0.518004722174374
AGACTT,0.492024461452897
AGAGAA,0.636354682187331
AGAGAC,0.491584087046477
AGAGAG,0.542092974710267
AGAGAT,0.507705697420624
AGAGCA,0.544763131496893
AGAGCC,0.508177910436064
AGAGCG,0.50514631579874
AGAGCT,0.517938722113004
AGAGGA,0.739457284653067
AGAGGC,0.521052475161184
AGAGGG,0.508122367535889
AGAGGT,0.482627373151105
AGAGTA,0.466289882492919
AGAGTC,0.48182364981842
AGAGTG,0.511144967003883
AGAGTT,0.481007865838761
AGATAA,0.482376635200685
AGATAC,0.488320408197211
AGATAG,0.462622794220532
AGATAT,0.487044850911078
AGATCA,0.529308725921561
AGATCC,0.505747802783473
AGATCG,0.488263751298518
AGATCT,0.509021782912495
AGATGA,0.684617020272109
AGATGC,0.517047294677412
AGATGG,0.545603451880892
AGATGT,0.506693855520619
AGATTA,0.470843381996944
AGATTC,0.501350842634093
AGATTG,0.511471636806226
AGATTT,0.494381117951971
AGCAAA,0.528013642793231
AGCAAC,0.506321106294651
AGCAAG,0.546223872246542
AGCAAT,0.479362865702523
AGCACA,0.492729785499303
AGCACC,0.502943346355869
AGCACG,0.472214610512213
AGCACT,0.438363885059468
AGCAGA,0.607998960990085
AGCAGC,0.595037456920932
AGCAGG,0.543964976372625
AGCAGT,0.510740634577196
AGCATA,0.452350953160492
AGCATC,0.503724700985417
AGCATG,0.493237310948459
AGCATT,0.472490933100218
AGCCAA,0.524211222279626
AGCCAC,0.449339434412978
AGCCAG,0.501731038859773
AGCCAT,0.4809793298784
AGCCCA,0.500651575208335
AGCCCC,0.481082055524993
AGCCCG,0.468910099951061
AGCCCT,0.490103459368466
AGCCGA,0.475927066157302
AGCCGC,0.481361644111697
AGCCGG,0.485847181485619
AGCCGT,0.465275815929627
AGCCTA,0.464933698709887
AGCCTC,0.435733944781967
AGCCTG,0.452298094540723
AGCCTT,0.47067617094531
AGCGAA,0.484852764417613
AGCGAC,0.477892643267379
AGCGAG,0.499217947540086
AGCGAT,0.463674395316267
AGCGCA,0.487923742479718
AGCGCC,0.483094489819204
AGCGCG,0.469522229326694
AGCGCT,0.472824721054262
AGCGGA,0.506443516884603
AGCGGC,0.496057837705283
AGCGGG,0.513037062680666
AGCGGT,0.478859686551267
AGCGTA,0.471235353474357
AGCGTC,0.475049045098736
AGCGTG,0.493755848646222
AGCGTT,0.468950535146334
AGCTAA,0.463906644224417
AGCTAC,0.455733959618235
AGCTAG,0.470733833087017
AGCTAT,0.468095271239308
AGCTCA,0.478602281158064
AGCTCC,0.477640715175663
AGCTCG,0.481013572933118
AGCTCT,0.475559883162403
AGCTGA,0.537308573044841
AGCTGC,0.560804692890896
AGCTGG,0.535813130728971
AGCTGT,0.491888982289596
AGCTTA,0.464852501168047
AGCTTC,0.497726138299824
AGCTTG,0.480556902429269
AGCTTT,0.463116777764454
AGGAAA,0.597341505640904
AGGAAC,0.557622187326044
AGGAAG,0.736871262873061
AGGAAT,0.520877000981487
AGGACA,0.543568340297584
AGGACC,0.533319357278538
AGGACG,0.507961275677432
AGGACT,0.508544416225408
AGGAGA,0.67458493164585
AGGAGC,0.603358815523527
AGGAGG,0.733547287788024
AGGAGT,0.512561609366183
AGGATA,0.495984750829896
AGGATC,0.511958674925233
AGGATG,0.59823524691426
AGGATT,0.489758418225526
AGGCAA,0.503707964071395
AGGCAC,0.465281613517978
AGGCAG,0.492430788849978
AGGCAT,0.446909500401191
AGGCCA,0.521386887548042
AGGCCC,0.498169426802714
AGGCCG,0.482997666486079
AGGCCT,0.468996744796116
AGGCGA,0.486494441676735
AGGCGC,0.464109817781175
AGGCGG,0.47550823723919
AGGCGT,0.450422743239025
AGGCTA,0.46761530966261
AGGCTC,0.477428817416789
AGGCTG,0.418708593649875
AGGCTT,0.474491991651088
AGGGAA,0.510502389627304
AGGGAC,0.477279889422686
AGGGAG,0.507383353444183
AGGGAT,0.472594534388832
AGGGCA,0.491527614761503
AGGGCC,0.48965092207338
AGGGCG,0.470399346372762
AGGGCT,0.474991631252429
AGGGGA,0.494352961075136
AGGGGC,0.467939164438815
AGGGGG,0.490493608365092
AGGGGT,0.453806403617179
AGGGTA,0.468124177231982
AGGGTC,0.467117756954452
AGGGTG,0.472525468055684
AGGGTT,0.448779657644287
AGGTAA,0.475668904686242
AGGTAC,0.469291281127129
AGGTAG,0.454990328082886
AGGTAT,0.463877616060546
AGGTCA,0.464748094639868
AGGTCC,0.475427893834366
AGGTCG,0.472830475042071
AGGTCT,0.464568257840165
AGGTGA,0.526695071545954
AGGTGC,0.484750425409941
AGGTGG,0.528176980979373
AGGTGT,0.473635706731618
AGGTTA,0.456477038576613
AGGTTC,0.473514963305797
AGGTTG,0.454474731306899
AGGTTT,0.448148796781778
AGTAAA,0.453313665663558
AGTAAC,0.45460365542554
AGTAAG,0.46031818998542
AGTAAT,0.437750254748728
AGTACA,0.484318211875736
AGTACC,0.49080448770974
AGTACG,0.470705002431779
AGTACT,0.472617555439887
AGTAGA,0.447281450606838
AGTAGC,0.424154236702633
AGTAGG,0.44768866596613
AGTAGT,0.442963041913909
AGTATA,0.444361171149123
AGTATC,0.468979416427681
AGTATG,0.484642389538429
AGTATT,0.443176442255352
AGTCAA,0.484545715969418
AGTCAC,0.463796332718608
AGTCAG,0.490176977339728
AGTCAT,0.465600429125904
AGTCCA,0.478956911347977
AGTCCC,0.4686674544383
AGTCCG,0.470387810352388
AGTCCT,0.459851967810312
AGTCGA,0.47591559372926
AGTCGC,0.466857310915027
AGTCGG,0.477634988799534
AGTCGT,0.469031400632195
AGTCTA,0.462785545164923
AGTCTC,0.449792918410027
AGTCTG,0.481783731824304
AGTCTT,0.447210613614006
AGTGAA,0.547143097960945
AGTGAC,0.508760924706025
AGTGAG,0.464632074600103
AGTGAT,0.481521373928758
AGTGCA,0.454843878757772
AGTGCC,0.488326073710534
AGTGCG,0.473583961334293
AGTGCT,0.439447244210338
AGTGGA,0.569910780599877
AGTGGC,0.47086644339622
AGTGGG,0.487628974628707
AGTGGT,0.465559858238528
AGTGTA,0.449963657787424
AGTGTC,0.478693810666822
AGTGTG,0.496625484614466
AGTGTT,0.45824183072126
AGTTAA,0.459758697286041
AGTTAC,0.481064935316694
AGTTAG,0.458609590428188
AGTTAT,0.448815021238331
AGTTCA,0.465513489494501
AGTTCC,0.4793742986503
AGTTCG,0.472611800226808
AGTTCT,0.47105091544712
AGTTGA,0.491544556781855
AGTTGC,0.472185822517779
AGTTGG,0.501870780551424
AGTTGT,0.464225898425504
AGTTTA,0.447051212031129
AGTTTC,0.45744163214906
AGTTTG,0.501691907686486
AGTTTT,0.42688103925753
ATAAAA,0.417450491128674
ATAAAC,0.464225898425504
ATAAAG,0.47558283604991
ATAAAT,0.410511677112164
ATAACA,0.463883421760732
ATAACC,0.463058674717194
ATAACG,0.462303027729339
ATAACT,0.454908319103158
ATAAGA,0.47296280762458
ATAAGC,0.462378618128409
ATAAGG,0.472847736806849
ATAAGT,0.449091992800121
ATAATA,0.419807378030877
ATAATC,0.456576463949029
ATAATG,0.481373054230498
ATAATT,0.425114291769354
ATACAA,0.449663372536831
ATACAC,0.464283933695041
ATACAG,0.466006047495543
ATACAT,0.442097117818564
ATACCA,0.481487148258581
ATACCC,0.462471644622465
ATACCG,0.468563445478028
ATACCT,0.463947282238262
ATACGA,0.467632661684714
ATACGC,0.463174877435946
ATACGG,0.466567846848302
ATACGT,0.460399756523106
ATACTA,0.452350953160492
ATACTC,0.463505981122381
ATACTG,0.472583023664563
ATACTT,0.455417837405401
ATAGAA,0.474417311417232
ATAGAC,0.464893100763097
ATAGAG,0.464997492153578
ATAGAT,0.466492572464229
ATAGCA,0.457213721260783
ATAGCC,0.461081159723313
ATAGCG,0.46301218984857
ATAGCT,0.451839869425936
ATAGGA,0.469770439168147
ATAGGC,0.455774931107787
ATAGGG,0.453407539232327
ATAGGT,0.450469817011858
ATAGTA,0.437821765040777
ATAGTC,0.448803233512603
ATAGTG,0.459362200476634
ATAGTT,0.433976800838945
ATATAA,0.432294463020154
ATATAC,0.448956463109998
ATATAG,0.448190080221937
ATATAT,0.394031775199457
ATATCA,0.476586509505163
ATATCC,0.47710802186458
ATATCG,0.472180064819441
ATATCT,0.458341080791998
ATATGA,0.488501688704815
ATATGC,0.462006425588739
ATATGG,0.485119933571818
ATATGT,0.443022324354702
ATATTA,0.438756887213896
ATATTC,0.462866910705245
ATATTG,0.473434459588392
ATATTT,0.40721154678805
ATCAAA,0.501445905242856
ATCAAC,0.504968027931795
ATCAAG,0.539808574174211
ATCAAT,0.473997849559867
ATCACA,0.472266426813839
ATCACC,0.477337172045247
ATCACG,0.458119214091208
ATCACT,0.446826826008712
ATCAGA,0.519565453506804
ATCAGC,0.494662643124379
ATCAGG,0.498074052197663
ATCAGT,0.482120133614891
ATCATA,0.455962207971439
ATCATC,0.501798117308832
ATCATG,0.490555791966179
ATCATT,0.469585730732035
ATCCAA,0.49223328920925
ATCCAC,0.462587915571769
ATCCAG,0.515002817090813
ATCCAT,0.472220368011651
ATCCCA,0.443407574579861
ATCCCC,0.475094973802527
ATCCCG,0.479036971730557
ATCCCT,0.476546381902321
ATCCGA,0.479494336710862
ATCCGC,0.473008832244366
ATCCGG,0.479254246178871
ATCCGT,0.471517708294731
ATCCTA,0.462605355048216
ATCCTC,0.46219835466594
ATCCTG,0.520136380140008
ATCCTT,0.46722191638019
ATCGAA,0.489515120941163
ATCGAC,0.481036400984843
ATCGAG,0.495894790418904
ATCGAT,0.474962923093097
ATCGCA,0.476173691530785
ATCGCC,0.479031253344362
ATCGCG,0.464777097546705
ATCGCT,0.458918870863612
ATCGGA,0.485824462992146
ATCGGC,0.482228442309684
ATCGGG,0.479322849355914
ATCGGT,0.477102292437228
ATCGTA,0.465733721882167
ATCGTC,0.480391307856529
ATCGTG,0.476666759880498
ATCGTT,0.472087937137201
ATCTAA,0.462721610452824
ATCTAC,0.483447530789709
ATCTAG,0.460178346154596
ATCTAT,0.474153013490944
ATCTCA,0.454920035083462
ATCTCC,0.475066268609859
ATCTCG,0.462471644622465
ATCTCT,0.45175760166225
ATCTGA,0.497069261184782
ATCTGC,0.483316578519801
ATCTGG,0.502362516017109
ATCTGT,0.483931336091956
ATCTTA,0.457213721260783
ATCTTC,0.493986849512308
ATCTTG,0.475192565294627
ATCTTT,0.48006003642365
ATGAAA,0.522942353241902
ATGAAC,0.522340171177059
ATGAAG,0.700560898830583
ATGAAT,0.495506743415217
ATGACA,0.521079890220545
ATGACC,0.522619409768662
ATGACG,0.483088794588522
ATGACT,0.491482434637246
ATGAGA,0.527441748950193
ATGAGC,0.497220886513556
ATGAGG,0.573897371922958
ATGAGT,0.485619973321695
ATGATA,0.496119676274061
ATGATC,0.503925522107036
ATGATG,0.619493569461577
ATGATT,0.486800892445944
ATGCAA,0.489945094608995
ATGCAC,0.46873678773571
ATGCAG,0.50892743779914
ATGCAT,0.456488736192346
ATGCCA,0.490945764560001
ATGCCC,0.4793742986503
ATGCCG,0.478630885029504
ATGCCT,0.460137554686552
ATGCGA,0.468759897766642
ATGCGC,0.469135360934854
ATGCGG,0.475571359672011
ATGCGT,0.462663484439935
ATGCTA,0.464376783121237
ATGCTC,0.466915193674996
ATGCTG,0.510796032245465
ATGCTT,0.472180064819441
ATGGAA,0.567364607149322
ATGGAC,0.524976140908772
ATGGAG,0.566631446299744
ATGGAT,0.522493488292118
ATGGCA,0.489560390034371
ATGGCC,0.500791467816952
ATGGCG,0.472064903890407
ATGGCT,0.504912306454016
ATGGGA,0.503289450154532
ATGGGC,0.47265784100404
ATGGGG,0.466208794999693
ATGGGT,0.464782898027133
ATGGTA,0.457570174354038
ATGGTC,0.464597265963185
ATGGTG,0.470307054483328
ATGGTT,0.466996223910671
ATGTAA,0.446885879843643
ATGTAC,0.478779611973342
ATGTAG,0.457237099127205
ATGTAT,0.43955432586989
ATGTCA,0.488988717294839
ATGTCC,0.480619706991155
ATGTCG,0.4710163295296
ATGTCT,0.471125847498415
ATGTGA,0.503021509297726
ATGTGC,0.469978195386208
ATGTGG,0.514793173499006
ATGTGT,0.463790526512786
ATGTTA,0.450246196852552
ATGTTC,0.483043231575342
ATGTTG,0.466533105528971
ATGTTT,0.442423410136777
ATTAAA,0.454328206447982
ATTAAC,0.457020833006632
ATTAAG,0.456652488446647
ATTAAT,0.436665054589248
ATTACA,0.422709398835486
ATTACC,0.470139753720249
ATTACG,0.467059885918556
ATTACT,0.467800382377213
ATTAGA,0.450981601258531
ATTAGC,0.43261198893221
ATTAGG,0.456757743594893
ATTAGT,0.440725526275955
ATTATA,0.429888777189717
ATTATC,0.467441772879461
ATTATG,0.48371507559265
ATTATT,0.433887067801574
ATTCAA,0.4827698098919
ATTCAC,0.459373864391688
ATTCAG,0.482633071010287
ATTCAT,0.457932340787247
ATTCCA,0.477823941900085
ATTCCC,0.463430475896327
ATTCCG,0.469429856447218
ATTCCT,0.473175653736316
ATTCGA,0.476196630334103
ATTCGC,0.471246879721654
ATTCGG,0.477921267444124
ATTCGT,0.471252642795483
ATTCTA,0.458084178006658
ATTCTC,0.44712206031599
ATTCTG,0.47966579466294
ATTCTT,0.453747757066765
ATTGAA,0.532219256175635
ATTGAC,0.49426848568746
ATTGAG,0.494330435002831
ATTGAT,0.482462121110686
ATTGCA,0.474549434189969
ATTGCC,0.480591159952001
ATTGCG,0.466475200647819
ATTGCT,0.462930836128586
ATTGGA,0.518070717880023
ATTGGC,0.474210475504332
ATTGGG,0.46818198671078
ATTGGT,0.471494661909818
ATTGTA,0.459863626014194
ATTGTC,0.472853490662227
ATTGTG,0.478035755958371
ATTGTT,0.449845909612442
ATTTAA,0.413367485074618
ATTTAC,0.462768108830643
ATTTAG,0.447234226502497
ATTTAT,0.410572914844518
ATTTCA,0.461191771134342
ATTTCC,0.472421859611091
ATTTCG,0.464109817781175
ATTTCT,0.449127345350792
ATTTGA,0.474968664790897
ATTTGC,0.472462153059573
ATTTGG,0.487073214312285
ATTTGT,0.453272593206021
ATTTTA,0.39926633225179
ATTTTC,0.448349300385199
ATTTTG,0.465704746707352
ATTTTT,0.320226429123683
CAAAAA,0.451975008918118
CAAAAC,0.476987696996106
CAAAAG,0.523068218212947
CAAAAT,0.468008548247611
CAAACA,0.48346461025638
CAAACC,0.481863566219152
CAAACG,0.472571512807796
CAAACT,0.481703891055416
CAAAGA,0.581270939396314
CAAAGC,0.499307609508061
CAAAGG,0.518928265944296
CAAAGT,0.454826303397405
CAAATA,0.454158210710243
CAAATC,0.479174203190174
CAAATG,0.476208099538443
CAAATT,0.470975977780591
CAACAA,0.52159515350076
CAACAC,0.473905889201497
CAACAG,0.531584657554995
CAACAT,0.477216874747738
CAACCA,0.495855430194122
CAACCC,0.481150533427325
CAACCG,0.470958683675412
CAACCT,0.46822245135758
CAACGA,0.478447806112519
CAACGC,0.472323997333497
CAACGG,0.474710255746941
CAACGT,0.476213834091286
CAACTA,0.472680860597773
CAACTC,0.473911636971657
CAACTG,0.498298448556218
CAACTT,0.486817914735396
CAAGAA,0.645750084171218
CAAGAC,0.493885441068843
CAAGAG,0.542318444155327
CAAGAT,0.514969718392827
CAAGCA,0.517195921111143
CAAGCC,0.498225525262717
CAAGCG,0.479014097989574
CAAGCT,0.504148609397225
CAAGGA,0.589553570922083
CAAGGC,0.498270401764964
CAAGGG,0.492295364728117
CAAGGT,0.504544466809663
CAAGTA,0.466388337038777
CAAGTC,0.484750425409941
CAAGTG,0.481892076958492
CAAGTT,0.485154035135166
CAATAA,0.45766364921697
CAATAC,0.464220094713301
CAATAG,0.463389816874643
CAATAT,0.467846645204497
CAATCA,0.478327642355144
CAATCC,0.464463821629359
CAATCG,0.467331850671936
CAATCT,0.455657865255186
CAATGA,0.509304764858312
CAATGC,0.482057423218935
CAATGG,0.491454196022982
CAATGT,0.485608611558268
CAATTA,0.466405710364218
CAATTC,0.467273992024897
CAATTG,0.479191355798543
CAATTT,0.463035432552988
CACAAA,0.473888645692794
CACAAC,0.477875468368039
CACAAG,0.487697005691308
CACAAT,0.454785293021925
CACACA,0.437040834083753
CACACC,0.451587168333217
CACACG,0.461412957258514
CACACT,0.451763478155538
CACAGA,0.51905463713172
CACAGC,0.503596377485275
CACAGG,0.490075181786439
CACAGT,0.470093596859553
CACATA,0.450899262853825
CACATC,0.47907699951835
CACATG,0.464225898425504
CACATT,0.45601487327072
CACCAA,0.512666670833617
CACCAC,0.434670464554094
CACCAG,0.501691907686486
CACCAT,0.459997685590947
CACCCA,0.457517590903642
CACCCC,0.463523404595731
CACCCG,0.465142462119771
CACCCT,0.477869743336041
CACCGA,0.476999157131182
CACCGC,0.46352921235272
CACCGG,0.465866996873838
CACCGT,0.46801433001438
CACCTA,0.47291678088643
CACCTC,0.453249122472858
CACCTG,0.455060616141551
CACCTT,0.470595438360642
CACGAA,0.465229434012739
CACGAC,0.46490470034465
CACGAG,0.466179833587135
CACGAT,0.460236616794091
CACGCA,0.464231702104024
CACGCC,0.434760127325573
CACGCG,0.460790018586115
CACGCT,0.466573636950849
CACGGA,0.482917922583726
CACGGC,0.464260719991396
CACGGG,0.46418527173272
CACGGT,0.458808007743994
CACGTA,0.462872722276232
CACGTC,0.463807945029116
CACGTG,0.459869455065168
CACGTT,0.463691815855529
CACTAA,0.460195827702971
CACTAC,0.468199328902763
CACTAG,0.462076222242628
CACTAT,0.459053057145187
CACTCA,0.468938982400235
CACTCC,0.441295766818215
CACTCG,0.462553035706444
CACTCT,0.456020724799432
CACTGA,0.489441554293665
CACTGC,0.411374782993748
CACTGG,0.482701442788284
CACTGT,0.465188848070663
CACTTA,0.449604482500744
CACTTC,0.459263051705393
CACTTG,0.444177630062657
CACTTT,0.434509051303327
CAGAAA,0.5818231903125
CAGAAC,0.512102527167946
CAGAAG,0.657677697724858
CAGAAT,0.499974218266735
CAGACA,0.507138747304107
CAGACC,0.504198797179613
CAGACG,0.469862780593826
CAGACT,0.50019259003829
CAGAGA,0.562836614618518
CAGAGC,0.504527743610483
CAGAGG,0.571032801741724
CAGAGT,0.486324150661352
CAGATA,0.493158379461022
CAGATC,0.522734367705271
CAGATG,0.558272177924939
CAGATT,0.505998315622386
CAGCAA,0.538984910820563
CAGCAC,0.472790196432117
CAGCAG,0.624143702722018
CAGCAT,0.498135766216072
CAGCCA,0.515692124260496
CAGCCC,0.480128584345081
CAGCCG,0.488212757344996
CAGCCT,0.382226890231692
CAGCGA,0.499548536219376
CAGCGC,0.478384864992816
CAGCGG,0.501798117308832
CAGCGT,0.480848053971528
CAGCTA,0.448030834703577
CAGCTC,0.474377096673442
CAGCTG,0.553856622389447
CAGCTT,0.488563996290224
CAGGAA,0.579239957320898
CAGGAC,0.510402642327487
CAGGAG,0.549821132570975
CAGGAT,0.515736223745832
CAGGCA,0.459560468532552
CAGGCC,0.500791467816952
CAGGCG,0.445863756474207
CAGGCT,0.421849969945841
CAGGGA,0.504087265353498
CAGGGC,0.479225660132672
CAGGGG,0.467372349733119
CAGGGT,0.456155300510323
CAGGTA,0.470958683675412
CAGGTC,0.478133060890677
CAGGTG,0.502323409546946
CAGGTT,0.456997450083764
CAGTAA,0.447883362535091
CAGTAC,0.487311435126796
CAGTAG,0.453137628966827
CAGTAT,0.464933698709887
CAGTCA,0.478442084356245
CAGTCC,0.475726279661956
CAGTCG,0.471823022762876
CAGTCT,0.460341495389369
CAGTGA,0.521381406279294
CAGTGC,0.490273108070635
CAGTGG,0.506031712593126
CAGTGT,0.486125441151584
CAGTTA,0.4727326527463
CAGTTC,0.47550823723919
CAGTTG,0.485364302415814
CAGTTT,0.470999036122261
CATAAA,0.453061336773408
CATAAC,0.458761324858508
CATAAG,0.460498792661069
CATAAT,0.447924656934517
CATACA,0.460155036948034
CATACC,0.456506282359386
CATACG,0.464898900570692
CATACT,0.461407137197779
CATAGA,0.473135389027561
CATAGC,0.454252005035739
CATAGG,0.456944836508131
CATAGT,0.445367088317388
CATATA,0.440945344998751
CATATC,0.462646045977214
CATATG,0.469758895890364
CATATT,0.45255061606813
CATCAA,0.524812279022689
CATCAC,0.485818783288131
CATCAG,0.513202865319927
CATCAT,0.498247963765578
CATCCA,0.494617604422485
CATCCC,0.488331739191759
CATCCG,0.479854364461941
CATCCT,0.483475996405437
CATCGA,0.503501519096046
CATCGC,0.479202790707341
CATCGG,0.482228442309684
CATCGT,0.485631334956034
CATCTA,0.481219006640754
CATCTC,0.467337636352525
CATCTG,0.50299917765203
CATCTT,0.496985014955904
CATGAA,0.515355801720199
CATGAC,0.464370980284662
CATGAG,0.472525468055684
CATGAT,0.478121613743001
CATGCA,0.475559883162403
CATGCC,0.442802961767079
CATGCG,0.467198770778703
CATGCT,0.469377892952524
CATGGA,0.548349634677274
CATGGC,0.486409299793922
CATGGG,0.479991483803079
CATGGT,0.443022324354702
CATGTA,0.452333333931016
CATGTC,0.472421859611091
CATGTG,0.461360575492431
CATGTT,0.439006899101444
CATTAA,0.465565654180358
CATTAC,0.462221616293567
CATTAG,0.453319533019785
CATTAT,0.446318819018679
CATTCA,0.4646146704331
CATTCC,0.466892040973057
CATTCG,0.475904121169601
CATTCT,0.45025208223429
CATTGA,0.512224232135537
CATTGC,0.476127812345525
CATTGG,0.480282799990409
CATTGT,0.464620471855757
CATTTA,0.44203778050226
CATTTC,0.455915392043482
CATTTG,0.474382841735855
CATTTT,0.421862079707791
CCAAAA,0.497265808122117
CCAAAC,0.483316578519801
CCAAAG,0.508932987758092
CCAAAT,0.474055320489723
CCAACA,0.495585489767559
CCAACC,0.478865405918629
CCAACG,0.473491962904985
CCAACT,0.4855574820253
CCAAGA,0.579079576971062
CCAAGC,0.511150504669308
CCAAGG,0.535996807273153
CCAAGT,0.470405114333044
CCAATA,0.469949342936892
CCAATC,0.469452950467045
CCAATG,0.490945764560001
CCAATT,0.478510743270887
CCACAA,0.48494372363289
CCACAC,0.455101615227712
CCACAG,0.511637699178923
CCACAT,0.468690566071563
CCACCA,0.462111118742818
CCACCC,0.46308772666282
CCACCG,0.461959891779569
CCACCT,0.449327652867304
CCACGA,0.468332275717265
CCACGC,0.455142612633017
CCACGG,0.472444884637598
CCACGT,0.465449728960616
CCACTA,0.469643455783339
CCACTC,0.463912449756076
CCACTG,0.448148796781778
CCACTT,0.470301285957411
CCAGAA,0.560209073614424
CCAGAC,0.494020650041665
CCAGAG,0.525593113080451
CCAGAT,0.516513158145185
CCAGCA,0.50771125416431
CCAGCC,0.428716835238154
CCAGCG,0.489243463338361
CCAGCT,0.464626273244758
CCAGGA,0.551274508899146
CCAGGC,0.429125668414397
CCAGGG,0.480528353597149
CCAGGT,0.48750990913135
CCAGTA,0.463291066653195
CCAGTC,0.467586388956659
CCAGTG,0.50841115693431
CCAGTT,0.479591499826412
CCATAA,0.466046600285031
CCATAC,0.466903617391032
CCATAG,0.460685187023237
CCATAT,0.463395625407527
CCATCA,0.509260380828618
CCATCC,0.482786900937507
CCATCG,0.483646773085783
CCATCT,0.466417292413497
CCATGA,0.49888724953578
CCATGC,0.463238783176043
CCATGG,0.502926596359161
CCATGT,0.439714926862635
CCATTA,0.465600429125904
CCATTC,0.459029721693962
CCATTG,0.484392156383551
CCATTT,0.457757115343168
CCCAAA,0.464330359485766
CCCAAC,0.482068825401619
CCCAAG,0.504750696608125
CCCAAT,0.479380015075171
CCCACA,0.486874653607627
CCCACC,0.457599386187319
CCCACG,0.463140018038121
CCCACT,0.479545777183328
CCCAGA,0.51213572090083
CCCAGC,0.427675961371772
CCCAGG,0.46664890523332
CCCAGT,0.473020338068342
CCCATA,0.459292214129178
CCCATC,0.468158863320292
CCCATG,0.480511223906651
CCCATT,0.465113469807787
CCCCAA,0.507010861187305
CCCCAC,0.474463269144233
CCCCAG,0.489413257988102
CCCCAT,0.467007799122651
CCCCCA,0.478007135058625
CCCCCC,0.466110322774649
CCCCCG,0.467106183015194
CCCCCT,0.470601205189988
CCCCGA,0.481213300718709
CCCCGC,0.458784666573663
CCCCGG,0.46696728529452
CCCCGT,0.455979763379382
CCCCTA,0.46441740203445
CCCCTC,0.4686674544383
CCCCTG,0.473871401886746
CCCCTT,0.469447177012088
CCCGAA,0.479831509410362
CCCGAC,0.473491962904985
CCCGAG,0.470312822975969
CCCGAT,0.469181562044888
CCCGCA,0.477566269728138
CCCGCC,0.450846327441953
CCCGCG,0.465861202678314
CCCGCT,0.464208487187845
CCCGGA,0.491318639573326
CCCGGC,0.449103777122546
CCCGGG,0.453213915340191
CCCGGT,0.468627007794751
CCCGTA,0.467013586678397
CCCGTC,0.457505905316936
CCCGTG,0.476867357647817
CCCGTT,0.463418859201677
CCCTAA,0.465356979108017
CCCTAC,0.471292983382345
CCCTAG,0.460883192972572
CCCTAT,0.467765683852156
CCCTCA,0.473785178395995
CCCTCC,0.4646146704331
CCCTCG,0.470474327261543
CCCTCT,0.478236079323508
CCCTGA,0.50584244834306
CCCTGC,0.475359022920726
CCCTGG,0.504956883884627
CCCTGT,0.466052393406427
CCCTTA,0.467534329578106
CCCTTC,0.478098719054532
CCCTTG,0.472335511039716
CCCTTT,0.469730037112935
CCGAAA,0.481253241489331
CCGAAC,0.470975977780591
CCGAAG,0.494257221763246
CCGAAT,0.474112788116861
CCGACA,0.478190294663578
CCGACC,0.469995506456223
CCGACG,0.471004800624603
CCGACT,0.469412535582341
CCGAGA,0.487141283193072
CCGAGC,0.4872036755971
CCGAGG,0.485551800804706
CCGAGT,0.466504153507517
CCGATA,0.465264220652086
CCGATC,0.472456396952047
CCGATG,0.467540114087339
CCGATT,0.46956263977847
CCGCAA,0.483419064363667
CCGCAC,0.466098737169466
CCGCAG,0.482524806133807
CCGCAT,0.481914884964717
CCGCCA,0.475077750785805
CCGCCC,0.460463839849975
CCGCCG,0.468719454862018
CCGCCT,0.449881235520746
CCGCGA,0.471598366459489
CCGCGC,0.460900662203583
CCGCGG,0.467094608941979
CCGCGT,0.469660772648975
CCGCTA,0.465061281527925
CCGCTC,0.46404596768273
CCGCTG,0.476139282339175
CCGCTT,0.47203035302544
CCGGAA,0.495180442451331
CCGGAC,0.476385855386768
CCGGAG,0.502915429538819
CCGGAT,0.473261929796163
CCGGCA,0.4794829051354
CCGGCC,0.454339929226806
CCGGCG,0.466162456336985
CCGGCT,0.460702659713572
CCGGGA,0.488365731405076
CCGGGC,0.457050060891355
CCGGGG,0.473744938222589
CCGGGT,0.454855595493078
CCGGTA,0.464893100763097
CCGGTC,0.466203002784282
CCGGTG,0.475835283047493
CCGGTT,0.463285257512945
CCGTAA,0.464481228421936
CCGTAC,0.466614166729998
CCGTAG,0.46775411740958
CCGTAT,0.467835079698323
CCGTCA,0.472749916199732
CCGTCC,0.465895967347875
CCGTCG,0.472185822517779
CCGTCT,0.450975720168738
CCGTGA,0.481064935316694
CCGTGC,0.468112614935179
CCGTGG,0.485761984473668
CCGTGT,0.466417292413497
CCGTTA,0.465188848070663
CCGTTC,0.463593095453517
CCGTTG,0.463993723660566
CCGTTT,0.468898546737812
CCTAAA,0.455938800281427
CCTAAC,0.464794498887055
CCTAAG,0.46715247796851
CCTAAT,0.459455507987978
CCTACA,0.483800447166273
CCTACC,0.468713677170692
CCTACG,0.470457024478516
CCTACT,0.467435987801343
CCTAGA,0.476884549869938
CCTAGC,0.453882638991151
CCTAGG,0.457494219593677
CCTAGT,0.456810367014815
CCTATA,0.456365904402006
CCTATC,0.466949921722848
CCTATG,0.498747090268623
CCTATT,0.469805068202034
CCTCAA,0.477640715175663
CCTCAC,0.474491991651088
CCTCAG,0.456781132123406
CCTCAT,0.473888645692794
CCTCCA,0.479774369496014
CCTCCC,0.383272085492489
CCTCCG,0.46344209245603
CCTCCT,0.44189535657614
CCTCGA,0.478899721435881
CCTCGC,0.467690499583933
CCTCGG,0.458422808748564
CCTCGT,0.469793525323979
CCTCTA,0.467488052299626
CCTCTC,0.464724891708742
CCTCTG,0.461924990001597
CCTCTT,0.456453642934635
CCTGAA,0.551918004387628
CCTGAC,0.44936299708792
CCTGAG,0.498388193002495
CCTGAT,0.501563323049092
CCTGCA,0.515962203089538
CCTGCC,0.431856950872871
CCTGCG,0.474664309369743
CCTGCT,0.473422958528267
CCTGGA,0.576219456765155
CCTGGC,0.441325457939202
CCTGGG,0.42125641189667
CCTGGT,0.484403531976385
CCTGTA,0.422800140459862
CCTGTC,0.466938345840901
CCTGTG,0.506788411587088
CCTGTT,0.475215526614592
CCTTAA,0.461366395824163
CCTTAC,0.470047437868302
CCTTAG,0.454169935482048
CCTTAT,0.464800299266548
CCTTCA,0.499935018285225
CCTTCC,0.466816790989459
CCTTCG,0.479522915077802
CCTTCT,0.485216551647778
CCTTGA,0.483891502145521
CCTTGC,0.477520454390227
CCTTGG,0.475186824882257
CCTTGT,0.461948257988926
CCTTTA,0.454914177110468
CCTTTC,0.465362776225839
CCTTTG,0.488660282195827
CCTTTT,0.453413406037791
CGAAAA,0.485125617246468
CGAAAC,0.470001276746301
CGAAAG,0.488297745822933
CGAAAT,0.472634820880393
CGAACA,0.474773428568806
CGAACC,0.467291349970512
CGAACG,0.464469623927218
CGAACT,0.457873935717372
CGAAGA,0.513838187556604
CGAAGC,0.479145614855737
CGAAGG,0.4825077106081
CGAAGT,0.474509224759218
CGAATA,0.468378513944772
CGAATC,0.471592605377753
CGAATG,0.482131535082567
CGAATT,0.468020111747719
CGACAA,0.486681728305859
CGACAC,0.470849147396622
CGACAG,0.472721143611773
CGACAT,0.477348628176013
CGACCA,0.470975977780591
CGACCC,0.474233459385192
CGACCG,0.468522994627362
CGACCT,0.481435807556846
CGACGA,0.4821828400785
CGACGC,0.466498363002638
CGACGG,0.471004800624603
CGACGT,0.465687361199465
CGACTA,0.469019848820282
CGACTC,0.468430529395299
CGACTG,0.472508200727034
CGACTT,0.480602578865454
CGAGAA,0.504421823520732
CGAGAC,0.469389440629143
CGAGAG,0.502122266397032
CGAGAT,0.482718535002386
CGAGCA,0.484136171327599
CGAGCC,0.470601205189988
CGAGCG,0.472335511039716
CGAGCT,0.483498768314623
CGAGGA,0.540534772989277
CGAGGC,0.471805743300506
CGAGGG,0.484847079191941
CGAGGT,0.476678223694125
CGAGTA,0.467354993193449
CGAGTC,0.467378135179399
CGAGTG,0.474411566552847
CGAGTT,0.468985192583856
CGATAA,0.466596797025791
CGATAC,0.466469409975285
CGATAG,0.465014889659222
CGATAT,0.466984648564703
CGATCA,0.470358969719218
CGATCC,0.469210436654749
CGATCG,0.465293208593847
CGATCT,0.457301385441988
CGATGA,0.493930512757755
CGATGC,0.463610517409112
CGATGG,0.484437657978484
CGATGT,0.470087827102165
CGATTA,0.464637875921793
CGATTC,0.455212889989088
CGATTG,0.467545898563111
CGATTT,0.467349207613281
CGCAAA,0.476993427080061
CGCAAC,0.469504910061735
CGCAAG,0.481795137128077
CGCAAT,0.464539248875649
CGCACA,0.461616638047104
CGCACC,0.463413050803746
CGCACG,0.464568257840165
CGCACT,0.46438258592414
CGCAGA,0.486329827495763
CGCAGC,0.48261027937876
CGCAGG,0.485517712803323
CGCAGT,0.467447557924112
CGCATA,0.463105157425076
CGCATC,0.483242554433177
CGCATG,0.474078307936883
CGCATT,0.474566666308222
CGCCAA,0.476873088421366
CGCCAC,0.456722659776424
CGCCAG,0.484306835312288
CGCCAT,0.46757482044008
CGCCCA,0.454867312091104
CGCCCC,0.462465830720113
CGCCCG,0.455306585448432
CGCCCT,0.464985893648328
CGCCGA,0.472099453561653
CGCCGC,0.475686117524607
CGCCGG,0.468384293572887
CGCCGT,0.463668588402406
CGCCTA,0.465333790300659
CGCCTC,0.451881000769924
CGCCTG,0.454990328082886
CGCCTT,0.468228231887746
CGCGAA,0.464469623927218
CGCGAC,0.461215056188256
CGCGAG,0.475456588648538
CGCGAT,0.460405582449794
CGCGCA,0.46619141825281
CGCGCC,0.453560064989205
CGCGCG,0.463029621927529
CGCGCT,0.462006425588739
CGCGGA,0.470733833087017
CGCGGC,0.473256178290411
CGCGGG,0.468141520426527
CGCGGT,0.459735378295629
CGCGTA,0.461226698511894
CGCGTC,0.463035432552988
CGCGTG,0.471857580791902
CGCGTT,0.461535170709904
CGCTAA,0.462396061255243
CGCTAC,0.467783033265183
CGCTAG,0.463987918600727
CGCTAT,0.466990436254436
CGCTCA,0.464597265963185
CGCTCC,0.462971513815882
CGCTCG,0.46322135474285
CGCTCT,0.45797322230662
CGCTGA,0.471154666023142
CGCTGC,0.467962292909986
CGCTGG,0.475554144858207
CGCTGT,0.468962087758968
CGCTTA,0.464527645054213
CGCTTC,0.473290686828734
CGCTTG,0.459461339418371
CGCTTT,0.464881501046993
CGGAAA,0.509953656311995
CGGAAC,0.476311316458522
CGGAAG,0.518664483318252
CGGAAT,0.475427893834366
CGGACA,0.476471854939035
CGGACC,0.477549089222402
CGGACG,0.471356372445373
CGGACT,0.471114319855978
CGGAGA,0.499358040832389
CGGAGC,0.496698524677332
CGGAGG,0.50734444283297
CGGAGT,0.469793525323979
CGGATA,0.473135389027561
CGGATC,0.46594811208623
CGGATG,0.49246464201506
CGGATT,0.469008296874924
CGGCAA,0.475169603447428
CGGCAC,0.467447557924112
CGGCAG,0.505435965804865
CGGCAT,0.480219974264997
CGGCCA,0.469972424962941
CGGCCC,0.464591464405898
CGGCCG,0.466834156872891
CGGCCT,0.462425132457178
CGGCGA,0.471327559733025
CGGCGC,0.469695405480651
CGGCGG,0.48971315809619
CGGCGT,0.467927600002629
CGGCTA,0.459163893102698
CGGCTC,0.459980200578368
CGGCTG,0.485011937615222
CGGCTT,0.470797257602845
CGGGAA,0.495416739990267
CGGGAC,0.494110779201578
CGGGAG,0.502697651614457
CGGGAT,0.482621675259456
CGGGCA,0.469741580723846
CGGGCC,0.47413577424304
CGGGCG,0.457751273966209
CGGGCT,0.468124177231982
CGGGGA,0.480705343219342
CGGGGC,0.471943970639951
CGGGGG,0.466347798105581
CGGGGT,0.456605704824416
CGGGTA,0.466926769824951
CGGGTC,0.466469409975285
CGGGTG,0.469377892952524
CGGGTT,0.456547222218589
CGGTAA,0.466452037756492
CGGTAC,0.468476763080058
CGGTAG,0.461494434552321
CGGTAT,0.467464912857267
CGGTCA,0.470549302528612
CGGTCC,0.466040807130074
CGGTCG,0.468153082389123
CGGTCT,0.461424597278364
CGGTGA,0.474721742011394
CGGTGC,0.463517596805012
CGGTGG,0.475846756396925
CGGTGT,0.469880093661892
CGGTTA,0.465513489494501
CGGTTC,0.464562456114583
CGGTTG,0.463691815855529
CGGTTT,0.466098737169466
CGTAAA,0.468528773420495
CGTAAC,0.465217838197371
CGTAAG,0.46301800057532
CGTAAT,0.458545388160794
CGTACA,0.466753113503289
CGTACC,0.467204557229299
CGTACG,0.462994757465728
CGTACT,0.464916299791654
CGTAGA,0.468846555626355
CGTAGC,0.469666544870882
CGTAGG,0.468621229569268
CGTAGT,0.461284908097014
CGTATA,0.464788698473917
CGTATC,0.465919143122833
CGTATG,0.46885810944028
CGTATT,0.46519464616324
CGTCAA,0.479317132604248
CGTCAC,0.462605355048216
CGTCAG,0.471212300581193
CGTCAT,0.479294265270768
CGTCCA,0.475198305674046
CGTCCC,0.460597818991847
CGTCCG,0.466208794999693
CGTCCT,0.466863099341795
CGTCGA,0.468129958330251
CGTCGC,0.46550189697254
CGTCGG,0.472462153059573
CGTCGT,0.472974313978116
CGTCTA,0.467088821855136
CGTCTC,0.448638190760943
CGTCTG,0.478705251266386
CGTCTT,0.468049019913003
CGTGAA,0.47966579466294
CGTGAC,0.474928472213975
CGTGAG,0.464191075647029
CGTGAT,0.470826085598468
CGTGCA,0.470716534793619
CGTGCC,0.462000608981011
CGTGCG,0.466063979548539
CGTGCT,0.473767932805671
CGTGGA,0.501345250434494
CGTGGC,0.490233525947657
CGTGGG,0.471679018119033
CGTGGT,0.464753895288529
CGTGTA,0.458878027986306
CGTGTC,0.468615451310397
CGTGTG,0.473802423688915
CGTGTT,0.465380167377667
CGTTAA,0.462029691681325
CGTTAC,0.469077606545449
CGTTAG,0.462564662463398
CGTTAT,0.463964698024378
CGTTCA,0.46447542619141
CGTTCC,0.462076222242628
CGTTCG,0.464359374510492
CGTTCT,0.463656974473523
CGTTGA,0.470716534793619
CGTTGC,0.465217838197371
CGTTGG,0.467846645204497
CGTTGT,0.464260719991396
CGTTTA,0.464661080872005
CGTTTC,0.468366954588329
CGTTTG,0.473290686828734
CGTTTT,0.46491050008497
CTAAAA,0.435501031803697
CTAAAC,0.47175966327441
CTAAAG,0.489005702383528
CTAAAT,0.448803233512603
CTAACA,0.47096444841037
CTAACC,0.462175092497197
CTAACG,0.462308842578286
CTAACT,0.458288537863965
CTAAGA,0.470145523178041
CTAAGC,0.4636511674585
CTAAGG,0.471039386940855
CTAAGT,0.453143497356011
CTAATA,0.448190080221937
CTAATC,0.460889016083484
CTAATG,0.478670929075025
CTAATT,0.406941165262477
CTACAA,0.490764926614724
CTACAC,0.46277392097585
CTACAG,0.499823009870118
CTACAT,0.474101294855633
CTACCA,0.47481362737769
CTACCC,0.466133493582343
CTACCG,0.466984648564703
CTACCT,0.482815385364416
CTACGA,0.48373784205826
CTACGC,0.465217838197371
CTACGG,0.472652086022808
CTACGT,0.467985420846243
CTACTA,0.450881618027883
CTACTC,0.457885617004242
CTACTG,0.465072879158826
CTACTT,0.453190443229759
CTAGAA,0.477795314937302
CTAGAC,0.468494100160769
CTAGAG,0.480128584345081
CTAGAT,0.465455525540782
CTAGCA,0.46457986119035
CTAGCC,0.455716399894538
CTAGCG,0.461343114293975
CTAGCT,0.449527920268751
CTAGGA,0.469066055267289
CTAGGC,0.453894366994398
CTAGGG,0.459624605664639
CTAGGT,0.466452037756492
CTAGTA,0.451146257731894
CTAGTC,0.453782945409742
CTAGTG,0.47058967149804
CTAGTT,0.44384006334903
CTATAA,0.452421426974191
CTATAC,0.462396061255243
CTATAG,0.461494434552321
CTATAT,0.455886130975481
CTATCA,0.470087827102165
CTATCC,0.468800339035703
CTATCG,0.472467909133965
CTATCT,0.456342506159798
CTATGA,0.517641667919379
CTATGC,0.470705002431779
CTATGG,0.499044204596431
CTATGT,0.472617555439887
CTATTA,0.455751519033594
CTATTC,0.466805213566296
CTATTG,0.477319987603012
CTATTT,0.451534269324346
CTCAAA,0.45041685886161
CTCAAC,0.472715388994837
CTCAAG,0.492842591194721
CTCAAT,0.475152381716017
CTCACA,0.462361174697307
CTCACC,0.468580781055998
CTCACG,0.453477938626319
CTCACT,0.419861982222066
CTCAGA,0.517680179922785
CTCAGC,0.428698794630133
CTCAGG,0.485284747022599
CTCAGT,0.469839696036794
CTCATA,0.463273639131205
CTCATC,0.489034010223597
CTCATG,0.466370963411497
CTCATT,0.452574103201284
CTCCAA,0.500920151734995
CTCCAC,0.459455507987978
CTCCAG,0.491730900064073
CTCCAT,0.468898546737812
CTCCCA,0.412157667166639
CTCCCC,0.472191580182966
CTCCCG,0.442387819784466
CTCCCT,0.455891983257578
CTCCGA,0.467412847154195
CTCCGC,0.456114344602428
CTCCGG,0.472289455419428
CTCCGT,0.462343730961926
CTCCTA,0.465525081882078
CTCCTC,0.474784914107666
CTCCTG,0.401956758531949
CTCCTT,0.474227713464501
CTCGAA,0.466712589355345
CTCGAC,0.470162831351701
CTCGAG,0.477904093036398
CTCGAT,0.462082038410561
CTCGCA,0.469787753834987
CTCGCC,0.465391761310859
CTCGCG,0.46589017332021
CTCGCT,0.463465325170612
CTCGGA,0.485199502077391
CTCGGC,0.442719947156841
CTCGGG,0.466828368278588
CTCGGT,0.467083034734803
CTCGTA,0.472168549323311
CTCGTC,0.469297055482211
CTCGTG,0.468627007794751
CTCGTT,0.468881216667666
CTCTAA,0.456213806040574
CTCTAC,0.446035167976352
CTCTAG,0.465803258876506
CTCTAT,0.462988946603916
CTCTCA,0.475215526614592
CTCTCC,0.468447867277579
CTCTCG,0.47005320785873
CTCTCT,0.471500423555841
CTCTGA,0.482376635200685
CTCTGC,0.454966897632085
CTCTGG,0.4827698098919
CTCTGT,0.43003292132301
CTCTTA,0.458994717496072
CTCTTC,0.485835822303399
CTCTTG,0.463767301352374
CTCTTT,0.477027806894294
CTGAAA,0.518538062813891
CTGAAC,0.49022787123076
CTGAAG,0.636882226836857
CTGAAT,0.48717531589603
CTGACA,0.486278734825876
CTGACC,0.465171453591225
CTGACG,0.47364145605493
CTGACT,0.474440290544747
CTGAGA,0.499470101337132
CTGAGC,0.484773168316761
CTGAGG,0.507488960328994
CTGAGT,0.45255061606813
CTGATA,0.469995506456223
CTGATC,0.480077173844527
CTGATG,0.548872371018274
CTGATT,0.478796771351257
CTGCAA,0.481789434492451
CTGCAC,0.448714821140315
CTGCAG,0.575518724128199
CTGCAT,0.480973622588611
CTGCCA,0.483145745435793
CTGCCC,0.486772521319602
CTGCCG,0.473710445356529
CTGCCT,0.417888271554638
CTGCGA,0.472939794520313
CTGCGC,0.469077606545449
CTGCGG,0.493321873486263
CTGCGT,0.473187157641043
CTGCTA,0.474980148087595
CTGCTC,0.491414660623299
CTGCTG,0.523609804050069
CTGCTT,0.469995506456223
CTGGAA,0.574167779910652
CTGGAC,0.529912162223044
CTGGAG,0.603202257388407
CTGGAT,0.52366996215231
CTGGCA,0.484426282773849
CTGGCC,0.472939794520313
CTGGCG,0.471344847460054
CTGGCT,0.475255707655945
CTGGGA,0.434897594629412
CTGGGC,0.418198250107973
CTGGGG,0.478413475083788
CTGGGT,0.433001269905229
CTGGTA,0.463157447888931
CTGGTC,0.447293256284476
CTGGTG,0.518004722174374
CTGGTT,0.469579958043631
CTGTAA,0.415404977918514
CTGTAC,0.473451710930569
CTGTAG,0.4518457454358
CTGTAT,0.455997318479139
CTGTCA,0.466996223910671
CTGTCC,0.47650625268919
CTGTCG,0.458376107876994
CTGTCT,0.44203778050226
CTGTGA,0.507288853619003
CTGTGC,0.486937062649014
CTGTGG,0.51419158344912
CTGTGT,0.465820642369587
CTGTTA,0.461343114293975
CTGTTC,0.472709634344785
CTGTTG,0.483475996405437
CTGTTT,0.458621263124875
CTTAAA,0.449091992800121
CTTAAC,0.466145078784861
CTTAAG,0.455616888968893
CTTAAT,0.451963258382885
CTTACA,0.47367595130067
CTTACC,0.467499621820022
CTTACG,0.470970213112096
CTTACT,0.456365904402006
CTTAGA,0.457762956686005
CTTAGC,0.454574355948977
CTTAGG,0.462058773535861
CTTAGT,0.450387436455133
CTTATA,0.451886876538105
CTTATC,0.468413191212411
CTTATG,0.473647205345187
CTTATT,0.451892752271762
CTTCAA,0.515995268954412
CTTCAC,0.473871401886746
CTTCAG,0.517239954331109
CTTCAT,0.49286515080687
CTTCCA,0.494454322121608
CTTCCC,0.464011138637893
CTTCCG,0.470185908450587
CTTCCT,0.477239789634432
CTTCGA,0.490075181786439
CTTCGC,0.47091256459935
CTTCGG,0.496243341940773
CTTCGT,0.477148126936936
CTTCTA,0.487016486705365
CTTCTC,0.494820262608608
CTTCTG,0.483345047863356
CTTCTT,0.480608288273285
CTTGAA,0.467401276629809
CTTGAC,0.468875439910877
CTTGAG,0.450087278451159
CTTGAT,0.473894393562066
CTTGCA,0.48772535060148
CTTGCC,0.460819136514473
CTTGCG,0.471408233235657
CTTGCT,0.462366989208149
CTTGGA,0.51930183892838
CTTGGC,0.444082885997206
CTTGGG,0.455991466813463
CTTGGT,0.465606224832594
CTTGTA,0.456979912532795
CTTGTC,0.460586169344245
CTTGTG,0.463929866148832
CTTGTT,0.449663372536831
CTTTAA,0.434515030036513
CTTTAC,0.46983392481427
CTTTAG,0.463662781454825
CTTTAT,0.459770356577334
CTTTCA,0.47162717137033
CTTTCC,0.477056455836621
CTTTCG,0.466857310915027
CTTTCT,0.498590088563784
CTTTGA,0.496203995432936
CTTTGC,0.483612620082808
CTTTGG,0.461511893108767
CTTTGT,0.481378759241077
CTTTTA,0.456845447756369
CTTTTC,0.469273957861821
CTTTTG,0.455810048191373
CTTTTT,0.442980827015163
GAAAAA,0.606137428380681
GAAAAC,0.521430736616464
GAAAAG,0.599305669053337
GAAAAT,0.549128305482946
GAAACA,0.547292659415401
GAAACC,0.488626299993639
GAAACG,0.489877216319673
GAAACT,0.527637863686041
GAAAGA,0.608169847023627
GAAAGC,0.522093719414148
GAAAGG,0.543664833823279
GAAAGT,0.528372951592503
GAAATA,0.485296112466273
GAAATC,0.505558484786713
GAAATG,0.533341021993877
GAAATT,0.522017033143053
GAACAA,0.534883426123863
GAACAC,0.487560938937565
GAACAG,0.545881618956439
GAACAT,0.503998030935411
GAACCA,0.509443452255575
GAACCC,0.483396290639376
GAACCG,0.481886374875652
GAACCT,0.506059542550093
GAACGA,0.489662238001993
GAACGC,0.478527907263003
GAACGG,0.489254783878661
GAACGT,0.47589264847832
GAACTA,0.49225021927837
GAACTC,0.469077606545449
GAACTG,0.549405493921942
GAACTT,0.508283433447938
GAAGAA,1
GAAGAC,0.609997505301254
GAAGAG,0.781780159674462
GAAGAT,0.748997520566261
GAAGCA,0.57521751776248
GAAGCC,0.545325207406893
GAAGCG,0.514318554598528
GAAGCT,0.562010657477093
GAAGGA,0.687634048355582
GAAGGC,0.535575381580498
GAAGGG,0.513523339159244
GAAGGT,0.529401167710836
GAAGTA,0.501132723673357
GAAGTC,0.5117926658504
GAAGTG,0.538392315059128
GAAGTT,0.539227235180426
GAATAA,0.457424102386294
GAATAC,0.484676507390386
GAATAG,0.450834563636543
GAATAT,0.481378759241077
GAATCA,0.493350059409868
GAATCC,0.488773547863692
GAATCG,0.472370051363
GAATCT,0.487872731184412
GAATGA,0.514721443231944
GAATGC,0.483521539705262
GAATGG,0.50663266741882
GAATGT,0.495287345873351
GAATTA,0.468314935830739
GAATTC,0.488178759931266
GAATTG,0.501904315651893
GAATTT,0.475955746651597
GACAAA,0.529830638052686
GACAAC,0.504020340286454
GACAAG,0.540776722116067
GACAAT,0.482011813188053
GACACA,0.495287345873351
GACACC,0.480208550981753
GACACG,0.467910253097591
GACACT,0.478728132072859
GACAGA,0.511488244284503
GACAGC,0.515923624865259
GACAGG,0.470439721396097
GACAGT,0.506115200140614
GACATA,0.466868887735057
GACATC,0.519752138463318
GACATG,0.508227896408671
GACATT,0.491968014032099
GACCAA,0.516303830980826
GACCAC,0.491380771893753
GACCAG,0.520767313980968
GACCAT,0.490550139071318
GACCCA,0.50767235631007
GACCCC,0.493299324175364
GACCCG,0.474773428568806
GACCCT,0.499307609508061
GACCGA,0.487407841706132
GACCGC,0.475978690454796
GACCGG,0.484335276478237
GACCGT,0.480808097013802
GACCTA,0.482638768837005
GACCTC,0.465716336878025
GACCTG,0.559528684915984
GACCTT,0.491860755153502
GACGAA,0.475634478120641
GACGAC,0.500181392645847
GACGAG,0.508877486782435
GACGAT,0.488580988594308
GACGCA,0.467493837076556
GACGCC,0.473744938222589
GACGCG,0.465061281527925
GACGCT,0.468482542140359
GACGGA,0.471448567546523
GACGGC,0.476282646160479
GACGGG,0.46722191638019
GACGGT,0.469504910061735
GACGTA,0.462460016783959
GACGTC,0.469597276008873
GACGTG,0.479831509410362
GACGTT,0.459723718596505
GACTAA,0.47022629209223
GACTAC,0.480436991856938
GACTAG,0.461366395824163
GACTAT,0.485568844369661
GACTCA,0.493975582415301
GACTCC,0.474411566552847
GACTCG,0.47810444277579
GACTCT,0.476672491803738
GACTGA,0.502859593566566
GACTGC,0.485955087281778
GACTGG,0.503015926433055
GACTGT,0.484056518166016
GACTTA,0.469799296779662
GACTTC,0.500701938801924
GACTTG,0.484761796928006
GACTTT,0.488830175887072
GAGAAA,0.614147522129496
GAGAAC,0.529977376774412
GAGAAG,0.728007920523317
GAGAAT,0.491143518624997
GAGACA,0.490403152587505
GAGACC,0.49888724953578
GAGACG,0.458189282577942
GAGACT,0.49120001260431
GAGAGA,0.550178017636053
GAGAGC,0.537583663578189
GAGAGG,0.527125705399223
GAGAGT,0.500142200784886
GAGATA,0.480619706991155
GAGATC,0.510352764946258
GAGATG,0.534731997021827
GAGATT,0.48510288235404
GAGCAA,0.53633166002589
GAGCAC,0.490827093347079
GAGCAG,0.582375136415937
GAGCAT,0.487470217481668
GAGCCA,0.471679018119033
GAGCCC,0.493485340785578
GAGCCG,0.479231377407285
GAGCCT,0.489435895096607
GAGCGA,0.485529075599561
GAGCGC,0.492820031073624
GAGCGG,0.52203894410631
GAGCGT,0.486653353798446
GAGCTA,0.483276720077128
GAGCTC,0.485648377165509
GAGCTG,0.570359740139682
GAGCTT,0.488960408172578
GAGGAA,0.732380615510365
GAGGAC,0.578427443583366
GAGGAG,0.81366944863169
GAGGAT,0.581658063123505
GAGGCA,0.490001656330719
GAGGCC,0.495084782332958
GAGGCG,0.488671609339941
GAGGCT,0.464597265963185
GAGGGA,0.502060797919381
GAGGGC,0.495967883869273
GAGGGG,0.489888529687861
GAGGGT,0.479871505407837
GAGGTA,0.474784914107666
GAGGTC,0.457809686200382
GAGGTG,0.511322157089055
GAGGTT,0.448520286401952
GAGTAA,0.463302684832458
GAGTAC,0.488733906339234
GAGTAG,0.441141358776693
GAGTAT,0.474158759840869
GAGTCA,0.485210868489948
GAGTCC,0.479785797740084
GAGTCG,0.478390587076494
GAGTCT,0.462605355048216
GAGTGA,0.508272326286831
GAGTGC,0.452791333035515
GAGTGG,0.502563610853121
GAGTGT,0.474985889686495
GAGTTA,0.46194244104285
GAGTTC,0.468742565293512
GAGTTG,0.49275234765642
GAGTTT,0.47299157326018
GATAAA,0.484414907439817
GATAAC,0.474198983365802
GATAAG,0.488411052558841
GATAAT,0.473411457335866
GATACA,0.482342438790385
GATACC,0.481310296965922
GATACG,0.464330359485766
GATACT,0.478813930434734
GATAGA,0.482063124326528
GATAGC,0.467030949144663
GATAGG,0.458516203949301
GATAGT,0.461057871551367
GATATA,0.460184173371344
GATATC,0.488354400795689
GATATG,0.49006387052973
GATATT,0.479465757527176
GATCAA,0.519516031066444
GATCAC,0.462518154624472
GATCAG,0.498326494560872
GATCAT,0.489696185019551
GATCCA,0.49358678980865
GATCCC,0.480208550981753
GATCCG,0.477543362321563
GATCCT,0.495517993273782
GATCGA,0.493541702624552
GATCGC,0.470358969719218
GATCGG,0.488801862276224
GATCGT,0.476626635497846
GATCTA,0.481213300718709
GATCTC,0.458971380683409
GATCTG,0.503523839526574
GATCTT,0.486698752623861
GATGAA,0.679220434042094
GATGAC,0.575357745805734
GATGAG,0.607048502974726
GATGAT,0.63435922034663
GATGCA,0.49942527864213
GATGCC,0.509781768804767
GATGCG,0.482410830441631
GATGCT,0.498567657736465
GATGGA,0.569775008955792
GATGGC,0.518653490865346
GATGGG,0.486131119114144
GATGGT,0.492458999900465
GATGTA,0.477417362204649
GATGTC,0.496619865927115
GATGTG,0.512815949723292
GATGTT,0.490233525947657
GATTAA,0.462698360453103
GATTAC,0.433121018185275
GATTAG,0.459029721693962
GATTAT,0.477669346564447
GATTCA,0.495349232105126
GATTCC,0.473146893395497
GATTCG,0.473422958528267
GATTCT,0.472629065766679
GATTGA,0.509687495368507
GATTGC,0.466805213566296
GATTGG,0.486091372699179
GATTGT,0.479688653502208
GATTTA,0.466591007057342
GATTTC,0.487311435126796
GATTTG,0.496692906400357
GATTTT,0.463430475896327
GCAAAA,0.506510279982124
GCAAAC,0.48690302183655
GCAAAG,0.514555892206654
GCAAAT,0.476712614346513
GCAACA,0.500847419381275
GCAACC,0.462128566536262
GCAACG,0.47489976224138
GCAACT,0.479088435734869
GCAAGA,0.542318444155327
GCAAGC,0.501574504978291
GCAAGG,0.496805265942943
GCAAGT,0.496985014955904
GCAATA,0.46679942480445
GCAATC,0.463110967611644
GCAATG,0.48750990913135
GCAATT,0.469891635540749
GCACAA,0.475559883162403
GCACAC,0.458125053319292
GCACAG,0.486585251695615
GCACAT,0.468453646504872
GCACCA,0.485381349176682
GCACCC,0.469660772648975
GCACCG,0.474175998692526
GCACCT,0.47234702461337
GCACGA,0.463436284193046
GCACGC,0.461767916924555
GCACGG,0.465043884829372
GCACGT,0.460184173371344
GCACTA,0.464266523467827
GCACTC,0.441735105409108
GCACTG,0.47391738470878
GCACTT,0.428223608117048
GCAGAA,0.598037270851147
GCAGAC,0.499262779528982
GCAGAG,0.571934724192882
GCAGAT,0.530824779151862
GCAGCA,0.578194435698814
GCAGCC,0.506532533357487
GCAGCG,0.508760924706025
GCAGCT,0.535618612902928
GCAGGA,0.556739002999494
GCAGGC,0.498231134935635
GCAGGG,0.479025534925466
GCAGGT,0.48737381691587
GCAGTA,0.472911027395205
GCAGTC,0.476391588920354
GCAGTG,0.460795842239615
GCAGTT,0.486318473794714
GCATAA,0.452303967858676
GCATAC,0.465872791035789
GCATAG,0.453354736434218
GCATAT,0.460469665403332
GCATCA,0.498864825373111
GCATCC,0.49185510963067
GCATCG,0.485426805785042
GCATCT,0.496423191978318
GCATGA,0.460551219587132
GCATGC,0.463686009042828
GCATGG,0.46885810944028
GCATGT,0.463285257512945
GCATTA,0.457254632168371
GCATTC,0.471742382717178
GCATTG,0.475869702700883
GCATTT,0.457184498159185
GCCAAA,0.512340391243293
GCCAAC,0.480625416301195
GCCAAG,0.549373514561473
GCCAAT,0.480140008541837
GCCACA,0.480368465073665
GCCACC,0.446141546546109
GCCACG,0.470889504263681
GCCACT,0.443526083257683
GCCAGA,0.510230831984652
GCCAGC,0.499548536219376
GCCAGG,0.451822241189177
GCCAGT,0.473560962520427
GCCATA,0.467140904431107
GCCATC,0.50197138247921
GCCATG,0.485852861028343
GCCATT,0.473095122697494
GCCCAA,0.495118545772595
GCCCAC,0.472110969853477
GCCCAG,0.480899424857038
GCCCAT,0.471327559733025
GCCCCA,0.485188135535637
GCCCCC,0.468314935830739
GCCCCG,0.462878533813445
GCCCCT,0.466631536132504
GCCCGA,0.477646441519001
GCCCGC,0.466423083387833
GCCCGG,0.461511893108767
GCCCGT,0.472490933100218
GCCCTA,0.471195010562558
GCCCTC,0.481698187899421
GCCCTG,0.499021783953112
GCCCTT,0.480551192728047
GCCGAA,0.481743812236679
GCCGAC,0.476615171092802
GCCGAG,0.484147549832771
GCCGAT,0.469712721446712
GCCGCA,0.481338823483516
GCCGCC,0.483823211688378
GCCGCG,0.472531223765643
GCCGCT,0.474790656827627
GCCGGA,0.489237803020152
GCCGGC,0.473169901734324
GCCGGG,0.466729957048408
GCCGGT,0.472542735086178
GCCGTA,0.468742565293512
GCCGTC,0.467644229532179
GCCGTG,0.474715998895659
GCCGTT,0.464945297820533
GCCTAA,0.464713290041285
GCCTAC,0.47188061881446
GCCTAG,0.452151250379617
GCCTAT,0.470462792106123
GCCTCA,0.438554450847269
GCCTCC,0.393103712522248
GCCTCG,0.463738269143295
GCCTCT,0.453419272808836
GCCTGA,0.493637510460983
GCCTGC,0.471534992734865
GCCTGG,0.435112722913886
GCCTGT,0.448868064284664
GCCTTA,0.457488376680838
GCCTTC,0.465507693250319
GCCTTG,0.475485282639341
GCCTTT,0.477291346209705
GCGAAA,0.47971722631651
GCGAAC,0.462390246913439
GCGAAG,0.490261799052512
GCGAAT,0.470197446800327
GCGACA,0.471045151210601
GCGACC,0.47391738470878
GCGACG,0.469152686601259
GCGACT,0.468216670793998
GCGAGA,0.486886000995767
GCGAGC,0.479888646059926
GCGAGG,0.498012334370399
GCGAGT,0.469349023177563
GCGATA,0.466984648564703
GCGATC,0.459677078440474
GCGATG,0.477491818738075
GCGATT,0.455458821848733
GCGCAA,0.471604127508036
GCGCAC,0.463105157425076
GCGCAG,0.483880120726519
GCGCAT,0.476202364952716
GCGCCA,0.468904323361121
GCGCCC,0.455013757984713
GCGCCG,0.470970213112096
GCGCCT,0.465356979108017
GCGCGA,0.466533105528971
GCGCGC,0.457231254711836
GCGCGG,0.468765675190926
GCGCGT,0.46301800057532
GCGCTA,0.465838025560488
GCGCTC,0.461348934727337
GCGCTG,0.466793636009093
GCGCTT,0.463889227427211
GCGGAA,0.501652774981889
GCGGAC,0.478733852192676
GCGGAG,0.496406332411306
GCGGAT,0.471909415596311
GCGGCA,0.491821235824348
GCGGCC,0.481971902704485
GCGGCG,0.492831311197792
GCGGCT,0.483379210005793
GCGGGA,0.515603919455101
GCGGGC,0.467702066762361
GCGGGG,0.46970694949134
GCGGGT,0.4680432383468
GCGGTA,0.46790447072904
GCGGTC,0.464138839205536
GCGGTG,0.467892905891632
GCGGTT,0.465530878025472
GCGTAA,0.46589017332021
GCGTAC,0.463494365304824
GCGTAG,0.464846701091337
GCGTAT,0.467036736566429
GCGTCA,0.467088821855136
GCGTCC,0.46598866722518
GCGTCG,0.470399346372762
GCGTCT,0.467638445625174
GCGTGA,0.461343114293975
GCGTGC,0.470883739096672
GCGTGG,0.470232061050766
GCGTGT,0.471609888523392
GCGTTA,0.46406338175026
GCGTTC,0.462471644622465
GCGTTG,0.469089157690179
GCGTTT,0.463732462600333
GCTAAA,0.479054126692945
GCTAAC,0.461564266949373
GCTAAG,0.470474327261543
GCTAAT,0.424486435503977
GCTACA,0.488864151161931
GCTACC,0.469499136906758
GCTACG,0.474227713464501
GCTACT,0.445000341621111
GCTAGA,0.47627691200223
GCTAGC,0.459461339418371
GCTAGG,0.452063133531499
GCTAGT,0.457301385441988
GCTATA,0.459647927238269
GCTATC,0.466347798105581
GCTATG,0.494628864288131
GCTATT,0.461785370707089
GCTCAA,0.482057423218935
GCTCAC,0.416860400423526
GCTCAG,0.483800447166273
GCTCAT,0.469937801724072
GCTCCA,0.488235421645375
GCTCCC,0.469579958043631
GCTCCG,0.464429007135189
GCTCCT,0.467933382237439
GCTCGA,0.470739599118321
GCTCGC,0.468869663120716
GCTCGG,0.474227713464501
GCTCGT,0.471794223493046
GCTCTA,0.46669522136064
GCTCTC,0.468430529395299
GCTCTG,0.454791151749965
GCTCTT,0.469620366162678
GCTGAA,0.553904376484438
GCTGAC,0.492972302014967
GCTGAG,0.478350531803146
GCTGAT,0.498719056057683
GCTGCA,0.527567048912458
GCTGCC,0.498562049951018
GCTGCG,0.491877691530771
GCTGCT,0.526084234668584
GCTGGA,0.566799073318736
GCTGGC,0.499985417979219
GCTGGG,0.401450151039978
GCTGGT,0.460824959998403
GCTGTA,0.465200444222198
GCTGTC,0.471356372445373
GCTGTG,0.499682981706277
GCTGTT,0.471033622637883
GCTTAA,0.463987918600727
GCTTAC,0.465623611751122
GCTTAG,0.456705117405601
GCTTAT,0.466063979548539
GCTTCA,0.500259771760063
GCTTCC,0.470595438360642
GCTTCG,0.49434732960463
GCTTCT,0.482530504577431
GCTTGA,0.45934470434896
GCTTGC,0.471961247714012
GCTTGG,0.471471614993757
GCTTGT,0.461622456888662
GCTTTA,0.45951965185207
GCTTTC,0.471638693102347
GCTTTG,0.476832972316831
GCTTTT,0.451487245633818
GGAAAA,0.593330158811538
GGAAAC,0.520372341130572
GGAAAG,0.554461339157714
GGAAAT,0.522827419213768
GGAACA,0.549442801883314
GGAACC,0.50242955212245
GGAACG,0.49048230184035
GGAACT,0.526945842924355
GGAAGA,0.802853106640573
GGAAGC,0.550385698071635
GGAAGG,0.541163718998251
GGAAGT,0.525292864438731
GGAATA,0.471033622637883
GGAATC,0.492853871064412
GGAATG,0.498276011186145
GGAATT,0.494392380480722
GGACAA,0.526613284671878
GGACAC,0.482530504577431
GGACAG,0.524112833135486
GGACAT,0.511432884950959
GGACCA,0.521611593702477
GGACCC,0.507772376307028
GGACCG,0.484989200138124
GGACCT,0.529450104022257
GGACGA,0.515206901523923
GGACGC,0.470301285957411
GGACGG,0.486403623410646
GGACGT,0.474377096673442
GGACTA,0.473279184114941
GGACTC,0.485222234773311
GGACTG,0.502032856453169
GGACTT,0.49425158975356
GGAGAA,0.688756716087805
GGAGAC,0.522734367705271
GGAGAG,0.573122143854904
GGAGAT,0.570949345838057
GGAGCA,0.563882549033336
GGAGCC,0.522027988684692
GGAGCG,0.523680899600274
GGAGCT,0.569388481042389
GGAGGA,0.777881651491259
GGAGGC,0.47580086220935
GGAGGG,0.50102644335253
GGAGGT,0.501988148483257
GGAGTA,0.481407283805775
GGAGTC,0.490877954162773
GGAGTG,0.481931990628007
GGAGTT,0.485210868489948
GGATAA,0.492910268504417
GGATAC,0.480813805248369
GGATAG,0.467516975849642
GGATAT,0.4837492250967
GGATCA,0.480636834823487
GGATCC,0.497737363218338
GGATCG,0.491098321143503
GGATCT,0.499867814741678
GGATGA,0.633379596505361
GGATGC,0.502194906090572
GGATGG,0.508472236313744
GGATGT,0.504103995920445
GGATTA,0.42495736465572
GGATTC,0.482826778908001
GGATTG,0.474434545812372
GGATTT,0.491646202876737
GGCAAA,0.486409299793922
GGCAAC,0.469123810323815
GGCAAG,0.502865177304088
GGCAAT,0.479339999414825
GGCACA,0.466440456109631
GGCACC,0.475318846030557
GGCACG,0.45251538433403
GGCACT,0.467476482645376
GGCAGA,0.529716493047432
GGCAGC,0.520410748115752
GGCAGG,0.449451352174533
GGCAGT,0.488552667927089
GGCATA,0.46291921362829
GGCATC,0.496867058310524
GGCATG,0.4308193420381
GGCATT,0.462547222277274
GGCCAA,0.522668679073992
GGCCAC,0.475399198196778
GGCCAG,0.463325920786046
GGCCAT,0.498433062205539
GGCCCA,0.502563610853121
GGCCCC,0.468603894692488
GGCCCG,0.482906530078548
GGCCCT,0.49329368676819
GGCCGA,0.477377267928756
GGCCGC,0.484016689205864
GGCCGG,0.474089801462308
GGCCGT,0.480888009332759
GGCCTA,0.467551683005423
GGCCTC,0.438899758803336
GGCCTG,0.484454720542825
GGCCTT,0.476185160998218
GGCGAA,0.478144507907316
GGCGAC,0.471304508965408
GGCGAG,0.482171439195765
GGCGAT,0.471886378237171
GGCGCA,0.461727190247249
GGCGCC,0.456576463949029
GGCGCG,0.458195121396895
GGCGCT,0.463145828022147
GGCGGA,0.481144827114563
GGCGGC,0.495028507400172
GGCGGG,0.458446158366511
GGCGGT,0.469118034968265
GGCGTA,0.462901779624562
GGCGTC,0.468823447598026
GGCGTG,0.434700353037864
GGCGTT,0.465414948773993
GGCTAA,0.4396435518279
GGCTAC,0.483828902737934
GGCTAG,0.451328524351223
GGCTAT,0.490137391411433
GGCTCA,0.4291857768454
GGCTCC,0.475020338587626
GGCTCG,0.473739189494201
GGCTCT,0.465241029693645
GGCTGA,0.493727674158003
GGCTGC,0.498124545768734
GGCTGG,0.422382660792944
GGCTGT,0.483094489819204
GGCTTA,0.455962207971439
GGCTTC,0.489928125468609
GGCTTG,0.469193111988881
GGCTTT,0.46854610959953
GGGAAA,0.503981298595501
GGGAAC,0.503540579522531
GGGAAG,0.54190504466485
GGGAAT,0.467927600002629
GGGACA,0.49286515080687
GGGACC,0.489622631691615
GGGACG,0.473514963305797
GGGACT,0.475485282639341
GGGAGA,0.539652507075807
GGGAGC,0.509643128323062
GGGAGG,0.427242445828017
GGGAGT,0.471269931817693
GGGATA,0.46549030431619
GGGATC,0.483071708701858
GGGATG,0.499957418462819
GGGATT,0.421516894012167
GGGCAA,0.468268694663331
GGGCAC,0.466492572464229
GGGCAG,0.477869743336041
GGGCAT,0.462547222277274
GGGCCA,0.480528353597149
GGGCCC,0.48538703136573
GGGCCG,0.476070460403775
GGGCCT,0.465472915079682
GGGCGA,0.471713581124847
GGGCGC,0.456547222218589
GGGCGG,0.464881501046993
GGGCGT,0.447853865491449
GGGCTA,0.468020111747719
GGGCTC,0.455733959618235
GGGCTG,0.479442893592138
GGGCTT,0.466029220719478
GGGGAA,0.500556437054894
GGGGAC,0.486176541654053
GGGGAG,0.492080905687563
GGGGAT,0.481470034984208
GGGGCA,0.467858210576912
GGGGCC,0.478310474925309
GGGGCG,0.459146393505039
GGGGCT,0.468944758789968
GGGGGA,0.492205071790419
GGGGGC,0.476609438840993
GGGGGG,0.475754965915402
GGGGGT,0.459216390058335
GGGGTA,0.459473002177141
GGGGTC,0.452961561275721
GGGGTG,0.465009090524304
GGGGTT,0.434927476325481
GGGTAA,0.466203002784282
GGGTAC,0.462895968222442
GGGTAG,0.459881113065183
GGGTAT,0.461063693645198
GGGTCA,0.465420745555769
GGGTCC,0.466457828529623
GGGTCG,0.471586844262827
GGGTCT,0.448355196941459
GGGTGA,0.470877973896426
GGGTGC,0.462553035706444
GGGTGG,0.45373602734394
GGGTGT,0.457009141613543
GGGTTA,0.455423692428719
GGGTTC,0.448054428232448
GGGTTG,0.45455677585097
GGGTTT,0.421323053315221
GGTAAA,0.45905889092291
GGTAAC,0.46589017332021
GGTAAG,0.471863340347299
GGTAAT,0.455950504194923
GGTACA,0.467059885918556
GGTACC,0.468869663120716
GGTACG,0.467048311309479
GGTACT,0.462471644622465
GGTAGA,0.461482795345354
GGTAGC,0.461954074901166
GGTAGG,0.453466205738153
GGTAGT,0.455330007941638
GGTATA,0.459140560237766
GGTATC,0.467603741480598
GGTATG,0.461866817664541
GGTATT,0.456120195549111
GGTCAA,0.482063124326528
GGTCAC,0.46873678773571
GGTCAG,0.451681204106815
GGTCAT,0.464562456114583
GGTCCA,0.479385731467366
GGTCCC,0.465165655364174
GGTCCG,0.473077865202542
GGTCCT,0.469603048597308
GGTCGA,0.472272184014954
GGTCGC,0.467534329578106
GGTCGG,0.473181405705222
GGTCGT,0.472467909133965
GGTCTA,0.472646331008457
GGTCTC,0.423779625688334
GGTCTG,0.466631536132504
GGTCTT,0.444349330805231
GGTGAA,0.531774536968921
GGTGAC,0.475691855071555
GGTGAG,0.470451256817642
GGTGAT,0.489130250886293
GGTGCA,0.466214587181555
GGTGCC,0.467881340920477
GGTGCG,0.467158264686982
GGTGCT,0.486500117544517
GGTGGA,0.546416338258343
GGTGGC,0.469406761894045
GGTGGG,0.449945996445023
GGTGGT,0.468846555626355
GGTGTA,0.461156842536826
GGTGTC,0.486948409329001
GGTGTG,0.454802869103072
GGTGTT,0.476122077299363
GGTTAA,0.453724297483528
GGTTAC,0.461162664054469
GGTTAG,0.451205057045406
GGTTAT,0.464498634911522
GGTTCA,0.446377902860106
GGTTCC,0.469695405480651
GGTTCG,0.473296438136013
GGTTCT,0.473744938222589
GGTTGA,0.474848082213477
GGTTGC,0.455113328943595
GGTTGG,0.453835725602656
GGTTGT,0.460137554686552
GGTTTA,0.450428627581815
GGTTTC,0.431017350537879
GGTTTG,0.476282646160479
GGTTTT,0.437016979266008
GTAAAA,0.446513782448882
GTAAAC,0.458481181771204
GTAAAG,0.483094489819204
GTAAAT,0.438554450847269
GTAACA,0.459747037858807
GTAACC,0.461337293826734
GTAACG,0.462122750638939
GTAACT,0.460108416904889
GTAAGA,0.46930282980395
GTAAGC,0.457722066569576
GTAAGG,0.466874676094814
GTAAGT,0.45191037926559
GTAATA,0.443484606817966
GTAATC,0.414594138291683
GTAATG,0.457651965336927
GTAATT,0.430657305916156
GTACAA,0.477594903248447
GTACAC,0.467869775815571
GTACAG,0.477617809474397
GTACAT,0.464423204601654
GTACCA,0.481298886131027
GTACCC,0.47825897086741
GTACCG,0.475404937390171
GTACCT,0.473854157783345
GTACGA,0.469429856447218
GTACGC,0.464301343619145
GTACGG,0.465351181956589
GTACGT,0.467383920592207
GTACTA,0.459729548463061
GTACTC,0.461721372015087
GTACTG,0.479494336710862
GTACTT,0.457055906365788
GTAGAA,0.476683955551656
GTAGAC,0.468274474926194
GTAGAG,0.438036265239712
GTAGAT,0.460970536076045
GTAGCA,0.461669006402246
GTAGCC,0.462756484438883
GTAGCG,0.463691815855529
GTAGCT,0.425247057018229
GTAGGA,0.468025893447631
GTAGGC,0.465554062263104
GTAGGG,0.460184173371344
GTAGGT,0.452879385743169
GTAGTA,0.449427791581407
GTAGTC,0.442731806808808
GTAGTG,0.4598286509948
GTAGTT,0.435919042048887
GTATAA,0.448809127392836
GTATAC,0.457552646844462
GTATAG,0.453507270244482
GTATAT,0.441746976746638
GTATCA,0.471794223493046
GTATCC,0.468973640238141
GTATCG,0.46352921235272
GTATCT,0.462512340992518
GTATGA,0.475445110821676
GTATGC,0.466203002784282
GTATGG,0.469983965776176
GTATGT,0.465542470211477
GTATTA,0.44169949055092
GTATTC,0.457090978494848
GTATTG,0.463198116359416
GTATTT,0.395444015775674
GTCAAA,0.479059844948344
GTCAAC,0.478350531803146
GTCAAG,0.502820506530901
GTCAAT,0.468210890197002
GTCACA,0.459362200476634
GTCACC,0.470364737912395
GTCACG,0.464162055738626
GTCACT,0.465391761310859
GTCAGA,0.494229061397616
GTCAGC,0.486681728305859
GTCAGG,0.444461808412287
GTCAGT,0.476305582464672
GTCATA,0.459169726233866
GTCATC,0.478562234363452
GTCATG,0.471869099869525
GTCATT,0.460941422555859
GTCCAA,0.480311355833558
GTCCAC,0.476122077299363
GTCCAG,0.493107634500413
GTCCAT,0.473152645529833
GTCCCA,0.464945297820533
GTCCCC,0.467083034734803
GTCCCG,0.474434545812372
GTCCCT,0.465704746707352
GTCCGA,0.477846842880285
GTCCGC,0.470341664940052
GTCCGG,0.466619956564356
GTCCGT,0.469487590496815
GTCCTA,0.465107671244522
GTCCTC,0.461191771134342
GTCCTG,0.48016856846275
GTCCTT,0.466023427463837
GTCGAA,0.475106455648881
GTCGAC,0.467245061445971
GTCGAG,0.474181744910373
GTCGAT,0.465785875081234
GTCGCA,0.465171453591225
GTCGCC,0.464672683145188
GTCGCG,0.461692280346492
GTCGCT,0.464080795514546
GTCGGA,0.488518682067672
GTCGGC,0.473911636971657
GTCGGG,0.469747352479331
GTCGGT,0.467198770778703
GTCGTA,0.466475200647819
GTCGTC,0.46696728529452
GTCGTG,0.476047518706055
GTCGTT,0.468251353674272
GTCTAA,0.465055482662034
GTCTAC,0.471967006672368
GTCTAG,0.462326286922256
GTCTAT,0.464887300921864
GTCTCA,0.419255101435987
GTCTCC,0.453730162430933
GTCTCG,0.451040410254242
GTCTCT,0.449050746577998
GTCTGA,0.490420113669072
GTCTGC,0.478510743270887
GTCTGG,0.481013572933118
GTCTGT,0.4598053336356
GTCTTA,0.446407443471784
GTCTTC,0.480853761978016
GTCTTG,0.437505889326612
GTCTTT,0.459099726414073
GTGAAA,0.498045999112016
GTGAAC,0.492515419613961
GTGAAG,0.600921812493447
GTGAAT,0.481806542301771
GTGACA,0.499733394104118
GTGACC,0.500976096099916
GTGACG,0.46818198671078
GTGACT,0.479825795565848
GTGAGA,0.476615171092802
GTGAGC,0.430657305916156
GTGAGG,0.489430235867522
GTGAGT,0.463924060718284
GTGATA,0.473802423688915
GTGATC,0.447003977052469
GTGATG,0.522115628697217
GTGATT,0.476047518706055
GTGCAA,0.478482135962672
GTGCAC,0.458271022941101
GTGCAG,0.476185160998218
GTGCAT,0.458790501917322
GTGCCA,0.468060582945129
GTGCCC,0.472548490696755
GTGCCG,0.479454325625002
GTGCCT,0.457815527236145
GTGCGA,0.47092409456777
GTGCGC,0.468638564145555
GTGCGG,0.474141520692029
GTGCGT,0.463964698024378
GTGCTA,0.466573636950849
GTGCTC,0.469083382134492
GTGCTG,0.476517718342979
GTGCTT,0.467650013405731
GTGGAA,0.567778082228675
GTGGAC,0.519005189438495
GTGGAG,0.585654730760307
GTGGAT,0.504594634729275
GTGGCA,0.491493729859679
GTGGCC,0.518417123896426
GTGGCG,0.455306585448432
GTGGCT,0.462093670644944
GTGGGA,0.49030703435766
GTGGGC,0.468488321167262
GTGGGG,0.468494100160769
GTGGGT,0.456605704824416
GTGGTA,0.460836606864527
GTGGTC,0.475169603447428
GTGGTG,0.457628597167294
GTGGTT,0.467094608941979
GTGTAA,0.451551902638228
GTGTAC,0.462913402327485
GTGTAG,0.453771216099662
GTGTAT,0.451645941727965
GTGTCA,0.476179426280945
GTGTCC,0.486817914735396
GTGTCG,0.469031400632195
GTGTCT,0.476070460403775
GTGTGA,0.46050461801081
GTGTGC,0.471339084917585
GTGTGG,0.493964315191345
GTGTGT,0.439352050885821
GTGTTA,0.457815527236145
GTGTTC,0.47009936658365
GTGTTG,0.466492572464229
GTGTTT,0.469851238381922
GTTAAA,0.455476386095972
GTTAAC,0.462442574772683
GTTAAG,0.461709735449208
GTTAAT,0.449945996445023
GTTACA,0.467164051371969
GTTACC,0.480682507608875
GTTACG,0.465426542303941
GTTACT,0.463482749352339
GTTAGA,0.463285257512945
GTTAGC,0.453741892222551
GTTAGG,0.449174480140966
GTTAGT,0.450310934146673
GTTATA,0.445544498121077
GTTATC,0.468979416427681
GTTATG,0.468863886297184
GTTATT,0.447417207485697
GTTCAA,0.456441944908385
GTTCAC,0.461401317103171
GTTCAG,0.478459249526853
GTTCAT,0.454398541059665
GTTCCA,0.481532782225178
GTTCCC,0.458627099422124
GTTCCG,0.465571450088595
GTTCCT,0.483174219643201
GTTCGA,0.469268183373363
GTTCGC,0.468129958330251
GTTCGG,0.472001559726037
GTTCGT,0.469083382134492
GTTCTA,0.470803023268455
GTTCTC,0.467944946606757
GTTCTG,0.474055320489723
GTTCTT,0.474084054716108
GTTGAA,0.509071726722162
GTTGAC,0.473463211660017
GTTGAG,0.46124416174321
GTTGAT,0.479671509421744
GTTGCA,0.470399346372762
GTTGCC,0.457897298154662
GTTGCG,0.467794599373313
GTTGCT,0.466776269421961
GTTGGA,0.515019366028994
GTTGGC,0.465600429125904
GTTGGG,0.454064407586547
GTTGGT,0.456675879437023
GTTGTA,0.453765351393031
GTTGTC,0.462727422868293
GTTGTG,0.470901034497988
GTTGTT,0.455517368139838
GTTTAA,0.438935473511503
GTTTAC,0.465043884829372
GTTTAG,0.450652206954213
GTTTAT,0.455376851282277
GTTTCA,0.44867355935803
GTTTCC,0.454404402054011
GTTTCG,0.464516041098127
GTTTCT,0.453829861274342
GTTTGA,0.489583023812515
GTTTGC,0.477989962125574
GTTTGG,0.484050828411688
GTTTGT,0.46130237031184
GTTTTA,0.43881046645203
GTTTTC,0.46597708021045
GTTTTG,0.452439044651618
GTTTTT,0.403524379340046
TAAAAA,0.378699171574959
TAAAAC,0.457616912877698
TAAAAG,0.457809686200382
TAAAAT,0.385189631467179
TAAACA,0.454480591854712
TAAACC,0.465217838197371
TAAACG,0.468049019913003
TAAACT,0.461215056188256
TAAAGA,0.51055225954639
TAAAGC,0.473503463171518
TAAAGG,0.478167401547501
TAAAGT,0.449251069436871
TAAATA,0.40260508874423
TAAATC,0.463436284193046
TAAATG,0.436617326452379
TAAATT,0.417468735806648
TAACAA,0.459420518691484
TAACAC,0.467892905891632
TAACAG,0.48289513744358
TAACAT,0.445674578643073
TAACCA,0.459735378295629
TAACCC,0.466961497470795
TAACCG,0.468141520426527
TAACCT,0.456295708032885
TAACGA,0.462570475791182
TAACGC,0.466938345840901
TAACGG,0.462337916315846
TAACGT,0.456670031740723
TAACTA,0.447735868615356
TAACTC,0.461727190247249
TAACTG,0.466712589355345
TAACTT,0.45175760166225
TAAGAA,0.493569882352837
TAAGAC,0.457108514098118
TAAGAG,0.466886252713813
TAAGAT,0.45108745496082
TAAGCA,0.462116934707791
TAAGCC,0.46099382628194
TAAGCG,0.466596797025791
TAAGCT,0.452057258798875
TAAGGA,0.487039178134297
TAAGGC,0.470283980180003
TAAGGG,0.460819136514473
TAAGGT,0.456693422320753
TAAGTA,0.437362818439713
TAAGTC,0.452045509230088
TAAGTG,0.449068423738653
TAAGTT,0.440553202140994
TAATAA,0.424287129466189
TAATAC,0.439572171698405
TAATAG,0.446832731549139
TAATAT,0.424884928450433
TAATCA,0.445296115582187
TAATCC,0.421983169262435
TAATCG,0.467759900647591
TAATCT,0.448420056765643
TAATGA,0.503172234863399
TAATGC,0.459548806793842
TAATGG,0.465704746707352
TAATGT,0.452157124560094
TAATTA,0.432210571414513
TAATTC,0.441016627181715
TAATTG,0.451622432784582
TAATTT,0.362299145702985
TACAAA,0.437261464175441
TACAAC,0.482900833777288
TACAAG,0.499161904727387
TACAAT,0.468106833736645
TACACA,0.459333040093779
TACACC,0.470433953635424
TACACG,0.459589622284358
TACACT,0.461570086095678
TACAGA,0.512616906251273
TACAGC,0.493490977112427
TACAGG,0.434981261128359
TACAGT,0.458142570798967
TACATA,0.434772081754371
TACATC,0.485165402064528
TACATG,0.458983049157817
TACATT,0.441438276159783
TACCAA,0.485057411018499
TACCAC,0.46904872809986
TACCAG,0.491550204058188
TACCAT,0.472640575960985
TACCCA,0.466127700930753
TACCCC,0.476483320987221
TACCCG,0.469949342936892
TACCCT,0.468684788213324
TACCGA,0.467042523954701
TACCGC,0.472364294725301
TACCGG,0.47718250143312
TACCGT,0.465391761310859
TACCTA,0.46112191271926
TACCTC,0.468938982400235
TACCTG,0.485330208022277
TACCTT,0.464690086302567
TACGAA,0.474440290544747
TACGAC,0.471362134888223
TACGAG,0.477623535948902
TACGAT,0.468800339035703
TACGCA,0.466955709613571
TACGCC,0.466753113503289
TACGCG,0.46383697521545
TACGCT,0.46084243024672
TACGGA,0.475427893834366
TACGGC,0.468875439910877
TACGGG,0.467297135885429
TACGGT,0.465385964361066
TACGTA,0.461692280346492
TACGTC,0.465722131912988
TACGTG,0.469885864617972
TACGTT,0.46151771255985
TACTAA,0.430687314586355
TACTAC,0.467279778040246
TACTAG,0.450846327441953
TACTAT,0.461261624669567
TACTCA,0.457488376680838
TACTCC,0.46775411740958
TACTCG,0.458090017439329
TACTCT,0.465055482662034
TACTGA,0.474267934216027
TACTGC,0.477657894107304
TACTGG,0.482285442174434
TACTGT,0.451610678105635
TACTTA,0.444142102090031
TACTTC,0.483743533593677
TACTTG,0.444793247784107
TACTTT,0.451822241189177
TAGAAA,0.46213438239976
TAGAAC,0.46918733703356
TAGAAG,0.514235749155744
TAGAAT,0.435739916196347
TAGACA,0.463564058186342
TAGACC,0.476242506362231
TAGACG,0.466023427463837
TAGACT,0.457482533733859
TAGAGA,0.440642339021779
TAGAGC,0.467366564253368
TAGAGG,0.483527232471901
TAGAGT,0.448596925816566
TAGATA,0.44958681481363
TAGATC,0.470601205189988
TAGATG,0.478218910321686
TAGATT,0.452568231469712
TAGCAA,0.465646793838918
TAGCAC,0.45195738306349
TAGCAG,0.467979638912325
TAGCAT,0.453466205738153
TAGCCA,0.446874069355642
TAGCCC,0.464498634911522
TAGCCG,0.458778831195952
TAGCCT,0.445307944721193
TAGCGA,0.464707489157082
TAGCGC,0.460463839849975
TAGCGG,0.464748094639868
TAGCGT,0.463343347396928
TAGCTA,0.445000341621111
TAGCTC,0.457944021391895
TAGCTG,0.423060220824142
TAGCTT,0.440083616740758
TAGGAA,0.480317066904337
TAGGAC,0.461855182791036
TAGGAG,0.474985889686495
TAGGAT,0.458516203949301
TAGGCA,0.463581480647826
TAGGCC,0.460195827702971
TAGGCG,0.459146393505039
TAGGCT,0.45334886928454
TAGGGA,0.456769437927527
TAGGGC,0.459070558376257
TAGGGG,0.456880527267306
TAGGGT,0.455856869051245
TAGGTA,0.45527145067994
TAGGTC,0.461389676812334
TAGGTG,0.466857310915027
TAGGTT,0.454627094388715
TAGTAA,0.443324610148231
TAGTAC,0.45334886928454
TAGTAG,0.414588039262211
TAGTAT,0.43898904318223
TAGTCA,0.452891125518408
TAGTCC,0.4453966588038
TAGTCG,0.460848253595002
TAGTCT,0.440903761378731
TAGTGA,0.468349615303125
TAGTGC,0.458317728720373
TAGTGG,0.462215800937389
TAGTGT,0.448001342009672
TAGTTA,0.440879998533751
TAGTTC,0.448355196941459
TAGTTG,0.444082885997206
TAGTTT,0.417128113586071
TATAAA,0.416708258736412
TATAAC,0.46210530274402
TATAAG,0.45583931148569
TATAAT,0.428061150811876
TATACA,0.446897690192158
TATACC,0.460621117879916
TATACG,0.464133034988043
TATACT,0.448761975378284
TATAGA,0.458393620959416
TATAGC,0.458177604837758
TATAGG,0.458580408090354
TATAGT,0.433988764635576
TATATA,0.393894799996466
TATATC,0.454879028551852
TATATG,0.444532840383153
TATATT,0.423676885245779
TATCAA,0.479248529035004
TATCAC,0.459630436109037
TATCAG,0.48766865997768
TATCAT,0.463453708880791
TATCCA,0.470952918907222
TATCCC,0.468938982400235
TATCCG,0.473468961975142
TATCCT,0.472836228996771
TATCGA,0.468228231887746
TATCGC,0.466185625936748
TATCGG,0.475347543973961
TATCGT,0.465281613517978
TATCTA,0.452292221188274
TATCTC,0.457961542043053
TATCTG,0.467592173164762
TATCTT,0.457067597212148
TATGAA,0.498612518887973
TATGAC,0.488898125282511
TATGAG,0.498876037517301
TATGAT,0.492216358853498
TATGCA,0.468176205913285
TATGCC,0.475261447672915
TATGCG,0.461209234975608
TATGCT,0.467846645204497
TATGGA,0.518164204341332
TATGGC,0.477405906861286
TATGGG,0.466729957048408
TATGGT,0.464771297032631
TATGTA,0.443253492299468
TATGTC,0.462308842578286
TATGTG,0.478905440574274
TATGTT,0.44817828512723
TATTAA,0.432042767086875
TATTAC,0.459723718596505
TATTAG,0.440737409604521
TATTAT,0.42948025594236
TATTCA,0.456026576293903
TATTCC,0.468257134037371
TATTCG,0.474175998692526
TATTCT,0.449103777122546
TATTGA,0.47550823723919
TATTGC,0.468262914367057
TATTGG,0.47049739717321
TATTGT,0.454908319103158
TATTTA,0.390101860095305
TATTTC,0.443431277438997
TATTTG,0.445780995576684
TATTTT,0.371949933066257
TCAAAA,0.456985758417292
TCAAAC,0.478012859304107
TCAAAG,0.507177665919727
TCAAAT,0.460667714027602
TCAACA,0.503166652840147
TCAACC,0.478361976330678
TCAACG,0.477543362321563
TCAACT,0.483897192806446
TCAAGA,0.547052281877698
TCAAGC,0.475181084436934
TCAAGG,0.529667569770689
TCAAGT,0.467117756954452
TCAATA,0.465432339018512
TCAATC,0.460603643764756
TCAATG,0.50153536767905
TCAATT,0.463662781454825
TCACAA,0.469245085086077
TCACAC,0.44658466881859
TCACAG,0.492656454972843
TCACAT,0.44571596435182
TCACCA,0.479785797740084
TCACCC,0.463465325170612
TCACCG,0.468933205977135
TCACCT,0.464220094713301
TCACGA,0.458416971258889
TCACGC,0.445514932006087
TCACGG,0.467852427907425
TCACGT,0.462128566536262
TCACTA,0.458434483625688
TCACTC,0.45517189546493
TCACTG,0.445976063880762
TCACTT,0.42796486736073
TCAGAA,0.532078269058413
TCAGAC,0.486829262767389
TCAGAG,0.51612201130871
TCAGAT,0.516970220421764
TCAGCA,0.524435294755044
TCAGCC,0.432737773202676
TCAGCG,0.478733852192676
TCAGCT,0.467314493429322
TCAGGA,0.516320358402785
TCAGGC,0.466735746212399
TCAGGG,0.479322849355914
TCAGGT,0.46668364252992
TCAGTA,0.457324761259122
TCAGTC,0.46395889279604
TCAGTG,0.51508004312601
TCAGTT,0.4636337462111
TCATAA,0.451522513609015
TCATAC,0.45951965185207
TCATAG,0.465072879158826
TCATAT,0.451075693991662
TCATCA,0.503975721086648
TCATCC,0.477331443930647
TCATCG,0.484221506960718
TCATCT,0.492588760482968
TCATGA,0.4875836180156
TCATGC,0.459776186172003
TCATGG,0.492656454972843
TCATGT,0.457055906365788
TCATTA,0.452033759523247
TCATTC,0.456605704824416
TCATTG,0.479962918824122
TCATTT,0.439482939370924
TCCAAA,0.487192331813185
TCCAAC,0.478230356355654
TCCAAG,0.510585504777496
TCCAAT,0.473980607636824
TCCACA,0.481920586884992
TCCACC,0.456763590778305
TCCACG,0.470093596859553
TCCACT,0.461273266451055
TCCAGA,0.52749078123999
TCCAGC,0.480351332644084
TCCAGG,0.529721928819327
TCCAGT,0.483009057953038
TCCATA,0.465275815929627
TCCATC,0.479145614855737
TCCATG,0.466886252713813
TCCATT,0.459881113065183
TCCCAA,0.442500518221666
TCCCAC,0.462006425588739
TCCCAG,0.429354061233466
TCCCAT,0.458732146948369
TCCCCA,0.488156094346638
TCCCCC,0.467528545035413
TCCCCG,0.466857310915027
TCCCCT,0.462576289085172
TCCCGA,0.458247669233403
TCCCGC,0.469528002348357
TCCCGG,0.470064747739708
TCCCGT,0.465241029693645
TCCCTA,0.459152226738285
TCCCTC,0.46013172719814
TCCCTG,0.474325389626408
TCCCTT,0.461698098747917
TCCGAA,0.481127707980902
TCCGAC,0.466973073084746
TCCGAG,0.484989200138124
TCCGAT,0.465820642369587
TCCGCA,0.480379886530321
TCCGCC,0.447623758685175
TCCGCG,0.468216670793998
TCCGCT,0.466608376862119
TCCGGA,0.482296841757516
TCCGGC,0.464962696234244
TCCGGG,0.477634988799534
TCCGGT,0.463993723660566
TCCGTA,0.464724891708742
TCCGTC,0.460417234201347
TCCGTG,0.47183454223858
TCCGTT,0.467875558384743
TCCTAA,0.451416705951714
TCCTAC,0.46574531171702
TCCTAG,0.467123543873847
TCCTAT,0.473698947470113
TCCTCA,0.49153890947363
TCCTCC,0.461232519622884
TCCTCG,0.472847736806849
TCCTCT,0.46313420802034
TCCTGA,0.477783863922723
TCCTGC,0.454767716631854
TCCTGG,0.474497736053462
TCCTGT,0.483624004546737
TCCTTA,0.457307229447499
TCCTTC,0.492836951212161
TCCTTG,0.472249155011621
TCCTTT,0.455160182435063
TCGAAA,0.483196998425379
TCGAAC,0.458265184565307
TCGAAG,0.483077404029849
TCGAAT,0.476609438840993
TCGACA,0.481829352258932
TCGACC,0.471316034415634
TCGACG,0.465930730808896
TCGACT,0.479591499826412
TCGAGA,0.489305724724159
TCGAGC,0.469793525323979
TCGAGG,0.495129799999153
TCGAGT,0.473859905850852
TCGATA,0.46757482044008
TCGATC,0.466359380825618
TCGATG,0.476013105172591
TCGATT,0.467476482645376
TCGCAA,0.469579958043631
TCGCAC,0.463285257512945
TCGCAG,0.480339910861295
TCGCAT,0.472548490696755
TCGCCA,0.476569312158258
TCGCCC,0.459298046511883
TCGCCG,0.468938982400235
TCGCCT,0.470203215925272
TCGCGA,0.46322135474285
TCGCGC,0.461907538655799
TCGCGG,0.468395852728906
TCGCGT,0.464434809635055
TCGCTA,0.464933698709887
TCGCTC,0.458749653796614
TCGCTG,0.467158264686982
TCGCTT,0.462035508119893
TCGGAA,0.492656454972843
TCGGAC,0.472490933100218
TCGGAG,0.495517993273782
TCGGAT,0.479774369496014
TCGGCA,0.482023215890801
TCGGCC,0.46006762258417
TCGGCG,0.470647338627563
TCGGCT,0.461907538655799
TCGGGA,0.488280748705179
TCGGGC,0.468811893383615
TCGGGG,0.474400076725064
TCGGGT,0.469383666807502
TCGGTA,0.468829224655169
TCGGTC,0.46918733703356
TCGGTG,0.474916988323848
TCGGTT,0.46840163225681
TCGTAA,0.463157447888931
TCGTAC,0.469735808935047
TCGTAG,0.470635805467695
TCGTAT,0.464318753240148
TCGTCA,0.480174280349054
TCGTCC,0.466567846848302
TCGTCG,0.470503164567969
TCGTCT,0.473848409682798
TCGTGA,0.474469013711603
TCGTGC,0.465901761341969
TCGTGG,0.483698000403294
TCGTGT,0.473284935488377
TCGTTA,0.466243547587632
TCGTTC,0.464121426451989
TCGTTG,0.467638445625174
TCGTTT,0.474842339823285
TCTAAA,0.461133556127348
TCTAAC,0.460656065194229
TCTAAG,0.460143382141005
TCTAAT,0.452433172126963
TCTACA,0.489254783878661
TCTACC,0.470901034497988
TCTACG,0.476368654588769
TCTACT,0.446673269715076
TCTAGA,0.475634478120641
TCTAGC,0.458889697550041
TCTAGG,0.480436991856938
TCTAGT,0.455037187337593
TCTATA,0.460708483875841
TCTATC,0.466313049140492
TCTATG,0.474130027761029
TCTATT,0.455669572457164
TCTCAA,0.449433681781729
TCTCAC,0.450463932911437
TCTCAG,0.469920489655088
TCTCAT,0.463285257512945
TCTCCA,0.487611966139872
TCTCCC,0.466515734416685
TCTCCG,0.468702121687893
TCTCCT,0.45061690827116
TCTCGA,0.458656280397447
TCTCGC,0.461628275696361
TCTCGG,0.461424597278364
TCTCGT,0.473123884527273
TCTCTA,0.434718285699341
TCTCTC,0.470843381996944
TCTCTG,0.465791669713236
TCTCTT,0.489781047522038
TCTGAA,0.502971262393591
TCTGAC,0.477801040395419
TCTGAG,0.472312483494712
TCTGAT,0.49089490719317
TCTGCA,0.496647959048177
TCTGCC,0.449828246190309
TCTGCG,0.47167325750192
TCTGCT,0.473135389027561
TCTGGA,0.529977376774412
TCTGGC,0.4782818618873
TCTGGG,0.465293208593847
TCTGGT,0.476580777089056
TCTGTA,0.451475489365673
TCTGTC,0.436635224770656
TCTGTG,0.481749515132478
TCTGTT,0.466266715308641
TCTTAA,0.446129727263844
TCTTAC,0.463871810326655
TCTTAG,0.455125042522268
TCTTAT,0.456149449769034
TCTTCA,0.505642011850529
TCTTCC,0.490685799729144
TCTTCG,0.482165738705654
TCTTCT,0.487878399234616
TCTTGA,0.451651818877457
TCTTGC,0.458206798932528
TCTTGG,0.469701177502653
TCTTGT,0.452603461341997
TCTTTA,0.451387312948874
TCTTTC,0.495669853978724
TCTTTG,0.483390597127265
TCTTTT,0.467117756954452
TGAAAA,0.537308573044841
TGAAAC,0.482644466631257
TGAAAG,0.541190588221197
TGAAAT,0.484249950553574
TGAACA,0.503334099985023
TGAACC,0.49006387052973
TGAACG,0.480328488948047
TGAACT,0.489498144502863
TGAAGA,0.834869222828439
TGAAGC,0.542806786958826
TGAAGG,0.589435802488037
TGAAGT,0.523166710184492
TGAATA,0.462227431615928
TGAATC,0.482792597887798
TGAATG,0.490374883478927
TGAATT,0.482433626619327
TGACAA,0.517283985612236
TGACAC,0.484107724498223
TGACAG,0.508350073823956
TGACAT,0.497984279553299
TGACCA,0.514274392548995
TGACCC,0.49951492202315
TGACCG,0.485841501910638
TGACCT,0.474112788116861
TGACGA,0.486664703698025
TGACGC,0.469233535742358
TGACGG,0.4686674544383
TGACGT,0.466556266542631
TGACTA,0.476185160998218
TGACTC,0.487504238992135
TGACTG,0.483202693039851
TGACTT,0.474882535862169
TGAGAA,0.536477447959392
TGAGAC,0.454070270539569
TGAGAG,0.498517186535308
TGAGAT,0.448532077463435
TGAGCA,0.50481199996904
TGAGCC,0.428217591650442
TGAGCG,0.486114085129744
TGAGCT,0.457447475335029
TGAGGA,0.649113250826166
TGAGGC,0.467644229532179
TGAGGG,0.479494336710862
TGAGGT,0.4453966588038
TGAGTA,0.453477938626319
TGAGTC,0.464487030618797
TGAGTG,0.474009344010074
TGAGTT,0.461500254105003
TGATAA,0.478361976330678
TGATAC,0.471379422017542
TGATAG,0.474894020147948
TGATAT,0.480505513944612
TGATCA,0.491849464075965
TGATCC,0.474313898808419
TGATCG,0.484557089815565
TGATCT,0.464127230736861
TGATGA,0.672739773830488
TGATGC,0.508400051191765
TGATGG,0.532284320449219
TGATGT,0.494718938649339
TGATTA,0.470364737912395
TGATTC,0.474905504301841
TGATTG,0.490126080858375
TGATTT,0.459531313930781
TGCAAA,0.493603696978605
TGCAAC,0.47265784100404
TGCAAG,0.506944131502888
TGCAAT,0.464162055738626
TGCACA,0.468395852728906
TGCACC,0.459461339418371
TGCACG,0.461069515705132
TGCACT,0.439964699373477
TGCAGA,0.575747165004904
TGCAGC,0.528351178976354
TGCAGG,0.55043894251861
TGCAGT,0.429390118489619
TGCATA,0.454146485800967
TGCATC,0.489152894402095
TGCATG,0.457733749630598
TGCATT,0.453630453646673
TGCCAA,0.499783803960677
TGCCAC,0.457616912877698
TGCCAG,0.4875836180156
TGCCAT,0.480790972114593
TGCCCA,0.465246827483676
TGCCCC,0.470353201492769
TGCCCG,0.472007318452243
TGCCCT,0.483726458890244
TGCCGA,0.485716543099187
TGCCGC,0.47183454223858
TGCCGG,0.474675796161957
TGCCGT,0.46609294431654
TGCCTA,0.462018058702696
TGCCTC,0.42347741777831
TGCCTG,0.460090933828357
TGCCTT,0.460195827702971
TGCGAA,0.473491962904985
TGCGAC,0.471874859358578
TGCGAG,0.475663167007613
TGCGAT,0.462465830720113
TGCGCA,0.479505768155645
TGCGCC,0.465722131912988
TGCGCG,0.464811899924603
TGCGCT,0.4599277437062
TGCGGA,0.491448548204437
TGCGGC,0.483823211688378
TGCGGG,0.481692484710901
TGCGGT,0.460644416225159
TGCGTA,0.465368573310054
TGCGTC,0.464173663803046
TGCGTG,0.471252642795483
TGCGTT,0.463494365304824
TGCTAA,0.47161564950556
TGCTAC,0.471748142936102
TGCTAG,0.460935599750109
TGCTAT,0.457885617004242
TGCTCA,0.477864018271267
TGCTCC,0.474365606449597
TGCTCG,0.466388337038777
TGCTCT,0.462018058702696
TGCTGA,0.52594237987212
TGCTGC,0.515951180891608
TGCTGG,0.498270401764964
TGCTGT,0.465142462119771
TGCTTA,0.463773107693046
TGCTTC,0.487566608755293
TGCTTG,0.456623248939243
TGCTTT,0.460114244529143
TGGAAA,0.578774265869155
TGGAAC,0.530422895753216
TGGAAG,0.641287090720921
TGGAAT,0.491956724165572
TGGACA,0.529906727485119
TGGACC,0.542157399739274
TGGACG,0.494842777649847
TGGACT,0.498747090268623
TGGAGA,0.639988114475218
TGGAGC,0.56540481898154
TGGAGG,0.600972433098835
TGGAGT,0.483031840497666
TGGATA,0.490007312326938
TGGATC,0.506882958713552
TGGATG,0.560441038341143
TGGATT,0.493705133995876
TGGCAA,0.492357436393854
TGGCAC,0.461430417237482
TGGCAG,0.515102106612137
TGGCAT,0.465275815929626
TGGCCA,0.489164215967725
TGGCCC,0.497484772070813
TGGCCG,0.492131702774918
TGGCCT,0.470606971986077
TGGCGA,0.476873088421366
TGGCGC,0.449027176544363
TGGCGG,0.476408789323873
TGGCGT,0.465345384771554
TGGCTA,0.470618505478488
TGGCTC,0.451346161293412
TGGCTG,0.512207636875767
TGGCTT,0.471033622637883
TGGGAA,0.515659048370195
TGGGAC,0.474601129653917
TGGGAG,0.443804523381105
TGGGAT,0.433132992224637
TGGGCA,0.447429011560751
TGGGCC,0.464202683374591
TGGGCG,0.453178706967938
TGGGCT,0.458422808748564
TGGGGA,0.492938466031712
TGGGGC,0.457155274203573
TGGGGG,0.472450640811389
TGGGGT,0.443419426079657
TGGGTA,0.457762956686005
TGGGTC,0.464771297032631
TGGGTG,0.44007172564037
TGGGTT,0.436599427813746
TGGTAA,0.453014384838111
TGGTAC,0.466388337038777
TGGTAG,0.456500433671247
TGGTAT,0.45343687291546
TGGTCA,0.467158264686982
TGGTCC,0.478688090317957
TGGTCG,0.471753903121846
TGGTCT,0.432881507283815
TGGTGA,0.501608050015697
TGGTGC,0.477434544973651
TGGTGG,0.48029993359415
TGGTGT,0.475301626869192
TGGTTA,0.451540147130188
TGGTTC,0.478041480040023
TGGTTG,0.469585730732035
TGGTTT,0.455710546584784
TGTAAA,0.447281450606838
TGTAAC,0.45747669075274
TGTAAG,0.455815900918744
TGTAAT,0.394523486106333
TGTACA,0.46918733703356
TGTACC,0.481721000328248
TGTACG,0.466301465883792
TGTACT,0.460714308004189
TGTAGA,0.466359380825618
TGTAGC,0.457143584382192
TGTAGG,0.476127812345525
TGTAGT,0.4286927810218
TGTATA,0.433713561094056
TGTATC,0.463215545197619
TGTATG,0.462948269625755
TGTATT,0.393788942669372
TGTCAA,0.483828902737934
TGTCAC,0.463999528686706
TGTCAG,0.487475887813793
TGTCAT,0.460597818991847
TGTCCA,0.488694263243263
TGTCCC,0.476661027924401
TGTCCG,0.47463559181193
TGTCCT,0.47580086220935
TGTCGA,0.467140904431107
TGTCGC,0.455704693240769
TGTCGG,0.476179426280945
TGTCGT,0.462000608981011
TGTCTA,0.461849365303519
TGTCTC,0.450469817011858
TGTCTG,0.482313940888486
TGTCTT,0.46622617144463
TGTGAA,0.520575332775129
TGTGAC,0.489928125468609
TGTGAG,0.463674395316267
TGTGAT,0.479380015075171
TGTGCA,0.481641154550472
TGTGCC,0.46291921362829
TGTGCG,0.472110969853477
TGTGCT,0.479328566074898
TGTGGA,0.558478184319043
TGTGGC,0.499436484504233
TGTGGG,0.470255136552105
TGTGGT,0.464661080872005
TGTGTA,0.450946314200953
TGTGTC,0.472824721054262
TGTGTG,0.442512380476253
TGTGTT,0.461855182791036
TGTTAA,0.455698839862491
TGTTAC,0.465953905778206
TGTTAG,0.443603106367691
TGTTAT,0.451169777872184
TGTTCA,0.473980607636824
TGTTCC,0.475823809566422
TGTTCG,0.469857009504526
TGTTCT,0.477342900127035
TGTTGA,0.485790384284162
TGTTGC,0.468985192583856
TGTTGG,0.471212300581193
TGTTGT,0.452803073844513
TGTTTA,0.447328672481169
TGTTTC,0.46438838869337
TGTTTG,0.460760899809878
TGTTTT,0.423610400510665
TTAAAA,0.376819799023789
TTAAAC,0.454339929226806
TTAAAG,0.463145828022147
TTAAAT,0.42296345463684
TTAACA,0.461249982752546
TTAACC,0.464104013395232
TTAACG,0.461232519622884
TTAACT,0.450452164606725
TTAAGA,0.455095758318316
TTAAGC,0.457634439260897
TTAAGG,0.469949342936892
TTAAGT,0.425446171847493
TTAATA,0.423029982396463
TTAATC,0.450010753175594
TTAATG,0.459146393505039
TTAATT,0.422497636351841
TTACAA,0.472980067105235
TTACAC,0.456009021707767
TTACAG,0.455382706545573
TTACAT,0.439054513327332
TTACCA,0.480716760829028
TTACCC,0.472306726525605
TTACCG,0.47106820795732
TTACCT,0.460731780185713
TTACGA,0.470803023268455
TTACGC,0.465165655364174
TTACGG,0.472542735086178
TTACGT,0.463047053702616
TTACTA,0.447015786006305
TTACTC,0.464823500448084
TTACTG,0.46961459367421
TTACTT,0.455142612633017
TTAGAA,0.453237386899696
TTAGAC,0.461709735449208
TTAGAG,0.456371753877016
TTAGAT,0.458948043326126
TTAGCA,0.456804520104907
TTAGCC,0.435429355356663
TTAGCG,0.465751106584075
TTAGCT,0.438209023612429
TTAGGA,0.467158264686982
TTAGGC,0.461570086095678
TTAGGG,0.455827606270724
TTAGGT,0.467256633777979
TTAGTA,0.413318631906641
TTAGTC,0.454673970666975
TTAGTG,0.449374778217194
TTAGTT,0.435966803524412
TTATAA,0.428993417146971
TTATAC,0.451575413239739
TTATAG,0.444929342851196
TTATAT,0.420474558196978
TTATCA,0.470139753720249
TTATCC,0.469372119064209
TTATCG,0.466237755573512
TTATCT,0.454849737142585
TTATGA,0.497029947161206
TTATGC,0.472882259442525
TTATGG,0.474055320489723
TTATGT,0.452527128383317
TTATTA,0.425560795736628
TTATTC,0.457523433645787
TTATTG,0.453900230944441
TTATTT,0.389964345495182
TTCAAA,0.470970213112096
TTCAAC,0.48503467457534
TTCAAG,0.48620492969381
TTCAAT,0.47383691338258
TTCACA,0.459980200578368
TTCACC,0.457137739420257
TTCACG,0.457803845130502
TTCACT,0.451334403366515
TTCAGA,0.522104674115684
TTCAGC,0.492549269914194
TTCAGG,0.505530640881642
TTCAGT,0.472888013099269
TTCATA,0.448714821140315
TTCATC,0.486829262767389
TTCATG,0.469978195386208
TTCATT,0.445710052212577
TTCCAA,0.476769929472365
TTCCAC,0.469406761894045
TTCCAG,0.522099196779917
TTCCAT,0.456974066614123
TTCCCA,0.469435630002175
TTCCCC,0.467007799122651
TTCCCG,0.46801433001438
TTCCCT,0.457459161604538
TTCCGA,0.474733228143914
TTCCGC,0.462983135708338
TTCCGG,0.470266674103099
TTCCGT,0.462215800937389
TTCCTA,0.463953087534002
TTCCTC,0.486642003770046
TTCCTG,0.483288108365719
TTCCTT,0.466920981766725
TTCGAA,0.469955113493353
TTCGAC,0.479722940781403
TTCGAG,0.484272704845366
TTCGAT,0.474647078934019
TTCGCA,0.475100714742183
TTCGCC,0.465345384771554
TTCGCG,0.465635202862196
TTCGCT,0.465258422962896
TTCGGA,0.479917213160531
TTCGGC,0.474962923093097
TTCGGG,0.486136797044466
TTCGGT,0.468702121687893
TTCGTA,0.463343347396928
TTCGTC,0.474514969062599
TTCGTG,0.475944274552587
TTCGTT,0.46353502007598
TTCTAA,0.450458048776393
TTCTAC,0.481874970612432
TTCTAG,0.482889441077423
TTCTAT,0.455938800281427
TTCTCA,0.480374175818299
TTCTCC,0.471771183480001
TTCTCG,0.471552276876252
TTCTCT,0.484181684571486
TTCTGA,0.472013077145285
TTCTGC,0.476500519812997
TTCTGG,0.48539271352249
TTCTGT,0.459583791601991
TTCTTA,0.455973911610978
TTCTTC,0.504505445576533
TTCTTG,0.45543540237251
TTCTTT,0.478144507907316
TTGAAA,0.50740558739941
TTGAAC,0.456096791556974
TTGAAG,0.583905579282487
TTGAAT,0.454216833194613
TTGACA,0.498309667052469
TTGACC,0.484193062558801
TTGACG,0.465484507937619
TTGACT,0.473468961975142
TTGAGA,0.437327047519434
TTGAGC,0.462675109912807
TTGAGG,0.485068779046227
TTGAGT,0.45025796758139
TTGATA,0.463929866148832
TTGATC,0.482262642618411
TTGATG,0.524845053548033
TTGATT,0.450893381279771
TTGCAA,0.485608611558268
TTGCAC,0.453190443229759
TTGCAG,0.525724102423129
TTGCAT,0.455769078140625
TTGCCA,0.483413370981217
TTGCCC,0.448950570098083
TTGCCG,0.467187197777062
TTGCCT,0.467499621820022
TTGCGA,0.470289748805749
TTGCGC,0.460819136514473
TTGCGG,0.474698769350553
TTGCGT,0.465519285705087
TTGCTA,0.456231357032206
TTGCTC,0.451052171638376
TTGCTG,0.499436484504233
TTGCTT,0.456886373732826
TTGGAA,0.537033406815867
TTGGAC,0.492645172876091
TTGGAG,0.541588168332932
TTGGAT,0.501177469903082
TTGGCA,0.468684788213324
TTGGCC,0.45492589302214
TTGGCG,0.469094933212508
TTGGCT,0.466434665235899
TTGGGA,0.440547259399763
TTGGGC,0.46160500026241
TTGGGG,0.45533586347922
TTGGGT,0.447222420127948
TTGGTA,0.44867355935803
TTGGTC,0.463697622634512
TTGGTG,0.491312990989129
TTGGTT,0.450028413374351
TTGTAA,0.443899293822184
TTGTAC,0.463372391073555
TTGTAG,0.467262419893764
TTGTAT,0.407309849220129
TTGTCA,0.466556266542631
TTGTCC,0.470110905931977
TTGTCG,0.463395625407527
TTGTCT,0.468794561811682
TTGTGA,0.483128660522166
TTGTGC,0.467354993193449
TTGTGG,0.475617264393385
TTGTGT,0.456781132123406
TTGTTA,0.446962644615827
TTGTTC,0.471097028143157
TTGTTG,0.461372216122019
TTGTTT,0.424256928116109
TTTAAA,0.355528508721805
TTTAAC,0.447263741829051
TTTAAG,0.432947378500543
TTTAAT,0.414118302251552
TTTACA,0.458323566789403
TTTACC,0.468811893383615
TTTACG,0.468245573277761
TTTACT,0.448355196941459
TTTAGA,0.457073442584075
TTTAGC,0.454345790564685
TTTAGG,0.483976858659302
TTTAGT,0.410983110946919
TTTATA,0.416817803084309
TTTATC,0.453618722547823
TTTATG,0.4677078503014
TTTATT,0.390695456101205
TTTCAA,0.457949861643056
TTTCAC,0.429143701323069
TTTCAG,0.516871116220605
TTTCAT,0.447116156483964
TTTCCA,0.471886378237171
TTTCCC,0.473359700333066
TTTCCG,0.465559858238528
TTTCCT,0.461540990025525
TTTCGA,0.473003079282734
TTTCGC,0.460539569396647
TTTCGG,0.463262020614477
TTTCGT,0.459414687023043
TTTCTA,0.455499804612409
TTTCTC,0.492216358853498
TTTCTG,0.457324761259122
TTTCTT,0.477279889422686
TTTGAA,0.498702235153872
TTTGAC,0.48161263665615
TTTGAG,0.431611140901651
TTTGAT,0.486062981435533
TTTGCA,0.489192519321035
TTTGCC,0.46438838869337
TTTGCG,0.465629407323453
TTTGCT,0.472358538054464
TTTGGA,0.52221969123707
TTTGGC,0.474526457570372
TTTGGG,0.428993417146971
TTTGGT,0.461011293580395
TTTGTA,0.411356426793086
TTTGTC,0.471304508965408
TTTGTG,0.468083708608279
TTTGTT,0.448461329009007
TTTTAA,0.359164559017153
TTTTAC,0.445509018678189
TTTTAG,0.44644289105394
TTTTAT,0.403037075485627
TTTTCA,0.470970213112096
TTTTCC,0.463262020614477
TTTTCG,0.461442057054101
TTTTCT,0.47365295460239
TTTTGA,0.435214295185324
TTTTGC,0.456073387017078
TTTTGG,0.458895532280843
TTTTGT,0.395046052874886
TTTTTA,0.35231417653225
TTTTTC,0.473670202175679
TTTTTG,0.365289394091652
TTTTTT,0
