MOTIF,Score
AAAAAA,0
AAAAAC,0.588070704952719
AAAAAG,0.74371177884019
AAAAAT,0.588684483918138
AAAACA,0.570653949667839
AAAACC,0.559452534480846
AAAACG,0.522312284094418
AAAACT,0.673903626776841
AAAAGA,0.814972471815662
AAAAGC,0.702769512725852
AAAAGG,0.764738808908329
AAAAGT,0.648178303477518
AAAATA,0.561607548705108
AAAATC,0.601945504486262
AAAATG,0.703623679851617
AAAATT,0.624997184801283
AAACAA,0.597356764736184
AAACAC,0.561084614921642
AAACAG,0.679221782597977
AAACAT,0.595634259623793
AAACCA,0.567066613786
AAACCC,0.512944841683964
AAACCG,0.528212119717353
AAACCT,0.612858715868722
AAACGA,0.527862290299246
AAACGC,0.508949513876265
AAACGG,0.521752385251737
AAACGT,0.526732459840013
AAACTA,0.586107077688678
AAACTC,0.586752052296922
AAACTG,0.616081923702932
AAACTT,0.625790626186913
AAAGAA,0.869470643057813
AAAGAC,0.656827152536802
AAAGAG,0.842134076433924
AAAGAT,0.759908051413034
AAAGCA,0.721499526912001
AAAGCC,0.621932925229202
AAAGCG,0.53146602403135
AAAGCT,0.668667564975674
AAAGGA,0.874464887322
AAAGGC,0.616605988526876
AAAGGG,0.740309641818418
AAAGGT,0.624968320521313
AAAGTA,0.604983192100071
AAAGTC,0.586677076619242
AAAGTG,0.677319816538258
AAAGTT,0.651261714506997
AAATAA,0.52953082999568
AAATAC,0.544486284136366
AAATAG,0.66074777996504
AAATAT,0.616285759326447
AAATCA,0.578637140210522
AAATCC,0.526700615136973
AAATCG,0.524373208489654
AAATCT,0.597327091495043
AAATGA,0.702702750182408
AAATGC,0.61823465827142
AAATGG,0.735617568853486
AAATGT,0.629906403553421
AAATTA,0.565735265414529
AAATTC,0.580630562773104
AAATTG,0.641244718351102
AAATTT,0.568884787950297
AACAAA,0.59873559894883
AACAAC,0.573712088896249
AACAAG,0.64776928413596
AACAAT,0.592061008379819
AACACA,0.615455597231841
AACACC,0.523367241159647
AACACG,0.527066768010841
AACACT,0.587471532932549
AACAGA,0.683028514931365
AACAGC,0.590105208624238
AACAGG,0.641968622763012
AACAGT,0.640193414541485
AACATA,0.549728204471467
AACATC,0.547563003314022
AACATG,0.549058894717743
AACATT,0.572511248958507
AACCAA,0.579120759187457
AACCAC,0.529181461677722
AACCAG,0.573225846459358
AACCAT,0.53404573967771
AACCCA,0.521592356557743
AACCCC,0.508090132779677
AACCCG,0.497555616382438
AACCCT,0.51016435857958
AACCGA,0.51965397697216
AACCGC,0.509970082576705
AACCGG,0.515492211475805
AACCGT,0.534835731551763
AACCTA,0.56009952651725
AACCTC,0.521320248991082
AACCTG,0.554431845967216
AACCTT,0.537800528665616
AACGAA,0.538933659111097
AACGAC,0.507570903379827
AACGAG,0.522520166704516
AACGAT,0.514638437089282
AACGCA,0.512282753558968
AACGCC,0.504596369688641
AACGCG,0.506953968099849
AACGCT,0.514122597527686
AACGGA,0.532495542903685
AACGGC,0.512508881720606
AACGGG,0.535609318570527
AACGGT,0.513638756154979
AACGTA,0.516634805857971
AACGTC,0.510973435907043
AACGTG,0.536508453187325
AACGTT,0.524899740164638
AACTAA,0.541007736001071
AACTAC,0.536918316434998
AACTAG,0.568335100745933
AACTAT,0.579800452904144
AACTCA,0.596005740072523
AACTCC,0.491949749979891
AACTCG,0.515154010697607
AACTCT,0.526525451141171
AACTGA,0.638785209896116
AACTGC,0.548840883208898
AACTGG,0.623350589693486
AACTGT,0.54370388242016
AACTTA,0.601103346837344
AACTTC,0.541917714222311
AACTTG,0.572435197887286
AACTTT,0.555205902199104
AAGAAA,0.886114663048186
AAGAAC,0.626151073351777
AAGAAG,0.899529414491964
AAGAAT,0.767533496789054
AAGACA,0.723306287982209
AAGACC,0.567418283413896
AAGACG,0.516554384182703
AAGACT,0.636091300099696
AAGAGA,0.967447803270606
AAGAGC,0.657260432384941
AAGAGG,0.820566206630346
AAGAGT,0.685218655474082
AAGATA,0.687010727011405
AAGATC,0.622555209146928
AAGATG,0.745069399380662
AAGATT,0.671729856246655
AAGCAA,0.676908845206627
AAGCAC,0.579166086477547
AAGCAG,0.739074307928665
AAGCAT,0.564862040638045
AAGCCA,0.597623784291339
AAGCCC,0.563819300364894
AAGCCG,0.524596619423684
AAGCCT,0.591135839456123
AAGCGA,0.516313080343741
AAGCGC,0.521032054370349
AAGCGG,0.52579261454166
AAGCGT,0.514880145315765
AAGCTA,0.622265822934942
AAGCTC,0.539201016532155
AAGCTG,0.683028514931365
AAGCTT,0.569800262365742
AAGGAA,0.967816630061222
AAGGAC,0.603273784773954
AAGGAG,0.878930643449912
AAGGAT,0.664070351901338
AAGGCA,0.713500199303192
AAGGCC,0.575366580163607
AAGGCG,0.514719012989713
AAGGCT,0.610181839144855
AAGGGA,0.867615413586357
AAGGGC,0.57974005438888
AAGGGG,0.720240721560068
AAGGGT,0.631241109228103
AAGGTA,0.599550144784696
AAGGTC,0.589208143673639
AAGGTG,0.690828517990893
AAGGTT,0.598765230425028
AAGTAA,0.572739367475736
AAGTAC,0.563834642660668
AAGTAG,0.643839827911956
AAGTAT,0.562606514573474
AAGTCA,0.630724660271471
AAGTCC,0.566852493446801
AAGTCG,0.514138721542372
AAGTCT,0.606219217201147
AAGTGA,0.672459559244589
AAGTGC,0.569601980684968
AAGTGG,0.728095400827924
AAGTGT,0.604644490059115
AAGTTA,0.596733441691949
AAGTTC,0.581490131948837
AAGTTG,0.648474385495931
AAGTTT,0.631441878480318
AATAAA,0.563128653317073
AATAAC,0.538807819116289
AATAAG,0.617667833164572
AATAAT,0.546907846517446
AATACA,0.570410113366538
AATACC,0.526541376408718
AATACG,0.515154010697607
AATACT,0.559267602701761
AATAGA,0.659340355373756
AATAGC,0.591673138518693
AATAGG,0.617900415666983
AATAGT,0.573696897398353
AATATA,0.55811100359869
AATATC,0.513541959781797
AATATG,0.605439522110248
AATATT,0.57981555196298
AATCAA,0.544204690033342
AATCAC,0.580374056929341
AATCAG,0.642124690329318
AATCAT,0.5538121692947
AATCCA,0.547516220631999
AATCCC,0.532353057339308
AATCCG,0.504303314095701
AATCCT,0.539908382512845
AATCGA,0.523990102155889
AATCGC,0.498293051824796
AATCGG,0.515218438712465
AATCGT,0.513896834019528
AATCTA,0.5607461002256
AATCTC,0.528021318842425
AATCTG,0.574046243475523
AATCTT,0.530895372558967
AATGAA,0.765516591527407
AATGAC,0.530974649183841
AATGAG,0.65371881156631
AATGAT,0.587336669738012
AATGCA,0.630509394462051
AATGCC,0.560561407535352
AATGCG,0.513122400527343
AATGCT,0.583718552054209
AATGGA,0.737708518305519
AATGGC,0.569190039219739
AATGGG,0.693850736540077
AATGGT,0.624260885282597
AATGTA,0.601635318386904
AATGTC,0.597163872927941
AATGTG,0.623813065609367
AATGTT,0.579060319604506
AATTAA,0.521352265489288
AATTAC,0.567448857537753
AATTAG,0.563711897703161
AATTAT,0.525394108415021
AATTCA,0.601206807915635
AATTCC,0.517727899018729
AATTCG,0.518209766410245
AATTCT,0.56254506855844
AATTGA,0.615586721283317
AATTGC,0.555484415832534
AATTGG,0.634291320019105
AATTGT,0.557601675895781
AATTTA,0.555174951451029
AATTTC,0.549339125408678
AATTTG,0.599920173671681
AATTTT,0.569769760050665
ACAAAA,0.556829472623127
ACAAAC,0.526143168615984
ACAAAG,0.696353334843868
ACAAAT,0.590508625459379
ACAACA,0.594980118677447
ACAACC,0.529768965704544
ACAACG,0.520743776669532
ACAACT,0.55597935973134
ACAAGA,0.659744670150931
ACAAGC,0.543562985077587
ACAAGG,0.629087476742969
ACAAGT,0.601546676111997
ACAATA,0.588849092248909
ACAATC,0.513751673416245
ACAATG,0.568884787950297
ACAATT,0.5509100760653
ACACAA,0.580464595916751
ACACAC,0.518241882648652
ACACAG,0.615878046521984
ACACAT,0.519188847954657
ACACCA,0.52454874985374
ACACCC,0.502526862660126
ACACCG,0.520311204238328
ACACCT,0.520166971835952
ACACGA,0.510924909722907
ACACGC,0.509921507678043
ACACGG,0.529959433449857
ACACGT,0.511442400991066
ACACTA,0.551345150575639
ACACTC,0.511555566517248
ACACTG,0.5966146694292
ACACTT,0.546018018043587
ACAGAA,0.677580011051235
ACAGAC,0.584951082714575
ACAGAG,0.690152666874643
ACAGAT,0.62091907586788
ACAGCA,0.644406169188048
ACAGCC,0.537123185080587
ACAGCG,0.518787700948388
ACAGCT,0.565474909741536
ACAGGA,0.702782864699689
ACAGGC,0.54404821459483
ACAGGG,0.652483997403786
ACAGGT,0.555360641571879
ACAGTA,0.597327091495043
ACAGTC,0.573134649675075
ACAGTG,0.648544868295402
ACAGTT,0.609361251656563
ACATAA,0.535167342126201
ACATAC,0.516747385338807
ACATAG,0.534946280628756
ACATAT,0.507035165543206
ACATCA,0.550117132210613
ACATCC,0.55176450751669
ACATCG,0.516634805857971
ACATCT,0.565137878217121
ACATGA,0.586961954293762
ACATGC,0.482924461832721
ACATGG,0.584620552840213
ACATGT,0.532875405183649
ACATTA,0.541807933192865
ACATTC,0.527448697690504
ACATTG,0.553936135352945
ACATTT,0.576230684067058
ACCAAA,0.558327003670389
ACCAAC,0.504905613005249
ACCAAG,0.596570126193495
ACCAAT,0.523846399433009
ACCACA,0.522887853183565
ACCACC,0.520150944729255
ACCACG,0.500649197464118
ACCACT,0.532907053861276
ACCAGA,0.61682426783803
ACCAGC,0.497621188224978
ACCAGG,0.604040432188292
ACCAGT,0.520166971835952
ACCATA,0.52953082999568
ACCATC,0.496341761098345
ACCATG,0.523239426834937
ACCATT,0.504270747061187
ACCCAA,0.523590876925716
ACCCAC,0.519525687126329
ACCCAG,0.527830481555575
ACCCAT,0.539719800504015
ACCCCA,0.524069928079792
ACCCCC,0.514831808344071
ACCCCG,0.499259088452597
ACCCCT,0.51009960410555
ACCCGA,0.506287900258241
ACCCGC,0.498456852542874
ACCCGG,0.501678268086037
ACCCGT,0.507376122827789
ACCCTA,0.517502948081977
ACCCTC,0.506775310513622
ACCCTG,0.502314781517626
ACCCTT,0.506125377365757
ACCGAA,0.524197636305388
ACCGAC,0.509111578466564
ACCGAG,0.530546480726955
ACCGAT,0.508625305879584
ACCGCA,0.505637650146037
ACCGCC,0.510439518324062
ACCGCG,0.506044106013308
ACCGCT,0.50304871700556
ACCGGA,0.513235376105832
ACCGGC,0.509160192722434
ACCGGG,0.533919283042436
ACCGGT,0.509921507678043
ACCGTA,0.508981928895588
ACCGTC,0.518948179061682
ACCGTG,0.527416875788042
ACCGTT,0.518932132409198
ACCTAA,0.541431449569728
ACCTAC,0.505914058109358
ACCTAG,0.542623161788202
ACCTAT,0.544314208273809
ACCTCA,0.54324980877841
ACCTCC,0.47980884642664
ACCTCG,0.497096493054512
ACCTCT,0.529514952265268
ACCTGA,0.562944400183664
ACCTGC,0.520199025278761
ACCTGG,0.544423714521345
ACCTGT,0.564524802459269
ACCTTA,0.524245522685534
ACCTTC,0.50818745828532
ACCTTG,0.518659299912851
ACCTTT,0.536902555569826
ACGAAA,0.531275843054161
ACGAAC,0.5136064917383
ACGAAG,0.515637119659576
ACGAAT,0.515942967996167
ACGACA,0.516988584413695
ACGACC,0.508349646414897
ACGACG,0.504905613005249
ACGACT,0.515105686962245
ACGAGA,0.540379682004694
ACGAGC,0.504238178966027
ACGAGG,0.518996317474221
ACGAGT,0.513848449493018
ACGATA,0.515878586645889
ACGATC,0.508479377981628
ACGATG,0.509241211230708
ACGATT,0.52636618451536
ACGCAA,0.515830297912905
ACGCAC,0.504221894520683
ACGCAG,0.515315072952352
ACGCAT,0.519718115723746
ACGCCA,0.519686046862175
ACGCCC,0.494238634658756
ACGCCG,0.508284774319631
ACGCCT,0.498227524024237
ACGCGA,0.505556339144057
ACGCGC,0.506336651975762
ACGCGG,0.50786300308986
ACGCGT,0.510552797392485
ACGCTA,0.508025243846487
ACGCTC,0.500828952787549
ACGCTG,0.509322223175514
ACGCTT,0.509046755782202
ACGGAA,0.533049460516625
ACGGAC,0.516393521426629
ACGGAG,0.536114195426898
ACGGAT,0.517374381966216
ACGGCA,0.515959062686107
ACGGCC,0.516586553628932
ACGGCG,0.507733191530008
ACGGCT,0.508219898015703
ACGGGA,0.526079440651324
ACGGGC,0.517904610690663
ACGGGG,0.533508188503085
ACGGGT,0.523031693708279
ACGGTA,0.530752658794615
ACGGTC,0.51258962938778
ACGGTG,0.517599361822642
ACGGTT,0.518595093211993
ACGTAA,0.518145530838909
ACGTAC,0.516393521426629
ACGTAG,0.517004662283694
ACGTAT,0.498505987526773
ACGTCA,0.521512332606279
ACGTCC,0.508300992737988
ACGTCG,0.51249273140472
ACGTCT,0.506580374918794
ACGTGA,0.523910269859299
ACGTGC,0.513138540677157
ACGTGG,0.526079440651324
ACGTGT,0.529372041345814
ACGTTA,0.520311204238328
ACGTTC,0.518707452233248
ACGTTG,0.516859952146931
ACGTTT,0.515830297912905
ACTAAA,0.551205325839461
ACTAAC,0.499602706925234
ACTAAG,0.550770190477452
ACTAAT,0.538304300720203
ACTACA,0.512201981107483
ACTACC,0.525633231147354
ACTACG,0.507473517846241
ACTACT,0.540458210329212
ACTAGA,0.588160549799419
ACTAGC,0.534962072356447
ACTAGG,0.594727267758023
ACTAGT,0.535988000107729
ACTATA,0.530752658794615
ACTATC,0.520471438068406
ACTATG,0.562068733881779
ACTATT,0.535625099831257
ACTCAA,0.532273889919025
ACTCAC,0.561546041275044
ACTCAG,0.598157609598466
ACTCAT,0.564371474773378
ACTCCA,0.486660375972948
ACTCCC,0.513558093161337
ACTCCG,0.504221894520683
ACTCCT,0.497965369874633
ACTCGA,0.510115793117169
ACTCGC,0.512912554870408
ACTCGG,0.510083414831842
ACTCGT,0.510229108860741
ACTCTA,0.521064080096719
ACTCTC,0.50648289286957
ACTCTG,0.55534516871205
ACTCTT,0.519766217087912
ACTGAA,0.657078757239535
ACTGAC,0.544345496996759
ACTGAG,0.612405759695139
ACTGAT,0.547703338229807
ACTGCA,0.468801801081737
ACTGCC,0.530340260141134
ACTGCG,0.51732616541104
ACTGCT,0.551811091878646
ACTGGA,0.699492895043565
ACTGGC,0.550614739092964
ACTGGG,0.646089140479107
ACTGGT,0.564279466876073
ACTGTA,0.529721343099245
ACTGTC,0.538760625035293
ACTGTG,0.57398549640212
ACTGTT,0.530927083963094
ACTTAA,0.557370077518816
ACTTAC,0.531814595245555
ACTTAG,0.586017048150221
ACTTAT,0.535956448789459
ACTTCA,0.555809250395534
ACTTCC,0.524213598686894
ACTTCG,0.502575798075435
ACTTCT,0.511216031512146
ACTTGA,0.567983753443713
ACTTGC,0.558249866143451
ACTTGG,0.60136936798634
ACTTGT,0.538792088003431
ACTTTA,0.557725173101757
ACTTTC,0.546142954026645
ACTTTG,0.558512109461852
ACTTTT,0.546767399914141
AGAAAA,0.849805390615736
AGAAAC,0.728720077175192
AGAAAG,0.923070931718273
AGAAAT,0.727183714433318
AGAACA,0.711079924755127
AGAACC,0.585446672772603
AGAACG,0.533697945444386
AGAACT,0.624737376283368
AGAAGA,0.990241957341821
AGAAGC,0.701299706161961
AGAAGG,0.914021270858553
AGAAGT,0.728030307928368
AGAATA,0.692475680257987
AGAATC,0.594042762191063
AGAATG,0.723633250803021
AGAATT,0.674096011652144
AGACAA,0.664292389729606
AGACAC,0.600526724795324
AGACAG,0.704343816290477
AGACAT,0.596570126193495
AGACCA,0.530086391795294
AGACCC,0.524819980456416
AGACCG,0.526636922688475
AGACCT,0.567341844014353
AGACGA,0.530657504968669
AGACGC,0.508009020955266
AGACGG,0.522616097950969
AGACGT,0.521192172746714
AGACTA,0.59049368699693
AGACTC,0.539798380662986
AGACTG,0.646046747415264
AGACTT,0.605822090005505
AGAGAA,0.989450368530784
AGAGAC,0.680970039721087
AGAGAG,0.988517694426574
AGAGAT,0.743904006946829
AGAGCA,0.762288606253373
AGAGCC,0.579589042138877
AGAGCG,0.506889005397851
AGAGCT,0.614172588630667
AGAGGA,0.919852141298138
AGAGGC,0.612698012968036
AGAGGG,0.855380098886724
AGAGGT,0.674425728210555
AGAGTA,0.646272822991275
AGAGTC,0.571141443974471
AGAGTG,0.699854518526936
AGAGTT,0.671550791142869
AGATAA,0.681174713673765
AGATAC,0.568808460571599
AGATAG,0.6571206852027
AGATAT,0.622251351425819
AGATCA,0.585686870479702
AGATCC,0.55553082723086
AGATCG,0.504401008836056
AGATCT,0.624766247230051
AGATGA,0.684688564606578
AGATGC,0.544501925928428
AGATGG,0.755737892705631
AGATGT,0.652694584920626
AGATTA,0.618350890386327
AGATTC,0.578788296266947
AGATTG,0.6372182087563
AGATTT,0.644278770362755
AGCAAA,0.673889883583657
AGCAAC,0.554772504528419
AGCAAG,0.721224298611362
AGCAAT,0.605130418082619
AGCACA,0.598320666063073
AGCACC,0.556458603140329
AGCACG,0.512137358448551
AGCACT,0.583507968083715
AGCAGA,0.741530607199231
AGCAGC,0.617944018864574
AGCAGG,0.710338122236827
AGCAGT,0.636676309937012
AGCATA,0.565873073333321
AGCATC,0.56285226088444
AGCATG,0.596481033769343
AGCATT,0.564034071088558
AGCCAA,0.572648126313317
AGCCAC,0.534267000317719
AGCCAG,0.583146863787941
AGCCAT,0.533966706154661
AGCCCA,0.548233314695941
AGCCCC,0.528530040297914
AGCCCG,0.504563812196836
AGCCCT,0.542435091091682
AGCCGA,0.511701046235824
AGCCGC,0.521528337908886
AGCCGG,0.528402884194252
AGCCGT,0.502445298312736
AGCCTA,0.55059919262535
AGCCTC,0.485034893187155
AGCCTG,0.497719537927617
AGCCTT,0.553936135352945
AGCGAA,0.520663684779811
AGCGAC,0.515073469841297
AGCGAG,0.536949837420145
AGCGAT,0.501874161528202
AGCGCA,0.524788074791791
AGCGCC,0.505231029005216
AGCGCG,0.511830343776017
AGCGCT,0.512928698407491
AGCGGA,0.520359277083271
AGCGGC,0.530514757250876
AGCGGG,0.533571444817791
AGCGGT,0.539814095953827
AGCGTA,0.513541959781797
AGCGTC,0.512508881720606
AGCGTG,0.536319228861028
AGCGTT,0.519798283378659
AGCTAA,0.599283639178826
AGCTAC,0.527289578050892
AGCTAG,0.600837254902265
AGCTAT,0.535356784522417
AGCTCA,0.555097570389556
AGCTCC,0.529038503087467
AGCTCG,0.524692351689632
AGCTCT,0.510034845438106
AGCTGA,0.681297497940505
AGCTGC,0.566974853540267
AGCTGG,0.654027277009258
AGCTGT,0.585176381370686
AGCTTA,0.560376680727412
AGCTTC,0.508009020955266
AGCTTG,0.552043981142443
AGCTTT,0.567402996001419
AGGAAA,0.945505510639391
AGGAAC,0.665235500874146
AGGAAG,1
AGGAAT,0.723293207245497
AGGACA,0.658447495600029
AGGACC,0.578062538730613
AGGACG,0.531244142707921
AGGACT,0.61318004421457
AGGAGA,0.919669432618236
AGGAGC,0.671082315374878
AGGAGG,0.938642223952401
AGGAGT,0.64917899003826
AGGATA,0.653915118766167
AGGATC,0.615819788263486
AGGATG,0.657414131732455
AGGATT,0.610035355041859
AGGCAA,0.680246522733085
AGGCAC,0.569159518285478
AGGCAG,0.709913987892094
AGGCAT,0.58441015875096
AGGCCA,0.595262641126055
AGGCCC,0.543422067880155
AGGCCG,0.51113517284945
AGGCCT,0.551531553149807
AGGCGA,0.523015712449451
AGGCGC,0.507051404240745
AGGCGG,0.496932469338652
AGGCGT,0.502233199869435
AGGCTA,0.55502018333979
AGGCTC,0.533033638556347
AGGCTG,0.625343491191109
AGGCTT,0.58573190112742
AGGGAA,0.941359536976879
AGGGAC,0.619599533129751
AGGGAG,0.966566166016565
AGGGAT,0.653704788148741
AGGGCA,0.694443314835936
AGGGCC,0.562514344135011
AGGGCG,0.538870741093156
AGGGCT,0.609932803400998
AGGGGA,0.805872594510174
AGGGGC,0.662653700611448
AGGGGG,0.676374329849248
AGGGGT,0.63671910210086
AGGGTA,0.629892042194483
AGGGTC,0.585701880920916
AGGGTG,0.732019175920125
AGGGTT,0.591180625406014
AGGTAA,0.590060374483797
AGGTAC,0.565076587552356
AGGTAG,0.630136157251045
AGGTAT,0.5639573725537
AGGTCA,0.589881017818326
AGGTCC,0.558512109461852
AGGTCG,0.527575975174983
AGGTCT,0.572176580974011
AGGTGA,0.694712552568212
AGGTGC,0.559606618176224
AGGTGG,0.688420403711784
AGGTGT,0.61318004421457
AGGTTA,0.553936135352945
AGGTTC,0.559483353119323
AGGTTG,0.604835944438842
AGGTTT,0.629619137180104
AGTAAA,0.584470275864931
AGTAAC,0.52480402775135
AGTAAG,0.594221374037546
AGTAAT,0.572815395418932
AGTACA,0.566041479447869
AGTACC,0.539216741213477
AGTACG,0.517952799363938
AGTACT,0.566714820443068
AGTAGA,0.640548708384441
AGTAGC,0.561976513860217
AGTAGG,0.643754849049716
AGTAGT,0.562806188051013
AGTATA,0.531450176997958
AGTATC,0.547266676024469
AGTATG,0.581158455954936
AGTATT,0.559144295846437
AGTCAA,0.613778608027795
AGTCAC,0.567540574301063
AGTCAG,0.603671925059758
AGTCAT,0.559930116677641
AGTCCA,0.548591668986092
AGTCCC,0.556288575315698
AGTCCG,0.514815695500946
AGTCCT,0.566546527694632
AGTCGA,0.515137903045283
AGTCGC,0.504466133360995
AGTCGG,0.517824291074517
AGTCGT,0.515685417721568
AGTCTA,0.563880668135725
AGTCTC,0.572419986978965
AGTCTG,0.576957771820521
AGTCTT,0.579694753108324
AGTGAA,0.708441376082352
AGTGAC,0.577835631438457
AGTGAG,0.626136657959412
AGTGAT,0.611382200096034
AGTGCA,0.614012096751432
AGTGCC,0.550428165527981
AGTGCG,0.527894098031152
AGTGCT,0.569907013142277
AGTGGA,0.717402602452596
AGTGGC,0.631298475984802
AGTGGG,0.73248588532954
AGTGGT,0.692421717935167
AGTGTA,0.556628602060413
AGTGTC,0.558496685287863
AGTGTG,0.632760217457077
AGTGTT,0.591553763673071
AGTTAA,0.591359749150462
AGTTAC,0.540693758309359
AGTTAG,0.638998701746188
AGTTAT,0.572678540959127
AGTTCA,0.597104514116068
AGTTCC,0.544282918571845
AGTTCG,0.496850447390702
AGTTCT,0.590314408039077
AGTTGA,0.630968572182793
AGTTGC,0.546985863885758
AGTTGG,0.617449737928707
AGTTGT,0.59210575291523
AGTTTA,0.564969319848998
AGTTTC,0.579936336227034
AGTTTG,0.625199211436332
AGTTTT,0.621672319265637
ATAAAA,0.58857971905265
ATAAAC,0.526238752948772
ATAAAG,0.632545389434871
ATAAAT,0.537910750490445
ATAACA,0.571643923695371
ATAACC,0.532384722552611
ATAACG,0.517856419695129
ATAACT,0.531608636032224
ATAAGA,0.61565956054997
ATAAGC,0.549899351312802
ATAAGG,0.599624161516614
ATAAGT,0.60460030307328
ATAATA,0.535309427287796
ATAATC,0.535151553639767
ATAATG,0.593789674119063
ATAATT,0.523447116817506
ATACAA,0.566470021627001
ATACAC,0.491685944691357
ATACAG,0.60477703930289
ATACAT,0.518627197077735
ATACCA,0.505165954276317
ATACCC,0.523223448895627
ATACCG,0.516152178763059
ATACCT,0.508349646414897
ATACGA,0.512137358448551
ATACGC,0.511959624600517
ATACGG,0.521096104797475
ATACGT,0.510148170354175
ATACTA,0.526541376408718
ATACTC,0.541713825574364
ATACTG,0.561576795462972
ATACTT,0.542497785254003
ATAGAA,0.690463615120561
ATAGAC,0.527353228945056
ATAGAG,0.659368244400261
ATAGAT,0.568182356217175
ATAGCA,0.584049380151945
ATAGCC,0.550086023557419
ATAGCG,0.515186225223907
ATAGCT,0.527305491154259
ATAGGA,0.63354752559251
ATAGGC,0.556767670593552
ATAGGG,0.617609679085702
ATAGGT,0.546142954026645
ATAGTA,0.541949078017242
ATAGTC,0.530594064054193
ATAGTG,0.578198658396297
ATAGTT,0.563220767154384
ATATAA,0.535340999026732
ATATAC,0.487174009699019
ATATAG,0.554896351602203
ATATAT,0.414031150786455
ATATCA,0.523782524927027
ATATCC,0.494945647175341
ATATCG,0.511959624600517
ATATCT,0.549665961993428
ATATGA,0.563144006212537
ATATGC,0.533429112482372
ATATGG,0.627821850288113
ATATGT,0.526875748455723
ATATTA,0.543046191576238
ATATTC,0.523415167319973
ATATTG,0.619715606719783
ATATTT,0.560592192019337
ATCAAA,0.527385052872914
ATCAAC,0.512912554870408
ATCAAG,0.637859551495201
ATCAAT,0.54390736576281
ATCACA,0.575260410642885
ATCACC,0.524931642266761
ATCACG,0.5028204392383
ATCACT,0.520503481753666
ATCAGA,0.6305811548808
ATCAGC,0.542748522605097
ATCAGG,0.609493177210448
ATCAGT,0.579256734894502
ATCATA,0.518900038331724
ATCATC,0.513445154038169
ATCATG,0.55534516871205
ATCATT,0.480842907252624
ATCCAA,0.56545959259079
ATCCAC,0.522855885812557
ATCCAG,0.573772852580123
ATCCAT,0.522280298318389
ATCCCA,0.535309427287796
ATCCCC,0.519028408461903
ATCCCG,0.50597908417539
ATCCCT,0.518611145273696
ATCCGA,0.501972093860824
ATCCGC,0.502689971399392
ATCCGG,0.511393897559233
ATCCGT,0.510229108860741
ATCCTA,0.539436860793046
ATCCTC,0.48589772328249
ATCCTG,0.53932680705984
ATCCTT,0.492048659023847
ATCGAA,0.516522213701567
ATCGAC,0.506109123623661
ATCGAG,0.517101124075611
ATCGAT,0.510811672801566
ATCGCA,0.507278718322623
ATCGCC,0.502298465720424
ATCGCG,0.507944126758431
ATCGCT,0.499766293278814
ATCGGA,0.520711740683405
ATCGGC,0.518883990906718
ATCGGG,0.524293406772685
ATCGGT,0.517695766268594
ATCGTA,0.509856737475911
ATCGTC,0.508544237454185
ATCGTG,0.51661872204032
ATCGTT,0.52138428096247
ATCTAA,0.582800683101784
ATCTAC,0.533950898700468
ATCTAG,0.550226004876405
ATCTAT,0.532242221195933
ATCTCA,0.519285099296164
ATCTCC,0.524181673669079
ATCTCG,0.506011595622829
ATCTCT,0.49239476365689
ATCTGA,0.61449349513687
ATCTGC,0.547734521092351
ATCTGG,0.588923905261056
ATCTGT,0.551018862440093
ATCTTA,0.536350768735365
ATCTTC,0.514928479951108
ATCTTG,0.555608174775017
ATCTTT,0.535877566138257
ATGAAA,0.728212557370736
ATGAAC,0.55787952316481
ATGAAG,0.719781387652211
ATGAAT,0.625805046568289
ATGACA,0.535435708263331
ATGACC,0.513332202158316
ATGACG,0.506889005397851
ATGACT,0.544971065956939
ATGAGA,0.690774466707722
ATGAGC,0.572389564468191
ATGAGG,0.645156077675442
ATGAGT,0.572952231152156
ATGATA,0.556381321349295
ATGATC,0.545158660359823
ATGATG,0.618496161534235
ATGATT,0.535893343166303
ATGCAA,0.584725733287541
ATGCAC,0.531450176997958
ATGCAG,0.630839449758318
ATGCAT,0.506369151800422
ATGCCA,0.540489619932426
ATGCCC,0.507570903379827
ATGCCG,0.514106473253013
ATGCCT,0.520871910351984
ATGCGA,0.506889005397851
ATGCGC,0.505540076150254
ATGCGG,0.518819798631371
ATGCGT,0.508722579315702
ATGCTA,0.541196075307635
ATGCTC,0.488680251113312
ATGCTG,0.565643382916969
ATGCTT,0.522216323696897
ATGGAA,0.726023368813783
ATGGAC,0.616853368146607
ATGGAG,0.766381477655486
ATGGAT,0.628598674569399
ATGGCA,0.628382950571701
ATGGCC,0.549245723903566
ATGGCG,0.517117200136328
ATGGCT,0.575381746317878
ATGGGA,0.713896407367176
ATGGGC,0.568442008035879
ATGGGG,0.704743668118438
ATGGGT,0.638044751735553
ATGGTA,0.570440596155907
ATGGTC,0.535672442119212
ATGGTG,0.648460288339878
ATGGTT,0.593789674119063
ATGTAA,0.560576799895805
ATGTAC,0.521816389559451
ATGTAG,0.581083059702604
ATGTAT,0.551780035878465
ATGTCA,0.635791528324631
ATGTCC,0.526732459840013
ATGTCG,0.520279154391096
ATGTCT,0.553130081142508
ATGTGA,0.627015616834153
ATGTGC,0.527798671800076
ATGTGG,0.664777925668532
ATGTGT,0.579906141528697
ATGTTA,0.54904332404323
ATGTTC,0.539436860793046
ATGTTG,0.555886576408173
ATGTTT,0.548482618230603
ATTAAA,0.519702081421512
ATTAAC,0.535325213281861
ATTAAG,0.562437528946226
ATTAAT,0.531640324826189
ATTACA,0.503602889014717
ATTACC,0.531164887445552
ATTACG,0.514831808344071
ATTACT,0.518691401717408
ATTAGA,0.610240426778455
ATTAGC,0.501743570163989
ATTAGG,0.584515361328796
ATTAGT,0.5518576740706
ATTATA,0.519862412875577
ATTATC,0.528688962693665
ATTATG,0.55605667259173
ATTATT,0.484320836291256
ATTCAA,0.582574848507241
ATTCAC,0.54315583675998
ATTCAG,0.571354648026379
ATTCAT,0.554184021376207
ATTCCA,0.532052187793426
ATTCCC,0.503488819879978
ATTCCG,0.506840280601727
ATTCCT,0.532574692778913
ATTCGA,0.514396670425807
ATTCGC,0.513654887972955
ATTCGG,0.521592356557743
ATTCGT,0.513719412642628
ATTCTA,0.513735543159531
ATTCTC,0.500812612729651
ATTCTG,0.58571689113682
ATTCTT,0.500289589852275
ATTGAA,0.62407311435085
ATTGAC,0.554106563594536
ATTGAG,0.618336362110765
ATTGAT,0.54693905419518
ATTGCA,0.566362903298026
ATTGCC,0.536555753674765
ATTGCG,0.506807796085314
ATTGCT,0.532511373379915
ATTGGA,0.639738454144567
ATTGGC,0.553827665892421
ATTGGG,0.628555533492647
ATTGGT,0.613603455701334
ATTGTA,0.523271381947694
ATTGTC,0.533176027187618
ATTGTG,0.567922636961894
ATTGTT,0.545877446402487
ATTTAA,0.544595771543172
ATTTAC,0.518803749918662
ATTTAG,0.575093550047292
ATTTAT,0.524532792821191
ATTTCA,0.53390347483858
ATTTCC,0.529800712848173
ATTTCG,0.524692351689632
ATTTCT,0.532178880740868
ATTTGA,0.613530466509968
ATTTGC,0.522951784860007
ATTTGG,0.621686799156594
ATTTGT,0.549992691790927
ATTTTA,0.50462892612049
ATTTTC,0.530831946733713
ATTTTG,0.612800281438312
ATTTTT,0.650868018107348
CAAAAA,0.507879228350067
CAAAAC,0.559945518758143
CAAAAG,0.639510896301697
CAAAAT,0.582288718119526
CAAACA,0.578168411182894
CAAACC,0.567739265101892
CAAACG,0.508284774319631
CAAACT,0.553672689107642
CAAAGA,0.705223279364023
CAAAGC,0.569678247522689
CAAAGG,0.648121896961935
CAAAGT,0.589567066226714
CAAATA,0.578244027501045
CAAATC,0.52434128856706
CAAATG,0.614303881012347
CAAATT,0.57507837952153
CAACAA,0.563021176448399
CAACAC,0.559498762082398
CAACAG,0.573772852580123
CAACAT,0.500387677481093
CAACCA,0.534251197609737
CAACCC,0.477352839995453
CAACCG,0.50844694666775
CAACCT,0.505816511081392
CAACGA,0.510795495051724
CAACGC,0.513832320797265
CAACGG,0.520391324362727
CAACGT,0.519573797747241
CAACTA,0.536193059415098
CAACTC,0.521368273354003
CAACTG,0.574850794013381
CAACTT,0.539625496161732
CAAGAA,0.713803972858988
CAAGAC,0.585581791081957
CAAGAG,0.687281973059644
CAAGAT,0.60892137406979
CAAGCA,0.569174778869049
CAAGCC,0.52408589249994
CAAGCG,0.506271649157557
CAAGCT,0.575594048329917
CAAGGA,0.678989362108675
CAAGGC,0.585086267999288
CAAGGG,0.639610459229697
CAAGGT,0.59146422318613
CAAGTA,0.561423015064261
CAAGTC,0.572952231152156
CAAGTG,0.587816100709013
CAAGTT,0.574213278902254
CAATAA,0.536413845499907
CAATAC,0.550739102133705
CAATAG,0.57547273841356
CAATAT,0.553145588313799
CAATCA,0.545986781608763
CAATCC,0.535814455536809
CAATCG,0.506076615346896
CAATCT,0.52714634872423
CAATGA,0.560268907662028
CAATGC,0.518867943224188
CAATGG,0.579800452904144
CAATGT,0.564632117853027
CAATTA,0.532527203605545
CAATTC,0.503798405835661
CAATTG,0.561069230375737
CAATTT,0.559360072866274
CACAAA,0.602757440958248
CACAAC,0.528673071590576
CACAAG,0.570806317169101
CACAAT,0.546595716162851
CACACA,0.537438285679549
CACACC,0.511571731975615
CACACG,0.500861632102377
CACACT,0.559806891492808
CACAGA,0.622815585155604
CACAGC,0.542544803296449
CACAGG,0.640321334867555
CACAGT,0.632015282908049
CACATA,0.495027825501183
CACATC,0.575063208765619
CACATG,0.527289578050892
CACATT,0.531355089523551
CACCAA,0.537217725685994
CACCAC,0.479057648149391
CACCAG,0.546923450478053
CACCAT,0.492559533293887
CACCCA,0.535546191037008
CACCCC,0.499700861948606
CACCCG,0.500877971359323
CACCCT,0.51758329351138
CACCGA,0.522951784860007
CACCGC,0.503554003835955
CACCGG,0.518627197077735
CACCGT,0.509500426355925
CACCTA,0.530260933206086
CACCTC,0.493333587134062
CACCTG,0.529895948232219
CACCTT,0.493547581392916
CACGAA,0.506807796085314
CACGAC,0.512379671889608
CACGAG,0.509095373189405
CACGAT,0.513332202158316
CACGCA,0.522104358260155
CACGCC,0.501106692929003
CACGCG,0.506515387941851
CACGCT,0.504547533053428
CACGGA,0.521624364345342
CACGGC,0.514477265808375
CACGGG,0.523303336039355
CACGGT,0.530133997019611
CACGTA,0.508057688839404
CACGTC,0.509549021712379
CACGTG,0.516859952146931
CACGTT,0.51184650479313
CACTAA,0.553719184664997
CACTAC,0.516666972717224
CACTAG,0.554679609156415
CACTAT,0.524516835534011
CACTCA,0.538146899213626
CACTCC,0.484719442546184
CACTCG,0.511442400991066
CACTCT,0.52513898112674
CACTGA,0.545658740120837
CACTGC,0.470167477123149
CACTGG,0.64291883870548
CACTGT,0.534077351338049
CACTTA,0.544767798966472
CACTTC,0.49369570444319
CACTTG,0.553564191065931
CACTTT,0.519172805163669
CAGAAA,0.742403646839698
CAGAAC,0.585071248314538
CAGAAG,0.797078036908947
CAGAAT,0.59809830974607
CAGACA,0.598794861023228
CAGACC,0.552757836871543
CAGACG,0.517294019749299
CAGACT,0.594518989572876
CAGAGA,0.768521672614278
CAGAGC,0.598898561203443
CAGAGG,0.721053881218167
CAGAGT,0.619222200886693
CAGATA,0.619062517451046
CAGATC,0.543625608569615
CAGATG,0.608701362695509
CAGATT,0.604408803569344
CAGCAA,0.621744716623843
CAGCAC,0.557910390318753
CAGCAG,0.653227874903185
CAGCAT,0.55792582353844
CAGCCA,0.490118165844359
CAGCCC,0.520647665632072
CAGCCG,0.518932132409198
CAGCCT,0.38843537619855
CAGCGA,0.518177649140353
CAGCGC,0.510067225296038
CAGCGG,0.530768516885368
CAGCGT,0.534235394652025
CAGCTA,0.532938701537296
CAGCTC,0.522200329402011
CAGCTG,0.588220441879701
CAGCTT,0.519317181018038
CAGGAA,0.758292599133821
CAGGAC,0.577139461186312
CAGGAG,0.707950023176629
CAGGAT,0.616998856988425
CAGGCA,0.594876011335685
CAGGCC,0.527560066375308
CAGGCG,0.506515387941851
CAGGCT,0.568518363388996
CAGGGA,0.733250299494286
CAGGGC,0.603259035792812
CAGGGG,0.64923533696009
CAGGGT,0.606836657314103
CAGGTA,0.582439323265853
CAGGTC,0.5692205592225
CAGGTG,0.61318004421457
CAGGTT,0.574744569714856
CAGTAA,0.567143074226067
CAGTAC,0.522855885812557
CAGTAG,0.585476700641372
CAGTAT,0.567953195669707
CAGTCA,0.604968468309594
CAGTCC,0.540285439874506
CAGTCG,0.51131305327785
CAGTCT,0.560068726862842
CAGTGA,0.594667764131502
CAGTGC,0.580072201088156
CAGTGG,0.744352395546967
CAGTGT,0.610137896166959
CAGTTA,0.572511248958507
CAGTTC,0.553114573730741
CAGTTG,0.583808788753861
CAGTTT,0.585821956340037
CATAAA,0.537895005259257
CATAAC,0.519782250361817
CATAAG,0.570836787883648
CATAAT,0.527687329686753
CATACA,0.54404821459483
CATACC,0.517101124075611
CATACG,0.510601341636734
CATACT,0.515137903045283
CATAGA,0.559175123985727
CATAGC,0.521816389559451
CATAGG,0.549634839301552
CATAGT,0.541917714222311
CATATA,0.496473059754472
CATATC,0.512444278892005
CATATG,0.534124766954955
CATATT,0.568350373915688
CATCAA,0.545830584797248
CATCAC,0.523031693708279
CATCAG,0.564984644511109
CATCAT,0.507165067740645
CATCCA,0.531561100958362
CATCCC,0.515298967894175
CATCCG,0.507246248045757
CATCCT,0.502787823874338
CATCGA,0.507343655713571
CATCGC,0.509208804615074
CATCGG,0.523846399433009
CATCGT,0.507197540653523
CATCTA,0.533033638556347
CATCTC,0.474823707306567
CATCTG,0.572009204971392
CATCTT,0.517294019749299
CATGAA,0.593908782367271
CATGAC,0.499553625800408
CATGAG,0.56935788770915
CATGAT,0.529006731736246
CATGCA,0.530483032768386
CATGCC,0.485001692542162
CATGCG,0.514461147251502
CATGCT,0.491339594603316
CATGGA,0.648375701229979
CATGGC,0.551997407628474
CATGGG,0.596436484580543
CATGGT,0.549603715641023
CATGTA,0.516264812587857
CATGTC,0.530038784304613
CATGTG,0.564570796181082
CATGTT,0.534251197609737
CATTAA,0.527528248016669
CATTAC,0.500175142123889
CATTAG,0.541541271935445
CATTAT,0.535909119945438
CATTCA,0.548560512840839
CATTCC,0.507473517846241
CATTCG,0.52239224405876
CATTCT,0.478757010763566
CATTGA,0.558404135247588
CATTGC,0.521336257368317
CATTGG,0.585821956340037
CATTGT,0.53519891835126
CATTTA,0.528434674736012
CATTTC,0.517085047756449
CATTTG,0.540175479496116
CATTTT,0.546673757885602
CCAAAA,0.593923669900838
CCAAAC,0.572252651715121
CCAAAG,0.550661377045702
CCAAAT,0.543656918845052
CCAACA,0.518049169744601
CCAACC,0.501319030411922
CCAACG,0.509062961847232
CCAACT,0.518514829038221
CCAAGA,0.625040479659148
CCAAGC,0.523367241159647
CCAAGG,0.593059826375989
CCAAGT,0.5505525517723
CCAATA,0.526891668145713
CCAATC,0.525728864232273
CCAATG,0.534361811321733
CCAATT,0.533460743641023
CCACAA,0.542325366848826
CCACAC,0.532463881199394
CCACAG,0.590433930915457
CCACAT,0.532527203605545
CCACCA,0.476532828916385
CCACCC,0.5170207398952
CCACCG,0.500305938458564
CCACCT,0.477704067577195
CCACGA,0.512525031775664
CCACGC,0.501939450815576
CCACGG,0.515443904081198
CCACGT,0.512686517982531
CCACTA,0.524022033290116
CCACTC,0.512557331103329
CCACTG,0.508836053033396
CCACTT,0.523846399433009
CCAGAA,0.637318000201455
CCAGAC,0.531117331272885
CCAGAG,0.625228069052667
CCAGAT,0.590553439507827
CCAGCA,0.558388709408083
CCAGCC,0.377219712924394
CCAGCG,0.518900038331724
CCAGCT,0.489589518023644
CCAGGA,0.627749891579943
CCAGGC,0.551345150575639
CCAGGG,0.638699800392397
CCAGGT,0.597238066488248
CCAGTA,0.503668065535882
CCAGTC,0.519766217087912
CCAGTG,0.610504028660629
CCAGTT,0.544204690033342
CCATAA,0.524421086463224
CCATAC,0.515959062686107
CCATAG,0.53404573967771
CCATAT,0.532131372766546
CCATCA,0.513283790303985
CCATCC,0.465878726177936
CCATCG,0.50726248331598
CCATCT,0.47021802191723
CCATGA,0.548872030620253
CCATGC,0.503521412389085
CCATGG,0.560530622103653
CCATGT,0.527989515156931
CCATTA,0.492790165184823
CCATTC,0.506174137007
CCATTG,0.529784839402344
CCATTT,0.518145530838909
CCCAAA,0.544126455374656
CCCAAC,0.512137358448551
CCCAAG,0.539012301067043
CCCAAT,0.545471239515458
CCCACA,0.542152918710416
CCCACC,0.485665496098637
CCCACG,0.521400288314698
CCCACT,0.529006731736246
CCCAGA,0.572404775839269
CCCAGC,0.460653397398718
CCCAGG,0.569022162552482
CCCAGT,0.541996121865301
CCCATA,0.529435559831453
CCCATC,0.483573021042824
CCCATG,0.549479211311181
CCCATT,0.502331097048627
CCCCAA,0.5720852884455
CCCCAC,0.541713825574364
CCCCAG,0.542309690974134
CCCCAT,0.493876713936268
CCCCCA,0.533761189757286
CCCCCC,0.498833492403165
CCCCCG,0.503749530214073
CCCCCT,0.491735413484295
CCCCGA,0.511830343776017
CCCCGC,0.499782650442441
CCCCGG,0.504254463146192
CCCCGT,0.499422731022529
CCCCTA,0.507733191530008
CCCCTC,0.483805734608423
CCCCTG,0.517888547283525
CCCCTT,0.495126430578698
CCCGAA,0.505328633159152
CCCGAC,0.503782114227222
CCCGAG,0.495471471801805
CCCGAT,0.509953891205985
CCCGCA,0.50399388443725
CCCGCC,0.485565953651307
CCCGCG,0.500060681295721
CCCGCT,0.508414514302048
CCCGGA,0.503537708245295
CCCGGC,0.48182594094551
CCCGGG,0.507652050747098
CCCGGT,0.514203215001401
CCCGTA,0.511021959736502
CCCGTC,0.49241124184235
CCCGTG,0.510310040816794
CCCGTT,0.508057688839404
CCCTAA,0.51249273140472
CCCTAC,0.500763590953907
CCCTAG,0.516393521426629
CCCTAT,0.539059483272194
CCCTCA,0.515765909308133
CCCTCC,0.488266674502836
CCCTCG,0.50317913805115
CCCTCT,0.489936474676336
CCCTGA,0.518787700948388
CCCTGC,0.516795629808169
CCCTGG,0.547032671385292
CCCTGT,0.499160890055227
CCCTTA,0.507083880844758
CCCTTC,0.491339594603316
CCCTTG,0.512476580827996
CCCTTT,0.499013574376321
CCGAAA,0.515894682372052
CCGAAC,0.514396670425807
CCGAAG,0.511216031512146
CCGAAT,0.505279832273005
CCGACA,0.506369151800422
CCGACC,0.501906806704725
CCGACG,0.512218136119724
CCGACT,0.51009960410555
CCGAGA,0.509549021712379
CCGAGC,0.504287030711021
CCGAGG,0.495553606929393
CCGAGT,0.522360260840251
CCGATA,0.510002464531684
CCGATC,0.516924270348596
CCGATG,0.515991251288892
CCGATT,0.505458757213725
CCGCAA,0.507603363116927
CCGCAC,0.5028204392383
CCGCAG,0.515154010697607
CCGCAT,0.508155017502567
CCGCCA,0.508771212485696
CCGCCC,0.500779931812838
CCGCCG,0.502282149657013
CCGCCT,0.494337317581369
CCGCGA,0.511410065631243
CCGCGC,0.498473231139092
CCGCGG,0.508641518776043
CCGCGT,0.511539400797554
CCGCTA,0.501727245044281
CCGCTC,0.505475021530061
CCGCTG,0.511620226782845
CCGCTT,0.509241211230708
CCGGAA,0.518498775430357
CCGGAC,0.511248373146639
CCGGAG,0.513445154038169
CCGGAT,0.511717209342635
CCGGCA,0.505621388474551
CCGGCC,0.506125377365757
CCGGCG,0.50893330597257
CCGGCT,0.494518210984127
CCGGGA,0.534946280628756
CCGGGC,0.508755001691828
CCGGGG,0.536949837420145
CCGGGT,0.514396670425807
CCGGTA,0.516264812587857
CCGGTC,0.503700652203542
CCGGTG,0.510698423056173
CCGGTT,0.505962828055289
CCGTAA,0.504466133360995
CCGTAC,0.50497070467744
CCGTAG,0.515910777839148
CCGTAT,0.511458568278895
CCGTCA,0.513477423660651
CCGTCC,0.508219898015703
CCGTCG,0.507165067740645
CCGTCT,0.497293286007154
CCGTGA,0.523942203542723
CCGTGC,0.501417017122257
CCGTGG,0.528148523470621
CCGTGT,0.511701046235824
CCGTTA,0.512654222827314
CCGTTC,0.513396747651872
CCGTTG,0.505019520651251
CCGTTT,0.509597614707438
CCTAAA,0.559791487276993
CCTAAC,0.537485542206939
CCTAAG,0.550272660962013
CCTAAT,0.519990659532955
CCTACA,0.523303336039355
CCTACC,0.503847279068539
CCTACG,0.510488068067535
CCTACT,0.541148993806361
CCTAGA,0.579226519668523
CCTAGC,0.509322223175514
CCTAGG,0.56009952651725
CCTAGT,0.52023107769418
CCTATA,0.504986976933489
CCTATC,0.522264305046707
CCTATG,0.555174951451029
CCTATT,0.519397380820102
CCTCAA,0.527639607842904
CCTCAC,0.506661602701398
CCTCAG,0.530942939288061
CCTCAT,0.514445028434818
CCTCCA,0.502428984644898
CCTCCC,0.418015234430456
CCTCCG,0.493843805556275
CCTCCT,0.467552514058454
CCTCGA,0.509808157071077
CCTCGC,0.497653972533943
CCTCGG,0.501335362197089
CCTCGT,0.498260288461253
CCTCTA,0.524756168109162
CCTCTC,0.486842663300929
CCTCTG,0.516795629808169
CCTCTT,0.47614769374622
CCTGAA,0.588759309245683
CCTGAC,0.479024248458413
CCTGAG,0.588474943210335
CCTGAT,0.517342237854416
CCTGCA,0.536429614069393
CCTGCC,0.462098182391004
CCTGCG,0.515298967894175
CCTGCT,0.495619310174559
CCTGGA,0.565719952251201
CCTGGC,0.484769257158166
CCTGGG,0.554400871251876
CCTGGT,0.526732459840013
CCTGTA,0.516570469035176
CCTGTC,0.504514973971559
CCTGTG,0.558188151837472
CCTGTT,0.548342392640076
CCTTAA,0.506661602701398
CCTTAC,0.521224193345669
CCTTAG,0.507002687357022
CCTTAT,0.511604062108405
CCTTCA,0.520631646227717
CCTTCC,0.461163559901442
CCTTCG,0.502869360289777
CCTTCT,0.510536615454045
CCTTGA,0.542858200429876
CCTTGC,0.50856045166504
CCTTGG,0.530276799096525
CCTTGT,0.512298907266392
CCTTTA,0.507700736006899
CCTTTC,0.499848076421513
CCTTTG,0.517856419695129
CCTTTT,0.511151345105047
CGAAAA,0.506612866823594
CGAAAC,0.517984923856087
CGAAAG,0.544986700168042
CGAAAT,0.513445154038169
CGAACA,0.514751241532081
CGAACC,0.512234290870984
CGAACG,0.512040416629312
CGAACT,0.50888468068525
CGAAGA,0.523654763673902
CGAAGC,0.516988584413695
CGAAGG,0.520150944729255
CGAAGT,0.51263807485858
CGAATA,0.508057688839404
CGAATC,0.504661481492453
CGAATG,0.518659299912851
CGAATT,0.506027850950184
CGACAA,0.50557260187338
CGACAC,0.515170118090479
CGACAG,0.502804131689289
CGACAT,0.5143160685471
CGACCA,0.5039450183691
CGACCC,0.506775310513622
CGACCG,0.508365863781174
CGACCT,0.500567479816055
CGACGA,0.511523234816525
CGACGC,0.505735214622064
CGACGG,0.505621388474551
CGACGT,0.508284774319631
CGACTA,0.508641518776043
CGACTC,0.50914398823307
CGACTG,0.515186225223907
CGACTT,0.526063508025568
CGAGAA,0.540882156753978
CGAGAC,0.48415470344656
CGAGAG,0.540128349917997
CGAGAT,0.495241457548401
CGAGCA,0.511410065631243
CGAGCC,0.515137903045283
CGAGCG,0.514944590977072
CGAGCT,0.517856419695129
CGAGGA,0.534598799511796
CGAGGC,0.500845292578456
CGAGGG,0.550054913936447
CGAGGT,0.497539222749958
CGAGTA,0.510002464531684
CGAGTC,0.522008377906956
CGAGTG,0.527241837221373
CGAGTT,0.51914071880956
CGATAA,0.510277668820366
CGATAC,0.50776564599979
CGATAG,0.50974337952655
CGATAT,0.511183688831638
CGATCA,0.500420371219442
CGATCC,0.509127783481116
CGATCG,0.508625305879584
CGATCT,0.514170968791812
CGATGA,0.501939450815576
CGATGC,0.508819843290619
CGATGG,0.522807932839876
CGATGT,0.511474735305347
CGATTA,0.512363519486791
CGATTC,0.50804146647453
CGATTG,0.513009412183929
CGATTT,0.506564128570489
CGCAAA,0.518530882388371
CGCAAC,0.502184247685658
CGCAAG,0.518562988315561
CGCAAT,0.507944126758431
CGCACA,0.508917097806175
CGCACC,0.499504542266507
CGCACG,0.510277668820366
CGCACT,0.508252336693784
CGCAGA,0.526398039869855
CGCAGC,0.500600167676617
CGCAGG,0.521032054370349
CGCAGT,0.517068971178836
CGCATA,0.509986273685268
CGCATC,0.512137358448551
CGCATG,0.509111578466564
CGCATT,0.514267704301293
CGCCAA,0.512379671889608
CGCCAC,0.488647171278224
CGCCAG,0.522728006108415
CGCCAT,0.50776564599979
CGCCCA,0.498391335475289
CGCCCC,0.503065020566504
CGCCCG,0.492856050242197
CGCCCT,0.503293242514481
CGCCGA,0.50630415109483
CGCCGC,0.500910649072322
CGCCGG,0.511765697095652
CGCCGT,0.506742823886584
CGCCTA,0.503863569615381
CGCCTC,0.492905461186707
CGCCTG,0.494814147805562
CGCCTT,0.501759895017193
CGCGAA,0.508155017502567
CGCGAC,0.508317210893313
CGCGAG,0.51184650479313
CGCGAT,0.503700652203542
CGCGCA,0.504433571628676
CGCGCC,0.495126430578698
CGCGCG,0.502070016603642
CGCGCT,0.50462892612049
CGCGGA,0.506742823886584
CGCGGC,0.505637650146037
CGCGGG,0.511749534772541
CGCGGT,0.507603363116927
CGCGTA,0.508155017502567
CGCGTC,0.510536615454045
CGCGTG,0.515637119659576
CGCGTT,0.506499140537702
CGCTAA,0.509921507678043
CGCTAC,0.505409962677489
CGCTAG,0.504547533053428
CGCTAT,0.510941085379264
CGCTCA,0.500044328679295
CGCTCC,0.502461611714442
CGCTCG,0.504645203938954
CGCTCT,0.504694035804599
CGCTGA,0.515121795133498
CGCTGC,0.505832769580194
CGCTGG,0.511199860302648
CGCTGT,0.512056574251819
CGCTTA,0.511862665549069
CGCTTC,0.498456852542874
CGCTTG,0.501612961743444
CGCTTT,0.50117203234145
CGGAAA,0.521192172746714
CGGAAC,0.520839878470548
CGGAAG,0.542513458180452
CGGAAT,0.507376122827789
CGGACA,0.516570469035176
CGGACC,0.506824038475426
CGGACG,0.508673943780408
CGGACT,0.512928698407491
CGGAGA,0.535419924013457
CGGAGC,0.506109123623661
CGGAGG,0.540081218118576
CGGAGT,0.519621906053633
CGGATA,0.51309011944618
CGGATC,0.501351693715534
CGGATG,0.514299947391729
CGGATT,0.519477574190673
CGGCAA,0.507927902551193
CGGCAC,0.508673943780408
CGGCAG,0.510148170354175
CGGCAT,0.518707452233248
CGGCCA,0.523303336039355
CGGCCC,0.508641518776043
CGGCCG,0.508917097806175
CGGCCT,0.501482336262112
CGGCGA,0.516554384182703
CGGCGC,0.502151611565136
CGGCGG,0.507927902551193
CGGCGT,0.508009020955266
CGGCTA,0.501808867977859
CGGCTC,0.504124182279379
CGGCTG,0.517695766268594
CGGCTT,0.510180546542931
CGGGAA,0.536886794456247
CGGGAC,0.512751105164203
CGGGAG,0.550816821180988
CGGGAT,0.510423334552428
CGGGCA,0.520775811629388
CGGGCC,0.509808157071077
CGGGCG,0.501188366527516
CGGGCT,0.512234290870984
CGGGGA,0.556736768146396
CGGGGC,0.519493612093099
CGGGGG,0.55605667259173
CGGGGT,0.525904167804777
CGGGTA,0.511070481211514
CGGGTC,0.51310626011702
CGGGTG,0.532226386458289
CGGGTT,0.511377729225812
CGGTAA,0.513993596049928
CGGTAC,0.515862490660649
CGGTAG,0.548155394593571
CGGTAT,0.51242812753272
CGGTCA,0.50796035070245
CGGTCC,0.508981928895588
CGGTCG,0.511814182497721
CGGTCT,0.511280713735184
CGGTGA,0.517888547283525
CGGTGC,0.509338424776953
CGGTGG,0.550319314870931
CGGTGT,0.510876381183867
CGGTTA,0.513800062625333
CGGTTC,0.516859952146931
CGGTTG,0.518948179061682
CGGTTT,0.509662401694636
CGTAAA,0.51873955249209
CGTAAC,0.512347366823068
CGTAAG,0.510083414831842
CGTAAT,0.509791963078328
CGTACA,0.52355893202099
CGTACC,0.510455701833785
CGTACG,0.505897800932142
CGTACT,0.50578399329075
CGTAGA,0.52480402775135
CGTAGC,0.512476580827996
CGTAGG,0.518482721564771
CGTAGT,0.507781872839705
CGTATA,0.504791692382817
CGTATC,0.509370827192376
CGTATG,0.500632854468719
CGTATT,0.498686128482
CGTCAA,0.515298967894175
CGTCAC,0.515862490660649
CGTCAG,0.51787248361835
CGTCAT,0.508981928895588
CGTCCA,0.512621926629086
CGTCCC,0.512169670300028
CGTCCG,0.508463162456163
CGTCCT,0.508722579315702
CGTCGA,0.513493558081402
CGTCGC,0.508349646414897
CGTCGG,0.510989610778482
CGTCGT,0.510682243474086
CGTCTA,0.51239582403153
CGTCTC,0.478188893427674
CGTCTG,0.514283825976463
CGTCTT,0.510229108860741
CGTGAA,0.527162264106966
CGTGAC,0.509549021712379
CGTGAG,0.519413420008703
CGTGAT,0.513009412183929
CGTGCA,0.509953891205985
CGTGCC,0.495799971842835
CGTGCG,0.50361918354326
CGTGCT,0.521016041122538
CGTGGA,0.53986124034458
CGTGGC,0.515492211475805
CGTGGG,0.557910390318753
CGTGGT,0.517422596196669
CGTGTA,0.52124020326066
CGTGTC,0.515218438712465
CGTGTG,0.524133784231264
CGTGTT,0.526652846180922
CGTTAA,0.503896149912941
CGTTAC,0.507424821522739
CGTTAG,0.521512332606279
CGTTAT,0.522680047002983
CGTTCA,0.515556617705443
CGTTCC,0.507700736006899
CGTTCG,0.512960984699836
CGTTCT,0.513025554157481
CGTTGA,0.514654552788774
CGTTGC,0.518835847086522
CGTTGG,0.515508313422109
CGTTGT,0.512621926629086
CGTTTA,0.504173039593491
CGTTTC,0.508284774319631
CGTTTG,0.516039532250454
CGTTTT,0.524484920195725
CTAAAA,0.567907357257792
CTAAAC,0.54592430581182
CTAAAG,0.603406515816189
CTAAAT,0.562160945399593
CTAACA,0.529657842764109
CTAACC,0.517470808102621
CTAACG,0.515910777839148
CTAACT,0.520871910351984
CTAAGA,0.564601457487098
CTAAGC,0.513848449493018
CTAAGG,0.593581200541673
CTAAGT,0.523942203542723
CTAATA,0.530609924660136
CTAATC,0.514864033251472
CTAATG,0.542278338487532
CTAATT,0.49943909380678
CTACAA,0.550023803347636
CTACAC,0.46775520719709
CTACAG,0.542560475486012
CTACAT,0.509889123101375
CTACCA,0.516924270348596
CTACCC,0.506937727819984
CTACCG,0.502689971399392
CTACCT,0.544298563545208
CTACGA,0.511507068574154
CTACGC,0.504905613005249
CTACGG,0.513251514432322
CTACGT,0.512347366823068
CTACTA,0.49303721177071
CTACTC,0.51131305327785
CTACTG,0.546142954026645
CTACTT,0.543234147388571
CTAGAA,0.603214787544146
CTAGAC,0.539358252219533
CTAGAG,0.60927329161723
CTAGAT,0.568487821947362
CTAGCA,0.526382112319453
CTAGCC,0.510568979069075
CTAGCG,0.510860204480835
CTAGCT,0.530847803567171
CTAGGA,0.615950864572583
CTAGGC,0.540049795684802
CTAGGG,0.573241045114855
CTAGGT,0.549199019879365
CTAGTA,0.539138115334093
CTAGTC,0.526541376408718
CTAGTG,0.528974959375576
CTAGTT,0.525744802190633
CTATAA,0.542905201529758
CTATAC,0.529737217553003
CTATAG,0.516087810881077
CTATAT,0.493053679373277
CTATCA,0.529102042761811
CTATCC,0.501629288728933
CTATCG,0.514493384105444
CTATCT,0.502689971399392
CTATGA,0.577759984231425
CTATGC,0.519637941641464
CTATGG,0.569296855154468
CTATGT,0.52700309887999
CTATTA,0.513977469695048
CTATTC,0.509970082576705
CTATTG,0.533524002956893
CTATTT,0.516506128072889
CTCAAA,0.469375274960503
CTCAAC,0.529705468393484
CTCAAG,0.53731225735432
CTCAAT,0.498080070771549
CTCACA,0.567861516744621
CTCACC,0.508690155888332
CTCACG,0.514122597527686
CTCACT,0.513848449493018
CTCAGA,0.603952002861385
CTCAGC,0.495882079994568
CTCAGG,0.583237152087275
CTCAGT,0.565674011354209
CTCATA,0.530149864924117
CTCATC,0.492427719756283
CTCATG,0.58771124482319
CTCATT,0.497342478194743
CTCCAA,0.542685844161066
CTCCAC,0.520855894539521
CTCCAG,0.50122103409925
CTCCAT,0.500404024483877
CTCCCA,0.453226643671878
CTCCCC,0.492164040545197
CTCCCG,0.487588038363491
CTCCCT,0.493876713936268
CTCCGA,0.506775310513622
CTCCGC,0.497555616382438
CTCCGG,0.521976382408619
CTCCGT,0.500976001294997
CTCCTA,0.506580374918794
CTCCTC,0.467636974525851
CTCCTG,0.466707516805987
CTCCTT,0.511652555347855
CTCGAA,0.512347366823068
CTCGAC,0.505816511081392
CTCGAG,0.522967767140503
CTCGAT,0.500861632102377
CTCGCA,0.505263564781714
CTCGCC,0.505914058109358
CTCGCG,0.505084604909666
CTCGCT,0.508463162456163
CTCGGA,0.510471885081607
CTCGGC,0.487554922377849
CTCGGG,0.511636391195992
CTCGGT,0.514831808344071
CTCGTA,0.504580091075237
CTCGTC,0.500959663639722
CTCGTG,0.509160192722434
CTCGTT,0.506824038475426
CTCTAA,0.534346010111962
CTCTAC,0.458797613172736
CTCTAG,0.512541181569902
CTCTAT,0.504905613005249
CTCTCA,0.519445497614158
CTCTCC,0.48750524634304
CTCTCG,0.501759895017193
CTCTCT,0.459615263653554
CTCTGA,0.545471239515458
CTCTGC,0.497621188224978
CTCTGG,0.57838012246646
CTCTGT,0.507927902551193
CTCTTA,0.506596621003159
CTCTTC,0.459853619164217
CTCTTG,0.532653836389933
CTCTTT,0.483173957463829
CTGAAA,0.692812878818164
CTGAAC,0.562068733881779
CTGAAG,0.694174004595181
CTGAAT,0.568777927988802
CTGACA,0.537753287021399
CTGACC,0.492773693242201
CTGACG,0.514009722144752
CTGACT,0.541713825574364
CTGAGA,0.665290950310621
CTGAGC,0.56009952651725
CTGAGG,0.613749418103742
CTGAGT,0.59515856319433
CTGATA,0.554184021376207
CTGATC,0.523015712449451
CTGATG,0.55387415424477
CTGATT,0.544298563545208
CTGCAA,0.539766949340375
CTGCAC,0.469897861732234
CTGCAG,0.58670706756488
CTGCAT,0.523862367422032
CTGCCA,0.522264305046707
CTGCCC,0.528831971258883
CTGCCG,0.514573971694028
CTGCCT,0.480592829283479
CTGCGA,0.522680047002983
CTGCGC,0.504287030711021
CTGCGG,0.528831971258883
CTGCGT,0.519878444607235
CTGCTA,0.511975783528473
CTGCTC,0.459393882653823
CTGCTG,0.568884787950297
CTGCTT,0.524022033290116
CTGGAA,0.721145648038652
CTGGAC,0.56358913767748
CTGGAG,0.687688704229838
CTGGAT,0.580887002838491
CTGGCA,0.593015124510748
CTGGCC,0.499177257124451
CTGGCG,0.513525826141967
CTGGCT,0.55058364591604
CTGGGA,0.636162661088677
CTGGGC,0.558296149373634
CTGGGG,0.700818208976042
CTGGGT,0.594504110899578
CTGGTA,0.553564191065931
CTGGTC,0.499160890055227
CTGGTG,0.578107914011268
CTGGTT,0.551267472580363
CTGTAA,0.544439357292131
CTGTAC,0.508965721517268
CTGTAG,0.555994822781608
CTGTAT,0.54792159785058
CTGTCA,0.573210647572859
CTGTCC,0.513170820195293
CTGTCG,0.511798020958234
CTGTCT,0.483173957463829
CTGTGA,0.588325244389603
CTGTGC,0.542779860353954
CTGTGG,0.661026243098261
CTGTGT,0.564064748855431
CTGTTA,0.535609318570527
CTGTTC,0.510568979069075
CTGTTG,0.552680268537685
CTGTTT,0.538744893179997
CTTAAA,0.529546707473994
CTTAAC,0.524851885103102
CTTAAG,0.527480518580364
CTTAAT,0.533682133741165
CTTACA,0.527496428645589
CTTACC,0.527066768010841
CTTACG,0.529959433449857
CTTACT,0.513783933149137
CTTAGA,0.565490226657671
CTTAGC,0.528927298941709
CTTAGG,0.570211952583159
CTTAGT,0.548311228727243
CTTATA,0.532337224356642
CTTATC,0.494879899651962
CTTATG,0.540395388162941
CTTATT,0.535356784522417
CTTCAA,0.538351516341411
CTTCAC,0.506434148281196
CTTCAG,0.544767798966472
CTTCAT,0.506401650568876
CTTCCA,0.513073978514814
CTTCCC,0.500502100889266
CTTCCG,0.501808867977859
CTTCCT,0.462437828655953
CTTCGA,0.50784677756639
CTTCGC,0.501629288728933
CTTCGG,0.513122400527343
CTTCGT,0.497342478194743
CTTCTA,0.50977576882333
CTTCTC,0.488399037628874
CTTCTG,0.504303314095701
CTTCTT,0.51676346708721
CTTGAA,0.552664754148866
CTTGAC,0.524724260408464
CTTGAG,0.612288834466433
CTTGAT,0.530514757250876
CTTGCA,0.556396778185307
CTTGCC,0.508268555638233
CTTGCG,0.514154845297078
CTTGCT,0.519429458940052
CTTGGA,0.60927329161723
CTTGGC,0.514122597527686
CTTGGG,0.601531901635563
CTTGGT,0.522504177268685
CTTGTA,0.53843020408973
CTTGTC,0.515137903045283
CTTGTG,0.544908526668128
CTTGTT,0.533587258271275
CTTTAA,0.5509100760653
CTTTAC,0.52023107769418
CTTTAG,0.551904254092755
CTTTAT,0.493136013318632
CTTTCA,0.537296502696825
CTTTCC,0.518338225175617
CTTTCG,0.514332189442583
CTTTCT,0.496407412581326
CTTTGA,0.566378206618979
CTTTGC,0.514412790021978
CTTTGG,0.581821697970248
CTTTGT,0.519220932764539
CTTTTA,0.516136087180987
CTTTTC,0.497457250556049
CTTTTG,0.56159217220226
CTTTTT,0.539043756117827
GAAAAA,0.79092318081759
GAAAAC,0.6212667971705
GAAAAG,0.872832946734712
GAAAAT,0.744813385594833
GAAACA,0.726036413886909
GAAACC,0.567204238369136
GAAACG,0.538855010970108
GAAACT,0.635720140845388
GAAAGA,0.924494620738042
GAAAGC,0.68232011429895
GAAAGG,0.820138855149177
GAAAGT,0.69562741901982
GAAATA,0.656337739875917
GAAATC,0.574076615628453
GAAATG,0.78432418029388
GAAATT,0.625314636905437
GAACAA,0.679454149080547
GAACAC,0.603288533537567
GAACAG,0.712773409886998
GAACAT,0.569449429557417
GAACCA,0.573195448455349
GAACCC,0.520935971036896
GAACCG,0.530403717158694
GAACCT,0.554431845967216
GAACGA,0.527019016542747
GAACGC,0.505263564781714
GAACGG,0.529626091084368
GAACGT,0.526987180963857
GAACTA,0.583643348583911
GAACTC,0.530165732576836
GAACTG,0.623104812340705
GAACTT,0.578591788937845
GAAGAA,0.979385836208455
GAAGAC,0.668819521148768
GAAGAG,0.962228691639669
GAAGAT,0.75194440071794
GAAGCA,0.721774679482864
GAAGCC,0.60670438080823
GAAGCG,0.535483059518153
GAAGCT,0.650291254302571
GAAGGA,0.906415004141887
GAAGGC,0.657623683688148
GAAGGG,0.831085375113627
GAAGGT,0.692421717935167
GAAGTA,0.640619752007497
GAAGTC,0.61682426783803
GAAGTG,0.727314006245967
GAAGTT,0.652273365530502
GAATAA,0.64974231643362
GAATAC,0.536587286090139
GAATAG,0.649052197854439
GAATAT,0.564586126951604
GAATCA,0.620252271887873
GAATCC,0.560715320479308
GAATCG,0.507749418896561
GAATCT,0.556983960988857
GAATGA,0.702889674072962
GAATGC,0.593268408663118
GAATGG,0.685232243853405
GAATGT,0.640520289521943
GAATTA,0.593149224112147
GAATTC,0.576018517185387
GAATTG,0.609522491636797
GAATTT,0.630624208660391
GACAAA,0.618132944087351
GACAAC,0.556226739847495
GACAAG,0.633905188118962
GACAAT,0.536603051924975
GACACA,0.592061008379819
GACACC,0.545002334134721
GACACG,0.526589150689733
GACACT,0.557725173101757
GACAGA,0.699586661837662
GACAGC,0.577230293491573
GACAGG,0.642933014196504
GACAGT,0.591135839456123
GACATA,0.561469151667008
GACATC,0.542090202922569
GACATG,0.555484415832534
GACATT,0.582875949967772
GACCAA,0.548747435153444
GACCAC,0.523750586143989
GACCAG,0.542842532905657
GACCAT,0.529610214866426
GACCCA,0.524883788731914
GACCCC,0.531925478792848
GACCCG,0.511652555347855
GACCCT,0.504921886320513
GACCGA,0.514702898329017
GACCGC,0.50893330597257
GACCGG,0.522280298318389
GACCGT,0.514880145315765
GACCTA,0.515524415109144
GACCTC,0.506937727819984
GACCTG,0.576942629549852
GACCTT,0.531355089523551
GACGAA,0.519990659532955
GACGAC,0.512169670300028
GACGAG,0.531259993006655
GACGAT,0.516506128072889
GACGCA,0.504905613005249
GACGCC,0.507327421761161
GACGCG,0.51009960410555
GACGCT,0.501955772471396
GACGGA,0.531656168846611
GACGGC,0.512121202131283
GACGGG,0.522616097950969
GACGGT,0.523175513545872
GACGTA,0.513945216205089
GACGTC,0.509630008725706
GACGTG,0.522552144809211
GACGTT,0.511830343776017
GACTAA,0.549525902251452
GACTAC,0.520054776694469
GACTAG,0.583462837177148
GACTAT,0.535056817486002
GACTCA,0.568945845658908
GACTCC,0.516087810881077
GACTCG,0.520839878470548
GACTCT,0.51758329351138
GACTGA,0.612887931803508
GACTGC,0.537564298123641
GACTGG,0.620890093634175
GACTGT,0.553347159660648
GACTTA,0.547781293563046
GACTTC,0.54693905419518
GACTTG,0.586572101225723
GACTTT,0.613457471990792
GAGAAA,0.853934809596634
GAGAAC,0.686535869316479
GAGAAG,0.93939074833839
GAGAAT,0.707312232407327
GAGACA,0.668460314793086
GAGACC,0.530340260141134
GAGACG,0.533096924895508
GAGACT,0.607453716429995
GAGAGA,0.985704379793558
GAGAGC,0.631828962531066
GAGAGG,0.884156447906434
GAGAGT,0.694847144255869
GAGATA,0.668156270140956
GAGATC,0.576745759163072
GAGATG,0.726179898460937
GAGATT,0.639240604089405
GAGCAA,0.709264183351764
GAGCAC,0.57838012246646
GAGCAG,0.709051910796098
GAGCAT,0.633289929340814
GAGCCA,0.582815736928196
GAGCCC,0.51732616541104
GAGCCG,0.52095198556693
GAGCCT,0.583252199344642
GAGCGA,0.532938701537296
GAGCGC,0.51425158236621
GAGCGG,0.542246985017921
GAGCGT,0.52234426884739
GAGCTA,0.5703034162857
GAGCTC,0.542246985017921
GAGCTG,0.670682559598562
GAGCTT,0.542105882238279
GAGGAA,0.888080144648223
GAGGAC,0.644462785678819
GAGGAG,0.91972317393066
GAGGAT,0.695062453284181
GAGGCA,0.673229988094636
GAGGCC,0.5700137525243
GAGGCG,0.495241457548401
GAGGCT,0.57768433130146
GAGGGA,0.924836860165722
GAGGGC,0.643258995041667
GAGGGG,0.783277592176629
GAGGGT,0.718940916762878
GAGGTA,0.618118412645037
GAGGTC,0.557107534499749
GAGGTG,0.670641196430432
GAGGTT,0.614960084479812
GAGTAA,0.586961954293762
GAGTAC,0.570821552642433
GAGTAG,0.632889092121372
GAGTAT,0.557169315529262
GAGTCA,0.570562518022226
GAGTCC,0.564647447683477
GAGTCG,0.516280902098683
GAGTCT,0.591852174071964
GAGTGA,0.657735426778638
GAGTGC,0.587231763566339
GAGTGG,0.698755849854094
GAGTGT,0.595411305097598
GAGTTA,0.604526653757745
GAGTTC,0.565107233354307
GAGTTG,0.601014657392632
GAGTTT,0.630437628893375
GATAAA,0.639439773855018
GATAAC,0.57948331999344
GATAAG,0.598365131394009
GATAAT,0.560392075931487
GATACA,0.588025779502151
GATACC,0.508755001691828
GATACG,0.517213651073776
GATACT,0.57412217212829
GATAGA,0.668916208510611
GATAGC,0.535530408530939
GATAGG,0.621223338619369
GATAGT,0.552447527428497
GATATA,0.551205325839461
GATATC,0.540206897980908
GATATG,0.596035452547776
GATATT,0.583808788753861
GATCAA,0.595753148382208
GATCAC,0.508268555638233
GATCAG,0.5878460575142
GATCAT,0.517920673839773
GATCCA,0.572298291382298
GATCCC,0.521544342955329
GATCCG,0.504661481492453
GATCCT,0.528180322099547
GATCGA,0.509500426355925
GATCGC,0.499340913084924
GATCGG,0.52825981424835
GATCGT,0.521032054370349
GATCTA,0.578244027501045
GATCTC,0.534267000317719
GATCTG,0.589895965435847
GATCTT,0.562606514573474
GATGAA,0.655890067166309
GATGAC,0.542764191602282
GATGAG,0.691571427023988
GATGAT,0.593372683493988
GATGCA,0.561484530061584
GATGCC,0.522552144809211
GATGCG,0.505409962677489
GATGCT,0.515170118090479
GATGGA,0.68688864228192
GATGGC,0.605071530290633
GATGGG,0.733574027628793
GATGGT,0.618844726210266
GATGTA,0.592135581493279
GATGTC,0.580826669915569
GATGTG,0.640818647305167
GATGTT,0.569800262365742
GATTAA,0.551609210635339
GATTAC,0.509354626115904
GATTAG,0.584034344885273
GATTAT,0.532891229647667
GATTCA,0.571126213374092
GATTCC,0.541494206684124
GATTCG,0.506970208115971
GATTCT,0.538445940896409
GATTGA,0.593119425754747
GATTGC,0.542294014853706
GATTGG,0.632273207670872
GATTGT,0.546814217640304
GATTTA,0.576200377268402
GATTTC,0.569464685717447
GATTTG,0.600423193327325
GATTTT,0.61797308660676
GCAAAA,0.637047114535685
GCAAAC,0.596332528754687
GCAAAG,0.658363749109795
GCAAAT,0.596213708862226
GCAACA,0.535230493579293
GCAACC,0.498898980509276
GCAACG,0.5171654267679
GCAACT,0.554106563594536
GCAAGA,0.680683425791491
GCAAGC,0.567861516744621
GCAAGG,0.680710725895724
GCAAGT,0.573210647572859
GCAATA,0.559760678133474
GCAATC,0.555407058714964
GCAATG,0.55570098393161
GCAATT,0.556875821638896
GCACAA,0.571004360219382
GCACAC,0.516940349252653
GCACAG,0.638785209896116
GCACAT,0.516264812587857
GCACCA,0.542325366848826
GCACCC,0.511248373146639
GCACCG,0.52312757589821
GCACCT,0.547843653454468
GCACGA,0.506953968099849
GCACGC,0.508122575667376
GCACGG,0.516119995339971
GCACGT,0.510876381183867
GCACTA,0.536445382390236
GCACTC,0.495471471801805
GCACTG,0.559360072866274
GCACTT,0.516200451955701
GCAGAA,0.728394773604296
GCAGAC,0.598187258206039
GCAGAG,0.735837194914112
GCAGAT,0.582740465529854
GCAGCA,0.60012733005677
GCAGCC,0.542231307914468
GCAGCG,0.536098421882887
GCAGCT,0.583237152087275
GCAGGA,0.717902485427564
GCAGGC,0.563819300364894
GCAGGG,0.701767606262032
GCAGGT,0.617682371155884
GCAGTA,0.558743443527618
GCAGTC,0.577623804836395
GCAGTG,0.644349549491669
GCAGTT,0.576760904415076
GCATAA,0.55811100359869
GCATAC,0.513138540677157
GCATAG,0.580147673591096
GCATAT,0.534709374783062
GCATCA,0.544830347056639
GCATCC,0.516473956039269
GCATCG,0.516329169077988
GCATCT,0.553409173440126
GCATGA,0.515427801097737
GCATGC,0.52700309887999
GCATGG,0.58186690300205
GCATGT,0.566148632210919
GCATTA,0.537233481584634
GCATTC,0.527114517198841
GCATTG,0.581655928701546
GCATTT,0.559267602701761
GCCAAA,0.583146863787941
GCCAAC,0.480059120504957
GCCAAG,0.575973046996493
GCCAAT,0.519012363096791
GCCACA,0.599490927454405
GCCACC,0.478356020268591
GCCACG,0.50529609949967
GCCACT,0.48052613126155
GCCAGA,0.6016500913355
GCCAGC,0.546283488352478
GCCAGG,0.626900387545869
GCCAGT,0.573818422920129
GCCATA,0.53208386253511
GCCATC,0.504759141249711
GCCATG,0.554896351602203
GCCATT,0.508479377981628
GCCCAA,0.526334328146069
GCCCAC,0.51796886173901
GCCCAG,0.537627298391511
GCCCAT,0.508981928895588
GCCCCA,0.559822295471337
GCCCCC,0.507311187545205
GCCCCG,0.504173039593491
GCCCCT,0.498686128482
GCCCGA,0.502477924850026
GCCCGC,0.499749935847626
GCCCGG,0.499553625800408
GCCCGT,0.505702694187691
GCCCTA,0.538445940896409
GCCCTC,0.513170820195293
GCCCTG,0.534140571660994
GCCCTT,0.509095373189405
GCCGAA,0.5170207398952
GCCGAC,0.512266599590598
GCCGAG,0.491521031038718
GCCGAT,0.523878335156083
GCCGCA,0.519814316138448
GCCGCC,0.507668279430395
GCCGCG,0.518065230571823
GCCGCT,0.511798020958234
GCCGGA,0.517663632485912
GCCGGC,0.519028408461903
GCCGGG,0.53323930451645
GCCGGT,0.508057688839404
GCCGTA,0.506856522464226
GCCGTC,0.508673943780408
GCCGTG,0.518932132409198
GCCGTT,0.506807796085314
GCCTAA,0.553269637027881
GCCTAC,0.546174185583656
GCCTAG,0.545893066449578
GCCTAT,0.517984923856087
GCCTCA,0.50967859778562
GCCTCC,0.453877620746171
GCCTCG,0.502053696812385
GCCTCT,0.496719198278967
GCCTGA,0.538619029427147
GCCTGC,0.494912773953994
GCCTGG,0.506141630843673
GCCTGT,0.542011802656195
GCCTTA,0.529165578399121
GCCTTC,0.51391296167481
GCCTTG,0.539986947854992
GCCTTT,0.513735543159531
GCGAAA,0.513880706104142
GCGAAC,0.515604919655586
GCGAAG,0.527321404004404
GCGAAT,0.515765909308133
GCGACA,0.497244091399574
GCGACC,0.507814325729626
GCGACG,0.50648289286957
GCGACT,0.518787700948388
GCGAGA,0.508641518776043
GCGAGC,0.526445820998998
GCGAGG,0.549837119486788
GCGAGT,0.528530040297914
GCGATA,0.506921487276369
GCGATC,0.495898500815936
GCGATG,0.510989610778482
GCGATT,0.501482336262112
GCGCAA,0.518659299912851
GCGCAC,0.515830297912905
GCGCAG,0.51989447608188
GCGCAT,0.510358596846622
GCGCCA,0.495027825501183
GCGCCC,0.497342478194743
GCGCCG,0.508155017502567
GCGCCT,0.496259690683053
GCGCGA,0.507505980744552
GCGCGC,0.500420371219442
GCGCGG,0.50856045166504
GCGCGT,0.510115793117169
GCGCTA,0.509046755782202
GCGCTC,0.499488180553149
GCGCTG,0.511005785388299
GCGCTT,0.502151611565136
GCGGAA,0.52290383648586
GCGGAC,0.513461288979576
GCGGAG,0.511555566517248
GCGGAT,0.501351693715534
GCGGCA,0.515749811509123
GCGGCC,0.514686783408634
GCGGCG,0.510455701833785
GCGGCT,0.524883788731914
GCGGGA,0.550257109175341
GCGGGC,0.507116356394074
GCGGGG,0.5509100760653
GCGGGT,0.513687150828221
GCGGTA,0.525537588915873
GCGGTC,0.518129471301334
GCGGTG,0.534077351338049
GCGGTT,0.515991251288892
GCGTAA,0.516377433727704
GCGTAC,0.513783933149137
GCGTAG,0.509727184484751
GCGTAT,0.501906806704725
GCGTCA,0.510973435907043
GCGTCC,0.51528286257662
GCGTCG,0.510196734244235
GCGTCT,0.509192600913428
GCGTGA,0.509241211230708
GCGTGC,0.504840517095857
GCGTGG,0.541478517774752
GCGTGT,0.533539817160608
GCGTTA,0.510714602376485
GCGTTC,0.511167517099107
GCGTTG,0.52312757589821
GCGTTT,0.510698423056173
GCTAAA,0.588115628385081
GCTAAC,0.529594338396425
GCTAAG,0.55478798625147
GCTAAT,0.50117203234145
GCTACA,0.542779860353954
GCTACC,0.515347282290609
GCTACG,0.51001865511596
GCTACT,0.534361811321733
GCTAGA,0.584500333066695
GCTAGC,0.528863748162877
GCTAGG,0.562714036015552
GCTAGT,0.518418503525035
GCTATA,0.53519891835126
GCTATC,0.504986976933489
GCTATG,0.541604022158301
GCTATT,0.520263129082275
GCTCAA,0.504352162658912
GCTCAC,0.526318399580854
GCTCAG,0.538556091609593
GCTCAT,0.52075979427774
GCTCCA,0.526063508025568
GCTCCC,0.497883432606927
GCTCCG,0.520295179443111
GCTCCT,0.513719412642628
GCTCGA,0.521592356557743
GCTCGC,0.511684882867762
GCTCGG,0.510293854949573
GCTCGT,0.513364475425859
GCTCTA,0.515701516557201
GCTCTC,0.489903436371511
GCTCTG,0.529864204111946
GCTCTT,0.490745572365621
GCTGAA,0.665387979426715
GCTGAC,0.547219879477082
GCTGAG,0.627893803818601
GCTGAT,0.565888384152078
GCTGCA,0.570333902327617
GCTGCC,0.535214706089901
GCTGCG,0.524101856665229
GCTGCT,0.508382080884453
GCTGGA,0.631212424615602
GCTGGC,0.577669200028639
GCTGGG,0.673752441262669
GCTGGT,0.535909119945438
GCTGTA,0.563727241646814
GCTGTC,0.532163045000205
GCTGTG,0.632803177523944
GCTGTT,0.542999197102731
GCTTAA,0.54631471552076
GCTTAC,0.518049169744601
GCTTAG,0.554091071318211
GCTTAT,0.555840181518111
GCTTCA,0.537910750490445
GCTTCC,0.506580374918794
GCTTCG,0.502216882741099
GCTTCT,0.507830551779648
GCTTGA,0.552680268537685
GCTTGC,0.513332202158316
GCTTGG,0.556566787614998
GCTTGT,0.555917505139099
GCTTTA,0.547999536171836
GCTTTC,0.517068971178836
GCTTTG,0.569632488118056
GCTTTT,0.544689608351742
GGAAAA,0.868633953434438
GGAAAC,0.664500505427994
GGAAAG,0.879792323752243
GGAAAT,0.749933986443246
GGAACA,0.7077773283384
GGAACC,0.583688471344754
GGAACG,0.52095198556693
GGAACT,0.630681610816577
GGAAGA,0.960135460531388
GGAAGC,0.700229397397494
GGAAGG,0.902300279250177
GGAAGT,0.753709720545274
GGAATA,0.624722940497447
GGAATC,0.614464326073165
GGAATG,0.717534174832698
GGAATT,0.629073103618228
GGACAA,0.608994700439197
GGACAC,0.58487597188124
GGACAG,0.722966133205992
GGACAT,0.581505205516844
GGACCA,0.586976945607745
GGACCC,0.53519891835126
GGACCG,0.50977576882333
GGACCT,0.549261291426919
GGACGA,0.528927298941709
GGACGC,0.502592109348403
GGACGG,0.540034084097645
GGACGT,0.518338225175617
GGACTA,0.539263913773904
GGACTC,0.540332562049797
GGACTG,0.620542241296246
GGACTT,0.597757267336385
GGAGAA,0.862916721817935
GGAGAC,0.63601993401796
GGAGAG,0.909427536362511
GGAGAT,0.732291449545828
GGAGCA,0.713658701366983
GGAGCC,0.605086252563736
GGAGCG,0.553223120563372
GGAGCT,0.615688694771139
GGAGGA,0.942652405551763
GGAGGC,0.636376713506363
GGAGGG,0.93138099597463
GGAGGT,0.692907274043032
GGAGTA,0.618830205107568
GGAGTC,0.593506735158653
GGAGTG,0.676799224320632
GGAGTT,0.618655935425929
GGATAA,0.608378591762023
GGATAC,0.584214753167151
GGATAG,0.629705325757237
GGATAT,0.578803410616017
GGATCA,0.571156674342882
GGATCC,0.542670173936198
GGATCG,0.527098601056171
GGATCT,0.569266337480205
GGATGA,0.671592116705163
GGATGC,0.522823917419603
GGATGG,0.69847428923136
GGATGT,0.615630425479973
GGATTA,0.51933322149302
GGATTC,0.557570799211083
GGATTG,0.589955753671716
GGATTT,0.621875018661808
GGCAAA,0.671619666131278
GGCAAC,0.535530408530939
GGCAAG,0.646173921215657
GGCAAT,0.578561553613389
GGCACA,0.585927010505716
GGCACC,0.548887603962127
GGCACG,0.509225008054164
GGCACT,0.541760880490645
GGCAGA,0.719059150673844
GGCAGC,0.610079302525849
GGCAGG,0.711728550871197
GGCAGT,0.63141319962631
GGCATA,0.568640519828588
GGCATC,0.527448697690504
GGCATG,0.560068726862842
GGCATT,0.584169654147885
GGCCAA,0.529276756051845
GGCCAC,0.545596243825238
GGCCAG,0.647261303133748
GGCCAT,0.532242221195933
GGCCCA,0.532321391123289
GGCCCC,0.517068971178836
GGCCCG,0.502559486536406
GGCCCT,0.535893343166303
GGCCGA,0.502934584635772
GGCCGC,0.519734149768885
GGCCGG,0.530514757250876
GGCCGT,0.513574226280595
GGCCTA,0.57877318168943
GGCCTC,0.499128155113115
GGCCTG,0.575594048329917
GGCCTT,0.530070522883563
GGCGAA,0.526700615136973
GGCGAC,0.497129294569477
GGCGAG,0.539295360911318
GGCGAT,0.507051404240745
GGCGCA,0.519204890488278
GGCGCC,0.501498665380443
GGCGCG,0.506027850950184
GGCGCT,0.502575798075435
GGCGGA,0.500828952787549
GGCGGC,0.519156762115307
GGCGGG,0.536965597540137
GGCGGT,0.530403717158694
GGCGTA,0.510795495051724
GGCGTC,0.521560347745613
GGCGTG,0.501433347307218
GGCGTT,0.514670668228556
GGCTAA,0.508398297724741
GGCTAC,0.54851377680281
GGCTAG,0.545986781608763
GGCTAT,0.542983531787443
GGCTCA,0.538996573170611
GGCTCC,0.532938701537296
GGCTCG,0.511523234816525
GGCTCT,0.528482358653787
GGCTGA,0.608906708150675
GGCTGC,0.553920640436053
GGCTGG,0.683899704290677
GGCTGT,0.594385073543026
GGCTTA,0.552556146687112
GGCTTC,0.545189922672511
GGCTTG,0.596555278007338
GGCTTT,0.568991636493961
GGGAAA,0.86218837966644
GGGAAC,0.657036827518343
GGGAAG,0.924826166956349
GGGAAT,0.692232826870528
GGGACA,0.655246186332666
GGGACC,0.536508453187325
GGGACG,0.538209862789316
GGGACT,0.577548141602969
GGGAGA,0.877653544036381
GGGAGC,0.670834209912257
GGGAGG,0.898102658306403
GGGAGT,0.701914615374828
GGGATA,0.612011082243128
GGGATC,0.550132686174312
GGGATG,0.664306265457068
GGGATT,0.564953994952037
GGGCAA,0.627821850288113
GGGCAC,0.565873073333321
GGGCAG,0.733418651203201
GGGCAT,0.589507254746696
GGGCCA,0.574137357167049
GGGCCC,0.530276799096525
GGGCCG,0.530736800452378
GGGCCT,0.579785353617322
GGGCGA,0.525856360787204
GGGCGC,0.509613811847744
GGGCGG,0.555174951451029
GGGCGT,0.515910777839148
GGGCTA,0.555747385280029
GGGCTC,0.519285099296164
GGGCTG,0.658949827311892
GGGCTT,0.576200377268402
GGGGAA,0.808795015617368
GGGGAC,0.603288533537567
GGGGAG,0.843387721548285
GGGGAT,0.631011609286195
GGGGCA,0.669095745955801
GGGGCC,0.584590499251756
GGGGCG,0.56378861506717
GGGGCT,0.607762103260923
GGGGGA,0.716244018435337
GGGGGC,0.59809830974607
GGGGGG,0.638130217202589
GGGGGT,0.669896366688845
GGGGTA,0.582695299971122
GGGGTC,0.577669200028639
GGGGTG,0.725905955497191
GGGGTT,0.606719079061854
GGGTAA,0.581429835404583
GGGTAC,0.564325471882907
GGGTAG,0.640307122306044
GGGTAT,0.557092088645962
GGGTCA,0.572663333751853
GGGTCC,0.561546041275044
GGGTCG,0.508528022980424
GGGTCT,0.595039603721195
GGGTGA,0.644802417325984
GGGTGC,0.594176724066666
GGGTGG,0.819212299943664
GGGTGT,0.626021327338955
GGGTTA,0.54643961444344
GGGTTC,0.553765678060616
GGGTTG,0.634720180668358
GGGTTT,0.596481033769343
GGTAAA,0.580087296044439
GGTAAC,0.546299102058511
GGTAAG,0.565857762280139
GGTAAT,0.575988203955852
GGTACA,0.554664125755395
GGTACC,0.540332562049797
GGTACG,0.518595093211993
GGTACT,0.575851783050509
GGTAGA,0.636091300099696
GGTAGC,0.562253148415227
GGTAGG,0.635705862737978
GGTAGT,0.592612717776561
GGTATA,0.526843908315412
GGTATC,0.537753287021399
GGTATG,0.573955121481535
GGTATT,0.551484955763594
GGTCAA,0.56530640817811
GGTCAC,0.545189922672511
GGTCAG,0.5906729338196
GGTCAT,0.571491683774399
GGTCCA,0.5607461002256
GGTCCC,0.514702898329017
GGTCCG,0.517438667090253
GGTCCT,0.570592996166301
GGTCGA,0.509662401694636
GGTCGC,0.511086654513346
GGTCGG,0.51933322149302
GGTCGT,0.525569470676093
GGTCTA,0.517310092709337
GGTCTC,0.538681963283783
GGTCTG,0.577638936796114
GGTCTT,0.55939089435438
GGTGAA,0.649164902811698
GGTGAC,0.559406304742204
GGTGAG,0.70862723045801
GGTGAT,0.629791506906541
GGTGCA,0.592672343807877
GGTGCC,0.54792159785058
GGTGCG,0.514412790021978
GGTGCT,0.56871686002635
GGTGGA,0.750481524934622
GGTGGC,0.611689377996573
GGTGGG,0.772900406090235
GGTGGT,0.673628727020423
GGTGTA,0.546064870866432
GGTGTC,0.575518231356754
GGTGTG,0.662473002739645
GGTGTT,0.565076587552356
GGTTAA,0.601206807915635
GGTTAC,0.540301147512993
GGTTAG,0.545393103885984
GGTTAT,0.540756561734756
GGTTCA,0.565566807719425
GGTTCC,0.530625785014525
GGTTCG,0.511652555347855
GGTTCT,0.562222415021273
GGTTGA,0.627015616834153
GGTTGC,0.54418904359125
GGTTGG,0.659298520375573
GGTTGT,0.578002035153471
GGTTTA,0.543093183841367
GGTTTC,0.545783720995895
GGTTTG,0.616198406289662
GGTTTT,0.572937028106408
GTAAAA,0.55894388977235
GTAAAC,0.529753091754767
GTAAAG,0.621903972364652
GTAAAT,0.54985267780637
GTAACA,0.548669555102656
GTAACC,0.518450613060398
GTAACG,0.51281568817464
GTAACT,0.520295179443111
GTAAGA,0.600985092496348
GTAAGC,0.512347366823068
GTAAGG,0.565076587552356
GTAAGT,0.558450411338415
GTAATA,0.532590522002222
GTAATC,0.536997117034996
GTAATG,0.573362626043578
GTAATT,0.532210551469902
GTACAA,0.590389111510906
GTACAC,0.533302577841516
GTACAG,0.562222415021273
GTACAT,0.524851885103102
GTACCA,0.540065507025111
GTACCC,0.513977469695048
GTACCG,0.515701516557201
GTACCT,0.5290702734293
GTACGA,0.516055625386311
GTACGC,0.505588864338231
GTACGG,0.507927902551193
GTACGT,0.518257940381068
GTACTA,0.536193059415098
GTACTC,0.527385052872914
GTACTG,0.574607979034669
GTACTT,0.520871910351984
GTAGAA,0.676072682276252
GTAGAC,0.531513563624809
GTAGAG,0.619860679763371
GTAGAT,0.555855646720631
GTAGCA,0.56903742523231
GTAGCC,0.543234147388571
GTAGCG,0.517101124075611
GTAGCT,0.545986781608763
GTAGGA,0.646823668178907
GTAGGC,0.548638401383976
GTAGGG,0.637560309402869
GTAGGT,0.568029588353962
GTAGTA,0.55534516871205
GTAGTC,0.539704083731212
GTAGTG,0.56490801885199
GTAGTT,0.559822295471337
GTATAA,0.536571520006739
GTATAC,0.498391335475289
GTATAG,0.561868913085176
GTATAT,0.495602884767974
GTATCA,0.537627298391511
GTATCC,0.521544342955329
GTATCG,0.517486878221421
GTATCT,0.543124510791347
GTATGA,0.581354459611239
GTATGC,0.526159099972599
GTATGG,0.596555278007338
GTATGT,0.549276858707929
GTATTA,0.515154010697607
GTATTC,0.527098601056171
GTATTG,0.545111765058217
GTATTT,0.536776459705082
GTCAAA,0.604570843997969
GTCAAC,0.548576091034804
GTCAAG,0.596881887185374
GTCAAT,0.561684427672995
GTCACA,0.559375483729072
GTCACC,0.535483059518153
GTCACG,0.518338225175617
GTCACT,0.560730710470879
GTCAGA,0.6372182087563
GTCAGC,0.54851377680281
GTCAGG,0.565229807171322
GTCAGT,0.58893886719187
GTCATA,0.549152313673797
GTCATC,0.549292425746602
GTCATG,0.55396712446647
GTCATT,0.537438285679549
GTCCAA,0.550148239896088
GTCCAC,0.525123033509826
GTCCAG,0.57477492066584
GTCCAT,0.524596619423684
GTCCCA,0.544736523454229
GTCCCC,0.526031642012489
GTCCCG,0.505068334242179
GTCCCT,0.511507068574154
GTCCGA,0.516586553628932
GTCCGC,0.507879228350067
GTCCGG,0.511070481211514
GTCCGT,0.515572718614723
GTCCTA,0.574046243475523
GTCCTC,0.509727184484751
GTCCTG,0.566271078453955
GTCCTT,0.521448308834027
GTCGAA,0.515975157117013
GTCGAC,0.518033108659425
GTCGAG,0.516409608866743
GTCGAT,0.507554673116156
GTCGCA,0.512718812094805
GTCGCC,0.505100875312422
GTCGCG,0.505621388474551
GTCGCT,0.511442400991066
GTCGGA,0.517181501794925
GTCGGC,0.51309011944618
GTCGGG,0.51989447608188
GTCGGT,0.516329169077988
GTCGTA,0.513654887972955
GTCGTC,0.516650889416936
GTCGTG,0.532163045000205
GTCGTT,0.511798020958234
GTCTAA,0.52636618451536
GTCTAC,0.523958170002033
GTCTAG,0.537895005259257
GTCTAT,0.520471438068406
GTCTCA,0.523239426834937
GTCTCC,0.530594064054193
GTCTCG,0.503896149912941
GTCTCT,0.49837495553767
GTCTGA,0.575654697770005
GTCTGC,0.520631646227717
GTCTGG,0.610474742993781
GTCTGT,0.577169739538131
GTCTTA,0.534835731551763
GTCTTC,0.523590876925716
GTCTTG,0.567815674130002
GTCTTT,0.546174185583656
GTGAAA,0.646654209667694
GTGAAC,0.543672573615154
GTGAAG,0.712032863001999
GTGAAT,0.609976755392006
GTGACA,0.565122555903103
GTGACC,0.551795563999115
GTGACG,0.521096104797475
GTGACT,0.554013606336222
GTGAGA,0.655610169917484
GTGAGC,0.531275843054161
GTGAGG,0.709595769039029
GTGAGT,0.58465060552548
GTGATA,0.553781175378805
GTGATC,0.526238752948772
GTGATG,0.669095745955801
GTGATT,0.564417475547681
GTGCAA,0.583523011266627
GTGCAC,0.527050851108164
GTGCAG,0.630609857606485
GTGCAT,0.548233314695941
GTGCCA,0.540238315478611
GTGCCC,0.52837109264182
GTGCCG,0.518209766410245
GTGCCT,0.536287687991895
GTGCGA,0.508138796716531
GTGCGC,0.501057685567827
GTGCGG,0.538870741093156
GTGCGT,0.515572718614723
GTGCTA,0.539499743203058
GTGCTC,0.528927298941709
GTGCTG,0.565137878217121
GTGCTT,0.570989127530976
GTGGAA,0.733107825907756
GTGGAC,0.603627695077351
GTGGAG,0.745990506692588
GTGGAT,0.640918080121216
GTGGCA,0.62671311162875
GTGGCC,0.571583030508193
GTGGCG,0.513348338922283
GTGGCT,0.626223147196713
GTGGGA,0.756067082498183
GTGGGC,0.596228562120894
GTGGGG,0.777941465707292
GTGGGT,0.639325967417807
GTGGTA,0.61390995214292
GTGGTC,0.5712937372212
GTGGTG,0.696420522624765
GTGGTT,0.633561834549949
GTGTAA,0.533935090996396
GTGTAC,0.527719142984158
GTGTAG,0.579422902320203
GTGTAT,0.549961579266258
GTGTCA,0.56695955934734
GTGTCC,0.540521028549107
GTGTCG,0.516522213701567
GTGTCT,0.576594294025863
GTGTGA,0.598943000846075
GTGTGC,0.556334949407725
GTGTGG,0.691652438267343
GTGTGT,0.631312817159782
GTGTTA,0.55749360332809
GTGTTC,0.524532792821191
GTGTTG,0.612595734037851
GTGTTT,0.551065481549593
GTTAAA,0.600023757228446
GTTAAC,0.527989515156931
GTTAAG,0.58992586000061
GTTAAT,0.53843020408973
GTTACA,0.547672154394863
GTTACC,0.545830584797248
GTTACG,0.514461147251502
GTTACT,0.52196038427555
GTTAGA,0.604438267418533
GTTAGC,0.537595798753705
GTTAGG,0.582409204051086
GTTAGT,0.555391586573329
GTTATA,0.537895005259257
GTTATC,0.540096928965207
GTTATG,0.545127397069773
GTTATT,0.51249273140472
GTTCAA,0.534029933472796
GTTCAC,0.56871686002635
GTTCAG,0.585251469644249
GTTCAT,0.521320248991082
GTTCCA,0.52953082999568
GTTCCC,0.52697126279434
GTTCCG,0.50536116576023
GTTCCT,0.530625785014525
GTTCGA,0.49418928954534
GTTCGC,0.50844694666775
GTTCGG,0.515041251682372
GTTCGT,0.512476580827996
GTTCTA,0.539641214169717
GTTCTC,0.530451307279421
GTTCTG,0.605056807800781
GTTCTT,0.509111578466564
GTTGAA,0.621469578774089
GTTGAC,0.551329615459286
GTTGAG,0.616329432983549
GTTGAT,0.555886576408173
GTTGCA,0.546111721494194
GTTGCC,0.551081020769807
GTTGCG,0.50977576882333
GTTGCT,0.550941159094288
GTTGGA,0.643173966804474
GTTGGC,0.543500357663612
GTTGGG,0.636790418304926
GTTGGT,0.59210575291523
GTTGTA,0.566577128482869
GTTGTC,0.544439357292131
GTTGTG,0.573393018966224
GTTGTT,0.552897444711838
GTTTAA,0.549619277592373
GTTTAC,0.507814325729626
GTTTAG,0.560684539785594
GTTTAT,0.523622820809999
GTTTCA,0.583026466706577
GTTTCC,0.545893066449578
GTTTCG,0.519060498419787
GTTTCT,0.51780822637711
GTTTGA,0.588415066371184
GTTTGC,0.550490360584133
GTTTGG,0.639425548758654
GTTTGT,0.567127782605742
GTTTTA,0.528307506504688
GTTTTC,0.548155394593571
GTTTTG,0.613267661301197
GTTTTT,0.62151302662553
TAAAAA,0.556489514184526
TAAAAC,0.556041210497827
TAAAAG,0.668805707905335
TAAAAT,0.551003322253949
TAAACA,0.533334213002794
TAAACC,0.537280747791116
TAAACG,0.513977469695048
TAAACT,0.548155394593571
TAAAGA,0.674796529439146
TAAAGC,0.598276198754883
TAAAGG,0.62856991405836
TAAAGT,0.583658389730423
TAAATA,0.537422533007477
TAAATC,0.531545255431598
TAAATG,0.583477881038983
TAAATT,0.52095198556693
TAACAA,0.553719184664997
TAACAC,0.532843755504351
TAACAG,0.594340430880889
TAACAT,0.544673969495117
TAACCA,0.544282918571845
TAACCC,0.525840424606775
TAACCG,0.514638437089282
TAACCT,0.504596369688641
TAACGA,0.511684882867762
TAACGC,0.509953891205985
TAACGG,0.522696033627026
TAACGT,0.515894682372052
TAACTA,0.520134917365686
TAACTC,0.494468879664849
TAACTG,0.537595798753705
TAACTT,0.533824430070596
TAAGAA,0.599520536557887
TAAGAC,0.539138115334093
TAAGAG,0.647106035232797
TAAGAT,0.57825915007856
TAAGCA,0.552199210525204
TAAGCC,0.524963543351172
TAAGCG,0.504807967552038
TAAGCT,0.52697126279434
TAAGGA,0.676346911102272
TAAGGC,0.567097198663574
TAAGGG,0.586692072204493
TAAGGT,0.56490801885199
TAAGTA,0.533603071474697
TAAGTC,0.546673757885602
TAAGTG,0.579392692114669
TAAGTT,0.57219179558518
TAATAA,0.526923506765405
TAATAC,0.532321391123289
TAATAG,0.549510338846921
TAATAT,0.510682243474086
TAATCA,0.571963552108198
TAATCC,0.499193623925798
TAATCG,0.513025554157481
TAATCT,0.513461288979576
TAATGA,0.577548141602969
TAATGC,0.556875821638896
TAATGG,0.623813065609367
TAATGT,0.564785405583387
TAATTA,0.479424971143404
TAATTC,0.545674363584477
TAATTG,0.546829823061949
TAATTT,0.498489609467055
TACAAA,0.559067221340069
TACAAC,0.540505324364079
TACAAG,0.590657997811482
TACAAT,0.540897855022321
TACACA,0.492032174862547
TACACC,0.49036587333939
TACACG,0.510908733804895
TACACT,0.500420371219442
TACAGA,0.562560430416166
TACAGC,0.562667956813127
TACAGG,0.538729161077206
TACAGT,0.566347599742877
TACATA,0.48589772328249
TACATC,0.525362221063365
TACATG,0.550676922546605
TACATT,0.511199860302648
TACCAA,0.522935802324073
TACCAC,0.538933659111097
TACCAG,0.583372569253158
TACCAT,0.498964464326977
TACCCA,0.530387853281812
TACCCC,0.508382080884453
TACCCG,0.503847279068539
TACCCT,0.49871887789679
TACCGA,0.513703281865528
TACCGC,0.505914058109358
TACCGG,0.511684882867762
TACCGT,0.513332202158316
TACCTA,0.533745379054042
TACCTC,0.535577755301903
TACCTG,0.531038065959007
TACCTT,0.521832389996314
TACGAA,0.508836053033396
TACGAC,0.513283790303985
TACGAG,0.514912368665574
TACGAT,0.51554051653692
TACGCA,0.512444278892005
TACGCC,0.510941085379264
TACGCG,0.506726580177289
TACGCT,0.506564128570489
TACGGA,0.51914071880956
TACGGC,0.509338424776953
TACGGG,0.517036817248219
TACGGT,0.514219337716272
TACGTA,0.513122400527343
TACGTC,0.520150944729255
TACGTG,0.514880145315765
TACGTT,0.521224193345669
TACTAA,0.500502100889266
TACTAC,0.515524415109144
TACTAG,0.538965116635626
TACTAT,0.512734958759859
TACTCA,0.555298748696053
TACTCC,0.514622321130069
TACTCG,0.497326081067753
TACTCT,0.533460743641023
TACTGA,0.5732866396954
TACTGC,0.516956427898183
TACTGG,0.587336669738012
TACTGT,0.545564994212707
TACTTA,0.518835847086522
TACTTC,0.512654222827314
TACTTG,0.56378861506717
TACTTT,0.511991942195322
TAGAAA,0.744429241980889
TAGAAC,0.566852493446801
TAGAAG,0.714120855607682
TAGAAT,0.600526724795324
TAGACA,0.57025768548013
TAGACC,0.497703146982209
TAGACG,0.515604919655586
TAGACT,0.545221184007897
TAGAGA,0.683123838242406
TAGAGC,0.593223716121131
TAGAGG,0.661624676388154
TAGAGT,0.586946962755035
TAGATA,0.558604649510112
TAGATC,0.539892668703687
TAGATG,0.56461678778757
TAGATT,0.562191680682747
TAGCAA,0.566026170972964
TAGCAC,0.540395388162941
TAGCAG,0.611016389047115
TAGCAT,0.536177287115013
TAGCCA,0.555762851917717
TAGCCC,0.526796146203999
TAGCCG,0.497588402841166
TAGCCT,0.518627197077735
TAGCGA,0.50914398823307
TAGCGC,0.507749418896561
TAGCGG,0.527353228945056
TAGCGT,0.510795495051724
TAGCTA,0.539704083731212
TAGCTC,0.517004662283694
TAGCTG,0.539955522458831
TAGCTT,0.550350416267706
TAGGAA,0.739898033392977
TAGGAC,0.558573803778866
TAGGAG,0.676607358850108
TAGGAT,0.559899311804945
TAGGCA,0.567357132361707
TAGGCC,0.529340280589957
TAGGCG,0.512751105164203
TAGGCT,0.539672649444537
TAGGGA,0.674054789437409
TAGGGC,0.582228469709486
TAGGGG,0.625963657040411
TAGGGT,0.583086667059192
TAGGTA,0.540222606853142
TAGGTC,0.531545255431598
TAGGTG,0.580962413873667
TAGGTT,0.548653978364635
TAGTAA,0.544486284136366
TAGTAC,0.531006358074135
TAGTAG,0.54979044307562
TAGTAT,0.535435708263331
TAGTCA,0.552649239519346
TAGTCC,0.512686517982531
TAGTCG,0.511636391195992
TAGTCT,0.537438285679549
TAGTGA,0.604732858173747
TAGTGC,0.532622179697167
TAGTGG,0.592970420647161
TAGTGT,0.53472517025232
TAGTTA,0.564478806621936
TAGTTC,0.536855271483829
TAGTTG,0.555267800821557
TAGTTT,0.547672154394863
TATAAA,0.524373208489654
TATAAC,0.519766217087912
TATAAG,0.587561431625478
TATAAT,0.543218485753449
TATACA,0.482391996348304
TATACC,0.496243275791697
TATACG,0.510957260773973
TATACT,0.523590876925716
TATAGA,0.561607548705108
TATAGC,0.530086391795294
TATAGG,0.56480073306416
TATAGT,0.538461677455445
TATATA,0.375757948714435
TATATC,0.511426233441852
TATATG,0.520359277083271
TATATT,0.501433347307218
TATCAA,0.538257082869575
TATCAC,0.515186225223907
TATCAG,0.565536175998479
TATCAT,0.493020743896955
TATCCA,0.532052187793426
TATCCC,0.511474735305347
TATCCG,0.505198492170106
TATCCT,0.496194029500875
TATCGA,0.50928981918514
TATCGC,0.510131981866708
TATCGG,0.517358310039471
TATCGT,0.515975157117013
TATCTA,0.530705083013423
TATCTC,0.499471818572081
TATCTG,0.569113735137403
TATCTT,0.528498252787779
TATGAA,0.61731885795208
TATGAC,0.530086391795294
TATGAG,0.575775985616235
TATGAT,0.540615248480577
TATGCA,0.533397480323159
TATGCC,0.520150944729255
TATGCG,0.506840280601727
TATGCT,0.53687103309425
TATGGA,0.664472759170561
TATGGC,0.546533278399186
TATGGG,0.603067279239883
TATGGT,0.551531553149807
TATGTA,0.500926987528394
TATGTC,0.532178880740868
TATGTG,0.573772852580123
TATGTT,0.503374737731988
TATTAA,0.538115415939064
TATTAC,0.492625433547708
TATTAG,0.558373283330618
TATTAT,0.489986030087045
TATTCA,0.528816082428214
TATTCC,0.506710336204131
TATTCG,0.515846394416324
TATTCT,0.528498252787779
TATTGA,0.574881141740577
TATTGC,0.531069772838521
TATTGG,0.587036908616387
TATTGT,0.535735561683566
TATTTA,0.494863462095667
TATTTC,0.48967213766986
TATTTG,0.56472409331087
TATTTT,0.559945518758143
TCAAAA,0.524437045278361
TCAAAC,0.508803633285083
TCAAAG,0.604718130696918
TCAAAT,0.547765702982553
TCAACA,0.550070468867909
TCAACC,0.496522292306344
TCAACG,0.517599361822642
TCAACT,0.545299333071069
TCAAGA,0.645834755134283
TCAAGC,0.53993980939041
TCAAGG,0.593625877109985
TCAAGT,0.57523007442363
TCAATA,0.541117604907318
TCAATC,0.529705468393484
TCAATG,0.56995275998682
TCAATT,0.510455701833785
TCACAA,0.55607213444656
TCACAC,0.544533208778575
TCACAG,0.594176724066666
TCACAT,0.559144295846437
TCACCA,0.519381341374242
TCACCC,0.521224193345669
TCACCG,0.511070481211514
TCACCT,0.502673661722614
TCACGA,0.508090132779677
TCACGC,0.512928698407491
TCACGG,0.526461747534717
TCACGT,0.511377729225812
TCACTA,0.540144060024171
TCACTC,0.545252444366043
TCACTG,0.540411094074509
TCACTT,0.526190961924424
TCAGAA,0.695237357741431
TCAGAC,0.552866422431636
TCAGAG,0.664847268705024
TCAGAT,0.573696897398353
TCAGCA,0.592881006924235
TCAGCC,0.46377830475345
TCAGCG,0.51933322149302
TCAGCT,0.532717146769187
TCAGGA,0.626900387545869
TCAGGC,0.547204280141293
TCAGGG,0.601753495865401
TCAGGT,0.570836787883648
TCAGTA,0.578667373249715
TCAGTC,0.553393670355788
TCAGTG,0.643429029829722
TCAGTT,0.562007254812362
TCATAA,0.536066874048431
TCATAC,0.54631471552076
TCATAG,0.51958983410653
TCATAT,0.54034826894813
TCATCA,0.527178179236406
TCATCC,0.5228718696258
TCATCG,0.505897800932142
TCATCT,0.512621926629086
TCATGA,0.556304033585326
TCATGC,0.512815688174639
TCATGG,0.617566061307073
TCATGT,0.519285099296164
TCATTA,0.532574692778913
TCATTC,0.49629251965744
TCATTG,0.535609318570527
TCATTT,0.472540325051574
TCCAAA,0.580268417749166
TCCAAC,0.55250959702094
TCCAAG,0.580419327447709
TCCAAT,0.525059240498786
TCCACA,0.538367254386424
TCCACC,0.488829096831044
TCCACG,0.515137903045283
TCCACT,0.52582448817238
TCCAGA,0.594935502572401
TCCAGC,0.447417649245005
TCCAGG,0.620527744822608
TCCAGT,0.544752161332621
TCCATA,0.515959062686107
TCCATC,0.470773846102207
TCCATG,0.513816191841372
TCCATT,0.526429894209619
TCCCAA,0.518209766410245
TCCCAC,0.500730908434953
TCCCAG,0.544298563545208
TCCCAT,0.522999730935217
TCCCCA,0.531957157548197
TCCCCC,0.50597908417539
TCCCCG,0.50804146647453
TCCCCT,0.502167929758537
TCCCGA,0.495964181405106
TCCCGC,0.50022419275422
TCCCGG,0.503961307323806
TCCCGT,0.506027850950184
TCCCTA,0.504986976933489
TCCCTC,0.490118165844359
TCCCTG,0.529276756051845
TCCCTT,0.499340913084924
TCCGAA,0.49971722018253
TCCGAC,0.507230012511945
TCCGAG,0.514090348718342
TCCGAT,0.504319597215238
TCCGCA,0.505767733998894
TCCGCC,0.502102655387173
TCCGCG,0.505767733998894
TCCGCT,0.503081323861647
TCCGGA,0.520359277083271
TCCGGC,0.505068334242179
TCCGGG,0.520439393356315
TCCGGT,0.504742865285809
TCCGTA,0.50856045166504
TCCGTC,0.506287900258241
TCCGTG,0.508917097806175
TCCGTT,0.507018926581968
TCCTAA,0.566974853540267
TCCTAC,0.527432786865852
TCCTAG,0.560592192019337
TCCTAT,0.503814697178687
TCCTCA,0.511539400797554
TCCTCC,0.46525244920364
TCCTCG,0.504645203938954
TCCTCT,0.490481449175342
TCCTGA,0.546642541927359
TCCTGC,0.483922071086021
TCCTGG,0.537957984696589
TCCTGT,0.526636922688475
TCCTTA,0.487323079766546
TCCTTC,0.480726211982943
TCCTTG,0.529387921345472
TCCTTT,0.485317054173791
TCGAAA,0.523830431189005
TCGAAC,0.504368444983067
TCGAAG,0.523910269859299
TCGAAT,0.500518446021693
TCGACA,0.515476109270224
TCGACC,0.501759895017193
TCGACG,0.507635821800427
TCGACT,0.515186225223907
TCGAGA,0.506076615346896
TCGAGC,0.523974136206419
TCGAGG,0.519301140285756
TCGAGT,0.512072731613261
TCGATA,0.506174137007
TCGATC,0.510973435907043
TCGATG,0.508576665613
TCGATT,0.50638540131667
TCGCAA,0.505231029005216
TCGCAC,0.504091609410455
TCGCAG,0.515202332097899
TCGCAT,0.507165067740645
TCGCCA,0.508219898015703
TCGCCC,0.505279832273005
TCGCCG,0.506986447868359
TCGCCT,0.501531322817205
TCGCGA,0.509241211230708
TCGCGC,0.501025012659369
TCGCGG,0.506759067332026
TCGCGT,0.508690155888332
TCGCTA,0.511943465411446
TCGCTC,0.506417899557049
TCGCTG,0.515604919655586
TCGCTT,0.492658382046123
TCGGAA,0.517824291074517
TCGGAC,0.503733237809346
TCGGAG,0.540002660182747
TCGGAT,0.517727899018729
TCGGCA,0.508544237454185
TCGGCC,0.504661481492453
TCGGCG,0.506044106013308
TCGGCT,0.504498694033081
TCGGGA,0.501319030411922
TCGGGC,0.512088888713646
TCGGGG,0.538823549981682
TCGGGT,0.519926538260167
TCGGTA,0.516731303331777
TCGGTC,0.50557260187338
TCGGTG,0.528132623776968
TCGGTT,0.5170207398952
TCGTAA,0.510504250791579
TCGTAC,0.510520433253746
TCGTAG,0.520935971036896
TCGTAT,0.505084604909666
TCGTCA,0.512137358448551
TCGTCC,0.510261482429164
TCGTCG,0.511878826043842
TCGTCT,0.500894310349302
TCGTGA,0.513783933149137
TCGTGC,0.510989610778482
TCGTGG,0.535451492264066
TCGTGT,0.510973435907043
TCGTTA,0.511943465411446
TCGTTC,0.507554673116156
TCGTTG,0.516393521426629
TCGTTT,0.513767803412777
TCTAAA,0.577881017016029
TCTAAC,0.518964225456675
TCTAAG,0.540505324364079
TCTAAT,0.523942203542723
TCTACA,0.508155017502567
TCTACC,0.528037220305877
TCTACG,0.51239582403153
TCTACT,0.477486655525326
TCTAGA,0.563144006212537
TCTAGC,0.506840280601727
TCTAGG,0.559236777413331
TCTAGT,0.544454999818225
TCTATA,0.515025142213648
TCTATC,0.49683404219377
TCTATG,0.535909119945438
TCTATT,0.490844600579473
TCTCAA,0.466944188018848
TCTCAC,0.516876032085179
TCTCAG,0.586272110794152
TCTCAT,0.51113517284945
TCTCCA,0.545736854998224
TCTCCC,0.494830586172476
TCTCCG,0.508819843290619
TCTCCT,0.477219006556589
TCTCGA,0.500354982673829
TCTCGC,0.505702694187691
TCTCGG,0.502983500103592
TCTCGT,0.499766293278814
TCTCTA,0.442510494463683
TCTCTC,0.481642736750933
TCTCTG,0.533824430070596
TCTCTT,0.498964464326977
TCTGAA,0.616052800936096
TCTGAC,0.513541959781797
TCTGAG,0.611001753821383
TCTGAT,0.54854493440419
TCTGCA,0.55028821250683
TCTGCC,0.521704379332446
TCTGCG,0.51877165172054
TCTGCT,0.510860204480835
TCTGGA,0.664153621864482
TCTGGC,0.541870666685423
TCTGGG,0.622468402076153
TCTGGT,0.557524482396396
TCTGTA,0.547235478569536
TCTGTC,0.512557331103329
TCTGTG,0.593610985142324
TCTGTT,0.512847978115813
TCTTAA,0.503505116267316
TCTTAC,0.527050851108164
TCTTAG,0.568655788334373
TCTTAT,0.499193623925798
TCTTCA,0.484802465520933
TCTTCC,0.490217256205573
TCTTCG,0.510795495051724
TCTTCT,0.491636473451137
TCTTGA,0.567616998511871
TCTTGC,0.524245522685534
TCTTGG,0.564632117853027
TCTTGT,0.528450569627911
TCTTTA,0.507100118751248
TCTTTC,0.499831720328043
TCTTTG,0.536792222557743
TCTTTT,0.499586346817952
TGAAAA,0.780563678536631
TGAAAC,0.551003322253949
TGAAAG,0.749360659825103
TGAAAT,0.65178171855722
TGAACA,0.625357918021737
TGAACC,0.497752319012467
TGAACG,0.52234426884739
TGAACT,0.549121174991447
TGAAGA,0.853831494672402
TGAAGC,0.597208389724684
TGAAGG,0.722809099660525
TGAAGT,0.631384519949801
TGAATA,0.572891417582318
TGAATC,0.535798677264091
TGAATG,0.655806106217314
TGAATT,0.597356764736184
TGACAA,0.564003392380531
TGACAC,0.523942203542723
TGACAG,0.570486318597779
TGACAT,0.554989226842954
TGACCA,0.529054388384553
TGACCC,0.510989610778482
TGACCG,0.514428909358312
TGACCT,0.51391296167481
TGACGA,0.508998136011232
TGACGC,0.50786300308986
TGACGG,0.5227120199955
TGACGT,0.510212921683503
TGACTA,0.550474812182737
TGACTC,0.533017816345731
TGACTG,0.548015123107188
TGACTT,0.568044866190537
TGAGAA,0.765905256099836
TGAGAC,0.534219591444576
TGAGAG,0.740103858783384
TGAGAT,0.62759156419285
TGAGCA,0.632258880262508
TGAGCC,0.504661481492453
TGAGCG,0.536571520006739
TGAGCT,0.574258829176759
TGAGGA,0.726271196108112
TGAGGC,0.567510002981279
TGAGGG,0.710722338665047
TGAGGT,0.593745004868203
TGAGTA,0.569205299337553
TGAGTC,0.555592705744789
TGAGTG,0.623365045303827
TGAGTT,0.58845997433666
TGATAA,0.567861516744621
TGATAC,0.522807932839876
TGATAG,0.577911272923422
TGATAT,0.553688187866966
TGATCA,0.550194899609962
TGATCC,0.523239426834937
TGATCG,0.518129471301334
TGATCT,0.553951630029748
TGATGA,0.622887899794666
TGATGC,0.5290702734293
TGATGG,0.657274406029115
TGATGT,0.592031177577244
TGATTA,0.530657504968669
TGATTC,0.51780822637711
TGATTG,0.574653511334431
TGATTT,0.580434417165084
TGCAAA,0.62145509573744
TGCAAC,0.515089578531513
TGCAAG,0.605954483261493
TGCAAT,0.541745195764569
TGCACA,0.545096132802298
TGCACC,0.523814462690012
TGCACG,0.508738790635166
TGCACT,0.480009070700012
TGCAGA,0.662181037185574
TGCAGC,0.52808492317915
TGCAGG,0.658266036006112
TGCAGT,0.568319827342904
TGCATA,0.540489619932426
TGCATC,0.530213334024356
TGCATG,0.523734616369929
TGCATT,0.545752477241496
TGCCAA,0.551640271941039
TGCCAC,0.506840280601727
TGCCAG,0.599402094883402
TGCCAT,0.526812067161274
TGCCCA,0.513396747651872
TGCCCC,0.51925301654502
TGCCCG,0.507376122827789
TGCCCT,0.518257940381068
TGCCGA,0.524053963404778
TGCCGC,0.515073469841297
TGCCGG,0.507197540653523
TGCCGT,0.520199025278761
TGCCTA,0.536965597540137
TGCCTC,0.483040900873707
TGCCTG,0.517470808102621
TGCCTT,0.506759067332026
TGCGAA,0.515427801097737
TGCGAC,0.508138796716531
TGCGAG,0.525569470676093
TGCGAT,0.50264104157102
TGCGCA,0.516071718263182
TGCGCC,0.494929210699749
TGCGCG,0.508203678282054
TGCGCT,0.50019149260133
TGCGGA,0.521544342955329
TGCGGC,0.511975783528473
TGCGGG,0.541792249204786
TGCGGT,0.517486878221421
TGCGTA,0.509306021311579
TGCGTC,0.500894310349302
TGCGTG,0.535909119945438
TGCGTT,0.513316065133949
TGCTAA,0.55187320098573
TGCTAC,0.519557761130784
TGCTAG,0.548108639617641
TGCTAT,0.512864122695418
TGCTCA,0.494814147805562
TGCTCC,0.4952578888926
TGCTCG,0.514525619920205
TGCTCT,0.484403892364704
TGCTGA,0.598439235885483
TGCTGC,0.509387028006378
TGCTGG,0.566209857206572
TGCTGT,0.585431658500085
TGCTTA,0.552525113817096
TGCTTC,0.502282149657013
TGCTTG,0.528514146669152
TGCTTT,0.542356717861029
TGGAAA,0.808326560046366
TGGAAC,0.602742684359538
TGGAAG,0.819948862520021
TGGAAT,0.651036764115331
TGGACA,0.665928397938316
TGGACC,0.561392256146506
TGGACG,0.514767355413768
TGGACT,0.592851200573212
TGGAGA,0.793828605487274
TGGAGC,0.640108125232306
TGGAGG,0.816081803159637
TGGAGT,0.637246721613944
TGGATA,0.623365045303827
TGGATC,0.542074523361015
TGGATG,0.675921824361168
TGGATT,0.595872023007767
TGGCAA,0.611191995051129
TGGCAC,0.54545561287797
TGGCAG,0.700617516703572
TGGCAT,0.556551333406591
TGGCCA,0.565245127842104
TGGCCC,0.505100875312422
TGGCCG,0.5143160685471
TGGCCT,0.551702391658174
TGGCGA,0.505328633159152
TGGCGC,0.507424821522739
TGGCGG,0.525394108415021
TGGCGT,0.522200329402011
TGGCTA,0.529943562523291
TGGCTC,0.556582241584577
TGGCTG,0.638528959497494
TGGCTT,0.59119555361026
TGGGAA,0.829451604719974
TGGGAC,0.573833612571997
TGGGAG,0.754775023811862
TGGGAT,0.590030483940075
TGGGCA,0.628929361007401
TGGGCC,0.561069230375737
TGGGCG,0.505084604909666
TGGGCT,0.588400096601186
TGGGGA,0.809827245356764
TGGGGC,0.642195622081055
TGGGGG,0.742031414321019
TGGGGT,0.660051282697924
TGGGTA,0.618859247102105
TGGGTC,0.561853540600703
TGGGTG,0.697910930045074
TGGGTT,0.615309883673236
TGGTAA,0.579211411713167
TGGTAC,0.547781293563046
TGGTAG,0.6028459759779
TGGTAT,0.553595191707645
TGGTCA,0.60012733005677
TGGTCC,0.532194716230765
TGGTCG,0.517952799363938
TGGTCT,0.512444278892005
TGGTGA,0.683899704290677
TGGTGC,0.566913675365033
TGGTGG,0.731785739508368
TGGTGT,0.600452774840521
TGGTTA,0.609786282811008
TGGTTC,0.545877446402487
TGGTTG,0.649080375284627
TGGTTT,0.535183130363363
TGTAAA,0.577820502454844
TGTAAC,0.516570469035176
TGTAAG,0.565536175998479
TGTAAT,0.527353228945056
TGTACA,0.567311266618426
TGTACC,0.505247297025787
TGTACG,0.505426227787448
TGTACT,0.511345391774703
TGTAGA,0.580374056929341
TGTAGC,0.533508188503085
TGTAGG,0.598127960111828
TGTAGT,0.546892242313352
TGTATA,0.527814576804309
TGTATC,0.526541376408718
TGTATG,0.593596092952889
TGTATT,0.506629112380106
TGTCAA,0.613501269341679
TGTCAC,0.550117132210613
TGTCAG,0.629101849661127
TGTCAT,0.550832364265641
TGTCCA,0.552974996202184
TGTCCC,0.505637650146037
TGTCCG,0.510504250791579
TGTCCT,0.533998320313441
TGTCGA,0.518273997855638
TGTCGC,0.507570903379827
TGTCGG,0.516972506285194
TGTCGT,0.522472197630017
TGTCTA,0.516039532250454
TGTCTC,0.466825859414075
TGTCTG,0.618074817051075
TGTCTT,0.521928387241571
TGTGAA,0.626410514886256
TGTGAC,0.548030709799591
TGTGAG,0.627303631977921
TGTGAT,0.566041479447869
TGTGCA,0.582484500387134
TGTGCC,0.531846277513695
TGTGCG,0.51816159011858
TGTGCT,0.549603715641023
TGTGGA,0.714002036343956
TGTGGC,0.58682702235367
TGTGGG,0.707325523864851
TGTGGT,0.630566803209008
TGTGTA,0.561607548705108
TGTGTC,0.554230493165513
TGTGTG,0.660719929386448
TGTGTT,0.561269211013502
TGTTAA,0.560607583905955
TGTTAC,0.544454999818225
TGTTAG,0.566852493446801
TGTTAT,0.504401008836056
TGTTCA,0.539468302492327
TGTTCC,0.511749534772541
TGTTCG,0.508722579315702
TGTTCT,0.522967767140503
TGTTGA,0.565505543339202
TGTTGC,0.548264481036937
TGTTGG,0.623003592341101
TGTTGT,0.548420298173469
TGTTTA,0.526461747534717
TGTTTC,0.528021318842425
TGTTTG,0.589028634076014
TGTTTT,0.590239698986223
TTAAAA,0.595946312473393
TTAAAC,0.529372041345814
TTAAAG,0.6305811548808
TTAAAT,0.50392872914906
TTAACA,0.572480829224067
TTAACC,0.521608360579605
TTAACG,0.513541959781797
TTAACT,0.507635821800427
TTAAGA,0.581414760700428
TTAAGC,0.533033638556347
TTAAGG,0.638215675365903
TTAAGT,0.535893343166303
TTAATA,0.509257414144712
TTAATC,0.52146431516138
TTAATG,0.606233922587507
TTAATT,0.510989610778482
TTACAA,0.525760739894979
TTACAC,0.49689966136678
TTACAG,0.519670012045727
TTACAT,0.520311204238328
TTACCA,0.577911272923422
TTACCC,0.505475021530061
TTACCG,0.511701046235824
TTACCT,0.538603295344114
TTACGA,0.514509502142718
TTACGC,0.512605778138822
TTACGG,0.517422596196669
TTACGT,0.53035612477304
TTACTA,0.507311187545205
TTACTC,0.522232317735969
TTACTG,0.546595716162851
TTACTT,0.500600167676617
TTAGAA,0.657428103229069
TTAGAC,0.537989472927914
TTAGAG,0.634605835810789
TTAGAT,0.53072094185865
TTAGCA,0.578092789146484
TTAGCC,0.493498202166771
TTAGCG,0.512008100601072
TTAGCT,0.538666230190933
TTAGGA,0.651922213787721
TTAGGC,0.500158791379105
TTAGGG,0.631441878480318
TTAGGT,0.53597222457303
TTAGTA,0.523511012750424
TTAGTC,0.518193707904239
TTAGTG,0.594117187670805
TTAGTT,0.551640271941039
TTATAA,0.556504969348323
TTATAC,0.499995269225508
TTATAG,0.55841956084914
TTATAT,0.491916778124453
TTATCA,0.524022033290116
TTATCC,0.524963543351172
TTATCG,0.508949513876265
TTATCT,0.531212441356737
TTATGA,0.540332562049797
TTATGC,0.524883788731914
TTATGG,0.579860847771647
TTATGT,0.504986976933489
TTATTA,0.50786300308986
TTATTC,0.518113411505847
TTATTG,0.52889552405713
TTATTT,0.478055171841433
TTCAAA,0.578365001718263
TTCAAC,0.519044453569566
TTCAAG,0.589133351923997
TTCAAT,0.542529130861265
TTCACA,0.559899311804945
TTCACC,0.486892372260324
TTCACG,0.528386988544374
TTCACT,0.551826619517065
TTCAGA,0.620136260577395
TTCAGC,0.524293406772685
TTCAGG,0.59765344873008
TTCAGT,0.603170537337485
TTCATA,0.541101910088315
TTCATC,0.514992922497634
TTCATG,0.509387028006378
TTCATT,0.518065230571823
TTCCAA,0.579996722888687
TTCCAC,0.503684359002448
TTCCAG,0.568823726513415
TTCCAT,0.479308110280246
TTCCCA,0.550723557599392
TTCCCC,0.510455701833785
TTCCCG,0.505897800932142
TTCCCT,0.500649197464118
TTCCGA,0.501645615447855
TTCCGC,0.50856045166504
TTCCGG,0.507781872839705
TTCCGT,0.503977596013187
TTCCTA,0.543375091067854
TTCCTC,0.503782114227222
TTCCTG,0.525601351419898
TTCCTT,0.45367209481621
TTCGAA,0.508155017502567
TTCGAC,0.510002464531684
TTCGAG,0.50497070467744
TTCGAT,0.512912554870408
TTCGCA,0.506222894270856
TTCGCC,0.508673943780408
TTCGCG,0.507116356394074
TTCGCT,0.506905246468994
TTCGGA,0.531038065959007
TTCGGC,0.505426227787448
TTCGGG,0.51822582465838
TTCGGT,0.517101124075611
TTCGTA,0.518916085499215
TTCGTC,0.509062961847232
TTCGTG,0.516490042185459
TTCGTT,0.506645357672704
TTCTAA,0.523511012750424
TTCTAC,0.507814325729626
TTCTAG,0.575275578407412
TTCTAT,0.482425283748605
TTCTCA,0.530657504968669
TTCTCC,0.484785861477399
TTCTCG,0.495389329927485
TTCTCT,0.506369151800422
TTCTGA,0.551531553149807
TTCTGC,0.532432218492608
TTCTGG,0.616911566223399
TTCTGT,0.538760625035293
TTCTTA,0.516313080343741
TTCTTC,0.474588893839372
TTCTTG,0.52736914103558
TTCTTT,0.476382141514208
TTGAAA,0.670861780225895
TTGAAC,0.532210551469902
TTGAAG,0.715229155130117
TTGAAT,0.561207682768995
TTGACA,0.574805270695672
TTGACC,0.509403228557917
TTGACG,0.507700736006899
TTGACT,0.564371474773378
TTGAGA,0.681352063886894
TTGAGC,0.592001345884766
TTGAGG,0.640818647305167
TTGAGT,0.583282293180134
TTGATA,0.555252326525138
TTGATC,0.545611868265309
TTGATG,0.5751238904084
TTGATT,0.557678863436789
TTGCAA,0.58573190112742
TTGCAC,0.524373208489654
TTGCAG,0.58114337715923
TTGCAT,0.559113466756744
TTGCCA,0.585836964753704
TTGCCC,0.494600424442024
TTGCCG,0.519750183556938
TTGCCT,0.509791963078328
TTGCGA,0.514122597527686
TTGCGC,0.508657731409648
TTGCGG,0.507814325729626
TTGCGT,0.515443904081198
TTGCTA,0.539908382512845
TTGCTC,0.509127783481116
TTGCTG,0.563435666450121
TTGCTT,0.518611145273696
TTGGAA,0.727652685532765
TTGGAC,0.563512405007978
TTGGAG,0.687864903041306
TTGGAT,0.589970700172163
TTGGCA,0.583492924674503
TTGGCC,0.514638437089282
TTGGCG,0.514493384105444
TTGGCT,0.569601980684968
TTGGGA,0.660246350836642
TTGGGC,0.564172113628731
TTGGGG,0.676483997319893
TTGGGT,0.621976352954334
TTGGTA,0.5499149086642
TTGGTC,0.556566787614999
TTGGTG,0.657791293641788
TTGGTT,0.565229807171322
TTGTAA,0.550365966603364
TTGTAC,0.531925478792848
TTGTAG,0.541054824153288
TTGTAT,0.50984054426986
TTGTCA,0.5732866396954
TTGTCC,0.523271381947694
TTGTCG,0.514992922497634
TTGTCT,0.516570469035176
TTGTGA,0.548217731161183
TTGTGC,0.557709736785053
TTGTGG,0.616242083761874
TTGTGT,0.565888384152078
TTGTTA,0.534614596727724
TTGTTC,0.505881543490627
TTGTTG,0.564969319848998
TTGTTT,0.590732675621329
TTTAAA,0.606395667566677
TTTAAC,0.520263129082275
TTTAAG,0.607850196319071
TTTAAT,0.540489619932426
TTTACA,0.482841282787529
TTTACC,0.540772261974833
TTTACG,0.517294019749299
TTTACT,0.523255404518957
TTTAGA,0.586782040994085
TTTAGC,0.554168530299842
TTTAGG,0.584139587005045
TTTAGT,0.530594064054193
TTTATA,0.505735214622064
TTTATC,0.52529844330948
TTTATG,0.514283825976463
TTTATT,0.497572009746171
TTTCAA,0.582936159381956
TTTCAC,0.507294953065695
TTTCAG,0.643712356910415
TTTCAT,0.501351693715534
TTTCCA,0.556103057439033
TTTCCC,0.53197299654955
TTTCCG,0.507911678080725
TTTCCT,0.503472523227064
TTTCGA,0.51933322149302
TTTCGC,0.503472523227064
TTTCGG,0.52215234498239
TTTCGT,0.525696987553477
TTTCTA,0.523654763673902
TTTCTC,0.499144522718118
TTTCTG,0.543656918845052
TTTCTT,0.465489464998943
TTTGAA,0.677593703624087
TTTGAC,0.526143168615984
TTTGAG,0.647811604240594
TTTGAT,0.59425113957727
TTTGCA,0.584906016891574
TTTGCC,0.514203215001401
TTTGCG,0.518370337288742
TTTGCT,0.526875748455723
TTTGGA,0.691206795192034
TTTGGC,0.570333902327617
TTTGGG,0.660483168146125
TTTGGT,0.601546676111997
TTTGTA,0.50112302818236
TTTGTC,0.535041027254441
TTTGTG,0.607938281617517
TTTGTT,0.56992226232299
TTTTAA,0.615543015176522
TTTTAC,0.520871910351984
TTTTAG,0.562299246735217
TTTTAT,0.486627229252088
TTTTCA,0.597341928225676
TTTTCC,0.512121202131283
TTTTCG,0.511119000332306
TTTTCT,0.487604595945071
TTTTGA,0.670737707828119
TTTTGC,0.558681759675847
TTTTGG,0.674329572110407
TTTTGT,0.572161366131353
TTTTTA,0.630767707873189
TTTTTC,0.524213598686894
TTTTTG,0.676936248550613
TTTTTT,0.918647798554054
