MOTIF,Score
AAAAAA,0.0708784324600303
AAAAAC,0.371981431162776
AAAAAG,0.385578751076908
AAAAAT,0.308179629366342
AAAACA,0.384723428409798
AAAACC,0.383859794560434
AAAACG,0.396018100475991
AAAACT,0.372265165026398
AAAAGA,0.383260873627407
AAAAGC,0.391380137523937
AAAAGG,0.418883321117872
AAAAGT,0.390040284300401
AAAATA,0.354823972110041
AAAATC,0.388313895897527
AAAATG,0.372433833491058
AAAATT,0.340276619765198
AAACAA,0.370738188185562
AAACAC,0.384375034331581
AAACAG,0.407119985821431
AAACAT,0.380314119437514
AAACCA,0.388140338357843
AAACCC,0.363594193806618
AAACCG,0.401178568040252
AAACCT,0.401118975234521
AAACGA,0.390845916890086
AAACGC,0.397671452273662
AAACGG,0.408755098725682
AAACGT,0.393956937839583
AAACTA,0.390334001261843
AAACTC,0.388932421237134
AAACTG,0.411486647132864
AAACTT,0.387619484932249
AAAGAA,0.382866451337427
AAAGAC,0.409892920087438
AAAGAG,0.4345380936099
AAAGAT,0.39392692592316
AAAGCA,0.398075023458104
AAAGCC,0.416656122475403
AAAGCG,0.409796920247457
AAAGCT,0.405437692610659
AAAGGA,0.43527988055497
AAAGGC,0.432937417148222
AAAGGG,0.496808055692061
AAAGGT,0.436380743499832
AAAGTA,0.392740734187825
AAAGTC,0.402875471842579
AAAGTG,0.4135856022984
AAAGTT,0.394489499526171
AAATAA,0.366228073330339
AAATAC,0.369170421057678
AAATAG,0.392282397345519
AAATAT,0.374302615084493
AAATCA,0.39119206421834
AAATCC,0.399486241383416
AAATCG,0.401483925443278
AAATCT,0.392259850768657
AAATGA,0.38646358044686
AAATGC,0.400463219878367
AAATGG,0.423395746933279
AAATGT,0.400463219878367
AAATTA,0.351729479682662
AAATTC,0.390062880975902
AAATTG,0.387415598851519
AAATTT,0.375923480034236
AACAAA,0.360503489530817
AACAAC,0.388502511238367
AACAAG,0.40382685906008
AACAAT,0.387861073877512
AACACA,0.388826846429049
AACACC,0.398022717861971
AACACG,0.392094493670316
AACACT,0.399142953679765
AACAGA,0.396369947208019
AACAGC,0.421769823884374
AACAGG,0.456492349326385
AACAGT,0.4034478991826
AACATA,0.387128577629959
AACATC,0.393851892191237
AACATG,0.384511376904786
AACATT,0.381363187063841
AACCAA,0.398112382923244
AACCAC,0.392094493670316
AACCAG,0.409013808195243
AACCAT,0.401573280705474
AACCCA,0.382957485674756
AACCCC,0.391853925433438
AACCCG,0.400127724191418
AACCCT,0.401506265007372
AACCGA,0.396534598897015
AACCGC,0.398724879092618
AACCGG,0.416340690265634
AACCGT,0.401915735263399
AACCTA,0.395988150356227
AACCTC,0.381986025225639
AACCTG,0.417330666707556
AACCTT,0.396160351296366
AACGAA,0.395471369545305
AACGAC,0.393153808700328
AACGAG,0.396557049299727
AACGAT,0.39727519619305
AACGCA,0.400582480113982
AACGCC,0.399620539281768
AACGCG,0.395051756818062
AACGCT,0.401923178625416
AACGGA,0.407726991308722
AACGGC,0.398754747360307
AACGGG,0.423752658549583
AACGGT,0.407941575815591
AACGTA,0.394871868877635
AACGTC,0.401074278299564
AACGTG,0.411722538972918
AACGTT,0.392793316784912
AACTAA,0.392643073457101
AACTAC,0.396744116390792
AACTAG,0.402890344230889
AACTAT,0.396182810102566
AACTCA,0.399710061195091
AACTCC,0.389392295718004
AACTCG,0.401550942638448
AACTCT,0.385556052846307
AACTGA,0.414357792361673
AACTGC,0.393424092379912
AACTGG,0.432294984335614
AACTGT,0.408281856821095
AACTTA,0.389429980971415
AACTTC,0.386856586775923
AACTTG,0.410232537847613
AACTTT,0.381727822331888
AAGAAA,0.391560654625828
AAGAAC,0.411221202282683
AAGAAG,0.431276351890374
AAGAAT,0.403945718844997
AAGACA,0.398321570138862
AAGACC,0.412223624450613
AAGACG,0.398665139880766
AAGACT,0.405155798502186
AAGAGA,0.442724810210916
AAGAGC,0.448545909538521
AAGAGG,0.502538947316913
AAGAGT,0.4228419175965
AAGATA,0.392988599370429
AAGATC,0.401051929082882
AAGATG,0.414365143687045
AAGATT,0.392628047882727
AAGCAA,0.396946109551515
AAGCAC,0.394091980318251
AAGCAG,0.464613864064802
AAGCAT,0.405593442112162
AAGCCA,0.42593505863176
AAGCCC,0.434595727843156
AAGCCG,0.420046231924453
AAGCCT,0.42302413215513
AAGCGA,0.400396129744961
AAGCGC,0.409516252477151
AAGCGG,0.427314785943235
AAGCGT,0.414298979813106
AAGCTA,0.398896609450181
AAGCTC,0.415503946249577
AAGCTG,0.4392244209768
AAGCTT,0.413409017958869
AAGGAA,0.475308677754619
AAGGAC,0.435128687090162
AAGGAG,0.524171828994744
AAGGAT,0.418949182378191
AAGGCA,0.459820528290738
AAGGCC,0.454382761382174
AAGGCG,0.415555345448685
AAGGCT,0.464124372024134
AAGGGA,0.517994112046883
AAGGGC,0.487059937303145
AAGGGG,0.563527210059825
AAGGGT,0.498174569888877
AAGGTA,0.416245307448731
AAGGTC,0.427133351600105
AAGGTG,0.518206173868945
AAGGTT,0.437351087755485
AAGTAA,0.398807014682212
AAGTAC,0.40008298292762
AAGTAG,0.423184453506513
AAGTAT,0.392147110258496
AAGTCA,0.417337996210895
AAGTCC,0.414166638930806
AAGTCG,0.401536050316543
AAGTCT,0.406942255954539
AAGTGA,0.441816888375539
AAGTGC,0.403514784891321
AAGTGG,0.482778372548349
AAGTGT,0.447408579634814
AAGTTA,0.406779309156133
AAGTTC,0.401372220136351
AAGTTG,0.445365247372764
AAGTTT,0.404910931238761
AATAAA,0.371789673508262
AATAAC,0.389648527439713
AATAAG,0.39678152561008
AATAAT,0.389256617045437
AATACA,0.362472110170094
AATACC,0.394939330647501
AATACG,0.398246865442286
AATACT,0.394826891835875
AATAGA,0.39144031351202
AATAGC,0.397484558592418
AATAGG,0.410867166174253
AATAGT,0.405749167359536
AATATA,0.386259458532966
AATATC,0.394631967942062
AATATG,0.392177175637358
AATATT,0.377701877132324
AATCAA,0.394024461358476
AATCAC,0.386743235415691
AATCAG,0.401133873768891
AATCAT,0.393364035652933
AATCCA,0.402994444756256
AATCCC,0.362758554631253
AATCCG,0.406075370216473
AATCCT,0.391590737641606
AATCGA,0.399486241383416
AATCGC,0.393979446185821
AATCGG,0.404562077349184
AATCGT,0.401267950590687
AATCTA,0.399128025453834
AATCTC,0.395995637970263
AATCTG,0.408185702187205
AATCTT,0.389166154368923
AATGAA,0.40021720071412
AATGAC,0.407238454852947
AATGAG,0.409937224597737
AATGAT,0.393341513450403
AATGCA,0.393581724129848
AATGCC,0.40179663393562
AATGCG,0.404524958070254
AATGCT,0.401454138581488
AATGGA,0.422229433366333
AATGGC,0.410321114819321
AATGGG,0.448403814019784
AATGGT,0.421477898663381
AATGTA,0.398329040301585
AATGTC,0.413806288882117
AATGTG,0.447636149120639
AATGTT,0.397634076331649
AATTAA,0.385207948779257
AATTAC,0.394526993182485
AATTAG,0.377175556884448
AATTAT,0.38111242316825
AATTCA,0.382471873417118
AATTCC,0.394796906017476
AATTCG,0.402734173120794
AATTCT,0.386274580103686
AATTGA,0.392252335130069
AATTGC,0.397379882871811
AATTGG,0.424349654400589
AATTGT,0.390763124774094
AATTTA,0.38748356549737
AATTTC,0.379636962609646
AATTTG,0.401126424529452
AATTTT,0.348004975240634
ACAAAA,0.343225171081994
ACAAAC,0.380945212296302
ACAAAG,0.386206531234663
ACAAAT,0.374356176172853
ACAACA,0.389957425454743
ACAACC,0.393671788260642
ACAACG,0.397776097480078
ACAACT,0.390093009082309
ACAAGA,0.402347358704278
ACAAGC,0.409043370730512
ACAAGG,0.416252644911503
ACAAGT,0.400999778968091
ACAATA,0.390785705121888
ACAATC,0.392770781724722
ACAATG,0.392342519065344
ACAATT,0.38819316340656
ACACAA,0.386758349672769
ACACAC,0.356881659898121
ACACAG,0.403046490955377
ACACAT,0.390100540967084
ACACCA,0.395935735488113
ACACCC,0.393386557348226
ACACCG,0.399627999747317
ACACCT,0.405645353222484
ACACGA,0.391891518035536
ACACGC,0.389754015539187
ACACGG,0.387211671192777
ACACGT,0.393258927701052
ACACTA,0.395134194644021
ACACTC,0.394879364854592
ACACTG,0.399986036654958
ACACTT,0.394556987095412
ACAGAA,0.395621188572636
ACAGAC,0.403247215210059
ACAGAG,0.43617217626552
ACAGAT,0.398680075018304
ACAGCA,0.438241538071081
ACAGCC,0.423264604544634
ACAGCG,0.407194030610828
ACAGCT,0.410284208701264
ACAGGA,0.453223770248037
ACAGGC,0.425142670704464
ACAGGG,0.517782005245067
ACAGGT,0.458295022089692
ACAGTA,0.399896539445183
ACAGTC,0.397484558592418
ACAGTG,0.460108496370148
ACAGTT,0.396759080246441
ACATAA,0.397020911480255
ACATAC,0.390311410711999
ACATAG,0.401089177499863
ACATAT,0.386070419603095
ACATCA,0.397484558592418
ACATCC,0.399926372738422
ACATCG,0.394721937537466
ACATCT,0.39344661272268
ACATGA,0.385359313263206
ACATGC,0.403693124912918
ACATGG,0.40964921018792
ACATGT,0.387083250958074
ACATTA,0.394729434638384
ACATTC,0.398179626443459
ACATTG,0.406883005645348
ACATTT,0.376923740548094
ACCAAA,0.398366390278174
ACCAAC,0.387717637480533
ACCAAG,0.41741861720219
ACCAAT,0.400619746020974
ACCACA,0.378166944156032
ACCACC,0.376458094857125
ACCACG,0.390635159838111
ACCACT,0.394129488881697
ACCAGA,0.418561270277773
ACCAGC,0.407194030610828
ACCAGG,0.489204096700135
ACCAGT,0.402942395848187
ACCATA,0.398620333129752
ACCATC,0.377122146596539
ACCATG,0.397148061919242
ACCATT,0.398926472589099
ACCCAA,0.392094493670316
ACCCAC,0.390620104063144
ACCCAG,0.438011820337696
ACCCAT,0.411162204968202
ACCCCA,0.411744650980299
ACCCCC,0.438277426700559
ACCCCG,0.403499921787105
ACCCCT,0.413570888127694
ACCCGA,0.409072932391864
ACCCGC,0.413431092706653
ACCCGG,0.422440928657616
ACCCGT,0.408400188294951
ACCCTA,0.401118975234521
ACCCTC,0.396863820966782
ACCCTG,0.452565940137299
ACCCTT,0.392673123928562
ACCGAA,0.402585416051831
ACCGAC,0.395036767392258
ACCGAG,0.406594110104486
ACCGAT,0.398209511001098
ACCGCA,0.400000952077892
ACCGCC,0.400247024442654
ACCGCG,0.399105632697083
ACCGCT,0.399732440421263
ACCGGA,0.405600858150053
ACCGGC,0.409132053093023
ACCGGG,0.452990396190449
ACCGGT,0.405675015504247
ACCGTA,0.401200914426863
ACCGTC,0.407860187112659
ACCGTG,0.420871881813998
ACCGTT,0.397417268315574
ACCTAA,0.407874985551359
ACCTAC,0.393851892191237
ACCTAG,0.408385397626449
ACCTAT,0.39454948870152
ACCTCA,0.398022717861971
ACCTCC,0.389731411883197
ACCTCG,0.394287009486712
ACCTCT,0.402362238948907
ACCTGA,0.41537910862323
ACCTGC,0.421200490745821
ACCTGG,0.493933640990844
ACCTGT,0.423220886592957
ACCTTA,0.388887176255626
ACCTTC,0.405192894372593
ACCTTG,0.417513888176461
ACCTTT,0.398933938234486
ACGAAA,0.394691948571714
ACGAAC,0.395681109899326
ACGAAG,0.402577977617474
ACGAAT,0.395493843830371
ACGACA,0.393303975318928
ACGACC,0.394144491913155
ACGACG,0.398149740992707
ACGACT,0.396182810102566
ACGAGA,0.395358990542949
ACGAGC,0.40335127859353
ACGAGG,0.410845034755192
ACGAGT,0.397768623185624
ACGATA,0.397888205193591
ACGATC,0.401066828616168
ACGATG,0.398881677546288
ACGATT,0.400843312303927
ACGCAA,0.400023324795171
ACGCAC,0.393934428986708
ACGCAG,0.402146453727124
ACGCAT,0.405763997070797
ACGCCA,0.406134668396223
ACGCCC,0.395448894755134
ACGCCG,0.403262082070725
ACGCCT,0.387324969470618
ACGCGA,0.402987009363821
ACGCGC,0.401603064018658
ACGCGG,0.404992560322304
ACGCGT,0.401029579366702
ACGCTA,0.401543496505218
ACGCTC,0.39467695375158
ACGCTG,0.403403306224602
ACGCTT,0.394347010810137
ACGGAA,0.399918914498552
ACGGAC,0.402815980077362
ACGGAG,0.415804961129032
ACGGAT,0.400261935973382
ACGGCA,0.407305087516007
ACGGCC,0.415305667444794
ACGGCG,0.400552666388459
ACGGCT,0.401044479232989
ACGGGA,0.430972728780593
ACGGGC,0.418290374496791
ACGGGG,0.463361685639976
ACGGGT,0.417337996210895
ACGGTA,0.399396699430176
ACGGTC,0.406008655560938
ACGGTG,0.40683115874486
ACGGTT,0.411051575621145
ACGTAA,0.397850837352196
ACGTAC,0.396542082420588
ACGTAG,0.40361138968437
ACGTAT,0.399590696862978
ACGTCA,0.398948869358054
ACGTCC,0.407119985821431
ACGTCG,0.400329035110168
ACGTCT,0.399531009353555
ACGTGA,0.399419085670163
ACGTGC,0.401193465686811
ACGTGG,0.437659962758525
ACGTGT,0.422251314263977
ACGTTA,0.39681893342997
ACGTTC,0.395373975139628
ACGTTG,0.405319010039714
ACGTTT,0.396452276441289
ACTAAA,0.375434439097333
ACTAAC,0.391808812445412
ACTAAG,0.395373975139628
ACTAAT,0.393138790798142
ACTACA,0.384041674206373
ACTACC,0.395741027635666
ACTACG,0.399090703914001
ACTACT,0.394781912771089
ACTAGA,0.3990459162275
ACTAGC,0.402377118972118
ACTAGG,0.417088762954625
ACTAGT,0.401804078184201
ACTATA,0.395561263655166
ACTATC,0.399516086919527
ACTATG,0.408059947559867
ACTATT,0.391650900958335
ACTCAA,0.396976030994454
ACTCAC,0.400552666388459
ACTCAG,0.406312541840747
ACTCAT,0.400649557746701
ACTCCA,0.37954562547445
ACTCCC,0.410077509265468
ACTCCG,0.397357450934652
ACTCCT,0.40044831134881
ACTCGA,0.401357325152595
ACTCGC,0.400984878435756
ACTCGG,0.406838565609509
ACTCGT,0.399471318281321
ACTCTA,0.392800828358793
ACTCTC,0.393326498366906
ACTCTG,0.410667965767701
ACTCTT,0.389294307412184
ACTGAA,0.398351450454941
ACTGAC,0.40700150275334
ACTGAG,0.443024886534381
ACTGAT,0.40743093710035
ACTGCA,0.363949902255278
ACTGCC,0.406208786176492
ACTGCG,0.406971879792712
ACTGCT,0.410889297103525
ACTGGA,0.445101517171635
ACTGGC,0.431572656984324
ACTGGG,0.537259445707085
ACTGGT,0.424371488955547
ACTGTA,0.403678264459172
ACTGTC,0.422419051908556
ACTGTG,0.462325179470441
ACTGTT,0.404933194376923
ACTTAA,0.38276782145249
ACTTAC,0.394646963436761
ACTTAG,0.405771411843958
ACTTAT,0.395486352458137
ACTTCA,0.389362146492714
ACTTCC,0.408895549313953
ACTTCG,0.398523244948004
ACTTCT,0.386168724306435
ACTTGA,0.404992560322304
ACTTGC,0.412304658807074
ACTTGG,0.450774166280766
ACTTGT,0.408525900145408
ACTTTA,0.401096627016769
ACTTTC,0.393776852828831
ACTTTG,0.388924880549042
ACTTTT,0.375671348167232
AGAAAA,0.371605551559315
AGAAAC,0.401610509708356
AGAAAG,0.463242682099177
AGAAAT,0.396137891985757
AGAACA,0.406890412125985
AGAACC,0.430878731512911
AGAACG,0.408755098725682
AGAACT,0.415092657521405
AGAAGA,0.441165822895511
AGAAGC,0.431839978918863
AGAAGG,0.546268376151616
AGAAGT,0.449689043572133
AGAATA,0.393026149342172
AGAATC,0.392297428114349
AGAATG,0.42922872605548
AGAATT,0.388374256677325
AGACAA,0.401260502349954
AGACAC,0.388449702528868
AGACAG,0.427322042632301
AGACAT,0.403522216360587
AGACCA,0.399545931564908
AGACCC,0.428453441745857
AGACCG,0.407564172340676
AGACCT,0.455321689527494
AGACGA,0.407223646991519
AGACGC,0.404175969482944
AGACGG,0.416604779825675
AGACGT,0.401267950590687
AGACTA,0.396033075199501
AGACTC,0.409146832722194
AGACTG,0.445386627854528
AGACTT,0.407045935548996
AGAGAA,0.461946727119791
AGAGAC,0.400112810659238
AGAGAG,0.55336252172495
AGAGAT,0.425222664949288
AGAGCA,0.464033439972814
AGAGCC,0.490914758303785
AGAGCG,0.433435199169938
AGAGCT,0.490478851547735
AGAGGA,0.557556754597266
AGAGGC,0.5413209211171
AGAGGG,0.672007124066862
AGAGGT,0.527768342790793
AGAGTA,0.413504671680115
AGAGTC,0.444823455968665
AGAGTG,0.509307428606166
AGAGTT,0.433370285130615
AGATAA,0.392214756089832
AGATAC,0.40243663685091
AGATAG,0.421032548560902
AGATAT,0.400030782256368
AGATCA,0.384329582675912
AGATCC,0.40382685906008
AGATCG,0.390183387955696
AGATCT,0.420331267779797
AGATGA,0.424815354869731
AGATGC,0.403492490152154
AGATGG,0.471761061004767
AGATGT,0.42122969520344
AGATTA,0.393746835507144
AGATTC,0.409161612132932
AGATTG,0.412532993034218
AGATTT,0.399531009353555
AGCAAA,0.419856162874526
AGCAAC,0.396497180439078
AGCAAG,0.42660337484149
AGCAAT,0.40022465672964
AGCACA,0.412717095570876
AGCACC,0.429634242849029
AGCACG,0.400589933406481
AGCACT,0.39941162364585
AGCAGA,0.491411732583214
AGCAGC,0.483588137020329
AGCAGG,0.592905413041078
AGCAGT,0.452629620031797
AGCATA,0.412510898451986
AGCATC,0.410166099969594
AGCATG,0.431890545301186
AGCATT,0.411729909696372
AGCCAA,0.414247515995565
AGCCAC,0.411877312757807
AGCCAG,0.515405988228939
AGCCAT,0.421069060130868
AGCCCA,0.440020063521372
AGCCCC,0.457267333483764
AGCCCG,0.43222277507502
AGCCCT,0.478726578196076
AGCCGA,0.398582992636896
AGCCGC,0.435546213433749
AGCCGG,0.465850511812681
AGCCGT,0.435351869409259
AGCCTA,0.407985966861727
AGCCTC,0.413828354862084
AGCCTG,0.468681352421001
AGCCTT,0.419534425236964
AGCGAA,0.40471054068803
AGCGAC,0.403499921787105
AGCGAG,0.429902083397277
AGCGAT,0.398209511001098
AGCGCA,0.410321114819321
AGCGCC,0.423519587843986
AGCGCG,0.428156210832007
AGCGCT,0.414688548513505
AGCGGA,0.436042698857908
AGCGGC,0.44398167140494
AGCGGG,0.491071365892327
AGCGGT,0.429641482726084
AGCGTA,0.407393924160787
AGCGTC,0.419541738605691
AGCGTG,0.459609767389881
AGCGTT,0.410239919561599
AGCTAA,0.401766856387117
AGCTAC,0.379682628049008
AGCTAG,0.42025088127706
AGCTAT,0.395838386300783
AGCTCA,0.415019195301877
AGCTCC,0.443624769178939
AGCTCG,0.412488803381572
AGCTCT,0.439590065082605
AGCTGA,0.454813507046486
AGCTGC,0.461280583491426
AGCTGG,0.576288007607257
AGCTGT,0.489811000863758
AGCTTA,0.402362238948907
AGCTTC,0.427634030456731
AGCTTG,0.434350759407991
AGCTTT,0.411670942387515
AGGAAA,0.464641827802898
AGGAAC,0.424320540919018
AGGAAG,0.587003158148729
AGGAAT,0.433702023735844
AGGACA,0.468089351626139
AGGACC,0.457041945486607
AGGACG,0.438959066055942
AGGACT,0.451511094383794
AGGAGA,0.539460918377605
AGGAGC,0.569229282877294
AGGAGG,0.767303671787637
AGGAGT,0.49272446243891
AGGATA,0.419826918275492
AGGATC,0.468994622780405
AGGATG,0.489688285911869
AGGATT,0.425615271183011
AGGCAA,0.424975389329865
AGGCAC,0.418026729768382
AGGCAG,0.608010251870508
AGGCAT,0.436625215218085
AGGCCA,0.481115614953332
AGGCCC,0.526520562302796
AGGCCG,0.482572395636626
AGGCCT,0.541424512908435
AGGCGA,0.425920525056957
AGGCGC,0.434040860423013
AGGCGG,0.472545114140495
AGGCGT,0.42304599567115
AGGCTA,0.424575255148603
AGGCTC,0.468089351626139
AGGCTG,0.562507137301283
AGGCTT,0.433543379872281
AGGGAA,0.556740991940692
AGGGAC,0.531535062637773
AGGGAG,0.795577216703478
AGGGAT,0.493811430937982
AGGGCA,0.550376916886938
AGGGCC,0.602805793819187
AGGGCG,0.498167809564335
AGGGCT,0.596042773710784
AGGGGA,0.66917367094083
AGGGGC,0.664009609257151
AGGGGG,0.659181369276169
AGGGGT,0.614699103030094
AGGGTA,0.452396107257565
AGGGTC,0.546693515025061
AGGGTG,0.690744562436134
AGGGTT,0.51725817386479
AGGTAA,0.445621782988624
AGGTAC,0.420207031369948
AGGTAG,0.497552428643633
AGGTAT,0.437925662581027
AGGTCA,0.422462804928093
AGGTCC,0.446882126762576
AGGTCG,0.449213488149467
AGGTCT,0.468061484129048
AGGTGA,0.52376995240354
AGGTGC,0.508973099844829
AGGTGG,0.701498672656971
AGGTGT,0.549157047446848
AGGTTA,0.42068196964469
AGGTTC,0.439475367598074
AGGTTG,0.486136670247695
AGGTTT,0.448716397512997
AGTAAA,0.398463493689112
AGTAAC,0.390356591301366
AGTAAG,0.427031733987343
AGTAAT,0.399075774908048
AGTACA,0.396848858678387
AGTACC,0.410129188129992
AGTACG,0.398291688929924
AGTACT,0.397933044760155
AGTAGA,0.405749167359536
AGTAGC,0.39798535504678
AGTAGG,0.462332186496755
AGTAGT,0.416370036994432
AGTATA,0.400917823292539
AGTATC,0.40658670142896
AGTATG,0.418707669880845
AGTATT,0.388381801518628
AGTCAA,0.399598157551167
AGTCAC,0.421674957534838
AGTCAG,0.453916499623575
AGTCAT,0.404435866178827
AGTCCA,0.408947289295356
AGTCCC,0.416685459948893
AGTCCG,0.416788134328726
AGTCCT,0.429952747864493
AGTCGA,0.403165443525361
AGTCGC,0.410439205244883
AGTCGG,0.428301212558424
AGTCGT,0.406645969296349
AGTCTA,0.405927109381574
AGTCTC,0.401022129350305
AGTCTG,0.45783761991874
AGTCTT,0.406668193841038
AGTGAA,0.425026304014923
AGTGAC,0.440213502512053
AGTGAG,0.497044961739475
AGTGAT,0.412245725380886
AGTGCA,0.42367254662152
AGTGCC,0.444737883118007
AGTGCG,0.421864681235139
AGTGCT,0.451907677001234
AGTGGA,0.488876624641772
AGTGGC,0.475778900258244
AGTGGG,0.627896559608786
AGTGGT,0.508739003187546
AGTGTA,0.430647315973936
AGTGTC,0.465138054073551
AGTGTG,0.607695232837331
AGTGTT,0.458836597158307
AGTTAA,0.395718558905255
AGTTAC,0.395186651540532
AGTTAG,0.417623804946317
AGTTAT,0.399269834603334
AGTTCA,0.409863382656707
AGTTCC,0.405815899328406
AGTTCG,0.397947990835556
AGTTCT,0.418034054171718
AGTTGA,0.420411647821064
AGTTGC,0.420243573092735
AGTTGG,0.486601829829696
AGTTGT,0.442188735564881
AGTTTA,0.394729434638384
AGTTTC,0.410151335397251
AGTTTG,0.430104725866629
AGTTTT,0.402674672948622
ATAAAA,0.373552458468437
ATAAAC,0.387302310841947
ATAAAG,0.392823362741897
ATAAAT,0.385881344930751
ATAACA,0.391891518035536
ATAACC,0.398493369764835
ATAACG,0.399896539445183
ATAACT,0.388985204461706
ATAAGA,0.396302581884324
ATAAGC,0.397387360072378
ATAAGG,0.409553186947853
ATAAGT,0.395051756818062
ATAATA,0.398672607477417
ATAATC,0.393791861151792
ATAATG,0.394796906017476
ATAATT,0.378997427401985
ATACAA,0.368239357346527
ATACAC,0.388796680150823
ATACAG,0.398037662597182
ATACAT,0.383063681928535
ATACCA,0.396572015954863
ATACCC,0.40168496355638
ATACCG,0.400463219878367
ATACCT,0.399903997851933
ATACGA,0.397783571718667
ATACGC,0.398986196191648
ATACGG,0.404428441496245
ATACGT,0.397118145623351
ATACTA,0.397962936687576
ATACTC,0.394362010578486
ATACTG,0.394519494563683
ATACTT,0.396691741132602
ATAGAA,0.404732808287912
ATAGAC,0.400507944133497
ATAGAG,0.41295269737085
ATAGAT,0.396639363131101
ATAGCA,0.40601606852024
ATAGCC,0.396691741132602
ATAGCG,0.405667600016292
ATAGCT,0.400373765366881
ATAGGA,0.421069060130868
ATAGGC,0.408244875363758
ATAGGG,0.437537860788031
ATAGGT,0.415298323030293
ATAGTA,0.396572015954863
ATAGTC,0.398889143526105
ATAGTG,0.410859789088988
ATAGTT,0.400038239661951
ATATAA,0.393131281762472
ATATAC,0.387445806819981
ATATAG,0.400902921538961
ATATAT,0.378829862475839
ATATCA,0.393018639460623
ATATCC,0.406838565609509
ATATCG,0.398941403824138
ATATCT,0.40964921018792
ATATGA,0.396706705772002
ATATGC,0.403908576679806
ATATGG,0.415254255410504
ATATGT,0.41009965767729
ATATTA,0.390958804184647
ATATTC,0.394984302632494
ATATTG,0.389919760073344
ATATTT,0.371735974774978
ATCAAA,0.395920759306885
ATCAAC,0.398000300340375
ATCAAG,0.399254908271404
ATCAAT,0.397873258224595
ATCACA,0.380238057262959
ATCACC,0.384526524932162
ATCACG,0.388525142688764
ATCACT,0.38605529494481
ATCAGA,0.40902858957212
ATCAGC,0.414144580414228
ATCAGG,0.440908141468946
ATCAGT,0.399239981716676
ATCATA,0.395621188572636
ATCATC,0.394789409422382
ATCATG,0.397514463928762
ATCATT,0.396235212022236
ATCCAA,0.40193062193203
ATCCAC,0.388540230037822
ATCCAG,0.413313355087113
ATCCAT,0.392267366350761
ATCCCA,0.3642436529605
ATCCCC,0.398635268936496
ATCCCG,0.411479274616164
ATCCCT,0.403165443525361
ATCCGA,0.406223609073356
ATCCGC,0.400582480113982
ATCCGG,0.408577659255493
ATCCGT,0.406075370216473
ATCCTA,0.397424745236609
ATCCTC,0.401431797852868
ATCCTG,0.428721598704891
ATCCTT,0.401118975234521
ATCGAA,0.400396129744961
ATCGAC,0.396931148494305
ATCGAG,0.399560853553592
ATCGAT,0.398709944624224
ATCGCA,0.396422339322519
ATCGCC,0.400291758367794
ATCGCG,0.396527115317438
ATCGCT,0.387204117517826
ATCGGA,0.405615690060843
ATCGGC,0.410490865421232
ATCGGG,0.42405848143608
ATCGGT,0.411398173344902
ATCGTA,0.398246865442286
ATCGTC,0.401640291912774
ATCGTG,0.41091142754303
ATCGTT,0.402153895372025
ATCTAA,0.39467695375158
ATCTAC,0.388887176255626
ATCTAG,0.408688562613928
ATCTAT,0.389354609044362
ATCTCA,0.392755758069131
ATCTCC,0.395388959511772
ATCTCG,0.39594322349462
ATCTCT,0.395838386300783
ATCTGA,0.421514393976833
ATCTGC,0.394894356639938
ATCTGG,0.504274003496065
ATCTGT,0.41995120191527
ATCTTA,0.395306542686266
ATCTTC,0.390070413087601
ATCTTG,0.415819642464139
ATCTTT,0.389505347217969
ATGAAA,0.393221386469276
ATGAAC,0.398351450454941
ATGAAG,0.421616573769315
ATGAAT,0.402823416741571
ATGACA,0.396040562477166
ATGACC,0.399516086919527
ATGACG,0.394272008593313
ATGACT,0.40919117029913
ATGAGA,0.435301477755413
ATGAGC,0.415136732262847
ATGAGG,0.480661655363013
ATGAGT,0.42122969520344
ATGATA,0.396384916663688
ATGATC,0.392327488974255
ATGATG,0.403566804016464
ATGATT,0.395029272595099
ATGCAA,0.400992328729677
ATGCAC,0.389882093273211
ATGCAG,0.451631502161884
ATGCAT,0.387762935407557
ATGCCA,0.406023481424591
ATGCCC,0.423541440530404
ATGCCG,0.410579419515033
ATGCCT,0.398485900829583
ATGCGA,0.399486241383416
ATGCGC,0.407260666233961
ATGCGG,0.413409017958869
ATGCGT,0.408792061319377
ATGCTA,0.392147110258496
ATGCTC,0.407475350819558
ATGCTG,0.434725392724279
ATGCTT,0.405341264094716
ATGGAA,0.426254743849188
ATGGAC,0.411928898696578
ATGGAG,0.494476616155446
ATGGAT,0.393281451763651
ATGGCA,0.423483165638724
ATGGCC,0.442360310720134
ATGGCG,0.414512158846805
ATGGCT,0.423308320585135
ATGGGA,0.486122985807431
ATGGGC,0.470121584184114
ATGGGG,0.545959070679585
ATGGGT,0.496225705198333
ATGGTA,0.425106307568583
ATGGTC,0.418283051970615
ATGGTG,0.448368286985011
ATGGTT,0.426654206707717
ATGTAA,0.403566804016464
ATGTAC,0.394969312195549
ATGTAG,0.415452544408456
ATGTAT,0.403507353366827
ATGTCA,0.398456024530714
ATGTCC,0.410741748322839
ATGTCG,0.408119128177969
ATGTCT,0.428678118677242
ATGTGA,0.43841379174728
ATGTGC,0.429887607363734
ATGTGG,0.512471325102505
ATGTGT,0.501744390086084
ATGTTA,0.397125624781229
ATGTTC,0.400351400488624
ATGTTG,0.405066762798304
ATGTTT,0.393183843828103
ATTAAA,0.377991616416096
ATTAAC,0.392102010495273
ATTAAG,0.402934960068737
ATTAAT,0.383450444367227
ATTACA,0.35810335588185
ATTACC,0.39569608966999
ATTACG,0.399419085670163
ATTACT,0.391868962643862
ATTAGA,0.394534491745058
ATTAGC,0.376961898614725
ATTAGG,0.426203891672945
ATTAGT,0.396639363131101
ATTATA,0.385389583410846
ATTATC,0.396377431963864
ATTATG,0.398881677546288
ATTATT,0.387241885322015
ATTCAA,0.388298805133275
ATTCAC,0.400507944133497
ATTCAG,0.407097771315456
ATTCAT,0.384905151060392
ATTCCA,0.397290152103867
ATTCCC,0.398680075018304
ATTCCG,0.41338694272378
ATTCCT,0.39788073173702
ATTCGA,0.397521940123111
ATTCGC,0.402317597550738
ATTCGG,0.413570888127694
ATTCGT,0.40766778747848
ATTCTA,0.38897012382469
ATTCTC,0.380329331178195
ATTCTG,0.401975280608289
ATTCTT,0.394886860775359
ATTGAA,0.388887176255626
ATTGAC,0.392560430004027
ATTGAG,0.42730027240712
ATTGAT,0.397170498553841
ATTGCA,0.404510109972878
ATTGCC,0.412496168459287
ATTGCG,0.395703579471175
ATTGCT,0.39678152561008
ATTGGA,0.413769511166788
ATTGGC,0.415797620380649
ATTGGG,0.467936070780852
ATTGGT,0.427227701566741
ATTGTA,0.399396699430176
ATTGTC,0.402696985928064
ATTGTG,0.432085563113171
ATTGTT,0.397073269501351
ATTTAA,0.379225879788288
ATTTAC,0.394309510404892
ATTTAG,0.412091008610521
ATTTAT,0.368031480975541
ATTTCA,0.381712631849985
ATTTCC,0.398478431838546
ATTTCG,0.402258072586347
ATTTCT,0.387385389970508
ATTTGA,0.395973174959959
ATTTGC,0.404888667604941
ATTTGG,0.4393534871045
ATTTGT,0.40207203423217
ATTTTA,0.378921265007191
ATTTTC,0.386622313134498
ATTTTG,0.384768862168458
ATTTTT,0.312299430940675
CAAAAA,0.33322979933418
CAAAAC,0.373123544753014
CAAAAG,0.391297389627219
CAAAAT,0.377312884527275
CAAACA,0.380101130767713
CAAACC,0.38463255469933
CAAACG,0.394931835120035
CAAACT,0.395928247425535
CAAAGA,0.396594465517573
CAAAGC,0.403001880093406
CAAAGG,0.443189175895682
CAAAGT,0.387996942014833
CAAATA,0.377206075768231
CAAATC,0.396803970469935
CAAATG,0.39467695375158
CAAATT,0.389980024002634
CAACAA,0.382251752701638
CAACAC,0.395036767392258
CAACAG,0.416223294737378
CAACAT,0.371920072713924
CAACCA,0.389625921399155
CAACCC,0.404227954226105
CAACCG,0.398948869358054
CAACCT,0.386433342792309
CAACGA,0.392936027041074
CAACGC,0.393183843828103
CAACGG,0.400828409439955
CAACGT,0.400969977681391
CAACTA,0.396774043878177
CAACTC,0.401394562196004
CAACTG,0.40212412846015
CAACTT,0.39687878303131
CAAGAA,0.405126120815034
CAAGAC,0.392177175637358
CAAGAG,0.41861251257687
CAAGAT,0.392575456594425
CAAGCA,0.404762497649792
CAAGCC,0.429308394119264
CAAGCG,0.397626600975608
CAAGCT,0.408681169439339
CAAGGA,0.441359040399975
CAAGGC,0.445343866433866
CAAGGG,0.494191590954984
CAAGGT,0.433839014094306
CAAGTA,0.398919006887976
CAAGTC,0.407379118601365
CAAGTG,0.42304599567115
CAAGTT,0.412643458623412
CAATAA,0.391252251524645
CAATAC,0.392740734187825
CAATAG,0.39924744502189
CAATAT,0.392282397345519
CAATCA,0.393334005936836
CAATCC,0.402696985928064
CAATCG,0.399344462921233
CAATCT,0.396631880335497
CAATGA,0.402696985928064
CAATGC,0.400187376096105
CAATGG,0.409597506512087
CAATGT,0.406386646439092
CAATTA,0.390559878696413
CAATTC,0.387166348287177
CAATTG,0.39687878303131
CAATTT,0.391680981259395
CACAAA,0.373981188295755
CACAAC,0.388857011797299
CACAAG,0.408437164009142
CACAAT,0.390138199540045
CACACA,0.351197137505646
CACACC,0.385737624266885
CACACG,0.385404718141067
CACACT,0.381066822975944
CACAGA,0.406897818551767
CACAGC,0.420696579553639
CACAGG,0.464984320147847
CACAGT,0.431782185636493
CACATA,0.392162143060918
CACATC,0.395958199339426
CACATG,0.389075683508173
CACATT,0.396542082420588
CACCAA,0.404383892243073
CACCAC,0.359346862678804
CACCAG,0.440163355255517
CACCAT,0.371858710499981
CACCCA,0.386947258614075
CACCCC,0.410771259820679
CACCCG,0.407349506824891
CACCCT,0.411412919519824
CACCGA,0.401171119133745
CACCGC,0.394556987095412
CACCGG,0.409486703918366
CACCGT,0.416685459948893
CACCTA,0.394774416063596
CACCTC,0.398717411886301
CACCTG,0.415320356111976
CACCTT,0.403522216360587
CACGAA,0.391711060655657
CACGAC,0.386486258087769
CACGAG,0.388698633461395
CACGAT,0.396871302027029
CACGCA,0.394811899039069
CACGCC,0.382312480497343
CACGCG,0.407119985821431
CACGCT,0.393161317566844
CACGGA,0.398889143526105
CACGGC,0.401952951519459
CACGGG,0.428931725525
CACGGT,0.387702537715535
CACGTA,0.403849146345908
CACGTC,0.397372405615335
CACGTG,0.426065851300741
CACGTT,0.398971265625405
CACTAA,0.395823408661555
CACTAC,0.392785805154608
CACTAG,0.404346766349328
CACTAT,0.394204501788176
CACTCA,0.402265513400669
CACTCC,0.388042227291994
CACTCG,0.397312585550703
CACTCT,0.393679293238741
CACTGA,0.393566712652729
CACTGC,0.377930625648113
CACTGG,0.466066942547141
CACTGT,0.43801899981569
CACTTA,0.400396129744961
CACTTC,0.396235212022236
CACTTG,0.41927842362991
CACTTT,0.377015317461982
CAGAAA,0.40761598125159
CAGAAC,0.418663752250328
CAGAAG,0.459953987223181
CAGAAT,0.395531299849753
CAGACA,0.408170908345946
CAGACC,0.420806147067586
CAGACG,0.414615056600141
CAGACT,0.422557596570398
CAGAGA,0.451971398826322
CAGAGC,0.504905408276627
CAGAGG,0.640898665325796
CAGAGT,0.467664287890208
CAGATA,0.403046490955377
CAGATC,0.395628678934834
CAGATG,0.433565014608453
CAGATT,0.396519631681856
CAGCAA,0.413445808934461
CAGCAC,0.40766778747848
CAGCAG,0.526527133645888
CAGCAT,0.426429074538285
CAGCCA,0.455286407420494
CAGCCC,0.455095862529092
CAGCCG,0.439561391944778
CAGCCT,0.385298770218944
CAGCGA,0.413497314026388
CAGCGC,0.424968115591807
CAGCGG,0.456872871145141
CAGCGT,0.425288110026652
CAGCTA,0.384723428409798
CAGCTC,0.435308676718576
CAGCTG,0.521150507114172
CAGCTT,0.413563530961151
CAGGAA,0.477153723598085
CAGGAC,0.469293878347898
CAGGAG,0.573846621426241
CAGGAT,0.466597348822711
CAGGCA,0.497532134911132
CAGGCC,0.545604540504635
CAGGCG,0.433189946241966
CAGGCT,0.469286919933107
CAGGGA,0.640951414157545
CAGGGC,0.637546343978152
CAGGGG,0.662100619780325
CAGGGT,0.589122602992267
CAGGTA,0.486848003215278
CAGGTC,0.473654227478887
CAGGTG,0.625399551635172
CAGGTT,0.47658744241849
CAGTAA,0.406349594826356
CAGTAC,0.397170498553841
CAGTAG,0.422499264315432
CAGTAT,0.412834903409389
CAGTCA,0.412967420640466
CAGTCC,0.407741791718628
CAGTCG,0.411516136656134
CAGTCT,0.400239568593907
CAGTGA,0.420806147067586
CAGTGC,0.480716691744916
CAGTGG,0.532554548014468
CAGTGT,0.489872352693054
CAGTTA,0.391711060655657
CAGTTC,0.411044199896164
CAGTTG,0.420207031369948
CAGTTT,0.415364420819025
CATAAA,0.384306856073359
CATAAC,0.395636169240928
CATAAG,0.402198544078523
CATAAT,0.39727519619305
CATACA,0.384261401318699
CATACC,0.394669456257195
CATACG,0.400425948137721
CATACT,0.392522862540134
CATAGA,0.396766562090298
CATAGC,0.407423534622033
CATAGG,0.42633464918756
CATAGT,0.39941162364585
CATATA,0.391808812445412
CATATC,0.402429197309782
CATATG,0.394834388149984
CATATT,0.382023990617041
CATCAA,0.401111525884097
CATCAC,0.388449702528868
CATCAG,0.415518632004618
CATCAT,0.402228308775391
CATCCA,0.386471139717638
CATCCC,0.408843806655386
CATCCG,0.408636809243932
CATCCT,0.402674672948622
CATCGA,0.402637483543141
CATCGC,0.395778474397845
CATCGG,0.414850211713684
CATCGT,0.401260502349954
CATCTA,0.38703792223159
CATCTC,0.384405334287705
CATCTG,0.436013923823872
CATCTT,0.39392692592316
CATGAA,0.389256617045437
CATGAC,0.390522236000238
CATGAG,0.426443600723978
CATGAT,0.392613022082582
CATGCA,0.413762155461407
CATGCC,0.389603314847551
CATGCG,0.410070126352515
CATGCT,0.420470101975044
CATGGA,0.425397175638584
CATGGC,0.420944915353574
CATGGG,0.548540126015152
CATGGT,0.430603919597773
CATGTA,0.402719298409648
CATGTC,0.404599195250324
CATGTG,0.47658744241849
CATGTT,0.383693042486623
CATTAA,0.390236105193233
CATTAC,0.396122918831778
CATTAG,0.407519762566275
CATTAT,0.396572015954863
CATTCA,0.399269834603334
CATTCC,0.397005951542127
CATTCG,0.411287570101236
CATTCT,0.38463255469933
CATTGA,0.412230991481643
CATTGC,0.403358711277983
CATTGG,0.438751035938445
CATTGT,0.414019572961868
CATTTA,0.389226463729201
CATTTC,0.392988599370429
CATTTG,0.417279358679926
CATTTT,0.371375351439759
CCAAAA,0.380930009921431
CCAAAC,0.386040170057766
CCAAAG,0.395021777741767
CCAAAT,0.393101245055923
CCAACA,0.384170485610504
CCAACC,0.396990991380195
CCAACG,0.397506987678519
CCAACT,0.398986196191648
CCAAGA,0.41237832070603
CCAAGC,0.423468596385169
CCAAGG,0.481967951826424
CCAAGT,0.422010598053299
CCAATA,0.390175856694891
CCAATC,0.401677518421025
CCAATG,0.408296649021103
CCAATT,0.394197000750735
CCACAA,0.39594322349462
CCACAC,0.382039176370026
CCACAG,0.432836387652154
CCACAT,0.381727822331888
CCACCA,0.3817885819521
CCACCC,0.394197000750735
CCACCG,0.403143140996273
CCACCT,0.399254908271404
CCACGA,0.384428058652319
CCACGC,0.380945212296302
CCACGG,0.415077965509229
CCACGT,0.408806845974318
CCACTA,0.390778178395943
CCACTC,0.408732920513655
CCACTG,0.420601611329839
CCACTT,0.417850927992333
CCAGAA,0.44709558700786
CCAGAC,0.411663571229414
CCAGAG,0.512717875246727
CCAGAT,0.40239943859179
CCAGCA,0.432865254264001
CCAGCC,0.424524317492768
CCAGCG,0.436150597861745
CCAGCT,0.421273500290743
CCAGGA,0.496036029506437
CCAGGC,0.498194850588293
CCAGGG,0.679382995526223
CCAGGT,0.540556600064185
CCAGTA,0.400247024442654
CCAGTC,0.42216378780061
CCAGTG,0.473397854340088
CCAGTT,0.398396269255063
CCATAA,0.390876021414692
CCATAC,0.393671788260642
CCATAG,0.407934177116315
CCATAT,0.397656502064492
CCATCA,0.394452004464029
CCATCC,0.378631794992941
CCATCG,0.401774300857372
CCATCT,0.398777147975639
CCATGA,0.419124791202096
CCATGC,0.426065851300741
CCATGG,0.489845085678063
CCATGT,0.431522074524577
CCATTA,0.39783588982465
CCATTC,0.40146903212329
CCATTG,0.420163179539936
CCATTT,0.391650900958335
CCCAAA,0.376549714421384
CCCAAC,0.395411435649
CCCAAG,0.446519139740535
CCCAAT,0.395336513226914
CCCACA,0.406001242546683
CCCACC,0.385813269296346
CCCACG,0.399665301240201
CCCACT,0.421353804634031
CCCAGA,0.467852453143143
CCCAGC,0.416245307448731
CCCAGG,0.559663185561424
CCCAGT,0.44877322037929
CCCATA,0.395988150356227
CCCATC,0.398807014682212
CCCATG,0.441058463703737
CCCATT,0.413600316252602
CCCCAA,0.411265447984458
CCCCAC,0.407852787811186
CCCCAG,0.506267615303987
CCCCAT,0.422433636461106
CCCCCA,0.452488103647768
CCCCCC,0.395388959511772
CCCCCG,0.427996684644738
CCCCCT,0.41290116422003
CCCCGA,0.415665477694318
CCCCGC,0.417748362681807
CCCCGG,0.471420882188559
CCCCGT,0.413673882776281
CCCCTA,0.403574235099164
CCCCTC,0.410143953029331
CCCCTG,0.485137213653151
CCCCTT,0.415019195301877
CCCGAA,0.401811522377365
CCCGAC,0.397873258224595
CCCGAG,0.438478379226983
CCCGAT,0.405726922380286
CCCGCA,0.412577180734224
CCCGCC,0.377228964319851
CCCGCG,0.42660337484149
CCCGCT,0.428743338009794
CCCGGA,0.449965755316745
CCCGGC,0.426872028301343
CCCGGG,0.524777632641693
CCCGGT,0.444445453948359
CCCGTA,0.405979003174196
CCCGTC,0.390612576090656
CCCGTG,0.456252687207927
CCCGTT,0.416883465385791
CCCTAA,0.405593442112162
CCCTAC,0.391741139147177
CCCTAG,0.425062670060048
CCCTAT,0.400858214945807
CCCTCA,0.410955686952826
CCCTCC,0.415929745607597
CCCTCG,0.421412203742573
CCCTCT,0.40199016639052
CCCTGA,0.435431051163769
CCCTGC,0.497220912764106
CCCTGG,0.636292944722922
CCCTGT,0.450327493641442
CCCTTA,0.396175323889877
CCCTTC,0.402860599233078
CCCTTG,0.432107229411482
CCCTTT,0.40478476409276
CCGAAA,0.397738725449146
CCGAAC,0.40635700525873
CCGAAG,0.416333353448865
CCGAAT,0.400321579872857
CCGACA,0.405726922380286
CCGACC,0.398859279272386
CCGACG,0.402384558900694
CCGACT,0.406319952547704
CCGAGA,0.417015447232546
CCGAGC,0.440564462912534
CCGAGG,0.493240919796977
CCGAGT,0.418817455519562
CCGATA,0.403856575330802
CCGATC,0.39924744502189
CCGATG,0.406482974207891
CCGATT,0.402592854430858
CCGCAA,0.401737077951886
CCGCAC,0.395718558905255
CCGCAG,0.444424053334156
CCGCAT,0.400925274086055
CCGCCA,0.414688548513505
CCGCCC,0.384905151060392
CCGCCG,0.447963189553252
CCGCCT,0.398418677901875
CCGCGA,0.410070126352515
CCGCGC,0.40325464866802
CCGCGG,0.458625628759295
CCGCGT,0.418854048054212
CCGCTA,0.397492035010348
CCGCTC,0.40658670142896
CCGCTG,0.455977709912518
CCGCTT,0.419329629194535
CCGGAA,0.419117474783432
CCGGAC,0.410616314739814
CCGGAG,0.47456832083034
CCGGAT,0.402689548323569
CCGGCA,0.420228956563856
CCGGCC,0.428322961004051
CCGGCG,0.426821207506469
CCGGCT,0.428779569134448
CCGGGA,0.487661312039989
CCGGGC,0.502740852776824
CCGGGG,0.589418843713608
CCGGGT,0.453591400695653
CCGGTA,0.41049824522857
CCGGTC,0.425796981142191
CCGGTG,0.448631157159028
CCGGTT,0.417521216337005
CCGTAA,0.398261806828072
CCGTAC,0.405697261638181
CCGTAG,0.406268076445681
CCGTAT,0.402466394461967
CCGTCA,0.404636311773777
CCGTCC,0.424313262416187
CCGTCG,0.405630521751651
CCGTCT,0.39088354740424
CCGTGA,0.417579839688168
CCGTGC,0.441688139818656
CCGTGG,0.511898027651415
CCGTGT,0.446967516328601
CCGTTA,0.401662627984022
CCGTTC,0.405348682002997
CCGTTG,0.41217942112466
CCGTTT,0.407934177116315
CCTAAA,0.408666382926183
CCTAAC,0.397611650095881
CCTAAG,0.411184329369027
CCTAAT,0.398119854648787
CCTACA,0.389203848145331
CCTACC,0.397798520028254
CCTACG,0.396280125767924
CCTACT,0.397768623185624
CCTAGA,0.407734391541057
CCTAGC,0.402838289904079
CCTAGG,0.461350724773711
CCTAGT,0.414387197338914
CCTATA,0.388600577157872
CCTATC,0.393731826508404
CCTATG,0.416956790784497
CCTATT,0.392214756089832
CCTCAA,0.400545212818191
CCTCAC,0.40505934279847
CCTCAG,0.437832316633711
CCTCAT,0.41165620001698
CCTCCA,0.417154742509018
CCTCCC,0.376542079778297
CCTCCG,0.41630400564349
CCTCCT,0.409597506512087
CCTCGA,0.405207732335455
CCTCGC,0.420272805509582
CCTCGG,0.433427986706989
CCTCGT,0.404999980817679
CCTCTA,0.393108754317142
CCTCTC,0.394669456257195
CCTCTG,0.469231250871604
CCTCTT,0.389919760073344
CCTGAA,0.421791714840888
CCTGAC,0.390921176502391
CCTGAG,0.522629324720049
CCTGAT,0.417484574997253
CCTGCA,0.444302774535391
CCTGCC,0.478974697671437
CCTGCG,0.445187058912078
CCTGCT,0.471226442324306
CCTGGA,0.551140183201481
CCTGGC,0.517947717528133
CCTGGG,0.740210169788696
CCTGGT,0.545720582398925
CCTGTA,0.365695677792687
CCTGTC,0.43796156254843
CCTGTG,0.590793978963774
CCTGTT,0.420112016641035
CCTTAA,0.395800941782086
CCTTAC,0.403507353366827
CCTTAG,0.41574623363309
CCTTAT,0.387128577629959
CCTTCA,0.409324171236233
CCTTCC,0.413173523656978
CCTTCG,0.411339186470623
CCTTCT,0.413541459136746
CCTTGA,0.41012180559857
CCTTGC,0.422513847698175
CCTTGG,0.504898693302097
CCTTGT,0.421463300165059
CCTTTA,0.392966068710564
CCTTTC,0.397723776245697
CCTTTG,0.438514259357715
CCTTTT,0.383025755989657
CGAAAA,0.397439698910968
CGAAAC,0.388464791016152
CGAAAG,0.401007229151
CGAAAT,0.394197000750735
CGAACA,0.398672607477417
CGAACC,0.39923251835576
CGAACG,0.402585416051831
CGAACT,0.392875940994454
CGAAGA,0.404985139771864
CGAAGC,0.410697479443023
CGAAGG,0.426864768345915
CGAAGT,0.402161336961547
CGAATA,0.39886674541943
CGAATC,0.405074182743083
CGAATG,0.397080748994871
CGAATT,0.399202664355067
CGACAA,0.398015245410611
CGACAC,0.397701352021493
CGACAG,0.400671915957776
CGACAT,0.397155540853375
CGACCA,0.39569608966999
CGACCC,0.409567960354179
CGACCG,0.404086846492652
CGACCT,0.393506664490704
CGACGA,0.39743222210174
CGACGC,0.39525409207866
CGACGG,0.414813472372123
CGACGT,0.401766856387117
CGACTA,0.395823408661555
CGACTC,0.40229527610431
CGACTG,0.403366143907193
CGACTT,0.402116686593731
CGAGAA,0.39997112100955
CGAGAC,0.395231612404639
CGAGAG,0.4287143521649
CGAGAT,0.388608120291823
CGAGCA,0.417125418800064
CGAGCC,0.417836276449159
CGAGCG,0.417513888176461
CGAGCT,0.417367313687044
CGAGGA,0.444944671640074
CGAGGC,0.452601318357096
CGAGGG,0.513330655493619
CGAGGT,0.43558219892347
CGAGTA,0.395388959511772
CGAGTC,0.404346766349328
CGAGTG,0.448638260799383
CGAGTT,0.40168496355638
CGATAA,0.396145378478673
CGATAC,0.397305107791009
CGATAG,0.401759411861442
CGATAT,0.399083239438884
CGATCA,0.39782841597709
CGATCC,0.401632846444823
CGATCG,0.404361616872226
CGATCT,0.394706943167007
CGATGA,0.403388441463362
CGATGC,0.396594465517573
CGATGG,0.415393796211707
CGATGT,0.406349594826356
CGATTA,0.39923251835576
CGATTC,0.392620535010876
CGATTG,0.415628768293437
CGATTT,0.396654328554333
CGCAAA,0.400858214945807
CGCAAC,0.396137891985757
CGCAAG,0.407578975160548
CGCAAT,0.398680075018304
CGCACA,0.390973854861123
CGCACC,0.394459503588929
CGCACG,0.403774853461365
CGCACT,0.398672607477417
CGCAGA,0.409021198910992
CGCAGC,0.393506664490704
CGCAGG,0.468514234759656
CGCAGT,0.403834288210547
CGCATA,0.395299049910753
CGCATC,0.405808484885103
CGCATG,0.403262082070725
CGCATT,0.404918352339887
CGCCAA,0.400902921538961
CGCCAC,0.388328986434051
CGCCAG,0.430075779456435
CGCCAT,0.406860785874293
CGCCCA,0.389429980971415
CGCCCC,0.396661811181964
CGCCCG,0.386576963508999
CGCCCT,0.417228048019648
CGCCGA,0.417499231694265
CGCCGC,0.431746063138812
CGCCGG,0.443667604172289
CGCCGT,0.4166267841412
CGCCTA,0.399963663103417
CGCCTC,0.38057268756436
CGCCTG,0.42734381238355
CGCCTT,0.405786241225345
CGCGAA,0.404302213457359
CGCGAC,0.400254480235812
CGCGAG,0.421383004614609
CGCGAT,0.401595618273523
CGCGCA,0.403105969009083
CGCGCC,0.394437006045518
CGCGCG,0.412798089950707
CGCGCT,0.41517345973019
CGCGGA,0.415437857682829
CGCGGC,0.434040860423013
CGCGGG,0.492445736485936
CGCGGT,0.414328386519754
CGCGTA,0.402429197309782
CGCGTC,0.408481533061538
CGCGTG,0.428453441745857
CGCGTT,0.403945718844997
CGCTAA,0.402927524233995
CGCTAC,0.397678927294432
CGCTAG,0.40814132000684
CGCTAT,0.40201993729024
CGCTCA,0.395463878004705
CGCTCC,0.394317010598444
CGCTCG,0.411685684540714
CGCTCT,0.397469605588866
CGCTGA,0.416120562343629
CGCTGC,0.422900229867734
CGCTGG,0.456457108499289
CGCTGT,0.422141904987702
CGCTTA,0.401282846905725
CGCTTC,0.418766223721405
CGCTTG,0.41389454988069
CGCTTT,0.402734173120794
CGGAAA,0.410203010446763
CGGAAC,0.40361138968437
CGGAAG,0.4271696411023
CGGAAT,0.398433616720783
CGGACA,0.40478476409276
CGGACC,0.413953386218923
CGGACG,0.40846674359614
CGGACT,0.404762497649792
CGGAGA,0.429141808201105
CGGAGC,0.445792770178422
CGGAGG,0.518199547617662
CGGAGT,0.415136732262847
CGGATA,0.40021720071412
CGGATC,0.395081734995639
CGGATG,0.411206453280374
CGGATT,0.411641457429105
CGGCAA,0.405823313716735
CGGCAC,0.399441471409016
CGGCAG,0.439339147246238
CGGCAT,0.406979285615137
CGGCCA,0.42637823122659
CGGCCC,0.415562687975756
CGGCCG,0.466171650282039
CGGCCT,0.439138367636256
CGGCGA,0.413784222415232
CGGCGC,0.401841298595873
CGGCGG,0.473397854340088
CGGCGT,0.412643458623412
CGGCTA,0.396302581884324
CGGCTC,0.421893866302158
CGGCTG,0.463053647362999
CGGCTT,0.424538871373483
CGGGAA,0.445671657272489
CGGGAC,0.447493924261005
CGGGAG,0.546429434869519
CGGGAT,0.42685750833778
CGGGCA,0.451454426882975
CGGGCC,0.480702932933407
CGGGCG,0.474720588519593
CGGGCT,0.461575143821692
CGGGGA,0.525494903603989
CGGGGC,0.559764894660557
CGGGGG,0.604186976795812
CGGGGT,0.497741816956653
CGGGTA,0.418641792711764
CGGGTC,0.437918482432886
CGGGTG,0.510429955213172
CGGGTT,0.427111577266646
CGGTAA,0.403299248255443
CGGTAC,0.403782282998199
CGGTAG,0.412245725380886
CGGTAT,0.402235749811182
CGGTCA,0.412621366481763
CGGTCC,0.421915754543463
CGGTCG,0.420944915353574
CGGTCT,0.414490107950651
CGGTGA,0.445030226797835
CGGTGC,0.427082544084491
CGGTGG,0.487121458142404
CGGTGT,0.430857038580952
CGGTTA,0.410387542399623
CGGTTC,0.410749126278949
CGGTTG,0.426429074538285
CGGTTT,0.425680690572113
CGTAAA,0.397290152103867
CGTAAC,0.395658639822585
CGTAAG,0.40280110658303
CGTAAT,0.399538470487066
CGTACA,0.394826891835875
CGTACC,0.402741610393396
CGTACG,0.404094273711892
CGTACT,0.398724879092618
CGTAGA,0.407586376488313
CGTAGC,0.402198544078523
CGTAGG,0.413409017958869
CGTAGT,0.406742272089597
CGTATA,0.399448933210609
CGTATC,0.403016750601856
CGTATG,0.40070172612829
CGTATT,0.401074278299564
CGTCAA,0.395703579471175
CGTCAC,0.404985139771864
CGTCAG,0.410631072448583
CGTCAT,0.39797040952982
CGTCCA,0.414938380626721
CGTCCC,0.418341630678735
CGTCCG,0.414357792361673
CGTCCT,0.428293962971437
CGTCGA,0.400321579872857
CGTCGC,0.407541967700004
CGTCGG,0.40802295789494
CGTCGT,0.403908576679806
CGTCTA,0.402607731022927
CGTCTC,0.383905267573282
CGTCTG,0.444402652261956
CGTCTT,0.402139012026846
CGTGAA,0.394796906017476
CGTGAC,0.409390665071904
CGTGAG,0.424575255148603
CGTGAT,0.392350034026175
CGTGCA,0.424225916249786
CGTGCC,0.418707669880845
CGTGCG,0.422149199311878
CGTGCT,0.425295381437535
CGTGGA,0.431391993592548
CGTGGC,0.462906595636914
CGTGGG,0.547723405147865
CGTGGT,0.454411012684646
CGTGTA,0.405979003174196
CGTGTC,0.424262311412969
CGTGTG,0.49487687153052
CGTGTT,0.417059437310814
CGTTAA,0.396137891985757
CGTTAC,0.399434009551745
CGTTAG,0.40874031330565
CGTTAT,0.402577977617474
CGTTCA,0.399575775319613
CGTTCC,0.40766778747848
CGTTCG,0.394287009486712
CGTTCT,0.396377431963864
CGTTGA,0.404480413116711
CGTTGC,0.403187745557058
CGTTGG,0.432612643152414
CGTTGT,0.414232811561219
CGTTTA,0.404079419218248
CGTTTC,0.397783571718667
CGTTTG,0.410904050784279
CGTTTT,0.396040562477166
CTAAAA,0.370584594153055
CTAAAC,0.398642736756215
CTAAAG,0.40936850095128
CTAAAT,0.398403738859795
CTAACA,0.395403943659388
CTAACC,0.388728802697426
CTAACG,0.395763495861244
CTAACT,0.398568056049337
CTAAGA,0.404094273711892
CTAAGC,0.403165443525361
CTAAGG,0.416201281541456
CTAAGT,0.410143953029331
CTAATA,0.397163019731575
CTAATC,0.397364928302949
CTAATG,0.391515528405241
CTAATT,0.380169596358944
CTACAA,0.381811365857938
CTACAC,0.394272008593313
CTACAG,0.388909799002269
CTACAT,0.401677518421025
CTACCA,0.397820942073671
CTACCC,0.393559206829664
CTACCG,0.398926472589099
CTACCT,0.400575026765932
CTACGA,0.39587582941744
CTACGC,0.39587582941744
CTACGG,0.40194550837905
CTACGT,0.402064591978061
CTACTA,0.373131205539957
CTACTC,0.373606059749999
CTACTG,0.402503590230576
CTACTT,0.380527062752802
CTAGAA,0.397177977320175
CTAGAC,0.398530713604341
CTAGAG,0.433601071461968
CTAGAT,0.403433035084214
CTAGCA,0.399948747124287
CTAGCC,0.400179919802613
CTAGCG,0.408644202746489
CTAGCT,0.408400188294951
CTAGGA,0.44066471469318
CTAGGC,0.426937365528487
CTAGGG,0.480923051204197
CTAGGT,0.426312857455751
CTAGTA,0.40022465672964
CTAGTC,0.405281918847469
CTAGTG,0.429612522903364
CTAGTT,0.397611650095881
CTATAA,0.391064154163305
CTATAC,0.396504664242677
CTATAG,0.400850763652628
CTATAT,0.391914072918476
CTATCA,0.405044502633629
CTATCC,0.39117701682573
CTATCG,0.400187376096105
CTATCT,0.390906125033044
CTATGA,0.409774765129393
CTATGC,0.406490383651936
CTATGG,0.436711485086431
CTATGT,0.420565082688282
CTATTA,0.391838887996893
CTATTC,0.391146921361219
CTATTG,0.400247024442654
CTATTT,0.381522731354035
CTCAAA,0.363547787722863
CTCAAC,0.393123772670416
CTCAAG,0.40944237944303
CTCAAT,0.398060079281235
CTCACA,0.395396451613646
CTCACC,0.398187097666596
CTCACG,0.386214092448788
CTCACT,0.394811899039069
CTCAGA,0.440012898395658
CTCAGC,0.412525628227715
CTCAGG,0.495032859897978
CTCAGT,0.431868874307572
CTCATA,0.391500485879172
CTCATC,0.423286462803771
CTCATG,0.391801293416205
CTCATT,0.394136990425562
CTCCAA,0.393469132558294
CTCCAC,0.412127848108039
CTCCAG,0.43720739245049
CTCCAT,0.405786241225345
CTCCCA,0.382312480497343
CTCCCC,0.409937224597737
CTCCCG,0.42271070255247
CTCCCT,0.408207892538742
CTCCGA,0.430104725866629
CTCCGC,0.406423696679057
CTCCGG,0.429460470073104
CTCCGT,0.414423952344589
CTCCTA,0.398978730936391
CTCCTC,0.419395461067967
CTCCTG,0.458857691550493
CTCCTT,0.411538253227904
CTCGAA,0.390710435312985
CTCGAC,0.398134797932396
CTCGAG,0.414886949705515
CTCGAT,0.398104911141874
CTCGCA,0.397947990835556
CTCGCC,0.414615056600141
CTCGCG,0.406942255954539
CTCGCT,0.407800991167827
CTCGGA,0.413504671680115
CTCGGC,0.414850211713684
CTCGGG,0.468305298401125
CTCGGT,0.4159077259487
CTCGTA,0.397342496030324
CTCGTC,0.406119844180933
CTCGTG,0.412120480317106
CTCGTT,0.395516317610354
CTCTAA,0.391583216972504
CTCTAC,0.361503785108551
CTCTAG,0.410690101105854
CTCTAT,0.392778293467878
CTCTCA,0.409516252477151
CTCTCC,0.417411288289742
CTCTCG,0.406794123598667
CTCTCT,0.379850050154419
CTCTGA,0.436229716399288
CTCTGC,0.439066650861971
CTCTGG,0.539032692838862
CTCTGT,0.428431696137829
CTCTTA,0.3909663295512
CTCTTC,0.378799393108756
CTCTTG,0.403975431583912
CTCTTT,0.381864526286235
CTGAAA,0.403871433135024
CTGAAC,0.415614084155753
CTGAAG,0.469252127132838
CTGAAT,0.392890962844581
CTGACA,0.399060845679217
CTGACC,0.415232220872355
CTGACG,0.403923433711428
CTGACT,0.41645073605819
CTGAGA,0.46708563215158
CTGAGC,0.494184803650427
CTGAGG,0.595196471837451
CTGAGT,0.485808191985443
CTGATA,0.405615690060843
CTGATC,0.413210323297496
CTGATG,0.435668558815749
CTGATT,0.402637483543141
CTGCAA,0.392913495196676
CTGCAC,0.369977666986755
CTGCAG,0.526645410437939
CTGCAT,0.418312341753608
CTGCCA,0.447785463456166
CTGCCC,0.482682255269261
CTGCCG,0.42971387861391
CTGCCT,0.439116853144012
CTGCGA,0.418458777801586
CTGCGC,0.412230991481643
CTGCGG,0.483018625335261
CTGCGT,0.449632272723193
CTGCTA,0.406520020879127
CTGCTC,0.436373552250331
CTGCTG,0.537850877531527
CTGCTT,0.43030009222232
CTGGAA,0.465696887385305
CTGGAC,0.445992218288368
CTGGAG,0.620948958712222
CTGGAT,0.467015891985796
CTGGCA,0.499053023155539
CTGGCC,0.522814023248967
CTGGCG,0.456020019033648
CTGGCT,0.505791389341375
CTGGGA,0.613193789524491
CTGGGC,0.653097178557387
CTGGGG,0.842650004404965
CTGGGT,0.658882066980663
CTGGTA,0.443531953731693
CTGGTC,0.469586088054914
CTGGTG,0.613735963462764
CTGGTT,0.454029552742044
CTGTAA,0.358212224479258
CTGTAC,0.398060079281235
CTGTAG,0.433226016621559
CTGTAT,0.399456394956523
CTGTCA,0.439762086646587
CTGTCC,0.461189392468735
CTGTCG,0.415371764748094
CTGTCT,0.42216378780061
CTGTGA,0.486061403508747
CTGTGC,0.513636904862204
CTGTGG,0.67084171481811
CTGTGT,0.580729786736156
CTGTTA,0.415092657521405
CTGTTC,0.40828925294845
CTGTTG,0.478388761066803
CTGTTT,0.405771411843958
CTTAAA,0.374249051127189
CTTAAC,0.402481272935434
CTTAAG,0.398194568833914
CTTAAT,0.390221043408946
CTTACA,0.398284218488173
CTTACC,0.396369947208019
CTTACG,0.397521940123111
CTTACT,0.396399885895275
CTTAGA,0.412798089950707
CTTAGC,0.416949458486569
CTTAGG,0.423067858709166
CTTAGT,0.406890412125985
CTTATA,0.393776852828831
CTTATC,0.401885961261284
CTTATG,0.401238157294893
CTTATT,0.384806722057231
CTTCAA,0.402161336961547
CTTCAC,0.395770985157589
CTTCAG,0.427488931948456
CTTCAT,0.388517598928874
CTTCCA,0.409449766992022
CTTCCC,0.433240444409104
CTTCCG,0.410321114819321
CTTCCT,0.415562687975756
CTTCGA,0.403655973364483
CTTCGC,0.40201993729024
CTTCGG,0.418290374496791
CTTCGT,0.405793655833574
CTTCTA,0.404576924674969
CTTCTC,0.405370935397694
CTTCTG,0.447124044931498
CTTCTT,0.39525409207866
CTTGAA,0.390341531331719
CTTGAC,0.404094273711892
CTTGAG,0.445130031898167
CTTGAT,0.391086727714852
CTTGCA,0.411818354140527
CTTGCC,0.41010704037222
CTTGCG,0.404109127984884
CTTGCT,0.430618385265745
CTTGGA,0.449901905556058
CTTGGC,0.450596939110311
CTTGGG,0.573633499899785
CTTGGT,0.486232456086511
CTTGTA,0.399710061195091
CTTGTC,0.411088453430053
CTTGTG,0.46092980326402
CTTGTT,0.415254255410504
CTTTAA,0.386743235415691
CTTTAC,0.395284064191299
CTTTAG,0.418773542710411
CTTTAT,0.395673619929846
CTTTCA,0.395733538114956
CTTTCC,0.413681239130996
CTTTCG,0.401059378877275
CTTTCT,0.396414854902788
CTTTGA,0.412812815496808
CTTTGC,0.412289925776132
CTTTGG,0.449220587654371
CTTTGT,0.417513888176461
CTTTTA,0.376519175499304
CTTTTC,0.372242162576846
CTTTTG,0.412032062591478
CTTTTT,0.358126685864806
GAAAAA,0.37975112229829
GAAAAC,0.40330668132663
GAAAAG,0.422324247131843
GAAAAT,0.38191768388865
GAAACA,0.388985204461706
GAAACC,0.382965071495469
GAAACG,0.404190822542463
GAAACT,0.411641457429105
GAAAGA,0.436646783382915
GAAAGC,0.42754697387822
GAAAGG,0.524547207112358
GAAAGT,0.438507083434559
GAAATA,0.391876481164281
GAAATC,0.403135706709374
GAAATG,0.442839135618705
GAAATT,0.38794410659942
GAACAA,0.395508826406479
GAACAC,0.402198544078523
GAACAG,0.446697091018915
GAACAT,0.400947626133524
GAACCA,0.424466099851665
GAACCC,0.41759449498899
GAACCG,0.4154231707415
GAACCT,0.409095103064401
GAACGA,0.40172963320452
GAACGC,0.404502685841514
GAACGG,0.426349176744948
GAACGT,0.407438339523871
GAACTA,0.401751967280346
GAACTC,0.390281289185
GAACTG,0.434869445098234
GAACTT,0.405126120815034
GAAGAA,0.443282023161983
GAAGAC,0.416692794182785
GAAGAG,0.541864658340258
GAAGAT,0.411965744166517
GAAGCA,0.462016821695105
GAAGCC,0.445956605471829
GAAGCG,0.436222524063627
GAAGCT,0.441645219949167
GAAGGA,0.546938209987222
GAAGGC,0.499694482117181
GAAGGG,0.62649424645092
GAAGGT,0.515033809618836
GAAGTA,0.416054514516939
GAAGTC,0.426726819177525
GAAGTG,0.509935664238674
GAAGTT,0.434523684532555
GAATAA,0.394871868877635
GAATAC,0.395703579471175
GAATAG,0.413409017958869
GAATAT,0.391184540550338
GAATCA,0.391545612778562
GAATCC,0.403507353366827
GAATCG,0.400202288516301
GAATCT,0.412849628413406
GAATGA,0.427866144287423
GAATGC,0.405170637015482
GAATGG,0.455843719218281
GAATGT,0.444702225602236
GAATTA,0.401811522377365
GAATTC,0.399142953679765
GAATTG,0.41770440289965
GAATTT,0.395658639822585
GACAAA,0.395134194644021
GACAAC,0.398568056049337
GACAAG,0.422666960378096
GACAAT,0.396624397483901
GACACA,0.40809693585661
GACACC,0.41452685917411
GACACG,0.391139397353568
GACACT,0.401513711417837
GACAGA,0.43558219892347
GACAGC,0.432013338728294
GACAGG,0.520562333584612
GACAGT,0.428228714323403
GACATA,0.40497771916636
GACATC,0.398821947700997
GACATG,0.416641453415894
GACATT,0.409065542058453
GACCAA,0.403210047091385
GACCAC,0.395246598910135
GACCAG,0.467740952082115
GACCAT,0.403767423869333
GACCCA,0.465508316054042
GACCCC,0.454877043981422
GACCCG,0.442203034618908
GACCCT,0.427038992730713
GACCGA,0.404539805947167
GACCGC,0.408392792988046
GACCGG,0.441788279017597
GACCGT,0.406186551419218
GACCTA,0.41375479970192
GACCTC,0.403314114342567
GACCTG,0.499647230759845
GACCTT,0.420996035657793
GACGAA,0.403812000593566
GACGAC,0.402882908064383
GACGAG,0.420725798731204
GACGAT,0.404524958070254
GACGCA,0.400299213827434
GACGCC,0.413681239130996
GACGCG,0.404450715378615
GACGCT,0.399665301240201
GACGGA,0.412658186446703
GACGGC,0.42021433982133
GACGGG,0.462072893818031
GACGGT,0.422273194682859
GACGTA,0.39797040952982
GACGTC,0.40814132000684
GACGTG,0.419863473890654
GACGTT,0.400589933406481
GACTAA,0.391823850334219
GACTAC,0.389874559742927
GACTAG,0.413026311551276
GACTAT,0.398919006887976
GACTCA,0.412871715512891
GACTCC,0.427605012439313
GACTCG,0.418436813761367
GACTCT,0.413202963477728
GACTGA,0.443039173637323
GACTGC,0.423650696799966
GACTGG,0.52290635972242
GACTGT,0.444488253802855
GACTTA,0.396384916663688
GACTTC,0.407142199833932
GACTTG,0.449199288988448
GACTTT,0.411250699634719
GAGAAA,0.444773539362365
GAGAAC,0.43167381422871
GAGAAG,0.557410221281381
GAGAAT,0.398284218488173
GAGACA,0.414431303183615
GAGACC,0.443396284887558
GAGACG,0.416193943701796
GAGACT,0.419366202992593
GAGAGA,0.537967822619954
GAGAGC,0.514175942181606
GAGAGG,0.669862859116888
GAGAGT,0.490758126185466
GAGATA,0.41537910862323
GAGATC,0.398956334836237
GAGATG,0.450065069064159
GAGATT,0.42576064179174
GAGCAA,0.432244438400692
GAGCAC,0.444666566814961
GAGCAG,0.59431875057487
GAGCAT,0.434040860423013
GAGCCA,0.486054560797012
GAGCCC,0.507440444206138
GAGCCG,0.475364009526795
GAGCCT,0.502774499723822
GAGCGA,0.421463300165059
GAGCGC,0.441036990482193
GAGCGG,0.508578448086665
GAGCGT,0.441058463703737
GAGCTA,0.418480741359397
GAGCTC,0.452495179942628
GAGCTG,0.613133529826564
GAGCTT,0.44701732354179
GAGGAA,0.525810602955416
GAGGAC,0.495059985826051
GAGGAG,0.786153388239796
GAGGAT,0.482922531146953
GAGGCA,0.516030405380361
GAGGCC,0.600965310643351
GAGGCG,0.496273118500455
GAGGCT,0.532293240574593
GAGGGA,0.742034122893296
GAGGGC,0.654838473612679
GAGGGG,0.833226342425985
GAGGGT,0.662800432381041
GAGGTA,0.472399451649273
GAGGTC,0.471156990352249
GAGGTG,0.669948262586491
GAGGTT,0.476746309744532
GAGTAA,0.412009956938503
GAGTAC,0.408488927712215
GAGTAG,0.438994928944021
GAGTAT,0.41576825684824
GAGTCA,0.439303296700917
GAGTCC,0.459546530456719
GAGTCG,0.433312580224577
GAGTCT,0.459961010884156
GAGTGA,0.492799229356905
GAGTGC,0.451248980269377
GAGTGG,0.633403559945658
GAGTGT,0.582682409620304
GAGTTA,0.415195495563137
GAGTTC,0.409590120054451
GAGTTG,0.485910853033474
GAGTTT,0.419388146629377
GATAAA,0.386501376229338
GATAAC,0.39622772620183
GATAAG,0.399613078760562
GATAAT,0.398045134881034
GATACA,0.40361138968437
GATACC,0.411014696452214
GATACG,0.400694273668972
GATACT,0.398792081440428
GATAGA,0.420316652532663
GATAGC,0.406260665354275
GATAGG,0.438865816527321
GATAGT,0.402845726402379
GATATA,0.403559372878543
GATATC,0.405170637015482
GATATG,0.417506559962214
GATATT,0.401357325152595
GATCAA,0.399605618183695
GATCAC,0.374302615084493
GATCAG,0.432338307389299
GATCAT,0.395591226562775
GATCCA,0.406757087080821
GATCCC,0.412032062591478
GATCCG,0.399120561257299
GATCCT,0.429916559221268
GATCGA,0.394129488881697
GATCGC,0.391327480563725
GATCGG,0.431175154429767
GATCGT,0.406771901852564
GATCTA,0.40080605472756
GATCTC,0.403410738522362
GATCTG,0.475177252524061
GATCTT,0.410210392378714
GATGAA,0.418268406757403
GATGAC,0.408585053195387
GATGAG,0.468702240165096
GATGAT,0.407726991308722
GATGCA,0.418085323493011
GATGCC,0.444523918949009
GATGCG,0.414776731680734
GATGCT,0.409656596209104
GATGGA,0.45733775681623
GATGGC,0.455639172485797
GATGGG,0.550838794681443
GATGGT,0.441566528737069
GATGTA,0.408488927712215
GATGTC,0.424022078853581
GATGTG,0.479856401998206
GATGTT,0.413548816465677
GATTAA,0.392410151679827
GATTAC,0.365934905057369
GATTAG,0.412466707822956
GATTAT,0.399105632697083
GATTCA,0.40437646717459
GATTCC,0.421346504505659
GATTCG,0.407342103743761
GATTCT,0.401960394604468
GATTGA,0.408895549313953
GATTGC,0.404614042025022
GATTGG,0.446796729904551
GATTGT,0.425942325339953
GATTTA,0.39499929284473
GATTTC,0.407993365177837
GATTTG,0.421178586842878
GATTTT,0.394227004562911
GCAAAA,0.386675218431745
GCAAAC,0.399299686598823
GCAAAG,0.449007580578897
GCAAAT,0.397947990835556
GCAACA,0.385904035779082
GCAACC,0.394384509809155
GCAACG,0.396407370427041
GCAACT,0.410918804247365
GCAAGA,0.40447298876487
GCAAGC,0.422280488049431
GCAAGG,0.480062939044459
GCAAGT,0.424204078516047
GCAATA,0.394789409422382
GCAATC,0.394219503694263
GCAATG,0.412451977179311
GCAATT,0.393183843828103
GCACAA,0.389595779216781
GCACAC,0.391605778810132
GCACAG,0.465983168464635
GCACAT,0.411147455095709
GCACCA,0.415672819412788
GCACCC,0.424793530004344
GCACCG,0.413960740517806
GCACCT,0.414813472372123
GCACGA,0.393986948855318
GCACGC,0.409058151670425
GCACGG,0.412503533482758
GCACGT,0.415599399802443
GCACTA,0.405623105933745
GCACTC,0.375312141485055
GCACTG,0.441559374683449
GCACTT,0.393731826508404
GCAGAA,0.441824040587136
GCAGAC,0.433233230541351
GCAGAG,0.618128764619851
GCAGAT,0.431428128882138
GCAGCA,0.488473959930962
GCAGCC,0.48400648711645
GCAGCG,0.457351840887609
GCAGCT,0.495981829842957
GCAGGA,0.571763606177053
GCAGGC,0.559898372156147
GCAGGG,0.744779678543313
GCAGGT,0.608942611139706
GCAGTA,0.425993190818814
GCAGTC,0.419073575147282
GCAGTG,0.520601996609543
GCAGTT,0.432251659404962
GCATAA,0.394969312195549
GCATAC,0.39720041328359
GCATAG,0.412164686248458
GCATAT,0.403299248255443
GCATCA,0.404703118044547
GCATCC,0.423220886592957
GCATCG,0.413563530961151
GCATCT,0.415819642464139
GCATGA,0.400746439717917
GCATGC,0.409146832722194
GCATGG,0.492826415941172
GCATGT,0.439934078624239
GCATTA,0.403076230424435
GCATTC,0.405459944024678
GCATTG,0.42493902011049
GCATTT,0.421777120923125
GCCAAA,0.399583236119127
GCCAAC,0.396414854902788
GCCAAG,0.458414615843227
GCCAAT,0.396220240325385
GCCACA,0.412054167755805
GCCACC,0.41165620001698
GCCACG,0.40210924467193
GCCACT,0.422404467143294
GCCAGA,0.465773702549051
GCCAGC,0.483883057748563
GCCAGG,0.639549694619536
GCCAGT,0.435805280060977
GCCATA,0.399120561257299
GCCATC,0.406890412125985
GCCATG,0.490281268724238
GCCATT,0.407467948670007
GCCCAA,0.423293748783977
GCCCAC,0.422717992728847
GCCCAG,0.528030835143737
GCCCAT,0.41366652636745
GCCCCA,0.458597496276326
GCCCCC,0.448361181426593
GCCCCG,0.455639172485797
GCCCCT,0.473543371484636
GCCCGA,0.410837657506659
GCCCGC,0.403693124912918
GCCCGG,0.495792107883805
GCCCGT,0.436610836183091
GCCCTA,0.419293054058785
GCCCTC,0.442081486141921
GCCCTG,0.597500657140775
GCCCTT,0.423723527681942
GCCGAA,0.405637937514564
GCCGAC,0.410210392378714
GCCGAG,0.477836977522005
GCCGAT,0.404844138850237
GCCGCA,0.427242216156145
GCCGCC,0.468200813849179
GCCGCG,0.446590324051931
GCCGCT,0.428243214390893
GCCGGA,0.438722338732579
GCCGGC,0.457879850423507
GCCGGG,0.595987601937052
GCCGGT,0.431933885879568
GCCGTA,0.403083665153508
GCCGTC,0.421375704699399
GCCGTG,0.514229164672907
GCCGTT,0.405385770719045
GCCTAA,0.396669293753605
GCCTAC,0.400440857000682
GCCTAG,0.435272681384501
GCCTAT,0.405682430937213
GCCTCA,0.428678118677242
GCCTCC,0.402429197309782
GCCTCG,0.432677606390375
GCCTCT,0.427409118793907
GCCTGA,0.470031195864179
GCCTGC,0.498559832861913
GCCTGG,0.669230646649981
GCCTGT,0.505314936479537
GCCTTA,0.40874031330565
GCCTTC,0.429974460421827
GCCTTG,0.483059805732226
GCCTTT,0.414916339127241
GCGAAA,0.394474501670019
GCGAAC,0.39935938791651
GCGAAG,0.41968068245025
GCGAAT,0.402778795926735
GCGACA,0.394181998507055
GCGACC,0.410195628460319
GCGACG,0.407645585138451
GCGACT,0.399956205141663
GCGAGA,0.404554653603624
GCGAGC,0.423308320585135
GCGAGG,0.509581494807951
GCGAGT,0.434148975627876
GCGATA,0.396886263979626
GCGATC,0.40044831134881
GCGATG,0.417887555911124
GCGATT,0.400888019563317
GCGCAA,0.404257658580342
GCGCAC,0.39720041328359
GCGCAG,0.429692160397879
GCGCAT,0.401037029327596
GCGCCA,0.408148717173692
GCGCCC,0.406297720262077
GCGCCG,0.444102989150597
GCGCCT,0.414306331570839
GCGCGA,0.407534566043546
GCGCGC,0.425862388645407
GCGCGG,0.466178630407894
GCGCGT,0.419000404804144
GCGCTA,0.410217774256172
GCGCTC,0.402317597550738
GCGCTG,0.441945620358364
GCGCTT,0.418231792785984
GCGGAA,0.418597872187919
GCGGAC,0.412945335654752
GCGGAG,0.479277871227353
GCGGAT,0.410645829939565
GCGGCA,0.422965827108683
GCGGCC,0.488180390250067
GCGGCG,0.462535368904979
GCGGCT,0.463207678362435
GCGGGA,0.518795734454266
GCGGGC,0.506911166042225
GCGGGG,0.624136785262091
GCGGGT,0.486964230696319
GCGGTA,0.411818354140527
GCGGTC,0.424611637599992
GCGGTG,0.477968053684918
GCGGTT,0.425775177690387
GCGTAA,0.400381220215148
GCGTAC,0.401290294980032
GCGTAG,0.41452685917411
GCGTAT,0.404614042025022
GCGTCA,0.404012571266096
GCGTCC,0.43102333903453
GCGTCG,0.409819074874683
GCGTCT,0.44235316234304
GCGTGA,0.402659797352396
GCGTGC,0.440793595073524
GCGTGG,0.505590098924862
GCGTGT,0.460866649753442
GCGTTA,0.407090366370467
GCGTTC,0.406238431750504
GCGTTG,0.430719639082812
GCGTTT,0.404524958070254
GCTAAA,0.39764902687609
GCTAAC,0.393634262525251
GCTAAG,0.413099920313052
GCTAAT,0.380298907465432
GCTACA,0.404948036193676
GCTACC,0.405660184473347
GCTACG,0.398754747360307
GCTACT,0.370515469141073
GCTAGA,0.415540660232803
GCTAGC,0.414563609046966
GCTAGG,0.453584332153751
GCTAGT,0.409095103064401
GCTATA,0.401327534519484
GCTATC,0.403559372878543
GCTATG,0.435776498194298
GCTATT,0.392041874313485
GCTCAA,0.390469533844966
GCTCAC,0.379355312977511
GCTCAG,0.495344763654754
GCTCAT,0.401230708832249
GCTCCA,0.44077927585149
GCTCCC,0.449248985169968
GCTCCG,0.44575715025814
GCTCCT,0.447202300045954
GCTCGA,0.404666004000674
GCTCGC,0.412083640548157
GCTCGG,0.447543705262834
GCTCGT,0.40254078461571
GCTCTA,0.40478476409276
GCTCTC,0.445885376033709
GCTCTG,0.510697037831456
GCTCTT,0.402310157123956
GCTGAA,0.435726127934196
GCTGAC,0.426240214919846
GCTGAG,0.563457548756061
GCTGAT,0.420718494016853
GCTGCA,0.469725205529018
GCTGCC,0.485732900518016
GCTGCG,0.470608150134189
GCTGCT,0.490376658409662
GCTGGA,0.511584574978844
GCTGGC,0.563951405966078
GCTGGG,0.823381007021507
GCTGGT,0.524211349117055
GCTGTA,0.42381819989922
GCTGTC,0.445657407730918
GCTGTG,0.669965342405196
GCTGTT,0.465382582075221
GCTTAA,0.395890806271556
GCTTAC,0.398067551397586
GCTTAG,0.430372440446949
GCTTAT,0.396609431612727
GCTTCA,0.422717992728847
GCTTCC,0.45491234053433
GCTTCG,0.417191395936045
GCTTCT,0.448723500547863
GCTTGA,0.412157318728937
GCTTGC,0.427046251421394
GCTTGG,0.535372326008878
GCTTGT,0.458456821988707
GCTTTA,0.408732920513655
GCTTTC,0.433449623939778
GCTTTG,0.455201725284451
GCTTTT,0.404458139895823
GGAAAA,0.42746716535623
GGAAAC,0.423585144470671
GGAAAG,0.533024729405581
GGAAAT,0.425106307568583
GGAACA,0.435747715499199
GGAACC,0.448993378493842
GGAACG,0.422433636461106
GGAACT,0.430133671438952
GGAAGA,0.544888651114598
GGAAGC,0.528365412994997
GGAAGG,0.687549910510685
GGAAGT,0.507494026377771
GGAATA,0.408732920513655
GGAATC,0.414637104741268
GGAATG,0.480124891841029
GGAATT,0.425149943172969
GGACAA,0.418451456508448
GGACAC,0.435826865917365
GGACAG,0.560768716940859
GGACAT,0.422754442813551
GGACCA,0.458780343270288
GGACCC,0.503769936987704
GGACCG,0.434674969490551
GGACCT,0.468973741142694
GGACGA,0.419666057691487
GGACGC,0.420375112239613
GGACGG,0.464949377322951
GGACGT,0.423708961929888
GGACTA,0.397634076331649
GGACTC,0.436603646588059
GGACTG,0.53012829717027
GGACTT,0.442932015389468
GGAGAA,0.520635047928645
GGAGAC,0.501650078675762
GGAGAG,0.690225846520204
GGAGAT,0.460452544603364
GGAGCA,0.54838583617137
GGAGCC,0.617534972046775
GGAGCG,0.527479521598183
GGAGCT,0.572228268630068
GGAGGA,0.713436550063951
GGAGGC,0.648768428523258
GGAGGG,0.972215927115194
GGAGGT,0.644502622968812
GGAGTA,0.444680830482457
GGAGTC,0.494096564498779
GGAGTG,0.612060299178823
GGAGTT,0.457450423833546
GGATAA,0.40577882656214
GGATAC,0.414982462168252
GGATAG,0.430379674981536
GGATAT,0.423388461696194
GGATCA,0.423949269712895
GGATCC,0.444745014468589
GGATCG,0.424087602548004
GGATCT,0.479401870286021
GGATGA,0.446369636190812
GGATGC,0.468632612654664
GGATGG,0.5496130675519
GGATGT,0.475433169936911
GGATTA,0.381120022998144
GGATTC,0.433795756008464
GGATTG,0.443624769178939
GGATTT,0.426414548141578
GGCAAA,0.406253254207944
GGCAAC,0.401186016891274
GGCAAG,0.469850394710472
GGCAAT,0.406505202375327
GGCACA,0.443132034831321
GGCACC,0.448744809349748
GGCACG,0.423803635526082
GGCACT,0.439131196190271
GGCAGA,0.552818601402366
GGCAGC,0.582694834496976
GGCAGG,0.7797667221024
GGCAGT,0.518332064301672
GGCATA,0.404064564503945
GGCATC,0.430893193206119
GGCATG,0.474312181963448
GGCATT,0.435438249194201
GGCCAA,0.413151443222627
GGCCAC,0.446355396591721
GGCCAG,0.597739351458303
GGCCAT,0.462465310668863
GGCCCA,0.501299701257569
GGCCCC,0.509655011986956
GGCCCG,0.501609656776901
GGCCCT,0.535522124212261
GGCCGA,0.463774588098692
GGCCGC,0.480413954153655
GGCCGG,0.571141625326138
GGCCGT,0.47776108346889
GGCCTA,0.431348629521366
GGCCTC,0.501596182447511
GGCCTG,0.714052327413011
GGCCTT,0.485890321666994
GGCGAA,0.408548082949201
GGCGAC,0.407845388454963
GGCGAG,0.489926884492667
GGCGAT,0.420623527874306
GGCGCA,0.415290978561852
GGCGCC,0.451716487159521
GGCGCG,0.458850660135872
GGCGCT,0.432966280843879
GGCGGA,0.451928918060763
GGCGGC,0.517947717528133
GGCGGG,0.652761297918549
GGCGGT,0.468667427015879
GGCGTA,0.403908576679806
GGCGTC,0.436416698971647
GGCGTG,0.459989105034752
GGCGTT,0.425615271183011
GGCTAA,0.387687437722531
GGCTAC,0.403366143907193
GGCTAG,0.440571624087323
GGCTAT,0.431926662580282
GGCTCA,0.444217157115029
GGCTCC,0.501973395058643
GGCTCG,0.441473522047688
GGCTCT,0.495460007819054
GGCTGA,0.522899764542774
GGCTGC,0.574084762335259
GGCTGG,0.779848337935777
GGCTGT,0.5934464042242
GGCTTA,0.422951250315887
GGCTTC,0.479877057622527
GGCTTG,0.525606725189745
GGCTTT,0.460178719909437
GGGAAA,0.502074409994517
GGGAAC,0.486615507718861
GGGAAG,0.720497905679966
GGGAAT,0.482263350697523
GGGACA,0.516880049088146
GGGACC,0.553886964637532
GGGACG,0.469606956909866
GGGACT,0.51097739782956
GGGAGA,0.678880922043887
GGGAGC,0.698708953023827
GGGAGG,0.981543864850473
GGGAGT,0.597421079705481
GGGATA,0.442889148874911
GGGATC,0.475101156337264
GGGATG,0.582601644158761
GGGATT,0.429206997300131
GGGCAA,0.445628908038613
GGGCAC,0.506026176962054
GGGCAG,0.792141856991987
GGGCAT,0.470135489354364
GGGCCA,0.551781133296056
GGGCCC,0.584364575234319
GGGCCG,0.571223321647231
GGGCCT,0.629729671171029
GGGCGA,0.473716578575616
GGGCGC,0.510556828351245
GGGCGG,0.649402083558021
GGGCGT,0.463410682982005
GGGCTA,0.443360579500768
GGGCTC,0.529859805443665
GGGCTG,0.829529917409669
GGGCTT,0.551819577240875
GGGGAA,0.611179148226444
GGGGAC,0.587967660863151
GGGGAG,0.885235687173352
GGGGAT,0.53097913605956
GGGGCA,0.66140031709895
GGGGCC,0.672597837190797
GGGGCG,0.617660957513894
GGGGCT,0.707329131362019
GGGGGA,0.674906221260686
GGGGGC,0.732404992953048
GGGGGG,0.673261972627225
GGGGGT,0.703895475083074
GGGGTA,0.47816118724599
GGGGTC,0.613145582056651
GGGGTG,0.827849174472579
GGGGTT,0.555196869878025
GGGTAA,0.434163390105403
GGGTAC,0.443667604172289
GGGTAG,0.508544995862449
GGGTAT,0.441530757957151
GGGTCA,0.533194462815359
GGGTCC,0.568391481707841
GGGTCG,0.480510289692619
GGGTCT,0.589159637882087
GGGTGA,0.582116914357286
GGGTGC,0.64668442004976
GGGTGG,0.893164238876307
GGGTGT,0.67391432577248
GGGTTA,0.455928347008653
GGGTTC,0.491241563718956
GGGTTG,0.603888997384366
GGGTTT,0.504730804282648
GGTAAA,0.429764552617076
GGTAAC,0.41290116422003
GGTAAG,0.472101124138701
GGTAAT,0.416920128757221
GGTACA,0.430719639082812
GGTACC,0.431529300746905
GGTACG,0.419432032458427
GGTACT,0.415878365649249
GGTAGA,0.464865509561181
GGTAGC,0.428547667250068
GGTAGG,0.534199216608297
GGTAGT,0.444252831931024
GGTATA,0.410203010446763
GGTATC,0.415680161077357
GGTATG,0.471511144989986
GGTATT,0.422368004299482
GGTCAA,0.40761598125159
GGTCAC,0.45024239051315
GGTCAG,0.547536816247041
GGTCAT,0.427880649613118
GGTCCA,0.453951830096076
GGTCCC,0.505032984226168
GGTCCG,0.447899211797013
GGTCCT,0.496022479865965
GGTCGA,0.41576825684824
GGTCGC,0.427263987645247
GGTCGG,0.498904416068899
GGTCGT,0.430357971220759
GGTCTA,0.426087648415848
GGTCTC,0.4558225611516
GGTCTG,0.620835346737321
GGTCTT,0.446782496385849
GGTGAA,0.435949176969747
GGTGAC,0.492098920136641
GGTGAG,0.680977803284061
GGTGAT,0.4521837755891
GGTGCA,0.541307971388608
GGTGCC,0.531973045877784
GGTGCG,0.46235320728111
GGTGCT,0.533860061970458
GGTGGA,0.582694834496976
GGTGGC,0.634418744162576
GGTGGG,0.927851650811288
GGTGGT,0.60129465245354
GGTGTA,0.443232029551332
GGTGTC,0.544701532480167
GGTGTG,0.744161396045468
GGTGTT,0.516747339835354
GGTTAA,0.41861251257687
GGTTAC,0.421660361913017
GGTTAG,0.454884103391673
GGTTAT,0.422324247131843
GGTTCA,0.406505202375327
GGTTCC,0.473681939557392
GGTTCG,0.419512484809866
GGTTCT,0.472198263797354
GGTTGA,0.454354509281543
GGTTGC,0.458098012958533
GGTTGG,0.599720150678745
GGTTGT,0.495297306314782
GGTTTA,0.427329299268709
GGTTTC,0.449490331498927
GGTTTG,0.54769767081754
GGTTTT,0.454834686473351
GTAAAA,0.398821947700997
GTAAAC,0.404740230711019
GTAAAG,0.417550528442173
GTAAAT,0.39710318713978
GTAACA,0.400627199035725
GTAACC,0.402310157123956
GTAACG,0.403373576481158
GTAACT,0.3925078351594
GTAAGA,0.426821207506469
GTAAGC,0.416553434539744
GTAAGG,0.448751912182808
GTAAGT,0.433471260704408
GTAATA,0.394452004464029
GTAATC,0.367415297162094
GTAATG,0.414144580414228
GTAATT,0.400247024442654
GTACAA,0.40140945662513
GTACAC,0.402451515767128
GTACAG,0.431298035728203
GTACAT,0.394001954025444
GTACCA,0.405645353222484
GTACCC,0.421134777597595
GTACCG,0.406201374645666
GTACCT,0.416905463569953
GTACGA,0.399217591466821
GTACGC,0.409272450751524
GTACGG,0.410682722714244
GTACGT,0.407475350819558
GTACTA,0.398605397099927
GTACTC,0.402920088343961
GTACTG,0.405229988866947
GTACTT,0.401692408636306
GTAGAA,0.418978452657152
GTAGAC,0.409996294224918
GTAGAG,0.447842339243925
GTAGAT,0.42633464918756
GTAGCA,0.423694395965669
GTAGCC,0.420740407999833
GTAGCG,0.409375889046071
GTAGCT,0.389701272880417
GTAGGA,0.481548747860064
GTAGGC,0.421098268427042
GTAGGG,0.533462060824781
GTAGGT,0.453372252659966
GTAGTA,0.405140959768706
GTAGTC,0.400977428086327
GTAGTG,0.453174271210984
GTAGTT,0.417880230434694
GTATAA,0.402890344230889
GTATAC,0.397245283700361
GTATAG,0.406401466699805
GTATAT,0.419826918275492
GTATCA,0.401804078184201
GTATCC,0.404962877790153
GTATCG,0.404131408980662
GTATCT,0.415026541766686
GTATGA,0.433016790306687
GTATGC,0.414401899503296
GTATGG,0.439676079563523
GTATGT,0.463361685639976
GTATTA,0.400746439717917
GTATTC,0.398881677546288
GTATTG,0.417337996210895
GTATTT,0.389942359472425
GTCAAA,0.403016750601856
GTCAAC,0.400537759192368
GTCAAG,0.41243724631867
GTCAAT,0.411921529439677
GTCACA,0.406423696679057
GTCACC,0.431102864258866
GTCACG,0.4166267841412
GTCACT,0.428678118677242
GTCAGA,0.45859046303192
GTCAGC,0.439597233238603
GTCAGG,0.561486022931699
GTCAGT,0.444267101501076
GTCATA,0.399702601341737
GTCATC,0.401074278299564
GTCATG,0.440721996912867
GTCATT,0.416516757721356
GTCCAA,0.413063116609445
GTCCAC,0.4092281167783
GTCCAG,0.481280640087301
GTCCAT,0.424662570808252
GTCCCA,0.437710235707435
GTCCCC,0.469057265077409
GTCCCG,0.438794080203185
GTCCCT,0.461273569092601
GTCCGA,0.423657980126864
GTCCGC,0.421090966432979
GTCCGG,0.43568295140607
GTCCGT,0.415290978561852
GTCCTA,0.411029448282996
GTCCTC,0.451107268353408
GTCCTG,0.533775255335158
GTCCTT,0.437430111372762
GTCGAA,0.402682110663755
GTCGAC,0.404487837413431
GTCGAG,0.422419051908556
GTCGAT,0.397910625228196
GTCGCA,0.405311591911325
GTCGCC,0.412054167755805
GTCGCG,0.420572388523341
GTCGCT,0.415239565772352
GTCGGA,0.425295381437535
GTCGGC,0.415599399802443
GTCGGG,0.47462369358181
GTCGGT,0.456161036510591
GTCGTA,0.403849146345908
GTCGTC,0.408836414628459
GTCGTG,0.425978658088861
GTCGTT,0.404873824907018
GTCTAA,0.410136570606912
GTCTAC,0.404064564503945
GTCTAG,0.427336555852458
GTCTAT,0.41295269737085
GTCTCA,0.396527115317438
GTCTCC,0.429025905975579
GTCTCG,0.414776731680734
GTCTCT,0.406942255954539
GTCTGA,0.487907224779413
GTCTGC,0.485116666396488
GTCTGG,0.598161517267857
GTCTGT,0.505905435927892
GTCTTA,0.407749191841437
GTCTTC,0.412761275136743
GTCTTG,0.43274978281659
GTCTTT,0.405786241225345
GTGAAA,0.406934849857873
GTGAAC,0.409486703918366
GTGAAG,0.466171650282039
GTGAAT,0.42734381238355
GTGACA,0.428083702083473
GTGACC,0.479828860502076
GTGACG,0.429800746761532
GTGACT,0.465668953135472
GTGAGA,0.490533350284803
GTGAGC,0.476449276399114
GTGAGG,0.670403624615226
GTGAGT,0.553707917491741
GTGATA,0.403172877591191
GTGATC,0.386576963508999
GTGATG,0.480221255229649
GTGATT,0.407793591428331
GTGCAA,0.416729464545403
GTGCAC,0.442510414836392
GTGCAG,0.581389378814549
GTGCAT,0.443724714642715
GTGCCA,0.456125784005617
GTGCCC,0.500241085491144
GTGCCG,0.450547309873488
GTGCCT,0.478526659393455
GTGCGA,0.414276924215611
GTGCGC,0.425753373763181
GTGCGG,0.476387095461787
GTGCGT,0.440893823887045
GTGCTA,0.420835363043901
GTGCTC,0.453817567659407
GTGCTG,0.593649200487314
GTGCTT,0.458372407916313
GTGGAA,0.480166191573207
GTGGAC,0.4677897353261
GTGGAG,0.643754816952134
GTGGAT,0.432814737146415
GTGGCA,0.502424516124872
GTGGCC,0.600648064130513
GTGGCG,0.475654451111913
GTGGCT,0.559504244381446
GTGGGA,0.680375118420273
GTGGGC,0.647744430772173
GTGGGG,0.879531721698671
GTGGGT,0.693550997363443
GTGGTA,0.4613296829056
GTGGTC,0.513523736673196
GTGGTG,0.680837021579047
GTGGTT,0.493336027592994
GTGTAA,0.423752658549583
GTGTAC,0.416135239046055
GTGTAG,0.462878583332436
GTGTAT,0.46795000637406
GTGTCA,0.496157968009722
GTGTCC,0.520258198118466
GTGTCG,0.425004483753037
GTGTCT,0.511130895003527
GTGTGA,0.570248815237289
GTGTGC,0.574805106612067
GTGTGG,0.738255274041587
GTGTGT,0.985239182282197
GTGTTA,0.419585617694896
GTGTTC,0.438786906287728
GTGTTG,0.550620712306783
GTGTTT,0.520370606783863
GTTAAA,0.395366482869356
GTTAAC,0.400984878435756
GTTAAG,0.416076530943874
GTTAAT,0.400813506353884
GTTACA,0.408984244786003
GTTACC,0.399613078760562
GTTACG,0.401193465686811
GTTACT,0.41290116422003
GTTAGA,0.425186304722186
GTTAGC,0.416076530943874
GTTAGG,0.446825196334192
GTTAGT,0.417330666707556
GTTATA,0.410992568298003
GTTATC,0.401625400921437
GTTATG,0.410136570606912
GTTATT,0.399665301240201
GTTCAA,0.379035506424226
GTTCAC,0.408170908345946
GTTCAG,0.439640241095592
GTTCAT,0.400291758367794
GTTCCA,0.416348027028575
GTTCCC,0.441258858206044
GTTCCG,0.428330210380818
GTTCCT,0.429170781658651
GTTCGA,0.393799365228804
GTTCGC,0.403923433711428
GTTCGG,0.415738892453589
GTTCGT,0.398351450454941
GTTCTA,0.400023324795171
GTTCTC,0.414004865175342
GTTCTG,0.478278428712362
GTTCTT,0.413166163566366
GTTGAA,0.410800770447616
GTTGAC,0.406312541840747
GTTGAG,0.470844396772412
GTTGAT,0.420038922244354
GTTGCA,0.429641482726084
GTTGCC,0.432396068541431
GTTGCG,0.412695005055984
GTTGCT,0.44722364128712
GTTGGA,0.4603402153378
GTTGGC,0.450072162525855
GTTGGG,0.641344012471529
GTTGGT,0.509394335778352
GTTGTA,0.408762491353721
GTTGTC,0.439582896875224
GTTGTG,0.527157781609791
GTTGTT,0.418392884233618
GTTTAA,0.401878517622239
GTTTAC,0.400925274086055
GTTTAG,0.432634298033984
GTTTAT,0.406105019745882
GTTTCA,0.398993661391174
GTTTCC,0.440614590059159
GTTTCG,0.409316782759334
GTTTCT,0.434293111054032
GTTTGA,0.428344708976693
GTTTGC,0.442438939495806
GTTTGG,0.524349657246951
GTTTGT,0.47953962898697
GTTTTA,0.418971135167731
GTTTTC,0.420126634879258
GTTTTG,0.436963063034068
GTTTTT,0.375205118803764
TAAAAA,0.345102019019154
TAAAAC,0.388283714141289
TAAAAG,0.384905151060392
TAAAAT,0.38531390632365
TAAACA,0.390657743075551
TAAACC,0.400977428086327
TAAACG,0.395478861029782
TAAACT,0.39520913222527
TAAAGA,0.402310157123956
TAAAGC,0.406127256316048
TAAAGG,0.41147190204511
TAAAGT,0.384988429573488
TAAATA,0.37647336536744
TAAATC,0.397723776245697
TAAATG,0.400947626133524
TAAATT,0.385382015959837
TAACAA,0.388713718193184
TAACAC,0.39499929284473
TAACAG,0.406238431750504
TAACAT,0.394279509068141
TAACCA,0.398851813069599
TAACCC,0.393461626002772
TAACCG,0.399538470487066
TAACCT,0.397484558592418
TAACGA,0.396025587865776
TAACGC,0.401938065183241
TAACGG,0.401506265007372
TAACGT,0.397282674176418
TAACTA,0.398844346811068
TAACTC,0.393979446185821
TAACTG,0.401193465686811
TAACTT,0.376328286103599
TAAGAA,0.404829295491368
TAAGAC,0.39364927298839
TAAGAG,0.417206056930692
TAAGAT,0.400261935973382
TAAGCA,0.39620526840438
TAAGCC,0.41219415578375
TAAGCG,0.405393188297189
TAAGCT,0.411855203683683
TAAGGA,0.426138506503506
TAAGGC,0.415445201072605
TAAGGG,0.438557313815316
TAAGGT,0.41445335537649
TAAGTA,0.402808543357849
TAAGTC,0.402362238948907
TAAGTG,0.422659669829673
TAAGTT,0.414659152396284
TAATAA,0.395044262133246
TAATAC,0.394437006045518
TAATAG,0.399083239438884
TAATAT,0.390454475576147
TAATCA,0.399896539445183
TAATCC,0.359261421068834
TAATCG,0.398269277437248
TAATCT,0.389964958360784
TAATGA,0.393491651886777
TAATGC,0.393123772670416
TAATGG,0.411641457429105
TAATGT,0.40528933719598
TAATTA,0.391650900958335
TAATTC,0.391222158324307
TAATTG,0.40052285177405
TAATTT,0.353941923713314
TACAAA,0.354745946100924
TACAAC,0.394144491913155
TACAAG,0.394526993182485
TACAAT,0.38867600593705
TACACA,0.388872094140199
TACACC,0.394654461099787
TACACG,0.393469132558294
TACACT,0.403210047091385
TACAGA,0.394046968184939
TACAGC,0.40418339604028
TACAGG,0.413791577958297
TACAGT,0.390913650796036
TACATA,0.389980024002634
TACATC,0.398358920394457
TACATG,0.391658421118428
TACATT,0.388283714141289
TACCAA,0.400023324795171
TACCAC,0.392845896617215
TACCAG,0.408939898033339
TACCAT,0.394279509068141
TACCCA,0.398963800258687
TACCCC,0.409331559658542
TACCCG,0.406105019745882
TACCCT,0.406779309156133
TACCGA,0.399486241383416
TACCGC,0.398941403824138
TACCGG,0.403953147112493
TACCGT,0.402763921879331
TACCTA,0.399508625619007
TACCTC,0.401394562196004
TACCTG,0.420104707441787
TACCTT,0.390025219566391
TACGAA,0.397424745236609
TACGAC,0.398568056049337
TACGAG,0.398254336163085
TACGAT,0.399239981716676
TACGCA,0.403759994222102
TACGCC,0.398620333129752
TACGCG,0.403269515418176
TACGCT,0.398515776235886
TACGGA,0.399627999747317
TACGGC,0.402228308775391
TACGGG,0.413136722662197
TACGGT,0.406482974207891
TACGTA,0.401610509708356
TACGTC,0.39935938791651
TACGTG,0.403202613301871
TACGTT,0.400045697011923
TACTAA,0.37606861803467
TACTAC,0.394909348200533
TACTAG,0.400023324795171
TACTAT,0.404651157997429
TACTCA,0.387173902247429
TACTCC,0.385904035779082
TACTCG,0.391883999628172
TACTCT,0.397402314305789
TACTGA,0.402391998773918
TACTGC,0.392244819434995
TACTGG,0.413041033737097
TACTGT,0.405140959768706
TACTTA,0.39243269486821
TACTTC,0.392560430004027
TACTTG,0.395089229399615
TACTTT,0.386516494142352
TAGAAA,0.390808284959823
TAGAAC,0.399814493299284
TAGAAG,0.423723527681942
TAGAAT,0.407564172340676
TAGACA,0.396833896166119
TAGACC,0.413740088020621
TAGACG,0.398239394665676
TAGACT,0.407993365177837
TAGAGA,0.410077509265468
TAGAGC,0.414857559420025
TAGAGG,0.47969802803573
TAGAGT,0.423512303509059
TAGATA,0.403789712479835
TAGATC,0.403774853461365
TAGATG,0.42569522763296
TAGATT,0.399717520992797
TAGCAA,0.400932724824058
TAGCAC,0.401670073230239
TAGCAG,0.438614716875424
TAGCAT,0.400724083173017
TAGCCA,0.400969977681391
TAGCCC,0.407031124836473
TAGCCG,0.402920088343961
TAGCCT,0.396774043878177
TAGCGA,0.40414626270205
TAGCGC,0.403693124912918
TAGCGG,0.40606795769676
TAGCGT,0.417000783443085
TAGCTA,0.395104218039071
TAGCTC,0.40814132000684
TAGCTG,0.401871073927785
TAGCTT,0.402310157123956
TAGGAA,0.436373552250331
TAGGAC,0.416003140968977
TAGGAG,0.479105624800916
TAGGAT,0.437738961972115
TAGGCA,0.427191414171509
TAGGCC,0.42734381238355
TAGGCG,0.409058151670425
TAGGCT,0.421353804634031
TAGGGA,0.484828960464474
TAGGGC,0.461729402707366
TAGGGG,0.516229605403699
TAGGGT,0.459405989619854
TAGGTA,0.420696579553639
TAGGTC,0.418956500028252
TAGGTG,0.470413552162808
TAGGTT,0.404071991888679
TAGTAA,0.397207891826203
TAGTAC,0.398209511001098
TAGTAG,0.398336510408506
TAGTAT,0.393859395817787
TAGTCA,0.409944608491955
TAGTCC,0.391184540550338
TAGTCG,0.402763921879331
TAGTCT,0.404428441496245
TAGTGA,0.419804984264948
TAGTGC,0.405029662248555
TAGTGG,0.447842339243925
TAGTGT,0.443067747230858
TAGTTA,0.391064154163305
TAGTTC,0.411479274616164
TAGTTG,0.417301348156974
TAGTTT,0.396609431612727
TATAAA,0.392244819434995
TATAAC,0.397013431539166
TATAAG,0.398993661391174
TATAAT,0.380671534182192
TATACA,0.387559078575266
TATACC,0.396414854902788
TATACG,0.398971265625405
TATACT,0.395763495861244
TATAGA,0.403975431583912
TATAGC,0.399060845679217
TATAGG,0.40375256451967
TATAGT,0.399918914498552
TATATA,0.377076364079166
TATATC,0.406927443706357
TATATG,0.419702619187372
TATATT,0.385745189027334
TATCAA,0.397910625228196
TATCAC,0.392056908697969
TATCAG,0.412864353200601
TATCAT,0.392958558377801
TATCCA,0.401096627016769
TATCCC,0.396504664242677
TATCCG,0.406883005645348
TATCCT,0.40700150275334
TATCGA,0.399299686598823
TATCGC,0.400835860899703
TATCGG,0.400828409439955
TATCGT,0.402302716641814
TATCTA,0.394646963436761
TATCTC,0.397462129003242
TATCTG,0.421631170030261
TATCTT,0.394699445897466
TATGAA,0.405993829477475
TATGAC,0.394257007474885
TATGAG,0.449887716166695
TATGAT,0.391966699000387
TATGCA,0.405986416353313
TATGCC,0.399956205141663
TATGCG,0.399717520992797
TATGCT,0.409124663196522
TATGGA,0.423796353259967
TATGGC,0.414975115379605
TATGGG,0.451241895150512
TATGGT,0.424960841800841
TATGTA,0.408562871211692
TATGTC,0.404413591965702
TATGTG,0.477774882816068
TATGTT,0.399978578860063
TATTAA,0.388894717228039
TATTAC,0.388638292258649
TATTAG,0.396886263979626
TATTAT,0.390823337901868
TATTCA,0.394879364854592
TATTCC,0.396010613030144
TATTCG,0.399784656668076
TATTCT,0.392327488974255
TATTGA,0.390454475576147
TATTGC,0.404116555038637
TATTGG,0.41462240603453
TATTGT,0.399172809463087
TATTTA,0.381545521317724
TATTTC,0.389113380694859
TATTTG,0.398627801061009
TATTTT,0.343454051186276
TCAAAA,0.361348766047378
TCAAAC,0.38991222682682
TCAAAG,0.403053925905558
TCAAAT,0.391680981259395
TCAACA,0.403507353366827
TCAACC,0.395314035405638
TCAACG,0.397058310346481
TCAACT,0.393934428986708
TCAAGA,0.388660920636368
TCAAGC,0.389135998324773
TCAAGG,0.435819670683675
TCAAGT,0.393859395817787
TCAATA,0.400515397981553
TCAATC,0.403343845853831
TCAATG,0.404205675381371
TCAATT,0.391545612778562
TCACAA,0.388706175855733
TCACAC,0.371452090701105
TCACAG,0.423876455270653
TCACAT,0.390047816582303
TCACCA,0.385071701151852
TCACCC,0.407823190057785
TCACCG,0.405823313716735
TCACCT,0.393566712652729
TCACGA,0.392868429984769
TCACGC,0.395366482869356
TCACGG,0.402191102765877
TCACGT,0.408718134765703
TCACTA,0.396392401307491
TCACTC,0.400463219878367
TCACTG,0.420974127275978
TCACTT,0.388479879275776
TCAGAA,0.400314124579964
TCAGAC,0.420309344828992
TCAGAG,0.499802476836417
TCAGAT,0.398097439304675
TCAGCA,0.414864907072378
TCAGCC,0.404925773385941
TCAGCG,0.418905275353283
TCAGCT,0.426683252328352
TCAGGA,0.464697752933287
TCAGGC,0.468869326412995
TCAGGG,0.564375422006459
TCAGGT,0.456139885156736
TCAGTA,0.411715168195137
TCAGTC,0.392688148825663
TCAGTG,0.472864110237543
TCAGTT,0.412407783946379
TCATAA,0.396669293753605
TCATAC,0.390725489728016
TCATAG,0.408651596194383
TCATAT,0.384799150194145
TCATCA,0.412223624450613
TCATCC,0.403381008999881
TCATCG,0.403856575330802
TCATCT,0.390845916890086
TCATGA,0.392883451947725
TCATGC,0.393679293238741
TCATGG,0.435963565521842
TCATGT,0.408570265260928
TCATTA,0.397798520028254
TCATTC,0.387332522232752
TCATTG,0.416648787972546
TCATTT,0.38191009011845
TCCAAA,0.38184174359158
TCCAAC,0.397918098461364
TCCAAG,0.420418954777176
TCCAAT,0.400150094072672
TCCACA,0.397357450934652
TCCACC,0.40325464866802
TCCACG,0.398119854648787
TCCACT,0.400597386643429
TCCAGA,0.429641482726084
TCCAGC,0.405578609871386
TCCAGG,0.533024729405581
TCCAGT,0.403150575227902
TCCATA,0.398067551397586
TCCATC,0.393311483057953
TCCATG,0.437315165864972
TCCATT,0.390070413087601
TCCCAA,0.386425783235808
TCCCAC,0.397177977320175
TCCCAG,0.419102841785512
TCCCAT,0.402905216398014
TCCCCA,0.433528956454795
TCCCCC,0.410704857725753
TCCCCG,0.432850821062238
TCCCCT,0.411958375181136
TCCCGA,0.409826459641354
TCCCGC,0.411693055535816
TCCCGG,0.461498005454511
TCCCGT,0.411346560020193
TCCCTA,0.396250183494938
TCCCTC,0.402317597550738
TCCCTG,0.496097000616705
TCCCTT,0.400172463453525
TCCGAA,0.410712235954044
TCCGAC,0.409974143523616
TCCGAG,0.44554340408798
TCCGAT,0.4034478991826
TCCGCA,0.405712092119204
TCCGCC,0.399366850330616
TCCGCG,0.415305667444794
TCCGCT,0.425651615816424
TCCGGA,0.413122001885068
TCCGGC,0.406779309156133
TCCGGG,0.460066359879407
TCCGGT,0.421178586842878
TCCGTA,0.401588172472947
TCCGTC,0.406460745546353
TCCGTG,0.429120077557036
TCCGTT,0.407564172340676
TCCTAA,0.404042282018739
TCCTAC,0.395171664136601
TCCTAG,0.420952218414175
TCCTAT,0.390680325802999
TCCTCA,0.423308320585135
TCCTCC,0.41337958420379
TCCTCG,0.415430514239128
TCCTCT,0.418004756236488
TCCTGA,0.435409456761598
TCCTGC,0.424422434396505
TCCTGG,0.565595837422624
TCCTGT,0.450320401990703
TCCTTA,0.407911980690037
TCCTTC,0.411309691728638
TCCTTG,0.433031221113198
TCCTTT,0.390898599213415
TCGAAA,0.395711069216263
TCGAAC,0.391959181158245
TCGAAG,0.403284381947314
TCGAAT,0.401595618273523
TCGACA,0.399732440421263
TCGACC,0.398948869358054
TCGACG,0.401871073927785
TCGACT,0.400366310463038
TCGAGA,0.394272008593313
TCGAGC,0.403566804016464
TCGAGG,0.434127353521995
TCGAGT,0.400694273668972
TCGATA,0.395741027635666
TCGATC,0.400008409705934
TCGATG,0.397783571718667
TCGATT,0.39997112100955
TCGCAA,0.397230327118476
TCGCAC,0.398075023458104
TCGCAG,0.400917823292539
TCGCAT,0.401714743543514
TCGCCA,0.397566796115481
TCGCCC,0.402354798854271
TCGCCG,0.413747443888325
TCGCCT,0.412422515241029
TCGCGA,0.408437164009142
TCGCGC,0.395493843830371
TCGCGG,0.426538015787962
TCGCGT,0.404361616872226
TCGCTA,0.40147647881101
TCGCTC,0.396429823686234
TCGCTG,0.41594442511083
TCGCTT,0.40236967898819
TCGGAA,0.403440467161024
TCGGAC,0.404487837413431
TCGGAG,0.444302774535391
TCGGAT,0.403135706709374
TCGGCA,0.40437646717459
TCGGCC,0.414931033514208
TCGGCG,0.414468056568245
TCGGCT,0.414188696960816
TCGGGA,0.430372440446949
TCGGGC,0.436934314471739
TCGGGG,0.499809226119142
TCGGGT,0.438263071403326
TCGGTA,0.400463219878367
TCGGTC,0.415085311542299
TCGGTG,0.456245637452498
TCGGTT,0.419000404804144
TCGTAA,0.399590696862978
TCGTAC,0.396789007286006
TCGTAG,0.406245843006687
TCGTAT,0.396744116390792
TCGTCA,0.403091099827307
TCGTCC,0.412054167755805
TCGTCG,0.403299248255443
TCGTCT,0.401327534519484
TCGTGA,0.402391998773918
TCGTGC,0.406727456878885
TCGTGG,0.443117749055045
TCGTGT,0.411560369310543
TCGTTA,0.401148772081299
TCGTTC,0.39320636958194
TCGTTG,0.407097771315456
TCGTTT,0.400515397981553
TCTAAA,0.393123772670416
TCTAAC,0.394459503588929
TCTAAG,0.415841664062668
TCTAAT,0.393041168936079
TCTACA,0.386395544438319
TCTACC,0.390296350061912
TCTACG,0.400209744643007
TCTACT,0.364119978970152
TCTAGA,0.410011061086538
TCTAGC,0.396534598897015
TCTAGG,0.43975491967219
TCTAGT,0.408518505768126
TCTATA,0.394024461358476
TCTATC,0.390574935378139
TCTATG,0.414482757543878
TCTATT,0.387611934337173
TCTCAA,0.375617857476498
TCTCAC,0.391816331418083
TCTCAG,0.436006729935986
TCTCAT,0.387747836326537
TCTCCA,0.404918352339887
TCTCCC,0.386425783235808
TCTCCG,0.419907338864987
TCTCCT,0.432908552619428
TCTCGA,0.390567407065614
TCTCGC,0.396863820966782
TCTCGG,0.427670301794417
TCTCGT,0.403655973364483
TCTCTA,0.366096929727262
TCTCTC,0.377267110741732
TCTCTG,0.454008356255862
TCTCTT,0.374769265313422
TCTGAA,0.427989432849706
TCTGAC,0.412709732120133
TCTGAG,0.514940743319013
TCTGAT,0.411648828750211
TCTGCA,0.433644337970129
TCTGCC,0.426094914015303
TCTGCG,0.438987756469296
TCTGCT,0.44672556028502
TCTGGA,0.49500573323407
TCTGGC,0.471927636989135
TCTGGG,0.657136271494126
TCTGGT,0.493560174471823
TCTGTA,0.398426147339225
TCTGTC,0.435467040797825
TCTGTG,0.524994842377168
TCTGTT,0.416494750984615
TCTTAA,0.389934826396146
TCTTAC,0.391335003156375
TCTTAG,0.409132053093023
TCTTAT,0.401655182682372
TCTTCA,0.388864552997184
TCTTCC,0.390785705121888
TCTTCG,0.401952951519459
TCTTCT,0.402726735792878
TCTTGA,0.402176219974462
TCTTGC,0.393566712652729
TCTTGG,0.473072096361192
TCTTGT,0.399419085670163
TCTTTA,0.393236403131108
TCTTTC,0.383344289180408
TCTTTG,0.408259668110809
TCTTTT,0.356024804485731
TGAAAA,0.389226463729201
TGAAAC,0.373843402324334
TGAAAG,0.429583562241948
TGAAAT,0.405897454576659
TGAACA,0.404539805947167
TGAACC,0.387113468967608
TGAACG,0.405474778025626
TGAACT,0.39433951084159
TGAAGA,0.42662516024341
TGAAGC,0.412672914053089
TGAAGG,0.517815149898598
TGAAGT,0.427750094106681
TGAATA,0.394684451189753
TGAATC,0.396759080246441
TGAATG,0.423759941133901
TGAATT,0.399568314464435
TGACAA,0.394624470110388
TGACAC,0.393559206829664
TGACAG,0.428235964383429
TGACAT,0.402570539127786
TGACCA,0.416392046475862
TGACCC,0.449667754881466
TGACCG,0.413335431946708
TGACCT,0.420185105695315
TGACGA,0.4092502840106
TGACGC,0.398881677546288
TGACGG,0.423293748783977
TGACGT,0.39985178783646
TGACTA,0.403492490152154
TGACTC,0.424487931864263
TGACTG,0.450596939110311
TGACTT,0.410269445872655
TGAGAA,0.45024239051315
TGAGAC,0.393754339922039
TGAGAG,0.530154487625924
TGAGAT,0.413504671680115
TGAGCA,0.486916373957778
TGAGCC,0.431919439228818
TGAGCG,0.433096157165553
TGAGCT,0.455032339496136
TGAGGA,0.585505099084951
TGAGGC,0.496896055918622
TGAGGG,0.688539556255997
TGAGGT,0.485219398458166
TGAGTA,0.419731867421655
TGAGTC,0.447124044931498
TGAGTG,0.591945663343892
TGAGTT,0.438054896432506
TGATAA,0.386894367707618
TGATAC,0.40009789690464
TGATAG,0.414563609046966
TGATAT,0.403507353366827
TGATCA,0.394774416063596
TGATCC,0.395995637970263
TGATCG,0.407327297417083
TGATCT,0.393033659167324
TGATGA,0.428569410336408
TGATGC,0.417374642921784
TGATGG,0.464418095999891
TGATGT,0.420798842940134
TGATTA,0.394624470110388
TGATTC,0.399978578860063
TGATTG,0.413784222415232
TGATTT,0.395089229399615
TGCAAA,0.406127256316048
TGCAAC,0.392905984469056
TGCAAG,0.429692160397879
TGCAAT,0.389211386730117
TGCACA,0.41201732554379
TGCACC,0.39782841597709
TGCACG,0.40370055505698
TGCACT,0.38309402164404
TGCAGA,0.478209464808607
TGCAGC,0.469029424540969
TGCAGG,0.632871947896549
TGCAGT,0.424196799165491
TGCATA,0.397940517825779
TGCATC,0.410151335397251
TGCATG,0.436129018992333
TGCATT,0.40396057532481
TGCCAA,0.423373891062798
TGCCAC,0.400850763652628
TGCCAG,0.487100951616516
TGCCAT,0.414196049529363
TGCCCA,0.458069865628296
TGCCCC,0.472246830088367
TGCCCG,0.428192463234799
TGCCCT,0.461764458226638
TGCCGA,0.419987752987531
TGCCGC,0.42563707812157
TGCCGG,0.450228205954271
TGCCGT,0.416157253695815
TGCCTA,0.398904075318518
TGCCTC,0.396459760580948
TGCCTG,0.524336485868231
TGCCTT,0.422922096092831
TGCGAA,0.397611650095881
TGCGAC,0.399829411281061
TGCGAG,0.432100007364204
TGCGAT,0.398007772903412
TGCGCA,0.405103861971654
TGCGCC,0.409959376116825
TGCGCG,0.420579694305026
TGCGCT,0.411552997337343
TGCGGA,0.423038707885589
TGCGGC,0.442374607321027
TGCGGG,0.500477179723328
TGCGGT,0.428047445737542
TGCGTA,0.407948974460126
TGCGTC,0.425397175638584
TGCGTG,0.462619432310066
TGCGTT,0.409538413323271
TGCTAA,0.393836884769222
TGCTAC,0.400284302852569
TGCTAG,0.424575255148603
TGCTAT,0.402347358704278
TGCTCA,0.418868684693156
TGCTCC,0.439934078624239
TGCTCG,0.405170637015482
TGCTCT,0.435661362442907
TGCTGA,0.45884362867181
TGCTGC,0.450384225036936
TGCTGG,0.613482985538561
TGCTGT,0.513909787227303
TGCTTA,0.393874402901976
TGCTTC,0.420996035657793
TGCTTG,0.467127473916598
TGCTTT,0.424720777012736
TGGAAA,0.433024005735974
TGGAAC,0.418473420227059
TGGAAG,0.519702581520795
TGGAAT,0.414791428119276
TGGACA,0.451362335344695
TGGACC,0.437509128745801
TGGACG,0.41471794376662
TGGACT,0.441480676715527
TGGAGA,0.528824455306075
TGGAGC,0.536199192617362
TGGAGG,0.692905769276063
TGGAGT,0.503890936124109
TGGATA,0.411486647132864
TGGATC,0.430184324174538
TGGATG,0.453958896040789
TGGATT,0.419600243630114
TGGCAA,0.406334773796863
TGGCAC,0.432432167567346
TGGCAG,0.591810239886763
TGGCAT,0.43030732728033
TGGCCA,0.470239771968552
TGGCCC,0.512604602999101
TGGCCG,0.472794771915609
TGGCCT,0.536830276200519
TGGCGA,0.414490107950651
TGGCGC,0.412289925776132
TGGCGG,0.495839541748177
TGGCGT,0.426901067595995
TGGCTA,0.400358855503619
TGGCTC,0.462682475226714
TGGCTG,0.597323129552629
TGGCTT,0.474865913324861
TGGGAA,0.588900364845482
TGGGAC,0.479091843805022
TGGGAG,0.741392937214102
TGGGAT,0.484239589919607
TGGGCA,0.580916507884871
TGGGCC,0.575218287352593
TGGGCG,0.503090725700007
TGGGCT,0.617576968966099
TGGGGA,0.773487881733206
TGGGGC,0.698498718348173
TGGGGG,0.827343427406331
TGGGGT,0.677638758751312
TGGGTA,0.478692112288307
TGGGTC,0.567388977839105
TGGGTG,0.763048861467892
TGGGTT,0.554813660553705
TGGTAA,0.449894810886544
TGGTAC,0.428837536203629
TGGTAG,0.449319975431079
TGGTAT,0.437336719154125
TGGTCA,0.469725205529018
TGGTCC,0.464823573042473
TGGTCG,0.423395746933279
TGGTCT,0.477277986312619
TGGTGA,0.523690875699141
TGGTGC,0.485048172491636
TGGTGG,0.662519418952429
TGGTGT,0.607155835264333
TGGTTA,0.428895499912824
TGGTTC,0.430292857111964
TGGTTG,0.492180534805376
TGGTTT,0.497613307370238
TGTAAA,0.389429980971415
TGTAAC,0.399724980734854
TGTAAG,0.417535872496989
TGTAAT,0.361077424852502
TGTACA,0.407778791785068
TGTACC,0.405993829477475
TGTACG,0.404116555038637
TGTACT,0.395935735488113
TGTAGA,0.424116722811913
TGTAGC,0.417074100240218
TGTAGG,0.483492097545831
TGTAGT,0.413158803421583
TGTATA,0.414401899503296
TGTATC,0.403485058461974
TGTATG,0.455526301203746
TGTATT,0.392102010495273
TGTCAA,0.424247753506648
TGTCAC,0.408252271764637
TGTCAG,0.493268094376004
TGTCAT,0.427742840523197
TGTCCA,0.452686220978356
TGTCCC,0.466150709612138
TGTCCG,0.417198726460237
TGTCCT,0.481562495039166
TGTCGA,0.409700911190622
TGTCGC,0.409523639480425
TGTCGG,0.431630462376962
TGTCGT,0.403202613301871
TGTCTA,0.418561270277773
TGTCTC,0.402726735792878
TGTCTG,0.547388807186614
TGTCTT,0.404079419218248
TGTGAA,0.455293463941481
TGTGAC,0.461673311320316
TGTGAG,0.583471083105811
TGTGAT,0.423067858709166
TGTGCA,0.497261512450579
TGTGCC,0.491132640446999
TGTGCG,0.453223770248037
TGTGCT,0.521269421511097
TGTGGA,0.527006725093129
TGTGGC,0.555011670373636
TGTGGG,0.776286758376886
TGTGGT,0.593286596379263
TGTGTA,0.486615507718861
TGTGTC,0.522985498485643
TGTGTG,1
TGTGTT,0.539032692838862
TGTTAA,0.401208363111433
TGTTAC,0.407719591021624
TGTTAG,0.42454614823441
TGTTAT,0.398859279272386
TGTTCA,0.409789535262641
TGTTCC,0.424211357813614
TGTTCG,0.398627801061009
TGTTCT,0.418583231584624
TGTTGA,0.431037798636635
TGTTGC,0.440550140409107
TGTTGG,0.545475589271437
TGTTGT,0.442696226816617
TGTTTA,0.414872254670744
TGTTTC,0.423155306081622
TGTTTG,0.482613594413229
TGTTTT,0.396774043878177
TTAAAA,0.360193117016697
TTAAAC,0.392282397345519
TTAAAG,0.383981051333231
TTAAAT,0.374685131364243
TTAACA,0.397776097480078
TTAACC,0.397290152103867
TTAACG,0.399195200715632
TTAACT,0.390492120823045
TTAAGA,0.390055348807469
TTAAGC,0.407164413352982
TTAAGG,0.418275729390819
TTAAGT,0.401208363111433
TTAATA,0.387181456150619
TTAATC,0.388630749352287
TTAATG,0.401081727927462
TTAATT,0.376045702908685
TTACAA,0.381553117856871
TTACAC,0.394699445897466
TTACAG,0.380998418788414
TTACAT,0.38869109101017
TTACCA,0.396025587865776
TTACCC,0.404688272592291
TTACCG,0.398896609450181
TTACCT,0.395823408661555
TTACGA,0.399829411281061
TTACGC,0.400731535410186
TTACGG,0.404495261655032
TTACGT,0.39594322349462
TTACTA,0.406668193841038
TTACTC,0.389708807716271
TTACTG,0.410505624981447
TTACTT,0.387362732710856
TTAGAA,0.400604839824827
TTAGAC,0.407445741892596
TTAGAG,0.435056682166863
TTAGAT,0.408651596194383
TTAGCA,0.411081077977069
TTAGCC,0.389678668032206
TTAGCG,0.407897182798802
TTAGCT,0.409900304308801
TTAGGA,0.428192463234799
TTAGGC,0.430083016137537
TTAGGG,0.468792748681518
TTAGGT,0.420024302723861
TTAGTA,0.38559388294442
TTAGTC,0.40254078461571
TTAGTG,0.421477898663381
TTAGTT,0.40030666923149
TTATAA,0.382487052370241
TTATAC,0.396766562090298
TTATAG,0.398478431838546
TTATAT,0.397477082118591
TTATCA,0.396145378478673
TTATCC,0.408710741809744
TTATCG,0.399986036654958
TTATCT,0.392838385381862
TTATGA,0.402644921534882
TTATGC,0.387725187277531
TTATGG,0.422579470288794
TTATGT,0.397477082118591
TTATTA,0.381948058392812
TTATTC,0.397073269501351
TTATTG,0.398463493689112
TTATTT,0.365826874024494
TTCAAA,0.383344289180408
TTCAAC,0.397678927294432
TTCAAG,0.384708283364849
TTCAAT,0.392387607983236
TTCACA,0.392289912758174
TTCACC,0.378768922813262
TTCACG,0.408363211213506
TTCACT,0.396564532655295
TTCAGA,0.415077965509229
TTCAGC,0.403908576679806
TTCAGG,0.459181083189194
TTCAGT,0.410763882027868
TTCATA,0.393371542941056
TTCATC,0.391688501193283
TTCATG,0.401595618273523
TTCATT,0.372840054370799
TTCCAA,0.393769348582882
TTCCAC,0.390936227745195
TTCCAG,0.449674851162045
TTCCAT,0.393634262525251
TTCCCA,0.422499264315432
TTCCCC,0.406305131078872
TTCCCG,0.424458822408211
TTCCCT,0.429938272564356
TTCCGA,0.410129188129992
TTCCGC,0.414600357569319
TTCCGG,0.427387350464332
TTCCGT,0.409183780839488
TTCCTA,0.403685694713649
TTCCTC,0.396212754392902
TTCCTG,0.460838580246252
TTCCTT,0.394594478221503
TTCGAA,0.39874728037702
TTCGAC,0.401253054053745
TTCGAG,0.395231612404639
TTCGAT,0.398769681159616
TTCGCA,0.399866705261891
TTCGCC,0.399023521632
TTCGCG,0.411552997337343
TTCGCT,0.405793655833574
TTCGGA,0.409294617001095
TTCGGC,0.405511862065316
TTCGGG,0.439489705503103
TTCGGT,0.4080377539251
TTCGTA,0.399217591466821
TTCGTC,0.404680849783518
TTCGTG,0.414357792361673
TTCGTT,0.400753891788482
TTCTAA,0.39946385664676
TTCTAC,0.385669538847568
TTCTAG,0.412076272431504
TTCTAT,0.39163586046849
TTCTCA,0.398082495462791
TTCTCC,0.40312083796977
TTCTCG,0.403648542889164
TTCTCT,0.395111712274552
TTCTGA,0.424022078853581
TTCTGC,0.429735596358271
TTCTGG,0.48970873944964
TTCTGT,0.426385494715102
TTCTTA,0.39743222210174
TTCTTC,0.398717411886301
TTCTTG,0.416120562343629
TTCTTT,0.356609103716408
TTGAAA,0.395523808758112
TTGAAC,0.369055046996666
TTGAAG,0.429677681325143
TTGAAT,0.392470265719563
TTGACA,0.395913271132164
TTGACC,0.406942255954539
TTGACG,0.403195179457096
TTGACT,0.398926472589099
TTGAGA,0.397671452273662
TTGAGC,0.423723527681942
TTGAGG,0.514548440149125
TTGAGT,0.436596456941337
TTGATA,0.399956205141663
TTGATC,0.398829414126768
TTGATG,0.411737280365499
TTGATT,0.395815919757816
TTGCAA,0.409457154486438
TTGCAC,0.395845875036274
TTGCAG,0.451475677572097
TTGCAT,0.398433616720783
TTGCCA,0.413291277740119
TTGCCC,0.414357792361673
TTGCCG,0.419512484809866
TTGCCT,0.429460470073104
TTGCGA,0.400060611545031
TTGCGC,0.401178568040252
TTGCGG,0.422543013825652
TTGCGT,0.403247215210059
TTGCTA,0.402577977617474
TTGCTC,0.403388441463362
TTGCTG,0.470656793710677
TTGCTT,0.414475407083077
TTGGAA,0.41759449498899
TTGGAC,0.418553949734977
TTGGAG,0.510202878888476
TTGGAT,0.422316954084416
TTGGCA,0.446212989447561
TTGGCC,0.423388461696194
TTGGCG,0.408599840911166
TTGGCT,0.457119428340619
TTGGGA,0.527965218514803
TTGGGC,0.496442433373484
TTGGGG,0.670210121088574
TTGGGT,0.523690875699141
TTGGTA,0.435798084671969
TTGGTC,0.43341356162503
TTGGTG,0.528148934226945
TTGGTT,0.476863717200879
TTGTAA,0.381689845694463
TTGTAC,0.406920037499989
TTGTAG,0.42304599567115
TTGTAT,0.394796906017476
TTGTCA,0.416201281541456
TTGTCC,0.422360711571172
TTGTCG,0.405734337428351
TTGTCT,0.418531987785041
TTGTGA,0.429344604777453
TTGTGC,0.437817954945323
TTGTGG,0.53241737012243
TTGTGT,0.485349510587449
TTGTTA,0.398889143526105
TTGTTC,0.405949349908164
TTGTTG,0.423920144572229
TTGTTT,0.3925078351594
TTTAAA,0.360612097156539
TTTAAC,0.389271693362604
TTTAAG,0.399284760712471
TTTAAT,0.376587886762526
TTTACA,0.378509887808989
TTTACC,0.401610509708356
TTTACG,0.402116686593731
TTTACT,0.392560430004027
TTTAGA,0.417733709635805
TTTAGC,0.405941936454261
TTTAGG,0.448659571417683
TTTAGT,0.38617628580643
TTTATA,0.382616064170207
TTTATC,0.397118145623351
TTTATG,0.399642920511439
TTTATT,0.37116812601418
TTTCAA,0.389377221218981
TTTCAC,0.369885443283567
TTTCAG,0.416157253695815
TTTCAT,0.384322007199116
TTTCCA,0.405630521751651
TTTCCC,0.408133922785269
TTTCCG,0.411427665477299
TTTCCT,0.413548816465677
TTTCGA,0.399068310321493
TTTCGC,0.405956763307108
TTTCGG,0.414166638930806
TTTCGT,0.406468155155101
TTTCTA,0.394766919299902
TTTCTC,0.397252761907417
TTTCTG,0.443874614111319
TTTCTT,0.361960951378825
TTTGAA,0.397402314305789
TTTGAC,0.4034478991826
TTTGAG,0.42966320204276
TTTGAT,0.396437307993933
TTTGCA,0.409213338350437
TTTGCC,0.418239115687516
TTTGCG,0.413762155461407
TTTGCT,0.419329629194535
TTTGGA,0.444909021497237
TTTGGC,0.418912593324646
TTTGGG,0.528391649661506
TTTGGT,0.455836666579128
TTTGTA,0.396639363131101
TTTGTC,0.406971879792712
TTTGTG,0.465668953135472
TTTGTT,0.387211671192777
TTTTAA,0.354027821021149
TTTTAC,0.384231097001032
TTTTAG,0.395741027635666
TTTTAT,0.375915840608558
TTTTCA,0.38182655484011
TTTTCC,0.380047876511356
TTTTCG,0.413070477458528
TTTTCT,0.379720680988911
TTTTGA,0.389851958811544
TTTTGC,0.399665301240201
TTTTGG,0.434228252683158
TTTTGT,0.356352054115095
TTTTTA,0.330155622903072
TTTTTC,0.37503691715971
TTTTTG,0.342253821032253
TTTTTT,0
