MOTIF,Score
AAAAAAA,0
AAAAAAC,0.595886579488047
AAAAAAG,0.570775920392374
AAAAAAT,0.549309811700824
AAAAACA,0.589516880324906
AAAAACC,0.604682182300232
AAAAACG,0.612052989048112
AAAAACT,0.600358032263859
AAAAAGA,0.593278275944449
AAAAAGC,0.600878259663196
AAAAAGG,0.619068502923202
AAAAAGT,0.595689478446045
AAAAATA,0.548600352447453
AAAAATC,0.603067070187825
AAAAATG,0.616226220369059
AAAAATT,0.556867012613988
AAAACAA,0.591997375313496
AAAACAC,0.610247049654161
AAAACAG,0.60201158851324
AAAACAT,0.620591121825942
AAAACCA,0.599692428933459
AAAACCC,0.598069231109659
AAAACCG,0.609427394224645
AAAACCT,0.615411453168017
AAAACGA,0.609232944360774
AAAACGC,0.609942926034544
AAAACGG,0.615243377350459
AAAACGT,0.612558742348287
AAAACTA,0.600127681243147
AAAACTC,0.614301630364638
AAAACTG,0.606515146870037
AAAACTT,0.617920824380313
AAAAGAA,0.606362528081369
AAAAGAC,0.607269419875077
AAAAGAG,0.620825165252056
AAAAGAT,0.609613354372718
AAAAGCA,0.603883452869473
AAAAGCC,0.611538544175517
AAAAGCG,0.615066867333239
AAAAGCT,0.610635517508003
AAAAGGA,0.622712227381951
AAAAGGC,0.609765477867445
AAAAGGG,0.618649794761938
AAAAGGT,0.652560303611324
AAAAGTA,0.603007516205263
AAAAGTC,0.611023834513169
AAAAGTG,0.622370148558194
AAAAGTT,0.600426274229236
AAAATAA,0.581742818874361
AAAATAC,0.574800885205429
AAAATAG,0.597239528873095
AAAATAT,0.603398806037559
AAAATCA,0.610255496212343
AAAATCC,0.609587998206905
AAAATCG,0.611192620972227
AAAATCT,0.613779924520677
AAAATGA,0.608962342505521
AAAATGC,0.612196311787817
AAAATGG,0.623362688592875
AAAATGT,0.62997664967589
AAAATTA,0.560699749476336
AAAATTC,0.623362688592875
AAAATTG,0.612440756121529
AAAATTT,0.607616702634193
AAACAAA,0.584866630517435
AAACAAC,0.604172428654522
AAACAAG,0.605234122341977
AAACAAT,0.620398830882884
AAACACA,0.611749414244981
AAACACC,0.61207828278897
AAACACG,0.611192620972227
AAACACT,0.610373740536332
AAACAGA,0.61931964369386
AAACAGC,0.608666287857752
AAACAGG,0.631854803302038
AAACAGT,0.609875330445593
AAACATA,0.612887344881107
AAACATC,0.617669332019068
AAACATG,0.621894381048896
AAACATT,0.607972330695048
AAACCAA,0.603330766629294
AAACCAC,0.606167481282273
AAACCAG,0.609579546008757
AAACCAT,0.613064239991355
AAACCCA,0.607099969875941
AAACCCC,0.585299722500114
AAACCCG,0.611555415417526
AAACCCT,0.599325304238378
AAACCGA,0.610331512025648
AAACCGC,0.612449184170827
AAACCGG,0.612525033418246
AAACCGT,0.612996855067621
AAACCTA,0.617769936553502
AAACCTC,0.61616744495544
AAACCTG,0.611150427028219
AAACCTT,0.609461207732913
AAACGAA,0.613300051472617
AAACGAC,0.61210357589007
AAACGAG,0.614310042745046
AAACGAT,0.61210357589007
AAACGCA,0.614276392798796
AAACGCC,0.608843931164008
AAACGCG,0.612052989048112
AAACGCT,0.609900679326902
AAACGGA,0.615604705441244
AAACGGC,0.614898733584286
AAACGGG,0.620532602409611
AAACGGT,0.616184238283268
AAACGTA,0.618272807462568
AAACGTC,0.615066867333239
AAACGTG,0.610018965610936
AAACGTT,0.614999617225895
AAACTAA,0.60749813183695
AAACTAC,0.608928512124375
AAACTAG,0.609131477245958
AAACTAT,0.614579201559339
AAACTCA,0.61019636880679
AAACTCC,0.590068633405965
AAACTCG,0.61777831980786
AAACTCT,0.613611574235684
AAACTGA,0.612187881607019
AAACTGC,0.619662767444693
AAACTGG,0.618004641114156
AAACTGT,0.616394131089486
AAACTTA,0.606854216363954
AAACTTC,0.615352629845196
AAACTTG,0.622320078425771
AAACTTT,0.619545616473797
AAAGAAA,0.604308388369495
AAAGAAC,0.613451615209059
AAAGAAG,0.644724516255792
AAAGAAT,0.619863565755916
AAAGACA,0.607887668817835
AAAGACC,0.607235532172236
AAAGACG,0.614764206228507
AAAGACT,0.611530108447771
AAAGAGA,0.611757848122933
AAAGAGC,0.614982803992382
AAAGAGG,0.635740548678024
AAAGAGT,0.618582785183764
AAAGATA,0.61201083139158
AAAGATC,0.618725175170481
AAAGATG,0.618926161818008
AAAGATT,0.618247669922089
AAAGCAA,0.608454766577081
AAAGCAC,0.610525748411212
AAAGCAG,0.614478275493609
AAAGCAT,0.616771827157821
AAAGCCA,0.616469681716361
AAAGCCC,0.614276392798796
AAAGCCG,0.613990322529062
AAAGCCT,0.613224260989188
AAAGCGA,0.615251781812296
AAAGCGC,0.611293879174697
AAAGCGG,0.618926161818008
AAAGCGT,0.619110364098534
AAAGCTA,0.615789520502175
AAAGCTC,0.616175841654606
AAAGCTG,0.624046050893368
AAAGCTT,0.616385736223039
AAAGGAA,0.625452972636849
AAAGGAC,0.613038971177069
AAAGGAG,0.640488501028592
AAAGGAT,0.62790410866449
AAAGGCA,0.623262645172254
AAAGGCC,0.61700676606872
AAAGGCG,0.613880921089279
AAAGGCT,0.619261049821867
AAAGGGA,0.645401595182028
AAAGGGC,0.615907112304875
AAAGGGG,0.643507885844302
AAAGGGT,0.62536145805056
AAAGGTA,0.674304570497116
AAAGGTC,0.610449747362071
AAAGGTG,0.63981628675446
AAAGGTT,0.633886184402196
AAAGTAA,0.629214453999049
AAAGTAC,0.606769459768127
AAAGTAG,0.608175489961203
AAAGTAT,0.613847256699766
AAAGTCA,0.614755797667844
AAAGTCC,0.609824630755197
AAAGTCG,0.609951375161903
AAAGTCT,0.612541888025303
AAAGTGA,0.624379228974438
AAAGTGC,0.56862967438605
AAAGTGG,0.628410204987143
AAAGTGT,0.61912710807802
AAAGTTA,0.6129463133948
AAAGTTC,0.609571093739169
AAAGTTG,0.611985535944545
AAAGTTT,0.611420437510892
AAATAAA,0.576925208378822
AAATAAC,0.607794532473535
AAATAAG,0.608454766577081
AAATAAT,0.610551080810722
AAATACA,0.571039485385645
AAATACC,0.615293803061989
AAATACG,0.612668288524068
AAATACT,0.609503473010472
AAATAGA,0.609165300761529
AAATAGC,0.601449345267737
AAATAGG,0.608437842941647
AAATAGT,0.61496599047618
AAATATA,0.595260863848085
AAATATC,0.61749324972582
AAATATG,0.621117642526518
AAATATT,0.615411453168017
AAATCAA,0.611740980295898
AAATCAC,0.608454766577081
AAATCAG,0.623195943997693
AAATCAT,0.604639712753131
AAATCCA,0.617795086105741
AAATCCC,0.604044949631371
AAATCCG,0.612027694667466
AAATCCT,0.609139933232104
AAATCGA,0.611909645764056
AAATCGC,0.610855019560433
AAATCGG,0.613131620374668
AAATCGT,0.615797920375245
AAATCTA,0.611749414244981
AAATCTC,0.620081051769425
AAATCTG,0.616948036515445
AAATCTT,0.629164725400313
AAATGAA,0.610947871311106
AAATGAC,0.605149228315372
AAATGAG,0.614267980135305
AAATGAT,0.609900679326902
AAATGCA,0.613805174619122
AAATGCC,0.615176139112784
AAATGCG,0.61235647172155
AAATGCT,0.615260186203499
AAATGGA,0.611158865959448
AAATGGC,0.621919427088116
AAATGGG,0.636349677807179
AAATGGT,0.628791682064124
AAATGTA,0.634059403968255
AAATGTC,0.61668790702548
AAATGTG,0.616268200692428
AAATGTT,0.621326502504577
AAATTAA,0.610255496212343
AAATTAC,0.614015567315563
AAATTAG,0.569764943897769
AAATTAT,0.604444329601937
AAATTCA,0.614629660772684
AAATTCC,0.620733226152895
AAATTCG,0.621535318869256
AAATTCT,0.604163930558543
AAATTGA,0.608632447459313
AAATTGC,0.611842182990519
AAATTGG,0.624229312574999
AAATTGT,0.627032358913273
AAATTTA,0.6219361240991
AAATTTC,0.619955584841968
AAATTTG,0.615890314322496
AAATTTT,0.616033088179283
AACAAAA,0.594282935088377
AACAAAC,0.607447311476887
AACAAAG,0.611319192123329
AACAAAT,0.617627410475689
AACAACA,0.605675455141017
AACAACC,0.609004628872571
AACAACG,0.612811523110804
AACAACT,0.608970799921983
AACAAGA,0.606091148264738
AACAAGC,0.612432328001197
AACAAGG,0.619369864280276
AACAAGT,0.609325946839178
AACAATA,0.61667951462489
AACAATC,0.6123058976715
AACAATG,0.616494863990284
AACAATT,0.622069690151477
AACACAA,0.609587998206905
AACACAC,0.602496907959038
AACACAG,0.610576412568518
AACACAT,0.614823064173527
AACACCA,0.612196311787817
AACACCC,0.612044557658986
AACACCG,0.61137825317847
AACACCT,0.608793179153684
AACACGA,0.610179474620194
AACACGC,0.615411453168017
AACACGG,0.605361449870297
AACACGT,0.613342154814816
AACACTA,0.614747389036476
AACACTC,0.612466040056332
AACACTG,0.611496364825157
AACACTT,0.613350575270537
AACAGAA,0.615058461317145
AACAGAC,0.613207417879433
AACAGAG,0.613182152682868
AACAGAT,0.619085247603619
AACAGCA,0.614124954026652
AACAGCC,0.606133556216049
AACAGCG,0.609511925851625
AACAGCT,0.619821736099278
AACAGGA,0.629686752390357
AACAGGC,0.614873511083567
AACAGGG,0.640865399089713
AACAGGT,0.625311537473343
AACAGTA,0.613721005144757
AACAGTC,0.621318148942953
AACAGTG,0.621760791577557
AACAGTT,0.617501635300025
AACATAA,0.61177471566545
AACATAC,0.61137825317847
AACATAG,0.609207578547264
AACATAT,0.616007894273963
AACATCA,0.61921082377029
AACATCC,0.615487078070506
AACATCG,0.613434775928253
AACATCT,0.614461453492297
AACATGA,0.608420919019799
AACATGC,0.619436821139127
AACATGG,0.599154502632335
AACATGT,0.609182212090313
AACATTA,0.619512142246873
AACATTC,0.607963864829863
AACATTG,0.61118418232585
AACATTT,0.611960239857634
AACCAAA,0.611631332484362
AACCAAC,0.610339957870445
AACCAAG,0.611285441382763
AACCAAT,0.614217502668078
AACCACA,0.604427337958474
AACCACC,0.610171027419865
AACCACG,0.609241399488963
AACCACT,0.612499750975002
AACCAGA,0.614352103585598
AACCAGC,0.607523541048499
AACCAGG,0.61818901320348
AACCAGT,0.608175489961203
AACCATA,0.611226374845643
AACCATC,0.614427808640711
AACCATG,0.614116540089056
AACCATT,0.609342855451465
AACCCAA,0.619286161901691
AACCCAC,0.604376361295719
AACCCAG,0.606879641941948
AACCCAT,0.612171021032216
AACCCCA,0.605607570463666
AACCCCC,0.610635517508003
AACCCCG,0.602181902862378
AACCCCT,0.610922548961384
AACCCGA,0.618800549897246
AACCCGC,0.616503257940672
AACCCGG,0.604605735816765
AACCCGT,0.611757848122933
AACCCTA,0.611319192123329
AACCCTC,0.614175436165598
AACCCTG,0.610002068426967
AACCCTT,0.614066054976747
AACCGAA,0.612904193382704
AACCGAC,0.611690375107584
AACCGAG,0.612196311787817
AACCGAT,0.611656636892605
AACCGCA,0.610407522060988
AACCGCC,0.610449747362071
AACCGCG,0.61407446933913
AACCGCT,0.613880921089279
AACCGGA,0.617987878329398
AACCGGC,0.612811523110804
AACCGGG,0.618440374919252
AACCGGT,0.617786702991939
AACCGTA,0.612289039086415
AACCGTC,0.613763090767502
AACCGTG,0.613931415548723
AACCGTT,0.616973206746339
AACCTAA,0.615755920304298
AACCTAC,0.614663298833786
AACCTAG,0.616721475923531
AACCTAT,0.612322755972378
AACCTCA,0.606328609631587
AACCTCC,0.590447787132262
AACCTCG,0.613830424080016
AACCTCT,0.607904601766698
AACCTGA,0.610179474620194
AACCTGC,0.611572286374902
AACCTGG,0.617954351916884
AACCTGT,0.611428874163838
AACCTTA,0.617182934036418
AACCTTC,0.609097652586318
AACCTTG,0.620866952957525
AACCTTT,0.616721475923531
AACGAAA,0.610930989815872
AACGAAC,0.613055817124205
AACGAAG,0.614284805391514
AACGAAT,0.615066867333239
AACGACA,0.609790829533511
AACGACC,0.612036126198771
AACGACG,0.61137825317847
AACGACT,0.613224260989188
AACGAGA,0.60787920223588
AACGAGC,0.61562150822192
AACGAGG,0.616746651857582
AACGAGT,0.61700676606872
AACGATA,0.613384256384398
AACGATC,0.613266367522473
AACGATG,0.618172253509052
AACGATT,0.610120342719378
AACGCAA,0.611816883277034
AACGCAC,0.612887344881107
AACGCAG,0.614646479944675
AACGCAT,0.61553749149506
AACGCCA,0.610255496212343
AACGCCC,0.612331185016242
AACGCCG,0.613838840425309
AACGCCT,0.612145729636977
AACGCGA,0.613266367522473
AACGCGC,0.611023834513169
AACGCGG,0.612853647026272
AACGCGT,0.613215839469772
AACGCTA,0.613081085512824
AACGCTC,0.614553970997835
AACGCTG,0.613729422411003
AACGCTT,0.612878920523855
AACGGAA,0.615108896353824
AACGGAC,0.611108231303806
AACGGAG,0.617920824380313
AACGGAT,0.611639767358255
AACGGCA,0.613754673784648
AACGGCC,0.610373740536332
AACGGCG,0.615495480484427
AACGGCT,0.613880921089279
AACGGGA,0.61371258780766
AACGGGC,0.618222531749698
AACGGGG,0.62933047778004
AACGGGT,0.615907112304875
AACGGTA,0.614023982102776
AACGGTC,0.614545560669202
AACGGTG,0.613973492317333
AACGGTT,0.616813784583168
AACGTAA,0.615260186203499
AACGTAC,0.612280609687291
AACGTAG,0.611412000786768
AACGTAT,0.613502131350177
AACGTCA,0.615016430176727
AACGTCC,0.610415967263844
AACGTCG,0.613131620374668
AACGTCT,0.612600876912992
AACGTGA,0.61331689302222
AACGTGC,0.612381757787457
AACGTGG,0.607921534428841
AACGTGT,0.61327478861638
AACGTTA,0.611555415417526
AACGTTC,0.615016430176727
AACGTTG,0.615915511190251
AACGTTT,0.614831472168598
AACTAAA,0.610551080810722
AACTAAC,0.618909414473517
AACTAAG,0.611243251355115
AACTAAT,0.609089196242638
AACTACA,0.607040655592075
AACTACC,0.612137299029749
AACTACG,0.609942926034544
AACTACT,0.607701387454049
AACTAGA,0.613190574485982
AACTAGC,0.610458192208335
AACTAGG,0.61758548717482
AACTAGT,0.615705517890563
AACTATA,0.616998376343708
AACTATC,0.612676714655939
AACTATG,0.614898733584286
AACTATT,0.615923910005086
AACTCAA,0.616201031329084
AACTCAC,0.612221601903812
AACTCAG,0.616998376343708
AACTCAT,0.611420437510892
AACTCCA,0.610407522060988
AACTCCC,0.604044949631371
AACTCCG,0.611614462523129
AACTCCT,0.578591782097749
AACTCGA,0.609790829533511
AACTCGC,0.613931415548723
AACTCGG,0.614688526637073
AACTCGT,0.61505005523039
AACTCTA,0.613308472282873
AACTCTC,0.615495480484427
AACTCTG,0.614764206228507
AACTCTT,0.615613106866874
AACTGAA,0.620591121825942
AACTGAC,0.614099712001479
AACTGAG,0.609427394224645
AACTGAT,0.614108126080666
AACTGCA,0.617686100144355
AACTGCC,0.618557655434252
AACTGCG,0.617174545789283
AACTGCT,0.618624666696325
AACTGGA,0.621050798119416
AACTGGC,0.627879212072064
AACTGGG,0.630067742897151
AACTGGT,0.627048970772161
AACTGTA,0.61366208229714
AACTGTC,0.618825673543698
AACTGTG,0.623579415008305
AACTGTT,0.616671122153868
AACTTAA,0.607642108833168
AACTTAC,0.612980008127175
AACTTAG,0.614167022652748
AACTTAT,0.614066054976747
AACTTCA,0.618272807462568
AACTTCC,0.614528739799733
AACTTCG,0.613030548097079
AACTTCT,0.617526791600741
AACTTGA,0.623412706550178
AACTTGC,0.619989044228533
AACTTGG,0.619302902937904
AACTTGT,0.612971584550518
AACTTTA,0.610491970880253
AACTTTC,0.625477929706952
AACTTTG,0.620189777041189
AACTTTT,0.620248316522312
AAGAAAA,0.610306174063252
AAGAAAC,0.620081051769425
AAGAAAG,0.62723998731783
AAGAAAT,0.623696094395132
AAGAACA,0.616226220369059
AAGAACC,0.619788271114124
AAGAACG,0.617887295719608
AAGAACT,0.616410920610962
AAGAAGA,0.647137064274184
AAGAAGC,0.61981336995798
AAGAAGG,0.656713344288859
AAGAAGT,0.636596516386382
AAGAATA,0.611412000786768
AAGAATC,0.620724867633809
AAGAATG,0.627729819499457
AAGAATT,0.623904416587507
AAGACAA,0.610044310851561
AAGACAC,0.611260127579774
AAGACAG,0.625552797180349
AAGACAT,0.613779924520677
AAGACCA,0.602496907959038
AAGACCC,0.604274400173685
AAGACCG,0.612415471547432
AAGACCT,0.619411712842433
AAGACGA,0.612145729636977
AAGACGC,0.608327832329545
AAGACGG,0.611006954300269
AAGACGT,0.612187881607019
AAGACTA,0.618046546846758
AAGACTC,0.604775608955448
AAGACTG,0.61894290888203
AAGACTT,0.614116540089056
AAGAGAA,0.632342380755854
AAGAGAC,0.616201031329084
AAGAGAG,0.632590210352332
AAGAGAT,0.619101992003656
AAGAGCA,0.624970346815421
AAGAGCC,0.621460150001086
AAGAGCG,0.612289039086415
AAGAGCT,0.614267980135305
AAGAGGA,0.638954864283197
AAGAGGC,0.626799763909026
AAGAGGG,0.665367798238336
AAGAGGT,0.638872785333654
AAGAGTA,0.621668938462758
AAGAGTC,0.618658170643495
AAGAGTG,0.619512142246873
AAGAGTT,0.620231591305955
AAGATAA,0.615142518298503
AAGATAC,0.617275200111267
AAGATAG,0.620331938408364
AAGATAT,0.610171027419865
AAGATCA,0.615234972817987
AAGATCC,0.616587193569569
AAGATCG,0.604894502985014
AAGATCT,0.62036538520495
AAGATGA,0.609182212090313
AAGATGC,0.626434148133698
AAGATGG,0.633399359274612
AAGATGT,0.626650209975748
AAGATTA,0.615487078070506
AAGATTC,0.622687201191618
AAGATTG,0.613249525121914
AAGATTT,0.630721714167645
AAGCAAA,0.607159280641832
AAGCAAC,0.612255321063585
AAGCAAG,0.612052989048112
AAGCAAT,0.599094715177387
AAGCACA,0.611740980295898
AAGCACC,0.606710125876469
AAGCACG,0.612744121155036
AAGCACT,0.618808924516197
AAGCAGA,0.613889337009583
AAGCAGC,0.621835937851086
AAGCAGG,0.648324897250398
AAGCAGT,0.621585428309131
AAGCATA,0.621201191752513
AAGCATC,0.615192949096049
AAGCATG,0.6218609853541
AAGCATT,0.617878913378777
AAGCCAA,0.616066679065711
AAGCCAC,0.617031934821439
AAGCCAG,0.620783375800302
AAGCCAT,0.616075076611017
AAGCCCA,0.621552022294877
AAGCCCC,0.620398830882884
AAGCCCG,0.609655613220382
AAGCCCT,0.617677716116858
AAGCCGA,0.620306852576766
AAGCCGC,0.614881918654493
AAGCCGG,0.623921080488249
AAGCCGT,0.617543562116315
AAGCCTA,0.614520329258894
AAGCCTC,0.61463807039404
AAGCCTG,0.620749942981475
AAGCCTT,0.618465507616129
AAGCGAA,0.61359473764828
AAGCGAC,0.614612841317805
AAGCGAG,0.618448752555061
AAGCGAT,0.594609017613674
AAGCGCA,0.609951375161903
AAGCGCC,0.615066867333239
AAGCGCG,0.615831519161964
AAGCGCT,0.608073915487336
AAGCGGA,0.614671708172264
AAGCGGC,0.614940769671813
AAGCGGG,0.625136795825467
AAGCGGT,0.620223228592875
AAGCGTA,0.613973492317333
AAGCGTC,0.614049226039573
AAGCGTG,0.619512142246873
AAGCGTT,0.614133367893454
AAGCTAA,0.613131620374668
AAGCTAC,0.615604705441244
AAGCTAG,0.619687869438705
AAGCTAT,0.61849063968137
AAGCTCA,0.614158609069109
AAGCTCC,0.611125109807229
AAGCTCG,0.613232682437683
AAGCTCT,0.610086551491809
AAGCTGA,0.619637664820556
AAGCTGC,0.614267980135305
AAGCTGG,0.636152163065345
AAGCTGT,0.618783800448939
AAGCTTA,0.617828617858202
AAGCTTC,0.615772720544358
AAGCTTG,0.620256679025593
AAGCTTT,0.618071689443423
AAGGAAA,0.635493498696402
AAGGAAC,0.6218609853541
AAGGAAG,0.648365551485026
AAGGAAT,0.635337002134166
AAGGACA,0.615856717511198
AAGGACC,0.613838840425309
AAGGACG,0.61673825994999
AAGGACT,0.612289039086415
AAGGAGA,0.651101844135842
AAGGAGC,0.625394737050944
AAGGAGG,0.663159124454477
AAGGAGT,0.633085685362833
AAGGATA,0.612145729636977
AAGGATC,0.623104222617606
AAGGATG,0.637221568230677
AAGGATT,0.618172253509052
AAGGCAA,0.617769936553502
AAGGCAC,0.61679700182428
AAGGCAG,0.640226227266622
AAGGCAT,0.619562353167072
AAGGCCA,0.615764320459609
AAGGCCC,0.625619341340367
AAGGCCG,0.616343760833662
AAGGCCT,0.626907761174801
AAGGCGA,0.612828372889923
AAGGCGC,0.608818555480817
AAGGCGG,0.631739072050413
AAGGCGT,0.613300051472617
AAGGCTA,0.619503773515057
AAGGCTC,0.619595825713295
AAGGCTG,0.631598523236129
AAGGCTT,0.623846090748041
AAGGGAA,0.637731189739538
AAGGGAC,0.640136054771638
AAGGGAG,0.659410838234902
AAGGGAT,0.63691731547704
AAGGGCA,0.629968368062472
AAGGGCC,0.631995316103608
AAGGGCG,0.617392617350185
AAGGGCT,0.632548909684594
AAGGGGA,0.665759408456561
AAGGGGC,0.659772634432582
AAGGGGG,0.677468556427188
AAGGGGT,0.65506711945742
AAGGGTA,0.62868388807608
AAGGGTC,0.628916045305864
AAGGGTG,0.66191660364735
AAGGGTT,0.623612753365185
AAGGTAA,0.735220456192178
AAGGTAC,0.635493498696402
AAGGTAG,0.637796928439847
AAGGTAT,0.641029223514963
AAGGTCA,0.622286696944647
AAGGTCC,0.616889303512807
AAGGTCG,0.614629660772684
AAGGTCT,0.620933809654366
AAGGTGA,0.690064326136374
AAGGTGC,0.619302902937904
AAGGTGG,0.663751783898037
AAGGTGT,0.635147526153429
AAGGTTA,0.627862613999418
AAGGTTC,0.617317136422139
AAGGTTG,0.635254625684234
AAGGTTT,0.631805205834237
AAGTAAA,0.622386838045236
AAGTAAC,0.623729428862405
AAGTAAG,0.670319550086046
AAGTAAT,0.623537740499174
AAGTACA,0.622795643493332
AAGTACC,0.625452972636849
AAGTACG,0.616217824092899
AAGTACT,0.609368217833842
AAGTAGA,0.621451797555824
AAGTAGC,0.605514221507133
AAGTAGG,0.617635794924959
AAGTAGT,0.615134112918311
AAGTATA,0.635221673204121
AAGTATC,0.631681201401566
AAGTATG,0.623104222617606
AAGTATT,0.642371572416855
AAGTCAA,0.618306323200289
AAGTCAC,0.622286696944647
AAGTCAG,0.616536833037658
AAGTCAT,0.617350684204651
AAGTCCA,0.617912442320527
AAGTCCC,0.614722162718132
AAGTCCG,0.61433527946167
AAGTCCT,0.612272180217113
AAGTCGA,0.615520687302597
AAGTCGC,0.611521672648864
AAGTCGG,0.617652563612605
AAGTCGT,0.61268514071681
AAGTCTA,0.61664594431819
AAGTCTC,0.618691673468189
AAGTCTG,0.620139597615429
AAGTCTT,0.610880343620193
AAGTGAA,0.626151535268095
AAGTGAC,0.619545616473797
AAGTGAG,0.63544408137519
AAGTGAT,0.60414693414993
AAGTGCA,0.613847256699766
AAGTGCC,0.626774839806649
AAGTGCG,0.615394646857431
AAGTGCT,0.573215632699951
AAGTGGA,0.634018163935892
AAGTGGC,0.628509734777006
AAGTGGG,0.656713344288859
AAGTGGT,0.628559495957366
AAGTGTA,0.623621087780745
AAGTGTC,0.630216786635327
AAGTGTG,0.639603051255773
AAGTGTT,0.627870913070178
AAGTTAA,0.612002399646997
AAGTTAC,0.617099048398577
AAGTTAG,0.617761553228865
AAGTTAT,0.621426739801452
AAGTTCA,0.611167304819462
AAGTTCC,0.615033242844889
AAGTTCG,0.614730571561621
AAGTTCT,0.61496599047618
AAGTTGA,0.61920245251643
AAGTTGC,0.609266764444603
AAGTTGG,0.639061556846848
AAGTTGT,0.620331938408364
AAGTTTA,0.628177930279522
AAGTTTC,0.619328013966745
AAGTTTG,0.623546075539943
AAGTTTT,0.623846090748041
AATAAAA,0.589715201634032
AATAAAC,0.61106603379884
AATAAAG,0.611462620063871
AATAAAT,0.59731654053455
AATAACA,0.608454766577081
AATAACC,0.618180633391378
AATAACG,0.609444301121698
AATAACT,0.609385125731405
AATAAGA,0.606082666458659
AATAAGC,0.615957504559045
AATAAGG,0.618515771115006
AATAAGT,0.605285055298797
AATAATA,0.606803363268504
AATAATC,0.61289576916739
AATAATG,0.619646032431951
AATAATT,0.617065492173037
AATACAA,0.574223128395084
AATACAC,0.610939430599112
AATACAG,0.604503798080525
AATACAT,0.610432857455594
AATACCA,0.614200676279437
AATACCC,0.608353220468069
AATACCG,0.616444498808275
AATACCT,0.616192634841427
AATACGA,0.614848287946659
AATACGC,0.611293879174697
AATACGG,0.612567169403255
AATACGT,0.615470273030858
AATACTA,0.606048738514916
AATACTC,0.614823064173527
AATACTG,0.614360515541419
AATACTT,0.61999740890025
AATAGAA,0.614158609069109
AATAGAC,0.610610187247414
AATAGAG,0.609993619727913
AATAGAT,0.613788341291
AATAGCA,0.6090384566788
AATAGCC,0.610728389641116
AATAGCG,0.611293879174697
AATAGCT,0.61247446789254
AATAGGA,0.616721475923531
AATAGGC,0.615890314322496
AATAGGG,0.621944472500047
AATAGGT,0.620407192127588
AATAGTA,0.616184238283268
AATAGTC,0.61319899621817
AATAGTG,0.614831472168598
AATAGTT,0.610736832134626
AATATAA,0.607176225928843
AATATAC,0.608378607962052
AATATAG,0.611302316895435
AATATAT,0.60878472023487
AATATCA,0.610947871311106
AATATCC,0.615915511190251
AATATCG,0.611892780497344
AATATCT,0.61441939725094
AATATGA,0.614284805391514
AATATGC,0.613939831044082
AATATGG,0.629529344377039
AATATGT,0.614251154596003
AATATTA,0.608843931164008
AATATTC,0.617384230861748
AATATTG,0.621234609488477
AATATTT,0.62514511754875
AATCAAA,0.610981633446643
AATCAAC,0.615587902378229
AATCAAG,0.60878472023487
AATCAAT,0.612996855067621
AATCACA,0.610475081686919
AATCACC,0.609689419012776
AATCACG,0.610736832134626
AATCACT,0.602777774758109
AATCAGA,0.614663298833786
AATCAGC,0.615167734015184
AATCAGG,0.636958436123899
AATCAGT,0.619570721408667
AATCATA,0.605658484403705
AATCATC,0.611783149330016
AATCATG,0.610407522060988
AATCATT,0.609664064775622
AATCCAA,0.611040714441131
AATCCAC,0.611960239857634
AATCCAG,0.614150195414681
AATCCAT,0.608226273329382
AATCCCA,0.551605366764701
AATCCCC,0.607328720591908
AATCCCG,0.607862268856919
AATCCCT,0.614839880092974
AATCCGA,0.613611574235684
AATCCGC,0.612828372889923
AATCCGG,0.612339613989058
AATCCGT,0.615411453168017
AATCCTA,0.610795927593563
AATCCTC,0.607760662561184
AATCCTG,0.611125109807229
AATCCTT,0.616998376343708
AATCGAA,0.614150195414681
AATCGAC,0.611631332484362
AATCGAG,0.614587611605047
AATCGAT,0.614612841317805
AATCGCA,0.611859049110585
AATCGCC,0.611158865959448
AATCGCG,0.612718844250329
AATCGCT,0.599376539031937
AATCGGA,0.61440257425914
AATCGGC,0.61341793636388
AATCGGG,0.613022124946141
AATCGGT,0.614099712001479
AATCGTA,0.616007894273963
AATCGTC,0.612929465602853
AATCGTG,0.611606027435789
AATCGTT,0.609182212090313
AATCTAA,0.608437842941647
AATCTAC,0.613182152682868
AATCTAG,0.615419856217392
AATCTAT,0.617937588289111
AATCTCA,0.599086173820588
AATCTCC,0.613224260989188
AATCTCG,0.611631332484362
AATCTCT,0.609410487041743
AATCTGA,0.615755920304298
AATCTGC,0.616016292312929
AATCTGG,0.617677716116858
AATCTGT,0.622219930639242
AATCTTA,0.612036126198771
AATCTTC,0.614528739799733
AATCTTG,0.611260127579774
AATCTTT,0.630448588305458
AATGAAA,0.620616200527513
AATGAAC,0.620164687643056
AATGAAG,0.618038165840724
AATGAAT,0.620315214590554
AATGACA,0.608082380420903
AATGACC,0.614158609069109
AATGACG,0.610213262707976
AATGACT,0.613998737528707
AATGAGA,0.623295994091216
AATGAGC,0.606082666458659
AATGAGG,0.634356282006037
AATGAGT,0.608437842941647
AATGATA,0.613948246468622
AATGATC,0.61926942058521
AATGATG,0.629504488215083
AATGATT,0.611614462523129
AATGCAA,0.610086551491809
AATGCAC,0.612272180217113
AATGCAG,0.617686100144355
AATGCAT,0.617182934036418
AATGCCA,0.618113592366468
AATGCCC,0.61792920636984
AATGCCG,0.617535176893684
AATGCCT,0.613586319248275
AATGCGA,0.612533460757284
AATGCGC,0.613300051472617
AATGCGG,0.615008023736645
AATGCGT,0.616016292312929
AATGCTA,0.61009499940575
AATGCTC,0.613822007663889
AATGCTG,0.625660929191834
AATGCTT,0.613746256730948
AATGGAA,0.626035142045804
AATGGAC,0.617333910454076
AATGGAG,0.630862386261775
AATGGAT,0.617711251805105
AATGGCA,0.617065492173037
AATGGCC,0.615898713348957
AATGGCG,0.609292128756878
AATGGCT,0.624878788049147
AATGGGA,0.633159985444968
AATGGGC,0.620298490493053
AATGGGG,0.664288078152075
AATGGGT,0.627215074185348
AATGGTA,0.637451752040593
AATGGTC,0.610753716907823
AATGGTG,0.629496202690468
AATGGTT,0.619311273350914
AATGTAA,0.633465383352082
AATGTAC,0.614015567315563
AATGTAG,0.618013022401165
AATGTAT,0.617333910454076
AATGTCA,0.618348216292853
AATGTCC,0.614124954026652
AATGTCG,0.61505005523039
AATGTCT,0.616721475923531
AATGTGA,0.62297079468141
AATGTGC,0.616948036515445
AATGTGG,0.615369436861942
AATGTGT,0.617526791600741
AATGTTA,0.61967950217738
AATGTTC,0.61400715245754
AATGTTG,0.6256359766885
AATGTTT,0.622837348939825
AATTAAA,0.603466840816778
AATTAAC,0.611572286374902
AATTAAG,0.622461937290194
AATTAAT,0.61433527946167
AATTACA,0.616654337000519
AATTACC,0.607726791501623
AATTACG,0.61118418232585
AATTACT,0.618901040696092
AATTAGA,0.612230031800348
AATTAGC,0.573206867414672
AATTAGG,0.614848287946659
AATTAGT,0.612541888025303
AATTATA,0.608437842941647
AATTATC,0.614410985790417
AATTATG,0.613527388463813
AATTATT,0.617350684204651
AATTCAA,0.61207828278897
AATTCAC,0.61572231897741
AATTCAG,0.61877542561958
AATTCAT,0.611260127579774
AATTCCA,0.613257946357652
AATTCCC,0.615923910005086
AATTCCG,0.617099048398577
AATTCCT,0.616217824092899
AATTCGA,0.613392676485614
AATTCGC,0.614722162718132
AATTCGG,0.614360515541419
AATTCGT,0.622520343915112
AATTCTA,0.607667514386684
AATTCTC,0.612735695591125
AATTCTG,0.616251408774561
AATTCTT,0.617140992097098
AATTGAA,0.618934535385077
AATTGAC,0.611665071553063
AATTGAG,0.608590145350801
AATTGAT,0.61594910602636
AATTGCA,0.613586319248275
AATTGCC,0.611993967831319
AATTGCG,0.613931415548723
AATTGCT,0.606091148264738
AATTGGA,0.62288739317979
AATTGGC,0.616914475222049
AATTGGG,0.637188680503562
AATTGGT,0.610441302444491
AATTGTA,0.619436821139127
AATTGTC,0.616024690281369
AATTGTG,0.633828437878419
AATTGTT,0.624295944860558
AATTTAA,0.616436104364649
AATTTAC,0.616419315265994
AATTTAG,0.616410920610962
AATTTAT,0.618901040696092
AATTTCA,0.622670516716772
AATTTCC,0.60886930620329
AATTTCG,0.611412000786768
AATTTCT,0.620206502956908
AATTTGA,0.604197922509159
AATTTGC,0.619219194954073
AATTTGG,0.624912083115916
AATTTGT,0.617954351916884
AATTTTA,0.60630317003924
AATTTTC,0.622570404021471
AATTTTG,0.622236622633511
AATTTTT,0.598274412069866
ACAAAAA,0.557650761144871
ACAAAAC,0.604027951200373
ACAAAAG,0.60426590294423
ACAAAAT,0.603492352665688
ACAAACA,0.604758622940081
ACAAACC,0.602735224252897
ACAAACG,0.610871902338196
ACAAACT,0.60878472023487
ACAAAGA,0.616536833037658
ACAAAGC,0.610711504440266
ACAAAGG,0.616217824092899
ACAAAGT,0.613342154814816
ACAAATA,0.609469660931334
ACAAATC,0.613973492317333
ACAAATG,0.613855672903391
ACAAATT,0.610652403991946
ACAACAA,0.60260756187291
ACAACAC,0.607574357534793
ACAACAG,0.610424412395379
ACAACAT,0.61407446933913
ACAACCA,0.607921534428841
ACAACCC,0.611867482063945
ACAACCG,0.609266764444603
ACAACCT,0.609376671818358
ACAACGA,0.613721005144757
ACAACGC,0.612845222385131
ACAACGG,0.613030548097079
ACAACGT,0.611631332484362
ACAACTA,0.613342154814816
ACAACTC,0.611943375444191
ACAACTG,0.622553717597796
ACAACTT,0.612044557658986
ACAAGAA,0.615066867333239
ACAAGAC,0.612836797673015
ACAAGAG,0.614755797667844
ACAAGAT,0.614528739799733
ACAAGCA,0.613645246560105
ACAAGCC,0.608133168517599
ACAAGCG,0.610432857455594
ACAAGCT,0.608979257266918
ACAAGGA,0.619821736099278
ACAAGGC,0.612255321063585
ACAAGGG,0.630729989544516
ACAAGGT,0.630175387825155
ACAAGTA,0.615705517890563
ACAAGTC,0.608657827865502
ACAAGTG,0.617476478366454
ACAAGTT,0.611825316585982
ACAATAA,0.607472721979758
ACAATAC,0.614116540089056
ACAATAG,0.608564763226722
ACAATAT,0.614596021580026
ACAATCA,0.608192418037147
ACAATCC,0.615075273278672
ACAATCG,0.611943375444191
ACAATCT,0.610297727933115
ACAATGA,0.613721005144757
ACAATGC,0.612466040056332
ACAATGG,0.619302902937904
ACAATGT,0.616226220369059
ACAATTA,0.615579500740841
ACAATTC,0.610491970880253
ACAATTG,0.620039231209354
ACAATTT,0.613872505098146
ACACAAA,0.603781441474991
ACACAAC,0.608742424567463
ACACAAG,0.610973193019622
ACACAAT,0.610238603024636
ACACACA,0.563677526892671
ACACACC,0.604418842028472
ACACACG,0.604733143376034
ACACACT,0.612407043213996
ACACAGA,0.617887295719608
ACACAGC,0.599709501220893
ACACAGG,0.628974076192885
ACACAGT,0.605276566652809
ACACATA,0.608277054118743
ACACATC,0.608065450482114
ACACATG,0.612651436047325
ACACATT,0.614023982102776
ACACCAA,0.607667514386684
ACACCAC,0.602113780603521
ACACCAG,0.613249525121914
ACACCAT,0.611167304819462
ACACCCA,0.610339957870445
ACACCCC,0.617845383312799
ACACCCG,0.612811523110804
ACACCCT,0.614696935763406
ACACCGA,0.610339957870445
ACACCGC,0.609697870282311
ACACCGG,0.615865116819843
ACACCGT,0.611960239857634
ACACCTA,0.610500415369955
ACACCTC,0.608150097309973
ACACCTG,0.600102083409576
ACACCTT,0.616956426662803
ACACGAA,0.610643960785619
ACACGAC,0.613207417879433
ACACGAG,0.614099712001479
ACACGAT,0.609883780144093
ACACGCA,0.622612118862538
ACACGCC,0.609833080882103
ACACGCG,0.612567169403255
ACACGCT,0.616897694152956
ACACGGA,0.608886222538434
ACACGGC,0.611006954300269
ACACGGG,0.617174545789283
ACACGGT,0.608183954034995
ACACGTA,0.611800016445772
ACACGTC,0.610981633446643
ACACGTG,0.615419856217392
ACACGTT,0.611302316895435
ACACTAA,0.61708227042656
ACACTAC,0.608530919392417
ACACTAG,0.614049226039573
ACACTAT,0.614259567401042
ACACTCA,0.613687335371251
ACACTCC,0.605514221507133
ACACTCG,0.610618630738902
ACACTCT,0.6198384681719
ACACTGA,0.613426356181513
ACACTGC,0.606549058993462
ACACTGG,0.624420868430431
ACACTGT,0.609993619727913
ACACTTA,0.619963949793566
ACACTTC,0.615848318132004
ACACTTG,0.614923955448845
ACACTTT,0.616083474085805
ACAGAAA,0.614183849607663
ACAGAAC,0.615167734015184
ACAGAAG,0.633630424476868
ACAGAAT,0.615747520078424
ACAGACA,0.613257946357652
ACAGACC,0.611428874163838
ACAGACG,0.613510550458936
ACAGACT,0.621744091638763
ACAGAGA,0.623796094463575
ACAGAGC,0.608454766577081
ACAGAGG,0.648316766205136
ACAGAGT,0.609689419012776
ACAGATA,0.613855672903391
ACAGATC,0.622837348939825
ACAGATG,0.618758675750446
ACAGATT,0.614057640543562
ACAGCAA,0.612887344881107
ACAGCAC,0.608877764406633
ACAGCAG,0.625777365975579
ACAGCAT,0.616175841654606
ACAGCCA,0.616654337000519
ACAGCCC,0.613796757990481
ACAGCCG,0.61336741596927
ACAGCCT,0.617401003768289
ACAGCGA,0.610247049654161
ACAGCGC,0.610323066109517
ACAGCGG,0.619687869438705
ACAGCGT,0.609469660931334
ACAGCTA,0.612609303612898
ACAGCTC,0.616276596545624
ACAGCTG,0.621911078478076
ACAGCTT,0.615361033388879
ACAGGAA,0.637583261861172
ACAGGAC,0.631730805019902
ACAGGAG,0.634974494985212
ACAGGAT,0.613687335371251
ACAGGCA,0.603849450227557
ACAGGCC,0.615982699733894
ACAGGCG,0.585845151473659
ACAGGCT,0.626425837130505
ACAGGGA,0.664272073532242
ACAGGGC,0.634999215556653
ACAGGGG,0.644406212353797
ACAGGGT,0.637188680503562
ACAGGTA,0.643319951886831
ACAGGTC,0.619938854728852
ACAGGTG,0.637977687585742
ACAGGTT,0.616536833037658
ACAGTAA,0.616805393238931
ACAGTAC,0.618700048998984
ACAGTAG,0.608700127111058
ACAGTAT,0.619085247603619
ACAGTCA,0.619972314675192
ACAGTCC,0.624046050893368
ACAGTCG,0.613561063623036
ACAGTCT,0.615512285100472
ACAGTGA,0.622854030631418
ACAGTGC,0.612803098114776
ACAGTGG,0.637599699372768
ACAGTGT,0.620055959643258
ACAGTTA,0.616125460402011
ACAGTTC,0.614116540089056
ACAGTTG,0.620674715052079
ACAGTTT,0.612516606008186
ACATAAA,0.606701649318836
ACATAAC,0.610466636983284
ACATAAG,0.617442934803862
ACATAAT,0.613114775704471
ACATACA,0.606727078776181
ACATACC,0.612196311787817
ACATACG,0.614217502668078
ACATACT,0.607692919294775
ACATAGA,0.608175489961203
ACATAGC,0.609900679326902
ACATAGG,0.614848287946659
ACATAGT,0.608581684714358
ACATATA,0.612626156799686
ACATATC,0.606455797886638
ACATATG,0.619026639995439
ACATATT,0.622745594661498
ACATCAA,0.614696935763406
ACATCAC,0.613325313690659
ACATCAG,0.613257946357652
ACATCAT,0.610973193019622
ACATCCA,0.612575596387208
ACATCCC,0.6137378396064
ACATCCG,0.612179451355153
ACATCCT,0.613257946357652
ACATCGA,0.612845222385131
ACATCGC,0.611487928741589
ACATCGG,0.611412000786768
ACATCGT,0.611968671957703
ACATCTA,0.609959824217874
ACATCTC,0.613611574235684
ACATCTG,0.610035862509395
ACATCTT,0.616889303512807
ACATGAA,0.618406863674148
ACATGAC,0.606735555118264
ACATGAG,0.609765477867445
ACATGAT,0.607650577422723
ACATGCA,0.620875310289077
ACATGCC,0.611918078290749
ACATGCG,0.612971584550518
ACATGCT,0.61749324972582
ACATGGA,0.614251154596003
ACATGGC,0.612760972069892
ACATGGG,0.633646927091324
ACATGGT,0.597479101234902
ACATGTA,0.614856695729651
ACATGTC,0.612044557658986
ACATGTG,0.621268026107733
ACATGTT,0.612592450142075
ACATTAA,0.616469681716361
ACATTAC,0.61118418232585
ACATTAG,0.615781120558546
ACATTAT,0.61437733924078
ACATTCA,0.604656700788411
ACATTCC,0.614293217913461
ACATTCG,0.609883780144093
ACATTCT,0.610365294976853
ACATTGA,0.613670500059368
ACATTGC,0.611015394442337
ACATTGG,0.612718844250329
ACATTGT,0.614789431486283
ACATTTA,0.609241399488963
ACATTTC,0.614915548231341
ACATTTG,0.616284992328331
ACATTTT,0.620022502495605
ACCAAAA,0.610052759122354
ACCAAAC,0.61106603379884
ACCAAAG,0.607777597660756
ACCAAAT,0.610010517054641
ACCAACA,0.602284077550251
ACCAACC,0.611977103986673
ACCAACG,0.611150427028219
ACCAACT,0.615319014964253
ACCAAGA,0.60642188260033
ACCAAGC,0.609351309650396
ACCAAGG,0.633646927091324
ACCAAGT,0.614579201559339
ACCAATA,0.613081085512824
ACCAATC,0.61521816354113
ACCAATG,0.613493712170536
ACCAATT,0.617149380625693
ACCACAA,0.606659265452857
ACCACAC,0.591205663584553
ACCACAG,0.605539681177674
ACCACAT,0.602828832974559
ACCACCA,0.59730798397615
ACCACCC,0.610483526319242
ACCACCG,0.611791582923457
ACCACCT,0.614318455054687
ACCACGA,0.610686176104396
ACCACGC,0.592221006378005
ACCACGG,0.613308472282873
ACCACGT,0.610145685390739
ACCACTA,0.611243251355115
ACCACTC,0.616360551200846
ACCACTG,0.607481192003895
ACCACTT,0.614276392798796
ACCAGAA,0.611892780497344
ACCAGAC,0.616696299355637
ACCAGAG,0.621894381048896
ACCAGAT,0.614217502668078
ACCAGCA,0.616595586744986
ACCAGCC,0.59502075940418
ACCAGCG,0.610703061732923
ACCAGCT,0.611943375444191
ACCAGGA,0.627406059008181
ACCAGGC,0.623587749701724
ACCAGGG,0.643279092004651
ACCAGGT,0.631672933892622
ACCAGTA,0.611150427028219
ACCAGTC,0.608056985405235
ACCAGTG,0.619821736099278
ACCAGTT,0.605938464747254
ACCATAA,0.611563850931793
ACCATAC,0.611960239857634
ACCATAG,0.617644179303931
ACCATAT,0.608310906545768
ACCATCA,0.609165300761529
ACCATCC,0.604078945626553
ACCATCG,0.611074473442285
ACCATCT,0.617258425094482
ACCATGA,0.608657827865502
ACCATGC,0.592564956544897
ACCATGG,0.620591121825942
ACCATGT,0.586355680417259
ACCATTA,0.613215839469772
ACCATTC,0.611108231303806
ACCATTG,0.613611574235684
ACCATTT,0.612558742348287
ACCCAAA,0.610618630738902
ACCCAAC,0.607913068133609
ACCCAAG,0.62288739317979
ACCCAAT,0.614234328773597
ACCCACA,0.617870530967682
ACCCACC,0.605285055298797
ACCCACG,0.615789520502175
ACCCACT,0.612584023300148
ACCCAGA,0.62723998731783
ACCCAGC,0.619369864280276
ACCCAGG,0.611740980295898
ACCCAGT,0.612019263065069
ACCCATA,0.61371258780766
ACCCATC,0.61610026882383
ACCCATG,0.620699791657354
ACCCATT,0.614200676279437
ACCCCAA,0.614856695729651
ACCCCAC,0.614545560669202
ACCCCAG,0.633919180918649
ACCCCAT,0.612744121155036
ACCCCCA,0.624329259338464
ACCCCCC,0.608327832329545
ACCCCCG,0.618431997213257
ACCCCCT,0.616033088179283
ACCCCGA,0.618624666696325
ACCCCGC,0.6137378396064
ACCCCGG,0.619420082344712
ACCCCGT,0.600127681243147
ACCCCTA,0.61746809258129
ACCCCTC,0.620373746729304
ACCCCTG,0.637098233676583
ACCCCTT,0.615797920375245
ACCCGAA,0.612996855067621
ACCCGAC,0.614301630364638
ACCCGAG,0.623454386270255
ACCCGAT,0.613283209639371
ACCCGCA,0.616872522021297
ACCCGCC,0.613998737528707
ACCCGCG,0.621176127717656
ACCCGCT,0.61067773318321
ACCCGGA,0.612937889534308
ACCCGGC,0.609537283946391
ACCCGGG,0.612423899809832
ACCCGGT,0.611395127124981
ACCCGTA,0.611057594084167
ACCCGTC,0.613384256384398
ACCCGTG,0.61981336995798
ACCCGTT,0.61137825317847
ACCCTAA,0.612322755972378
ACCCTAC,0.619821736099278
ACCCTAG,0.617426162600617
ACCCTAT,0.611023834513169
ACCCTCA,0.611327629630488
ACCCTCC,0.610162580148181
ACCCTCG,0.617660947850984
ACCCTCT,0.620632919312489
ACCCTGA,0.626326099704132
ACCCTGC,0.629206166070989
ACCCTGG,0.648885779768502
ACCCTGT,0.599427771200627
ACCCTTA,0.609985170957478
ACCCTTC,0.613864089036184
ACCCTTG,0.627713218946977
ACCCTTT,0.627090499212124
ACCGAAA,0.612036126198771
ACCGAAC,0.61183374982381
ACCGAAG,0.613038971177069
ACCGAAT,0.614797839764141
ACCGACA,0.614049226039573
ACCGACC,0.610669290190741
ACCGACG,0.612027694667466
ACCGACT,0.611040714441131
ACCGAGA,0.615781120558546
ACCGAGC,0.609207578547264
ACCGAGG,0.620783375800302
ACCGAGT,0.611040714441131
ACCGATA,0.612449184170827
ACCGATC,0.612693566706684
ACCGATG,0.612381757787457
ACCGATT,0.615898713348957
ACCGCAA,0.612457612149095
ACCGCAC,0.611099791945262
ACCGCAG,0.610939430599112
ACCGCAT,0.610407522060988
ACCGCCA,0.609283674057602
ACCGCCC,0.613401096515932
ACCGCCG,0.615243377350459
ACCGCCT,0.610365294976853
ACCGCGA,0.61668790702548
ACCGCGC,0.603713428096919
ACCGCGG,0.610618630738902
ACCGCGT,0.612735695591125
ACCGCTA,0.612533460757284
ACCGCTC,0.612651436047325
ACCGCTG,0.614671708172264
ACCGCTT,0.608370145535672
ACCGGAA,0.61991375903436
ACCGGAC,0.6148062479713
ACCGGAG,0.625727466156927
ACCGGAT,0.614385750984323
ACCGGCA,0.612145729636977
ACCGGCC,0.617317136422139
ACCGGCG,0.618205772617026
ACCGGCT,0.619821736099278
ACCGGGA,0.61945355965336
ACCGGGC,0.613586319248275
ACCGGGG,0.638445866162449
ACCGGGT,0.617258425094482
ACCGGTA,0.615209758796744
ACCGGTC,0.615470273030858
ACCGGTG,0.617803469149267
ACCGGTT,0.614528739799733
ACCGTAA,0.613148464761126
ACCGTAC,0.613038971177069
ACCGTAG,0.611099791945262
ACCGTAT,0.61207828278897
ACCGTCA,0.611842182990519
ACCGTCC,0.615529089434126
ACCGTCG,0.613165308863857
ACCGTCT,0.61235647172155
ACCGTGA,0.613510550458936
ACCGTGC,0.613830424080016
ACCGTGG,0.624970346815421
ACCGTGT,0.614343691559015
ACCGTTA,0.610297727933115
ACCGTTC,0.614621251080606
ACCGTTG,0.617669332019068
ACCGTTT,0.611513236778793
ACCTAAA,0.614284805391514
ACCTAAC,0.615192949096049
ACCTAAG,0.610821253149797
ACCTAAT,0.610044310851561
ACCTACA,0.606218366723751
ACCTACC,0.616352156052494
ACCTACG,0.610432857455594
ACCTACT,0.616931256009542
ACCTAGA,0.617912442320527
ACCTAGC,0.61465488942459
ACCTAGG,0.615529089434126
ACCTAGT,0.611412000786768
ACCTATA,0.609495020097867
ACCTATC,0.613569482235654
ACCTATG,0.612525033418246
ACCTATT,0.615881915225491
ACCTCAA,0.606727078776181
ACCTCAC,0.612373329169864
ACCTCAG,0.593647626967568
ACCTCAT,0.607032181835745
ACCTCCA,0.597932420410663
ACCTCCC,0.602845851800738
ACCTCCG,0.599700965113609
ACCTCCT,0.6100781035065
ACCTCGA,0.610922548961384
ACCTCGC,0.609123021188307
ACCTCGG,0.610491970880253
ACCTCGT,0.604962436084338
ACCTCTA,0.615327418790423
ACCTCTC,0.608759343049097
ACCTCTG,0.621351562770766
ACCTCTT,0.612415471547432
ACCTGAA,0.622445249056484
ACCTGAC,0.612794673047766
ACCTGAG,0.606905066873498
ACCTGAT,0.626824687390208
ACCTGCA,0.609664064775622
ACCTGCC,0.6175938719756
ACCTGCG,0.614318455054687
ACCTGCT,0.613948246468622
ACCTGGA,0.62868388807608
ACCTGGC,0.614175436165598
ACCTGGG,0.645442368432717
ACCTGGT,0.622395182684305
ACCTGTA,0.594917839849022
ACCTGTC,0.618951282308869
ACCTGTG,0.632937068635005
ACCTGTT,0.616545226635769
ACCTTAA,0.611454183695624
ACCTTAC,0.609275219286844
ACCTTAG,0.613822007663889
ACCTTAT,0.617887295719608
ACCTTCA,0.617954351916884
ACCTTCC,0.608860847928407
ACCTTCG,0.613561063623036
ACCTTCT,0.613215839469772
ACCTTGA,0.620206502956908
ACCTTGC,0.623120899857926
ACCTTGG,0.622219930639242
ACCTTGT,0.612002399646997
ACCTTTA,0.606591447530575
ACCTTTC,0.613636828585295
ACCTTTG,0.620933809654366
ACCTTTT,0.622979134449016
ACGAAAA,0.61333373428819
ACGAAAC,0.611909645764056
ACGAAAG,0.614730571561621
ACGAAAT,0.612760972069892
ACGAACA,0.614469864528326
ACGAACC,0.610863460984943
ACGAACG,0.612128868351446
ACGAACT,0.61336741596927
ACGAAGA,0.612904193382704
ACGAAGC,0.611099791945262
ACGAAGG,0.612836797673015
ACGAAGT,0.613864089036184
ACGAATA,0.613156886847957
ACGAATC,0.610762159187511
ACGAATG,0.614511918647317
ACGAATT,0.612777822700798
ACGACAA,0.611201059547393
ACGACAC,0.611226374845643
ACGACAG,0.611040714441131
ACGACAT,0.610627074159098
ACGACCA,0.613502131350177
ACGACCC,0.612238461625821
ACGACCG,0.611504800837558
ACGACCT,0.614091297851495
ACGACGA,0.611125109807229
ACGACGC,0.611082913014503
ACGACGG,0.613754673784648
ACGACGT,0.610990073802424
ACGACTA,0.612828372889923
ACGACTC,0.610880343620193
ACGACTG,0.612238461625821
ACGACTT,0.613611574235684
ACGAGAA,0.61400715245754
ACGAGAC,0.609790829533511
ACGAGAG,0.609621806285117
ACGAGAT,0.611251689503045
ACGAGCA,0.613485292920012
ACGAGCC,0.613072662787561
ACGAGCG,0.611538544175517
ACGAGCT,0.617174545789283
ACGAGGA,0.62133485599642
ACGAGGC,0.614066054976747
ACGAGGG,0.622461937290194
ACGAGGT,0.608581684714358
ACGAGTA,0.614310042745046
ACGAGTC,0.613552644939544
ACGAGTG,0.615108896353824
ACGAGTT,0.611361378947223
ACGATAA,0.610508859788348
ACGATAC,0.614520329258894
ACGATAG,0.611825316585982
ACGATAT,0.611943375444191
ACGATCA,0.612221601903812
ACGATCC,0.611133548952111
ACGATCG,0.612811523110804
ACGATCT,0.608793179153684
ACGATGA,0.611546979832101
ACGATGC,0.609689419012776
ACGATGG,0.617820235025496
ACGATGT,0.614167022652748
ACGATTA,0.611783149330016
ACGATTC,0.612171021032216
ACGATTG,0.611462620063871
ACGATTT,0.613721005144757
ACGCAAA,0.618096831407952
ACGCAAC,0.612584023300148
ACGCAAG,0.61207828278897
ACGCAAT,0.613401096515932
ACGCACA,0.609833080882103
ACGCACC,0.611934943130815
ACGCACG,0.611403563991465
ACGCACT,0.612019263065069
ACGCAGA,0.617862148486322
ACGCAGC,0.606744031388498
ACGCAGG,0.615806320177758
ACGCAGT,0.613561063623036
ACGCATA,0.612272180217113
ACGCATC,0.615108896353824
ACGCATG,0.613527388463813
ACGCATT,0.612853647026272
ACGCCAA,0.613460034743128
ACGCCAC,0.603109606575468
ACGCCAG,0.610154132805139
ACGCCAT,0.606320129839379
ACGCCCA,0.60486902688294
ACGCCCC,0.614831472168598
ACGCCCG,0.610323066109517
ACGCCCT,0.614478275493609
ACGCCGA,0.612525033418246
ACGCCGC,0.616251408774561
ACGCCGG,0.613939831044082
ACGCCGT,0.611825316585982
ACGCCTA,0.611361378947223
ACGCCTC,0.61540305004803
ACGCCTG,0.591274532970863
ACGCCTT,0.610855019560433
ACGCGAA,0.613889337009583
ACGCGAC,0.613038971177069
ACGCGAG,0.616419315265994
ACGCGAT,0.611572286374902
ACGCGCA,0.611901213166255
ACGCGCC,0.610052759122354
ACGCGCG,0.616562013620636
ACGCGCT,0.612525033418246
ACGCGGA,0.613283209639371
ACGCGGC,0.618917788180821
ACGCGGG,0.627837716373882
ACGCGGT,0.611783149330016
ACGCGTA,0.613729422411003
ACGCGTC,0.610551080810722
ACGCGTG,0.613518969496815
ACGCGTT,0.610897225970425
ACGCTAA,0.614907140943155
ACGCTAC,0.612600876912992
ACGCTAG,0.61668790702548
ACGCTAT,0.610483526319242
ACGCTCA,0.610525748411212
ACGCTCC,0.614537150269835
ACGCTCG,0.613114775704471
ACGCTCT,0.611951807686464
ACGCTGA,0.61749324972582
ACGCTGC,0.612221601903812
ACGCTGG,0.616318574754283
ACGCTGT,0.614545560669202
ACGCTTA,0.613779924520677
ACGCTTC,0.614545560669202
ACGCTTG,0.608243200545692
ACGCTTT,0.613030548097079
ACGGAAA,0.612086713893753
ACGGAAC,0.609757027169264
ACGGAAG,0.621610482087491
ACGGAAT,0.612626156799686
ACGGACA,0.610795927593563
ACGGACC,0.617258425094482
ACGGACG,0.612862071596439
ACGGACT,0.61207828278897
ACGGAGA,0.614705344819026
ACGGAGC,0.611445747256203
ACGGAGG,0.626375969660763
ACGGAGT,0.603755937000299
ACGGATA,0.612954737184332
ACGGATC,0.609959824217874
ACGGATG,0.612289039086415
ACGGATT,0.614469864528326
ACGGCAA,0.612693566706684
ACGGCAC,0.609587998206905
ACGGCAG,0.611698809483478
ACGGCAT,0.616075076611017
ACGGCCA,0.609841530937604
ACGGCCC,0.618289565471842
ACGGCCG,0.618046546846758
ACGGCCT,0.617878913378777
ACGGCGA,0.612651436047325
ACGGCGC,0.612179451355153
ACGGCGG,0.618364973038483
ACGGCGT,0.611597592277297
ACGGCTA,0.611496364825157
ACGGCTC,0.611277003519632
ACGGCTG,0.614057640543562
ACGGCTT,0.613257946357652
ACGGGAA,0.621075865295697
ACGGGAC,0.616872522021297
ACGGGAG,0.625835579283775
ACGGGAT,0.61439416265711
ACGGGCA,0.621660587761216
ACGGGCC,0.619512142246873
ACGGGCG,0.630771365401677
ACGGGCT,0.616024690281369
ACGGGGA,0.631292554574018
ACGGGGC,0.639521025493679
ACGGGGG,0.634710770858436
ACGGGGT,0.616486469969437
ACGGGTA,0.613805174619122
ACGGGTC,0.616880912802254
ACGGGTG,0.627015746778426
ACGGGTT,0.622303387824499
ACGGTAA,0.620064323755271
ACGGTAC,0.612415471547432
ACGGTAG,0.611530108447771
ACGGTAT,0.615058461317145
ACGGTCA,0.611386690187317
ACGGTCC,0.615848318132004
ACGGTCG,0.615344226230894
ACGGTCT,0.613855672903391
ACGGTGA,0.618348216292853
ACGGTGC,0.610255496212343
ACGGTGG,0.618607914301787
ACGGTGT,0.612196311787817
ACGGTTA,0.613687335371251
ACGGTTC,0.612044557658986
ACGGTTG,0.620089415671569
ACGGTTT,0.617182934036418
ACGTAAA,0.610635517508003
ACGTAAC,0.612204741897548
ACGTAAG,0.616385736223039
ACGTAAT,0.612364900481229
ACGTACA,0.612651436047325
ACGTACC,0.613603155977416
ACGTACG,0.612238461625821
ACGTACT,0.610230156323764
ACGTAGA,0.615083679153446
ACGTAGC,0.609790829533511
ACGTAGG,0.613906168637712
ACGTAGT,0.612584023300148
ACGTATA,0.614108126080666
ACGTATC,0.612407043213996
ACGTATG,0.611901213166255
ACGTATT,0.61183374982381
ACGTCAA,0.61521816354113
ACGTCAC,0.614040811464781
ACGTCAG,0.611386690187317
ACGTCAT,0.609528831319583
ACGTCCA,0.610770601395929
ACGTCCC,0.614537150269835
ACGTCCG,0.611800016445772
ACGTCCT,0.612499750975002
ACGTCGA,0.613106353262967
ACGTCGC,0.612887344881107
ACGTCGG,0.613687335371251
ACGTCGT,0.610711504440266
ACGTCTA,0.613005278431413
ACGTCTC,0.612137299029749
ACGTCTG,0.611800016445772
ACGTCTT,0.610686176104396
ACGTGAA,0.610002068426967
ACGTGAC,0.610534192615686
ACGTGAG,0.621092576397466
ACGTGAT,0.610103447248324
ACGTGCA,0.608979257266918
ACGTGCC,0.611479492586852
ACGTGCG,0.615066867333239
ACGTGCT,0.619219194954073
ACGTGGA,0.610981633446643
ACGTGGC,0.618080070168501
ACGTGGG,0.626317787802895
ACGTGGT,0.610779043533075
ACGTGTA,0.612061420366151
ACGTGTC,0.613072662787561
ACGTGTG,0.622895733642971
ACGTGTT,0.61929453245483
ACGTTAA,0.609317492425821
ACGTTAC,0.611926510746335
ACGTTAG,0.616243012709889
ACGTTAT,0.613123198075037
ACGTTCA,0.609495020097867
ACGTTCC,0.61505005523039
ACGTTCG,0.611968671957703
ACGTTCT,0.614730571561621
ACGTTGA,0.61371258780766
ACGTTGC,0.609799279946045
ACGTTGG,0.613611574235684
ACGTTGT,0.618180633391378
ACGTTTA,0.611504800837558
ACGTTTC,0.613451615209059
ACGTTTG,0.613552644939544
ACGTTTT,0.611386690187317
ACTAAAA,0.576453526399737
ACTAAAC,0.609773928494212
ACTAAAG,0.617837000620636
ACTAAAT,0.605047345969296
ACTAACA,0.611386690187317
ACTAACC,0.621911078478076
ACTAACG,0.612423899809832
ACTAACT,0.617501635300025
ACTAAGA,0.610703061732923
ACTAAGC,0.61067773318321
ACTAAGG,0.617291974846655
ACTAAGT,0.610289281731641
ACTAATA,0.611968671957703
ACTAATC,0.611631332484362
ACTAATG,0.616293388040549
ACTAATT,0.613636828585295
ACTACAA,0.611521672648864
ACTACAC,0.609528831319583
ACTACAG,0.594317264572375
ACTACAT,0.612061420366151
ACTACCA,0.613030548097079
ACTACCC,0.613106353262967
ACTACCG,0.610517304135433
ACTACCT,0.613384256384398
ACTACGA,0.611302316895435
ACTACGC,0.609993619727913
ACTACGG,0.610424412395379
ACTACGT,0.611943375444191
ACTACTA,0.613207417879433
ACTACTC,0.607760662561184
ACTACTG,0.617208098355656
ACTACTT,0.605989361843376
ACTAGAA,0.611496364825157
ACTAGAC,0.611445747256203
ACTAGAG,0.616595586744986
ACTAGAT,0.614183849607663
ACTAGCA,0.61505005523039
ACTAGCC,0.610289281731641
ACTAGCG,0.611892780497344
ACTAGCT,0.614082883630713
ACTAGGA,0.615957504559045
ACTAGGC,0.619336384169568
ACTAGGG,0.620072687797327
ACTAGGT,0.614461453492297
ACTAGTA,0.616528439369094
ACTAGTC,0.612853647026272
ACTAGTG,0.612086713893753
ACTAGTT,0.612811523110804
ACTATAA,0.607421900328307
ACTATAC,0.612112006781608
ACTATAG,0.609283674057602
ACTATAT,0.614360515541419
ACTATCA,0.614915548231341
ACTATCC,0.613106353262967
ACTATCG,0.612777822700798
ACTATCT,0.611563850931793
ACTATGA,0.617031934821439
ACTATGC,0.611336067066455
ACTATGG,0.611884347757323
ACTATGT,0.60741342980195
ACTATTA,0.61543666210431
ACTATTC,0.608860847928407
ACTATTG,0.613653664464053
ACTATTT,0.624470833489056
ACTCAAA,0.614999617225895
ACTCAAC,0.609232944360774
ACTCAAG,0.615176139112784
ACTCAAT,0.612331185016242
ACTCACA,0.617367457673872
ACTCACC,0.611859049110585
ACTCACG,0.614276392798796
ACTCACT,0.618616290534136
ACTCAGA,0.616217824092899
ACTCAGC,0.614848287946659
ACTCAGG,0.626218039598841
ACTCAGT,0.613922999982542
ACTCATA,0.61407446933913
ACTCATC,0.612187881607019
ACTCATG,0.61009499940575
ACTCATT,0.61746809258129
ACTCCAA,0.612398614809522
ACTCCAC,0.612963160902904
ACTCCAG,0.574153074578469
ACTCCAT,0.610804369516906
ACTCCCA,0.613392676485614
ACTCCCC,0.60971477260711
ACTCCCG,0.615075273278672
ACTCCCT,0.613257946357652
ACTCCGA,0.611538544175517
ACTCCGC,0.614520329258894
ACTCCGG,0.610339957870445
ACTCCGT,0.604826565270471
ACTCCTA,0.611277003519632
ACTCCTC,0.615478675585983
ACTCCTG,0.587989351082058
ACTCCTT,0.610736832134626
ACTCGAA,0.610162580148181
ACTCGAC,0.612693566706684
ACTCGAG,0.615554295405146
ACTCGAT,0.610939430599112
ACTCGCA,0.61331689302222
ACTCGCC,0.613914584345539
ACTCGCG,0.61333373428819
ACTCGCT,0.612794673047766
ACTCGGA,0.612061420366151
ACTCGGC,0.618658170643495
ACTCGGG,0.599880208066674
ACTCGGT,0.614209089509148
ACTCGTA,0.614579201559339
ACTCGTC,0.613072662787561
ACTCGTG,0.614696935763406
ACTCGTT,0.615327418790423
ACTCTAA,0.613965077105246
ACTCTAC,0.613510550458936
ACTCTAG,0.617811852122519
ACTCTAT,0.609385125731405
ACTCTCA,0.617510020803913
ACTCTCC,0.6183984856874
ACTCTCG,0.613358995655354
ACTCTCT,0.612819948035853
ACTCTGA,0.616922865650995
ACTCTGC,0.614301630364638
ACTCTGG,0.62687453248911
ACTCTGT,0.61039907678681
ACTCTTA,0.607845335191214
ACTCTTC,0.61540305004803
ACTCTTG,0.62122625515918
ACTCTTT,0.630415477070687
ACTGAAA,0.610618630738902
ACTGAAC,0.607582826698123
ACTGAAG,0.618909414473517
ACTGAAT,0.617224874216686
ACTGACA,0.617568717362343
ACTGACC,0.625527841978671
ACTGACG,0.614049226039573
ACTGACT,0.621593779638328
ACTGAGA,0.614907140943155
ACTGAGC,0.618440374919252
ACTGAGG,0.635567620099638
ACTGAGT,0.614057640543562
ACTGATA,0.609985170957478
ACTGATC,0.613308472282873
ACTGATG,0.616301783682279
ACTGATT,0.617644179303931
ACTGCAA,0.579802885170705
ACTGCAC,0.570775920392374
ACTGCAG,0.609148389146747
ACTGCAT,0.614890326154732
ACTGCCA,0.613384256384398
ACTGCCC,0.619302902937904
ACTGCCG,0.612794673047766
ACTGCCT,0.628468265235099
ACTGCGA,0.619955584841968
ACTGCGC,0.604104441864515
ACTGCGG,0.624395884964897
ACTGCGT,0.612584023300148
ACTGCTA,0.613872505098146
ACTGCTC,0.617325523473279
ACTGCTG,0.627588706018532
ACTGCTT,0.618390107630461
ACTGGAA,0.619947219820397
ACTGGAC,0.618909414473517
ACTGGAG,0.638273404818818
ACTGGAT,0.625369777904484
ACTGGCA,0.620632919312489
ACTGGCC,0.6246290397067
ACTGGCG,0.614057640543562
ACTGGCT,0.624953700390525
ACTGGGA,0.64008686634701
ACTGGGC,0.63134217747391
ACTGGGG,0.682431622650893
ACTGGGT,0.648593184660863
ACTGGTA,0.625885473708028
ACTGGTC,0.620122870580611
ACTGGTG,0.63699955507992
ACTGGTT,0.62070815038604
ACTGTAA,0.611740980295898
ACTGTAC,0.613695752920908
ACTGTAG,0.617769936553502
ACTGTAT,0.612845222385131
ACTGTCA,0.611766281929756
ACTGTCC,0.627015746778426
ACTGTCG,0.613746256730948
ACTGTCT,0.62070815038604
ACTGTGA,0.618683297867243
ACTGTGC,0.617996259756901
ACTGTGG,0.63397692220272
ACTGTGT,0.616989986548308
ACTGTTA,0.613813591176924
ACTGTTC,0.614738980334402
ACTGTTG,0.619394973627726
ACTGTTT,0.623737762305603
ACTTAAA,0.610846578064664
ACTTAAC,0.610762159187511
ACTTAAG,0.608818555480817
ACTTAAT,0.611614462523129
ACTTACA,0.612415471547432
ACTTACC,0.615369436861942
ACTTACG,0.614057640543562
ACTTACT,0.612878920523855
ACTTAGA,0.612525033418246
ACTTAGC,0.610517304135433
ACTTAGG,0.612196311787817
ACTTAGT,0.608463228287396
ACTTATA,0.616117063279796
ACTTATC,0.612128868351446
ACTTATG,0.615848318132004
ACTTATT,0.613796757990481
ACTTCAA,0.614368927426479
ACTTCAC,0.625461291729423
ACTTCAG,0.608056985405235
ACTTCAT,0.61096475252136
ACTTCCA,0.615613106866874
ACTTCCC,0.61177471566545
ACTTCCG,0.611589157047653
ACTTCCT,0.628410204987143
ACTTCGA,0.614629660772684
ACTTCGC,0.611015394442337
ACTTCGG,0.612668288524068
ACTTCGT,0.610365294976853
ACTTCTA,0.609858430834399
ACTTCTC,0.622428560544272
ACTTCTG,0.621159418012075
ACTTCTT,0.627447572621781
ACTTGAA,0.604350871989825
ACTTGAC,0.615991097984447
ACTTGAG,0.609985170957478
ACTTGAT,0.616419315265994
ACTTGCA,0.615772720544358
ACTTGCC,0.624537449684004
ACTTGCG,0.613148464761126
ACTTGCT,0.617795086105741
ACTTGGA,0.629197878074239
ACTTGGC,0.61210357589007
ACTTGGG,0.641086555723807
ACTTGGT,0.632829720593748
ACTTGTA,0.610280835458828
ACTTGTC,0.618591161626602
ACTTGTG,0.62219489212541
ACTTGTT,0.623796094463575
ACTTTAA,0.61562150822192
ACTTTAC,0.611352941724822
ACTTTAG,0.615285398953312
ACTTTAT,0.619261049821867
ACTTTCA,0.610973193019622
ACTTTCC,0.626342723299345
ACTTTCG,0.612027694667466
ACTTTCT,0.619738071536476
ACTTTGA,0.62122625515918
ACTTTGC,0.626633591491325
ACTTTGG,0.584520021831141
ACTTTGT,0.619671134846043
ACTTTTA,0.618046546846758
ACTTTTC,0.635419371798777
ACTTTTG,0.61848226239647
ACTTTTT,0.622336768748471
AGAAAAA,0.60451229328878
AGAAAAC,0.620039231209354
AGAAAAG,0.640447525287346
AGAAAAT,0.62655049492635
AGAAACA,0.622403527253743
AGAAACC,0.618121972740379
AGAAACG,0.618591161626602
AGAAACT,0.618725175170481
AGAAAGA,0.628028582329864
AGAAAGC,0.625818947255797
AGAAAGG,0.647926398262197
AGAAAGT,0.627389453080182
AGAAATA,0.618582785183764
AGAAATC,0.616293388040549
AGAAATG,0.619227566067779
AGAAATT,0.625843895194031
AGAACAA,0.613864089036184
AGAACAC,0.619277791278484
AGAACAG,0.629719887762495
AGAACAT,0.612929465602853
AGAACCA,0.610483526319242
AGAACCC,0.61792920636984
AGAACCG,0.6123058976715
AGAACCT,0.623554410511239
AGAACGA,0.610897225970425
AGAACGC,0.6135779007774
AGAACGG,0.623254307768737
AGAACGT,0.61341793636388
AGAACTA,0.612912617527052
AGAACTC,0.618381729503329
AGAACTG,0.624970346815421
AGAACTT,0.618247669922089
AGAAGAA,0.645197703987986
AGAAGAC,0.618532525053221
AGAAGAG,0.646672938039297
AGAAGAT,0.647332421420194
AGAAGCA,0.63626738473908
AGAAGCC,0.621635535238176
AGAAGCG,0.614772614718468
AGAAGCT,0.617753169833947
AGAAGGA,0.631151942983805
AGAAGGC,0.631805205834237
AGAAGGG,0.675966911266558
AGAAGGT,0.668042078630511
AGAAGTA,0.626716681151835
AGAAGTC,0.628642425755752
AGAAGTG,0.644136799124802
AGAAGTT,0.626940988756383
AGAATAA,0.612491323351873
AGAATAC,0.614082883630713
AGAATAG,0.616310179253524
AGAATAT,0.613838840425309
AGAATCA,0.611816883277034
AGAATCC,0.612364900481229
AGAATCG,0.602326647255905
AGAATCT,0.622562060844438
AGAATGA,0.632854494241478
AGAATGC,0.620482440184115
AGAATGG,0.625602705715495
AGAATGT,0.624037720018891
AGAATTA,0.611141988025773
AGAATTC,0.616939646297691
AGAATTG,0.616906084722703
AGAATTT,0.616150651345592
AGACAAA,0.60749813183695
AGACAAC,0.612988431632875
AGACAAG,0.623929412334488
AGACAAT,0.614873511083567
AGACACA,0.608505535764994
AGACACC,0.613350575270537
AGACACG,0.613156886847957
AGACACT,0.619311273350914
AGACAGA,0.628194523119394
AGACAGC,0.614259567401042
AGACAGG,0.633539655229027
AGACAGT,0.622111425884538
AGACATA,0.610517304135433
AGACATC,0.61239018633401
AGACATG,0.614436219959731
AGACATT,0.613005278431413
AGACCAA,0.612659862321197
AGACCAC,0.607244004205607
AGACCAG,0.593845130831996
AGACCAT,0.610795927593563
AGACCCA,0.634982735243593
AGACCCC,0.607260948057026
AGACCCG,0.616075076611017
AGACCCT,0.612019263065069
AGACCGA,0.614385750984323
AGACCGC,0.614318455054687
AGACCGG,0.616083474085805
AGACCGT,0.618909414473517
AGACCTA,0.6090384566788
AGACCTC,0.617057102940709
AGACCTG,0.634125384482699
AGACCTT,0.618440374919252
AGACGAA,0.613771507679512
AGACGAC,0.612659862321197
AGACGAG,0.614108126080666
AGACGAT,0.612558742348287
AGACGCA,0.608666287857752
AGACGCC,0.6129463133948
AGACGCG,0.616201031329084
AGACGCT,0.611150427028219
AGACGGA,0.611099791945262
AGACGGC,0.617845383312799
AGACGGG,0.615276994774005
AGACGGT,0.609528831319583
AGACGTA,0.610956311951854
AGACGTC,0.612036126198771
AGACGTG,0.61818901320348
AGACGTT,0.608894680598696
AGACTAA,0.615033242844889
AGACTAC,0.614705344819026
AGACTAG,0.616142254434908
AGACTAT,0.613476873598603
AGACTCA,0.610643960785619
AGACTCC,0.598923874178456
AGACTCG,0.615386243596217
AGACTCT,0.609139933232104
AGACTGA,0.624071043100389
AGACTGC,0.611091352515495
AGACTGG,0.641119315510276
AGACTGT,0.616024690281369
AGACTTA,0.608353220468069
AGACTTC,0.613476873598603
AGACTTG,0.633795438367576
AGACTTT,0.617904060190482
AGAGAAA,0.641766101484121
AGAGAAC,0.624320930823036
AGAGAAG,0.661996812885723
AGAGAAT,0.621042442254352
AGAGACA,0.613005278431413
AGAGACC,0.61721648632135
AGAGACG,0.593853717071735
AGAGACT,0.623379361523288
AGAGAGA,0.643556906285995
AGAGAGC,0.620490800729772
AGAGAGG,0.682439480985985
AGAGAGT,0.630125706990546
AGAGATA,0.616377341286117
AGAGATC,0.616654337000519
AGAGATG,0.6070491292766
AGAGATT,0.623329341898065
AGAGCAA,0.608700127111058
AGAGCAC,0.622211584537623
AGAGCAG,0.644447026208857
AGAGCAT,0.615613106866874
AGAGCCA,0.626841302699236
AGAGCCC,0.639791684978883
AGAGCCG,0.613838840425309
AGAGCCT,0.633498393756197
AGAGCGA,0.597846904218003
AGAGCGC,0.614310042745046
AGAGCGG,0.642060700702014
AGAGCGT,0.617979496831646
AGAGCTA,0.616662729612411
AGAGCTC,0.625319857742607
AGAGCTG,0.646151556997847
AGAGCTT,0.628484853258229
AGAGGAA,0.648211056599932
AGAGGAC,0.636234465615545
AGAGGAG,0.680039821318678
AGAGGAT,0.623412706550178
AGAGGCA,0.628551202599261
AGAGGCC,0.639562039215754
AGAGGCG,0.61667951462489
AGAGGCT,0.646355253822182
AGAGGGA,0.691521604555308
AGAGGGC,0.661900561027624
AGAGGGG,0.698041599203973
AGAGGGT,0.674249111518503
AGAGGTA,0.654226823454886
AGAGGTC,0.626616972730724
AGAGGTG,0.676710112288791
AGAGGTT,0.62493705368852
AGAGTAA,0.620741584602117
AGAGTAC,0.617241649796292
AGAGTAG,0.63292881150248
AGAGTAT,0.626849610250226
AGAGTCA,0.622203238366346
AGAGTCC,0.616276596545624
AGAGTCG,0.621652236989939
AGAGTCT,0.618272807462568
AGAGTGA,0.627356240396891
AGAGTGC,0.616352156052494
AGAGTGG,0.648942663321187
AGAGTGT,0.630349251311902
AGAGTTA,0.613847256699766
AGAGTTC,0.607989262210409
AGAGTTG,0.634784950299116
AGAGTTT,0.621919427088116
AGATAAA,0.608158561598693
AGATAAC,0.619989044228533
AGATAAG,0.619177338334375
AGATAAT,0.613535807359933
AGATACA,0.611546979832101
AGATACC,0.613872505098146
AGATACG,0.609621806285117
AGATACT,0.617904060190482
AGATAGA,0.626301163793156
AGATAGC,0.610779043533075
AGATAGG,0.62199456144217
AGATAGT,0.617853765934694
AGATATA,0.613939831044082
AGATATC,0.615529089434126
AGATATG,0.615268590524068
AGATATT,0.620106143265993
AGATCAA,0.613704170399711
AGATCAC,0.599547302721254
AGATCAG,0.620256679025593
AGATCAT,0.613300051472617
AGATCCA,0.618934535385077
AGATCCC,0.615319014964253
AGATCCG,0.613636828585295
AGATCCT,0.615260186203499
AGATCGA,0.606633834270975
AGATCGC,0.606616879790411
AGATCGG,0.61758548717482
AGATCGT,0.610120342719378
AGATCTA,0.616419315265994
AGATCTC,0.609655613220382
AGATCTG,0.627638513050341
AGATCTT,0.616343760833662
AGATGAA,0.628567789246693
AGATGAC,0.617510020803913
AGATGAG,0.615209758796744
AGATGAT,0.612457612149095
AGATGCA,0.617811852122519
AGATGCC,0.618121972740379
AGATGCG,0.621610482087491
AGATGCT,0.63105267583829
AGATGGA,0.622678858988992
AGATGGC,0.62645076993287
AGATGGG,0.631234658078397
AGATGGT,0.626616972730724
AGATGTA,0.626866225145162
AGATGTC,0.612887344881107
AGATGTG,0.628866301865099
AGATGTT,0.620331938408364
AGATTAA,0.613064239991355
AGATTAC,0.609604902388884
AGATTAG,0.623796094463575
AGATTAT,0.611108231303806
AGATTCA,0.610922548961384
AGATTCC,0.617099048398577
AGATTCG,0.617753169833947
AGATTCT,0.625353138127415
AGATTGA,0.610669290190741
AGATTGC,0.603203180259878
AGATTGG,0.625020284427553
AGATTGT,0.628269187491894
AGATTTA,0.620273403822362
AGATTTC,0.626209726799367
AGATTTG,0.627538896505858
AGATTTT,0.621142708027274
AGCAAAA,0.61106603379884
AGCAAAC,0.615764320459609
AGCAAAG,0.618130353044059
AGCAAAT,0.612954737184332
AGCAACA,0.615184544139739
AGCAACC,0.615276994774005
AGCAACG,0.614553970997835
AGCAACT,0.614200676279437
AGCAAGA,0.602173387833802
AGCAAGC,0.614082883630713
AGCAAGG,0.63490032960404
AGCAAGT,0.613493712170536
AGCAATA,0.615831519161964
AGCAATC,0.609537283946391
AGCAATG,0.615680315731013
AGCAATT,0.602956467111479
AGCACAA,0.610821253149797
AGCACAC,0.616939646297691
AGCACAG,0.61463807039404
AGCACAT,0.610812811368984
AGCACCA,0.607345663007978
AGCACCC,0.60702370800761
AGCACCG,0.612668288524068
AGCACCT,0.618817299065014
AGCACGA,0.611412000786768
AGCACGC,0.616603979849959
AGCACGG,0.615932308749382
AGCACGT,0.615671914870016
AGCACTA,0.611251689503045
AGCACTC,0.610348403643911
AGCACTG,0.632416736084059
AGCACTT,0.583201812078616
AGCAGAA,0.61991375903436
AGCAGAC,0.624354244468571
AGCAGAG,0.634075899505004
AGCAGAT,0.615276994774005
AGCAGCA,0.623429378646674
AGCAGCC,0.622044647875516
AGCAGCG,0.616058281449886
AGCAGCT,0.628576082467241
AGCAGGA,0.642911277916732
AGCAGGC,0.643082941326973
AGCAGGG,0.68416681521226
AGCAGGT,0.661033877151503
AGCAGTA,0.613535807359933
AGCAGTC,0.620081051769425
AGCAGTG,0.63046514351172
AGCAGTT,0.623304331147186
AGCATAA,0.615470273030858
AGCATAC,0.608623987180767
AGCATAG,0.619060130477849
AGCATAT,0.614865103441954
AGCATCA,0.615041649072971
AGCATCC,0.61071994707633
AGCATCG,0.615856717511198
AGCATCT,0.619026639995439
AGCATGA,0.612676714655939
AGCATGC,0.617124214828802
AGCATGG,0.643924483022971
AGCATGT,0.614730571561621
AGCATTA,0.620173050845709
AGCATTC,0.614907140943155
AGCATTG,0.622420216183725
AGCATTT,0.620022502495605
AGCCAAA,0.619520510908654
AGCCAAC,0.611892780497344
AGCCAAG,0.615310611067458
AGCCAAT,0.611251689503045
AGCCACA,0.61162289753932
AGCCACC,0.578312759173451
AGCCACG,0.614814656107762
AGCCACT,0.602284077550251
AGCCAGA,0.628518028479024
AGCCAGC,0.629993212696972
AGCCAGG,0.626733298255502
AGCCAGT,0.619344754302332
AGCCATA,0.614781023137726
AGCCATC,0.615629909506385
AGCCATG,0.620591121825942
AGCCATT,0.611580721746855
AGCCCAA,0.616150651345592
AGCCCAC,0.615201353981717
AGCCCAG,0.633572663181529
AGCCCAT,0.624753921674703
AGCCCCA,0.632945325699351
AGCCCCC,0.626417526058238
AGCCCCG,0.616150651345592
AGCCCCT,0.623237632753163
AGCCCGA,0.614570791442902
AGCCCGC,0.61796273362539
AGCCCGG,0.637903744611596
AGCCCGT,0.614183849607663
AGCCCTA,0.619143851777149
AGCCCTC,0.611648202161003
AGCCCTG,0.642911277916732
AGCCCTT,0.629537629627064
AGCCGAA,0.611268565585303
AGCCGAC,0.61599949616447
AGCCGAG,0.608607066408942
AGCCGAT,0.616838958193398
AGCCGCA,0.615377840264388
AGCCGCC,0.62288739317979
AGCCGCG,0.626592044071968
AGCCGCT,0.622595433134926
AGCCGGA,0.61587351605794
AGCCGGC,0.621418387077127
AGCCGGG,0.646037468649732
AGCCGGT,0.621318148942953
AGCCGTA,0.611479492586852
AGCCGTC,0.617837000620636
AGCCGTG,0.616956426662803
AGCCGTT,0.611133548952111
AGCCTAA,0.612061420366151
AGCCTAC,0.608640907666283
AGCCTAG,0.617476478366454
AGCCTAT,0.616855740248164
AGCCTCA,0.614427808640711
AGCCTCC,0.551408299338697
AGCCTCG,0.622837348939825
AGCCTCT,0.610221709551544
AGCCTGA,0.623746095679355
AGCCTGC,0.612651436047325
AGCCTGG,0.596820139083765
AGCCTGT,0.623671092815441
AGCCTTA,0.610052759122354
AGCCTTC,0.624495815082209
AGCCTTG,0.633151730152898
AGCCTTT,0.620114506958278
AGCGAAA,0.612609303612898
AGCGAAC,0.611336067066455
AGCGAAG,0.614301630364638
AGCGAAT,0.615041649072971
AGCGACA,0.609604902388884
AGCGACC,0.613409516475353
AGCGACG,0.614183849607663
AGCGACT,0.613072662787561
AGCGAGA,0.601960488551624
AGCGAGC,0.620081051769425
AGCGAGG,0.622904074036589
AGCGAGT,0.617526791600741
AGCGATA,0.610728389641116
AGCGATC,0.606616879790411
AGCGATG,0.617501635300025
AGCGATT,0.600033819316439
AGCGCAA,0.61162289753932
AGCGCAC,0.612693566706684
AGCGCAG,0.619721337783912
AGCGCAT,0.608573224006332
AGCGCCA,0.608268590832923
AGCGCCC,0.614831472168598
AGCGCCG,0.613308472282873
AGCGCCT,0.618741925600749
AGCGCGA,0.614040811464781
AGCGCGC,0.615747520078424
AGCGCGG,0.622261660102508
AGCGCGT,0.615655112936297
AGCGCTA,0.612348042890827
AGCGCTC,0.617057102940709
AGCGCTG,0.61540305004803
AGCGCTT,0.606362528081369
AGCGGAA,0.61668790702548
AGCGGAC,0.621827588543995
AGCGGAG,0.62514511754875
AGCGGAT,0.615108896353824
AGCGGCA,0.613485292920012
AGCGGCC,0.622370148558194
AGCGGCG,0.622578747128896
AGCGGCT,0.619746438307753
AGCGGGA,0.628385320991759
AGCGGGC,0.635732314661882
AGCGGGG,0.666246709022394
AGCGGGT,0.633663429433448
AGCGGTA,0.614596021580026
AGCGGTC,0.620574402342143
AGCGGTG,0.625935365642952
AGCGGTT,0.616058281449886
AGCGTAA,0.614200676279437
AGCGTAC,0.612440756121529
AGCGTAG,0.617233262041667
AGCGTAT,0.612187881607019
AGCGTCA,0.610171027419865
AGCGTCC,0.616419315265994
AGCGTCG,0.614915548231341
AGCGTCT,0.615361033388879
AGCGTGA,0.60730330642958
AGCGTGC,0.615428259196156
AGCGTGG,0.633432371858244
AGCGTGT,0.614251154596003
AGCGTTA,0.61407446933913
AGCGTTC,0.618750300710669
AGCGTTG,0.616209427746241
AGCGTTT,0.611040714441131
AGCTAAA,0.615923910005086
AGCTAAC,0.613653664464053
AGCTAAG,0.611892780497344
AGCTAAT,0.599427771200627
AGCTACA,0.615134112918311
AGCTACC,0.607574357534793
AGCTACG,0.610187921749169
AGCTACT,0.574249397311142
AGCTAGA,0.623512734960023
AGCTAGC,0.611327629630488
AGCTAGG,0.623437714590688
AGCTAGT,0.616133857453714
AGCTATA,0.616494863990284
AGCTATC,0.615033242844889
AGCTATG,0.611412000786768
AGCTATT,0.611875914946191
AGCTCAA,0.611310754544979
AGCTCAC,0.597119721165659
AGCTCAG,0.618808924516197
AGCTCAT,0.616654337000519
AGCTCCA,0.611471056360947
AGCTCCC,0.610812811368984
AGCTCCG,0.61543666210431
AGCTCCT,0.621602130897781
AGCTCGA,0.611749414244981
AGCTCGC,0.613358995655354
AGCTCGG,0.625020284427553
AGCTCGT,0.614755797667844
AGCTCTA,0.612213171936212
AGCTCTC,0.626234664990483
AGCTCTG,0.620097779503758
AGCTCTT,0.612550315222304
AGCTGAA,0.62334601538447
AGCTGAC,0.620089415671569
AGCTGAG,0.625061897199454
AGCTGAT,0.616578800323706
AGCTGCA,0.628849720168293
AGCTGCC,0.629015524764782
AGCTGCG,0.615781120558546
AGCTGCT,0.629487917097202
AGCTGGA,0.639094383037971
AGCTGGC,0.629313903778336
AGCTGGG,0.623854423219104
AGCTGGT,0.637870879312429
AGCTGTA,0.622528687440202
AGCTGTC,0.622495312922146
AGCTGTG,0.638462289501207
AGCTGTT,0.612069851613103
AGCTTAA,0.616964816739767
AGCTTAC,0.609232944360774
AGCTTAG,0.623696094395132
AGCTTAT,0.614099712001479
AGCTTCA,0.613619992423086
AGCTTCC,0.616083474085805
AGCTTCG,0.616259804768741
AGCTTCT,0.634108889762217
AGCTTGA,0.615789520502175
AGCTTGC,0.614495097211946
AGCTTGG,0.631168486550076
AGCTTGT,0.61821415221847
AGCTTTA,0.614040811464781
AGCTTTC,0.614444631208001
AGCTTTG,0.626616972730724
AGCTTTT,0.617820235025496
AGGAAAA,0.624304273584084
AGGAAAC,0.614856695729651
AGGAAAG,0.659410838234902
AGGAAAT,0.626043456296687
AGGAACA,0.641307663458458
AGGAACC,0.620407192127588
AGGAACG,0.609993619727913
AGGAACT,0.624720621341433
AGGAAGA,0.656560133825356
AGGAAGC,0.644830595045466
AGGAAGG,0.699533658887859
AGGAAGT,0.641217588430954
AGGAATA,0.618993148391378
AGGAATC,0.614713753803934
AGGAATG,0.643532396365524
AGGAATT,0.623204281887824
AGGACAA,0.621017374240226
AGGACAC,0.618331459266431
AGGACAG,0.639586646641604
AGGACAT,0.6204657188831
AGGACCA,0.626940988756383
AGGACCC,0.63334158463072
AGGACCG,0.622144813216885
AGGACCT,0.622019604972424
AGGACGA,0.622962454844253
AGGACGC,0.610787485598953
AGGACGG,0.62880826472332
AGGACGT,0.611133548952111
AGGACTA,0.615117301945972
AGGACTC,0.631796939350441
AGGACTG,0.657914023731009
AGGACTT,0.620055959643258
AGGAGAA,0.624895435721102
AGGAGAC,0.642510615323285
AGGAGAG,0.670979524698119
AGGAGAT,0.627057276598124
AGGAGCA,0.661202457854473
AGGAGCC,0.641504162633131
AGGAGCG,0.631457954665099
AGGAGCT,0.649446347873748
AGGAGGA,0.703673464591189
AGGAGGC,0.650217630743391
AGGAGGG,0.749181341041957
AGGAGGT,0.65246313912832
AGGAGTA,0.618658170643495
AGGAGTC,0.641364979706405
AGGAGTG,0.651272107387119
AGGAGTT,0.59678589541619
AGGATAA,0.61616744495544
AGGATAC,0.61668790702548
AGGATAG,0.625561115442518
AGGATAT,0.612120437602066
AGGATCA,0.609706321480421
AGGATCC,0.614453042385523
AGGATCG,0.61594070742314
AGGATCT,0.619353124365037
AGGATGA,0.63981628675446
AGGATGC,0.618591161626602
AGGATGG,0.655906709955373
AGGATGT,0.634661314840812
AGGATTA,0.614082883630713
AGGATTC,0.627995390867341
AGGATTG,0.623304331147186
AGGATTT,0.627721519257664
AGGCAAA,0.62265383196355
AGGCAAC,0.615856717511198
AGGCAAG,0.646746235451629
AGGCAAT,0.611521672648864
AGGCACA,0.623796094463575
AGGCACC,0.618674922196147
AGGCACG,0.609402033343097
AGGCACT,0.617761553228865
AGGCAGA,0.621643886148926
AGGCAGC,0.631094038346458
AGGCAGG,0.688136210928198
AGGCAGT,0.628310665290114
AGGCATA,0.611791582923457
AGGCATC,0.625818947255797
AGGCATG,0.616520045630076
AGGCATT,0.620055959643258
AGGCCAA,0.600613915625089
AGGCCAC,0.62880826472332
AGGCCAG,0.654016639080166
AGGCCAT,0.629413343668347
AGGCCCA,0.641716993175577
AGGCCCC,0.63676104159608
AGGCCCG,0.628335551143276
AGGCCCT,0.63638259313831
AGGCCGA,0.600008219080063
AGGCCGC,0.632672806570923
AGGCCGG,0.642068882774869
AGGCCGT,0.619980679486847
AGGCCTA,0.617476478366454
AGGCCTC,0.630688611975323
AGGCCTG,0.654356145730882
AGGCCTT,0.632391951588954
AGGCGAA,0.616721475923531
AGGCGAC,0.616948036515445
AGGCGAG,0.624853816021556
AGGCGAT,0.611302316895435
AGGCGCA,0.611310754544979
AGGCGCC,0.601917903255515
AGGCGCG,0.621426739801452
AGGCGCT,0.60886930620329
AGGCGGA,0.605505734806241
AGGCGGC,0.628327255927701
AGGCGGG,0.676156717234702
AGGCGGT,0.625536160448426
AGGCGTA,0.61177471566545
AGGCGTC,0.618373351306003
AGGCGTG,0.597675849890499
AGGCGTT,0.613510550458936
AGGCTAA,0.613586319248275
AGGCTAC,0.61792920636984
AGGCTAG,0.621242963747979
AGGCTAT,0.61929453245483
AGGCTCA,0.617484864081297
AGGCTCC,0.638848160335027
AGGCTCG,0.617015155723345
AGGCTCT,0.627995390867341
AGGCTGA,0.581342961141783
AGGCTGC,0.634183113861882
AGGCTGG,0.630878934619
AGGCTGT,0.643385324225896
AGGCTTA,0.620131234132994
AGGCTTC,0.62021486580986
AGGCTTG,0.639545633928779
AGGCTTT,0.621610482087491
AGGGAAA,0.658501750320088
AGGGAAC,0.634661314840812
AGGGAAG,0.700367623418678
AGGGAAT,0.636736364540179
AGGGACA,0.64804027132112
AGGGACC,0.658767321615704
AGGGACG,0.624454178746902
AGGGACT,0.646404134886574
AGGGAGA,0.696710009312853
AGGGAGC,0.666174827148991
AGGGAGG,0.818490293436278
AGGGAGT,0.659410838234902
AGGGATA,0.623245970295707
AGGGATC,0.628476559281059
AGGGATG,0.678636698629869
AGGGATT,0.632887524817117
AGGGCAA,0.623921080488249
AGGGCAC,0.639603051255773
AGGGCAG,0.718010335563575
AGGGCAT,0.639373362164647
AGGGCCA,0.655042890037369
AGGGCCC,0.647177766826962
AGGGCCG,0.637829796169482
AGGGCCT,0.672306107030053
AGGGCGA,0.628501441006201
AGGGCGC,0.630100865647641
AGGGCGG,0.681700527430801
AGGGCGT,0.621552022294877
AGGGCTA,0.626666828184001
AGGGCTC,0.643532396365524
AGGGCTG,0.710856135945926
AGGGCTT,0.639151826279688
AGGGGAA,0.662606192940886
AGGGGAC,0.661395086722102
AGGGGAG,0.759449173755208
AGGGGAT,0.647104501039098
AGGGGCA,0.689159277512204
AGGGGCC,0.692603447908408
AGGGGCG,0.681551098114415
AGGGGCT,0.715299286411286
AGGGGGA,0.698234996739645
AGGGGGC,0.691093213660694
AGGGGGG,0.673155148891558
AGGGGGT,0.709679169960793
AGGGGTA,0.648121601282058
AGGGGTC,0.664104009557244
AGGGGTG,0.717524861535806
AGGGGTT,0.662493966618855
AGGGTAA,0.639545633928779
AGGGTAC,0.623904416587507
AGGGTAG,0.651361281331501
AGGGTAT,0.628161337164323
AGGGTCA,0.632970096483322
AGGGTCC,0.657366241469191
AGGGTCG,0.63443873248853
AGGGTCT,0.635674674650435
AGGGTGA,0.660961619578062
AGGGTGC,0.6556000182251
AGGGTGG,0.767298040123529
AGGGTGT,0.664672112203812
AGGGTTA,0.628377026189027
AGGGTTC,0.63065550868721
AGGGTTG,0.662606192940886
AGGGTTT,0.625702515313823
AGGTAAA,0.659909278937953
AGGTAAC,0.627995390867341
AGGTAAG,0.756811840036955
AGGTAAT,0.66910182771223
AGGTACA,0.637427092023717
AGGTACC,0.627082193662099
AGGTACG,0.628360436377147
AGGTACT,0.641897045184622
AGGTAGA,0.640381960608808
AGGTAGC,0.623762762218527
AGGTAGG,0.678557813073204
AGGTAGT,0.624837167656709
AGGTATA,0.621660587761216
AGGTATC,0.62066635604391
AGGTATG,0.669197388957775
AGGTATT,0.632557169954602
AGGTCAA,0.61304739418611
AGGTCAC,0.62199456144217
AGGTCAG,0.627024052880344
AGGTCAT,0.622328423621942
AGGTCCA,0.618834047952252
AGGTCCC,0.620975592820176
AGGTCCG,0.621000661881688
AGGTCCT,0.62913157162725
AGGTCGA,0.614991210644474
AGGTCGC,0.615697117241285
AGGTCGG,0.621485206918299
AGGTCGT,0.617610641366248
AGGTCTA,0.612811523110804
AGGTCTC,0.624171005682838
AGGTCTG,0.64282952307716
AGGTCTT,0.619177338334375
AGGTGAA,0.631697736214404
AGGTGAC,0.631118855030173
AGGTGAG,0.777975441550301
AGGTGAT,0.6155458934854
AGGTGCA,0.627779619503494
AGGTGCC,0.614015567315563
AGGTGCG,0.631524107042278
AGGTGCT,0.639734278482022
AGGTGGA,0.658662711039637
AGGTGGC,0.656358505340719
AGGTGGG,0.77170631897315
AGGTGGT,0.660552061344066
AGGTGTA,0.617987878329398
AGGTGTC,0.632449781122028
AGGTGTG,0.654598579930518
AGGTGTT,0.622386838045236
AGGTTAA,0.617610641366248
AGGTTAC,0.613030548097079
AGGTTAG,0.638059840033839
AGGTTAT,0.616612372884488
AGGTTCA,0.603398806037559
AGGTTCC,0.632507607311041
AGGTTCG,0.618800549897246
AGGTTCT,0.628526322112258
AGGTTGA,0.622979134449016
AGGTTGC,0.59548376636596
AGGTTGG,0.664384100492346
AGGTTGT,0.628866301865099
AGGTTTA,0.623262645172254
AGGTTTC,0.624504142141244
AGGTTTG,0.639430789383594
AGGTTTT,0.627713218946977
AGTAAAA,0.608226273329382
AGTAAAC,0.616545226635769
AGTAAAG,0.616838958193398
AGTAAAT,0.625053574783603
AGTAACA,0.614671708172264
AGTAACC,0.621886032229753
AGTAACG,0.61304739418611
AGTAACT,0.62199456144217
AGTAAGA,0.625128474032932
AGTAAGC,0.612128868351446
AGTAAGG,0.624345916161231
AGTAAGT,0.697747563297618
AGTAATA,0.623946075818712
AGTAATC,0.613342154814816
AGTAATG,0.619771538201573
AGTAATT,0.618917788180821
AGTACAA,0.615764320459609
AGTACAC,0.614511918647317
AGTACAG,0.619520510908654
AGTACAT,0.613855672903391
AGTACCA,0.616981596682519
AGTACCC,0.618423619437075
AGTACCG,0.6197631716403
AGTACCT,0.621735741564782
AGTACGA,0.614158609069109
AGTACGC,0.616805393238931
AGTACGG,0.619805003746689
AGTACGT,0.612929465602853
AGTACTA,0.607362605137008
AGTACTC,0.612963160902904
AGTACTG,0.612575596387208
AGTACTT,0.612137299029749
AGTAGAA,0.629761305433732
AGTAGAC,0.615394646857431
AGTAGAG,0.591007637674867
AGTAGAT,0.614839880092974
AGTAGCA,0.621969517284721
AGTAGCC,0.622203238366346
AGTAGCG,0.614570791442902
AGTAGCT,0.566611170780234
AGTAGGA,0.621410034283034
AGTAGGC,0.612828372889923
AGTAGGG,0.639266702864892
AGTAGGT,0.626001884350989
AGTAGTA,0.627256595728011
AGTAGTC,0.615192949096049
AGTAGTG,0.626051770478443
AGTAGTT,0.614158609069109
AGTATAA,0.628484853258229
AGTATAC,0.615823119571116
AGTATAG,0.622628804311742
AGTATAT,0.623429378646674
AGTATCA,0.623037510874885
AGTATCC,0.618339837814742
AGTATCG,0.615478675585983
AGTATCT,0.625220009942165
AGTATGA,0.62697421523393
AGTATGC,0.621869334382357
AGTATGG,0.619478666899388
AGTATGT,0.624678994365378
AGTATTA,0.622420216183725
AGTATTC,0.624004395826927
AGTATTG,0.620917095899196
AGTATTT,0.643074767547048
AGTCAAA,0.616713083804662
AGTCAAC,0.615024836546141
AGTCAAG,0.615982699733894
AGTCAAT,0.613266367522473
AGTCACA,0.620858595556127
AGTCACC,0.613300051472617
AGTCACG,0.613325313690659
AGTCACT,0.626359346618219
AGTCAGA,0.616318574754283
AGTCAGC,0.624154345946339
AGTCAGG,0.63885636873528
AGTCAGT,0.618205772617026
AGTCATA,0.619018267199581
AGTCATC,0.610213262707976
AGTCATG,0.619729704695197
AGTCATT,0.627555499952416
AGTCCAA,0.617401003768289
AGTCCAC,0.61407446933913
AGTCCAG,0.630539638548409
AGTCCAT,0.616805393238931
AGTCCCA,0.592986134340023
AGTCCCC,0.610990073802424
AGTCCCG,0.621660587761216
AGTCCCT,0.628874592610395
AGTCCGA,0.614410985790417
AGTCCGC,0.614596021580026
AGTCCGG,0.61726681263805
AGTCCGT,0.616352156052494
AGTCCTA,0.620156324370459
AGTCCTC,0.614141781689463
AGTCCTG,0.617904060190482
AGTCCTT,0.625461291729423
AGTCGAA,0.613207417879433
AGTCGAC,0.614562381255734
AGTCGAG,0.624037720018891
AGTCGAT,0.614570791442902
AGTCGCA,0.609655613220382
AGTCGCC,0.615394646857431
AGTCGCG,0.616377341286117
AGTCGCT,0.609951375161903
AGTCGGA,0.614049226039573
AGTCGGC,0.614225915756228
AGTCGGG,0.63334158463072
AGTCGGT,0.61849063968137
AGTCGTA,0.611918078290749
AGTCGTC,0.613838840425309
AGTCGTG,0.612567169403255
AGTCGTT,0.61331689302222
AGTCTAA,0.612980008127175
AGTCTAC,0.615100490691021
AGTCTAG,0.619754805009027
AGTCTAT,0.61496599047618
AGTCTCA,0.615058461317145
AGTCTCC,0.614814656107762
AGTCTCG,0.607320249276229
AGTCTCT,0.61521816354113
AGTCTGA,0.631383528009546
AGTCTGC,0.621301441610356
AGTCTGG,0.631821738596829
AGTCTGT,0.619436821139127
AGTCTTA,0.612263750675878
AGTCTTC,0.61327478861638
AGTCTTG,0.604257405642572
AGTCTTT,0.616528439369094
AGTGAAA,0.618323080647919
AGTGAAC,0.613754673784648
AGTGAAG,0.635831118381137
AGTGAAT,0.616301783682279
AGTGACA,0.621794190618505
AGTGACC,0.621952820831299
AGTGACG,0.615024836546141
AGTGACT,0.62331266813365
AGTGAGA,0.610407522060988
AGTGAGC,0.588671417993749
AGTGAGG,0.649210785066186
AGTGAGT,0.665887247974195
AGTGATA,0.621351562770766
AGTGATC,0.600989092821939
AGTGATG,0.638790699646604
AGTGATT,0.619420082344712
AGTGCAA,0.619553984855449
AGTGCAC,0.613754673784648
AGTGCAG,0.596434830197573
AGTGCAT,0.621176127717656
AGTGCCA,0.625502886154216
AGTGCCC,0.632119281593195
AGTGCCG,0.616587193569569
AGTGCCT,0.624279287205401
AGTGCGA,0.61437733924078
AGTGCGC,0.612238461625821
AGTGCGG,0.626741606703789
AGTGCGT,0.611504800837558
AGTGCTA,0.606591447530575
AGTGCTC,0.622962454844253
AGTGCTG,0.598915331362312
AGTGCTT,0.613906168637712
AGTGGAA,0.639422585697082
AGTGGAC,0.612263750675878
AGTGGAG,0.654881345565861
AGTGGAT,0.617845383312799
AGTGGCA,0.613948246468622
AGTGGCC,0.634381017864591
AGTGGCG,0.607523541048499
AGTGGCT,0.638158414063673
AGTGGGA,0.666526200533082
AGTGGGC,0.650891001842595
AGTGGGG,0.724563873973003
AGTGGGT,0.681134150913503
AGTGGTA,0.619495404713205
AGTGGTC,0.627505688785696
AGTGGTG,0.646583345016498
AGTGGTT,0.627522292783621
AGTGTAA,0.623337678676018
AGTGTAC,0.613005278431413
AGTGTAG,0.619612561566261
AGTGTAT,0.620348661946493
AGTGTCA,0.615646711863572
AGTGTCC,0.635345239405948
AGTGTCG,0.615327418790423
AGTGTCT,0.642003424317458
AGTGTGA,0.654275321268279
AGTGTGC,0.621176127717656
AGTGTGG,0.662918757014133
AGTGTGT,0.641766101484121
AGTGTTA,0.617283587514135
AGTGTTC,0.614343691559015
AGTGTTG,0.636497788266095
AGTGTTT,0.635929912339182
AGTTAAA,0.615991097984447
AGTTAAC,0.612221601903812
AGTTAAG,0.61239018633401
AGTTAAT,0.613864089036184
AGTTACA,0.610508859788348
AGTTACC,0.610846578064664
AGTTACG,0.612440756121529
AGTTACT,0.61594910602636
AGTTAGA,0.620716509044858
AGTTAGC,0.612432328001197
AGTTAGG,0.618222531749698
AGTTAGT,0.615495480484427
AGTTATA,0.61440257425914
AGTTATC,0.616494863990284
AGTTATG,0.622311733159957
AGTTATT,0.620014138033785
AGTTCAA,0.598069231109659
AGTTCAC,0.613342154814816
AGTTCAG,0.63103613035597
AGTTCAT,0.609190667647459
AGTTCCA,0.617635794924959
AGTTCCC,0.619227566067779
AGTTCCG,0.612567169403255
AGTTCCT,0.613325313690659
AGTTCGA,0.599188665287478
AGTTCGC,0.613931415548723
AGTTCGG,0.617795086105741
AGTTCGT,0.610863460984943
AGTTCTA,0.612373329169864
AGTTCTC,0.614839880092974
AGTTCTG,0.624545776396354
AGTTCTT,0.605938464747254
AGTTGAA,0.629231029649102
AGTTGAC,0.617107437279024
AGTTGAG,0.624295944860558
AGTTGAT,0.623145915196923
AGTTGCA,0.618364973038483
AGTTGCC,0.62265383196355
AGTTGCG,0.612701992625561
AGTTGCT,0.614091297851495
AGTTGGA,0.637377770165541
AGTTGGC,0.624945377074161
AGTTGGG,0.658308563251362
AGTTGGT,0.6318134722497
AGTTGTA,0.61967950217738
AGTTGTC,0.61359473764828
AGTTGTG,0.626957602133157
AGTTGTT,0.627115415448314
AGTTTAA,0.625195046434229
AGTTTAC,0.615831519161964
AGTTTAG,0.620265041458942
AGTTTAT,0.619177338334375
AGTTTCA,0.609638709895613
AGTTTCC,0.624703970758947
AGTTTCG,0.609748576399668
AGTTTCT,0.612870496095632
AGTTTGA,0.612727269956223
AGTTTGC,0.619118736123322
AGTTTGG,0.640250818354141
AGTTTGT,0.629347051507051
AGTTTTA,0.616184238283268
AGTTTTC,0.618507394040637
AGTTTTG,0.626492323222096
AGTTTTT,0.614385750984323
ATAAAAA,0.600741832756282
ATAAAAC,0.612533460757284
ATAAAAG,0.606905066873498
ATAAAAT,0.60193493759158
ATAAACA,0.607565888299737
ATAAACC,0.613939831044082
ATAAACG,0.613956661822343
ATAAACT,0.611842182990519
ATAAAGA,0.609165300761529
ATAAAGC,0.609706321480421
ATAAAGG,0.618725175170481
ATAAAGT,0.614049226039573
ATAAATA,0.59180810995857
ATAAATC,0.6212095462912
ATAAATG,0.611057594084167
ATAAATT,0.609359763777855
ATAACAA,0.615730719414981
ATAACAC,0.610044310851561
ATAACAG,0.611825316585982
ATAACAT,0.611234813135981
ATAACCA,0.617057102940709
ATAACCC,0.610745274556862
ATAACCG,0.615041649072971
ATAACCT,0.611985535944545
ATAACGA,0.612230031800348
ATAACGC,0.610838136497636
ATAACGG,0.612988431632875
ATAACGT,0.611074473442285
ATAACTA,0.611749414244981
ATAACTC,0.614183849607663
ATAACTG,0.617057102940709
ATAACTT,0.610947871311106
ATAAGAA,0.618934535385077
ATAAGAC,0.610787485598953
ATAAGAG,0.613796757990481
ATAAGAT,0.609469660931334
ATAAGCA,0.611125109807229
ATAAGCC,0.617199710319604
ATAAGCG,0.610382186024483
ATAAGCT,0.614192262978942
ATAAGGA,0.610610187247414
ATAAGGC,0.616394131089486
ATAAGGG,0.624295944860558
ATAAGGT,0.629164725400313
ATAAGTA,0.616310179253524
ATAAGTC,0.610230156323764
ATAAGTG,0.614192262978942
ATAAGTT,0.612887344881107
ATAATAA,0.604078945626553
ATAATAC,0.612204741897548
ATAATAG,0.616696299355637
ATAATAT,0.606930491158637
ATAATCA,0.613156886847957
ATAATCC,0.60466519469783
ATAATCG,0.613384256384398
ATAATCT,0.613165308863857
ATAATGA,0.616226220369059
ATAATGC,0.612870496095632
ATAATGG,0.616444498808275
ATAATGT,0.612322755972378
ATAATTA,0.609063826782532
ATAATTC,0.612921041600435
ATAATTG,0.620089415671569
ATAATTT,0.616897694152956
ATACAAA,0.57510713600186
ATACAAC,0.615008023736645
ATACAAG,0.614284805391514
ATACAAT,0.609528831319583
ATACACA,0.60359439355328
ATACACC,0.609545736501752
ATACACG,0.610855019560433
ATACACT,0.611268565585303
ATACAGA,0.608700127111058
ATACAGC,0.609748576399668
ATACAGG,0.624978669923956
ATACAGT,0.608530919392417
ATACATA,0.607091496622213
ATACATC,0.611993967831319
ATACATG,0.611386690187317
ATACATT,0.613401096515932
ATACCAA,0.61758548717482
ATACCAC,0.612744121155036
ATACCAG,0.612162590638209
ATACCAT,0.612423899809832
ATACCCA,0.611875914946191
ATACCCC,0.613838840425309
ATACCCG,0.614932362595669
ATACCCT,0.614183849607663
ATACCGA,0.613350575270537
ATACCGC,0.613064239991355
ATACCGG,0.61505005523039
ATACCGT,0.614604431484278
ATACCTA,0.608319369473467
ATACCTC,0.616931256009542
ATACCTG,0.61319899621817
ATACCTT,0.615302207100037
ATACGAA,0.612752546647958
ATACGAC,0.611471056360947
ATACGAG,0.613283209639371
ATACGAT,0.614200676279437
ATACGCA,0.613375836212284
ATACGCC,0.611116670591128
ATACGCG,0.611437310745608
ATACGCT,0.611437310745608
ATACGGA,0.610534192615686
ATACGGC,0.613805174619122
ATACGGG,0.611909645764056
ATACGGT,0.613358995655354
ATACGTA,0.611918078290749
ATACGTC,0.613619992423086
ATACGTG,0.615907112304875
ATACGTT,0.612760972069892
ATACTAA,0.608133168517599
ATACTAC,0.6106946189543
ATACTAG,0.610779043533075
ATACTAT,0.612204741897548
ATACTCA,0.61210357589007
ATACTCC,0.611867482063945
ATACTCG,0.613552644939544
ATACTCT,0.617401003768289
ATACTGA,0.608928512124375
ATACTGC,0.61440257425914
ATACTGG,0.616620765848574
ATACTGT,0.618415241590706
ATACTTA,0.615823119571116
ATACTTC,0.619353124365037
ATACTTG,0.611656636892605
ATACTTT,0.614797839764141
ATAGAAA,0.613468454206309
ATAGAAC,0.616066679065711
ATAGAAG,0.626068398634582
ATAGAAT,0.608818555480817
ATAGACA,0.612466040056332
ATAGACC,0.610787485598953
ATAGACG,0.611133548952111
ATAGACT,0.609587998206905
ATAGAGA,0.617904060190482
ATAGAGC,0.613678917750738
ATAGAGG,0.623429378646674
ATAGAGT,0.613813591176924
ATAGATA,0.614604431484278
ATAGATC,0.618658170643495
ATAGATG,0.616771827157821
ATAGATT,0.61856603208759
ATAGCAA,0.608539380458375
ATAGCAC,0.610627074159098
ATAGCAG,0.620766659530608
ATAGCAT,0.608877764406633
ATAGCCA,0.612449184170827
ATAGCCC,0.612921041600435
ATAGCCG,0.612980008127175
ATAGCCT,0.61708227042656
ATAGCGA,0.612466040056332
ATAGCGC,0.612364900481229
ATAGCGG,0.614705344819026
ATAGCGT,0.612567169403255
ATAGCTA,0.609106108858489
ATAGCTC,0.612019263065069
ATAGCTG,0.614192262978942
ATAGCTT,0.6197631716403
ATAGGAA,0.621476854682322
ATAGGAC,0.618859170757135
ATAGGAG,0.621359916053272
ATAGGAT,0.620507521611394
ATAGGCA,0.611884347757323
ATAGGCC,0.622587090166714
ATAGGCG,0.610863460984943
ATAGGCT,0.621142708027274
ATAGGGA,0.621877683340907
ATAGGGC,0.616234616574721
ATAGGGG,0.629446488101074
ATAGGGT,0.616729867971974
ATAGGTA,0.623562745413064
ATAGGTC,0.620298490493053
ATAGGTG,0.627024052880344
ATAGGTT,0.622545374281543
ATAGTAA,0.61758548717482
ATAGTAC,0.613670500059368
ATAGTAG,0.606938965776709
ATAGTAT,0.615150923608045
ATAGTCA,0.610272389114674
ATAGTCC,0.612617730241796
ATAGTCG,0.612937889534308
ATAGTCT,0.62292075461514
ATAGTGA,0.612811523110804
ATAGTGC,0.611614462523129
ATAGTGG,0.618205772617026
ATAGTGT,0.615680315731013
ATAGTTA,0.617157769083922
ATAGTTC,0.615285398953312
ATAGTTG,0.617803469149267
ATAGTTT,0.604376361295719
ATATAAA,0.606159000123615
ATATAAC,0.613081085512824
ATATAAG,0.616243012709889
ATATAAT,0.603424319622199
ATATACA,0.605098288439835
ATATACC,0.611842182990519
ATATACG,0.612381757787457
ATATACT,0.610821253149797
ATATAGA,0.613838840425309
ATATAGC,0.618096831407952
ATATAGG,0.617744786368747
ATATAGT,0.610230156323764
ATATATA,0.588533315423713
ATATATC,0.610669290190741
ATATATG,0.609021542918725
ATATATT,0.613266367522473
ATATCAA,0.611260127579774
ATATCAC,0.613729422411003
ATATCAG,0.609029999834522
ATATCAT,0.612735695591125
ATATCCA,0.612845222385131
ATATCCC,0.6175938719756
ATATCCG,0.612541888025303
ATATCCT,0.612786247909774
ATATCGA,0.613342154814816
ATATCGC,0.611901213166255
ATATCGG,0.611420437510892
ATATCGT,0.610787485598953
ATATCTA,0.612533460757284
ATATCTC,0.615369436861942
ATATCTG,0.613038971177069
ATATCTT,0.612036126198771
ATATGAA,0.613653664464053
ATATGAC,0.617342297364534
ATATGAG,0.623079206235621
ATATGAT,0.6123058976715
ATATGCA,0.617610641366248
ATATGCC,0.617937588289111
ATATGCG,0.611277003519632
ATATGCT,0.61026394269918
ATATGGA,0.617853765934694
ATATGGC,0.616813784583168
ATATGGG,0.63092857804765
ATATGGT,0.621911078478076
ATATGTA,0.606498190377053
ATATGTC,0.616671122153868
ATATGTG,0.614696935763406
ATATGTT,0.616511651820602
ATATTAA,0.611800016445772
ATATTAC,0.6100781035065
ATATTAG,0.617132603498134
ATATTAT,0.61610026882383
ATATTCA,0.622670516716772
ATATTCC,0.614923955448845
ATATTCG,0.612937889534308
ATATTCT,0.61921082377029
ATATTGA,0.621819239167193
ATATTGC,0.613880921089279
ATATTGG,0.622244968526163
ATATTGT,0.622628804311742
ATATTTA,0.617686100144355
ATATTTC,0.613342154814816
ATATTTG,0.623004153334529
ATATTTT,0.624678994365378
ATCAAAA,0.614797839764141
ATCAAAC,0.607667514386684
ATCAAAG,0.614049226039573
ATCAAAT,0.609444301121698
ATCAACA,0.611015394442337
ATCAACC,0.612137299029749
ATCAACG,0.61162289753932
ATCAACT,0.616469681716361
ATCAAGA,0.614284805391514
ATCAAGC,0.610297727933115
ATCAAGG,0.617224874216686
ATCAAGT,0.617140992097098
ATCAATA,0.609393579572984
ATCAATC,0.612027694667466
ATCAATG,0.613922999982542
ATCAATT,0.613182152682868
ATCACAA,0.609757027169264
ATCACAC,0.606014809420028
ATCACAG,0.610930989815872
ATCACAT,0.611884347757323
ATCACCA,0.609621806285117
ATCACCC,0.610044310851561
ATCACCG,0.613586319248275
ATCACCT,0.595072215209868
ATCACGA,0.602820323452853
ATCACGC,0.608522458254868
ATCACGG,0.610846578064664
ATCACGT,0.609723223662378
ATCACTA,0.61463807039404
ATCACTC,0.616016292312929
ATCACTG,0.622411871753549
ATCACTT,0.593587509352401
ATCAGAA,0.614940769671813
ATCAGAC,0.623195943997693
ATCAGAG,0.621042442254352
ATCAGAT,0.615453467708796
ATCAGCA,0.611361378947223
ATCAGCC,0.617208098355656
ATCAGCG,0.610846578064664
ATCAGCT,0.617367457673872
ATCAGGA,0.629280754950812
ATCAGGC,0.621710690924487
ATCAGGG,0.618348216292853
ATCAGGT,0.636563608095968
ATCAGTA,0.62219489212541
ATCAGTC,0.609385125731405
ATCAGTG,0.628600961716228
ATCAGTT,0.616133857453714
ATCATAA,0.609080739827448
ATCATAC,0.610643960785619
ATCATAG,0.607210115641462
ATCATAT,0.614469864528326
ATCATCA,0.607167753321231
ATCATCC,0.611319192123329
ATCATCG,0.614974397269618
ATCATCT,0.610610187247414
ATCATGA,0.61496599047618
ATCATGC,0.606955914797399
ATCATGG,0.609680967671818
ATCATGT,0.611580721746855
ATCATTA,0.614099712001479
ATCATTC,0.617073881334987
ATCATTG,0.612187881607019
ATCATTT,0.607802999772381
ATCCAAA,0.611606027435789
ATCCAAC,0.610905667038662
ATCCAAG,0.621877683340907
ATCCAAT,0.611023834513169
ATCCACA,0.615159328846938
ATCCACC,0.592659522104707
ATCCACG,0.6135779007774
ATCCACT,0.613763090767502
ATCCAGA,0.615932308749382
ATCCAGC,0.620733226152895
ATCCAGG,0.615713918469271
ATCCAGT,0.616410920610962
ATCCATA,0.613089508167145
ATCCATC,0.609706321480421
ATCCATG,0.619897028221473
ATCCATT,0.611555415417526
ATCCCAA,0.606447319172896
ATCCCAC,0.61533582254597
ATCCCAG,0.551918803108047
ATCCCAT,0.615604705441244
ATCCCCA,0.616201031329084
ATCCCCC,0.618959655665593
ATCCCCG,0.613064239991355
ATCCCCT,0.614108126080666
ATCCCGA,0.611800016445772
ATCCCGC,0.609393579572984
ATCCCGG,0.62003086688746
ATCCCGT,0.613704170399711
ATCCCTA,0.611395127124981
ATCCCTC,0.616587193569569
ATCCCTG,0.615747520078424
ATCCCTT,0.619428451776943
ATCCGAA,0.61263458328657
ATCCGAC,0.61248289565772
ATCCGAG,0.615445064941857
ATCCGAT,0.611580721746855
ATCCGCA,0.611791582923457
ATCCGCC,0.603007516205263
ATCCGCG,0.613695752920908
ATCCGCT,0.610627074159098
ATCCGGA,0.617090659447756
ATCCGGC,0.610154132805139
ATCCGGG,0.614108126080666
ATCCGGT,0.61263458328657
ATCCGTA,0.612440756121529
ATCCGTC,0.61120949805135
ATCCGTG,0.616914475222049
ATCCGTT,0.613628410539623
ATCCTAA,0.612044557658986
ATCCTAC,0.614730571561621
ATCCTAG,0.615361033388879
ATCCTAT,0.611074473442285
ATCCTCA,0.612432328001197
ATCCTCC,0.599709501220893
ATCCTCG,0.614284805391514
ATCCTCT,0.611639767358255
ATCCTGA,0.622528687440202
ATCCTGC,0.61926942058521
ATCCTGG,0.627264899829663
ATCCTGT,0.618029784764448
ATCCTTA,0.611412000786768
ATCCTTC,0.607692919294775
ATCCTTG,0.62723998731783
ATCCTTT,0.613266367522473
ATCGAAA,0.611471056360947
ATCGAAC,0.61177471566545
ATCGAAG,0.613502131350177
ATCGAAT,0.615428259196156
ATCGACA,0.610728389641116
ATCGACC,0.61329163059145
ATCGACG,0.61331689302222
ATCGACT,0.609858430834399
ATCGAGA,0.611251689503045
ATCGAGC,0.610618630738902
ATCGAGG,0.612609303612898
ATCGAGT,0.615596303945029
ATCGATA,0.614823064173527
ATCGATC,0.613493712170536
ATCGATG,0.611082913014503
ATCGATT,0.612954737184332
ATCGCAA,0.613342154814816
ATCGCAC,0.607404959203843
ATCGCAG,0.61877542561958
ATCGCAT,0.612179451355153
ATCGCCA,0.612701992625561
ATCGCCC,0.609917578224134
ATCGCCG,0.613889337009583
ATCGCCT,0.609418940668926
ATCGCGA,0.614410985790417
ATCGCGC,0.607167753321231
ATCGCGG,0.612929465602853
ATCGCGT,0.613914584345539
ATCGCTA,0.612238461625821
ATCGCTC,0.611167304819462
ATCGCTG,0.617300362108828
ATCGCTT,0.59481490970034
ATCGGAA,0.617644179303931
ATCGGAC,0.611749414244981
ATCGGAG,0.618163873556505
ATCGGAT,0.612407043213996
ATCGGCA,0.614680117440026
ATCGGCC,0.611918078290749
ATCGGCG,0.613838840425309
ATCGGCT,0.61304739418611
ATCGGGA,0.614385750984323
ATCGGGC,0.617711251805105
ATCGGGG,0.622545374281543
ATCGGGT,0.614082883630713
ATCGGTA,0.615503882827749
ATCGGTC,0.612710418473442
ATCGGTG,0.619662767444693
ATCGGTT,0.614461453492297
ATCGTAA,0.612415471547432
ATCGTAC,0.614646479944675
ATCGTAG,0.613140042603364
ATCGTAT,0.614789431486283
ATCGTCA,0.610947871311106
ATCGTCC,0.613241103815258
ATCGTCG,0.614108126080666
ATCGTCT,0.613813591176924
ATCGTGA,0.615319014964253
ATCGTGC,0.605709395751646
ATCGTGG,0.615965903021194
ATCGTGT,0.612238461625821
ATCGTTA,0.610500415369955
ATCGTTC,0.615487078070506
ATCGTTG,0.611361378947223
ATCGTTT,0.614082883630713
ATCTAAA,0.609148389146747
ATCTAAC,0.610120342719378
ATCTAAG,0.609926027565661
ATCTAAT,0.612171021032216
ATCTACA,0.614368927426479
ATCTACC,0.608158561598693
ATCTACG,0.614797839764141
ATCTACT,0.610491970880253
ATCTAGA,0.613636828585295
ATCTAGC,0.615201353981717
ATCTAGG,0.625120152171144
ATCTAGT,0.610804369516906
ATCTATA,0.611977103986673
ATCTATC,0.612415471547432
ATCTATG,0.615890314322496
ATCTATT,0.615226568214878
ATCTCAA,0.596871502386548
ATCTCAC,0.61201083139158
ATCTCAG,0.596511903852762
ATCTCAT,0.613855672903391
ATCTCCA,0.615739119781985
ATCTCCC,0.613493712170536
ATCTCCG,0.606930491158637
ATCTCCT,0.615024836546141
ATCTCGA,0.611251689503045
ATCTCGC,0.611302316895435
ATCTCGG,0.598248766752023
ATCTCGT,0.614293217913461
ATCTCTA,0.602113780603521
ATCTCTC,0.619880297128662
ATCTCTG,0.612364900481229
ATCTCTT,0.612086713893753
ATCTGAA,0.61162289753932
ATCTGAC,0.622778960827706
ATCTGAG,0.618088450823344
ATCTGAT,0.615487078070506
ATCTGCA,0.614755797667844
ATCTGCC,0.602088233559986
ATCTGCG,0.616864131169934
ATCTGCT,0.630523084575393
ATCTGGA,0.610551080810722
ATCTGGC,0.614797839764141
ATCTGGG,0.640349176657446
ATCTGGT,0.623521070209215
ATCTGTA,0.61562150822192
ATCTGTC,0.609182212090313
ATCTGTG,0.622178199434555
ATCTGTT,0.6270655823551
ATCTTAA,0.613830424080016
ATCTTAC,0.6209254528117
ATCTTAG,0.612112006781608
ATCTTAT,0.623996064605417
ATCTTCA,0.614318455054687
ATCTTCC,0.612575596387208
ATCTTCG,0.612550315222304
ATCTTCT,0.624645691536869
ATCTTGA,0.612466040056332
ATCTTGC,0.617073881334987
ATCTTGG,0.609571093739169
ATCTTGT,0.616016292312929
ATCTTTA,0.619788271114124
ATCTTTC,0.627887511005078
ATCTTTG,0.631044403131349
ATCTTTT,0.624021058061722
ATGAAAA,0.611934943130815
ATGAAAC,0.620933809654366
ATGAAAG,0.623971070524424
ATGAAAT,0.610162580148181
ATGAACA,0.622845689820406
ATGAACC,0.617300362108828
ATGAACG,0.613401096515932
ATGAACT,0.614755797667844
ATGAAGA,0.631482762319373
ATGAAGC,0.616763435461496
ATGAAGG,0.629413343668347
ATGAAGT,0.616301783682279
ATGAATA,0.604673688535103
ATGAATC,0.616855740248164
ATGAATG,0.626724989738184
ATGAATT,0.611462620063871
ATGACAA,0.607244004205607
ATGACAC,0.614991210644474
ATGACAG,0.626857917732201
ATGACAT,0.62211977282213
ATGACCA,0.611985535944545
ATGACCC,0.613443195604101
ATGACCG,0.61407446933913
ATGACCT,0.614940769671813
ATGACGA,0.612643009702449
ATGACGC,0.61177471566545
ATGACGG,0.610584856345186
ATGACGT,0.611842182990519
ATGACTA,0.615764320459609
ATGACTC,0.620783375800302
ATGACTG,0.621652236989939
ATGACTT,0.609858430834399
ATGAGAA,0.626907761174801
ATGAGAC,0.614621251080606
ATGAGAG,0.631077493548493
ATGAGAT,0.613232682437683
ATGAGCA,0.611032274512766
ATGAGCC,0.600997617940752
ATGAGCG,0.614528739799733
ATGAGCT,0.607320249276229
ATGAGGA,0.626666828184001
ATGAGGC,0.619528879500401
ATGAGGG,0.657640170108276
ATGAGGT,0.63124292921157
ATGAGTA,0.609199123133108
ATGAGTC,0.616016292312929
ATGAGTG,0.622052995370516
ATGAGTT,0.614032396819182
ATGATAA,0.61366208229714
ATGATAC,0.619101992003656
ATGATAG,0.610382186024483
ATGATAT,0.613813591176924
ATGATCA,0.615016430176727
ATGATCC,0.609359763777855
ATGATCG,0.6106946189543
ATGATCT,0.607464251883878
ATGATGA,0.617803469149267
ATGATGC,0.611327629630488
ATGATGG,0.625228330972995
ATGATGT,0.611445747256203
ATGATTA,0.61106603379884
ATGATTC,0.61012879034786
ATGATTG,0.622320078425771
ATGATTT,0.610449747362071
ATGCAAA,0.613586319248275
ATGCAAC,0.611993967831319
ATGCAAG,0.615739119781985
ATGCAAT,0.615176139112784
ATGCACA,0.611901213166255
ATGCACC,0.609131477245958
ATGCACG,0.613283209639371
ATGCACT,0.615008023736645
ATGCAGA,0.614209089509148
ATGCAGC,0.617149380625693
ATGCAGG,0.634966254658929
ATGCAGT,0.617761553228865
ATGCATA,0.617686100144355
ATGCATC,0.623554410511239
ATGCATG,0.62084188054379
ATGCATT,0.606040256349117
ATGCCAA,0.611850616086111
ATGCCAC,0.605319009162198
ATGCCAG,0.620348661946493
ATGCCAT,0.609435847708902
ATGCCCA,0.609495020097867
ATGCCCC,0.623821092918261
ATGCCCG,0.613830424080016
ATGCCCT,0.615629909506385
ATGCCGA,0.613645246560105
ATGCCGC,0.609748576399668
ATGCCGG,0.609232944360774
ATGCCGT,0.612255321063585
ATGCCTA,0.620248316522312
ATGCCTC,0.611926510746335
ATGCCTG,0.600067951945506
ATGCCTT,0.616654337000519
ATGCGAA,0.612887344881107
ATGCGAC,0.613847256699766
ATGCGAG,0.615629909506385
ATGCGAT,0.612348042890827
ATGCGCA,0.610660847126986
ATGCGCC,0.605633027757714
ATGCGCG,0.616469681716361
ATGCGCT,0.609858430834399
ATGCGGA,0.618591161626602
ATGCGGC,0.616578800323706
ATGCGGG,0.625843895194031
ATGCGGT,0.617367457673872
ATGCGTA,0.613350575270537
ATGCGTC,0.613502131350177
ATGCGTG,0.616284992328331
ATGCGTT,0.616175841654606
ATGCTAA,0.619796637465404
ATGCTAC,0.608167025815769
ATGCTAG,0.620808449680917
ATGCTAT,0.61329163059145
ATGCTCA,0.612904193382704
ATGCTCC,0.615344226230894
ATGCTCG,0.614957583612067
ATGCTCT,0.611125109807229
ATGCTGA,0.628841429216781
ATGCTGC,0.614150195414681
ATGCTGG,0.640513085667439
ATGCTGT,0.6197631716403
ATGCTTA,0.612575596387208
ATGCTTC,0.612980008127175
ATGCTTG,0.614755797667844
ATGCTTT,0.62382942559762
ATGGAAA,0.615764320459609
ATGGAAC,0.623062528299946
ATGGAAG,0.635164003750929
ATGGAAT,0.632342380755854
ATGGACA,0.621969517284721
ATGGACC,0.621084220881489
ATGGACG,0.616612372884488
ATGGACT,0.626425837130505
ATGGAGA,0.620875310289077
ATGGAGC,0.6337211854864
ATGGAGG,0.650412387063245
ATGGAGT,0.624520796051298
ATGGATA,0.615487078070506
ATGGATC,0.613721005144757
ATGGATG,0.618557655434252
ATGGATT,0.619989044228533
ATGGCAA,0.6183984856874
ATGGCAC,0.623321005050609
ATGGCAG,0.634743740178072
ATGGCAT,0.617979496831646
ATGGCCA,0.620833522932848
ATGGCCC,0.628186226733873
ATGGCCG,0.615755920304298
ATGGCCT,0.622520343915112
ATGGCGA,0.610576412568518
ATGGCGC,0.611783149330016
ATGGCGG,0.614057640543562
ATGGCGT,0.607345663007978
ATGGCTA,0.618976402168706
ATGGCTC,0.611513236778793
ATGGCTG,0.626766531634475
ATGGCTT,0.622052995370516
ATGGGAA,0.647194047384208
ATGGGAC,0.630862386261775
ATGGGAG,0.671289482899395
ATGGGAT,0.631400067745049
ATGGGCA,0.634298562623166
ATGGGCC,0.63106922104686
ATGGGCG,0.617660947850984
ATGGGCT,0.641790654734063
ATGGGGA,0.657962343056833
ATGGGGC,0.668838987190604
ATGGGGG,0.684880432050472
ATGGGGT,0.643997982159629
ATGGGTA,0.626700063772035
ATGGGTC,0.63303614890762
ATGGGTG,0.655446637080319
ATGGGTT,0.628609254661675
ATGGTAA,0.642739585033106
ATGGTAC,0.618834047952252
ATGGTAG,0.620114506958278
ATGGTAT,0.625228330972995
ATGGTCA,0.609520378621329
ATGGTCC,0.620373746729304
ATGGTCG,0.616192634841427
ATGGTCT,0.60642188260033
ATGGTGA,0.628509734777006
ATGGTGC,0.611673506142378
ATGGTGG,0.632796688108716
ATGGTGT,0.627132025927547
ATGGTTA,0.616562013620636
ATGGTTC,0.617887295719608
ATGGTTG,0.624387557004345
ATGGTTT,0.623270982506259
ATGTAAA,0.623279319770754
ATGTAAC,0.6106946189543
ATGTAAG,0.639176443801769
ATGTAAT,0.62234511380536
ATGTACA,0.610888784830936
ATGTACC,0.615982699733894
ATGTACG,0.612238461625821
ATGTACT,0.616629158742219
ATGTAGA,0.6106946189543
ATGTAGC,0.616385736223039
ATGTAGG,0.619478666899388
ATGTAGT,0.621084220881489
ATGTATA,0.617987878329398
ATGTATC,0.611715678021852
ATGTATG,0.621769141442373
ATGTATT,0.613300051472617
ATGTCAA,0.613022124946141
ATGTCAC,0.615201353981717
ATGTCAG,0.62216150646505
ATGTCAT,0.615243377350459
ATGTCCA,0.62066635604391
ATGTCCC,0.613603155977416
ATGTCCG,0.61207828278897
ATGTCCT,0.618834047952252
ATGTCGA,0.610753716907823
ATGTCGC,0.611656636892605
ATGTCGG,0.613325313690659
ATGTCGT,0.611724112184335
ATGTCTA,0.616385736223039
ATGTCTC,0.619302902937904
ATGTCTG,0.628426793973397
ATGTCTT,0.630324415521587
ATGTGAA,0.620933809654366
ATGTGAC,0.606311649975264
ATGTGAG,0.637032449027427
ATGTGAT,0.624420868430431
ATGTGCA,0.621242963747979
ATGTGCC,0.617619025956119
ATGTGCG,0.617820235025496
ATGTGCT,0.620524242213433
ATGTGGA,0.626151535268095
ATGTGGC,0.623304331147186
ATGTGGG,0.650363701539106
ATGTGGT,0.622311733159957
ATGTGTA,0.616243012709889
ATGTGTC,0.622470281302614
ATGTGTG,0.649300143008172
ATGTGTT,0.629048682385395
ATGTTAA,0.615730719414981
ATGTTAC,0.609097652586318
ATGTTAG,0.616041486006673
ATGTTAT,0.615327418790423
ATGTTCA,0.610584856345186
ATGTTCC,0.611192620972227
ATGTTCG,0.615226568214878
ATGTTCT,0.620557682578798
ATGTTGA,0.6155458934854
ATGTTGC,0.614579201559339
ATGTTGG,0.604733143376034
ATGTTGT,0.622270005786204
ATGTTTA,0.615697117241285
ATGTTTC,0.61888429293088
ATGTTTG,0.624479160756116
ATGTTTT,0.632837978544518
ATTAAAA,0.594231438652566
ATTAAAC,0.613038971177069
ATTAAAG,0.609883780144093
ATTAAAT,0.610027414095854
ATTAACA,0.611884347757323
ATTAACC,0.614385750984323
ATTAACG,0.612701992625561
ATTAACT,0.624487487953833
ATTAAGA,0.615697117241285
ATTAAGC,0.61067773318321
ATTAAGG,0.622745594661498
ATTAAGT,0.609655613220382
ATTAATA,0.619386603915296
ATTAATC,0.612862071596439
ATTAATG,0.619947219820397
ATTAATT,0.609790829533511
ATTACAA,0.606387966163736
ATTACAC,0.612069851613103
ATTACAG,0.543647079416266
ATTACAT,0.615150923608045
ATTACCA,0.6090384566788
ATTACCC,0.610559524801288
ATTACCG,0.611125109807229
ATTACCT,0.60768445106379
ATTACGA,0.612803098114776
ATTACGC,0.611665071553063
ATTACGG,0.61248289565772
ATTACGT,0.609165300761529
ATTACTA,0.611386690187317
ATTACTC,0.611631332484362
ATTACTG,0.618758675750446
ATTACTT,0.617073881334987
ATTAGAA,0.616553620163428
ATTAGAC,0.616931256009542
ATTAGAG,0.615613106866874
ATTAGAT,0.614974397269618
ATTAGCA,0.622670516716772
ATTAGCC,0.586398933604358
ATTAGCG,0.612921041600435
ATTAGCT,0.595672337388904
ATTAGGA,0.614150195414681
ATTAGGC,0.611724112184335
ATTAGGG,0.626292851684651
ATTAGGT,0.627779619503494
ATTAGTA,0.619888662710059
ATTAGTC,0.609773928494212
ATTAGTG,0.617878913378777
ATTAGTT,0.615655112936297
ATTATAA,0.615445064941857
ATTATAC,0.608285517332936
ATTATAG,0.609892229771195
ATTATAT,0.616788610339211
ATTATCA,0.618088450823344
ATTATCC,0.614823064173527
ATTATCG,0.613502131350177
ATTATCT,0.617543562116315
ATTATGA,0.621092576397466
ATTATGC,0.611530108447771
ATTATGG,0.613788341291
ATTATGT,0.621710690924487
ATTATTA,0.616125460402011
ATTATTC,0.607963864829863
ATTATTG,0.613123198075037
ATTATTT,0.62580231495119
ATTCAAA,0.618549278710746
ATTCAAC,0.61096475252136
ATTCAAG,0.610061207321773
ATTCAAT,0.615453467708796
ATTCACA,0.622186545814813
ATTCACC,0.611445747256203
ATTCACG,0.61341793636388
ATTCACT,0.61848226239647
ATTCAGA,0.623712761767667
ATTCAGC,0.61921082377029
ATTCAGG,0.633126963867782
ATTCAGT,0.616838958193398
ATTCATA,0.621034086319466
ATTCATC,0.6106946189543
ATTCATG,0.613022124946141
ATTCATT,0.611099791945262
ATTCCAA,0.614587611605047
ATTCCAC,0.615520687302597
ATTCCAG,0.608446304795165
ATTCCAT,0.617660947850984
ATTCCCA,0.614932362595669
ATTCCCC,0.612002399646997
ATTCCCG,0.609596450333614
ATTCCCT,0.625660929191834
ATTCCGA,0.613948246468622
ATTCCGC,0.61667951462489
ATTCCGG,0.615445064941857
ATTCCGT,0.613998737528707
ATTCCTA,0.61708227042656
ATTCCTC,0.623362688592875
ATTCCTG,0.626658519114395
ATTCCTT,0.623612753365185
ATTCGAA,0.611454183695624
ATTCGAC,0.611884347757323
ATTCGAG,0.615100490691021
ATTCGAT,0.610998514086965
ATTCGCA,0.613005278431413
ATTCGCC,0.616612372884488
ATTCGCG,0.614991210644474
ATTCGCT,0.614957583612067
ATTCGGA,0.611513236778793
ATTCGGC,0.61333373428819
ATTCGGG,0.61870842445963
ATTCGGT,0.613880921089279
ATTCGTA,0.616469681716361
ATTCGTC,0.613375836212284
ATTCGTG,0.62070815038604
ATTCGTT,0.618465507616129
ATTCTAA,0.607074549899367
ATTCTAC,0.613754673784648
ATTCTAG,0.621067509640088
ATTCTAT,0.612659862321197
ATTCTCA,0.616704691615364
ATTCTCC,0.588818131079817
ATTCTCG,0.613207417879433
ATTCTCT,0.627597007362776
ATTCTGA,0.610500415369955
ATTCTGC,0.616864131169934
ATTCTGG,0.617979496831646
ATTCTGT,0.622027952676472
ATTCTTA,0.613838840425309
ATTCTTC,0.616436104364649
ATTCTTG,0.621460150001086
ATTCTTT,0.626234664990483
ATTGAAA,0.622303387824499
ATTGAAC,0.609435847708902
ATTGAAG,0.625328177942646
ATTGAAT,0.614915548231341
ATTGACA,0.616713083804662
ATTGACC,0.619118736123322
ATTGACG,0.61026394269918
ATTGACT,0.61248289565772
ATTGAGA,0.608437842941647
ATTGAGC,0.613055817124205
ATTGAGG,0.615058461317145
ATTGAGT,0.619754805009027
ATTGATA,0.611631332484362
ATTGATC,0.617166157471785
ATTGATG,0.620331938408364
ATTGATT,0.613114775704471
ATTGCAA,0.609283674057602
ATTGCAC,0.599043465942236
ATTGCAG,0.617132603498134
ATTGCAT,0.617023545307585
ATTGCCA,0.613788341291
ATTGCCC,0.605412376342528
ATTGCCG,0.611555415417526
ATTGCCT,0.614251154596003
ATTGCGA,0.611631332484362
ATTGCGC,0.613257946357652
ATTGCGG,0.614713753803934
ATTGCGT,0.615310611067458
ATTGCTA,0.615823119571116
ATTGCTC,0.613922999982542
ATTGCTG,0.622904074036589
ATTGCTT,0.600784468164095
ATTGGAA,0.616125460402011
ATTGGAC,0.614873511083567
ATTGGAG,0.635221673204121
ATTGGAT,0.612449184170827
ATTGGCA,0.619101992003656
ATTGGCC,0.613527388463813
ATTGGCG,0.618205772617026
ATTGGCT,0.612289039086415
ATTGGGA,0.640095064585804
ATTGGGC,0.615285398953312
ATTGGGG,0.658083131157816
ATTGGGT,0.629811004374964
ATTGGTA,0.6246290397067
ATTGGTC,0.615209758796744
ATTGGTG,0.622103078877275
ATTGGTT,0.614133367893454
ATTGTAA,0.616284992328331
ATTGTAC,0.614823064173527
ATTGTAG,0.626733298255502
ATTGTAT,0.610610187247414
ATTGTCA,0.614991210644474
ATTGTCC,0.610567968720552
ATTGTCG,0.613384256384398
ATTGTCT,0.621919427088116
ATTGTGA,0.625727466156927
ATTGTGC,0.617040324264911
ATTGTGG,0.62591041998664
ATTGTGT,0.617769936553502
ATTGTTA,0.625053574783603
ATTGTTC,0.616822175856991
ATTGTTG,0.622086384653727
ATTGTTT,0.626093340350373
ATTTAAA,0.614461453492297
ATTTAAC,0.611108231303806
ATTTAAG,0.614276392798796
ATTTAAT,0.61248289565772
ATTTACA,0.621343209418483
ATTTACC,0.613468454206309
ATTTACG,0.61207828278897
ATTTACT,0.617719635551444
ATTTAGA,0.621493559084516
ATTTAGC,0.61583991868226
ATTTAGG,0.612052989048112
ATTTAGT,0.616243012709889
ATTTATA,0.626641900768058
ATTTATC,0.609359763777855
ATTTATG,0.612027694667466
ATTTATT,0.620649637817951
ATTTCAA,0.615377840264388
ATTTCAC,0.610458192208335
ATTTCAG,0.638010549374868
ATTTCAT,0.624728946528712
ATTTCCA,0.617099048398577
ATTTCCC,0.612525033418246
ATTTCCG,0.616083474085805
ATTTCCT,0.617996259756901
ATTTCGA,0.612086713893753
ATTTCGC,0.616704691615364
ATTTCGG,0.609621806285117
ATTTCGT,0.612769397420838
ATTTCTA,0.61327478861638
ATTTCTC,0.628542909172375
ATTTCTG,0.621819239167193
ATTTCTT,0.639709674688789
ATTTGAA,0.607692919294775
ATTTGAC,0.609664064775622
ATTTGAG,0.619754805009027
ATTTGAT,0.61818901320348
ATTTGCA,0.618172253509052
ATTTGCC,0.618951282308869
ATTTGCG,0.618641418810224
ATTTGCT,0.620766659530608
ATTTGGA,0.620850238084882
ATTTGGC,0.621025730314757
ATTTGGG,0.638544402149349
ATTTGGT,0.626741606703789
ATTTGTA,0.61263458328657
ATTTGTC,0.615377840264388
ATTTGTG,0.62529489672713
ATTTGTT,0.631714270753846
ATTTTAA,0.602684161256608
ATTTTAC,0.618901040696092
ATTTTAG,0.614091297851495
ATTTTAT,0.612314326857464
ATTTTCA,0.616880912802254
ATTTTCC,0.629960086380469
ATTTTCG,0.619135479962628
ATTTTCT,0.637114679162704
ATTTTGA,0.625444653475067
ATTTTGC,0.622995813775574
ATTTTGG,0.63194572560457
ATTTTGT,0.63853619118794
ATTTTTA,0.587263604702403
ATTTTTC,0.653596137751866
ATTTTTG,0.589007963127225
ATTTTTT,0.598530829082254
CAAAAAA,0.539702976211808
CAAAAAC,0.60494545324215
CAAAAAG,0.610323066109517
CAAAAAT,0.590318546329914
CAAAACA,0.597034135442831
CAAAACC,0.604631218627267
CAAAACG,0.613215839469772
CAAAACT,0.608691667405083
CAAAAGA,0.618038165840724
CAAAAGC,0.608277054118743
CAAAAGG,0.625111830240102
CAAAAGT,0.611580721746855
CAAAATA,0.606879641941948
CAAAATC,0.6070491292766
CAAAATG,0.606777935750983
CAAAATT,0.61026394269918
CAAACAA,0.604070446736107
CAAACAC,0.612137299029749
CAAACAG,0.611715678021852
CAAACAT,0.610855019560433
CAAACCA,0.606243808473524
CAAACCC,0.610711504440266
CAAACCG,0.611006954300269
CAAACCT,0.605972396432502
CAAACGA,0.61289576916739
CAAACGC,0.609046913451559
CAAACGG,0.617065492173037
CAAACGT,0.61407446933913
CAAACTA,0.610947871311106
CAAACTC,0.591876937868691
CAAACTG,0.616620765848574
CAAACTT,0.610779043533075
CAAAGAA,0.613325313690659
CAAAGAC,0.616007894273963
CAAAGAG,0.613771507679512
CAAAGAT,0.614251154596003
CAAAGCA,0.611116670591128
CAAAGCC,0.610880343620193
CAAAGCG,0.612322755972378
CAAAGCT,0.616335365544351
CAAAGGA,0.615671914870016
CAAAGGC,0.616436104364649
CAAAGGG,0.629637047273396
CAAAGGT,0.636752815978441
CAAAGTA,0.617686100144355
CAAAGTC,0.608090845282814
CAAAGTG,0.570925282417404
CAAAGTT,0.612373329169864
CAAATAA,0.60426590294423
CAAATAC,0.607904601766698
CAAATAG,0.608835472674492
CAAATAT,0.608564763226722
CAAATCA,0.614680117440026
CAAATCC,0.614469864528326
CAAATCG,0.612331185016242
CAAATCT,0.611243251355115
CAAATGA,0.608488612988744
CAAATGC,0.613855672903391
CAAATGG,0.61700676606872
CAAATGT,0.61118418232585
CAAATTA,0.606803363268504
CAAATTC,0.61327478861638
CAAATTG,0.615117301945972
CAAATTT,0.613493712170536
CAACAAA,0.608801638000946
CAACAAC,0.605327497447916
CAACAAG,0.605548167590479
CAACAAT,0.611572286374902
CAACACA,0.603135127539595
CAACACC,0.607294834898606
CAACACG,0.61096475252136
CAACACT,0.609587998206905
CAACAGA,0.607032181835745
CAACAGC,0.612002399646997
CAACAGG,0.614823064173527
CAACAGT,0.622912414360645
CAACATA,0.606404924525824
CAACATC,0.609089196242638
CAACATG,0.578783565206896
CAACATT,0.613401096515932
CAACCAA,0.61304739418611
CAACCAC,0.609139933232104
CAACCAG,0.610280835458828
CAACCAT,0.609029999834522
CAACCCA,0.614124954026652
CAACCCC,0.607218587890164
CAACCCG,0.616083474085805
CAACCCT,0.617132603498134
CAACCGA,0.610745274556862
CAACCGC,0.611412000786768
CAACCGG,0.614200676279437
CAACCGT,0.612659862321197
CAACCTA,0.611732546275683
CAACCTC,0.573399685945266
CAACCTG,0.609258309530876
CAACCTT,0.614991210644474
CAACGAA,0.613889337009583
CAACGAC,0.60917375646167
CAACGAG,0.611850616086111
CAACGAT,0.616024690281369
CAACGCA,0.613165308863857
CAACGCC,0.61012879034786
CAACGCG,0.612019263065069
CAACGCT,0.614251154596003
CAACGGA,0.612904193382704
CAACGGC,0.610356849346047
CAACGGG,0.614823064173527
CAACGGT,0.615310611067458
CAACGTA,0.610010517054641
CAACGTC,0.610449747362071
CAACGTG,0.608285517332936
CAACGTT,0.614082883630713
CAACTAA,0.616352156052494
CAACTAC,0.610204815793058
CAACTAG,0.617132603498134
CAACTAT,0.612221601903812
CAACTCA,0.614511918647317
CAACTCC,0.611040714441131
CAACTCG,0.613114775704471
CAACTCT,0.614141781689463
CAACTGA,0.609418940668926
CAACTGC,0.612752546647958
CAACTGG,0.626425837130505
CAACTGT,0.617258425094482
CAACTTA,0.614015567315563
CAACTTC,0.611133548952111
CAACTTG,0.616889303512807
CAACTTT,0.615260186203499
CAAGAAA,0.612954737184332
CAAGAAC,0.611614462523129
CAAGAAG,0.624504142141244
CAAGAAT,0.617308749300655
CAAGACA,0.610348403643911
CAAGACC,0.598017929290929
CAAGACG,0.612044557658986
CAAGACT,0.607210115641462
CAAGAGA,0.622954114937542
CAAGAGC,0.607354134108372
CAAGAGG,0.631218115606813
CAAGAGT,0.61877542561958
CAAGATA,0.612701992625561
CAAGATC,0.599316764850903
CAAGATG,0.615352629845196
CAAGATT,0.612651436047325
CAAGCAA,0.597145395454215
CAAGCAC,0.616133857453714
CAAGCAG,0.615176139112784
CAAGCAT,0.605777273517206
CAAGCCA,0.609596450333614
CAAGCCC,0.612525033418246
CAAGCCG,0.616662729612411
CAAGCCT,0.611302316895435
CAAGCGA,0.594660494609685
CAAGCGC,0.609511925851625
CAAGCGG,0.613763090767502
CAAGCGT,0.610703061732923
CAAGCTA,0.61400715245754
CAAGCTC,0.60494545324215
CAAGCTG,0.612466040056332
CAAGCTT,0.621627184257687
CAAGGAA,0.639980283126023
CAAGGAC,0.609275219286844
CAAGGAG,0.624029389075009
CAAGGAT,0.624845491873778
CAAGGCA,0.610804369516906
CAAGGCC,0.618163873556505
CAAGGCG,0.613308472282873
CAAGGCT,0.612870496095632
CAAGGGA,0.628294074377275
CAAGGGC,0.626824687390208
CAAGGGG,0.646306370368314
CAAGGGT,0.631416607206995
CAAGGTA,0.651466658469186
CAAGGTC,0.617652563612605
CAAGGTG,0.646347106745813
CAAGGTT,0.620699791657354
CAAGTAA,0.628028582329864
CAAGTAC,0.616570407007395
CAAGTAG,0.600972042366277
CAAGTAT,0.620474079568558
CAAGTCA,0.611234813135981
CAAGTCC,0.615176139112784
CAAGTCG,0.614410985790417
CAAGTCT,0.616175841654606
CAAGTGA,0.601892351207339
CAAGTGC,0.616234616574721
CAAGTGG,0.620432275442243
CAAGTGT,0.621627184257687
CAAGTTA,0.610610187247414
CAAGTTC,0.610373740536332
CAAGTTG,0.620231591305955
CAAGTTT,0.610542636748855
CAATAAA,0.603976954173628
CAATAAC,0.611226374845643
CAATAAG,0.608987714540327
CAATAAT,0.613645246560105
CAATACA,0.612171021032216
CAATACC,0.613746256730948
CAATACG,0.614848287946659
CAATACT,0.611302316895435
CAATAGA,0.609275219286844
CAATAGC,0.611639767358255
CAATAGG,0.615234972817987
CAATAGT,0.615638310720268
CAATATA,0.610567968720552
CAATATC,0.611648202161003
CAATATG,0.612348042890827
CAATATT,0.618423619437075
CAATCAA,0.611310754544979
CAATCAC,0.611597592277297
CAATCAG,0.617140992097098
CAATCAT,0.610314620122052
CAATCCA,0.611901213166255
CAATCCC,0.611926510746335
CAATCCG,0.612600876912992
CAATCCT,0.606938965776709
CAATCGA,0.612331185016242
CAATCGC,0.611850616086111
CAATCGG,0.612120437602066
CAATCGT,0.612095144927453
CAATCTA,0.609013085931408
CAATCTC,0.597128279335085
CAATCTG,0.612440756121529
CAATCTT,0.611606027435789
CAATGAA,0.609402033343097
CAATGAC,0.609232944360774
CAATGAG,0.611504800837558
CAATGAT,0.612221601903812
CAATGCA,0.613939831044082
CAATGCC,0.611572286374902
CAATGCG,0.614209089509148
CAATGCT,0.611546979832101
CAATGGA,0.623229295141104
CAATGGC,0.60665078846409
CAATGGG,0.618021403617929
CAATGGT,0.612845222385131
CAATGTA,0.617099048398577
CAATGTC,0.613300051472617
CAATGTG,0.611006954300269
CAATGTT,0.617375844302977
CAATTAA,0.616889303512807
CAATTAC,0.612828372889923
CAATTAG,0.614318455054687
CAATTAT,0.608767802182577
CAATTCA,0.61162289753932
CAATTCC,0.615159328846938
CAATTCG,0.613089508167145
CAATTCT,0.603857950996429
CAATTGA,0.614343691559015
CAATTGC,0.618080070168501
CAATTGG,0.617417776393504
CAATTGT,0.621501911180976
CAATTTA,0.616637551565424
CAATTTC,0.605777273517206
CAATTTG,0.61433527946167
CAATTTT,0.616603979849959
CACAAAA,0.60023859761748
CACAAAC,0.606659265452857
CACAAAG,0.610753716907823
CACAAAT,0.61207828278897
CACAACA,0.60665078846409
CACAACC,0.610187921749169
CACAACG,0.612887344881107
CACAACT,0.62234511380536
CACAAGA,0.608048520256698
CACAAGC,0.607616702634193
CACAAGG,0.618607914301787
CACAAGT,0.606337089351889
CACAATA,0.608480151493226
CACAATC,0.60847168992611
CACAATG,0.6168305670604
CACAATT,0.61137825317847
CACACAA,0.605505734806241
CACACAC,0.56304017777859
CACACAG,0.608370145535672
CACACAT,0.607616702634193
CACACCA,0.60429139441599
CACACCC,0.602684161256608
CACACCG,0.612819948035853
CACACCT,0.596657471218046
CACACGA,0.612887344881107
CACACGC,0.612929465602853
CACACGG,0.613544226185176
CACACGT,0.608175489961203
CACACTA,0.613552644939544
CACACTC,0.612449184170827
CACACTG,0.606989811976994
CACACTT,0.616973206746339
CACAGAA,0.620641278600159
CACAGAC,0.615243377350459
CACAGAG,0.625028607120464
CACAGAT,0.618348216292853
CACAGCA,0.612701992625561
CACAGCC,0.615268590524068
CACAGCG,0.609942926034544
CACAGCT,0.618406863674148
CACAGGA,0.624062712434117
CACAGGC,0.616671122153868
CACAGGG,0.655244783935303
CACAGGT,0.639274907830313
CACAGTA,0.6148062479713
CACAGTC,0.618574408670761
CACAGTG,0.618256049172459
CACAGTT,0.612533460757284
CACATAA,0.610846578064664
CACATAC,0.609275219286844
CACATAG,0.609697870282311
CACATAT,0.612769397420838
CACATCA,0.610753716907823
CACATCC,0.60971477260711
CACATCG,0.609757027169264
CACATCT,0.608590145350801
CACATGA,0.612069851613103
CACATGC,0.61183374982381
CACATGG,0.621042442254352
CACATGT,0.617015155723345
CACATTA,0.612584023300148
CACATTC,0.612710418473442
CACATTG,0.61594070742314
CACATTT,0.613224260989188
CACCAAA,0.608488612988744
CACCAAC,0.610458192208335
CACCAAG,0.610027414095854
CACCAAT,0.614259567401042
CACCACA,0.584520021831141
CACCACC,0.591739277310842
CACCACG,0.589378894474099
CACCACT,0.597966624840186
CACCAGA,0.608167025815769
CACCAGC,0.622270005786204
CACCAGG,0.629603909156147
CACCAGT,0.60768445106379
CACCATA,0.611546979832101
CACCATC,0.605140738516313
CACCATG,0.561107945642164
CACCATT,0.611116670591128
CACCCAA,0.605463300221385
CACCCAC,0.619445190431266
CACCCAG,0.60647275509846
CACCCAT,0.613603155977416
CACCCCA,0.619846834103227
CACCCCC,0.61594070742314
CACCCCG,0.616914475222049
CACCCCT,0.627057276598124
CACCCGA,0.61247446789254
CACCCGC,0.606142037590504
CACCCGG,0.604452825315402
CACCCGT,0.614242741720189
CACCCTA,0.621067509640088
CACCCTC,0.609621806285117
CACCCTG,0.635114570143874
CACCCTT,0.616024690281369
CACCGAA,0.612693566706684
CACCGAC,0.610255496212343
CACCGAG,0.611800016445772
CACCGAT,0.614856695729651
CACCGCA,0.60339030136469
CACCGCC,0.609587998206905
CACCGCG,0.600110616093572
CACCGCT,0.611740980295898
CACCGGA,0.616377341286117
CACCGGC,0.619888662710059
CACCGGG,0.622753936307422
CACCGGT,0.614410985790417
CACCGTA,0.610618630738902
CACCGTC,0.613493712170536
CACCGTG,0.611707243788233
CACCGTT,0.611412000786768
CACCTAA,0.611724112184335
CACCTAC,0.606387966163736
CACCTAG,0.612584023300148
CACCTAT,0.612415471547432
CACCTCA,0.596100775697345
CACCTCC,0.599256987096704
CACCTCG,0.605913015227717
CACCTCT,0.608302443546447
CACCTGA,0.611445747256203
CACCTGC,0.604639712753131
CACCTGG,0.629305616674471
CACCTGT,0.602215962251645
CACCTTA,0.612558742348287
CACCTTC,0.614974397269618
CACCTTG,0.620072687797327
CACCTTT,0.620758301290972
CACGAAA,0.613308472282873
CACGAAC,0.609833080882103
CACGAAG,0.611023834513169
CACGAAT,0.612364900481229
CACGACA,0.610331512025648
CACGACC,0.611513236778793
CACGACG,0.612331185016242
CACGACT,0.611968671957703
CACGAGA,0.606930491158637
CACGAGC,0.610922548961384
CACGAGG,0.609926027565661
CACGAGT,0.610838136497636
CACGATA,0.610660847126986
CACGATC,0.605403888777258
CACGATG,0.610348403643911
CACGATT,0.610863460984943
CACGCAA,0.620566042495414
CACGCAC,0.611133548952111
CACGCAG,0.612878920523855
CACGCAT,0.611707243788233
CACGCCA,0.602488395612328
CACGCCC,0.603840949386422
CACGCCG,0.613207417879433
CACGCCT,0.592005977433106
CACGCGA,0.612811523110804
CACGCGC,0.608031589744645
CACGCGG,0.617384230861748
CACGCGT,0.611867482063945
CACGCTA,0.616259804768741
CACGCTC,0.610728389641116
CACGCTG,0.617140992097098
CACGCTT,0.613544226185176
CACGGAA,0.609858430834399
CACGGAC,0.61263458328657
CACGGAG,0.61341793636388
CACGGAT,0.613493712170536
CACGGCA,0.605319009162198
CACGGCC,0.620164687643056
CACGGCG,0.610787485598953
CACGGCT,0.610922548961384
CACGGGA,0.626051770478443
CACGGGC,0.624404212856094
CACGGGG,0.630100865647641
CACGGGT,0.61926942058521
CACGGTA,0.613678917750738
CACGGTC,0.613956661822343
CACGGTG,0.612213171936212
CACGGTT,0.615907112304875
CACGTAA,0.612246891380233
CACGTAC,0.609697870282311
CACGTAG,0.6148062479713
CACGTAT,0.611327629630488
CACGTCA,0.610111895019534
CACGTCC,0.61496599047618
CACGTCG,0.611302316895435
CACGTCT,0.611201059547393
CACGTGA,0.6090384566788
CACGTGC,0.615251781812296
CACGTGG,0.622870712044736
CACGTGT,0.619043385376845
CACGTTA,0.614705344819026
CACGTTC,0.609782379049567
CACGTTG,0.612525033418246
CACGTTT,0.609511925851625
CACTAAA,0.608767802182577
CACTAAC,0.615730719414981
CACTAAG,0.613342154814816
CACTAAT,0.617577102303735
CACTACA,0.607235532172236
CACTACC,0.612912617527052
CACTACG,0.609748576399668
CACTACT,0.606828790139484
CACTAGA,0.618147113440735
CACTAGC,0.610973193019622
CACTAGG,0.618239290601506
CACTAGT,0.614200676279437
CACTATA,0.60894542745801
CACTATC,0.612044557658986
CACTATG,0.60630317003924
CACTATT,0.615772720544358
CACTCAA,0.611108231303806
CACTCAC,0.615823119571116
CACTCAG,0.616989986548308
CACTCAT,0.618465507616129
CACTCCA,0.576785473948383
CACTCCC,0.619026639995439
CACTCCG,0.611681940660551
CACTCCT,0.613939831044082
CACTCGA,0.613038971177069
CACTCGC,0.612533460757284
CACTCGG,0.613569482235654
CACTCGT,0.614999617225895
CACTCTA,0.614066054976747
CACTCTC,0.618331459266431
CACTCTG,0.607591295789727
CACTCTT,0.626284539507054
CACTGAA,0.60886930620329
CACTGAC,0.614814656107762
CACTGAG,0.626068398634582
CACTGAT,0.610449747362071
CACTGCA,0.527290190640793
CACTGCC,0.605845146675688
CACTGCG,0.615587902378229
CACTGCT,0.621326502504577
CACTGGA,0.622478625245412
CACTGGC,0.62100901809587
CACTGGG,0.647967068700396
CACTGGT,0.630225066191702
CACTGTA,0.608141632949609
CACTGTC,0.61594910602636
CACTGTG,0.618607914301787
CACTGTT,0.605573626396789
CACTTAA,0.615629909506385
CACTTAC,0.61967950217738
CACTTAG,0.61587351605794
CACTTAT,0.614469864528326
CACTTCA,0.611175743608262
CACTTCC,0.622178199434555
CACTTCG,0.61013723790498
CACTTCT,0.625136795825467
CACTTGA,0.59479775364548
CACTTGC,0.62122625515918
CACTTGG,0.623854423219104
CACTTGT,0.620866952957525
CACTTTA,0.613603155977416
CACTTTC,0.614688526637073
CACTTTG,0.593544565985871
CACTTTT,0.620574402342143
CAGAAAA,0.623629422126842
CAGAAAC,0.621201191752513
CAGAAAG,0.620290128339416
CAGAAAT,0.6206914328588
CAGAACA,0.617434548737403
CAGAACC,0.617191322213191
CAGAACG,0.611934943130815
CAGAACT,0.618842422290675
CAGAAGA,0.634282070758986
CAGAAGC,0.616771827157821
CAGAAGG,0.635477026527338
CAGAAGT,0.631077493548493
CAGAATA,0.611639767358255
CAGAATC,0.616855740248164
CAGAATG,0.624112695390785
CAGAATT,0.611732546275683
CAGACAA,0.610627074159098
CAGACAC,0.605514221507133
CAGACAG,0.622495312922146
CAGACAT,0.615192949096049
CAGACCA,0.612870496095632
CAGACCC,0.630779640367678
CAGACCG,0.615302207100037
CAGACCT,0.613805174619122
CAGACGA,0.614907140943155
CAGACGC,0.619344754302332
CAGACGG,0.622628804311742
CAGACGT,0.611352941724822
CAGACTA,0.613207417879433
CAGACTC,0.613998737528707
CAGACTG,0.622178199434555
CAGACTT,0.619754805009027
CAGAGAA,0.63210275374912
CAGAGAC,0.625810631138072
CAGAGAG,0.650923442012106
CAGAGAT,0.621510263207678
CAGAGCA,0.629264180124975
CAGAGCC,0.630531361596155
CAGAGCG,0.617241649796292
CAGAGCT,0.633820188102798
CAGAGGA,0.656971329916975
CAGAGGC,0.63588051658019
CAGAGGG,0.702179868888847
CAGAGGT,0.645874462712931
CAGAGTA,0.61849063968137
CAGAGTC,0.617073881334987
CAGAGTG,0.635345239405948
CAGAGTT,0.621125997763246
CAGATAA,0.616142254434908
CAGATAC,0.607218587890164
CAGATAG,0.617719635551444
CAGATAT,0.615470273030858
CAGATCA,0.612819948035853
CAGATCC,0.61440257425914
CAGATCG,0.615789520502175
CAGATCT,0.615764320459609
CAGATGA,0.619394973627726
CAGATGC,0.620490800729772
CAGATGG,0.631656398669674
CAGATGT,0.626334411536281
CAGATTA,0.619930489567331
CAGATTC,0.61888429293088
CAGATTG,0.616998376343708
CAGATTT,0.613493712170536
CAGCAAA,0.612954737184332
CAGCAAC,0.614596021580026
CAGCAAG,0.627846015651271
CAGCAAT,0.618993148391378
CAGCACA,0.605403888777258
CAGCACC,0.609621806285117
CAGCACG,0.613527388463813
CAGCACT,0.585974971678604
CAGCAGA,0.617484864081297
CAGCAGC,0.621426739801452
CAGCAGG,0.646599635254061
CAGCAGT,0.610010517054641
CAGCATA,0.612600876912992
CAGCATC,0.616973206746339
CAGCATG,0.620900381864673
CAGCATT,0.630754815264247
CAGCCAA,0.618633042788354
CAGCCAC,0.608505535764994
CAGCCAG,0.639775283458911
CAGCCAT,0.610230156323764
CAGCCCA,0.629537629627064
CAGCCCC,0.617870530967682
CAGCCCG,0.619687869438705
CAGCCCT,0.634446977162897
CAGCCGA,0.611327629630488
CAGCCGC,0.624112695390785
CAGCCGG,0.633622173067513
CAGCCGT,0.614730571561621
CAGCCTA,0.611867482063945
CAGCCTC,0.546558974147319
CAGCCTG,0.558940826546102
CAGCCTT,0.62084188054379
CAGCGAA,0.615344226230894
CAGCGAC,0.609435847708902
CAGCGAG,0.612508178527106
CAGCGAT,0.611985535944545
CAGCGCA,0.613670500059368
CAGCGCC,0.607836868250829
CAGCGCG,0.611344504431233
CAGCGCT,0.614797839764141
CAGCGGA,0.619503773515057
CAGCGGC,0.611606027435789
CAGCGGG,0.638215911094105
CAGCGGT,0.621167772899767
CAGCGTA,0.612710418473442
CAGCGTC,0.611091352515495
CAGCGTG,0.613990322529062
CAGCGTT,0.613030548097079
CAGCTAA,0.603424319622199
CAGCTAC,0.570257373168499
CAGCTAG,0.617409390116061
CAGCTAT,0.615344226230894
CAGCTCA,0.601756062589095
CAGCTCC,0.611715678021852
CAGCTCG,0.615655112936297
CAGCTCT,0.620047595461286
CAGCTGA,0.620189777041189
CAGCTGC,0.629885548155897
CAGCTGG,0.658332713676057
CAGCTGT,0.633193005931764
CAGCTTA,0.611816883277034
CAGCTTC,0.612819948035853
CAGCTTG,0.622336768748471
CAGCTTT,0.616931256009542
CAGGAAA,0.630349251311902
CAGGAAC,0.626675137184567
CAGGAAG,0.669555662319139
CAGGAAT,0.623646090610656
CAGGACA,0.627729819499457
CAGGACC,0.634216100582314
CAGGACG,0.61433527946167
CAGGACT,0.637550386027382
CAGGAGA,0.611243251355115
CAGGAGC,0.660061977174795
CAGGAGG,0.691217855395746
CAGGAGT,0.606116593251336
CAGGATA,0.614797839764141
CAGGATC,0.618013022401165
CAGGATG,0.630332694186894
CAGGATT,0.623562745413064
CAGGCAA,0.626276227260364
CAGGCAC,0.614301630364638
CAGGCAG,0.667005147173955
CAGGCAT,0.609757027169264
CAGGCCA,0.638240551666599
CAGGCCC,0.643442521517147
CAGGCCG,0.612086713893753
CAGGCCT,0.632424997445925
CAGGCGA,0.618155493533733
CAGGCGC,0.60201158851324
CAGGCGG,0.641553281394279
CAGGCGT,0.592186604853826
CAGGCTA,0.621568725441499
CAGGCTC,0.625061897199454
CAGGCTG,0.590146199273278
CAGGCTT,0.624071043100389
CAGGGAA,0.662902730463648
CAGGGAC,0.645572831664328
CAGGGAG,0.732764982194955
CAGGGAT,0.65352334072218
CAGGGCA,0.66887085032748
CAGGGCC,0.683382033149944
CAGGGCG,0.644830595045466
CAGGGCT,0.680189476617943
CAGGGGA,0.671774096745416
CAGGGGC,0.709954428954929
CAGGGGG,0.67702620059007
CAGGGGT,0.69057890222472
CAGGGTA,0.638322682523493
CAGGGTC,0.639094383037971
CAGGGTG,0.7018022673387
CAGGGTT,0.623787761506472
CAGGTAA,0.673234461776811
CAGGTAC,0.631391797911493
CAGGTAG,0.646518181412397
CAGGTAT,0.640865399089713
CAGGTCA,0.623912748572588
CAGGTCC,0.634686043155361
CAGGTCG,0.622052995370516
CAGGTCT,0.62811985317171
CAGGTGA,0.674763969466676
CAGGTGC,0.625627659049026
CAGGTGG,0.712862951886635
CAGGTGT,0.624412540677938
CAGGTTA,0.625785682369944
CAGGTTC,0.621159418012075
CAGGTTG,0.629280754950812
CAGGTTT,0.625195046434229
CAGTAAA,0.609638709895613
CAGTAAC,0.607142335067673
CAGTAAG,0.637977687585742
CAGTAAT,0.610736832134626
CAGTACA,0.609046913451559
CAGTACC,0.612845222385131
CAGTACG,0.615192949096049
CAGTACT,0.609664064775622
CAGTAGA,0.608936969826959
CAGTAGC,0.616343760833662
CAGTAGG,0.620574402342143
CAGTAGT,0.611555415417526
CAGTATA,0.614259567401042
CAGTATC,0.614738980334402
CAGTATG,0.629322190813525
CAGTATT,0.61533582254597
CAGTCAA,0.610120342719378
CAGTCAC,0.619863565755916
CAGTCAG,0.618968028952205
CAGTCAT,0.6206914328588
CAGTCCA,0.621084220881489
CAGTCCC,0.618532525053221
CAGTCCG,0.615865116819843
CAGTCCT,0.623954407456698
CAGTCGA,0.613981907458604
CAGTCGC,0.608615526830644
CAGTCGG,0.623120899857926
CAGTCGT,0.612937889534308
CAGTCTA,0.614469864528326
CAGTCTC,0.601986038858833
CAGTCTG,0.616469681716361
CAGTCTT,0.618540901917069
CAGTGAA,0.607845335191214
CAGTGAC,0.624995315933207
CAGTGAG,0.593166584820231
CAGTGAT,0.620440636407314
CAGTGCA,0.619922124335835
CAGTGCC,0.63144141588701
CAGTGCG,0.616007894273963
CAGTGCT,0.612558742348287
CAGTGGA,0.628443382684462
CAGTGGC,0.599342382794566
CAGTGGG,0.67771334786293
CAGTGGT,0.619729704695197
CAGTGTA,0.619579089580235
CAGTGTC,0.634108889762217
CAGTGTG,0.639701473289855
CAGTGTT,0.617736402833264
CAGTTAA,0.61289576916739
CAGTTAC,0.606922016468745
CAGTTAG,0.612819948035853
CAGTTAT,0.620850238084882
CAGTTCA,0.618741925600749
CAGTTCC,0.617224874216686
CAGTTCG,0.612912617527052
CAGTTCT,0.615243377350459
CAGTTGA,0.622378493336532
CAGTTGC,0.613830424080016
CAGTTGG,0.631333907161595
CAGTTGT,0.614755797667844
CAGTTTA,0.619277791278484
CAGTTTC,0.608513997045727
CAGTTTG,0.627945601607827
CAGTTTT,0.61777831980786
CATAAAA,0.610517304135433
CATAAAC,0.6168305670604
CATAAAG,0.613123198075037
CATAAAT,0.612937889534308
CATAACA,0.608581684714358
CATAACC,0.607269419875077
CATAACG,0.611099791945262
CATAACT,0.617208098355656
CATAAGA,0.619938854728852
CATAAGC,0.609630258126082
CATAAGG,0.617250037480564
CATAAGT,0.611816883277034
CATAATA,0.603985453858691
CATAATC,0.609976722115661
CATAATG,0.612904193382704
CATAATT,0.619512142246873
CATACAA,0.613384256384398
CATACAC,0.604707663162762
CATACAG,0.61177471566545
CATACAT,0.610888784830936
CATACCA,0.610162580148181
CATACCC,0.618289565471842
CATACCG,0.611892780497344
CATACCT,0.607777597660756
CATACGA,0.614360515541419
CATACGC,0.611985535944545
CATACGG,0.611082913014503
CATACGT,0.616226220369059
CATACTA,0.610922548961384
CATACTC,0.612432328001197
CATACTG,0.611369816098439
CATACTT,0.618121972740379
CATAGAA,0.610449747362071
CATAGAC,0.612760972069892
CATAGAG,0.612828372889923
CATAGAT,0.615915511190251
CATAGCA,0.615369436861942
CATAGCC,0.614705344819026
CATAGCG,0.613914584345539
CATAGCT,0.606506668659486
CATAGGA,0.62961219378841
CATAGGC,0.618113592366468
CATAGGG,0.615713918469271
CATAGGT,0.625902104629582
CATAGTA,0.611150427028219
CATAGTC,0.613257946357652
CATAGTG,0.61096475252136
CATAGTT,0.616058281449886
CATATAA,0.60886930620329
CATATAC,0.609114565059151
CATATAG,0.616704691615364
CATATAT,0.611049154298264
CATATCA,0.611648202161003
CATATCC,0.613460034743128
CATATCG,0.612036126198771
CATATCT,0.614478275493609
CATATGA,0.618054927782552
CATATGC,0.609418940668926
CATATGG,0.615361033388879
CATATGT,0.611808449896964
CATATTA,0.614124954026652
CATATTC,0.610551080810722
CATATTG,0.616922865650995
CATATTT,0.630200227316921
CATCAAA,0.614360515541419
CATCAAC,0.605683940401671
CATCAAG,0.613005278431413
CATCAAT,0.613721005144757
CATCACA,0.611327629630488
CATCACC,0.604393353805374
CATCACG,0.607752194903848
CATCACT,0.616570407007395
CATCAGA,0.622837348939825
CATCAGC,0.613224260989188
CATCAGG,0.626924375103601
CATCAGT,0.616461287484129
CATCATA,0.613434775928253
CATCATC,0.609063826782532
CATCATG,0.60749813183695
CATCATT,0.614453042385523
CATCCAA,0.610044310851561
CATCCAC,0.611977103986673
CATCCAG,0.619637664820556
CATCCAT,0.621234609488477
CATCCCA,0.61019636880679
CATCCCC,0.619252678988453
CATCCCG,0.615856717511198
CATCCCT,0.620281766115852
CATCCGA,0.612575596387208
CATCCGC,0.611141988025773
CATCCGG,0.611454183695624
CATCCGT,0.61071994707633
CATCCTA,0.616024690281369
CATCCTC,0.613358995655354
CATCCTG,0.620933809654366
CATCCTT,0.615159328846938
CATCGAA,0.613603155977416
CATCGAC,0.608835472674492
CATCGAG,0.613763090767502
CATCGAT,0.611732546275683
CATCGCA,0.613552644939544
CATCGCC,0.610365294976853
CATCGCG,0.612735695591125
CATCGCT,0.616763435461496
CATCGGA,0.615747520078424
CATCGGC,0.612120437602066
CATCGGG,0.615579500740841
CATCGGT,0.614200676279437
CATCGTA,0.612525033418246
CATCGTC,0.612373329169864
CATCGTG,0.613182152682868
CATCGTT,0.610736832134626
CATCTAA,0.613375836212284
CATCTAC,0.608353220468069
CATCTAG,0.613695752920908
CATCTAT,0.608700127111058
CATCTCA,0.60647275509846
CATCTCC,0.606616879790411
CATCTCG,0.610728389641116
CATCTCT,0.610365294976853
CATCTGA,0.614646479944675
CATCTGC,0.618850796558969
CATCTGG,0.619503773515057
CATCTGT,0.616133857453714
CATCTTA,0.618180633391378
CATCTTC,0.614781023137726
CATCTTG,0.619629297139143
CATCTTT,0.632391951588954
CATGAAA,0.614192262978942
CATGAAC,0.612617730241796
CATGAAG,0.619721337783912
CATGAAT,0.612061420366151
CATGACA,0.610930989815872
CATGACC,0.613123198075037
CATGACG,0.610559524801288
CATGACT,0.609841530937604
CATGAGA,0.611673506142378
CATGAGC,0.598086331131058
CATGAGG,0.633077429457369
CATGAGT,0.610221709551544
CATGATA,0.612415471547432
CATGATC,0.596049372791216
CATGATG,0.607565888299737
CATGATT,0.6106946189543
CATGCAA,0.61700676606872
CATGCAC,0.604639712753131
CATGCAG,0.624737271646682
CATGCAT,0.619152223521582
CATGCCA,0.604469816525803
CATGCCC,0.603347776915368
CATGCCG,0.607532010642211
CATGCCT,0.593089252887337
CATGCGA,0.613838840425309
CATGCGC,0.603883452869473
CATGCGG,0.616763435461496
CATGCGT,0.612904193382704
CATGCTA,0.619386603915296
CATGCTC,0.608353220468069
CATGCTG,0.633011379759785
CATGCTT,0.619570721408667
CATGGAA,0.624362572706552
CATGGAC,0.625827263304364
CATGGAG,0.637295561662316
CATGGAT,0.616922865650995
CATGGCA,0.622244968526163
CATGGCC,0.626284539507054
CATGGCG,0.609537283946391
CATGGCT,0.619093619838684
CATGGGA,0.64460210366803
CATGGGC,0.637829796169482
CATGGGG,0.65994142787292
CATGGGT,0.630009775443725
CATGGTA,0.617166157471785
CATGGTC,0.617115826089099
CATGGTG,0.603551877782165
CATGGTT,0.618825673543698
CATGTAA,0.619980679486847
CATGTAC,0.613401096515932
CATGTAG,0.610871902338196
CATGTAT,0.609731674646226
CATGTCA,0.619353124365037
CATGTCC,0.61067773318321
CATGTCG,0.61012879034786
CATGTCT,0.627605308638108
CATGTGA,0.613510550458936
CATGTGC,0.610179474620194
CATGTGG,0.626284539507054
CATGTGT,0.641152074223577
CATGTTA,0.605955430733798
CATGTTC,0.616159048185769
CATGTTG,0.585542172105489
CATGTTT,0.616243012709889
CATTAAA,0.609680967671818
CATTAAC,0.617149380625693
CATTAAG,0.61440257425914
CATTAAT,0.607650577422723
CATTACA,0.608031589744645
CATTACC,0.607337191835823
CATTACG,0.612845222385131
CATTACT,0.611968671957703
CATTAGA,0.614789431486283
CATTAGC,0.61210357589007
CATTAGG,0.622829007989673
CATTAGT,0.617291974846655
CATTATA,0.614133367893454
CATTATC,0.616713083804662
CATTATG,0.619428451776943
CATTATT,0.615159328846938
CATTCAA,0.615394646857431
CATTCAC,0.618716799850129
CATTCAG,0.618180633391378
CATTCAT,0.610627074159098
CATTCCA,0.61201083139158
CATTCCC,0.620198140034018
CATTCCG,0.615234972817987
CATTCCT,0.627281507826096
CATTCGA,0.611268565585303
CATTCGC,0.617283587514135
CATTCGG,0.613603155977416
CATTCGT,0.615705517890563
CATTCTA,0.613670500059368
CATTCTC,0.610103447248324
CATTCTG,0.616654337000519
CATTCTT,0.615453467708796
CATTGAA,0.619855199964565
CATTGAC,0.621451797555824
CATTGAG,0.606371007514058
CATTGAT,0.609292128756878
CATTGCA,0.61019636880679
CATTGCC,0.607260948057026
CATTGCG,0.61888429293088
CATTGCT,0.61870842445963
CATTGGA,0.611141988025773
CATTGGC,0.610930989815872
CATTGGG,0.633283806648726
CATTGGT,0.613182152682868
CATTGTA,0.614915548231341
CATTGTC,0.615982699733894
CATTGTG,0.612036126198771
CATTGTT,0.617644179303931
CATTTAA,0.622628804311742
CATTTAC,0.615234972817987
CATTTAG,0.612221601903812
CATTTAT,0.613384256384398
CATTTCA,0.616159048185769
CATTTCC,0.613830424080016
CATTTCG,0.613527388463813
CATTTCT,0.623029171594114
CATTTGA,0.607532010642211
CATTTGC,0.611428874163838
CATTTGG,0.62003086688746
CATTTGT,0.628094961950074
CATTTTA,0.606582969966894
CATTTTC,0.620139597615429
CATTTTG,0.622420216183725
CATTTTT,0.628468265235099
CCAAAAA,0.60339030136469
CCAAAAC,0.609883780144093
CCAAAAG,0.619043385376845
CCAAAAT,0.606379486874846
CCAAACA,0.606082666458659
CCAAACC,0.613072662787561
CCAAACG,0.611715678021852
CCAAACT,0.61540305004803
CCAAAGA,0.610542636748855
CCAAAGC,0.60847168992611
CCAAAGG,0.62021486580986
CCAAAGT,0.567590080920453
CCAAATA,0.605200165596169
CCAAATC,0.607692919294775
CCAAATG,0.61543666210431
CCAAATT,0.610551080810722
CCAACAA,0.609604902388884
CCAACAC,0.603789942822006
CCAACAG,0.611614462523129
CCAACAT,0.587514219535419
CCAACCA,0.615797920375245
CCAACCC,0.615713918469271
CCAACCG,0.613847256699766
CCAACCT,0.609545736501752
CCAACGA,0.613611574235684
CCAACGC,0.609621806285117
CCAACGG,0.613257946357652
CCAACGT,0.606404924525824
CCAACTA,0.612187881607019
CCAACTC,0.614848287946659
CCAACTG,0.612002399646997
CCAACTT,0.61319899621817
CCAAGAA,0.619495404713205
CCAAGAC,0.61009499940575
CCAAGAG,0.626060084591075
CCAAGAT,0.598086331131058
CCAAGCA,0.606413403599024
CCAAGCC,0.617308749300655
CCAAGCG,0.611859049110585
CCAAGCT,0.616578800323706
CCAAGGA,0.627132025927547
CCAAGGC,0.612112006781608
CCAAGGG,0.644765317121975
CCAAGGT,0.634661314840812
CCAAGTA,0.608632447459313
CCAAGTC,0.617702867988478
CCAAGTG,0.611859049110585
CCAAGTT,0.612567169403255
CCAATAA,0.611606027435789
CCAATAC,0.611749414244981
CCAATAG,0.614528739799733
CCAATAT,0.613872505098146
CCAATCA,0.61333373428819
CCAATCC,0.608175489961203
CCAATCG,0.611150427028219
CCAATCT,0.610145685390739
CCAATGA,0.610432857455594
CCAATGC,0.611884347757323
CCAATGG,0.618021403617929
CCAATGT,0.615848318132004
CCAATTA,0.609917578224134
CCAATTC,0.615512285100472
CCAATTG,0.619980679486847
CCAATTT,0.613257946357652
CCACAAA,0.605157718042354
CCACAAC,0.613535807359933
CCACAAG,0.604571757725928
CCACAAT,0.612069851613103
CCACACA,0.603543374411027
CCACACC,0.593235319296058
CCACACG,0.618247669922089
CCACACT,0.612878920523855
CCACAGA,0.618867544885175
CCACAGC,0.616024690281369
CCACAGG,0.645262953693182
CCACAGT,0.621192837144028
CCACATA,0.608099310073073
CCACATC,0.607718323557472
CCACATG,0.612937889534308
CCACATT,0.611386690187317
CCACCAA,0.607244004205607
CCACCAC,0.565269124754252
CCACCAG,0.61921082377029
CCACCAT,0.586476784626937
CCACCCA,0.603475344838732
CCACCCC,0.626226352329213
CCACCCG,0.601696430477278
CCACCCT,0.628078367458103
CCACCGA,0.608979257266918
CCACCGC,0.597461990826617
CCACCGG,0.619905393662907
CCACCGT,0.60776913014682
CCACCTA,0.606744031388498
CCACCTC,0.575430784894431
CCACCTG,0.617325523473279
CCACCTT,0.615747520078424
CCACGAA,0.610483526319242
CCACGAC,0.61067773318321
CCACGAG,0.613796757990481
CCACGAT,0.611816883277034
CCACGCA,0.612752546647958
CCACGCC,0.587609263906462
CCACGCG,0.612525033418246
CCACGCT,0.61137825317847
CCACGGA,0.613754673784648
CCACGGC,0.611892780497344
CCACGGG,0.622545374281543
CCACGGT,0.618130353044059
CCACGTA,0.612432328001197
CCACGTC,0.610534192615686
CCACGTG,0.617979496831646
CCACGTT,0.610787485598953
CCACTAA,0.610930989815872
CCACTAC,0.612600876912992
CCACTAG,0.614579201559339
CCACTAT,0.60847168992611
CCACTCA,0.61849063968137
CCACTCC,0.62133485599642
CCACTCG,0.617459706725804
CCACTCT,0.621184482465743
CCACTGA,0.612541888025303
CCACTGC,0.568065961210704
CCACTGG,0.618901040696092
CCACTGT,0.599803393592229
CCACTTA,0.616184238283268
CCACTTC,0.619143851777149
CCACTTG,0.620039231209354
CCACTTT,0.619947219820397
CCAGAAA,0.63105267583829
CCAGAAC,0.611108231303806
CCAGAAG,0.636160393625188
CCAGAAT,0.624345916161231
CCAGACA,0.608877764406633
CCAGACC,0.617367457673872
CCAGACG,0.618013022401165
CCAGACT,0.610483526319242
CCAGAGA,0.641766101484121
CCAGAGC,0.628625840346254
CCAGAGG,0.673234461776811
CCAGAGT,0.629305616674471
CCAGATA,0.61439416265711
CCAGATC,0.622178199434555
CCAGATG,0.619369864280276
CCAGATT,0.616117063279796
CCAGCAA,0.620875310289077
CCAGCAC,0.577361752667116
CCAGCAG,0.613485292920012
CCAGCAT,0.624462506152651
CCAGCCA,0.615646711863572
CCAGCCC,0.622219930639242
CCAGCCG,0.624637365656445
CCAGCCT,0.552715384702107
CCAGCGA,0.613358995655354
CCAGCGC,0.613931415548723
CCAGCGG,0.62021486580986
CCAGCGT,0.610018965610936
CCAGCTA,0.55408330770572
CCAGCTC,0.603424319622199
CCAGCTG,0.636884417742056
CCAGCTT,0.615982699733894
CCAGGAA,0.625976940353996
CCAGGAC,0.626924375103601
CCAGGAG,0.651028865295715
CCAGGAT,0.613729422411003
CCAGGCA,0.63274713733518
CCAGGCC,0.646249336651793
CCAGGCG,0.620014138033785
CCAGGCT,0.568171681639254
CCAGGGA,0.682164402507832
CCAGGGC,0.69389390189049
CCAGGGG,0.68815183813579
CCAGGGT,0.65011212189756
CCAGGTA,0.650339357888152
CCAGGTC,0.632292807465365
CCAGGTG,0.662630239799949
CCAGGTT,0.618716799850129
CCAGTAA,0.613906168637712
CCAGTAC,0.606133556216049
CCAGTAG,0.61505005523039
CCAGTAT,0.617937588289111
CCAGTCA,0.615260186203499
CCAGTCC,0.612853647026272
CCAGTCG,0.613847256699766
CCAGTCT,0.612609303612898
CCAGTGA,0.615781120558546
CCAGTGC,0.616595586744986
CCAGTGG,0.647657931877658
CCAGTGT,0.626749915083045
CCAGTTA,0.605692425590327
CCAGTTC,0.604580252356873
CCAGTTG,0.625436334244076
CCAGTTT,0.619922124335835
CCATAAA,0.613670500059368
CCATAAC,0.609655613220382
CCATAAG,0.6137378396064
CCATAAT,0.612162590638209
CCATACA,0.613401096515932
CCATACC,0.61610026882383
CCATACG,0.613460034743128
CCATACT,0.61400715245754
CCATAGA,0.618968028952205
CCATAGC,0.611926510746335
CCATAGG,0.629835852919366
CCATAGT,0.611656636892605
CCATATA,0.611530108447771
CCATATC,0.612575596387208
CCATATG,0.611589157047653
CCATATT,0.612878920523855
CCATCAA,0.613426356181513
CCATCAC,0.608200881967661
CCATCAG,0.617610641366248
CCATCAT,0.606201405197626
CCATCCA,0.62127638008807
CCATCCC,0.61999740890025
CCATCCG,0.608632447459313
CCATCCT,0.611006954300269
CCATCGA,0.610635517508003
CCATCGC,0.61118418232585
CCATCGG,0.617560332350643
CCATCGT,0.611555415417526
CCATCTA,0.613325313690659
CCATCTC,0.583878478876715
CCATCTG,0.618138733277511
CCATCTT,0.625452972636849
CCATGAA,0.614469864528326
CCATGAC,0.614082883630713
CCATGAG,0.614671708172264
CCATGAT,0.605828178817947
CCATGCA,0.610458192208335
CCATGCC,0.593398544744018
CCATGCG,0.613081085512824
CCATGCT,0.620382108183744
CCATGGA,0.637575043004051
CCATGGC,0.619085247603619
CCATGGG,0.643409837751315
CCATGGT,0.624021058061721
CCATGTA,0.611074473442285
CCATGTC,0.619135479962628
CCATGTG,0.619068502923202
CCATGTT,0.581029917437669
CCATTAA,0.613561063623036
CCATTAC,0.60878472023487
CCATTAG,0.61071994707633
CCATTAT,0.614520329258894
CCATTCA,0.618574408670761
CCATTCC,0.621075865295697
CCATTCG,0.615377840264388
CCATTCT,0.606014809420028
CCATTGA,0.608979257266918
CCATTGC,0.616335365544351
CCATTGG,0.619562353167072
CCATTGT,0.615092084957562
CCATTTA,0.616746651857582
CCATTTC,0.621435092456008
CCATTTG,0.610289281731641
CCATTTT,0.614276392798796
CCCAAAA,0.602462858137429
CCCAAAC,0.612440756121529
CCCAAAG,0.566981681916501
CCCAAAT,0.604308388369495
CCCAACA,0.603704926099398
CCCAACC,0.619445190431266
CCCAACG,0.610863460984943
CCCAACT,0.614310042745046
CCCAAGA,0.616192634841427
CCCAAGC,0.616024690281369
CCCAAGG,0.633795438367576
CCCAAGT,0.59798372661623
CCCAATA,0.612659862321197
CCCAATC,0.609368217833842
CCCAATG,0.616083474085805
CCCAATT,0.611243251355115
CCCACAA,0.604835057737205
CCCACAC,0.60768445106379
CCCACAG,0.646770666728564
CCCACAT,0.614705344819026
CCCACCA,0.606328609631587
CCCACCC,0.610922548961384
CCCACCG,0.606150518893025
CCCACCT,0.585827840839571
CCCACGA,0.611715678021852
CCCACGC,0.612676714655939
CCCACGG,0.616486469969437
CCCACGT,0.610779043533075
CCCACTA,0.614747389036476
CCCACTC,0.625985255088794
CCCACTG,0.611454183695624
CCCACTT,0.623496064253206
CCCAGAA,0.632705843148257
CCCAGAC,0.608497074412667
CCCAGAG,0.646233040706736
CCCAGAT,0.623087545099152
CCCAGCA,0.592814246461123
CCCAGCC,0.612457612149095
CCCAGCG,0.616503257940672
CCCAGCT,0.57272465836737
CCCAGGA,0.633655178296427
CCCAGGC,0.601781618119917
CCCAGGG,0.707934101298454
CCCAGGT,0.639857288368808
CCCAGTA,0.617937588289111
CCCAGTC,0.612508178527106
CCCAGTG,0.632301069851109
CCCAGTT,0.615117301945972
CCCATAA,0.614873511083567
CCCATAC,0.621192837144028
CCCATAG,0.61926942058521
CCCATAT,0.613510550458936
CCCATCA,0.610373740536332
CCCATCC,0.621268026107733
CCCATCG,0.608962342505521
CCCATCT,0.606345569000286
CCCATGA,0.614856695729651
CCCATGC,0.618096831407952
CCCATGG,0.643850978483794
CCCATGT,0.616217824092899
CCCATTA,0.6090384566788
CCCATTC,0.621535318869256
CCCATTG,0.622803984721779
CCCATTT,0.627846015651271
CCCCAAA,0.603058562693171
CCCCAAC,0.619487035841316
CCCCAAG,0.615823119571116
CCCCAAT,0.611471056360947
CCCCACA,0.61433527946167
CCCCACC,0.608547841452745
CCCCACG,0.611875914946191
CCCCACT,0.616444498808275
CCCCAGA,0.63103613035597
CCCCAGC,0.624995315933207
CCCCAGG,0.700506549914454
CCCCAGT,0.630307857985361
CCCCATA,0.615512285100472
CCCCATC,0.612272180217113
CCCCATG,0.627970496547455
CCCCATT,0.6352711015171
CCCCCAA,0.613064239991355
CCCCCAC,0.603832448473023
CCCCCAG,0.648593184660863
CCCCCAT,0.625827263304364
CCCCCCA,0.615848318132004
CCCCCCC,0.613922999982542
CCCCCCG,0.608090845282814
CCCCCCT,0.610795927593563
CCCCCGA,0.61749324972582
CCCCCGC,0.609351309650396
CCCCCGG,0.61026394269918
CCCCCGT,0.627895809869219
CCCCCTA,0.617283587514135
CCCCCTC,0.614099712001479
CCCCCTG,0.627837716373882
CCCCCTT,0.629811004374964
CCCCGAA,0.614461453492297
CCCCGAC,0.616771827157821
CCCCGAG,0.618096831407952
CCCCGAT,0.61207828278897
CCCCGCA,0.612086713893753
CCCCGCC,0.601969005393229
CCCCGCG,0.620273403822362
CCCCGCT,0.625319857742607
CCCCGGA,0.611234813135981
CCCCGGC,0.618934535385077
CCCCGGG,0.648292372672661
CCCCGGT,0.622453593208151
CCCCGTA,0.617811852122519
CCCCGTC,0.608175489961202
CCCCGTG,0.622153159875801
CCCCGTT,0.619411712842433
CCCCTAA,0.621727391421076
CCCCTAC,0.612297468414484
CCCCTAG,0.621627184257687
CCCCTAT,0.616948036515445
CCCCTCA,0.622720569306217
CCCCTCC,0.616511651820602
CCCCTCG,0.627771319675045
CCCCTCT,0.622136466488302
CCCCTGA,0.621961169092856
CCCCTGC,0.640775284214627
CCCCTGG,0.646819527491844
CCCCTGT,0.638281617938231
CCCCTTA,0.617157769083922
CCCCTTC,0.624345916161231
CCCCTTG,0.637336666758708
CCCCTTT,0.62613490849432
CCCGAAA,0.614352103585598
CCCGAAC,0.613864089036184
CCCGAAG,0.616931256009542
CCCGAAT,0.612491323351873
CCCGACA,0.616192634841427
CCCGACC,0.611268565585303
CCCGACG,0.618951282308869
CCCGACT,0.607464251883878
CCCGAGA,0.612567169403255
CCCGAGC,0.62084188054379
CCCGAGG,0.635831118381137
CCCGAGT,0.601517512802928
CCCGATA,0.613081085512824
CCCGATC,0.61268514071681
CCCGATG,0.612668288524068
CCCGATT,0.610120342719378
CCCGCAA,0.610990073802424
CCCGCAC,0.611006954300269
CCCGCAG,0.631118855030173
CCCGCAT,0.61183374982381
CCCGCCA,0.605539681177674
CCCGCCC,0.599299685857188
CCCGCCG,0.62292075461514
CCCGCCT,0.599709501220893
CCCGCGA,0.612592450142075
CCCGCGC,0.620733226152895
CCCGCGG,0.628285778817632
CCCGCGT,0.620758301290972
CCCGCTA,0.614932362595669
CCCGCTC,0.617241649796292
CCCGCTG,0.621543670616942
CCCGCTT,0.619185709798474
CCCGGAA,0.610736832134626
CCCGGAC,0.61708227042656
CCCGGAG,0.636678782374799
CCCGGAT,0.613022124946141
CCCGGCA,0.617107437279024
CCCGGCC,0.610804369516906
CCCGGCG,0.6365718352701
CCCGGCT,0.607015234107669
CCCGGGA,0.633597418430925
CCCGGGC,0.633415865702657
CCCGGGG,0.674082716126083
CCCGGGT,0.621042442254352
CCCGGTA,0.615453467708796
CCCGGTC,0.617073881334987
CCCGGTG,0.624870464109239
CCCGGTT,0.614898733584286
CCCGTAA,0.613746256730948
CCCGTAC,0.614444631208001
CCCGTAG,0.612027694667466
CCCGTAT,0.613981907458604
CCCGTCA,0.614722162718132
CCCGTCC,0.617853765934694
CCCGTCG,0.610306174063252
CCCGTCT,0.603220192716352
CCCGTGA,0.615092084957562
CCCGTGC,0.624062712434117
CCCGTGG,0.626799763909026
CCCGTGT,0.624654017347973
CCCGTTA,0.612752546647958
CCCGTTC,0.618063308648106
CCCGTTG,0.61437733924078
CCCGTTT,0.616570407007395
CCCTAAA,0.623004153334529
CCCTAAC,0.6185241481192
CCCTAAG,0.614242741720189
CCCTAAT,0.617484864081297
CCCTACA,0.611504800837558
CCCTACC,0.611336067066455
CCCTACG,0.60996827320246
CCCTACT,0.62297079468141
CCCTAGA,0.615991097984447
CCCTAGC,0.620147961027917
CCCTAGG,0.639898288302093
CCCTAGT,0.615697117241285
CCCTATA,0.611175743608262
CCCTATC,0.616192634841427
CCCTATG,0.614747389036476
CCCTATT,0.613830424080016
CCCTCAA,0.609106108858489
CCCTCAC,0.624004395826927
CCCTCAG,0.625710832330696
CCCTCAT,0.622069690151477
CCCTCCA,0.609207578547264
CCCTCCC,0.620139597615429
CCCTCCG,0.616117063279796
CCCTCCT,0.623379361523288
CCCTCGA,0.61900989433362
CCCTCGC,0.6206914328588
CCCTCGG,0.629786155213096
CCCTCGT,0.614368927426479
CCCTCTA,0.616545226635769
CCCTCTC,0.618624666696325
CCCTCTG,0.626641900768058
CCCTCTT,0.628775099129938
CCCTGAA,0.614646479944675
CCCTGAC,0.632978353274961
CCCTGAG,0.651126169232397
CCCTGAT,0.622270005786204
CCCTGCA,0.639676868689466
CCCTGCC,0.620875310289077
CCCTGCG,0.630357529771606
CCCTGCT,0.643818308065365
CCCTGGA,0.631656398669674
CCCTGGC,0.632532388939879
CCCTGGG,0.728503997749179
CCCTGGT,0.62372109534976
CCCTGTA,0.616007894273963
CCCTGTC,0.614099712001479
CCCTGTG,0.636506015981753
CCCTGTT,0.626076712608967
CCCTTAA,0.615260186203499
CCCTTAC,0.612996855067621
CCCTTAG,0.621151063054577
CCCTTAT,0.608099310073073
CCCTTCA,0.621610482087491
CCCTTCC,0.630415477070687
CCCTTCG,0.616436104364649
CCCTTCT,0.635584090776509
CCCTTGA,0.616469681716361
CCCTTGC,0.632598470281194
CCCTTGG,0.648032137961214
CCCTTGT,0.624220983227117
CCCTTTA,0.616175841654606
CCCTTTC,0.633655178296427
CCCTTTG,0.633943927591504
CCCTTTT,0.634710770858436
CCGAAAA,0.613855672903391
CCGAAAC,0.61106603379884
CCGAAAG,0.616016292312929
CCGAAAT,0.613089508167145
CCGAACA,0.611285441382763
CCGAACC,0.612643009702449
CCGAACG,0.612162590638209
CCGAACT,0.611437310745608
CCGAAGA,0.61289576916739
CCGAAGC,0.617837000620636
CCGAAGG,0.619093619838684
CCGAAGT,0.613670500059368
CCGAATA,0.614082883630713
CCGAATC,0.613072662787561
CCGAATG,0.613097930750526
CCGAATT,0.613106353262967
CCGACAA,0.611099791945262
CCGACAC,0.616637551565424
CCGACAG,0.61668790702548
CCGACAT,0.61207828278897
CCGACCA,0.61440257425914
CCGACCC,0.61433527946167
CCGACCG,0.613106353262967
CCGACCT,0.608742424567463
CCGACGA,0.611403563991465
CCGACGC,0.615478675585983
CCGACGG,0.617476478366454
CCGACGT,0.615797920375245
CCGACTA,0.612668288524068
CCGACTC,0.611538544175517
CCGACTG,0.611867482063945
CCGACTT,0.610458192208335
CCGAGAA,0.612836797673015
CCGAGAC,0.618138733277511
CCGAGAG,0.615319014964253
CCGAGAT,0.592599345055886
CCGAGCA,0.618515771115006
CCGAGCC,0.624412540677938
CCGAGCG,0.614982803992382
CCGAGCT,0.615646711863572
CCGAGGA,0.614385750984323
CCGAGGC,0.620265041458942
CCGAGGG,0.656148768581955
CCGAGGT,0.621410034283034
CCGAGTA,0.598650467857417
CCGAGTC,0.618666546454898
CCGAGTG,0.615957504559045
CCGAGTT,0.612701992625561
CCGATAA,0.612541888025303
CCGATAC,0.616049883763541
CCGATAG,0.611521672648864
CCGATAT,0.616360551200846
CCGATCA,0.611285441382763
CCGATCC,0.614537150269835
CCGATCG,0.611285441382763
CCGATCT,0.612398614809522
CCGATGA,0.614444631208001
CCGATGC,0.611369816098439
CCGATGG,0.617191322213191
CCGATGT,0.613476873598603
CCGATTA,0.612019263065069
CCGATTC,0.612187881607019
CCGATTG,0.61636894627872
CCGATTT,0.613847256699766
CCGCAAA,0.611175743608262
CCGCAAC,0.611403563991465
CCGCAAG,0.61540305004803
CCGCAAT,0.611690375107584
CCGCACA,0.6112179364841
CCGCACC,0.60700676013592
CCGCACG,0.615907112304875
CCGCACT,0.615361033388879
CCGCAGA,0.615167734015184
CCGCAGC,0.615898713348957
CCGCAGG,0.632061432943775
CCGCAGT,0.618624666696325
CCGCATA,0.612668288524068
CCGCATC,0.606192924326678
CCGCATG,0.616880912802254
CCGCATT,0.615142518298503
CCGCCAA,0.609604902388884
CCGCCAC,0.605480274271411
CCGCCAG,0.614570791442902
CCGCCAT,0.6090384566788
CCGCCCA,0.602964975474751
CCGCCCC,0.60787920223588
CCGCCCG,0.616142254434908
CCGCCCT,0.61562150822192
CCGCCGA,0.615965903021194
CCGCCGC,0.619286161901691
CCGCCGG,0.631168486550076
CCGCCGT,0.615663513938445
CCGCCTA,0.611656636892605
CCGCCTC,0.585161153472067
CCGCCTG,0.622061342795836
CCGCCTT,0.612204741897548
CCGCGAA,0.610947871311106
CCGCGAC,0.614688526637073
CCGCGAG,0.617686100144355
CCGCGAT,0.61610026882383
CCGCGCA,0.616461287484129
CCGCGCC,0.6028798885842
CCGCGCG,0.636736364540179
CCGCGCT,0.616889303512807
CCGCGGA,0.621034086319466
CCGCGGC,0.632639768902138
CCGCGGG,0.658968465047645
CCGCGGT,0.616855740248164
CCGCGTA,0.613055817124205
CCGCGTC,0.613190574485982
CCGCGTG,0.62591041998664
CCGCGTT,0.61726681263805
CCGCTAA,0.61407446933913
CCGCTAC,0.612954737184332
CCGCTAG,0.614738980334402
CCGCTAT,0.611006954300269
CCGCTCA,0.613939831044082
CCGCTCC,0.615512285100472
CCGCTCG,0.622803984721779
CCGCTCT,0.625843895194031
CCGCTGA,0.618674922196147
CCGCTGC,0.61441939725094
CCGCTGG,0.624637365656445
CCGCTGT,0.61675504369475
CCGCTTA,0.612238461625821
CCGCTTC,0.610230156323764
CCGCTTG,0.614495097211946
CCGCTTT,0.615386243596217
CCGGAAA,0.616788610339211
CCGGAAC,0.616091871490075
CCGGAAG,0.615957504559045
CCGGAAT,0.614066054976747
CCGGACA,0.614596021580026
CCGGACC,0.620733226152895
CCGGACG,0.621059153914661
CCGGACT,0.620290128339416
CCGGAGA,0.624454178746902
CCGGAGC,0.625519523439719
CCGGAGG,0.636966660050366
CCGGAGT,0.624470833489056
CCGGATA,0.612364900481229
CCGGATC,0.61331689302222
CCGGATG,0.617015155723345
CCGGATT,0.613628410539623
CCGGCAA,0.611884347757323
CCGGCAC,0.612289039086415
CCGGCAG,0.623229295141104
CCGGCAT,0.613038971177069
CCGGCCA,0.610728389641116
CCGGCCC,0.624587408918124
CCGGCCG,0.624953700390525
CCGGCCT,0.617904060190482
CCGGCGA,0.620164687643056
CCGGCGC,0.616503257940672
CCGGCGG,0.643597754818525
CCGGCGT,0.626783147909798
CCGGCTA,0.599128879875055
CCGGCTC,0.618256049172459
CCGGCTG,0.628086664738511
CCGGCTT,0.613855672903391
CCGGGAA,0.630266462945342
CCGGGAC,0.634348036583881
CCGGGAG,0.651758414141709
CCGGGAT,0.612786247909774
CCGGGCA,0.622094731800338
CCGGGCC,0.665207913250263
CCGGGCG,0.641455041459213
CCGGGCT,0.631251200276333
CCGGGGA,0.658630520968329
CCGGGGC,0.691381424100123
CCGGGGG,0.66634254348341
CCGGGGT,0.665927194472108
CCGGGTA,0.620114506958278
CCGGGTC,0.624279287205401
CCGGGTG,0.643908149147844
CCGGGTT,0.614553970997835
CCGGTAA,0.616352156052494
CCGGTAC,0.614461453492297
CCGGTAG,0.613695752920908
CCGGTAT,0.612044557658986
CCGGTCA,0.614537150269835
CCGGTCC,0.615234972817987
CCGGTCG,0.618096831407952
CCGGTCT,0.613973492317333
CCGGTGA,0.615083679153446
CCGGTGC,0.618155493533733
CCGGTGG,0.63249108588396
CCGGTGT,0.617258425094482
CCGGTTA,0.612221601903812
CCGGTTC,0.617317136422139
CCGGTTG,0.614873511083567
CCGGTTT,0.615024836546141
CCGTAAA,0.613527388463813
CCGTAAC,0.615932308749382
CCGTAAG,0.615982699733894
CCGTAAT,0.610187921749169
CCGTACA,0.612701992625561
CCGTACC,0.614259567401042
CCGTACG,0.612567169403255
CCGTACT,0.612676714655939
CCGTAGA,0.611572286374902
CCGTAGC,0.612558742348287
CCGTAGG,0.616503257940672
CCGTAGT,0.611268565585303
CCGTATA,0.612803098114776
CCGTATC,0.615361033388879
CCGTATG,0.611158865959448
CCGTATT,0.612575596387208
CCGTCAA,0.612516606008186
CCGTCAC,0.616822175856991
CCGTCAG,0.616276596545624
CCGTCAT,0.610542636748855
CCGTCCA,0.615697117241285
CCGTCCC,0.624004395826927
CCGTCCG,0.613889337009583
CCGTCCT,0.618423619437075
CCGTCGA,0.613813591176924
CCGTCGC,0.612162590638209
CCGTCGG,0.614276392798796
CCGTCGT,0.613190574485982
CCGTCTA,0.615554295405146
CCGTCTC,0.59262513566309
CCGTCTG,0.617686100144355
CCGTCTT,0.61463807039404
CCGTGAA,0.611555415417526
CCGTGAC,0.614537150269835
CCGTGAG,0.615209758796744
CCGTGAT,0.611099791945262
CCGTGCA,0.620866952957525
CCGTGCC,0.610044310851561
CCGTGCG,0.619721337783912
CCGTGCT,0.615747520078424
CCGTGGA,0.622411871753549
CCGTGGC,0.621159418012075
CCGTGGG,0.645336354522816
CCGTGGT,0.622203238366346
CCGTGTA,0.61849063968137
CCGTGTC,0.62334601538447
CCGTGTG,0.619955584841968
CCGTGTT,0.614284805391514
CCGTTAA,0.613401096515932
CCGTTAC,0.611572286374902
CCGTTAG,0.611749414244981
CCGTTAT,0.609976722115661
CCGTTCA,0.61572231897741
CCGTTCC,0.618984775315097
CCGTTCG,0.61336741596927
CCGTTCT,0.61407446933913
CCGTTGA,0.610010517054641
CCGTTGC,0.612120437602066
CCGTTGG,0.618029784764448
CCGTTGT,0.617577102303735
CCGTTTA,0.615848318132004
CCGTTTC,0.618599537999276
CCGTTTG,0.616906084722703
CCGTTTT,0.611909645764056
CCTAAAA,0.608158561598693
CCTAAAC,0.61463807039404
CCTAAAG,0.620340300212388
CCTAAAT,0.615982699733894
CCTAACA,0.613131620374668
CCTAACC,0.61441939725094
CCTAACG,0.612196311787817
CCTAACT,0.615907112304875
CCTAAGA,0.611403563991465
CCTAAGC,0.613148464761126
CCTAAGG,0.623946075818712
CCTAAGT,0.611420437510892
CCTAATA,0.610171027419865
CCTAATC,0.611412000786768
CCTAATG,0.61746809258129
CCTAATT,0.615915511190251
CCTACAA,0.610027414095854
CCTACAC,0.604410346026289
CCTACAG,0.618080070168501
CCTACAT,0.606684695988011
CCTACCA,0.615419856217392
CCTACCC,0.609511925851625
CCTACCG,0.61304739418611
CCTACCT,0.614747389036476
CCTACGA,0.610086551491809
CCTACGC,0.611530108447771
CCTACGG,0.612786247909774
CCTACGT,0.611614462523129
CCTACTA,0.616326970184559
CCTACTC,0.616125460402011
CCTACTG,0.61921082377029
CCTACTT,0.61912710807802
CCTAGAA,0.617392617350185
CCTAGAC,0.607362605137008
CCTAGAG,0.636719912831262
CCTAGAT,0.614049226039573
CCTAGCA,0.619244308084968
CCTAGCC,0.61991375903436
CCTAGCG,0.614385750984323
CCTAGCT,0.617149380625693
CCTAGGA,0.623937744111309
CCTAGGC,0.620440636407314
CCTAGGG,0.642044336355463
CCTAGGT,0.625170082303101
CCTAGTA,0.612466040056332
CCTAGTC,0.61437733924078
CCTAGTG,0.628186226733873
CCTAGTT,0.607142335067673
CCTATAA,0.604495302800101
CCTATAC,0.611158865959448
CCTATAG,0.611352941724822
CCTATAT,0.606184443383804
CCTATCA,0.613897752859061
CCTATCC,0.614444631208001
CCTATCG,0.612786247909774
CCTATCT,0.620758301290972
CCTATGA,0.614251154596003
CCTATGC,0.609334401181059
CCTATGG,0.617241649796292
CCTATGT,0.614486686388149
CCTATTA,0.612996855067621
CCTATTC,0.616746651857582
CCTATTG,0.621476854682322
CCTATTT,0.609292128756878
CCTCAAA,0.605709395751646
CCTCAAC,0.609706321480421
CCTCAAG,0.603959954586764
CCTCAAT,0.613485292920012
CCTCACA,0.624545776396354
CCTCACC,0.61991375903436
CCTCACG,0.609495020097867
CCTCACT,0.62861754753835
CCTCAGA,0.624828843370347
CCTCAGC,0.562340396476667
CCTCAGG,0.626018513336656
CCTCAGT,0.605853630496594
CCTCATA,0.613939831044082
CCTCATC,0.608708586745466
CCTCATG,0.616083474085805
CCTCATT,0.618892666848547
CCTCCAA,0.61120949805135
CCTCCAC,0.599308225390507
CCTCCAG,0.617954351916884
CCTCCAT,0.604495302800101
CCTCCCA,0.536761928920929
CCTCCCC,0.632416736084059
CCTCCCG,0.592410193609465
CCTCCCT,0.627572103123304
CCTCCGA,0.61371258780766
CCTCCGC,0.598804268110776
CCTCCGG,0.617635794924959
CCTCCGT,0.617107437279024
CCTCCTA,0.606311649975264
CCTCCTC,0.610525748411212
CCTCCTG,0.586122080873339
CCTCCTT,0.638084484452267
CCTCGAA,0.618281186502309
CCTCGAC,0.612213171936212
CCTCGAG,0.619947219820397
CCTCGAT,0.610584856345186
CCTCGCA,0.613350575270537
CCTCGCC,0.619595825713295
CCTCGCG,0.619328013966745
CCTCGCT,0.610432857455594
CCTCGGA,0.617728019227497
CCTCGGC,0.605412376342528
CCTCGGG,0.649543805910003
CCTCGGT,0.613611574235684
CCTCGTA,0.611260127579774
CCTCGTC,0.613350575270537
CCTCGTG,0.611049154298264
CCTCGTT,0.614410985790417
CCTCTAA,0.614579201559339
CCTCTAC,0.613813591176924
CCTCTAG,0.618004641114156
CCTCTAT,0.611901213166255
CCTCTCA,0.608590145350801
CCTCTCC,0.625477929706952
CCTCTCG,0.621384975482133
CCTCTCT,0.629910394848087
CCTCTGA,0.62790410866449
CCTCTGC,0.610922548961384
CCTCTGG,0.630390642925107
CCTCTGT,0.638831743332386
CCTCTTA,0.617619025956119
CCTCTTC,0.620315214590554
CCTCTTG,0.628410204987143
CCTCTTT,0.612179451355153
CCTGAAA,0.620624559954941
CCTGAAC,0.609063826782532
CCTGAAG,0.630738264852906
CCTGAAT,0.616394131089486
CCTGACA,0.627937303156891
CCTGACC,0.600912363481951
CCTGACG,0.622453593208151
CCTGACT,0.63046514351172
CCTGAGA,0.637829796169482
CCTGAGC,0.621034086319466
CCTGAGG,0.655244783935303
CCTGAGT,0.612466040056332
CCTGATA,0.616024690281369
CCTGATC,0.615638310720268
CCTGATG,0.635542913575664
CCTGATT,0.617878913378777
CCTGCAA,0.608497074412667
CCTGCAC,0.605166207697262
CCTGCAG,0.645890764502355
CCTGCAT,0.622211584537623
CCTGCCA,0.61341793636388
CCTGCCC,0.627854314859782
CCTGCCG,0.61327478861638
CCTGCCT,0.582984834762303
CCTGCGA,0.617426162600617
CCTGCGC,0.622645489482545
CCTGCGG,0.638281617938231
CCTGCGT,0.620005773502
CCTGCTA,0.620983949243842
CCTGCTC,0.634009915725327
CCTGCTG,0.64407147589456
CCTGCTT,0.617401003768289
CCTGGAA,0.630026337916158
CCTGGAC,0.623787761506472
CCTGGAG,0.677571218195835
CCTGGAT,0.613721005144757
CCTGGCA,0.635238149579911
CCTGGCC,0.612693566706684
CCTGGCG,0.615965903021194
CCTGGCT,0.611285441382763
CCTGGGA,0.667268470081766
CCTGGGC,0.656874593105863
CCTGGGG,0.768041317728253
CCTGGGT,0.661362984487518
CCTGGTA,0.630547915432156
CCTGGTC,0.619537248022115
CCTGGTG,0.656487552254145
CCTGGTT,0.622478625245412
CCTGTAA,0.572742197316426
CCTGTAC,0.616536833037658
CCTGTAG,0.608733965219307
CCTGTAT,0.614242741720189
CCTGTCA,0.61407446933913
CCTGTCC,0.643695784489236
CCTGTCG,0.615125707467468
CCTGTCT,0.609723223662378
CCTGTGA,0.623471057671882
CCTGTGC,0.619604193674789
CCTGTGG,0.668305128667924
CCTGTGT,0.631524107042278
CCTGTTA,0.611698809483478
CCTGTTC,0.621167772899767
CCTGTTG,0.622862371372861
CCTGTTT,0.620917095899196
CCTTAAA,0.612466040056332
CCTTAAC,0.61540305004803
CCTTAAG,0.623295994091216
CCTTAAT,0.610162580148181
CCTTACA,0.607735259374069
CCTTACC,0.612457612149095
CCTTACG,0.611201059547393
CCTTACT,0.619168966800195
CCTTAGA,0.616243012709889
CCTTAGC,0.61019636880679
CCTTAGG,0.620499161205532
CCTTAGT,0.619369864280276
CCTTATA,0.614057640543562
CCTTATC,0.613241103815258
CCTTATG,0.614183849607663
CCTTATT,0.616897694152956
CCTTCAA,0.61929453245483
CCTTCAC,0.619361494357685
CCTTCAG,0.61888429293088
CCTTCAT,0.61721648632135
CCTTCCA,0.607252476167203
CCTTCCC,0.635617031316425
CCTTCCG,0.615797920375245
CCTTCCT,0.631995316103608
CCTTCGA,0.610061207321773
CCTTCGC,0.613965077105246
CCTTCGG,0.614688526637073
CCTTCGT,0.614621251080606
CCTTCTA,0.617526791600741
CCTTCTC,0.638256978377625
CCTTCTG,0.623879420215723
CCTTCTT,0.614427808640711
CCTTGAA,0.620131234132994
CCTTGAC,0.621242963747979
CCTTGAG,0.617878913378777
CCTTGAT,0.618499016896092
CCTTGCA,0.630266462945342
CCTTGCC,0.634117137156468
CCTTGCG,0.618616290534136
CCTTGCT,0.622537030895679
CCTTGGA,0.633803688347378
CCTTGGC,0.605929981646039
CCTTGGG,0.681700527430801
CCTTGGT,0.628493147166609
CCTTGTA,0.624029389075009
CCTTGTC,0.632226705921687
CCTTGTG,0.62089202474265
CCTTGTT,0.628186226733873
CCTTTAA,0.610990073802424
CCTTTAC,0.613215839469772
CCTTTAG,0.624970346815421
CCTTTAT,0.616175841654606
CCTTTCA,0.63176387273189
CCTTTCC,0.622645489482545
CCTTTCG,0.616419315265994
CCTTTCT,0.629852418272613
CCTTTGA,0.618021403617929
CCTTTGC,0.630042900114281
CCTTTGG,0.635682909141197
CCTTTGT,0.635732314661882
CCTTTTA,0.626492323222096
CCTTTTC,0.624795545531943
CCTTTTG,0.634315054215369
CCTTTTT,0.623662758816636
CGAAAAA,0.612651436047325
CGAAAAC,0.612878920523855
CGAAAAG,0.614949176677279
CGAAAAT,0.615285398953312
CGAAACA,0.613055817124205
CGAAACC,0.605505734806241
CGAAACG,0.612954737184332
CGAAACT,0.610669290190741
CGAAAGA,0.616133857453714
CGAAAGC,0.610432857455594
CGAAAGG,0.619328013966745
CGAAAGT,0.614301630364638
CGAAATA,0.61120949805135
CGAAATC,0.611344504431233
CGAAATG,0.615234972817987
CGAAATT,0.615243377350459
CGAACAA,0.614604431484278
CGAACAC,0.612491323351873
CGAACAG,0.612052989048112
CGAACAT,0.61304739418611
CGAACCA,0.609647161593713
CGAACCC,0.609587998206905
CGAACCG,0.613619992423086
CGAACCT,0.612331185016242
CGAACGA,0.614553970997835
CGAACGC,0.613805174619122
CGAACGG,0.613847256699766
CGAACGT,0.611681940660551
CGAACTA,0.611960239857634
CGAACTC,0.597444880125561
CGAACTG,0.614570791442902
CGAACTT,0.613358995655354
CGAAGAA,0.615159328846938
CGAAGAC,0.6100781035065
CGAAGAG,0.617115826089099
CGAAGAT,0.611158865959448
CGAAGCA,0.613426356181513
CGAAGCC,0.614293217913461
CGAAGCG,0.613241103815258
CGAAGCT,0.612002399646997
CGAAGGA,0.612853647026272
CGAAGGC,0.618926161818008
CGAAGGG,0.621301441610356
CGAAGGT,0.620156324370459
CGAAGTA,0.613257946357652
CGAAGTC,0.613948246468622
CGAAGTG,0.614865103441954
CGAAGTT,0.614141781689463
CGAATAA,0.614175436165598
CGAATAC,0.612668288524068
CGAATAG,0.611428874163838
CGAATAT,0.614991210644474
CGAATCA,0.613081085512824
CGAATCC,0.612609303612898
CGAATCG,0.611901213166255
CGAATCT,0.610601743684632
CGAATGA,0.614570791442902
CGAATGC,0.612727269956223
CGAATGG,0.616478075878129
CGAATGT,0.613628410539623
CGAATTA,0.613822007663889
CGAATTC,0.613510550458936
CGAATTG,0.612819948035853
CGAATTT,0.616520045630076
CGACAAA,0.610880343620193
CGACAAC,0.612744121155036
CGACAAG,0.611504800837558
CGACAAT,0.611732546275683
CGACACA,0.615268590524068
CGACACC,0.612398614809522
CGACACG,0.613013701724253
CGACACT,0.611749414244981
CGACAGA,0.606074184580639
CGACAGC,0.611344504431233
CGACAGG,0.616326970184559
CGACAGT,0.615974301412811
CGACATA,0.611479492586852
CGACATC,0.615159328846938
CGACATG,0.612710418473442
CGACATT,0.609892229771195
CGACCAA,0.612659862321197
CGACCAC,0.615881915225491
CGACCAG,0.612567169403255
CGACCAT,0.610627074159098
CGACCCA,0.610711504440266
CGACCCC,0.617560332350643
CGACCCG,0.614040811464781
CGACCCT,0.615150923608045
CGACCGA,0.612289039086415
CGACCGC,0.613788341291
CGACCGG,0.616855740248164
CGACCGT,0.615923910005086
CGACCTA,0.614352103585598
CGACCTC,0.606379486874846
CGACCTG,0.618004641114156
CGACCTT,0.614469864528326
CGACGAA,0.611471056360947
CGACGAC,0.611226374845643
CGACGAG,0.613729422411003
CGACGAT,0.611589157047653
CGACGCA,0.611791582923457
CGACGCC,0.613283209639371
CGACGCG,0.616486469969437
CGACGCT,0.612996855067621
CGACGGA,0.615419856217392
CGACGGC,0.614730571561621
CGACGGG,0.619880297128662
CGACGGT,0.613493712170536
CGACGTA,0.612584023300148
CGACGTC,0.613401096515932
CGACGTG,0.611757848122933
CGACGTT,0.613914584345539
CGACTAA,0.610500415369955
CGACTAC,0.614495097211946
CGACTAG,0.615352629845196
CGACTAT,0.610728389641116
CGACTCA,0.612887344881107
CGACTCC,0.612735695591125
CGACTCG,0.61137825317847
CGACTCT,0.610247049654161
CGACTGA,0.614192262978942
CGACTGC,0.610812811368984
CGACTGG,0.609849980921703
CGACTGT,0.615856717511198
CGACTTA,0.610855019560433
CGACTTC,0.60652362500871
CGACTTG,0.615520687302597
CGACTTT,0.612213171936212
CGAGAAA,0.613358995655354
CGAGAAC,0.610475081686919
CGAGAAG,0.615142518298503
CGAGAAT,0.615453467708796
CGAGACA,0.617610641366248
CGAGACC,0.59959852614232
CGAGACG,0.616805393238931
CGAGACT,0.605666969808361
CGAGAGA,0.610914108035648
CGAGAGC,0.61673825994999
CGAGAGG,0.619361494357685
CGAGAGT,0.613165308863857
CGAGATA,0.610812811368984
CGAGATC,0.600810048536277
CGAGATG,0.614082883630713
CGAGATT,0.608387070316821
CGAGCAA,0.614932362595669
CGAGCAC,0.614217502668078
CGAGCAG,0.617317136422139
CGAGCAT,0.616654337000519
CGAGCCA,0.616763435461496
CGAGCCC,0.624986992963218
CGAGCCG,0.621719041207645
CGAGCCT,0.614352103585598
CGAGCGA,0.611310754544979
CGAGCGC,0.614444631208001
CGAGCGG,0.619637664820556
CGAGCGT,0.613165308863857
CGAGCTA,0.615428259196156
CGAGCTC,0.614259567401042
CGAGCTG,0.620064323755271
CGAGCTT,0.618917788180821
CGAGGAA,0.62133485599642
CGAGGAC,0.615663513938445
CGAGGAG,0.627671716360079
CGAGGAT,0.614856695729651
CGAGGCA,0.61521816354113
CGAGGCC,0.625619341340367
CGAGGCG,0.617644179303931
CGAGGCT,0.618071689443423
CGAGGGA,0.635188719638106
CGAGGGC,0.634686043155361
CGAGGGG,0.662173250567417
CGAGGGT,0.632565430156379
CGAGGTA,0.617241649796292
CGAGGTC,0.606447319172896
CGAGGTG,0.632904039695814
CGAGGTT,0.612086713893753
CGAGTAA,0.616536833037658
CGAGTAC,0.609909128811214
CGAGTAG,0.600750359983268
CGAGTAT,0.61521816354113
CGAGTCA,0.611884347757323
CGAGTCC,0.618926161818008
CGAGTCG,0.614999617225895
CGAGTCT,0.616117063279796
CGAGTGA,0.616284992328331
CGAGTGC,0.616813784583168
CGAGTGG,0.615604705441244
CGAGTGT,0.621961169092856
CGAGTTA,0.610534192615686
CGAGTTC,0.609080739827448
CGAGTTG,0.62129308783938
CGAGTTT,0.615184544139739
CGATAAA,0.612609303612898
CGATAAC,0.612002399646997
CGATAAG,0.612398614809522
CGATAAT,0.611698809483478
CGATACA,0.62018141397842
CGATACC,0.611428874163838
CGATACG,0.614310042745046
CGATACT,0.613535807359933
CGATAGA,0.611732546275683
CGATAGC,0.612052989048112
CGATAGG,0.61162289753932
CGATAGT,0.612415471547432
CGATATA,0.612600876912992
CGATATC,0.612398614809522
CGATATG,0.613687335371251
CGATATT,0.614781023137726
CGATCAA,0.61239018633401
CGATCAC,0.611082913014503
CGATCAG,0.613257946357652
CGATCAT,0.610154132805139
CGATCCA,0.614764206228507
CGATCCC,0.61327478861638
CGATCCG,0.611445747256203
CGATCCT,0.610846578064664
CGATCGA,0.611842182990519
CGATCGC,0.612196311787817
CGATCGG,0.612643009702449
CGATCGT,0.612348042890827
CGATCTA,0.613241103815258
CGATCTC,0.596982780492953
CGATCTG,0.611740980295898
CGATCTT,0.608640907666283
CGATGAA,0.61433527946167
CGATGAC,0.615285398953312
CGATGAG,0.614200676279437
CGATGAT,0.613140042603364
CGATGCA,0.612432328001197
CGATGCC,0.609131477245958
CGATGCG,0.614310042745046
CGATGCT,0.611108231303806
CGATGGA,0.614663298833786
CGATGGC,0.615268590524068
CGATGGG,0.623412706550178
CGATGGT,0.615083679153446
CGATGTA,0.613148464761126
CGATGTC,0.614831472168598
CGATGTG,0.610855019560433
CGATGTT,0.613611574235684
CGATTAA,0.610838136497636
CGATTAC,0.613148464761126
CGATTAG,0.61162289753932
CGATTAT,0.610762159187511
CGATTCA,0.613796757990481
CGATTCC,0.610331512025648
CGATTCG,0.613527388463813
CGATTCT,0.599009298326252
CGATTGA,0.61441939725094
CGATTGC,0.614881918654493
CGATTGG,0.611665071553063
CGATTGT,0.617250037480564
CGATTTA,0.612297468414484
CGATTTC,0.610838136497636
CGATTTG,0.615134112918311
CGATTTT,0.616713083804662
CGCAAAA,0.61026394269918
CGCAAAC,0.611800016445772
CGCAAAG,0.609875330445593
CGCAAAT,0.618716799850129
CGCAACA,0.611960239857634
CGCAACC,0.611934943130815
CGCAACG,0.611352941724822
CGCAACT,0.612803098114776
CGCAAGA,0.611403563991465
CGCAAGC,0.609604902388884
CGCAAGG,0.622662174374959
CGCAAGT,0.615445064941857
CGCAATA,0.611023834513169
CGCAATC,0.608539380458375
CGCAATG,0.614629660772684
CGCAATT,0.610981633446643
CGCACAA,0.611133548952111
CGCACAC,0.606744031388498
CGCACAG,0.609655613220382
CGCACAT,0.614099712001479
CGCACCA,0.603109606575468
CGCACCC,0.608522458254868
CGCACCG,0.614999617225895
CGCACCT,0.611816883277034
CGCACGA,0.612339613989058
CGCACGC,0.610736832134626
CGCACGG,0.620716509044858
CGCACGT,0.613232682437683
CGCACTA,0.612314326857464
CGCACTC,0.610010517054641
CGCACTG,0.614015567315563
CGCACTT,0.61400715245754
CGCAGAA,0.616629158742219
CGCAGAC,0.610306174063252
CGCAGAG,0.618968028952205
CGCAGAT,0.613687335371251
CGCAGCA,0.619168966800195
CGCAGCC,0.614772614718468
CGCAGCG,0.617535176893684
CGCAGCT,0.606430361529743
CGCAGGA,0.619286161901691
CGCAGGC,0.624728946528712
CGCAGGG,0.626824687390208
CGCAGGT,0.618716799850129
CGCAGTA,0.61210357589007
CGCAGTC,0.616729867971974
CGCAGTG,0.617451320799995
CGCAGTT,0.612423899809832
CGCATAA,0.612996855067621
CGCATAC,0.610356849346047
CGCATAG,0.611757848122933
CGCATAT,0.611428874163838
CGCATCA,0.613830424080016
CGCATCC,0.607066076430245
CGCATCG,0.609875330445593
CGCATCT,0.611437310745608
CGCATGA,0.61304739418611
CGCATGC,0.610449747362071
CGCATGG,0.61818901320348
CGCATGT,0.614478275493609
CGCATTA,0.611277003519632
CGCATTC,0.614385750984323
CGCATTG,0.613266367522473
CGCATTT,0.613434775928253
CGCCAAA,0.611546979832101
CGCCAAC,0.610525748411212
CGCCAAG,0.613611574235684
CGCCAAT,0.610593300050557
CGCCACA,0.60592149847286
CGCCACC,0.601074340739752
CGCCACG,0.612339613989058
CGCCACT,0.599683892680443
CGCCAGA,0.613535807359933
CGCCAGC,0.609537283946391
CGCCAGG,0.61162289753932
CGCCAGT,0.610407522060988
CGCCATA,0.612921041600435
CGCCATC,0.608217809613777
CGCCATG,0.611563850931793
CGCCATT,0.608590145350801
CGCCCAA,0.609435847708902
CGCCCAC,0.600520099328324
CGCCCAG,0.593836544518532
CGCCCAT,0.611395127124981
CGCCCCA,0.610652403991946
CGCCCCC,0.610466636983284
CGCCCCG,0.617895677990176
CGCCCCT,0.618616290534136
CGCCCGA,0.613813591176924
CGCCCGC,0.611040714441131
CGCCCGG,0.607032181835745
CGCCCGT,0.621176127717656
CGCCCTA,0.612187881607019
CGCCCTC,0.617744786368747
CGCCCTG,0.621000661881688
CGCCCTT,0.612727269956223
CGCCGAA,0.610880343620193
CGCCGAC,0.614276392798796
CGCCGAG,0.617945970138125
CGCCGAT,0.611791582923457
CGCCGCA,0.6148062479713
CGCCGCC,0.627721519257664
CGCCGCG,0.628526322112258
CGCCGCT,0.618725175170481
CGCCGGA,0.6185241481192
CGCCGGC,0.623562745413064
CGCCGGG,0.658228057623142
CGCCGGT,0.613038971177069
CGCCGTA,0.614150195414681
CGCCGTC,0.613190574485982
CGCCGTG,0.619587457681777
CGCCGTT,0.612128868351446
CGCCTAA,0.612466040056332
CGCCTAC,0.612069851613103
CGCCTAG,0.613510550458936
CGCCTAT,0.612449184170827
CGCCTCA,0.60123629176517
CGCCTCC,0.603551877782165
CGCCTCG,0.613670500059368
CGCCTCT,0.613434775928253
CGCCTGA,0.615806320177758
CGCCTGC,0.604189424629828
CGCCTGG,0.609799279946045
CGCCTGT,0.598206023094049
CGCCTTA,0.610914108035648
CGCCTTC,0.611344504431233
CGCCTTG,0.622052995370516
CGCCTTT,0.623079206235621
CGCGAAA,0.612828372889923
CGCGAAC,0.611150427028219
CGCGAAG,0.614923955448845
CGCGAAT,0.613123198075037
CGCGACA,0.610753716907823
CGCGACC,0.616578800323706
CGCGACG,0.614781023137726
CGCGACT,0.61289576916739
CGCGAGA,0.61521816354113
CGCGAGC,0.614553970997835
CGCGAGG,0.627953899989898
CGCGAGT,0.616427709850555
CGCGATA,0.612331185016242
CGCGATC,0.609647161593713
CGCGATG,0.615781120558546
CGCGATT,0.614049226039573
CGCGCAA,0.611158865959448
CGCGCAC,0.616201031329084
CGCGCAG,0.615579500740841
CGCGCAT,0.6148062479713
CGCGCCA,0.605234122341977
CGCGCCC,0.606116593251336
CGCGCCG,0.623962739025269
CGCGCCT,0.614461453492297
CGCGCGA,0.614999617225895
CGCGCGC,0.63720512450232
CGCGCGG,0.640062271227353
CGCGCGT,0.61967950217738
CGCGCTA,0.613131620374668
CGCGCTC,0.619386603915296
CGCGCTG,0.618348216292853
CGCGCTT,0.61248289565772
CGCGGAA,0.614696935763406
CGCGGAC,0.617484864081297
CGCGGAG,0.635238149579911
CGCGGAT,0.611462620063871
CGCGGCA,0.61610026882383
CGCGGCC,0.641618769323019
CGCGGCG,0.638043410084133
CGCGGCT,0.614251154596003
CGCGGGA,0.629993212696972
CGCGGGC,0.64700680497117
CGCGGGG,0.687901773504441
CGCGGGT,0.626990828058713
CGCGGTA,0.612314326857464
CGCGGTC,0.620306852576766
CGCGGTG,0.610770601395929
CGCGGTT,0.616545226635769
CGCGTAA,0.614503507965002
CGCGTAC,0.612052989048112
CGCGTAG,0.613182152682868
CGCGTAT,0.611934943130815
CGCGTCA,0.611690375107584
CGCGTCC,0.612423899809832
CGCGTCG,0.613123198075037
CGCGTCT,0.615705517890563
CGCGTGA,0.615932308749382
CGCGTGC,0.615285398953312
CGCGTGG,0.630804464854837
CGCGTGT,0.620340300212388
CGCGTTA,0.611673506142378
CGCGTTC,0.611783149330016
CGCGTTG,0.613922999982542
CGCGTTT,0.616024690281369
CGCTAAA,0.613561063623036
CGCTAAC,0.615041649072971
CGCTAAG,0.614545560669202
CGCTAAT,0.612187881607019
CGCTACA,0.613030548097079
CGCTACC,0.611926510746335
CGCTACG,0.610272389114674
CGCTACT,0.61331689302222
CGCTAGA,0.613645246560105
CGCTAGC,0.611909645764056
CGCTAGG,0.617333910454076
CGCTAGT,0.614444631208001
CGCTATA,0.611606027435789
CGCTATC,0.610373740536332
CGCTATG,0.610863460984943
CGCTATT,0.612870496095632
CGCTCAA,0.610593300050557
CGCTCAC,0.610973193019622
CGCTCAG,0.614032396819182
CGCTCAT,0.61067773318321
CGCTCCA,0.609579546008757
CGCTCCC,0.613257946357652
CGCTCCG,0.617904060190482
CGCTCCT,0.616570407007395
CGCTCGA,0.61359473764828
CGCTCGC,0.617409390116061
CGCTCGG,0.618649794761938
CGCTCGT,0.614141781689463
CGCTCTA,0.612499750975002
CGCTCTC,0.618783800448939
CGCTCTG,0.613603155977416
CGCTCTT,0.611681940660551
CGCTGAA,0.61289576916739
CGCTGAC,0.620582762118985
CGCTGAG,0.622912414360645
CGCTGAT,0.613409516475353
CGCTGCA,0.61239018633401
CGCTGCC,0.615066867333239
CGCTGCG,0.613401096515932
CGCTGCT,0.611049154298264
CGCTGGA,0.614713753803934
CGCTGGC,0.616629158742219
CGCTGGG,0.637788711338641
CGCTGGT,0.622286696944647
CGCTGTA,0.612853647026272
CGCTGTC,0.614150195414681
CGCTGTG,0.621268026107733
CGCTGTT,0.614974397269618
CGCTTAA,0.612980008127175
CGCTTAC,0.612314326857464
CGCTTAG,0.611859049110585
CGCTTAT,0.614015567315563
CGCTTCA,0.60671860236225
CGCTTCC,0.608666287857752
CGCTTCG,0.614629660772684
CGCTTCT,0.616998376343708
CGCTTGA,0.594034011078221
CGCTTGC,0.613670500059368
CGCTTGG,0.612002399646997
CGCTTGT,0.610762159187511
CGCTTTA,0.612525033418246
CGCTTTC,0.614310042745046
CGCTTTG,0.615008023736645
CGCTTTT,0.611091352515495
CGGAAAA,0.614217502668078
CGGAAAC,0.611926510746335
CGGAAAG,0.62424597106263
CGGAAAT,0.613569482235654
CGGAACA,0.613864089036184
CGGAACC,0.618054927782552
CGGAACG,0.61572231897741
CGGAACT,0.611665071553063
CGGAAGA,0.617761553228865
CGGAAGC,0.614890326154732
CGGAAGG,0.627837716373882
CGGAAGT,0.612626156799686
CGGAATA,0.611445747256203
CGGAATC,0.609520378621329
CGGAATG,0.616989986548308
CGGAATT,0.612246891380233
CGGACAA,0.61336741596927
CGGACAC,0.613089508167145
CGGACAG,0.620900381864673
CGGACAT,0.612525033418246
CGGACCA,0.61543666210431
CGGACCC,0.628459971120346
CGGACCG,0.62548624859191
CGGACCT,0.612002399646997
CGGACGA,0.61668790702548
CGGACGC,0.617862148486322
CGGACGG,0.619738071536476
CGGACGT,0.617250037480564
CGGACTA,0.614141781689463
CGGACTC,0.612516606008186
CGGACTG,0.626459080728851
CGGACTT,0.614192262978942
CGGAGAA,0.624762246584756
CGGAGAC,0.617140992097098
CGGAGAG,0.623295994091216
CGGAGAT,0.620457358127741
CGGAGCA,0.617945970138125
CGGAGCC,0.635213434914423
CGGAGCG,0.621376622408954
CGGAGCT,0.612929465602853
CGGAGGA,0.624520796051298
CGGAGGC,0.645328199141132
CGGAGGG,0.665327829387805
CGGAGGT,0.617241649796292
CGGAGTA,0.614915548231341
CGGAGTC,0.611816883277034
CGGAGTG,0.616612372884488
CGGAGTT,0.613990322529062
CGGATAA,0.612162590638209
CGGATAC,0.611673506142378
CGGATAG,0.611850616086111
CGGATAT,0.61268514071681
CGGATCA,0.601628275137789
CGGATCC,0.612921041600435
CGGATCG,0.613561063623036
CGGATCT,0.614713753803934
CGGATGA,0.612508178527106
CGGATGC,0.612980008127175
CGGATGG,0.619344754302332
CGGATGT,0.617610641366248
CGGATTA,0.611816883277034
CGGATTC,0.611074473442285
CGGATTG,0.61735907097443
CGGATTT,0.61583991868226
CGGCAAA,0.611015394442337
CGGCAAC,0.611336067066455
CGGCAAG,0.61640252588546
CGGCAAT,0.61201083139158
CGGCACA,0.611656636892605
CGGCACC,0.61965439997333
CGGCACG,0.609072283340746
CGGCACT,0.614352103585598
CGGCAGA,0.62161883320746
CGGCAGC,0.615251781812296
CGGCAGG,0.635658205465486
CGGCAGT,0.610981633446643
CGGCATA,0.613064239991355
CGGCATC,0.616603979849959
CGGCATG,0.613990322529062
CGGCATT,0.610762159187511
CGGCCAA,0.608793179153684
CGGCCAC,0.615361033388879
CGGCCAG,0.622762277883765
CGGCCAT,0.611563850931793
CGGCCCA,0.61440257425914
CGGCCCC,0.628036880023361
CGGCCCG,0.6350980917318
CGGCCCT,0.619110364098534
CGGCCGA,0.627007440607515
CGGCCGC,0.634562395467266
CGGCCGG,0.642477901084553
CGGCCGT,0.616318574754283
CGGCCTA,0.61668790702548
CGGCCTC,0.606515146870037
CGGCCTG,0.635567620099638
CGGCCTT,0.61726681263805
CGGCGAA,0.61400715245754
CGGCGAC,0.613788341291
CGGCGAG,0.622929094800077
CGGCGAT,0.613990322529062
CGGCGCA,0.611867482063945
CGGCGCC,0.62576073297936
CGGCGCG,0.629197878074239
CGGCGCT,0.61616744495544
CGGCGGA,0.62039046956827
CGGCGGC,0.634784950299116
CGGCGGG,0.675563453925912
CGGCGGT,0.624204324323217
CGGCGTA,0.616419315265994
CGGCGTC,0.614932362595669
CGGCGTG,0.621610482087491
CGGCGTT,0.617526791600741
CGGCTAA,0.599828999072657
CGGCTAC,0.609080739827448
CGGCTAG,0.615411453168017
CGGCTAT,0.612027694667466
CGGCTCA,0.59798372661623
CGGCTCC,0.617090659447756
CGGCTCG,0.61926942058521
CGGCTCT,0.615554295405146
CGGCTGA,0.613948246468622
CGGCTGC,0.617065492173037
CGGCTGG,0.633737686603142
CGGCTGT,0.625344818135048
CGGCTTA,0.612710418473442
CGGCTTC,0.616377341286117
CGGCTTG,0.616192634841427
CGGCTTT,0.615982699733894
CGGGAAA,0.618230911210709
CGGGAAC,0.624195994767197
CGGGAAG,0.641766101484121
CGGGAAT,0.621560373903063
CGGGACA,0.621944472500047
CGGGACC,0.630357529771606
CGGGACG,0.630415477070687
CGGGACT,0.622645489482545
CGGGAGA,0.628542909172375
CGGGAGC,0.640635999796421
CGGGAGG,0.674542217003204
CGGGAGT,0.623170929910168
CGGGATA,0.615159328846938
CGGGATC,0.623946075818712
CGGGATG,0.624195994767197
CGGGATT,0.612019263065069
CGGGCAA,0.616939646297691
CGGGCAC,0.614368927426479
CGGGCAG,0.649722454311613
CGGGCAT,0.614923955448845
CGGGCCA,0.624795545531943
CGGGCCC,0.647283585711489
CGGGCCG,0.662044935340838
CGGGCCT,0.64341800879292
CGGGCGA,0.625344818135048
CGGGCGC,0.627165246058314
CGGGCGG,0.70596341432046
CGGGCGT,0.619754805009027
CGGGCTA,0.614839880092974
CGGGCTC,0.625086864031442
CGGGCTG,0.654768248906311
CGGGCTT,0.622954114937542
CGGGGAA,0.643475204214786
CGGGGAC,0.649275773452232
CGGGGAG,0.714538569304865
CGGGGAT,0.626193100993108
CGGGGCA,0.650509751001259
CGGGGCC,0.700336748242821
CGGGGCG,0.688987537914996
CGGGGCT,0.664672112203812
CGGGGGA,0.652738413980326
CGGGGGC,0.701786852001493
CGGGGGG,0.690836091007238
CGGGGGT,0.674510534065253
CGGGGTA,0.624370900875174
CGGGGTC,0.65290839883545
CGGGGTG,0.688987537914996
CGGGGTT,0.625070219546044
CGGGTAA,0.620106143265993
CGGGTAC,0.619344754302332
CGGGTAG,0.626143221915764
CGGGTAT,0.614360515541419
CGGGTCA,0.610213262707976
CGGGTCC,0.635987537641027
CGGGTCG,0.631143671098035
CGGGTCT,0.619980679486847
CGGGTGA,0.628476559281059
CGGGTGC,0.637698318768721
CGGGTGG,0.673274115860612
CGGGTGT,0.622737252945989
CGGGTTA,0.615344226230894
CGGGTTC,0.612061420366151
CGGGTTG,0.631581986782728
CGGGTTT,0.630009775443725
CGGTAAA,0.614183849607663
CGGTAAC,0.614705344819026
CGGTAAG,0.631656398669674
CGGTAAT,0.617409390116061
CGGTACA,0.612575596387208
CGGTACC,0.614949176677279
CGGTACG,0.614108126080666
CGGTACT,0.612432328001197
CGGTAGA,0.612971584550518
CGGTAGC,0.613283209639371
CGGTAGG,0.61999740890025
CGGTAGT,0.614923955448845
CGGTATA,0.612937889534308
CGGTATC,0.612710418473442
CGGTATG,0.613089508167145
CGGTATT,0.613695752920908
CGGTCAA,0.614545560669202
CGGTCAC,0.612592450142075
CGGTCAG,0.616671122153868
CGGTCAT,0.615201353981717
CGGTCCA,0.612828372889923
CGGTCCC,0.615957504559045
CGGTCCG,0.617283587514135
CGGTCCT,0.620415553302381
CGGTCGA,0.614310042745046
CGGTCGC,0.617199710319604
CGGTCGG,0.617811852122519
CGGTCGT,0.614562381255734
CGGTCTA,0.611985535944545
CGGTCTC,0.621042442254352
CGGTCTG,0.618842422290675
CGGTCTT,0.614225915756228
CGGTGAA,0.609216033889926
CGGTGAC,0.617904060190482
CGGTGAG,0.642420648591427
CGGTGAT,0.617887295719608
CGGTGCA,0.611732546275683
CGGTGCC,0.618180633391378
CGGTGCG,0.624753921674703
CGGTGCT,0.615167734015184
CGGTGGA,0.626209726799367
CGGTGGC,0.62199456144217
CGGTGGG,0.658694900074778
CGGTGGT,0.62129308783938
CGGTGTA,0.612836797673015
CGGTGTC,0.620039231209354
CGGTGTG,0.630266462945342
CGGTGTT,0.613375836212284
CGGTTAA,0.610289281731641
CGGTTAC,0.61333373428819
CGGTTAG,0.614326867293561
CGGTTAT,0.611968671957703
CGGTTCA,0.615974301412811
CGGTTCC,0.612255321063585
CGGTTCG,0.61664594431819
CGGTTCT,0.616637551565424
CGGTTGA,0.611673506142378
CGGTTGC,0.61967950217738
CGGTTGG,0.628269187491894
CGGTTGT,0.619972314675192
CGGTTTA,0.614133367893454
CGGTTTC,0.616217824092899
CGGTTTG,0.619185709798474
CGGTTTT,0.61440257425914
CGTAAAA,0.612196311787817
CGTAAAC,0.610314620122052
CGTAAAG,0.613552644939544
CGTAAAT,0.61248289565772
CGTAACA,0.611268565585303
CGTAACC,0.616142254434908
CGTAACG,0.612988431632875
CGTAACT,0.615487078070506
CGTAAGA,0.611285441382763
CGTAAGC,0.615159328846938
CGTAAGG,0.615923910005086
CGTAAGT,0.626292851684651
CGTAATA,0.611850616086111
CGTAATC,0.611201059547393
CGTAATG,0.613140042603364
CGTAATT,0.610154132805139
CGTACAA,0.613013701724253
CGTACAC,0.609418940668926
CGTACAG,0.610762159187511
CGTACAT,0.618767050720083
CGTACCA,0.615108896353824
CGTACCC,0.608556302375527
CGTACCG,0.614982803992382
CGTACCT,0.61371258780766
CGTACGA,0.61336741596927
CGTACGC,0.612162590638209
CGTACGG,0.613973492317333
CGTACGT,0.612912617527052
CGTACTA,0.613763090767502
CGTACTC,0.611428874163838
CGTACTG,0.613678917750738
CGTACTT,0.613653664464053
CGTAGAA,0.610297727933115
CGTAGAC,0.612996855067621
CGTAGAG,0.616293388040549
CGTAGAT,0.614158609069109
CGTAGCA,0.611589157047653
CGTAGCC,0.609757027169264
CGTAGCG,0.612466040056332
CGTAGCT,0.613266367522473
CGTAGGA,0.613493712170536
CGTAGGC,0.614385750984323
CGTAGGG,0.615453467708796
CGTAGGT,0.619185709798474
CGTAGTA,0.615243377350459
CGTAGTC,0.612971584550518
CGTAGTG,0.609731674646226
CGTAGTT,0.610745274556862
CGTATAA,0.614116540089056
CGTATAC,0.613207417879433
CGTATAG,0.615058461317145
CGTATAT,0.614940769671813
CGTATCA,0.611673506142378
CGTATCC,0.612980008127175
CGTATCG,0.613249525121914
CGTATCT,0.617510020803913
CGTATGA,0.613914584345539
CGTATGC,0.610888784830936
CGTATGG,0.612331185016242
CGTATGT,0.612626156799686
CGTATTA,0.611740980295898
CGTATTC,0.612154160173129
CGTATTG,0.614267980135305
CGTATTT,0.612643009702449
CGTCAAA,0.612086713893753
CGTCAAC,0.611175743608262
CGTCAAG,0.614957583612067
CGTCAAT,0.611479492586852
CGTCACA,0.612289039086415
CGTCACC,0.616301783682279
CGTCACG,0.614671708172264
CGTCACT,0.610973193019622
CGTCAGA,0.612971584550518
CGTCAGC,0.611445747256203
CGTCAGG,0.619076875298458
CGTCAGT,0.615083679153446
CGTCATA,0.612348042890827
CGTCATC,0.614066054976747
CGTCATG,0.609858430834399
CGTCATT,0.610390631441309
CGTCCAA,0.613847256699766
CGTCCAC,0.6129463133948
CGTCCAG,0.615755920304298
CGTCCAT,0.612643009702449
CGTCCCA,0.61183374982381
CGTCCCC,0.625827263304364
CGTCCCG,0.620975592820176
CGTCCCT,0.619035012721193
CGTCCGA,0.615142518298503
CGTCCGC,0.614949176677279
CGTCCGG,0.620649637817951
CGTCCGT,0.611732546275683
CGTCCTA,0.614848287946659
CGTCCTC,0.616117063279796
CGTCCTG,0.624945377074161
CGTCCTT,0.613443195604101
CGTCGAA,0.613636828585295
CGTCGAC,0.614579201559339
CGTCGAG,0.616058281449886
CGTCGAT,0.6129463133948
CGTCGCA,0.611757848122933
CGTCGCC,0.616545226635769
CGTCGCG,0.611471056360947
CGTCGCT,0.612314326857464
CGTCGGA,0.612187881607019
CGTCGGC,0.614167022652748
CGTCGGG,0.622670516716772
CGTCGGT,0.615655112936297
CGTCGTA,0.612584023300148
CGTCGTC,0.613872505098146
CGTCGTG,0.615663513938445
CGTCGTT,0.613603155977416
CGTCTAA,0.614015567315563
CGTCTAC,0.61439416265711
CGTCTAG,0.615923910005086
CGTCTAT,0.611125109807229
CGTCTCA,0.603959954586764
CGTCTCC,0.612887344881107
CGTCTCG,0.61437733924078
CGTCTCT,0.60713386217291
CGTCTGA,0.614284805391514
CGTCTGC,0.610339957870445
CGTCTGG,0.620683073990375
CGTCTGT,0.618808924516197
CGTCTTA,0.613763090767502
CGTCTTC,0.614587611605047
CGTCTTG,0.612221601903812
CGTCTTT,0.612364900481229
CGTGAAA,0.609816180556887
CGTGAAC,0.606786411661997
CGTGAAG,0.623154253504198
CGTGAAT,0.612836797673015
CGTGACA,0.616259804768741
CGTGACC,0.611015394442337
CGTGACG,0.611698809483478
CGTGACT,0.610323066109517
CGTGAGA,0.613897752859061
CGTGAGC,0.594772019011309
CGTGAGG,0.622962454844253
CGTGAGT,0.624778896196952
CGTGATA,0.613796757990481
CGTGATC,0.596760211895949
CGTGATG,0.609182212090313
CGTGATT,0.612196311787817
CGTGCAA,0.616822175856991
CGTGCAC,0.612297468414484
CGTGCAG,0.619118736123322
CGTGCAT,0.618373351306003
CGTGCCA,0.602956467111479
CGTGCCC,0.61433527946167
CGTGCCG,0.616326970184559
CGTGCCT,0.609875330445593
CGTGCGA,0.616007894273963
CGTGCGC,0.618834047952252
CGTGCGG,0.623754428983663
CGTGCGT,0.616964816739767
CGTGCTA,0.614881918654493
CGTGCTC,0.61700676606872
CGTGCTG,0.621100931843629
CGTGCTT,0.616410920610962
CGTGGAA,0.61440257425914
CGTGGAC,0.616620765848574
CGTGGAG,0.623762762218527
CGTGGAT,0.613704170399711
CGTGGCA,0.617409390116061
CGTGGCC,0.631193301386324
CGTGGCG,0.623554410511239
CGTGGCT,0.61726681263805
CGTGGGA,0.63124292921157
CGTGGGC,0.641643326190666
CGTGGGG,0.668089911057087
CGTGGGT,0.626691754978583
CGTGGTA,0.612971584550518
CGTGGTC,0.61999740890025
CGTGGTG,0.605378425649209
CGTGGTT,0.616016292312929
CGTGTAA,0.617350684204651
CGTGTAC,0.6168305670604
CGTGTAG,0.61572231897741
CGTGTAT,0.612061420366151
CGTGTCA,0.614082883630713
CGTGTCC,0.61848226239647
CGTGTCG,0.613190574485982
CGTGTCT,0.621059153914661
CGTGTGA,0.612659862321197
CGTGTGC,0.612853647026272
CGTGTGG,0.624645691536869
CGTGTGT,0.63051480748612
CGTGTTA,0.618457130120687
CGTGTTC,0.618281186502309
CGTGTTG,0.616956426662803
CGTGTTT,0.618926161818008
CGTTAAA,0.609528831319583
CGTTAAC,0.614368927426479
CGTTAAG,0.613687335371251
CGTTAAT,0.611850616086111
CGTTACA,0.611471056360947
CGTTACC,0.611386690187317
CGTTACG,0.611757848122933
CGTTACT,0.613131620374668
CGTTAGA,0.612137299029749
CGTTAGC,0.613030548097079
CGTTAGG,0.61505005523039
CGTTAGT,0.61533582254597
CGTTATA,0.611850616086111
CGTTATC,0.612600876912992
CGTTATG,0.612272180217113
CGTTATT,0.609875330445593
CGTTCAA,0.612331185016242
CGTTCAC,0.616612372884488
CGTTCAG,0.613847256699766
CGTTCAT,0.614823064173527
CGTTCCA,0.616427709850555
CGTTCCC,0.619152223521582
CGTTCCG,0.610905667038662
CGTTCCT,0.61792920636984
CGTTCGA,0.612449184170827
CGTTCGC,0.613754673784648
CGTTCGG,0.614200676279437
CGTTCGT,0.618306323200289
CGTTCTA,0.613721005144757
CGTTCTC,0.61071994707633
CGTTCTG,0.612912617527052
CGTTCTT,0.612449184170827
CGTTGAA,0.612230031800348
CGTTGAC,0.612651436047325
CGTTGAG,0.614596021580026
CGTTGAT,0.613931415548723
CGTTGCA,0.613518969496815
CGTTGCC,0.612019263065069
CGTTGCG,0.611993967831319
CGTTGCT,0.609799279946045
CGTTGGA,0.613864089036184
CGTTGGC,0.612145729636977
CGTTGGG,0.627397756078651
CGTTGGT,0.613241103815258
CGTTGTA,0.609680967671818
CGTTGTC,0.620624559954941
CGTTGTG,0.609689419012776
CGTTGTT,0.621560373903063
CGTTTAA,0.610787485598953
CGTTTAC,0.614209089509148
CGTTTAG,0.612052989048112
CGTTTAT,0.61553749149506
CGTTTCA,0.613552644939544
CGTTTCC,0.616293388040549
CGTTTCG,0.612744121155036
CGTTTCT,0.6202399539491
CGTTTGA,0.61341793636388
CGTTTGC,0.612154160173129
CGTTTGG,0.617912442320527
CGTTTGT,0.617719635551444
CGTTTTA,0.617870530967682
CGTTTTC,0.619646032431951
CGTTTTG,0.618105211922326
CGTTTTT,0.61239018633401
CTAAAAA,0.57156640706417
CTAAAAC,0.610551080810722
CTAAAAG,0.609757027169264
CTAAAAT,0.609621806285117
CTAAACA,0.614284805391514
CTAAACC,0.610230156323764
CTAAACG,0.611074473442285
CTAAACT,0.613257946357652
CTAAAGA,0.619101992003656
CTAAAGC,0.613931415548723
CTAAAGG,0.618239290601506
CTAAAGT,0.612086713893753
CTAAATA,0.61610866608707
CTAAATC,0.610061207321773
CTAAATG,0.616452893181434
CTAAATT,0.605327497447916
CTAACAA,0.614553970997835
CTAACAC,0.609325946839178
CTAACAG,0.613619992423086
CTAACAT,0.613653664464053
CTAACCA,0.618415241590706
CTAACCC,0.624129355821179
CTAACCG,0.614469864528326
CTAACCT,0.613224260989188
CTAACGA,0.612415471547432
CTAACGC,0.613687335371251
CTAACGG,0.612954737184332
CTAACGT,0.61441939725094
CTAACTA,0.609359763777855
CTAACTC,0.615024836546141
CTAACTG,0.62032357653442
CTAACTT,0.613704170399711
CTAAGAA,0.609917578224134
CTAAGAC,0.6135779007774
CTAAGAG,0.609004628872571
CTAAGAT,0.612870496095632
CTAAGCA,0.614537150269835
CTAAGCC,0.610863460984943
CTAAGCG,0.613830424080016
CTAAGCT,0.606091148264738
CTAAGGA,0.617115826089099
CTAAGGC,0.614133367893454
CTAAGGG,0.626417526058238
CTAAGGT,0.626625282145548
CTAAGTA,0.607354134108372
CTAAGTC,0.611934943130815
CTAAGTG,0.613687335371251
CTAAGTT,0.608615526830644
CTAATAA,0.610323066109517
CTAATAC,0.612760972069892
CTAATAG,0.61437733924078
CTAATAT,0.612263750675878
CTAATCA,0.612204741897548
CTAATCC,0.612811523110804
CTAATCG,0.614209089509148
CTAATCT,0.610255496212343
CTAATGA,0.612988431632875
CTAATGC,0.613342154814816
CTAATGG,0.614478275493609
CTAATGT,0.614436219959731
CTAATTA,0.613300051472617
CTAATTC,0.615470273030858
CTAATTG,0.615495480484427
CTAATTT,0.576007844595306
CTACAAA,0.604104441864515
CTACAAC,0.60890313858742
CTACAAG,0.615033242844889
CTACAAT,0.612744121155036
CTACACA,0.606582969966894
CTACACC,0.611167304819462
CTACACG,0.611251689503045
CTACACT,0.609224489161095
CTACAGA,0.614259567401042
CTACAGC,0.610314620122052
CTACAGG,0.605938464747254
CTACAGT,0.615008023736645
CTACATA,0.611445747256203
CTACATC,0.609959824217874
CTACATG,0.610534192615686
CTACATT,0.613956661822343
CTACCAA,0.606226847378929
CTACCAC,0.608150097309973
CTACCAG,0.613013701724253
CTACCAT,0.610787485598953
CTACCCA,0.606379486874846
CTACCCC,0.618599537999276
CTACCCG,0.608936969826959
CTACCCT,0.614225915756228
CTACCGA,0.612364900481229
CTACCGC,0.607057602889324
CTACCGG,0.616671122153868
CTACCGT,0.611867482063945
CTACCTA,0.614663298833786
CTACCTC,0.612508178527106
CTACCTG,0.615579500740841
CTACCTT,0.611656636892605
CTACGAA,0.613325313690659
CTACGAC,0.611766281929756
CTACGAG,0.610204815793058
CTACGAT,0.611023834513169
CTACGCA,0.613948246468622
CTACGCC,0.610382186024483
CTACGCG,0.611445747256203
CTACGCT,0.613569482235654
CTACGGA,0.611538544175517
CTACGGC,0.613013701724253
CTACGGG,0.612744121155036
CTACGGT,0.617115826089099
CTACGTA,0.611892780497344
CTACGTC,0.610010517054641
CTACGTG,0.612626156799686
CTACGTT,0.613207417879433
CTACTAA,0.578443560862982
CTACTAC,0.613552644939544
CTACTAG,0.615923910005086
CTACTAT,0.611049154298264
CTACTCA,0.602445832791844
CTACTCC,0.611336067066455
CTACTCG,0.600545686463967
CTACTCT,0.614940769671813
CTACTGA,0.613081085512824
CTACTGC,0.611234813135981
CTACTGG,0.619018267199581
CTACTGT,0.614915548231341
CTACTTA,0.61162289753932
CTACTTC,0.618984775315097
CTACTTG,0.599086173820588
CTACTTT,0.614696935763406
CTAGAAA,0.617182934036418
CTAGAAC,0.607963864829863
CTAGAAG,0.623587749701724
CTAGAAT,0.614545560669202
CTAGACA,0.610888784830936
CTAGACC,0.615613106866874
CTAGACG,0.611951807686464
CTAGACT,0.610348403643911
CTAGAGA,0.622002909355275
CTAGAGC,0.626417526058238
CTAGAGG,0.639496416452989
CTAGAGT,0.619043385376845
CTAGATA,0.615991097984447
CTAGATC,0.614410985790417
CTAGATG,0.618080070168501
CTAGATT,0.615512285100472
CTAGCAA,0.60894542745801
CTAGCAC,0.611563850931793
CTAGCAG,0.630961672297653
CTAGCAT,0.616587193569569
CTAGCCA,0.607709855541615
CTAGCCC,0.610812811368984
CTAGCCG,0.618339837814742
CTAGCCT,0.613190574485982
CTAGCGA,0.614713753803934
CTAGCGC,0.610154132805139
CTAGCGG,0.616452893181434
CTAGCGT,0.615571099032866
CTAGCTA,0.610762159187511
CTAGCTC,0.613670500059368
CTAGCTG,0.61856603208759
CTAGCTT,0.615293803061989
CTAGGAA,0.615806320177758
CTAGGAC,0.621819239167193
CTAGGAG,0.638256978377625
CTAGGAT,0.616385736223039
CTAGGCA,0.628783390631405
CTAGGCC,0.624379228974438
CTAGGCG,0.614293217913461
CTAGGCT,0.62313757682012
CTAGGGA,0.636300302778982
CTAGGGC,0.625477929706952
CTAGGGG,0.651004537832088
CTAGGGT,0.639127208151571
CTAGGTA,0.625428014943874
CTAGGTC,0.610762159187511
CTAGGTG,0.634867365446731
CTAGGTT,0.619537248022115
CTAGTAA,0.615554295405146
CTAGTAC,0.616217824092899
CTAGTAG,0.617912442320527
CTAGTAT,0.61071994707633
CTAGTCA,0.615932308749382
CTAGTCC,0.612289039086415
CTAGTCG,0.611800016445772
CTAGTCT,0.606701649318836
CTAGTGA,0.625827263304364
CTAGTGC,0.621259672057606
CTAGTGG,0.619277791278484
CTAGTGT,0.620022502495605
CTAGTTA,0.612752546647958
CTAGTTC,0.615890314322496
CTAGTTG,0.614251154596003
CTAGTTT,0.611074473442285
CTATAAA,0.601312996255333
CTATAAC,0.612466040056332
CTATAAG,0.613106353262967
CTATAAT,0.607608233757761
CTATACA,0.606540581070421
CTATACC,0.613636828585295
CTATACG,0.611412000786768
CTATACT,0.612499750975002
CTATAGA,0.610382186024483
CTATAGC,0.612381757787457
CTATAGG,0.612550315222304
CTATAGT,0.614722162718132
CTATATA,0.611597592277297
CTATATC,0.610491970880253
CTATATG,0.612996855067621
CTATATT,0.610339957870445
CTATCAA,0.615108896353824
CTATCAC,0.611319192123329
CTATCAG,0.615184544139739
CTATCAT,0.61177471566545
CTATCCA,0.609046913451559
CTATCCC,0.615907112304875
CTATCCG,0.612558742348287
CTATCCT,0.617031934821439
CTATCGA,0.613434775928253
CTATCGC,0.611049154298264
CTATCGG,0.61594070742314
CTATCGT,0.61329163059145
CTATCTA,0.611993967831319
CTATCTC,0.611800016445772
CTATCTG,0.61465488942459
CTATCTT,0.626824687390208
CTATGAA,0.618767050720083
CTATGAC,0.609883780144093
CTATGAG,0.613847256699766
CTATGAT,0.612659862321197
CTATGCA,0.610804369516906
CTATGCC,0.612744121155036
CTATGCG,0.614167022652748
CTATGCT,0.611108231303806
CTATGGA,0.613215839469772
CTATGGC,0.620975592820176
CTATGGG,0.627048970772161
CTATGGT,0.610669290190741
CTATGTA,0.616184238283268
CTATGTC,0.613796757990481
CTATGTG,0.612221601903812
CTATGTT,0.613535807359933
CTATTAA,0.610559524801288
CTATTAC,0.612061420366151
CTATTAG,0.614823064173527
CTATTAT,0.619788271114124
CTATTCA,0.617828617858202
CTATTCC,0.619143851777149
CTATTCG,0.613771507679512
CTATTCT,0.618306323200289
CTATTGA,0.617048713638
CTATTGC,0.613358995655354
CTATTGG,0.622111425884538
CTATTGT,0.613232682437683
CTATTTA,0.610069655449822
CTATTTC,0.616217824092899
CTATTTG,0.614225915756228
CTATTTT,0.623729428862405
CTCAAAA,0.570758346922656
CTCAAAC,0.593982501821786
CTCAAAG,0.616159048185769
CTCAAAT,0.607396488533984
CTCAACA,0.61371258780766
CTCAACC,0.610863460984943
CTCAACG,0.613156886847957
CTCAACT,0.609114565059151
CTCAAGA,0.617627410475689
CTCAAGC,0.595355174823256
CTCAAGG,0.614738980334402
CTCAAGT,0.598872616186862
CTCAATA,0.609275219286844
CTCAATC,0.6100781035065
CTCAATG,0.609452754463035
CTCAATT,0.61777831980786
CTCACAA,0.616268200692428
CTCACAC,0.615713918469271
CTCACAG,0.634174867011752
CTCACAT,0.613880921089279
CTCACCA,0.612600876912992
CTCACCC,0.620632919312489
CTCACCG,0.615016430176727
CTCACCT,0.614890326154732
CTCACGA,0.609402033343097
CTCACGC,0.6013982165667
CTCACGG,0.616897694152956
CTCACGT,0.61465488942459
CTCACTA,0.608234736973353
CTCACTC,0.617887295719608
CTCACTG,0.578068550233912
CTCACTT,0.626907761174801
CTCAGAA,0.610930989815872
CTCAGAC,0.604792594682296
CTCAGAG,0.638716816766776
CTCAGAT,0.609004628872571
CTCAGCA,0.621794190618505
CTCAGCC,0.557490498909883
CTCAGCG,0.611698809483478
CTCAGCT,0.60652362500871
CTCAGGA,0.629529344377039
CTCAGGC,0.619185709798474
CTCAGGG,0.655470856719906
CTCAGGT,0.621827588543995
CTCAGTA,0.610762159187511
CTCAGTC,0.613030548097079
CTCAGTG,0.617191322213191
CTCAGTT,0.614469864528326
CTCATAA,0.614242741720189
CTCATAC,0.612289039086415
CTCATAG,0.615932308749382
CTCATAT,0.613855672903391
CTCATCA,0.612609303612898
CTCATCC,0.624837167656709
CTCATCG,0.611006954300269
CTCATCT,0.617015155723345
CTCATGA,0.60501338288047
CTCATGC,0.609199123133108
CTCATGG,0.620616200527513
CTCATGT,0.618984775315097
CTCATTA,0.608513997045727
CTCATTC,0.627937303156891
CTCATTG,0.615083679153446
CTCATTT,0.625378097689188
CTCCAAA,0.614141781689463
CTCCAAC,0.610610187247414
CTCCAAG,0.614865103441954
CTCCAAT,0.614898733584286
CTCCACA,0.609841530937604
CTCCACC,0.60032390953473
CTCCACG,0.614999617225895
CTCCACT,0.621635535238176
CTCCAGA,0.615881915225491
CTCCAGC,0.569747352652547
CTCCAGG,0.640447525287346
CTCCAGT,0.613939831044082
CTCCATA,0.612289039086415
CTCCATC,0.599888742644064
CTCCATG,0.612381757787457
CTCCATT,0.612710418473442
CTCCCAA,0.551721797446541
CTCCCAC,0.602760754773289
CTCCCAG,0.617920824380313
CTCCCAT,0.609951375161903
CTCCCCA,0.633077429457369
CTCCCCC,0.612120437602066
CTCCCCG,0.626143221915764
CTCCCCT,0.634034660152927
CTCCCGA,0.591713463846397
CTCCCGC,0.611091352515495
CTCCCGG,0.607489661956293
CTCCCGT,0.616427709850555
CTCCCTA,0.619328013966745
CTCCCTC,0.618892666848547
CTCCCTG,0.6527950788093
CTCCCTT,0.618783800448939
CTCCGAA,0.61440257425914
CTCCGAC,0.614040811464781
CTCCGAG,0.62044899730248
CTCCGAT,0.613552644939544
CTCCGCA,0.615747520078424
CTCCGCC,0.59769295663999
CTCCGCG,0.6202399539491
CTCCGCT,0.614940769671813
CTCCGGA,0.61562150822192
CTCCGGC,0.61540305004803
CTCCGGG,0.632730619865035
CTCCGGT,0.612297468414484
CTCCGTA,0.612187881607019
CTCCGTC,0.608260127475475
CTCCGTG,0.619553984855449
CTCCGTT,0.617283587514135
CTCCTAA,0.603798444096749
CTCCTAC,0.609309037940986
CTCCTAG,0.61900989433362
CTCCTAT,0.610855019560433
CTCCTCA,0.625677563848159
CTCCTCC,0.607066076430245
CTCCTCG,0.609292128756878
CTCCTCT,0.631755605906406
CTCCTGA,0.587833878334772
CTCCTGC,0.589482385647173
CTCCTGG,0.618222531749698
CTCCTGT,0.623496064253206
CTCCTTA,0.621493559084516
CTCCTTC,0.625336498073459
CTCCTTG,0.626367658174031
CTCCTTT,0.636415507386059
CTCGAAA,0.613948246468622
CTCGAAC,0.598240218166589
CTCGAAG,0.615008023736645
CTCGAAT,0.617769936553502
CTCGACA,0.61721648632135
CTCGACC,0.616150651345592
CTCGACG,0.61327478861638
CTCGACT,0.610289281731641
CTCGAGA,0.611125109807229
CTCGAGC,0.617099048398577
CTCGAGG,0.626159848551316
CTCGAGT,0.614696935763406
CTCGATA,0.610981633446643
CTCGATC,0.607997727860587
CTCGATG,0.610111895019534
CTCGATT,0.613678917750738
CTCGCAA,0.611665071553063
CTCGCAC,0.611968671957703
CTCGCAG,0.613131620374668
CTCGCAT,0.613813591176924
CTCGCCA,0.608420919019799
CTCGCCC,0.62129308783938
CTCGCCG,0.618591161626602
CTCGCCT,0.615008023736645
CTCGCGA,0.61371258780766
CTCGCGC,0.616033088179283
CTCGCGG,0.625511204831567
CTCGCGT,0.613358995655354
CTCGCTA,0.611369816098439
CTCGCTC,0.606438840387265
CTCGCTG,0.620014138033785
CTCGCTT,0.614612841317805
CTCGGAA,0.611842182990519
CTCGGAC,0.618691673468189
CTCGGAG,0.626317787802895
CTCGGAT,0.613224260989188
CTCGGCA,0.619101992003656
CTCGGCC,0.611707243788233
CTCGGCG,0.6212095462912
CTCGGCT,0.598795724272793
CTCGGGA,0.613224260989188
CTCGGGC,0.632119281593195
CTCGGGG,0.6572373079054
CTCGGGT,0.622620461621941
CTCGGTA,0.614671708172264
CTCGGTC,0.613973492317333
CTCGGTG,0.615697117241285
CTCGGTT,0.61636894627872
CTCGTAA,0.613468454206309
CTCGTAC,0.61433527946167
CTCGTAG,0.610559524801288
CTCGTAT,0.613182152682868
CTCGTCA,0.613805174619122
CTCGTCC,0.616671122153868
CTCGTCG,0.616713083804662
CTCGTCT,0.613956661822343
CTCGTGA,0.610779043533075
CTCGTGC,0.615991097984447
CTCGTGG,0.626475702113606
CTCGTGT,0.615932308749382
CTCGTTA,0.61289576916739
CTCGTTC,0.610871902338196
CTCGTTG,0.611445747256203
CTCGTTT,0.616612372884488
CTCTAAA,0.610669290190741
CTCTAAC,0.613939831044082
CTCTAAG,0.61668790702548
CTCTAAT,0.61366208229714
CTCTACA,0.607802999772381
CTCTACC,0.606320129839379
CTCTACG,0.612162590638209
CTCTACT,0.583080310581683
CTCTAGA,0.622803984721779
CTCTAGC,0.609207578547264
CTCTAGG,0.638995901231748
CTCTAGT,0.614032396819182
CTCTATA,0.609613354372718
CTCTATC,0.610593300050557
CTCTATG,0.608623987180767
CTCTATT,0.620206502956908
CTCTCAA,0.611015394442337
CTCTCAC,0.624612387599244
CTCTCAG,0.622461937290194
CTCTCAT,0.619487035841316
CTCTCCA,0.614133367893454
CTCTCCC,0.618800549897246
CTCTCCG,0.615100490691021
CTCTCCT,0.641823391462894
CTCTCGA,0.615083679153446
CTCTCGC,0.619277791278484
CTCTCGG,0.625311537473343
CTCTCGT,0.623262645172254
CTCTCTA,0.620047595461286
CTCTCTC,0.621819239167193
CTCTCTG,0.625161760787566
CTCTCTT,0.634760224430283
CTCTGAA,0.610525748411212
CTCTGAC,0.625818947255797
CTCTGAG,0.626359346618219
CTCTGAT,0.615176139112784
CTCTGCA,0.628128150107907
CTCTGCC,0.605607570463666
CTCTGCG,0.612693566706684
CTCTGCT,0.626068398634582
CTCTGGA,0.623362688592875
CTCTGGC,0.620432275442243
CTCTGGG,0.663703743512577
CTCTGGT,0.632705843148257
CTCTGTA,0.62219489212541
CTCTGTC,0.601883833712855
CTCTGTG,0.627829417027614
CTCTGTT,0.631193301386324
CTCTTAA,0.61336741596927
CTCTTAC,0.612929465602853
CTCTTAG,0.610990073802424
CTCTTAT,0.612912617527052
CTCTTCA,0.617971115263644
CTCTTCC,0.613072662787561
CTCTTCG,0.610922548961384
CTCTTCT,0.627181855709865
CTCTTGA,0.604138435837294
CTCTTGC,0.628766807559722
CTCTTGG,0.635806418366512
CTCTTGT,0.631267742200629
CTCTTTA,0.62032357653442
CTCTTTC,0.626026827725794
CTCTTTG,0.64983612304331
CTCTTTT,0.634084147171342
CTGAAAA,0.615251781812296
CTGAAAC,0.612609303612898
CTGAAAG,0.624212653809857
CTGAAAT,0.613257946357652
CTGAACA,0.614082883630713
CTGAACC,0.610855019560433
CTGAACG,0.613838840425309
CTGAACT,0.61177471566545
CTGAAGA,0.635592326013215
CTGAAGC,0.620917095899196
CTGAAGG,0.64138135517387
CTGAAGT,0.613939831044082
CTGAATA,0.61640252588546
CTGAATC,0.613889337009583
CTGAATG,0.615965903021194
CTGAATT,0.615789520502175
CTGACAA,0.61999740890025
CTGACAC,0.62482051901469
CTGACAG,0.63415012605329
CTGACAT,0.605514221507133
CTGACCA,0.624637365656445
CTGACCC,0.637344887575235
CTGACCG,0.622637146931943
CTGACCT,0.60168791131387
CTGACGA,0.610373740536332
CTGACGC,0.615192949096049
CTGACGG,0.626949295479271
CTGACGT,0.614848287946659
CTGACTA,0.613375836212284
CTGACTC,0.625477929706952
CTGACTG,0.64033278427871
CTGACTT,0.631887866914009
CTGAGAA,0.618591161626602
CTGAGAC,0.620490800729772
CTGAGAG,0.645450522883364
CTGAGAT,0.601321518613289
CTGAGCA,0.626650209975748
CTGAGCC,0.63668700860143
CTGAGCG,0.622662174374959
CTGAGCT,0.616091871490075
CTGAGGA,0.649763051770465
CTGAGGC,0.6112179364841
CTGAGGG,0.699487307126081
CTGAGGT,0.617769936553502
CTGAGTA,0.606082666458659
CTGAGTC,0.627738119672357
CTGAGTG,0.628609254661675
CTGAGTT,0.619587457681777
CTGATAA,0.61289576916739
CTGATAC,0.611302316895435
CTGATAG,0.615092084957562
CTGATAT,0.619110364098534
CTGATCA,0.615251781812296
CTGATCC,0.615806320177758
CTGATCG,0.614150195414681
CTGATCT,0.6148062479713
CTGATGA,0.619570721408667
CTGATGC,0.626882839764047
CTGATGG,0.636102778283647
CTGATGT,0.619738071536476
CTGATTA,0.617795086105741
CTGATTC,0.62899894554218
CTGATTG,0.619738071536476
CTGATTT,0.613257946357652
CTGCAAA,0.607345663007978
CTGCAAC,0.587868429923148
CTGCAAG,0.617568717362343
CTGCAAT,0.607692919294775
CTGCACA,0.616906084722703
CTGCACC,0.601781618119917
CTGCACG,0.606896591968139
CTGCACT,0.588075714387099
CTGCAGA,0.63161505941608
CTGCAGC,0.627206769669926
CTGCAGG,0.669730771479098
CTGCAGT,0.611816883277034
CTGCATA,0.616041486006673
CTGCATC,0.6135779007774
CTGCATG,0.623612753365185
CTGCATT,0.614982803992382
CTGCCAA,0.613190574485982
CTGCCAC,0.604614230159085
CTGCCAG,0.621050798119416
CTGCCAT,0.616805393238931
CTGCCCA,0.607836868250829
CTGCCCC,0.623754428983663
CTGCCCG,0.624962023637611
CTGCCCT,0.62945477403761
CTGCCGA,0.609858430834399
CTGCCGC,0.611597592277297
CTGCCGG,0.628352141367998
CTGCCGT,0.614461453492297
CTGCCTA,0.615428259196156
CTGCCTC,0.564438273012003
CTGCCTG,0.648178528319306
CTGCCTT,0.610365294976853
CTGCGAA,0.615134112918311
CTGCGAC,0.614604431484278
CTGCGAG,0.623029171594114
CTGCGAT,0.612086713893753
CTGCGCA,0.615865116819843
CTGCGCC,0.608463228287396
CTGCGCG,0.616847349255986
CTGCGCT,0.609790829533511
CTGCGGA,0.624212653809857
CTGCGGC,0.630109146163842
CTGCGGG,0.654945966486092
CTGCGGT,0.629678468375764
CTGCGTA,0.61096475252136
CTGCGTC,0.61700676606872
CTGCGTG,0.624720621341433
CTGCGTT,0.616276596545624
CTGCTAA,0.616066679065711
CTGCTAC,0.613805174619122
CTGCTAG,0.62318760603804
CTGCTAT,0.619035012721193
CTGCTCA,0.621652236989939
CTGCTCC,0.621184482465743
CTGCTCG,0.616964816739767
CTGCTCT,0.627729819499457
CTGCTGA,0.633853186796936
CTGCTGC,0.638141985733466
CTGCTGG,0.653466717146188
CTGCTGT,0.634364527360206
CTGCTTA,0.618071689443423
CTGCTTC,0.635831118381137
CTGCTTG,0.624445851271807
CTGCTTT,0.64282952307716
CTGGAAA,0.627040664877211
CTGGAAC,0.619277791278484
CTGGAAG,0.643654939960959
CTGGAAT,0.620407192127588
CTGGACA,0.629197878074239
CTGGACC,0.625344818135048
CTGGACG,0.615923910005086
CTGGACT,0.619487035841316
CTGGAGA,0.652762699300202
CTGGAGC,0.641168453177811
CTGGAGG,0.698722192706061
CTGGAGT,0.605785757913953
CTGGATA,0.61543666210431
CTGGATC,0.622895733642971
CTGGATG,0.614410985790417
CTGGATT,0.624953700390525
CTGGCAA,0.621125997763246
CTGGCAC,0.620649637817951
CTGGCAG,0.647576564196228
CTGGCAT,0.616192634841427
CTGGCCA,0.607057602889324
CTGGCCC,0.634446977162897
CTGGCCG,0.633217770581337
CTGGCCT,0.620607841030205
CTGGCGA,0.617375844302977
CTGGCGC,0.620850238084882
CTGGCGG,0.629073549879375
CTGGCGT,0.619386603915296
CTGGCTA,0.594840643230773
CTGGCTC,0.634133631740912
CTGGCTG,0.645833707076684
CTGGCTT,0.620373746729304
CTGGGAA,0.662614208624824
CTGGGAC,0.652689841571171
CTGGGAG,0.700691755224141
CTGGGAT,0.571601525306162
CTGGGCA,0.650672003168164
CTGGGCC,0.692058780999936
CTGGGCG,0.630042900114281
CTGGGCT,0.667475887789705
CTGGGGA,0.71954106891315
CTGGGGC,0.741766216382333
CTGGGGG,0.772015321547138
CTGGGGT,0.733997204577008
CTGGGTA,0.63443873248853
CTGGGTC,0.643311780043957
CTGGGTG,0.724609077870399
CTGGGTT,0.645988569658579
CTGGTAA,0.645629903976395
CTGGTAC,0.616771827157821
CTGGTAG,0.624395884964897
CTGGTAT,0.620089415671569
CTGGTCA,0.626608663246854
CTGGTCC,0.614318455054687
CTGGTCG,0.614444631208001
CTGGTCT,0.595698048864436
CTGGTGA,0.645515756094825
CTGGTGC,0.626093340350373
CTGGTGG,0.693808441378916
CTGGTGT,0.641078365609499
CTGGTTA,0.616301783682279
CTGGTTC,0.626832995079231
CTGGTTG,0.627862613999418
CTGGTTT,0.6256359766885
CTGTAAA,0.613358995655354
CTGTAAC,0.610939430599112
CTGTAAG,0.637780494169913
CTGTAAT,0.562163158946725
CTGTACA,0.615016430176727
CTGTACC,0.6183984856874
CTGTACG,0.613215839469772
CTGTACT,0.611386690187317
CTGTAGA,0.614999617225895
CTGTAGC,0.6155458934854
CTGTAGG,0.641586025894732
CTGTAGT,0.594205689440171
CTGTATA,0.606955914797399
CTGTATC,0.616838958193398
CTGTATG,0.623287656965739
CTGTATT,0.61610866608707
CTGTCAA,0.60878472023487
CTGTCAC,0.60164531440815
CTGTCAG,0.623654424748375
CTGTCAT,0.615739119781985
CTGTCCA,0.615991097984447
CTGTCCC,0.662966835124545
CTGTCCG,0.620649637817951
CTGTCCT,0.645197703987986
CTGTCGA,0.610255496212343
CTGTCGC,0.608843931164008
CTGTCGG,0.621627184257687
CTGTCGT,0.611606027435789
CTGTCTA,0.614183849607663
CTGTCTC,0.593329821486877
CTGTCTG,0.619570721408667
CTGTCTT,0.632408474653943
CTGTGAA,0.634034660152927
CTGTGAC,0.622795643493332
CTGTGAG,0.633275552378778
CTGTGAT,0.61587351605794
CTGTGCA,0.621526967051817
CTGTGCC,0.625477929706952
CTGTGCG,0.609604902388884
CTGTGCT,0.644487838398213
CTGTGGA,0.639389770278011
CTGTGGC,0.639578444233601
CTGTGGG,0.696369085033695
CTGTGGT,0.635419371798777
CTGTGTA,0.615445064941857
CTGTGTC,0.637385990644173
CTGTGTG,0.65973244131848
CTGTGTT,0.62003086688746
CTGTTAA,0.612457612149095
CTGTTAC,0.613763090767502
CTGTTAG,0.618272807462568
CTGTTAT,0.611580721746855
CTGTTCA,0.622086384653727
CTGTTCC,0.631400067745049
CTGTTCG,0.614797839764141
CTGTTCT,0.619553984855449
CTGTTGA,0.61721648632135
CTGTTGC,0.618205772617026
CTGTTGG,0.632077961470803
CTGTTGT,0.625677563848159
CTGTTTA,0.623321005050609
CTGTTTC,0.631854803302038
CTGTTTG,0.63065550868721
CTGTTTT,0.634653071933407
CTTAAAA,0.603245710858407
CTTAAAC,0.614385750984323
CTTAAAG,0.619520510908654
CTTAAAT,0.615915511190251
CTTAACA,0.613897752859061
CTTAACC,0.618205772617026
CTTAACG,0.611361378947223
CTTAACT,0.616226220369059
CTTAAGA,0.617954351916884
CTTAAGC,0.610736832134626
CTTAAGG,0.618716799850129
CTTAAGT,0.611395127124981
CTTAATA,0.617149380625693
CTTAATC,0.615487078070506
CTTAATG,0.611513236778793
CTTAATT,0.610888784830936
CTTACAA,0.610880343620193
CTTACAC,0.618230911210709
CTTACAG,0.620499161205532
CTTACAT,0.60847168992611
CTTACCA,0.611479492586852
CTTACCC,0.622386838045236
CTTACCG,0.612575596387208
CTTACCT,0.61726681263805
CTTACGA,0.612423899809832
CTTACGC,0.610010517054641
CTTACGG,0.611327629630488
CTTACGT,0.61201083139158
CTTACTA,0.614192262978942
CTTACTC,0.617501635300025
CTTACTG,0.608827014113428
CTTACTT,0.618658170643495
CTTAGAA,0.613123198075037
CTTAGAC,0.617619025956119
CTTAGAG,0.618314701959205
CTTAGAT,0.617015155723345
CTTAGCA,0.609613354372718
CTTAGCC,0.608827014113428
CTTAGCG,0.615176139112784
CTTAGCT,0.615008023736645
CTTAGGA,0.616503257940672
CTTAGGC,0.615646711863572
CTTAGGG,0.629421629879519
CTTAGGT,0.612878920523855
CTTAGTA,0.618105211922326
CTTAGTC,0.617979496831646
CTTAGTG,0.622770619390525
CTTAGTT,0.613300051472617
CTTATAA,0.61289576916739
CTTATAC,0.611040714441131
CTTATAG,0.619495404713205
CTTATAT,0.620515881947361
CTTATCA,0.612322755972378
CTTATCC,0.613544226185176
CTTATCG,0.614932362595669
CTTATCT,0.615142518298503
CTTATGA,0.614049226039573
CTTATGC,0.616452893181434
CTTATGG,0.620055959643258
CTTATGT,0.615865116819843
CTTATTA,0.613981907458604
CTTATTC,0.623871087952944
CTTATTG,0.616284992328331
CTTATTT,0.624404212856094
CTTCAAA,0.614545560669202
CTTCAAC,0.607489661956293
CTTCAAG,0.611842182990519
CTTCAAT,0.617920824380313
CTTCACA,0.618926161818008
CTTCACC,0.616746651857582
CTTCACG,0.612348042890827
CTTCACT,0.628426793973397
CTTCAGA,0.621819239167193
CTTCAGC,0.608175489961202
CTTCAGG,0.632201916716274
CTTCAGT,0.615361033388879
CTTCATA,0.612819948035853
CTTCATC,0.614091297851495
CTTCATG,0.617250037480564
CTTCATT,0.616746651857582
CTTCCAA,0.603679419673123
CTTCCAC,0.603492352665688
CTTCCAG,0.636423735778725
CTTCCAT,0.613990322529062
CTTCCCA,0.619821736099278
CTTCCCC,0.625827263304364
CTTCCCG,0.612516606008186
CTTCCCT,0.641872494546805
CTTCCGA,0.612760972069892
CTTCCGC,0.611926510746335
CTTCCGG,0.611892780497344
CTTCCGT,0.613493712170536
CTTCCTA,0.610314620122052
CTTCCTC,0.636431964103686
CTTCCTG,0.623270982506259
CTTCCTT,0.634125384482699
CTTCGAA,0.616805393238931
CTTCGAC,0.613123198075037
CTTCGAG,0.615688716521435
CTTCGAT,0.609393579572984
CTTCGCA,0.611074473442285
CTTCGCC,0.614436219959731
CTTCGCG,0.616671122153868
CTTCGCT,0.611487928741589
CTTCGGA,0.613165308863857
CTTCGGC,0.609630258126082
CTTCGGG,0.617325523473279
CTTCGGT,0.614898733584286
CTTCGTA,0.612921041600435
CTTCGTC,0.610475081686919
CTTCGTG,0.612550315222304
CTTCGTT,0.611133548952111
CTTCTAA,0.617317136422139
CTTCTAC,0.612575596387208
CTTCTAG,0.617945970138125
CTTCTAT,0.618063308648106
CTTCTCA,0.614183849607663
CTTCTCC,0.641978876291209
CTTCTCG,0.617031934821439
CTTCTCT,0.647153345494099
CTTCTGA,0.633853186796936
CTTCTGC,0.630365808162777
CTTCTGG,0.619520510908654
CTTCTGT,0.624079373697263
CTTCTTA,0.63120157286157
CTTCTTC,0.615789520502175
CTTCTTG,0.634282070758986
CTTCTTT,0.632862751987672
CTTGAAA,0.61599949616447
CTTGAAC,0.566063974747986
CTTGAAG,0.626924375103601
CTTGAAT,0.622061342795836
CTTGACA,0.610120342719378
CTTGACC,0.619093619838684
CTTGACG,0.616788610339211
CTTGACT,0.613830424080016
CTTGAGA,0.622553717597796
CTTGAGC,0.601202198992005
CTTGAGG,0.625511204831567
CTTGAGT,0.61894290888203
CTTGATA,0.617862148486322
CTTGATC,0.614276392798796
CTTGATG,0.619553984855449
CTTGATT,0.607565888299737
CTTGCAA,0.614217502668078
CTTGCAC,0.610111895019534
CTTGCAG,0.635402898408627
CTTGCAT,0.622295042419396
CTTGCCA,0.629637047273396
CTTGCCC,0.634422242935869
CTTGCCG,0.621251317937689
CTTGCCT,0.632722361027652
CTTGCGA,0.61331689302222
CTTGCGC,0.618549278710746
CTTGCGG,0.614873511083567
CTTGCGT,0.618574408670761
CTTGCTA,0.617786702991939
CTTGCTC,0.601926420459819
CTTGCTG,0.623779428479931
CTTGCTT,0.6274558751377
CTTGGAA,0.624962023637611
CTTGGAC,0.619353124365037
CTTGGAG,0.644267432785308
CTTGGAT,0.617040324264911
CTTGGCA,0.619512142246873
CTTGGCC,0.605234122341977
CTTGGCG,0.614764206228507
CTTGGCT,0.611816883277034
CTTGGGA,0.638610087413618
CTTGGGC,0.643728458910741
CTTGGGG,0.703558059928971
CTTGGGT,0.648755748067696
CTTGGTA,0.635485262645787
CTTGGTC,0.628028582329864
CTTGGTG,0.631780406177841
CTTGGTT,0.626924375103601
CTTGTAA,0.610745274556862
CTTGTAC,0.617342297364534
CTTGTAG,0.625011961665374
CTTGTAT,0.625328177942646
CTTGTCA,0.613653664464053
CTTGTCC,0.629090127865151
CTTGTCG,0.611639767358255
CTTGTCT,0.623779428479931
CTTGTGA,0.623079206235621
CTTGTGC,0.609723223662378
CTTGTGG,0.649860478947771
CTTGTGT,0.615932308749382
CTTGTTA,0.614755797667844
CTTGTTC,0.61821415221847
CTTGTTG,0.614957583612067
CTTGTTT,0.648463114905375
CTTTAAA,0.611428874163838
CTTTAAC,0.614755797667844
CTTTAAG,0.614579201559339
CTTTAAT,0.610517304135433
CTTTACA,0.614570791442902
CTTTACC,0.612862071596439
CTTTACG,0.610660847126986
CTTTACT,0.614856695729651
CTTTAGA,0.614781023137726
CTTTAGC,0.617283587514135
CTTTAGG,0.627098804693167
CTTTAGT,0.62066635604391
CTTTATA,0.617526791600741
CTTTATC,0.621159418012075
CTTTATG,0.613257946357652
CTTTATT,0.623521070209215
CTTTCAA,0.622587090166714
CTTTCAC,0.616318574754283
CTTTCAG,0.633787188319711
CTTTCAT,0.620983949243842
CTTTCCA,0.622829007989673
CTTTCCC,0.642183424766027
CTTTCCG,0.612052989048112
CTTTCCT,0.634867365446731
CTTTCGA,0.61201083139158
CTTTCGC,0.614091297851495
CTTTCGG,0.614436219959731
CTTTCGT,0.613257946357652
CTTTCTA,0.611673506142378
CTTTCTC,0.643556906285995
CTTTCTG,0.62698252168082
CTTTCTT,0.634125384482699
CTTTGAA,0.619830102170585
CTTTGAC,0.61329163059145
CTTTGAG,0.64008686634701
CTTTGAT,0.624687319899214
CTTTGCA,0.630481698443912
CTTTGCC,0.626326099704132
CTTTGCG,0.619143851777149
CTTTGCT,0.63856082386991
CTTTGGA,0.627638513050341
CTTTGGC,0.626633591491325
CTTTGGG,0.630001494104639
CTTTGGT,0.631449685310246
CTTTGTA,0.622612118862538
CTTTGTC,0.63100303857005
CTTTGTG,0.632111017705303
CTTTGTT,0.641757916933502
CTTTTAA,0.620139597615429
CTTTTAC,0.613889337009583
CTTTTAG,0.617518406237485
CTTTTAT,0.632400213155575
CTTTTCA,0.62496202363761
CTTTTCC,0.624320930823036
CTTTTCG,0.616478075878129
CTTTTCT,0.64620859629122
CTTTTGA,0.621410034283034
CTTTTGC,0.638026979864479
CTTTTGG,0.631060948476793
CTTTTGT,0.634496443781682
CTTTTTA,0.628468265235099
CTTTTTC,0.644593942296027
CTTTTTG,0.623962739025269
CTTTTTT,0.607726791501623
GAAAAAA,0.604223415713877
GAAAAAC,0.603968454416319
GAAAAAG,0.618808924516197
GAAAAAT,0.617208098355656
GAAAACA,0.630920304314017
GAAAACC,0.60885238958198
GAAAACG,0.610643960785619
GAAAACT,0.615327418790423
GAAAAGA,0.623662758816636
GAAAAGC,0.622436904835191
GAAAAGG,0.648373682133623
GAAAAGT,0.628634133085387
GAAAATA,0.609993619727913
GAAAATC,0.617149380625693
GAAAATG,0.642772290712306
GAAAATT,0.619018267199581
GAAACAA,0.610187921749169
GAAACAC,0.61463807039404
GAAACAG,0.634282070758986
GAAACAT,0.618624666696325
GAAACCA,0.613788341291
GAAACCC,0.584606685266264
GAAACCG,0.615461870405129
GAAACCT,0.618574408670761
GAAACGA,0.61679700182428
GAAACGC,0.613064239991355
GAAACGG,0.62216150646505
GAAACGT,0.616310179253524
GAAACTA,0.618013022401165
GAAACTC,0.614040811464781
GAAACTG,0.624920406709399
GAAACTT,0.616461287484129
GAAAGAA,0.639873688543842
GAAAGAC,0.610703061732923
GAAAGAG,0.638946656691399
GAAAGAT,0.624262629272761
GAAAGCA,0.622378493336532
GAAAGCC,0.623654424748375
GAAAGCG,0.622728911160896
GAAAGCT,0.626392592426985
GAAAGGA,0.653911530323932
GAAAGGC,0.630026337916158
GAAAGGG,0.661563606548234
GAAAGGT,0.644447026208857
GAAAGTA,0.62524497282694
GAAAGTC,0.61870842445963
GAAAGTG,0.629347051507051
GAAAGTT,0.617526791600741
GAAATAA,0.617015155723345
GAAATAC,0.610998514086965
GAAATAG,0.618339837814742
GAAATAT,0.613518969496815
GAAATCA,0.612904193382704
GAAATCC,0.609072283340746
GAAATCG,0.611892780497344
GAAATCT,0.624587408918124
GAAATGA,0.620967236326679
GAAATGC,0.619963949793566
GAAATGG,0.634776708410768
GAAATGT,0.620315214590554
GAAATTA,0.615108896353824
GAAATTC,0.614982803992382
GAAATTG,0.619779904692847
GAAATTT,0.632565430156379
GAACAAA,0.620499161205532
GAACAAC,0.612112006781608
GAACAAG,0.624345916161231
GAACAAT,0.616478075878129
GAACACA,0.617912442320527
GAACACC,0.615428259196156
GAACACG,0.613510550458936
GAACACT,0.616545226635769
GAACAGA,0.626899454106891
GAACAGC,0.618264428352619
GAACAGG,0.645507602176104
GAACAGT,0.626001884350989
GAACATA,0.61668790702548
GAACATC,0.619947219820397
GAACATG,0.623229295141104
GAACATT,0.614352103585598
GAACCAA,0.609376671818358
GAACCAC,0.611521672648864
GAACCAG,0.607921534428841
GAACCAT,0.613788341291
GAACCCA,0.606998286092362
GAACCCC,0.620632919312489
GAACCCG,0.60720164332098
GAACCCT,0.614225915756228
GAACCGA,0.61329163059145
GAACCGC,0.612803098114776
GAACCGG,0.624878788049147
GAACCGT,0.613384256384398
GAACCTA,0.611361378947223
GAACCTC,0.62331266813365
GAACCTG,0.612187881607019
GAACCTT,0.622595433134926
GAACGAA,0.61331689302222
GAACGAC,0.612963160902904
GAACGAG,0.617099048398577
GAACGAT,0.615587902378229
GAACGCA,0.614932362595669
GAACGCC,0.615033242844889
GAACGCG,0.61248289565772
GAACGCT,0.61926942058521
GAACGGA,0.612929465602853
GAACGGC,0.615478675585983
GAACGGG,0.629355338267549
GAACGGT,0.613956661822343
GAACGTA,0.612095144927453
GAACGTC,0.610627074159098
GAACGTG,0.614915548231341
GAACGTT,0.617828617858202
GAACTAA,0.614326867293561
GAACTAC,0.607447311476887
GAACTAG,0.617904060190482
GAACTAT,0.620382108183744
GAACTCA,0.611319192123329
GAACTCC,0.583540202712408
GAACTCG,0.611420437510892
GAACTCT,0.615201353981717
GAACTGA,0.622069690151477
GAACTGC,0.620273403822362
GAACTGG,0.637550386027382
GAACTGT,0.61667951462489
GAACTTA,0.618892666848547
GAACTTC,0.618105211922326
GAACTTG,0.623787761506472
GAACTTT,0.61923593711141
GAAGAAA,0.636736364540179
GAAGAAC,0.628211115683949
GAAGAAG,0.669953593344228
GAAGAAT,0.625394737050944
GAAGACA,0.626068398634582
GAAGACC,0.618431997213257
GAAGACG,0.605641513378383
GAAGACT,0.626184787986321
GAAGAGA,0.646029318983921
GAAGAGC,0.6353864247471
GAAGAGG,0.674019320121589
GAAGAGT,0.626326099704132
GAAGATA,0.61921082377029
GAAGATC,0.626184787986321
GAAGATG,0.643213712720342
GAAGATT,0.632400213155575
GAAGCAA,0.61120949805135
GAAGCAC,0.60679488750117
GAAGCAG,0.655002506365984
GAAGCAT,0.623746095679355
GAAGCCA,0.628990655827802
GAAGCCC,0.632904039695814
GAAGCCG,0.62951277367105
GAAGCCT,0.629628762847033
GAAGCGA,0.618934535385077
GAAGCGC,0.614436219959731
GAAGCGG,0.626118281444089
GAAGCGT,0.617023545307585
GAAGCTA,0.616276596545624
GAAGCTC,0.615209758796744
GAAGCTG,0.638757863485034
GAAGCTT,0.617853765934694
GAAGGAA,0.651142385634712
GAAGGAC,0.620917095899196
GAAGGAG,0.669412368377402
GAAGGAT,0.626068398634582
GAAGGCA,0.636580062376545
GAAGGCC,0.630895482702381
GAAGGCG,0.622495312922146
GAAGGCT,0.639799885637992
GAAGGGA,0.671647007636574
GAAGGGC,0.653814497049877
GAAGGGG,0.714979855708233
GAAGGGT,0.656834283339157
GAAGGTA,0.673266185169646
GAAGGTC,0.626359346618219
GAAGGTG,0.681228569279076
GAAGGTT,0.633919180918649
GAAGTAA,0.626907761174801
GAAGTAC,0.619579089580235
GAAGTAG,0.620005773502
GAAGTAT,0.61888429293088
GAAGTCA,0.628426793973397
GAAGTCC,0.616461287484129
GAAGTCG,0.621201191752513
GAAGTCT,0.616058281449886
GAAGTGA,0.627256595728011
GAAGTGC,0.624728946528712
GAAGTGG,0.662830607807771
GAAGTGT,0.62798709282957
GAAGTTA,0.626824687390208
GAAGTTC,0.618138733277511
GAAGTTG,0.630878934619
GAAGTTT,0.625036929744109
GAATAAA,0.613990322529062
GAATAAC,0.609731674646226
GAATAAG,0.614553970997835
GAATAAT,0.613586319248275
GAATACA,0.607108443057873
GAATACC,0.615445064941857
GAATACG,0.610753716907823
GAATACT,0.619311273350914
GAATAGA,0.61721648632135
GAATAGC,0.610914108035648
GAATAGG,0.628717056694618
GAATAGT,0.610880343620193
GAATATA,0.615730719414981
GAATATC,0.61013723790498
GAATATG,0.62951277367105
GAATATT,0.617065492173037
GAATCAA,0.612651436047325
GAATCAC,0.603713428096919
GAATCAG,0.625061897199454
GAATCAT,0.61137825317847
GAATCCA,0.610517304135433
GAATCCC,0.61118418232585
GAATCCG,0.617182934036418
GAATCCT,0.616259804768741
GAATCGA,0.615159328846938
GAATCGC,0.597872559843677
GAATCGG,0.61533582254597
GAATCGT,0.610888784830936
GAATCTA,0.619060130477849
GAATCTC,0.611479492586852
GAATCTG,0.620064323755271
GAATCTT,0.614209089509148
GAATGAA,0.63451293211086
GAATGAC,0.617526791600741
GAATGAG,0.631325636780881
GAATGAT,0.630903756641384
GAATGCA,0.616486469969437
GAATGCC,0.621134352930164
GAATGCG,0.61673825994999
GAATGCT,0.62337102509283
GAATGGA,0.634133631740912
GAATGGC,0.622153159875801
GAATGGG,0.667531723668876
GAATGGT,0.630258183731708
GAATGTA,0.614705344819026
GAATGTC,0.618264428352619
GAATGTG,0.628526322112258
GAATGTT,0.628584375619012
GAATTAA,0.613241103815258
GAATTAC,0.613358995655354
GAATTAG,0.613569482235654
GAATTAT,0.622303387824499
GAATTCA,0.616520045630076
GAATTCC,0.614545560669202
GAATTCG,0.613527388463813
GAATTCT,0.618247669922089
GAATTGA,0.617987878329398
GAATTGC,0.606074184580639
GAATTGG,0.635180481076922
GAATTGT,0.620766659530608
GAATTTA,0.620281766115852
GAATTTC,0.612154160173129
GAATTTG,0.616956426662803
GAATTTT,0.630994765452463
GACAAAA,0.609942926034544
GACAAAC,0.607980796488563
GACAAAG,0.61877542561958
GACAAAT,0.608141632949609
GACAACA,0.612541888025303
GACAACC,0.609909128811214
GACAACG,0.614200676279437
GACAACT,0.616822175856991
GACAAGA,0.622128119690051
GACAAGC,0.614200676279437
GACAAGG,0.636431964103686
GACAAGT,0.617275200111267
GACAATA,0.60890313858742
GACAATC,0.613081085512824
GACAATG,0.614579201559339
GACAATT,0.616511651820602
GACACAA,0.605429351256953
GACACAC,0.615209758796744
GACACAG,0.61894290888203
GACACAT,0.613409516475353
GACACCA,0.608513997045727
GACACCC,0.624420868430431
GACACCG,0.614680117440026
GACACCT,0.620674715052079
GACACGA,0.613114775704471
GACACGC,0.622011257198692
GACACGG,0.615797920375245
GACACGT,0.613855672903391
GACACTA,0.614587611605047
GACACTC,0.612440756121529
GACACTG,0.623954407456698
GACACTT,0.618532525053221
GACAGAA,0.626068398634582
GACAGAC,0.620089415671569
GACAGAG,0.635888749376131
GACAGAT,0.627082193662099
GACAGCA,0.622979134449016
GACAGCC,0.623962739025269
GACAGCG,0.619302902937904
GACAGCT,0.616360551200846
GACAGGA,0.646420428043751
GACAGGC,0.644447026208857
GACAGGG,0.658936284817234
GACAGGT,0.640242621392159
GACAGTA,0.618741925600749
GACAGTC,0.621134352930164
GACAGTG,0.628799973428095
GACAGTT,0.616906084722703
GACATAA,0.614209089509148
GACATAC,0.608776261244501
GACATAG,0.613830424080016
GACATAT,0.610559524801288
GACATCA,0.613165308863857
GACATCC,0.615453467708796
GACATCG,0.611395127124981
GACATCT,0.613140042603364
GACATGA,0.610061207321773
GACATGC,0.618624666696325
GACATGG,0.625236651934586
GACATGT,0.618993148391378
GACATTA,0.613106353262967
GACATTC,0.609216033889926
GACATTG,0.613030548097079
GACATTT,0.621468502376585
GACCAAA,0.608877764406633
GACCAAC,0.606659265452857
GACCAAG,0.624812194589738
GACCAAT,0.615260186203499
GACCACA,0.608767802182577
GACCACC,0.616914475222049
GACCACG,0.61437733924078
GACCACT,0.623454386270255
GACCAGA,0.625611023562524
GACCAGC,0.590852633517734
GACCAGG,0.655115576536398
GACCAGT,0.617551947268634
GACCATA,0.613215839469772
GACCATC,0.606506668659486
GACCATG,0.625003638833926
GACCATT,0.615789520502175
GACCCAA,0.617224874216686
GACCCAC,0.621460150001086
GACCCAG,0.655325530082738
GACCCAT,0.623020832243798
GACCCCA,0.635353476609878
GACCCCC,0.622286696944647
GACCCCG,0.618339837814742
GACCCCT,0.629570769940728
GACCCGA,0.6209254528117
GACCCGC,0.624329259338464
GACCCGG,0.627812818128439
GACCCGT,0.617057102940709
GACCCTA,0.616671122153868
GACCCTC,0.618624666696325
GACCCTG,0.641676067742829
GACCCTT,0.631540644452825
GACCGAA,0.613527388463813
GACCGAC,0.613956661822343
GACCGAG,0.621643886148926
GACCGAT,0.612718844250329
GACCGCA,0.61920245251643
GACCGCC,0.615596303945029
GACCGCG,0.617367457673872
GACCGCT,0.613847256699766
GACCGGA,0.623804427351239
GACCGGC,0.619754805009027
GACCGGG,0.63124292921157
GACCGGT,0.61636894627872
GACCGTA,0.613939831044082
GACCGTC,0.61437733924078
GACCGTG,0.628410204987143
GACCGTT,0.613148464761126
GACCTAA,0.614133367893454
GACCTAC,0.612541888025303
GACCTAG,0.617803469149267
GACCTAT,0.612516606008186
GACCTCA,0.595123668367993
GACCTCC,0.608141632949609
GACCTCG,0.604953944699296
GACCTCT,0.622837348939825
GACCTGA,0.625827263304364
GACCTGC,0.631499300413662
GACCTGG,0.649300143008172
GACCTGT,0.634958014264742
GACCTTA,0.611530108447771
GACCTTC,0.613872505098146
GACCTTG,0.622695543324653
GACCTTT,0.617904060190482
GACGAAA,0.610373740536332
GACGAAC,0.612963160902904
GACGAAG,0.615923910005086
GACGAAT,0.612803098114776
GACGACA,0.611589157047653
GACGACC,0.615554295405146
GACGACG,0.611023834513169
GACGACT,0.611783149330016
GACGAGA,0.616259804768741
GACGAGC,0.615562697254302
GACGAGG,0.623637756403479
GACGAGT,0.613645246560105
GACGATA,0.612179451355153
GACGATC,0.6129463133948
GACGATG,0.611437310745608
GACGATT,0.612626156799686
GACGCAA,0.611032274512766
GACGCAC,0.608454766577081
GACGCAG,0.613005278431413
GACGCAT,0.611783149330016
GACGCCA,0.607735259374069
GACGCCC,0.618205772617026
GACGCCG,0.616838958193398
GACGCCT,0.614066054976747
GACGCGA,0.614957583612067
GACGCGC,0.619101992003656
GACGCGG,0.626625282145548
GACGCGT,0.612154160173129
GACGCTA,0.613518969496815
GACGCTC,0.613973492317333
GACGCTG,0.61533582254597
GACGCTT,0.610998514086965
GACGGAA,0.618155493533733
GACGGAC,0.61796273362539
GACGGAG,0.613165308863857
GACGGAT,0.611909645764056
GACGGCA,0.617795086105741
GACGGCC,0.619478666899388
GACGGCG,0.616478075878129
GACGGCT,0.612727269956223
GACGGGA,0.622670516716772
GACGGGC,0.630945125309555
GACGGGG,0.64280499532188
GACGGGT,0.625286576250179
GACGGTA,0.611673506142378
GACGGTC,0.617065492173037
GACGGTG,0.619922124335835
GACGGTT,0.614680117440026
GACGTAA,0.612525033418246
GACGTAC,0.612963160902904
GACGTAG,0.610795927593563
GACGTAT,0.610762159187511
GACGTCA,0.612171021032216
GACGTCC,0.611648202161003
GACGTCG,0.613232682437683
GACGTCT,0.612828372889923
GACGTGA,0.61668790702548
GACGTGC,0.612617730241796
GACGTGG,0.622762277883765
GACGTGT,0.617526791600741
GACGTTA,0.613005278431413
GACGTTC,0.613468454206309
GACGTTG,0.613552644939544
GACGTTT,0.611521672648864
GACTAAA,0.61235647172155
GACTAAC,0.615823119571116
GACTAAG,0.615192949096049
GACTAAT,0.613914584345539
GACTACA,0.600485982129011
GACTACC,0.613224260989188
GACTACG,0.611513236778793
GACTACT,0.616184238283268
GACTAGA,0.615461870405129
GACTAGC,0.614478275493609
GACTAGG,0.621309795311546
GACTAGT,0.611496364825157
GACTATA,0.609655613220382
GACTATC,0.614444631208001
GACTATG,0.615965903021194
GACTATT,0.617199710319604
GACTCAA,0.614789431486283
GACTCAC,0.621451797555824
GACTCAG,0.628783390631405
GACTCAT,0.610027414095854
GACTCCA,0.613207417879433
GACTCCC,0.617241649796292
GACTCCG,0.605641513378383
GACTCCT,0.620022502495605
GACTCGA,0.613224260989188
GACTCGC,0.614368927426479
GACTCGG,0.618373351306003
GACTCGT,0.614082883630713
GACTCTA,0.61341793636388
GACTCTC,0.618323080647919
GACTCTG,0.621151063054577
GACTCTT,0.614705344819026
GACTGAA,0.61981336995798
GACTGAC,0.626267914944581
GACTGAG,0.636991331423976
GACTGAT,0.619487035841316
GACTGCA,0.620607841030205
GACTGCC,0.630787915265204
GACTGCG,0.613880921089279
GACTGCT,0.618373351306003
GACTGGA,0.640373764721728
GACTGGC,0.62514511754875
GACTGGG,0.689073411400411
GACTGGT,0.630796190094257
GACTGTA,0.614015567315563
GACTGTC,0.618976402168706
GACTGTG,0.631474493169661
GACTGTT,0.627787919263057
GACTTAA,0.610458192208335
GACTTAC,0.612592450142075
GACTTAG,0.608192418037147
GACTTAT,0.615184544139739
GACTTCA,0.610145685390739
GACTTCC,0.617501635300025
GACTTCG,0.610981633446643
GACTTCT,0.618557655434252
GACTTGA,0.618959655665593
GACTTGC,0.616788610339211
GACTTGG,0.662814579844485
GACTTGT,0.620875310289077
GACTTTA,0.6183984856874
GACTTTC,0.609063826782532
GACTTTG,0.620875310289077
GACTTTT,0.631333907161595
GAGAAAA,0.649227032558654
GAGAAAC,0.618741925600749
GAGAAAG,0.649308266061515
GAGAAAT,0.620382108183744
GAGAACA,0.624695645363737
GAGAACC,0.615587902378229
GAGAACG,0.621167772899767
GAGAACT,0.624986992963218
GAGAAGA,0.649689975157819
GAGAAGC,0.634990975434073
GAGAAGG,0.676710112288791
GAGAAGT,0.638527980159111
GAGAATA,0.623729428862405
GAGAATC,0.601210722294264
GAGAATG,0.626292851684651
GAGAATT,0.610686176104396
GAGACAA,0.617820235025496
GAGACAC,0.621025730314757
GAGACAG,0.63443873248853
GAGACAT,0.613670500059368
GAGACCA,0.595663766750152
GAGACCC,0.617971115263644
GAGACCG,0.620775017700384
GAGACCT,0.627688317601534
GAGACGA,0.615201353981717
GAGACGC,0.60847168992611
GAGACGG,0.606455797886638
GAGACGT,0.612870496095632
GAGACTA,0.612398614809522
GAGACTC,0.600170342843044
GAGACTG,0.637985903134265
GAGACTT,0.626965908718043
GAGAGAA,0.660078049317117
GAGAGAC,0.620515881947361
GAGAGAG,0.663038947956368
GAGAGAT,0.616301783682279
GAGAGCA,0.621952820831299
GAGAGCC,0.639299522322654
GAGAGCG,0.62798709282957
GAGAGCT,0.637928392877157
GAGAGGA,0.668392796639237
GAGAGGC,0.642027971741116
GAGAGGG,0.718882079913671
GAGAGGT,0.656439161613125
GAGAGTA,0.629628762847033
GAGAGTC,0.625594387799278
GAGAGTG,0.649300143008172
GAGAGTT,0.623912748572588
GAGATAA,0.612533460757284
GAGATAC,0.612179451355153
GAGATAG,0.622136466488302
GAGATAT,0.621234609488477
GAGATCA,0.60750660164587
GAGATCC,0.617065492173037
GAGATCG,0.60503036456907
GAGATCT,0.618700048998984
GAGATGA,0.624279287205401
GAGATGC,0.631639863173308
GAGATGG,0.620281766115852
GAGATGT,0.62236180371022
GAGATTA,0.609672516259433
GAGATTC,0.612112006781608
GAGATTG,0.616326970184559
GAGATTT,0.622803984721779
GAGCAAA,0.629595624455249
GAGCAAC,0.621042442254352
GAGCAAG,0.614301630364638
GAGCAAT,0.616629158742219
GAGCACA,0.624204324323217
GAGCACC,0.616570407007395
GAGCACG,0.620039231209354
GAGCACT,0.623971070524424
GAGCAGA,0.651879953887111
GAGCAGC,0.636596516386382
GAGCAGG,0.681102676143802
GAGCAGT,0.633217770581337
GAGCATA,0.615386243596217
GAGCATC,0.614293217913461
GAGCATG,0.616855740248164
GAGCATT,0.614856695729651
GAGCCAA,0.609900679326902
GAGCCAC,0.575002146294139
GAGCCAG,0.652017681076666
GAGCCAT,0.62161883320746
GAGCCCA,0.625253293650056
GAGCCCC,0.649202661220958
GAGCCCG,0.639356953782053
GAGCCCT,0.635600561182102
GAGCCGA,0.604180926678283
GAGCCGC,0.632656287872967
GAGCCGG,0.643295436157867
GAGCCGT,0.612676714655939
GAGCCTA,0.614099712001479
GAGCCTC,0.629471345704713
GAGCCTG,0.659756557380799
GAGCCTT,0.628028582329864
GAGCGAA,0.610593300050557
GAGCGAC,0.612592450142075
GAGCGAG,0.616276596545624
GAGCGAT,0.61400715245754
GAGCGCA,0.61465488942459
GAGCGCC,0.621744091638763
GAGCGCG,0.626650209975748
GAGCGCT,0.616595586744986
GAGCGGA,0.627538896505858
GAGCGGC,0.639709674688789
GAGCGGG,0.67301236984403
GAGCGGT,0.620716509044858
GAGCGTA,0.617241649796292
GAGCGTC,0.620047595461286
GAGCGTG,0.621117642526518
GAGCGTT,0.617627410475689
GAGCTAA,0.614301630364638
GAGCTAC,0.61439416265711
GAGCTAG,0.62751399081912
GAGCTAT,0.609216033889926
GAGCTCA,0.623145915196923
GAGCTCC,0.620791733830363
GAGCTCG,0.622862371372861
GAGCTCT,0.626899454106891
GAGCTGA,0.627920706048425
GAGCTGC,0.63981628675446
GAGCTGG,0.67768176523817
GAGCTGT,0.628310665290114
GAGCTTA,0.616536833037658
GAGCTTC,0.628128150107907
GAGCTTG,0.622211584537623
GAGCTTT,0.624387557004345
GAGGAAA,0.638618297768293
GAGGAAC,0.631706003518299
GAGGAAG,0.696276085509251
GAGGAAT,0.622002909355275
GAGGACA,0.632069697241438
GAGGACC,0.639192855146483
GAGGACG,0.627115415448314
GAGGACT,0.648454984983895
GAGGAGA,0.67671801571412
GAGGAGC,0.673947994812179
GAGGAGG,0.76583874394042
GAGGAGT,0.645964119266307
GAGGATA,0.628717056694618
GAGGATC,0.603475344838732
GAGGATG,0.654994429436003
GAGGATT,0.627032358913273
GAGGCAA,0.632548909684594
GAGGCAC,0.623521070209215
GAGGCAG,0.629695036336325
GAGGCAT,0.625677563848159
GAGGCCA,0.63397692220272
GAGGCCC,0.659161524686233
GAGGCCG,0.648414334385028
GAGGCCT,0.653677017125537
GAGGCGA,0.625818947255797
GAGGCGC,0.620574402342143
GAGGCGG,0.639865488489946
GAGGCGT,0.623929412334488
GAGGCTA,0.61610866608707
GAGGCTC,0.638527980159111
GAGGCTG,0.644683713724831
GAGGCTT,0.630026337916158
GAGGGAA,0.694771391799222
GAGGGAC,0.664672112203812
GAGGGAG,0.789557204794476
GAGGGAT,0.650436728936488
GAGGGCA,0.694701531436536
GAGGGCC,0.675428931964737
GAGGGCG,0.67458973952807
GAGGGCT,0.680118590057486
GAGGGGA,0.742166041892053
GAGGGGC,0.755884936984912
GAGGGGG,0.754796371632614
GAGGGGT,0.708699857234606
GAGGGTA,0.637501070250071
GAGGGTC,0.672044107485132
GAGGGTG,0.745026789445076
GAGGGTT,0.648698853881311
GAGGTAA,0.668663721787705
GAGGTAC,0.63405115609784
GAGGTAG,0.651215356191029
GAGGTAT,0.63555938465947
GAGGTCA,0.610753716907823
GAGGTCC,0.621760791577557
GAGGTCG,0.619888662710059
GAGGTCT,0.628741932436564
GAGGTGA,0.668329038876871
GAGGTGC,0.645988569658579
GAGGTGG,0.711932534227596
GAGGTGT,0.642935803065309
GAGGTTA,0.622545374281543
GAGGTTC,0.62723998731783
GAGGTTG,0.625935365642952
GAGGTTT,0.624903759453151
GAGTAAA,0.624046050893368
GAGTAAC,0.619185709798474
GAGTAAG,0.63249108588396
GAGTAAT,0.622286696944647
GAGTACA,0.619595825713295
GAGTACC,0.622954114937542
GAGTACG,0.618607914301787
GAGTACT,0.611850616086111
GAGTAGA,0.634644828958056
GAGTAGC,0.591412257516139
GAGTAGG,0.63543584491756
GAGTAGT,0.629736455036842
GAGTATA,0.627007440607515
GAGTATC,0.61945355965336
GAGTATG,0.622019604972424
GAGTATT,0.639717876020461
GAGTCAA,0.61981336995798
GAGTCAC,0.613603155977416
GAGTCAG,0.644789796842647
GAGTCAT,0.621351562770766
GAGTCCA,0.627123720722419
GAGTCCC,0.627846015651271
GAGTCCG,0.617895677990176
GAGTCCT,0.626990828058713
GAGTCGA,0.621142708027274
GAGTCGC,0.621125997763246
GAGTCGG,0.627206769669926
GAGTCGT,0.615369436861942
GAGTCTA,0.616184238283268
GAGTCTC,0.621593779638328
GAGTCTG,0.650120238357859
GAGTCTT,0.60581969478111
GAGTGAA,0.627190160432186
GAGTGAC,0.630266462945342
GAGTGAG,0.656785909474174
GAGTGAT,0.638544402149349
GAGTGCA,0.596443394230395
GAGTGCC,0.62318760603804
GAGTGCG,0.621710690924487
GAGTGCT,0.636662329718522
GAGTGGA,0.643744795721146
GAGTGGC,0.651977175048778
GAGTGGG,0.748203187024409
GAGTGGT,0.644610264973426
GAGTGTA,0.61912710807802
GAGTGTC,0.635081613048184
GAGTGTG,0.679417330066137
GAGTGTT,0.632945325699351
GAGTTAA,0.612777822700798
GAGTTAC,0.611319192123329
GAGTTAG,0.622027952676472
GAGTTAT,0.618431997213257
GAGTTCA,0.605488761188381
GAGTTCC,0.613106353262967
GAGTTCG,0.603288239648161
GAGTTCT,0.61009499940575
GAGTTGA,0.63443873248853
GAGTTGC,0.627206769669926
GAGTTGG,0.66377580322534
GAGTTGT,0.635353476609878
GAGTTTA,0.619286161901691
GAGTTTC,0.616973206746339
GAGTTTG,0.632581950355243
GAGTTTT,0.616360551200846
GATAAAA,0.617224874216686
GATAAAC,0.611277003519632
GATAAAG,0.616620765848574
GATAAAT,0.611462620063871
GATAACA,0.614781023137726
GATAACC,0.614175436165598
GATAACG,0.612381757787457
GATAACT,0.61371258780766
GATAAGA,0.610627074159098
GATAAGC,0.612929465602853
GATAAGG,0.625436334244076
GATAAGT,0.620022502495605
GATAATA,0.613872505098146
GATAATC,0.614974397269618
GATAATG,0.610846578064664
GATAATT,0.614167022652748
GATACAA,0.613931415548723
GATACAC,0.609004628872571
GATACAG,0.625527841978671
GATACAT,0.616922865650995
GATACCA,0.610576412568518
GATACCC,0.614974397269618
GATACCG,0.614957583612067
GATACCT,0.614284805391514
GATACGA,0.611985535944545
GATACGC,0.611589157047653
GATACGG,0.612609303612898
GATACGT,0.610247049654161
GATACTA,0.612516606008186
GATACTC,0.612794673047766
GATACTG,0.62018141397842
GATACTT,0.611656636892605
GATAGAA,0.623854423219104
GATAGAC,0.611875914946191
GATAGAG,0.626392592426985
GATAGAT,0.61679700182428
GATAGCA,0.615260186203499
GATAGCC,0.611091352515495
GATAGCG,0.613931415548723
GATAGCT,0.617660947850984
GATAGGA,0.619503773515057
GATAGGC,0.621217900760088
GATAGGG,0.626209726799367
GATAGGT,0.620298490493053
GATAGTA,0.613906168637712
GATAGTC,0.616284992328331
GATAGTG,0.619721337783912
GATAGTT,0.614755797667844
GATATAA,0.614032396819182
GATATAC,0.616318574754283
GATATAG,0.616007894273963
GATATAT,0.607946932884477
GATATCA,0.613670500059368
GATATCC,0.61333373428819
GATATCG,0.611867482063945
GATATCT,0.610449747362071
GATATGA,0.618440374919252
GATATGC,0.613931415548723
GATATGG,0.624853816021556
GATATGT,0.616528439369094
GATATTA,0.617610641366248
GATATTC,0.619871931477281
GATATTG,0.622720569306217
GATATTT,0.613636828585295
GATCAAA,0.60871704630831
GATCAAC,0.611977103986673
GATCAAG,0.617853765934694
GATCAAT,0.612457612149095
GATCACA,0.606184443383804
GATCACC,0.602803304192202
GATCACG,0.599615600032951
GATCACT,0.60847168992611
GATCAGA,0.620173050845709
GATCAGC,0.613763090767502
GATCAGG,0.626342723299345
GATCAGT,0.619579089580235
GATCATA,0.610475081686919
GATCATC,0.610728389641116
GATCATG,0.614545560669202
GATCATT,0.614688526637073
GATCCAA,0.617728019227497
GATCCAC,0.595903716873277
GATCCAG,0.622144813216885
GATCCAT,0.610660847126986
GATCCCA,0.611504800837558
GATCCCC,0.621802540204449
GATCCCG,0.619026639995439
GATCCCT,0.613813591176924
GATCCGA,0.614150195414681
GATCCGC,0.603288239648161
GATCCGG,0.616536833037658
GATCCGT,0.61333373428819
GATCCTA,0.613611574235684
GATCCTC,0.59888115936792
GATCCTG,0.631714270753846
GATCCTT,0.619227566067779
GATCGAA,0.612255321063585
GATCGAC,0.612845222385131
GATCGAG,0.605480274271411
GATCGAT,0.612137299029749
GATCGCA,0.613148464761126
GATCGCC,0.612036126198771
GATCGCG,0.609765477867445
GATCGCT,0.608810096776657
GATCGGA,0.618105211922326
GATCGGC,0.615697117241285
GATCGGG,0.622019604972424
GATCGGT,0.61931964369386
GATCGTA,0.612567169403255
GATCGTC,0.615033242844889
GATCGTG,0.609664064775622
GATCGTT,0.617543562116315
GATCTAA,0.613628410539623
GATCTAC,0.615806320177758
GATCTAG,0.620917095899196
GATCTAT,0.616251408774561
GATCTCA,0.600613915625089
GATCTCC,0.611158865959448
GATCTCG,0.598667557942628
GATCTCT,0.615697117241285
GATCTGA,0.621944472500047
GATCTGC,0.613645246560105
GATCTGG,0.631838271086093
GATCTGT,0.621460150001086
GATCTTA,0.61407446933913
GATCTTC,0.612381757787457
GATCTTG,0.605929981646039
GATCTTT,0.617107437279024
GATGAAA,0.617392617350185
GATGAAC,0.622403527253743
GATGAAG,0.623379361523288
GATGAAT,0.615596303945029
GATGACA,0.636185084898274
GATGACC,0.611606027435789
GATGACG,0.613140042603364
GATGACT,0.62334601538447
GATGAGA,0.631400067745049
GATGAGC,0.613569482235654
GATGAGG,0.645426059331936
GATGAGT,0.62216150646505
GATGATA,0.610517304135433
GATGATC,0.615604705441244
GATGATG,0.617350684204651
GATGATT,0.615554295405146
GATGCAA,0.614511918647317
GATGCAC,0.620933809654366
GATGCAG,0.621410034283034
GATGCAT,0.619587457681777
GATGCCA,0.612744121155036
GATGCCC,0.626924375103601
GATGCCG,0.608987714540327
GATGCCT,0.616889303512807
GATGCGA,0.613956661822343
GATGCGC,0.614865103441954
GATGCGG,0.630779640367678
GATGCGT,0.614865103441954
GATGCTA,0.62129308783938
GATGCTC,0.613754673784648
GATGCTG,0.636621196893523
GATGCTT,0.615428259196156
GATGGAA,0.634719013290249
GATGGAC,0.626392592426985
GATGGAG,0.630961672297653
GATGGAT,0.614124954026652
GATGGCA,0.631391797911493
GATGGCC,0.619704603751325
GATGGCG,0.609435847708902
GATGGCT,0.621852636256137
GATGGGA,0.664808088905263
GATGGGC,0.646013019453044
GATGGGG,0.688229970510811
GATGGGT,0.656576262348009
GATGGTA,0.63292881150248
GATGGTC,0.612904193382704
GATGGTG,0.638454077865544
GATGGTT,0.625552797180349
GATGTAA,0.619528879500401
GATGTAC,0.614814656107762
GATGTAG,0.624037720018891
GATGTAT,0.61610026882383
GATGTCA,0.61818901320348
GATGTCC,0.62122625515918
GATGTCG,0.611597592277297
GATGTCT,0.624087704224738
GATGTGA,0.624087704224738
GATGTGC,0.623812760169468
GATGTGG,0.652527916499305
GATGTGT,0.629264180124975
GATGTTA,0.614023982102776
GATGTTC,0.612196311787817
GATGTTG,0.625336498073459
GATGTTT,0.619001521397552
GATTAAA,0.609266764444603
GATTAAC,0.610956311951854
GATTAAG,0.613771507679512
GATTAAT,0.613072662787561
GATTACA,0.540337252995274
GATTACC,0.608640907666283
GATTACG,0.610711504440266
GATTACT,0.613013701724253
GATTAGA,0.614797839764141
GATTAGC,0.623129238373788
GATTAGG,0.619277791278484
GATTAGT,0.616117063279796
GATTATA,0.609055370152803
GATTATC,0.610280835458828
GATTATG,0.620758301290972
GATTATT,0.611201059547393
GATTCAA,0.61366208229714
GATTCAC,0.61594910602636
GATTCAG,0.629719887762495
GATTCAT,0.613561063623036
GATTCCA,0.61888429293088
GATTCCC,0.613485292920012
GATTCCG,0.614040811464781
GATTCCT,0.622011257198692
GATTCGA,0.612600876912992
GATTCGC,0.61533582254597
GATTCGG,0.616159048185769
GATTCGT,0.616033088179283
GATTCTA,0.618046546846758
GATTCTC,0.595415186267644
GATTCTG,0.61981336995798
GATTCTT,0.627605308638108
GATTGAA,0.61923593711141
GATTGAC,0.608767802182577
GATTGAG,0.623120899857926
GATTGAT,0.619704603751325
GATTGCA,0.605047345969296
GATTGCC,0.616805393238931
GATTGCG,0.612027694667466
GATTGCT,0.609165300761529
GATTGGA,0.625311537473343
GATTGGC,0.6209254528117
GATTGGG,0.646135259459288
GATTGGT,0.629852418272613
GATTGTA,0.613569482235654
GATTGTC,0.612819948035853
GATTGTG,0.627314722991507
GATTGTT,0.628982366044704
GATTTAA,0.611023834513169
GATTTAC,0.61587351605794
GATTTAG,0.625594387799278
GATTTAT,0.619361494357685
GATTTCA,0.621134352930164
GATTTCC,0.62018141397842
GATTTCG,0.610888784830936
GATTTCT,0.627381150012773
GATTTGA,0.619796637465404
GATTTGC,0.623621087780745
GATTTGG,0.633778938203783
GATTTGT,0.618155493533733
GATTTTA,0.611606027435789
GATTTTC,0.61999740890025
GATTTTG,0.633795438367576
GATTTTT,0.618289565471842
GCAAAAA,0.6100781035065
GCAAAAC,0.604733143376034
GCAAAAG,0.621326502504577
GCAAAAT,0.613948246468622
GCAAACA,0.612651436047325
GCAAACC,0.608776261244501
GCAAACG,0.616637551565424
GCAAACT,0.615150923608045
GCAAAGA,0.612617730241796
GCAAAGC,0.614167022652748
GCAAAGG,0.631168486550076
GCAAAGT,0.617459706725804
GCAAATA,0.609021542918725
GCAAATC,0.610635517508003
GCAAATG,0.612567169403255
GCAAATT,0.615142518298503
GCAACAA,0.610035862509395
GCAACAC,0.608505535764994
GCAACAG,0.614133367893454
GCAACAT,0.600366562764214
GCAACCA,0.611082913014503
GCAACCC,0.611783149330016
GCAACCG,0.613434775928253
GCAACCT,0.586485434366446
GCAACGA,0.612676714655939
GCAACGC,0.61304739418611
GCAACGG,0.616343760833662
GCAACGT,0.613754673784648
GCAACTA,0.614705344819026
GCAACTC,0.613922999982542
GCAACTG,0.620072687797327
GCAACTT,0.614091297851495
GCAAGAA,0.616150651345592
GCAAGAC,0.603186167513975
GCAAGAG,0.625644294258792
GCAAGAT,0.611369816098439
GCAAGCA,0.610863460984943
GCAAGCC,0.616562013620636
GCAAGCG,0.613965077105246
GCAAGCT,0.615293803061989
GCAAGGA,0.638150199932306
GCAAGGC,0.622178199434555
GCAAGGG,0.645850009530506
GCAAGGT,0.640185240776885
GCAAGTA,0.624537449684004
GCAAGTC,0.616713083804662
GCAAGTG,0.636127470979353
GCAAGTT,0.616494863990284
GCAATAA,0.611825316585982
GCAATAC,0.613215839469772
GCAATAG,0.618348216292853
GCAATAT,0.614040811464781
GCAATCA,0.613468454206309
GCAATCC,0.607015234107669
GCAATCG,0.614267980135305
GCAATCT,0.603313756053865
GCAATGA,0.611395127124981
GCAATGC,0.615764320459609
GCAATGG,0.610930989815872
GCAATGT,0.613401096515932
GCAATTA,0.612971584550518
GCAATTC,0.60128742874567
GCAATTG,0.614705344819026
GCAATTT,0.609883780144093
GCACAAA,0.617199710319604
GCACAAC,0.609359763777855
GCACAAG,0.608353220468069
GCACAAT,0.609959824217874
GCACACA,0.606396445380728
GCACACC,0.607887668817835
GCACACG,0.61235647172155
GCACACT,0.612819948035853
GCACAGA,0.625053574783603
GCACAGC,0.616956426662803
GCACAGG,0.647958934745082
GCACAGT,0.611884347757323
GCACATA,0.605785757913953
GCACATC,0.610770601395929
GCACATG,0.622086384653727
GCACATT,0.61120949805135
GCACCAA,0.615327418790423
GCACCAC,0.594506055671327
GCACCAG,0.613476873598603
GCACCAT,0.606082666458659
GCACCCA,0.619035012721193
GCACCCC,0.616444498808275
GCACCCG,0.610238603024636
GCACCCT,0.621668938462758
GCACCGA,0.618440374919252
GCACCGC,0.608970799921983
GCACCGG,0.622061342795836
GCACCGT,0.61879217520816
GCACCTA,0.610204815793058
GCACCTC,0.613805174619122
GCACCTG,0.621535318869256
GCACCTT,0.613148464761126
GCACGAA,0.613653664464053
GCACGAC,0.610187921749169
GCACGAG,0.60749813183695
GCACGAT,0.605378425649209
GCACGCA,0.60895388501753
GCACGCC,0.619972314675192
GCACGCG,0.611108231303806
GCACGCT,0.6168305670604
GCACGGA,0.612617730241796
GCACGGC,0.612643009702449
GCACGGG,0.643475204214786
GCACGGT,0.61177471566545
GCACGTA,0.613544226185176
GCACGTC,0.612508178527106
GCACGTG,0.617258425094482
GCACGTT,0.613097930750526
GCACTAA,0.613081085512824
GCACTAC,0.608446304795165
GCACTAG,0.620524242213433
GCACTAT,0.610804369516906
GCACTCA,0.608454766577081
GCACTCC,0.57977676173632
GCACTCG,0.610272389114674
GCACTCT,0.611479492586852
GCACTGA,0.620147961027917
GCACTGC,0.612676714655939
GCACTGG,0.648479374550052
GCACTGT,0.627048970772161
GCACTTA,0.6129463133948
GCACTTC,0.618984775315097
GCACTTG,0.621309795311546
GCACTTT,0.57599036282935
GCAGAAA,0.619277791278484
GCAGAAC,0.620474079568558
GCAGAAG,0.625053574783603
GCAGAAT,0.616217824092899
GCAGACA,0.62207803743744
GCAGACC,0.624279287205401
GCAGACG,0.623354352023422
GCAGACT,0.61877542561958
GCAGAGA,0.63371293482592
GCAGAGC,0.645605444812926
GCAGAGG,0.680685541893669
GCAGAGT,0.631325636780881
GCAGATA,0.610981633446643
GCAGATC,0.606905066873498
GCAGATG,0.636777492628378
GCAGATT,0.623229295141104
GCAGCAA,0.621735741564782
GCAGCAC,0.613603155977416
GCAGCAG,0.639291317559193
GCAGCAT,0.6219361240991
GCAGCCA,0.623837758207546
GCAGCCC,0.643311780043957
GCAGCCG,0.63159025504361
GCAGCCT,0.611285441382763
GCAGCGA,0.612272180217113
GCAGCGC,0.611749414244981
GCAGCGG,0.638495135369567
GCAGCGT,0.617518406237485
GCAGCTA,0.6219361240991
GCAGCTC,0.623179268008866
GCAGCTG,0.654485451284788
GCAGCTT,0.628020284567514
GCAGGAA,0.655898640325309
GCAGGAC,0.629844135630291
GCAGGAG,0.668831021247747
GCAGGAT,0.630903756641384
GCAGGCA,0.658139493945722
GCAGGCC,0.642068882774869
GCAGGCG,0.631234658078397
GCAGGCT,0.6353864247471
GCAGGGA,0.702926945593507
GCAGGGC,0.710588765289141
GCAGGGG,0.751582215884706
GCAGGGT,0.676030183925614
GCAGGTA,0.654380391795862
GCAGGTC,0.627729819499457
GCAGGTG,0.693342164524603
GCAGGTT,0.635699377919306
GCAGTAA,0.616091871490075
GCAGTAC,0.614091297851495
GCAGTAG,0.61521816354113
GCAGTAT,0.619261049821867
GCAGTCA,0.614318455054687
GCAGTCC,0.625694198227776
GCAGTCG,0.617325523473279
GCAGTCT,0.614797839764141
GCAGTGA,0.584875294195516
GCAGTGC,0.632350642732016
GCAGTGG,0.61239018633401
GCAGTGT,0.642248871442332
GCAGTTA,0.614646479944675
GCAGTTC,0.618641418810224
GCAGTTG,0.62095052313019
GCAGTTT,0.624412540677938
GCATAAA,0.620474079568558
GCATAAC,0.612760972069892
GCATAAG,0.617652563612605
GCATAAT,0.613838840425309
GCATACA,0.611951807686464
GCATACC,0.611901213166255
GCATACG,0.613510550458936
GCATACT,0.61019636880679
GCATAGA,0.616813784583168
GCATAGC,0.614923955448845
GCATAGG,0.622728911160896
GCATAGT,0.618666546454898
GCATATA,0.610888784830936
GCATATC,0.613493712170536
GCATATG,0.6094781140583
GCATATT,0.614915548231341
GCATCAA,0.612794673047766
GCATCAC,0.612870496095632
GCATCAG,0.625611023562524
GCATCAT,0.61331689302222
GCATCCA,0.616964816739767
GCATCCC,0.61679700182428
GCATCCG,0.613695752920908
GCATCCT,0.616763435461496
GCATCGA,0.613131620374668
GCATCGC,0.615495480484427
GCATCGG,0.617510020803913
GCATCGT,0.615965903021194
GCATCTA,0.610922548961384
GCATCTC,0.611951807686464
GCATCTG,0.628144743773787
GCATCTT,0.626517254366853
GCATGAA,0.615865116819843
GCATGAC,0.617635794924959
GCATGAG,0.617937588289111
GCATGAT,0.601594195726034
GCATGCA,0.61870842445963
GCATGCC,0.606337089351889
GCATGCG,0.608454766577081
GCATGCT,0.626899454106891
GCATGGA,0.641978876291209
GCATGGC,0.631714270753846
GCATGGG,0.661491387242998
GCATGGT,0.611445747256203
GCATGTA,0.6137378396064
GCATGTC,0.619863565755916
GCATGTG,0.630994765452463
GCATGTT,0.621593779638328
GCATTAA,0.609089196242638
GCATTAC,0.610238603024636
GCATTAG,0.621217900760088
GCATTAT,0.623804427351239
GCATTCA,0.617224874216686
GCATTCC,0.616243012709889
GCATTCG,0.616939646297691
GCATTCT,0.615226568214878
GCATTGA,0.619411712842433
GCATTGC,0.61856603208759
GCATTGG,0.624037720018891
GCATTGT,0.612095144927453
GCATTTA,0.619403343270104
GCATTTC,0.60476711598383
GCATTTG,0.626500633672744
GCATTTT,0.613948246468622
GCCAAAA,0.615117301945972
GCCAAAC,0.610187921749169
GCCAAAG,0.616880912802254
GCCAAAT,0.61439416265711
GCCAACA,0.590240993830216
GCCAACC,0.609866880675696
GCCAACG,0.608666287857752
GCCAACT,0.613880921089279
GCCAAGA,0.61679700182428
GCCAAGC,0.612996855067621
GCCAAGG,0.624404212856094
GCCAAGT,0.614469864528326
GCCAATA,0.611909645764056
GCCAATC,0.60948656711381
GCCAATG,0.61289576916739
GCCAATT,0.616922865650995
GCCACAA,0.607210115641462
GCCACAC,0.617476478366454
GCCACAG,0.627887511005078
GCCACAT,0.609402033343097
GCCACCA,0.57173320773073
GCCACCC,0.62957905484754
GCCACCG,0.606023291801674
GCCACCT,0.619026639995439
GCCACGA,0.609917578224134
GCCACGC,0.610635517508003
GCCACGG,0.619369864280276
GCCACGT,0.6209254528117
GCCACTA,0.607074549899367
GCCACTC,0.614461453492297
GCCACTG,0.570652899618493
GCCACTT,0.625228330972995
GCCAGAA,0.622603776033534
GCCAGAC,0.61887591894309
GCCAGAG,0.664744102172491
GCCAGAT,0.620373746729304
GCCAGCA,0.619503773515057
GCCAGCC,0.636925539741685
GCCAGCG,0.620014138033785
GCCAGCT,0.620298490493053
GCCAGGA,0.61700676606872
GCCAGGC,0.61894290888203
GCCAGGG,0.699278697606459
GCCAGGT,0.636670556080497
GCCAGTA,0.609866880675696
GCCAGTC,0.617744786368747
GCCAGTG,0.63194572560457
GCCAGTT,0.615764320459609
GCCATAA,0.612904193382704
GCCATAC,0.61106603379884
GCCATAG,0.615571099032866
GCCATAT,0.616562013620636
GCCATCA,0.610475081686919
GCCATCC,0.625070219546044
GCCATCG,0.619051757962397
GCCATCT,0.614856695729651
GCCATGA,0.610855019560433
GCCATGC,0.62095052313019
GCCATGG,0.635542913575664
GCCATGT,0.617115826089099
GCCATTA,0.614839880092974
GCCATTC,0.607252476167203
GCCATTG,0.608607066408942
GCCATTT,0.618540901917069
GCCCAAA,0.615058461317145
GCCCAAC,0.608979257266918
GCCCAAG,0.623729428862405
GCCCAAT,0.617325523473279
GCCCACA,0.620649637817951
GCCCACC,0.597932420410663
GCCCACG,0.61207828278897
GCCCACT,0.616964816739767
GCCCAGA,0.630680336256028
GCCCAGC,0.60164531440815
GCCCAGG,0.628567789246693
GCCCAGT,0.624195994767197
GCCCATA,0.617401003768289
GCCCATC,0.611268565585303
GCCCATG,0.62655049492635
GCCCATT,0.615579500740841
GCCCCAA,0.607099969875941
GCCCCAC,0.616813784583168
GCCCCAG,0.651847544732674
GCCCCAT,0.634092394769655
GCCCCCA,0.628360436377147
GCCCCCC,0.613922999982542
GCCCCCG,0.619989044228533
GCCCCCT,0.642232510174807
GCCCCGA,0.618063308648106
GCCCCGC,0.606616879790411
GCCCCGG,0.64700680497117
GCCCCGT,0.615167734015184
GCCCCTA,0.62297079468141
GCCCCTC,0.626392592426985
GCCCCTG,0.654533936557223
GCCCCTT,0.627231683009298
GCCCGAA,0.613215839469772
GCCCGAC,0.611336067066455
GCCCGAG,0.6318134722497
GCCCGAT,0.610973193019622
GCCCGCA,0.613678917750738
GCCCGCC,0.598342796368951
GCCCGCG,0.630920304314017
GCCCGCT,0.623696094395132
GCCCGGA,0.637164013998404
GCCCGGC,0.62334601538447
GCCCGGG,0.672607718467702
GCCCGGT,0.620256679025593
GCCCGTA,0.613401096515932
GCCCGTC,0.612954737184332
GCCCGTG,0.628335551143276
GCCCGTT,0.618909414473517
GCCCTAA,0.627347937053709
GCCCTAC,0.613527388463813
GCCCTAG,0.616981596682519
GCCCTAT,0.614259567401042
GCCCTCA,0.624337587784528
GCCCTCC,0.611698809483478
GCCCTCG,0.617233262041667
GCCCTCT,0.625111830240102
GCCCTGA,0.639422585697082
GCCCTGC,0.643344467014789
GCCCTGG,0.662806565766504
GCCCTGT,0.633886184402196
GCCCTTA,0.618507394040637
GCCCTTC,0.632168863486465
GCCCTTG,0.631937460282301
GCCCTTT,0.621652236989939
GCCGAAA,0.61304739418611
GCCGAAC,0.608623987180767
GCCGAAG,0.617744786368747
GCCGAAT,0.611175743608262
GCCGACA,0.61440257425914
GCCGACC,0.617744786368747
GCCGACG,0.613754673784648
GCCGACT,0.613645246560105
GCCGAGA,0.600792995027529
GCCGAGC,0.627165246058314
GCCGAGG,0.625702515313823
GCCGAGT,0.615587902378229
GCCGATA,0.615092084957562
GCCGATC,0.612794673047766
GCCGATG,0.61818901320348
GCCGATT,0.613502131350177
GCCGCAA,0.611361378947223
GCCGCAC,0.614343691559015
GCCGCAG,0.621911078478076
GCCGCAT,0.616486469969437
GCCGCCA,0.612777822700798
GCCGCCC,0.62460406144153
GCCGCCG,0.630175387825155
GCCGCCT,0.625336498073459
GCCGCGA,0.618959655665593
GCCGCGC,0.638133771467153
GCCGCGG,0.65684234542249
GCCGCGT,0.614907140943155
GCCGCTA,0.612786247909774
GCCGCTC,0.631457954665099
GCCGCTG,0.625477929706952
GCCGCTT,0.614949176677279
GCCGGAA,0.619403343270104
GCCGGAC,0.626841302699236
GCCGGAG,0.626342723299345
GCCGGAT,0.615932308749382
GCCGGCA,0.620081051769425
GCCGGCC,0.632168863486465
GCCGGCG,0.636983107700403
GCCGGCT,0.624570756117408
GCCGGGA,0.651272107387119
GCCGGGC,0.683020826483878
GCCGGGG,0.731351659225512
GCCGGGT,0.646966095459072
GCCGGTA,0.612617730241796
GCCGGTC,0.61610026882383
GCCGGTG,0.621952820831299
GCCGGTT,0.618013022401165
GCCGTAA,0.615797920375245
GCCGTAC,0.612204741897548
GCCGTAG,0.614284805391514
GCCGTAT,0.612457612149095
GCCGTCA,0.615428259196156
GCCGTCC,0.623421042633171
GCCGTCG,0.613552644939544
GCCGTCT,0.620766659530608
GCCGTGA,0.610939430599112
GCCGTGC,0.617115826089099
GCCGTGG,0.632441519964908
GCCGTGT,0.618507394040637
GCCGTTA,0.612061420366151
GCCGTTC,0.614436219959731
GCCGTTG,0.611901213166255
GCCGTTT,0.615461870405129
GCCTAAA,0.615369436861942
GCCTAAC,0.613805174619122
GCCTAAG,0.614991210644474
GCCTAAT,0.617828617858202
GCCTACA,0.608463228287396
GCCTACC,0.615419856217392
GCCTACG,0.611589157047653
GCCTACT,0.616293388040549
GCCTAGA,0.616922865650995
GCCTAGC,0.620440636407314
GCCTAGG,0.623229295141104
GCCTAGT,0.621435092456008
GCCTATA,0.606566014623922
GCCTATC,0.618138733277511
GCCTATG,0.618599537999276
GCCTATT,0.618230911210709
GCCTCAA,0.599905811580331
GCCTCAC,0.624104365071498
GCCTCAG,0.579079884957953
GCCTCAT,0.60948656711381
GCCTCCA,0.60330525065764
GCCTCCC,0.549426509947098
GCCTCCG,0.614461453492297
GCCTCCT,0.594480313529224
GCCTCGA,0.620883667550785
GCCTCGC,0.622695543324653
GCCTCGG,0.625976940353996
GCCTCGT,0.61900989433362
GCCTCTA,0.610576412568518
GCCTCTC,0.625136795825467
GCCTCTG,0.636390821801812
GCCTCTT,0.617233262041667
GCCTGAA,0.621192837144028
GCCTGAC,0.635806418366512
GCCTGAG,0.644275596822501
GCCTGAT,0.618683297867243
GCCTGCA,0.617510020803913
GCCTGCC,0.613106353262967
GCCTGCG,0.63143314639539
GCCTGCT,0.63305266133201
GCCTGGA,0.659595772645431
GCCTGGC,0.610035862509395
GCCTGGG,0.701409101990355
GCCTGGT,0.645393440332392
GCCTGTA,0.575282094356579
GCCTGTC,0.631805205834237
GCCTGTG,0.644046978583059
GCCTGTT,0.623245970295707
GCCTTAA,0.612735695591125
GCCTTAC,0.614991210644474
GCCTTAG,0.613906168637712
GCCTTAT,0.612179451355153
GCCTTCA,0.618633042788354
GCCTTCC,0.609706321480421
GCCTTCG,0.611412000786768
GCCTTCT,0.633745937059407
GCCTTGA,0.621167772899767
GCCTTGC,0.623270982506259
GCCTTGG,0.647584701262309
GCCTTGT,0.638059840033839
GCCTTTA,0.611546979832101
GCCTTTC,0.618532525053221
GCCTTTG,0.633787188319711
GCCTTTT,0.621526967051817
GCGAAAA,0.616041486006673
GCGAAAC,0.606633834270975
GCGAAAG,0.613763090767502
GCGAAAT,0.613855672903391
GCGAACA,0.612457612149095
GCGAACC,0.610475081686919
GCGAACG,0.615100490691021
GCGAACT,0.614789431486283
GCGAAGA,0.614797839764141
GCGAAGC,0.612786247909774
GCGAAGG,0.625627659049026
GCGAAGT,0.611977103986673
GCGAATA,0.611546979832101
GCGAATC,0.611766281929756
GCGAATG,0.617442934803862
GCGAATT,0.61247446789254
GCGACAA,0.612221601903812
GCGACAC,0.610643960785619
GCGACAG,0.606744031388498
GCGACAT,0.611580721746855
GCGACCA,0.614604431484278
GCGACCC,0.615125707467468
GCGACCG,0.620507521611394
GCGACCT,0.61610866608707
GCGACGA,0.613072662787561
GCGACGC,0.614831472168598
GCGACGG,0.619587457681777
GCGACGT,0.611293879174697
GCGACTA,0.614453042385523
GCGACTC,0.613552644939544
GCGACTG,0.617149380625693
GCGACTT,0.610998514086965
GCGAGAA,0.615478675585983
GCGAGAC,0.608437842941647
GCGAGAG,0.621518615164625
GCGAGAT,0.612491323351873
GCGAGCA,0.619646032431951
GCGAGCC,0.623779428479931
GCGAGCG,0.618339837814742
GCGAGCT,0.618666546454898
GCGAGGA,0.622445249056484
GCGAGGC,0.623020832243798
GCGAGGG,0.658099235135666
GCGAGGT,0.623921080488249
GCGAGTA,0.61441939725094
GCGAGTC,0.618080070168501
GCGAGTG,0.624212653809857
GCGAGTT,0.616637551565424
GCGATAA,0.612440756121529
GCGATAC,0.614352103585598
GCGATAG,0.611884347757323
GCGATAT,0.612794673047766
GCGATCA,0.612263750675878
GCGATCC,0.608767802182577
GCGATCG,0.613451615209059
GCGATCT,0.602913924209199
GCGATGA,0.620131234132994
GCGATGC,0.615016430176727
GCGATGG,0.621134352930164
GCGATGT,0.612289039086415
GCGATTA,0.610956311951854
GCGATTC,0.599880208066674
GCGATTG,0.617090659447756
GCGATTT,0.611462620063871
GCGCAAA,0.611631332484362
GCGCAAC,0.610356849346047
GCGCAAG,0.61818901320348
GCGCAAT,0.60669317268935
GCGCACA,0.610272389114674
GCGCACC,0.615755920304298
GCGCACG,0.615394646857431
GCGCACT,0.610947871311106
GCGCAGA,0.614099712001479
GCGCAGC,0.621476854682322
GCGCAGG,0.620724867633809
GCGCAGT,0.612036126198771
GCGCATA,0.610306174063252
GCGCATC,0.609571093739169
GCGCATG,0.613813591176924
GCGCATT,0.611285441382763
GCGCCAA,0.611361378947223
GCGCCAC,0.600008219080063
GCGCCAG,0.610610187247414
GCGCCAT,0.611977103986673
GCGCCCA,0.608251664046399
GCGCCCC,0.622895733642971
GCGCCCG,0.607591295789727
GCGCCCT,0.62129308783938
GCGCCGA,0.613788341291
GCGCCGC,0.629570769940728
GCGCCGG,0.647861322120388
GCGCCGT,0.617342297364534
GCGCCTA,0.615680315731013
GCGCCTC,0.614839880092974
GCGCCTG,0.604529283488786
GCGCCTT,0.623054189227801
GCGCGAA,0.613266367522473
GCGCGAC,0.615150923608045
GCGCGAG,0.62211977282213
GCGCGAT,0.608911596504607
GCGCGCA,0.618683297867243
GCGCGCC,0.624262629272761
GCGCGCG,0.641700623203464
GCGCGCT,0.621735741564782
GCGCGGA,0.624678994365378
GCGCGGC,0.638659348530549
GCGCGGG,0.676472980478428
GCGCGGT,0.615671914870016
GCGCGTA,0.612643009702449
GCGCGTC,0.615789520502175
GCGCGTG,0.629388484622856
GCGCGTT,0.610542636748855
GCGCTAA,0.614217502668078
GCGCTAC,0.611040714441131
GCGCTAG,0.613914584345539
GCGCTAT,0.61183374982381
GCGCTCA,0.60956264139814
GCGCTCC,0.61664594431819
GCGCTCG,0.614318455054687
GCGCTCT,0.611234813135981
GCGCTGA,0.616729867971974
GCGCTGC,0.609368217833842
GCGCTGG,0.634793192119536
GCGCTGT,0.615755920304298
GCGCTTA,0.611791582923457
GCGCTTC,0.612019263065069
GCGCTTG,0.612086713893753
GCGCTTT,0.612238461625821
GCGGAAA,0.618256049172459
GCGGAAC,0.621151063054577
GCGGAAG,0.620532602409611
GCGGAAT,0.611766281929756
GCGGACA,0.619562353167072
GCGGACC,0.626899454106891
GCGGACG,0.622687201191618
GCGGACT,0.61879217520816
GCGGAGA,0.626176474910428
GCGGAGC,0.63210275374912
GCGGAGG,0.659957501952829
GCGGAGT,0.619537248022115
GCGGATA,0.612322755972378
GCGGATC,0.602769264801909
GCGGATG,0.617627410475689
GCGGATT,0.61521816354113
GCGGCAA,0.612853647026272
GCGGCAC,0.617904060190482
GCGGCAG,0.62929732950193
GCGGCAT,0.613628410539623
GCGGCCA,0.62288739317979
GCGGCCC,0.640767091550563
GCGGCCG,0.653248281885698
GCGGCCT,0.639849088180428
GCGGCGA,0.620783375800302
GCGGCGC,0.634389263014808
GCGGCGG,0.67428080274004
GCGGCGT,0.617979496831646
GCGGCTA,0.612508178527106
GCGGCTC,0.6197631716403
GCGGCTG,0.628318960643314
GCGGCTT,0.621552022294877
GCGGGAA,0.635509970594139
GCGGGAC,0.635608796283172
GCGGGAG,0.667092929181112
GCGGGAT,0.632755395967943
GCGGGCA,0.636645876791551
GCGGGCC,0.663439480131292
GCGGGCG,0.676686401638012
GCGGGCT,0.646061917248671
GCGGGGA,0.703873467795031
GCGGGGC,0.728203771642072
GCGGGGG,0.76652531186219
GCGGGGT,0.665367798238336
GCGGGTA,0.624470833489056
GCGGGTC,0.636711686875305
GCGGGTG,0.666590073340388
GCGGGTT,0.630572745672364
GCGGTAA,0.620683073990375
GCGGTAC,0.614562381255734
GCGGTAG,0.620398830882884
GCGGTAT,0.614579201559339
GCGGTCA,0.617887295719608
GCGGTCC,0.620883667550785
GCGGTCG,0.61610026882383
GCGGTCT,0.62377109538395
GCGGTGA,0.634430487746187
GCGGTGC,0.624920406709399
GCGGTGG,0.658541992928948
GCGGTGT,0.624728946528712
GCGGTTA,0.610525748411212
GCGGTTC,0.617686100144355
GCGGTTG,0.62687453248911
GCGGTTT,0.615445064941857
GCGTAAA,0.610382186024483
GCGTAAC,0.614612841317805
GCGTAAG,0.618540901917069
GCGTAAT,0.611859049110585
GCGTACA,0.612744121155036
GCGTACC,0.609934476835797
GCGTACG,0.614537150269835
GCGTACT,0.615806320177758
GCGTAGA,0.614932362595669
GCGTAGC,0.613586319248275
GCGTAGG,0.614200676279437
GCGTAGT,0.613451615209059
GCGTATA,0.613822007663889
GCGTATC,0.613788341291
GCGTATG,0.615108896353824
GCGTATT,0.61289576916739
GCGTCAA,0.610204815793058
GCGTCAC,0.609029999834522
GCGTCAG,0.616226220369059
GCGTCAT,0.613460034743128
GCGTCCA,0.612533460757284
GCGTCCC,0.617895677990176
GCGTCCG,0.623579415008305
GCGTCCT,0.620591121825942
GCGTCGA,0.612735695591125
GCGTCGC,0.613603155977416
GCGTCGG,0.620566042495414
GCGTCGT,0.617652563612605
GCGTCTA,0.615192949096049
GCGTCTC,0.620766659530608
GCGTCTG,0.618834047952252
GCGTCTT,0.612398614809522
GCGTGAA,0.611032274512766
GCGTGAC,0.608251664046399
GCGTGAG,0.599180124733106
GCGTGAT,0.606455797886638
GCGTGCA,0.620992305597679
GCGTGCC,0.618767050720083
GCGTGCG,0.628534615676708
GCGTGCT,0.613847256699766
GCGTGGA,0.623379361523288
GCGTGGC,0.631193301386324
GCGTGGG,0.668647787045949
GCGTGGT,0.60652362500871
GCGTGTA,0.619035012721193
GCGTGTC,0.619788271114124
GCGTGTG,0.627804518575528
GCGTGTT,0.619612561566261
GCGTTAA,0.613350575270537
GCGTTAC,0.612255321063585
GCGTTAG,0.615201353981717
GCGTTAT,0.612836797673015
GCGTTCA,0.61758548717482
GCGTTCC,0.614999617225895
GCGTTCG,0.619152223521582
GCGTTCT,0.613224260989188
GCGTTGA,0.615377840264388
GCGTTGC,0.614385750984323
GCGTTGG,0.623654424748375
GCGTTGT,0.613476873598603
GCGTTTA,0.612364900481229
GCGTTTC,0.614251154596003
GCGTTTG,0.616024690281369
GCGTTTT,0.62211977282213
GCTAAAA,0.60980773028717
GCTAAAC,0.612381757787457
GCTAAAG,0.615957504559045
GCTAAAT,0.617476478366454
GCTAACA,0.607896135328107
GCTAACC,0.618658170643495
GCTAACG,0.61440257425914
GCTAACT,0.614343691559015
GCTAAGA,0.610314620122052
GCTAAGC,0.612988431632875
GCTAAGG,0.615814719909714
GCTAAGT,0.609123021188307
GCTAATA,0.611749414244981
GCTAATC,0.615024836546141
GCTAATG,0.617182934036418
GCTAATT,0.578321479818389
GCTACAA,0.614789431486283
GCTACAC,0.612196311787817
GCTACAG,0.6100781035065
GCTACAT,0.61359473764828
GCTACCA,0.603458336722505
GCTACCC,0.615159328846938
GCTACCG,0.614839880092974
GCTACCT,0.615411453168017
GCTACGA,0.60980773028717
GCTACGC,0.615907112304875
GCTACGG,0.613653664464053
GCTACGT,0.612508178527106
GCTACTA,0.608979257266918
GCTACTC,0.59262513566309
GCTACTG,0.610863460984943
GCTACTT,0.603500856470692
GCTAGAA,0.623446050465215
GCTAGAC,0.621710690924487
GCTAGAG,0.631060948476793
GCTAGAT,0.617090659447756
GCTAGCA,0.618356594700767
GCTAGCC,0.611504800837558
GCTAGCG,0.614368927426479
GCTAGCT,0.61341793636388
GCTAGGA,0.62129308783938
GCTAGGC,0.626849610250226
GCTAGGG,0.647446362133314
GCTAGGT,0.623087545099152
GCTAGTA,0.617979496831646
GCTAGTC,0.60980773028717
GCTAGTG,0.625685881072555
GCTAGTT,0.615470273030858
GCTATAA,0.611462620063871
GCTATAC,0.612221601903812
GCTATAG,0.614360515541419
GCTATAT,0.612508178527106
GCTATCA,0.611006954300269
GCTATCC,0.613123198075037
GCTATCG,0.616461287484129
GCTATCT,0.612423899809832
GCTATGA,0.609579546008757
GCTATGC,0.613906168637712
GCTATGG,0.630415477070687
GCTATGT,0.619311273350914
GCTATTA,0.617048713638
GCTATTC,0.617719635551444
GCTATTG,0.617241649796292
GCTATTT,0.608657827865502
GCTCAAA,0.610905667038662
GCTCAAC,0.609368217833842
GCTCAAG,0.596066507386845
GCTCAAT,0.611285441382763
GCTCACA,0.621109287219979
GCTCACC,0.611403563991465
GCTCACG,0.603084084960004
GCTCACT,0.582116454398818
GCTCAGA,0.609959824217874
GCTCAGC,0.622545374281543
GCTCAGG,0.644479676093592
GCTCAGT,0.618004641114156
GCTCATA,0.612196311787817
GCTCATC,0.617182934036418
GCTCATG,0.617124214828802
GCTCATT,0.618239290601506
GCTCCAA,0.614562381255734
GCTCCAC,0.614764206228507
GCTCCAG,0.628758515920755
GCTCCAT,0.604495302800101
GCTCCCA,0.619160595195931
GCTCCCC,0.629695036336325
GCTCCCG,0.614276392798796
GCTCCCT,0.630986492266431
GCTCCGA,0.622912414360645
GCTCCGC,0.617417776393504
GCTCCGG,0.633531403070661
GCTCCGT,0.618959655665593
GCTCCTA,0.616469681716361
GCTCCTC,0.62334601538447
GCTCCTG,0.630183667724299
GCTCCTT,0.618934535385077
GCTCGAA,0.616125460402011
GCTCGAC,0.613131620374668
GCTCGAG,0.619922124335835
GCTCGAT,0.611800016445772
GCTCGCA,0.610390631441309
GCTCGCC,0.610762159187511
GCTCGCG,0.620758301290972
GCTCGCT,0.617828617858202
GCTCGGA,0.621643886148926
GCTCGGC,0.623120899857926
GCTCGGG,0.644667392246279
GCTCGGT,0.619461928805411
GCTCGTA,0.612255321063585
GCTCGTC,0.61533582254597
GCTCGTG,0.623087545099152
GCTCGTT,0.611150427028219
GCTCTAA,0.612558742348287
GCTCTAC,0.606142037590504
GCTCTAG,0.619729704695197
GCTCTAT,0.612609303612898
GCTCTCA,0.620189777041189
GCTCTCC,0.613232682437683
GCTCTCG,0.624554103039371
GCTCTCT,0.622512000320407
GCTCTGA,0.626916068173704
GCTCTGC,0.625436334244076
GCTCTGG,0.651563919818264
GCTCTGT,0.610838136497636
GCTCTTA,0.615100490691021
GCTCTTC,0.604002453012087
GCTCTTG,0.626425837130505
GCTCTTT,0.619880297128662
GCTGAAA,0.614730571561621
GCTGAAC,0.621760791577557
GCTGAAG,0.632689324996017
GCTGAAT,0.61848226239647
GCTGACA,0.624887111919767
GCTGACC,0.631598523236129
GCTGACG,0.620072687797327
GCTGACT,0.627173550918574
GCTGAGA,0.6137378396064
GCTGAGC,0.632160600008305
GCTGAGG,0.653369640698757
GCTGAGT,0.63249934663162
GCTGATA,0.615234972817987
GCTGATC,0.617610641366248
GCTGATG,0.638256978377625
GCTGATT,0.621084220881489
GCTGCAA,0.618800549897246
GCTGCAC,0.621025730314757
GCTGCAG,0.642576040590259
GCTGCAT,0.620440636407314
GCTGCCA,0.616855740248164
GCTGCCC,0.632334118711431
GCTGCCG,0.625170082303101
GCTGCCT,0.627754719811481
GCTGCGA,0.613796757990481
GCTGCGC,0.609461207732913
GCTGCGG,0.652673650243821
GCTGCGT,0.618733550420687
GCTGCTA,0.614368927426479
GCTGCTC,0.611842182990519
GCTGCTG,0.653264463911746
GCTGCTT,0.648520022505137
GCTGGAA,0.63885636873528
GCTGGAC,0.628202819436086
GCTGGAG,0.64823545211605
GCTGGAT,0.618281186502309
GCTGGCA,0.632994866653717
GCTGGCC,0.639225677027936
GCTGGCG,0.636958436123899
GCTGGCT,0.645996719656489
GCTGGGA,0.615697117241285
GCTGGGC,0.711703610330171
GCTGGGG,0.814924269941011
GCTGGGT,0.679819235836279
GCTGGTA,0.624204324323217
GCTGGTC,0.585334361757119
GCTGGTG,0.671964700129481
GCTGGTT,0.634916811275215
GCTGTAA,0.620348661946493
GCTGTAC,0.613401096515932
GCTGTAG,0.619445190431266
GCTGTAT,0.624379228974438
GCTGTCA,0.61929453245483
GCTGTCC,0.63718045840278
GCTGTCG,0.622295042419396
GCTGTCT,0.620749942981475
GCTGTGA,0.637032449027427
GCTGTGC,0.625452972636849
GCTGTGG,0.68582851912426
GCTGTGT,0.644846913860547
GCTGTTA,0.61263458328657
GCTGTTC,0.612996855067621
GCTGTTG,0.634282070758986
GCTGTTT,0.621986213459377
GCTTAAA,0.615394646857431
GCTTAAC,0.610939430599112
GCTTAAG,0.614352103585598
GCTTAAT,0.618641418810224
GCTTACA,0.612811523110804
GCTTACC,0.610635517508003
GCTTACG,0.611192620972227
GCTTACT,0.612828372889923
GCTTAGA,0.617476478366454
GCTTAGC,0.617140992097098
GCTTAGG,0.624370900875174
GCTTAGT,0.627264899829663
GCTTATA,0.613022124946141
GCTTATC,0.614890326154732
GCTTATG,0.613283209639371
GCTTATT,0.621468502376585
GCTTCAA,0.602582027441073
GCTTCAC,0.611471056360947
GCTTCAG,0.627663415635999
GCTTCAT,0.617971115263644
GCTTCCA,0.620641278600159
GCTTCCC,0.618256049172459
GCTTCCG,0.612491323351873
GCTTCCT,0.63194572560457
GCTTCGA,0.617577102303735
GCTTCGC,0.617644179303931
GCTTCGG,0.612887344881107
GCTTCGT,0.614453042385523
GCTTCTA,0.625228330972995
GCTTCTC,0.624171005682838
GCTTCTG,0.63676104159608
GCTTCTT,0.62645076993287
GCTTGAA,0.603203180259878
GCTTGAC,0.611141988025773
GCTTGAG,0.624354244468571
GCTTGAT,0.611960239857634
GCTTGCA,0.614696935763406
GCTTGCC,0.625685881072555
GCTTGCG,0.615814719909714
GCTTGCT,0.624345916161231
GCTTGGA,0.62331266813365
GCTTGGC,0.630084304409536
GCTTGGG,0.662526032567491
GCTTGGT,0.633811938259119
GCTTGTA,0.618649794761938
GCTTGTC,0.613636828585295
GCTTGTG,0.634883847661215
GCTTGTT,0.614461453492297
GCTTTAA,0.609900679326902
GCTTTAC,0.614082883630713
GCTTTAG,0.619512142246873
GCTTTAT,0.61679700182428
GCTTTCA,0.619219194954073
GCTTTCC,0.626774839806649
GCTTTCG,0.611006954300269
GCTTTCT,0.627040664877211
GCTTTGA,0.622820666969948
GCTTTGC,0.626824687390208
GCTTTGG,0.641176642554328
GCTTTGT,0.625719149278397
GCTTTTA,0.614385750984323
GCTTTTC,0.623254307768737
GCTTTTG,0.631656398669674
GCTTTTT,0.61931964369386
GGAAAAA,0.612052989048112
GGAAAAC,0.616620765848574
GGAAAAG,0.64342617976776
GGAAAAT,0.620791733830363
GGAAACA,0.627754719811481
GGAAACC,0.622803984721779
GGAAACG,0.619302902937904
GGAAACT,0.62036538520495
GGAAAGA,0.64300937490235
GGAAAGC,0.645336354522816
GGAAAGG,0.686838300642097
GGAAAGT,0.625677563848159
GGAAATA,0.617694484101562
GGAAATC,0.615352629845196
GGAAATG,0.645409749965164
GGAAATT,0.620942166427196
GGAACAA,0.628310665290114
GGAACAC,0.62122625515918
GGAACAG,0.646957953357777
GGAACAT,0.629926958966577
GGAACCA,0.615352629845196
GGAACCC,0.632730619865035
GGAACCG,0.62460406144153
GGAACCT,0.627638513050341
GGAACGA,0.618591161626602
GGAACGC,0.619219194954073
GGAACGG,0.618549278710746
GGAACGT,0.616133857453714
GGAACTA,0.623946075818712
GGAACTC,0.61327478861638
GGAACTG,0.63707356494029
GGAACTT,0.623679426744792
GGAAGAA,0.649884834259036
GGAAGAC,0.634669557680272
GGAAGAG,0.67648879101533
GGAAGAT,0.62743927003693
GGAAGCA,0.628567789246693
GGAAGCC,0.657760997127836
GGAAGCG,0.63039892104216
GGAAGCT,0.636884417742056
GGAAGGA,0.69741473415342
GGAAGGC,0.651547710250332
GGAAGGG,0.743031782475836
GGAAGGT,0.664023969164317
GGAAGTA,0.625003638833926
GGAAGTC,0.62580231495119
GGAAGTG,0.660327134496904
GGAAGTT,0.629504488215083
GGAATAA,0.622795643493332
GGAATAC,0.610027414095854
GGAATAG,0.621067509640088
GGAATAT,0.615688716521435
GGAATCA,0.613628410539623
GGAATCC,0.62070815038604
GGAATCG,0.612044557658986
GGAATCT,0.620256679025593
GGAATGA,0.641921595219721
GGAATGC,0.623429378646674
GGAATGG,0.669380522490593
GGAATGT,0.634364527360206
GGAATTA,0.620072687797327
GGAATTC,0.619788271114124
GGAATTG,0.627181855709865
GGAATTT,0.633853186796936
GGACAAA,0.614023982102776
GGACAAC,0.616587193569569
GGACAAG,0.637032449027427
GGACAAT,0.615747520078424
GGACACA,0.616931256009542
GGACACC,0.623704428116125
GGACACG,0.621485206918299
GGACACT,0.62211977282213
GGACAGA,0.66133890713526
GGACAGC,0.634133631740912
GGACAGG,0.699664977213293
GGACAGT,0.625045252298488
GGACATA,0.614352103585598
GGACATC,0.611993967831319
GGACATG,0.634809675556595
GGACATT,0.617669332019068
GGACCAA,0.624195994767197
GGACCAC,0.623812760169468
GGACCAG,0.648064671003938
GGACCAT,0.622228276671204
GGACCCA,0.65022574634738
GGACCCC,0.654323816729747
GGACCCG,0.639840887924804
GGACCCT,0.646453013561725
GGACCGA,0.623662758816636
GGACCGC,0.620582762118985
GGACCGG,0.640390156428715
GGACCGT,0.618029784764448
GGACCTA,0.615377840264388
GGACCTC,0.624004395826927
GGACCTG,0.653329189397489
GGACCTT,0.61594070742314
GGACGAA,0.616973206746339
GGACGAC,0.613401096515932
GGACGAG,0.629347051507051
GGACGAT,0.612230031800348
GGACGCA,0.614066054976747
GGACGCC,0.618256049172459
GGACGCG,0.625976940353996
GGACGCT,0.612213171936212
GGACGGA,0.618892666848547
GGACGGC,0.618716799850129
GGACGGG,0.662445865767896
GGACGGT,0.62698252168082
GGACGTA,0.612171021032216
GGACGTC,0.613998737528707
GGACGTG,0.625020284427553
GGACGTT,0.616024690281369
GGACTAA,0.61821415221847
GGACTAC,0.599427771200627
GGACTAG,0.617535176893684
GGACTAT,0.617996259756901
GGACTCA,0.628990655827802
GGACTCC,0.620122870580611
GGACTCG,0.623087545099152
GGACTCT,0.627763019777707
GGACTGA,0.639537431184365
GGACTGC,0.633300314984227
GGACTGG,0.702896149337355
GGACTGT,0.636366135608172
GGACTTA,0.612052989048112
GGACTTC,0.621986213459377
GGACTTG,0.649032045224121
GGACTTT,0.623821092918261
GGAGAAA,0.650047187843491
GGAGAAC,0.634817917173237
GGAGAAG,0.685358505653212
GGAGAAT,0.602505420233289
GGAGACA,0.652811268170695
GGAGACC,0.63851976906286
GGAGACG,0.629926958966577
GGAGACT,0.639734278482022
GGAGAGA,0.668313098801095
GGAGAGC,0.654937889099427
GGAGAGG,0.72788843719094
GGAGAGT,0.648520022505137
GGAGATA,0.626716681151835
GGAGATC,0.622770619390525
GGAGATG,0.660527964458772
GGAGATT,0.622002909355275
GGAGCAA,0.634348036583881
GGAGCAC,0.628824847107536
GGAGCAG,0.695314583641104
GGAGCAT,0.618071689443423
GGAGCCA,0.644251104510965
GGAGCCC,0.667962352834886
GGAGCCG,0.654162156044754
GGAGCCT,0.651936667380085
GGAGCGA,0.625045252298488
GGAGCGC,0.629206166070989
GGAGCGG,0.671011319704784
GGAGCGT,0.624712296084845
GGAGCTA,0.627414361868772
GGAGCTC,0.635295814757435
GGAGCTG,0.688862617861686
GGAGCTT,0.627646813981132
GGAGGAA,0.683099360771512
GGAGGAC,0.651150493737256
GGAGGAG,0.783097614600819
GGAGGAT,0.641970693481879
GGAGGCA,0.672695010066427
GGAGGCC,0.676188348060464
GGAGGCG,0.655842151091458
GGAGGCT,0.624762246584756
GGAGGGA,0.791024619449543
GGAGGGC,0.749850053464539
GGAGGGG,0.884037857511707
GGAGGGT,0.718829038929286
GGAGGTA,0.67394006946376
GGAGGTC,0.636563608095968
GGAGGTG,0.727940999838545
GGAGGTT,0.623045850086114
GGAGTAA,0.622628804311742
GGAGTAC,0.610846578064664
GGAGTAG,0.629206166070989
GGAGTAT,0.620081051769425
GGAGTCA,0.640242621392159
GGAGTCC,0.637410651674618
GGAGTCG,0.634092394769655
GGAGTCT,0.625710832330696
GGAGTGA,0.651377493921622
GGAGTGC,0.602658628780643
GGAGTGG,0.739156021700839
GGAGTGT,0.649616893204592
GGAGTTA,0.61636894627872
GGAGTTC,0.600460393465641
GGAGTTG,0.660078049317117
GGAGTTT,0.615890314322496
GGATAAA,0.616536833037658
GGATAAC,0.612828372889923
GGATAAG,0.624912083115916
GGATAAT,0.613308472282873
GGATACA,0.614629660772684
GGATACC,0.61553749149506
GGATACG,0.610593300050557
GGATACT,0.608463228287396
GGATAGA,0.623454386270255
GGATAGC,0.621259672057606
GGATAGG,0.635979305658353
GGATAGT,0.617140992097098
GGATATA,0.613409516475353
GGATATC,0.611825316585982
GGATATG,0.622687201191618
GGATATT,0.618121972740379
GGATCAA,0.613476873598603
GGATCAC,0.590783735068336
GGATCAG,0.624287616067664
GGATCAT,0.614604431484278
GGATCCA,0.618540901917069
GGATCCC,0.624220983227117
GGATCCG,0.62003086688746
GGATCCT,0.62234511380536
GGATCGA,0.612128868351446
GGATCGC,0.616058281449886
GGATCGG,0.626542184890063
GGATCGT,0.618222531749698
GGATCTA,0.619888662710059
GGATCTC,0.617426162600617
GGATCTG,0.639562039215754
GGATCTT,0.61856603208759
GGATGAA,0.620875310289077
GGATGAC,0.628003688836254
GGATGAG,0.65928216803589
GGATGAT,0.620515881947361
GGATGCA,0.62900723518784
GGATGCC,0.624945377074161
GGATGCG,0.628393615725689
GGATGCT,0.617325523473279
GGATGGA,0.646322665118449
GGATGGC,0.627181855709865
GGATGGG,0.736464548609504
GGATGGT,0.632193653511244
GGATGTA,0.617904060190482
GGATGTC,0.629446488101074
GGATGTG,0.658863875512293
GGATGTT,0.620607841030205
GGATTAA,0.613123198075037
GGATTAC,0.537370818262353
GGATTAG,0.620147961027917
GGATTAT,0.608141632949609
GGATTCA,0.625793998695147
GGATTCC,0.622486969118589
GGATTCG,0.615201353981717
GGATTCT,0.623054189227801
GGATTGA,0.622303387824499
GGATTGC,0.612499750975002
GGATTGG,0.65518018232267
GGATTGT,0.617971115263644
GGATTTA,0.620139597615429
GGATTTC,0.625220009942165
GGATTTG,0.63842944255396
GGATTTT,0.621894381048896
GGCAAAA,0.619160595195931
GGCAAAC,0.615083679153446
GGCAAAG,0.63051480748612
GGCAAAT,0.609816180556887
GGCAACA,0.592478980093324
GGCAACC,0.614503507965002
GGCAACG,0.615789520502175
GGCAACT,0.622787302195308
GGCAAGA,0.621568725441499
GGCAAGC,0.618457130120687
GGCAAGG,0.667212619501253
GGCAAGT,0.639242087564694
GGCAATA,0.615377840264388
GGCAATC,0.614276392798796
GGCAATG,0.615192949096049
GGCAATT,0.61210357589007
GGCACAA,0.612423899809832
GGCACAC,0.610483526319242
GGCACAG,0.645784798120537
GGCACAT,0.615461870405129
GGCACCA,0.618440374919252
GGCACCC,0.637994118615292
GGCACCG,0.627148636130878
GGCACCT,0.621468502376585
GGCACGA,0.602173387833802
GGCACGC,0.61668790702548
GGCACGG,0.631358717893349
GGCACGT,0.615520687302597
GGCACTA,0.620741584602117
GGCACTC,0.613022124946141
GGCACTG,0.638158414063673
GGCACTT,0.61521816354113
GGCAGAA,0.631871335244674
GGCAGAC,0.627264899829663
GGCAGAG,0.688651779879676
GGCAGAT,0.621886032229753
GGCAGCA,0.641217588430954
GGCAGCC,0.648641956457793
GGCAGCG,0.629893830455223
GGCAGCT,0.651985276385616
GGCAGGA,0.667539699968548
GGCAGGC,0.668950503728195
GGCAGGG,0.843042389874504
GGCAGGT,0.670176365570834
GGCAGTA,0.624445851271807
GGCAGTC,0.620298490493053
GGCAGTG,0.667571604531037
GGCAGTT,0.62127638008807
GGCATAA,0.617828617858202
GGCATAC,0.612643009702449
GGCATAG,0.61821415221847
GGCATAT,0.615755920304298
GGCATCA,0.621635535238176
GGCATCC,0.630754815264247
GGCATCG,0.622261660102508
GGCATCT,0.630365808162777
GGCATGA,0.60603177411137
GGCATGC,0.618817299065014
GGCATGG,0.652276880809702
GGCATGT,0.624187665141794
GGCATTA,0.618013022401165
GGCATTC,0.62021486580986
GGCATTG,0.622995813775574
GGCATTT,0.61965439997333
GGCCAAA,0.61521816354113
GGCCAAC,0.594600437856706
GGCCAAG,0.622461937290194
GGCCAAT,0.607726791501623
GGCCACA,0.629197878074239
GGCCACC,0.650631442594412
GGCCACG,0.622678858988992
GGCCACT,0.620089415671569
GGCCAGA,0.659185654520578
GGCCAGC,0.642314313835649
GGCCAGG,0.691038678016022
GGCCAGT,0.628584375619012
GGCCATA,0.619461928805411
GGCCATC,0.62548624859191
GGCCATG,0.637566824079379
GGCCATT,0.616301783682279
GGCCCAA,0.620992305597679
GGCCCAC,0.623887752409075
GGCCCAG,0.654105568630241
GGCCCAT,0.627289811720879
GGCCCCA,0.645018245342733
GGCCCCC,0.640455720569917
GGCCCCG,0.641823391462894
GGCCCCT,0.657624058735896
GGCCCGA,0.624945377074161
GGCCCGC,0.619076875298458
GGCCCGG,0.692922329385727
GGCCCGT,0.619503773515057
GGCCCTA,0.62265383196355
GGCCCTC,0.624362572706552
GGCCCTG,0.68193642300375
GGCCCTT,0.636530698722563
GGCCGAA,0.614326867293561
GGCCGAC,0.6168305670604
GGCCGAG,0.635468790341055
GGCCGAT,0.614436219959731
GGCCGCA,0.624803870095489
GGCCGCC,0.629197878074239
GGCCGCG,0.655664592722225
GGCCGCT,0.631391797911493
GGCCGGA,0.636941988068063
GGCCGGC,0.64608636524989
GGCCGGG,0.762877493253213
GGCCGGT,0.620699791657354
GGCCGTA,0.615142518298503
GGCCGTC,0.627497386683348
GGCCGTG,0.630133987301051
GGCCGTT,0.617526791600741
GGCCTAA,0.617157769083922
GGCCTAC,0.613948246468622
GGCCTAG,0.633729436078807
GGCCTAT,0.618004641114156
GGCCTCA,0.622144813216885
GGCCTCC,0.60446132095669
GGCCTCG,0.642281593174329
GGCCTCT,0.63906976349565
GGCCTGA,0.649048295620899
GGCCTGC,0.657051936778368
GGCCTGG,0.754745201824252
GGCCTGT,0.633762437767729
GGCCTTA,0.620591121825942
GGCCTTC,0.627289811720879
GGCCTTG,0.649519442291368
GGCCTTT,0.615369436861942
GGCGAAA,0.612600876912992
GGCGAAC,0.616049883763541
GGCGAAG,0.617551947268634
GGCGAAT,0.612373329169864
GGCGACA,0.604350871989825
GGCGACC,0.621217900760088
GGCGACG,0.618641418810224
GGCGACT,0.616427709850555
GGCGAGA,0.622545374281543
GGCGAGC,0.628401910390816
GGCGAGG,0.653256372931454
GGCGAGT,0.623020832243798
GGCGATA,0.613678917750738
GGCGATC,0.613350575270537
GGCGATG,0.624762246584756
GGCGATT,0.611681940660551
GGCGCAA,0.606091148264738
GGCGCAC,0.614823064173527
GGCGCAG,0.613771507679512
GGCGCAT,0.610356849346047
GGCGCCA,0.616788610339211
GGCGCCC,0.626168161765426
GGCGCCG,0.653612314149926
GGCGCCT,0.614663298833786
GGCGCGA,0.615487078070506
GGCGCGC,0.628791682064124
GGCGCGG,0.670526335975745
GGCGCGT,0.614015567315563
GGCGCTA,0.613721005144757
GGCGCTC,0.609697870282311
GGCGCTG,0.628866301865099
GGCGCTT,0.617426162600617
GGCGGAA,0.623262645172254
GGCGGAC,0.630018056714231
GGCGGAG,0.646876528698459
GGCGGAT,0.602513932435081
GGCGGCA,0.62334601538447
GGCGGCC,0.664992027958725
GGCGGCG,0.662181269722422
GGCGGCT,0.627414361868772
GGCGGGA,0.686290483717004
GGCGGGC,0.7060555173189
GGCGGGG,0.815626111667262
GGCGGGT,0.666518216145305
GGCGGTA,0.621526967051817
GGCGGTC,0.619863565755916
GGCGGTG,0.680346984319764
GGCGGTT,0.61848226239647
GGCGTAA,0.6129463133948
GGCGTAC,0.614242741720189
GGCGTAG,0.610779043533075
GGCGTAT,0.614520329258894
GGCGTCA,0.616016292312929
GGCGTCC,0.62650894405433
GGCGTCG,0.622428560544272
GGCGTCT,0.614528739799733
GGCGTGA,0.584831975054497
GGCGTGC,0.623904416587507
GGCGTGG,0.647364977234422
GGCGTGT,0.626608663246854
GGCGTTA,0.615159328846938
GGCGTTC,0.617476478366454
GGCGTTG,0.621819239167193
GGCGTTT,0.615991097984447
GGCTAAA,0.611530108447771
GGCTAAC,0.607794532473535
GGCTAAG,0.613586319248275
GGCTAAT,0.584909948157268
GGCTACA,0.613468454206309
GGCTACC,0.617208098355656
GGCTACG,0.617954351916884
GGCTACT,0.615117301945972
GGCTAGA,0.633605670044542
GGCTAGC,0.615806320177758
GGCTAGG,0.646672938039297
GGCTAGT,0.623029171594114
GGCTATA,0.612516606008186
GGCTATC,0.615428259196156
GGCTATG,0.627746419776365
GGCTATT,0.618423619437075
GGCTCAA,0.59830860480396
GGCTCAC,0.582107766785932
GGCTCAG,0.64725916696276
GGCTCAT,0.62265383196355
GGCTCCA,0.63039892104216
GGCTCCC,0.646990521365202
GGCTCCG,0.639644061613874
GGCTCCT,0.622052995370516
GGCTCGA,0.622453593208151
GGCTCGC,0.613375836212284
GGCTCGG,0.645817404357087
GGCTCGT,0.614747389036476
GGCTCTA,0.613392676485614
GGCTCTC,0.614730571561621
GGCTCTG,0.662670316613429
GGCTCTT,0.625211688842095
GGCTGAA,0.623087545099152
GGCTGAC,0.63039892104216
GGCTGAG,0.651596338165899
GGCTGAT,0.626168161765426
GGCTGCA,0.632763654532502
GGCTGCC,0.643483374722299
GGCTGCG,0.643622263137138
GGCTGCT,0.647853187304887
GGCTGGA,0.647055654198199
GGCTGGC,0.67356750721931
GGCTGGG,0.864205670864757
GGCTGGT,0.617350684204651
GGCTGTA,0.620992305597679
GGCTGTC,0.636654103288874
GGCTGTG,0.695074063653677
GGCTGTT,0.637279119150652
GGCTTAA,0.61920245251643
GGCTTAC,0.611538544175517
GGCTTAG,0.630051181110478
GGCTTAT,0.614049226039573
GGCTTCA,0.616226220369059
GGCTTCC,0.635015695598116
GGCTTCG,0.616444498808275
GGCTTCT,0.636300302778982
GGCTTGA,0.632796688108716
GGCTTGC,0.632705843148257
GGCTTGG,0.676330674396398
GGCTTGT,0.631259471272685
GGCTTTA,0.613586319248275
GGCTTTC,0.618356594700767
GGCTTTG,0.650412387063245
GGCTTTT,0.619963949793566
GGGAAAA,0.634009915725327
GGGAAAC,0.63626738473908
GGGAAAG,0.68647051381199
GGGAAAT,0.638634718275415
GGGAACA,0.63835553297761
GGGAACC,0.641594211852317
GGGAACG,0.630382364739526
GGGAACT,0.638404806635464
GGGAAGA,0.673107558140774
GGGAAGC,0.664144027351412
GGGAAGG,0.759471001077839
GGGAAGT,0.659619892003846
GGGAATA,0.618599537999276
GGGAATC,0.626616972730724
GGGAATG,0.673551650427448
GGGAATT,0.63616862411729
GGGACAA,0.625644294258792
GGGACAC,0.632780171457011
GGGACAG,0.713221160614627
GGGACAT,0.633217770581337
GGGACCA,0.647128923564821
GGGACCC,0.702903848490307
GGGACCG,0.639463603456656
GGGACCT,0.65209058779246
GGGACGA,0.618364973038483
GGGACGC,0.629935240922934
GGGACGG,0.656068088883184
GGGACGT,0.622954114937542
GGGACTA,0.605828178817947
GGGACTC,0.644610264973426
GGGACTG,0.682455197470911
GGGACTT,0.649779290292534
GGGAGAA,0.674550137580849
GGGAGAC,0.662493966618855
GGGAGAG,0.727745753218946
GGGAGAT,0.661186403773793
GGGAGCA,0.669547702083254
GGGAGCC,0.691840831144021
GGGAGCG,0.672393424959744
GGGAGCT,0.673726061310385
GGGAGGA,0.766373584793833
GGGAGGC,0.684237415398136
GGGAGGG,0.957679591716295
GGGAGGT,0.7255879942159
GGGAGTA,0.633193005931764
GGGAGTC,0.651028865295715
GGGAGTG,0.743194487620239
GGGAGTT,0.645727734648204
GGGATAA,0.617895677990176
GGGATAC,0.611175743608262
GGGATAG,0.642445185775566
GGGATAT,0.622854030631418
GGGATCA,0.624995315933207
GGGATCC,0.637632573585407
GGGATCG,0.628692180333855
GGGATCT,0.637542166900054
GGGATGA,0.652382161513368
GGGATGC,0.64665664899582
GGGATGG,0.722821968350282
GGGATGT,0.654889423409261
GGGATTA,0.543935943044916
GGGATTC,0.621986213459377
GGGATTG,0.639619455600836
GGGATTT,0.631416607206995
GGGCAAA,0.623404370397695
GGGCAAC,0.602624584465248
GGGCAAG,0.653337279788648
GGGCAAT,0.617979496831646
GGGCACA,0.640816246528185
GGGCACC,0.634554151744434
GGGCACG,0.632011845723477
GGGCACT,0.637287340440279
GGGCAGA,0.68780798314372
GGGCAGC,0.694336625784345
GGGCAGG,0.850602883650185
GGGCAGT,0.660624348516183
GGGCATA,0.624562429613055
GGGCATC,0.636366135608172
GGGCATG,0.652122989071162
GGGCATT,0.631995316103608
GGGCCAA,0.633787188319711
GGGCCAC,0.647194047384208
GGGCCAG,0.711924904275276
GGGCCAT,0.642052518562212
GGGCCCA,0.653863014863837
GGGCCCC,0.669897892532421
GGGCCCG,0.667100908981494
GGGCCCT,0.667850726041512
GGGCCGA,0.637616136614177
GGGCCGC,0.650842339615058
GGGCCGG,0.746000679545504
GGGCCGT,0.625136795825467
GGGCCTA,0.635122809248085
GGGCCTC,0.665871268928217
GGGCCTG,0.741158768090589
GGGCCTT,0.648528151897886
GGGCGAA,0.617023545307585
GGGCGAC,0.615201353981717
GGGCGAG,0.6577932152009
GGGCGAT,0.621810889720678
GGGCGCA,0.61439416265711
GGGCGCC,0.655349752655635
GGGCGCG,0.661354958767845
GGGCGCT,0.629040393083312
GGGCGGA,0.658292462644202
GGGCGGC,0.689845941108019
GGGCGGG,0.851512418719076
GGGCGGT,0.661675937323872
GGGCGTA,0.612811523110804
GGGCGTC,0.629570769940728
GGGCGTG,0.650323128458281
GGGCGTT,0.622486969118589
GGGCTAA,0.617174545789283
GGGCTAC,0.619587457681777
GGGCTAG,0.65233357179667
GGGCTAT,0.628202819436086
GGGCTCA,0.635196958131417
GGGCTCC,0.666031047899316
GGGCTCG,0.640349176657446
GGGCTCT,0.646819527491844
GGGCTGA,0.689385616471674
GGGCTGC,0.690851676080476
GGGCTGG,0.868886093481193
GGGCTGT,0.670526335975745
GGGCTTA,0.627613609844529
GGGCTTC,0.645426059331936
GGGCTTG,0.682258723653409
GGGCTTT,0.637081787920004
GGGGAAA,0.654929811647517
GGGGAAC,0.656084225343683
GGGGAAG,0.725889006557356
GGGGAAT,0.647706749308771
GGGGACA,0.685718869072109
GGGGACC,0.685859845502386
GGGGACG,0.648641956457793
GGGGACT,0.667978298502515
GGGGAGA,0.709028952089509
GGGGAGC,0.716150603113031
GGGGAGG,0.912927215920148
GGGGAGT,0.699147328542303
GGGGATA,0.629280754950812
GGGGATC,0.642167062427668
GGGGATG,0.707957082510446
GGGGATT,0.636045159622388
GGGGCAA,0.648202924628971
GGGGCAC,0.651523395405766
GGGGCAG,0.791651846398929
GGGGCAT,0.657938183685766
GGGGCCA,0.707167758530751
GGGGCCC,0.701432233643285
GGGGCCG,0.711390662893812
GGGGCCT,0.699255516084426
GGGGCGA,0.650412387063245
GGGGCGC,0.673337559124186
GGGGCGG,0.807989530839076
GGGGCGT,0.647202187563437
GGGGCTA,0.648885779768502
GGGGCTC,0.676544125926031
GGGGCTG,0.844727446362996
GGGGCTT,0.668137741195832
GGGGGAA,0.667890594183866
GGGGGAC,0.680236731533455
GGGGGAG,0.782052514665088
GGGGGAT,0.679275442396409
GGGGGCA,0.708071980649034
GGGGGCC,0.720297991471435
GGGGGCG,0.740209817959007
GGGGGCT,0.728368907155164
GGGGGGA,0.691957595902846
GGGGGGC,0.72157588972983
GGGGGGG,0.686102591664962
GGGGGGT,0.7103518915651
GGGGGTA,0.646469305922539
GGGGGTC,0.690033131194948
GGGGGTG,0.848694821305177
GGGGGTT,0.687557832500857
GGGGTAA,0.640808054199705
GGGGTAC,0.631168486550076
GGGGTAG,0.680157972100319
GGGGTAT,0.621217900760088
GGGGTCA,0.650582767734197
GGGGTCC,0.692580111124491
GGGGTCG,0.661395086722102
GGGGTCT,0.684935304566045
GGGGTGA,0.688120583476393
GGGGTGC,0.715930242419323
GGGGTGG,0.950631042883172
GGGGTGT,0.690656845204781
GGGGTTA,0.638445866162449
GGGGTTC,0.663631678606839
GGGGTTG,0.720252592271027
GGGGTTT,0.625086864031442
GGGTAAA,0.617744786368747
GGGTAAC,0.622219930639242
GGGTAAG,0.673583363759739
GGGTAAT,0.621961169092856
GGGTACA,0.632391951588954
GGGTACC,0.628103259092794
GGGTACG,0.616284992328331
GGGTACT,0.628990655827802
GGGTAGA,0.648389943232498
GGGTAGC,0.634529420168177
GGGTAGG,0.697151488477301
GGGTAGT,0.629015524764782
GGGTATA,0.614023982102776
GGGTATC,0.619537248022115
GGGTATG,0.634537664094891
GGGTATT,0.630357529771606
GGGTCAA,0.627264899829663
GGGTCAC,0.62933047778004
GGGTCAG,0.659290210408386
GGGTCAT,0.626891146969974
GGGTCCA,0.651434235917208
GGGTCCC,0.670080897836199
GGGTCCG,0.646591490168451
GGGTCCT,0.667970325700484
GGGTCGA,0.621919427088116
GGGTCGC,0.640922740691473
GGGTCGG,0.671511957758682
GGGTCGT,0.623045850086114
GGGTCTA,0.625136795825467
GGGTCTC,0.629396771040017
GGGTCTG,0.690711401676359
GGGTCTT,0.636785718043039
GGGTGAA,0.651004537832088
GGGTGAC,0.621835937851086
GGGTGAG,0.747599637478183
GGGTGAT,0.635600561182102
GGGTGCA,0.665024013905902
GGGTGCC,0.662333621450484
GGGTGCG,0.666190801345173
GGGTGCT,0.684292323208028
GGGTGGA,0.723470824600374
GGGTGGC,0.724254925972918
GGGTGGG,1
GGGTGGT,0.727768283620688
GGGTGTA,0.635221673204121
GGGTGTC,0.657390414661808
GGGTGTG,0.731531239567429
GGGTGTT,0.643221885364643
GGGTTAA,0.615613106866874
GGGTTAC,0.619344754302332
GGGTTAG,0.642420648591427
GGGTTAT,0.632648028421662
GGGTTCA,0.598231669508075
GGGTTCC,0.654202573666147
GGGTTCG,0.632003580947696
GGGTTCT,0.651247785840308
GGGTTGA,0.64664850437458
GGGTTGC,0.637007778668236
GGGTTGG,0.746560974200957
GGGTTGT,0.649438225941978
GGGTTTA,0.619428451776943
GGGTTTC,0.606387966163736
GGGTTTG,0.677365884118021
GGGTTTT,0.631151942983805
GGTAAAA,0.616847349255986
GGTAAAC,0.618767050720083
GGTAAAG,0.63159025504361
GGTAAAT,0.642240690842031
GGTAACA,0.620507521611394
GGTAACC,0.619160595195931
GGTAACG,0.617149380625693
GGTAACT,0.620733226152895
GGTAAGA,0.672210842410327
GGTAAGC,0.658316613457732
GGTAAGG,0.683075801132817
GGTAAGT,0.750195257364489
GGTAATA,0.629595624455249
GGTAATC,0.61594070742314
GGTAATG,0.653895358765427
GGTAATT,0.641880678159715
GGTACAA,0.620315214590554
GGTACAC,0.617937588289111
GGTACAG,0.641577839870137
GGTACAT,0.618825673543698
GGTACCA,0.627489084512074
GGTACCC,0.622103078877275
GGTACCG,0.617954351916884
GGTACCT,0.625353138127415
GGTACGA,0.61912710807802
GGTACGC,0.613847256699766
GGTACGG,0.617518406237485
GGTACGT,0.622637146931943
GGTACTA,0.612525033418246
GGTACTC,0.625211688842095
GGTACTG,0.636818619025126
GGTACTT,0.629189590008798
GGTAGAA,0.629065260783425
GGTAGAC,0.622303387824499
GGTAGAG,0.648942663321187
GGTAGAT,0.621952820831299
GGTAGCA,0.633638675818138
GGTAGCC,0.618205772617026
GGTAGCG,0.615655112936297
GGTAGCT,0.621794190618505
GGTAGGA,0.634867365446731
GGTAGGC,0.642903102733542
GGTAGGG,0.696570554337654
GGTAGGT,0.660535996818388
GGTAGTA,0.624229312574999
GGTAGTC,0.623321005050609
GGTAGTG,0.622670516716772
GGTAGTT,0.619805003746689
GGTATAA,0.621184482465743
GGTATAC,0.611993967831319
GGTATAG,0.613468454206309
GGTATAT,0.619604193674789
GGTATCA,0.613956661822343
GGTATCC,0.619143851777149
GGTATCG,0.616780218783725
GGTATCT,0.623529405388932
GGTATGA,0.621234609488477
GGTATGC,0.617795086105741
GGTATGG,0.647600975195838
GGTATGT,0.663207191010143
GGTATTA,0.618901040696092
GGTATTC,0.620055959643258
GGTATTG,0.628741932436564
GGTATTT,0.633465383352082
GGTCAAA,0.621234609488477
GGTCAAC,0.615234972817987
GGTCAAG,0.621752441643021
GGTCAAT,0.614478275493609
GGTCACA,0.615192949096049
GGTCACC,0.624504142141244
GGTCACG,0.617182934036418
GGTCACT,0.625511204831567
GGTCAGA,0.626799763909026
GGTCAGC,0.628061772690751
GGTCAGG,0.635238149579911
GGTCAGT,0.636316761392593
GGTCATA,0.616889303512807
GGTCATC,0.622712227381951
GGTCATG,0.629562484965275
GGTCATT,0.624703970758947
GGTCCAA,0.613232682437683
GGTCCAC,0.616243012709889
GGTCCAG,0.652536013375647
GGTCCAT,0.620139597615429
GGTCCCA,0.633580914999419
GGTCCCC,0.642731408446168
GGTCCCG,0.622537030895679
GGTCCCT,0.635567620099638
GGTCCGA,0.625627659049026
GGTCCGC,0.62460406144153
GGTCCGG,0.63555938465947
GGTCCGT,0.616872522021297
GGTCCTA,0.624062712434117
GGTCCTC,0.630647232693956
GGTCCTG,0.667220598346591
GGTCCTT,0.627597007362776
GGTCGAA,0.615260186203499
GGTCGAC,0.612432328001197
GGTCGAG,0.62645076993287
GGTCGAT,0.616520045630076
GGTCGCA,0.620306852576766
GGTCGCC,0.624479160756116
GGTCGCG,0.626051770478443
GGTCGCT,0.621560373903063
GGTCGGA,0.628211115683949
GGTCGGC,0.62790410866449
GGTCGGG,0.66235767486485
GGTCGGT,0.621911078478076
GGTCGTA,0.61505005523039
GGTCGTC,0.621677289094566
GGTCGTG,0.619227566067779
GGTCGTT,0.613451615209059
GGTCTAA,0.613754673784648
GGTCTAC,0.614755797667844
GGTCTAG,0.616939646297691
GGTCTAT,0.61371258780766
GGTCTCA,0.604860534704684
GGTCTCC,0.63174733901258
GGTCTCG,0.611985535944545
GGTCTCT,0.629744738571088
GGTCTGA,0.632044904143551
GGTCTGC,0.634694285790993
GGTCTGG,0.678431583237413
GGTCTGT,0.640840823110945
GGTCTTA,0.624662343089758
GGTCTTC,0.615293803061989
GGTCTTG,0.61870842445963
GGTCTTT,0.625286576250179
GGTGAAA,0.591506932139265
GGTGAAC,0.621201191752513
GGTGAAG,0.657366241469191
GGTGAAT,0.62899894554218
GGTGACA,0.610770601395929
GGTGACC,0.63405115609784
GGTGACG,0.618121972740379
GGTGACT,0.629471345704713
GGTGAGA,0.665423751945401
GGTGAGC,0.67523107267179
GGTGAGG,0.738272054695359
GGTGAGT,0.791179700922009
GGTGATA,0.623612753365185
GGTGATC,0.608040055036502
GGTGATG,0.638404806635464
GGTGATT,0.620331938408364
GGTGCAA,0.61610026882383
GGTGCAC,0.618633042788354
GGTGCAG,0.658936284817234
GGTGCAT,0.624753921674703
GGTGCCA,0.631408337510216
GGTGCCC,0.626218039598841
GGTGCCG,0.632466303231532
GGTGCCT,0.63485088296058
GGTGCGA,0.617987878329398
GGTGCGC,0.622144813216885
GGTGCGG,0.672623590234245
GGTGCGT,0.631193301386324
GGTGCTA,0.620014138033785
GGTGCTC,0.628435088363328
GGTGCTG,0.689923941235966
GGTGCTT,0.627381150012773
GGTGGAA,0.638133771467153
GGTGGAC,0.647071936743613
GGTGGAG,0.735026625838502
GGTGGAT,0.632268019898524
GGTGGCA,0.655624234150181
GGTGGCC,0.683962831116552
GGTGGCG,0.645067191803631
GGTGGCT,0.65988516655844
GGTGGGA,0.773164260659505
GGTGGGC,0.740031789514032
GGTGGGG,0.958610091129277
GGTGGGT,0.742040188138865
GGTGGTA,0.631218115606813
GGTGGTC,0.65654400504257
GGTGGTG,0.722006528822063
GGTGGTT,0.658131442313372
GGTGTAA,0.617694484101562
GGTGTAC,0.613493712170536
GGTGTAG,0.632961839623509
GGTGTAT,0.616159048185769
GGTGTCA,0.632986609998425
GGTGTCC,0.645825555750108
GGTGTCG,0.623479393268471
GGTGTCT,0.637583261861172
GGTGTGA,0.633663429433448
GGTGTGC,0.633399359274612
GGTGTGG,0.715595809299491
GGTGTGT,0.693443209627998
GGTGTTA,0.61599949616447
GGTGTTC,0.621927775628456
GGTGTTG,0.644887709733209
GGTGTTT,0.628559495957366
GGTTAAA,0.616906084722703
GGTTAAC,0.612575596387208
GGTTAAG,0.614360515541419
GGTTAAT,0.616553620163428
GGTTACA,0.614957583612067
GGTTACC,0.614545560669202
GGTTACG,0.616939646297691
GGTTACT,0.614318455054687
GGTTAGA,0.623671092815441
GGTTAGC,0.619821736099278
GGTTAGG,0.635814651772508
GGTTAGT,0.638930241305706
GGTTATA,0.623270982506259
GGTTATC,0.617535176893684
GGTTATG,0.620499161205532
GGTTATT,0.617409390116061
GGTTCAA,0.586407584017282
GGTTCAC,0.608936969826959
GGTTCAG,0.624212653809857
GGTTCAT,0.614141781689463
GGTTCCA,0.628551202599261
GGTTCCC,0.638725026245216
GGTTCCG,0.630167107857453
GGTTCCT,0.625511204831567
GGTTCGA,0.61616744495544
GGTTCGC,0.617291974846655
GGTTCGG,0.628468265235099
GGTTCGT,0.62095052313019
GGTTCTA,0.613123198075037
GGTTCTC,0.621835937851086
GGTTCTG,0.667013127674848
GGTTCTT,0.632986609998425
GGTTGAA,0.61967950217738
GGTTGAC,0.617744786368747
GGTTGAG,0.642322493833694
GGTTGAT,0.623062528299946
GGTTGCA,0.599837534087103
GGTTGCC,0.620599481463015
GGTTGCG,0.624137685932289
GGTTGCT,0.622812325880651
GGTTGGA,0.652268781834916
GGTTGGC,0.640586835957759
GGTTGGG,0.751985467068426
GGTTGGT,0.650493524336557
GGTTGTA,0.624270958273767
GGTTGTC,0.628567789246693
GGTTGTG,0.652114888849908
GGTTGTT,0.626949295479271
GGTTTAA,0.616024690281369
GGTTTAC,0.611352941724822
GGTTTAG,0.627588706018532
GGTTTAT,0.627389453080182
GGTTTCA,0.596135042833568
GGTTTCC,0.629744738571088
GGTTTCG,0.616209427746241
GGTTTCT,0.630191947554888
GGTTTGA,0.636119240148532
GGTTTGC,0.623529405388932
GGTTTGG,0.68165334163787
GGTTTGT,0.629628762847033
GGTTTTA,0.629413343668347
GGTTTTC,0.629968368062472
GGTTTTG,0.624895435721102
GGTTTTT,0.621919427088116
GTAAAAA,0.602309619591105
GTAAAAC,0.607963864829863
GTAAAAG,0.613948246468622
GTAAAAT,0.624878788049147
GTAAACA,0.619545616473797
GTAAACC,0.615957504559045
GTAAACG,0.618683297867243
GTAAACT,0.615797920375245
GTAAAGA,0.619076875298458
GTAAAGC,0.615848318132004
GTAAAGG,0.619386603915296
GTAAAGT,0.618968028952205
GTAAATA,0.626533874784718
GTAAATC,0.62644245906782
GTAAATG,0.617417776393504
GTAAATT,0.62687453248911
GTAACAA,0.614520329258894
GTAACAC,0.608209345826537
GTAACAG,0.613005278431413
GTAACAT,0.615982699733894
GTAACCA,0.619336384169568
GTAACCC,0.619570721408667
GTAACCG,0.615697117241285
GTAACCT,0.615201353981717
GTAACGA,0.614326867293561
GTAACGC,0.615361033388879
GTAACGG,0.614049226039573
GTAACGT,0.613434775928253
GTAACTA,0.615268590524068
GTAACTC,0.620900381864673
GTAACTG,0.621510263207678
GTAACTT,0.623579415008305
GTAAGAA,0.641643326190666
GTAAGAC,0.615991097984447
GTAAGAG,0.636826844101514
GTAAGAT,0.629860700846334
GTAAGCA,0.638043410084133
GTAAGCC,0.617291974846655
GTAAGCG,0.619495404713205
GTAAGCT,0.627671716360079
GTAAGGA,0.642216148639587
GTAAGGC,0.63208622563187
GTAAGGG,0.645898915297413
GTAAGGT,0.634232593534492
GTAAGTA,0.752945283668782
GTAAGTC,0.640103262757388
GTAAGTG,0.694282266739504
GTAAGTT,0.673527864768199
GTAATAA,0.627024052880344
GTAATAC,0.617048713638
GTAATAG,0.619420082344712
GTAATAT,0.619947219820397
GTAATCA,0.610280835458828
GTAATCC,0.559669644736458
GTAATCG,0.613678917750738
GTAATCT,0.617283587514135
GTAATGA,0.632813204487625
GTAATGC,0.614781023137726
GTAATGG,0.636201545408305
GTAATGT,0.620958879763351
GTAATTA,0.622094731800338
GTAATTC,0.619738071536476
GTAATTG,0.621627184257687
GTAATTT,0.626783147909798
GTACAAA,0.619252678988453
GTACAAC,0.608497074412667
GTACAAG,0.615571099032866
GTACAAT,0.615428259196156
GTACACA,0.619989044228533
GTACACC,0.609664064775622
GTACACG,0.612887344881107
GTACACT,0.616729867971974
GTACAGA,0.620582762118985
GTACAGC,0.622153159875801
GTACAGG,0.623462722005811
GTACAGT,0.622203238366346
GTACATA,0.619001521397552
GTACATC,0.61329163059145
GTACATG,0.617065492173037
GTACATT,0.614604431484278
GTACCAA,0.618063308648106
GTACCAC,0.621760791577557
GTACCAG,0.625602705715495
GTACCAT,0.61289576916739
GTACCCA,0.613687335371251
GTACCCC,0.621151063054577
GTACCCG,0.614865103441954
GTACCCT,0.618373351306003
GTACCGA,0.611918078290749
GTACCGC,0.613922999982542
GTACCGG,0.622537030895679
GTACCGT,0.614360515541419
GTACCTA,0.619537248022115
GTACCTC,0.620022502495605
GTACCTG,0.61821415221847
GTACCTT,0.616503257940672
GTACGAA,0.613813591176924
GTACGAC,0.613131620374668
GTACGAG,0.618113592366468
GTACGAT,0.613670500059368
GTACGCA,0.611234813135981
GTACGCC,0.61319899621817
GTACGCG,0.61735907097443
GTACGCT,0.614764206228507
GTACGGA,0.615898713348957
GTACGGC,0.613232682437683
GTACGGG,0.622695543324653
GTACGGT,0.614688526637073
GTACGTA,0.617820235025496
GTACGTC,0.61239018633401
GTACGTG,0.618758675750446
GTACGTT,0.611530108447771
GTACTAA,0.610483526319242
GTACTAC,0.612878920523855
GTACTAG,0.614310042745046
GTACTAT,0.609680967671818
GTACTCA,0.620791733830363
GTACTCC,0.611192620972227
GTACTCG,0.610035862509395
GTACTCT,0.616948036515445
GTACTGA,0.61673825994999
GTACTGC,0.619788271114124
GTACTGG,0.623929412334488
GTACTGT,0.622904074036589
GTACTTA,0.611960239857634
GTACTTC,0.616989986548308
GTACTTG,0.625378097689189
GTACTTT,0.621368269266001
GTAGAAA,0.616872522021297
GTAGAAC,0.613375836212284
GTAGAAG,0.632854494241478
GTAGAAT,0.626234664990483
GTAGACA,0.618515771115006
GTAGACC,0.621000661881688
GTAGACG,0.617543562116315
GTAGACT,0.619871931477281
GTAGAGA,0.58242915820724
GTAGAGC,0.624204324323217
GTAGAGG,0.637353108324181
GTAGAGT,0.625203367672783
GTAGATA,0.617451320799995
GTAGATC,0.615856717511198
GTAGATG,0.612819948035853
GTAGATT,0.617065492173037
GTAGCAA,0.615176139112784
GTAGCAC,0.612760972069892
GTAGCAG,0.638191269914438
GTAGCAT,0.618306323200289
GTAGCCA,0.616343760833662
GTAGCCC,0.61543666210431
GTAGCCG,0.617199710319604
GTAGCCT,0.617073881334987
GTAGCGA,0.613931415548723
GTAGCGC,0.615445064941857
GTAGCGG,0.618976402168706
GTAGCGT,0.613156886847957
GTAGCTA,0.61118418232585
GTAGCTC,0.614596021580026
GTAGCTG,0.569782534833545
GTAGCTT,0.623937744111309
GTAGGAA,0.626857917732201
GTAGGAC,0.61991375903436
GTAGGAG,0.633646927091324
GTAGGAT,0.619378234132813
GTAGGCA,0.630953398837829
GTAGGCC,0.626209726799367
GTAGGCG,0.617945970138125
GTAGGCT,0.618859170757135
GTAGGGA,0.649844241744042
GTAGGGC,0.629487917097202
GTAGGGG,0.6736309318725
GTAGGGT,0.645018245342733
GTAGGTA,0.643295436157867
GTAGGTC,0.622403527253743
GTAGGTG,0.646803240836013
GTAGGTT,0.630423754982164
GTAGTAA,0.617124214828802
GTAGTAC,0.614082883630713
GTAGTAG,0.634273824724901
GTAGTAT,0.611479492586852
GTAGTCA,0.623962739025269
GTAGTCC,0.59502075940418
GTAGTCG,0.613847256699766
GTAGTCT,0.611943375444191
GTAGTGA,0.616058281449886
GTAGTGC,0.617786702991939
GTAGTGG,0.626517254366853
GTAGTGT,0.613148464761126
GTAGTTA,0.617300362108828
GTAGTTC,0.61366208229714
GTAGTTG,0.621510263207678
GTAGTTT,0.615478675585983
GTATAAA,0.621585428309131
GTATAAC,0.618532525053221
GTATAAG,0.619143851777149
GTATAAT,0.615907112304875
GTATACA,0.6106946189543
GTATACC,0.615957504559045
GTATACG,0.612145729636977
GTATACT,0.613148464761126
GTATAGA,0.617367457673872
GTATAGC,0.614587611605047
GTATAGG,0.617719635551444
GTATAGT,0.622470281302614
GTATATA,0.612179451355153
GTATATC,0.613148464761126
GTATATG,0.621309795311546
GTATATT,0.619001521397552
GTATCAA,0.614999617225895
GTATCAC,0.612777822700798
GTATCAG,0.626484012702384
GTATCAT,0.610390631441309
GTATCCA,0.618080070168501
GTATCCC,0.613173730808827
GTATCCG,0.611960239857634
GTATCCT,0.619110364098534
GTATCGA,0.613527388463813
GTATCGC,0.613375836212284
GTATCGG,0.61664594431819
GTATCGT,0.613779924520677
GTATCTA,0.611631332484362
GTATCTC,0.622303387824499
GTATCTG,0.622094731800338
GTATCTT,0.628227707973195
GTATGAA,0.61945355965336
GTATGAC,0.61599949616447
GTATGAG,0.625527841978671
GTATGAT,0.617870530967682
GTATGCA,0.617283587514135
GTATGCC,0.619897028221473
GTATGCG,0.614158609069109
GTATGCT,0.617300362108828
GTATGGA,0.630556192247397
GTATGGC,0.622512000320407
GTATGGG,0.638913825650544
GTATGGT,0.6204657188831
GTATGTA,0.633506646186965
GTATGTC,0.624637365656445
GTATGTG,0.653256372931454
GTATGTT,0.630407199090687
GTATTAA,0.621652236989939
GTATTAC,0.617023545307585
GTATTAG,0.617258425094482
GTATTAT,0.61675504369475
GTATTCA,0.617015155723345
GTATTCC,0.614225915756228
GTATTCG,0.614680117440026
GTATTCT,0.617140992097098
GTATTGA,0.622069690151477
GTATTGC,0.617669332019068
GTATTGG,0.624395884964897
GTATTGT,0.616150651345592
GTATTTA,0.620173050845709
GTATTTC,0.631085765981692
GTATTTG,0.628078367458104
GTATTTT,0.595569484875468
GTCAAAA,0.611192620972227
GTCAAAC,0.619871931477281
GTCAAAG,0.618733550420687
GTCAAAT,0.612567169403255
GTCAACA,0.611530108447771
GTCAACC,0.608860847928407
GTCAACG,0.611884347757323
GTCAACT,0.61894290888203
GTCAAGA,0.61587351605794
GTCAAGC,0.614562381255734
GTCAAGG,0.618842422290675
GTCAAGT,0.620699791657354
GTCAATA,0.610880343620193
GTCAATC,0.611580721746855
GTCAATG,0.61562150822192
GTCAATT,0.616385736223039
GTCACAA,0.615789520502175
GTCACAC,0.614099712001479
GTCACAG,0.615302207100037
GTCACAT,0.618892666848547
GTCACCA,0.612246891380233
GTCACCC,0.611091352515495
GTCACCG,0.612870496095632
GTCACCT,0.624728946528712
GTCACGA,0.61201083139158
GTCACGC,0.614907140943155
GTCACGG,0.619487035841316
GTCACGT,0.613401096515932
GTCACTA,0.609393579572984
GTCACTC,0.615823119571116
GTCACTG,0.631838271086093
GTCACTT,0.624978669923956
GTCAGAA,0.608666287857752
GTCAGAC,0.619378234132813
GTCAGAG,0.629338764677881
GTCAGAT,0.616662729612411
GTCAGCA,0.622153159875801
GTCAGCC,0.624254300202383
GTCAGCG,0.617979496831646
GTCAGCT,0.619729704695197
GTCAGGA,0.609528831319583
GTCAGGC,0.626209726799367
GTCAGGG,0.656681091405082
GTCAGGT,0.635122809248085
GTCAGTA,0.619587457681777
GTCAGTC,0.623012492823937
GTCAGTG,0.620122870580611
GTCAGTT,0.621493559084516
GTCATAA,0.616133857453714
GTCATAC,0.613022124946141
GTCATAG,0.615629909506385
GTCATAT,0.618038165840724
GTCATCA,0.614856695729651
GTCATCC,0.614890326154732
GTCATCG,0.610669290190741
GTCATCT,0.621117642526518
GTCATGA,0.615209758796744
GTCATGC,0.61319899621817
GTCATGG,0.632846236427094
GTCATGT,0.618021403617929
GTCATTA,0.620022502495605
GTCATTC,0.622336768748471
GTCATTG,0.616301783682279
GTCATTT,0.626558804893581
GTCCAAA,0.615453467708796
GTCCAAC,0.610002068426967
GTCCAAG,0.615470273030858
GTCCAAT,0.61319899621817
GTCCACA,0.615461870405129
GTCCACC,0.620574402342143
GTCCACG,0.612676714655939
GTCCACT,0.618859170757135
GTCCAGA,0.630746540092816
GTCCAGC,0.610576412568518
GTCCAGG,0.665375791816745
GTCCAGT,0.621986213459377
GTCCATA,0.61540305004803
GTCCATC,0.621159418012075
GTCCATG,0.615024836546141
GTCCATT,0.617845383312799
GTCCCAA,0.610525748411212
GTCCCAC,0.615520687302597
GTCCCAG,0.625611023562524
GTCCCAT,0.620958879763351
GTCCCCA,0.64494482115905
GTCCCCC,0.621468502376585
GTCCCCG,0.62620141393079
GTCCCCT,0.62655049492635
GTCCCGA,0.617182934036418
GTCCCGC,0.616889303512807
GTCCCGG,0.633465383352082
GTCCCGT,0.61636894627872
GTCCCTA,0.622011257198692
GTCCCTC,0.629347051507051
GTCCCTG,0.650736896664429
GTCCCTT,0.626359346618219
GTCCGAA,0.617769936553502
GTCCGAC,0.613838840425309
GTCCGAG,0.624620713687634
GTCCGAT,0.613611574235684
GTCCGCA,0.615797920375245
GTCCGCC,0.613535807359933
GTCCGCG,0.624695645363737
GTCCGCT,0.614705344819026
GTCCGGA,0.622044647875516
GTCCGGC,0.616268200692428
GTCCGGG,0.637024225641988
GTCCGGT,0.619972314675192
GTCCGTA,0.61327478861638
GTCCGTC,0.614167022652748
GTCCGTG,0.617099048398577
GTCCGTT,0.616217824092899
GTCCTAA,0.621109287219979
GTCCTAC,0.614360515541419
GTCCTAG,0.625860526807083
GTCCTAT,0.613813591176924
GTCCTCA,0.62339603417572
GTCCTCC,0.623421042633171
GTCCTCG,0.617417776393504
GTCCTCT,0.625328177942646
GTCCTGA,0.623304331147186
GTCCTGC,0.632945325699351
GTCCTGG,0.665375791816745
GTCCTGT,0.633267298040696
GTCCTTA,0.615386243596217
GTCCTTC,0.621810889720678
GTCCTTG,0.633869685735671
GTCCTTT,0.630663784611972
GTCGAAA,0.615192949096049
GTCGAAC,0.611926510746335
GTCGAAG,0.615209758796744
GTCGAAT,0.610779043533075
GTCGACA,0.616217824092899
GTCGACC,0.613358995655354
GTCGACG,0.612853647026272
GTCGACT,0.611698809483478
GTCGAGA,0.619528879500401
GTCGAGC,0.61675504369475
GTCGAGG,0.626741606703789
GTCGAGT,0.615092084957562
GTCGATA,0.614898733584286
GTCGATC,0.612120437602066
GTCGATG,0.616528439369094
GTCGATT,0.613182152682868
GTCGCAA,0.612373329169864
GTCGCAC,0.611816883277034
GTCGCAG,0.618046546846758
GTCGCAT,0.611572286374902
GTCGCCA,0.615814719909714
GTCGCCC,0.601304473824745
GTCGCCG,0.628451676936801
GTCGCCT,0.61572231897741
GTCGCGA,0.614705344819026
GTCGCGC,0.618641418810224
GTCGCGG,0.62161883320746
GTCGCGT,0.611918078290749
GTCGCTA,0.611504800837558
GTCGCTC,0.618725175170481
GTCGCTG,0.615554295405146
GTCGCTT,0.613123198075037
GTCGGAA,0.614646479944675
GTCGGAC,0.619796637465404
GTCGGAG,0.621217900760088
GTCGGAT,0.618666546454898
GTCGGCA,0.614545560669202
GTCGGCC,0.617736402833264
GTCGGCG,0.614023982102776
GTCGGCT,0.627223378631805
GTCGGGA,0.625078541823373
GTCGGGC,0.628327255927701
GTCGGGG,0.664384100492346
GTCGGGT,0.626276227260364
GTCGGTA,0.617543562116315
GTCGGTC,0.616763435461496
GTCGGTG,0.626392592426985
GTCGGTT,0.613754673784648
GTCGTAA,0.613754673784648
GTCGTAC,0.612727269956223
GTCGTAG,0.612727269956223
GTCGTAT,0.611825316585982
GTCGTCA,0.615234972817987
GTCGTCC,0.618306323200289
GTCGTCG,0.616696299355637
GTCGTCT,0.614385750984323
GTCGTGA,0.614124954026652
GTCGTGC,0.614713753803934
GTCGTGG,0.61610866608707
GTCGTGT,0.614781023137726
GTCGTTA,0.611395127124981
GTCGTTC,0.613880921089279
GTCGTTG,0.611724112184335
GTCGTTT,0.614663298833786
GTCTAAA,0.615907112304875
GTCTAAC,0.613460034743128
GTCTAAG,0.613375836212284
GTCTAAT,0.61235647172155
GTCTACA,0.614209089509148
GTCTACC,0.616998376343708
GTCTACG,0.615663513938445
GTCTACT,0.614436219959731
GTCTAGA,0.612819948035853
GTCTAGC,0.614587611605047
GTCTAGG,0.635328764794531
GTCTAGT,0.617191322213191
GTCTATA,0.615789520502175
GTCTATC,0.614133367893454
GTCTATG,0.614898733584286
GTCTATT,0.616813784583168
GTCTCAA,0.567775172388564
GTCTCAC,0.611032274512766
GTCTCAG,0.620507521611394
GTCTCAT,0.627173550918574
GTCTCCA,0.619043385376845
GTCTCCC,0.62938019813703
GTCTCCG,0.619897028221473
GTCTCCT,0.620758301290972
GTCTCGA,0.600767414219103
GTCTCGC,0.608412456951466
GTCTCGG,0.623687760604688
GTCTCGT,0.613544226185176
GTCTCTA,0.593475852763398
GTCTCTC,0.62710711010523
GTCTCTG,0.628285778817632
GTCTCTT,0.627414361868772
GTCTGAA,0.629960086380469
GTCTGAC,0.620156324370459
GTCTGAG,0.632788429816963
GTCTGAT,0.615915511190251
GTCTGCA,0.617635794924959
GTCTGCC,0.621359916053272
GTCTGCG,0.622612118862538
GTCTGCT,0.62928904226071
GTCTGGA,0.640562253131993
GTCTGGC,0.619963949793566
GTCTGGG,0.693450981905372
GTCTGGT,0.631532375781737
GTCTGTA,0.618297944371168
GTCTGTC,0.626425837130505
GTCTGTG,0.64151234926087
GTCTGTT,0.630283021166976
GTCTTAA,0.617073881334987
GTCTTAC,0.618381729503329
GTCTTAG,0.626118281444089
GTCTTAT,0.617308749300655
GTCTTCA,0.622186545814813
GTCTTCC,0.615739119781985
GTCTTCG,0.609604902388884
GTCTTCT,0.629255892609033
GTCTTGA,0.609680967671818
GTCTTGC,0.612255321063585
GTCTTGG,0.622812325880651
GTCTTGT,0.618649794761938
GTCTTTA,0.616486469969437
GTCTTTC,0.618272807462568
GTCTTTG,0.640513085667439
GTCTTTT,0.627895809869219
GTGAAAA,0.62292075461514
GTGAAAC,0.587289533287586
GTGAAAG,0.623095883893147
GTGAAAT,0.61999740890025
GTGAACA,0.619344754302332
GTGAACC,0.605454813088326
GTGAACG,0.615772720544358
GTGAACT,0.625644294258792
GTGAAGA,0.639086176591211
GTGAAGC,0.631457954665099
GTGAAGG,0.656729470340663
GTGAAGT,0.639094383037971
GTGAATA,0.621944472500047
GTGAATC,0.611909645764056
GTGAATG,0.632424997445925
GTGAATT,0.624654017347973
GTGACAA,0.617560332350643
GTGACAC,0.613704170399711
GTGACAG,0.61594070742314
GTGACAT,0.616150651345592
GTGACCA,0.631060948476793
GTGACCC,0.625111830240102
GTGACCG,0.614537150269835
GTGACCT,0.622737252945989
GTGACGA,0.613451615209059
GTGACGC,0.614343691559015
GTGACGG,0.617501635300025
GTGACGT,0.611892780497344
GTGACTA,0.613392676485614
GTGACTC,0.615915511190251
GTGACTG,0.635682909141197
GTGACTT,0.620716509044858
GTGAGAA,0.642592396238201
GTGAGAC,0.605378425649209
GTGAGAG,0.65243074886922
GTGAGAT,0.622537030895679
GTGAGCA,0.64642857452279
GTGAGCC,0.580246879174692
GTGAGCG,0.628302369868102
GTGAGCT,0.630034619049508
GTGAGGA,0.662774508812314
GTGAGGC,0.651223463701945
GTGAGGG,0.706723010484658
GTGAGGT,0.641839759425434
GTGAGTA,0.704319484694051
GTGAGTC,0.640308195206765
GTGAGTG,0.759340029995004
GTGAGTT,0.64620859629122
GTGATAA,0.619528879500401
GTGATAC,0.617015155723345
GTGATAG,0.62066635604391
GTGATAT,0.620599481463015
GTGATCA,0.616318574754283
GTGATCC,0.587453732050151
GTGATCG,0.615201353981717
GTGATCT,0.597453435512686
GTGATGA,0.626026827725794
GTGATGC,0.618850796558969
GTGATGG,0.636119240148532
GTGATGT,0.630696887626131
GTGATTA,0.621802540204449
GTGATTC,0.607294834898606
GTGATTG,0.623912748572588
GTGATTT,0.625702515313823
GTGCAAA,0.614023982102776
GTGCAAC,0.615865116819843
GTGCAAG,0.630357529771606
GTGCAAT,0.60671860236225
GTGCACA,0.61945355965336
GTGCACC,0.61177471566545
GTGCACG,0.611546979832101
GTGCACT,0.617350684204651
GTGCAGA,0.631664666315324
GTGCAGC,0.621251317937689
GTGCAGG,0.663767796847008
GTGCAGT,0.591455292546896
GTGCATA,0.61749324972582
GTGCATC,0.614057640543562
GTGCATG,0.629504488215083
GTGCATT,0.624462506152651
GTGCCAA,0.614865103441954
GTGCCAC,0.59807778115691
GTGCCAG,0.636399050397603
GTGCCAT,0.614217502668078
GTGCCCA,0.626783147909798
GTGCCCC,0.623004153334529
GTGCCCG,0.614385750984323
GTGCCCT,0.634282070758986
GTGCCGA,0.616813784583168
GTGCCGC,0.614663298833786
GTGCCGG,0.632383689954079
GTGCCGT,0.615016430176727
GTGCCTA,0.62292075461514
GTGCCTC,0.611918078290749
GTGCCTG,0.644789796842647
GTGCCTT,0.617862148486322
GTGCGAA,0.616553620163428
GTGCGAC,0.61289576916739
GTGCGAG,0.622019604972424
GTGCGAT,0.60956264139814
GTGCGCA,0.618758675750446
GTGCGCC,0.613990322529062
GTGCGCG,0.632367166479563
GTGCGCT,0.607582826698123
GTGCGGA,0.626459080728851
GTGCGGC,0.634323299909483
GTGCGGG,0.658501750320088
GTGCGGT,0.622428560544272
GTGCGTA,0.620716509044858
GTGCGTC,0.61912710807802
GTGCGTG,0.624195994767197
GTGCGTT,0.621125997763246
GTGCTAA,0.618247669922089
GTGCTAC,0.616335365544351
GTGCTAG,0.619855199964565
GTGCTAT,0.612912617527052
GTGCTCA,0.613224260989188
GTGCTCC,0.627779619503494
GTGCTCG,0.618163873556505
GTGCTCT,0.62710711010523
GTGCTGA,0.638026979864479
GTGCTGC,0.637928392877157
GTGCTGG,0.654542017207414
GTGCTGT,0.636135701742428
GTGCTTA,0.621785840962846
GTGCTTC,0.622461937290194
GTGCTTG,0.630547915432156
GTGCTTT,0.616864131169934
GTGGAAA,0.626625282145548
GTGGAAC,0.629819287291704
GTGGAAG,0.645964119266307
GTGGAAT,0.622803984721779
GTGGACA,0.626251290105727
GTGGACC,0.623762762218527
GTGGACG,0.619880297128662
GTGGACT,0.625902104629582
GTGGAGA,0.673900441779471
GTGGAGC,0.640857207163899
GTGGAGG,0.700969498890161
GTGGAGT,0.650315013644571
GTGGATA,0.618281186502309
GTGGATC,0.607870735582242
GTGGATG,0.646697371107025
GTGGATT,0.619386603915296
GTGGCAA,0.628111556166672
GTGGCAC,0.608310906545768
GTGGCAG,0.66282259385824
GTGGCAT,0.6185241481192
GTGGCCA,0.651142385634712
GTGGCCC,0.654048978013411
GTGGCCG,0.641536908741967
GTGGCCT,0.646151556997847
GTGGCGA,0.61721648632135
GTGGCGC,0.615453467708796
GTGGCGG,0.651839442279945
GTGGCGT,0.618323080647919
GTGGCTA,0.622637146931943
GTGGCTC,0.616662729612411
GTGGCTG,0.681684799080545
GTGGCTT,0.631515838234447
GTGGGAA,0.664352094070055
GTGGGAC,0.658759275036825
GTGGGAG,0.777132294784593
GTGGGAT,0.650777452961216
GTGGGCA,0.690150107207962
GTGGGCC,0.671837635243484
GTGGGCG,0.657358183608463
GTGGGCT,0.68483339606907
GTGGGGA,0.77166319474282
GTGGGGC,0.74079560449046
GTGGGGG,0.85018435245965
GTGGGGT,0.748975493376601
GTGGGTA,0.65506711945742
GTGGGTC,0.657704613002155
GTGGGTG,0.773372364633755
GTGGGTT,0.659877128969399
GTGGTAA,0.630100865647641
GTGGTAC,0.614461453492297
GTGGTAG,0.629728171433978
GTGGTAT,0.623562745413064
GTGGTCA,0.629736455036842
GTGGTCC,0.63225149451261
GTGGTCG,0.63176387273189
GTGGTCT,0.6302085070104
GTGGTGA,0.636300302778982
GTGGTGC,0.621819239167193
GTGGTGG,0.717342747995633
GTGGTGT,0.635188719638106
GTGGTTA,0.621217900760088
GTGGTTC,0.626708372496452
GTGGTTG,0.64363860168252
GTGGTTT,0.641766101484121
GTGTAAA,0.612499750975002
GTGTAAC,0.61371258780766
GTGTAAG,0.636185084898274
GTGTAAT,0.61894290888203
GTGTACA,0.616419315265994
GTGTACC,0.614940769671813
GTGTACG,0.613140042603364
GTGTACT,0.619545616473797
GTGTAGA,0.621025730314757
GTGTAGC,0.622236622633511
GTGTAGG,0.637591480650744
GTGTAGT,0.611437310745608
GTGTATA,0.609841530937604
GTGTATC,0.609951375161903
GTGTATG,0.63699955507992
GTGTATT,0.617660947850984
GTGTCAA,0.614747389036476
GTGTCAC,0.625353138127415
GTGTCAG,0.633201260883098
GTGTCAT,0.621952820831299
GTGTCCA,0.635394661611786
GTGTCCC,0.639406178122153
GTGTCCG,0.621485206918299
GTGTCCT,0.6378462296292
GTGTCGA,0.616083474085805
GTGTCGC,0.614049226039573
GTGTCGG,0.628227707973195
GTGTCGT,0.613687335371251
GTGTCTA,0.629040393083312
GTGTCTC,0.630506530328337
GTGTCTG,0.656374637115643
GTGTCTT,0.637484631117164
GTGTGAA,0.639808086229851
GTGTGAC,0.62970332021367
GTGTGAG,0.662998885914031
GTGTGAT,0.621510263207678
GTGTGCA,0.623637756403479
GTGTGCC,0.620290128339416
GTGTGCG,0.634496443781682
GTGTGCT,0.64066877434609
GTGTGGA,0.646265632331296
GTGTGGC,0.652851740427554
GTGTGGG,0.736792075982294
GTGTGGT,0.635287577078517
GTGTGTA,0.64248607974457
GTGTGTC,0.659193697669306
GTGTGTG,0.897354762030746
GTGTGTT,0.654178323289342
GTGTTAA,0.615772720544358
GTGTTAC,0.611125109807229
GTGTTAG,0.620273403822362
GTGTTAT,0.620256679025593
GTGTTCA,0.614890326154732
GTGTTCC,0.627655114843018
GTGTTCG,0.613729422411003
GTGTTCT,0.620482440184115
GTGTTGA,0.632094489724642
GTGTTGC,0.621543670616942
GTGTTGG,0.652365965203463
GTGTTGT,0.628775099129938
GTGTTTA,0.617300362108828
GTGTTTC,0.625943680723438
GTGTTTG,0.6481622637822
GTGTTTT,0.633539655229027
GTTAAAA,0.61268514071681
GTTAAAC,0.615890314322496
GTTAAAG,0.617686100144355
GTTAAAT,0.60956264139814
GTTAACA,0.609402033343097
GTTAACC,0.61263458328657
GTTAACG,0.616159048185769
GTTAACT,0.611310754544979
GTTAAGA,0.616033088179283
GTTAAGC,0.610846578064664
GTTAAGG,0.616603979849959
GTTAAGT,0.616771827157821
GTTAATA,0.615445064941857
GTTAATC,0.614848287946659
GTTAATG,0.621627184257687
GTTAATT,0.614023982102776
GTTACAA,0.615755920304298
GTTACAC,0.610500415369955
GTTACAG,0.609740125558655
GTTACAT,0.607489661956293
GTTACCA,0.614436219959731
GTTACCC,0.61248289565772
GTTACCG,0.611108231303806
GTTACCT,0.612196311787817
GTTACGA,0.61247446789254
GTTACGC,0.615470273030858
GTTACGG,0.616847349255986
GTTACGT,0.615571099032866
GTTACTA,0.609156844989888
GTTACTC,0.613603155977416
GTTACTG,0.617694484101562
GTTACTT,0.612196311787817
GTTAGAA,0.622153159875801
GTTAGAC,0.614495097211946
GTTAGAG,0.619620929387712
GTTAGAT,0.621309795311546
GTTAGCA,0.622044647875516
GTTAGCC,0.60700676013592
GTTAGCG,0.614688526637073
GTTAGCT,0.614023982102776
GTTAGGA,0.621151063054577
GTTAGGC,0.619704603751325
GTTAGGG,0.639266702864892
GTTAGGT,0.617124214828802
GTTAGTA,0.624620713687634
GTTAGTC,0.614537150269835
GTTAGTG,0.627215074185348
GTTAGTT,0.619185709798474
GTTATAA,0.616016292312929
GTTATAC,0.617878913378777
GTTATAG,0.614553970997835
GTTATAT,0.617677716116858
GTTATCA,0.616427709850555
GTTATCC,0.618348216292853
GTTATCG,0.610956311951854
GTTATCT,0.613922999982542
GTTATGA,0.619286161901691
GTTATGC,0.611867482063945
GTTATGG,0.622537030895679
GTTATGT,0.620716509044858
GTTATTA,0.612052989048112
GTTATTC,0.612710418473442
GTTATTG,0.618004641114156
GTTATTT,0.625111830240102
GTTCAAA,0.614991210644474
GTTCAAC,0.61333373428819
GTTCAAG,0.570204624486526
GTTCAAT,0.609444301121698
GTTCACA,0.613173730808827
GTTCACC,0.607659045940561
GTTCACG,0.611226374845643
GTTCACT,0.617409390116061
GTTCAGA,0.622737252945989
GTTCAGC,0.616906084722703
GTTCAGG,0.637312003903629
GTTCAGT,0.618356594700767
GTTCATA,0.618607914301787
GTTCATC,0.614453042385523
GTTCATG,0.611243251355115
GTTCATT,0.607904601766698
GTTCCAA,0.621268026107733
GTTCCAC,0.610703061732923
GTTCCAG,0.628385320991759
GTTCCAT,0.615092084957562
GTTCCCA,0.621685639656642
GTTCCCC,0.625120152171144
GTTCCCG,0.624129355821179
GTTCCCT,0.629620478352038
GTTCCGA,0.617828617858202
GTTCCGC,0.619344754302332
GTTCCGG,0.617837000620636
GTTCCGT,0.617224874216686
GTTCCTA,0.612457612149095
GTTCCTC,0.619595825713295
GTTCCTG,0.636933763938693
GTTCCTT,0.619219194954073
GTTCGAA,0.613746256730948
GTTCGAC,0.613232682437683
GTTCGAG,0.600443333992953
GTTCGAT,0.613603155977416
GTTCGCA,0.614469864528326
GTTCGCC,0.614057640543562
GTTCGCG,0.615991097984447
GTTCGCT,0.613224260989188
GTTCGGA,0.617073881334987
GTTCGGC,0.61726681263805
GTTCGGG,0.625985255088794
GTTCGGT,0.615352629845196
GTTCGTA,0.620298490493053
GTTCGTC,0.616637551565424
GTTCGTG,0.617945970138125
GTTCGTT,0.616721475923531
GTTCTAA,0.612314326857464
GTTCTAC,0.612272180217113
GTTCTAG,0.612836797673015
GTTCTAT,0.615629909506385
GTTCTCA,0.613628410539623
GTTCTCC,0.619595825713295
GTTCTCG,0.620231591305955
GTTCTCT,0.622069690151477
GTTCTGA,0.628642425755752
GTTCTGC,0.622386838045236
GTTCTGG,0.653563784170696
GTTCTGT,0.624470833489056
GTTCTTA,0.616016292312929
GTTCTTC,0.61333373428819
GTTCTTG,0.618850796558969
GTTCTTT,0.624071043100389
GTTGAAA,0.618096831407952
GTTGAAC,0.617644179303931
GTTGAAG,0.627331330160505
GTTGAAT,0.613864089036184
GTTGACA,0.615965903021194
GTTGACC,0.621643886148926
GTTGACG,0.61096475252136
GTTGACT,0.621635535238176
GTTGAGA,0.627522292783621
GTTGAGC,0.615705517890563
GTTGAGG,0.646184151278159
GTTGAGT,0.618281186502309
GTTGATA,0.613948246468622
GTTGATC,0.615965903021194
GTTGATG,0.622228276671204
GTTGATT,0.623354352023422
GTTGCAA,0.612575596387208
GTTGCAC,0.621234609488477
GTTGCAG,0.608099310073073
GTTGCAT,0.616234616574721
GTTGCCA,0.615386243596217
GTTGCCC,0.605454813088326
GTTGCCG,0.62018141397842
GTTGCCT,0.62236180371022
GTTGCGA,0.612988431632875
GTTGCGC,0.614537150269835
GTTGCGG,0.623887752409075
GTTGCGT,0.61505005523039
GTTGCTA,0.614713753803934
GTTGCTC,0.617090659447756
GTTGCTG,0.619420082344712
GTTGCTT,0.615142518298503
GTTGGAA,0.633415865702657
GTTGGAC,0.62018141397842
GTTGGAG,0.653054077145437
GTTGGAT,0.625061897199454
GTTGGCA,0.626043456296687
GTTGGCC,0.596160742415165
GTTGGCG,0.624129355821179
GTTGGCT,0.623654424748375
GTTGGGA,0.657688502668014
GTTGGGC,0.652981240643215
GTTGGGG,0.740380398816499
GTTGGGT,0.66126667159998
GTTGGTA,0.625020284427553
GTTGGTC,0.621501911180976
GTTGGTG,0.648406204066954
GTTGGTT,0.624670668762226
GTTGTAA,0.619855199964565
GTTGTAC,0.610593300050557
GTTGTAG,0.618959655665593
GTTGTAT,0.621952820831299
GTTGTCA,0.612777822700798
GTTGTCC,0.621969517284721
GTTGTCG,0.617140992097098
GTTGTCT,0.634826158721956
GTTGTGA,0.628600961716228
GTTGTGC,0.617401003768289
GTTGTGG,0.641528722315287
GTTGTGT,0.626392592426985
GTTGTTA,0.621693990148987
GTTGTTC,0.618658170643495
GTTGTTG,0.618465507616129
GTTGTTT,0.638577245320803
GTTTAAA,0.622904074036589
GTTTAAC,0.61599949616447
GTTTAAG,0.612187881607019
GTTTAAT,0.626783147909798
GTTTACA,0.610669290190741
GTTTACC,0.616771827157821
GTTTACG,0.614150195414681
GTTTACT,0.617736402833264
GTTTAGA,0.620022502495605
GTTTAGC,0.615352629845196
GTTTAGG,0.623646090610656
GTTTAGT,0.616343760833662
GTTTATA,0.618054927782552
GTTTATC,0.611336067066455
GTTTATG,0.628650718357349
GTTTATT,0.627314722991507
GTTTCAA,0.612230031800348
GTTTCAC,0.593475852763398
GTTTCAG,0.623546075539943
GTTTCAT,0.614116540089056
GTTTCCA,0.628202819436086
GTTTCCC,0.633358092012438
GTTTCCG,0.617560332350643
GTTTCCT,0.628111556166672
GTTTCGA,0.612381757787457
GTTTCGC,0.60847168992611
GTTTCGG,0.616889303512807
GTTTCGT,0.615579500740841
GTTTCTA,0.614772614718468
GTTTCTC,0.625885473708028
GTTTCTG,0.632276282489073
GTTTCTT,0.640218030103065
GTTTGAA,0.626849610250226
GTTTGAC,0.611681940660551
GTTTGAG,0.632804946332269
GTTTGAT,0.618934535385077
GTTTGCA,0.618121972740379
GTTTGCC,0.620741584602117
GTTTGCG,0.617057102940709
GTTTGCT,0.619604193674789
GTTTGGA,0.629587339685713
GTTTGGC,0.621577076910188
GTTTGGG,0.696841698934766
GTTTGGT,0.634603613062071
GTTTGTA,0.63146622395157
GTTTGTC,0.622103078877275
GTTTGTG,0.635295814757435
GTTTGTT,0.640980079005363
GTTTTAA,0.614570791442902
GTTTTAC,0.619487035841316
GTTTTAG,0.632268019898524
GTTTTAT,0.629313903778336
GTTTTCA,0.620599481463015
GTTTTCC,0.626251290105727
GTTTTCG,0.615789520502175
GTTTTCT,0.656116497483548
GTTTTGA,0.623387697884251
GTTTTGC,0.615529089434126
GTTTTGG,0.642281593174329
GTTTTGT,0.628144743773787
GTTTTTA,0.619403343270104
GTTTTTC,0.642453364703153
GTTTTTG,0.623229295141104
GTTTTTT,0.620875310289077
TAAAAAA,0.574477032349274
TAAAAAC,0.604563263022823
TAAAAAG,0.605234122341977
TAAAAAT,0.567396138821136
TAAAACA,0.610272389114674
TAAAACC,0.606371007514058
TAAAACG,0.611192620972227
TAAAACT,0.615251781812296
TAAAAGA,0.611023834513169
TAAAAGC,0.607862268856919
TAAAAGG,0.612803098114776
TAAAAGT,0.600741832756282
TAAAATA,0.589706579786222
TAAAATC,0.618381729503329
TAAAATG,0.606727078776181
TAAAATT,0.617308749300655
TAAACAA,0.608082380420903
TAAACAC,0.610069655449822
TAAACAG,0.622320078425771
TAAACAT,0.612803098114776
TAAACCA,0.6123058976715
TAAACCC,0.610018965610936
TAAACCG,0.612331185016242
TAAACCT,0.61708227042656
TAAACGA,0.61289576916739
TAAACGC,0.612954737184332
TAAACGG,0.612668288524068
TAAACGT,0.616284992328331
TAAACTA,0.611167304819462
TAAACTC,0.609892229771195
TAAACTG,0.617124214828802
TAAACTT,0.618725175170481
TAAAGAA,0.621368269266001
TAAAGAC,0.60741342980195
TAAAGAG,0.606540581070421
TAAAGAT,0.617853765934694
TAAAGCA,0.61289576916739
TAAAGCC,0.611783149330016
TAAAGCG,0.61441939725094
TAAAGCT,0.619302902937904
TAAAGGA,0.6185241481192
TAAAGGC,0.616461287484129
TAAAGGG,0.618616290534136
TAAAGGT,0.624304273584084
TAAAGTA,0.613788341291
TAAAGTC,0.610162580148181
TAAAGTG,0.618800549897246
TAAAGTT,0.617308749300655
TAAATAA,0.60123629176517
TAAATAC,0.613190574485982
TAAATAG,0.609782379049567
TAAATAT,0.621627184257687
TAAATCA,0.61019636880679
TAAATCC,0.609199123133108
TAAATCG,0.615445064941857
TAAATCT,0.627190160432186
TAAATGA,0.602173387833802
TAAATGC,0.608843931164008
TAAATGG,0.624121025640678
TAAATGT,0.627912407390892
TAAATTA,0.611513236778793
TAAATTC,0.607938466804274
TAAATTG,0.621769141442373
TAAATTT,0.625103508239805
TAACAAA,0.615201353981717
TAACAAC,0.613948246468622
TAACAAG,0.61289576916739
TAACAAT,0.619922124335835
TAACACA,0.603891953349302
TAACACC,0.607887668817835
TAACACG,0.608742424567463
TAACACT,0.614713753803934
TAACAGA,0.607913068133609
TAACAGC,0.60980773028717
TAACAGG,0.617652563612605
TAACAGT,0.616259804768741
TAACATA,0.612322755972378
TAACATC,0.614167022652748
TAACATG,0.612541888025303
TAACATT,0.613922999982542
TAACCAA,0.621635535238176
TAACCAC,0.609537283946391
TAACCAG,0.621552022294877
TAACCAT,0.614023982102776
TAACCCA,0.616117063279796
TAACCCC,0.615108896353824
TAACCCG,0.616746651857582
TAACCCT,0.621435092456008
TAACCGA,0.61407446933913
TAACCGC,0.612230031800348
TAACCGG,0.616192634841427
TAACCGT,0.618741925600749
TAACCTA,0.617853765934694
TAACCTC,0.605140738516313
TAACCTG,0.618582785183764
TAACCTT,0.617803469149267
TAACGAA,0.61359473764828
TAACGAC,0.612221601903812
TAACGAG,0.613089508167145
TAACGAT,0.610373740536332
TAACGCA,0.612516606008186
TAACGCC,0.614537150269835
TAACGCG,0.614621251080606
TAACGCT,0.610770601395929
TAACGGA,0.615167734015184
TAACGGC,0.611918078290749
TAACGGG,0.613375836212284
TAACGGT,0.613939831044082
TAACGTA,0.612862071596439
TAACGTC,0.615033242844889
TAACGTG,0.61463807039404
TAACGTT,0.609495020097867
TAACTAA,0.611656636892605
TAACTAC,0.611116670591128
TAACTAG,0.613384256384398
TAACTAT,0.612499750975002
TAACTCA,0.621109287219979
TAACTCC,0.620632919312489
TAACTCG,0.612036126198771
TAACTCT,0.616041486006673
TAACTGA,0.612937889534308
TAACTGC,0.620139597615429
TAACTGG,0.621627184257687
TAACTGT,0.621702340571601
TAACTTA,0.610044310851561
TAACTTC,0.617811852122519
TAACTTG,0.613401096515932
TAACTTT,0.626841302699236
TAAGAAA,0.628659010890179
TAAGAAC,0.616259804768741
TAAGAAG,0.621568725441499
TAAGAAT,0.620775017700384
TAAGACA,0.616075076611017
TAAGACC,0.613409516475353
TAAGACG,0.611985535944545
TAAGACT,0.610846578064664
TAAGAGA,0.62095052313019
TAAGAGC,0.616083474085805
TAAGAGG,0.628302369868102
TAAGAGT,0.615730719414981
TAAGATA,0.619068502923202
TAAGATC,0.612701992625561
TAAGATG,0.61965439997333
TAAGATT,0.618038165840724
TAAGCAA,0.61371258780766
TAAGCAC,0.616612372884488
TAAGCAG,0.621719041207645
TAAGCAT,0.628567789246693
TAAGCCA,0.614881918654493
TAAGCCC,0.610247049654161
TAAGCCG,0.615629909506385
TAAGCCT,0.61248289565772
TAAGCGA,0.612525033418246
TAAGCGC,0.613695752920908
TAAGCGG,0.614503507965002
TAAGCGT,0.614040811464781
TAAGCTA,0.620089415671569
TAAGCTC,0.611724112184335
TAAGCTG,0.613485292920012
TAAGCTT,0.616117063279796
TAAGGAA,0.622612118862538
TAAGGAC,0.617115826089099
TAAGGAG,0.636308532119648
TAAGGAT,0.612027694667466
TAAGGCA,0.623646090610656
TAAGGCC,0.617686100144355
TAAGGCG,0.617065492173037
TAAGGCT,0.622311733159957
TAAGGGA,0.627472479962744
TAAGGGC,0.613148464761126
TAAGGGG,0.647568427063934
TAAGGGT,0.628766807559722
TAAGGTA,0.647145204917277
TAAGGTC,0.618633042788354
TAAGGTG,0.637443532102536
TAAGGTT,0.621376622408954
TAAGTAA,0.653733628795182
TAAGTAC,0.630506530328337
TAAGTAG,0.631151942983805
TAAGTAT,0.678739240551133
TAAGTCA,0.621769141442373
TAAGTCC,0.61929453245483
TAAGTCG,0.611816883277034
TAAGTCT,0.620967236326679
TAAGTGA,0.630183667724299
TAAGTGC,0.618549278710746
TAAGTGG,0.637377770165541
TAAGTGT,0.651547710250332
TAAGTTA,0.617711251805105
TAAGTTC,0.618725175170481
TAAGTTG,0.625735782966287
TAAGTTT,0.644259268681463
TAATAAA,0.612558742348287
TAATAAC,0.616603979849959
TAATAAG,0.612988431632875
TAATAAT,0.618867544885175
TAATACA,0.611192620972227
TAATACC,0.610703061732923
TAATACG,0.615814719909714
TAATACT,0.615991097984447
TAATAGA,0.614671708172264
TAATAGC,0.619344754302332
TAATAGG,0.621760791577557
TAATAGT,0.613283209639371
TAATATA,0.612154160173129
TAATATC,0.613922999982542
TAATATG,0.610871902338196
TAATATT,0.619001521397552
TAATCAA,0.612592450142075
TAATCAC,0.609773928494212
TAATCAG,0.621886032229753
TAATCAT,0.611125109807229
TAATCCA,0.605234122341977
TAATCCC,0.555386903552168
TAATCCG,0.612415471547432
TAATCCT,0.614276392798796
TAATCGA,0.615697117241285
TAATCGC,0.614486686388149
TAATCGG,0.614352103585598
TAATCGT,0.610103447248324
TAATCTA,0.614436219959731
TAATCTC,0.6053869134306
TAATCTG,0.621969517284721
TAATCTT,0.615234972817987
TAATGAA,0.624021058061721
TAATGAC,0.612803098114776
TAATGAG,0.617031934821439
TAATGAT,0.622136466488302
TAATGCA,0.612996855067621
TAATGCC,0.617501635300025
TAATGCG,0.614461453492297
TAATGCT,0.615058461317145
TAATGGA,0.623454386270255
TAATGGC,0.616335365544351
TAATGGG,0.623712761767667
TAATGGT,0.626126595003762
TAATGTA,0.616217824092899
TAATGTC,0.615965903021194
TAATGTG,0.616998376343708
TAATGTT,0.616545226635769
TAATTAA,0.612331185016242
TAATTAC,0.61439416265711
TAATTAG,0.614150195414681
TAATTAT,0.617065492173037
TAATTCA,0.614991210644474
TAATTCC,0.613965077105246
TAATTCG,0.616058281449886
TAATTCT,0.625735782966287
TAATTGA,0.615789520502175
TAATTGC,0.609587998206905
TAATTGG,0.610525748411212
TAATTGT,0.623637756403479
TAATTTA,0.609942926034544
TAATTTC,0.624504142141244
TAATTTG,0.619311273350914
TAATTTT,0.584381344711104
TACAAAA,0.570521074850084
TACAAAC,0.60774372717481
TACAAAG,0.616897694152956
TACAAAT,0.610289281731641
TACAACA,0.61071994707633
TACAACC,0.610187921749169
TACAACG,0.611344504431233
TACAACT,0.611589157047653
TACAAGA,0.61999740890025
TACAAGC,0.607032181835745
TACAAGG,0.61679700182428
TACAAGT,0.620582762118985
TACAATA,0.611310754544979
TACAATC,0.611808449896964
TACAATG,0.614764206228507
TACAATT,0.611783149330016
TACACAA,0.613064239991355
TACACAC,0.60494545324215
TACACAG,0.613813591176924
TACACAT,0.608657827865502
TACACCA,0.607642108833168
TACACCC,0.617426162600617
TACACCG,0.609883780144093
TACACCT,0.609664064775622
TACACGA,0.611631332484362
TACACGC,0.610652403991946
TACACGG,0.611487928741589
TACACGT,0.613973492317333
TACACTA,0.610998514086965
TACACTC,0.612120437602066
TACACTG,0.611892780497344
TACACTT,0.617987878329398
TACAGAA,0.618750300710669
TACAGAC,0.611437310745608
TACAGAG,0.618289565471842
TACAGAT,0.605599084554965
TACAGCA,0.614730571561621
TACAGCC,0.616729867971974
TACAGCG,0.611825316585982
TACAGCT,0.610981633446643
TACAGGA,0.619721337783912
TACAGGC,0.555431517164311
TACAGGG,0.62645076993287
TACAGGT,0.607057602889324
TACAGTA,0.617795086105741
TACAGTC,0.612044557658986
TACAGTG,0.623104222617606
TACAGTT,0.616553620163428
TACATAA,0.609283674057602
TACATAC,0.609816180556887
TACATAG,0.608564763226722
TACATAT,0.621552022294877
TACATCA,0.607430370782915
TACATCC,0.611892780497344
TACATCG,0.612263750675878
TACATCT,0.616066679065711
TACATGA,0.609655613220382
TACATGC,0.612272180217113
TACATGG,0.611369816098439
TACATGT,0.6148062479713
TACATTA,0.614150195414681
TACATTC,0.609697870282311
TACATTG,0.61210357589007
TACATTT,0.612668288524068
TACCAAA,0.611521672648864
TACCAAC,0.613460034743128
TACCAAG,0.619553984855449
TACCAAT,0.615125707467468
TACCACA,0.610187921749169
TACCACC,0.614360515541419
TACCACG,0.612322755972378
TACCACT,0.615344226230894
TACCAGA,0.616352156052494
TACCAGC,0.61540305004803
TACCAGG,0.622829007989673
TACCAGT,0.610551080810722
TACCATA,0.611867482063945
TACCATC,0.614553970997835
TACCATG,0.606226847378929
TACCATT,0.613401096515932
TACCCAA,0.613645246560105
TACCCAC,0.608801638000946
TACCCAG,0.605378425649209
TACCCAT,0.616813784583168
TACCCCA,0.616780218783725
TACCCCC,0.620724867633809
TACCCCG,0.615117301945972
TACCCCT,0.621560373903063
TACCCGA,0.611934943130815
TACCCGC,0.617610641366248
TACCCGG,0.61177471566545
TACCCGT,0.613392676485614
TACCCTA,0.613156886847957
TACCCTC,0.61562150822192
TACCCTG,0.619553984855449
TACCCTT,0.618633042788354
TACCGAA,0.612592450142075
TACCGAC,0.611901213166255
TACCGAG,0.612044557658986
TACCGAT,0.614183849607663
TACCGCA,0.611825316585982
TACCGCC,0.613493712170536
TACCGCG,0.612128868351446
TACCGCT,0.609638709895613
TACCGGA,0.61668790702548
TACCGGC,0.614267980135305
TACCGGG,0.618834047952252
TACCGGT,0.614469864528326
TACCGTA,0.612550315222304
TACCGTC,0.612137299029749
TACCGTG,0.613636828585295
TACCGTT,0.612609303612898
TACCTAA,0.610382186024483
TACCTAC,0.617258425094482
TACCTAG,0.611673506142378
TACCTAT,0.614209089509148
TACCTCA,0.621000661881688
TACCTCC,0.612533460757284
TACCTCG,0.611572286374902
TACCTCT,0.619687869438705
TACCTGA,0.621568725441499
TACCTGC,0.608285517332936
TACCTGG,0.613392676485614
TACCTGT,0.617325523473279
TACCTTA,0.611040714441131
TACCTTC,0.616562013620636
TACCTTG,0.617208098355656
TACCTTT,0.608708586745466
TACGAAA,0.616385736223039
TACGAAC,0.615016430176727
TACGAAG,0.61026394269918
TACGAAT,0.610973193019622
TACGACA,0.612331185016242
TACGACC,0.612314326857464
TACGACG,0.612213171936212
TACGACT,0.612541888025303
TACGAGA,0.613704170399711
TACGAGC,0.613148464761126
TACGAGG,0.615470273030858
TACGAGT,0.612803098114776
TACGATA,0.610838136497636
TACGATC,0.613266367522473
TACGATG,0.611428874163838
TACGATT,0.614755797667844
TACGCAA,0.613569482235654
TACGCAC,0.612760972069892
TACGCAG,0.612769397420838
TACGCAT,0.614696935763406
TACGCCA,0.612701992625561
TACGCCC,0.609182212090313
TACGCCG,0.611428874163838
TACGCCT,0.610643960785619
TACGCGA,0.613864089036184
TACGCGC,0.612718844250329
TACGCGG,0.614167022652748
TACGCGT,0.611454183695624
TACGCTA,0.61183374982381
TACGCTC,0.611572286374902
TACGCTG,0.614453042385523
TACGCTT,0.612213171936212
TACGGAA,0.612120437602066
TACGGAC,0.611310754544979
TACGGAG,0.612828372889923
TACGGAT,0.612668288524068
TACGGCA,0.613241103815258
TACGGCC,0.614890326154732
TACGGCG,0.612777822700798
TACGGCT,0.611690375107584
TACGGGA,0.614923955448845
TACGGGC,0.613653664464053
TACGGGG,0.617426162600617
TACGGGT,0.617140992097098
TACGGTA,0.619712970802622
TACGGTC,0.612516606008186
TACGGTG,0.614352103585598
TACGGTT,0.615638310720268
TACGTAA,0.612432328001197
TACGTAC,0.614755797667844
TACGTAG,0.614284805391514
TACGTAT,0.613847256699766
TACGTCA,0.612887344881107
TACGTCC,0.612643009702449
TACGTCG,0.612769397420838
TACGTCT,0.61019636880679
TACGTGA,0.61371258780766
TACGTGC,0.615419856217392
TACGTGG,0.612718844250329
TACGTGT,0.617543562116315
TACGTTA,0.611403563991465
TACGTTC,0.612230031800348
TACGTTG,0.613342154814816
TACGTTT,0.613165308863857
TACTAAA,0.576811675641444
TACTAAC,0.612912617527052
TACTAAG,0.609080739827448
TACTAAT,0.612154160173129
TACTACA,0.612811523110804
TACTACC,0.61106603379884
TACTACG,0.612398614809522
TACTACT,0.613527388463813
TACTAGA,0.607752194903848
TACTAGC,0.615361033388879
TACTAGG,0.613628410539623
TACTAGT,0.612120437602066
TACTATA,0.607599764809606
TACTATC,0.613097930750526
TACTATG,0.612331185016242
TACTATT,0.614469864528326
TACTCAA,0.609647161593713
TACTCAC,0.615176139112784
TACTCAG,0.608598605915662
TACTCAT,0.615503882827749
TACTCCA,0.614040811464781
TACTCCC,0.611892780497344
TACTCCG,0.61137825317847
TACTCCT,0.614410985790417
TACTCGA,0.614082883630713
TACTCGC,0.61247446789254
TACTCGG,0.597376434393425
TACTCGT,0.613603155977416
TACTCTA,0.614789431486283
TACTCTC,0.611563850931793
TACTCTG,0.624204324323217
TACTCTT,0.619160595195931
TACTGAA,0.607726791501623
TACTGAC,0.623529405388932
TACTGAG,0.609359763777855
TACTGAT,0.615134112918311
TACTGCA,0.607091496622213
TACTGCC,0.617837000620636
TACTGCG,0.613611574235684
TACTGCT,0.616192634841427
TACTGGA,0.617862148486322
TACTGGC,0.610990073802424
TACTGGG,0.634826158721956
TACTGGT,0.616436104364649
TACTGTA,0.6202399539491
TACTGTC,0.619537248022115
TACTGTG,0.615806320177758
TACTGTT,0.623287656965739
TACTTAA,0.609959824217874
TACTTAC,0.609511925851625
TACTTAG,0.607040655592075
TACTTAT,0.615923910005086
TACTTCA,0.62095052313019
TACTTCC,0.615008023736645
TACTTCG,0.61463807039404
TACTTCT,0.622512000320407
TACTTGA,0.610103447248324
TACTTGC,0.613165308863857
TACTTGG,0.606955914797399
TACTTGT,0.620958879763351
TACTTTA,0.61991375903436
TACTTTC,0.618356594700767
TACTTTG,0.61848226239647
TACTTTT,0.621251317937689
TAGAAAA,0.611462620063871
TAGAAAC,0.617023545307585
TAGAAAG,0.628244299987141
TAGAAAT,0.61583991868226
TAGAACA,0.616704691615364
TAGAACC,0.61183374982381
TAGAACG,0.610187921749169
TAGAACT,0.612415471547432
TAGAAGA,0.625694198227776
TAGAAGC,0.618993148391378
TAGAAGG,0.637320224922907
TAGAAGT,0.617719635551444
TAGAATA,0.611546979832101
TAGAATC,0.610238603024636
TAGAATG,0.624845491873778
TAGAATT,0.614209089509148
TAGACAA,0.619712970802622
TAGACAC,0.614797839764141
TAGACAG,0.618172253509052
TAGACAT,0.609368217833842
TAGACCA,0.614469864528326
TAGACCC,0.616419315265994
TAGACCG,0.61439416265711
TAGACCT,0.619579089580235
TAGACGA,0.611673506142378
TAGACGC,0.611968671957703
TAGACGG,0.614444631208001
TAGACGT,0.614596021580026
TAGACTA,0.61562150822192
TAGACTC,0.615772720544358
TAGACTG,0.612272180217113
TAGACTT,0.611690375107584
TAGAGAA,0.626434148133698
TAGAGAC,0.586122080873339
TAGAGAG,0.628493147166609
TAGAGAT,0.604605735816765
TAGAGCA,0.614949176677279
TAGAGCC,0.623779428479931
TAGAGCG,0.614015567315563
TAGAGCT,0.629827570139837
TAGAGGA,0.624096034682816
TAGAGGC,0.624004395826927
TAGAGGG,0.635402898408627
TAGAGGT,0.637468191714008
TAGAGTA,0.6272482915574
TAGAGTC,0.616142254434908
TAGAGTG,0.615243377350459
TAGAGTT,0.613401096515932
TAGATAA,0.618850796558969
TAGATAC,0.618088450823344
TAGATAG,0.616721475923531
TAGATAT,0.618750300710669
TAGATCA,0.614755797667844
TAGATCC,0.614209089509148
TAGATCG,0.615134112918311
TAGATCT,0.617132603498134
TAGATGA,0.619076875298458
TAGATGC,0.610061207321773
TAGATGG,0.621568725441499
TAGATGT,0.61594910602636
TAGATTA,0.612499750975002
TAGATTC,0.617417776393504
TAGATTG,0.620749942981475
TAGATTT,0.627223378631805
TAGCAAA,0.611673506142378
TAGCAAC,0.612196311787817
TAGCAAG,0.611521672648864
TAGCAAT,0.610002068426967
TAGCACA,0.613300051472617
TAGCACC,0.613156886847957
TAGCACG,0.613451615209059
TAGCACT,0.609469660931334
TAGCAGA,0.614814656107762
TAGCAGC,0.614537150269835
TAGCAGG,0.655260933686394
TAGCAGT,0.623387697884251
TAGCATA,0.610407522060988
TAGCATC,0.61505005523039
TAGCATG,0.629852418272613
TAGCATT,0.614982803992382
TAGCCAA,0.612575596387208
TAGCCAC,0.607362605137008
TAGCCAG,0.59246178391594
TAGCCAT,0.615344226230894
TAGCCCA,0.61013723790498
TAGCCCC,0.611673506142378
TAGCCCG,0.61594070742314
TAGCCCT,0.618968028952205
TAGCCGA,0.617686100144355
TAGCCGC,0.615646711863572
TAGCCGG,0.603653912596253
TAGCCGT,0.613224260989188
TAGCCTA,0.615495480484427
TAGCCTC,0.608488612988744
TAGCCTG,0.61594910602636
TAGCCTT,0.619754805009027
TAGCGAA,0.613687335371251
TAGCGAC,0.612052989048112
TAGCGAG,0.615285398953312
TAGCGAT,0.614091297851495
TAGCGCA,0.61433527946167
TAGCGCC,0.610559524801288
TAGCGCG,0.613805174619122
TAGCGCT,0.611648202161003
TAGCGGA,0.616041486006673
TAGCGGC,0.612541888025303
TAGCGGG,0.624071043100389
TAGCGGT,0.614175436165598
TAGCGTA,0.612137299029749
TAGCGTC,0.61336741596927
TAGCGTG,0.615041649072971
TAGCGTT,0.615285398953312
TAGCTAA,0.609224489161095
TAGCTAC,0.609190667647459
TAGCTAG,0.610584856345186
TAGCTAT,0.612643009702449
TAGCTCA,0.608480151493226
TAGCTCC,0.615613106866874
TAGCTCG,0.613173730808827
TAGCTCT,0.615764320459609
TAGCTGA,0.619855199964565
TAGCTGC,0.617157769083922
TAGCTGG,0.556341200662986
TAGCTGT,0.617208098355656
TAGCTTA,0.617920824380313
TAGCTTC,0.623446050465215
TAGCTTG,0.614082883630713
TAGCTTT,0.615268590524068
TAGGAAA,0.620382108183744
TAGGAAC,0.615478675585983
TAGGAAG,0.626799763909026
TAGGAAT,0.620591121825942
TAGGACA,0.623212619708436
TAGGACC,0.615445064941857
TAGGACG,0.613788341291
TAGGACT,0.627763019777707
TAGGAGA,0.627007440607515
TAGGAGC,0.628667303354243
TAGGAGG,0.632994866653717
TAGGAGT,0.624337587784528
TAGGATA,0.616444498808275
TAGGATC,0.616293388040549
TAGGATG,0.624703970758947
TAGGATT,0.622795643493332
TAGGCAA,0.622295042419396
TAGGCAC,0.614898733584286
TAGGCAG,0.630688611975323
TAGGCAT,0.620298490493053
TAGGCCA,0.62620141393079
TAGGCCC,0.615991097984447
TAGGCCG,0.617250037480564
TAGGCCT,0.622895733642971
TAGGCGA,0.613072662787561
TAGGCGC,0.611175743608262
TAGGCGG,0.620883667550785
TAGGCGT,0.611766281929756
TAGGCTA,0.614023982102776
TAGGCTC,0.619779904692847
TAGGCTG,0.626467391455762
TAGGCTT,0.625386417404675
TAGGGAA,0.633663429433448
TAGGGAC,0.62644245906782
TAGGGAG,0.655930918454858
TAGGGAT,0.62576073297936
TAGGGCA,0.624612387599244
TAGGGCC,0.620499161205532
TAGGGCG,0.621852636256137
TAGGGCT,0.62899894554218
TAGGGGA,0.648910158830152
TAGGGGC,0.647828782461325
TAGGGGG,0.657059997107159
TAGGGGT,0.635114570143874
TAGGGTA,0.633729436078807
TAGGGTC,0.622395182684305
TAGGGTG,0.635674674650435
TAGGGTT,0.651993377656822
TAGGTAA,0.638913825650544
TAGGTAC,0.629835852919366
TAGGTAG,0.628625840346254
TAGGTAT,0.629181301874663
TAGGTCA,0.624770571425505
TAGGTCC,0.615806320177758
TAGGTCG,0.613889337009583
TAGGTCT,0.619637664820556
TAGGTGA,0.623637756403479
TAGGTGC,0.622328423621942
TAGGTGG,0.658445407946839
TAGGTGT,0.623479393268471
TAGGTTA,0.610272389114674
TAGGTTC,0.619411712842433
TAGGTTG,0.620825165252056
TAGGTTT,0.635518206441262
TAGTAAA,0.611285441382763
TAGTAAC,0.619805003746689
TAGTAAG,0.61921082377029
TAGTAAT,0.61856603208759
TAGTACA,0.614621251080606
TAGTACC,0.614772614718468
TAGTACG,0.612019263065069
TAGTACT,0.613266367522473
TAGTAGA,0.583713691962863
TAGTAGC,0.612339613989058
TAGTAGG,0.622587090166714
TAGTAGT,0.623671092815441
TAGTATA,0.612297468414484
TAGTATC,0.616091871490075
TAGTATG,0.617426162600617
TAGTATT,0.613022124946141
TAGTCAA,0.61359473764828
TAGTCAC,0.618373351306003
TAGTCAG,0.614789431486283
TAGTCAT,0.618121972740379
TAGTCCA,0.613922999982542
TAGTCCC,0.596717404562953
TAGTCCG,0.614587611605047
TAGTCCT,0.614629660772684
TAGTCGA,0.616654337000519
TAGTCGC,0.611808449896964
TAGTCGG,0.613022124946141
TAGTCGT,0.610703061732923
TAGTCTA,0.616276596545624
TAGTCTC,0.610888784830936
TAGTCTG,0.616159048185769
TAGTCTT,0.610027414095854
TAGTGAA,0.62127638008807
TAGTGAC,0.609647161593713
TAGTGAG,0.627663415635999
TAGTGAT,0.617451320799995
TAGTGCA,0.619729704695197
TAGTGCC,0.616813784583168
TAGTGCG,0.611715678021852
TAGTGCT,0.620147961027917
TAGTGGA,0.61796273362539
TAGTGGC,0.614326867293561
TAGTGGG,0.634413998057572
TAGTGGT,0.623862755620738
TAGTGTA,0.614175436165598
TAGTGTC,0.608936969826959
TAGTGTG,0.62334601538447
TAGTGTT,0.626633591491325
TAGTTAA,0.616033088179283
TAGTTAC,0.614410985790417
TAGTTAG,0.615991097984447
TAGTTAT,0.613308472282873
TAGTTCA,0.617484864081297
TAGTTCC,0.618222531749698
TAGTTCG,0.61183374982381
TAGTTCT,0.616989986548308
TAGTTGA,0.617996259756901
TAGTTGC,0.616545226635769
TAGTTGG,0.616293388040549
TAGTTGT,0.619185709798474
TAGTTTA,0.612744121155036
TAGTTTC,0.611192620972227
TAGTTTG,0.615024836546141
TAGTTTT,0.614520329258894
TATAAAA,0.60776913014682
TATAAAC,0.608141632949609
TATAAAG,0.608733965219307
TATAAAT,0.612567169403255
TATAACA,0.617208098355656
TATAACC,0.615260186203499
TATAACG,0.61331689302222
TATAACT,0.611099791945262
TATAAGA,0.616352156052494
TATAAGC,0.615932308749382
TATAAGG,0.618507394040637
TATAAGT,0.616981596682519
TATAATA,0.614183849607663
TATAATC,0.608378607962052
TATAATG,0.614410985790417
TATAATT,0.606582969966894
TATACAA,0.611530108447771
TATACAC,0.610584856345186
TATACAG,0.609241399488963
TATACAT,0.604860534704684
TATACCA,0.619185709798474
TATACCC,0.613224260989188
TATACCG,0.612794673047766
TATACCT,0.613754673784648
TATACGA,0.610525748411212
TATACGC,0.612457612149095
TATACGG,0.611606027435789
TATACGT,0.612246891380233
TATACTA,0.611471056360947
TATACTC,0.615671914870016
TATACTG,0.613097930750526
TATACTT,0.610905667038662
TATAGAA,0.616704691615364
TATAGAC,0.608767802182577
TATAGAG,0.617887295719608
TATAGAT,0.619595825713295
TATAGCA,0.608522458254868
TATAGCC,0.618825673543698
TATAGCG,0.613013701724253
TATAGCT,0.618339837814742
TATAGGA,0.615386243596217
TATAGGC,0.608683207627542
TATAGGG,0.618725175170481
TATAGGT,0.627572103123304
TATAGTA,0.612086713893753
TATAGTC,0.616117063279796
TATAGTG,0.613771507679512
TATAGTT,0.613990322529062
TATATAA,0.609757027169264
TATATAC,0.60647275509846
TATATAG,0.615134112918311
TATATAT,0.595543770094111
TATATCA,0.609444301121698
TATATCC,0.611285441382763
TATATCG,0.611707243788233
TATATCT,0.613645246560105
TATATGA,0.616536833037658
TATATGC,0.619779904692847
TATATGG,0.618499016896092
TATATGT,0.611892780497344
TATATTA,0.614537150269835
TATATTC,0.621050798119416
TATATTG,0.61991375903436
TATATTT,0.613249525121914
TATCAAA,0.612853647026272
TATCAAC,0.617065492173037
TATCAAG,0.619227566067779
TATCAAT,0.610255496212343
TATCACA,0.610567968720552
TATCACC,0.610762159187511
TATCACG,0.612845222385131
TATCACT,0.617241649796292
TATCAGA,0.616864131169934
TATCAGC,0.614427808640711
TATCAGG,0.614991210644474
TATCAGT,0.621000661881688
TATCATA,0.611951807686464
TATCATC,0.612584023300148
TATCATG,0.610863460984943
TATCATT,0.613182152682868
TATCCAA,0.616570407007395
TATCCAC,0.614789431486283
TATCCAG,0.612853647026272
TATCCAT,0.614225915756228
TATCCCA,0.61849063968137
TATCCCC,0.616394131089486
TATCCCG,0.612221601903812
TATCCCT,0.612550315222304
TATCCGA,0.611816883277034
TATCCGC,0.611892780497344
TATCCGG,0.613510550458936
TATCCGT,0.614722162718132
TATCCTA,0.611993967831319
TATCCTC,0.617023545307585
TATCCTG,0.62493705368852
TATCCTT,0.609232944360774
TATCGAA,0.611344504431233
TATCGAC,0.613939831044082
TATCGAG,0.614503507965002
TATCGAT,0.613788341291
TATCGCA,0.613308472282873
TATCGCC,0.61319899621817
TATCGCG,0.613249525121914
TATCGCT,0.61067773318321
TATCGGA,0.611707243788233
TATCGGC,0.612230031800348
TATCGGG,0.618071689443423
TATCGGT,0.613914584345539
TATCGTA,0.613822007663889
TATCGTC,0.61177471566545
TATCGTG,0.614873511083567
TATCGTT,0.613931415548723
TATCTAA,0.607760662561184
TATCTAC,0.610584856345186
TATCTAG,0.614848287946659
TATCTAT,0.61333373428819
TATCTCA,0.614881918654493
TATCTCC,0.619428451776943
TATCTCG,0.614133367893454
TATCTCT,0.611032274512766
TATCTGA,0.614789431486283
TATCTGC,0.617518406237485
TATCTGG,0.621034086319466
TATCTGT,0.615083679153446
TATCTTA,0.625777365975579
TATCTTC,0.622219930639242
TATCTTG,0.619110364098534
TATCTTT,0.624470833489056
TATGAAA,0.613990322529062
TATGAAC,0.613156886847957
TATGAAG,0.632036639640988
TATGAAT,0.61359473764828
TATGACA,0.615747520078424
TATGACC,0.6148062479713
TATGACG,0.612870496095632
TATGACT,0.620875310289077
TATGAGA,0.618080070168501
TATGAGC,0.615243377350459
TATGAGG,0.62161883320746
TATGAGT,0.620649637817951
TATGATA,0.620908738916854
TATGATC,0.614091297851495
TATGATG,0.610339957870445
TATGATT,0.616217824092899
TATGCAA,0.615814719909714
TATGCAC,0.611496364825157
TATGCAG,0.617887295719608
TATGCAT,0.61235647172155
TATGCCA,0.612525033418246
TATGCCC,0.613855672903391
TATGCCG,0.610846578064664
TATGCCT,0.625353138127415
TATGCGA,0.614385750984323
TATGCGC,0.611504800837558
TATGCGG,0.614032396819182
TATGCGT,0.615587902378229
TATGCTA,0.611471056360947
TATGCTC,0.620072687797327
TATGCTG,0.60700676013592
TATGCTT,0.614495097211946
TATGGAA,0.619411712842433
TATGGAC,0.617291974846655
TATGGAG,0.628775099129938
TATGGAT,0.618147113440735
TATGGCA,0.624737271646682
TATGGCC,0.625611023562524
TATGGCG,0.614663298833786
TATGGCT,0.615066867333239
TATGGGA,0.636909091144755
TATGGGC,0.621309795311546
TATGGGG,0.634389263014808
TATGGGT,0.630125706990546
TATGGTA,0.621025730314757
TATGGTC,0.612693566706684
TATGGTG,0.625769049512051
TATGGTT,0.617551947268634
TATGTAA,0.623354352023422
TATGTAC,0.613628410539623
TATGTAG,0.614562381255734
TATGTAT,0.621518615164625
TATGTCA,0.613981907458604
TATGTCC,0.617543562116315
TATGTCG,0.610652403991946
TATGTCT,0.627588706018532
TATGTGA,0.627522292783621
TATGTGC,0.627829417027614
TATGTGG,0.626159848551316
TATGTGT,0.626716681151835
TATGTTA,0.616486469969437
TATGTTC,0.614444631208001
TATGTTG,0.62095052313019
TATGTTT,0.631060948476793
TATTAAA,0.604886011023104
TATTAAC,0.622069690151477
TATTAAG,0.60895388501753
TATTAAT,0.629247605024408
TATTACA,0.612744121155036
TATTACC,0.613939831044082
TATTACG,0.611445747256203
TATTACT,0.614082883630713
TATTAGA,0.6197631716403
TATTAGC,0.608065450482114
TATTAGG,0.622228276671204
TATTAGT,0.618155493533733
TATTATA,0.61792920636984
TATTATC,0.620683073990375
TATTATG,0.614495097211946
TATTATT,0.619411712842433
TATTCAA,0.614957583612067
TATTCAC,0.614478275493609
TATTCAG,0.626060084591075
TATTCAT,0.619629297139143
TATTCCA,0.611403563991465
TATTCCC,0.612541888025303
TATTCCG,0.613628410539623
TATTCCT,0.625436334244076
TATTCGA,0.613038971177069
TATTCGC,0.612179451355153
TATTCGG,0.614259567401042
TATTCGT,0.614747389036476
TATTCTA,0.615285398953312
TATTCTC,0.628153040503473
TATTCTG,0.614646479944675
TATTCTT,0.616049883763541
TATTGAA,0.613106353262967
TATTGAC,0.616696299355637
TATTGAG,0.61888429293088
TATTGAT,0.615713918469271
TATTGCA,0.615478675585983
TATTGCC,0.610576412568518
TATTGCG,0.610035862509395
TATTGCT,0.620306852576766
TATTGGA,0.619436821139127
TATTGGC,0.614301630364638
TATTGGG,0.627862613999418
TATTGGT,0.624345916161231
TATTGTA,0.621234609488477
TATTGTC,0.616922865650995
TATTGTG,0.614124954026652
TATTGTT,0.617291974846655
TATTTAA,0.606074184580639
TATTTAC,0.617166157471785
TATTTAG,0.61366208229714
TATTTAT,0.616906084722703
TATTTCA,0.627181855709865
TATTTCC,0.61999740890025
TATTTCG,0.615478675585983
TATTTCT,0.631168486550076
TATTTGA,0.622745594661498
TATTTGC,0.624037720018891
TATTTGG,0.630332694186894
TATTTGT,0.619361494357685
TATTTTA,0.623229295141104
TATTTTC,0.643630432443198
TATTTTG,0.6423961108052
TATTTTT,0.584242648357056
TCAAAAA,0.58009019791733
TCAAAAC,0.604095943190756
TCAAAAG,0.618256049172459
TCAAAAT,0.609029999834522
TCAAACA,0.615310611067458
TCAAACC,0.608522458254868
TCAAACG,0.613922999982542
TCAAACT,0.591653229837928
TCAAAGA,0.617015155723345
TCAAAGC,0.618121972740379
TCAAAGG,0.629545914808444
TCAAAGT,0.611403563991465
TCAAATA,0.605904531910607
TCAAATC,0.618465507616129
TCAAATG,0.608683207627542
TCAAATT,0.612179451355153
TCAACAA,0.608065450482114
TCAACAC,0.611293879174697
TCAACAG,0.620850238084882
TCAACAT,0.60665078846409
TCAACCA,0.604970927397277
TCAACCC,0.615285398953312
TCAACCG,0.612457612149095
TCAACCT,0.604129937452435
TCAACGA,0.610973193019622
TCAACGC,0.614057640543562
TCAACGG,0.611656636892605
TCAACGT,0.610990073802424
TCAACTA,0.61664594431819
TCAACTC,0.6129463133948
TCAACTG,0.610415967263844
TCAACTT,0.617996259756901
TCAAGAA,0.615554295405146
TCAAGAC,0.602565004124283
TCAAGAG,0.614225915756228
TCAAGAT,0.615915511190251
TCAAGCA,0.601832727222389
TCAAGCC,0.608116239438635
TCAAGCG,0.592367199654174
TCAAGCT,0.613746256730948
TCAAGGA,0.612230031800348
TCAAGGC,0.609587998206905
TCAAGGG,0.614713753803934
TCAAGGT,0.630026337916158
TCAAGTA,0.617367457673872
TCAAGTC,0.613838840425309
TCAAGTG,0.595295159777279
TCAAGTT,0.610930989815872
TCAATAA,0.608547841452745
TCAATAC,0.612794673047766
TCAATAG,0.610382186024483
TCAATAT,0.609697870282311
TCAATCA,0.613645246560105
TCAATCC,0.613106353262967
TCAATCG,0.611057594084167
TCAATCT,0.607548949614436
TCAATGA,0.608573224006332
TCAATGC,0.612701992625561
TCAATGG,0.613384256384398
TCAATGT,0.61329163059145
TCAATTA,0.615226568214878
TCAATTC,0.615478675585983
TCAATTG,0.616536833037658
TCAATTT,0.617853765934694
TCACAAA,0.605437838606112
TCACAAC,0.620490800729772
TCACAAG,0.618331459266431
TCACAAT,0.613771507679512
TCACACA,0.610061207321773
TCACACC,0.60980773028717
TCACACG,0.612154160173129
TCACACT,0.613460034743128
TCACAGA,0.618499016896092
TCACAGC,0.623562745413064
TCACAGG,0.612929465602853
TCACAGT,0.626608663246854
TCACATA,0.620423914407266
TCACATC,0.612348042890827
TCACATG,0.615167734015184
TCACATT,0.618515771115006
TCACCAA,0.614082883630713
TCACCAC,0.602326647255905
TCACCAG,0.621802540204449
TCACCAT,0.586502733621014
TCACCCA,0.611471056360947
TCACCCC,0.619353124365037
TCACCCG,0.613485292920012
TCACCCT,0.617325523473279
TCACCGA,0.611074473442285
TCACCGC,0.610415967263844
TCACCGG,0.615596303945029
TCACCGT,0.608573224006332
TCACCTA,0.617317136422139
TCACCTC,0.611977103986673
TCACCTG,0.605565140200036
TCACCTT,0.621660587761216
TCACGAA,0.610939430599112
TCACGAC,0.612769397420838
TCACGAG,0.604010952480422
TCACGAT,0.610213262707976
TCACGCA,0.612971584550518
TCACGCC,0.594806331709701
TCACGCG,0.613922999982542
TCACGCT,0.612550315222304
TCACGGA,0.614141781689463
TCACGGC,0.612491323351873
TCACGGG,0.615445064941857
TCACGGT,0.617652563612605
TCACGTA,0.610255496212343
TCACGTC,0.613645246560105
TCACGTG,0.615655112936297
TCACGTT,0.612263750675878
TCACTAA,0.613645246560105
TCACTAC,0.608065450482114
TCACTAG,0.612508178527106
TCACTAT,0.609435847708902
TCACTCA,0.624320930823036
TCACTCC,0.614579201559339
TCACTCG,0.615781120558546
TCACTCT,0.614974397269618
TCACTGA,0.618666546454898
TCACTGC,0.587747494140543
TCACTGG,0.629023814273007
TCACTGT,0.611074473442285
TCACTTA,0.619101992003656
TCACTTC,0.615713918469271
TCACTTG,0.608725505799589
TCACTTT,0.630572745672364
TCAGAAA,0.622862371372861
TCAGAAC,0.616117063279796
TCAGAAG,0.621268026107733
TCAGAAT,0.60810777479168
TCAGACA,0.611293879174697
TCAGACC,0.619754805009027
TCAGACG,0.613342154814816
TCAGACT,0.618063308648106
TCAGAGA,0.628020284567514
TCAGAGC,0.628957496283078
TCAGAGG,0.640889974464517
TCAGAGT,0.620474079568558
TCAGATA,0.616570407007395
TCAGATC,0.609224489161095
TCAGATG,0.622837348939825
TCAGATT,0.61673825994999
TCAGCAA,0.617937588289111
TCAGCAC,0.614444631208001
TCAGCAG,0.61640252588546
TCAGCAT,0.617954351916884
TCAGCCA,0.623646090610656
TCAGCCC,0.622486969118589
TCAGCCG,0.614116540089056
TCAGCCT,0.552724331453176
TCAGCGA,0.612592450142075
TCAGCGC,0.61177471566545
TCAGCGG,0.614722162718132
TCAGCGT,0.613805174619122
TCAGCTA,0.617166157471785
TCAGCTC,0.608835472674492
TCAGCTG,0.632111017705303
TCAGCTT,0.6053869134306
TCAGGAA,0.632961839623509
TCAGGAC,0.62451246913094
TCAGGAG,0.616133857453714
TCAGGAT,0.628111556166672
TCAGGCA,0.622612118862538
TCAGGCC,0.621643886148926
TCAGGCG,0.615907112304875
TCAGGCT,0.631358717893349
TCAGGGA,0.644463351284476
TCAGGGC,0.635213434914423
TCAGGGG,0.658276361777809
TCAGGGT,0.639504619533842
TCAGGTA,0.643654939960959
TCAGGTC,0.626184787986321
TCAGGTG,0.639619455600836
TCAGGTT,0.630539638548409
TCAGTAA,0.621602130897781
TCAGTAC,0.608649367801679
TCAGTAG,0.618951282308869
TCAGTAT,0.617510020803913
TCAGTCA,0.620850238084882
TCAGTCC,0.614907140943155
TCAGTCG,0.61407446933913
TCAGTCT,0.609545736501752
TCAGTGA,0.621894381048896
TCAGTGC,0.618859170757135
TCAGTGG,0.625394737050944
TCAGTGT,0.62451246913094
TCAGTTA,0.617157769083922
TCAGTTC,0.624237641853503
TCAGTTG,0.616075076611017
TCAGTTT,0.618323080647919
TCATAAA,0.615327418790423
TCATAAC,0.611234813135981
TCATAAG,0.608970799921983
TCATAAT,0.607311777888787
TCATACA,0.609461207732913
TCATACC,0.608725505799589
TCATACG,0.61248289565772
TCATACT,0.619311273350914
TCATAGA,0.608167025815769
TCATAGC,0.613855672903391
TCATAGG,0.621785840962846
TCATAGT,0.611665071553063
TCATATA,0.612381757787457
TCATATC,0.619135479962628
TCATATG,0.615428259196156
TCATATT,0.623012492823937
TCATCAA,0.605811210672293
TCATCAC,0.609089196242638
TCATCAG,0.622128119690051
TCATCAT,0.613922999982542
TCATCCA,0.613897752859061
TCATCCC,0.617677716116858
TCATCCG,0.611352941724822
TCATCCT,0.621744091638763
TCATCGA,0.612120437602066
TCATCGC,0.616083474085805
TCATCGG,0.61120949805135
TCATCGT,0.610111895019534
TCATCTA,0.611597592277297
TCATCTC,0.624612387599244
TCATCTG,0.612836797673015
TCATCTT,0.615957504559045
TCATGAA,0.611572286374902
TCATGAC,0.609410487041743
TCATGAG,0.61366208229714
TCATGAT,0.612440756121529
TCATGCA,0.615596303945029
TCATGCC,0.598590650259015
TCATGCG,0.614579201559339
TCATGCT,0.615596303945029
TCATGGA,0.611336067066455
TCATGGC,0.612002399646997
TCATGGG,0.632804946332269
TCATGGT,0.623962739025269
TCATGTA,0.615932308749382
TCATGTC,0.619035012721193
TCATGTG,0.620147961027917
TCATGTT,0.609461207732913
TCATTAA,0.609554188985668
TCATTAC,0.610145685390739
TCATTAG,0.620164687643056
TCATTAT,0.61440257425914
TCATTCA,0.623937744111309
TCATTCC,0.623904416587507
TCATTCG,0.614865103441954
TCATTCT,0.62608502651423
TCATTGA,0.614991210644474
TCATTGC,0.60980773028717
TCATTGG,0.613173730808827
TCATTGT,0.618607914301787
TCATTTA,0.617828617858202
TCATTTC,0.624620713687634
TCATTTG,0.61594070742314
TCATTTT,0.626168161765426
TCCAAAA,0.608581684714358
TCCAAAC,0.611665071553063
TCCAAAG,0.616016292312929
TCCAAAT,0.61039907678681
TCCAACA,0.614898733584286
TCCAACC,0.613476873598603
TCCAACG,0.612179451355153
TCCAACT,0.608598605915662
TCCAAGA,0.613687335371251
TCCAAGC,0.615688716521435
TCCAAGG,0.625003638833926
TCCAAGT,0.625344818135048
TCCAATA,0.614839880092974
TCCAATC,0.610415967263844
TCCAATG,0.613864089036184
TCCAATT,0.613241103815258
TCCACAA,0.616721475923531
TCCACAC,0.612541888025303
TCCACAG,0.623796094463575
TCCACAT,0.610787485598953
TCCACCA,0.603092592237532
TCCACCC,0.609131477245958
TCCACCG,0.61026394269918
TCCACCT,0.597761380711699
TCCACGA,0.614478275493609
TCCACGC,0.610610187247414
TCCACGG,0.617325523473279
TCCACGT,0.609021542918725
TCCACTA,0.614251154596003
TCCACTC,0.622495312922146
TCCACTG,0.611909645764056
TCCACTT,0.612971584550518
TCCAGAA,0.633011379759785
TCCAGAC,0.609782379049567
TCCAGAG,0.639939286554452
TCCAGAT,0.61587351605794
TCCAGCA,0.611285441382763
TCCAGCC,0.570512285914283
TCCAGCG,0.611285441382763
TCCAGCT,0.610044310851561
TCCAGGA,0.63740243139871
TCCAGGC,0.624412540677938
TCCAGGG,0.660294997959802
TCCAGGT,0.649007669133802
TCCAGTA,0.614831472168598
TCCAGTC,0.616024690281369
TCCAGTG,0.622169852984635
TCCAGTT,0.619252678988453
TCCATAA,0.610779043533075
TCCATAC,0.612668288524068
TCCATAG,0.620775017700384
TCCATAT,0.611057594084167
TCCATCA,0.616075076611017
TCCATCC,0.610086551491809
TCCATCG,0.611791582923457
TCCATCT,0.603747435364183
TCCATGA,0.61407446933913
TCCATGC,0.606515146870037
TCCATGG,0.62655049492635
TCCATGT,0.610947871311106
TCCATTA,0.611454183695624
TCCATTC,0.622879052647046
TCCATTG,0.615713918469271
TCCATTT,0.606854216363954
TCCCAAA,0.558798556164128
TCCCAAC,0.612862071596439
TCCCAAG,0.600067951945506
TCCCAAT,0.607946932884477
TCCCACA,0.620206502956908
TCCCACC,0.601943454650801
TCCCACG,0.611015394442337
TCCCACT,0.627929004637091
TCCCAGA,0.621184482465743
TCCCAGC,0.549893166795048
TCCCAGG,0.639537431184365
TCCCAGT,0.613165308863857
TCCCATA,0.623879420215723
TCCCATC,0.609199123133108
TCCCATG,0.61796273362539
TCCCATT,0.616335365544351
TCCCCAA,0.61572231897741
TCCCCAC,0.619118736123322
TCCCCAG,0.658775368129837
TCCCCAT,0.621769141442373
TCCCCCA,0.629164725400313
TCCCCCC,0.610855019560433
TCCCCCG,0.62036538520495
TCCCCCT,0.617820235025496
TCCCCGA,0.608691667405083
TCCCCGC,0.62911499432852
TCCCCGG,0.622803984721779
TCCCCGT,0.624887111919767
TCCCCTA,0.614999617225895
TCCCCTC,0.629090127865151
TCCCCTG,0.629786155213096
TCCCCTT,0.632804946332269
TCCCGAA,0.61777831980786
TCCCGAC,0.611437310745608
TCCCGAG,0.598094881032105
TCCCGAT,0.612246891380233
TCCCGCA,0.621693990148987
TCCCGCC,0.612550315222304
TCCCGCG,0.613283209639371
TCCCGCT,0.610779043533075
TCCCGGA,0.616234616574721
TCCCGGC,0.619955584841968
TCCCGGG,0.627630212050645
TCCCGGT,0.617208098355656
TCCCGTA,0.611108231303806
TCCCGTC,0.612525033418246
TCCCGTG,0.619487035841316
TCCCGTT,0.612061420366151
TCCCTAA,0.612584023300148
TCCCTAC,0.611167304819462
TCCCTAG,0.634117137156468
TCCCTAT,0.613805174619122
TCCCTCA,0.621719041207645
TCCCTCC,0.629893830455223
TCCCTCG,0.622787302195308
TCCCTCT,0.622103078877275
TCCCTGA,0.635995769555936
TCCCTGC,0.628269187491894
TCCCTGG,0.659378672237243
TCCCTGT,0.622628804311742
TCCCTTA,0.610846578064664
TCCCTTC,0.638585455945126
TCCCTTG,0.626940988756383
TCCCTTT,0.642559684674804
TCCGAAA,0.615453467708796
TCCGAAC,0.613308472282873
TCCGAAG,0.614108126080666
TCCGAAT,0.615739119781985
TCCGACA,0.611732546275683
TCCGACC,0.611639767358255
TCCGACG,0.614444631208001
TCCGACT,0.615285398953312
TCCGAGA,0.61239018633401
TCCGAGC,0.61777831980786
TCCGAGG,0.629521059058368
TCCGAGT,0.61796273362539
TCCGATA,0.61583991868226
TCCGATC,0.611302316895435
TCCGATG,0.61333373428819
TCCGATT,0.614949176677279
TCCGCAA,0.615772720544358
TCCGCAC,0.613114775704471
TCCGCAG,0.61856603208759
TCCGCAT,0.612246891380233
TCCGCCA,0.611993967831319
TCCGCCC,0.604138435837294
TCCGCCG,0.615142518298503
TCCGCCT,0.595912285455759
TCCGCGA,0.615478675585983
TCCGCGC,0.610331512025648
TCCGCGG,0.632813204487625
TCCGCGT,0.620273403822362
TCCGCTA,0.61329163059145
TCCGCTC,0.615730719414981
TCCGCTG,0.611901213166255
TCCGCTT,0.611462620063871
TCCGGAA,0.612878920523855
TCCGGAC,0.617811852122519
TCCGGAG,0.623629422126842
TCCGGAT,0.612162590638209
TCCGGCA,0.61210357589007
TCCGGCC,0.618842422290675
TCCGGCG,0.616184238283268
TCCGGCT,0.610762159187511
TCCGGGA,0.625494567407664
TCCGGGC,0.626882839764047
TCCGGGG,0.633135219364307
TCCGGGT,0.617501635300025
TCCGGTA,0.614032396819182
TCCGGTC,0.613241103815258
TCCGGTG,0.617677716116858
TCCGGTT,0.611859049110585
TCCGTAA,0.612980008127175
TCCGTAC,0.61248289565772
TCCGTAG,0.614528739799733
TCCGTAT,0.61239018633401
TCCGTCA,0.614175436165598
TCCGTCC,0.615344226230894
TCCGTCG,0.616326970184559
TCCGTCT,0.604393353805374
TCCGTGA,0.612954737184332
TCCGTGC,0.614040811464781
TCCGTGG,0.625968625550062
TCCGTGT,0.61912710807802
TCCGTTA,0.611656636892605
TCCGTTC,0.615066867333239
TCCGTTG,0.614646479944675
TCCGTTT,0.61879217520816
TCCTAAA,0.608226273329382
TCCTAAC,0.607354134108372
TCCTAAG,0.620967236326679
TCCTAAT,0.60956264139814
TCCTACA,0.614023982102776
TCCTACC,0.606922016468745
TCCTACG,0.614848287946659
TCCTACT,0.614705344819026
TCCTAGA,0.624121025640678
TCCTAGC,0.616251408774561
TCCTAGG,0.632986609998425
TCCTAGT,0.613678917750738
TCCTATA,0.606888116990956
TCCTATC,0.614167022652748
TCCTATG,0.608564763226722
TCCTATT,0.612466040056332
TCCTCAA,0.616159048185769
TCCTCAC,0.621109287219979
TCCTCAG,0.623337678676018
TCCTCAT,0.620783375800302
TCCTCCA,0.623229295141104
TCCTCCC,0.619026639995439
TCCTCCG,0.618666546454898
TCCTCCT,0.619646032431951
TCCTCGA,0.611934943130815
TCCTCGC,0.610922548961384
TCCTCGG,0.619805003746689
TCCTCGT,0.611656636892605
TCCTCTA,0.617820235025496
TCCTCTC,0.63445522176929
TCCTCTG,0.626176474910428
TCCTCTT,0.619512142246873
TCCTGAA,0.623437714590688
TCCTGAC,0.600170342843044
TCCTGAG,0.621643886148926
TCCTGAT,0.618381729503329
TCCTGCA,0.616805393238931
TCCTGCC,0.58766110248344
TCCTGCG,0.619671134846043
TCCTGCT,0.627978794722942
TCCTGGA,0.625627659049026
TCCTGGC,0.619252678988453
TCCTGGG,0.674161955480325
TCCTGGT,0.637780494169913
TCCTGTA,0.630407199090687
TCCTGTC,0.622562060844438
TCCTGTG,0.631937460282301
TCCTGTT,0.611589157047653
TCCTTAA,0.621810889720678
TCCTTAC,0.612432328001197
TCCTTAG,0.61673825994999
TCCTTAT,0.620975592820176
TCCTTCA,0.619110364098534
TCCTTCC,0.64215888115809
TCCTTCG,0.611977103986673
TCCTTCT,0.617535176893684
TCCTTGA,0.620858595556127
TCCTTGC,0.625744099706478
TCCTTGG,0.632524128465169
TCCTTGT,0.632548909684594
TCCTTTA,0.630961672297653
TCCTTTC,0.634471710778158
TCCTTTG,0.631755605906406
TCCTTTT,0.629438202095881
TCGAAAA,0.611639767358255
TCGAAAC,0.614368927426479
TCGAAAG,0.614781023137726
TCGAAAT,0.614082883630713
TCGAACA,0.614814656107762
TCGAACC,0.611158865959448
TCGAACG,0.613628410539623
TCGAACT,0.597846904218003
TCGAAGA,0.613822007663889
TCGAAGC,0.612061420366151
TCGAAGG,0.616385736223039
TCGAAGT,0.61667951462489
TCGAATA,0.614511918647317
TCGAATC,0.612617730241796
TCGAATG,0.612348042890827
TCGAATT,0.618272807462568
TCGACAA,0.612398614809522
TCGACAC,0.614023982102776
TCGACAG,0.61610026882383
TCGACAT,0.61496599047618
TCGACCA,0.609309037940986
TCGACCC,0.615789520502175
TCGACCG,0.613678917750738
TCGACCT,0.615159328846938
TCGACGA,0.612499750975002
TCGACGC,0.613123198075037
TCGACGG,0.61268514071681
TCGACGT,0.612710418473442
TCGACTA,0.612036126198771
TCGACTC,0.610365294976853
TCGACTG,0.610255496212343
TCGACTT,0.610880343620193
TCGAGAA,0.612086713893753
TCGAGAC,0.603271228349302
TCGAGAG,0.613721005144757
TCGAGAT,0.617426162600617
TCGAGCA,0.611445747256203
TCGAGCC,0.615739119781985
TCGAGCG,0.612120437602066
TCGAGCT,0.61640252588546
TCGAGGA,0.621309795311546
TCGAGGC,0.6183984856874
TCGAGGG,0.62613490849432
TCGAGGT,0.614999617225895
TCGAGTA,0.615016430176727
TCGAGTC,0.611546979832101
TCGAGTG,0.615361033388879
TCGAGTT,0.615428259196156
TCGATAA,0.613257946357652
TCGATAC,0.614596021580026
TCGATAG,0.612558742348287
TCGATAT,0.612263750675878
TCGATCA,0.611074473442285
TCGATCC,0.615923910005086
TCGATCG,0.611496364825157
TCGATCT,0.607548949614436
TCGATGA,0.61162289753932
TCGATGC,0.610044310851561
TCGATGG,0.613097930750526
TCGATGT,0.613300051472617
TCGATTA,0.611563850931793
TCGATTC,0.612567169403255
TCGATTG,0.613308472282873
TCGATTT,0.615965903021194
TCGCAAA,0.608970799921983
TCGCAAC,0.613754673784648
TCGCAAG,0.614318455054687
TCGCAAT,0.613493712170536
TCGCACA,0.610373740536332
TCGCACC,0.604554768247558
TCGCACG,0.615293803061989
TCGCACT,0.61207828278897
TCGCAGA,0.613409516475353
TCGCAGC,0.615268590524068
TCGCAGG,0.621735741564782
TCGCAGT,0.615251781812296
TCGCATA,0.611260127579774
TCGCATC,0.612120437602066
TCGCATG,0.611960239857634
TCGCATT,0.613224260989188
TCGCCAA,0.611909645764056
TCGCCAC,0.611251689503045
TCGCCAG,0.609545736501752
TCGCCAT,0.613914584345539
TCGCCCA,0.599069090888122
TCGCCCC,0.614310042745046
TCGCCCG,0.619897028221473
TCGCCCT,0.614705344819026
TCGCCGA,0.612600876912992
TCGCCGC,0.624462506152651
TCGCCGG,0.61981336995798
TCGCCGT,0.614293217913461
TCGCCTA,0.61177471566545
TCGCCTC,0.616175841654606
TCGCCTG,0.610787485598953
TCGCCTT,0.62216150646505
TCGCGAA,0.613864089036184
TCGCGAC,0.612086713893753
TCGCGAG,0.617887295719608
TCGCGAT,0.615134112918311
TCGCGCA,0.611631332484362
TCGCGCC,0.61263458328657
TCGCGCG,0.617073881334987
TCGCGCT,0.614747389036476
TCGCGGA,0.619076875298458
TCGCGGC,0.618230911210709
TCGCGGG,0.626276227260364
TCGCGGT,0.615587902378229
TCGCGTA,0.612255321063585
TCGCGTC,0.613401096515932
TCGCGTG,0.613603155977416
TCGCGTT,0.614671708172264
TCGCTAA,0.61210357589007
TCGCTAC,0.612794673047766
TCGCTAG,0.612002399646997
TCGCTAT,0.61239018633401
TCGCTCA,0.612213171936212
TCGCTCC,0.611445747256203
TCGCTCG,0.614486686388149
TCGCTCT,0.608928512124375
TCGCTGA,0.61792920636984
TCGCTGC,0.615310611067458
TCGCTGG,0.61749324972582
TCGCTGT,0.615520687302597
TCGCTTA,0.613375836212284
TCGCTTC,0.610449747362071
TCGCTTG,0.597427769131723
TCGCTTT,0.612331185016242
TCGGAAA,0.617635794924959
TCGGAAC,0.6123058976715
TCGGAAG,0.615243377350459
TCGGAAT,0.611757848122933
TCGGACA,0.615033242844889
TCGGACC,0.618197392945363
TCGGACG,0.61496599047618
TCGGACT,0.616201031329084
TCGGAGA,0.620231591305955
TCGGAGC,0.620156324370459
TCGGAGG,0.62790410866449
TCGGAGT,0.611133548952111
TCGGATA,0.610779043533075
TCGGATC,0.616838958193398
TCGGATG,0.615445064941857
TCGGATT,0.612777822700798
TCGGCAA,0.614276392798796
TCGGCAC,0.615008023736645
TCGGCAG,0.617644179303931
TCGGCAT,0.613426356181513
TCGGCCA,0.616049883763541
TCGGCCC,0.611993967831319
TCGGCCG,0.623796094463575
TCGGCCT,0.601832727222389
TCGGCGA,0.611133548952111
TCGGCGC,0.619922124335835
TCGGCGG,0.618716799850129
TCGGCGT,0.61400715245754
TCGGCTA,0.613131620374668
TCGGCTC,0.603177661032484
TCGGCTG,0.619888662710059
TCGGCTT,0.612567169403255
TCGGGAA,0.619093619838684
TCGGGAC,0.618440374919252
TCGGGAG,0.619420082344712
TCGGGAT,0.616049883763541
TCGGGCA,0.615159328846938
TCGGGCC,0.631978786210507
TCGGGCG,0.628534615676708
TCGGGCT,0.623687760604688
TCGGGGA,0.640422939036648
TCGGGGC,0.639250292732084
TCGGGGG,0.648284241362935
TCGGGGT,0.642494258337697
TCGGGTA,0.621560373903063
TCGGGTC,0.617702867988478
TCGGGTG,0.624828843370347
TCGGGTT,0.620850238084882
TCGGTAA,0.621025730314757
TCGGTAC,0.61263458328657
TCGGTAG,0.6155458934854
TCGGTAT,0.611546979832101
TCGGTCA,0.615234972817987
TCGGTCC,0.614562381255734
TCGGTCG,0.614310042745046
TCGGTCT,0.615319014964253
TCGGTGA,0.620540962535898
TCGGTGC,0.615671914870016
TCGGTGG,0.619411712842433
TCGGTGT,0.622320078425771
TCGGTTA,0.613493712170536
TCGGTTC,0.614352103585598
TCGGTTG,0.617837000620636
TCGGTTT,0.615344226230894
TCGTAAA,0.614907140943155
TCGTAAC,0.613131620374668
TCGTAAG,0.618649794761938
TCGTAAT,0.611901213166255
TCGTACA,0.613973492317333
TCGTACC,0.613788341291
TCGTACG,0.613038971177069
TCGTACT,0.613788341291
TCGTAGA,0.612196311787817
TCGTAGC,0.611108231303806
TCGTAGG,0.617140992097098
TCGTAGT,0.611361378947223
TCGTATA,0.616536833037658
TCGTATC,0.613906168637712
TCGTATG,0.611648202161003
TCGTATT,0.613544226185176
TCGTCAA,0.611850616086111
TCGTCAC,0.61433527946167
TCGTCAG,0.614621251080606
TCGTCAT,0.613022124946141
TCGTCCA,0.615243377350459
TCGTCCC,0.62035702361068
TCGTCCG,0.613190574485982
TCGTCCT,0.617837000620636
TCGTCGA,0.617602256706076
TCGTCGC,0.614276392798796
TCGTCGG,0.615302207100037
TCGTCGT,0.614192262978942
TCGTCTA,0.61177471566545
TCGTCTC,0.612499750975002
TCGTCTG,0.615100490691021
TCGTCTT,0.615108896353824
TCGTGAA,0.620081051769425
TCGTGAC,0.616822175856991
TCGTGAG,0.619369864280276
TCGTGAT,0.605183186790858
TCGTGCA,0.615638310720268
TCGTGCC,0.604044949631371
TCGTGCG,0.612263750675878
TCGTGCT,0.619738071536476
TCGTGGA,0.613392676485614
TCGTGGC,0.619796637465404
TCGTGGG,0.627281507826096
TCGTGGT,0.615671914870016
TCGTGTA,0.613249525121914
TCGTGTC,0.60971477260711
TCGTGTG,0.610922548961384
TCGTGTT,0.620290128339416
TCGTTAA,0.613325313690659
TCGTTAC,0.611968671957703
TCGTTAG,0.611513236778793
TCGTTAT,0.610559524801288
TCGTTCA,0.613965077105246
TCGTTCC,0.614469864528326
TCGTTCG,0.614175436165598
TCGTTCT,0.607735259374069
TCGTTGA,0.614242741720189
TCGTTGC,0.611859049110585
TCGTTGG,0.611428874163838
TCGTTGT,0.612364900481229
TCGTTTA,0.61289576916739
TCGTTTC,0.61749324972582
TCGTTTG,0.615671914870016
TCGTTTT,0.621744091638763
TCTAAAA,0.604529283488786
TCTAAAC,0.612002399646997
TCTAAAG,0.611099791945262
TCTAAAT,0.609621806285117
TCTAACA,0.618959655665593
TCTAACC,0.613552644939544
TCTAACG,0.614385750984323
TCTAACT,0.609664064775622
TCTAAGA,0.613089508167145
TCTAAGC,0.608353220468069
TCTAAGG,0.624662343089758
TCTAAGT,0.610567968720552
TCTAATA,0.615705517890563
TCTAATC,0.611420437510892
TCTAATG,0.605369937795775
TCTAATT,0.61336741596927
TCTACAA,0.604427337958474
TCTACAC,0.612019263065069
TCTACAG,0.622895733642971
TCTACAT,0.61268514071681
TCTACCA,0.609596450333614
TCTACCC,0.610542636748855
TCTACCG,0.61039907678681
TCTACCT,0.610787485598953
TCTACGA,0.615159328846938
TCTACGC,0.611926510746335
TCTACGG,0.618323080647919
TCTACGT,0.611589157047653
TCTACTA,0.578670243269878
TCTACTC,0.613754673784648
TCTACTG,0.612651436047325
TCTACTT,0.61329163059145
TCTAGAA,0.61096475252136
TCTAGAC,0.609123021188307
TCTAGAG,0.622520343915112
TCTAGAT,0.620490800729772
TCTAGCA,0.614764206228507
TCTAGCC,0.608395532599979
TCTAGCG,0.616217824092899
TCTAGCT,0.616058281449886
TCTAGGA,0.631995316103608
TCTAGGC,0.623979401954167
TCTAGGG,0.641274909841748
TCTAGGT,0.628700472522869
TCTAGTA,0.614150195414681
TCTAGTC,0.610508859788348
TCTAGTG,0.620147961027917
TCTAGTT,0.619369864280276
TCTATAA,0.611082913014503
TCTATAC,0.609444301121698
TCTATAG,0.616637551565424
TCTATAT,0.612381757787457
TCTATCA,0.611918078290749
TCTATCC,0.613973492317333
TCTATCG,0.611757848122933
TCTATCT,0.619771538201573
TCTATGA,0.611757848122933
TCTATGC,0.614141781689463
TCTATGG,0.613401096515932
TCTATGT,0.614797839764141
TCTATTA,0.611040714441131
TCTATTC,0.625685881072555
TCTATTG,0.612449184170827
TCTATTT,0.622770619390525
TCTCAAA,0.555806192947126
TCTCAAC,0.619369864280276
TCTCAAG,0.610593300050557
TCTCAAT,0.608801638000946
TCTCACA,0.618951282308869
TCTCACC,0.622537030895679
TCTCACG,0.615562697254302
TCTCACT,0.605420863835759
TCTCAGA,0.614057640543562
TCTCAGC,0.601883833712855
TCTCAGG,0.630779640367678
TCTCAGT,0.616922865650995
TCTCATA,0.616939646297691
TCTCATC,0.627273203862358
TCTCATG,0.610871902338196
TCTCATT,0.620825165252056
TCTCCAA,0.61562150822192
TCTCCAC,0.619687869438705
TCTCCAG,0.620942166427196
TCTCCAT,0.619411712842433
TCTCCCA,0.612912617527052
TCTCCCC,0.635056894513598
TCTCCCG,0.606913541707033
TCTCCCT,0.639717876020461
TCTCCGA,0.616041486006673
TCTCCGC,0.61533582254597
TCTCCGG,0.614612841317805
TCTCCGT,0.616301783682279
TCTCCTA,0.608996171742211
TCTCCTC,0.625253293650056
TCTCCTG,0.613779924520677
TCTCCTT,0.644936662583624
TCTCGAA,0.600451863765675
TCTCGAC,0.618850796558969
TCTCGAG,0.612904193382704
TCTCGAT,0.608742424567463
TCTCGCA,0.614293217913461
TCTCGCC,0.619244308084968
TCTCGCG,0.616024690281369
TCTCGCT,0.610627074159098
TCTCGGA,0.617761553228865
TCTCGGC,0.603492352665688
TCTCGGG,0.630969945689027
TCTCGGT,0.612575596387208
TCTCGTA,0.613552644939544
TCTCGTC,0.619478666899388
TCTCGTG,0.619528879500401
TCTCGTT,0.611023834513169
TCTCTAA,0.615495480484427
TCTCTAC,0.576383628662351
TCTCTAG,0.628692180333855
TCTCTAT,0.615865116819843
TCTCTCA,0.627738119672357
TCTCTCC,0.634694285790992
TCTCTCG,0.622854030631418
TCTCTCT,0.634471710778158
TCTCTGA,0.609325946839178
TCTCTGC,0.622703885388096
TCTCTGG,0.631656398669674
TCTCTGT,0.626542184890063
TCTCTTA,0.609427394224645
TCTCTTC,0.632507607311041
TCTCTTG,0.625228330972995
TCTCTTT,0.666438368761062
TCTGAAA,0.620975592820176
TCTGAAC,0.612280609687291
TCTGAAG,0.628128150107907
TCTGAAT,0.609216033889926
TCTGACA,0.615772720544358
TCTGACC,0.630804464854837
TCTGACG,0.610897225970425
TCTGACT,0.631168486550076
TCTGAGA,0.618741925600749
TCTGAGC,0.631358717893349
TCTGAGG,0.63826519163195
TCTGAGT,0.621151063054577
TCTGATA,0.616989986548308
TCTGATC,0.615192949096049
TCTGATG,0.612086713893753
TCTGATT,0.623337678676018
TCTGCAA,0.613931415548723
TCTGCAC,0.615344226230894
TCTGCAG,0.645189547475471
TCTGCAT,0.610525748411212
TCTGCCA,0.613072662787561
TCTGCCC,0.607709855541615
TCTGCCG,0.613249525121914
TCTGCCT,0.60117662864934
TCTGCGA,0.61540305004803
TCTGCGC,0.616217824092899
TCTGCGG,0.625311537473343
TCTGCGT,0.616780218783725
TCTGCTA,0.62377109538395
TCTGCTC,0.624720621341433
TCTGCTG,0.63699955507992
TCTGCTT,0.63885636873528
TCTGGAA,0.621769141442373
TCTGGAC,0.618339837814742
TCTGGAG,0.629603909156147
TCTGGAT,0.620089415671569
TCTGGCA,0.620281766115852
TCTGGCC,0.61675504369475
TCTGGCG,0.616973206746339
TCTGGCT,0.614738980334402
TCTGGGA,0.663095032119433
TCTGGGC,0.643221885364643
TCTGGGG,0.696183077335092
TCTGGGT,0.656705281165437
TCTGGTA,0.627298115546708
TCTGGTC,0.627505688785696
TCTGGTG,0.640119658898927
TCTGGTT,0.621777491237469
TCTGTAA,0.622520343915112
TCTGTAC,0.614410985790417
TCTGTAG,0.62032357653442
TCTGTAT,0.614091297851495
TCTGTCA,0.604809580120634
TCTGTCC,0.635015695598116
TCTGTCG,0.601168105056484
TCTGTCT,0.612238461625821
TCTGTGA,0.627073888043092
TCTGTGC,0.636448420550495
TCTGTGG,0.626218039598841
TCTGTGT,0.641201210281491
TCTGTTA,0.618951282308869
TCTGTTC,0.638782490707293
TCTGTTG,0.615520687302597
TCTGTTT,0.655357826716217
TCTTAAA,0.617048713638
TCTTAAC,0.621660587761216
TCTTAAG,0.612415471547432
TCTTAAT,0.616201031329084
TCTTACA,0.625045252298488
TCTTACC,0.6246290397067
TCTTACG,0.61106603379884
TCTTACT,0.614385750984323
TCTTAGA,0.619922124335835
TCTTAGC,0.61177471566545
TCTTAGG,0.61920245251643
TCTTAGT,0.617140992097098
TCTTATA,0.620657996965868
TCTTATC,0.615739119781985
TCTTATG,0.62234511380536
TCTTATT,0.627115415448314
TCTTCAA,0.612904193382704
TCTTCAC,0.620198140034018
TCTTCAG,0.622052995370516
TCTTCAT,0.61673825994999
TCTTCCA,0.616024690281369
TCTTCCC,0.63616862411729
TCTTCCG,0.611099791945262
TCTTCCT,0.611791582923457
TCTTCGA,0.612769397420838
TCTTCGC,0.610930989815872
TCTTCGG,0.613973492317333
TCTTCGT,0.608513997045727
TCTTCTA,0.613864089036184
TCTTCTC,0.637583261861172
TCTTCTG,0.625893789203379
TCTTCTT,0.644667392246279
TCTTGAA,0.605081307904669
TCTTGAC,0.61304739418611
TCTTGAG,0.615419856217392
TCTTGAT,0.613973492317333
TCTTGCA,0.621510263207678
TCTTGCC,0.635246387666005
TCTTGCG,0.615293803061989
TCTTGCT,0.60652362500871
TCTTGGA,0.620858595556127
TCTTGGC,0.603203180259878
TCTTGGG,0.649698095045165
TCTTGGT,0.627870913070178
TCTTGTA,0.625502886154216
TCTTGTC,0.614663298833786
TCTTGTG,0.622954114937542
TCTTGTT,0.628609254661675
TCTTTAA,0.615663513938445
TCTTTAC,0.614301630364638
TCTTTAG,0.620014138033785
TCTTTAT,0.624895435721102
TCTTTCA,0.631581986782728
TCTTTCC,0.634686043155361
TCTTTCG,0.614318455054687
TCTTTCT,0.636473104712941
TCTTTGA,0.633358092012438
TCTTTGC,0.633828437878419
TCTTTGG,0.653345370114353
TCTTTGT,0.648520022505137
TCTTTTA,0.625128474032932
TCTTTTC,0.632077961470803
TCTTTTG,0.639422585697082
TCTTTTT,0.637221568230677
TGAAAAA,0.612449184170827
TGAAAAC,0.616352156052494
TGAAAAG,0.620064323755271
TGAAAAT,0.628211115683949
TGAAACA,0.614646479944675
TGAAACC,0.586900533901536
TGAAACG,0.616620765848574
TGAAACT,0.621359916053272
TGAAAGA,0.627414361868772
TGAAAGC,0.614167022652748
TGAAAGG,0.630001494104639
TGAAAGT,0.621744091638763
TGAAATA,0.610795927593563
TGAAATC,0.614612841317805
TGAAATG,0.615125707467468
TGAAATT,0.621685639656642
TGAACAA,0.616637551565424
TGAACAC,0.608725505799589
TGAACAG,0.626259602559702
TGAACAT,0.617484864081297
TGAACCA,0.607116916168012
TGAACCC,0.589396143746741
TGAACCG,0.613771507679512
TGAACCT,0.607260948057026
TGAACGA,0.613965077105246
TGAACGC,0.615092084957562
TGAACGG,0.614596021580026
TGAACGT,0.614343691559015
TGAACTA,0.612095144927453
TGAACTC,0.592315604467711
TGAACTG,0.621393328485538
TGAACTT,0.621318148942953
TGAAGAA,0.64777997098734
TGAAGAC,0.613055817124205
TGAAGAG,0.641119315510276
TGAAGAT,0.634034660152927
TGAAGCA,0.617442934803862
TGAAGCC,0.627630212050645
TGAAGCG,0.618825673543698
TGAAGCT,0.62331266813365
TGAAGGA,0.625477929706952
TGAAGGC,0.624803870095489
TGAAGGG,0.650809896814422
TGAAGGT,0.662942796358277
TGAAGTA,0.620265041458942
TGAAGTC,0.614772614718468
TGAAGTG,0.619989044228533
TGAAGTT,0.630225066191702
TGAATAA,0.60587908152747
TGAATAC,0.61496599047618
TGAATAG,0.618926161818008
TGAATAT,0.627870913070178
TGAATCA,0.614267980135305
TGAATCC,0.610407522060988
TGAATCG,0.613165308863857
TGAATCT,0.611251689503045
TGAATGA,0.623937744111309
TGAATGC,0.622578747128896
TGAATGG,0.638240551666599
TGAATGT,0.61777831980786
TGAATTA,0.616503257940672
TGAATTC,0.611909645764056
TGAATTG,0.623437714590688
TGAATTT,0.6155458934854
TGACAAA,0.612432328001197
TGACAAC,0.611150427028219
TGACAAG,0.619244308084968
TGACAAT,0.610770601395929
TGACACA,0.611454183695624
TGACACC,0.61887591894309
TGACACG,0.617115826089099
TGACACT,0.616259804768741
TGACAGA,0.615243377350459
TGACAGC,0.623579415008305
TGACAGG,0.638577245320803
TGACAGT,0.62331266813365
TGACATA,0.610981633446643
TGACATC,0.612870496095632
TGACATG,0.61009499940575
TGACATT,0.617149380625693
TGACCAA,0.606167481282273
TGACCAC,0.618364973038483
TGACCAG,0.634009915725327
TGACCAT,0.617887295719608
TGACCCA,0.622979134449016
TGACCCC,0.625835579283775
TGACCCG,0.620825165252056
TGACCCT,0.63720512450232
TGACCGA,0.611589157047653
TGACCGC,0.617241649796292
TGACCGG,0.618599537999276
TGACCGT,0.617132603498134
TGACCTA,0.617401003768289
TGACCTC,0.583366683358212
TGACCTG,0.635699377919306
TGACCTT,0.617031934821439
TGACGAA,0.6090384566788
TGACGAC,0.612592450142075
TGACGAG,0.612626156799686
TGACGAT,0.612735695591125
TGACGCA,0.609664064775622
TGACGCC,0.613114775704471
TGACGCG,0.614150195414681
TGACGCT,0.617426162600617
TGACGGA,0.616654337000519
TGACGGC,0.61594070742314
TGACGGG,0.622620461621941
TGACGGT,0.613224260989188
TGACGTA,0.610508859788348
TGACGTC,0.610551080810722
TGACGTG,0.614453042385523
TGACGTT,0.614453042385523
TGACTAA,0.613619992423086
TGACTAC,0.613451615209059
TGACTAG,0.614562381255734
TGACTAT,0.615117301945972
TGACTCA,0.622695543324653
TGACTCC,0.62591041998664
TGACTCG,0.610204815793058
TGACTCT,0.622778960827706
TGACTGA,0.623946075818712
TGACTGC,0.62922274185842
TGACTGG,0.629719887762495
TGACTGT,0.625436334244076
TGACTTA,0.613409516475353
TGACTTC,0.615008023736645
TGACTTG,0.622503656656085
TGACTTT,0.624171005682838
TGAGAAA,0.633465383352082
TGAGAAC,0.615806320177758
TGAGAAG,0.637229789993458
TGAGAAT,0.623862755620738
TGAGACA,0.60476711598383
TGAGACC,0.605675455141017
TGAGACG,0.604733143376034
TGAGACT,0.607913068133609
TGAGAGA,0.63818305605295
TGAGAGC,0.634727255654126
TGAGAGG,0.652981240643215
TGAGAGT,0.634026412078425
TGAGATA,0.614192262978942
TGAGATC,0.60948656711381
TGAGATG,0.615134112918311
TGAGATT,0.604554768247558
TGAGCAA,0.621802540204449
TGAGCAC,0.61848226239647
TGAGCAG,0.644381723241168
TGAGCAT,0.612777822700798
TGAGCCA,0.573338338627372
TGAGCCC,0.616822175856991
TGAGCCG,0.604690675993217
TGAGCCT,0.630796190094257
TGAGCGA,0.619076875298458
TGAGCGC,0.620833522932848
TGAGCGG,0.629214453999049
TGAGCGT,0.619955584841968
TGAGCTA,0.606803363268504
TGAGCTC,0.621034086319466
TGAGCTG,0.618591161626602
TGAGCTT,0.61721648632135
TGAGGAA,0.633308569049781
TGAGGAC,0.642093428591762
TGAGGAG,0.669213314944241
TGAGGAT,0.633391105958415
TGAGGCA,0.590887080962391
TGAGGCC,0.651774620294609
TGAGGCG,0.617878913378777
TGAGGCT,0.635600561182102
TGAGGGA,0.676931384589985
TGAGGGC,0.67174232598239
TGAGGGG,0.69879177275756
TGAGGGT,0.674415479228102
TGAGGTA,0.641725178061143
TGAGGTC,0.61248289565772
TGAGGTG,0.629355338267549
TGAGGTT,0.640340980501667
TGAGTAA,0.637213346400298
TGAGTAC,0.636456648672345
TGAGTAG,0.626783147909798
TGAGTAT,0.647519602879653
TGAGTCA,0.627132025927547
TGAGTCC,0.625561115442518
TGAGTCG,0.614023982102776
TGAGTCT,0.63578995135115
TGAGTGA,0.656761721664143
TGAGTGC,0.642526972041326
TGAGTGG,0.680717029795107
TGAGTGT,0.662670316613429
TGAGTTA,0.623804427351239
TGAGTTC,0.615344226230894
TGAGTTG,0.639873688543842
TGAGTTT,0.631400067745049
TGATAAA,0.618976402168706
TGATAAC,0.611934943130815
TGATAAG,0.611740980295898
TGATAAT,0.615209758796744
TGATACA,0.618197392945363
TGATACC,0.613140042603364
TGATACG,0.611082913014503
TGATACT,0.618155493533733
TGATAGA,0.617325523473279
TGATAGC,0.61543666210431
TGATAGG,0.616603979849959
TGATAGT,0.617124214828802
TGATATA,0.615327418790423
TGATATC,0.610483526319242
TGATATG,0.621217900760088
TGATATT,0.621643886148926
TGATCAA,0.610593300050557
TGATCAC,0.614049226039573
TGATCAG,0.622912414360645
TGATCAT,0.613973492317333
TGATCCA,0.595852303836493
TGATCCC,0.614099712001479
TGATCCG,0.602096749313681
TGATCCT,0.616192634841427
TGATCGA,0.612963160902904
TGATCGC,0.609866880675696
TGATCGG,0.61679700182428
TGATCGT,0.614881918654493
TGATCTA,0.617140992097098
TGATCTC,0.600443333992953
TGATCTG,0.608936969826959
TGATCTT,0.606125074769661
TGATGAA,0.615150923608045
TGATGAC,0.62372109534976
TGATGAG,0.622545374281543
TGATGAT,0.614612841317805
TGATGCA,0.618096831407952
TGATGCC,0.612466040056332
TGATGCG,0.610930989815872
TGATGCT,0.627597007362776
TGATGGA,0.617644179303931
TGATGGC,0.614352103585598
TGATGGG,0.658461506091694
TGATGGT,0.635213434914423
TGATGTA,0.616696299355637
TGATGTC,0.615369436861942
TGATGTG,0.633283806648726
TGATGTT,0.615302207100037
TGATTAA,0.608463228287396
TGATTAC,0.613224260989188
TGATTAG,0.617610641366248
TGATTAT,0.623971070524424
TGATTCA,0.622261660102508
TGATTCC,0.618616290534136
TGATTCG,0.613619992423086
TGATTCT,0.613527388463813
TGATTGA,0.622428560544272
TGATTGC,0.613434775928253
TGATTGG,0.628576082467241
TGATTGT,0.617459706725804
TGATTTA,0.619938854728852
TGATTTC,0.618105211922326
TGATTTG,0.614932362595669
TGATTTT,0.624037720018891
TGCAAAA,0.608742424567463
TGCAAAC,0.611336067066455
TGCAAAG,0.619160595195931
TGCAAAT,0.605132248645177
TGCAACA,0.61583991868226
TGCAACC,0.579950905076523
TGCAACG,0.614150195414681
TGCAACT,0.614621251080606
TGCAAGA,0.620382108183744
TGCAAGC,0.614738980334402
TGCAAGG,0.622453593208151
TGCAAGT,0.625502886154216
TGCAATA,0.614385750984323
TGCAATC,0.605836662782806
TGCAATG,0.605293543872729
TGCAATT,0.61359473764828
TGCACAA,0.609630258126082
TGCACAC,0.604648206806845
TGCACAG,0.632416736084059
TGCACAT,0.613224260989188
TGCACCA,0.599692428933459
TGCACCC,0.611091352515495
TGCACCG,0.613476873598603
TGCACCT,0.607481192003895
TGCACGA,0.609782379049567
TGCACGC,0.612019263065069
TGCACGG,0.61359473764828
TGCACGT,0.612727269956223
TGCACTA,0.608547841452745
TGCACTC,0.5772744590538
TGCACTG,0.62219489212541
TGCACTT,0.617157769083922
TGCAGAA,0.613384256384398
TGCAGAC,0.627082193662099
TGCAGAG,0.650688226937031
TGCAGAT,0.625644294258792
TGCAGCA,0.613872505098146
TGCAGCC,0.62372109534976
TGCAGCG,0.616587193569569
TGCAGCT,0.640635999796421
TGCAGGA,0.654081315900884
TGCAGGC,0.630307857985361
TGCAGGG,0.673623004010839
TGCAGGT,0.658236108477623
TGCAGTA,0.61437733924078
TGCAGTC,0.61664594431819
TGCAGTG,0.556858102849956
TGCAGTT,0.624037720018891
TGCATAA,0.617669332019068
TGCATAC,0.61583991868226
TGCATAG,0.622428560544272
TGCATAT,0.607726791501623
TGCATCA,0.614167022652748
TGCATCC,0.61735907097443
TGCATCG,0.615797920375245
TGCATCT,0.620273403822362
TGCATGA,0.622253314349162
TGCATGC,0.615755920304298
TGCATGG,0.630274742090431
TGCATGT,0.63124292921157
TGCATTA,0.616553620163428
TGCATTC,0.616964816739767
TGCATTG,0.615613106866874
TGCATTT,0.611580721746855
TGCCAAA,0.609503473010472
TGCCAAC,0.606676219214816
TGCCAAG,0.61923593711141
TGCCAAT,0.623295994091216
TGCCACA,0.616201031329084
TGCCACC,0.59775282795877
TGCCACG,0.610947871311106
TGCCACT,0.597864008041587
TGCCAGA,0.624853816021556
TGCCAGC,0.617099048398577
TGCCAGG,0.644242940273812
TGCCAGT,0.61437733924078
TGCCATA,0.608894680598696
TGCCATC,0.620825165252056
TGCCATG,0.615671914870016
TGCCATT,0.611859049110585
TGCCCAA,0.617786702991939
TGCCCAC,0.611234813135981
TGCCCAG,0.603560381080997
TGCCCAT,0.608073915487336
TGCCCCA,0.622236622633511
TGCCCCC,0.626301163793156
TGCCCCG,0.612954737184332
TGCCCCT,0.630605851700273
TGCCCGA,0.614183849607663
TGCCCGC,0.618733550420687
TGCCCGG,0.614091297851495
TGCCCGT,0.618817299065014
TGCCCTA,0.618741925600749
TGCCCTC,0.62719846508554
TGCCCTG,0.635707612206653
TGCCCTT,0.624404212856094
TGCCGAA,0.61336741596927
TGCCGAC,0.612381757787457
TGCCGAG,0.611800016445772
TGCCGAT,0.616478075878129
TGCCGCA,0.610593300050557
TGCCGCC,0.613805174619122
TGCCGCG,0.616503257940672
TGCCGCT,0.611875914946191
TGCCGGA,0.616964816739767
TGCCGGC,0.622770619390525
TGCCGGG,0.639307727018798
TGCCGGT,0.614629660772684
TGCCGTA,0.61400715245754
TGCCGTC,0.614688526637073
TGCCGTG,0.612314326857464
TGCCGTT,0.613207417879433
TGCCTAA,0.621919427088116
TGCCTAC,0.616998376343708
TGCCTAG,0.619060130477849
TGCCTAT,0.615176139112784
TGCCTCA,0.572031623711171
TGCCTCC,0.60730330642958
TGCCTCG,0.610348403643911
TGCCTCT,0.626857917732201
TGCCTGA,0.633968673651976
TGCCTGC,0.621017374240226
TGCCTGG,0.648349289989506
TGCCTGT,0.620716509044858
TGCCTTA,0.612954737184332
TGCCTTC,0.610247049654161
TGCCTTG,0.625985255088794
TGCCTTT,0.6249287302336
TGCGAAA,0.612415471547432
TGCGAAC,0.613476873598603
TGCGAAG,0.6185241481192
TGCGAAT,0.612701992625561
TGCGACA,0.614789431486283
TGCGACC,0.615184544139739
TGCGACG,0.611150427028219
TGCGACT,0.612971584550518
TGCGAGA,0.61981336995798
TGCGAGC,0.615688716521435
TGCGAGG,0.621744091638763
TGCGAGT,0.617174545789283
TGCGATA,0.614680117440026
TGCGATC,0.608590145350801
TGCGATG,0.611395127124981
TGCGATT,0.613670500059368
TGCGCAA,0.617107437279024
TGCGCAC,0.608581684714358
TGCGCAG,0.619386603915296
TGCGCAT,0.612036126198771
TGCGCCA,0.60469916961406
TGCGCCC,0.614436219959731
TGCGCCG,0.617442934803862
TGCGCCT,0.609520378621329
TGCGCGA,0.61664594431819
TGCGCGC,0.623912748572588
TGCGCGG,0.620256679025593
TGCGCGT,0.619035012721193
TGCGCTA,0.612786247909774
TGCGCTC,0.605403888777258
TGCGCTG,0.61327478861638
TGCGCTT,0.61177471566545
TGCGGAA,0.618825673543698
TGCGGAC,0.618457130120687
TGCGGAG,0.630829288725757
TGCGGAT,0.618004641114156
TGCGGCA,0.620908738916854
TGCGGCC,0.627854314859782
TGCGGCG,0.622570404021471
TGCGGCT,0.620733226152895
TGCGGGA,0.626916068173704
TGCGGGC,0.631854803302038
TGCGGGG,0.683593985009331
TGCGGGT,0.631962256044164
TGCGGTA,0.621719041207645
TGCGGTC,0.617971115263644
TGCGGTG,0.62536145805056
TGCGGTT,0.619461928805411
TGCGTAA,0.613771507679512
TGCGTAC,0.614276392798796
TGCGTAG,0.614982803992382
TGCGTAT,0.617761553228865
TGCGTCA,0.61106603379884
TGCGTCC,0.61931964369386
TGCGTCG,0.614823064173527
TGCGTCT,0.620766659530608
TGCGTGA,0.616293388040549
TGCGTGC,0.62751399081912
TGCGTGG,0.619051757962397
TGCGTGT,0.623429378646674
TGCGTTA,0.612735695591125
TGCGTTC,0.618582785183764
TGCGTTG,0.615772720544358
TGCGTTT,0.621677289094566
TGCTAAA,0.6155458934854
TGCTAAC,0.618725175170481
TGCTAAG,0.608183954034995
TGCTAAT,0.623070867302553
TGCTACA,0.609013085931408
TGCTACC,0.61207828278897
TGCTACG,0.613460034743128
TGCTACT,0.611251689503045
TGCTAGA,0.623387697884251
TGCTAGC,0.616024690281369
TGCTAGG,0.631143671098035
TGCTAGT,0.615276994774005
TGCTATA,0.609833080882103
TGCTATC,0.613055817124205
TGCTATG,0.623229295141104
TGCTATT,0.617233262041667
TGCTCAA,0.608513997045727
TGCTCAC,0.628625840346254
TGCTCAG,0.61553749149506
TGCTCAT,0.615604705441244
TGCTCCA,0.608615526830644
TGCTCCC,0.623671092815441
TGCTCCG,0.620507521611394
TGCTCCT,0.627763019777707
TGCTCGA,0.613990322529062
TGCTCGC,0.614629660772684
TGCTCGG,0.621744091638763
TGCTCGT,0.61821415221847
TGCTCTA,0.61289576916739
TGCTCTC,0.622069690151477
TGCTCTG,0.617845383312799
TGCTCTT,0.614183849607663
TGCTGAA,0.62836873131749
TGCTGAC,0.631970521161491
TGCTGAG,0.631739072050413
TGCTGAT,0.635221673204121
TGCTGCA,0.631639863173308
TGCTGCC,0.614326867293561
TGCTGCG,0.62207803743744
TGCTGCT,0.635584090776509
TGCTGGA,0.635295814757435
TGCTGGC,0.633696433300737
TGCTGGG,0.684104055306785
TGCTGGT,0.639734278482022
TGCTGTA,0.620423914407266
TGCTGTC,0.626118281444089
TGCTGTG,0.63628384389448
TGCTGTT,0.617686100144355
TGCTTAA,0.611049154298264
TGCTTAC,0.614385750984323
TGCTTAG,0.620699791657354
TGCTTAT,0.619729704695197
TGCTTCA,0.622612118862538
TGCTTCC,0.624254300202383
TGCTTCG,0.615234972817987
TGCTTCT,0.626799763909026
TGCTTGA,0.604350871989825
TGCTTGC,0.620457358127741
TGCTTGG,0.631358717893349
TGCTTGT,0.621318148942953
TGCTTTA,0.619520510908654
TGCTTTC,0.635287577078517
TGCTTTG,0.626650209975748
TGCTTTT,0.63699955507992
TGGAAAA,0.619076875298458
TGGAAAC,0.626816379632167
TGGAAAG,0.626351034993324
TGGAAAT,0.622144813216885
TGGAACA,0.632077961470803
TGGAACC,0.621986213459377
TGGAACG,0.617140992097098
TGGAACT,0.621318148942953
TGGAAGA,0.638207697435014
TGGAAGC,0.630845837630697
TGGAAGG,0.661972750789724
TGGAAGT,0.622803984721779
TGGAATA,0.621410034283034
TGGAATC,0.616511651820602
TGGAATG,0.633902682796519
TGGAATT,0.628244299987141
TGGACAA,0.621785840962846
TGGACAC,0.620975592820176
TGGACAG,0.642363392820265
TGGACAT,0.611082913014503
TGGACCA,0.628036880023361
TGGACCC,0.626724989738184
TGGACCG,0.617233262041667
TGGACCT,0.622620461621941
TGGACGA,0.613973492317333
TGGACGC,0.611918078290749
TGGACGG,0.622787302195308
TGGACGT,0.615898713348957
TGGACTA,0.617291974846655
TGGACTC,0.612263750675878
TGGACTG,0.642044336355463
TGGACTT,0.622703885388096
TGGAGAA,0.647796241743398
TGGAGAC,0.63767366483151
TGGAGAG,0.671932935421589
TGGAGAT,0.625602705715495
TGGAGCA,0.627796218953735
TGGAGCC,0.648186660488659
TGGAGCG,0.624454178746902
TGGAGCT,0.643867313292759
TGGAGGA,0.669619341925173
TGGAGGC,0.647812512234724
TGGAGGG,0.751120110084343
TGGAGGT,0.662582145503557
TGGAGTA,0.616813784583168
TGGAGTC,0.631267742200629
TGGAGTG,0.630307857985361
TGGAGTT,0.635633501179487
TGGATAA,0.620599481463015
TGGATAC,0.609765477867445
TGGATAG,0.617769936553502
TGGATAT,0.619152223521582
TGGATCA,0.60436786493261
TGGATCC,0.619219194954073
TGGATCG,0.614621251080606
TGGATCT,0.623921080488249
TGGATGA,0.622879052647046
TGGATGC,0.622011257198692
TGGATGG,0.639627657672455
TGGATGT,0.619729704695197
TGGATTA,0.609664064775622
TGGATTC,0.624620713687634
TGGATTG,0.628045177648007
TGGATTT,0.628094961950074
TGGCAAA,0.620306852576766
TGGCAAC,0.616931256009542
TGGCAAG,0.629313903778336
TGGCAAT,0.616922865650995
TGGCACA,0.607972330695048
TGGCACC,0.627256595728011
TGGCACG,0.615411453168017
TGGCACT,0.616939646297691
TGGCAGA,0.636242695498023
TGGCAGC,0.627447572621781
TGGCAGG,0.670661519018356
TGGCAGT,0.633853186796936
TGGCATA,0.616704691615364
TGGCATC,0.623654424748375
TGGCATG,0.620432275442243
TGGCATT,0.617065492173037
TGGCCAA,0.595175118878826
TGGCCAC,0.628675595749543
TGGCCAG,0.630969945689027
TGGCCAT,0.615596303945029
TGGCCCA,0.616847349255986
TGGCCCC,0.65181513452785
TGGCCCG,0.624046050893368
TGGCCCT,0.644340906720701
TGGCCGA,0.616360551200846
TGGCCGC,0.621952820831299
TGGCCGG,0.640832630983804
TGGCCGT,0.62880826472332
TGGCCTA,0.61439416265711
TGGCCTC,0.606922016468745
TGGCCTG,0.661796277725646
TGGCCTT,0.614553970997835
TGGCGAA,0.609909128811214
TGGCGAC,0.614671708172264
TGGCGAG,0.620800091790567
TGGCGAT,0.616427709850555
TGGCGCA,0.607565888299737
TGGCGCC,0.627870913070178
TGGCGCG,0.615596303945029
TGGCGCT,0.614823064173527
TGGCGGA,0.618976402168706
TGGCGGC,0.620975592820176
TGGCGGG,0.658429309542828
TGGCGGT,0.627165246058314
TGGCGTA,0.612322755972378
TGGCGTC,0.617317136422139
TGGCGTG,0.612162590638209
TGGCGTT,0.616091871490075
TGGCTAA,0.588127528790212
TGGCTAC,0.617208098355656
TGGCTAG,0.629181301874663
TGGCTAT,0.614596021580026
TGGCTCA,0.601466387587178
TGGCTCC,0.619286161901691
TGGCTCG,0.618390107630461
TGGCTCT,0.626517254366853
TGGCTGA,0.642755938006414
TGGCTGC,0.624404212856094
TGGCTGG,0.665847299880496
TGGCTGT,0.650355587054634
TGGCTTA,0.614537150269835
TGGCTTC,0.620055959643258
TGGCTTG,0.633745937059407
TGGCTTT,0.629023814273007
TGGGAAA,0.661523485355898
TGGGAAC,0.631953990858524
TGGGAAG,0.686462687090469
TGGGAAT,0.651969073646308
TGGGACA,0.65158012912345
TGGGACC,0.664848078534208
TGGGACG,0.623971070524424
TGGGACT,0.647348699459793
TGGGAGA,0.690422998036907
TGGGAGC,0.679740443513258
TGGGAGG,0.732144562525752
TGGGAGT,0.690898429842877
TGGGATA,0.626118281444089
TGGGATC,0.634158373107457
TGGGATG,0.664408104636813
TGGGATT,0.558522849686251
TGGGCAA,0.606879641941948
TGGGCAC,0.63691731547704
TGGGCAG,0.73989082784746
TGGGCAT,0.631085765981692
TGGGCCA,0.648902032542306
TGGGCCC,0.664176040433761
TGGGCCG,0.648926411207737
TGGGCCT,0.676686401638012
TGGGCGA,0.606616879790411
TGGGCGC,0.628882883286956
TGGGCGG,0.667092929181112
TGGGCGT,0.626766531634475
TGGGCTA,0.6270655823551
TGGGCTC,0.641553281394279
TGGGCTG,0.709442080653944
TGGGCTT,0.660632380101648
TGGGGAA,0.706868725596354
TGGGGAC,0.695322341387297
TGGGGAG,0.788052280845007
TGGGGAT,0.664808088905263
TGGGGCA,0.70931968998271
TGGGGCC,0.706416172406967
TGGGGCG,0.670144544005288
TGGGGCT,0.737097175421176
TGGGGGA,0.765947180744644
TGGGGGC,0.775923497610337
TGGGGGG,0.754452752679118
TGGGGGT,0.779081885737905
TGGGGTA,0.656043883704201
TGGGGTC,0.682557348602555
TGGGGTG,0.801899366091291
TGGGGTT,0.672956839152974
TGGGTAA,0.632945325699351
TGGGTAC,0.632193653511244
TGGGTAG,0.653021706021627
TGGGTAT,0.633886184402196
TGGGTCA,0.648910158830152
TGGGTCC,0.648650084859358
TGGGTCG,0.630067742897151
TGGGTCT,0.640062271227353
TGGGTGA,0.678865431559814
TGGGTGC,0.66646232364578
TGGGTGG,0.790135961947873
TGGGTGT,0.691404788873985
TGGGTTA,0.626326099704132
TGGGTTC,0.629073549879375
TGGGTTG,0.664712107270676
TGGGTTT,0.655325530082738
TGGTAAA,0.615394646857431
TGGTAAC,0.614310042745046
TGGTAAG,0.697677910549491
TGGTAAT,0.631639863173308
TGGTACA,0.616184238283268
TGGTACC,0.622745594661498
TGGTACG,0.613502131350177
TGGTACT,0.620273403822362
TGGTAGA,0.621802540204449
TGGTAGC,0.616906084722703
TGGTAGG,0.636645876791551
TGGTAGT,0.620265041458942
TGGTATA,0.617442934803862
TGGTATC,0.62036538520495
TGGTATG,0.631970521161491
TGGTATT,0.624470833489056
TGGTCAA,0.617166157471785
TGGTCAC,0.619194081192492
TGGTCAG,0.622128119690051
TGGTCAT,0.629504488215083
TGGTCCA,0.618917788180821
TGGTCCC,0.627323026610481
TGGTCCG,0.617551947268634
TGGTCCT,0.633580914999419
TGGTCGA,0.619587457681777
TGGTCGC,0.618465507616129
TGGTCGG,0.628294074377275
TGGTCGT,0.614116540089056
TGGTCTA,0.610086551491809
TGGTCTC,0.604571757725927
TGGTCTG,0.62861754753835
TGGTCTT,0.614520329258894
TGGTGAA,0.609241399488963
TGGTGAC,0.625170082303101
TGGTGAG,0.693637498442148
TGGTGAT,0.62382942559762
TGGTGCA,0.613401096515932
TGGTGCC,0.628318960643314
TGGTGCG,0.620983949243842
TGGTGCT,0.625095186170252
TGGTGGA,0.643230057942153
TGGTGGC,0.638051625092729
TGGTGGG,0.76251487989822
TGGTGGT,0.65597126465171
TGGTGTA,0.614234328773597
TGGTGTC,0.6274558751377
TGGTGTG,0.657180894243394
TGGTGTT,0.632367166479563
TGGTTAA,0.616066679065711
TGGTTAC,0.615100490691021
TGGTTAG,0.624012726979028
TGGTTAT,0.615411453168017
TGGTTCA,0.615327418790423
TGGTTCC,0.622720569306217
TGGTTCG,0.614579201559339
TGGTTCT,0.640013079173205
TGGTTGA,0.622128119690051
TGGTTGC,0.616284992328331
TGGTTGG,0.65455009779231
TGGTTGT,0.63287926727549
TGGTTTA,0.625544478848985
TGGTTTC,0.624470833489056
TGGTTTG,0.631185029842661
TGGTTTT,0.630978219011952
TGTAAAA,0.611681940660551
TGTAAAC,0.622528687440202
TGTAAAG,0.613619992423086
TGTAAAT,0.616394131089486
TGTAACA,0.60587908152747
TGTAACC,0.613535807359933
TGTAACG,0.613973492317333
TGTAACT,0.622937434915455
TGTAAGA,0.61319899621817
TGTAAGC,0.615520687302597
TGTAAGG,0.627256595728011
TGTAAGT,0.682525918596516
TGTAATA,0.616335365544351
TGTAATC,0.559456387071764
TGTAATG,0.617543562116315
TGTAATT,0.618901040696092
TGTACAA,0.609621806285117
TGTACAC,0.616637551565424
TGTACAG,0.616184238283268
TGTACAT,0.613358995655354
TGTACCA,0.618842422290675
TGTACCC,0.619738071536476
TGTACCG,0.610002068426967
TGTACCT,0.613998737528707
TGTACGA,0.612052989048112
TGTACGC,0.613653664464053
TGTACGG,0.615268590524068
TGTACGT,0.610323066109517
TGTACTA,0.613704170399711
TGTACTC,0.609224489161095
TGTACTG,0.620783375800302
TGTACTT,0.621510263207678
TGTAGAA,0.619520510908654
TGTAGAC,0.624320930823036
TGTAGAG,0.610255496212343
TGTAGAT,0.612289039086415
TGTAGCA,0.616578800323706
TGTAGCC,0.61675504369475
TGTAGCG,0.61796273362539
TGTAGCT,0.617761553228865
TGTAGGA,0.626467391455762
TGTAGGC,0.624404212856094
TGTAGGG,0.646078215982562
TGTAGGT,0.637649010286467
TGTAGTA,0.609537283946391
TGTAGTC,0.593218136120011
TGTAGTG,0.615066867333239
TGTAGTT,0.623154253504198
TGTATAA,0.611327629630488
TGTATAC,0.610981633446643
TGTATAG,0.619311273350914
TGTATAT,0.608403994811527
TGTATCA,0.616117063279796
TGTATCC,0.612592450142075
TGTATCG,0.611740980295898
TGTATCT,0.616394131089486
TGTATGA,0.616553620163428
TGTATGC,0.618013022401165
TGTATGG,0.631904398310053
TGTATGT,0.638339107885446
TGTATTA,0.619512142246873
TGTATTC,0.60603177411137
TGTATTG,0.618113592366468
TGTATTT,0.584095262400145
TGTCAAA,0.612263750675878
TGTCAAC,0.608962342505521
TGTCAAG,0.616746651857582
TGTCAAT,0.615386243596217
TGTCACA,0.615571099032866
TGTCACC,0.606057220608768
TGTCACG,0.614671708172264
TGTCACT,0.618448752555061
TGTCAGA,0.617853765934694
TGTCAGC,0.622094731800338
TGTCAGG,0.635831118381137
TGTCAGT,0.615293803061989
TGTCATA,0.614461453492297
TGTCATC,0.614570791442902
TGTCATG,0.619378234132813
TGTCATT,0.625652611759903
TGTCCAA,0.611403563991465
TGTCCAC,0.627796218953735
TGTCCAG,0.631920929432813
TGTCCAT,0.618959655665593
TGTCCCA,0.632904039695814
TGTCCCC,0.648585055796775
TGTCCCG,0.618834047952252
TGTCCCT,0.646127110590403
TGTCCGA,0.614738980334402
TGTCCGC,0.61465488942459
TGTCCGG,0.622737252945989
TGTCCGT,0.615764320459609
TGTCCTA,0.617107437279024
TGTCCTC,0.629371911582538
TGTCCTG,0.64494482115905
TGTCCTT,0.634240839908576
TGTCGAA,0.611057594084167
TGTCGAC,0.612550315222304
TGTCGAG,0.613249525121914
TGTCGAT,0.612710418473442
TGTCGCA,0.612145729636977
TGTCGCC,0.607227060067089
TGTCGCG,0.613796757990481
TGTCGCT,0.614284805391514
TGTCGGA,0.619746438307753
TGTCGGC,0.617132603498134
TGTCGGG,0.627173550918574
TGTCGGT,0.61746809258129
TGTCGTA,0.611471056360947
TGTCGTC,0.615251781812296
TGTCGTG,0.612297468414484
TGTCGTT,0.611395127124981
TGTCTAA,0.615344226230894
TGTCTAC,0.617023545307585
TGTCTAG,0.625785682369944
TGTCTAT,0.621902729798336
TGTCTCA,0.60083562825412
TGTCTCC,0.630531361596155
TGTCTCG,0.613611574235684
TGTCTCT,0.623796094463575
TGTCTGA,0.61945355965336
TGTCTGC,0.62334601538447
TGTCTGG,0.655938987824455
TGTCTGT,0.637213346400298
TGTCTTA,0.628161337164323
TGTCTTC,0.6337211854864
TGTCTTG,0.627173550918574
TGTCTTT,0.648918285051962
TGTGAAA,0.630175387825155
TGTGAAC,0.626101654117396
TGTGAAG,0.645670667919445
TGTGAAT,0.633415865702657
TGTGACA,0.61441939725094
TGTGACC,0.627837716373882
TGTGACG,0.611437310745608
TGTGACT,0.624270958273767
TGTGAGA,0.63134217747391
TGTGAGC,0.623596084325676
TGTGAGG,0.652770794275767
TGTGAGT,0.658566137716943
TGTGATA,0.620616200527513
TGTGATC,0.610162580148181
TGTGATG,0.623554410511239
TGTGATT,0.624237641853503
TGTGCAA,0.616301783682279
TGTGCAC,0.614663298833786
TGTGCAG,0.633853186796936
TGTGCAT,0.621401681419172
TGTGCCA,0.602198932702017
TGTGCCC,0.626583734380949
TGTGCCG,0.615276994774005
TGTGCCT,0.626907761174801
TGTGCGA,0.613460034743128
TGTGCGC,0.622186545814813
TGTGCGG,0.61894290888203
TGTGCGT,0.623862755620738
TGTGCTA,0.624862140100042
TGTGCTC,0.617702867988478
TGTGCTG,0.655995471588492
TGTGCTT,0.634743740178072
TGTGGAA,0.63144141588701
TGTGGAC,0.618507394040637
TGTGGAG,0.651231571147129
TGTGGAT,0.627887511005078
TGTGGCA,0.627630212050645
TGTGGCC,0.644700034936998
TGTGGCG,0.625153439202783
TGTGGCT,0.640349176657446
TGTGGGA,0.67519941155164
TGTGGGC,0.669953593344228
TGTGGGG,0.730677945578557
TGTGGGT,0.691443728950657
TGTGGTA,0.634257332452739
TGTGGTC,0.61870842445963
TGTGGTG,0.633754187447602
TGTGGTT,0.629711604022393
TGTGTAA,0.622512000320407
TGTGTAC,0.620407192127588
TGTGTAG,0.623454386270255
TGTGTAT,0.624570756117408
TGTGTCA,0.631664666315324
TGTGTCC,0.635164003750929
TGTGTCG,0.6202399539491
TGTGTCT,0.655164031267401
TGTGTGA,0.652584593257
TGTGTGC,0.649714334622061
TGTGTGG,0.667084949317052
TGTGTGT,0.885340990714453
TGTGTTA,0.618339837814742
TGTGTTC,0.622295042419396
TGTGTTG,0.63572408057794
TGTGTTT,0.645034561095896
TGTTAAA,0.613973492317333
TGTTAAC,0.610213262707976
TGTTAAG,0.622320078425771
TGTTAAT,0.623846090748041
TGTTACA,0.606455797886638
TGTTACC,0.613451615209059
TGTTACG,0.619152223521582
TGTTACT,0.608573224006332
TGTTAGA,0.621017374240226
TGTTAGC,0.611665071553063
TGTTAGG,0.628269187491894
TGTTAGT,0.615663513938445
TGTTATA,0.618247669922089
TGTTATC,0.613182152682868
TGTTATG,0.619386603915296
TGTTATT,0.620507521611394
TGTTCAA,0.611740980295898
TGTTCAC,0.610618630738902
TGTTCAG,0.625436334244076
TGTTCAT,0.615041649072971
TGTTCCA,0.614486686388149
TGTTCCC,0.625103508239805
TGTTCCG,0.618431997213257
TGTTCCT,0.630622404303233
TGTTCGA,0.613308472282873
TGTTCGC,0.612676714655939
TGTTCGG,0.61521816354113
TGTTCGT,0.621526967051817
TGTTCTA,0.612929465602853
TGTTCTC,0.627082193662099
TGTTCTG,0.624046050893368
TGTTCTT,0.6202399539491
TGTTGAA,0.616444498808275
TGTTGAC,0.623446050465215
TGTTGAG,0.624678994365378
TGTTGAT,0.614360515541419
TGTTGCA,0.625461291729423
TGTTGCC,0.610373740536332
TGTTGCG,0.616897694152956
TGTTGCT,0.617904060190482
TGTTGGA,0.627206769669926
TGTTGGC,0.593707740968824
TGTTGGG,0.66890271244913
TGTTGGT,0.62298747414707
TGTTGTA,0.617845383312799
TGTTGTC,0.624096034682816
TGTTGTG,0.625569433635494
TGTTGTT,0.620900381864673
TGTTTAA,0.626608663246854
TGTTTAC,0.61877542561958
TGTTTAG,0.61636894627872
TGTTTAT,0.621435092456008
TGTTTCA,0.625719149278397
TGTTTCC,0.63572408057794
TGTTTCG,0.613914584345539
TGTTTCT,0.652811268170695
TGTTTGA,0.624695645363737
TGTTTGC,0.619135479962628
TGTTTGG,0.642682347520506
TGTTTGT,0.654404637272984
TGTTTTA,0.633745937059407
TGTTTTC,0.652147289341247
TGTTTTG,0.638995901231748
TGTTTTT,0.656656901059567
TTAAAAA,0.579045028367799
TTAAAAC,0.611023834513169
TTAAAAG,0.602590538990798
TTAAAAT,0.596417701911898
TTAAACA,0.613611574235684
TTAAACC,0.610787485598953
TTAAACG,0.611150427028219
TTAAACT,0.614360515541419
TTAAAGA,0.606014809420028
TTAAAGC,0.618054927782552
TTAAAGG,0.619855199964565
TTAAAGT,0.616612372884488
TTAAATA,0.612786247909774
TTAAATC,0.604163930558543
TTAAATG,0.617384230861748
TTAAATT,0.623162591741945
TTAACAA,0.617317136422139
TTAACAC,0.607642108833168
TTAACAG,0.611487928741589
TTAACAT,0.613746256730948
TTAACCA,0.613619992423086
TTAACCC,0.614099712001479
TTAACCG,0.616880912802254
TTAACCT,0.619060130477849
TTAACGA,0.610306174063252
TTAACGC,0.612508178527106
TTAACGG,0.614427808640711
TTAACGT,0.613038971177069
TTAACTA,0.611293879174697
TTAACTC,0.619026639995439
TTAACTG,0.617384230861748
TTAACTT,0.62234511380536
TTAAGAA,0.615629909506385
TTAAGAC,0.611951807686464
TTAAGAG,0.620515881947361
TTAAGAT,0.617987878329398
TTAAGCA,0.614352103585598
TTAAGCC,0.607921534428841
TTAAGCG,0.610922548961384
TTAAGCT,0.612491323351873
TTAAGGA,0.617258425094482
TTAAGGC,0.617140992097098
TTAAGGG,0.619629297139143
TTAAGGT,0.635526442220556
TTAAGTA,0.613956661822343
TTAAGTC,0.610483526319242
TTAAGTG,0.610871902338196
TTAAGTT,0.610179474620194
TTAATAA,0.618850796558969
TTAATAC,0.611521672648864
TTAATAG,0.621092576397466
TTAATAT,0.618532525053221
TTAATCA,0.618834047952252
TTAATCC,0.611867482063945
TTAATCG,0.612499750975002
TTAATCT,0.61572231897741
TTAATGA,0.612272180217113
TTAATGC,0.618959655665593
TTAATGG,0.621610482087491
TTAATGT,0.617912442320527
TTAATTA,0.614427808640711
TTAATTC,0.619403343270104
TTAATTG,0.602045653703705
TTAATTT,0.618591161626602
TTACAAA,0.607955398893007
TTACAAC,0.609672516259433
TTACAAG,0.62035702361068
TTACAAT,0.612052989048112
TTACACA,0.609190667647459
TTACACC,0.615226568214878
TTACACG,0.613586319248275
TTACACT,0.614890326154732
TTACAGA,0.610627074159098
TTACAGC,0.613005278431413
TTACAGG,0.552518535924638
TTACAGT,0.622787302195308
TTACATA,0.610804369516906
TTACATC,0.612322755972378
TTACATG,0.609875330445593
TTACATT,0.607472721979758
TTACCAA,0.617820235025496
TTACCAC,0.608657827865502
TTACCAG,0.611816883277034
TTACCAT,0.609190667647459
TTACCCA,0.612609303612898
TTACCCC,0.618892666848547
TTACCCG,0.614259567401042
TTACCCT,0.620850238084882
TTACCGA,0.613097930750526
TTACCGC,0.613013701724253
TTACCGG,0.609951375161903
TTACCGT,0.610027414095854
TTACCTA,0.611133548952111
TTACCTC,0.616805393238931
TTACCTG,0.612887344881107
TTACCTT,0.609926027565661
TTACGAA,0.612760972069892
TTACGAC,0.612162590638209
TTACGAG,0.613426356181513
TTACGAT,0.611403563991465
TTACGCA,0.615201353981717
TTACGCC,0.609182212090313
TTACGCG,0.612769397420838
TTACGCT,0.611108231303806
TTACGGA,0.611740980295898
TTACGGC,0.612600876912992
TTACGGG,0.615705517890563
TTACGGT,0.617115826089099
TTACGTA,0.61371258780766
TTACGTC,0.612508178527106
TTACGTG,0.611352941724822
TTACGTT,0.611690375107584
TTACTAA,0.612280609687291
TTACTAC,0.611816883277034
TTACTAG,0.607659045940561
TTACTAT,0.616016292312929
TTACTCA,0.613636828585295
TTACTCC,0.617275200111267
TTACTCG,0.613443195604101
TTACTCT,0.621176127717656
TTACTGA,0.618054927782552
TTACTGC,0.609435847708902
TTACTGG,0.618716799850129
TTACTGT,0.62089202474265
TTACTTA,0.603900453756873
TTACTTC,0.618054927782552
TTACTTG,0.613358995655354
TTACTTT,0.62451246913094
TTAGAAA,0.622103078877275
TTAGAAC,0.612996855067621
TTAGAAG,0.618239290601506
TTAGAAT,0.610120342719378
TTAGACA,0.620992305597679
TTAGACC,0.618364973038483
TTAGACG,0.612036126198771
TTAGACT,0.617174545789283
TTAGAGA,0.621777491237469
TTAGAGC,0.618364973038483
TTAGAGG,0.621635535238176
TTAGAGT,0.612162590638209
TTAGATA,0.622578747128896
TTAGATC,0.613224260989188
TTAGATG,0.619704603751325
TTAGATT,0.625877158143529
TTAGCAA,0.612600876912992
TTAGCAC,0.61441939725094
TTAGCAG,0.615066867333239
TTAGCAT,0.625793998695147
TTAGCCA,0.589335769990723
TTAGCCC,0.615923910005086
TTAGCCG,0.601628275137789
TTAGCCT,0.611589157047653
TTAGCGA,0.614116540089056
TTAGCGC,0.61247446789254
TTAGCGG,0.615923910005086
TTAGCGT,0.614604431484278
TTAGCTA,0.612230031800348
TTAGCTC,0.6137378396064
TTAGCTG,0.607930000652396
TTAGCTT,0.613358995655354
TTAGGAA,0.620540962535898
TTAGGAC,0.61877542561958
TTAGGAG,0.620373746729304
TTAGGAT,0.623812760169468
TTAGGCA,0.615713918469271
TTAGGCC,0.611614462523129
TTAGGCG,0.613072662787561
TTAGGCT,0.623512734960023
TTAGGGA,0.634677800451788
TTAGGGC,0.62482051901469
TTAGGGG,0.632557169954602
TTAGGGT,0.644373560070353
TTAGGTA,0.629993212696972
TTAGGTC,0.620540962535898
TTAGGTG,0.616041486006673
TTAGGTT,0.61540305004803
TTAGTAA,0.618716799850129
TTAGTAC,0.611471056360947
TTAGTAG,0.58326255729155
TTAGTAT,0.621685639656642
TTAGTCA,0.614781023137726
TTAGTCC,0.620674715052079
TTAGTCG,0.612862071596439
TTAGTCT,0.612592450142075
TTAGTGA,0.623095883893147
TTAGTGC,0.61847388504139
TTAGTGG,0.623912748572588
TTAGTGT,0.626118281444089
TTAGTTA,0.61247446789254
TTAGTTC,0.618817299065014
TTAGTTG,0.618926161818008
TTAGTTT,0.621719041207645
TTATAAA,0.610635517508003
TTATAAC,0.611875914946191
TTATAAG,0.618440374919252
TTATAAT,0.616654337000519
TTATACA,0.612878920523855
TTATACC,0.618264428352619
TTATACG,0.610846578064664
TTATACT,0.615655112936297
TTATAGA,0.622153159875801
TTATAGC,0.614579201559339
TTATAGG,0.620683073990375
TTATAGT,0.610044310851561
TTATATA,0.613771507679512
TTATATC,0.611766281929756
TTATATG,0.624046050893368
TTATATT,0.626276227260364
TTATCAA,0.617208098355656
TTATCAC,0.613561063623036
TTATCAG,0.618147113440735
TTATCAT,0.615352629845196
TTATCCA,0.619261049821867
TTATCCC,0.614621251080606
TTATCCG,0.6148062479713
TTATCCT,0.614183849607663
TTATCGA,0.613241103815258
TTATCGC,0.613283209639371
TTATCGG,0.611934943130815
TTATCGT,0.616511651820602
TTATCTA,0.609402033343097
TTATCTC,0.609900679326902
TTATCTG,0.617719635551444
TTATCTT,0.625860526807083
TTATGAA,0.61849063968137
TTATGAC,0.62100901809587
TTATGAG,0.613224260989188
TTATGAT,0.619537248022115
TTATGCA,0.61268514071681
TTATGCC,0.611985535944545
TTATGCG,0.615890314322496
TTATGCT,0.614200676279437
TTATGGA,0.622136466488302
TTATGGC,0.619830102170585
TTATGGG,0.621802540204449
TTATGGT,0.622153159875801
TTATGTA,0.617510020803913
TTATGTC,0.614646479944675
TTATGTG,0.619779904692847
TTATGTT,0.621702340571601
TTATTAA,0.622295042419396
TTATTAC,0.613771507679512
TTATTAG,0.619093619838684
TTATTAT,0.617417776393504
TTATTCA,0.6185241481192
TTATTCC,0.6148062479713
TTATTCG,0.613670500059368
TTATTCT,0.62036538520495
TTATTGA,0.603288239648161
TTATTGC,0.610567968720552
TTATTGG,0.618926161818008
TTATTGT,0.619160595195931
TTATTTA,0.60599784444088
TTATTTC,0.634760224430283
TTATTTG,0.630804464854837
TTATTTT,0.64991730708469
TTCAAAA,0.614267980135305
TTCAAAC,0.609866880675696
TTCAAAG,0.627289811720879
TTCAAAT,0.617619025956119
TTCAACA,0.611412000786768
TTCAACC,0.608607066408942
TTCAACG,0.610981633446643
TTCAACT,0.612659862321197
TTCAAGA,0.599572914759767
TTCAAGC,0.594317264572375
TTCAAGG,0.614932362595669
TTCAAGT,0.599077632390833
TTCAATA,0.612786247909774
TTCAATC,0.611690375107584
TTCAATG,0.610711504440266
TTCAATT,0.619461928805411
TTCACAA,0.615529089434126
TTCACAC,0.609680967671818
TTCACAG,0.621192837144028
TTCACAT,0.622662174374959
TTCACCA,0.589318519676638
TTCACCC,0.619261049821867
TTCACCG,0.604308388369495
TTCACCT,0.623104222617606
TTCACGA,0.61359473764828
TTCACGC,0.609410487041743
TTCACGG,0.612415471547432
TTCACGT,0.614091297851495
TTCACTA,0.611403563991465
TTCACTC,0.620499161205532
TTCACTG,0.613763090767502
TTCACTT,0.629951804629879
TTCAGAA,0.634570639122139
TTCAGAC,0.616696299355637
TTCAGAG,0.627779619503494
TTCAGAT,0.623287656965739
TTCAGCA,0.611234813135981
TTCAGCC,0.616049883763541
TTCAGCG,0.612238461625821
TTCAGCT,0.621410034283034
TTCAGGA,0.63334983835564
TTCAGGC,0.623662758816636
TTCAGGG,0.648422464637
TTCAGGT,0.644324579646026
TTCAGTA,0.614158609069109
TTCAGTC,0.615713918469271
TTCAGTG,0.625769049512051
TTCAGTT,0.623662758816636
TTCATAA,0.606676219214816
TTCATAC,0.614175436165598
TTCATAG,0.616788610339211
TTCATAT,0.625228330972995
TTCATCA,0.617107437279024
TTCATCC,0.613763090767502
TTCATCG,0.61289576916739
TTCATCT,0.6155458934854
TTCATGA,0.613493712170536
TTCATGC,0.61433527946167
TTCATGG,0.617023545307585
TTCATGT,0.616603979849959
TTCATTA,0.610441302444491
TTCATTC,0.619788271114124
TTCATTG,0.614680117440026
TTCATTT,0.623245970295707
TTCCAAA,0.605471787282413
TTCCAAC,0.6185241481192
TTCCAAG,0.627381150012773
TTCCAAT,0.613350575270537
TTCCACA,0.623471057671882
TTCCACC,0.60562454206504
TTCCACG,0.610280835458828
TTCCACT,0.609604902388884
TTCCAGA,0.634694285790992
TTCCAGC,0.604614230159085
TTCCAGG,0.649324511970251
TTCCAGT,0.619855199964565
TTCCATA,0.616192634841427
TTCCATC,0.610306174063252
TTCCATG,0.612575596387208
TTCCATT,0.614907140943155
TTCCCAA,0.610652403991946
TTCCCAC,0.629247605024408
TTCCCAG,0.626774839806649
TTCCCAT,0.620164687643056
TTCCCCA,0.622578747128896
TTCCCCC,0.626558804893581
TTCCCCG,0.619252678988453
TTCCCCT,0.633589166749218
TTCCCGA,0.618046546846758
TTCCCGC,0.62089202474265
TTCCCGG,0.620106143265993
TTCCCGT,0.609418940668926
TTCCCTA,0.619110364098534
TTCCCTC,0.6337211854864
TTCCCTG,0.63134217747391
TTCCCTT,0.652446944129911
TTCCGAA,0.612988431632875
TTCCGAC,0.613603155977416
TTCCGAG,0.616385736223039
TTCCGAT,0.615898713348957
TTCCGCA,0.615730719414981
TTCCGCC,0.612230031800348
TTCCGCG,0.62036538520495
TTCCGCT,0.611960239857634
TTCCGGA,0.611740980295898
TTCCGGC,0.616872522021297
TTCCGGG,0.620724867633809
TTCCGGT,0.611926510746335
TTCCGTA,0.614461453492297
TTCCGTC,0.61667951462489
TTCCGTG,0.618381729503329
TTCCGTT,0.613072662787561
TTCCTAA,0.609325946839178
TTCCTAC,0.612196311787817
TTCCTAG,0.625893789203379
TTCCTAT,0.607193170928717
TTCCTCA,0.617610641366248
TTCCTCC,0.652382161513368
TTCCTCG,0.61407446933913
TTCCTCT,0.63088720869492
TTCCTGA,0.633564411295546
TTCCTGC,0.610044310851561
TTCCTGG,0.643042071759223
TTCCTGT,0.624179335447008
TTCCTTA,0.626334411536281
TTCCTTC,0.637583261861172
TTCCTTG,0.627323026610481
TTCCTTT,0.644112303413512
TTCGAAA,0.614225915756228
TTCGAAC,0.615352629845196
TTCGAAG,0.615268590524068
TTCGAAT,0.613754673784648
TTCGACA,0.613266367522473
TTCGACC,0.611167304819462
TTCGACG,0.611656636892605
TTCGACT,0.612457612149095
TTCGAGA,0.604563263022823
TTCGAGC,0.610432857455594
TTCGAGG,0.617065492173037
TTCGAGT,0.613695752920908
TTCGATA,0.611091352515495
TTCGATC,0.612457612149095
TTCGATG,0.610323066109517
TTCGATT,0.612845222385131
TTCGCAA,0.61319899621817
TTCGCAC,0.610339957870445
TTCGCAG,0.616427709850555
TTCGCAT,0.611006954300269
TTCGCCA,0.610627074159098
TTCGCCC,0.616326970184559
TTCGCCG,0.612019263065069
TTCGCCT,0.620825165252056
TTCGCGA,0.615319014964253
TTCGCGC,0.614200676279437
TTCGCGG,0.619177338334375
TTCGCGT,0.6148062479713
TTCGCTA,0.613392676485614
TTCGCTC,0.611412000786768
TTCGCTG,0.613401096515932
TTCGCTT,0.611884347757323
TTCGGAA,0.612803098114776
TTCGGAC,0.613249525121914
TTCGGAG,0.612921041600435
TTCGGAT,0.611530108447771
TTCGGCA,0.613695752920908
TTCGGCC,0.613182152682868
TTCGGCG,0.614789431486283
TTCGGCT,0.609655613220382
TTCGGGA,0.621042442254352
TTCGGGC,0.619428451776943
TTCGGGG,0.622320078425771
TTCGGGT,0.621969517284721
TTCGGTA,0.612963160902904
TTCGGTC,0.616007894273963
TTCGGTG,0.616175841654606
TTCGGTT,0.615680315731013
TTCGTAA,0.618222531749698
TTCGTAC,0.612836797673015
TTCGTAG,0.61540305004803
TTCGTAT,0.615814719909714
TTCGTCA,0.613788341291
TTCGTCC,0.616637551565424
TTCGTCG,0.613864089036184
TTCGTCT,0.610627074159098
TTCGTGA,0.621201191752513
TTCGTGC,0.615260186203499
TTCGTGG,0.617761553228865
TTCGTGT,0.612120437602066
TTCGTTA,0.612567169403255
TTCGTTC,0.61096475252136
TTCGTTG,0.615445064941857
TTCGTTT,0.623337678676018
TTCTAAA,0.600673612322577
TTCTAAC,0.615663513938445
TTCTAAG,0.618423619437075
TTCTAAT,0.607608233757761
TTCTACA,0.615571099032866
TTCTACC,0.610635517508003
TTCTACG,0.615192949096049
TTCTACT,0.611597592277297
TTCTAGA,0.613796757990481
TTCTAGC,0.617283587514135
TTCTAGG,0.627978794722942
TTCTAGT,0.620440636407314
TTCTATA,0.612845222385131
TTCTATC,0.619411712842433
TTCTATG,0.614562381255734
TTCTATT,0.619629297139143
TTCTCAA,0.619687869438705
TTCTCAC,0.614167022652748
TTCTCAG,0.625777365975579
TTCTCAT,0.615310611067458
TTCTCCA,0.629272467572234
TTCTCCC,0.634908570473583
TTCTCCG,0.62288739317979
TTCTCCT,0.61543666210431
TTCTCGA,0.613889337009583
TTCTCGC,0.620440636407314
TTCTCGG,0.617644179303931
TTCTCGT,0.614141781689463
TTCTCTA,0.620273403822362
TTCTCTC,0.651701690538182
TTCTCTG,0.630895482702381
TTCTCTT,0.656560133825356
TTCTGAA,0.621268026107733
TTCTGAC,0.619160595195931
TTCTGAG,0.632664547256053
TTCTGAT,0.620315214590554
TTCTGCA,0.628078367458104
TTCTGCC,0.608666287857752
TTCTGCG,0.621552022294877
TTCTGCT,0.640406547867019
TTCTGGA,0.615260186203499
TTCTGGC,0.612937889534308
TTCTGGG,0.662638255291138
TTCTGGT,0.629081838906617
TTCTGTA,0.612617730241796
TTCTGTC,0.614301630364638
TTCTGTG,0.640201635574367
TTCTGTT,0.640652387205527
TTCTTAA,0.624737271646682
TTCTTAC,0.623596084325676
TTCTTAG,0.617115826089099
TTCTTAT,0.629761305433732
TTCTTCA,0.617208098355656
TTCTTCC,0.634570639122139
TTCTTCG,0.613249525121914
TTCTTCT,0.641332227966986
TTCTTGA,0.620699791657354
TTCTTGC,0.623079206235621
TTCTTGG,0.633325076976504
TTCTTGT,0.630026337916158
TTCTTTA,0.620783375800302
TTCTTTC,0.647617248864531
TTCTTTG,0.648503763521373
TTCTTTT,0.646526327095133
TTGAAAA,0.625153439202783
TTGAAAC,0.619495404713205
TTGAAAG,0.621234609488477
TTGAAAT,0.621552022294877
TTGAACA,0.611943375444191
TTGAACC,0.584857966764294
TTGAACG,0.614167022652748
TTGAACT,0.594909262741276
TTGAAGA,0.630233345679526
TTGAAGC,0.617149380625693
TTGAAGG,0.636226235665335
TTGAAGT,0.61572231897741
TTGAATA,0.623746095679355
TTGAATC,0.607320249276229
TTGAATG,0.625827263304364
TTGAATT,0.615260186203499
TTGACAA,0.609731674646226
TTGACAC,0.61183374982381
TTGACAG,0.626409214916896
TTGACAT,0.607388017792372
TTGACCA,0.612263750675878
TTGACCC,0.629670184292546
TTGACCG,0.613375836212284
TTGACCT,0.617350684204651
TTGACGA,0.610618630738902
TTGACGC,0.613005278431413
TTGACGG,0.614200676279437
TTGACGT,0.612263750675878
TTGACTA,0.614310042745046
TTGACTC,0.620114506958278
TTGACTG,0.612887344881107
TTGACTT,0.613485292920012
TTGAGAA,0.62095052313019
TTGAGAC,0.584944600918164
TTGAGAG,0.634018163935892
TTGAGAT,0.606777935750983
TTGAGCA,0.610230156323764
TTGAGCC,0.608463228287396
TTGAGCG,0.623354352023422
TTGAGCT,0.611901213166255
TTGAGGA,0.637936608830671
TTGAGGC,0.614579201559339
TTGAGGG,0.657011634159855
TTGAGGT,0.629777872021921
TTGAGTA,0.621952820831299
TTGAGTC,0.617283587514135
TTGAGTG,0.617719635551444
TTGAGTT,0.625469610752791
TTGATAA,0.613544226185176
TTGATAC,0.613998737528707
TTGATAG,0.619411712842433
TTGATAT,0.61610026882383
TTGATCA,0.615150923608045
TTGATCC,0.616259804768741
TTGATCG,0.614495097211946
TTGATCT,0.613746256730948
TTGATGA,0.611926510746335
TTGATGC,0.615268590524068
TTGATGG,0.629521059058368
TTGATGT,0.618825673543698
TTGATTA,0.612508178527106
TTGATTC,0.62234511380536
TTGATTG,0.6183984856874
TTGATTT,0.627754719811481
TTGCAAA,0.612794673047766
TTGCAAC,0.611530108447771
TTGCAAG,0.618431997213257
TTGCAAT,0.609587998206905
TTGCACA,0.614183849607663
TTGCACC,0.608200881967661
TTGCACG,0.616528439369094
TTGCACT,0.604197922509159
TTGCAGA,0.639603051255773
TTGCAGC,0.630142267542993
TTGCAGG,0.647055654198199
TTGCAGT,0.595586627695685
TTGCATA,0.613249525121914
TTGCATC,0.618088450823344
TTGCATG,0.625436334244076
TTGCATT,0.612819948035853
TTGCCAA,0.620499161205532
TTGCCAC,0.614797839764141
TTGCCAG,0.621318148942953
TTGCCAT,0.616704691615364
TTGCCCA,0.59734220977047
TTGCCCC,0.628186226733873
TTGCCCG,0.615117301945972
TTGCCCT,0.630167107857453
TTGCCGA,0.613695752920908
TTGCCGC,0.616578800323706
TTGCCGG,0.622937434915455
TTGCCGT,0.612457612149095
TTGCCTA,0.613552644939544
TTGCCTC,0.628476559281059
TTGCCTG,0.63105267583829
TTGCCTT,0.631706003518299
TTGCGAA,0.612643009702449
TTGCGAC,0.612769397420838
TTGCGAG,0.612744121155036
TTGCGAT,0.614343691559015
TTGCGCA,0.611977103986673
TTGCGCC,0.616452893181434
TTGCGCG,0.614789431486283
TTGCGCT,0.616763435461496
TTGCGGA,0.617753169833947
TTGCGGC,0.610990073802424
TTGCGGG,0.634916811275215
TTGCGGT,0.614284805391514
TTGCGTA,0.61735907097443
TTGCGTC,0.61640252588546
TTGCGTG,0.61945355965336
TTGCGTT,0.615226568214878
TTGCTAA,0.612322755972378
TTGCTAC,0.608361683037678
TTGCTAG,0.622845689820406
TTGCTAT,0.618172253509052
TTGCTCA,0.618725175170481
TTGCTCC,0.616175841654606
TTGCTCG,0.618465507616129
TTGCTCT,0.601713468586371
TTGCTGA,0.628194523119394
TTGCTGC,0.616444498808275
TTGCTGG,0.642289773440032
TTGCTGT,0.608463228287396
TTGCTTA,0.614326867293561
TTGCTTC,0.620398830882884
TTGCTTG,0.609469660931334
TTGCTTT,0.634026412078425
TTGGAAA,0.62297079468141
TTGGAAC,0.621435092456008
TTGGAAG,0.629496202690468
TTGGAAT,0.624445851271807
TTGGACA,0.618113592366468
TTGGACC,0.625428014943874
TTGGACG,0.612179451355153
TTGGACT,0.622645489482545
TTGGAGA,0.630440310599548
TTGGAGC,0.62957905484754
TTGGAGG,0.677910716672138
TTGGAGT,0.631416607206995
TTGGATA,0.617937588289111
TTGGATC,0.61679700182428
TTGGATG,0.62334601538447
TTGGATT,0.621961169092856
TTGGCAA,0.615150923608045
TTGGCAC,0.616872522021297
TTGGCAG,0.627887511005078
TTGGCAT,0.627729819499457
TTGGCCA,0.591679044857249
TTGGCCC,0.62216150646505
TTGGCCG,0.615814719909714
TTGGCCT,0.610061207321773
TTGGCGA,0.615764320459609
TTGGCGC,0.617031934821439
TTGGCGG,0.62836873131749
TTGGCGT,0.612862071596439
TTGGCTA,0.611875914946191
TTGGCTC,0.60647275509846
TTGGCTG,0.627945601607827
TTGGCTT,0.623471057671882
TTGGGAA,0.653579961092125
TTGGGAC,0.644846913860547
TTGGGAG,0.63851976906286
TTGGGAT,0.628882883286956
TTGGGCA,0.641356791872113
TTGGGCC,0.639365158007004
TTGGGCG,0.624945377074161
TTGGGCT,0.642518793715749
TTGGGGA,0.700606873715029
TTGGGGC,0.667739086786206
TTGGGGG,0.75443812797655
TTGGGGT,0.686243514013586
TTGGGTA,0.637698318768721
TTGGGTC,0.629587339685713
TTGGGTG,0.667802882172494
TTGGGTT,0.63890561772191
TTGGTAA,0.640275408836953
TTGGTAC,0.622628804311742
TTGGTAG,0.623237632753163
TTGGTAT,0.622136466488302
TTGGTCA,0.623429378646674
TTGGTCC,0.62942991602203
TTGGTCG,0.617979496831646
TTGGTCT,0.626799763909026
TTGGTGA,0.638610087413618
TTGGTGC,0.627190160432186
TTGGTGG,0.654024723911522
TTGGTGT,0.629206166070989
TTGGTTA,0.616704691615364
TTGGTTC,0.619897028221473
TTGGTTG,0.631672933892622
TTGGTTT,0.624004395826927
TTGTAAA,0.613527388463813
TTGTAAC,0.620281766115852
TTGTAAG,0.623654424748375
TTGTAAT,0.610930989815872
TTGTACA,0.613460034743128
TTGTACC,0.612499750975002
TTGTACG,0.612777822700798
TTGTACT,0.617501635300025
TTGTAGA,0.620649637817951
TTGTAGC,0.615831519161964
TTGTAGG,0.635798184892726
TTGTAGT,0.61441939725094
TTGTATA,0.615167734015184
TTGTATC,0.618440374919252
TTGTATG,0.62536145805056
TTGTATT,0.578652807985855
TTGTCAA,0.61664594431819
TTGTCAC,0.611487928741589
TTGTCAG,0.612052989048112
TTGTCAT,0.621167772899767
TTGTCCA,0.618968028952205
TTGTCCC,0.636250925312771
TTGTCCG,0.614444631208001
TTGTCCT,0.622895733642971
TTGTCGA,0.613350575270537
TTGTCGC,0.613771507679512
TTGTCGG,0.617367457673872
TTGTCGT,0.61333373428819
TTGTCTA,0.619830102170585
TTGTCTC,0.626965908718043
TTGTCTG,0.634793192119536
TTGTCTT,0.638068054907465
TTGTGAA,0.638872785333654
TTGTGAC,0.619855199964565
TTGTGAG,0.630961672297653
TTGTGAT,0.616620765848574
TTGTGCA,0.619018267199581
TTGTGCC,0.610187921749169
TTGTGCG,0.617971115263644
TTGTGCT,0.628003688836254
TTGTGGA,0.61965439997333
TTGTGGC,0.62292075461514
TTGTGGG,0.679440976053926
TTGTGGT,0.624612387599244
TTGTGTA,0.614663298833786
TTGTGTC,0.622244968526163
TTGTGTG,0.641667882455288
TTGTGTT,0.617417776393504
TTGTTAA,0.626317787802895
TTGTTAC,0.614385750984323
TTGTTAG,0.621986213459377
TTGTTAT,0.62580231495119
TTGTTCA,0.616159048185769
TTGTTCC,0.620850238084882
TTGTTCG,0.618205772617026
TTGTTCT,0.626334411536281
TTGTTGA,0.615755920304298
TTGTTGC,0.614562381255734
TTGTTGG,0.623020832243798
TTGTTGT,0.614217502668078
TTGTTTA,0.625186725126432
TTGTTTC,0.654283404008512
TTGTTTG,0.636415507386059
TTGTTTT,0.681417379269947
TTTAAAA,0.581847103297455
TTTAAAC,0.604775608955448
TTTAAAG,0.612584023300148
TTTAAAT,0.622044647875516
TTTAACA,0.613948246468622
TTTAACC,0.618666546454898
TTTAACG,0.609985170957478
TTTAACT,0.618088450823344
TTTAAGA,0.616545226635769
TTTAAGC,0.61336741596927
TTTAAGG,0.62997664967589
TTTAAGT,0.607709855541615
TTTAATA,0.616150651345592
TTTAATC,0.614940769671813
TTTAATG,0.617619025956119
TTTAATT,0.618423619437075
TTTACAA,0.615285398953312
TTTACAC,0.612963160902904
TTTACAG,0.626176474910428
TTTACAT,0.610272389114674
TTTACCA,0.611690375107584
TTTACCC,0.621201191752513
TTTACCG,0.611268565585303
TTTACCT,0.614486686388149
TTTACGA,0.611951807686464
TTTACGC,0.611082913014503
TTTACGG,0.615646711863572
TTTACGT,0.612516606008186
TTTACTA,0.613038971177069
TTTACTC,0.623454386270255
TTTACTG,0.621050798119416
TTTACTT,0.614360515541419
TTTAGAA,0.6100781035065
TTTAGAC,0.61947029788742
TTTAGAG,0.619696236630019
TTTAGAT,0.628244299987141
TTTAGCA,0.612971584550518
TTTAGCC,0.616024690281369
TTTAGCG,0.614276392798796
TTTAGCT,0.619729704695197
TTTAGGA,0.631474493169661
TTTAGGC,0.617769936553502
TTTAGGG,0.642289773440032
TTTAGGT,0.621769141442373
TTTAGTA,0.571662979262199
TTTAGTC,0.618733550420687
TTTAGTG,0.621309795311546
TTTAGTT,0.623679426744792
TTTATAA,0.613156886847957
TTTATAC,0.619712970802622
TTTATAG,0.626051770478443
TTTATAT,0.617023545307585
TTTATCA,0.615865116819843
TTTATCC,0.617753169833947
TTTATCG,0.614797839764141
TTTATCT,0.617199710319604
TTTATGA,0.618691673468189
TTTATGC,0.616612372884488
TTTATGG,0.628642425755752
TTTATGT,0.614368927426479
TTTATTA,0.628642425755752
TTTATTC,0.622678858988992
TTTATTG,0.603687921887501
TTTATTT,0.647487052099082
TTTCAAA,0.619286161901691
TTTCAAC,0.611631332484362
TTTCAAG,0.615377840264388
TTTCAAT,0.611901213166255
TTTCACA,0.614823064173527
TTTCACC,0.603007516205263
TTTCACG,0.612676714655939
TTTCACT,0.611226374845643
TTTCAGA,0.63249108588396
TTTCAGC,0.617224874216686
TTTCAGG,0.64528742123503
TTTCAGT,0.630630680501968
TTTCATA,0.611251689503045
TTTCATC,0.620900381864673
TTTCATG,0.61667951462489
TTTCATT,0.633778938203783
TTTCCAA,0.624354244468571
TTTCCAC,0.619336384169568
TTTCCAG,0.636366135608172
TTTCCAT,0.610888784830936
TTTCCCA,0.632581950355243
TTTCCCC,0.637895528388066
TTTCCCG,0.620566042495414
TTTCCCT,0.639849088180428
TTTCCGA,0.614368927426479
TTTCCGC,0.612196311787817
TTTCCGG,0.616091871490075
TTTCCGT,0.617140992097098
TTTCCTA,0.619185709798474
TTTCCTC,0.638486924003618
TTTCCTG,0.623279319770754
TTTCCTT,0.657197012757286
TTTCGAA,0.615697117241285
TTTCGAC,0.610314620122052
TTTCGAG,0.614587611605047
TTTCGAT,0.612727269956223
TTTCGCA,0.612550315222304
TTTCGCC,0.614713753803934
TTTCGCG,0.615066867333239
TTTCGCT,0.610441302444491
TTTCGGA,0.609672516259433
TTTCGGC,0.610947871311106
TTTCGGG,0.622728911160896
TTTCGGT,0.616671122153868
TTTCGTA,0.61263458328657
TTTCGTC,0.61366208229714
TTTCGTG,0.614478275493609
TTTCGTT,0.6168305670604
TTTCTAA,0.606964389200019
TTTCTAC,0.614310042745046
TTTCTAG,0.628551202599261
TTTCTAT,0.618297944371168
TTTCTCA,0.630225066191702
TTTCTCC,0.650014719235226
TTTCTCG,0.616478075878129
TTTCTCT,0.66691735746044
TTTCTGA,0.61947029788742
TTTCTGC,0.628144743773787
TTTCTGG,0.631524107042278
TTTCTGT,0.639217471658567
TTTCTTA,0.634026412078425
TTTCTTC,0.660608285151732
TTTCTTG,0.63249934663162
TTTCTTT,0.680354859053665
TTTGAAA,0.628410204987143
TTTGAAC,0.612289039086415
TTTGAAG,0.618917788180821
TTTGAAT,0.620641278600159
TTTGACA,0.611816883277034
TTTGACC,0.615302207100037
TTTGACG,0.612036126198771
TTTGACT,0.61012879034786
TTTGAGA,0.587393240905925
TTTGAGC,0.62227835140025
TTTGAGG,0.651807031812513
TTTGAGT,0.62798709282957
TTTGATA,0.619696236630019
TTTGATC,0.614091297851495
TTTGATG,0.616007894273963
TTTGATT,0.637361329005546
TTTGCAA,0.618976402168706
TTTGCAC,0.612651436047325
TTTGCAG,0.651101844135842
TTTGCAT,0.614150195414681
TTTGCCA,0.614469864528326
TTTGCCC,0.626999134367611
TTTGCCG,0.613502131350177
TTTGCCT,0.637994118615292
TTTGCGA,0.614495097211946
TTTGCGC,0.613645246560105
TTTGCGG,0.623887752409075
TTTGCGT,0.618741925600749
TTTGCTA,0.617660947850984
TTTGCTC,0.622094731800338
TTTGCTG,0.629753022036718
TTTGCTT,0.63386143630033
TTTGGAA,0.622036300310835
TTTGGAC,0.623804427351239
TTTGGAG,0.634364527360206
TTTGGAT,0.62723998731783
TTTGGCA,0.622411871753549
TTTGGCC,0.626824687390208
TTTGGCG,0.616813784583168
TTTGGCT,0.623804427351239
TTTGGGA,0.6274558751377
TTTGGGC,0.635855817785686
TTTGGGG,0.703350297969085
TTTGGGT,0.635839351583771
TTTGGTA,0.625777365975579
TTTGGTC,0.63348188869035
TTTGGTG,0.645091664135701
TTTGGTT,0.629197878074239
TTTGTAA,0.623937744111309
TTTGTAC,0.612651436047325
TTTGTAG,0.617862148486321
TTTGTAT,0.580473153215615
TTTGTCA,0.619846834103227
TTTGTCC,0.632656287872967
TTTGTCG,0.614722162718132
TTTGTCT,0.639799885637992
TTTGTGA,0.627945601607827
TTTGTGC,0.630059462038101
TTTGTGG,0.629719887762495
TTTGTGT,0.632714102122059
TTTGTTA,0.630340972783666
TTTGTTC,0.631143671098035
TTTGTTG,0.614495097211946
TTTGTTT,0.682643776025932
TTTTAAA,0.573127976389605
TTTTAAC,0.616956426662803
TTTTAAG,0.626832995079231
TTTTAAT,0.619135479962628
TTTTACA,0.617258425094482
TTTTACC,0.613981907458604
TTTTACG,0.614368927426479
TTTTACT,0.623437714590688
TTTTAGA,0.619754805009027
TTTTAGC,0.61543666210431
TTTTAGG,0.651036974318742
TTTTAGT,0.581794962445313
TTTTATA,0.616838958193398
TTTTATC,0.624279287205401
TTTTATG,0.620733226152895
TTTTATT,0.635419371798777
TTTTCAA,0.60768445106379
TTTTCAC,0.622261660102508
TTTTCAG,0.631176758230578
TTTTCAT,0.620457358127741
TTTTCCA,0.625336498073459
TTTTCCC,0.644357233528807
TTTTCCG,0.61327478861638
TTTTCCT,0.656390768630338
TTTTCGA,0.617878913378777
TTTTCGC,0.614301630364638
TTTTCGG,0.618230911210709
TTTTCGT,0.616998376343708
TTTTCTA,0.627323026610481
TTTTCTC,0.666653942068219
TTTTCTG,0.639726077284872
TTTTCTT,0.6910854230364
TTTTGAA,0.623329341898065
TTTTGAC,0.614823064173527
TTTTGAG,0.594669073851399
TTTTGAT,0.627024052880344
TTTTGCA,0.63134217747391
TTTTGCC,0.625419695574462
TTTTGCG,0.615142518298503
TTTTGCT,0.624304273584084
TTTTGGA,0.629496202690468
TTTTGGC,0.622528687440202
TTTTGGG,0.636826844101514
TTTTGGT,0.640013079173205
TTTTGTA,0.569369066012267
TTTTGTC,0.639414381943268
TTTTGTG,0.625951995734785
TTTTGTT,0.646412281498346
TTTTTAA,0.59991434593921
TTTTTAC,0.615806320177758
TTTTTAG,0.605828178817947
TTTTTAT,0.624345916161231
TTTTTCA,0.620398830882884
TTTTTCC,0.662702376907825
TTTTTCG,0.615192949096049
TTTTTCT,0.685240967759733
TTTTTGA,0.594977877543465
TTTTTGC,0.617786702991939
TTTTTGG,0.624354244468571
TTTTTGT,0.580751574074941
TTTTTTA,0.61071994707633
TTTTTTC,0.647112641947279
TTTTTTG,0.579498069298734
TTTTTTT,0.393357436005414
