MOTIF,Score
AAAAAAA,0.164414274335917
AAAAAAC,0.201755085809725
AAAAAAG,0.216114602799192
AAAAAAT,0.169597757557309
AAAAACA,0.197419127715062
AAAAACC,0.199775266047874
AAAAACG,0.213063604764957
AAAAACT,0.195368494105998
AAAAAGA,0.206072324509101
AAAAAGC,0.199837194783344
AAAAAGG,0.214590267355249
AAAAAGT,0.19710869582449
AAAAATA,0.168895402399502
AAAAATC,0.204039376854967
AAAAATG,0.189942034717516
AAAAATT,0.176467536039967
AAAACAA,0.170809755765122
AAAACAC,0.215078307551061
AAAACAG,0.185617254474092
AAAACAT,0.206318461804609
AAAACCA,0.199093796716349
AAAACCC,0.195803828521268
AAAACCG,0.206749056346336
AAAACCT,0.19654967545855
AAAACGA,0.210922353976834
AAAACGC,0.202990485646156
AAAACGG,0.210125863041116
AAAACGT,0.204532592293506
AAAACTA,0.201940493109302
AAAACTC,0.203360808181561
AAAACTG,0.210064568222715
AAAACTT,0.217149825251119
AAAAGAA,0.186433499412373
AAAAGAC,0.199899119683884
AAAAGAG,0.215261261235352
AAAAGAT,0.211106069520334
AAAAGCA,0.190254699010359
AAAAGCC,0.197667403861251
AAAAGCG,0.217575782022072
AAAAGCT,0.218731036632806
AAAAGGA,0.202620025921164
AAAAGGC,0.202620025921164
AAAAGGG,0.216845459291198
AAAAGGT,0.20119865756652
AAAAGTA,0.198969843291804
AAAAGTC,0.213796693685383
AAAAGTG,0.201260498218582
AAAAGTT,0.190317220139563
AAAATAA,0.174881502217588
AAAATAC,0.186119637893383
AAAATAG,0.197853570527324
AAAATAT,0.193313646756419
AAAATCA,0.204162703522239
AAAATCC,0.207117989867025
AAAATCG,0.207855448823486
AAAATCT,0.196611804267065
AAAATGA,0.19000457539729
AAAATGC,0.205271959635793
AAAATGG,0.195990342414039
AAAATGT,0.201816892062537
AAAATTA,0.163644060654872
AAAATTC,0.200765665889505
AAAATTG,0.191192105762699
AAAATTT,0.210003269647028
AAACAAA,0.175135436731767
AAACAAC,0.201074964788413
AAACAAG,0.205703004934356
AAACAAT,0.212268818168651
AAACACA,0.202187649380616
AAACACC,0.198535885270831
AAACACG,0.205764567669601
AAACACT,0.214285121236154
AAACAGA,0.200518157872528
AAACAGC,0.193313646756419
AAACAGG,0.232251205517102
AAACAGT,0.195555089204785
AAACATA,0.201136813089954
AAACATC,0.203854358331618
AAACATG,0.211228527801234
AAACATT,0.194932970092133
AAACCAA,0.20070379462817
AAACCAC,0.2432219202712
AAACCAG,0.205703004934356
AAACCAT,0.212024141307596
AAACCCA,0.211779404565124
AAACCCC,0.19772946326758
AAACCCG,0.209941967313597
AAACCCT,0.193812179436883
AAACCGA,0.207240937466355
AAACCGC,0.207179465556204
AAACCGG,0.217332400370448
AAACCGT,0.21501731555064
AAACCTA,0.203545918034915
AAACCTC,0.215627068218393
AAACCTG,0.226840942956632
AAACCTT,0.19710869582449
AAACGAA,0.212268818168651
AAACGAC,0.205826126615109
AAACGAG,0.205271959635793
AAACGAT,0.212757992363668
AAACGCA,0.205764567669601
AAACGCC,0.217697450638502
AAACGCG,0.210309724957214
AAACGCT,0.212757992363668
AAACGGA,0.203916034976352
AAACGGC,0.217758279395948
AAACGGG,0.225453611472807
AAACGGT,0.220067034650018
AAACGTA,0.208653749455535
AAACGTC,0.207978305792999
AAACGTG,0.205148769701957
AAACGTT,0.203299097281736
AAACTAA,0.201260498218582
AAACTAC,0.207240937466355
AAACTAG,0.206195400729801
AAACTAT,0.211840594366228
AAACTCA,0.200889396929202
AAACTCC,0.202125866039385
AAACTCG,0.216906339894724
AAACTCT,0.20447095366541
AAACTGA,0.183038570645726
AAACTGC,0.221885978417194
AAACTGG,0.198907860817386
AAACTGT,0.214834317226058
AAACTTA,0.205518293985532
AAACTTC,0.199775266047874
AAACTTG,0.221522454251987
AAACTTT,0.215992741435616
AAAGAAA,0.174436961597061
AAAGAAC,0.202681778740031
AAAGAAG,0.209390077138102
AAAGAAT,0.197481202530696
AAAGACA,0.217819104453481
AAAGACC,0.206749056346336
AAAGACG,0.217210687328045
AAAGACT,0.209758037762219
AAAGAGA,0.182156519291679
AAAGAGC,0.203607613705558
AAAGAGG,0.218123174258205
AAAGAGT,0.221219416467238
AAAGATA,0.207056510398354
AAAGATC,0.215931805184553
AAAGATG,0.199031821924633
AAAGATT,0.208285382197475
AAAGCAA,0.208408186361271
AAAGCAC,0.229489617411297
AAAGCAG,0.201136813089954
AAAGCAT,0.196487542789807
AAAGCCA,0.210493553074322
AAAGCCC,0.240431042824919
AAAGCCG,0.195057424881091
AAAGCCT,0.202620025921164
AAAGCGA,0.211167300535288
AAAGCGC,0.215931805184553
AAAGCGG,0.212024141307596
AAAGCGT,0.225996709553559
AAAGCTA,0.204039376854967
AAAGCTC,0.198783884341877
AAAGCTG,0.202928751888456
AAAGCTT,0.206995027149725
AAAGGAA,0.203854358331618
AAAGGAC,0.209390077138102
AAAGGAG,0.246241533561243
AAAGGAT,0.202187649380616
AAAGGCA,0.209512745723981
AAAGGCC,0.19605250598189
AAAGGCG,0.206626048252807
AAAGGCT,0.197667403861251
AAAGGGA,0.19717078991252
AAAGGGC,0.188126651477019
AAAGGGG,0.23326986549148
AAAGGGT,0.205579868092788
AAAGGTA,0.210003269647028
AAAGGTC,0.202064078880736
AAAGGTG,0.215627068218393
AAAGGTT,0.217514942162187
AAAGTAA,0.197915618381695
AAAGTAC,0.20249650884202
AAAGTAG,0.201569644127906
AAAGTAT,0.20447095366541
AAAGTCA,0.193687569564971
AAAGTCC,0.215688023041247
AAAGTCG,0.213430216402589
AAAGTCT,0.215322238359306
AAAGTGA,0.197791518822779
AAAGTGC,0.191317026962906
AAAGTGG,0.212391134152802
AAAGTGT,0.198349845597505
AAAGTTA,0.205887681771347
AAAGTTC,0.207732576758284
AAAGTTG,0.192066226630007
AAAGTTT,0.188063993236576
AAATAAA,0.178240912621467
AAATAAC,0.22049175089004
AAATAAG,0.197481202530696
AAATAAT,0.205641438408907
AAATACA,0.176467536039967
AAATACC,0.202249428904901
AAATACG,0.209819351371653
AAATACT,0.203730993628952
AAATAGA,0.216601899805843
AAATAGC,0.201013112661423
AAATAGG,0.206318461804609
AAATAGT,0.209206046040452
AAATATA,0.202249428904901
AAATATC,0.203916034976352
AAATATG,0.213674549513355
AAATATT,0.19686028090843
AAATCAA,0.197853570527324
AAATCAC,0.206195400729801
AAATCAG,0.205148769701957
AAATCAT,0.218913323316688
AAATCCA,0.210738604675732
AAATCCC,0.198721890339834
AAATCCG,0.211779404565124
AAATCCT,0.204347665010085
AAATCGA,0.215261261235352
AAATCGC,0.209083339824078
AAATCGG,0.20767113506364
AAATCGT,0.206256933160208
AAATCTA,0.216662795238773
AAATCTC,0.199713333476998
AAATCTG,0.215566109679822
AAATCTT,0.204224361152794
AAATGAA,0.188940851533111
AAATGAC,0.20822397445979
AAATGAG,0.204840728457056
AAATGAT,0.208408186361271
AAATGCA,0.210125863041116
AAATGCC,0.207240937466355
AAATGCG,0.211473399384123
AAATGCT,0.215383211765276
AAATGGA,0.200332486649483
AAATGGC,0.208408186361271
AAATGGG,0.214224080837045
AAATGGT,0.195617279834576
AAATGTA,0.201322335046615
AAATGTC,0.207179465556204
AAATGTG,0.206564538531456
AAATGTT,0.198411862667667
AAATTAA,0.182975592772583
AAATTAC,0.206318461804609
AAATTAG,0.187374493347523
AAATTAT,0.196363265869714
AAATTCA,0.213430216402589
AAATTCC,0.207548240347946
AAATTCG,0.207916879194972
AAATTCT,0.195617279834576
AAATTGA,0.200084871380667
AAATTGC,0.202434744580801
AAATTGG,0.211412187109617
AAATTGT,0.194746258862012
AAATTTA,0.198721890339834
AAATTTC,0.203669305570081
AAATTTG,0.195990342414039
AAATTTT,0.195679466596933
AACAAAA,0.181904361652401
AACAAAC,0.213857760177153
AACAAAG,0.202311204612713
AACAAAT,0.200332486649483
AACAACA,0.210861107961258
AACAACC,0.203916034976352
AACAACG,0.210554821604619
AACAACT,0.210738604675732
AACAAGA,0.205764567669601
AACAAGC,0.211044834755913
AACAAGG,0.205025564590492
AACAAGT,0.2020022879042
AACAATA,0.207302405597942
AACAATC,0.214468220081082
AACAATG,0.20119865756652
AACAATT,0.203052215593033
AACACAA,0.209206046040452
AACACAC,0.201940493109302
AACACAG,0.196238973502949
AACACAT,0.216967216792028
AACACCA,0.204779108819709
AACACCC,0.211473399384123
AACACCG,0.210187154102692
AACACCT,0.198659892494297
AACACGA,0.210493553074322
AACACGC,0.207548240347946
AACACGG,0.207486787325968
AACACGT,0.206379986663468
AACACTA,0.218001557431104
AACACTC,0.207363869951431
AACACTG,0.21434615790956
AACACTT,0.219884958170216
AACAGAA,0.194746258862012
AACAGAC,0.210187154102692
AACAGAG,0.199837194783344
AACAGAT,0.200518157872528
AACAGCA,0.209512745723981
AACAGCC,0.209206046040452
AACAGCG,0.215566109679822
AACAGCT,0.189816941622733
AACAGGA,0.208408186361271
AACAGGC,0.212146487221469
AACAGGG,0.218366363549442
AACAGGT,0.207117989867025
AACAGTA,0.208899252263369
AACAGTC,0.201507822591264
AACAGTG,0.201755085809725
AACAGTT,0.210738604675732
AACATAA,0.211473399384123
AACATAC,0.207363869951431
AACATAG,0.203299097281736
AACATAT,0.205210366565845
AACATCA,0.204286014981919
AACATCC,0.206626048252807
AACATCG,0.209021981069124
AACATCT,0.206687554190946
AACATGA,0.216053673973678
AACATGC,0.221885978417194
AACATGG,0.198349845597505
AACATGT,0.232191252014946
AACATTA,0.205641438408907
AACATTC,0.203545918034915
AACATTG,0.210493553074322
AACATTT,0.192690131200322
AACCAAA,0.197543273493287
AACCAAC,0.204902344297656
AACCAAG,0.201631461842882
AACCAAT,0.212085316135598
AACCACA,0.222188814306363
AACCACC,0.217028089983561
AACCACG,0.211473399384123
AACCACT,0.207425330527285
AACCAGA,0.200518157872528
AACCAGC,0.205703004934356
AACCAGG,0.187374493347523
AACCAGT,0.213918822940034
AACCATA,0.214834317226058
AACCATC,0.214224080837045
AACCATG,0.228587448143257
AACCATT,0.204347665010085
AACCCAA,0.206133864512921
AACCCAC,0.200641919538544
AACCCAG,0.211044834755913
AACCCAT,0.204286014981919
AACCCCA,0.18919124131687
AACCCCC,0.206256933160208
AACCCCG,0.211840594366228
AACCCCT,0.19847387589195
AACCCGA,0.213552390420306
AACCCGC,0.199279698049581
AACCCGG,0.19654967545855
AACCCGT,0.202372976504522
AACCCTA,0.204902344297656
AACCCTC,0.196425406260354
AACCCTG,0.220370421798293
AACCCTT,0.209451413311989
AACCGAA,0.206687554190946
AACCGAC,0.209941967313597
AACCGAG,0.204963956341979
AACCGAT,0.217454098600588
AACCGCA,0.207732576758284
AACCGCC,0.215444181453716
AACCGCG,0.212513435177583
AACCGCT,0.205210366565845
AACCGGA,0.225030997840187
AACCGGC,0.236439043617882
AACCGGG,0.242569433996162
AACCGGT,0.204347665010085
AACCGTA,0.208408186361271
AACCGTC,0.207609689593682
AACCGTG,0.204101042089786
AACCGTT,0.217454098600588
AACCTAA,0.198287824680989
AACCTAC,0.206810554719444
AACCTAG,0.204655858152907
AACCTAT,0.207732576758284
AACCTCA,0.220188400554803
AACCTCC,0.212207654565668
AACCTCG,0.223217770881565
AACCTCT,0.196487542789807
AACCTGA,0.203237382573441
AACCTGC,0.214529245580107
AACCTGG,0.220552409916079
AACCTGT,0.217697450638502
AACCTTA,0.213308027456558
AACCTTC,0.200270588580165
AACCTTG,0.209635399264123
AACCTTT,0.194995199422737
AACGAAA,0.207978305792999
AACGAAC,0.207916879194972
AACGAAG,0.206441507737252
AACGAAT,0.213552390420306
AACGACA,0.209574074374538
AACGACC,0.205641438408907
AACGACG,0.209083339824078
AACGACT,0.206933540120673
AACGAGA,0.219034829314984
AACGAGC,0.206318461804609
AACGAGG,0.21617552791261
AACGAGT,0.210799858194377
AACGATA,0.209574074374538
AACGATC,0.209635399264123
AACGATG,0.215566109679822
AACGATT,0.210064568222715
AACGCAA,0.209206046040452
AACGCAC,0.216297367004969
AACGCAG,0.229008561756871
AACGCAT,0.219763555430048
AACGCCA,0.20249650884202
AACGCCC,0.205518293985532
AACGCCG,0.210493553074322
AACGCCT,0.235782115106369
AACGCGA,0.222794211094762
AACGCGC,0.216723686963674
AACGCGG,0.216906339894724
AACGCGT,0.227142282241644
AACGCTA,0.210677347404864
AACGCTC,0.212146487221469
AACGCTG,0.20311394172956
AACGCTT,0.209267393502795
AACGGAA,0.206503025026426
AACGGAC,0.210371004751079
AACGGAG,0.211289751318632
AACGGAT,0.208530975446057
AACGGCA,0.217879925811551
AACGGCC,0.211718211019599
AACGGCG,0.229730058485878
AACGGCT,0.207732576758284
AACGGGA,0.213796693685383
AACGGGC,0.215444181453716
AACGGGG,0.220613065262824
AACGGGT,0.215444181453716
AACGGTA,0.216784574980998
AACGGTC,0.208285382197475
AACGGTG,0.201631461842882
AACGGTT,0.216053673973678
AACGTAA,0.21135097108794
AACGTAC,0.210861107961258
AACGTAG,0.208285382197475
AACGTAT,0.211657013729195
AACGTCA,0.207548240347946
AACGTCC,0.212391134152802
AACGTCG,0.217454098600588
AACGTCT,0.216358280984814
AACGTGA,0.202064078880736
AACGTGC,0.211473399384123
AACGTGG,0.206441507737252
AACGTGT,0.215809921541617
AACGTTA,0.209758037762219
AACGTTC,0.210738604675732
AACGTTG,0.214163036711778
AACGTTT,0.206072324509101
AACTAAA,0.204840728457056
AACTAAC,0.204902344297656
AACTAAG,0.205456716086671
AACTAAT,0.207425330527285
AACTACA,0.202867014319465
AACTACC,0.20822397445979
AACTACG,0.216358280984814
AACTACT,0.208837882211645
AACTAGA,0.207916879194972
AACTAGC,0.210309724957214
AACTAGG,0.213796693685383
AACTAGT,0.215322238359306
AACTATA,0.212696858673938
AACTATC,0.210493553074322
AACTATG,0.206441507737252
AACTATT,0.204655858152907
AACTCAA,0.204655858152907
AACTCAC,0.204286014981919
AACTCAG,0.204409311237759
AACTCAT,0.211901780423369
AACTCCA,0.200270588580165
AACTCCC,0.196798167536034
AACTCCG,0.212146487221469
AACTCCT,0.180390079102958
AACTCGA,0.210003269647028
AACTCGC,0.208776508393406
AACTCGG,0.221522454251987
AACTCGT,0.219034829314984
AACTCTA,0.204224361152794
AACTCTC,0.20447095366541
AACTCTG,0.202311204612713
AACTCTT,0.211412187109617
AACTGAA,0.205703004934356
AACTGAC,0.198597890804788
AACTGAG,0.186559016442627
AACTGAT,0.205703004934356
AACTGCA,0.194434995988502
AACTGCC,0.219338529735196
AACTGCG,0.245295185101204
AACTGCT,0.201260498218582
AACTGGA,0.200765665889505
AACTGGC,0.201322335046615
AACTGGG,0.211718211019599
AACTGGT,0.217332400370448
AACTGTA,0.213002489756158
AACTGTC,0.206933540120673
AACTGTG,0.221098175635731
AACTGTT,0.200270588580165
AACTTAA,0.198411862667667
AACTTAC,0.207978305792999
AACTTAG,0.208346786164481
AACTTAT,0.207794014678078
AACTTCA,0.208530975446057
AACTTCC,0.212941371012086
AACTTCG,0.21312471603894
AACTTCT,0.20871513080819
AACTTGA,0.202187649380616
AACTTGC,0.209696720393196
AACTTGG,0.207302405597942
AACTTGT,0.232131294918153
AACTTTA,0.198101738848533
AACTTTC,0.198349845597505
AACTTTG,0.231291517884516
AACTTTT,0.184988920069648
AAGAAAA,0.166273178596991
AAGAAAC,0.195990342414039
AAGAAAG,0.198039702541821
AAGAAAT,0.21135097108794
AAGAACA,0.198783884341877
AAGAACC,0.204779108819709
AAGAACG,0.211840594366228
AAGAACT,0.203545918034915
AAGAAGA,0.21312471603894
AAGAAGC,0.2020022879042
AAGAAGG,0.216601899805843
AAGAAGT,0.208837882211645
AAGAATA,0.218913323316688
AAGAATC,0.203422515273386
AAGAATG,0.217575782022072
AAGAATT,0.203299097281736
AAGACAA,0.201940493109302
AAGACAC,0.210861107961258
AAGACAG,0.197791518822779
AAGACAT,0.216114602799192
AAGACCA,0.201693275736664
AAGACCC,0.208039728618031
AAGACCG,0.207240937466355
AAGACCT,0.199713333476998
AAGACGA,0.208530975446057
AAGACGC,0.222007123778233
AAGACGG,0.210554821604619
AAGACGT,0.21135097108794
AAGACTA,0.204963956341979
AAGACTC,0.210187154102692
AAGACTG,0.21434615790956
AAGACTT,0.207363869951431
AAGAGAA,0.193625258805674
AAGAGAC,0.229549733100026
AAGAGAG,0.187499892329968
AAGAGAT,0.19000457539729
AAGAGCA,0.199589456827127
AAGAGCC,0.203237382573441
AAGAGCG,0.229850257347177
AAGAGCT,0.193625258805674
AAGAGGA,0.224306101544039
AAGAGGC,0.227684464230826
AAGAGGG,0.216419191254372
AAGAGGT,0.205456716086671
AAGAGTA,0.216053673973678
AAGAGTC,0.203792677882641
AAGAGTG,0.210554821604619
AAGAGTT,0.216601899805843
AAGATAA,0.207609689593682
AAGATAC,0.208530975446057
AAGATAG,0.218548716714431
AAGATAT,0.207486787325968
AAGATCA,0.204532592293506
AAGATCC,0.220552409916079
AAGATCG,0.205703004934356
AAGATCT,0.211534607911915
AAGATGA,0.192378227572278
AAGATGC,0.198287824680989
AAGATGG,0.225634676941205
AAGATGT,0.213369123795841
AAGATTA,0.205641438408907
AAGATTC,0.211167300535288
AAGATTG,0.223217770881565
AAGATTT,0.204409311237759
AAGCAAA,0.202620025921164
AAGCAAC,0.204224361152794
AAGCAAG,0.193313646756419
AAGCAAT,0.219338529735196
AAGCACA,0.213369123795841
AAGCACC,0.217149825251119
AAGCACG,0.212146487221469
AAGCACT,0.209144694814367
AAGCAGA,0.227323042235707
AAGCAGC,0.206441507737252
AAGCAGG,0.191192105762699
AAGCAGT,0.211962962737006
AAGCATA,0.205025564590492
AAGCATC,0.208285382197475
AAGCATG,0.203977707817312
AAGCATT,0.207548240347946
AAGCCAA,0.18919124131687
AAGCCAC,0.199713333476998
AAGCCAG,0.244821674818388
AAGCCAT,0.204963956341979
AAGCCCA,0.205456716086671
AAGCCCC,0.22424566979333
AAGCCCG,0.222612630538189
AAGCCCT,0.215809921541617
AAGCCGA,0.214101988859899
AAGCCGC,0.203175664056206
AAGCCGG,0.20249650884202
AAGCCGT,0.20822397445979
AAGCCTA,0.211044834755913
AAGCCTC,0.212391134152802
AAGCCTG,0.192315835170905
AAGCCTT,0.201631461842882
AAGCGAA,0.205826126615109
AAGCGAC,0.212391134152802
AAGCGAG,0.209512745723981
AAGCGAT,0.206379986663468
AAGCGCA,0.217393251336825
AAGCGCC,0.22828654409446
AAGCGCG,0.22587604657859
AAGCGCT,0.209144694814367
AAGCGGA,0.217028089983561
AAGCGGC,0.233150076985779
AAGCGGG,0.225453611472807
AAGCGGT,0.205518293985532
AAGCGTA,0.206626048252807
AAGCGTC,0.22243101700413
AAGCGTG,0.210309724957214
AAGCGTT,0.219399258752734
AAGCTAA,0.204286014981919
AAGCTAC,0.207302405597942
AAGCTAG,0.202434744580801
AAGCTAT,0.210616086381313
AAGCTCA,0.201940493109302
AAGCTCC,0.227503769561498
AAGCTCG,0.215139295831684
AAGCTCT,0.209819351371653
AAGCTGA,0.207855448823486
AAGCTGC,0.211044834755913
AAGCTGG,0.180390079102958
AAGCTGT,0.202249428904901
AAGCTTA,0.204224361152794
AAGCTTC,0.206195400729801
AAGCTTG,0.221522454251987
AAGCTTT,0.206564538531456
AAGGAAA,0.201013112661423
AAGGAAC,0.19772946326758
AAGGAAG,0.208162562950963
AAGGAAT,0.210371004751079
AAGGACA,0.215748974148838
AAGGACC,0.210248441407905
AAGGACG,0.223943456247699
AAGGACT,0.200641919538544
AAGGAGA,0.241619602408178
AAGGAGC,0.217149825251119
AAGGAGG,0.245295185101204
AAGGAGT,0.203854358331618
AAGGATA,0.204347665010085
AAGGATC,0.214712299735696
AAGGATG,0.198225799917639
AAGGATT,0.207732576758284
AAGGCAA,0.224668615376441
AAGGCAC,0.218913323316688
AAGGCAG,0.19686028090843
AAGGCAT,0.226961489567499
AAGGCCA,0.208469582788309
AAGGCCC,0.196176821525864
AAGGCCG,0.223883002577063
AAGGCCT,0.193562944163505
AAGGCGA,0.230270839622018
AAGGCGC,0.221825400232655
AAGGCGG,0.210432280789962
AAGGCGT,0.224668615376441
AAGGCTA,0.206564538531456
AAGGCTC,0.200518157872528
AAGGCTG,0.209451413311989
AAGGCTT,0.199031821924633
AAGGGAA,0.194808499812253
AAGGGAC,0.223278264780061
AAGGGAG,0.185491619173564
AAGGGAT,0.215383211765276
AAGGGCA,0.211718211019599
AAGGGCC,0.212146487221469
AAGGGCG,0.215444181453716
AAGGGCT,0.205148769701957
AAGGGGA,0.238824243243433
AAGGGGC,0.220370421798293
AAGGGGG,0.243933238263282
AAGGGGT,0.255187456927212
AAGGGTA,0.228707784415243
AAGGGTC,0.246950707648012
AAGGGTG,0.235483368515002
AAGGGTT,0.209390077138102
AAGGTAA,0.221340642601188
AAGGTAC,0.207916879194972
AAGGTAG,0.218183977125711
AAGGTAT,0.208592364334978
AAGGTCA,0.209635399264123
AAGGTCC,0.209512745723981
AAGGTCG,0.220613065262824
AAGGTCT,0.204963956341979
AAGGTGA,0.211718211019599
AAGGTGC,0.209144694814367
AAGGTGG,0.23757272283734
AAGGTGT,0.205025564590492
AAGGTTA,0.204717485385149
AAGGTTC,0.215809921541617
AAGGTTG,0.221643643657629
AAGGTTT,0.222007123778233
AAGTAAA,0.200580040620155
AAGTAAC,0.207486787325968
AAGTAAG,0.20447095366541
AAGTAAT,0.205703004934356
AAGTACA,0.202311204612713
AAGTACC,0.215809921541617
AAGTACG,0.207916879194972
AAGTACT,0.204594227122515
AAGTAGA,0.205333548912269
AAGTAGC,0.209267393502795
AAGTAGG,0.212085316135598
AAGTAGT,0.206564538531456
AAGTATA,0.205456716086671
AAGTATC,0.213246927384285
AAGTATG,0.207794014678078
AAGTATT,0.206933540120673
AAGTCAA,0.204779108819709
AAGTCAC,0.201136813089954
AAGTCAG,0.204963956341979
AAGTCAT,0.202681778740031
AAGTCCA,0.200765665889505
AAGTCCC,0.226298303308304
AAGTCCG,0.211718211019599
AAGTCCT,0.205148769701957
AAGTCGA,0.210064568222715
AAGTCGC,0.221522454251987
AAGTCGG,0.201878694495571
AAGTCGT,0.218731036632806
AAGTCTA,0.207794014678078
AAGTCTC,0.207056510398354
AAGTCTG,0.200889396929202
AAGTCTT,0.216662795238773
AAGTGAA,0.195181864182983
AAGTGAC,0.201384168051091
AAGTGAG,0.207363869951431
AAGTGAT,0.19081724850294
AAGTGCA,0.200146780946232
AAGTGCC,0.213857760177153
AAGTGCG,0.207916879194972
AAGTGCT,0.19605250598189
AAGTGGA,0.207794014678078
AAGTGGC,0.215931805184553
AAGTGGG,0.239360130022334
AAGTGGT,0.206256933160208
AAGTGTA,0.192191038688509
AAGTGTC,0.203730993628952
AAGTGTG,0.209574074374538
AAGTGTT,0.201631461842882
AAGTTAA,0.207794014678078
AAGTTAC,0.202990485646156
AAGTTAG,0.210677347404864
AAGTTAT,0.211718211019599
AAGTTCA,0.216784574980998
AAGTTCC,0.210248441407905
AAGTTCG,0.208899252263369
AAGTTCT,0.212329978030876
AAGTTGA,0.196922390422994
AAGTTGC,0.210371004751079
AAGTTGG,0.210187154102692
AAGTTGT,0.204655858152907
AAGTTTA,0.198845874500902
AAGTTTC,0.203237382573441
AAGTTTG,0.207732576758284
AAGTTTT,0.198597890804788
AATAAAA,0.181273689236135
AATAAAC,0.198225799917639
AATAAAG,0.199341657481606
AATAAAT,0.198783884341877
AATAACA,0.215688023041247
AATAACC,0.206749056346336
AATAACG,0.21617552791261
AATAACT,0.225091382152209
AATAAGA,0.199031821924633
AATAAGC,0.20767113506364
AATAAGG,0.219702848532532
AATAAGT,0.203360808181561
AATAATA,0.215627068218393
AATAATC,0.206503025026426
AATAATG,0.207609689593682
AATAATT,0.211044834755913
AATACAA,0.1861824180784
AATACAC,0.222370471829042
AATACAG,0.201816892062537
AATACAT,0.195990342414039
AATACCA,0.207302405597942
AATACCC,0.207732576758284
AATACCG,0.209328737201858
AATACCT,0.204224361152794
AATACGA,0.211412187109617
AATACGC,0.215566109679822
AATACGG,0.209819351371653
AATACGT,0.21135097108794
AATACTA,0.209206046040452
AATACTC,0.208530975446057
AATACTG,0.212819122316297
AATACTT,0.203916034976352
AATAGAA,0.214407190857718
AATAGAC,0.213613471832186
AATAGAG,0.212391134152802
AATAGAT,0.206072324509101
AATAGCA,0.202249428904901
AATAGCC,0.207425330527285
AATAGCG,0.209083339824078
AATAGCT,0.206933540120673
AATAGGA,0.210493553074322
AATAGGC,0.22412479533482
AATAGGG,0.212391134152802
AATAGGT,0.22382254525156
AATAGTA,0.210554821604619
AATAGTC,0.212819122316297
AATAGTG,0.204902344297656
AATAGTT,0.212696858673938
AATATAA,0.204655858152907
AATATAC,0.203299097281736
AATATAG,0.203237382573441
AATATAT,0.209267393502795
AATATCA,0.206564538531456
AATATCC,0.206933540120673
AATATCG,0.211595812693453
AATATCT,0.20822397445979
AATATGA,0.206810554719444
AATATGC,0.206010780717876
AATATGG,0.221885978417194
AATATGT,0.196736050305328
AATATTA,0.204101042089786
AATATTC,0.20255826928865
AATATTG,0.207363869951431
AATATTT,0.216419191254372
AATCAAA,0.212024141307596
AATCAAC,0.205764567669601
AATCAAG,0.201260498218582
AATCAAT,0.204594227122515
AATCACA,0.203237382573441
AATCACC,0.209144694814367
AATCACG,0.212635721246653
AATCACT,0.19686028090843
AATCAGA,0.201631461842882
AATCAGC,0.205703004934356
AATCAGG,0.201445997232483
AATCAGT,0.210248441407905
AATCATA,0.205271959635793
AATCATC,0.22587604657859
AATCATG,0.205641438408907
AATCATT,0.210861107961258
AATCCAA,0.205641438408907
AATCCAC,0.207794014678078
AATCCAG,0.203484218557681
AATCCAT,0.209390077138102
AATCCCA,0.199031821924633
AATCCCC,0.201445997232483
AATCCCG,0.201260498218582
AATCCCT,0.211840594366228
AATCCGA,0.208837882211645
AATCCGC,0.212146487221469
AATCCGG,0.213246927384285
AATCCGT,0.211106069520334
AATCCTA,0.204347665010085
AATCCTC,0.208837882211645
AATCCTG,0.217940743470609
AATCCTT,0.207794014678078
AATCGAA,0.209021981069124
AATCGAC,0.209144694814367
AATCGAG,0.213552390420306
AATCGAT,0.216601899805843
AATCGCA,0.225936379886019
AATCGCC,0.211167300535288
AATCGCG,0.208837882211645
AATCGCT,0.206072324509101
AATCGGA,0.209451413311989
AATCGGC,0.225815709630833
AATCGGG,0.222733687905997
AATCGGT,0.21501731555064
AATCGTA,0.210248441407905
AATCGTC,0.209574074374538
AATCGTG,0.207855448823486
AATCGTT,0.208408186361271
AATCTAA,0.225332882944252
AATCTAC,0.20767113506364
AATCTAG,0.212513435177583
AATCTAT,0.209328737201858
AATCTCA,0.200394380887666
AATCTCC,0.200084871380667
AATCTCG,0.206256933160208
AATCTCT,0.209574074374538
AATCTGA,0.207855448823486
AATCTGC,0.22912884736733
AATCTGG,0.223520203785567
AATCTGT,0.213918822940034
AATCTTA,0.217454098600588
AATCTTC,0.207732576758284
AATCTTG,0.209696720393196
AATCTTT,0.203607613705558
AATGAAA,0.2020022879042
AATGAAC,0.205703004934356
AATGAAG,0.199899119683884
AATGAAT,0.196798167536034
AATGACA,0.201569644127906
AATGACC,0.214040937280952
AATGACG,0.209267393502795
AATGACT,0.204286014981919
AATGAGA,0.216601899805843
AATGAGC,0.19816377130698
AATGAGG,0.205148769701957
AATGAGT,0.247305106182562
AATGATA,0.208899252263369
AATGATC,0.215627068218393
AATGATG,0.216053673973678
AATGATT,0.205210366565845
AATGCAA,0.205333548912269
AATGCAC,0.209512745723981
AATGCAG,0.214101988859899
AATGCAT,0.219702848532532
AATGCCA,0.206072324509101
AATGCCC,0.210248441407905
AATGCCG,0.213430216402589
AATGCCT,0.214956319829969
AATGCGA,0.216236449314385
AATGCGC,0.220855649865787
AATGCGG,0.208776508393406
AATGCGT,0.225574325427743
AATGCTA,0.213002489756158
AATGCTC,0.214956319829969
AATGCTG,0.210799858194377
AATGCTT,0.210125863041116
AATGGAA,0.218366363549442
AATGGAC,0.204101042089786
AATGGAG,0.213918822940034
AATGGAT,0.269382743480771
AATGGCA,0.217271545701004
AATGGCC,0.223701619634185
AATGGCG,0.209021981069124
AATGGCT,0.19654967545855
AATGGGA,0.213979881974482
AATGGGC,0.227142282241644
AATGGGG,0.239360130022334
AATGGGT,0.198721890339834
AATGGTA,0.209083339824078
AATGGTC,0.207916879194972
AATGGTG,0.220916286822753
AATGGTT,0.209206046040452
AATGTAA,0.206503025026426
AATGTAC,0.204409311237759
AATGTAG,0.217088959469774
AATGTAT,0.195741649492337
AATGTCA,0.205949233138781
AATGTCC,0.223278264780061
AATGTCG,0.228346732148115
AATGTCT,0.212329978030876
AATGTGA,0.224849823023445
AATGTGC,0.208408186361271
AATGTGG,0.197357049045906
AATGTGT,0.231411529217882
AATGTTA,0.204347665010085
AATGTTC,0.206749056346336
AATGTTG,0.208592364334978
AATGTTT,0.211779404565124
AATTAAA,0.185617254474092
AATTAAC,0.207916879194972
AATTAAG,0.207179465556204
AATTAAT,0.198101738848533
AATTACA,0.197977662386368
AATTACC,0.209758037762219
AATTACG,0.20822397445979
AATTACT,0.201940493109302
AATTAGA,0.211840594366228
AATTAGC,0.191129639310119
AATTAGG,0.199837194783344
AATTAGT,0.21830557177088
AATTATA,0.216480097814095
AATTATC,0.203175664056206
AATTATG,0.206072324509101
AATTATT,0.210309724957214
AATTCAA,0.209021981069124
AATTCAC,0.219217060634961
AATTCAG,0.206995027149725
AATTCAT,0.202187649380616
AATTCCA,0.227804909207058
AATTCCC,0.206441507737252
AATTCCG,0.215992741435616
AATTCCT,0.206441507737252
AATTCGA,0.209512745723981
AATTCGC,0.211289751318632
AATTCGG,0.217393251336825
AATTCGT,0.210432280789962
AATTCTA,0.212819122316297
AATTCTC,0.217819104453481
AATTCTG,0.209083339824078
AATTCTT,0.210861107961258
AATTGAA,0.206933540120673
AATTGAC,0.213063604764957
AATTGAG,0.20070379462817
AATTGAT,0.212819122316297
AATTGCA,0.210309724957214
AATTGCC,0.204286014981919
AATTGCG,0.215809921541617
AATTGCT,0.203730993628952
AATTGGA,0.208960618549041
AATTGGC,0.223278264780061
AATTGGG,0.205456716086671
AATTGGT,0.20045627129519
AATTGTA,0.21982425864246
AATTGTC,0.206749056346336
AATTGTG,0.198101738848533
AATTGTT,0.194434995988502
AATTTAA,0.19965139707024
AATTTAC,0.201816892062537
AATTTAG,0.193064287184638
AATTTAT,0.19772946326758
AATTTCA,0.205148769701957
AATTTCC,0.19772946326758
AATTTCG,0.210861107961258
AATTTCT,0.202681778740031
AATTTGA,0.206564538531456
AATTTGC,0.210799858194377
AATTTGG,0.197419127715062
AATTTGT,0.214529245580107
AATTTTA,0.203854358331618
AATTTTC,0.198597890804788
AATTTTG,0.205395134395739
AATTTTT,0.169023140034694
ACAAAAA,0.1727840784055
ACAAAAC,0.196922390422994
ACAAAAG,0.197605340603312
ACAAAAT,0.208899252263369
ACAAACA,0.193625258805674
ACAAACC,0.223036267225907
ACAAACG,0.212941371012086
ACAAACT,0.206933540120673
ACAAAGA,0.207794014678078
ACAAAGC,0.217758279395948
ACAAAGG,0.213491305277259
ACAAAGT,0.200084871380667
ACAAATA,0.209512745723981
ACAAATC,0.206441507737252
ACAAATG,0.204655858152907
ACAAATT,0.200394380887666
ACAACAA,0.20020868667924
ACAACAC,0.223036267225907
ACAACAG,0.206195400729801
ACAACAT,0.21465128540696
ACAACCA,0.205087169043662
ACAACCC,0.211718211019599
ACAACCG,0.213491305277259
ACAACCT,0.204286014981919
ACAACGA,0.206933540120673
ACAACGC,0.208960618549041
ACAACGG,0.208162562950963
ACAACGT,0.209635399264123
ACAACTA,0.208899252263369
ACAACTC,0.210371004751079
ACAACTG,0.20871513080819
ACAACTT,0.205518293985532
ACAAGAA,0.224306101544039
ACAAGAC,0.208592364334978
ACAAGAG,0.19511964646768
ACAAGAT,0.217028089983561
ACAAGCA,0.204532592293506
ACAAGCC,0.214773310341911
ACAAGCG,0.214773310341911
ACAAGCT,0.212880248532285
ACAAGGA,0.200022957982071
ACAAGGC,0.202743527745723
ACAAGGG,0.20249650884202
ACAAGGT,0.20822397445979
ACAAGTA,0.213674549513355
ACAAGTC,0.204101042089786
ACAAGTG,0.205025564590492
ACAAGTT,0.205210366565845
ACAATAA,0.21312471603894
ACAATAC,0.207179465556204
ACAATAG,0.208408186361271
ACAATAT,0.20767113506364
ACAATCA,0.212513435177583
ACAATCC,0.204902344297656
ACAATCG,0.210064568222715
ACAATCT,0.204779108819709
ACAATGA,0.203484218557681
ACAATGC,0.208899252263369
ACAATGG,0.211779404565124
ACAATGT,0.202867014319465
ACAATTA,0.203854358331618
ACAATTC,0.205025564590492
ACAATTG,0.206441507737252
ACAATTT,0.212880248532285
ACACAAA,0.206687554190946
ACACAAC,0.205518293985532
ACACAAG,0.208346786164481
ACACAAT,0.209880661221958
ACACACA,0.115502496786935
ACACACC,0.199341657481606
ACACACG,0.233329754363779
ACACACT,0.188189305791653
ACACAGA,0.197605340603312
ACACAGC,0.181462932728035
ACACAGG,0.193438303228611
ACACAGT,0.190567265574797
ACACATA,0.214529245580107
ACACATC,0.198101738848533
ACACATG,0.227021757424064
ACACATT,0.204286014981919
ACACCAA,0.213491305277259
ACACCAC,0.204963956341979
ACACCAG,0.206749056346336
ACACCAT,0.202311204612713
ACACCCA,0.200765665889505
ACACCCC,0.227443530748647
ACACCCG,0.222309922988015
ACACCCT,0.222370471829042
ACACCGA,0.228707784415243
ACACCGC,0.21465128540696
ACACCGG,0.203175664056206
ACACCGT,0.199093796716349
ACACCTA,0.203052215593033
ACACCTC,0.210677347404864
ACACCTG,0.188126651477019
ACACCTT,0.200641919538544
ACACGAA,0.208039728618031
ACACGAC,0.209635399264123
ACACGAG,0.213613471832186
ACACGAT,0.211228527801234
ACACGCA,0.216236449314385
ACACGCC,0.2189740781613
ACACGCG,0.206441507737252
ACACGCT,0.222249370480603
ACACGGA,0.207855448823486
ACACGGC,0.207548240347946
ACACGGG,0.213857760177153
ACACGGT,0.215444181453716
ACACGTA,0.209390077138102
ACACGTC,0.208285382197475
ACACGTG,0.248131547985323
ACACGTT,0.213430216402589
ACACTAA,0.201693275736664
ACACTAC,0.212941371012086
ACACTAG,0.211473399384123
ACACTAT,0.221098175635731
ACACTCA,0.18825195618097
ACACTCC,0.20249650884202
ACACTCG,0.223520203785567
ACACTCT,0.20249650884202
ACACTGA,0.231831455499525
ACACTGC,0.207425330527285
ACACTGG,0.221461854041144
ACACTGT,0.211412187109617
ACACTTA,0.210371004751079
ACACTTC,0.223883002577063
ACACTTG,0.208101147670531
ACACTTT,0.213308027456558
ACAGAAA,0.211657013729195
ACAGAAC,0.199465564829931
ACAGAAG,0.213979881974482
ACAGAAT,0.19816377130698
ACAGACA,0.204286014981919
ACAGACC,0.195555089204785
ACAGACG,0.205579868092788
ACAGACT,0.205210366565845
ACAGAGA,0.206810554719444
ACAGAGC,0.209144694814367
ACAGAGG,0.238705118283476
ACAGAGT,0.206379986663468
ACAGATA,0.210799858194377
ACAGATC,0.20095125670851
ACAGATG,0.193438303228611
ACAGATT,0.216906339894724
ACAGCAA,0.203545918034915
ACAGCAC,0.207486787325968
ACAGCAG,0.180200632452299
ACAGCAT,0.20255826928865
ACAGCCA,0.200270588580165
ACAGCCC,0.178493995604459
ACAGCCG,0.210677347404864
ACAGCCT,0.234885607450302
ACAGCGA,0.216601899805843
ACAGCGC,0.210861107961258
ACAGCGG,0.214712299735696
ACAGCGT,0.233689012296892
ACAGCTA,0.203669305570081
ACAGCTC,0.21135097108794
ACAGCTG,0.197357049045906
ACAGCTT,0.210861107961258
ACAGGAA,0.183290442483667
ACAGGAC,0.213796693685383
ACAGGAG,0.215078307551061
ACAGGAT,0.216358280984814
ACAGGCA,0.184108588104145
ACAGGCC,0.195679466596933
ACAGGCG,0.197915618381695
ACAGGCT,0.224608205529769
ACAGGGA,0.218670267020001
ACAGGGC,0.230871364760005
ACAGGGG,0.241382003478573
ACAGGGT,0.22828654409446
ACAGGTA,0.213246927384285
ACAGGTC,0.217393251336825
ACAGGTG,0.177861168010821
ACAGGTT,0.20045627129519
ACAGTAA,0.204039376854967
ACAGTAC,0.206379986663468
ACAGTAG,0.201631461842882
ACAGTAT,0.211595812693453
ACAGTCA,0.222915246484231
ACAGTCC,0.210677347404864
ACAGTCG,0.207609689593682
ACAGTCT,0.238764682537299
ACAGTGA,0.216297367004969
ACAGTGC,0.200084871380667
ACAGTGG,0.215931805184553
ACAGTGT,0.205579868092788
ACAGTTA,0.216236449314385
ACAGTTC,0.208039728618031
ACAGTTG,0.202064078880736
ACAGTTT,0.211962962737006
ACATAAA,0.207732576758284
ACATAAC,0.203977707817312
ACATAAG,0.213552390420306
ACATAAT,0.2189740781613
ACATACA,0.205333548912269
ACATACC,0.207117989867025
ACATACG,0.216358280984814
ACATACT,0.212574580081353
ACATAGA,0.208899252263369
ACATAGC,0.20767113506364
ACATAGG,0.212757992363668
ACATAGT,0.205518293985532
ACATATA,0.207486787325968
ACATATC,0.216845459291198
ACATATG,0.202928751888456
ACATATT,0.203422515273386
ACATCAA,0.201445997232483
ACATCAC,0.21982425864246
ACATCAG,0.203916034976352
ACATCAT,0.206256933160208
ACATCCA,0.215078307551061
ACATCCC,0.206072324509101
ACATCCG,0.212085316135598
ACATCCT,0.197977662386368
ACATCGA,0.221885978417194
ACATCGC,0.224789424122838
ACATCGG,0.209083339824078
ACATCGT,0.216236449314385
ACATCTA,0.201631461842882
ACATCTC,0.208530975446057
ACATCTG,0.275429897513997
ACATCTT,0.205333548912269
ACATGAA,0.229068706370679
ACATGAC,0.202372976504522
ACATGAG,0.227985549475162
ACATGAT,0.217940743470609
ACATGCA,0.241441408503676
ACATGCC,0.219459984082481
ACATGCG,0.225393249030452
ACATGCT,0.22605703558165
ACATGGA,0.199899119683884
ACATGGC,0.205518293985532
ACATGGG,0.218913323316688
ACATGGT,0.201074964788413
ACATGTA,0.216053673973678
ACATGTC,0.209758037762219
ACATGTG,0.257002170240863
ACATGTT,0.206872049310735
ACATTAA,0.204286014981919
ACATTAC,0.207978305792999
ACATTAG,0.207302405597942
ACATTAT,0.210248441407905
ACATTCA,0.219945654013763
ACATTCC,0.199403613074897
ACATTCG,0.214040937280952
ACATTCT,0.195430696340978
ACATTGA,0.207609689593682
ACATTGC,0.215505147425081
ACATTGG,0.20871513080819
ACATTGT,0.220309751731692
ACATTTA,0.19686028090843
ACATTTC,0.193001937574826
ACATTTG,0.222612630538189
ACATTTT,0.184360190612842
ACCAAAA,0.198969843291804
ACCAAAC,0.205579868092788
ACCAAAG,0.198287824680989
ACCAAAT,0.204409311237759
ACCAACA,0.205271959635793
ACCAACC,0.222067690955622
ACCAACG,0.209206046040452
ACCAACT,0.205703004934356
ACCAAGA,0.207732576758284
ACCAAGC,0.217210687328045
ACCAAGG,0.19847387589195
ACCAAGT,0.220309751731692
ACCAATA,0.206810554719444
ACCAATC,0.205210366565845
ACCAATG,0.20447095366541
ACCAATT,0.208162562950963
ACCACAA,0.200332486649483
ACCACAC,0.201631461842882
ACCACAG,0.235841853716193
ACCACAT,0.202928751888456
ACCACCA,0.220795009231756
ACCACCC,0.225332882944252
ACCACCG,0.209512745723981
ACCACCT,0.214163036711778
ACCACGA,0.208960618549041
ACCACGC,0.199837194783344
ACCACGG,0.226660095789415
ACCACGT,0.210432280789962
ACCACTA,0.206133864512921
ACCACTC,0.231231506816382
ACCACTG,0.22424566979333
ACCACTT,0.212513435177583
ACCAGAA,0.19965139707024
ACCAGAC,0.199899119683884
ACCAGAG,0.20822397445979
ACCAGAT,0.208469582788309
ACCAGCA,0.192565381422926
ACCAGCC,0.19772946326758
ACCAGCG,0.215688023041247
ACCAGCT,0.21982425864246
ACCAGGA,0.189566708478532
ACCAGGC,0.224789424122838
ACCAGGG,0.205333548912269
ACCAGGT,0.239300601226394
ACCAGTA,0.218427151632589
ACCAGTC,0.217575782022072
ACCAGTG,0.191754128312767
ACCAGTT,0.210064568222715
ACCATAA,0.208101147670531
ACCATAC,0.213308027456558
ACCATAG,0.217028089983561
ACCATAT,0.209390077138102
ACCATCA,0.209880661221958
ACCATCC,0.215566109679822
ACCATCG,0.208039728618031
ACCATCT,0.212757992363668
ACCATGA,0.219459984082481
ACCATGC,0.185240301209904
ACCATGG,0.211044834755913
ACCATGT,0.209819351371653
ACCATTA,0.217393251336825
ACCATTC,0.205395134395739
ACCATTG,0.223217770881565
ACCATTT,0.201693275736664
ACCCAAA,0.203916034976352
ACCCAAC,0.201013112661423
ACCCAAG,0.209083339824078
ACCCAAT,0.223580679392037
ACCCACA,0.206810554719444
ACCCACC,0.198783884341877
ACCCACG,0.215931805184553
ACCCACT,0.199093796716349
ACCCAGA,0.204162703522239
ACCCAGC,0.205456716086671
ACCCAGG,0.264402449538156
ACCCAGT,0.203977707817312
ACCCATA,0.206256933160208
ACCCATC,0.20280527293871
ACCCATG,0.215444181453716
ACCCATT,0.210738604675732
ACCCCAA,0.204655858152907
ACCCCAC,0.214101988859899
ACCCCAG,0.16819255359219
ACCCCAT,0.261087836405612
ACCCCCA,0.177671241614565
ACCCCCC,0.249075217325082
ACCCCCG,0.26329879878404
ACCCCCT,0.188815633126665
ACCCCGA,0.246359764173423
ACCCCGC,0.23757272283734
ACCCCGG,0.235841853716193
ACCCCGT,0.203669305570081
ACCCCTA,0.201755085809725
ACCCCTC,0.203052215593033
ACCCCTG,0.198349845597505
ACCCCTT,0.19772946326758
ACCCGAA,0.210983596241566
ACCCGAC,0.216053673973678
ACCCGAG,0.223278264780061
ACCCGAT,0.207609689593682
ACCCGCA,0.207363869951431
ACCCGCC,0.231891430575976
ACCCGCG,0.23320997303229
ACCCGCT,0.23757272283734
ACCCGGA,0.195368494105998
ACCCGGC,0.256885191288316
ACCCGGG,0.257294557768403
ACCCGGT,0.211534607911915
ACCCGTA,0.215383211765276
ACCCGTC,0.222370471829042
ACCCGTG,0.222975758685822
ACCCGTT,0.205949233138781
ACCCTAA,0.200084871380667
ACCCTAC,0.214895320388593
ACCCTAG,0.209512745723981
ACCCTAT,0.212207654565668
ACCCTCA,0.206626048252807
ACCCTCC,0.220613065262824
ACCCTCG,0.203422515273386
ACCCTCT,0.219642137949465
ACCCTGA,0.234407141196017
ACCCTGC,0.212207654565668
ACCCTGG,0.24547269366857
ACCCTGT,0.218609493714026
ACCCTTA,0.212513435177583
ACCCTTC,0.206749056346336
ACCCTTG,0.200765665889505
ACCCTTT,0.207916879194972
ACCGAAA,0.212574580081353
ACCGAAC,0.210187154102692
ACCGAAG,0.207240937466355
ACCGAAT,0.208530975446057
ACCGACA,0.210248441407905
ACCGACC,0.206256933160208
ACCGACG,0.220552409916079
ACCGACT,0.204717485385149
ACCGAGA,0.219034829314984
ACCGAGC,0.225272513213768
ACCGAGG,0.2432219202712
ACCGAGT,0.225574325427743
ACCGATA,0.211473399384123
ACCGATC,0.210432280789962
ACCGATG,0.212085316135598
ACCGATT,0.210187154102692
ACCGCAA,0.206687554190946
ACCGCAC,0.233569273992644
ACCGCAG,0.212085316135598
ACCGCAT,0.207179465556204
ACCGCCA,0.211901780423369
ACCGCCC,0.225574325427743
ACCGCCG,0.296676963292349
ACCGCCT,0.214956319829969
ACCGCGA,0.229008561756871
ACCGCGC,0.204963956341979
ACCGCGG,0.233868592875189
ACCGCGT,0.220309751731692
ACCGCTA,0.211412187109617
ACCGCTC,0.240847199389806
ACCGCTG,0.234167822192749
ACCGCTT,0.210922353976834
ACCGGAA,0.227142282241644
ACCGGAC,0.238645550481541
ACCGGAG,0.21879180255289
ACCGGAT,0.207486787325968
ACCGGCA,0.215992741435616
ACCGGCC,0.243814720396081
ACCGGCG,0.236379340673767
ACCGGCT,0.231531526150256
ACCGGGA,0.218731036632806
ACCGGGC,0.211106069520334
ACCGGGG,0.232251205517102
ACCGGGT,0.225393249030452
ACCGGTA,0.210677347404864
ACCGGTC,0.225634676941205
ACCGGTG,0.20871513080819
ACCGGTT,0.213491305277259
ACCGTAA,0.215627068218393
ACCGTAC,0.210616086381313
ACCGTAG,0.208162562950963
ACCGTAT,0.211228527801234
ACCGTCA,0.205395134395739
ACCGTCC,0.194061352607517
ACCGTCG,0.214590267355249
ACCGTCT,0.211962962737006
ACCGTGA,0.217758279395948
ACCGTGC,0.238228476485352
ACCGTGG,0.202311204612713
ACCGTGT,0.21135097108794
ACCGTTA,0.222370471829042
ACCGTTC,0.215261261235352
ACCGTTG,0.208101147670531
ACCGTTT,0.214712299735696
ACCTAAA,0.199713333476998
ACCTAAC,0.201013112661423
ACCTAAG,0.205641438408907
ACCTAAT,0.204717485385149
ACCTACA,0.201322335046615
ACCTACC,0.206687554190946
ACCTACG,0.208101147670531
ACCTACT,0.220613065262824
ACCTAGA,0.209941967313597
ACCTAGC,0.208469582788309
ACCTAGG,0.211167300535288
ACCTAGT,0.206256933160208
ACCTATA,0.208592364334978
ACCTATC,0.210248441407905
ACCTATG,0.212880248532285
ACCTATT,0.208530975446057
ACCTCAA,0.200270588580165
ACCTCAC,0.199155767667429
ACCTCAG,0.206503025026426
ACCTCAT,0.210248441407905
ACCTCCA,0.221643643657629
ACCTCCC,0.226298303308304
ACCTCCG,0.203299097281736
ACCTCCT,0.208346786164481
ACCTCGA,0.219702848532532
ACCTCGC,0.217088959469774
ACCTCGG,0.208653749455535
ACCTCGT,0.206564538531456
ACCTCTA,0.207486787325968
ACCTCTC,0.228767947121364
ACCTCTG,0.22103754970728
ACCTCTT,0.205210366565845
ACCTGAA,0.206318461804609
ACCTGAC,0.205826126615109
ACCTGAG,0.190942216536617
ACCTGAT,0.204409311237759
ACCTGCA,0.233389639649615
ACCTGCC,0.225332882944252
ACCTGCG,0.241322594924303
ACCTGCT,0.222370471829042
ACCTGGA,0.213979881974482
ACCTGGC,0.231231506816382
ACCTGGG,0.281041104880452
ACCTGGT,0.237214857701374
ACCTGTA,0.211412187109617
ACCTGTC,0.220916286822753
ACCTGTG,0.212880248532285
ACCTGTT,0.220127719443621
ACCTTAA,0.203422515273386
ACCTTAC,0.206503025026426
ACCTTAG,0.212146487221469
ACCTTAT,0.212757992363668
ACCTTCA,0.216358280984814
ACCTTCC,0.198039702541821
ACCTTCG,0.208346786164481
ACCTTCT,0.2020022879042
ACCTTGA,0.201322335046615
ACCTTGC,0.216662795238773
ACCTTGG,0.213430216402589
ACCTTGT,0.215505147425081
ACCTTTA,0.206749056346336
ACCTTTC,0.216662795238773
ACCTTTG,0.214834317226058
ACCTTTT,0.199837194783344
ACGAAAA,0.205395134395739
ACGAAAC,0.216541000664435
ACGAAAG,0.208346786164481
ACGAAAT,0.215261261235352
ACGAACA,0.210371004751079
ACGAACC,0.216480097814095
ACGAACG,0.209574074374538
ACGAACT,0.208101147670531
ACGAAGA,0.203545918034915
ACGAAGC,0.222007123778233
ACGAAGG,0.223096772104931
ACGAAGT,0.206749056346336
ACGAATA,0.210248441407905
ACGAATC,0.211167300535288
ACGAATG,0.207056510398354
ACGAATT,0.214101988859899
ACGACAA,0.210432280789962
ACGACAC,0.209574074374538
ACGACAG,0.205703004934356
ACGACAT,0.207794014678078
ACGACCA,0.236498742997767
ACGACCC,0.204286014981919
ACGACCG,0.207732576758284
ACGACCT,0.207117989867025
ACGACGA,0.209512745723981
ACGACGC,0.209021981069124
ACGACGG,0.226298303308304
ACGACGT,0.206749056346336
ACGACTA,0.209451413311989
ACGACTC,0.208653749455535
ACGACTG,0.205949233138781
ACGACTT,0.215748974148838
ACGAGAA,0.213857760177153
ACGAGAC,0.214956319829969
ACGAGAG,0.201940493109302
ACGAGAT,0.233689012296892
ACGAGCA,0.213979881974482
ACGAGCC,0.209819351371653
ACGAGCG,0.221704232853318
ACGAGCT,0.217210687328045
ACGAGGA,0.200146780946232
ACGAGGC,0.2189740781613
ACGAGGG,0.205148769701957
ACGAGGT,0.211534607911915
ACGAGTA,0.232311155425051
ACGAGTC,0.20871513080819
ACGAGTG,0.209328737201858
ACGAGTT,0.218366363549442
ACGATAA,0.210677347404864
ACGATAC,0.211534607911915
ACGATAG,0.210187154102692
ACGATAT,0.208530975446057
ACGATCA,0.211412187109617
ACGATCC,0.209267393502795
ACGATCG,0.210309724957214
ACGATCT,0.205518293985532
ACGATGA,0.215809921541617
ACGATGC,0.205456716086671
ACGATGG,0.218001557431104
ACGATGT,0.214956319829969
ACGATTA,0.211228527801234
ACGATTC,0.209512745723981
ACGATTG,0.209144694814367
ACGATTT,0.208776508393406
ACGCAAA,0.215505147425081
ACGCAAC,0.209819351371653
ACGCAAG,0.207056510398354
ACGCAAT,0.215261261235352
ACGCACA,0.227985549475162
ACGCACC,0.20119865756652
ACGCACG,0.216541000664435
ACGCACT,0.215566109679822
ACGCAGA,0.197232880145113
ACGCAGC,0.213796693685383
ACGCAGG,0.242688099535222
ACGCAGT,0.211840594366228
ACGCATA,0.209144694814367
ACGCATC,0.205456716086671
ACGCATG,0.230270839622018
ACGCATT,0.212513435177583
ACGCCAA,0.211901780423369
ACGCCAC,0.195555089204785
ACGCCAG,0.219217060634961
ACGCCAT,0.223278264780061
ACGCCCA,0.21135097108794
ACGCCCC,0.196611804267065
ACGCCCG,0.254014924035671
ACGCCCT,0.226660095789415
ACGCCGA,0.218427151632589
ACGCCGC,0.226479215910584
ACGCCGG,0.238764682537299
ACGCCGT,0.217454098600588
ACGCCTA,0.207916879194972
ACGCCTC,0.229730058485878
ACGCCTG,0.212635721246653
ACGCCTT,0.232550919123394
ACGCGAA,0.210554821604619
ACGCGAC,0.227804909207058
ACGCGAG,0.214468220081082
ACGCGAT,0.210432280789962
ACGCGCA,0.221764818378178
ACGCGCC,0.232131294918153
ACGCGCG,0.220795009231756
ACGCGCT,0.218244776296453
ACGCGGA,0.235184532647437
ACGCGGC,0.240193161293326
ACGCGGG,0.232670779418524
ACGCGGT,0.212329978030876
ACGCGTA,0.209819351371653
ACGCGTC,0.237393806277789
ACGCGTG,0.270191146632265
ACGCGTT,0.212696858673938
ACGCTAA,0.210432280789962
ACGCTAC,0.218183977125711
ACGCTAG,0.210187154102692
ACGCTAT,0.210922353976834
ACGCTCA,0.216053673973678
ACGCTCC,0.233030274129072
ACGCTCG,0.214712299735696
ACGCTCT,0.214163036711778
ACGCTGA,0.22521213983856
ACGCTGC,0.206626048252807
ACGCTGG,0.210738604675732
ACGCTGT,0.217149825251119
ACGCTTA,0.210432280789962
ACGCTTC,0.209758037762219
ACGCTTG,0.216967216792028
ACGCTTT,0.207056510398354
ACGGAAA,0.216662795238773
ACGGAAC,0.208899252263369
ACGGAAG,0.206626048252807
ACGGAAT,0.209390077138102
ACGGACA,0.210738604675732
ACGGACC,0.212757992363668
ACGGACG,0.218731036632806
ACGGACT,0.211718211019599
ACGGAGA,0.212757992363668
ACGGAGC,0.215322238359306
ACGGAGG,0.23326986549148
ACGGAGT,0.198411862667667
ACGGATA,0.211534607911915
ACGGATC,0.221885978417194
ACGGATG,0.203237382573441
ACGGATT,0.206441507737252
ACGGCAA,0.214895320388593
ACGGCAC,0.211167300535288
ACGGCAG,0.19686028090843
ACGGCAT,0.210493553074322
ACGGCCA,0.213979881974482
ACGGCCC,0.203792677882641
ACGGCCG,0.209880661221958
ACGGCCT,0.203669305570081
ACGGCGA,0.222612630538189
ACGGCGC,0.234227657313179
ACGGCGG,0.242035264742746
ACGGCGT,0.203052215593033
ACGGCTA,0.222673161053954
ACGGCTC,0.210248441407905
ACGGCTG,0.237930459951664
ACGGCTT,0.204101042089786
ACGGGAA,0.226780664201453
ACGGGAC,0.203422515273386
ACGGGAG,0.234347316814385
ACGGGAT,0.20871513080819
ACGGGCA,0.229068706370679
ACGGGCC,0.230811328471977
ACGGGCG,0.254659987254991
ACGGGCT,0.243340508412469
ACGGGGA,0.233689012296892
ACGGGGC,0.210003269647028
ACGGGGG,0.263240678147662
ACGGGGT,0.201816892062537
ACGGGTA,0.209328737201858
ACGGGTC,0.222612630538189
ACGGGTG,0.254777226784127
ACGGGTT,0.213674549513355
ACGGTAA,0.217088959469774
ACGGTAC,0.210493553074322
ACGGTAG,0.208469582788309
ACGGTAT,0.217636618180694
ACGGTCA,0.212574580081353
ACGGTCC,0.202990485646156
ACGGTCG,0.215139295831684
ACGGTCT,0.212819122316297
ACGGTGA,0.212207654565668
ACGGTGC,0.214101988859899
ACGGTGG,0.205271959635793
ACGGTGT,0.239657720858469
ACGGTTA,0.215200280392963
ACGGTTC,0.209390077138102
ACGGTTG,0.219520705724887
ACGGTTT,0.208653749455535
ACGTAAA,0.209390077138102
ACGTAAC,0.211473399384123
ACGTAAG,0.208469582788309
ACGTAAT,0.217940743470609
ACGTACA,0.209880661221958
ACGTACC,0.210248441407905
ACGTACG,0.210432280789962
ACGTACT,0.209696720393196
ACGTAGA,0.214529245580107
ACGTAGC,0.220370421798293
ACGTAGG,0.216236449314385
ACGTAGT,0.210432280789962
ACGTATA,0.210493553074322
ACGTATC,0.209696720393196
ACGTATG,0.22382254525156
ACGTATT,0.208837882211645
ACGTCAA,0.208162562950963
ACGTCAC,0.208530975446057
ACGTCAG,0.207302405597942
ACGTCAT,0.220006346173548
ACGTCCA,0.22049175089004
ACGTCCC,0.202064078880736
ACGTCCG,0.204532592293506
ACGTCCT,0.213246927384285
ACGTCGA,0.215444181453716
ACGTCGC,0.221340642601188
ACGTCGG,0.218244776296453
ACGTCGT,0.234287488853581
ACGTCTA,0.216906339894724
ACGTCTC,0.213430216402589
ACGTCTG,0.213918822940034
ACGTCTT,0.221461854041144
ACGTGAA,0.207732576758284
ACGTGAC,0.203484218557681
ACGTGAG,0.212635721246653
ACGTGAT,0.261320799621055
ACGTGCA,0.227804909207058
ACGTGCC,0.20119865756652
ACGTGCG,0.224366529642972
ACGTGCT,0.215566109679822
ACGTGGA,0.196922390422994
ACGTGGC,0.21982425864246
ACGTGGG,0.220613065262824
ACGTGGT,0.241144348082299
ACGTGTA,0.225453611472807
ACGTGTC,0.230150691306637
ACGTGTG,0.273188078275083
ACGTGTT,0.200394380887666
ACGTTAA,0.208960618549041
ACGTTAC,0.210616086381313
ACGTTAG,0.210432280789962
ACGTTAT,0.210554821604619
ACGTTCA,0.209390077138102
ACGTTCC,0.22521213983856
ACGTTCG,0.215992741435616
ACGTTCT,0.208101147670531
ACGTTGA,0.210799858194377
ACGTTGC,0.213308027456558
ACGTTGG,0.230270839622018
ACGTTGT,0.218670267020001
ACGTTTA,0.207363869951431
ACGTTTC,0.206749056346336
ACGTTTG,0.211534607911915
ACGTTTT,0.208776508393406
ACTAAAA,0.187499892329968
ACTAAAC,0.21982425864246
ACTAAAG,0.231831455499525
ACTAAAT,0.205456716086671
ACTAACA,0.212819122316297
ACTAACC,0.202867014319465
ACTAACG,0.209880661221958
ACTAACT,0.212024141307596
ACTAAGA,0.215261261235352
ACTAAGC,0.206626048252807
ACTAAGG,0.220734364920217
ACTAAGT,0.206810554719444
ACTAATA,0.210554821604619
ACTAATC,0.206195400729801
ACTAATG,0.207732576758284
ACTAATT,0.212207654565668
ACTACAA,0.208899252263369
ACTACAC,0.212513435177583
ACTACAG,0.204594227122515
ACTACAT,0.215139295831684
ACTACCA,0.221219416467238
ACTACCC,0.209880661221958
ACTACCG,0.210003269647028
ACTACCT,0.205949233138781
ACTACGA,0.209880661221958
ACTACGC,0.211289751318632
ACTACGG,0.226599806131679
ACTACGT,0.22049175089004
ACTACTA,0.214040937280952
ACTACTC,0.205579868092788
ACTACTG,0.206441507737252
ACTACTT,0.209083339824078
ACTAGAA,0.214224080837045
ACTAGAC,0.216236449314385
ACTAGAG,0.203916034976352
ACTAGAT,0.207117989867025
ACTAGCA,0.212268818168651
ACTAGCC,0.209512745723981
ACTAGCG,0.210432280789962
ACTAGCT,0.214712299735696
ACTAGGA,0.213491305277259
ACTAGGC,0.211779404565124
ACTAGGG,0.207056510398354
ACTAGGT,0.206687554190946
ACTAGTA,0.21135097108794
ACTAGTC,0.210677347404864
ACTAGTG,0.205641438408907
ACTAGTT,0.214712299735696
ACTATAA,0.215444181453716
ACTATAC,0.213735623464269
ACTATAG,0.207732576758284
ACTATAT,0.206441507737252
ACTATCA,0.209206046040452
ACTATCC,0.219520705724887
ACTATCG,0.211289751318632
ACTATCT,0.208837882211645
ACTATGA,0.216845459291198
ACTATGC,0.205395134395739
ACTATGG,0.214712299735696
ACTATGT,0.209880661221958
ACTATTA,0.211412187109617
ACTATTC,0.209819351371653
ACTATTG,0.207855448823486
ACTATTT,0.201013112661423
ACTCAAA,0.213246927384285
ACTCAAC,0.207609689593682
ACTCAAG,0.205087169043662
ACTCAAT,0.207425330527285
ACTCACA,0.198287824680989
ACTCACC,0.216906339894724
ACTCACG,0.220673716930721
ACTCACT,0.205148769701957
ACTCAGA,0.180326934207102
ACTCAGC,0.213430216402589
ACTCAGG,0.193936773783109
ACTCAGT,0.193313646756419
ACTCATA,0.208960618549041
ACTCATC,0.220795009231756
ACTCATG,0.203237382573441
ACTCATT,0.21135097108794
ACTCCAA,0.201569644127906
ACTCCAC,0.215505147425081
ACTCCAG,0.199589456827127
ACTCCAT,0.203299097281736
ACTCCCA,0.20045627129519
ACTCCCC,0.202620025921164
ACTCCCG,0.223217770881565
ACTCCCT,0.187374493347523
ACTCCGA,0.215931805184553
ACTCCGC,0.228346732148115
ACTCCGG,0.213674549513355
ACTCCGT,0.229008561756871
ACTCCTA,0.210125863041116
ACTCCTC,0.208285382197475
ACTCCTG,0.203299097281736
ACTCCTT,0.205703004934356
ACTCGAA,0.205826126615109
ACTCGAC,0.209328737201858
ACTCGAG,0.216480097814095
ACTCGAT,0.216845459291198
ACTCGCA,0.208592364334978
ACTCGCC,0.229669953636882
ACTCGCG,0.216967216792028
ACTCGCT,0.206072324509101
ACTCGGA,0.209758037762219
ACTCGGC,0.217088959469774
ACTCGGG,0.244347940217362
ACTCGGT,0.211595812693453
ACTCGTA,0.217271545701004
ACTCGTC,0.213735623464269
ACTCGTG,0.205210366565845
ACTCGTT,0.212574580081353
ACTCTAA,0.211534607911915
ACTCTAC,0.203545918034915
ACTCTAG,0.220795009231756
ACTCTAT,0.221098175635731
ACTCTCA,0.203669305570081
ACTCTCC,0.187750643130001
ACTCTCG,0.209758037762219
ACTCTCT,0.210248441407905
ACTCTGA,0.211412187109617
ACTCTGC,0.195057424881091
ACTCTGG,0.190942216536617
ACTCTGT,0.19965139707024
ACTCTTA,0.216236449314385
ACTCTTC,0.199341657481606
ACTCTTG,0.20767113506364
ACTCTTT,0.215505147425081
ACTGAAA,0.22382254525156
ACTGAAC,0.201445997232483
ACTGAAG,0.204655858152907
ACTGAAT,0.20249650884202
ACTGACA,0.194932970092133
ACTGACC,0.213796693685383
ACTGACG,0.207425330527285
ACTGACT,0.201445997232483
ACTGAGA,0.19511964646768
ACTGAGC,0.201074964788413
ACTGAGG,0.22103754970728
ACTGAGT,0.206626048252807
ACTGATA,0.205395134395739
ACTGATC,0.213979881974482
ACTGATG,0.201816892062537
ACTGATT,0.203607613705558
ACTGCAA,0.205703004934356
ACTGCAC,0.201013112661423
ACTGCAG,0.1885025184949
ACTGCAT,0.204717485385149
ACTGCCA,0.205333548912269
ACTGCCC,0.206810554719444
ACTGCCG,0.206872049310735
ACTGCCT,0.229910351360348
ACTGCGA,0.212329978030876
ACTGCGC,0.230090611735156
ACTGCGG,0.244940073410625
ACTGCGT,0.23398829534701
ACTGCTA,0.202867014319465
ACTGCTC,0.236916538894298
ACTGCTG,0.227865126255488
ACTGCTT,0.198721890339834
ACTGGAA,0.201074964788413
ACTGGAC,0.20255826928865
ACTGGAG,0.220916286822753
ACTGGAT,0.204409311237759
ACTGGCA,0.21909557677819
ACTGGCC,0.212696858673938
ACTGGCG,0.206626048252807
ACTGGCT,0.180958203809877
ACTGGGA,0.243873981085492
ACTGGGC,0.213430216402589
ACTGGGG,0.260388620951007
ACTGGGT,0.221885978417194
ACTGGTA,0.207302405597942
ACTGGTC,0.218123174258205
ACTGGTG,0.229609845175076
ACTGGTT,0.21312471603894
ACTGTAA,0.214285121236154
ACTGTAC,0.214468220081082
ACTGTAG,0.207117989867025
ACTGTAT,0.221946552932238
ACTGTCA,0.195057424881091
ACTGTCC,0.229970441762446
ACTGTCG,0.225815709630833
ACTGTCT,0.210861107961258
ACTGTGA,0.196238973502949
ACTGTGC,0.23021076726878
ACTGTGG,0.203854358331618
ACTGTGT,0.2381688802833
ACTGTTA,0.205949233138781
ACTGTTC,0.206441507737252
ACTGTTG,0.216053673973678
ACTGTTT,0.198535885270831
ACTTAAA,0.202743527745723
ACTTAAC,0.202681778740031
ACTTAAG,0.204101042089786
ACTTAAT,0.200332486649483
ACTTACA,0.202990485646156
ACTTACC,0.20871513080819
ACTTACG,0.208469582788309
ACTTACT,0.210922353976834
ACTTAGA,0.208837882211645
ACTTAGC,0.200580040620155
ACTTAGG,0.205148769701957
ACTTAGT,0.206503025026426
ACTTATA,0.215261261235352
ACTTATC,0.207486787325968
ACTTATG,0.215566109679822
ACTTATT,0.205456716086671
ACTTCAA,0.225574325427743
ACTTCAC,0.206995027149725
ACTTCAG,0.205395134395739
ACTTCAT,0.204409311237759
ACTTCCA,0.207486787325968
ACTTCCC,0.218062367693486
ACTTCCG,0.204779108819709
ACTTCCT,0.23828806913591
ACTTCGA,0.205703004934356
ACTTCGC,0.225996709553559
ACTTCGG,0.231831455499525
ACTTCGT,0.226418915346348
ACTTCTA,0.226418915346348
ACTTCTC,0.201074964788413
ACTTCTG,0.193687569564971
ACTTCTT,0.208162562950963
ACTTGAA,0.202743527745723
ACTTGAC,0.213796693685383
ACTTGAG,0.194310463706349
ACTTGAT,0.204347665010085
ACTTGCA,0.223580679392037
ACTTGCC,0.213796693685383
ACTTGCG,0.215748974148838
ACTTGCT,0.203052215593033
ACTTGGA,0.225091382152209
ACTTGGC,0.198659892494297
ACTTGGG,0.225513970271757
ACTTGGT,0.213369123795841
ACTTGTA,0.214895320388593
ACTTGTC,0.206256933160208
ACTTGTG,0.202743527745723
ACTTGTT,0.225634676941205
ACTTTAA,0.201569644127906
ACTTTAC,0.204902344297656
ACTTTAG,0.204717485385149
ACTTTAT,0.206933540120673
ACTTTCA,0.208899252263369
ACTTTCC,0.206195400729801
ACTTTCG,0.214285121236154
ACTTTCT,0.198845874500902
ACTTTGA,0.216480097814095
ACTTTGC,0.24156020796806
ACTTTGG,0.205395134395739
ACTTTGT,0.215261261235352
ACTTTTA,0.201755085809725
ACTTTTC,0.21135097108794
ACTTTTG,0.198597890804788
ACTTTTT,0.190629767165652
AGAAAAA,0.188439883801935
AGAAAAC,0.195990342414039
AGAAAAG,0.191691696958973
AGAAAAT,0.180137475592343
AGAAACA,0.214040937280952
AGAAACC,0.201569644127906
AGAAACG,0.221219416467238
AGAAACT,0.189754389206747
AGAAAGA,0.201322335046615
AGAAAGC,0.197294966522749
AGAAAGG,0.20871513080819
AGAAAGT,0.187186365384729
AGAAATA,0.207855448823486
AGAAATC,0.211962962737006
AGAAATG,0.200394380887666
AGAAATT,0.199837194783344
AGAACAA,0.207363869951431
AGAACAC,0.201074964788413
AGAACAG,0.188940851533111
AGAACAT,0.210861107961258
AGAACCA,0.20020868667924
AGAACCC,0.190942216536617
AGAACCG,0.202681778740031
AGAACCT,0.214895320388593
AGAACGA,0.206995027149725
AGAACGC,0.209574074374538
AGAACGG,0.209328737201858
AGAACGT,0.207978305792999
AGAACTA,0.203854358331618
AGAACTC,0.209083339824078
AGAACTG,0.192814865417152
AGAACTT,0.203175664056206
AGAAGAA,0.203484218557681
AGAAGAC,0.221280031371185
AGAAGAG,0.248839383462494
AGAAGAT,0.22382254525156
AGAAGCA,0.221461854041144
AGAAGCC,0.204963956341979
AGAAGCG,0.221158797888902
AGAAGCT,0.186496259896815
AGAAGGA,0.224547792033528
AGAAGGC,0.188126651477019
AGAAGGG,0.188439883801935
AGAAGGT,0.208776508393406
AGAAGTA,0.209451413311989
AGAAGTC,0.202372976504522
AGAAGTG,0.216784574980998
AGAAGTT,0.211718211019599
AGAATAA,0.203237382573441
AGAATAC,0.212941371012086
AGAATAG,0.209696720393196
AGAATAT,0.221219416467238
AGAATCA,0.202620025921164
AGAATCC,0.205148769701957
AGAATCG,0.223520203785567
AGAATCT,0.218427151632589
AGAATGA,0.198535885270831
AGAATGC,0.201074964788413
AGAATGG,0.204224361152794
AGAATGT,0.22623799183362
AGAATTA,0.211962962737006
AGAATTC,0.217758279395948
AGAATTG,0.206564538531456
AGAATTT,0.20045627129519
AGACAAA,0.217514942162187
AGACAAC,0.209819351371653
AGACAAG,0.210922353976834
AGACAAT,0.201074964788413
AGACACA,0.177417950294473
AGACACC,0.235483368515002
AGACACG,0.20119865756652
AGACACT,0.222733687905997
AGACAGA,0.247305106182562
AGACAGC,0.208960618549041
AGACAGG,0.1861824180784
AGACAGT,0.220673716930721
AGACATA,0.206503025026426
AGACATC,0.203545918034915
AGACATG,0.22575536904231
AGACATT,0.210003269647028
AGACCAA,0.206072324509101
AGACCAC,0.213063604764957
AGACCAG,0.187311787958969
AGACCAT,0.206933540120673
AGACCCA,0.192191038688509
AGACCCC,0.187249078638201
AGACCCG,0.225151762818187
AGACCCT,0.227443530748647
AGACCGA,0.215383211765276
AGACCGC,0.220673716930721
AGACCGG,0.220067034650018
AGACCGT,0.205703004934356
AGACCTA,0.203916034976352
AGACCTC,0.198907860817386
AGACCTG,0.223701619634185
AGACCTT,0.203730993628952
AGACGAA,0.208346786164481
AGACGAC,0.207117989867025
AGACGAG,0.216297367004969
AGACGAT,0.215931805184553
AGACGCA,0.236797186448656
AGACGCC,0.222794211094762
AGACGCG,0.227262792534743
AGACGCT,0.221401250157692
AGACGGA,0.207916879194972
AGACGGC,0.214895320388593
AGACGGG,0.217879925811551
AGACGGT,0.21982425864246
AGACGTA,0.22049175089004
AGACGTC,0.201755085809725
AGACGTG,0.229309248658692
AGACGTT,0.206195400729801
AGACTAA,0.21434615790956
AGACTAC,0.205456716086671
AGACTAG,0.207363869951431
AGACTAT,0.207425330527285
AGACTCA,0.204162703522239
AGACTCC,0.202620025921164
AGACTCG,0.211534607911915
AGACTCT,0.207794014678078
AGACTGA,0.21465128540696
AGACTGC,0.213308027456558
AGACTGG,0.210432280789962
AGACTGT,0.223580679392037
AGACTTA,0.218731036632806
AGACTTC,0.224729021573984
AGACTTG,0.202434744580801
AGACTTT,0.212329978030876
AGAGAAA,0.181147507009107
AGAGAAC,0.192378227572278
AGAGAAG,0.204286014981919
AGAGAAT,0.199279698049581
AGAGACA,0.249664558769214
AGAGACC,0.199527512747182
AGAGACG,0.195803828521268
AGAGACT,0.212635721246653
AGAGAGA,0.171383347877687
AGAGAGC,0.208837882211645
AGAGAGG,0.198411862667667
AGAGAGT,0.204286014981919
AGAGATA,0.231951402055633
AGAGATC,0.206010780717876
AGAGATG,0.17830418937225
AGAGATT,0.21982425864246
AGAGCAA,0.19710869582449
AGAGCAC,0.223762084270749
AGAGCAG,0.188126651477019
AGAGCAT,0.236976209775667
AGAGCCA,0.195990342414039
AGAGCCC,0.215200280392963
AGAGCCG,0.237334160310312
AGAGCCT,0.246950707648012
AGAGCGA,0.18825195618097
AGAGCGC,0.234227657313179
AGAGCGG,0.260796556045755
AGAGCGT,0.222249370480603
AGAGCTA,0.205148769701957
AGAGCTC,0.203916034976352
AGAGCTG,0.211840594366228
AGAGCTT,0.209758037762219
AGAGGAA,0.190379737360121
AGAGGAC,0.22569502481258
AGAGGAG,0.269151651067436
AGAGGAT,0.192253438876477
AGAGGCA,0.232011369938927
AGAGGCC,0.216419191254372
AGAGGCG,0.209758037762219
AGAGGCT,0.237214857701374
AGAGGGA,0.231291517884516
AGAGGGC,0.244347940217362
AGAGGGG,0.243518364260139
AGAGGGT,0.245117645018954
AGAGGTA,0.226117357970732
AGAGGTC,0.198287824680989
AGAGGTG,0.261087836405612
AGAGGTT,0.203237382573441
AGAGTAA,0.204779108819709
AGAGTAC,0.212391134152802
AGAGTAG,0.20045627129519
AGAGTAT,0.206933540120673
AGAGTCA,0.202867014319465
AGAGTCC,0.196363265869714
AGAGTCG,0.206072324509101
AGAGTCT,0.196984496080206
AGAGTGA,0.210003269647028
AGAGTGC,0.237691982762218
AGAGTGG,0.237811228465862
AGAGTGT,0.234287488853581
AGAGTTA,0.208101147670531
AGAGTTC,0.212696858673938
AGAGTTG,0.229369375191064
AGAGTTT,0.200827533323025
AGATAAA,0.210309724957214
AGATAAC,0.215809921541617
AGATAAG,0.203977707817312
AGATAAT,0.218548716714431
AGATACA,0.207916879194972
AGATACC,0.204039376854967
AGATACG,0.209512745723981
AGATACT,0.209696720393196
AGATAGA,0.228767947121364
AGATAGC,0.210371004751079
AGATAGG,0.204101042089786
AGATAGT,0.212329978030876
AGATATA,0.206379986663468
AGATATC,0.209206046040452
AGATATG,0.212941371012086
AGATATT,0.213491305277259
AGATCAA,0.213796693685383
AGATCAC,0.200580040620155
AGATCAG,0.204840728457056
AGATCAT,0.221764818378178
AGATCCA,0.209451413311989
AGATCCC,0.228828106208153
AGATCCG,0.231951402055633
AGATCCT,0.212635721246653
AGATCGA,0.209144694814367
AGATCGC,0.212024141307596
AGATCGG,0.222128254464851
AGATCGT,0.204902344297656
AGATCTA,0.207117989867025
AGATCTC,0.209880661221958
AGATCTG,0.201507822591264
AGATCTT,0.209083339824078
AGATGAA,0.207732576758284
AGATGAC,0.20822397445979
AGATGAG,0.188189305791653
AGATGAT,0.197915618381695
AGATGCA,0.208469582788309
AGATGCC,0.209512745723981
AGATGCG,0.20020868667924
AGATGCT,0.204532592293506
AGATGGA,0.211473399384123
AGATGGC,0.213308027456558
AGATGGG,0.207855448823486
AGATGGT,0.221643643657629
AGATGTA,0.200332486649483
AGATGTC,0.205087169043662
AGATGTG,0.198225799917639
AGATGTT,0.212146487221469
AGATTAA,0.203854358331618
AGATTAC,0.207056510398354
AGATTAG,0.213246927384285
AGATTAT,0.206749056346336
AGATTCA,0.211228527801234
AGATTCC,0.212452286534885
AGATTCG,0.209206046040452
AGATTCT,0.210493553074322
AGATTGA,0.221704232853318
AGATTGC,0.2403715777469
AGATTGG,0.216419191254372
AGATTGT,0.226298303308304
AGATTTA,0.215383211765276
AGATTTC,0.203977707817312
AGATTTG,0.216845459291198
AGATTTT,0.19710869582449
AGCAAAA,0.202372976504522
AGCAAAC,0.214590267355249
AGCAAAG,0.19511964646768
AGCAAAT,0.196238973502949
AGCAACA,0.201260498218582
AGCAACC,0.201074964788413
AGCAACG,0.209390077138102
AGCAACT,0.203854358331618
AGCAAGA,0.181084409924358
AGCAAGC,0.20822397445979
AGCAAGG,0.236439043617882
AGCAAGT,0.198039702541821
AGCAATA,0.227021757424064
AGCAATC,0.202867014319465
AGCAATG,0.199093796716349
AGCAATT,0.208101147670531
AGCACAA,0.203360808181561
AGCACAC,0.217819104453481
AGCACAG,0.203916034976352
AGCACAT,0.201940493109302
AGCACCA,0.226840942956632
AGCACCC,0.222491558513721
AGCACCG,0.215322238359306
AGCACCT,0.208899252263369
AGCACGA,0.203607613705558
AGCACGC,0.208285382197475
AGCACGG,0.195866003684209
AGCACGT,0.216845459291198
AGCACTA,0.221158797888902
AGCACTC,0.202867014319465
AGCACTG,0.200146780946232
AGCACTT,0.197419127715062
AGCAGAA,0.192003814758501
AGCAGAC,0.233928445902185
AGCAGAG,0.223701619634185
AGCAGAT,0.194248191749181
AGCAGCA,0.180200632452299
AGCAGCC,0.201074964788413
AGCAGCG,0.198287824680989
AGCAGCT,0.182975592772583
AGCAGGA,0.238824243243433
AGCAGGC,0.199589456827127
AGCAGGG,0.225332882944252
AGCAGGT,0.213918822940034
AGCAGTA,0.205456716086671
AGCAGTC,0.200889396929202
AGCAGTG,0.20045627129519
AGCAGTT,0.212696858673938
AGCATAA,0.204655858152907
AGCATAC,0.209083339824078
AGCATAG,0.218609493714026
AGCATAT,0.206195400729801
AGCATCA,0.199093796716349
AGCATCC,0.220249077984011
AGCATCG,0.210493553074322
AGCATCT,0.210125863041116
AGCATGA,0.213369123795841
AGCATGC,0.210861107961258
AGCATGG,0.230571147269816
AGCATGT,0.241975894986261
AGCATTA,0.211595812693453
AGCATTC,0.204594227122515
AGCATTG,0.206687554190946
AGCATTT,0.199031821924633
AGCCAAA,0.20249650884202
AGCCAAC,0.198039702541821
AGCCAAG,0.202311204612713
AGCCAAT,0.199961040749968
AGCCACA,0.179189643725726
AGCCACC,0.165952924291981
AGCCACG,0.226660095789415
AGCCACT,0.202372976504522
AGCCAGA,0.204101042089786
AGCCAGC,0.244347940217362
AGCCAGG,0.242153993682457
AGCCAGT,0.196798167536034
AGCCATA,0.204840728457056
AGCCATC,0.195430696340978
AGCCATG,0.236021048136437
AGCCATT,0.211044834755913
AGCCCAA,0.200518157872528
AGCCCAC,0.239419655274807
AGCCCAG,0.198349845597505
AGCCCAT,0.227684464230826
AGCCCCA,0.175452764222496
AGCCCCC,0.231411529217882
AGCCCCG,0.233030274129072
AGCCCCT,0.229790159722498
AGCCCGA,0.220309751731692
AGCCCGC,0.276462890672304
AGCCCGG,0.24547269366857
AGCCCGT,0.209941967313597
AGCCCTA,0.20280527293871
AGCCCTC,0.209206046040452
AGCCCTG,0.231951402055633
AGCCCTT,0.220673716930721
AGCCGAA,0.236976209775667
AGCCGAC,0.204101042089786
AGCCGAG,0.235602877861705
AGCCGAT,0.215200280392963
AGCCGCA,0.231711494554515
AGCCGCC,0.242153993682457
AGCCGCG,0.265910737334019
AGCCGCT,0.226599806131679
AGCCGGA,0.243044011686727
AGCCGGC,0.239776732400465
AGCCGGG,0.250135781979374
AGCCGGT,0.218062367693486
AGCCGTA,0.213918822940034
AGCCGTC,0.202620025921164
AGCCGTG,0.235363844884108
AGCCGTT,0.214224080837045
AGCCTAA,0.206872049310735
AGCCTAC,0.201260498218582
AGCCTAG,0.211106069520334
AGCCTAT,0.226720381812526
AGCCTCA,0.213796693685383
AGCCTCC,0.220613065262824
AGCCTCG,0.249605640251895
AGCCTCT,0.209696720393196
AGCCTGA,0.230991426524074
AGCCTGC,0.22043108818426
AGCCTGG,0.187499892329968
AGCCTGT,0.264286333117367
AGCCTTA,0.228828106208153
AGCCTTC,0.205641438408907
AGCCTTG,0.174373439659107
AGCCTTT,0.203607613705558
AGCGAAA,0.224849823023445
AGCGAAC,0.206810554719444
AGCGAAG,0.210432280789962
AGCGAAT,0.215748974148838
AGCGACA,0.237334160310312
AGCGACC,0.221643643657629
AGCGACG,0.219459984082481
AGCGACT,0.221401250157692
AGCGAGA,0.213979881974482
AGCGAGC,0.207732576758284
AGCGAGG,0.207179465556204
AGCGAGT,0.214712299735696
AGCGATA,0.210432280789962
AGCGATC,0.234227657313179
AGCGATG,0.204101042089786
AGCGATT,0.220006346173548
AGCGCAA,0.207117989867025
AGCGCAC,0.22382254525156
AGCGCAG,0.239479176984235
AGCGCAT,0.231711494554515
AGCGCCA,0.205826126615109
AGCGCCC,0.203730993628952
AGCGCCG,0.240252636981524
AGCGCCT,0.281897191488806
AGCGCGA,0.211412187109617
AGCGCGC,0.234706209431604
AGCGCGG,0.268284578579045
AGCGCGT,0.225634676941205
AGCGCTA,0.210677347404864
AGCGCTC,0.203977707817312
AGCGCTG,0.236976209775667
AGCGCTT,0.225030997840187
AGCGGAA,0.222794211094762
AGCGGAC,0.208960618549041
AGCGGAG,0.24618241301281
AGCGGAT,0.211962962737006
AGCGGCA,0.219945654013763
AGCGGCC,0.245117645018954
AGCGGCG,0.239657720858469
AGCGGCT,0.247423211122168
AGCGGGA,0.274223388615342
AGCGGGC,0.281212380842904
AGCGGGG,0.293636949803316
AGCGGGT,0.266895696922228
AGCGGTA,0.208899252263369
AGCGGTC,0.216967216792028
AGCGGTG,0.246714372162228
AGCGGTT,0.206256933160208
AGCGTAA,0.209819351371653
AGCGTAC,0.206318461804609
AGCGTAG,0.214773310341911
AGCGTAT,0.207794014678078
AGCGTCA,0.220613065262824
AGCGTCC,0.232670779418524
AGCGTCG,0.240728315185144
AGCGTCT,0.237393806277789
AGCGTGA,0.230090611735156
AGCGTGC,0.231411529217882
AGCGTGG,0.238347658235394
AGCGTGT,0.251724522943375
AGCGTTA,0.216662795238773
AGCGTTC,0.205456716086671
AGCGTTG,0.227624236302151
AGCGTTT,0.215627068218393
AGCTAAA,0.212941371012086
AGCTAAC,0.209144694814367
AGCTAAG,0.198287824680989
AGCTAAT,0.204717485385149
AGCTACA,0.212635721246653
AGCTACC,0.214773310341911
AGCTACG,0.209083339824078
AGCTACT,0.191254568313466
AGCTAGA,0.210187154102692
AGCTAGC,0.204717485385149
AGCTAGG,0.221583050790667
AGCTAGT,0.205210366565845
AGCTATA,0.20871513080819
AGCTATC,0.221764818378178
AGCTATG,0.203916034976352
AGCTATT,0.204101042089786
AGCTCAA,0.202620025921164
AGCTCAC,0.194808499812253
AGCTCAG,0.227443530748647
AGCTCAT,0.201755085809725
AGCTCCA,0.204779108819709
AGCTCCC,0.234048141210093
AGCTCCG,0.230270839622018
AGCTCCT,0.251430502022874
AGCTCGA,0.208530975446057
AGCTCGC,0.206933540120673
AGCTCGG,0.264634641938489
AGCTCGT,0.208469582788309
AGCTCTA,0.216053673973678
AGCTCTC,0.203237382573441
AGCTCTG,0.226298303308304
AGCTCTT,0.217149825251119
AGCTGAA,0.202681778740031
AGCTGAC,0.206933540120673
AGCTGAG,0.182975592772583
AGCTGAT,0.23159151921715
AGCTGCA,0.213185823578564
AGCTGCC,0.225513970271757
AGCTGCG,0.275027889599836
AGCTGCT,0.23207133422629
AGCTGGA,0.205764567669601
AGCTGGC,0.211534607911915
AGCTGGG,0.217575782022072
AGCTGGT,0.19847387589195
AGCTGTA,0.198349845597505
AGCTGTC,0.222067690955622
AGCTGTG,0.226840942956632
AGCTGTT,0.228467097388709
AGCTTAA,0.211473399384123
AGCTTAC,0.212880248532285
AGCTTAG,0.209144694814367
AGCTTAT,0.202187649380616
AGCTTCA,0.210248441407905
AGCTTCC,0.200641919538544
AGCTTCG,0.22049175089004
AGCTTCT,0.216053673973678
AGCTTGA,0.218123174258205
AGCTTGC,0.20020868667924
AGCTTGG,0.206379986663468
AGCTTGT,0.209635399264123
AGCTTTA,0.199589456827127
AGCTTTC,0.216053673973678
AGCTTTG,0.213857760177153
AGCTTTT,0.195555089204785
AGGAAAA,0.179505687512358
AGGAAAC,0.193687569564971
AGGAAAG,0.207732576758284
AGGAAAT,0.18937899251965
AGGAACA,0.224306101544039
AGGAACC,0.194808499812253
AGGAACG,0.207609689593682
AGGAACT,0.189942034717516
AGGAAGA,0.206810554719444
AGGAAGC,0.190692264850302
AGGAAGG,0.177861168010821
AGGAAGT,0.229309248658692
AGGAATA,0.207179465556204
AGGAATC,0.201322335046615
AGGAATG,0.203916034976352
AGGAATT,0.209267393502795
AGGACAA,0.211289751318632
AGGACAC,0.201136813089954
AGGACAG,0.202187649380616
AGGACAT,0.216845459291198
AGGACCA,0.224910218276245
AGGACCC,0.228467097388709
AGGACCG,0.252547321913087
AGGACCT,0.194434995988502
AGGACGA,0.245236008575994
AGGACGC,0.189566708478532
AGGACGG,0.223762084270749
AGGACGT,0.218852564780701
AGGACTA,0.205333548912269
AGGACTC,0.208899252263369
AGGACTG,0.210677347404864
AGGACTT,0.202681778740031
AGGAGAA,0.206318461804609
AGGAGAC,0.264228269850448
AGGAGAG,0.233449521349418
AGGAGAT,0.208530975446057
AGGAGCA,0.227744688532316
AGGAGCC,0.2388838004023
AGGAGCG,0.231651508685093
AGGAGCT,0.227624236302151
AGGAGGA,0.277036315013436
AGGAGGC,0.283265407487479
AGGAGGG,0.297519773951797
AGGAGGT,0.201878694495571
AGGAGTA,0.213430216402589
AGGAGTC,0.205826126615109
AGGAGTG,0.223036267225907
AGGAGTT,0.199217734778348
AGGATAA,0.204902344297656
AGGATAC,0.204039376854967
AGGATAG,0.205887681771347
AGGATAT,0.201445997232483
AGGATCA,0.199961040749968
AGGATCC,0.209328737201858
AGGATCG,0.223883002577063
AGGATCT,0.202928751888456
AGGATGA,0.184108588104145
AGGATGC,0.225151762818187
AGGATGG,0.205579868092788
AGGATGT,0.213796693685383
AGGATTA,0.205703004934356
AGGATTC,0.221098175635731
AGGATTG,0.215322238359306
AGGATTT,0.210187154102692
AGGCAAA,0.224003906263909
AGGCAAC,0.20255826928865
AGGCAAG,0.208899252263369
AGGCAAT,0.209144694814367
AGGCACA,0.20045627129519
AGGCACC,0.192752500253565
AGGCACG,0.220916286822753
AGGCACT,0.189629272635136
AGGCAGA,0.21830557177088
AGGCAGC,0.210677347404864
AGGCAGG,0.275372477705539
AGGCAGT,0.215078307551061
AGGCATA,0.213246927384285
AGGCATC,0.209267393502795
AGGCATG,0.197046597880545
AGGCATT,0.226539512838882
AGGCCAA,0.195679466596933
AGGCCAC,0.212696858673938
AGGCCAG,0.220067034650018
AGGCCAT,0.226298303308304
AGGCCCA,0.185805677834412
AGGCCCC,0.193687569564971
AGGCCCG,0.258346445571697
AGGCCCT,0.208899252263369
AGGCCGA,0.206933540120673
AGGCCGC,0.298193511415173
AGGCCGG,0.309467152096106
AGGCCGT,0.211167300535288
AGGCCTA,0.195492894707079
AGGCCTC,0.225453611472807
AGGCCTG,0.217210687328045
AGGCCTT,0.228527274576521
AGGCGAA,0.212819122316297
AGGCGAC,0.207609689593682
AGGCGAG,0.220613065262824
AGGCGAT,0.229369375191064
AGGCGCA,0.227925339678044
AGGCGCC,0.233868592875189
AGGCGCG,0.289738990545409
AGGCGCT,0.221885978417194
AGGCGGA,0.219338529735196
AGGCGGC,0.26242663434809
AGGCGGG,0.38871084612984
AGGCGGT,0.232431044460051
AGGCGTA,0.210922353976834
AGGCGTC,0.257762200065053
AGGCGTG,0.221158797888902
AGGCGTT,0.22043108818426
AGGCTAA,0.215992741435616
AGGCTAC,0.209021981069124
AGGCTAG,0.222309922988015
AGGCTAT,0.207117989867025
AGGCTCA,0.202125866039385
AGGCTCC,0.252194776677693
AGGCTCG,0.233509399463618
AGGCTCT,0.210922353976834
AGGCTGA,0.185240301209904
AGGCTGC,0.275487314025609
AGGCTGG,0.241084925407169
AGGCTGT,0.209941967313597
AGGCTTA,0.204101042089786
AGGCTTC,0.202620025921164
AGGCTTG,0.214773310341911
AGGCTTT,0.207117989867025
AGGGAAA,0.221885978417194
AGGGAAC,0.206503025026426
AGGGAAG,0.220734364920217
AGGGAAT,0.224970609881679
AGGGACA,0.230691245081773
AGGGACC,0.210371004751079
AGGGACG,0.232191252014946
AGGGACT,0.245176828548715
AGGGAGA,0.222915246484231
AGGGAGC,0.233808736265595
AGGGAGG,0.344851044477471
AGGGAGT,0.229369375191064
AGGGATA,0.207117989867025
AGGGATC,0.217819104453481
AGGGATG,0.259397228069597
AGGGATT,0.235304077711022
AGGGCAA,0.208101147670531
AGGGCAC,0.21465128540696
AGGGCAG,0.251606924948768
AGGGCAT,0.204162703522239
AGGGCCA,0.218123174258205
AGGGCCC,0.266316426427624
AGGGCCG,0.267416753623464
AGGGCCT,0.272266901714195
AGGGCGA,0.267879687319583
AGGGCGC,0.2388838004023
AGGGCGG,0.32094434785058
AGGGCGT,0.20020868667924
AGGGCTA,0.228105958194831
AGGGCTC,0.280984006373358
AGGGCTG,0.280812691288031
AGGGCTT,0.229790159722498
AGGGGAA,0.226780664201453
AGGGGAC,0.255363218341787
AGGGGAG,0.291153050501975
AGGGGAT,0.252958467662819
AGGGGCA,0.245709322754568
AGGGGCC,0.27468318271224
AGGGGCG,0.347899730668068
AGGGGCT,0.270883543854287
AGGGGGA,0.209144694814367
AGGGGGC,0.333158844386324
AGGGGGG,0.248367548818876
AGGGGGT,0.283322375882162
AGGGGTA,0.227383288306862
AGGGGTC,0.243755456194633
AGGGGTG,0.336783488663624
AGGGGTT,0.255948866714435
AGGGTAA,0.207056510398354
AGGGTAC,0.222794211094762
AGGGTAG,0.208592364334978
AGGGTAT,0.234945399638658
AGGGTCA,0.244051742085662
AGGGTCC,0.265852768311483
AGGGTCG,0.252018457440985
AGGGTCT,0.256241562331949
AGGGTGA,0.257937509560833
AGGGTGC,0.236677819756307
AGGGTGG,0.375499177749187
AGGGTGT,0.339102850250496
AGGGTTA,0.244525616993528
AGGGTTC,0.220795009231756
AGGGTTG,0.326470253715327
AGGGTTT,0.201878694495571
AGGTAAA,0.222067690955622
AGGTAAC,0.206626048252807
AGGTAAG,0.22243101700413
AGGTAAT,0.207240937466355
AGGTACA,0.201013112661423
AGGTACC,0.215870865220038
AGGTACG,0.229309248658692
AGGTACT,0.215566109679822
AGGTAGA,0.217028089983561
AGGTAGC,0.242391409280563
AGGTAGG,0.248544512900469
AGGTAGT,0.21312471603894
AGGTATA,0.207117989867025
AGGTATC,0.205025564590492
AGGTATG,0.213308027456558
AGGTATT,0.216662795238773
AGGTCAA,0.217819104453481
AGGTCAC,0.209021981069124
AGGTCAG,0.195555089204785
AGGTCAT,0.20070379462817
AGGTCCA,0.218852564780701
AGGTCCC,0.249369931462565
AGGTCCG,0.22587604657859
AGGTCCT,0.193438303228611
AGGTCGA,0.208408186361271
AGGTCGC,0.212146487221469
AGGTCGG,0.221643643657629
AGGTCGT,0.224547792033528
AGGTCTA,0.203175664056206
AGGTCTC,0.203792677882641
AGGTCTG,0.226418915346348
AGGTCTT,0.225151762818187
AGGTGAA,0.207117989867025
AGGTGAC,0.221401250157692
AGGTGAG,0.251959677452856
AGGTGAT,0.232730704179085
AGGTGCA,0.232490983587964
AGGTGCC,0.195866003684209
AGGTGCG,0.260446907582534
AGGTGCT,0.208776508393406
AGGTGGA,0.201569644127906
AGGTGGC,0.255597518850534
AGGTGGG,0.380215533768245
AGGTGGT,0.218062367693486
AGGTGTA,0.234885607450302
AGGTGTC,0.235244306965607
AGGTGTG,0.257995939230443
AGGTGTT,0.195679466596933
AGGTTAA,0.208592364334978
AGGTTAC,0.216480097814095
AGGTTAG,0.203669305570081
AGGTTAT,0.202311204612713
AGGTTCA,0.208837882211645
AGGTTCC,0.217940743470609
AGGTTCG,0.261670142716082
AGGTTCT,0.200394380887666
AGGTTGA,0.198597890804788
AGGTTGC,0.214956319829969
AGGTTGG,0.23326986549148
AGGTTGT,0.270998896795945
AGGTTTA,0.206133864512921
AGGTTTC,0.206872049310735
AGGTTTG,0.236737504883532
AGGTTTT,0.213552390420306
AGTAAAA,0.198287824680989
AGTAAAC,0.203916034976352
AGTAAAG,0.211412187109617
AGTAAAT,0.213430216402589
AGTAACA,0.215261261235352
AGTAACC,0.207794014678078
AGTAACG,0.210432280789962
AGTAACT,0.201631461842882
AGTAAGA,0.205148769701957
AGTAAGC,0.20311394172956
AGTAAGG,0.207978305792999
AGTAAGT,0.202743527745723
AGTAATA,0.213369123795841
AGTAATC,0.208899252263369
AGTAATG,0.215200280392963
AGTAATT,0.210309724957214
AGTACAA,0.208101147670531
AGTACAC,0.209144694814367
AGTACAG,0.206195400729801
AGTACAT,0.212085316135598
AGTACCA,0.212085316135598
AGTACCC,0.207916879194972
AGTACCG,0.221219416467238
AGTACCT,0.215139295831684
AGTACGA,0.210187154102692
AGTACGC,0.210064568222715
AGTACGG,0.208039728618031
AGTACGT,0.209880661221958
AGTACTA,0.216967216792028
AGTACTC,0.205949233138781
AGTACTG,0.204717485385149
AGTACTT,0.202434744580801
AGTAGAA,0.208346786164481
AGTAGAC,0.21434615790956
AGTAGAG,0.231771476825849
AGTAGAT,0.201878694495571
AGTAGCA,0.207794014678078
AGTAGCC,0.208530975446057
AGTAGCG,0.222128254464851
AGTAGCT,0.204532592293506
AGTAGGA,0.207609689593682
AGTAGGC,0.219034829314984
AGTAGGG,0.217332400370448
AGTAGGT,0.215078307551061
AGTAGTA,0.208039728618031
AGTAGTC,0.217088959469774
AGTAGTG,0.206318461804609
AGTAGTT,0.2020022879042
AGTATAA,0.212574580081353
AGTATAC,0.209021981069124
AGTATAG,0.203175664056206
AGTATAT,0.206687554190946
AGTATCA,0.212880248532285
AGTATCC,0.206995027149725
AGTATCG,0.209880661221958
AGTATCT,0.20070379462817
AGTATGA,0.21465128540696
AGTATGC,0.21465128540696
AGTATGG,0.208469582788309
AGTATGT,0.218548716714431
AGTATTA,0.212268818168651
AGTATTC,0.209328737201858
AGTATTG,0.205456716086671
AGTATTT,0.209941967313597
AGTCAAA,0.200518157872528
AGTCAAC,0.208653749455535
AGTCAAG,0.20280527293871
AGTCAAT,0.21617552791261
AGTCACA,0.194497256314452
AGTCACC,0.200022957982071
AGTCACG,0.210248441407905
AGTCACT,0.209696720393196
AGTCAGA,0.217028089983561
AGTCAGC,0.216419191254372
AGTCAGG,0.200518157872528
AGTCAGT,0.23326986549148
AGTCATA,0.202125866039385
AGTCATC,0.215261261235352
AGTCATG,0.220127719443621
AGTCATT,0.211840594366228
AGTCCAA,0.204655858152907
AGTCCAC,0.204162703522239
AGTCCAG,0.194932970092133
AGTCCAT,0.215688023041247
AGTCCCA,0.214895320388593
AGTCCCC,0.242628768525881
AGTCCCG,0.214407190857718
AGTCCCT,0.213857760177153
AGTCCGA,0.217088959469774
AGTCCGC,0.212452286534885
AGTCCGG,0.218427151632589
AGTCCGT,0.224910218276245
AGTCCTA,0.210554821604619
AGTCCTC,0.227082021648633
AGTCCTG,0.213369123795841
AGTCCTT,0.225030997840187
AGTCGAA,0.215627068218393
AGTCGAC,0.210248441407905
AGTCGAG,0.211228527801234
AGTCGAT,0.209696720393196
AGTCGCA,0.21434615790956
AGTCGCC,0.230931397443893
AGTCGCG,0.220067034650018
AGTCGCT,0.221158797888902
AGTCGGA,0.207916879194972
AGTCGGC,0.221219416467238
AGTCGGG,0.223217770881565
AGTCGGT,0.230150691306637
AGTCGTA,0.216297367004969
AGTCGTC,0.226599806131679
AGTCGTG,0.224729021573984
AGTCGTT,0.212574580081353
AGTCTAA,0.207363869951431
AGTCTAC,0.209083339824078
AGTCTAG,0.202990485646156
AGTCTAT,0.214040937280952
AGTCTCA,0.208592364334978
AGTCTCC,0.1861824180784
AGTCTCG,0.227865126255488
AGTCTCT,0.217879925811551
AGTCTGA,0.208162562950963
AGTCTGC,0.241144348082299
AGTCTGG,0.194434995988502
AGTCTGT,0.207486787325968
AGTCTTA,0.208469582788309
AGTCTTC,0.195990342414039
AGTCTTG,0.205025564590492
AGTCTTT,0.22521213983856
AGTGAAA,0.201693275736664
AGTGAAC,0.204717485385149
AGTGAAG,0.206626048252807
AGTGAAT,0.210677347404864
AGTGACA,0.204532592293506
AGTGACC,0.194434995988502
AGTGACG,0.253662895907945
AGTGACT,0.195928174981639
AGTGAGA,0.204162703522239
AGTGAGC,0.222673161053954
AGTGAGG,0.222067690955622
AGTGAGT,0.222249370480603
AGTGATA,0.203607613705558
AGTGATC,0.209267393502795
AGTGATG,0.226418915346348
AGTGATT,0.195679466596933
AGTGCAA,0.214407190857718
AGTGCAC,0.203484218557681
AGTGCAG,0.190129645024052
AGTGCAT,0.222067690955622
AGTGCCA,0.223762084270749
AGTGCCC,0.211779404565124
AGTGCCG,0.2432219202712
AGTGCCT,0.228406916579386
AGTGCGA,0.204779108819709
AGTGCGC,0.233868592875189
AGTGCGG,0.237811228465862
AGTGCGT,0.217028089983561
AGTGCTA,0.209941967313597
AGTGCTC,0.223157273323336
AGTGCTG,0.178999969498468
AGTGCTT,0.223217770881565
AGTGGAA,0.214895320388593
AGTGGAC,0.237691982762218
AGTGGAG,0.250135781979374
AGTGGAT,0.216297367004969
AGTGGCA,0.206072324509101
AGTGGCC,0.230390973503516
AGTGGCG,0.249900198130708
AGTGGCT,0.220188400554803
AGTGGGA,0.226840942956632
AGTGGGC,0.264866780438028
AGTGGGG,0.221583050790667
AGTGGGT,0.217575782022072
AGTGGTA,0.221583050790667
AGTGGTC,0.223459724521577
AGTGGTG,0.26955602775134
AGTGGTT,0.237453448687836
AGTGTAA,0.200270588580165
AGTGTAC,0.202064078880736
AGTGTAG,0.194559512764296
AGTGTAT,0.208653749455535
AGTGTCA,0.198845874500902
AGTGTCC,0.205764567669601
AGTGTCG,0.222249370480603
AGTGTCT,0.21135097108794
AGTGTGA,0.26329879878404
AGTGTGC,0.224185234390405
AGTGTGG,0.245117645018954
AGTGTGT,0.275027889599836
AGTGTTA,0.207732576758284
AGTGTTC,0.205148769701957
AGTGTTG,0.24618241301281
AGTGTTT,0.199465564829931
AGTTAAA,0.209512745723981
AGTTAAC,0.211779404565124
AGTTAAG,0.209144694814367
AGTTAAT,0.211412187109617
AGTTACA,0.213491305277259
AGTTACC,0.210003269647028
AGTTACG,0.207916879194972
AGTTACT,0.208039728618031
AGTTAGA,0.20767113506364
AGTTAGC,0.207978305792999
AGTTAGG,0.212513435177583
AGTTAGT,0.213857760177153
AGTTATA,0.207916879194972
AGTTATC,0.209512745723981
AGTTATG,0.211289751318632
AGTTATT,0.20311394172956
AGTTCAA,0.199279698049581
AGTTCAC,0.20871513080819
AGTTCAG,0.213979881974482
AGTTCAT,0.202928751888456
AGTTCCA,0.198349845597505
AGTTCCC,0.200518157872528
AGTTCCG,0.234287488853581
AGTTCCT,0.213430216402589
AGTTCGA,0.205518293985532
AGTTCGC,0.221158797888902
AGTTCGG,0.225091382152209
AGTTCGT,0.209512745723981
AGTTCTA,0.215688023041247
AGTTCTC,0.217879925811551
AGTTCTG,0.214712299735696
AGTTCTT,0.200765665889505
AGTTGAA,0.225574325427743
AGTTGAC,0.207486787325968
AGTTGAG,0.221764818378178
AGTTGAT,0.239419655274807
AGTTGCA,0.225453611472807
AGTTGCC,0.198225799917639
AGTTGCG,0.220976920103102
AGTTGCT,0.203299097281736
AGTTGGA,0.198349845597505
AGTTGGC,0.210493553074322
AGTTGGG,0.213552390420306
AGTTGGT,0.211718211019599
AGTTGTA,0.215261261235352
AGTTGTC,0.221764818378178
AGTTGTG,0.218244776296453
AGTTGTT,0.20871513080819
AGTTTAA,0.210677347404864
AGTTTAC,0.202372976504522
AGTTTAG,0.207855448823486
AGTTTAT,0.223459724521577
AGTTTCA,0.217028089983561
AGTTTCC,0.191004694697565
AGTTTCG,0.206195400729801
AGTTTCT,0.210861107961258
AGTTTGA,0.232730704179085
AGTTTGC,0.191192105762699
AGTTTGG,0.196363265869714
AGTTTGT,0.21135097108794
AGTTTTA,0.206503025026426
AGTTTTC,0.197232880145113
AGTTTTG,0.206441507737252
AGTTTTT,0.196611804267065
ATAAAAA,0.202187649380616
ATAAAAC,0.197232880145113
ATAAAAG,0.211840594366228
ATAAAAT,0.193874478550464
ATAAACA,0.214285121236154
ATAAACC,0.208899252263369
ATAAACG,0.207855448823486
ATAAACT,0.201074964788413
ATAAAGA,0.204717485385149
ATAAAGC,0.213491305277259
ATAAAGG,0.213918822940034
ATAAAGT,0.199775266047874
ATAAATA,0.210922353976834
ATAAATC,0.206810554719444
ATAAATG,0.207732576758284
ATAAATT,0.197357049045906
ATAACAA,0.204779108819709
ATAACAC,0.204347665010085
ATAACAG,0.211840594366228
ATAACAT,0.21434615790956
ATAACCA,0.206503025026426
ATAACCC,0.206256933160208
ATAACCG,0.210983596241566
ATAACCT,0.207609689593682
ATAACGA,0.209390077138102
ATAACGC,0.22912884736733
ATAACGG,0.21135097108794
ATAACGT,0.216541000664435
ATAACTA,0.210248441407905
ATAACTC,0.208776508393406
ATAACTG,0.201816892062537
ATAACTT,0.220613065262824
ATAAGAA,0.2020022879042
ATAAGAC,0.208592364334978
ATAAGAG,0.209941967313597
ATAAGAT,0.208530975446057
ATAAGCA,0.206318461804609
ATAAGCC,0.211901780423369
ATAAGCG,0.210799858194377
ATAAGCT,0.209144694814367
ATAAGGA,0.203545918034915
ATAAGGC,0.244110988731084
ATAAGGG,0.212452286534885
ATAAGGT,0.225332882944252
ATAAGTA,0.206503025026426
ATAAGTC,0.210371004751079
ATAAGTG,0.2020022879042
ATAAGTT,0.207240937466355
ATAATAA,0.216784574980998
ATAATAC,0.20871513080819
ATAATAG,0.213491305277259
ATAATAT,0.205087169043662
ATAATCA,0.211901780423369
ATAATCC,0.20871513080819
ATAATCG,0.217879925811551
ATAATCT,0.206810554719444
ATAATGA,0.214285121236154
ATAATGC,0.206810554719444
ATAATGG,0.205456716086671
ATAATGT,0.220613065262824
ATAATTA,0.202064078880736
ATAATTC,0.211473399384123
ATAATTG,0.214101988859899
ATAATTT,0.195928174981639
ATACAAA,0.183668131331591
ATACAAC,0.207056510398354
ATACAAG,0.207363869951431
ATACAAT,0.207363869951431
ATACACA,0.19717078991252
ATACACC,0.205703004934356
ATACACG,0.207117989867025
ATACACT,0.22442695409057
ATACAGA,0.201013112661423
ATACAGC,0.209328737201858
ATACAGG,0.206133864512921
ATACAGT,0.194684014037593
ATACATA,0.206010780717876
ATACATC,0.207732576758284
ATACATG,0.203669305570081
ATACATT,0.201322335046615
ATACCAA,0.206995027149725
ATACCAC,0.213308027456558
ATACCAG,0.207425330527285
ATACCAT,0.208285382197475
ATACCCA,0.203977707817312
ATACCCC,0.212391134152802
ATACCCG,0.208162562950963
ATACCCT,0.207240937466355
ATACCGA,0.216297367004969
ATACCGC,0.216845459291198
ATACCGG,0.216601899805843
ATACCGT,0.210616086381313
ATACCTA,0.207855448823486
ATACCTC,0.214468220081082
ATACCTG,0.209083339824078
ATACCTT,0.206503025026426
ATACGAA,0.209574074374538
ATACGAC,0.212085316135598
ATACGAG,0.23625992409115
ATACGAT,0.211167300535288
ATACGCA,0.222612630538189
ATACGCC,0.213491305277259
ATACGCG,0.209574074374538
ATACGCT,0.210677347404864
ATACGGA,0.209941967313597
ATACGGC,0.210309724957214
ATACGGG,0.213796693685383
ATACGGT,0.209819351371653
ATACGTA,0.210983596241566
ATACGTC,0.211595812693453
ATACGTG,0.222128254464851
ATACGTT,0.209451413311989
ATACTAA,0.208346786164481
ATACTAC,0.208960618549041
ATACTAG,0.215566109679822
ATACTAT,0.205148769701957
ATACTCA,0.208837882211645
ATACTCC,0.208899252263369
ATACTCG,0.208039728618031
ATACTCT,0.207609689593682
ATACTGA,0.205210366565845
ATACTGC,0.206749056346336
ATACTGG,0.21465128540696
ATACTGT,0.224608205529769
ATACTTA,0.207548240347946
ATACTTC,0.207794014678078
ATACTTG,0.213308027456558
ATACTTT,0.202990485646156
ATAGAAA,0.222370471829042
ATAGAAC,0.208285382197475
ATAGAAG,0.217088959469774
ATAGAAT,0.219156320551366
ATAGACA,0.21909557677819
ATAGACC,0.209819351371653
ATAGACG,0.214407190857718
ATAGACT,0.213491305277259
ATAGAGA,0.22243101700413
ATAGAGC,0.209696720393196
ATAGAGG,0.236976209775667
ATAGAGT,0.223399241599624
ATAGATA,0.206195400729801
ATAGATC,0.215627068218393
ATAGATG,0.232431044460051
ATAGATT,0.206441507737252
ATAGCAA,0.215931805184553
ATAGCAC,0.211534607911915
ATAGCAG,0.202372976504522
ATAGCAT,0.208837882211645
ATAGCCA,0.206626048252807
ATAGCCC,0.201631461842882
ATAGCCG,0.222309922988015
ATAGCCT,0.205210366565845
ATAGCGA,0.208469582788309
ATAGCGC,0.215261261235352
ATAGCGG,0.221098175635731
ATAGCGT,0.221583050790667
ATAGCTA,0.205949233138781
ATAGCTC,0.221340642601188
ATAGCTG,0.204717485385149
ATAGCTT,0.206010780717876
ATAGGAA,0.203977707817312
ATAGGAC,0.204655858152907
ATAGGAG,0.21982425864246
ATAGGAT,0.206072324509101
ATAGGCA,0.214773310341911
ATAGGCC,0.214040937280952
ATAGGCG,0.207302405597942
ATAGGCT,0.212635721246653
ATAGGGA,0.207117989867025
ATAGGGC,0.208776508393406
ATAGGGG,0.207609689593682
ATAGGGT,0.210677347404864
ATAGGTA,0.205025564590492
ATAGGTC,0.21434615790956
ATAGGTG,0.215322238359306
ATAGGTT,0.212757992363668
ATAGTAA,0.204224361152794
ATAGTAC,0.216541000664435
ATAGTAG,0.206010780717876
ATAGTAT,0.208592364334978
ATAGTCA,0.209819351371653
ATAGTCC,0.207240937466355
ATAGTCG,0.211228527801234
ATAGTCT,0.207179465556204
ATAGTGA,0.22243101700413
ATAGTGC,0.215627068218393
ATAGTGG,0.217879925811551
ATAGTGT,0.199589456827127
ATAGTTA,0.217028089983561
ATAGTTC,0.209267393502795
ATAGTTG,0.211044834755913
ATAGTTT,0.218548716714431
ATATAAA,0.204655858152907
ATATAAC,0.207117989867025
ATATAAG,0.210677347404864
ATATAAT,0.202187649380616
ATATACA,0.202434744580801
ATATACC,0.218244776296453
ATATACG,0.211962962737006
ATATACT,0.205641438408907
ATATAGA,0.207179465556204
ATATAGC,0.213491305277259
ATATAGG,0.207794014678078
ATATAGT,0.204902344297656
ATATATA,0.199279698049581
ATATATC,0.208837882211645
ATATATG,0.207855448823486
ATATATT,0.230451035032642
ATATCAA,0.207240937466355
ATATCAC,0.208469582788309
ATATCAG,0.205949233138781
ATATCAT,0.209021981069124
ATATCCA,0.205148769701957
ATATCCC,0.205641438408907
ATATCCG,0.211718211019599
ATATCCT,0.214468220081082
ATATCGA,0.211718211019599
ATATCGC,0.210125863041116
ATATCGG,0.212085316135598
ATATCGT,0.210616086381313
ATATCTA,0.205025564590492
ATATCTC,0.205641438408907
ATATCTG,0.231351525351539
ATATCTT,0.208837882211645
ATATGAA,0.205826126615109
ATATGAC,0.208101147670531
ATATGAG,0.22049175089004
ATATGAT,0.205703004934356
ATATGCA,0.20822397445979
ATATGCC,0.208469582788309
ATATGCG,0.210983596241566
ATATGCT,0.211106069520334
ATATGGA,0.215261261235352
ATATGGC,0.213796693685383
ATATGGG,0.232550919123394
ATATGGT,0.210003269647028
ATATGTA,0.213430216402589
ATATGTC,0.211595812693453
ATATGTG,0.199589456827127
ATATGTT,0.206195400729801
ATATTAA,0.208039728618031
ATATTAC,0.207056510398354
ATATTAG,0.206564538531456
ATATTAT,0.208408186361271
ATATTCA,0.200827533323025
ATATTCC,0.210861107961258
ATATTCG,0.210309724957214
ATATTCT,0.22043108818426
ATATTGA,0.213552390420306
ATATTGC,0.212146487221469
ATATTGG,0.219034829314984
ATATTGT,0.209390077138102
ATATTTA,0.197046597880545
ATATTTC,0.208530975446057
ATATTTG,0.209819351371653
ATATTTT,0.19816377130698
ATCAAAA,0.208837882211645
ATCAAAC,0.206810554719444
ATCAAAG,0.213063604764957
ATCAAAT,0.213185823578564
ATCAACA,0.211840594366228
ATCAACC,0.211657013729195
ATCAACG,0.210003269647028
ATCAACT,0.211840594366228
ATCAAGA,0.211167300535288
ATCAAGC,0.209451413311989
ATCAAGG,0.199961040749968
ATCAAGT,0.210125863041116
ATCAATA,0.206441507737252
ATCAATC,0.213308027456558
ATCAATG,0.203916034976352
ATCAATT,0.206072324509101
ATCACAA,0.206749056346336
ATCACAC,0.206256933160208
ATCACAG,0.201693275736664
ATCACAT,0.197543273493287
ATCACCA,0.205148769701957
ATCACCC,0.215200280392963
ATCACCG,0.217879925811551
ATCACCT,0.217149825251119
ATCACGA,0.206379986663468
ATCACGC,0.209021981069124
ATCACGG,0.213369123795841
ATCACGT,0.214101988859899
ATCACTA,0.210309724957214
ATCACTC,0.203484218557681
ATCACTG,0.211044834755913
ATCACTT,0.197419127715062
ATCAGAA,0.221946552932238
ATCAGAC,0.20280527293871
ATCAGAG,0.207855448823486
ATCAGAT,0.210064568222715
ATCAGCA,0.225393249030452
ATCAGCC,0.201136813089954
ATCAGCG,0.21501731555064
ATCAGCT,0.195368494105998
ATCAGGA,0.201384168051091
ATCAGGC,0.224910218276245
ATCAGGG,0.202125866039385
ATCAGGT,0.212941371012086
ATCAGTA,0.22043108818426
ATCAGTC,0.211595812693453
ATCAGTG,0.198535885270831
ATCAGTT,0.210371004751079
ATCATAA,0.209941967313597
ATCATAC,0.20822397445979
ATCATAG,0.212329978030876
ATCATAT,0.219459984082481
ATCATCA,0.224306101544039
ATCATCC,0.213796693685383
ATCATCG,0.205887681771347
ATCATCT,0.206626048252807
ATCATGA,0.214163036711778
ATCATGC,0.207916879194972
ATCATGG,0.207609689593682
ATCATGT,0.207978305792999
ATCATTA,0.206564538531456
ATCATTC,0.209696720393196
ATCATTG,0.210677347404864
ATCATTT,0.213185823578564
ATCCAAA,0.204224361152794
ATCCAAC,0.214163036711778
ATCCAAG,0.214712299735696
ATCCAAT,0.207794014678078
ATCCACA,0.207240937466355
ATCCACC,0.194621765338516
ATCCACG,0.205949233138781
ATCCACT,0.208530975446057
ATCCAGA,0.204902344297656
ATCCAGC,0.214163036711778
ATCCAGG,0.203299097281736
ATCCAGT,0.216053673973678
ATCCATA,0.21135097108794
ATCCATC,0.223520203785567
ATCCATG,0.213552390420306
ATCCATT,0.21434615790956
ATCCCAA,0.213185823578564
ATCCCAC,0.210248441407905
ATCCCAG,0.201693275736664
ATCCCAT,0.215688023041247
ATCCCCA,0.184674604753835
ATCCCCC,0.208408186361271
ATCCCCG,0.26207755547437
ATCCCCT,0.208653749455535
ATCCCGA,0.223338755019267
ATCCCGC,0.206503025026426
ATCCCGG,0.231651508685093
ATCCCGT,0.201569644127906
ATCCCTA,0.20767113506364
ATCCCTC,0.214529245580107
ATCCCTG,0.194995199422737
ATCCCTT,0.203422515273386
ATCCGAA,0.207179465556204
ATCCGAC,0.210064568222715
ATCCGAG,0.203607613705558
ATCCGAT,0.210248441407905
ATCCGCA,0.210309724957214
ATCCGCC,0.21909557677819
ATCCGCG,0.219702848532532
ATCCGCT,0.220249077984011
ATCCGGA,0.228527274576521
ATCCGGC,0.25659268402511
ATCCGGG,0.222915246484231
ATCCGGT,0.221946552932238
ATCCGTA,0.207363869951431
ATCCGTC,0.21982425864246
ATCCGTG,0.212513435177583
ATCCGTT,0.216114602799192
ATCCTAA,0.204286014981919
ATCCTAC,0.210125863041116
ATCCTAG,0.199775266047874
ATCCTAT,0.209451413311989
ATCCTCA,0.221219416467238
ATCCTCC,0.199837194783344
ATCCTCG,0.208285382197475
ATCCTCT,0.197605340603312
ATCCTGA,0.218427151632589
ATCCTGC,0.231531526150256
ATCCTGG,0.191379481711507
ATCCTGT,0.199899119683884
ATCCTTA,0.213613471832186
ATCCTTC,0.218244776296453
ATCCTTG,0.205764567669601
ATCCTTT,0.198659892494297
ATCGAAA,0.211044834755913
ATCGAAC,0.210371004751079
ATCGAAG,0.21617552791261
ATCGAAT,0.210309724957214
ATCGACA,0.210003269647028
ATCGACC,0.208530975446057
ATCGACG,0.209880661221958
ATCGACT,0.208469582788309
ATCGAGA,0.205826126615109
ATCGAGC,0.202372976504522
ATCGAGG,0.222491558513721
ATCGAGT,0.220734364920217
ATCGATA,0.217332400370448
ATCGATC,0.223580679392037
ATCGATG,0.211044834755913
ATCGATT,0.208960618549041
ATCGCAA,0.214468220081082
ATCGCAC,0.205518293985532
ATCGCAG,0.236618131066555
ATCGCAT,0.215748974148838
ATCGCCA,0.279841351046438
ATCGCCC,0.206564538531456
ATCGCCG,0.21312471603894
ATCGCCT,0.212757992363668
ATCGCGA,0.211901780423369
ATCGCGC,0.222128254464851
ATCGCGG,0.230330908366786
ATCGCGT,0.227925339678044
ATCGCTA,0.210371004751079
ATCGCTC,0.207548240347946
ATCGCTG,0.20822397445979
ATCGCTT,0.203484218557681
ATCGGAA,0.215748974148838
ATCGGAC,0.214895320388593
ATCGGAG,0.206564538531456
ATCGGAT,0.214163036711778
ATCGGCA,0.210064568222715
ATCGGCC,0.207363869951431
ATCGGCG,0.223641151341429
ATCGGCT,0.220734364920217
ATCGGGA,0.204594227122515
ATCGGGC,0.221704232853318
ATCGGGG,0.223520203785567
ATCGGGT,0.226840942956632
ATCGGTA,0.211044834755913
ATCGGTC,0.215566109679822
ATCGGTG,0.215809921541617
ATCGGTT,0.207794014678078
ATCGTAA,0.211412187109617
ATCGTAC,0.210064568222715
ATCGTAG,0.209574074374538
ATCGTAT,0.210003269647028
ATCGTCA,0.22049175089004
ATCGTCC,0.207548240347946
ATCGTCG,0.210493553074322
ATCGTCT,0.213857760177153
ATCGTGA,0.208346786164481
ATCGTGC,0.209880661221958
ATCGTGG,0.228226352417985
ATCGTGT,0.227744688532316
ATCGTTA,0.211044834755913
ATCGTTC,0.215139295831684
ATCGTTG,0.208285382197475
ATCGTTT,0.206503025026426
ATCTAAA,0.214163036711778
ATCTAAC,0.214163036711778
ATCTAAG,0.221764818378178
ATCTAAT,0.230991426524074
ATCTACA,0.204286014981919
ATCTACC,0.205210366565845
ATCTACG,0.208592364334978
ATCTACT,0.20871513080819
ATCTAGA,0.215870865220038
ATCTAGC,0.211657013729195
ATCTAGG,0.219459984082481
ATCTAGT,0.205025564590492
ATCTATA,0.195990342414039
ATCTATC,0.208776508393406
ATCTATG,0.212819122316297
ATCTATT,0.205826126615109
ATCTCAA,0.197791518822779
ATCTCAC,0.200022957982071
ATCTCAG,0.194870736888799
ATCTCAT,0.205703004934356
ATCTCCA,0.192752500253565
ATCTCCC,0.207548240347946
ATCTCCG,0.223096772104931
ATCTCCT,0.190879734471905
ATCTCGA,0.21434615790956
ATCTCGC,0.205025564590492
ATCTCGG,0.202125866039385
ATCTCGT,0.221946552932238
ATCTCTA,0.196114665685671
ATCTCTC,0.201816892062537
ATCTCTG,0.222491558513721
ATCTCTT,0.201074964788413
ATCTGAA,0.198225799917639
ATCTGAC,0.217210687328045
ATCTGAG,0.200022957982071
ATCTGAT,0.209021981069124
ATCTGCA,0.244525616993528
ATCTGCC,0.211289751318632
ATCTGCG,0.217332400370448
ATCTGCT,0.204347665010085
ATCTGGA,0.220309751731692
ATCTGGC,0.338456127511055
ATCTGGG,0.229369375191064
ATCTGGT,0.212513435177583
ATCTGTA,0.209574074374538
ATCTGTC,0.285768951769754
ATCTGTG,0.218852564780701
ATCTGTT,0.210371004751079
ATCTTAA,0.201507822591264
ATCTTAC,0.206072324509101
ATCTTAG,0.219702848532532
ATCTTAT,0.205579868092788
ATCTTCA,0.203854358331618
ATCTTCC,0.211779404565124
ATCTTCG,0.209758037762219
ATCTTCT,0.210248441407905
ATCTTGA,0.211534607911915
ATCTTGC,0.220855649865787
ATCTTGG,0.221158797888902
ATCTTGT,0.216967216792028
ATCTTTA,0.213613471832186
ATCTTTC,0.219459984082481
ATCTTTG,0.210003269647028
ATCTTTT,0.191629261707262
ATGAAAA,0.204039376854967
ATGAAAC,0.208039728618031
ATGAAAG,0.197605340603312
ATGAAAT,0.209941967313597
ATGAACA,0.215992741435616
ATGAACC,0.212880248532285
ATGAACG,0.221340642601188
ATGAACT,0.208285382197475
ATGAAGA,0.188377245185619
ATGAAGC,0.217271545701004
ATGAAGG,0.212024141307596
ATGAAGT,0.218670267020001
ATGAATA,0.197915618381695
ATGAATC,0.205518293985532
ATGAATG,0.234048141210093
ATGAATT,0.205703004934356
ATGACAA,0.201816892062537
ATGACAC,0.210493553074322
ATGACAG,0.215505147425081
ATGACAT,0.211412187109617
ATGACCA,0.209021981069124
ATGACCC,0.209880661221958
ATGACCG,0.20822397445979
ATGACCT,0.209083339824078
ATGACGA,0.215566109679822
ATGACGC,0.23021076726878
ATGACGG,0.211779404565124
ATGACGT,0.208469582788309
ATGACTA,0.208039728618031
ATGACTC,0.205395134395739
ATGACTG,0.199465564829931
ATGACTT,0.213246927384285
ATGAGAA,0.201816892062537
ATGAGAC,0.212574580081353
ATGAGAG,0.227202539203535
ATGAGAT,0.229489617411297
ATGAGCA,0.209574074374538
ATGAGCC,0.197791518822779
ATGAGCG,0.212696858673938
ATGAGCT,0.204039376854967
ATGAGGA,0.203977707817312
ATGAGGC,0.204409311237759
ATGAGGG,0.239598209775645
ATGAGGT,0.210554821604619
ATGAGTA,0.215931805184553
ATGAGTC,0.222188814306363
ATGAGTG,0.259922205554444
ATGAGTT,0.228948413525471
ATGATAA,0.203360808181561
ATGATAC,0.219399258752734
ATGATAG,0.206872049310735
ATGATAT,0.206256933160208
ATGATCA,0.210616086381313
ATGATCC,0.217210687328045
ATGATCG,0.211473399384123
ATGATCT,0.21312471603894
ATGATGA,0.206195400729801
ATGATGC,0.222854730620692
ATGATGG,0.196736050305328
ATGATGT,0.223943456247699
ATGATTA,0.211289751318632
ATGATTC,0.199961040749968
ATGATTG,0.210554821604619
ATGATTT,0.205949233138781
ATGCAAA,0.205395134395739
ATGCAAC,0.207916879194972
ATGCAAG,0.214101988859899
ATGCAAT,0.213735623464269
ATGCACA,0.22442695409057
ATGCACC,0.210003269647028
ATGCACG,0.214468220081082
ATGCACT,0.218183977125711
ATGCAGA,0.211412187109617
ATGCAGC,0.197543273493287
ATGCAGG,0.25659268402511
ATGCAGT,0.206687554190946
ATGCATA,0.213063604764957
ATGCATC,0.213308027456558
ATGCATG,0.326197411243197
ATGCATT,0.208101147670531
ATGCCAA,0.210064568222715
ATGCCAC,0.204162703522239
ATGCCAG,0.212880248532285
ATGCCAT,0.201755085809725
ATGCCCA,0.237870845985782
ATGCCCC,0.217271545701004
ATGCCCG,0.221825400232655
ATGCCCT,0.227262792534743
ATGCCGA,0.21501731555064
ATGCCGC,0.21617552791261
ATGCCGG,0.213979881974482
ATGCCGT,0.242035264742746
ATGCCTA,0.214101988859899
ATGCCTC,0.219399258752734
ATGCCTG,0.222370471829042
ATGCCTT,0.218244776296453
ATGCGAA,0.214163036711778
ATGCGAC,0.210677347404864
ATGCGAG,0.212635721246653
ATGCGAT,0.218123174258205
ATGCGCA,0.208653749455535
ATGCGCC,0.236976209775667
ATGCGCG,0.222794211094762
ATGCGCT,0.230090611735156
ATGCGGA,0.203916034976352
ATGCGGC,0.216784574980998
ATGCGGG,0.210493553074322
ATGCGGT,0.217758279395948
ATGCGTA,0.22424566979333
ATGCGTC,0.208285382197475
ATGCGTG,0.259513913552613
ATGCGTT,0.220613065262824
ATGCTAA,0.206441507737252
ATGCTAC,0.212085316135598
ATGCTAG,0.203916034976352
ATGCTAT,0.207302405597942
ATGCTCA,0.203299097281736
ATGCTCC,0.224970609881679
ATGCTCG,0.231891430575976
ATGCTCT,0.210983596241566
ATGCTGA,0.206995027149725
ATGCTGC,0.20767113506364
ATGCTGG,0.220127719443621
ATGCTGT,0.221401250157692
ATGCTTA,0.204162703522239
ATGCTTC,0.217332400370448
ATGCTTG,0.226117357970732
ATGCTTT,0.208162562950963
ATGGAAA,0.220006346173548
ATGGAAC,0.204101042089786
ATGGAAG,0.20767113506364
ATGGAAT,0.20311394172956
ATGGACA,0.199589456827127
ATGGACC,0.200332486649483
ATGGACG,0.205826126615109
ATGGACT,0.221461854041144
ATGGAGA,0.204840728457056
ATGGAGC,0.267416753623464
ATGGAGG,0.225634676941205
ATGGAGT,0.210493553074322
ATGGATA,0.263705548681927
ATGGATC,0.204532592293506
ATGGATG,0.224970609881679
ATGGATT,0.206318461804609
ATGGCAA,0.212329978030876
ATGGCAC,0.206995027149725
ATGGCAG,0.253604212503291
ATGGCAT,0.210983596241566
ATGGCCA,0.209635399264123
ATGGCCC,0.239479176984235
ATGGCCG,0.213185823578564
ATGGCCT,0.224910218276245
ATGGCGA,0.205025564590492
ATGGCGC,0.212024141307596
ATGGCGG,0.237990070363934
ATGGCGT,0.205641438408907
ATGGCTA,0.213002489756158
ATGGCTC,0.222733687905997
ATGGCTG,0.198659892494297
ATGGCTT,0.209819351371653
ATGGGAA,0.211228527801234
ATGGGAC,0.258288036379066
ATGGGAG,0.231291517884516
ATGGGAT,0.226780664201453
ATGGGCA,0.209206046040452
ATGGGCC,0.235901588757527
ATGGGCG,0.221643643657629
ATGGGCT,0.20447095366541
ATGGGGA,0.220916286822753
ATGGGGC,0.263705548681927
ATGGGGG,0.299259334932761
ATGGGGT,0.234586592870173
ATGGGTA,0.204594227122515
ATGGGTC,0.211228527801234
ATGGGTG,0.206379986663468
ATGGGTT,0.219338529735196
ATGGTAA,0.215748974148838
ATGGTAC,0.204594227122515
ATGGTAG,0.205271959635793
ATGGTAT,0.205703004934356
ATGGTCA,0.23320997303229
ATGGTCC,0.210922353976834
ATGGTCG,0.208653749455535
ATGGTCT,0.21312471603894
ATGGTGA,0.233449521349418
ATGGTGC,0.219884958170216
ATGGTGG,0.238705118283476
ATGGTGT,0.218001557431104
ATGGTTA,0.205703004934356
ATGGTTC,0.211595812693453
ATGGTTG,0.222794211094762
ATGGTTT,0.207425330527285
ATGTAAA,0.206072324509101
ATGTAAC,0.210922353976834
ATGTAAG,0.216358280984814
ATGTAAT,0.20119865756652
ATGTACA,0.241144348082299
ATGTACC,0.220370421798293
ATGTACG,0.210616086381313
ATGTACT,0.204655858152907
ATGTAGA,0.206072324509101
ATGTAGC,0.232850542928354
ATGTAGG,0.201384168051091
ATGTAGT,0.225996709553559
ATGTATA,0.205148769701957
ATGTATC,0.204162703522239
ATGTATG,0.224547792033528
ATGTATT,0.197667403861251
ATGTCAA,0.219277797029421
ATGTCAC,0.21465128540696
ATGTCAG,0.188377245185619
ATGTCAT,0.200580040620155
ATGTCCA,0.214773310341911
ATGTCCC,0.201507822591264
ATGTCCG,0.219945654013763
ATGTCCT,0.235901588757527
ATGTCGA,0.209880661221958
ATGTCGC,0.213613471832186
ATGTCGG,0.231171492146702
ATGTCGT,0.215078307551061
ATGTCTA,0.210003269647028
ATGTCTC,0.232490983587964
ATGTCTG,0.217879925811551
ATGTCTT,0.210799858194377
ATGTGAA,0.209267393502795
ATGTGAC,0.197915618381695
ATGTGAG,0.308856502100275
ATGTGAT,0.228767947121364
ATGTGCA,0.247423211122168
ATGTGCC,0.227383288306862
ATGTGCG,0.269729281999672
ATGTGCT,0.263356916042605
ATGTGGA,0.186245194322313
ATGTGGC,0.230691245081773
ATGTGGG,0.260213740669663
ATGTGGT,0.237513087540878
ATGTGTA,0.259397228069597
ATGTGTC,0.246241533561243
ATGTGTG,0.493091174572972
ATGTGTT,0.221583050790667
ATGTTAA,0.200146780946232
ATGTTAC,0.202434744580801
ATGTTAG,0.205641438408907
ATGTTAT,0.205333548912269
ATGTTCA,0.214773310341911
ATGTTCC,0.190754758629235
ATGTTCG,0.215078307551061
ATGTTCT,0.211289751318632
ATGTTGA,0.202372976504522
ATGTTGC,0.210799858194377
ATGTTGG,0.198287824680989
ATGTTGT,0.203977707817312
ATGTTTA,0.217514942162187
ATGTTTC,0.205210366565845
ATGTTTG,0.228647618089352
ATGTTTT,0.201569644127906
ATTAAAA,0.199775266047874
ATTAAAC,0.206564538531456
ATTAAAG,0.201693275736664
ATTAAAT,0.195244078027482
ATTAACA,0.207548240347946
ATTAACC,0.203792677882641
ATTAACG,0.220734364920217
ATTAACT,0.220552409916079
ATTAAGA,0.204409311237759
ATTAAGC,0.206564538531456
ATTAAGG,0.205456716086671
ATTAAGT,0.202311204612713
ATTAATA,0.206441507737252
ATTAATC,0.207240937466355
ATTAATG,0.227624236302151
ATTAATT,0.197294966522749
ATTACAA,0.205764567669601
ATTACAC,0.205148769701957
ATTACAG,0.185051771279255
ATTACAT,0.204101042089786
ATTACCA,0.209512745723981
ATTACCC,0.214468220081082
ATTACCG,0.209390077138102
ATTACCT,0.204162703522239
ATTACGA,0.210738604675732
ATTACGC,0.210554821604619
ATTACGG,0.209390077138102
ATTACGT,0.210309724957214
ATTACTA,0.20871513080819
ATTACTC,0.207609689593682
ATTACTG,0.210554821604619
ATTACTT,0.209451413311989
ATTAGAA,0.213674549513355
ATTAGAC,0.211228527801234
ATTAGAG,0.206256933160208
ATTAGAT,0.209819351371653
ATTAGCA,0.211595812693453
ATTAGCC,0.202187649380616
ATTAGCG,0.220795009231756
ATTAGCT,0.203669305570081
ATTAGGA,0.210677347404864
ATTAGGC,0.203175664056206
ATTAGGG,0.216236449314385
ATTAGGT,0.203730993628952
ATTAGTA,0.21465128540696
ATTAGTC,0.208837882211645
ATTAGTG,0.215261261235352
ATTAGTT,0.205271959635793
ATTATAA,0.199155767667429
ATTATAC,0.205826126615109
ATTATAG,0.227564004745854
ATTATAT,0.210125863041116
ATTATCA,0.213552390420306
ATTATCC,0.212391134152802
ATTATCG,0.209941967313597
ATTATCT,0.19710869582449
ATTATGA,0.207855448823486
ATTATGC,0.20822397445979
ATTATGG,0.207117989867025
ATTATGT,0.221825400232655
ATTATTA,0.248190553415453
ATTATTC,0.203730993628952
ATTATTG,0.201816892062537
ATTATTT,0.193188974743053
ATTCAAA,0.213430216402589
ATTCAAC,0.211534607911915
ATTCAAG,0.204101042089786
ATTCAAT,0.21434615790956
ATTCACA,0.208101147670531
ATTCACC,0.208530975446057
ATTCACG,0.222612630538189
ATTCACT,0.206010780717876
ATTCAGA,0.19717078991252
ATTCAGC,0.223157273323336
ATTCAGG,0.205148769701957
ATTCAGT,0.20045627129519
ATTCATA,0.207117989867025
ATTCATC,0.204717485385149
ATTCATG,0.208653749455535
ATTCATT,0.204594227122515
ATTCCAA,0.210309724957214
ATTCCAC,0.222007123778233
ATTCCAG,0.20767113506364
ATTCCAT,0.210064568222715
ATTCCCA,0.216845459291198
ATTCCCC,0.202372976504522
ATTCCCG,0.202434744580801
ATTCCCT,0.215931805184553
ATTCCGA,0.219945654013763
ATTCCGC,0.220309751731692
ATTCCGG,0.207486787325968
ATTCCGT,0.223701619634185
ATTCCTA,0.201322335046615
ATTCCTC,0.205148769701957
ATTCCTG,0.220006346173548
ATTCCTT,0.209451413311989
ATTCGAA,0.208592364334978
ATTCGAC,0.209635399264123
ATTCGAG,0.206933540120673
ATTCGAT,0.210554821604619
ATTCGCA,0.211228527801234
ATTCGCC,0.212513435177583
ATTCGCG,0.221522454251987
ATTCGCT,0.222733687905997
ATTCGGA,0.213246927384285
ATTCGGC,0.274913000506003
ATTCGGG,0.223096772104931
ATTCGGT,0.213002489756158
ATTCGTA,0.211289751318632
ATTCGTC,0.214895320388593
ATTCGTG,0.215566109679822
ATTCGTT,0.209267393502795
ATTCTAA,0.206626048252807
ATTCTAC,0.199155767667429
ATTCTAG,0.215261261235352
ATTCTAT,0.209021981069124
ATTCTCA,0.205395134395739
ATTCTCC,0.198411862667667
ATTCTCG,0.208285382197475
ATTCTCT,0.204039376854967
ATTCTGA,0.197977662386368
ATTCTGC,0.218427151632589
ATTCTGG,0.206626048252807
ATTCTGT,0.23021076726878
ATTCTTA,0.198907860817386
ATTCTTC,0.199837194783344
ATTCTTG,0.215200280392963
ATTCTTT,0.206379986663468
ATTGAAA,0.206564538531456
ATTGAAC,0.202681778740031
ATTGAAG,0.203916034976352
ATTGAAT,0.211962962737006
ATTGACA,0.218366363549442
ATTGACC,0.204594227122515
ATTGACG,0.209512745723981
ATTGACT,0.225272513213768
ATTGAGA,0.20070379462817
ATTGAGC,0.211289751318632
ATTGAGG,0.214468220081082
ATTGAGT,0.203730993628952
ATTGATA,0.219520705724887
ATTGATC,0.279669840078336
ATTGATG,0.211962962737006
ATTGATT,0.243281216099728
ATTGCAA,0.202125866039385
ATTGCAC,0.200765665889505
ATTGCAG,0.229910351360348
ATTGCAT,0.217575782022072
ATTGCCA,0.210493553074322
ATTGCCC,0.204532592293506
ATTGCCG,0.215627068218393
ATTGCCT,0.209512745723981
ATTGCGA,0.210554821604619
ATTGCGC,0.231891430575976
ATTGCGG,0.240193161293326
ATTGCGT,0.227021757424064
ATTGCTA,0.215566109679822
ATTGCTC,0.222007123778233
ATTGCTG,0.221764818378178
ATTGCTT,0.201816892062537
ATTGGAA,0.201816892062537
ATTGGAC,0.226298303308304
ATTGGAG,0.215992741435616
ATTGGAT,0.20095125670851
ATTGGCA,0.20249650884202
ATTGGCC,0.222067690955622
ATTGGCG,0.23326986549148
ATTGGCT,0.211657013729195
ATTGGGA,0.206010780717876
ATTGGGC,0.20095125670851
ATTGGGG,0.217088959469774
ATTGGGT,0.20095125670851
ATTGGTA,0.206010780717876
ATTGGTC,0.222975758685822
ATTGGTG,0.204594227122515
ATTGGTT,0.203977707817312
ATTGTAA,0.220188400554803
ATTGTAC,0.212513435177583
ATTGTAG,0.217819104453481
ATTGTAT,0.205210366565845
ATTGTCA,0.207240937466355
ATTGTCC,0.214834317226058
ATTGTCG,0.210248441407905
ATTGTCT,0.204779108819709
ATTGTGA,0.195741649492337
ATTGTGC,0.215566109679822
ATTGTGG,0.235543124973664
ATTGTGT,0.260505190816928
ATTGTTA,0.201507822591264
ATTGTTC,0.206933540120673
ATTGTTG,0.221643643657629
ATTGTTT,0.216114602799192
ATTTAAA,0.192877226691567
ATTTAAC,0.203730993628952
ATTTAAG,0.202372976504522
ATTTAAT,0.199961040749968
ATTTACA,0.19717078991252
ATTTACC,0.205395134395739
ATTTACG,0.215200280392963
ATTTACT,0.201384168051091
ATTTAGA,0.199527512747182
ATTTAGC,0.201940493109302
ATTTAGG,0.204840728457056
ATTTAGT,0.195679466596933
ATTTATA,0.203977707817312
ATTTATC,0.203237382573441
ATTTATG,0.205826126615109
ATTTATT,0.212696858673938
ATTTCAA,0.222733687905997
ATTTCAC,0.21465128540696
ATTTCAG,0.186935473033916
ATTTCAT,0.196984496080206
ATTTCCA,0.199279698049581
ATTTCCC,0.208469582788309
ATTTCCG,0.214101988859899
ATTTCCT,0.194497256314452
ATTTCGA,0.210799858194377
ATTTCGC,0.216723686963674
ATTTCGG,0.213918822940034
ATTTCGT,0.206995027149725
ATTTCTA,0.200084871380667
ATTTCTC,0.218731036632806
ATTTCTG,0.184485968132238
ATTTCTT,0.194497256314452
ATTTGAA,0.19686028090843
ATTTGAC,0.206072324509101
ATTTGAG,0.203854358331618
ATTTGAT,0.210922353976834
ATTTGCA,0.215261261235352
ATTTGCC,0.204779108819709
ATTTGCG,0.234825811686626
ATTTGCT,0.220795009231756
ATTTGGA,0.197667403861251
ATTTGGC,0.214529245580107
ATTTGGG,0.217758279395948
ATTTGGT,0.210493553074322
ATTTGTA,0.20767113506364
ATTTGTC,0.234706209431604
ATTTGTG,0.221946552932238
ATTTGTT,0.199217734778348
ATTTTAA,0.190192173972018
ATTTTAC,0.210248441407905
ATTTTAG,0.209021981069124
ATTTTAT,0.196301121617406
ATTTTCA,0.208162562950963
ATTTTCC,0.193687569564971
ATTTTCG,0.212819122316297
ATTTTCT,0.192877226691567
ATTTTGA,0.207548240347946
ATTTTGC,0.20119865756652
ATTTTGG,0.212757992363668
ATTTTGT,0.200765665889505
ATTTTTA,0.168575986906829
ATTTTTC,0.17893673676047
ATTTTTG,0.19530628800166
ATTTTTT,0.181336774379419
CAAAAAA,0.175960278851456
CAAAAAC,0.200518157872528
CAAAAAG,0.206872049310735
CAAAAAT,0.185868477732375
CAAAACA,0.188126651477019
CAAAACC,0.198659892494297
CAAAACG,0.209144694814367
CAAAACT,0.219884958170216
CAAAAGA,0.199837194783344
CAAAAGC,0.204655858152907
CAAAAGG,0.215809921541617
CAAAAGT,0.202743527745723
CAAAATA,0.202990485646156
CAAAATC,0.201136813089954
CAAAATG,0.212880248532285
CAAAATT,0.193500625637978
CAAACAA,0.198783884341877
CAAACAC,0.204532592293506
CAAACAG,0.202372976504522
CAAACAT,0.215444181453716
CAAACCA,0.220855649865787
CAAACCC,0.213735623464269
CAAACCG,0.205271959635793
CAAACCT,0.216114602799192
CAAACGA,0.206872049310735
CAAACGC,0.206933540120673
CAAACGG,0.222188814306363
CAAACGT,0.213369123795841
CAAACTA,0.207548240347946
CAAACTC,0.207425330527285
CAAACTG,0.209206046040452
CAAACTT,0.214407190857718
CAAAGAA,0.196176821525864
CAAAGAC,0.211106069520334
CAAAGAG,0.208592364334978
CAAAGAT,0.203607613705558
CAAAGCA,0.230330908366786
CAAAGCC,0.22587604657859
CAAAGCG,0.207056510398354
CAAAGCT,0.194995199422737
CAAAGGA,0.232191252014946
CAAAGGC,0.197357049045906
CAAAGGG,0.190254699010359
CAAAGGT,0.202867014319465
CAAAGTA,0.203422515273386
CAAAGTC,0.212941371012086
CAAAGTG,0.188377245185619
CAAAGTT,0.203977707817312
CAAATAA,0.200270588580165
CAAATAC,0.20280527293871
CAAATAG,0.212024141307596
CAAATAT,0.206687554190946
CAAATCA,0.207240937466355
CAAATCC,0.209083339824078
CAAATCG,0.20822397445979
CAAATCT,0.207548240347946
CAAATGA,0.205887681771347
CAAATGC,0.226961489567499
CAAATGG,0.193687569564971
CAAATGT,0.204779108819709
CAAATTA,0.202372976504522
CAAATTC,0.205025564590492
CAAATTG,0.201755085809725
CAAATTT,0.199527512747182
CAACAAA,0.206072324509101
CAACAAC,0.201940493109302
CAACAAG,0.199279698049581
CAACAAT,0.207609689593682
CAACACA,0.197667403861251
CAACACC,0.208162562950963
CAACACG,0.208039728618031
CAACACT,0.22575536904231
CAACAGA,0.19686028090843
CAACAGC,0.233569273992644
CAACAGG,0.199279698049581
CAACAGT,0.207855448823486
CAACATA,0.205826126615109
CAACATC,0.218183977125711
CAACATG,0.204039376854967
CAACATT,0.211657013729195
CAACCAA,0.202434744580801
CAACCAC,0.210064568222715
CAACCAG,0.201755085809725
CAACCAT,0.217758279395948
CAACCCA,0.20447095366541
CAACCCC,0.195555089204785
CAACCCG,0.201136813089954
CAACCCT,0.215627068218393
CAACCGA,0.214590267355249
CAACCGC,0.212024141307596
CAACCGG,0.240728315185144
CAACCGT,0.207548240347946
CAACCTA,0.203916034976352
CAACCTC,0.203669305570081
CAACCTG,0.216601899805843
CAACCTT,0.199589456827127
CAACGAA,0.206072324509101
CAACGAC,0.20767113506364
CAACGAG,0.208101147670531
CAACGAT,0.210248441407905
CAACGCA,0.22043108818426
CAACGCC,0.215566109679822
CAACGCG,0.208960618549041
CAACGCT,0.206564538531456
CAACGGA,0.208653749455535
CAACGGC,0.223096772104931
CAACGGG,0.204101042089786
CAACGGT,0.206872049310735
CAACGTA,0.211167300535288
CAACGTC,0.208899252263369
CAACGTG,0.206687554190946
CAACGTT,0.210677347404864
CAACTAA,0.207855448823486
CAACTAC,0.206195400729801
CAACTAG,0.209390077138102
CAACTAT,0.207855448823486
CAACTCA,0.203730993628952
CAACTCC,0.192627758256937
CAACTCG,0.22049175089004
CAACTCT,0.204902344297656
CAACTGA,0.212146487221469
CAACTGC,0.197977662386368
CAACTGG,0.208101147670531
CAACTGT,0.217332400370448
CAACTTA,0.207732576758284
CAACTTC,0.213796693685383
CAACTTG,0.203360808181561
CAACTTT,0.212329978030876
CAAGAAA,0.200889396929202
CAAGAAC,0.202990485646156
CAAGAAG,0.215383211765276
CAAGAAT,0.212574580081353
CAAGACA,0.200765665889505
CAAGACC,0.19000457539729
CAAGACG,0.206564538531456
CAAGACT,0.213002489756158
CAAGAGA,0.19000457539729
CAAGAGC,0.20095125670851
CAAGAGG,0.206749056346336
CAAGAGT,0.206626048252807
CAAGATA,0.205518293985532
CAAGATC,0.203607613705558
CAAGATG,0.208101147670531
CAAGATT,0.20249650884202
CAAGCAA,0.196922390422994
CAAGCAC,0.216541000664435
CAAGCAG,0.207916879194972
CAAGCAT,0.20045627129519
CAAGCCA,0.210003269647028
CAAGCCC,0.218487936020768
CAAGCCG,0.203916034976352
CAAGCCT,0.218609493714026
CAAGCGA,0.19847387589195
CAAGCGC,0.211534607911915
CAAGCGG,0.234347316814385
CAAGCGT,0.213613471832186
CAAGCTA,0.206687554190946
CAAGCTC,0.207732576758284
CAAGCTG,0.197915618381695
CAAGCTT,0.211595812693453
CAAGGAA,0.213002489756158
CAAGGAC,0.194870736888799
CAAGGAG,0.217454098600588
CAAGGAT,0.201631461842882
CAAGGCA,0.221280031371185
CAAGGCC,0.19000457539729
CAAGGCG,0.216297367004969
CAAGGCT,0.209819351371653
CAAGGGA,0.220249077984011
CAAGGGC,0.224185234390405
CAAGGGG,0.229068706370679
CAAGGGT,0.261379031945926
CAAGGTA,0.213552390420306
CAAGGTC,0.21617552791261
CAAGGTG,0.215322238359306
CAAGGTT,0.21465128540696
CAAGTAA,0.207978305792999
CAAGTAC,0.210187154102692
CAAGTAG,0.200580040620155
CAAGTAT,0.203792677882641
CAAGTCA,0.20119865756652
CAAGTCC,0.191129639310119
CAAGTCG,0.220855649865787
CAAGTCT,0.20020868667924
CAAGTGA,0.191878979328549
CAAGTGC,0.210554821604619
CAAGTGG,0.225453611472807
CAAGTGT,0.194497256314452
CAAGTTA,0.210003269647028
CAAGTTC,0.201260498218582
CAAGTTG,0.200580040620155
CAAGTTT,0.210861107961258
CAATAAA,0.202187649380616
CAATAAC,0.214834317226058
CAATAAG,0.209574074374538
CAATAAT,0.217149825251119
CAATACA,0.223641151341429
CAATACC,0.20871513080819
CAATACG,0.211901780423369
CAATACT,0.208530975446057
CAATAGA,0.207609689593682
CAATAGC,0.20249650884202
CAATAGG,0.215078307551061
CAATAGT,0.207548240347946
CAATATA,0.209206046040452
CAATATC,0.206995027149725
CAATATG,0.202434744580801
CAATATT,0.208039728618031
CAATCAA,0.206379986663468
CAATCAC,0.208653749455535
CAATCAG,0.201631461842882
CAATCAT,0.213796693685383
CAATCCA,0.217758279395948
CAATCCC,0.202681778740031
CAATCCG,0.210125863041116
CAATCCT,0.200580040620155
CAATCGA,0.210677347404864
CAATCGC,0.210125863041116
CAATCGG,0.209574074374538
CAATCGT,0.210677347404864
CAATCTA,0.213185823578564
CAATCTC,0.197543273493287
CAATCTG,0.225091382152209
CAATCTT,0.211718211019599
CAATGAA,0.202681778740031
CAATGAC,0.205579868092788
CAATGAG,0.2020022879042
CAATGAT,0.214407190857718
CAATGCA,0.210677347404864
CAATGCC,0.217636618180694
CAATGCG,0.205148769701957
CAATGCT,0.200084871380667
CAATGGA,0.212880248532285
CAATGGC,0.203175664056206
CAATGGG,0.220916286822753
CAATGGT,0.205518293985532
CAATGTA,0.206503025026426
CAATGTC,0.208776508393406
CAATGTG,0.2020022879042
CAATGTT,0.206133864512921
CAATTAA,0.212574580081353
CAATTAC,0.206995027149725
CAATTAG,0.204902344297656
CAATTAT,0.204162703522239
CAATTCA,0.212268818168651
CAATTCC,0.233509399463618
CAATTCG,0.210799858194377
CAATTCT,0.217393251336825
CAATTGA,0.206810554719444
CAATTGC,0.209328737201858
CAATTGG,0.209144694814367
CAATTGT,0.206256933160208
CAATTTA,0.204963956341979
CAATTTC,0.205271959635793
CAATTTG,0.218427151632589
CAATTTT,0.210677347404864
CACAAAA,0.197791518822779
CACAAAC,0.214956319829969
CACAAAG,0.197977662386368
CACAAAT,0.202928751888456
CACAACA,0.207425330527285
CACAACC,0.202125866039385
CACAACG,0.207302405597942
CACAACT,0.206072324509101
CACAAGA,0.205579868092788
CACAAGC,0.210677347404864
CACAAGG,0.204963956341979
CACAAGT,0.203237382573441
CACAATA,0.205826126615109
CACAATC,0.203299097281736
CACAATG,0.210125863041116
CACAATT,0.215931805184553
CACACAA,0.205271959635793
CACACAC,0.139468347386044
CACACAG,0.162423341124569
CACACAT,0.211840594366228
CACACCA,0.205641438408907
CACACCC,0.224849823023445
CACACCG,0.214895320388593
CACACCT,0.184800342735703
CACACGA,0.205949233138781
CACACGC,0.238645550481541
CACACGG,0.218731036632806
CACACGT,0.240074199303805
CACACTA,0.217271545701004
CACACTC,0.199465564829931
CACACTG,0.196301121617406
CACACTT,0.206564538531456
CACAGAA,0.210371004751079
CACAGAC,0.186998202023144
CACAGAG,0.202311204612713
CACAGAT,0.208346786164481
CACAGCA,0.173737998253821
CACAGCC,0.210983596241566
CACAGCG,0.221219416467238
CACAGCT,0.218548716714431
CACAGGA,0.198349845597505
CACAGGC,0.207609689593682
CACAGGG,0.223096772104931
CACAGGT,0.206564538531456
CACAGTA,0.20070379462817
CACAGTC,0.213857760177153
CACAGTG,0.211289751318632
CACAGTT,0.222854730620692
CACATAA,0.204779108819709
CACATAC,0.205764567669601
CACATAG,0.212452286534885
CACATAT,0.210616086381313
CACATCA,0.205456716086671
CACATCC,0.207425330527285
CACATCG,0.231651508685093
CACATCT,0.194434995988502
CACATGA,0.219217060634961
CACATGC,0.224003906263909
CACATGG,0.199589456827127
CACATGT,0.222491558513721
CACATTA,0.209696720393196
CACATTC,0.215992741435616
CACATTG,0.209206046040452
CACATTT,0.199899119683884
CACCAAA,0.201322335046615
CACCAAC,0.210187154102692
CACCAAG,0.224668615376441
CACCAAT,0.201940493109302
CACCACA,0.209635399264123
CACCACC,0.227503769561498
CACCACG,0.208039728618031
CACCACT,0.235662627179552
CACCAGA,0.204347665010085
CACCAGC,0.212207654565668
CACCAGG,0.208776508393406
CACCAGT,0.209941967313597
CACCATA,0.214590267355249
CACCATC,0.195866003684209
CACCATG,0.189816941622733
CACCATT,0.219217060634961
CACCCAA,0.209819351371653
CACCCAC,0.197543273493287
CACCCAG,0.244880875866785
CACCCAT,0.208837882211645
CACCCCA,0.248662471559322
CACCCCC,0.241144348082299
CACCCCG,0.221522454251987
CACCCCT,0.203484218557681
CACCCGA,0.216480097814095
CACCCGC,0.232850542928354
CACCCGG,0.230090611735156
CACCCGT,0.226539512838882
CACCCTA,0.209328737201858
CACCCTC,0.221158797888902
CACCCTG,0.2435776425139
CACCCTT,0.220673716930721
CACCGAA,0.207425330527285
CACCGAC,0.208592364334978
CACCGAG,0.234107983491863
CACCGAT,0.208101147670531
CACCGCA,0.22043108818426
CACCGCC,0.263589351306599
CACCGCG,0.222370471829042
CACCGCT,0.24156020796806
CACCGGA,0.209758037762219
CACCGGC,0.225272513213768
CACCGGG,0.215383211765276
CACCGGT,0.209880661221958
CACCGTA,0.216480097814095
CACCGTC,0.201445997232483
CACCGTG,0.209574074374538
CACCGTT,0.213308027456558
CACCTAA,0.204840728457056
CACCTAC,0.199527512747182
CACCTAG,0.200022957982071
CACCTAT,0.210371004751079
CACCTCA,0.198535885270831
CACCTCC,0.221946552932238
CACCTCG,0.210125863041116
CACCTCT,0.213430216402589
CACCTGA,0.203916034976352
CACCTGC,0.244584835570934
CACCTGG,0.289116170140304
CACCTGT,0.196736050305328
CACCTTA,0.204101042089786
CACCTTC,0.200270588580165
CACCTTG,0.220734364920217
CACCTTT,0.228467097388709
CACGAAA,0.21501731555064
CACGAAC,0.208653749455535
CACGAAG,0.220734364920217
CACGAAT,0.208899252263369
CACGACA,0.207302405597942
CACGACC,0.201013112661423
CACGACG,0.224910218276245
CACGACT,0.206010780717876
CACGAGA,0.217271545701004
CACGAGC,0.217210687328045
CACGAGG,0.192939584077297
CACGAGT,0.214956319829969
CACGATA,0.210799858194377
CACGATC,0.206441507737252
CACGATG,0.205333548912269
CACGATT,0.208469582788309
CACGCAA,0.207179465556204
CACGCAC,0.206564538531456
CACGCAG,0.208408186361271
CACGCAT,0.210799858194377
CACGCCA,0.22243101700413
CACGCCC,0.251842107110321
CACGCCG,0.230090611735156
CACGCCT,0.227985549475162
CACGCGA,0.213246927384285
CACGCGC,0.205518293985532
CACGCGG,0.233090177351516
CACGCGT,0.238943354014324
CACGCTA,0.217271545701004
CACGCTC,0.230931397443893
CACGCTG,0.224185234390405
CACGCTT,0.200022957982071
CACGGAA,0.212085316135598
CACGGAC,0.206318461804609
CACGGAG,0.215261261235352
CACGGAT,0.208776508393406
CACGGCA,0.193562944163505
CACGGCC,0.185805677834412
CACGGCG,0.212941371012086
CACGGCT,0.212757992363668
CACGGGA,0.22623799183362
CACGGGC,0.205395134395739
CACGGGG,0.226720381812526
CACGGGT,0.234287488853581
CACGGTA,0.214407190857718
CACGGTC,0.208285382197475
CACGGTG,0.231831455499525
CACGGTT,0.212207654565668
CACGTAA,0.209267393502795
CACGTAC,0.209574074374538
CACGTAG,0.220795009231756
CACGTAT,0.222794211094762
CACGTCA,0.205703004934356
CACGTCC,0.220370421798293
CACGTCG,0.205579868092788
CACGTCT,0.223036267225907
CACGTGA,0.224185234390405
CACGTGC,0.227142282241644
CACGTGG,0.249369931462565
CACGTGT,0.275602137159814
CACGTTA,0.210432280789962
CACGTTC,0.213369123795841
CACGTTG,0.230751288579378
CACGTTT,0.211289751318632
CACTAAA,0.23021076726878
CACTAAC,0.204286014981919
CACTAAG,0.216784574980998
CACTAAT,0.205764567669601
CACTACA,0.223701619634185
CACTACC,0.215870865220038
CACTACG,0.209574074374538
CACTACT,0.206810554719444
CACTAGA,0.211534607911915
CACTAGC,0.207548240347946
CACTAGG,0.204347665010085
CACTAGT,0.207855448823486
CACTATA,0.209819351371653
CACTATC,0.208039728618031
CACTATG,0.221280031371185
CACTATT,0.216236449314385
CACTCAA,0.203916034976352
CACTCAC,0.203484218557681
CACTCAG,0.168384288627148
CACTCAT,0.211044834755913
CACTCCA,0.193812179436883
CACTCCC,0.194185915913976
CACTCCG,0.236976209775667
CACTCCT,0.21879180255289
CACTCGA,0.206564538531456
CACTCGC,0.229730058485878
CACTCGG,0.23326986549148
CACTCGT,0.204347665010085
CACTCTA,0.206687554190946
CACTCTC,0.193126632907219
CACTCTG,0.192003814758501
CACTCTT,0.204594227122515
CACTGAA,0.221280031371185
CACTGAC,0.213308027456558
CACTGAG,0.203422515273386
CACTGAT,0.208346786164481
CACTGCA,0.185428795603718
CACTGCC,0.223459724521577
CACTGCG,0.239717228399935
CACTGCT,0.233569273992644
CACTGGA,0.20767113506364
CACTGGC,0.20767113506364
CACTGGG,0.248249555364148
CACTGGT,0.212452286534885
CACTGTA,0.202311204612713
CACTGTC,0.238347658235394
CACTGTG,0.21830557177088
CACTGTT,0.20095125670851
CACTTAA,0.202434744580801
CACTTAC,0.205456716086671
CACTTAG,0.191192105762699
CACTTAT,0.221461854041144
CACTTCA,0.211718211019599
CACTTCC,0.222673161053954
CACTTCG,0.235722372927631
CACTTCT,0.20871513080819
CACTTGA,0.200641919538544
CACTTGC,0.204717485385149
CACTTGG,0.214712299735696
CACTTGT,0.208530975446057
CACTTTA,0.207302405597942
CACTTTC,0.208346786164481
CACTTTG,0.19717078991252
CACTTTT,0.217514942162187
CAGAAAA,0.197232880145113
CAGAAAC,0.209267393502795
CAGAAAG,0.180074314743346
CAGAAAT,0.192378227572278
CAGAACA,0.199465564829931
CAGAACC,0.192128634606514
CAGAACG,0.204039376854967
CAGAACT,0.201878694495571
CAGAAGA,0.23398829534701
CAGAAGC,0.219459984082481
CAGAAGG,0.175579667029069
CAGAAGT,0.196238973502949
CAGAATA,0.213430216402589
CAGAATC,0.201569644127906
CAGAATG,0.207486787325968
CAGAATT,0.201322335046615
CAGACAA,0.216601899805843
CAGACAC,0.217028089983561
CAGACAG,0.177481279139421
CAGACAT,0.19772946326758
CAGACCA,0.202743527745723
CAGACCC,0.201322335046615
CAGACCG,0.212574580081353
CAGACCT,0.209144694814367
CAGACGA,0.204162703522239
CAGACGC,0.224185234390405
CAGACGG,0.205395134395739
CAGACGT,0.200332486649483
CAGACTA,0.210799858194377
CAGACTC,0.198783884341877
CAGACTG,0.195617279834576
CAGACTT,0.212207654565668
CAGAGAA,0.193999065135298
CAGAGAC,0.194621765338516
CAGAGAG,0.201322335046615
CAGAGAT,0.212513435177583
CAGAGCA,0.204655858152907
CAGAGCC,0.238466825782839
CAGAGCG,0.231291517884516
CAGAGCT,0.202311204612713
CAGAGGA,0.212635721246653
CAGAGGC,0.250371310341362
CAGAGGG,0.254718608737697
CAGAGGT,0.223399241599624
CAGAGTA,0.194932970092133
CAGAGTC,0.180326934207102
CAGAGTG,0.219156320551366
CAGAGTT,0.213246927384285
CAGATAA,0.206503025026426
CAGATAC,0.205579868092788
CAGATAG,0.211840594366228
CAGATAT,0.21135097108794
CAGATCA,0.204655858152907
CAGATCC,0.216662795238773
CAGATCG,0.207794014678078
CAGATCT,0.192503000697803
CAGATGA,0.20447095366541
CAGATGC,0.222975758685822
CAGATGG,0.187938664976295
CAGATGT,0.201878694495571
CAGATTA,0.215809921541617
CAGATTC,0.208530975446057
CAGATTG,0.217210687328045
CAGATTT,0.206010780717876
CAGCAAA,0.202311204612713
CAGCAAC,0.197977662386368
CAGCAAG,0.221461854041144
CAGCAAT,0.208039728618031
CAGCACA,0.191129639310119
CAGCACC,0.210983596241566
CAGCACG,0.20045627129519
CAGCACT,0.185428795603718
CAGCAGA,0.222067690955622
CAGCAGC,0.163836669697502
CAGCAGG,0.222552096358259
CAGCAGT,0.213918822940034
CAGCATA,0.208285382197475
CAGCATC,0.188126651477019
CAGCATG,0.193438303228611
CAGCATT,0.201755085809725
CAGCCAA,0.203052215593033
CAGCCAC,0.16415760235094
CAGCCAG,0.206564538531456
CAGCCAT,0.227804909207058
CAGCCCA,0.221522454251987
CAGCCCC,0.212146487221469
CAGCCCG,0.227202539203535
CAGCCCT,0.204717485385149
CAGCCGA,0.244110988731084
CAGCCGC,0.267243098221315
CAGCCGG,0.236200210451795
CAGCCGT,0.204224361152794
CAGCCTA,0.209758037762219
CAGCCTC,0.224185234390405
CAGCCTG,0.208530975446057
CAGCCTT,0.206749056346336
CAGCGAA,0.232431044460051
CAGCGAC,0.226177676721242
CAGCGAG,0.206010780717876
CAGCGAT,0.214468220081082
CAGCGCA,0.237155201059062
CAGCGCC,0.227262792534743
CAGCGCG,0.249605640251895
CAGCGCT,0.241678993320807
CAGCGGA,0.213796693685383
CAGCGGC,0.234466961998908
CAGCGGG,0.258930349934831
CAGCGGT,0.246773461270236
CAGCGTA,0.209696720393196
CAGCGTC,0.254014924035671
CAGCGTG,0.257820639978537
CAGCGTT,0.212635721246653
CAGCTAA,0.210922353976834
CAGCTAC,0.199155767667429
CAGCTAG,0.209758037762219
CAGCTAT,0.209206046040452
CAGCTCA,0.21135097108794
CAGCTCC,0.235841853716193
CAGCTCG,0.234825811686626
CAGCTCT,0.207117989867025
CAGCTGA,0.216480097814095
CAGCTGC,0.232490983587964
CAGCTGG,0.22382254525156
CAGCTGT,0.240728315185144
CAGCTTA,0.210371004751079
CAGCTTC,0.219642137949465
CAGCTTG,0.18919124131687
CAGCTTT,0.201074964788413
CAGGAAA,0.18937899251965
CAGGAAC,0.197605340603312
CAGGAAG,0.179695265851282
CAGGAAT,0.190942216536617
CAGGACA,0.20249650884202
CAGGACC,0.200394380887666
CAGGACG,0.193126632907219
CAGGACT,0.205703004934356
CAGGAGA,0.196673929215831
CAGGAGC,0.200580040620155
CAGGAGG,0.293185790414211
CAGGAGT,0.213857760177153
CAGGATA,0.2020022879042
CAGGATC,0.206133864512921
CAGGATG,0.207240937466355
CAGGATT,0.234048141210093
CAGGCAA,0.207609689593682
CAGGCAC,0.176721068175645
CAGGCAG,0.233569273992644
CAGGCAT,0.206133864512921
CAGGCCA,0.22912884736733
CAGGCCC,0.214040937280952
CAGGCCG,0.239002904079926
CAGGCCT,0.244466394909074
CAGGCGA,0.21434615790956
CAGGCGC,0.229609845175076
CAGGCGG,0.26909386961881
CAGGCGT,0.229910351360348
CAGGCTA,0.215931805184553
CAGGCTC,0.216845459291198
CAGGCTG,0.184863205798368
CAGGCTT,0.207855448823486
CAGGGAA,0.233569273992644
CAGGGAC,0.227021757424064
CAGGGAG,0.24179776456527
CAGGGAT,0.235363844884108
CAGGGCA,0.187374493347523
CAGGGCC,0.271229562768028
CAGGGCG,0.233329754363779
CAGGGCT,0.266721951004328
CAGGGGA,0.251606924948768
CAGGGGC,0.301723205115223
CAGGGGG,0.273590826339696
CAGGGGT,0.266548174893537
CAGGGTA,0.217088959469774
CAGGGTC,0.250135781979374
CAGGGTG,0.360213397100844
CAGGGTT,0.28815286587842
CAGGTAA,0.208469582788309
CAGGTAC,0.225453611472807
CAGGTAG,0.246714372162228
CAGGTAT,0.218487936020768
CAGGTCA,0.223399241599624
CAGGTCC,0.251371687463554
CAGGTCG,0.21830557177088
CAGGTCT,0.205148769701957
CAGGTGA,0.236498742997767
CAGGTGC,0.249664558769214
CAGGTGG,0.336297359347966
CAGGTGT,0.244703262206265
CAGGTTA,0.202681778740031
CAGGTTC,0.237930459951664
CAGGTTG,0.238824243243433
CAGGTTT,0.20249650884202
CAGTAAA,0.204101042089786
CAGTAAC,0.208408186361271
CAGTAAG,0.201631461842882
CAGTAAT,0.213185823578564
CAGTACA,0.208285382197475
CAGTACC,0.217149825251119
CAGTACG,0.208899252263369
CAGTACT,0.208285382197475
CAGTAGA,0.232970367318017
CAGTAGC,0.194559512764296
CAGTAGG,0.227021757424064
CAGTAGT,0.215748974148838
CAGTATA,0.206687554190946
CAGTATC,0.203422515273386
CAGTATG,0.213918822940034
CAGTATT,0.212085316135598
CAGTCAA,0.209758037762219
CAGTCAC,0.206195400729801
CAGTCAG,0.227624236302151
CAGTCAT,0.223520203785567
CAGTCCA,0.18461172983364
CAGTCCC,0.18461172983364
CAGTCCG,0.227865126255488
CAGTCCT,0.2419165217048
CAGTCGA,0.218062367693486
CAGTCGC,0.21501731555064
CAGTCGG,0.221583050790667
CAGTCGT,0.223641151341429
CAGTCTA,0.212880248532285
CAGTCTC,0.234945399638658
CAGTCTG,0.210371004751079
CAGTCTT,0.215566109679822
CAGTGAA,0.211779404565124
CAGTGAC,0.198783884341877
CAGTGAG,0.204963956341979
CAGTGAT,0.216662795238773
CAGTGCA,0.221158797888902
CAGTGCC,0.234227657313179
CAGTGCG,0.217636618180694
CAGTGCT,0.212024141307596
CAGTGGA,0.227383288306862
CAGTGGC,0.227142282241644
CAGTGGG,0.208530975446057
CAGTGGT,0.261379031945926
CAGTGTA,0.201507822591264
CAGTGTC,0.19654967545855
CAGTGTG,0.242747427024603
CAGTGTT,0.197543273493287
CAGTTAA,0.213796693685383
CAGTTAC,0.198845874500902
CAGTTAG,0.217210687328045
CAGTTAT,0.200889396929202
CAGTTCA,0.20255826928865
CAGTTCC,0.216784574980998
CAGTTCG,0.220613065262824
CAGTTCT,0.210125863041116
CAGTTGA,0.212024141307596
CAGTTGC,0.207732576758284
CAGTTGG,0.206256933160208
CAGTTGT,0.211657013729195
CAGTTTA,0.211657013729195
CAGTTTC,0.206072324509101
CAGTTTG,0.204717485385149
CAGTTTT,0.193562944163505
CATAAAA,0.204532592293506
CATAAAC,0.206933540120673
CATAAAG,0.201816892062537
CATAAAT,0.207425330527285
CATAACA,0.206872049310735
CATAACC,0.202434744580801
CATAACG,0.210064568222715
CATAACT,0.204902344297656
CATAAGA,0.208101147670531
CATAAGC,0.212941371012086
CATAAGG,0.214224080837045
CATAAGT,0.206379986663468
CATAATA,0.209451413311989
CATAATC,0.207302405597942
CATAATG,0.224064352626135
CATAATT,0.208960618549041
CATACAA,0.203854358331618
CATACAC,0.195244078027482
CATACAG,0.205826126615109
CATACAT,0.214407190857718
CATACCA,0.208899252263369
CATACCC,0.204594227122515
CATACCG,0.211044834755913
CATACCT,0.211595812693453
CATACGA,0.210738604675732
CATACGC,0.216906339894724
CATACGG,0.208285382197475
CATACGT,0.217149825251119
CATACTA,0.210187154102692
CATACTC,0.209021981069124
CATACTG,0.209390077138102
CATACTT,0.207179465556204
CATAGAA,0.225513970271757
CATAGAC,0.22424566979333
CATAGAG,0.218123174258205
CATAGAT,0.227865126255488
CATAGCA,0.214285121236154
CATAGCC,0.209635399264123
CATAGCG,0.219884958170216
CATAGCT,0.204594227122515
CATAGGA,0.201816892062537
CATAGGC,0.211595812693453
CATAGGG,0.210983596241566
CATAGGT,0.206010780717876
CATAGTA,0.210248441407905
CATAGTC,0.206687554190946
CATAGTG,0.210003269647028
CATAGTT,0.210064568222715
CATATAA,0.21465128540696
CATATAC,0.207855448823486
CATATAG,0.210616086381313
CATATAT,0.21879180255289
CATATCA,0.207363869951431
CATATCC,0.211779404565124
CATATCG,0.211901780423369
CATATCT,0.215809921541617
CATATGA,0.206872049310735
CATATGC,0.212207654565668
CATATGG,0.214101988859899
CATATGT,0.203175664056206
CATATTA,0.212574580081353
CATATTC,0.205148769701957
CATATTG,0.216723686963674
CATATTT,0.206872049310735
CATCAAA,0.206318461804609
CATCAAC,0.210125863041116
CATCAAG,0.205333548912269
CATCAAT,0.205641438408907
CATCACA,0.204717485385149
CATCACC,0.219459984082481
CATCACG,0.215992741435616
CATCACT,0.209512745723981
CATCAGA,0.195741649492337
CATCAGC,0.198845874500902
CATCAGG,0.224547792033528
CATCAGT,0.204840728457056
CATCATA,0.21312471603894
CATCATC,0.209758037762219
CATCATG,0.216784574980998
CATCATT,0.216236449314385
CATCCAA,0.216541000664435
CATCCAC,0.197357049045906
CATCCAG,0.214956319829969
CATCCAT,0.229008561756871
CATCCCA,0.217210687328045
CATCCCC,0.224185234390405
CATCCCG,0.210432280789962
CATCCCT,0.203792677882641
CATCCGA,0.206318461804609
CATCCGC,0.221098175635731
CATCCGG,0.242688099535222
CATCCGT,0.220067034650018
CATCCTA,0.206995027149725
CATCCTC,0.189566708478532
CATCCTG,0.206810554719444
CATCCTT,0.20095125670851
CATCGAA,0.21617552791261
CATCGAC,0.205703004934356
CATCGAG,0.219884958170216
CATCGAT,0.222854730620692
CATCGCA,0.209635399264123
CATCGCC,0.206626048252807
CATCGCG,0.217149825251119
CATCGCT,0.20871513080819
CATCGGA,0.213185823578564
CATCGGC,0.211228527801234
CATCGGG,0.209083339824078
CATCGGT,0.214773310341911
CATCGTA,0.209206046040452
CATCGTC,0.208592364334978
CATCGTG,0.225513970271757
CATCGTT,0.214712299735696
CATCTAA,0.23159151921715
CATCTAC,0.2020022879042
CATCTAG,0.207056510398354
CATCTAT,0.193500625637978
CATCTCA,0.191441932559756
CATCTCC,0.197357049045906
CATCTCG,0.209083339824078
CATCTCT,0.209390077138102
CATCTGA,0.214773310341911
CATCTGC,0.217028089983561
CATCTGG,0.216662795238773
CATCTGT,0.270364290888011
CATCTTA,0.204902344297656
CATCTTC,0.214895320388593
CATCTTG,0.240312109132576
CATCTTT,0.220552409916079
CATGAAA,0.212574580081353
CATGAAC,0.229609845175076
CATGAAG,0.228647618089352
CATGAAT,0.222552096358259
CATGACA,0.214101988859899
CATGACC,0.214895320388593
CATGACG,0.209696720393196
CATGACT,0.213185823578564
CATGAGA,0.231231506816382
CATGAGC,0.222309922988015
CATGAGG,0.204963956341979
CATGAGT,0.226418915346348
CATGATA,0.20871513080819
CATGATC,0.206072324509101
CATGATG,0.217332400370448
CATGATT,0.214773310341911
CATGCAA,0.214101988859899
CATGCAC,0.233748876072972
CATGCAG,0.208960618549041
CATGCAT,0.252723547933683
CATGCCA,0.194061352607517
CATGCCC,0.216541000664435
CATGCCG,0.229850257347177
CATGCCT,0.221098175635731
CATGCGA,0.215200280392963
CATGCGC,0.240728315185144
CATGCGG,0.209206046040452
CATGCGT,0.236976209775667
CATGCTA,0.204902344297656
CATGCTC,0.251724522943375
CATGCTG,0.207732576758284
CATGCTT,0.217149825251119
CATGGAA,0.199217734778348
CATGGAC,0.193687569564971
CATGGAG,0.211534607911915
CATGGAT,0.201878694495571
CATGGCA,0.218366363549442
CATGGCC,0.222067690955622
CATGGCG,0.220309751731692
CATGGCT,0.231411529217882
CATGGGA,0.242569433996162
CATGGGC,0.21501731555064
CATGGGG,0.27186361998078
CATGGGT,0.215748974148838
CATGGTA,0.204039376854967
CATGGTC,0.237990070363934
CATGGTG,0.225513970271757
CATGGTT,0.220552409916079
CATGTAA,0.20447095366541
CATGTAC,0.234706209431604
CATGTAG,0.217758279395948
CATGTAT,0.233030274129072
CATGTCA,0.205210366565845
CATGTCC,0.246005030393184
CATGTCG,0.21434615790956
CATGTCT,0.216784574980998
CATGTGA,0.235483368515002
CATGTGC,0.334566983125589
CATGTGG,0.217454098600588
CATGTGT,0.476746675128258
CATGTTA,0.202928751888456
CATGTTC,0.192814865417152
CATGTTG,0.198845874500902
CATGTTT,0.218487936020768
CATTAAA,0.207732576758284
CATTAAC,0.209512745723981
CATTAAG,0.203422515273386
CATTAAT,0.2189740781613
CATTACA,0.205764567669601
CATTACC,0.208039728618031
CATTACG,0.210371004751079
CATTACT,0.212207654565668
CATTAGA,0.211228527801234
CATTAGC,0.22049175089004
CATTAGG,0.215078307551061
CATTAGT,0.205826126615109
CATTATA,0.205641438408907
CATTATC,0.20447095366541
CATTATG,0.207425330527285
CATTATT,0.209083339824078
CATTCAA,0.220249077984011
CATTCAC,0.208530975446057
CATTCAG,0.201816892062537
CATTCAT,0.204594227122515
CATTCCA,0.207732576758284
CATTCCC,0.20255826928865
CATTCCG,0.212391134152802
CATTCCT,0.201755085809725
CATTCGA,0.206195400729801
CATTCGC,0.221280031371185
CATTCGG,0.218852564780701
CATTCGT,0.215748974148838
CATTCTA,0.197667403861251
CATTCTC,0.20311394172956
CATTCTG,0.204655858152907
CATTCTT,0.195555089204785
CATTGAA,0.203977707817312
CATTGAC,0.224366529642972
CATTGAG,0.198845874500902
CATTGAT,0.303120431576866
CATTGCA,0.193874478550464
CATTGCC,0.191067168955237
CATTGCG,0.237930459951664
CATTGCT,0.21830557177088
CATTGGA,0.214224080837045
CATTGGC,0.210187154102692
CATTGGG,0.203052215593033
CATTGGT,0.216053673973678
CATTGTA,0.208346786164481
CATTGTC,0.219277797029421
CATTGTG,0.235602877861705
CATTGTT,0.22103754970728
CATTTAA,0.202249428904901
CATTTAC,0.20280527293871
CATTTAG,0.200146780946232
CATTTAT,0.201569644127906
CATTTCA,0.184108588104145
CATTTCC,0.206872049310735
CATTTCG,0.220127719443621
CATTTCT,0.195866003684209
CATTTGA,0.205025564590492
CATTTGC,0.213674549513355
CATTTGG,0.196798167536034
CATTTGT,0.231891430575976
CATTTTA,0.190254699010359
CATTTTC,0.195866003684209
CATTTTG,0.200518157872528
CATTTTT,0.185428795603718
CCAAAAA,0.196176821525864
CCAAAAC,0.215322238359306
CCAAAAG,0.194932970092133
CCAAAAT,0.205087169043662
CCAAACA,0.215139295831684
CCAAACC,0.196984496080206
CCAAACG,0.203052215593033
CCAAACT,0.212696858673938
CCAAAGA,0.20280527293871
CCAAAGC,0.199713333476998
CCAAAGG,0.188565149265006
CCAAAGT,0.188815633126665
CCAAATA,0.202681778740031
CCAAATC,0.197232880145113
CCAAATG,0.217088959469774
CCAAATT,0.20119865756652
CCAACAA,0.210309724957214
CCAACAC,0.202125866039385
CCAACAG,0.215078307551061
CCAACAT,0.196114665685671
CCAACCA,0.20871513080819
CCAACCC,0.192253438876477
CCAACCG,0.219277797029421
CCAACCT,0.210799858194377
CCAACGA,0.210003269647028
CCAACGC,0.207978305792999
CCAACGG,0.212024141307596
CCAACGT,0.20822397445979
CCAACTA,0.205025564590492
CCAACTC,0.19374987644188
CCAACTG,0.205949233138781
CCAACTT,0.216967216792028
CCAAGAA,0.200146780946232
CCAAGAC,0.199899119683884
CCAAGAG,0.205210366565845
CCAAGAT,0.195555089204785
CCAAGCA,0.201755085809725
CCAAGCC,0.217819104453481
CCAAGCG,0.222975758685822
CCAAGCT,0.205703004934356
CCAAGGA,0.197791518822779
CCAAGGC,0.198101738848533
CCAAGGG,0.249487792802059
CCAAGGT,0.198597890804788
CCAAGTA,0.198039702541821
CCAAGTC,0.205518293985532
CCAAGTG,0.219034829314984
CCAAGTT,0.205518293985532
CCAATAA,0.213246927384285
CCAATAC,0.209083339824078
CCAATAG,0.205518293985532
CCAATAT,0.201878694495571
CCAATCA,0.201878694495571
CCAATCC,0.199899119683884
CCAATCG,0.209206046040452
CCAATCT,0.215261261235352
CCAATGA,0.201569644127906
CCAATGC,0.209144694814367
CCAATGG,0.214101988859899
CCAATGT,0.208285382197475
CCAATTA,0.212085316135598
CCAATTC,0.220127719443621
CCAATTG,0.208530975446057
CCAATTT,0.216114602799192
CCACAAA,0.196611804267065
CCACAAC,0.206195400729801
CCACAAG,0.201136813089954
CCACAAT,0.205887681771347
CCACACA,0.201940493109302
CCACACC,0.215383211765276
CCACACG,0.216297367004969
CCACACT,0.213308027456558
CCACAGA,0.200889396929202
CCACAGC,0.242094630974672
CCACAGG,0.181967407023422
CCACAGT,0.237632354577645
CCACATA,0.206072324509101
CCACATC,0.202311204612713
CCACATG,0.213185823578564
CCACATT,0.209144694814367
CCACCAA,0.218244776296453
CCACCAC,0.226660095789415
CCACCAG,0.194932970092133
CCACCAT,0.215931805184553
CCACCCA,0.20280527293871
CCACCCC,0.176213939609443
CCACCCG,0.218123174258205
CCACCCT,0.237214857701374
CCACCGA,0.217028089983561
CCACCGC,0.238109280529328
CCACCGG,0.219338529735196
CCACCGT,0.198783884341877
CCACCTA,0.204409311237759
CCACCTC,0.198101738848533
CCACCTG,0.26155370857728
CCACCTT,0.225272513213768
CCACGAA,0.211228527801234
CCACGAC,0.202249428904901
CCACGAG,0.206626048252807
CCACGAT,0.206072324509101
CCACGCA,0.204717485385149
CCACGCC,0.272900301743886
CCACGCG,0.215505147425081
CCACGCT,0.211901780423369
CCACGGA,0.198039702541821
CCACGGC,0.192690131200322
CCACGGG,0.241322594924303
CCACGGT,0.236677819756307
CCACGTA,0.220127719443621
CCACGTC,0.215748974148838
CCACGTG,0.266721951004328
CCACGTT,0.223580679392037
CCACTAA,0.215809921541617
CCACTAC,0.210371004751079
CCACTAG,0.201816892062537
CCACTAT,0.210187154102692
CCACTCA,0.19081724850294
CCACTCC,0.224366529642972
CCACTCG,0.211901780423369
CCACTCT,0.2020022879042
CCACTGA,0.198721890339834
CCACTGC,0.244821674818388
CCACTGG,0.214101988859899
CCACTGT,0.246418874237997
CCACTTA,0.210799858194377
CCACTTC,0.221583050790667
CCACTTG,0.217697450638502
CCACTTT,0.221825400232655
CCAGAAA,0.190692264850302
CCAGAAC,0.195928174981639
CCAGAAG,0.186559016442627
CCAGAAT,0.201445997232483
CCAGACA,0.204963956341979
CCAGACC,0.213185823578564
CCAGACG,0.210861107961258
CCAGACT,0.203299097281736
CCAGAGA,0.172211289408459
CCAGAGC,0.222491558513721
CCAGAGG,0.216358280984814
CCAGAGT,0.213246927384285
CCAGATA,0.208408186361271
CCAGATC,0.210309724957214
CCAGATG,0.223036267225907
CCAGATT,0.208776508393406
CCAGCAA,0.199279698049581
CCAGCAC,0.184800342735703
CCAGCAG,0.217088959469774
CCAGCAT,0.187249078638201
CCAGCCA,0.198721890339834
CCAGCCC,0.21434615790956
CCAGCCG,0.280412841917538
CCAGCCT,0.228045755647279
CCAGCGA,0.217940743470609
CCAGCGC,0.248190553415453
CCAGCGG,0.244940073410625
CCAGCGT,0.243103318065117
CCAGCTA,0.213063604764957
CCAGCTC,0.243873981085492
CCAGCTG,0.222733687905997
CCAGCTT,0.204717485385149
CCAGGAA,0.177164594801633
CCAGGAC,0.186433499412373
CCAGGAG,0.242688099535222
CCAGGAT,0.188878244289844
CCAGGCA,0.17893673676047
CCAGGCC,0.264576598892583
CCAGGCG,0.253134621250107
CCAGGCT,0.148048665566601
CCAGGGA,0.237453448687836
CCAGGGC,0.248013526679112
CCAGGGG,0.269151651067436
CCAGGGT,0.323081734011779
CCAGGTA,0.208039728618031
CCAGGTC,0.206072324509101
CCAGGTG,0.258638440371302
CCAGGTT,0.199341657481606
CCAGTAA,0.218670267020001
CCAGTAC,0.213430216402589
CCAGTAG,0.219156320551366
CCAGTAT,0.20280527293871
CCAGTCA,0.205518293985532
CCAGTCC,0.217088959469774
CCAGTCG,0.218609493714026
CCAGTCT,0.215992741435616
CCAGTGA,0.192565381422926
CCAGTGC,0.196611804267065
CCAGTGG,0.215078307551061
CCAGTGT,0.185617254474092
CCAGTTA,0.206933540120673
CCAGTTC,0.219277797029421
CCAGTTG,0.210554821604619
CCAGTTT,0.213063604764957
CCATAAA,0.202681778740031
CCATAAC,0.204039376854967
CCATAAG,0.201940493109302
CCATAAT,0.206441507737252
CCATACA,0.212085316135598
CCATACC,0.217028089983561
CCATACG,0.210248441407905
CCATACT,0.208960618549041
CCATAGA,0.233449521349418
CCATAGC,0.214407190857718
CCATAGG,0.212329978030876
CCATAGT,0.215992741435616
CCATATA,0.216541000664435
CCATATC,0.214224080837045
CCATATG,0.214956319829969
CCATATT,0.213796693685383
CCATCAA,0.203854358331618
CCATCAC,0.216662795238773
CCATCAG,0.212207654565668
CCATCAT,0.224789424122838
CCATCCA,0.200518157872528
CCATCCC,0.244703262206265
CCATCCG,0.217028089983561
CCATCCT,0.213674549513355
CCATCGA,0.215261261235352
CCATCGC,0.201445997232483
CCATCGG,0.211044834755913
CCATCGT,0.203977707817312
CCATCTA,0.202620025921164
CCATCTC,0.187249078638201
CCATCTG,0.235244306965607
CCATCTT,0.259455572513043
CCATGAA,0.217514942162187
CCATGAC,0.215383211765276
CCATGAG,0.201693275736664
CCATGAT,0.205210366565845
CCATGCA,0.200022957982071
CCATGCC,0.198783884341877
CCATGCG,0.2403715777469
CCATGCT,0.218244776296453
CCATGGA,0.218366363549442
CCATGGC,0.241203767226586
CCATGGG,0.224306101544039
CCATGGT,0.22424566979333
CCATGTA,0.244347940217362
CCATGTC,0.240549962373722
CCATGTG,0.32302698626756
CCATGTT,0.188439883801935
CCATTAA,0.203854358331618
CCATTAC,0.215505147425081
CCATTAG,0.214895320388593
CCATTAT,0.208162562950963
CCATTCA,0.204902344297656
CCATTCC,0.216845459291198
CCATTCG,0.208346786164481
CCATTCT,0.208653749455535
CCATTGA,0.30339964275284
CCATTGC,0.212024141307596
CCATTGG,0.216114602799192
CCATTGT,0.210003269647028
CCATTTA,0.210493553074322
CCATTTC,0.191629261707262
CCATTTG,0.197046597880545
CCATTTT,0.205087169043662
CCCAAAA,0.194372731785962
CCCAAAC,0.221643643657629
CCCAAAG,0.191629261707262
CCCAAAT,0.194559512764296
CCCAACA,0.208653749455535
CCCAACC,0.21501731555064
CCCAACG,0.211473399384123
CCCAACT,0.197294966522749
CCCAAGA,0.195679466596933
CCCAAGC,0.203792677882641
CCCAAGG,0.21830557177088
CCCAAGT,0.199031821924633
CCCAATA,0.203792677882641
CCCAATC,0.205764567669601
CCCAATG,0.210493553074322
CCCAATT,0.219642137949465
CCCACAA,0.195866003684209
CCCACAC,0.199217734778348
CCCACAG,0.225815709630833
CCCACAT,0.205210366565845
CCCACCA,0.199713333476998
CCCACCC,0.176784441167315
CCCACCG,0.213063604764957
CCCACCT,0.21465128540696
CCCACGA,0.224849823023445
CCCACGC,0.249487792802059
CCCACGG,0.199093796716349
CCCACGT,0.257762200065053
CCCACTA,0.222794211094762
CCCACTC,0.190129645024052
CCCACTG,0.225453611472807
CCCACTT,0.209696720393196
CCCAGAA,0.183227480471378
CCCAGAC,0.194808499812253
CCCAGAG,0.181967407023422
CCCAGAT,0.200022957982071
CCCAGCA,0.192627758256937
CCCAGCC,0.207302405597942
CCCAGCG,0.217636618180694
CCCAGCT,0.216845459291198
CCCAGGA,0.196736050305328
CCCAGGC,0.200580040620155
CCCAGGG,0.244407169317157
CCCAGGT,0.213735623464269
CCCAGTA,0.220795009231756
CCCAGTC,0.215809921541617
CCCAGTG,0.183479304738737
CCCAGTT,0.215383211765276
CCCATAA,0.203916034976352
CCCATAC,0.208408186361271
CCCATAG,0.208653749455535
CCCATAT,0.212024141307596
CCCATCA,0.211167300535288
CCCATCC,0.188314602645461
CCCATCG,0.202249428904901
CCCATCT,0.17893673676047
CCCATGA,0.194746258862012
CCCATGC,0.199279698049581
CCCATGG,0.236319634164998
CCCATGT,0.265272893188673
CCCATTA,0.210432280789962
CCCATTC,0.211901780423369
CCCATTG,0.297632095056119
CCCATTT,0.18937899251965
CCCCAAA,0.211718211019599
CCCCAAC,0.209696720393196
CCCCAAG,0.194123636200248
CCCCAAT,0.20447095366541
CCCCACA,0.189128649748346
CCCCACC,0.165824793846868
CCCCACG,0.241738380706364
CCCCACT,0.21465128540696
CCCCAGA,0.188753018043083
CCCCAGC,0.197357049045906
CCCCAGG,0.179884808257072
CCCCAGT,0.23159151921715
CCCCATA,0.21465128540696
CCCCATC,0.150914166335909
CCCCATG,0.196176821525864
CCCCATT,0.277838557081941
CCCCCAA,0.198349845597505
CCCCCAC,0.213491305277259
CCCCCAG,0.22575536904231
CCCCCAT,0.194621765338516
CCCCCCA,0.216053673973678
CCCCCCC,0.261786563299554
CCCCCCG,0.272094086599838
CCCCCCT,0.212696858673938
CCCCCGA,0.259572251188705
CCCCCGC,0.323738473258402
CCCCCGG,0.295552109649434
CCCCCGT,0.229609845175076
CCCCCTA,0.204779108819709
CCCCCTC,0.204101042089786
CCCCCTG,0.224366529642972
CCCCCTT,0.220734364920217
CCCCGAA,0.216480097814095
CCCCGAC,0.266895696922228
CCCCGAG,0.275372477705539
CCCCGAT,0.287642505343335
CCCCGCA,0.234646402939404
CCCCGCC,0.304013633062561
CCCCGCG,0.376018547856681
CCCCGCT,0.24179776456527
CCCCGGA,0.257586859830465
CCCCGGC,0.312625470667968
CCCCGGG,0.33229131087584
CCCCGGT,0.23159151921715
CCCCGTA,0.207117989867025
CCCCGTC,0.242628768525881
CCCCGTG,0.230270839622018
CCCCGTT,0.233808736265595
CCCCTAA,0.196176821525864
CCCCTAC,0.203669305570081
CCCCTAG,0.202620025921164
CCCCTAT,0.205271959635793
CCCCTCA,0.19816377130698
CCCCTCC,0.258404851352894
CCCCTCG,0.253017188973103
CCCCTCT,0.190567265574797
CCCCTGA,0.218852564780701
CCCCTGC,0.286734554096
CCCCTGG,0.223641151341429
CCCCTGT,0.240847199389806
CCCCTTA,0.211901780423369
CCCCTTC,0.273360704450829
CCCCTTG,0.227564004745854
CCCCTTT,0.19847387589195
CCCGAAA,0.203545918034915
CCCGAAC,0.21465128540696
CCCGAAG,0.227744688532316
CCCGAAT,0.211962962737006
CCCGACA,0.215200280392963
CCCGACC,0.260913078371205
CCCGACG,0.246300650614643
CCCGACT,0.223338755019267
CCCGAGA,0.205395134395739
CCCGAGC,0.278296692326745
CCCGAGG,0.23757272283734
CCCGAGT,0.233868592875189
CCCGATA,0.245413527647078
CCCGATC,0.236080772474865
CCCGATG,0.21465128540696
CCCGATT,0.222673161053954
CCCGCAA,0.223157273323336
CCCGCAC,0.209451413311989
CCCGCAG,0.246537083886179
CCCGCAT,0.22382254525156
CCCGCCA,0.230931397443893
CCCGCCC,0.286904857760978
CCCGCCG,0.372585709700275
CCCGCCT,0.279841351046438
CCCGCGA,0.219763555430048
CCCGCGC,0.320011235098106
CCCGCGG,0.395353659715729
CCCGCGT,0.287699224933768
CCCGCTA,0.210125863041116
CCCGCTC,0.261728354702037
CCCGCTG,0.241441408503676
CCCGCTT,0.225634676941205
CCCGGAA,0.197853570527324
CCCGGAC,0.229309248658692
CCCGGAG,0.271402527336845
CCCGGAT,0.232490983587964
CCCGGCA,0.249900198130708
CCCGGCC,0.358576786741964
CCCGGCG,0.341255577001879
CCCGGCT,0.285712122586168
CCCGGGA,0.271978859929667
CCCGGGC,0.314394199624457
CCCGGGG,0.398201636813936
CCCGGGT,0.271171901262952
CCCGGTA,0.213491305277259
CCCGGTC,0.271287220948447
CCCGGTG,0.230270839622018
CCCGGTT,0.208837882211645
CCCGTAA,0.206318461804609
CCCGTAC,0.213369123795841
CCCGTAG,0.208837882211645
CCCGTAT,0.215809921541617
CCCGTCA,0.236737504883532
CCCGTCC,0.235184532647437
CCCGTCG,0.255070265486219
CCCGTCT,0.226599806131679
CCCGTGA,0.213185823578564
CCCGTGC,0.273590826339696
CCCGTGG,0.264286333117367
CCCGTGT,0.246596183470612
CCCGTTA,0.206872049310735
CCCGTTC,0.218731036632806
CCCGTTG,0.227865126255488
CCCGTTT,0.211779404565124
CCCTAAA,0.210554821604619
CCCTAAC,0.199341657481606
CCCTAAG,0.198597890804788
CCCTAAT,0.207916879194972
CCCTACA,0.216967216792028
CCCTACC,0.233689012296892
CCCTACG,0.218913323316688
CCCTACT,0.201136813089954
CCCTAGA,0.194497256314452
CCCTAGC,0.206010780717876
CCCTAGG,0.213613471832186
CCCTAGT,0.209512745723981
CCCTATA,0.203977707817312
CCCTATC,0.209696720393196
CCCTATG,0.205395134395739
CCCTATT,0.216297367004969
CCCTCAA,0.197543273493287
CCCTCAC,0.23159151921715
CCCTCAG,0.239836232860479
CCCTCAT,0.218427151632589
CCCTCCA,0.19081724850294
CCCTCCC,0.288549632962959
CCCTCCG,0.25858004823186
CCCTCCT,0.167808973200048
CCCTCGA,0.218852564780701
CCCTCGC,0.248662471559322
CCCTCGG,0.231231506816382
CCCTCGT,0.244525616993528
CCCTCTA,0.199837194783344
CCCTCTC,0.220188400554803
CCCTCTG,0.227443530748647
CCCTCTT,0.220855649865787
CCCTGAA,0.216297367004969
CCCTGAC,0.222794211094762
CCCTGAG,0.227804909207058
CCCTGAT,0.222491558513721
CCCTGCA,0.221340642601188
CCCTGCC,0.304459934805115
CCCTGCG,0.257528406252892
CCCTGCT,0.233389639649615
CCCTGGA,0.208960618549041
CCCTGGC,0.26213574374954
CCCTGGG,0.248426540325729
CCCTGGT,0.269960240980835
CCCTGTA,0.193500625637978
CCCTGTC,0.224849823023445
CCCTGTG,0.253838925462283
CCCTGTT,0.282011281016449
CCCTTAA,0.208101147670531
CCCTTAC,0.214040937280952
CCCTTAG,0.214468220081082
CCCTTAT,0.210677347404864
CCCTTCA,0.203730993628952
CCCTTCC,0.254014924035671
CCCTTCG,0.228166157118254
CCCTTCT,0.248721445671317
CCCTTGA,0.195803828521268
CCCTTGC,0.228587448143257
CCCTTGG,0.20871513080819
CCCTTGT,0.217819104453481
CCCTTTA,0.202249428904901
CCCTTTC,0.22043108818426
CCCTTTG,0.220552409916079
CCCTTTT,0.191192105762699
CCGAAAA,0.207117989867025
CCGAAAC,0.206503025026426
CCGAAAG,0.216601899805843
CCGAAAT,0.205025564590492
CCGAACA,0.207978305792999
CCGAACC,0.203237382573441
CCGAACG,0.233569273992644
CCGAACT,0.210493553074322
CCGAAGA,0.229489617411297
CCGAAGC,0.218001557431104
CCGAAGG,0.216480097814095
CCGAAGT,0.203360808181561
CCGAATA,0.208960618549041
CCGAATC,0.213552390420306
CCGAATG,0.212452286534885
CCGAATT,0.209696720393196
CCGACAA,0.210432280789962
CCGACAC,0.211412187109617
CCGACAG,0.227744688532316
CCGACAT,0.210432280789962
CCGACCA,0.212819122316297
CCGACCC,0.263008161816175
CCGACCG,0.228707784415243
CCGACCT,0.204717485385149
CCGACGA,0.211289751318632
CCGACGC,0.235363844884108
CCGACGG,0.23398829534701
CCGACGT,0.218366363549442
CCGACTA,0.229309248658692
CCGACTC,0.209758037762219
CCGACTG,0.228707784415243
CCGACTT,0.219156320551366
CCGAGAA,0.208346786164481
CCGAGAC,0.237691982762218
CCGAGAG,0.229850257347177
CCGAGAT,0.207056510398354
CCGAGCA,0.229549733100026
CCGAGCC,0.28195423787968
CCGAGCG,0.250489053723018
CCGAGCT,0.212268818168651
CCGAGGA,0.201755085809725
CCGAGGC,0.229068706370679
CCGAGGG,0.353650823070358
CCGAGGT,0.288322928191438
CCGAGTA,0.215078307551061
CCGAGTC,0.254659987254991
CCGAGTG,0.253662895907945
CCGAGTT,0.203237382573441
CCGATAA,0.221946552932238
CCGATAC,0.210432280789962
CCGATAG,0.241500810000032
CCGATAT,0.211412187109617
CCGATCA,0.215627068218393
CCGATCC,0.230330908366786
CCGATCG,0.207916879194972
CCGATCT,0.220795009231756
CCGATGA,0.210432280789962
CCGATGC,0.209144694814367
CCGATGG,0.217088959469774
CCGATGT,0.212268818168651
CCGATTA,0.210983596241566
CCGATTC,0.213308027456558
CCGATTG,0.213674549513355
CCGATTT,0.218244776296453
CCGCAAA,0.208653749455535
CCGCAAC,0.216601899805843
CCGCAAG,0.209696720393196
CCGCAAT,0.217393251336825
CCGCACA,0.214285121236154
CCGCACC,0.246477980808778
CCGCACG,0.229609845175076
CCGCACT,0.220795009231756
CCGCAGA,0.218548716714431
CCGCAGC,0.231891430575976
CCGCAGG,0.26329879878404
CCGCAGT,0.229369375191064
CCGCATA,0.211473399384123
CCGCATC,0.207363869951431
CCGCATG,0.216723686963674
CCGCATT,0.221401250157692
CCGCCAA,0.204963956341979
CCGCCAC,0.189691832877711
CCGCCAG,0.290926935236666
CCGCCAT,0.251077562768475
CCGCCCA,0.252547321913087
CCGCCCC,0.297856699423755
CCGCCCG,0.299875871836075
CCGCCCT,0.23655843881385
CCGCCGA,0.253017188973103
CCGCCGC,0.447351839138025
CCGCCGG,0.392650761403542
CCGCCGT,0.282866537827663
CCGCCTA,0.212024141307596
CCGCCTC,0.248544512900469
CCGCCTG,0.352588298322697
CCGCCTT,0.252547321913087
CCGCGAA,0.225030997840187
CCGCGAC,0.255948866714435
CCGCGAG,0.223580679392037
CCGCGAT,0.214590267355249
CCGCGCA,0.235483368515002
CCGCGCC,0.2720364749244
CCGCGCG,0.299931901801229
CCGCGCT,0.30339964275284
CCGCGGA,0.286961619204728
CCGCGGC,0.368931897247977
CCGCGGG,0.443767622013142
CCGCGGT,0.274855551008893
CCGCGTA,0.215627068218393
CCGCGTC,0.266084624241909
CCGCGTG,0.346510254647346
CCGCGTT,0.207117989867025
CCGCTAA,0.216906339894724
CCGCTAC,0.204717485385149
CCGCTAG,0.21135097108794
CCGCTAT,0.209880661221958
CCGCTCA,0.213185823578564
CCGCTCC,0.279212333633025
CCGCTCG,0.235423608485292
CCGCTCT,0.2606217470959
CCGCTGA,0.219034829314984
CCGCTGC,0.284233429099354
CCGCTGG,0.281554844786556
CCGCTGT,0.249134167101502
CCGCTTA,0.20871513080819
CCGCTTC,0.241619602408178
CCGCTTG,0.209941967313597
CCGCTTT,0.24547269366857
CCGGAAA,0.210003269647028
CCGGAAC,0.211534607911915
CCGGAAG,0.237870845985782
CCGGAAT,0.226117357970732
CCGGACA,0.216358280984814
CCGGACC,0.253075906835398
CCGGACG,0.219399258752734
CCGGACT,0.248544512900469
CCGGAGA,0.224306101544039
CCGGAGC,0.29149212756362
CCGGAGG,0.258755214422256
CCGGAGT,0.230871364760005
CCGGATA,0.216297367004969
CCGGATC,0.229850257347177
CCGGATG,0.217819104453481
CCGGATT,0.214040937280952
CCGGCAA,0.209451413311989
CCGGCAC,0.226840942956632
CCGGCAG,0.228828106208153
CCGGCAT,0.232550919123394
CCGGCCA,0.286507437416998
CCGGCCC,0.337053458426257
CCGGCCG,0.29070076883168
CCGGCCT,0.29746360866827
CCGGCGA,0.252723547933683
CCGGCGC,0.327397361681522
CCGGCGG,0.379129116566922
CCGGCGT,0.227082021648633
CCGGCTA,0.194434995988502
CCGGCTC,0.311186071289404
CCGGCTG,0.258112788328581
CCGGCTT,0.221885978417194
CCGGGAA,0.255070265486219
CCGGGAC,0.267532507140382
CCGGGAG,0.337916872214315
CCGGGAT,0.226660095789415
CCGGGCA,0.268862710431557
CCGGGCC,0.303064579985387
CCGGGCG,0.340072150815931
CCGGGCT,0.293185790414211
CCGGGGA,0.284859297057908
CCGGGGC,0.368094862286245
CCGGGGG,0.345600706117067
CCGGGGT,0.281269466312018
CCGGGTA,0.231051452000981
CCGGGTC,0.28058422551092
CCGGGTG,0.2432219202712
CCGGGTT,0.242806750994442
CCGGTAA,0.204840728457056
CCGGTAC,0.215809921541617
CCGGTAG,0.213002489756158
CCGGTAT,0.216906339894724
CCGGTCA,0.233329754363779
CCGGTCC,0.254484102185182
CCGGTCG,0.275831743882734
CCGGTCT,0.229369375191064
CCGGTGA,0.221704232853318
CCGGTGC,0.24476247026502
CCGGTGG,0.269324975383842
CCGGTGT,0.23828806913591
CCGGTTA,0.214163036711778
CCGGTTC,0.203607613705558
CCGGTTG,0.212513435177583
CCGGTTT,0.215688023041247
CCGTAAA,0.206872049310735
CCGTAAC,0.211657013729195
CCGTAAG,0.216053673973678
CCGTAAT,0.214712299735696
CCGTACA,0.207302405597942
CCGTACC,0.213430216402589
CCGTACG,0.208346786164481
CCGTACT,0.228647618089352
CCGTAGA,0.214834317226058
CCGTAGC,0.210922353976834
CCGTAGG,0.201816892062537
CCGTAGT,0.206687554190946
CCGTATA,0.211901780423369
CCGTATC,0.227262792534743
CCGTATG,0.207609689593682
CCGTATT,0.208653749455535
CCGTCAA,0.210554821604619
CCGTCAC,0.239181533002426
CCGTCAG,0.210064568222715
CCGTCAT,0.217940743470609
CCGTCCA,0.213063604764957
CCGTCCC,0.243814720396081
CCGTCCG,0.237632354577645
CCGTCCT,0.242688099535222
CCGTCGA,0.221764818378178
CCGTCGC,0.23840724378423
CCGTCGG,0.243696188480731
CCGTCGT,0.232670779418524
CCGTCTA,0.208899252263369
CCGTCTC,0.203669305570081
CCGTCTG,0.24795451080221
CCGTCTT,0.209267393502795
CCGTGAA,0.201322335046615
CCGTGAC,0.222915246484231
CCGTGAG,0.27989851483287
CCGTGAT,0.230030528553904
CCGTGCA,0.231651508685093
CCGTGCC,0.268226747006538
CCGTGCG,0.267532507140382
CCGTGCT,0.237691982762218
CCGTGGA,0.215870865220038
CCGTGGC,0.299539626102637
CCGTGGG,0.265098865061789
CCGTGGT,0.248249555364148
CCGTGTA,0.246714372162228
CCGTGTC,0.214163036711778
CCGTGTG,0.356461065876975
CCGTGTT,0.237155201059062
CCGTTAA,0.219642137949465
CCGTTAC,0.213979881974482
CCGTTAG,0.211779404565124
CCGTTAT,0.210738604675732
CCGTTCA,0.218366363549442
CCGTTCC,0.247659379163286
CCGTTCG,0.210309724957214
CCGTTCT,0.209512745723981
CCGTTGA,0.208776508393406
CCGTTGC,0.227021757424064
CCGTTGG,0.206133864512921
CCGTTGT,0.211044834755913
CCGTTTA,0.215505147425081
CCGTTTC,0.222188814306363
CCGTTTG,0.210003269647028
CCGTTTT,0.213369123795841
CCTAAAA,0.210309724957214
CCTAAAC,0.204840728457056
CCTAAAG,0.200022957982071
CCTAAAT,0.20070379462817
CCTAACA,0.197605340603312
CCTAACC,0.20045627129519
CCTAACG,0.216906339894724
CCTAACT,0.204840728457056
CCTAAGA,0.199961040749968
CCTAAGC,0.21465128540696
CCTAAGG,0.211840594366228
CCTAAGT,0.206564538531456
CCTAATA,0.203977707817312
CCTAATC,0.206195400729801
CCTAATG,0.239241068886565
CCTAATT,0.201693275736664
CCTACAA,0.209512745723981
CCTACAC,0.205887681771347
CCTACAG,0.205395134395739
CCTACAT,0.214529245580107
CCTACCA,0.217636618180694
CCTACCC,0.219520705724887
CCTACCG,0.224910218276245
CCTACCT,0.203175664056206
CCTACGA,0.209267393502795
CCTACGC,0.209819351371653
CCTACGG,0.219277797029421
CCTACGT,0.207302405597942
CCTACTA,0.219399258752734
CCTACTC,0.210677347404864
CCTACTG,0.198659892494297
CCTACTT,0.216906339894724
CCTAGAA,0.195057424881091
CCTAGAC,0.203422515273386
CCTAGAG,0.205826126615109
CCTAGAT,0.206995027149725
CCTAGCA,0.20020868667924
CCTAGCC,0.221401250157692
CCTAGCG,0.210187154102692
CCTAGCT,0.198969843291804
CCTAGGA,0.195803828521268
CCTAGGC,0.213063604764957
CCTAGGG,0.219702848532532
CCTAGGT,0.221401250157692
CCTAGTA,0.215078307551061
CCTAGTC,0.221401250157692
CCTAGTG,0.207363869951431
CCTAGTT,0.199713333476998
CCTATAA,0.199341657481606
CCTATAC,0.208837882211645
CCTATAG,0.211840594366228
CCTATAT,0.215322238359306
CCTATCA,0.21312471603894
CCTATCC,0.204162703522239
CCTATCG,0.208408186361271
CCTATCT,0.201755085809725
CCTATGA,0.208285382197475
CCTATGC,0.211657013729195
CCTATGG,0.226961489567499
CCTATGT,0.217454098600588
CCTATTA,0.209819351371653
CCTATTC,0.208285382197475
CCTATTG,0.221158797888902
CCTATTT,0.201693275736664
CCTCAAA,0.21501731555064
CCTCAAC,0.201260498218582
CCTCAAG,0.186370734988804
CCTCAAT,0.217210687328045
CCTCACA,0.199465564829931
CCTCACC,0.236797186448656
CCTCACG,0.207363869951431
CCTCACT,0.196673929215831
CCTCAGA,0.196984496080206
CCTCAGC,0.209819351371653
CCTCAGG,0.262891883373348
CCTCAGT,0.222188814306363
CCTCATA,0.208408186361271
CCTCATC,0.184360190612842
CCTCATG,0.224547792033528
CCTCATT,0.220552409916079
CCTCCAA,0.226117357970732
CCTCCAC,0.218427151632589
CCTCCAG,0.259572251188705
CCTCCAT,0.22912884736733
CCTCCCA,0.179379281983493
CCTCCCC,0.260097136822504
CCTCCCG,0.292169936961948
CCTCCCT,0.325596895636336
CCTCCGA,0.22103754970728
CCTCCGC,0.217210687328045
CCTCCGG,0.317426912306756
CCTCCGT,0.240014713001641
CCTCCTA,0.215322238359306
CCTCCTC,0.193126632907219
CCTCCTG,0.225513970271757
CCTCCTT,0.213979881974482
CCTCGAA,0.225393249030452
CCTCGAC,0.217149825251119
CCTCGAG,0.219459984082481
CCTCGAT,0.22049175089004
CCTCGCA,0.216236449314385
CCTCGCC,0.27571694711118
CCTCGCG,0.262833739081287
CCTCGCT,0.237990070363934
CCTCGGA,0.201755085809725
CCTCGGC,0.234287488853581
CCTCGGG,0.257645309991416
CCTCGGT,0.231711494554515
CCTCGTA,0.214529245580107
CCTCGTC,0.24700978279323
CCTCGTG,0.228226352417985
CCTCGTT,0.220976920103102
CCTCTAA,0.204409311237759
CCTCTAC,0.199155767667429
CCTCTAG,0.217758279395948
CCTCTAT,0.205025564590492
CCTCTCA,0.213002489756158
CCTCTCC,0.213308027456558
CCTCTCG,0.231891430575976
CCTCTCT,0.196363265869714
CCTCTGA,0.226720381812526
CCTCTGC,0.229309248658692
CCTCTGG,0.22623799183362
CCTCTGT,0.267300986706118
CCTCTTA,0.219217060634961
CCTCTTC,0.189003454856957
CCTCTTG,0.214529245580107
CCTCTTT,0.280698464924052
CCTGAAA,0.189629272635136
CCTGAAC,0.210064568222715
CCTGAAG,0.22103754970728
CCTGAAT,0.222733687905997
CCTGACA,0.193064287184638
CCTGACC,0.205025564590492
CCTGACG,0.220855649865787
CCTGACT,0.232790625348885
CCTGAGA,0.226539512838882
CCTGAGC,0.239538695151041
CCTGAGG,0.257937509560833
CCTGAGT,0.195181864182983
CCTGATA,0.206872049310735
CCTGATC,0.213369123795841
CCTGATG,0.212635721246653
CCTGATT,0.209696720393196
CCTGCAA,0.222915246484231
CCTGCAC,0.212329978030876
CCTGCAG,0.258521652682576
CCTGCAT,0.192565381422926
CCTGCCA,0.292508669454334
CCTGCCC,0.325815306674711
CCTGCCG,0.286677779761878
CCTGCCT,0.323300695020421
CCTGCGA,0.229369375191064
CCTGCGC,0.281497775606547
CCTGCGG,0.298305756874292
CCTGCGT,0.261495486423643
CCTGCTA,0.20767113506364
CCTGCTC,0.249193113403051
CCTGCTG,0.229850257347177
CCTGCTT,0.224729021573984
CCTGGAA,0.210677347404864
CCTGGAC,0.218609493714026
CCTGGAG,0.271805995025862
CCTGGAT,0.227142282241644
CCTGGCA,0.218548716714431
CCTGGCC,0.326743021764749
CCTGGCG,0.310909026029165
CCTGGCT,0.330553982741855
CCTGGGA,0.287869364404952
CCTGGGC,0.311241471132153
CCTGGGG,0.351631059831732
CCTGGGT,0.268053232219364
CCTGGTA,0.20020868667924
CCTGGTC,0.281668973376831
CCTGGTG,0.335540688151252
CCTGGTT,0.193126632907219
CCTGTAA,0.177354617438728
CCTGTAC,0.210922353976834
CCTGTAG,0.209021981069124
CCTGTAT,0.205025564590492
CCTGTCA,0.208960618549041
CCTGTCC,0.246005030393184
CCTGTCG,0.225574325427743
CCTGTCT,0.214712299735696
CCTGTGA,0.237214857701374
CCTGTGC,0.269382743480771
CCTGTGG,0.298474101443299
CCTGTGT,0.303790407474586
CCTGTTA,0.198535885270831
CCTGTTC,0.296452093764652
CCTGTTG,0.265910737334019
CCTGTTT,0.197915618381695
CCTTAAA,0.209144694814367
CCTTAAC,0.206318461804609
CCTTAAG,0.198659892494297
CCTTAAT,0.209206046040452
CCTTACA,0.205333548912269
CCTTACC,0.212513435177583
CCTTACG,0.209880661221958
CCTTACT,0.202620025921164
CCTTAGA,0.201631461842882
CCTTAGC,0.223701619634185
CCTTAGG,0.216541000664435
CCTTAGT,0.205087169043662
CCTTATA,0.207117989867025
CCTTATC,0.213613471832186
CCTTATG,0.212696858673938
CCTTATT,0.214407190857718
CCTTCAA,0.20447095366541
CCTTCAC,0.201569644127906
CCTTCAG,0.212329978030876
CCTTCAT,0.202434744580801
CCTTCCA,0.226358611145734
CCTTCCC,0.237393806277789
CCTTCCG,0.188565149265006
CCTTCCT,0.294932900388514
CCTTCGA,0.210677347404864
CCTTCGC,0.22569502481258
CCTTCGG,0.239241068886565
CCTTCGT,0.214712299735696
CCTTCTA,0.204902344297656
CCTTCTC,0.246005030393184
CCTTCTG,0.204902344297656
CCTTCTT,0.249016264073381
CCTTGAA,0.193126632907219
CCTTGAC,0.216967216792028
CCTTGAG,0.212880248532285
CCTTGAT,0.204286014981919
CCTTGCA,0.194559512764296
CCTTGCC,0.242806750994442
CCTTGCG,0.232850542928354
CCTTGCT,0.20119865756652
CCTTGGA,0.201940493109302
CCTTGGC,0.221946552932238
CCTTGGG,0.216358280984814
CCTTGGT,0.201816892062537
CCTTGTA,0.208837882211645
CCTTGTC,0.211473399384123
CCTTGTG,0.237155201059062
CCTTGTT,0.219945654013763
CCTTTAA,0.194310463706349
CCTTTAC,0.215444181453716
CCTTTAG,0.209880661221958
CCTTTAT,0.198659892494297
CCTTTCA,0.196176821525864
CCTTTCC,0.249369931462565
CCTTTCG,0.221946552932238
CCTTTCT,0.238705118283476
CCTTTGA,0.195492894707079
CCTTTGC,0.227142282241644
CCTTTGG,0.232490983587964
CCTTTGT,0.240193161293326
CCTTTTA,0.212513435177583
CCTTTTC,0.194123636200248
CCTTTTG,0.199155767667429
CCTTTTT,0.198535885270831
CGAAAAA,0.206933540120673
CGAAAAC,0.206441507737252
CGAAAAG,0.205641438408907
CGAAAAT,0.21501731555064
CGAAACA,0.207732576758284
CGAAACC,0.231051452000981
CGAAACG,0.210554821604619
CGAAACT,0.214101988859899
CGAAAGA,0.219520705724887
CGAAAGC,0.213552390420306
CGAAAGG,0.202064078880736
CGAAAGT,0.206318461804609
CGAAATA,0.208162562950963
CGAAATC,0.216967216792028
CGAAATG,0.215688023041247
CGAAATT,0.209451413311989
CGAACAA,0.208469582788309
CGAACAC,0.220006346173548
CGAACAG,0.208530975446057
CGAACAT,0.211962962737006
CGAACCA,0.214285121236154
CGAACCC,0.217575782022072
CGAACCG,0.209451413311989
CGAACCT,0.20871513080819
CGAACGA,0.211595812693453
CGAACGC,0.214712299735696
CGAACGG,0.220673716930721
CGAACGT,0.216480097814095
CGAACTA,0.217088959469774
CGAACTC,0.197357049045906
CGAACTG,0.206256933160208
CGAACTT,0.206010780717876
CGAAGAA,0.213063604764957
CGAAGAC,0.20767113506364
CGAAGAG,0.222188814306363
CGAAGAT,0.227323042235707
CGAAGCA,0.212452286534885
CGAAGCC,0.210983596241566
CGAAGCG,0.224366529642972
CGAAGCT,0.23207133422629
CGAAGGA,0.219277797029421
CGAAGGC,0.222188814306363
CGAAGGG,0.217636618180694
CGAAGGT,0.206072324509101
CGAAGTA,0.21617552791261
CGAAGTC,0.218487936020768
CGAAGTG,0.2020022879042
CGAAGTT,0.208408186361271
CGAATAA,0.210799858194377
CGAATAC,0.210677347404864
CGAATAG,0.210677347404864
CGAATAT,0.210309724957214
CGAATCA,0.209819351371653
CGAATCC,0.223762084270749
CGAATCG,0.212085316135598
CGAATCT,0.217028089983561
CGAATGA,0.207302405597942
CGAATGC,0.204963956341979
CGAATGG,0.227202539203535
CGAATGT,0.208469582788309
CGAATTA,0.208469582788309
CGAATTC,0.209390077138102
CGAATTG,0.209144694814367
CGAATTT,0.216541000664435
CGACAAA,0.206010780717876
CGACAAC,0.210187154102692
CGACAAG,0.210493553074322
CGACAAT,0.210738604675732
CGACACA,0.209635399264123
CGACACC,0.217332400370448
CGACACG,0.208162562950963
CGACACT,0.207363869951431
CGACAGA,0.225996709553559
CGACAGC,0.214529245580107
CGACAGG,0.221764818378178
CGACAGT,0.214040937280952
CGACATA,0.210922353976834
CGACATC,0.268111073827084
CGACATG,0.215078307551061
CGACATT,0.210738604675732
CGACCAA,0.218244776296453
CGACCAC,0.225936379886019
CGACCAG,0.21135097108794
CGACCAT,0.234287488853581
CGACCCA,0.215200280392963
CGACCCC,0.251548120765074
CGACCCG,0.231291517884516
CGACCCT,0.22587604657859
CGACCGA,0.207732576758284
CGACCGC,0.24156020796806
CGACCGG,0.236618131066555
CGACCGT,0.209512745723981
CGACCTA,0.216723686963674
CGACCTC,0.215992741435616
CGACCTG,0.206687554190946
CGACCTT,0.217819104453481
CGACGAA,0.210493553074322
CGACGAC,0.20767113506364
CGACGAG,0.208285382197475
CGACGAT,0.208530975446057
CGACGCA,0.205210366565845
CGACGCC,0.232670779418524
CGACGCG,0.223217770881565
CGACGCT,0.224003906263909
CGACGGA,0.228767947121364
CGACGGC,0.223278264780061
CGACGGG,0.257060654586008
CGACGGT,0.217088959469774
CGACGTA,0.211289751318632
CGACGTC,0.217758279395948
CGACGTG,0.218123174258205
CGACGTT,0.207425330527285
CGACTAA,0.211412187109617
CGACTAC,0.228948413525471
CGACTAG,0.211595812693453
CGACTAT,0.211044834755913
CGACTCA,0.215078307551061
CGACTCC,0.225272513213768
CGACTCG,0.205271959635793
CGACTCT,0.212696858673938
CGACTGA,0.211534607911915
CGACTGC,0.220795009231756
CGACTGG,0.229910351360348
CGACTGT,0.22442695409057
CGACTTA,0.210432280789962
CGACTTC,0.224789424122838
CGACTTG,0.232131294918153
CGACTTT,0.210309724957214
CGAGAAA,0.214101988859899
CGAGAAC,0.208101147670531
CGAGAAG,0.209880661221958
CGAGAAT,0.215383211765276
CGAGACA,0.209451413311989
CGAGACC,0.221885978417194
CGAGACG,0.235543124973664
CGAGACT,0.212696858673938
CGAGAGA,0.214773310341911
CGAGAGC,0.204963956341979
CGAGAGG,0.216723686963674
CGAGAGT,0.216662795238773
CGAGATA,0.210003269647028
CGAGATC,0.234167822192749
CGAGATG,0.23261085106677
CGAGATT,0.235901588757527
CGAGCAA,0.214956319829969
CGAGCAC,0.210432280789962
CGAGCAG,0.21465128540696
CGAGCAT,0.221461854041144
CGAGCCA,0.217149825251119
CGAGCCC,0.239836232860479
CGAGCCG,0.258696829101301
CGAGCCT,0.238705118283476
CGAGCGA,0.214163036711778
CGAGCGC,0.220006346173548
CGAGCGG,0.260038829799857
CGAGCGT,0.237453448687836
CGAGCTA,0.206687554190946
CGAGCTC,0.233449521349418
CGAGCTG,0.232011369938927
CGAGCTT,0.206810554719444
CGAGGAA,0.194684014037593
CGAGGAC,0.203360808181561
CGAGGAG,0.206687554190946
CGAGGAT,0.199775266047874
CGAGGCA,0.216662795238773
CGAGGCC,0.284517963095158
CGAGGCG,0.264344393013139
CGAGGCT,0.250371310341362
CGAGGGA,0.222673161053954
CGAGGGC,0.310521033672715
CGAGGGG,0.281041104880452
CGAGGGT,0.282011281016449
CGAGGTA,0.226177676721242
CGAGGTC,0.213857760177153
CGAGGTG,0.293580566009778
CGAGGTT,0.228406916579386
CGAGTAA,0.20822397445979
CGAGTAC,0.216236449314385
CGAGTAG,0.22442695409057
CGAGTAT,0.214163036711778
CGAGTCA,0.216053673973678
CGAGTCC,0.269671533918723
CGAGTCG,0.228587448143257
CGAGTCT,0.211901780423369
CGAGTGA,0.205333548912269
CGAGTGC,0.237334160310312
CGAGTGG,0.248249555364148
CGAGTGT,0.233868592875189
CGAGTTA,0.212085316135598
CGAGTTC,0.212635721246653
CGAGTTG,0.210187154102692
CGAGTTT,0.207794014678078
CGATAAA,0.221946552932238
CGATAAC,0.210861107961258
CGATAAG,0.208346786164481
CGATAAT,0.217271545701004
CGATACA,0.21135097108794
CGATACC,0.210677347404864
CGATACG,0.210432280789962
CGATACT,0.211228527801234
CGATAGA,0.240966069462695
CGATAGC,0.211044834755913
CGATAGG,0.210064568222715
CGATAGT,0.209758037762219
CGATATA,0.211044834755913
CGATATC,0.210738604675732
CGATATG,0.210554821604619
CGATATT,0.209819351371653
CGATCAA,0.216053673973678
CGATCAC,0.215931805184553
CGATCAG,0.213979881974482
CGATCAT,0.210248441407905
CGATCCA,0.211534607911915
CGATCCC,0.229910351360348
CGATCCG,0.222007123778233
CGATCCT,0.205333548912269
CGATCGA,0.211534607911915
CGATCGC,0.21501731555064
CGATCGG,0.222794211094762
CGATCGT,0.216601899805843
CGATCTA,0.223399241599624
CGATCTC,0.214224080837045
CGATCTG,0.267474632056782
CGATCTT,0.206564538531456
CGATGAA,0.209021981069124
CGATGAC,0.214163036711778
CGATGAG,0.216114602799192
CGATGAT,0.210125863041116
CGATGCA,0.215444181453716
CGATGCC,0.220673716930721
CGATGCG,0.21501731555064
CGATGCT,0.208776508393406
CGATGGA,0.219399258752734
CGATGGC,0.248131547985323
CGATGGG,0.206318461804609
CGATGGT,0.21501731555064
CGATGTA,0.211228527801234
CGATGTC,0.219459984082481
CGATGTG,0.228767947121364
CGATGTT,0.205456716086671
CGATTAA,0.210738604675732
CGATTAC,0.211106069520334
CGATTAG,0.207978305792999
CGATTAT,0.210554821604619
CGATTCA,0.208408186361271
CGATTCC,0.220127719443621
CGATTCG,0.208469582788309
CGATTCT,0.203299097281736
CGATTGA,0.210371004751079
CGATTGC,0.221764818378178
CGATTGG,0.222491558513721
CGATTGT,0.208776508393406
CGATTTA,0.210003269647028
CGATTTC,0.222612630538189
CGATTTG,0.212880248532285
CGATTTT,0.206933540120673
CGCAAAA,0.205518293985532
CGCAAAC,0.218366363549442
CGCAAAG,0.207609689593682
CGCAAAT,0.209941967313597
CGCAACA,0.212635721246653
CGCAACC,0.210983596241566
CGCAACG,0.210003269647028
CGCAACT,0.22828654409446
CGCAAGA,0.205764567669601
CGCAAGC,0.211167300535288
CGCAAGG,0.221583050790667
CGCAAGT,0.206010780717876
CGCAATA,0.215627068218393
CGCAATC,0.207486787325968
CGCAATG,0.221098175635731
CGCAATT,0.210371004751079
CGCACAA,0.206749056346336
CGCACAC,0.217454098600588
CGCACAG,0.215870865220038
CGCACAT,0.244229471492474
CGCACCA,0.203299097281736
CGCACCC,0.240312109132576
CGCACCG,0.213735623464269
CGCACCT,0.209328737201858
CGCACGA,0.221825400232655
CGCACGC,0.233389639649615
CGCACGG,0.202990485646156
CGCACGT,0.219945654013763
CGCACTA,0.210003269647028
CGCACTC,0.232011369938927
CGCACTG,0.221158797888902
CGCACTT,0.217332400370448
CGCAGAA,0.216358280984814
CGCAGAC,0.207794014678078
CGCAGAG,0.222794211094762
CGCAGAT,0.205395134395739
CGCAGCA,0.222007123778233
CGCAGCC,0.272554860554545
CGCAGCG,0.247068854448781
CGCAGCT,0.201507822591264
CGCAGGA,0.227443530748647
CGCAGGC,0.26920942917756
CGCAGGG,0.286961619204728
CGCAGGT,0.265910737334019
CGCAGTA,0.204717485385149
CGCAGTC,0.240252636981524
CGCAGTG,0.226177676721242
CGCAGTT,0.212635721246653
CGCATAA,0.210677347404864
CGCATAC,0.216297367004969
CGCATAG,0.209635399264123
CGCATAT,0.208039728618031
CGCATCA,0.210064568222715
CGCATCC,0.20119865756652
CGCATCG,0.211840594366228
CGCATCT,0.21312471603894
CGCATGA,0.210187154102692
CGCATGC,0.221219416467238
CGCATGG,0.224729021573984
CGCATGT,0.23021076726878
CGCATTA,0.217028089983561
CGCATTC,0.212207654565668
CGCATTG,0.222612630538189
CGCATTT,0.210125863041116
CGCCAAA,0.211106069520334
CGCCAAC,0.215200280392963
CGCCAAG,0.203237382573441
CGCCAAT,0.206318461804609
CGCCACA,0.201136813089954
CGCCACC,0.213308027456558
CGCCACG,0.222007123778233
CGCCACT,0.190504760077249
CGCCAGA,0.248249555364148
CGCCAGC,0.285257372816003
CGCCAGG,0.315442904162438
CGCCAGT,0.241678993320807
CGCCATA,0.210616086381313
CGCCATC,0.263356916042605
CGCCATG,0.227142282241644
CGCCATT,0.233090177351516
CGCCCAA,0.211718211019599
CGCCCAC,0.251900894009436
CGCCCAG,0.247305106182562
CGCCCAT,0.199527512747182
CGCCCCA,0.221219416467238
CGCCCCC,0.28633706605066
CGCCCCG,0.275544727240756
CGCCCCT,0.253545525654693
CGCCCGA,0.241144348082299
CGCCCGC,0.28389188140325
CGCCCGG,0.301779131672797
CGCCCGT,0.270479703739122
CGCCCTA,0.216053673973678
CGCCCTC,0.248190553415453
CGCCCTG,0.22442695409057
CGCCCTT,0.240728315185144
CGCCGAA,0.206933540120673
CGCCGAC,0.236021048136437
CGCCGAG,0.288492961588183
CGCCGAT,0.210799858194377
CGCCGCA,0.221825400232655
CGCCGCC,0.44865640188159
CGCCGCG,0.402660706091965
CGCCGCT,0.299539626102637
CGCCGGA,0.246005030393184
CGCCGGC,0.348487005211858
CGCCGGG,0.387120253297929
CGCCGGT,0.23261085106677
CGCCGTA,0.220734364920217
CGCCGTC,0.258930349934831
CGCCGTG,0.293298599345246
CGCCGTT,0.22569502481258
CGCCTAA,0.213185823578564
CGCCTAC,0.202743527745723
CGCCTAG,0.220309751731692
CGCCTAT,0.212757992363668
CGCCTCA,0.219702848532532
CGCCTCC,0.299035045417655
CGCCTCG,0.240252636981524
CGCCTCT,0.243103318065117
CGCCTGA,0.234107983491863
CGCCTGC,0.289512555277156
CGCCTGG,0.353119701816376
CGCCTGT,0.266142579825931
CGCCTTA,0.214834317226058
CGCCTTC,0.233808736265595
CGCCTTG,0.261029587120785
CGCCTTT,0.27801038239592
CGCGAAA,0.21434615790956
CGCGAAC,0.215566109679822
CGCGAAG,0.216723686963674
CGCGAAT,0.210799858194377
CGCGACA,0.219884958170216
CGCGACC,0.255948866714435
CGCGACG,0.228587448143257
CGCGACT,0.230330908366786
CGCGAGA,0.234706209431604
CGCGAGC,0.238347658235394
CGCGAGG,0.267821832326159
CGCGAGT,0.222188814306363
CGCGATA,0.210983596241566
CGCGATC,0.215688023041247
CGCGATG,0.217454098600588
CGCGATT,0.206749056346336
CGCGCAA,0.226298303308304
CGCGCAC,0.223762084270749
CGCGCAG,0.258346445571697
CGCGCAT,0.206195400729801
CGCGCCA,0.219277797029421
CGCGCCC,0.293636949803316
CGCGCCG,0.350939150613894
CGCGCCT,0.264750717924294
CGCGCGA,0.232730704179085
CGCGCGC,0.315111853105962
CGCGCGG,0.337107443633845
CGCGCGT,0.246714372162228
CGCGCTA,0.216236449314385
CGCGCTC,0.289682386535002
CGCGCTG,0.304571479125003
CGCGCTT,0.244703262206265
CGCGGAA,0.211595812693453
CGCGGAC,0.253369444441192
CGCGGAG,0.293918821093877
CGCGGAT,0.215931805184553
CGCGGCA,0.243281216099728
CGCGGCC,0.350939150613894
CGCGGCG,0.382333238315709
CGCGGCT,0.265388895116767
CGCGGGA,0.253017188973103
CGCGGGC,0.376485750432926
CGCGGGG,0.439634700143394
CGCGGGT,0.294200612955403
CGCGGTA,0.216114602799192
CGCGGTC,0.260738289791089
CGCGGTG,0.249134167101502
CGCGGTT,0.23063119797873
CGCGTAA,0.217940743470609
CGCGTAC,0.214101988859899
CGCGTAG,0.208899252263369
CGCGTAT,0.223096772104931
CGCGTCA,0.232251205517102
CGCGTCC,0.291548629230956
CGCGTCG,0.213918822940034
CGCGTCT,0.264518552477486
CGCGTGA,0.274970446702858
CGCGTGC,0.351205326202274
CGCGTGG,0.299595674910268
CGCGTGT,0.286280269144292
CGCGTTA,0.209758037762219
CGCGTTC,0.208346786164481
CGCGTTG,0.219277797029421
CGCGTTT,0.198101738848533
CGCTAAA,0.210861107961258
CGCTAAC,0.229068706370679
CGCTAAG,0.226720381812526
CGCTAAT,0.222007123778233
CGCTACA,0.215627068218393
CGCTACC,0.213002489756158
CGCTACG,0.210677347404864
CGCTACT,0.207548240347946
CGCTAGA,0.214407190857718
CGCTAGC,0.227624236302151
CGCTAGG,0.207916879194972
CGCTAGT,0.209941967313597
CGCTATA,0.208776508393406
CGCTATC,0.209819351371653
CGCTATG,0.216662795238773
CGCTATT,0.210493553074322
CGCTCAA,0.212207654565668
CGCTCAC,0.20767113506364
CGCTCAG,0.215748974148838
CGCTCAT,0.23159151921715
CGCTCCA,0.239181533002426
CGCTCCC,0.296227173659276
CGCTCCG,0.275257628196573
CGCTCCT,0.257645309991416
CGCTCGA,0.222491558513721
CGCTCGC,0.239776732400465
CGCTCGG,0.288379609202786
CGCTCGT,0.217088959469774
CGCTCTA,0.209021981069124
CGCTCTC,0.253134621250107
CGCTCTG,0.234526779223483
CGCTCTT,0.23207133422629
CGCTGAA,0.20871513080819
CGCTGAC,0.236379340673767
CGCTGAG,0.242332060665155
CGCTGAT,0.210983596241566
CGCTGCA,0.223217770881565
CGCTGCC,0.265736820184214
CGCTGCG,0.258930349934831
CGCTGCT,0.24618241301281
CGCTGGA,0.215383211765276
CGCTGGC,0.246655279562491
CGCTGGG,0.313841807810051
CGCTGGT,0.245058457986295
CGCTGTA,0.206933540120673
CGCTGTC,0.264344393013139
CGCTGTG,0.28052710090999
CGCTGTT,0.226660095789415
CGCTTAA,0.211595812693453
CGCTTAC,0.209144694814367
CGCTTAG,0.208285382197475
CGCTTAT,0.209819351371653
CGCTTCA,0.213246927384285
CGCTTCC,0.259338880221878
CGCTTCG,0.232730704179085
CGCTTCT,0.214101988859899
CGCTTGA,0.199527512747182
CGCTTGC,0.213979881974482
CGCTTGG,0.224970609881679
CGCTTGT,0.22912884736733
CGCTTTA,0.208346786164481
CGCTTTC,0.216906339894724
CGCTTTG,0.240966069462695
CGCTTTT,0.210064568222715
CGGAAAA,0.213002489756158
CGGAAAC,0.204224361152794
CGGAAAG,0.227503769561498
CGGAAAT,0.211901780423369
CGGAACA,0.212452286534885
CGGAACC,0.218548716714431
CGGAACG,0.217149825251119
CGGAACT,0.207363869951431
CGGAAGA,0.219642137949465
CGGAAGC,0.237393806277789
CGGAAGG,0.196922390422994
CGGAAGT,0.221158797888902
CGGAATA,0.210003269647028
CGGAATC,0.218244776296453
CGGAATG,0.22605703558165
CGGAATT,0.217697450638502
CGGACAA,0.209328737201858
CGGACAC,0.208899252263369
CGGACAG,0.221522454251987
CGGACAT,0.221885978417194
CGGACCA,0.216723686963674
CGGACCC,0.236976209775667
CGGACCG,0.242866071445157
CGGACCT,0.216114602799192
CGGACGA,0.226358611145734
CGGACGC,0.204162703522239
CGGACGG,0.258521652682576
CGGACGT,0.214224080837045
CGGACTA,0.209819351371653
CGGACTC,0.235782115106369
CGGACTG,0.231231506816382
CGGACTT,0.231231506816382
CGGAGAA,0.216662795238773
CGGAGAC,0.250135781979374
CGGAGAG,0.220370421798293
CGGAGAT,0.215261261235352
CGGAGCA,0.192939584077297
CGGAGCC,0.283664118113721
CGGAGCG,0.26759037887465
CGGAGCT,0.242806750994442
CGGAGGA,0.242866071445157
CGGAGGC,0.297014172800492
CGGAGGG,0.344529588799224
CGGAGGT,0.230931397443893
CGGAGTA,0.214895320388593
CGGAGTC,0.219642137949465
CGGAGTG,0.235064973291122
CGGAGTT,0.220067034650018
CGGATAA,0.210554821604619
CGGATAC,0.216114602799192
CGGATAG,0.217088959469774
CGGATAT,0.215809921541617
CGGATCA,0.224306101544039
CGGATCC,0.227564004745854
CGGATCG,0.216419191254372
CGGATCT,0.210554821604619
CGGATGA,0.237930459951664
CGGATGC,0.206503025026426
CGGATGG,0.192066226630007
CGGATGT,0.225151762818187
CGGATTA,0.21135097108794
CGGATTC,0.222249370480603
CGGATTG,0.206749056346336
CGGATTT,0.218670267020001
CGGCAAA,0.211228527801234
CGGCAAC,0.221461854041144
CGGCAAG,0.203916034976352
CGGCAAT,0.209206046040452
CGGCACA,0.215627068218393
CGGCACC,0.247482258361592
CGGCACG,0.219459984082481
CGGCACT,0.200084871380667
CGGCAGA,0.215139295831684
CGGCAGC,0.241382003478573
CGGCAGG,0.24547269366857
CGGCAGT,0.207056510398354
CGGCATA,0.210493553074322
CGGCATC,0.215809921541617
CGGCATG,0.229910351360348
CGGCATT,0.206072324509101
CGGCCAA,0.241084925407169
CGGCCAC,0.264112133201601
CGGCCAG,0.225030997840187
CGGCCAT,0.223701619634185
CGGCCCA,0.214285121236154
CGGCCCC,0.266721951004328
CGGCCCG,0.341470595013546
CGGCCCT,0.225815709630833
CGGCCGA,0.244644050641708
CGGCCGC,0.345118845296385
CGGCCGG,0.284290342375651
CGGCCGT,0.256065955242128
CGGCCTA,0.216541000664435
CGGCCTC,0.245058457986295
CGGCCTG,0.320011235098106
CGGCCTT,0.250959888663554
CGGCGAA,0.223338755019267
CGGCGAC,0.263066295967729
CGGCGAG,0.263066295967729
CGGCGAT,0.216480097814095
CGGCGCA,0.238824243243433
CGGCGCC,0.353438408418341
CGGCGCG,0.312625470667968
CGGCGCT,0.257411488846287
CGGCGGA,0.263647451681992
CGGCGGC,0.419555377037689
CGGCGGG,0.458410658171096
CGGCGGT,0.277838557081941
CGGCGTA,0.207609689593682
CGGCGTC,0.250135781979374
CGGCGTG,0.229249118510902
CGGCGTT,0.211412187109617
CGGCTAA,0.199465564829931
CGGCTAC,0.223338755019267
CGGCTAG,0.211901780423369
CGGCTAT,0.231171492146702
CGGCTCA,0.187562585924845
CGGCTCC,0.349180612584642
CGGCTCG,0.265272893188673
CGGCTCT,0.221764818378178
CGGCTGA,0.267358871840038
CGGCTGC,0.283436302936258
CGGCTGG,0.280069986588589
CGGCTGT,0.266374368579361
CGGCTTA,0.20767113506364
CGGCTTC,0.253252039738391
CGGCTTG,0.23207133422629
CGGCTTT,0.215748974148838
CGGGAAA,0.242569433996162
CGGGAAC,0.253897595095202
CGGGAAG,0.24795451080221
CGGGAAT,0.217514942162187
CGGGACA,0.234706209431604
CGGGACC,0.2435776425139
CGGGACG,0.2606217470959
CGGGACT,0.198721890339834
CGGGAGA,0.266142579825931
CGGGAGC,0.296283408428522
CGGGAGG,0.357625266252556
CGGGAGT,0.221219416467238
CGGGATA,0.208960618549041
CGGGATC,0.213613471832186
CGGGATG,0.238466825782839
CGGGATT,0.208960618549041
CGGGCAA,0.212452286534885
CGGGCAC,0.201940493109302
CGGGCAG,0.331314435220809
CGGGCAT,0.234586592870173
CGGGCCA,0.231291517884516
CGGGCCC,0.280869799577519
CGGGCCG,0.347312111030213
CGGGCCT,0.268053232219364
CGGGCGA,0.269498269664135
CGGGCGC,0.315001478394923
CGGGCGG,0.483344550681123
CGGGCGT,0.272727596065417
CGGGCTA,0.220976920103102
CGGGCTC,0.276806984733331
CGGGCTG,0.286109859067291
CGGGCTT,0.258521652682576
CGGGGAA,0.286166665652974
CGGGGAC,0.257937509560833
CGGGGAG,0.393518524889713
CGGGGAT,0.260038829799857
CGGGGCA,0.238705118283476
CGGGGCC,0.396168195445043
CGGGGCG,0.374199571117451
CGGGGCT,0.336243330388909
CGGGGGA,0.276290799231331
CGGGGGC,0.420251095172764
CGGGGGG,0.368618091236387
CGGGGGT,0.300827954554118
CGGGGTA,0.207363869951431
CGGGGTC,0.316159805701539
CGGGGTG,0.310354705140083
CGGGGTT,0.262775591408271
CGGGTAA,0.209819351371653
CGGGTAC,0.212513435177583
CGGGTAG,0.226660095789415
CGGGTAT,0.233629144936926
CGGGTCA,0.252841014696661
CGGGTCC,0.259338880221878
CGGGTCG,0.260097136822504
CGGGTCT,0.23063119797873
CGGGTGA,0.218609493714026
CGGGTGC,0.260738289791089
CGGGTGG,0.362373840549748
CGGGTGT,0.361794667371638
CGGGTTA,0.214712299735696
CGGGTTC,0.243518364260139
CGGGTTG,0.264866780438028
CGGGTTT,0.224366529642972
CGGTAAA,0.215566109679822
CGGTAAC,0.215748974148838
CGGTAAG,0.206564538531456
CGGTAAT,0.209267393502795
CGGTACA,0.210371004751079
CGGTACC,0.208408186361271
CGGTACG,0.212024141307596
CGGTACT,0.215139295831684
CGGTAGA,0.208592364334978
CGGTAGC,0.206810554719444
CGGTAGG,0.218852564780701
CGGTAGT,0.222128254464851
CGGTATA,0.211534607911915
CGGTATC,0.210371004751079
CGGTATG,0.221704232853318
CGGTATT,0.217210687328045
CGGTCAA,0.240431042824919
CGGTCAC,0.22623799183362
CGGTCAG,0.239181533002426
CGGTCAT,0.214224080837045
CGGTCCA,0.211289751318632
CGGTCCC,0.313289110690272
CGGTCCG,0.222370471829042
CGGTCCT,0.222491558513721
CGGTCGA,0.229790159722498
CGGTCGC,0.239836232860479
CGGTCGG,0.262659285917801
CGGTCGT,0.225513970271757
CGGTCTA,0.22424566979333
CGGTCTC,0.219399258752734
CGGTCTG,0.23261085106677
CGGTCTT,0.230691245081773
CGGTGAA,0.208776508393406
CGGTGAC,0.216906339894724
CGGTGAG,0.297351268636713
CGGTGAT,0.218609493714026
CGGTGCA,0.223580679392037
CGGTGCC,0.246714372162228
CGGTGCG,0.228226352417985
CGGTGCT,0.245117645018954
CGGTGGA,0.220249077984011
CGGTGGC,0.2359613202308
CGGTGGG,0.345065290869677
CGGTGGT,0.243992491929866
CGGTGTA,0.206318461804609
CGGTGTC,0.235423608485292
CGGTGTG,0.236856864452103
CGGTGTT,0.243518364260139
CGGTTAA,0.223580679392037
CGGTTAC,0.216297367004969
CGGTTAG,0.214956319829969
CGGTTAT,0.208837882211645
CGGTTCA,0.211657013729195
CGGTTCC,0.235841853716193
CGGTTCG,0.20871513080819
CGGTTCT,0.224849823023445
CGGTTGA,0.212207654565668
CGGTTGC,0.208346786164481
CGGTTGG,0.237155201059062
CGGTTGT,0.219642137949465
CGGTTTA,0.208960618549041
CGGTTTC,0.216784574980998
CGGTTTG,0.21830557177088
CGGTTTT,0.2381688802833
CGTAAAA,0.209021981069124
CGTAAAC,0.209512745723981
CGTAAAG,0.207179465556204
CGTAAAT,0.216358280984814
CGTAACA,0.210861107961258
CGTAACC,0.213857760177153
CGTAACG,0.211473399384123
CGTAACT,0.214590267355249
CGTAAGA,0.210677347404864
CGTAAGC,0.210309724957214
CGTAAGG,0.215322238359306
CGTAAGT,0.209696720393196
CGTAATA,0.211534607911915
CGTAATC,0.215139295831684
CGTAATG,0.215931805184553
CGTAATT,0.210309724957214
CGTACAA,0.211412187109617
CGTACAC,0.207425330527285
CGTACAG,0.205579868092788
CGTACAT,0.211044834755913
CGTACCA,0.209451413311989
CGTACCC,0.218609493714026
CGTACCG,0.217940743470609
CGTACCT,0.215688023041247
CGTACGA,0.218183977125711
CGTACGC,0.208101147670531
CGTACGG,0.207609689593682
CGTACGT,0.209880661221958
CGTACTA,0.217088959469774
CGTACTC,0.222612630538189
CGTACTG,0.214407190857718
CGTACTT,0.210554821604619
CGTAGAA,0.210799858194377
CGTAGAC,0.209390077138102
CGTAGAG,0.22575536904231
CGTAGAT,0.208837882211645
CGTAGCA,0.213185823578564
CGTAGCC,0.212207654565668
CGTAGCG,0.214163036711778
CGTAGCT,0.206133864512921
CGTAGGA,0.213369123795841
CGTAGGC,0.21135097108794
CGTAGGG,0.221401250157692
CGTAGGT,0.222309922988015
CGTAGTA,0.217940743470609
CGTAGTC,0.21501731555064
CGTAGTG,0.22049175089004
CGTAGTT,0.215444181453716
CGTATAA,0.210616086381313
CGTATAC,0.211840594366228
CGTATAG,0.208469582788309
CGTATAT,0.211901780423369
CGTATCA,0.217393251336825
CGTATCC,0.215688023041247
CGTATCG,0.208960618549041
CGTATCT,0.217514942162187
CGTATGA,0.210677347404864
CGTATGC,0.222309922988015
CGTATGG,0.216114602799192
CGTATGT,0.216358280984814
CGTATTA,0.211779404565124
CGTATTC,0.211106069520334
CGTATTG,0.215078307551061
CGTATTT,0.217758279395948
CGTCAAA,0.215444181453716
CGTCAAC,0.208653749455535
CGTCAAG,0.210861107961258
CGTCAAT,0.208346786164481
CGTCACA,0.224849823023445
CGTCACC,0.250194669270726
CGTCACG,0.207732576758284
CGTCACT,0.209451413311989
CGTCAGA,0.208837882211645
CGTCAGC,0.214895320388593
CGTCAGG,0.221280031371185
CGTCAGT,0.242688099535222
CGTCATA,0.209390077138102
CGTCATC,0.202249428904901
CGTCATG,0.229188984747259
CGTCATT,0.21617552791261
CGTCCAA,0.213857760177153
CGTCCAC,0.230691245081773
CGTCCAG,0.206749056346336
CGTCCAT,0.217514942162187
CGTCCCA,0.235841853716193
CGTCCCC,0.232910456917921
CGTCCCG,0.264344393013139
CGTCCCT,0.253604212503291
CGTCCGA,0.222309922988015
CGTCCGC,0.24156020796806
CGTCCGG,0.247836468598757
CGTCCGT,0.227624236302151
CGTCCTA,0.214834317226058
CGTCCTC,0.265736820184214
CGTCCTG,0.245886757830692
CGTCCTT,0.212268818168651
CGTCGAA,0.215748974148838
CGTCGAC,0.208039728618031
CGTCGAG,0.21909557677819
CGTCGAT,0.210371004751079
CGTCGCA,0.211901780423369
CGTCGCC,0.254014924035671
CGTCGCG,0.234347316814385
CGTCGCT,0.237513087540878
CGTCGGA,0.213246927384285
CGTCGGC,0.234766012347202
CGTCGGG,0.247364160395962
CGTCGGT,0.223036267225907
CGTCGTA,0.212085316135598
CGTCGTC,0.249841293495684
CGTCGTG,0.211412187109617
CGTCGTT,0.222188814306363
CGTCTAA,0.217636618180694
CGTCTAC,0.220855649865787
CGTCTAG,0.209635399264123
CGTCTAT,0.209451413311989
CGTCTCA,0.214407190857718
CGTCTCC,0.21879180255289
CGTCTCG,0.234586592870173
CGTCTCT,0.216541000664435
CGTCTGA,0.264634641938489
CGTCTGC,0.254894452569767
CGTCTGG,0.260446907582534
CGTCTGT,0.273072977600253
CGTCTTA,0.211718211019599
CGTCTTC,0.204594227122515
CGTCTTG,0.221946552932238
CGTCTTT,0.221280031371185
CGTGAAA,0.218062367693486
CGTGAAC,0.20311394172956
CGTGAAG,0.207179465556204
CGTGAAT,0.211595812693453
CGTGACA,0.208039728618031
CGTGACC,0.222128254464851
CGTGACG,0.216541000664435
CGTGACT,0.205764567669601
CGTGAGA,0.209941967313597
CGTGAGC,0.229309248658692
CGTGAGG,0.242866071445157
CGTGAGT,0.259397228069597
CGTGATA,0.221098175635731
CGTGATC,0.235244306965607
CGTGATG,0.274798098211149
CGTGATT,0.227443530748647
CGTGCAA,0.215200280392963
CGTGCAC,0.22569502481258
CGTGCAG,0.238585979131072
CGTGCAT,0.262252110143238
CGTGCCA,0.216297367004969
CGTGCCC,0.212207654565668
CGTGCCG,0.22521213983856
CGTGCCT,0.250606783242802
CGTGCGA,0.209144694814367
CGTGCGC,0.35444697640725
CGTGCGG,0.264170203211989
CGTGCGT,0.209758037762219
CGTGCTA,0.22043108818426
CGTGCTC,0.234048141210093
CGTGCTG,0.246064161429195
CGTGCTT,0.228045755647279
CGTGGAA,0.214101988859899
CGTGGAC,0.216419191254372
CGTGGAG,0.218123174258205
CGTGGAT,0.207425330527285
CGTGGCA,0.221461854041144
CGTGGCC,0.288662966078487
CGTGGCG,0.288096172013208
CGTGGCT,0.194559512764296
CGTGGGA,0.226720381812526
CGTGGGC,0.310798186430355
CGTGGGG,0.284916174726166
CGTGGGT,0.268862710431557
CGTGGTA,0.215322238359306
CGTGGTC,0.23840724378423
CGTGGTG,0.273935909910795
CGTGGTT,0.241084925407169
CGTGTAA,0.216053673973678
CGTGTAC,0.214040937280952
CGTGTAG,0.254718608737697
CGTGTAT,0.226418915346348
CGTGTCA,0.227262792534743
CGTGTCC,0.255187456927212
CGTGTCG,0.221704232853318
CGTGTCT,0.219217060634961
CGTGTGA,0.245058457986295
CGTGTGC,0.312293485426933
CGTGTGG,0.309744597053361
CGTGTGT,0.407049644548332
CGTGTTA,0.214468220081082
CGTGTTC,0.220673716930721
CGTGTTG,0.229730058485878
CGTGTTT,0.226780664201453
CGTTAAA,0.209941967313597
CGTTAAC,0.221340642601188
CGTTAAG,0.207117989867025
CGTTAAT,0.208162562950963
CGTTACA,0.211595812693453
CGTTACC,0.213002489756158
CGTTACG,0.210064568222715
CGTTACT,0.209451413311989
CGTTAGA,0.216114602799192
CGTTAGC,0.212635721246653
CGTTAGG,0.206810554719444
CGTTAGT,0.214529245580107
CGTTATA,0.211779404565124
CGTTATC,0.209574074374538
CGTTATG,0.215688023041247
CGTTATT,0.208899252263369
CGTTCAA,0.208653749455535
CGTTCAC,0.224306101544039
CGTTCAG,0.209819351371653
CGTTCAT,0.211412187109617
CGTTCCA,0.215809921541617
CGTTCCC,0.251430502022874
CGTTCCG,0.221219416467238
CGTTCCT,0.223399241599624
CGTTCGA,0.216419191254372
CGTTCGC,0.229549733100026
CGTTCGG,0.213552390420306
CGTTCGT,0.208776508393406
CGTTCTA,0.210554821604619
CGTTCTC,0.219034829314984
CGTTCTG,0.237214857701374
CGTTCTT,0.206441507737252
CGTTGAA,0.206933540120673
CGTTGAC,0.212880248532285
CGTTGAG,0.213735623464269
CGTTGAT,0.209635399264123
CGTTGCA,0.206256933160208
CGTTGCC,0.206810554719444
CGTTGCG,0.212207654565668
CGTTGCT,0.239955223160645
CGTTGGA,0.223217770881565
CGTTGGC,0.223641151341429
CGTTGGG,0.241144348082299
CGTTGGT,0.204409311237759
CGTTGTA,0.216236449314385
CGTTGTC,0.205764567669601
CGTTGTG,0.221946552932238
CGTTGTT,0.218609493714026
CGTTTAA,0.207978305792999
CGTTTAC,0.208101147670531
CGTTTAG,0.221946552932238
CGTTTAT,0.221280031371185
CGTTTCA,0.206379986663468
CGTTTCC,0.207117989867025
CGTTTCG,0.219156320551366
CGTTTCT,0.217697450638502
CGTTTGA,0.206995027149725
CGTTTGC,0.23159151921715
CGTTTGG,0.209083339824078
CGTTTGT,0.215870865220038
CGTTTTA,0.208039728618031
CGTTTTC,0.209512745723981
CGTTTTG,0.220734364920217
CGTTTTT,0.232730704179085
CTAAAAA,0.18076886476816
CTAAAAC,0.204101042089786
CTAAAAG,0.20070379462817
CTAAAAT,0.209021981069124
CTAAACA,0.210432280789962
CTAAACC,0.222249370480603
CTAAACG,0.206933540120673
CTAAACT,0.209390077138102
CTAAAGA,0.213674549513355
CTAAAGC,0.20447095366541
CTAAAGG,0.205025564590492
CTAAAGT,0.226298303308304
CTAAATA,0.211657013729195
CTAAATC,0.211412187109617
CTAAATG,0.202681778740031
CTAAATT,0.205456716086671
CTAACAA,0.206195400729801
CTAACAC,0.199589456827127
CTAACAG,0.210309724957214
CTAACAT,0.205271959635793
CTAACCA,0.205887681771347
CTAACCC,0.210983596241566
CTAACCG,0.215566109679822
CTAACCT,0.205210366565845
CTAACGA,0.206503025026426
CTAACGC,0.213735623464269
CTAACGG,0.208653749455535
CTAACGT,0.223096772104931
CTAACTA,0.210371004751079
CTAACTC,0.223883002577063
CTAACTG,0.237632354577645
CTAACTT,0.201878694495571
CTAAGAA,0.205271959635793
CTAAGAC,0.205148769701957
CTAAGAG,0.202928751888456
CTAAGAT,0.207302405597942
CTAAGCA,0.207179465556204
CTAAGCC,0.213185823578564
CTAAGCG,0.220916286822753
CTAAGCT,0.204717485385149
CTAAGGA,0.215688023041247
CTAAGGC,0.220370421798293
CTAAGGG,0.212513435177583
CTAAGGT,0.214529245580107
CTAAGTA,0.214590267355249
CTAAGTC,0.204655858152907
CTAAGTG,0.214712299735696
CTAAGTT,0.212513435177583
CTAATAA,0.208408186361271
CTAATAC,0.209267393502795
CTAATAG,0.207732576758284
CTAATAT,0.205271959635793
CTAATCA,0.205764567669601
CTAATCC,0.209941967313597
CTAATCG,0.209880661221958
CTAATCT,0.211106069520334
CTAATGA,0.203545918034915
CTAATGC,0.21312471603894
CTAATGG,0.259863888330886
CTAATGT,0.210616086381313
CTAATTA,0.217088959469774
CTAATTC,0.207363869951431
CTAATTG,0.210983596241566
CTAATTT,0.1861824180784
CTACAAA,0.217088959469774
CTACAAC,0.206933540120673
CTACAAG,0.209512745723981
CTACAAT,0.206318461804609
CTACACA,0.210554821604619
CTACACC,0.211595812693453
CTACACG,0.207794014678078
CTACACT,0.202311204612713
CTACAGA,0.200889396929202
CTACAGC,0.205395134395739
CTACAGG,0.207548240347946
CTACAGT,0.203422515273386
CTACATA,0.214163036711778
CTACATC,0.207056510398354
CTACATG,0.212757992363668
CTACATT,0.205087169043662
CTACCAA,0.205703004934356
CTACCAC,0.204162703522239
CTACCAG,0.233509399463618
CTACCAT,0.205333548912269
CTACCCA,0.220552409916079
CTACCCC,0.192503000697803
CTACCCG,0.221340642601188
CTACCCT,0.202681778740031
CTACCGA,0.210003269647028
CTACCGC,0.217149825251119
CTACCGG,0.221885978417194
CTACCGT,0.215992741435616
CTACCTA,0.22605703558165
CTACCTC,0.19686028090843
CTACCTG,0.191878979328549
CTACCTT,0.200889396929202
CTACGAA,0.210248441407905
CTACGAC,0.211901780423369
CTACGAG,0.212513435177583
CTACGAT,0.207855448823486
CTACGCA,0.214468220081082
CTACGCC,0.206995027149725
CTACGCG,0.217514942162187
CTACGCT,0.225936379886019
CTACGGA,0.234347316814385
CTACGGC,0.224608205529769
CTACGGG,0.212146487221469
CTACGGT,0.208101147670531
CTACGTA,0.210248441407905
CTACGTC,0.215505147425081
CTACGTG,0.205949233138781
CTACGTT,0.211412187109617
CTACTAA,0.211534607911915
CTACTAC,0.207302405597942
CTACTAG,0.210432280789962
CTACTAT,0.218427151632589
CTACTCA,0.201136813089954
CTACTCC,0.222975758685822
CTACTCG,0.211106069520334
CTACTCT,0.204224361152794
CTACTGA,0.202434744580801
CTACTGC,0.201445997232483
CTACTGG,0.206810554719444
CTACTGT,0.197046597880545
CTACTTA,0.205518293985532
CTACTTC,0.213552390420306
CTACTTG,0.210677347404864
CTACTTT,0.209144694814367
CTAGAAA,0.20871513080819
CTAGAAC,0.210554821604619
CTAGAAG,0.196363265869714
CTAGAAT,0.209758037762219
CTAGACA,0.209819351371653
CTAGACC,0.213674549513355
CTAGACG,0.233329754363779
CTAGACT,0.207302405597942
CTAGAGA,0.204779108819709
CTAGAGC,0.223399241599624
CTAGAGG,0.206933540120673
CTAGAGT,0.207240937466355
CTAGATA,0.208162562950963
CTAGATC,0.208101147670531
CTAGATG,0.204717485385149
CTAGATT,0.208101147670531
CTAGCAA,0.211657013729195
CTAGCAC,0.20447095366541
CTAGCAG,0.203175664056206
CTAGCAT,0.20822397445979
CTAGCCA,0.209880661221958
CTAGCCC,0.216784574980998
CTAGCCG,0.211228527801234
CTAGCCT,0.238526404231646
CTAGCGA,0.221522454251987
CTAGCGC,0.211840594366228
CTAGCGG,0.227985549475162
CTAGCGT,0.22049175089004
CTAGCTA,0.213369123795841
CTAGCTC,0.211901780423369
CTAGCTG,0.207425330527285
CTAGCTT,0.206379986663468
CTAGGAA,0.219277797029421
CTAGGAC,0.20255826928865
CTAGGAG,0.198597890804788
CTAGGAT,0.204655858152907
CTAGGCA,0.233629144936926
CTAGGCC,0.209021981069124
CTAGGCG,0.281383627474924
CTAGGCT,0.205518293985532
CTAGGGA,0.215200280392963
CTAGGGC,0.215078307551061
CTAGGGG,0.215931805184553
CTAGGGT,0.216053673973678
CTAGGTA,0.212941371012086
CTAGGTC,0.21830557177088
CTAGGTG,0.214101988859899
CTAGGTT,0.219156320551366
CTAGTAA,0.213674549513355
CTAGTAC,0.210677347404864
CTAGTAG,0.230571147269816
CTAGTAT,0.211289751318632
CTAGTCA,0.219763555430048
CTAGTCC,0.224668615376441
CTAGTCG,0.211228527801234
CTAGTCT,0.211779404565124
CTAGTGA,0.205456716086671
CTAGTGC,0.202372976504522
CTAGTGG,0.227142282241644
CTAGTGT,0.200270588580165
CTAGTTA,0.207548240347946
CTAGTTC,0.204717485385149
CTAGTTG,0.20249650884202
CTAGTTT,0.211901780423369
CTATAAA,0.202434744580801
CTATAAC,0.212819122316297
CTATAAG,0.210616086381313
CTATAAT,0.201569644127906
CTATACA,0.19710869582449
CTATACC,0.210738604675732
CTATACG,0.209819351371653
CTATACT,0.214285121236154
CTATAGA,0.208653749455535
CTATAGC,0.209328737201858
CTATAGG,0.213674549513355
CTATAGT,0.222491558513721
CTATATA,0.215078307551061
CTATATC,0.209021981069124
CTATATG,0.213491305277259
CTATATT,0.211167300535288
CTATCAA,0.218670267020001
CTATCAC,0.215444181453716
CTATCAG,0.205333548912269
CTATCAT,0.204840728457056
CTATCCA,0.219217060634961
CTATCCC,0.207425330527285
CTATCCG,0.215139295831684
CTATCCT,0.210003269647028
CTATCGA,0.212085316135598
CTATCGC,0.214468220081082
CTATCGG,0.208285382197475
CTATCGT,0.210125863041116
CTATCTA,0.215261261235352
CTATCTC,0.205025564590492
CTATCTG,0.209941967313597
CTATCTT,0.208039728618031
CTATGAA,0.215322238359306
CTATGAC,0.207548240347946
CTATGAG,0.207548240347946
CTATGAT,0.214712299735696
CTATGCA,0.204286014981919
CTATGCC,0.223943456247699
CTATGCG,0.208653749455535
CTATGCT,0.203730993628952
CTATGGA,0.230751288579378
CTATGGC,0.213796693685383
CTATGGG,0.218244776296453
CTATGGT,0.217575782022072
CTATGTA,0.203484218557681
CTATGTC,0.217332400370448
CTATGTG,0.216845459291198
CTATGTT,0.211228527801234
CTATTAA,0.203545918034915
CTATTAC,0.208162562950963
CTATTAG,0.213552390420306
CTATTAT,0.211044834755913
CTATTCA,0.206133864512921
CTATTCC,0.202867014319465
CTATTCG,0.216845459291198
CTATTCT,0.205025564590492
CTATTGA,0.215931805184553
CTATTGC,0.21501731555064
CTATTGG,0.205518293985532
CTATTGT,0.205641438408907
CTATTTA,0.208653749455535
CTATTTC,0.197605340603312
CTATTTG,0.209941967313597
CTATTTT,0.216480097814095
CTCAAAA,0.206010780717876
CTCAAAC,0.20767113506364
CTCAAAG,0.2189740781613
CTCAAAT,0.211962962737006
CTCAACA,0.207486787325968
CTCAACC,0.204594227122515
CTCAACG,0.204655858152907
CTCAACT,0.198225799917639
CTCAAGA,0.212146487221469
CTCAAGC,0.191254568313466
CTCAAGG,0.214590267355249
CTCAAGT,0.189253828967936
CTCAATA,0.20822397445979
CTCAATC,0.199899119683884
CTCAATG,0.217514942162187
CTCAATT,0.202249428904901
CTCACAA,0.215748974148838
CTCACAC,0.177291280571679
CTCACAG,0.222370471829042
CTCACAT,0.212085316135598
CTCACCA,0.243992491929866
CTCACCC,0.177797863219989
CTCACCG,0.244347940217362
CTCACCT,0.223217770881565
CTCACGA,0.207302405597942
CTCACGC,0.209758037762219
CTCACGG,0.20119865756652
CTCACGT,0.206687554190946
CTCACTA,0.205579868092788
CTCACTC,0.197915618381695
CTCACTG,0.161908907811004
CTCACTT,0.206872049310735
CTCAGAA,0.197667403861251
CTCAGAC,0.199279698049581
CTCAGAG,0.187562585924845
CTCAGAT,0.218913323316688
CTCAGCA,0.204286014981919
CTCAGCC,0.1861824180784
CTCAGCG,0.239002904079926
CTCAGCT,0.210248441407905
CTCAGGA,0.205025564590492
CTCAGGC,0.196114665685671
CTCAGGG,0.256300091176369
CTCAGGT,0.235662627179552
CTCAGTA,0.204963956341979
CTCAGTC,0.20249650884202
CTCAGTG,0.248603493969176
CTCAGTT,0.177671241614565
CTCATAA,0.207548240347946
CTCATAC,0.205826126615109
CTCATAG,0.215139295831684
CTCATAT,0.207548240347946
CTCATCA,0.217332400370448
CTCATCC,0.201074964788413
CTCATCG,0.215748974148838
CTCATCT,0.202125866039385
CTCATGA,0.213491305277259
CTCATGC,0.208101147670531
CTCATGG,0.223217770881565
CTCATGT,0.201878694495571
CTCATTA,0.215505147425081
CTCATTC,0.210493553074322
CTCATTG,0.231351525351539
CTCATTT,0.202434744580801
CTCCAAA,0.20767113506364
CTCCAAC,0.217758279395948
CTCCAAG,0.205887681771347
CTCCAAT,0.224729021573984
CTCCACA,0.240431042824919
CTCCACC,0.225453611472807
CTCCACG,0.207425330527285
CTCCACT,0.235483368515002
CTCCAGA,0.229549733100026
CTCCAGC,0.238526404231646
CTCCAGG,0.212513435177583
CTCCAGT,0.213063604764957
CTCCATA,0.204101042089786
CTCCATC,0.243696188480731
CTCCATG,0.270595103271643
CTCCATT,0.200641919538544
CTCCCAA,0.196487542789807
CTCCCAC,0.199589456827127
CTCCCAG,0.203299097281736
CTCCCAT,0.216297367004969
CTCCCCA,0.1578484708335
CTCCCCC,0.24700978279323
CTCCCCG,0.295158111757639
CTCCCCT,0.233389639649615
CTCCCGA,0.216358280984814
CTCCCGC,0.283151460960994
CTCCCGG,0.307022311559292
CTCCCGT,0.255480375458251
CTCCCTA,0.202990485646156
CTCCCTC,0.276921656447431
CTCCCTG,0.255480375458251
CTCCCTT,0.220370421798293
CTCCGAA,0.209696720393196
CTCCGAC,0.213796693685383
CTCCGAG,0.253428141624048
CTCCGAT,0.222007123778233
CTCCGCA,0.220249077984011
CTCCGCC,0.24476247026502
CTCCGCG,0.273418239887869
CTCCGCT,0.268573686284855
CTCCGGA,0.254425466953338
CTCCGGC,0.28144070316946
CTCCGGG,0.283550217012459
CTCCGGT,0.250371310341362
CTCCGTA,0.214529245580107
CTCCGTC,0.255011664615133
CTCCGTG,0.26515687780257
CTCCGTT,0.210738604675732
CTCCTAA,0.209941967313597
CTCCTAC,0.204532592293506
CTCCTAG,0.22521213983856
CTCCTAT,0.209758037762219
CTCCTCA,0.230811328471977
CTCCTCC,0.250430183765128
CTCCTCG,0.279212333633025
CTCCTCT,0.187311787958969
CTCCTGA,0.193126632907219
CTCCTGC,0.384806817034244
CTCCTGG,0.281726032787839
CTCCTGT,0.226720381812526
CTCCTTA,0.203299097281736
CTCCTTC,0.226358611145734
CTCCTTG,0.211228527801234
CTCCTTT,0.212513435177583
CTCGAAA,0.212329978030876
CTCGAAC,0.207978305792999
CTCGAAG,0.223641151341429
CTCGAAT,0.208899252263369
CTCGACA,0.206072324509101
CTCGACC,0.205949233138781
CTCGACG,0.219277797029421
CTCGACT,0.214407190857718
CTCGAGA,0.225815709630833
CTCGAGC,0.214529245580107
CTCGAGG,0.234048141210093
CTCGAGT,0.209635399264123
CTCGATA,0.210983596241566
CTCGATC,0.221704232853318
CTCGATG,0.220673716930721
CTCGATT,0.221522454251987
CTCGCAA,0.208592364334978
CTCGCAC,0.212085316135598
CTCGCAG,0.20871513080819
CTCGCAT,0.209390077138102
CTCGCCA,0.242213352866521
CTCGCCC,0.24013368206756
CTCGCCG,0.275602137159814
CTCGCCT,0.24895730734599
CTCGCGA,0.233389639649615
CTCGCGC,0.237155201059062
CTCGCGG,0.234646402939404
CTCGCGT,0.229970441762446
CTCGCTA,0.228166157118254
CTCGCTC,0.234167822192749
CTCGCTG,0.226298303308304
CTCGCTT,0.209083339824078
CTCGGAA,0.212819122316297
CTCGGAC,0.212452286534885
CTCGGAG,0.254132239211675
CTCGGAT,0.22103754970728
CTCGGCA,0.234107983491863
CTCGGCC,0.254601362335605
CTCGGCG,0.251959677452856
CTCGGCT,0.241025499200774
CTCGGGA,0.223278264780061
CTCGGGC,0.250724498903979
CTCGGGG,0.370081677522553
CTCGGGT,0.22828654409446
CTCGGTA,0.215627068218393
CTCGGTC,0.249428863868723
CTCGGTG,0.211289751318632
CTCGGTT,0.23757272283734
CTCGTAA,0.210248441407905
CTCGTAC,0.22103754970728
CTCGTAG,0.216114602799192
CTCGTAT,0.210861107961258
CTCGTCA,0.211718211019599
CTCGTCC,0.228587448143257
CTCGTCG,0.210432280789962
CTCGTCT,0.240312109132576
CTCGTGA,0.200765665889505
CTCGTGC,0.240312109132576
CTCGTGG,0.241025499200774
CTCGTGT,0.218548716714431
CTCGTTA,0.205579868092788
CTCGTTC,0.221825400232655
CTCGTTG,0.230931397443893
CTCGTTT,0.217697450638502
CTCTAAA,0.207486787325968
CTCTAAC,0.222733687905997
CTCTAAG,0.208101147670531
CTCTAAT,0.205210366565845
CTCTACA,0.199589456827127
CTCTACC,0.193625258805674
CTCTACG,0.220309751731692
CTCTACT,0.192315835170905
CTCTAGA,0.213185823578564
CTCTAGC,0.213918822940034
CTCTAGG,0.204162703522239
CTCTAGT,0.224789424122838
CTCTATA,0.207425330527285
CTCTATC,0.205579868092788
CTCTATG,0.217636618180694
CTCTATT,0.208346786164481
CTCTCAA,0.200518157872528
CTCTCAC,0.223157273323336
CTCTCAG,0.213308027456558
CTCTCAT,0.207548240347946
CTCTCCA,0.228707784415243
CTCTCCC,0.201384168051091
CTCTCCG,0.212268818168651
CTCTCCT,0.214224080837045
CTCTCGA,0.210554821604619
CTCTCGC,0.240431042824919
CTCTCGG,0.230691245081773
CTCTCGT,0.214101988859899
CTCTCTA,0.202681778740031
CTCTCTC,0.210922353976834
CTCTCTG,0.229970441762446
CTCTCTT,0.210064568222715
CTCTGAA,0.201878694495571
CTCTGAC,0.246064161429195
CTCTGAG,0.206072324509101
CTCTGAT,0.204655858152907
CTCTGCA,0.194310463706349
CTCTGCC,0.190629767165652
CTCTGCG,0.22424566979333
CTCTGCT,0.246359764173423
CTCTGGA,0.197419127715062
CTCTGGC,0.203792677882641
CTCTGGG,0.300380028541488
CTCTGGT,0.223096772104931
CTCTGTA,0.210677347404864
CTCTGTC,0.227383288306862
CTCTGTG,0.219034829314984
CTCTGTT,0.220552409916079
CTCTTAA,0.218731036632806
CTCTTAC,0.208039728618031
CTCTTAG,0.200765665889505
CTCTTAT,0.225453611472807
CTCTTCA,0.197294966522749
CTCTTCC,0.209390077138102
CTCTTCG,0.214834317226058
CTCTTCT,0.187938664976295
CTCTTGA,0.198411862667667
CTCTTGC,0.220855649865787
CTCTTGG,0.213246927384285
CTCTTGT,0.199155767667429
CTCTTTA,0.204717485385149
CTCTTTC,0.274740642112391
CTCTTTG,0.240966069462695
CTCTTTT,0.243873981085492
CTGAAAA,0.202990485646156
CTGAAAC,0.203299097281736
CTGAAAG,0.199031821924633
CTGAAAT,0.204840728457056
CTGAACA,0.191192105762699
CTGAACC,0.197481202530696
CTGAACG,0.220067034650018
CTGAACT,0.198101738848533
CTGAAGA,0.207056510398354
CTGAAGC,0.200765665889505
CTGAAGG,0.237870845985782
CTGAAGT,0.19530628800166
CTGAATA,0.213246927384285
CTGAATC,0.215809921541617
CTGAATG,0.208101147670531
CTGAATT,0.194995199422737
CTGACAA,0.202928751888456
CTGACAC,0.205764567669601
CTGACAG,0.206379986663468
CTGACAT,0.195617279834576
CTGACCA,0.217940743470609
CTGACCC,0.227744688532316
CTGACCG,0.215870865220038
CTGACCT,0.210493553074322
CTGACGA,0.225151762818187
CTGACGC,0.223641151341429
CTGACGG,0.208653749455535
CTGACGT,0.195990342414039
CTGACTA,0.224849823023445
CTGACTC,0.238764682537299
CTGACTG,0.199341657481606
CTGACTT,0.235722372927631
CTGAGAA,0.193438303228611
CTGAGAC,0.21909557677819
CTGAGAG,0.241263182840447
CTGAGAT,0.205826126615109
CTGAGCA,0.201445997232483
CTGAGCC,0.227684464230826
CTGAGCG,0.225574325427743
CTGAGCT,0.185554438796857
CTGAGGA,0.212941371012086
CTGAGGC,0.171892931475736
CTGAGGG,0.290135128931251
CTGAGGT,0.198597890804788
CTGAGTA,0.197853570527324
CTGAGTC,0.196301121617406
CTGAGTG,0.211412187109617
CTGAGTT,0.206564538531456
CTGATAA,0.21909557677819
CTGATAC,0.211473399384123
CTGATAG,0.204779108819709
CTGATAT,0.207363869951431
CTGATCA,0.207179465556204
CTGATCC,0.202372976504522
CTGATCG,0.226479215910584
CTGATCT,0.282467509007355
CTGATGA,0.201260498218582
CTGATGC,0.208837882211645
CTGATGG,0.212880248532285
CTGATGT,0.217332400370448
CTGATTA,0.204286014981919
CTGATTC,0.225151762818187
CTGATTG,0.210922353976834
CTGATTT,0.188627776112744
CTGCAAA,0.218670267020001
CTGCAAC,0.196425406260354
CTGCAAG,0.213613471832186
CTGCAAT,0.215566109679822
CTGCACA,0.190879734471905
CTGCACC,0.211167300535288
CTGCACG,0.235662627179552
CTGCACT,0.21982425864246
CTGCAGA,0.179632077064884
CTGCAGC,0.257645309991416
CTGCAGG,0.285484773550754
CTGCAGT,0.190504760077249
CTGCATA,0.207486787325968
CTGCATC,0.205703004934356
CTGCATG,0.209267393502795
CTGCATT,0.185742873992374
CTGCCAA,0.207179465556204
CTGCCAC,0.233389639649615
CTGCCAG,0.22587604657859
CTGCCAT,0.265910737334019
CTGCCCA,0.164478432039653
CTGCCCC,0.249310995583172
CTGCCCG,0.312791421967305
CTGCCCT,0.216053673973678
CTGCCGA,0.236319634164998
CTGCCGC,0.302841142420238
CTGCCGG,0.256007412691997
CTGCCGT,0.261379031945926
CTGCCTA,0.225513970271757
CTGCCTC,0.255011664615133
CTGCCTG,0.362847460138581
CTGCCTT,0.229549733100026
CTGCGAA,0.228346732148115
CTGCGAC,0.266895696922228
CTGCGAG,0.240847199389806
CTGCGAT,0.224789424122838
CTGCGCA,0.20871513080819
CTGCGCC,0.278869066385553
CTGCGCG,0.345065290869677
CTGCGCT,0.273705867428644
CTGCGGA,0.257937509560833
CTGCGGC,0.280298569868477
CTGCGGG,0.260563470654585
CTGCGGT,0.25407358334403
CTGCGTA,0.213246927384285
CTGCGTC,0.24156020796806
CTGCGTG,0.241263182840447
CTGCGTT,0.231051452000981
CTGCTAA,0.198287824680989
CTGCTAC,0.217088959469774
CTGCTAG,0.213063604764957
CTGCTAT,0.213918822940034
CTGCTCA,0.205703004934356
CTGCTCC,0.310576470369676
CTGCTCG,0.215748974148838
CTGCTCT,0.226418915346348
CTGCTGA,0.181399855543218
CTGCTGC,0.27623342883583
CTGCTGG,0.286450650186647
CTGCTGT,0.300155990273555
CTGCTTA,0.210064568222715
CTGCTTC,0.215688023041247
CTGCTTG,0.23757272283734
CTGCTTT,0.188126651477019
CTGGAAA,0.190317220139563
CTGGAAC,0.223520203785567
CTGGAAG,0.219399258752734
CTGGAAT,0.229669953636882
CTGGACA,0.19150437950814
CTGGACC,0.204039376854967
CTGGACG,0.218731036632806
CTGGACT,0.221401250157692
CTGGAGA,0.210738604675732
CTGGAGC,0.242925388377164
CTGGAGG,0.285598454529409
CTGGAGT,0.195244078027482
CTGGATA,0.198969843291804
CTGGATC,0.213430216402589
CTGGATG,0.258930349934831
CTGGATT,0.204717485385149
CTGGCAA,0.221825400232655
CTGGCAC,0.207425330527285
CTGGCAG,0.223399241599624
CTGGCAT,0.226117357970732
CTGGCCA,0.199279698049581
CTGGCCC,0.264576598892583
CTGGCCG,0.262310288262554
CTGGCCT,0.251900894009436
CTGGCGA,0.208101147670531
CTGGCGC,0.275659543783163
CTGGCGG,0.300492028855835
CTGGCGT,0.229850257347177
CTGGCTA,0.265968702996343
CTGGCTC,0.366156531260175
CTGGCTG,0.358893759146681
CTGGCTT,0.205764567669601
CTGGGAA,0.257586859830465
CTGGGAC,0.255246047497924
CTGGGAG,0.306632807958625
CTGGGAT,0.18762527558948
CTGGGCA,0.209021981069124
CTGGGCC,0.332887821002778
CTGGGCG,0.306354498186163
CTGGGCT,0.264286333117367
CTGGGGA,0.28815286587842
CTGGGGC,0.278640156073977
CTGGGGG,0.503658167130693
CTGGGGT,0.26984476815801
CTGGGTA,0.216541000664435
CTGGGTC,0.256300091176369
CTGGGTG,0.32193140147558
CTGGGTT,0.221461854041144
CTGGTAA,0.222491558513721
CTGGTAC,0.200518157872528
CTGGTAG,0.215931805184553
CTGGTAT,0.203977707817312
CTGGTCA,0.248426540325729
CTGGTCC,0.239657720858469
CTGGTCG,0.252018457440985
CTGGTCT,0.215870865220038
CTGGTGA,0.280869799577519
CTGGTGC,0.244999267450323
CTGGTGG,0.276462890672304
CTGGTGT,0.273648348538476
CTGGTTA,0.212513435177583
CTGGTTC,0.215992741435616
CTGGTTG,0.207486787325968
CTGGTTT,0.192315835170905
CTGTAAA,0.226599806131679
CTGTAAC,0.206626048252807
CTGTAAG,0.200518157872528
CTGTAAT,0.186245194322313
CTGTACA,0.220613065262824
CTGTACC,0.212085316135598
CTGTACG,0.222491558513721
CTGTACT,0.196301121617406
CTGTAGA,0.210616086381313
CTGTAGC,0.233748876072972
CTGTAGG,0.201074964788413
CTGTAGT,0.192440616081082
CTGTATA,0.206995027149725
CTGTATC,0.22569502481258
CTGTATG,0.21617552791261
CTGTATT,0.195617279834576
CTGTCAA,0.206933540120673
CTGTCAC,0.286280269144292
CTGTCAG,0.214163036711778
CTGTCAT,0.200332486649483
CTGTCCA,0.243814720396081
CTGTCCC,0.30043603026667
CTGTCCG,0.230751288579378
CTGTCCT,0.226840942956632
CTGTCGA,0.221158797888902
CTGTCGC,0.246418874237997
CTGTCGG,0.205395134395739
CTGTCGT,0.215322238359306
CTGTCTA,0.214956319829969
CTGTCTC,0.224970609881679
CTGTCTG,0.226117357970732
CTGTCTT,0.217149825251119
CTGTGAA,0.19717078991252
CTGTGAC,0.22569502481258
CTGTGAG,0.249782385390699
CTGTGAT,0.216541000664435
CTGTGCA,0.252723547933683
CTGTGCC,0.276520247905376
CTGTGCG,0.23207133422629
CTGTGCT,0.318802383482638
CTGTGGA,0.243933238263282
CTGTGGC,0.316600720562197
CTGTGGG,0.223580679392037
CTGTGGT,0.227383288306862
CTGTGTA,0.210003269647028
CTGTGTC,0.216662795238773
CTGTGTG,0.376797097595445
CTGTGTT,0.235483368515002
CTGTTAA,0.205518293985532
CTGTTAC,0.200889396929202
CTGTTAG,0.208530975446057
CTGTTAT,0.215444181453716
CTGTTCA,0.236021048136437
CTGTTCC,0.233629144936926
CTGTTCG,0.217697450638502
CTGTTCT,0.235901588757527
CTGTTGA,0.21465128540696
CTGTTGC,0.264692681615596
CTGTTGG,0.248544512900469
CTGTTGT,0.205826126615109
CTGTTTA,0.205949233138781
CTGTTTC,0.202311204612713
CTGTTTG,0.221885978417194
CTGTTTT,0.198845874500902
CTTAAAA,0.199217734778348
CTTAAAC,0.216601899805843
CTTAAAG,0.196984496080206
CTTAAAT,0.209083339824078
CTTAACA,0.206379986663468
CTTAACC,0.20119865756652
CTTAACG,0.208776508393406
CTTAACT,0.202743527745723
CTTAAGA,0.210003269647028
CTTAAGC,0.20095125670851
CTTAAGG,0.213918822940034
CTTAAGT,0.205949233138781
CTTAATA,0.210064568222715
CTTAATC,0.214590267355249
CTTAATG,0.208837882211645
CTTAATT,0.200827533323025
CTTACAA,0.204224361152794
CTTACAC,0.205271959635793
CTTACAG,0.196176821525864
CTTACAT,0.204717485385149
CTTACCA,0.205148769701957
CTTACCC,0.204594227122515
CTTACCG,0.215627068218393
CTTACCT,0.222854730620692
CTTACGA,0.210003269647028
CTTACGC,0.210309724957214
CTTACGG,0.210922353976834
CTTACGT,0.204101042089786
CTTACTA,0.206810554719444
CTTACTC,0.209574074374538
CTTACTG,0.201816892062537
CTTACTT,0.207855448823486
CTTAGAA,0.193812179436883
CTTAGAC,0.210309724957214
CTTAGAG,0.200022957982071
CTTAGAT,0.207978305792999
CTTAGCA,0.205333548912269
CTTAGCC,0.195679466596933
CTTAGCG,0.227142282241644
CTTAGCT,0.242628768525881
CTTAGGA,0.200394380887666
CTTAGGC,0.21312471603894
CTTAGGG,0.227985549475162
CTTAGGT,0.204162703522239
CTTAGTA,0.206379986663468
CTTAGTC,0.208285382197475
CTTAGTG,0.202620025921164
CTTAGTT,0.206626048252807
CTTATAA,0.213308027456558
CTTATAC,0.210371004751079
CTTATAG,0.213002489756158
CTTATAT,0.207916879194972
CTTATCA,0.204779108819709
CTTATCC,0.215200280392963
CTTATCG,0.210493553074322
CTTATCT,0.201940493109302
CTTATGA,0.214163036711778
CTTATGC,0.207732576758284
CTTATGG,0.211412187109617
CTTATGT,0.216906339894724
CTTATTA,0.220795009231756
CTTATTC,0.205579868092788
CTTATTG,0.208960618549041
CTTATTT,0.204039376854967
CTTCAAA,0.229188984747259
CTTCAAC,0.208101147670531
CTTCAAG,0.210432280789962
CTTCAAT,0.202620025921164
CTTCACA,0.200332486649483
CTTCACC,0.204532592293506
CTTCACG,0.211534607911915
CTTCACT,0.216541000664435
CTTCAGA,0.199713333476998
CTTCAGC,0.215322238359306
CTTCAGG,0.210432280789962
CTTCAGT,0.201816892062537
CTTCATA,0.203730993628952
CTTCATC,0.213002489756158
CTTCATG,0.217454098600588
CTTCATT,0.193001937574826
CTTCCAA,0.201693275736664
CTTCCAC,0.217879925811551
CTTCCAG,0.159074784360605
CTTCCAT,0.227503769561498
CTTCCCA,0.188940851533111
CTTCCCC,0.208899252263369
CTTCCCG,0.251371687463554
CTTCCCT,0.197977662386368
CTTCCGA,0.210616086381313
CTTCCGC,0.196301121617406
CTTCCGG,0.23625992409115
CTTCCGT,0.213308027456558
CTTCCTA,0.198597890804788
CTTCCTC,0.301779131672797
CTTCCTG,0.294876589620316
CTTCCTT,0.236797186448656
CTTCGAA,0.206379986663468
CTTCGAC,0.210125863041116
CTTCGAG,0.206256933160208
CTTCGAT,0.209021981069124
CTTCGCA,0.226479215910584
CTTCGCC,0.22442695409057
CTTCGCG,0.217514942162187
CTTCGCT,0.230330908366786
CTTCGGA,0.231891430575976
CTTCGGC,0.237870845985782
CTTCGGG,0.222733687905997
CTTCGGT,0.248249555364148
CTTCGTA,0.216114602799192
CTTCGTC,0.216845459291198
CTTCGTG,0.217819104453481
CTTCGTT,0.226358611145734
CTTCTAA,0.211840594366228
CTTCTAC,0.198783884341877
CTTCTAG,0.207240937466355
CTTCTAT,0.204717485385149
CTTCTCA,0.19710869582449
CTTCTCC,0.232131294918153
CTTCTCG,0.2606217470959
CTTCTCT,0.204963956341979
CTTCTGA,0.187060927077694
CTTCTGC,0.197232880145113
CTTCTGG,0.228406916579386
CTTCTGT,0.226177676721242
CTTCTTA,0.212757992363668
CTTCTTC,0.21465128540696
CTTCTTG,0.212696858673938
CTTCTTT,0.221522454251987
CTTGAAA,0.195181864182983
CTTGAAC,0.192565381422926
CTTGAAG,0.205703004934356
CTTGAAT,0.201507822591264
CTTGACA,0.20280527293871
CTTGACC,0.230871364760005
CTTGACG,0.207486787325968
CTTGACT,0.220249077984011
CTTGAGA,0.210861107961258
CTTGAGC,0.220552409916079
CTTGAGG,0.195741649492337
CTTGAGT,0.192003814758501
CTTGATA,0.207978305792999
CTTGATC,0.203360808181561
CTTGATG,0.211534607911915
CTTGATT,0.198535885270831
CTTGCAA,0.196673929215831
CTTGCAC,0.199031821924633
CTTGCAG,0.247600342381739
CTTGCAT,0.22103754970728
CTTGCCA,0.217758279395948
CTTGCCC,0.206872049310735
CTTGCCG,0.220734364920217
CTTGCCT,0.207179465556204
CTTGCGA,0.21501731555064
CTTGCGC,0.254308186174372
CTTGCGG,0.228467097388709
CTTGCGT,0.2435776425139
CTTGCTA,0.201260498218582
CTTGCTC,0.203360808181561
CTTGCTG,0.19686028090843
CTTGCTT,0.195244078027482
CTTGGAA,0.202434744580801
CTTGGAC,0.210922353976834
CTTGGAG,0.221643643657629
CTTGGAT,0.229249118510902
CTTGGCA,0.209758037762219
CTTGGCC,0.242153993682457
CTTGGCG,0.215870865220038
CTTGGCT,0.185554438796857
CTTGGGA,0.228406916579386
CTTGGGC,0.213308027456558
CTTGGGG,0.288662966078487
CTTGGGT,0.213430216402589
CTTGGTA,0.198597890804788
CTTGGTC,0.237990070363934
CTTGGTG,0.194684014037593
CTTGGTT,0.212696858673938
CTTGTAA,0.199403613074897
CTTGTAC,0.207794014678078
CTTGTAG,0.226539512838882
CTTGTAT,0.206133864512921
CTTGTCA,0.207609689593682
CTTGTCC,0.203669305570081
CTTGTCG,0.22521213983856
CTTGTCT,0.231471529483977
CTTGTGA,0.210248441407905
CTTGTGC,0.264344393013139
CTTGTGG,0.213185823578564
CTTGTGT,0.231411529217882
CTTGTTA,0.204655858152907
CTTGTTC,0.240728315185144
CTTGTTG,0.213857760177153
CTTGTTT,0.215078307551061
CTTTAAA,0.195679466596933
CTTTAAC,0.202681778740031
CTTTAAG,0.211167300535288
CTTTAAT,0.203607613705558
CTTTACA,0.207363869951431
CTTTACC,0.22424566979333
CTTTACG,0.213552390420306
CTTTACT,0.214040937280952
CTTTAGA,0.20020868667924
CTTTAGC,0.205025564590492
CTTTAGG,0.212024141307596
CTTTAGT,0.201136813089954
CTTTATA,0.203299097281736
CTTTATC,0.20280527293871
CTTTATG,0.207302405597942
CTTTATT,0.194559512764296
CTTTCAA,0.216906339894724
CTTTCAC,0.213857760177153
CTTTCAG,0.193625258805674
CTTTCAT,0.19686028090843
CTTTCCA,0.217636618180694
CTTTCCC,0.265678841078702
CTTTCCG,0.23840724378423
CTTTCCT,0.234107983491863
CTTTCGA,0.214590267355249
CTTTCGC,0.205579868092788
CTTTCGG,0.23320997303229
CTTTCGT,0.213002489756158
CTTTCTA,0.213857760177153
CTTTCTC,0.250842200709809
CTTTCTG,0.209696720393196
CTTTCTT,0.207363869951431
CTTTGAA,0.210677347404864
CTTTGAC,0.211718211019599
CTTTGAG,0.188627776112744
CTTTGAT,0.212329978030876
CTTTGCA,0.200827533323025
CTTTGCC,0.226358611145734
CTTTGCG,0.26015544044564
CTTTGCT,0.24700978279323
CTTTGGA,0.211044834755913
CTTTGGC,0.23320997303229
CTTTGGG,0.245295185101204
CTTTGGT,0.217454098600588
CTTTGTA,0.203977707817312
CTTTGTC,0.223641151341429
CTTTGTG,0.232730704179085
CTTTGTT,0.23655843881385
CTTTTAA,0.188878244289844
CTTTTAC,0.206133864512921
CTTTTAG,0.230150691306637
CTTTTAT,0.213491305277259
CTTTTCA,0.21135097108794
CTTTTCC,0.223459724521577
CTTTTCG,0.211534607911915
CTTTTCT,0.199589456827127
CTTTTGA,0.196922390422994
CTTTTGC,0.227804909207058
CTTTTGG,0.220006346173548
CTTTTGT,0.213369123795841
CTTTTTA,0.218001557431104
CTTTTTC,0.203175664056206
CTTTTTG,0.194870736888799
CTTTTTT,0.163130255098221
GAAAAAA,0.188001331069832
GAAAAAC,0.205579868092788
GAAAAAG,0.205703004934356
GAAAAAT,0.192440616081082
GAAAACA,0.204594227122515
GAAAACC,0.197357049045906
GAAAACG,0.200827533323025
GAAAACT,0.215322238359306
GAAAAGA,0.193625258805674
GAAAAGC,0.215566109679822
GAAAAGG,0.193874478550464
GAAAAGT,0.20095125670851
GAAAATA,0.191629261707262
GAAAATC,0.204101042089786
GAAAATG,0.19530628800166
GAAAATT,0.190879734471905
GAAACAA,0.209267393502795
GAAACAC,0.189754389206747
GAAACAG,0.229730058485878
GAAACAT,0.199217734778348
GAAACCA,0.215992741435616
GAAACCC,0.185805677834412
GAAACCG,0.224668615376441
GAAACCT,0.228767947121364
GAAACGA,0.211779404565124
GAAACGC,0.227624236302151
GAAACGG,0.22605703558165
GAAACGT,0.201507822591264
GAAACTA,0.210432280789962
GAAACTC,0.200022957982071
GAAACTG,0.191941398991511
GAAACTT,0.203299097281736
GAAAGAA,0.203237382573441
GAAAGAC,0.21909557677819
GAAAGAG,0.206133864512921
GAAAGAT,0.206441507737252
GAAAGCA,0.196736050305328
GAAAGCC,0.223580679392037
GAAAGCG,0.220370421798293
GAAAGCT,0.199093796716349
GAAAGGA,0.196363265869714
GAAAGGC,0.21135097108794
GAAAGGG,0.216845459291198
GAAAGGT,0.216297367004969
GAAAGTA,0.20070379462817
GAAAGTC,0.200889396929202
GAAAGTG,0.186810003249446
GAAAGTT,0.198287824680989
GAAATAA,0.207056510398354
GAAATAC,0.202311204612713
GAAATAG,0.214040937280952
GAAATAT,0.199527512747182
GAAATCA,0.209635399264123
GAAATCC,0.198349845597505
GAAATCG,0.212207654565668
GAAATCT,0.217210687328045
GAAATGA,0.205826126615109
GAAATGC,0.208776508393406
GAAATGG,0.230030528553904
GAAATGT,0.198535885270831
GAAATTA,0.19654967545855
GAAATTC,0.209941967313597
GAAATTG,0.203484218557681
GAAATTT,0.19654967545855
GAACAAA,0.203792677882641
GAACAAC,0.226961489567499
GAACAAG,0.206810554719444
GAACAAT,0.205456716086671
GAACACA,0.223157273323336
GAACACC,0.212207654565668
GAACACG,0.211779404565124
GAACACT,0.207916879194972
GAACAGA,0.192315835170905
GAACAGC,0.18825195618097
GAACAGG,0.210248441407905
GAACAGT,0.216114602799192
GAACATA,0.20822397445979
GAACATC,0.20447095366541
GAACATG,0.241857144897942
GAACATT,0.204532592293506
GAACCAA,0.206933540120673
GAACCAC,0.198659892494297
GAACCAG,0.203977707817312
GAACCAT,0.218001557431104
GAACCCA,0.19530628800166
GAACCCC,0.207794014678078
GAACCCG,0.19181655576913
GAACCCT,0.216845459291198
GAACCGA,0.206995027149725
GAACCGC,0.211901780423369
GAACCGG,0.235184532647437
GAACCGT,0.206749056346336
GAACCTA,0.204162703522239
GAACCTC,0.228467097388709
GAACCTG,0.211779404565124
GAACCTT,0.210677347404864
GAACGAA,0.209574074374538
GAACGAC,0.208469582788309
GAACGAG,0.231651508685093
GAACGAT,0.211044834755913
GAACGCA,0.231651508685093
GAACGCC,0.208408186361271
GAACGCG,0.222612630538189
GAACGCT,0.205579868092788
GAACGGA,0.214040937280952
GAACGGC,0.211901780423369
GAACGGG,0.232730704179085
GAACGGT,0.204840728457056
GAACGTA,0.211962962737006
GAACGTC,0.214224080837045
GAACGTG,0.208899252263369
GAACGTT,0.216601899805843
GAACTAA,0.206503025026426
GAACTAC,0.212941371012086
GAACTAG,0.208469582788309
GAACTAT,0.206626048252807
GAACTCA,0.216784574980998
GAACTCC,0.178557256343506
GAACTCG,0.204532592293506
GAACTCT,0.203792677882641
GAACTGA,0.195803828521268
GAACTGC,0.214712299735696
GAACTGG,0.20767113506364
GAACTGT,0.20255826928865
GAACTTA,0.201445997232483
GAACTTC,0.205579868092788
GAACTTG,0.207179465556204
GAACTTT,0.184297295920152
GAAGAAA,0.197977662386368
GAAGAAC,0.202867014319465
GAAGAAG,0.203916034976352
GAAGAAT,0.228105958194831
GAAGACA,0.190192173972018
GAAGACC,0.212024141307596
GAAGACG,0.213918822940034
GAAGACT,0.212819122316297
GAAGAGA,0.220188400554803
GAAGAGC,0.220370421798293
GAAGAGG,0.253956261286197
GAAGAGT,0.206749056346336
GAAGATA,0.219763555430048
GAAGATC,0.214773310341911
GAAGATG,0.224064352626135
GAAGATT,0.223399241599624
GAAGCAA,0.207117989867025
GAAGCAC,0.202187649380616
GAAGCAG,0.218609493714026
GAAGCAT,0.220916286822753
GAAGCCA,0.198907860817386
GAAGCCC,0.211044834755913
GAAGCCG,0.222612630538189
GAAGCCT,0.193999065135298
GAAGCGA,0.216114602799192
GAAGCGC,0.23625992409115
GAAGCGG,0.220734364920217
GAAGCGT,0.202187649380616
GAAGCTA,0.205887681771347
GAAGCTC,0.242450754373921
GAAGCTG,0.198411862667667
GAAGCTT,0.215139295831684
GAAGGAA,0.197605340603312
GAAGGAC,0.233449521349418
GAAGGAG,0.221219416467238
GAAGGAT,0.218427151632589
GAAGGCA,0.219277797029421
GAAGGCC,0.213063604764957
GAAGGCG,0.206441507737252
GAAGGCT,0.191379481711507
GAAGGGA,0.188439883801935
GAAGGGC,0.216480097814095
GAAGGGG,0.280069986588589
GAAGGGT,0.222249370480603
GAAGGTA,0.211167300535288
GAAGGTC,0.215322238359306
GAAGGTG,0.23757272283734
GAAGGTT,0.207425330527285
GAAGTAA,0.203916034976352
GAAGTAC,0.212268818168651
GAAGTAG,0.217636618180694
GAAGTAT,0.218244776296453
GAAGTCA,0.206626048252807
GAAGTCC,0.227383288306862
GAAGTCG,0.207302405597942
GAAGTCT,0.210432280789962
GAAGTGA,0.203854358331618
GAAGTGC,0.214285121236154
GAAGTGG,0.227865126255488
GAAGTGT,0.203175664056206
GAAGTTA,0.209267393502795
GAAGTTC,0.212880248532285
GAAGTTG,0.221219416467238
GAAGTTT,0.208776508393406
GAATAAA,0.194808499812253
GAATAAC,0.208776508393406
GAATAAG,0.218427151632589
GAATAAT,0.201631461842882
GAATACA,0.199093796716349
GAATACC,0.208469582788309
GAATACG,0.215627068218393
GAATACT,0.212941371012086
GAATAGA,0.210922353976834
GAATAGC,0.216053673973678
GAATAGG,0.209451413311989
GAATAGT,0.211044834755913
GAATATA,0.204286014981919
GAATATC,0.214040937280952
GAATATG,0.202620025921164
GAATATT,0.215870865220038
GAATCAA,0.212696858673938
GAATCAC,0.200580040620155
GAATCAG,0.210616086381313
GAATCAT,0.206256933160208
GAATCCA,0.204840728457056
GAATCCC,0.207240937466355
GAATCCG,0.212574580081353
GAATCCT,0.221280031371185
GAATCGA,0.207548240347946
GAATCGC,0.215931805184553
GAATCGG,0.244407169317157
GAATCGT,0.210003269647028
GAATCTA,0.206810554719444
GAATCTC,0.212207654565668
GAATCTG,0.227443530748647
GAATCTT,0.215261261235352
GAATGAA,0.216845459291198
GAATGAC,0.207548240347946
GAATGAG,0.233569273992644
GAATGAT,0.205887681771347
GAATGCA,0.219763555430048
GAATGCC,0.215748974148838
GAATGCG,0.2435776425139
GAATGCT,0.221219416467238
GAATGGA,0.242213352866521
GAATGGC,0.21879180255289
GAATGGG,0.225996709553559
GAATGGT,0.209451413311989
GAATGTA,0.213979881974482
GAATGTC,0.233868592875189
GAATGTG,0.239598209775645
GAATGTT,0.212696858673938
GAATTAA,0.201569644127906
GAATTAC,0.206626048252807
GAATTAG,0.214956319829969
GAATTAT,0.223762084270749
GAATTCA,0.211779404565124
GAATTCC,0.200084871380667
GAATTCG,0.219338529735196
GAATTCT,0.225815709630833
GAATTGA,0.211962962737006
GAATTGC,0.205579868092788
GAATTGG,0.214834317226058
GAATTGT,0.208101147670531
GAATTTA,0.195244078027482
GAATTTC,0.20249650884202
GAATTTG,0.219642137949465
GAATTTT,0.20447095366541
GACAAAA,0.206441507737252
GACAAAC,0.204224361152794
GACAAAG,0.217271545701004
GACAAAT,0.216358280984814
GACAACA,0.210922353976834
GACAACC,0.214407190857718
GACAACG,0.207117989867025
GACAACT,0.211106069520334
GACAAGA,0.214040937280952
GACAAGC,0.218427151632589
GACAAGG,0.210616086381313
GACAAGT,0.217332400370448
GACAATA,0.215200280392963
GACAATC,0.206318461804609
GACAATG,0.209328737201858
GACAATT,0.20249650884202
GACACAA,0.209635399264123
GACACAC,0.194621765338516
GACACAG,0.197791518822779
GACACAT,0.205210366565845
GACACCA,0.203730993628952
GACACCC,0.221098175635731
GACACCG,0.212880248532285
GACACCT,0.209451413311989
GACACGA,0.216297367004969
GACACGC,0.211595812693453
GACACGG,0.210616086381313
GACACGT,0.215688023041247
GACACTA,0.202867014319465
GACACTC,0.202928751888456
GACACTG,0.235722372927631
GACACTT,0.222309922988015
GACAGAA,0.225030997840187
GACAGAC,0.208899252263369
GACAGAG,0.239360130022334
GACAGAT,0.213063604764957
GACAGCA,0.209512745723981
GACAGCC,0.201260498218582
GACAGCG,0.22521213983856
GACAGCT,0.203052215593033
GACAGGA,0.215200280392963
GACAGGC,0.196736050305328
GACAGGG,0.2432219202712
GACAGGT,0.21312471603894
GACAGTA,0.204101042089786
GACAGTC,0.249252056230137
GACAGTG,0.226961489567499
GACAGTT,0.206441507737252
GACATAA,0.209144694814367
GACATAC,0.208960618549041
GACATAG,0.212880248532285
GACATAT,0.209021981069124
GACATCA,0.208408186361271
GACATCC,0.209880661221958
GACATCG,0.219884958170216
GACATCT,0.274855551008893
GACATGA,0.232371101739224
GACATGC,0.233689012296892
GACATGG,0.222309922988015
GACATGT,0.222673161053954
GACATTA,0.209512745723981
GACATTC,0.203977707817312
GACATTG,0.214040937280952
GACATTT,0.202311204612713
GACCAAA,0.203422515273386
GACCAAC,0.217697450638502
GACCAAG,0.212757992363668
GACCAAT,0.207056510398354
GACCACA,0.203237382573441
GACCACC,0.209758037762219
GACCACG,0.226418915346348
GACCACT,0.213491305277259
GACCAGA,0.206318461804609
GACCAGC,0.205395134395739
GACCAGG,0.237214857701374
GACCAGT,0.209819351371653
GACCATA,0.207978305792999
GACCATC,0.227865126255488
GACCATG,0.209758037762219
GACCATT,0.21909557677819
GACCCAA,0.209696720393196
GACCCAC,0.206010780717876
GACCCAG,0.219642137949465
GACCCAT,0.207240937466355
GACCCCA,0.205518293985532
GACCCCC,0.217879925811551
GACCCCG,0.269267203949567
GACCCCT,0.197481202530696
GACCCGA,0.220006346173548
GACCCGC,0.256475657158682
GACCCGG,0.263356916042605
GACCCGT,0.223278264780061
GACCCTA,0.206933540120673
GACCCTC,0.222612630538189
GACCCTG,0.229790159722498
GACCCTT,0.194684014037593
GACCGAA,0.208592364334978
GACCGAC,0.212207654565668
GACCGAG,0.258171207757907
GACCGAT,0.207056510398354
GACCGCA,0.217758279395948
GACCGCC,0.240252636981524
GACCGCG,0.232490983587964
GACCGCT,0.239776732400465
GACCGGA,0.229309248658692
GACCGGC,0.23840724378423
GACCGGG,0.216236449314385
GACCGGT,0.233090177351516
GACCGTA,0.210371004751079
GACCGTC,0.200765665889505
GACCGTG,0.236200210451795
GACCGTT,0.213491305277259
GACCTAA,0.202867014319465
GACCTAC,0.203484218557681
GACCTAG,0.222612630538189
GACCTAT,0.213185823578564
GACCTCA,0.181399855543218
GACCTCC,0.200084871380667
GACCTCG,0.211657013729195
GACCTCT,0.2381688802833
GACCTGA,0.194372731785962
GACCTGC,0.248013526679112
GACCTGG,0.251783316755103
GACCTGT,0.226780664201453
GACCTTA,0.211718211019599
GACCTTC,0.212268818168651
GACCTTG,0.214773310341911
GACCTTT,0.206256933160208
GACGAAA,0.214895320388593
GACGAAC,0.21617552791261
GACGAAG,0.218123174258205
GACGAAT,0.210187154102692
GACGACA,0.205148769701957
GACGACC,0.237691982762218
GACGACG,0.205333548912269
GACGACT,0.21465128540696
GACGAGA,0.219520705724887
GACGAGC,0.222673161053954
GACGAGG,0.218487936020768
GACGAGT,0.203669305570081
GACGATA,0.209083339824078
GACGATC,0.209574074374538
GACGATG,0.224970609881679
GACGATT,0.211044834755913
GACGCAA,0.213979881974482
GACGCAC,0.217758279395948
GACGCAG,0.215261261235352
GACGCAT,0.217149825251119
GACGCCA,0.21501731555064
GACGCCC,0.229669953636882
GACGCCG,0.246418874237997
GACGCCT,0.212024141307596
GACGCGA,0.215566109679822
GACGCGC,0.236677819756307
GACGCGG,0.237274510784982
GACGCGT,0.237751607391483
GACGCTA,0.209819351371653
GACGCTC,0.211901780423369
GACGCTG,0.211718211019599
GACGCTT,0.219277797029421
GACGGAA,0.214040937280952
GACGGAC,0.213491305277259
GACGGAG,0.219520705724887
GACGGAT,0.20447095366541
GACGGCA,0.211962962737006
GACGGCC,0.216845459291198
GACGGCG,0.249664558769214
GACGGCT,0.232431044460051
GACGGGA,0.225030997840187
GACGGGC,0.308467712407404
GACGGGG,0.249369931462565
GACGGGT,0.242035264742746
GACGGTA,0.211167300535288
GACGGTC,0.216601899805843
GACGGTG,0.217332400370448
GACGGTT,0.216541000664435
GACGTAA,0.217454098600588
GACGTAC,0.208837882211645
GACGTAG,0.22243101700413
GACGTAT,0.210554821604619
GACGTCA,0.21465128540696
GACGTCC,0.199775266047874
GACGTCG,0.247895491442228
GACGTCT,0.216236449314385
GACGTGA,0.255187456927212
GACGTGC,0.223217770881565
GACGTGG,0.205579868092788
GACGTGT,0.220309751731692
GACGTTA,0.210493553074322
GACGTTC,0.225091382152209
GACGTTG,0.212696858673938
GACGTTT,0.210554821604619
GACTAAA,0.207548240347946
GACTAAC,0.20871513080819
GACTAAG,0.214224080837045
GACTAAT,0.209696720393196
GACTACA,0.204039376854967
GACTACC,0.20822397445979
GACTACG,0.237274510784982
GACTACT,0.213246927384285
GACTAGA,0.212696858673938
GACTAGC,0.214590267355249
GACTAGG,0.211228527801234
GACTAGT,0.209390077138102
GACTATA,0.207363869951431
GACTATC,0.209512745723981
GACTATG,0.209083339824078
GACTATT,0.206379986663468
GACTCAA,0.217028089983561
GACTCAC,0.225151762818187
GACTCAG,0.210861107961258
GACTCAT,0.212391134152802
GACTCCA,0.228105958194831
GACTCCC,0.207548240347946
GACTCCG,0.215566109679822
GACTCCT,0.211779404565124
GACTCGA,0.216601899805843
GACTCGC,0.213735623464269
GACTCGG,0.223338755019267
GACTCGT,0.214285121236154
GACTCTA,0.242094630974672
GACTCTC,0.209819351371653
GACTCTG,0.197605340603312
GACTCTT,0.212513435177583
GACTGAA,0.205764567669601
GACTGAC,0.200146780946232
GACTGAG,0.228767947121364
GACTGAT,0.198535885270831
GACTGCA,0.212574580081353
GACTGCC,0.219338529735196
GACTGCG,0.229369375191064
GACTGCT,0.222128254464851
GACTGGA,0.207855448823486
GACTGGC,0.204039376854967
GACTGGG,0.270941221988404
GACTGGT,0.223217770881565
GACTGTA,0.210554821604619
GACTGTC,0.212207654565668
GACTGTG,0.232910456917921
GACTGTT,0.222612630538189
GACTTAA,0.204655858152907
GACTTAC,0.211289751318632
GACTTAG,0.213857760177153
GACTTAT,0.207056510398354
GACTTCA,0.211412187109617
GACTTCC,0.235602877861705
GACTTCG,0.229970441762446
GACTTCT,0.214101988859899
GACTTGA,0.20119865756652
GACTTGC,0.221522454251987
GACTTGG,0.223883002577063
GACTTGT,0.205210366565845
GACTTTA,0.200827533323025
GACTTTC,0.207302405597942
GACTTTG,0.246832546886928
GACTTTT,0.20311394172956
GAGAAAA,0.192128634606514
GAGAAAC,0.204162703522239
GAGAAAG,0.201013112661423
GAGAAAT,0.198597890804788
GAGAACA,0.199775266047874
GAGAACC,0.195928174981639
GAGAACG,0.208101147670531
GAGAACT,0.201074964788413
GAGAAGA,0.225393249030452
GAGAAGC,0.206379986663468
GAGAAGG,0.210309724957214
GAGAAGT,0.230871364760005
GAGAATA,0.209758037762219
GAGAATC,0.21434615790956
GAGAATG,0.201569644127906
GAGAATT,0.203175664056206
GAGACAA,0.209696720393196
GAGACAC,0.190567265574797
GAGACAG,0.278811843719965
GAGACAT,0.231411529217882
GAGACCA,0.194248191749181
GAGACCC,0.221643643657629
GAGACCG,0.227624236302151
GAGACCT,0.214956319829969
GAGACGA,0.218183977125711
GAGACGC,0.235662627179552
GAGACGG,0.225634676941205
GAGACGT,0.242153993682457
GAGACTA,0.208408186361271
GAGACTC,0.205518293985532
GAGACTG,0.244229471492474
GAGACTT,0.215383211765276
GAGAGAA,0.191441932559756
GAGAGAC,0.216358280984814
GAGAGAG,0.171701868055891
GAGAGAT,0.227323042235707
GAGAGCA,0.203299097281736
GAGAGCC,0.233329754363779
GAGAGCG,0.220855649865787
GAGAGCT,0.212207654565668
GAGAGGA,0.215261261235352
GAGAGGC,0.210616086381313
GAGAGGG,0.258813596334564
GAGAGGT,0.241322594924303
GAGAGTA,0.209144694814367
GAGAGTC,0.201940493109302
GAGAGTG,0.263647451681992
GAGAGTT,0.21434615790956
GAGATAA,0.228467097388709
GAGATAC,0.20095125670851
GAGATAG,0.217514942162187
GAGATAT,0.217028089983561
GAGATCA,0.218062367693486
GAGATCC,0.23320997303229
GAGATCG,0.222854730620692
GAGATCT,0.215505147425081
GAGATGA,0.19654967545855
GAGATGC,0.188377245185619
GAGATGG,0.223157273323336
GAGATGT,0.194123636200248
GAGATTA,0.202064078880736
GAGATTC,0.216784574980998
GAGATTG,0.250135781979374
GAGATTT,0.220127719443621
GAGCAAA,0.194621765338516
GAGCAAC,0.196736050305328
GAGCAAG,0.207794014678078
GAGCAAT,0.204286014981919
GAGCACA,0.205025564590492
GAGCACC,0.235363844884108
GAGCACG,0.203792677882641
GAGCACT,0.201074964788413
GAGCAGA,0.207794014678078
GAGCAGC,0.199093796716349
GAGCAGG,0.246596183470612
GAGCAGT,0.188189305791653
GAGCATA,0.218731036632806
GAGCATC,0.227564004745854
GAGCATG,0.282752545839709
GAGCATT,0.203360808181561
GAGCCAA,0.201878694495571
GAGCCAC,0.20119865756652
GAGCCAG,0.246891629012716
GAGCCAT,0.208469582788309
GAGCCCA,0.230390973503516
GAGCCCC,0.220249077984011
GAGCCCG,0.286848093095184
GAGCCCT,0.237035877096634
GAGCCGA,0.22575536904231
GAGCCGC,0.291774603981328
GAGCCGG,0.30485028550252
GAGCCGT,0.235543124973664
GAGCCTA,0.217271545701004
GAGCCTC,0.257060654586008
GAGCCTG,0.273072977600253
GAGCCTT,0.195928174981639
GAGCGAA,0.21465128540696
GAGCGAC,0.244288707609273
GAGCGAG,0.219217060634961
GAGCGAT,0.239479176984235
GAGCGCA,0.226901218078501
GAGCGCC,0.252841014696661
GAGCGCG,0.245413527647078
GAGCGCT,0.211289751318632
GAGCGGA,0.23320997303229
GAGCGGC,0.269267203949567
GAGCGGG,0.397592038448316
GAGCGGT,0.199217734778348
GAGCGTA,0.204409311237759
GAGCGTC,0.230991426524074
GAGCGTG,0.262193928639031
GAGCGTT,0.230571147269816
GAGCTAA,0.204779108819709
GAGCTAC,0.202867014319465
GAGCTAG,0.218731036632806
GAGCTAT,0.204347665010085
GAGCTCA,0.196176821525864
GAGCTCC,0.238943354014324
GAGCTCG,0.224608205529769
GAGCTCT,0.226660095789415
GAGCTGA,0.201631461842882
GAGCTGC,0.258171207757907
GAGCTGG,0.247364160395962
GAGCTGT,0.215078307551061
GAGCTTA,0.207732576758284
GAGCTTC,0.203360808181561
GAGCTTG,0.222915246484231
GAGCTTT,0.206872049310735
GAGGAAA,0.185617254474092
GAGGAAC,0.198225799917639
GAGGAAG,0.201260498218582
GAGGAAT,0.209512745723981
GAGGACA,0.211473399384123
GAGGACC,0.284062669833155
GAGGACG,0.241322594924303
GAGGACT,0.214468220081082
GAGGAGA,0.263589351306599
GAGGAGC,0.2720364749244
GAGGAGG,0.313676030746534
GAGGAGT,0.214956319829969
GAGGATA,0.204224361152794
GAGGATC,0.204594227122515
GAGGATG,0.212635721246653
GAGGATT,0.193438303228611
GAGGCAA,0.207486787325968
GAGGCAC,0.203792677882641
GAGGCAG,0.248603493969176
GAGGCAT,0.202187649380616
GAGGCCA,0.20280527293871
GAGGCCC,0.223338755019267
GAGGCCG,0.350513122250704
GAGGCCT,0.214101988859899
GAGGCGA,0.219217060634961
GAGGCGC,0.302170530022458
GAGGCGG,0.339533766498996
GAGGCGT,0.226358611145734
GAGGCTA,0.225151762818187
GAGGCTC,0.251489313123245
GAGGCTG,0.300827954554118
GAGGCTT,0.20249650884202
GAGGGAA,0.228707784415243
GAGGGAC,0.241322594924303
GAGGGAG,0.369297879844415
GAGGGAT,0.261902970330851
GAGGGCA,0.255246047497924
GAGGGCC,0.330934281267327
GAGGGCG,0.357466591442934
GAGGGCT,0.287075132427557
GAGGGGA,0.323464884319442
GAGGGGC,0.377523197552107
GAGGGGG,0.335919095318519
GAGGGGT,0.319461938240076
GAGGGTA,0.209267393502795
GAGGGTC,0.317592068776102
GAGGGTG,0.39070832763704
GAGGGTT,0.238526404231646
GAGGTAA,0.213918822940034
GAGGTAC,0.222552096358259
GAGGTAG,0.231411529217882
GAGGTAT,0.210125863041116
GAGGTCA,0.186245194322313
GAGGTCC,0.209512745723981
GAGGTCG,0.218609493714026
GAGGTCT,0.228828106208153
GAGGTGA,0.260505190816928
GAGGTGC,0.23625992409115
GAGGTGG,0.270941221988404
GAGGTGT,0.251724522943375
GAGGTTA,0.213185823578564
GAGGTTC,0.210983596241566
GAGGTTG,0.243933238263282
GAGGTTT,0.216723686963674
GAGTAAA,0.206933540120673
GAGTAAC,0.211473399384123
GAGTAAG,0.202620025921164
GAGTAAT,0.208469582788309
GAGTACA,0.218244776296453
GAGTACC,0.206995027149725
GAGTACG,0.210493553074322
GAGTACT,0.206810554719444
GAGTAGA,0.214590267355249
GAGTAGC,0.218062367693486
GAGTAGG,0.19686028090843
GAGTAGT,0.205764567669601
GAGTATA,0.208346786164481
GAGTATC,0.205087169043662
GAGTATG,0.219399258752734
GAGTATT,0.204779108819709
GAGTCAA,0.203607613705558
GAGTCAC,0.199713333476998
GAGTCAG,0.217940743470609
GAGTCAT,0.206995027149725
GAGTCCA,0.218062367693486
GAGTCCC,0.256358616595364
GAGTCCG,0.222552096358259
GAGTCCT,0.222673161053954
GAGTCGA,0.208101147670531
GAGTCGC,0.2388838004023
GAGTCGG,0.25407358334403
GAGTCGT,0.226720381812526
GAGTCTA,0.202990485646156
GAGTCTC,0.196487542789807
GAGTCTG,0.223157273323336
GAGTCTT,0.199961040749968
GAGTGAA,0.214834317226058
GAGTGAC,0.201878694495571
GAGTGAG,0.242628768525881
GAGTGAT,0.207425330527285
GAGTGCA,0.191067168955237
GAGTGCC,0.255421798615743
GAGTGCG,0.263066295967729
GAGTGCT,0.221158797888902
GAGTGGA,0.263589351306599
GAGTGGC,0.251724522943375
GAGTGGG,0.264344393013139
GAGTGGT,0.266779869664542
GAGTGTA,0.206503025026426
GAGTGTC,0.226599806131679
GAGTGTG,0.335865045917833
GAGTGTT,0.250371310341362
GAGTTAA,0.210922353976834
GAGTTAC,0.216723686963674
GAGTTAG,0.210677347404864
GAGTTAT,0.212329978030876
GAGTTCA,0.19847387589195
GAGTTCC,0.219034829314984
GAGTTCG,0.214895320388593
GAGTTCT,0.22103754970728
GAGTTGA,0.275315054599857
GAGTTGC,0.217940743470609
GAGTTGG,0.208837882211645
GAGTTGT,0.230991426524074
GAGTTTA,0.219884958170216
GAGTTTC,0.206318461804609
GAGTTTG,0.212696858673938
GAGTTTT,0.19772946326758
GATAAAA,0.210554821604619
GATAAAC,0.223459724521577
GATAAAG,0.208469582788309
GATAAAT,0.209635399264123
GATAACA,0.208346786164481
GATAACC,0.208960618549041
GATAACG,0.228707784415243
GATAACT,0.204963956341979
GATAAGA,0.205395134395739
GATAAGC,0.207794014678078
GATAAGG,0.246418874237997
GATAAGT,0.205579868092788
GATAATA,0.21465128540696
GATAATC,0.228226352417985
GATAATG,0.204224361152794
GATAATT,0.203484218557681
GATACAA,0.209206046040452
GATACAC,0.214468220081082
GATACAG,0.208776508393406
GATACAT,0.204717485385149
GATACCA,0.205210366565845
GATACCC,0.210187154102692
GATACCG,0.216601899805843
GATACCT,0.212819122316297
GATACGA,0.211106069520334
GATACGC,0.212819122316297
GATACGG,0.215505147425081
GATACGT,0.210432280789962
GATACTA,0.204347665010085
GATACTC,0.206995027149725
GATACTG,0.221340642601188
GATACTT,0.210432280789962
GATAGAA,0.214163036711778
GATAGAC,0.212085316135598
GATAGAG,0.259397228069597
GATAGAT,0.224064352626135
GATAGCA,0.203854358331618
GATAGCC,0.209696720393196
GATAGCG,0.209512745723981
GATAGCT,0.217636618180694
GATAGGA,0.211718211019599
GATAGGC,0.204594227122515
GATAGGG,0.198101738848533
GATAGGT,0.211534607911915
GATAGTA,0.207056510398354
GATAGTC,0.209083339824078
GATAGTG,0.211840594366228
GATAGTT,0.208960618549041
GATATAA,0.207117989867025
GATATAC,0.209941967313597
GATATAG,0.213552390420306
GATATAT,0.208776508393406
GATATCA,0.208837882211645
GATATCC,0.216297367004969
GATATCG,0.209696720393196
GATATCT,0.220734364920217
GATATGA,0.207916879194972
GATATGC,0.20822397445979
GATATGG,0.221704232853318
GATATGT,0.211228527801234
GATATTA,0.205579868092788
GATATTC,0.208653749455535
GATATTG,0.217210687328045
GATATTT,0.199217734778348
GATCAAA,0.207548240347946
GATCAAC,0.213613471832186
GATCAAG,0.214895320388593
GATCAAT,0.208776508393406
GATCACA,0.204162703522239
GATCACC,0.212696858673938
GATCACG,0.203422515273386
GATCACT,0.209451413311989
GATCAGA,0.231351525351539
GATCAGC,0.212880248532285
GATCAGG,0.205271959635793
GATCAGT,0.218183977125711
GATCATA,0.224789424122838
GATCATC,0.208837882211645
GATCATG,0.200394380887666
GATCATT,0.205395134395739
GATCCAA,0.210554821604619
GATCCAC,0.204594227122515
GATCCAG,0.203977707817312
GATCCAT,0.207179465556204
GATCCCA,0.213735623464269
GATCCCC,0.231831455499525
GATCCCG,0.242094630974672
GATCCCT,0.205148769701957
GATCCGA,0.206195400729801
GATCCGC,0.213552390420306
GATCCGG,0.257353025016454
GATCCGT,0.213430216402589
GATCCTA,0.206133864512921
GATCCTC,0.211412187109617
GATCCTG,0.202311204612713
GATCCTT,0.227082021648633
GATCGAA,0.211044834755913
GATCGAC,0.210309724957214
GATCGAG,0.209021981069124
GATCGAT,0.210187154102692
GATCGCA,0.22569502481258
GATCGCC,0.287472327266807
GATCGCG,0.248544512900469
GATCGCT,0.206379986663468
GATCGGA,0.218670267020001
GATCGGC,0.215809921541617
GATCGGG,0.236080772474865
GATCGGT,0.210554821604619
GATCGTA,0.210125863041116
GATCGTC,0.210799858194377
GATCGTG,0.232191252014946
GATCGTT,0.20767113506364
GATCTAA,0.216541000664435
GATCTAC,0.208592364334978
GATCTAG,0.226358611145734
GATCTAT,0.208469582788309
GATCTCA,0.208101147670531
GATCTCC,0.213979881974482
GATCTCG,0.218731036632806
GATCTCT,0.203422515273386
GATCTGA,0.202620025921164
GATCTGC,0.226358611145734
GATCTGG,0.346777611556184
GATCTGT,0.207855448823486
GATCTTA,0.202928751888456
GATCTTC,0.203545918034915
GATCTTG,0.209451413311989
GATCTTT,0.208408186361271
GATGAAA,0.197419127715062
GATGAAC,0.215078307551061
GATGAAG,0.19717078991252
GATGAAT,0.215809921541617
GATGACA,0.216419191254372
GATGACC,0.199837194783344
GATGACG,0.235782115106369
GATGACT,0.203299097281736
GATGAGA,0.216906339894724
GATGAGC,0.191566822557146
GATGAGG,0.240014713001641
GATGAGT,0.225996709553559
GATGATA,0.210799858194377
GATGATC,0.217210687328045
GATGATG,0.196984496080206
GATGATT,0.2020022879042
GATGCAA,0.210922353976834
GATGCAC,0.217575782022072
GATGCAG,0.234407141196017
GATGCAT,0.268978296704504
GATGCCA,0.224487374887275
GATGCCC,0.251606924948768
GATGCCG,0.226780664201453
GATGCCT,0.220309751731692
GATGCGA,0.207794014678078
GATGCGC,0.215870865220038
GATGCGG,0.222309922988015
GATGCGT,0.240312109132576
GATGCTA,0.208285382197475
GATGCTC,0.207916879194972
GATGCTG,0.221522454251987
GATGCTT,0.210861107961258
GATGGAA,0.20767113506364
GATGGAC,0.217636618180694
GATGGAG,0.263879819432911
GATGGAT,0.200580040620155
GATGGCA,0.2419165217048
GATGGCC,0.22424566979333
GATGGCG,0.223580679392037
GATGGCT,0.209451413311989
GATGGGA,0.256885191288316
GATGGGC,0.210371004751079
GATGGGG,0.279612663218121
GATGGGT,0.189441568421279
GATGGTA,0.204594227122515
GATGGTC,0.201136813089954
GATGGTG,0.234885607450302
GATGGTT,0.209635399264123
GATGTAA,0.206810554719444
GATGTAC,0.212574580081353
GATGTAG,0.220188400554803
GATGTAT,0.20311394172956
GATGTCA,0.210493553074322
GATGTCC,0.196984496080206
GATGTCG,0.212207654565668
GATGTCT,0.219034829314984
GATGTGA,0.275027889599836
GATGTGC,0.235483368515002
GATGTGG,0.264866780438028
GATGTGT,0.25589031730904
GATGTTA,0.198969843291804
GATGTTC,0.208285382197475
GATGTTG,0.206441507737252
GATGTTT,0.218366363549442
GATTAAA,0.214468220081082
GATTAAC,0.21879180255289
GATTAAG,0.204840728457056
GATTAAT,0.205148769701957
GATTACA,0.181715201687517
GATTACC,0.210861107961258
GATTACG,0.210064568222715
GATTACT,0.206195400729801
GATTAGA,0.208837882211645
GATTAGC,0.214224080837045
GATTAGG,0.210983596241566
GATTAGT,0.206379986663468
GATTATA,0.206626048252807
GATTATC,0.213002489756158
GATTATG,0.218487936020768
GATTATT,0.20280527293871
GATTCAA,0.208101147670531
GATTCAC,0.217271545701004
GATTCAG,0.219034829314984
GATTCAT,0.212085316135598
GATTCCA,0.207794014678078
GATTCCC,0.223641151341429
GATTCCG,0.235244306965607
GATTCCT,0.219581423680399
GATTCGA,0.209512745723981
GATTCGC,0.225272513213768
GATTCGG,0.272727596065417
GATTCGT,0.209574074374538
GATTCTA,0.212391134152802
GATTCTC,0.192128634606514
GATTCTG,0.215931805184553
GATTCTT,0.211473399384123
GATTGAA,0.201507822591264
GATTGAC,0.211718211019599
GATTGAG,0.227142282241644
GATTGAT,0.215566109679822
GATTGCA,0.248249555364148
GATTGCC,0.230751288579378
GATTGCG,0.246714372162228
GATTGCT,0.22442695409057
GATTGGA,0.212513435177583
GATTGGC,0.229970441762446
GATTGGG,0.202990485646156
GATTGGT,0.206195400729801
GATTGTA,0.209635399264123
GATTGTC,0.205518293985532
GATTGTG,0.260854818905661
GATTGTT,0.22049175089004
GATTTAA,0.203730993628952
GATTTAC,0.213063604764957
GATTTAG,0.204779108819709
GATTTAT,0.218427151632589
GATTTCA,0.211901780423369
GATTTCC,0.211901780423369
GATTTCG,0.210738604675732
GATTTCT,0.197543273493287
GATTTGA,0.202990485646156
GATTTGC,0.222067690955622
GATTTGG,0.242094630974672
GATTTGT,0.215748974148838
GATTTTA,0.201693275736664
GATTTTC,0.204594227122515
GATTTTG,0.200641919538544
GATTTTT,0.215383211765276
GCAAAAA,0.196487542789807
GCAAAAC,0.200889396929202
GCAAAAG,0.204532592293506
GCAAAAT,0.200146780946232
GCAAACA,0.205518293985532
GCAAACC,0.218366363549442
GCAAACG,0.212207654565668
GCAAACT,0.208592364334978
GCAAAGA,0.208101147670531
GCAAAGC,0.210493553074322
GCAAAGG,0.205148769701957
GCAAAGT,0.202434744580801
GCAAATA,0.199279698049581
GCAAATC,0.217940743470609
GCAAATG,0.19847387589195
GCAAATT,0.204039376854967
GCAACAA,0.201940493109302
GCAACAC,0.201136813089954
GCAACAG,0.204963956341979
GCAACAT,0.218062367693486
GCAACCA,0.210554821604619
GCAACCC,0.208776508393406
GCAACCG,0.232970367318017
GCAACCT,0.20249650884202
GCAACGA,0.204840728457056
GCAACGC,0.220006346173548
GCAACGG,0.217636618180694
GCAACGT,0.208899252263369
GCAACTA,0.209267393502795
GCAACTC,0.207240937466355
GCAACTG,0.214529245580107
GCAACTT,0.221219416467238
GCAAGAA,0.202620025921164
GCAAGAC,0.195181864182983
GCAAGAG,0.191067168955237
GCAAGAT,0.204286014981919
GCAAGCA,0.218123174258205
GCAAGCC,0.205333548912269
GCAAGCG,0.220976920103102
GCAAGCT,0.201507822591264
GCAAGGA,0.228406916579386
GCAAGGC,0.220552409916079
GCAAGGG,0.235005188252122
GCAAGGT,0.232730704179085
GCAAGTA,0.208101147670531
GCAAGTC,0.206010780717876
GCAAGTG,0.191566822557146
GCAAGTT,0.210554821604619
GCAATAA,0.207425330527285
GCAATAC,0.226599806131679
GCAATAG,0.213002489756158
GCAATAT,0.205764567669601
GCAATCA,0.206441507737252
GCAATCC,0.208101147670531
GCAATCG,0.210493553074322
GCAATCT,0.226358611145734
GCAATGA,0.208285382197475
GCAATGC,0.210432280789962
GCAATGG,0.210064568222715
GCAATGT,0.205087169043662
GCAATTA,0.206626048252807
GCAATTC,0.216723686963674
GCAATTG,0.207240937466355
GCAATTT,0.213979881974482
GCACAAA,0.203052215593033
GCACAAC,0.207240937466355
GCACAAG,0.203052215593033
GCACAAT,0.213002489756158
GCACACA,0.215992741435616
GCACACC,0.220127719443621
GCACACG,0.230390973503516
GCACACT,0.226298303308304
GCACAGA,0.214224080837045
GCACAGC,0.20311394172956
GCACAGG,0.245827616303382
GCACAGT,0.204409311237759
GCACATA,0.203977707817312
GCACATC,0.221098175635731
GCACATG,0.224366529642972
GCACATT,0.216358280984814
GCACCAA,0.219156320551366
GCACCAC,0.219884958170216
GCACCAG,0.20822397445979
GCACCAT,0.203052215593033
GCACCCA,0.246773461270236
GCACCCC,0.216906339894724
GCACCCG,0.223580679392037
GCACCCT,0.2435776425139
GCACCGA,0.20447095366541
GCACCGC,0.218123174258205
GCACCGG,0.230090611735156
GCACCGT,0.21135097108794
GCACCTA,0.202249428904901
GCACCTC,0.219581423680399
GCACCTG,0.282125357529157
GCACCTT,0.199031821924633
GCACGAA,0.217879925811551
GCACGAC,0.213246927384285
GCACGAG,0.218427151632589
GCACGAT,0.204101042089786
GCACGCA,0.204840728457056
GCACGCC,0.228647618089352
GCACGCG,0.244644050641708
GCACGCT,0.219520705724887
GCACGGA,0.21830557177088
GCACGGC,0.194434995988502
GCACGGG,0.208469582788309
GCACGGT,0.209819351371653
GCACGTA,0.215748974148838
GCACGTC,0.206379986663468
GCACGTG,0.262891883373348
GCACGTT,0.216419191254372
GCACTAA,0.219945654013763
GCACTAC,0.227684464230826
GCACTAG,0.210738604675732
GCACTAT,0.209267393502795
GCACTCA,0.204286014981919
GCACTCC,0.211779404565124
GCACTCG,0.223641151341429
GCACTCT,0.195555089204785
GCACTGA,0.21830557177088
GCACTGC,0.214773310341911
GCACTGG,0.212207654565668
GCACTGT,0.195368494105998
GCACTTA,0.20020868667924
GCACTTC,0.222552096358259
GCACTTG,0.210432280789962
GCACTTT,0.193874478550464
GCAGAAA,0.189003454856957
GCAGAAC,0.199093796716349
GCAGAAG,0.219642137949465
GCAGAAT,0.216114602799192
GCAGACA,0.208469582788309
GCAGACC,0.206133864512921
GCAGACG,0.210187154102692
GCAGACT,0.215870865220038
GCAGAGA,0.236021048136437
GCAGAGC,0.230451035032642
GCAGAGG,0.266258480918399
GCAGAGT,0.19081724850294
GCAGATA,0.205887681771347
GCAGATC,0.20020868667924
GCAGATG,0.199713333476998
GCAGATT,0.208469582788309
GCAGCAA,0.205456716086671
GCAGCAC,0.191254568313466
GCAGCAG,0.198411862667667
GCAGCAT,0.200332486649483
GCAGCCA,0.221825400232655
GCAGCCC,0.242628768525881
GCAGCCG,0.219459984082481
GCAGCCT,0.203052215593033
GCAGCGA,0.22043108818426
GCAGCGC,0.243933238263282
GCAGCGG,0.263879819432911
GCAGCGT,0.249723473815346
GCAGCTA,0.202743527745723
GCAGCTC,0.232670779418524
GCAGCTG,0.270017972392393
GCAGCTT,0.197357049045906
GCAGGAA,0.204039376854967
GCAGGAC,0.208530975446057
GCAGGAG,0.273590826339696
GCAGGAT,0.230330908366786
GCAGGCA,0.2388838004023
GCAGGCC,0.249252056230137
GCAGGCG,0.275372477705539
GCAGGCT,0.246418874237997
GCAGGGA,0.284973049159539
GCAGGGC,0.242628768525881
GCAGGGG,0.340664038971087
GCAGGGT,0.296564534849289
GCAGGTA,0.244229471492474
GCAGGTC,0.244821674818388
GCAGGTG,0.378093335029177
GCAGGTT,0.265736820184214
GCAGTAA,0.203360808181561
GCAGTAC,0.207916879194972
GCAGTAG,0.221401250157692
GCAGTAT,0.207179465556204
GCAGTCA,0.216114602799192
GCAGTCC,0.200518157872528
GCAGTCG,0.232131294918153
GCAGTCT,0.21617552791261
GCAGTGA,0.232011369938927
GCAGTGC,0.268400231691555
GCAGTGG,0.24156020796806
GCAGTGT,0.222370471829042
GCAGTTA,0.205456716086671
GCAGTTC,0.228105958194831
GCAGTTG,0.218852564780701
GCAGTTT,0.20822397445979
GCATAAA,0.212574580081353
GCATAAC,0.209206046040452
GCATAAG,0.220673716930721
GCATAAT,0.206872049310735
GCATACA,0.205148769701957
GCATACC,0.206933540120673
GCATACG,0.216845459291198
GCATACT,0.210309724957214
GCATAGA,0.219217060634961
GCATAGC,0.221219416467238
GCATAGG,0.19965139707024
GCATAGT,0.207179465556204
GCATATA,0.206810554719444
GCATATC,0.206318461804609
GCATATG,0.210064568222715
GCATATT,0.209021981069124
GCATCAA,0.211840594366228
GCATCAC,0.209144694814367
GCATCAG,0.206256933160208
GCATCAT,0.199961040749968
GCATCCA,0.226298303308304
GCATCCC,0.194185915913976
GCATCCG,0.240252636981524
GCATCCT,0.1861824180784
GCATCGA,0.213369123795841
GCATCGC,0.216967216792028
GCATCGG,0.210493553074322
GCATCGT,0.215139295831684
GCATCTA,0.209635399264123
GCATCTC,0.206626048252807
GCATCTG,0.217514942162187
GCATCTT,0.222854730620692
GCATGAA,0.213063604764957
GCATGAC,0.224547792033528
GCATGAG,0.238645550481541
GCATGAT,0.214895320388593
GCATGCA,0.247836468598757
GCATGCC,0.236677819756307
GCATGCG,0.221461854041144
GCATGCT,0.232131294918153
GCATGGA,0.186559016442627
GCATGGC,0.237274510784982
GCATGGG,0.284290342375651
GCATGGT,0.248839383462494
GCATGTA,0.209267393502795
GCATGTC,0.216358280984814
GCATGTG,0.456927233451055
GCATGTT,0.21830557177088
GCATTAA,0.212941371012086
GCATTAC,0.209206046040452
GCATTAG,0.219156320551366
GCATTAT,0.207363869951431
GCATTCA,0.217697450638502
GCATTCC,0.19847387589195
GCATTCG,0.220188400554803
GCATTCT,0.199775266047874
GCATTGA,0.197605340603312
GCATTGC,0.209758037762219
GCATTGG,0.215688023041247
GCATTGT,0.212391134152802
GCATTTA,0.198225799917639
GCATTTC,0.207978305792999
GCATTTG,0.223278264780061
GCATTTT,0.199899119683884
GCCAAAA,0.212207654565668
GCCAAAC,0.197419127715062
GCCAAAG,0.194746258862012
GCCAAAT,0.214529245580107
GCCAACA,0.191566822557146
GCCAACC,0.188753018043083
GCCAACG,0.203360808181561
GCCAACT,0.208592364334978
GCCAAGA,0.186559016442627
GCCAAGC,0.217210687328045
GCCAAGG,0.224608205529769
GCCAAGT,0.213979881974482
GCCAATA,0.203422515273386
GCCAATC,0.200889396929202
GCCAATG,0.211718211019599
GCCAATT,0.204101042089786
GCCACAA,0.199713333476998
GCCACAC,0.233928445902185
GCCACAG,0.170873504471794
GCCACAT,0.199217734778348
GCCACCA,0.205210366565845
GCCACCC,0.22569502481258
GCCACCG,0.219277797029421
GCCACCT,0.233389639649615
GCCACGA,0.195741649492337
GCCACGC,0.230030528553904
GCCACGG,0.238943354014324
GCCACGT,0.236319634164998
GCCACTA,0.20280527293871
GCCACTC,0.2020022879042
GCCACTG,0.206749056346336
GCCACTT,0.230751288579378
GCCAGAA,0.206564538531456
GCCAGAC,0.209144694814367
GCCAGAG,0.247600342381739
GCCAGAT,0.228406916579386
GCCAGCA,0.217575782022072
GCCAGCC,0.308800969969259
GCCAGCG,0.256241562331949
GCCAGCT,0.264460502692807
GCCAGGA,0.212268818168651
GCCAGGC,0.21617552791261
GCCAGGG,0.405034133786029
GCCAGGT,0.223459724521577
GCCAGTA,0.212757992363668
GCCAGTC,0.195866003684209
GCCAGTG,0.214163036711778
GCCAGTT,0.216845459291198
GCCATAA,0.203916034976352
GCCATAC,0.214285121236154
GCCATAG,0.231111473875046
GCCATAT,0.215870865220038
GCCATCA,0.213002489756158
GCCATCC,0.227744688532316
GCCATCG,0.204039376854967
GCCATCT,0.263647451681992
GCCATGA,0.214468220081082
GCCATGC,0.237870845985782
GCCATGG,0.246241533561243
GCCATGT,0.24156020796806
GCCATTA,0.207978305792999
GCCATTC,0.214529245580107
GCCATTG,0.219459984082481
GCCATTT,0.214590267355249
GCCCAAA,0.201569644127906
GCCCAAC,0.213246927384285
GCCCAAG,0.189816941622733
GCCCAAT,0.206256933160208
GCCCACA,0.229669953636882
GCCCACC,0.224910218276245
GCCCACG,0.252371064831408
GCCCACT,0.233449521349418
GCCCAGA,0.182975592772583
GCCCAGC,0.237632354577645
GCCCAGG,0.217940743470609
GCCCAGT,0.203669305570081
GCCCATA,0.215383211765276
GCCCATC,0.188439883801935
GCCCATG,0.26033033092195
GCCCATT,0.209574074374538
GCCCCAA,0.201631461842882
GCCCCAC,0.201507822591264
GCCCCAG,0.211228527801234
GCCCCAT,0.212635721246653
GCCCCCA,0.217758279395948
GCCCCCC,0.273763383010579
GCCCCCG,0.29374970785389
GCCCCCT,0.228587448143257
GCCCCGA,0.273245623644817
GCCCCGC,0.264808750864974
GCCCCGG,0.325378436884158
GCCCCGT,0.22912884736733
GCCCCTA,0.205456716086671
GCCCCTC,0.267763973985341
GCCCCTG,0.309855553486653
GCCCCTT,0.210064568222715
GCCCGAA,0.219520705724887
GCCCGAC,0.234287488853581
GCCCGAG,0.231951402055633
GCCCGAT,0.215809921541617
GCCCGCA,0.249605640251895
GCCCGCC,0.343189076753211
GCCCGCG,0.376330040492724
GCCCGCT,0.228166157118254
GCCCGGA,0.235841853716193
GCCCGGC,0.275774347144244
GCCCGGG,0.404630543700625
GCCCGGT,0.244407169317157
GCCCGTA,0.204963956341979
GCCCGTC,0.233629144936926
GCCCGTG,0.311296867905929
GCCCGTT,0.207240937466355
GCCCTAA,0.200765665889505
GCCCTAC,0.217149825251119
GCCCTAG,0.215870865220038
GCCCTAT,0.211534607911915
GCCCTCA,0.216114602799192
GCCCTCC,0.222733687905997
GCCCTCG,0.25858004823186
GCCCTCT,0.217332400370448
GCCCTGA,0.213918822940034
GCCCTGC,0.244644050641708
GCCCTGG,0.250430183765128
GCCCTGT,0.243103318065117
GCCCTTA,0.203360808181561
GCCCTTC,0.246891629012716
GCCCTTG,0.223701619634185
GCCCTTT,0.217271545701004
GCCGAAA,0.213796693685383
GCCGAAC,0.217271545701004
GCCGAAG,0.217454098600588
GCCGAAT,0.214224080837045
GCCGACA,0.224366529642972
GCCGACC,0.224910218276245
GCCGACG,0.220370421798293
GCCGACT,0.235483368515002
GCCGAGA,0.237930459951664
GCCGAGC,0.248544512900469
GCCGAGG,0.350672904157206
GCCGAGT,0.242628768525881
GCCGATA,0.211534607911915
GCCGATC,0.211412187109617
GCCGATG,0.214712299735696
GCCGATT,0.212941371012086
GCCGCAA,0.214163036711778
GCCGCAC,0.239419655274807
GCCGCAG,0.279669840078336
GCCGCAT,0.208346786164481
GCCGCCA,0.261844768509027
GCCGCCC,0.374459627597111
GCCGCCG,0.444301224611592
GCCGCCT,0.323245959262839
GCCGCGA,0.236140493246509
GCCGCGC,0.318472442902478
GCCGCGG,0.446384397943076
GCCGCGT,0.299595674910268
GCCGCTA,0.205949233138781
GCCGCTC,0.251489313123245
GCCGCTG,0.292452222006371
GCCGCTT,0.236021048136437
GCCGGAA,0.244288707609273
GCCGGAC,0.236797186448656
GCCGGAG,0.26068002014127
GCCGGAT,0.223701619634185
GCCGGCA,0.213857760177153
GCCGGCC,0.363636327981809
GCCGGCG,0.345814791974344
GCCGGCT,0.203792677882641
GCCGGGA,0.35131177660295
GCCGGGC,0.402306734397706
GCCGGGG,0.376330040492724
GCCGGGT,0.267821832326159
GCCGGTA,0.211840594366228
GCCGGTC,0.238109280529328
GCCGGTG,0.289229439070228
GCCGGTT,0.213674549513355
GCCGTAA,0.219034829314984
GCCGTAC,0.227804909207058
GCCGTAG,0.203854358331618
GCCGTAT,0.212574580081353
GCCGTCA,0.213369123795841
GCCGTCC,0.275315054599857
GCCGTCG,0.247482258361592
GCCGTCT,0.192752500253565
GCCGTGA,0.260563470654585
GCCGTGC,0.252253542848722
GCCGTGG,0.307467272839609
GCCGTGT,0.315608388601693
GCCGTTA,0.214163036711778
GCCGTTC,0.233389639649615
GCCGTTG,0.215931805184553
GCCGTTT,0.215992741435616
GCCTAAA,0.203730993628952
GCCTAAC,0.210983596241566
GCCTAAG,0.211534607911915
GCCTAAT,0.235662627179552
GCCTACA,0.211473399384123
GCCTACC,0.212696858673938
GCCTACG,0.206318461804609
GCCTACT,0.204347665010085
GCCTAGA,0.198411862667667
GCCTAGC,0.198287824680989
GCCTAGG,0.219399258752734
GCCTAGT,0.222552096358259
GCCTATA,0.211534607911915
GCCTATC,0.202928751888456
GCCTATG,0.252194776677693
GCCTATT,0.212207654565668
GCCTCAA,0.191566822557146
GCCTCAC,0.217940743470609
GCCTCAG,0.197667403861251
GCCTCAT,0.202249428904901
GCCTCCA,0.271575461994094
GCCTCCC,0.254308186174372
GCCTCCG,0.291209571330438
GCCTCCT,0.226961489567499
GCCTCGA,0.221643643657629
GCCTCGC,0.264054059818891
GCCTCGG,0.267763973985341
GCCTCGT,0.233150076985779
GCCTCTA,0.218609493714026
GCCTCTC,0.196984496080206
GCCTCTG,0.300099972863014
GCCTCTT,0.258463253723054
GCCTGAA,0.212146487221469
GCCTGAC,0.245650170732235
GCCTGAG,0.248308553831819
GCCTGAT,0.216723686963674
GCCTGCA,0.242984701790882
GCCTGCC,0.321108924460898
GCCTGCG,0.304069431674539
GCCTGCT,0.215139295831684
GCCTGGA,0.24995909929618
GCCTGGC,0.394946142915222
GCCTGGG,0.388864640287708
GCCTGGT,0.252547321913087
GCCTGTA,0.190379737360121
GCCTGTC,0.240966069462695
GCCTGTG,0.395098981177394
GCCTGTT,0.232011369938927
GCCTTAA,0.210554821604619
GCCTTAC,0.205271959635793
GCCTTAG,0.213674549513355
GCCTTAT,0.216662795238773
GCCTTCA,0.202311204612713
GCCTTCC,0.225272513213768
GCCTTCG,0.22623799183362
GCCTTCT,0.243636917253959
GCCTTGA,0.203237382573441
GCCTTGC,0.200641919538544
GCCTTGG,0.237990070363934
GCCTTGT,0.245236008575994
GCCTTTA,0.208837882211645
GCCTTTC,0.246477980808778
GCCTTTG,0.259222174312034
GCCTTTT,0.217697450638502
GCGAAAA,0.214712299735696
GCGAAAC,0.224547792033528
GCGAAAG,0.210248441407905
GCGAAAT,0.21312471603894
GCGAACA,0.215322238359306
GCGAACC,0.221340642601188
GCGAACG,0.208285382197475
GCGAACT,0.209083339824078
GCGAAGA,0.213796693685383
GCGAAGC,0.227021757424064
GCGAAGG,0.212757992363668
GCGAAGT,0.213063604764957
GCGAATA,0.212024141307596
GCGAATC,0.210064568222715
GCGAATG,0.213002489756158
GCGAATT,0.209880661221958
GCGACAA,0.209819351371653
GCGACAC,0.21135097108794
GCGACAG,0.221098175635731
GCGACAT,0.274913000506003
GCGACCA,0.232790625348885
GCGACCC,0.239836232860479
GCGACCG,0.249900198130708
GCGACCT,0.237930459951664
GCGACGA,0.203484218557681
GCGACGC,0.22605703558165
GCGACGG,0.249193113403051
GCGACGT,0.222491558513721
GCGACTA,0.212941371012086
GCGACTC,0.219277797029421
GCGACTG,0.235602877861705
GCGACTT,0.228527274576521
GCGAGAA,0.215688023041247
GCGAGAC,0.215200280392963
GCGAGAG,0.221764818378178
GCGAGAT,0.244584835570934
GCGAGCA,0.206810554719444
GCGAGCC,0.240609416845346
GCGAGCG,0.240312109132576
GCGAGCT,0.234227657313179
GCGAGGA,0.204840728457056
GCGAGGC,0.327124772081062
GCGAGGG,0.279383923079719
GCGAGGT,0.2359613202308
GCGAGTA,0.205949233138781
GCGAGTC,0.223701619634185
GCGAGTG,0.253545525654693
GCGAGTT,0.215322238359306
GCGATAA,0.209512745723981
GCGATAC,0.211473399384123
GCGATAG,0.214956319829969
GCGATAT,0.211962962737006
GCGATCA,0.212696858673938
GCGATCC,0.212757992363668
GCGATCG,0.230511092954598
GCGATCT,0.263182554133079
GCGATGA,0.212391134152802
GCGATGC,0.234706209431604
GCGATGG,0.252723547933683
GCGATGT,0.217575782022072
GCGATTA,0.209512745723981
GCGATTC,0.200518157872528
GCGATTG,0.224306101544039
GCGATTT,0.215444181453716
GCGCAAA,0.208039728618031
GCGCAAC,0.225393249030452
GCGCAAG,0.204779108819709
GCGCAAT,0.218609493714026
GCGCACA,0.226177676721242
GCGCACC,0.215931805184553
GCGCACG,0.217940743470609
GCGCACT,0.229910351360348
GCGCAGA,0.214834317226058
GCGCAGC,0.291039999260335
GCGCAGG,0.294482325432645
GCGCAGT,0.218427151632589
GCGCATA,0.213369123795841
GCGCATC,0.209083339824078
GCGCATG,0.231171492146702
GCGCATT,0.220734364920217
GCGCCAA,0.214468220081082
GCGCCAC,0.234048141210093
GCGCCAG,0.258521652682576
GCGCCAT,0.24618241301281
GCGCCCA,0.237214857701374
GCGCCCC,0.294482325432645
GCGCCCG,0.324722774136222
GCGCCCT,0.244229471492474
GCGCCGA,0.260505190816928
GCGCCGC,0.393518524889713
GCGCCGG,0.342061656269036
GCGCCGT,0.269382743480771
GCGCCTA,0.210554821604619
GCGCCTC,0.314504641380369
GCGCCTG,0.328976917743236
GCGCCTT,0.252547321913087
GCGCGAA,0.212391134152802
GCGCGAC,0.223520203785567
GCGCGAG,0.272900301743886
GCGCGAT,0.203360808181561
GCGCGCA,0.246123288968932
GCGCGCC,0.370551661416204
GCGCGCG,0.37954312897244
GCGCGCT,0.307300435560647
GCGCGGA,0.258813596334564
GCGCGGC,0.36326826709694
GCGCGGG,0.410115498512689
GCGCGGT,0.253897595095202
GCGCGTA,0.220613065262824
GCGCGTC,0.253017188973103
GCGCGTG,0.353013443706413
GCGCGTT,0.209390077138102
GCGCTAA,0.2432219202712
GCGCTAC,0.215322238359306
GCGCTAG,0.216480097814095
GCGCTAT,0.207363869951431
GCGCTCA,0.219642137949465
GCGCTCC,0.326852108155252
GCGCTCG,0.290248282510112
GCGCTCT,0.232850542928354
GCGCTGA,0.232910456917921
GCGCTGC,0.251783316755103
GCGCTGG,0.304627246619493
GCGCTGT,0.279097924309191
GCGCTTA,0.209144694814367
GCGCTTC,0.258171207757907
GCGCTTG,0.217575782022072
GCGCTTT,0.218852564780701
GCGGAAA,0.218001557431104
GCGGAAC,0.206810554719444
GCGGAAG,0.222370471829042
GCGGAAT,0.232251205517102
GCGGACA,0.21434615790956
GCGGACC,0.242569433996162
GCGGACG,0.25858004823186
GCGGACT,0.245945895860488
GCGGAGA,0.257411488846287
GCGGAGC,0.283436302936258
GCGGAGG,0.339372194665435
GCGGAGT,0.242806750994442
GCGGATA,0.215809921541617
GCGGATC,0.210616086381313
GCGGATG,0.218244776296453
GCGGATT,0.208837882211645
GCGGCAA,0.207916879194972
GCGGCAC,0.239121993573555
GCGGCAG,0.251724522943375
GCGGCAT,0.206318461804609
GCGGCCA,0.239598209775645
GCGGCCC,0.294651314833137
GCGGCCG,0.33391731931955
GCGGCCT,0.315939275347557
GCGGCGA,0.282239421029899
GCGGCGC,0.312293485426933
GCGGCGG,0.547471707002
GCGGCGT,0.24995909929618
GCGGCTA,0.240431042824919
GCGGCTC,0.268400231691555
GCGGCTG,0.313123241969324
GCGGCTT,0.241203767226586
GCGGGAA,0.274395836177309
GCGGGAC,0.252664809377374
GCGGGAG,0.362163270930722
GCGGGAT,0.225634676941205
GCGGGCA,0.256943682475099
GCGGGCC,0.343564601296534
GCGGGCG,0.486789925186207
GCGGGCT,0.273705867428644
GCGGGGA,0.414222055720472
GCGGGGC,0.447448531800598
GCGGGGG,0.439488519783003
GCGGGGT,0.365946756739687
GCGGGTA,0.232251205517102
GCGGGTC,0.271287220948447
GCGGGTG,0.429300889180372
GCGGGTT,0.255948866714435
GCGGTAA,0.215200280392963
GCGGTAC,0.209512745723981
GCGGTAG,0.221704232853318
GCGGTAT,0.215200280392963
GCGGTCA,0.236379340673767
GCGGTCC,0.282239421029899
GCGGTCG,0.241144348082299
GCGGTCT,0.217271545701004
GCGGTGA,0.24618241301281
GCGGTGC,0.271978859929667
GCGGTGG,0.344690329555067
GCGGTGT,0.235184532647437
GCGGTTA,0.217210687328045
GCGGTTC,0.235722372927631
GCGGTTG,0.216419191254372
GCGGTTT,0.223701619634185
GCGTAAA,0.217210687328045
GCGTAAC,0.216358280984814
GCGTAAG,0.210554821604619
GCGTAAT,0.208776508393406
GCGTACA,0.206933540120673
GCGTACC,0.221643643657629
GCGTACG,0.21465128540696
GCGTACT,0.209021981069124
GCGTAGA,0.215809921541617
GCGTAGC,0.204409311237759
GCGTAGG,0.227383288306862
GCGTAGT,0.222915246484231
GCGTATA,0.208469582788309
GCGTATC,0.210493553074322
GCGTATG,0.223580679392037
GCGTATT,0.22243101700413
GCGTCAA,0.212574580081353
GCGTCAC,0.233748876072972
GCGTCAG,0.258871974838623
GCGTCAT,0.211718211019599
GCGTCCA,0.219338529735196
GCGTCCC,0.309078599791301
GCGTCCG,0.266258480918399
GCGTCCT,0.255070265486219
GCGTCGA,0.206810554719444
GCGTCGC,0.263995983063467
GCGTCGG,0.220613065262824
GCGTCGT,0.21617552791261
GCGTCTA,0.215505147425081
GCGTCTC,0.237214857701374
GCGTCTG,0.30752287908102
GCGTCTT,0.217088959469774
GCGTGAA,0.217514942162187
GCGTGAC,0.218913323316688
GCGTGAG,0.250194669270726
GCGTGAT,0.256300091176369
GCGTGCA,0.27989851483287
GCGTGCC,0.198411862667667
GCGTGCG,0.321328317816856
GCGTGCT,0.257294557768403
GCGTGGA,0.229910351360348
GCGTGGC,0.241678993320807
GCGTGGG,0.354924364334048
GCGTGGT,0.246891629012716
GCGTGTA,0.218913323316688
GCGTGTC,0.259455572513043
GCGTGTG,0.409613543204477
GCGTGTT,0.228346732148115
GCGTTAA,0.210309724957214
GCGTTAC,0.209144694814367
GCGTTAG,0.219217060634961
GCGTTAT,0.210554821604619
GCGTTCA,0.213491305277259
GCGTTCC,0.207056510398354
GCGTTCG,0.226961489567499
GCGTTCT,0.244703262206265
GCGTTGA,0.20822397445979
GCGTTGC,0.218609493714026
GCGTTGG,0.228888261676043
GCGTTGT,0.214224080837045
GCGTTTA,0.226418915346348
GCGTTTC,0.206318461804609
GCGTTTG,0.229249118510902
GCGTTTT,0.225574325427743
GCTAAAA,0.206318461804609
GCTAAAC,0.213185823578564
GCTAAAG,0.206195400729801
GCTAAAT,0.211901780423369
GCTAACA,0.204039376854967
GCTAACC,0.216662795238773
GCTAACG,0.209390077138102
GCTAACT,0.22442695409057
GCTAAGA,0.203669305570081
GCTAAGC,0.217210687328045
GCTAAGG,0.203916034976352
GCTAAGT,0.228527274576521
GCTAATA,0.209635399264123
GCTAATC,0.20871513080819
GCTAATG,0.232790625348885
GCTAATT,0.188314602645461
GCTACAA,0.217940743470609
GCTACAC,0.21135097108794
GCTACAG,0.200827533323025
GCTACAT,0.207548240347946
GCTACCA,0.218183977125711
GCTACCC,0.208530975446057
GCTACCG,0.213796693685383
GCTACCT,0.209144694814367
GCTACGA,0.207609689593682
GCTACGC,0.226901218078501
GCTACGG,0.218913323316688
GCTACGT,0.210309724957214
GCTACTA,0.210187154102692
GCTACTC,0.209880661221958
GCTACTG,0.204409311237759
GCTACTT,0.211473399384123
GCTAGAA,0.211412187109617
GCTAGAC,0.220855649865787
GCTAGAG,0.213918822940034
GCTAGAT,0.207609689593682
GCTAGCA,0.208346786164481
GCTAGCC,0.240966069462695
GCTAGCG,0.230330908366786
GCTAGCT,0.211840594366228
GCTAGGA,0.198969843291804
GCTAGGC,0.291435622703664
GCTAGGG,0.223096772104931
GCTAGGT,0.211289751318632
GCTAGTA,0.223217770881565
GCTAGTC,0.213002489756158
GCTAGTG,0.203237382573441
GCTAGTT,0.209758037762219
GCTATAA,0.205764567669601
GCTATAC,0.210738604675732
GCTATAG,0.226660095789415
GCTATAT,0.222612630538189
GCTATCA,0.218487936020768
GCTATCC,0.214773310341911
GCTATCG,0.215992741435616
GCTATCT,0.221098175635731
GCTATGA,0.207486787325968
GCTATGC,0.213735623464269
GCTATGG,0.22605703558165
GCTATGT,0.208592364334978
GCTATTA,0.209267393502795
GCTATTC,0.203175664056206
GCTATTG,0.207240937466355
GCTATTT,0.218913323316688
GCTCAAA,0.207302405597942
GCTCAAC,0.205641438408907
GCTCAAG,0.201445997232483
GCTCAAT,0.201755085809725
GCTCACA,0.223580679392037
GCTCACC,0.214712299735696
GCTCACG,0.184800342735703
GCTCACT,0.181652140413611
GCTCAGA,0.206379986663468
GCTCAGC,0.217636618180694
GCTCAGG,0.212268818168651
GCTCAGT,0.204779108819709
GCTCATA,0.214529245580107
GCTCATC,0.213308027456558
GCTCATG,0.221704232853318
GCTCATT,0.230451035032642
GCTCCAA,0.225815709630833
GCTCCAC,0.248603493969176
GCTCCAG,0.228406916579386
GCTCCAT,0.263995983063467
GCTCCCA,0.204594227122515
GCTCCCC,0.267011510765515
GCTCCCG,0.33115152979353
GCTCCCT,0.232431044460051
GCTCCGA,0.247777442271383
GCTCCGC,0.325323814738389
GCTCCGG,0.299707763102005
GCTCCGT,0.277208278216362
GCTCCTA,0.21879180255289
GCTCCTC,0.326470253715328
GCTCCTG,0.45496189870049
GCTCCTT,0.209819351371653
GCTCGAA,0.215078307551061
GCTCGAC,0.209880661221958
GCTCGAG,0.230991426524074
GCTCGAT,0.210309724957214
GCTCGCA,0.205641438408907
GCTCGCC,0.234885607450302
GCTCGCG,0.249546718262979
GCTCGCT,0.2381688802833
GCTCGGA,0.277265592713222
GCTCGGC,0.296845582260202
GCTCGGG,0.334675219404531
GCTCGGT,0.2403715777469
GCTCGTA,0.215505147425081
GCTCGTC,0.204101042089786
GCTCGTG,0.234885607450302
GCTCGTT,0.218731036632806
GCTCTAA,0.213185823578564
GCTCTAC,0.210983596241566
GCTCTAG,0.214040937280952
GCTCTAT,0.210799858194377
GCTCTCA,0.230451035032642
GCTCTCC,0.232131294918153
GCTCTCG,0.240609416845346
GCTCTCT,0.240966069462695
GCTCTGA,0.216480097814095
GCTCTGC,0.212207654565668
GCTCTGG,0.285200514551538
GCTCTGT,0.21879180255289
GCTCTTA,0.207486787325968
GCTCTTC,0.212329978030876
GCTCTTG,0.208346786164481
GCTCTTT,0.239895729780398
GCTGAAA,0.198225799917639
GCTGAAC,0.202125866039385
GCTGAAG,0.226901218078501
GCTGAAT,0.217697450638502
GCTGACA,0.220855649865787
GCTGACC,0.221219416467238
GCTGACG,0.207732576758284
GCTGACT,0.210064568222715
GCTGAGA,0.220006346173548
GCTGAGC,0.186747262453217
GCTGAGG,0.191254568313466
GCTGAGT,0.205087169043662
GCTGATA,0.22243101700413
GCTGATC,0.276520247905376
GCTGATG,0.211534607911915
GCTGATT,0.214224080837045
GCTGCAA,0.217149825251119
GCTGCAC,0.236856864452103
GCTGCAG,0.223641151341429
GCTGCAT,0.208346786164481
GCTGCCA,0.21465128540696
GCTGCCC,0.229068706370679
GCTGCCG,0.336621471814954
GCTGCCT,0.283094482828453
GCTGCGA,0.281668973376831
GCTGCGC,0.353332184169941
GCTGCGG,0.279155130607294
GCTGCGT,0.215627068218393
GCTGCTA,0.22424566979333
GCTGCTC,0.242153993682457
GCTGCTG,0.333429794336098
GCTGCTT,0.2359613202308
GCTGGAA,0.24156020796806
GCTGGAC,0.202434744580801
GCTGGAG,0.232251205517102
GCTGGAT,0.224789424122838
GCTGGCA,0.228166157118254
GCTGGCC,0.234586592870173
GCTGGCG,0.247246048481556
GCTGGCT,0.289399318412778
GCTGGGA,0.238049677223014
GCTGGGC,0.332345553775075
GCTGGGG,0.394334556164026
GCTGGGT,0.270652798044394
GCTGGTA,0.222067690955622
GCTGGTC,0.223399241599624
GCTGGTG,0.279727013669545
GCTGGTT,0.213918822940034
GCTGTAA,0.216419191254372
GCTGTAC,0.217514942162187
GCTGTAG,0.201631461842882
GCTGTAT,0.206872049310735
GCTGTCA,0.214468220081082
GCTGTCC,0.249252056230137
GCTGTCG,0.231411529217882
GCTGTCT,0.250783351538608
GCTGTGA,0.24700978279323
GCTGTGC,0.299707763102005
GCTGTGG,0.287869364404952
GCTGTGT,0.267011510765515
GCTGTTA,0.213308027456558
GCTGTTC,0.217332400370448
GCTGTTG,0.242153993682457
GCTGTTT,0.228045755647279
GCTTAAA,0.208837882211645
GCTTAAC,0.204963956341979
GCTTAAG,0.214040937280952
GCTTAAT,0.206318461804609
GCTTACA,0.203422515273386
GCTTACC,0.211595812693453
GCTTACG,0.208101147670531
GCTTACT,0.204532592293506
GCTTAGA,0.20255826928865
GCTTAGC,0.224547792033528
GCTTAGG,0.213674549513355
GCTTAGT,0.205579868092788
GCTTATA,0.214590267355249
GCTTATC,0.206503025026426
GCTTATG,0.202743527745723
GCTTATT,0.200518157872528
GCTTCAA,0.223520203785567
GCTTCAC,0.229369375191064
GCTTCAG,0.20822397445979
GCTTCAT,0.213430216402589
GCTTCCA,0.185428795603718
GCTTCCC,0.22412479533482
GCTTCCG,0.238228476485352
GCTTCCT,0.258696829101301
GCTTCGA,0.212941371012086
GCTTCGC,0.225030997840187
GCTTCGG,0.247541302114645
GCTTCGT,0.230991426524074
GCTTCTA,0.194123636200248
GCTTCTC,0.228707784415243
GCTTCTG,0.252136007052997
GCTTCTT,0.186810003249446
GCTTGAA,0.199775266047874
GCTTGAC,0.213857760177153
GCTTGAG,0.198783884341877
GCTTGAT,0.211412187109617
GCTTGCA,0.229549733100026
GCTTGCC,0.193251312692625
GCTTGCG,0.250371310341362
GCTTGCT,0.193064287184638
GCTTGGA,0.2189740781613
GCTTGGC,0.226298303308304
GCTTGGG,0.276520247905376
GCTTGGT,0.224185234390405
GCTTGTA,0.209512745723981
GCTTGTC,0.242806750994442
GCTTGTG,0.276634952502908
GCTTGTT,0.221522454251987
GCTTTAA,0.202064078880736
GCTTTAC,0.204717485385149
GCTTTAG,0.205025564590492
GCTTTAT,0.207302405597942
GCTTTCA,0.202681778740031
GCTTTCC,0.228346732148115
GCTTTCG,0.204224361152794
GCTTTCT,0.22043108818426
GCTTTGA,0.191441932559756
GCTTTGC,0.218670267020001
GCTTTGG,0.248426540325729
GCTTTGT,0.227082021648633
GCTTTTA,0.201755085809725
GCTTTTC,0.234825811686626
GCTTTTG,0.230270839622018
GCTTTTT,0.187687961324368
GGAAAAA,0.20280527293871
GGAAAAC,0.207302405597942
GGAAAAG,0.211473399384123
GGAAAAT,0.195679466596933
GGAAACA,0.188878244289844
GGAAACC,0.220067034650018
GGAAACG,0.227082021648633
GGAAACT,0.195928174981639
GGAAAGA,0.206995027149725
GGAAAGC,0.232431044460051
GGAAAGG,0.228527274576521
GGAAAGT,0.196363265869714
GGAAATA,0.214773310341911
GGAAATC,0.205518293985532
GGAAATG,0.213369123795841
GGAAATT,0.195741649492337
GGAACAA,0.216906339894724
GGAACAC,0.222007123778233
GGAACAG,0.203360808181561
GGAACAT,0.213185823578564
GGAACCA,0.209206046040452
GGAACCC,0.208346786164481
GGAACCG,0.23840724378423
GGAACCT,0.238109280529328
GGAACGA,0.219763555430048
GGAACGC,0.212085316135598
GGAACGG,0.228828106208153
GGAACGT,0.216053673973678
GGAACTA,0.207179465556204
GGAACTC,0.195866003684209
GGAACTG,0.221219416467238
GGAACTT,0.206626048252807
GGAAGAA,0.212819122316297
GGAAGAC,0.202681778740031
GGAAGAG,0.205395134395739
GGAAGAT,0.226358611145734
GGAAGCA,0.204224361152794
GGAAGCC,0.216236449314385
GGAAGCG,0.215261261235352
GGAAGCT,0.234945399638658
GGAAGGA,0.193625258805674
GGAAGGC,0.215322238359306
GGAAGGG,0.293185790414211
GGAAGGT,0.224729021573984
GGAAGTA,0.214590267355249
GGAAGTC,0.224789424122838
GGAAGTG,0.224306101544039
GGAAGTT,0.215627068218393
GGAATAA,0.209451413311989
GGAATAC,0.204717485385149
GGAATAG,0.212391134152802
GGAATAT,0.205579868092788
GGAATCA,0.210064568222715
GGAATCC,0.211044834755913
GGAATCG,0.221704232853318
GGAATCT,0.203545918034915
GGAATGA,0.218731036632806
GGAATGC,0.244880875866785
GGAATGG,0.239657720858469
GGAATGT,0.22587604657859
GGAATTA,0.210187154102692
GGAATTC,0.228828106208153
GGAATTG,0.216358280984814
GGAATTT,0.205703004934356
GGACAAA,0.206256933160208
GGACAAC,0.213735623464269
GGACAAG,0.228767947121364
GGACAAT,0.209635399264123
GGACACA,0.211595812693453
GGACACC,0.201631461842882
GGACACG,0.238705118283476
GGACACT,0.214040937280952
GGACAGA,0.196984496080206
GGACAGC,0.210554821604619
GGACAGG,0.250665642805512
GGACAGT,0.227684464230826
GGACATA,0.210738604675732
GGACATC,0.210738604675732
GGACATG,0.243459082492257
GGACATT,0.193812179436883
GGACCAA,0.208285382197475
GGACCAC,0.186872740109514
GGACCAG,0.235543124973664
GGACCAT,0.215444181453716
GGACCCA,0.216784574980998
GGACCCC,0.246300650614643
GGACCCG,0.288322928191438
GGACCCT,0.189128649748346
GGACCGA,0.257586859830465
GGACCGC,0.244584835570934
GGACCGG,0.250017996992509
GGACCGT,0.22575536904231
GGACCTA,0.212452286534885
GGACCTC,0.229549733100026
GGACCTG,0.272151694956361
GGACCTT,0.207916879194972
GGACGAA,0.213246927384285
GGACGAC,0.235244306965607
GGACGAG,0.237870845985782
GGACGAT,0.220734364920217
GGACGCA,0.196984496080206
GGACGCC,0.209328737201858
GGACGCG,0.25571464852185
GGACGCT,0.190692264850302
GGACGGA,0.210309724957214
GGACGGC,0.260971334442781
GGACGGG,0.32045045544443
GGACGGT,0.221219416467238
GGACGTA,0.216480097814095
GGACGTC,0.251489313123245
GGACGTG,0.234107983491863
GGACGTT,0.219034829314984
GGACTAA,0.206687554190946
GGACTAC,0.195617279834576
GGACTAG,0.22521213983856
GGACTAT,0.210187154102692
GGACTCA,0.2403715777469
GGACTCC,0.216662795238773
GGACTCG,0.246655279562491
GGACTCT,0.214895320388593
GGACTGA,0.220067034650018
GGACTGC,0.21982425864246
GGACTGG,0.247482258361592
GGACTGT,0.21830557177088
GGACTTA,0.202372976504522
GGACTTC,0.231051452000981
GGACTTG,0.211106069520334
GGACTTT,0.221340642601188
GGAGAAA,0.201136813089954
GGAGAAC,0.206133864512921
GGAGAAG,0.252371064831408
GGAGAAT,0.213918822940034
GGAGACA,0.249193113403051
GGAGACC,0.2388838004023
GGAGACG,0.275946527477502
GGAGACT,0.227082021648633
GGAGAGA,0.209819351371653
GGAGAGC,0.245886757830692
GGAGAGG,0.26155370857728
GGAGAGT,0.223641151341429
GGAGATA,0.224547792033528
GGAGATC,0.209390077138102
GGAGATG,0.204840728457056
GGAGATT,0.210064568222715
GGAGCAA,0.196798167536034
GGAGCAC,0.206564538531456
GGAGCAG,0.234706209431604
GGAGCAT,0.226177676721242
GGAGCCA,0.253721575869059
GGAGCCC,0.309800076808923
GGAGCCG,0.313565497434424
GGAGCCT,0.2189740781613
GGAGCGA,0.297351268636713
GGAGCGC,0.257820639978537
GGAGCGG,0.368775006551458
GGAGCGT,0.220795009231756
GGAGCTA,0.216236449314385
GGAGCTC,0.241144348082299
GGAGCTG,0.292847287245871
GGAGCTT,0.204963956341979
GGAGGAA,0.20249650884202
GGAGGAC,0.285314227847789
GGAGGAG,0.36657594833124
GGAGGAT,0.212268818168651
GGAGGCA,0.215322238359306
GGAGGCC,0.300268015681665
GGAGGCG,0.386452476822146
GGAGGCT,0.273648348538476
GGAGGGA,0.370342806954953
GGAGGGC,0.365579545407631
GGAGGGG,0.526698482636695
GGAGGGT,0.320066148192567
GGAGGTA,0.214468220081082
GGAGGTC,0.23757272283734
GGAGGTG,0.238705118283476
GGAGGTT,0.226599806131679
GGAGTAA,0.217575782022072
GGAGTAC,0.2020022879042
GGAGTAG,0.206195400729801
GGAGTAT,0.206810554719444
GGAGTCA,0.194372731785962
GGAGTCC,0.230931397443893
GGAGTCG,0.257528406252892
GGAGTCT,0.208960618549041
GGAGTGA,0.217149825251119
GGAGTGC,0.211106069520334
GGAGTGG,0.284631754028663
GGAGTGT,0.217697450638502
GGAGTTA,0.215261261235352
GGAGTTC,0.214224080837045
GGAGTTG,0.253721575869059
GGAGTTT,0.202867014319465
GGATAAA,0.205025564590492
GGATAAC,0.221158797888902
GGATAAG,0.23655843881385
GGATAAT,0.213002489756158
GGATACA,0.211228527801234
GGATACC,0.215627068218393
GGATACG,0.221764818378178
GGATACT,0.203299097281736
GGATAGA,0.22049175089004
GGATAGC,0.208899252263369
GGATAGG,0.209512745723981
GGATAGT,0.207732576758284
GGATATA,0.207179465556204
GGATATC,0.210003269647028
GGATATG,0.210309724957214
GGATATT,0.20255826928865
GGATCAA,0.208408186361271
GGATCAC,0.199527512747182
GGATCAG,0.234167822192749
GGATCAT,0.20280527293871
GGATCCA,0.206872049310735
GGATCCC,0.22412479533482
GGATCCG,0.229790159722498
GGATCCT,0.216358280984814
GGATCGA,0.209819351371653
GGATCGC,0.242391409280563
GGATCGG,0.221825400232655
GGATCGT,0.206379986663468
GGATCTA,0.207732576758284
GGATCTC,0.203299097281736
GGATCTG,0.223399241599624
GGATCTT,0.203175664056206
GGATGAA,0.209574074374538
GGATGAC,0.204286014981919
GGATGAG,0.231771476825849
GGATGAT,0.222370471829042
GGATGCA,0.227684464230826
GGATGCC,0.2388838004023
GGATGCG,0.235363844884108
GGATGCT,0.221340642601188
GGATGGA,0.241084925407169
GGATGGC,0.228828106208153
GGATGGG,0.284176512583751
GGATGGT,0.198597890804788
GGATGTA,0.218670267020001
GGATGTC,0.205271959635793
GGATGTG,0.347312111030213
GGATGTT,0.209451413311989
GGATTAA,0.208285382197475
GGATTAC,0.185428795603718
GGATTAG,0.213063604764957
GGATTAT,0.201693275736664
GGATTCA,0.214040937280952
GGATTCC,0.21982425864246
GGATTCG,0.234227657313179
GGATTCT,0.222128254464851
GGATTGA,0.211595812693453
GGATTGC,0.254659987254991
GGATTGG,0.198783884341877
GGATTGT,0.236080772474865
GGATTTA,0.213369123795841
GGATTTC,0.202681778740031
GGATTTG,0.236498742997767
GGATTTT,0.209021981069124
GGCAAAA,0.189441568421279
GGCAAAC,0.203237382573441
GGCAAAG,0.227564004745854
GGCAAAT,0.198659892494297
GGCAACA,0.198969843291804
GGCAACC,0.2359613202308
GGCAACG,0.223520203785567
GGCAACT,0.216297367004969
GGCAAGA,0.193562944163505
GGCAAGC,0.218731036632806
GGCAAGG,0.218487936020768
GGCAAGT,0.211718211019599
GGCAATA,0.205887681771347
GGCAATC,0.232311155425051
GGCAATG,0.206379986663468
GGCAATT,0.211534607911915
GGCACAA,0.206318461804609
GGCACAC,0.223641151341429
GGCACAG,0.212391134152802
GGCACAT,0.209941967313597
GGCACCA,0.198535885270831
GGCACCC,0.24700978279323
GGCACCG,0.222854730620692
GGCACCT,0.250371310341362
GGCACGA,0.217758279395948
GGCACGC,0.214895320388593
GGCACGG,0.221280031371185
GGCACGT,0.237930459951664
GGCACTA,0.213979881974482
GGCACTC,0.195866003684209
GGCACTG,0.205518293985532
GGCACTT,0.208101147670531
GGCAGAA,0.218244776296453
GGCAGAC,0.216967216792028
GGCAGAG,0.273763383010579
GGCAGAT,0.195492894707079
GGCAGCA,0.194185915913976
GGCAGCC,0.209696720393196
GGCAGCG,0.272900301743886
GGCAGCT,0.268168912089347
GGCAGGA,0.248721445671317
GGCAGGC,0.267763973985341
GGCAGGG,0.310299256147486
GGCAGGT,0.303734593290839
GGCAGTA,0.207056510398354
GGCAGTC,0.214834317226058
GGCAGTG,0.312182799183358
GGCAGTT,0.222491558513721
GGCATAA,0.219763555430048
GGCATAC,0.206995027149725
GGCATAG,0.209451413311989
GGCATAT,0.204963956341979
GGCATCA,0.21982425864246
GGCATCC,0.199093796716349
GGCATCG,0.216845459291198
GGCATCT,0.213491305277259
GGCATGA,0.226117357970732
GGCATGC,0.212329978030876
GGCATGG,0.270595103271643
GGCATGT,0.203360808181561
GGCATTA,0.212880248532285
GGCATTC,0.218609493714026
GGCATTG,0.20871513080819
GGCATTT,0.208899252263369
GGCCAAA,0.205395134395739
GGCCAAC,0.177037892980269
GGCCAAG,0.229609845175076
GGCCAAT,0.204655858152907
GGCCACA,0.215383211765276
GGCCACC,0.267706112296742
GGCCACG,0.241025499200774
GGCCACT,0.219763555430048
GGCCAGA,0.223580679392037
GGCCAGC,0.243992491929866
GGCCAGG,0.281668973376831
GGCCAGT,0.206933540120673
GGCCATA,0.223399241599624
GGCCATC,0.211412187109617
GGCCATG,0.244584835570934
GGCCATT,0.220673716930721
GGCCCAA,0.207179465556204
GGCCCAC,0.23625992409115
GGCCCAG,0.234048141210093
GGCCCAT,0.207732576758284
GGCCCCA,0.221643643657629
GGCCCCC,0.283721063799673
GGCCCCG,0.360635313718272
GGCCCCT,0.260563470654585
GGCCCGA,0.223399241599624
GGCCCGC,0.38238483366253
GGCCCGG,0.353757013478769
GGCCCGT,0.236439043617882
GGCCCTA,0.219945654013763
GGCCCTC,0.254190891639012
GGCCCTG,0.258229623774603
GGCCCTT,0.224185234390405
GGCCGAA,0.204162703522239
GGCCGAC,0.228226352417985
GGCCGAG,0.30646583139008
GGCCGAT,0.209574074374538
GGCCGCA,0.257119135510935
GGCCGCC,0.37710834785108
GGCCGCG,0.371021424528755
GGCCGCT,0.246064161429195
GGCCGGA,0.250724498903979
GGCCGGC,0.313565497434424
GGCCGGG,0.481710837410805
GGCCGGT,0.280869799577519
GGCCGTA,0.210432280789962
GGCCGTC,0.236439043617882
GGCCGTG,0.311296867905929
GGCCGTT,0.222491558513721
GGCCTAA,0.232371101739224
GGCCTAC,0.211106069520334
GGCCTAG,0.200146780946232
GGCCTAT,0.228587448143257
GGCCTCA,0.184988920069648
GGCCTCC,0.24848552835279
GGCCTCG,0.273130529593688
GGCCTCT,0.255656085401112
GGCCTGA,0.234825811686626
GGCCTGC,0.293354999038927
GGCCTGG,0.436120460191729
GGCCTGT,0.260563470654585
GGCCTTA,0.203669305570081
GGCCTTC,0.225936379886019
GGCCTTG,0.237691982762218
GGCCTTT,0.216358280984814
GGCGAAA,0.204840728457056
GGCGAAC,0.223157273323336
GGCGAAG,0.215322238359306
GGCGAAT,0.209451413311989
GGCGACA,0.196798167536034
GGCGACC,0.257820639978537
GGCGACG,0.250489053723018
GGCGACT,0.212268818168651
GGCGAGA,0.232011369938927
GGCGAGC,0.259222174312034
GGCGAGG,0.318252422021966
GGCGAGT,0.252429820643875
GGCGATA,0.215139295831684
GGCGATC,0.26155370857728
GGCGATG,0.270941221988404
GGCGATT,0.206933540120673
GGCGCAA,0.212024141307596
GGCGCAC,0.221643643657629
GGCGCAG,0.301275680018863
GGCGCAT,0.221219416467238
GGCGCCA,0.273475772014773
GGCGCCC,0.31212745146694
GGCGCCG,0.372325165375685
GGCGCCT,0.295552109649434
GGCGCGA,0.233569273992644
GGCGCGC,0.367257126110004
GGCGCGG,0.420747740523563
GGCGCGT,0.241025499200774
GGCGCTA,0.238109280529328
GGCGCTC,0.263182554133079
GGCGCTG,0.277208278216362
GGCGCTT,0.216236449314385
GGCGGAA,0.228767947121364
GGCGGAC,0.264634641938489
GGCGGAG,0.332887821002778
GGCGGAT,0.208530975446057
GGCGGCA,0.231951402055633
GGCGGCC,0.333700670891882
GGCGGCG,0.521953216330429
GGCGGCT,0.26909386961881
GGCGGGA,0.370917051795191
GGCGGGC,0.430727521702263
GGCGGGG,0.612868051919204
GGCGGGT,0.392752890317835
GGCGGTA,0.213430216402589
GGCGGTC,0.246064161429195
GGCGGTG,0.373106594787809
GGCGGTT,0.225574325427743
GGCGTAA,0.208776508393406
GGCGTAC,0.209880661221958
GGCGTAG,0.221522454251987
GGCGTAT,0.212574580081353
GGCGTCA,0.250665642805512
GGCGTCC,0.292903712398442
GGCGTCG,0.221764818378178
GGCGTCT,0.241441408503676
GGCGTGA,0.194808499812253
GGCGTGC,0.219520705724887
GGCGTGG,0.290135128931251
GGCGTGT,0.24995909929618
GGCGTTA,0.214590267355249
GGCGTTC,0.232670779418524
GGCGTTG,0.207732576758284
GGCGTTT,0.250842200709809
GGCTAAA,0.202681778740031
GGCTAAC,0.211534607911915
GGCTAAG,0.230090611735156
GGCTAAT,0.192814865417152
GGCTACA,0.204039376854967
GGCTACC,0.206503025026426
GGCTACG,0.23625992409115
GGCTACT,0.209758037762219
GGCTAGA,0.220976920103102
GGCTAGC,0.232550919123394
GGCTAGG,0.296620750650838
GGCTAGT,0.221643643657629
GGCTATA,0.213613471832186
GGCTATC,0.220127719443621
GGCTATG,0.219277797029421
GGCTATT,0.215444181453716
GGCTCAA,0.20447095366541
GGCTCAC,0.182345595803248
GGCTCAG,0.214895320388593
GGCTCAT,0.216053673973678
GGCTCCA,0.264112133201601
GGCTCCC,0.290417988875027
GGCTCCG,0.372846186159201
GGCTCCT,0.372689908425745
GGCTCGA,0.216845459291198
GGCTCGC,0.264402449538156
GGCTCGG,0.335162137737793
GGCTCGT,0.219884958170216
GGCTCTA,0.213002489756158
GGCTCTC,0.260796556045755
GGCTCTG,0.263763642306798
GGCTCTT,0.205087169043662
GGCTGAA,0.221583050790667
GGCTGAC,0.225272513213768
GGCTGAG,0.191317026962906
GGCTGAT,0.257703756736146
GGCTGCA,0.2435776425139
GGCTGCC,0.32094434785058
GGCTGCG,0.330934281267327
GGCTGCT,0.301779131672797
GGCTGGA,0.234885607450302
GGCTGGC,0.31924213498544
GGCTGGG,0.439585975730859
GGCTGGT,0.251077562768475
GGCTGTA,0.215688023041247
GGCTGTC,0.224910218276245
GGCTGTG,0.29346778888441
GGCTGTT,0.221522454251987
GGCTTAA,0.20822397445979
GGCTTAC,0.204162703522239
GGCTTAG,0.212635721246653
GGCTTAT,0.206564538531456
GGCTTCA,0.229008561756871
GGCTTCC,0.226479215910584
GGCTTCG,0.237811228465862
GGCTTCT,0.199341657481606
GGCTTGA,0.205518293985532
GGCTTGC,0.229489617411297
GGCTTGG,0.276921656447431
GGCTTGT,0.244644050641708
GGCTTTA,0.210125863041116
GGCTTTC,0.210922353976834
GGCTTTG,0.23655843881385
GGCTTTT,0.236379340673767
GGGAAAA,0.227564004745854
GGGAAAC,0.237990070363934
GGGAAAG,0.229910351360348
GGGAAAT,0.233748876072972
GGGAACA,0.210125863041116
GGGAACC,0.265968702996343
GGGAACG,0.230751288579378
GGGAACT,0.2359613202308
GGGAAGA,0.217393251336825
GGGAAGC,0.230931397443893
GGGAAGG,0.344636752173911
GGGAAGT,0.209635399264123
GGGAATA,0.211779404565124
GGGAATC,0.206010780717876
GGGAATG,0.273820895284662
GGGAATT,0.234287488853581
GGGACAA,0.23159151921715
GGGACAC,0.255831764475412
GGGACAG,0.261262563904984
GGGACAT,0.204409311237759
GGGACCA,0.198907860817386
GGGACCC,0.272957863675733
GGGACCG,0.270537405170014
GGGACCT,0.262019363813128
GGGACGA,0.221158797888902
GGGACGC,0.24179776456527
GGGACGG,0.28058422551092
GGGACGT,0.275142765495683
GGGACTA,0.211106069520334
GGGACTC,0.244584835570934
GGGACTG,0.232011369938927
GGGACTT,0.211167300535288
GGGAGAA,0.244110988731084
GGGAGAC,0.239121993573555
GGGAGAG,0.283208435847213
GGGAGAT,0.218123174258205
GGGAGCA,0.238824243243433
GGGAGCC,0.313676030746534
GGGAGCG,0.391577777601164
GGGAGCT,0.217819104453481
GGGAGGA,0.305463386050152
GGGAGGC,0.353172826637613
GGGAGGG,0.615037286323042
GGGAGGT,0.240014713001641
GGGAGTA,0.206810554719444
GGGAGTC,0.264402449538156
GGGAGTG,0.284233429099354
GGGAGTT,0.227564004745854
GGGATAA,0.208837882211645
GGGATAC,0.218548716714431
GGGATAG,0.205271959635793
GGGATAT,0.206564538531456
GGGATCA,0.217697450638502
GGGATCC,0.244229471492474
GGGATCG,0.231831455499525
GGGATCT,0.215809921541617
GGGATGA,0.232790625348885
GGGATGC,0.226479215910584
GGGATGG,0.341363091786806
GGGATGT,0.278124916205243
GGGATTA,0.189942034717516
GGGATTC,0.229790159722498
GGGATTG,0.262542966898789
GGGATTT,0.215992741435616
GGGCAAA,0.192565381422926
GGGCAAC,0.212452286534885
GGGCAAG,0.202681778740031
GGGCAAT,0.214285121236154
GGGCACA,0.23320997303229
GGGCACC,0.261320799621055
GGGCACG,0.232131294918153
GGGCACT,0.231231506816382
GGGCAGA,0.259688916252043
GGGCAGC,0.278525681265216
GGGCAGG,0.383673852915222
GGGCAGT,0.282581533490001
GGGCATA,0.206933540120673
GGGCATC,0.23326986549148
GGGCATG,0.224003906263909
GGGCATT,0.225936379886019
GGGCCAA,0.182660643899937
GGGCCAC,0.223399241599624
GGGCCAG,0.26759037887465
GGGCCAT,0.222552096358259
GGGCCCA,0.264228269850448
GGGCCCC,0.339641466553494
GGGCCCG,0.342491299677775
GGGCCCT,0.283094482828453
GGGCCGA,0.282011281016449
GGGCCGC,0.322917481786356
GGGCCGG,0.476324052464651
GGGCCGT,0.26845805323233
GGGCCTA,0.20871513080819
GGGCCTC,0.244466394909074
GGGCCTG,0.404731456493468
GGGCCTT,0.209144694814367
GGGCGAA,0.210738604675732
GGGCGAC,0.240193161293326
GGGCGAG,0.34361823614999
GGGCGAT,0.273763383010579
GGGCGCA,0.253428141624048
GGGCGCC,0.383003770271387
GGGCGCG,0.420648431183971
GGGCGCT,0.274568254006241
GGGCGGA,0.327996797376879
GGGCGGC,0.380990824055771
GGGCGGG,0.630534495560477
GGGCGGT,0.32302698626756
GGGCGTA,0.223278264780061
GGGCGTC,0.254659987254991
GGGCGTG,0.273475772014773
GGGCGTT,0.2419165217048
GGGCTAA,0.212574580081353
GGGCTAC,0.215809921541617
GGGCTAG,0.243162620926469
GGGCTAT,0.228587448143257
GGGCTCA,0.229730058485878
GGGCTCC,0.331585885306418
GGGCTCG,0.298866795261982
GGGCTCT,0.272497275419717
GGGCTGA,0.229790159722498
GGGCTGC,0.345868306278062
GGGCTGG,0.43175933136475
GGGCTGT,0.264402449538156
GGGCTTA,0.217940743470609
GGGCTTC,0.222128254464851
GGGCTTG,0.296957979111755
GGGCTTT,0.251606924948768
GGGGAAA,0.227564004745854
GGGGAAC,0.253310743812775
GGGGAAG,0.281383627474924
GGGGAAT,0.225815709630833
GGGGACA,0.251254047966439
GGGGACC,0.299483574153361
GGGGACG,0.275487314025609
GGGGACT,0.222370471829042
GGGGAGA,0.230330908366786
GGGGAGC,0.369506952634591
GGGGAGG,0.538155043882486
GGGGAGT,0.285257372816003
GGGGATA,0.213002489756158
GGGGATC,0.257995939230443
GGGGATG,0.313676030746534
GGGGATT,0.22912884736733
GGGGCAA,0.211167300535288
GGGGCAC,0.282980516822923
GGGGCAG,0.304906037451277
GGGGCAT,0.254425466953338
GGGGCCA,0.235304077711022
GGGGCCC,0.368408832507408
GGGGCCG,0.453233048457769
GGGGCCT,0.266548174893537
GGGGCGA,0.293411395551862
GGGGCGC,0.423474889705477
GGGGCGG,0.550310931249385
GGGGCGT,0.256183030061703
GGGGCTA,0.217210687328045
GGGGCTC,0.305351941178604
GGGGCTG,0.440413968043613
GGGGCTT,0.273245623644817
GGGGGAA,0.238526404231646
GGGGGAC,0.26944050824074
GGGGGAG,0.427280446822961
GGGGGAT,0.261204324797316
GGGGGCA,0.302561775239385
GGGGGCC,0.383467721459717
GGGGGCG,0.502377704101742
GGGGGCT,0.339910665953721
GGGGGGA,0.348433630866396
GGGGGGC,0.408407821472818
GGGGGGG,0.356937493498179
GGGGGGT,0.34034123431677
GGGGGTA,0.24156020796806
GGGGGTC,0.342383906129988
GGGGGTG,0.466980877034236
GGGGGTT,0.252018457440985
GGGGTAA,0.219581423680399
GGGGTAC,0.230390973503516
GGGGTAG,0.236498742997767
GGGGTAT,0.223338755019267
GGGGTCA,0.228647618089352
GGGGTCC,0.287926071129857
GGGGTCG,0.322698436843686
GGGGTCT,0.285598454529409
GGGGTGA,0.249900198130708
GGGGTGC,0.317261728556245
GGGGTGG,0.587808755412838
GGGGTGT,0.416767654134148
GGGGTTA,0.228527274576521
GGGGTTC,0.305129014168707
GGGGTTG,0.30752287908102
GGGGTTT,0.213369123795841
GGGTAAA,0.221280031371185
GGGTAAC,0.212085316135598
GGGTAAG,0.213430216402589
GGGTAAT,0.209696720393196
GGGTACA,0.213552390420306
GGGTACC,0.239479176984235
GGGTACG,0.215505147425081
GGGTACT,0.215322238359306
GGGTAGA,0.210861107961258
GGGTAGC,0.202311204612713
GGGTAGG,0.249252056230137
GGGTAGT,0.217088959469774
GGGTATA,0.242569433996162
GGGTATC,0.206503025026426
GGGTATG,0.234407141196017
GGGTATT,0.204409311237759
GGGTCAA,0.21501731555064
GGGTCAC,0.243696188480731
GGGTCAG,0.258521652682576
GGGTCAT,0.194185915913976
GGGTCCA,0.248544512900469
GGGTCCC,0.293185790414211
GGGTCCG,0.252723547933683
GGGTCCT,0.277208278216362
GGGTCGA,0.223943456247699
GGGTCGC,0.276634952502908
GGGTCGG,0.305519103828787
GGGTCGT,0.251254047966439
GGGTCTA,0.211595812693453
GGGTCTC,0.259863888330886
GGGTCTG,0.317922299907334
GGGTCTT,0.230150691306637
GGGTGAA,0.22412479533482
GGGTGAC,0.219399258752734
GGGTGAG,0.277036315013436
GGGTGAT,0.249075217325082
GGGTGCA,0.295214406675788
GGGTGCC,0.309744597053361
GGGTGCG,0.259980519377302
GGGTGCT,0.240668867782347
GGGTGGA,0.334242203980451
GGGTGGC,0.378922046069065
GGGTGGG,0.639830517054977
GGGTGGT,0.318747400945167
GGGTGTA,0.256007412691997
GGGTGTC,0.33229131087584
GGGTGTG,0.537978420770047
GGGTGTT,0.232251205517102
GGGTTAA,0.203854358331618
GGGTTAC,0.210125863041116
GGGTTAG,0.277953110571635
GGGTTAT,0.204039376854967
GGGTTCA,0.258404851352894
GGGTTCC,0.21982425864246
GGGTTCG,0.300995875095457
GGGTTCT,0.251959677452856
GGGTTGA,0.324285426685939
GGGTTGC,0.240312109132576
GGGTTGG,0.322753202577707
GGGTTGT,0.239062450599529
GGGTTTA,0.212941371012086
GGGTTTC,0.20447095366541
GGGTTTG,0.213857760177153
GGGTTTT,0.247423211122168
GGTAAAA,0.216662795238773
GGTAAAC,0.215383211765276
GGTAAAG,0.237095540857624
GGTAAAT,0.204717485385149
GGTAACA,0.201074964788413
GGTAACC,0.206810554719444
GGTAACG,0.220188400554803
GGTAACT,0.212024141307596
GGTAAGA,0.208285382197475
GGTAAGC,0.203299097281736
GGTAAGG,0.245236008575994
GGTAAGT,0.206687554190946
GGTAATA,0.213796693685383
GGTAATC,0.208653749455535
GGTAATG,0.217149825251119
GGTAATT,0.204532592293506
GGTACAA,0.213308027456558
GGTACAC,0.218062367693486
GGTACAG,0.194123636200248
GGTACAT,0.206564538531456
GGTACCA,0.218548716714431
GGTACCC,0.226177676721242
GGTACCG,0.209206046040452
GGTACCT,0.21909557677819
GGTACGA,0.210064568222715
GGTACGC,0.235244306965607
GGTACGG,0.21909557677819
GGTACGT,0.207425330527285
GGTACTA,0.213857760177153
GGTACTC,0.211840594366228
GGTACTG,0.218487936020768
GGTACTT,0.201755085809725
GGTAGAA,0.204101042089786
GGTAGAC,0.213063604764957
GGTAGAG,0.229609845175076
GGTAGAT,0.204840728457056
GGTAGCA,0.206072324509101
GGTAGCC,0.224608205529769
GGTAGCG,0.203669305570081
GGTAGCT,0.21312471603894
GGTAGGA,0.231171492146702
GGTAGGC,0.239121993573555
GGTAGGG,0.276806984733331
GGTAGGT,0.215992741435616
GGTAGTA,0.211657013729195
GGTAGTC,0.209941967313597
GGTAGTG,0.219581423680399
GGTAGTT,0.212513435177583
GGTATAA,0.208162562950963
GGTATAC,0.233569273992644
GGTATAG,0.211962962737006
GGTATAT,0.208408186361271
GGTATCA,0.205887681771347
GGTATCC,0.200270588580165
GGTATCG,0.210493553074322
GGTATCT,0.207732576758284
GGTATGA,0.210187154102692
GGTATGC,0.219945654013763
GGTATGG,0.211718211019599
GGTATGT,0.22442695409057
GGTATTA,0.214163036711778
GGTATTC,0.20767113506364
GGTATTG,0.222491558513721
GGTATTT,0.209880661221958
GGTCAAA,0.206626048252807
GGTCAAC,0.216541000664435
GGTCAAG,0.247364160395962
GGTCAAT,0.208039728618031
GGTCACA,0.205271959635793
GGTCACC,0.276348166335658
GGTCACG,0.229249118510902
GGTCACT,0.213674549513355
GGTCAGA,0.208530975446057
GGTCAGC,0.252429820643875
GGTCAGG,0.268284578579045
GGTCAGT,0.244347940217362
GGTCATA,0.210187154102692
GGTCATC,0.202372976504522
GGTCATG,0.206072324509101
GGTCATT,0.206503025026426
GGTCCAA,0.203854358331618
GGTCCAC,0.258112788328581
GGTCCAG,0.231171492146702
GGTCCAT,0.209083339824078
GGTCCCA,0.216906339894724
GGTCCCC,0.258521652682576
GGTCCCG,0.320615113351268
GGTCCCT,0.301499467601882
GGTCCGA,0.217149825251119
GGTCCGC,0.244644050641708
GGTCCGG,0.237930459951664
GGTCCGT,0.220067034650018
GGTCCTA,0.207179465556204
GGTCCTC,0.201816892062537
GGTCCTG,0.286677779761878
GGTCCTT,0.211840594366228
GGTCGAA,0.227202539203535
GGTCGAC,0.216236449314385
GGTCGAG,0.240609416845346
GGTCGAT,0.209451413311989
GGTCGCA,0.212941371012086
GGTCGCC,0.265852768311483
GGTCGCG,0.25207723397423
GGTCGCT,0.228828106208153
GGTCGGA,0.226961489567499
GGTCGGC,0.237811228465862
GGTCGGG,0.28928606872436
GGTCGGT,0.255831764475412
GGTCGTA,0.223338755019267
GGTCGTC,0.246596183470612
GGTCGTG,0.246241533561243
GGTCGTT,0.216906339894724
GGTCTAA,0.20871513080819
GGTCTAC,0.209451413311989
GGTCTAG,0.212635721246653
GGTCTAT,0.213552390420306
GGTCTCA,0.211167300535288
GGTCTCC,0.239955223160645
GGTCTCG,0.225091382152209
GGTCTCT,0.214407190857718
GGTCTGA,0.200765665889505
GGTCTGC,0.253252039738391
GGTCTGG,0.341846765322286
GGTCTGT,0.239419655274807
GGTCTTA,0.221643643657629
GGTCTTC,0.243518364260139
GGTCTTG,0.201878694495571
GGTCTTT,0.224547792033528
GGTGAAA,0.207486787325968
GGTGAAC,0.204717485385149
GGTGAAG,0.261786563299554
GGTGAAT,0.217636618180694
GGTGACA,0.221885978417194
GGTGACC,0.215139295831684
GGTGACG,0.233748876072972
GGTGACT,0.194310463706349
GGTGAGA,0.215322238359306
GGTGAGC,0.257060654586008
GGTGAGG,0.323245959262839
GGTGAGT,0.342276501047588
GGTGATA,0.205641438408907
GGTGATC,0.235304077711022
GGTGATG,0.260505190816928
GGTGATT,0.228467097388709
GGTGCAA,0.203730993628952
GGTGCAC,0.23159151921715
GGTGCAG,0.305240483885712
GGTGCAT,0.216419191254372
GGTGCCA,0.232431044460051
GGTGCCC,0.255070265486219
GGTGCCG,0.267243098221315
GGTGCCT,0.232850542928354
GGTGCGA,0.208162562950963
GGTGCGC,0.279441113019699
GGTGCGG,0.267937538966
GGTGCGT,0.235483368515002
GGTGCTA,0.237214857701374
GGTGCTC,0.212757992363668
GGTGCTG,0.257236087101732
GGTGCTT,0.230751288579378
GGTGGAA,0.236379340673767
GGTGGAC,0.261379031945926
GGTGGAG,0.274165899485573
GGTGGAT,0.224185234390405
GGTGGCA,0.227323042235707
GGTGGCC,0.297688250877622
GGTGGCG,0.326906646888387
GGTGGCT,0.245650170732235
GGTGGGA,0.354234730820505
GGTGGGC,0.456496149262172
GGTGGGG,0.571287920998288
GGTGGGT,0.334458735130286
GGTGGTA,0.217088959469774
GGTGGTC,0.251900894009436
GGTGGTG,0.345975326294922
GGTGGTT,0.25577320821315
GGTGTAA,0.212574580081353
GGTGTAC,0.209512745723981
GGTGTAG,0.269267203949567
GGTGTAT,0.215261261235352
GGTGTCA,0.198721890339834
GGTGTCC,0.312238143836576
GGTGTCG,0.295552109649434
GGTGTCT,0.223641151341429
GGTGTGA,0.233868592875189
GGTGTGC,0.260971334442781
GGTGTGG,0.43997570457342
GGTGTGT,0.442942402993212
GGTGTTA,0.239598209775645
GGTGTTC,0.213185823578564
GGTGTTG,0.242688099535222
GGTGTTT,0.195803828521268
GGTTAAA,0.208285382197475
GGTTAAC,0.209635399264123
GGTTAAG,0.213369123795841
GGTTAAT,0.227262792534743
GGTTACA,0.205210366565845
GGTTACC,0.214529245580107
GGTTACG,0.22049175089004
GGTTACT,0.205579868092788
GGTTAGA,0.229369375191064
GGTTAGC,0.214163036711778
GGTTAGG,0.274855551008893
GGTTAGT,0.213735623464269
GGTTATA,0.206564538531456
GGTTATC,0.215688023041247
GGTTATG,0.20280527293871
GGTTATT,0.206379986663468
GGTTCAA,0.230931397443893
GGTTCAC,0.207425330527285
GGTTCAG,0.261146082297657
GGTTCAT,0.210309724957214
GGTTCCA,0.213552390420306
GGTTCCC,0.230931397443893
GGTTCCG,0.2403715777469
GGTTCCT,0.210248441407905
GGTTCGA,0.288379609202786
GGTTCGC,0.251018727446914
GGTTCGG,0.231651508685093
GGTTCGT,0.225936379886019
GGTTCTA,0.200022957982071
GGTTCTC,0.231111473875046
GGTTCTG,0.244703262206265
GGTTCTT,0.200765665889505
GGTTGAA,0.205579868092788
GGTTGAC,0.223641151341429
GGTTGAG,0.225453611472807
GGTTGAT,0.299371460828464
GGTTGCA,0.250959888663554
GGTTGCC,0.19654967545855
GGTTGCG,0.232311155425051
GGTTGCT,0.231051452000981
GGTTGGA,0.226599806131679
GGTTGGC,0.276520247905376
GGTTGGG,0.280298569868477
GGTTGGT,0.247718412459697
GGTTGTA,0.225272513213768
GGTTGTC,0.240193161293326
GGTTGTG,0.255070265486219
GGTTGTT,0.227985549475162
GGTTTAA,0.213918822940034
GGTTTAC,0.204532592293506
GGTTTAG,0.21879180255289
GGTTTAT,0.197977662386368
GGTTTCA,0.19181655576913
GGTTTCC,0.210248441407905
GGTTTCG,0.214040937280952
GGTTTCT,0.211534607911915
GGTTTGA,0.20045627129519
GGTTTGC,0.220916286822753
GGTTTGG,0.22043108818426
GGTTTGT,0.229669953636882
GGTTTTA,0.217879925811551
GGTTTTC,0.260563470654585
GGTTTTG,0.218731036632806
GGTTTTT,0.207609689593682
GTAAAAA,0.207240937466355
GTAAAAC,0.205148769701957
GTAAAAG,0.213613471832186
GTAAAAT,0.19717078991252
GTAAACA,0.202249428904901
GTAAACC,0.207117989867025
GTAAACG,0.207855448823486
GTAAACT,0.226539512838882
GTAAAGA,0.197791518822779
GTAAAGC,0.211718211019599
GTAAAGG,0.232371101739224
GTAAAGT,0.213613471832186
GTAAATA,0.227323042235707
GTAAATC,0.218913323316688
GTAAATG,0.202620025921164
GTAAATT,0.219338529735196
GTAACAA,0.211718211019599
GTAACAC,0.208162562950963
GTAACAG,0.208162562950963
GTAACAT,0.203360808181561
GTAACCA,0.212574580081353
GTAACCC,0.208899252263369
GTAACCG,0.207794014678078
GTAACCT,0.206503025026426
GTAACGA,0.210248441407905
GTAACGC,0.223217770881565
GTAACGG,0.210248441407905
GTAACGT,0.209574074374538
GTAACTA,0.207363869951431
GTAACTC,0.209390077138102
GTAACTG,0.212024141307596
GTAACTT,0.209206046040452
GTAAGAA,0.208408186361271
GTAAGAC,0.207978305792999
GTAAGAG,0.201631461842882
GTAAGAT,0.205641438408907
GTAAGCA,0.209574074374538
GTAAGCC,0.201693275736664
GTAAGCG,0.216114602799192
GTAAGCT,0.206687554190946
GTAAGGA,0.214834317226058
GTAAGGC,0.218183977125711
GTAAGGG,0.227925339678044
GTAAGGT,0.221583050790667
GTAAGTA,0.207855448823486
GTAAGTC,0.211779404565124
GTAAGTG,0.209206046040452
GTAAGTT,0.217758279395948
GTAATAA,0.217393251336825
GTAATAC,0.209696720393196
GTAATAG,0.222612630538189
GTAATAT,0.214468220081082
GTAATCA,0.206503025026426
GTAATCC,0.184297295920152
GTAATCG,0.214285121236154
GTAATCT,0.211718211019599
GTAATGA,0.214224080837045
GTAATGC,0.208653749455535
GTAATGG,0.228467097388709
GTAATGT,0.205518293985532
GTAATTA,0.206810554719444
GTAATTC,0.211657013729195
GTAATTG,0.205703004934356
GTAATTT,0.197232880145113
GTACAAA,0.207240937466355
GTACAAC,0.221158797888902
GTACAAG,0.206318461804609
GTACAAT,0.208960618549041
GTACACA,0.219277797029421
GTACACC,0.218183977125711
GTACACG,0.212696858673938
GTACACT,0.210187154102692
GTACAGA,0.206749056346336
GTACAGC,0.209267393502795
GTACAGG,0.219338529735196
GTACAGT,0.210371004751079
GTACATA,0.215809921541617
GTACATC,0.220249077984011
GTACATG,0.228767947121364
GTACATT,0.225151762818187
GTACCAA,0.209574074374538
GTACCAC,0.215992741435616
GTACCAG,0.21312471603894
GTACCAT,0.207363869951431
GTACCCA,0.214407190857718
GTACCCC,0.208162562950963
GTACCCG,0.218548716714431
GTACCCT,0.220067034650018
GTACCGA,0.216541000664435
GTACCGC,0.214773310341911
GTACCGG,0.21434615790956
GTACCGT,0.228647618089352
GTACCTA,0.209144694814367
GTACCTC,0.226539512838882
GTACCTG,0.215627068218393
GTACCTT,0.208101147670531
GTACGAA,0.211657013729195
GTACGAC,0.211473399384123
GTACGAG,0.214590267355249
GTACGAT,0.210432280789962
GTACGCA,0.214224080837045
GTACGCC,0.209083339824078
GTACGCG,0.256826696680114
GTACGCT,0.211657013729195
GTACGGA,0.207548240347946
GTACGGC,0.213674549513355
GTACGGG,0.213491305277259
GTACGGT,0.215809921541617
GTACGTA,0.212024141307596
GTACGTC,0.208592364334978
GTACGTG,0.210738604675732
GTACGTT,0.208653749455535
GTACTAA,0.215322238359306
GTACTAC,0.216419191254372
GTACTAG,0.210493553074322
GTACTAT,0.214590267355249
GTACTCA,0.213735623464269
GTACTCC,0.209390077138102
GTACTCG,0.209696720393196
GTACTCT,0.206379986663468
GTACTGA,0.201445997232483
GTACTGC,0.20871513080819
GTACTGG,0.214956319829969
GTACTGT,0.216662795238773
GTACTTA,0.207609689593682
GTACTTC,0.202867014319465
GTACTTG,0.206441507737252
GTACTTT,0.199031821924633
GTAGAAA,0.207916879194972
GTAGAAC,0.212819122316297
GTAGAAG,0.208592364334978
GTAGAAT,0.213185823578564
GTAGACA,0.208960618549041
GTAGACC,0.207056510398354
GTAGACG,0.201384168051091
GTAGACT,0.217271545701004
GTAGAGA,0.215200280392963
GTAGAGC,0.237632354577645
GTAGAGG,0.244703262206265
GTAGAGT,0.216845459291198
GTAGATA,0.213246927384285
GTAGATC,0.207363869951431
GTAGATG,0.196736050305328
GTAGATT,0.207978305792999
GTAGCAA,0.203854358331618
GTAGCAC,0.228406916579386
GTAGCAG,0.212880248532285
GTAGCAT,0.214468220081082
GTAGCCA,0.210554821604619
GTAGCCC,0.226599806131679
GTAGCCG,0.207855448823486
GTAGCCT,0.204532592293506
GTAGCGA,0.213063604764957
GTAGCGC,0.220188400554803
GTAGCGG,0.210861107961258
GTAGCGT,0.208776508393406
GTAGCTA,0.206010780717876
GTAGCTC,0.230751288579378
GTAGCTG,0.210554821604619
GTAGCTT,0.206687554190946
GTAGGAA,0.209328737201858
GTAGGAC,0.208469582788309
GTAGGAG,0.229609845175076
GTAGGAT,0.204594227122515
GTAGGCA,0.20447095366541
GTAGGCC,0.220127719443621
GTAGGCG,0.242213352866521
GTAGGCT,0.214529245580107
GTAGGGA,0.237751607391483
GTAGGGC,0.252371064831408
GTAGGGG,0.239955223160645
GTAGGGT,0.21501731555064
GTAGGTA,0.226298303308304
GTAGGTC,0.204717485385149
GTAGGTG,0.219763555430048
GTAGGTT,0.211595812693453
GTAGTAA,0.215992741435616
GTAGTAC,0.210003269647028
GTAGTAG,0.217088959469774
GTAGTAT,0.209328737201858
GTAGTCA,0.205641438408907
GTAGTCC,0.210799858194377
GTAGTCG,0.210983596241566
GTAGTCT,0.206749056346336
GTAGTGA,0.247246048481556
GTAGTGC,0.209635399264123
GTAGTGG,0.215870865220038
GTAGTGT,0.23757272283734
GTAGTTA,0.220127719443621
GTAGTTC,0.211534607911915
GTAGTTG,0.215992741435616
GTAGTTT,0.213613471832186
GTATAAA,0.222975758685822
GTATAAC,0.209144694814367
GTATAAG,0.210248441407905
GTATAAT,0.211412187109617
GTATACA,0.206503025026426
GTATACC,0.210677347404864
GTATACG,0.238645550481541
GTATACT,0.209880661221958
GTATAGA,0.202681778740031
GTATAGC,0.208899252263369
GTATAGG,0.212696858673938
GTATAGT,0.206318461804609
GTATATA,0.211718211019599
GTATATC,0.208592364334978
GTATATG,0.230691245081773
GTATATT,0.197419127715062
GTATCAA,0.213002489756158
GTATCAC,0.207179465556204
GTATCAG,0.218609493714026
GTATCAT,0.209144694814367
GTATCCA,0.214101988859899
GTATCCC,0.207302405597942
GTATCCG,0.217819104453481
GTATCCT,0.205210366565845
GTATCGA,0.209328737201858
GTATCGC,0.210616086381313
GTATCGG,0.207363869951431
GTATCGT,0.223701619634185
GTATCTA,0.206379986663468
GTATCTC,0.206195400729801
GTATCTG,0.212024141307596
GTATCTT,0.205949233138781
GTATGAA,0.216784574980998
GTATGAC,0.207609689593682
GTATGAG,0.209512745723981
GTATGAT,0.213735623464269
GTATGCA,0.222552096358259
GTATGCC,0.225634676941205
GTATGCG,0.226479215910584
GTATGCT,0.212757992363668
GTATGGA,0.206441507737252
GTATGGC,0.210187154102692
GTATGGG,0.218001557431104
GTATGGT,0.211167300535288
GTATGTA,0.209206046040452
GTATGTC,0.213063604764957
GTATGTG,0.289625779320399
GTATGTT,0.214163036711778
GTATTAA,0.210309724957214
GTATTAC,0.21501731555064
GTATTAG,0.209574074374538
GTATTAT,0.206318461804609
GTATTCA,0.206872049310735
GTATTCC,0.210861107961258
GTATTCG,0.210799858194377
GTATTCT,0.203977707817312
GTATTGA,0.208960618549041
GTATTGC,0.212880248532285
GTATTGG,0.208837882211645
GTATTGT,0.221340642601188
GTATTTA,0.194808499812253
GTATTTC,0.204039376854967
GTATTTG,0.210309724957214
GTATTTT,0.199341657481606
GTCAAAA,0.204840728457056
GTCAAAC,0.21312471603894
GTCAAAG,0.210248441407905
GTCAAAT,0.205456716086671
GTCAACA,0.214712299735696
GTCAACC,0.207548240347946
GTCAACG,0.215322238359306
GTCAACT,0.206441507737252
GTCAAGA,0.203360808181561
GTCAAGC,0.206379986663468
GTCAAGG,0.244229471492474
GTCAAGT,0.208899252263369
GTCAATA,0.208408186361271
GTCAATC,0.215444181453716
GTCAATG,0.206072324509101
GTCAATT,0.213918822940034
GTCACAA,0.204963956341979
GTCACAC,0.20447095366541
GTCACAG,0.188940851533111
GTCACAT,0.216480097814095
GTCACCA,0.206010780717876
GTCACCC,0.321657317626976
GTCACCG,0.262775591408271
GTCACCT,0.210248441407905
GTCACGA,0.214040937280952
GTCACGC,0.232730704179085
GTCACGG,0.221764818378178
GTCACGT,0.214407190857718
GTCACTA,0.212329978030876
GTCACTC,0.205518293985532
GTCACTG,0.22605703558165
GTCACTT,0.194621765338516
GTCAGAA,0.193188974743053
GTCAGAC,0.202928751888456
GTCAGAG,0.232311155425051
GTCAGAT,0.194497256314452
GTCAGCA,0.218427151632589
GTCAGCC,0.227624236302151
GTCAGCG,0.227503769561498
GTCAGCT,0.214895320388593
GTCAGGA,0.161522909080272
GTCAGGC,0.232670779418524
GTCAGGG,0.268400231691555
GTCAGGT,0.245236008575994
GTCAGTA,0.230090611735156
GTCAGTC,0.244288707609273
GTCAGTG,0.241975894986261
GTCAGTT,0.206133864512921
GTCATAA,0.204717485385149
GTCATAC,0.197667403861251
GTCATAG,0.209758037762219
GTCATAT,0.217454098600588
GTCATCA,0.203669305570081
GTCATCC,0.217697450638502
GTCATCG,0.217088959469774
GTCATCT,0.210371004751079
GTCATGA,0.216662795238773
GTCATGC,0.20767113506364
GTCATGG,0.214101988859899
GTCATGT,0.216967216792028
GTCATTA,0.206195400729801
GTCATTC,0.206626048252807
GTCATTG,0.216784574980998
GTCATTT,0.205210366565845
GTCCAAA,0.203422515273386
GTCCAAC,0.213552390420306
GTCCAAG,0.199155767667429
GTCCAAT,0.210248441407905
GTCCACA,0.231351525351539
GTCCACC,0.240728315185144
GTCCACG,0.219945654013763
GTCCACT,0.217210687328045
GTCCAGA,0.191129639310119
GTCCAGC,0.237632354577645
GTCCAGG,0.208346786164481
GTCCAGT,0.217149825251119
GTCCATA,0.21501731555064
GTCCATC,0.226418915346348
GTCCATG,0.228406916579386
GTCCATT,0.19847387589195
GTCCCAA,0.205456716086671
GTCCCAC,0.226720381812526
GTCCCAG,0.21312471603894
GTCCCAT,0.215505147425081
GTCCCCA,0.208039728618031
GTCCCCC,0.256241562331949
GTCCCCG,0.284574860180458
GTCCCCT,0.303734593290839
GTCCCGA,0.221158797888902
GTCCCGC,0.254484102185182
GTCCCGG,0.352641451381401
GTCCCGT,0.219520705724887
GTCCCTA,0.249546718262979
GTCCCTC,0.239955223160645
GTCCCTG,0.332128564522147
GTCCCTT,0.210799858194377
GTCCGAA,0.213430216402589
GTCCGAC,0.226298303308304
GTCCGAG,0.217819104453481
GTCCGAT,0.211473399384123
GTCCGCA,0.222067690955622
GTCCGCC,0.226599806131679
GTCCGCG,0.279555483088526
GTCCGCT,0.238585979131072
GTCCGGA,0.227383288306862
GTCCGGC,0.22442695409057
GTCCGGG,0.239360130022334
GTCCGGT,0.234825811686626
GTCCGTA,0.207302405597942
GTCCGTC,0.220249077984011
GTCCGTG,0.27571694711118
GTCCGTT,0.207363869951431
GTCCTAA,0.216784574980998
GTCCTAC,0.218062367693486
GTCCTAG,0.204902344297656
GTCCTAT,0.207056510398354
GTCCTCA,0.215566109679822
GTCCTCC,0.289852188955088
GTCCTCG,0.210371004751079
GTCCTCT,0.224729021573984
GTCCTGA,0.235363844884108
GTCCTGC,0.240431042824919
GTCCTGG,0.29931539945214
GTCCTGT,0.227985549475162
GTCCTTA,0.210064568222715
GTCCTTC,0.238109280529328
GTCCTTG,0.215078307551061
GTCCTTT,0.212696858673938
GTCGAAA,0.209390077138102
GTCGAAC,0.209941967313597
GTCGAAG,0.23828806913591
GTCGAAT,0.215566109679822
GTCGACA,0.210064568222715
GTCGACC,0.207117989867025
GTCGACG,0.210432280789962
GTCGACT,0.217149825251119
GTCGAGA,0.215383211765276
GTCGAGC,0.22587604657859
GTCGAGG,0.235602877861705
GTCGAGT,0.203484218557681
GTCGATA,0.211167300535288
GTCGATC,0.216297367004969
GTCGATG,0.207548240347946
GTCGATT,0.210922353976834
GTCGCAA,0.214590267355249
GTCGCAC,0.215505147425081
GTCGCAG,0.225815709630833
GTCGCAT,0.206441507737252
GTCGCCA,0.225332882944252
GTCGCCC,0.235543124973664
GTCGCCG,0.272209299994353
GTCGCCT,0.253075906835398
GTCGCGA,0.242688099535222
GTCGCGC,0.230090611735156
GTCGCGG,0.235124754756085
GTCGCGT,0.225272513213768
GTCGCTA,0.211228527801234
GTCGCTC,0.234347316814385
GTCGCTG,0.235304077711022
GTCGCTT,0.226358611145734
GTCGGAA,0.214895320388593
GTCGGAC,0.212268818168651
GTCGGAG,0.22382254525156
GTCGGAT,0.218366363549442
GTCGGCA,0.206072324509101
GTCGGCC,0.231231506816382
GTCGGCG,0.235064973291122
GTCGGCT,0.24339979720984
GTCGGGA,0.202064078880736
GTCGGGC,0.258404851352894
GTCGGGG,0.300827954554118
GTCGGGT,0.273993412263605
GTCGGTA,0.209328737201858
GTCGGTC,0.23757272283734
GTCGGTG,0.255656085401112
GTCGGTT,0.237513087540878
GTCGTAA,0.217393251336825
GTCGTAC,0.211901780423369
GTCGTAG,0.216601899805843
GTCGTAT,0.217636618180694
GTCGTCA,0.207609689593682
GTCGTCC,0.249134167101502
GTCGTCG,0.241619602408178
GTCGTCT,0.250430183765128
GTCGTGA,0.212146487221469
GTCGTGC,0.213246927384285
GTCGTGG,0.244347940217362
GTCGTGT,0.24156020796806
GTCGTTA,0.215444181453716
GTCGTTC,0.215627068218393
GTCGTTG,0.204286014981919
GTCGTTT,0.228226352417985
GTCTAAA,0.202928751888456
GTCTAAC,0.215078307551061
GTCTAAG,0.210248441407905
GTCTAAT,0.213369123795841
GTCTACA,0.216906339894724
GTCTACC,0.205703004934356
GTCTACG,0.215322238359306
GTCTACT,0.212085316135598
GTCTAGA,0.210799858194377
GTCTAGC,0.218548716714431
GTCTAGG,0.220734364920217
GTCTAGT,0.210248441407905
GTCTATA,0.213857760177153
GTCTATC,0.206995027149725
GTCTATG,0.210554821604619
GTCTATT,0.213369123795841
GTCTCAA,0.203299097281736
GTCTCAC,0.207425330527285
GTCTCAG,0.240668867782347
GTCTCAT,0.208039728618031
GTCTCCA,0.206010780717876
GTCTCCC,0.221643643657629
GTCTCCG,0.227925339678044
GTCTCCT,0.234227657313179
GTCTCGA,0.215322238359306
GTCTCGC,0.230871364760005
GTCTCGG,0.260388620951007
GTCTCGT,0.20871513080819
GTCTCTA,0.195057424881091
GTCTCTC,0.201755085809725
GTCTCTG,0.229549733100026
GTCTCTT,0.204532592293506
GTCTGAA,0.199465564829931
GTCTGAC,0.246537083886179
GTCTGAG,0.236379340673767
GTCTGAT,0.221704232853318
GTCTGCA,0.215992741435616
GTCTGCC,0.251959677452856
GTCTGCG,0.263182554133079
GTCTGCT,0.242806750994442
GTCTGGA,0.239419655274807
GTCTGGC,0.269787026745973
GTCTGGG,0.33472933315116
GTCTGGT,0.212146487221469
GTCTGTA,0.221825400232655
GTCTGTC,0.241144348082299
GTCTGTG,0.280412841917538
GTCTGTT,0.215627068218393
GTCTTAA,0.211228527801234
GTCTTAC,0.219581423680399
GTCTTAG,0.21909557677819
GTCTTAT,0.206256933160208
GTCTTCA,0.208039728618031
GTCTTCC,0.19686028090843
GTCTTCG,0.234646402939404
GTCTTCT,0.213246927384285
GTCTTGA,0.212268818168651
GTCTTGC,0.207609689593682
GTCTTGG,0.208899252263369
GTCTTGT,0.215809921541617
GTCTTTA,0.214224080837045
GTCTTTC,0.242569433996162
GTCTTTG,0.246596183470612
GTCTTTT,0.20871513080819
GTGAAAA,0.205703004934356
GTGAAAC,0.20280527293871
GTGAAAG,0.202620025921164
GTGAAAT,0.205887681771347
GTGAACA,0.229970441762446
GTGAACC,0.201136813089954
GTGAACG,0.221704232853318
GTGAACT,0.19654967545855
GTGAAGA,0.221461854041144
GTGAAGC,0.20871513080819
GTGAAGG,0.231651508685093
GTGAAGT,0.206195400729801
GTGAATA,0.204162703522239
GTGAATC,0.21909557677819
GTGAATG,0.293185790414211
GTGAATT,0.206503025026426
GTGACAA,0.222854730620692
GTGACAC,0.209328737201858
GTGACAG,0.210064568222715
GTGACAT,0.246123288968932
GTGACCA,0.21501731555064
GTGACCC,0.188063993236576
GTGACCG,0.220916286822753
GTGACCT,0.206072324509101
GTGACGA,0.213796693685383
GTGACGC,0.231291517884516
GTGACGG,0.213979881974482
GTGACGT,0.253662895907945
GTGACTA,0.203052215593033
GTGACTC,0.202681778740031
GTGACTG,0.228045755647279
GTGACTT,0.194123636200248
GTGAGAA,0.207179465556204
GTGAGAC,0.212024141307596
GTGAGAG,0.232191252014946
GTGAGAT,0.211779404565124
GTGAGCA,0.2432219202712
GTGAGCC,0.246655279562491
GTGAGCG,0.251959677452856
GTGAGCT,0.219399258752734
GTGAGGA,0.272209299994353
GTGAGGC,0.268573686284855
GTGAGGG,0.387068901705405
GTGAGGT,0.246714372162228
GTGAGTA,0.210493553074322
GTGAGTC,0.248190553415453
GTGAGTG,0.409563333813121
GTGAGTT,0.23828806913591
GTGATAA,0.210187154102692
GTGATAC,0.207363869951431
GTGATAG,0.207117989867025
GTGATAT,0.238585979131072
GTGATCA,0.2189740781613
GTGATCC,0.197977662386368
GTGATCG,0.238705118283476
GTGATCT,0.234466961998908
GTGATGA,0.243340508412469
GTGATGC,0.33915672493751
GTGATGG,0.239717228399935
GTGATGT,0.221401250157692
GTGATTA,0.209144694814367
GTGATTC,0.210677347404864
GTGATTG,0.24700978279323
GTGATTT,0.222552096358259
GTGCAAA,0.207855448823486
GTGCAAC,0.212635721246653
GTGCAAG,0.229489617411297
GTGCAAT,0.201384168051091
GTGCACA,0.266548174893537
GTGCACC,0.25577320821315
GTGCACG,0.243873981085492
GTGCACT,0.205826126615109
GTGCAGA,0.19337597693492
GTGCAGC,0.221946552932238
GTGCAGG,0.379025586677768
GTGCAGT,0.226660095789415
GTGCATA,0.219702848532532
GTGCATC,0.228587448143257
GTGCATG,0.412571444021735
GTGCATT,0.210309724957214
GTGCCAA,0.207855448823486
GTGCCAC,0.235124754756085
GTGCCAG,0.230751288579378
GTGCCAT,0.212574580081353
GTGCCCA,0.200146780946232
GTGCCCC,0.218913323316688
GTGCCCG,0.26909386961881
GTGCCCT,0.207855448823486
GTGCCGA,0.253252039738391
GTGCCGC,0.295833441703874
GTGCCGG,0.261728354702037
GTGCCGT,0.228828106208153
GTGCCTA,0.200332486649483
GTGCCTC,0.265388895116767
GTGCCTG,0.287699224933768
GTGCCTT,0.215688023041247
GTGCGAA,0.209574074374538
GTGCGAC,0.222067690955622
GTGCGAG,0.216601899805843
GTGCGAT,0.226177676721242
GTGCGCA,0.229309248658692
GTGCGCC,0.348273490734956
GTGCGCG,0.398658591842797
GTGCGCT,0.267763973985341
GTGCGGA,0.235304077711022
GTGCGGC,0.256065955242128
GTGCGGG,0.29222640034598
GTGCGGT,0.218366363549442
GTGCGTA,0.230571147269816
GTGCGTC,0.223399241599624
GTGCGTG,0.311795300822236
GTGCGTT,0.217940743470609
GTGCTAA,0.224849823023445
GTGCTAC,0.222673161053954
GTGCTAG,0.230270839622018
GTGCTAT,0.212146487221469
GTGCTCA,0.205764567669601
GTGCTCC,0.325269189608877
GTGCTCG,0.245768471278145
GTGCTCT,0.220188400554803
GTGCTGA,0.212207654565668
GTGCTGC,0.277838557081941
GTGCTGG,0.216358280984814
GTGCTGT,0.240668867782347
GTGCTTA,0.220249077984011
GTGCTTC,0.234048141210093
GTGCTTG,0.25207723397423
GTGCTTT,0.214529245580107
GTGGAAA,0.188878244289844
GTGGAAC,0.20280527293871
GTGGAAG,0.239121993573555
GTGGAAT,0.212391134152802
GTGGACA,0.215688023041247
GTGGACC,0.244880875866785
GTGGACG,0.268862710431557
GTGGACT,0.221885978417194
GTGGAGA,0.240966069462695
GTGGAGC,0.252018457440985
GTGGAGG,0.316159805701539
GTGGAGT,0.198659892494297
GTGGATA,0.214773310341911
GTGGATC,0.205333548912269
GTGGATG,0.265214887178068
GTGGATT,0.224729021573984
GTGGCAA,0.227383288306862
GTGGCAC,0.201507822591264
GTGGCAG,0.216053673973678
GTGGCAT,0.222552096358259
GTGGCCA,0.256651192322991
GTGGCCC,0.279669840078336
GTGGCCG,0.286564221422743
GTGGCCT,0.279040714738339
GTGGCGA,0.254777226784127
GTGGCGC,0.272957863675733
GTGGCGG,0.305017532024819
GTGGCGT,0.270421998978582
GTGGCTA,0.220309751731692
GTGGCTC,0.237035877096634
GTGGCTG,0.26033033092195
GTGGCTT,0.223641151341429
GTGGGAA,0.303846218543285
GTGGGAC,0.204101042089786
GTGGGAG,0.282581533490001
GTGGGAT,0.264924806643845
GTGGGCA,0.31715159089525
GTGGGCC,0.315828991930271
GTGGGCG,0.391577777601164
GTGGGCT,0.286109859067291
GTGGGGA,0.32198620923182
GTGGGGC,0.366733184392011
GTGGGGG,0.445367576372212
GTGGGGT,0.403014552534598
GTGGGTA,0.211167300535288
GTGGGTC,0.241203767226586
GTGGGTG,0.388813378196445
GTGGGTT,0.298866795261982
GTGGTAA,0.211595812693453
GTGGTAC,0.211595812693453
GTGGTAG,0.237035877096634
GTGGTAT,0.210554821604619
GTGGTCA,0.249252056230137
GTGGTCC,0.247186987292532
GTGGTCG,0.212574580081353
GTGGTCT,0.242688099535222
GTGGTGA,0.268920505238054
GTGGTGC,0.270537405170014
GTGGTGG,0.385578557273502
GTGGTGT,0.290757315228537
GTGGTTA,0.239538695151041
GTGGTTC,0.218609493714026
GTGGTTG,0.271287220948447
GTGGTTT,0.226660095789415
GTGTAAA,0.206687554190946
GTGTAAC,0.207302405597942
GTGTAAG,0.220916286822753
GTGTAAT,0.201384168051091
GTGTACA,0.252371064831408
GTGTACC,0.206687554190946
GTGTACG,0.228166157118254
GTGTACT,0.210432280789962
GTGTAGA,0.222673161053954
GTGTAGC,0.214773310341911
GTGTAGG,0.242450754373921
GTGTAGT,0.273475772014773
GTGTATA,0.229309248658692
GTGTATC,0.216906339894724
GTGTATG,0.285427928214798
GTGTATT,0.201816892062537
GTGTCAA,0.209021981069124
GTGTCAC,0.213430216402589
GTGTCAG,0.209267393502795
GTGTCAT,0.203360808181561
GTGTCCA,0.211534607911915
GTGTCCC,0.33017353953439
GTGTCCG,0.267879687319583
GTGTCCT,0.255948866714435
GTGTCGA,0.21135097108794
GTGTCGC,0.242688099535222
GTGTCGG,0.282923528949194
GTGTCGT,0.23261085106677
GTGTCTA,0.212880248532285
GTGTCTC,0.205148769701957
GTGTCTG,0.28052710090999
GTGTCTT,0.211534607911915
GTGTGAA,0.294820275681036
GTGTGAC,0.253604212503291
GTGTGAG,0.352641451381401
GTGTGAT,0.305964734332193
GTGTGCA,0.457310263450537
GTGTGCC,0.294200612955403
GTGTGCG,0.422682304015681
GTGTGCT,0.247305106182562
GTGTGGA,0.30485028550252
GTGTGGC,0.298866795261982
GTGTGGG,0.481804264389618
GTGTGGT,0.322753202577707
GTGTGTA,0.32603367002012
GTGTGTC,0.316655821253124
GTGTGTG,1
GTGTGTT,0.249487792802059
GTGTTAA,0.210371004751079
GTGTTAC,0.216053673973678
GTGTTAG,0.235722372927631
GTGTTAT,0.211595812693453
GTGTTCA,0.243340508412469
GTGTTCC,0.194372731785962
GTGTTCG,0.228467097388709
GTGTTCT,0.20871513080819
GTGTTGA,0.232670779418524
GTGTTGC,0.212757992363668
GTGTTGG,0.276118678169796
GTGTTGT,0.231471529483977
GTGTTTA,0.198411862667667
GTGTTTC,0.247186987292532
GTGTTTG,0.230751288579378
GTGTTTT,0.198039702541821
GTTAAAA,0.213430216402589
GTTAAAC,0.206687554190946
GTTAAAG,0.212757992363668
GTTAAAT,0.204655858152907
GTTAACA,0.206318461804609
GTTAACC,0.208101147670531
GTTAACG,0.208653749455535
GTTAACT,0.223641151341429
GTTAAGA,0.204224361152794
GTTAAGC,0.206195400729801
GTTAAGG,0.214285121236154
GTTAAGT,0.217575782022072
GTTAATA,0.217332400370448
GTTAATC,0.207855448823486
GTTAATG,0.207794014678078
GTTAATT,0.219338529735196
GTTACAA,0.208653749455535
GTTACAC,0.206379986663468
GTTACAG,0.211718211019599
GTTACAT,0.21135097108794
GTTACCA,0.21312471603894
GTTACCC,0.206256933160208
GTTACCG,0.214895320388593
GTTACCT,0.20822397445979
GTTACGA,0.210432280789962
GTTACGC,0.211289751318632
GTTACGG,0.21909557677819
GTTACGT,0.215505147425081
GTTACTA,0.207117989867025
GTTACTC,0.202990485646156
GTTACTG,0.205333548912269
GTTACTT,0.212024141307596
GTTAGAA,0.224608205529769
GTTAGAC,0.214040937280952
GTTAGAG,0.223762084270749
GTTAGAT,0.214101988859899
GTTAGCA,0.210554821604619
GTTAGCC,0.217210687328045
GTTAGCG,0.210799858194377
GTTAGCT,0.203052215593033
GTTAGGA,0.242806750994442
GTTAGGC,0.227564004745854
GTTAGGG,0.231171492146702
GTTAGGT,0.217697450638502
GTTAGTA,0.221764818378178
GTTAGTC,0.209021981069124
GTTAGTG,0.206318461804609
GTTAGTT,0.203545918034915
GTTATAA,0.204409311237759
GTTATAC,0.210309724957214
GTTATAG,0.206933540120673
GTTATAT,0.207425330527285
GTTATCA,0.218427151632589
GTTATCC,0.211779404565124
GTTATCG,0.209941967313597
GTTATCT,0.205395134395739
GTTATGA,0.209880661221958
GTTATGC,0.210003269647028
GTTATGG,0.20871513080819
GTTATGT,0.208101147670531
GTTATTA,0.214224080837045
GTTATTC,0.212452286534885
GTTATTG,0.206318461804609
GTTATTT,0.204840728457056
GTTCAAA,0.209696720393196
GTTCAAC,0.208469582788309
GTTCAAG,0.216236449314385
GTTCAAT,0.22575536904231
GTTCACA,0.210554821604619
GTTCACC,0.233150076985779
GTTCACG,0.21501731555064
GTTCACT,0.209758037762219
GTTCAGA,0.219338529735196
GTTCAGC,0.245295185101204
GTTCAGG,0.251724522943375
GTTCAGT,0.200332486649483
GTTCATA,0.219459984082481
GTTCATC,0.20045627129519
GTTCATG,0.246832546886928
GTTCATT,0.204101042089786
GTTCCAA,0.208101147670531
GTTCCAC,0.207732576758284
GTTCCAG,0.201816892062537
GTTCCAT,0.209328737201858
GTTCCCA,0.208408186361271
GTTCCCC,0.249723473815346
GTTCCCG,0.216723686963674
GTTCCCT,0.208653749455535
GTTCCGA,0.22828654409446
GTTCCGC,0.226418915346348
GTTCCGG,0.230691245081773
GTTCCGT,0.267706112296742
GTTCCTA,0.211228527801234
GTTCCTC,0.208285382197475
GTTCCTG,0.216784574980998
GTTCCTT,0.197419127715062
GTTCGAA,0.227142282241644
GTTCGAC,0.229068706370679
GTTCGAG,0.254777226784127
GTTCGAT,0.209328737201858
GTTCGCA,0.215505147425081
GTTCGCC,0.22623799183362
GTTCGCG,0.233629144936926
GTTCGCT,0.239657720858469
GTTCGGA,0.222067690955622
GTTCGGC,0.231831455499525
GTTCGGG,0.225453611472807
GTTCGGT,0.221461854041144
GTTCGTA,0.224608205529769
GTTCGTC,0.208162562950963
GTTCGTG,0.22605703558165
GTTCGTT,0.211840594366228
GTTCTAA,0.203422515273386
GTTCTAC,0.204717485385149
GTTCTAG,0.213918822940034
GTTCTAT,0.205579868092788
GTTCTCA,0.216601899805843
GTTCTCC,0.237095540857624
GTTCTCG,0.211595812693453
GTTCTCT,0.212024141307596
GTTCTGA,0.211412187109617
GTTCTGC,0.239538695151041
GTTCTGG,0.266258480918399
GTTCTGT,0.226780664201453
GTTCTTA,0.2020022879042
GTTCTTC,0.21312471603894
GTTCTTG,0.217088959469774
GTTCTTT,0.196425406260354
GTTGAAA,0.210799858194377
GTTGAAC,0.210738604675732
GTTGAAG,0.212329978030876
GTTGAAT,0.204162703522239
GTTGACA,0.209021981069124
GTTGACC,0.218427151632589
GTTGACG,0.214834317226058
GTTGACT,0.20280527293871
GTTGAGA,0.224487374887275
GTTGAGC,0.224849823023445
GTTGAGG,0.231531526150256
GTTGAGT,0.227985549475162
GTTGATA,0.206379986663468
GTTGATC,0.211840594366228
GTTGATG,0.233868592875189
GTTGATT,0.291435622703664
GTTGCAA,0.205641438408907
GTTGCAC,0.216297367004969
GTTGCAG,0.248131547985323
GTTGCAT,0.209574074374538
GTTGCCA,0.217028089983561
GTTGCCC,0.190317220139563
GTTGCCG,0.216662795238773
GTTGCCT,0.207732576758284
GTTGCGA,0.208346786164481
GTTGCGC,0.231891430575976
GTTGCGG,0.222370471829042
GTTGCGT,0.222249370480603
GTTGCTA,0.20822397445979
GTTGCTC,0.242213352866521
GTTGCTG,0.248780416305571
GTTGCTT,0.222249370480603
GTTGGAA,0.199899119683884
GTTGGAC,0.216601899805843
GTTGGAG,0.217819104453481
GTTGGAT,0.217088959469774
GTTGGCA,0.212207654565668
GTTGGCC,0.227323042235707
GTTGGCG,0.245354358124761
GTTGGCT,0.247186987292532
GTTGGGA,0.246773461270236
GTTGGGC,0.271287220948447
GTTGGGG,0.338995092168242
GTTGGGT,0.229730058485878
GTTGGTA,0.208408186361271
GTTGGTC,0.22605703558165
GTTGGTG,0.227985549475162
GTTGGTT,0.215627068218393
GTTGTAA,0.222007123778233
GTTGTAC,0.209144694814367
GTTGTAG,0.215688023041247
GTTGTAT,0.230330908366786
GTTGTCA,0.210003269647028
GTTGTCC,0.232910456917921
GTTGTCG,0.22103754970728
GTTGTCT,0.221946552932238
GTTGTGA,0.224729021573984
GTTGTGC,0.218123174258205
GTTGTGG,0.2388838004023
GTTGTGT,0.242569433996162
GTTGTTA,0.211962962737006
GTTGTTC,0.208899252263369
GTTGTTG,0.245768471278145
GTTGTTT,0.197046597880545
GTTTAAA,0.210432280789962
GTTTAAC,0.205641438408907
GTTTAAG,0.210554821604619
GTTTAAT,0.205949233138781
GTTTACA,0.206256933160208
GTTTACC,0.214895320388593
GTTTACG,0.207548240347946
GTTTACT,0.202125866039385
GTTTAGA,0.210125863041116
GTTTAGC,0.204286014981919
GTTTAGG,0.227443530748647
GTTTAGT,0.216480097814095
GTTTATA,0.203977707817312
GTTTATC,0.210493553074322
GTTTATG,0.228045755647279
GTTTATT,0.200889396929202
GTTTCAA,0.201693275736664
GTTTCAC,0.20249650884202
GTTTCAG,0.211044834755913
GTTTCAT,0.211106069520334
GTTTCCA,0.193126632907219
GTTTCCC,0.220188400554803
GTTTCCG,0.216297367004969
GTTTCCT,0.226298303308304
GTTTCGA,0.205333548912269
GTTTCGC,0.21909557677819
GTTTCGG,0.209819351371653
GTTTCGT,0.213002489756158
GTTTCTA,0.224487374887275
GTTTCTC,0.206379986663468
GTTTCTG,0.203052215593033
GTTTCTT,0.20280527293871
GTTTGAA,0.206195400729801
GTTTGAC,0.211779404565124
GTTTGAG,0.221098175635731
GTTTGAT,0.203977707817312
GTTTGCA,0.199899119683884
GTTTGCC,0.211412187109617
GTTTGCG,0.233509399463618
GTTTGCT,0.219642137949465
GTTTGGA,0.206810554719444
GTTTGGC,0.227082021648633
GTTTGGG,0.210983596241566
GTTTGGT,0.203299097281736
GTTTGTA,0.213063604764957
GTTTGTC,0.211473399384123
GTTTGTG,0.26068002014127
GTTTGTT,0.212452286534885
GTTTTAA,0.211044834755913
GTTTTAC,0.202372976504522
GTTTTAG,0.212146487221469
GTTTTAT,0.203792677882641
GTTTTCA,0.189816941622733
GTTTTCC,0.230691245081773
GTTTTCG,0.22049175089004
GTTTTCT,0.215078307551061
GTTTTGA,0.201074964788413
GTTTTGC,0.211779404565124
GTTTTGG,0.226660095789415
GTTTTGT,0.214834317226058
GTTTTTA,0.221946552932238
GTTTTTC,0.21501731555064
GTTTTTG,0.210677347404864
GTTTTTT,0.190504760077249
TAAAAAA,0.215809921541617
TAAAAAC,0.191441932559756
TAAAAAG,0.188189305791653
TAAAAAT,0.191566822557146
TAAAACA,0.194995199422737
TAAAACC,0.202311204612713
TAAAACG,0.205579868092788
TAAAACT,0.201384168051091
TAAAAGA,0.207179465556204
TAAAAGC,0.210738604675732
TAAAAGG,0.206072324509101
TAAAAGT,0.203854358331618
TAAAATA,0.188126651477019
TAAAATC,0.206256933160208
TAAAATG,0.200827533323025
TAAAATT,0.199527512747182
TAAACAA,0.215444181453716
TAAACAC,0.210983596241566
TAAACAG,0.204162703522239
TAAACAT,0.196487542789807
TAAACCA,0.220370421798293
TAAACCC,0.217393251336825
TAAACCG,0.210125863041116
TAAACCT,0.202064078880736
TAAACGA,0.206626048252807
TAAACGC,0.208776508393406
TAAACGG,0.209021981069124
TAAACGT,0.205456716086671
TAAACTA,0.206687554190946
TAAACTC,0.213491305277259
TAAACTG,0.21312471603894
TAAACTT,0.208162562950963
TAAAGAA,0.198535885270831
TAAAGAC,0.215383211765276
TAAAGAG,0.195244078027482
TAAAGAT,0.208653749455535
TAAAGCA,0.211289751318632
TAAAGCC,0.20280527293871
TAAAGCG,0.220006346173548
TAAAGCT,0.199403613074897
TAAAGGA,0.230811328471977
TAAAGGC,0.198907860817386
TAAAGGG,0.200022957982071
TAAAGGT,0.21830557177088
TAAAGTA,0.203854358331618
TAAAGTC,0.210371004751079
TAAAGTG,0.222794211094762
TAAAGTT,0.201013112661423
TAAATAA,0.224789424122838
TAAATAC,0.201260498218582
TAAATAG,0.209206046040452
TAAATAT,0.211595812693453
TAAATCA,0.208162562950963
TAAATCC,0.210738604675732
TAAATCG,0.210125863041116
TAAATCT,0.214895320388593
TAAATGA,0.208776508393406
TAAATGC,0.203052215593033
TAAATGG,0.198039702541821
TAAATGT,0.208285382197475
TAAATTA,0.210064568222715
TAAATTC,0.208162562950963
TAAATTG,0.212146487221469
TAAATTT,0.187938664976295
TAACAAA,0.213918822940034
TAACAAC,0.205764567669601
TAACAAG,0.206195400729801
TAACAAT,0.206872049310735
TAACACA,0.201074964788413
TAACACC,0.206072324509101
TAACACG,0.206133864512921
TAACACT,0.205271959635793
TAACAGA,0.215261261235352
TAACAGC,0.208592364334978
TAACAGG,0.203916034976352
TAACAGT,0.203484218557681
TAACATA,0.206626048252807
TAACATC,0.206133864512921
TAACATG,0.211657013729195
TAACATT,0.200827533323025
TAACCAA,0.206072324509101
TAACCAC,0.205456716086671
TAACCAG,0.201940493109302
TAACCAT,0.21434615790956
TAACCCA,0.204409311237759
TAACCCC,0.204286014981919
TAACCCG,0.209021981069124
TAACCCT,0.210799858194377
TAACCGA,0.210432280789962
TAACCGC,0.209696720393196
TAACCGG,0.215200280392963
TAACCGT,0.208530975446057
TAACCTA,0.205518293985532
TAACCTC,0.203916034976352
TAACCTG,0.200889396929202
TAACCTT,0.211044834755913
TAACGAA,0.207916879194972
TAACGAC,0.209512745723981
TAACGAG,0.207117989867025
TAACGAT,0.210738604675732
TAACGCA,0.216297367004969
TAACGCC,0.213246927384285
TAACGCG,0.241382003478573
TAACGCT,0.210187154102692
TAACGGA,0.210248441407905
TAACGGC,0.214468220081082
TAACGGG,0.208653749455535
TAACGGT,0.211106069520334
TAACGTA,0.210432280789962
TAACGTC,0.222733687905997
TAACGTG,0.215261261235352
TAACGTT,0.210003269647028
TAACTAA,0.207117989867025
TAACTAC,0.209574074374538
TAACTAG,0.223036267225907
TAACTAT,0.207732576758284
TAACTCA,0.203360808181561
TAACTCC,0.215688023041247
TAACTCG,0.217332400370448
TAACTCT,0.209328737201858
TAACTGA,0.205456716086671
TAACTGC,0.226177676721242
TAACTGG,0.210493553074322
TAACTGT,0.207609689593682
TAACTTA,0.207978305792999
TAACTTC,0.223701619634185
TAACTTG,0.219642137949465
TAACTTT,0.20070379462817
TAAGAAA,0.198721890339834
TAAGAAC,0.210003269647028
TAAGAAG,0.204902344297656
TAAGAAT,0.204532592293506
TAAGACA,0.211289751318632
TAAGACC,0.207609689593682
TAAGACG,0.21465128540696
TAAGACT,0.207056510398354
TAAGAGA,0.208162562950963
TAAGAGC,0.20255826928865
TAAGAGG,0.20020868667924
TAAGAGT,0.212757992363668
TAAGATA,0.209635399264123
TAAGATC,0.208162562950963
TAAGATG,0.198659892494297
TAAGATT,0.204409311237759
TAAGCAA,0.206687554190946
TAAGCAC,0.203237382573441
TAAGCAG,0.209758037762219
TAAGCAT,0.206687554190946
TAAGCCA,0.220067034650018
TAAGCCC,0.203916034976352
TAAGCCG,0.205949233138781
TAAGCCT,0.202249428904901
TAAGCGA,0.208101147670531
TAAGCGC,0.216480097814095
TAAGCGG,0.214040937280952
TAAGCGT,0.216784574980998
TAAGCTA,0.208039728618031
TAAGCTC,0.211044834755913
TAAGCTG,0.202743527745723
TAAGCTT,0.204286014981919
TAAGGAA,0.202928751888456
TAAGGAC,0.212146487221469
TAAGGAG,0.222552096358259
TAAGGAT,0.202743527745723
TAAGGCA,0.217758279395948
TAAGGCC,0.210125863041116
TAAGGCG,0.256768198650093
TAAGGCT,0.216480097814095
TAAGGGA,0.206810554719444
TAAGGGC,0.215322238359306
TAAGGGG,0.208653749455535
TAAGGGT,0.22569502481258
TAAGGTA,0.220976920103102
TAAGGTC,0.216967216792028
TAAGGTG,0.20070379462817
TAAGGTT,0.230691245081773
TAAGTAA,0.208653749455535
TAAGTAC,0.205887681771347
TAAGTAG,0.213613471832186
TAAGTAT,0.206687554190946
TAAGTCA,0.211718211019599
TAAGTCC,0.209696720393196
TAAGTCG,0.210493553074322
TAAGTCT,0.206687554190946
TAAGTGA,0.201631461842882
TAAGTGC,0.201260498218582
TAAGTGG,0.216053673973678
TAAGTGT,0.211228527801234
TAAGTTA,0.208285382197475
TAAGTTC,0.226117357970732
TAAGTTG,0.201878694495571
TAAGTTT,0.200146780946232
TAATAAA,0.209083339824078
TAATAAC,0.21909557677819
TAATAAG,0.20447095366541
TAATAAT,0.215748974148838
TAATACA,0.206256933160208
TAATACC,0.208960618549041
TAATACG,0.210799858194377
TAATACT,0.209267393502795
TAATAGA,0.210861107961258
TAATAGC,0.205887681771347
TAATAGG,0.24013368206756
TAATAGT,0.213002489756158
TAATATA,0.204655858152907
TAATATC,0.208592364334978
TAATATG,0.212635721246653
TAATATT,0.209574074374538
TAATCAA,0.212941371012086
TAATCAC,0.206687554190946
TAATCAG,0.201445997232483
TAATCAT,0.209021981069124
TAATCCA,0.205641438408907
TAATCCC,0.198287824680989
TAATCCG,0.210861107961258
TAATCCT,0.212574580081353
TAATCGA,0.214956319829969
TAATCGC,0.216906339894724
TAATCGG,0.210861107961258
TAATCGT,0.209144694814367
TAATCTA,0.211901780423369
TAATCTC,0.206503025026426
TAATCTG,0.206195400729801
TAATCTT,0.207117989867025
TAATGAA,0.195990342414039
TAATGAC,0.207732576758284
TAATGAG,0.227564004745854
TAATGAT,0.216845459291198
TAATGCA,0.207794014678078
TAATGCC,0.204101042089786
TAATGCG,0.210309724957214
TAATGCT,0.212207654565668
TAATGGA,0.250901046417988
TAATGGC,0.216662795238773
TAATGGG,0.217879925811551
TAATGGT,0.230390973503516
TAATGTA,0.202249428904901
TAATGTC,0.213552390420306
TAATGTG,0.214101988859899
TAATGTT,0.214285121236154
TAATTAA,0.194746258862012
TAATTAC,0.19772946326758
TAATTAG,0.213796693685383
TAATTAT,0.211779404565124
TAATTCA,0.19965139707024
TAATTCC,0.215688023041247
TAATTCG,0.210616086381313
TAATTCT,0.211595812693453
TAATTGA,0.214834317226058
TAATTGC,0.216297367004969
TAATTGG,0.20280527293871
TAATTGT,0.210064568222715
TAATTTA,0.193126632907219
TAATTTC,0.205210366565845
TAATTTG,0.201322335046615
TAATTTT,0.165632567391293
TACAAAA,0.183982763106881
TACAAAC,0.204224361152794
TACAAAG,0.221401250157692
TACAAAT,0.201816892062537
TACAACA,0.215200280392963
TACAACC,0.214163036711778
TACAACG,0.208592364334978
TACAACT,0.205887681771347
TACAAGA,0.213857760177153
TACAAGC,0.207179465556204
TACAAGG,0.198659892494297
TACAAGT,0.205333548912269
TACAATA,0.207548240347946
TACAATC,0.208346786164481
TACAATG,0.206626048252807
TACAATT,0.206995027149725
TACACAA,0.206133864512921
TACACAC,0.20255826928865
TACACAG,0.205579868092788
TACACAT,0.210371004751079
TACACCA,0.207117989867025
TACACCC,0.215870865220038
TACACCG,0.213796693685383
TACACCT,0.209635399264123
TACACGA,0.209635399264123
TACACGC,0.206133864512921
TACACGG,0.207363869951431
TACACGT,0.211289751318632
TACACTA,0.209144694814367
TACACTC,0.207179465556204
TACACTG,0.225996709553559
TACACTT,0.206626048252807
TACAGAA,0.193438303228611
TACAGAC,0.20447095366541
TACAGAG,0.206872049310735
TACAGAT,0.200641919538544
TACAGCA,0.201445997232483
TACAGCC,0.209758037762219
TACAGCG,0.213796693685383
TACAGCT,0.211289751318632
TACAGGA,0.206441507737252
TACAGGC,0.187249078638201
TACAGGG,0.234706209431604
TACAGGT,0.188627776112744
TACAGTA,0.209451413311989
TACAGTC,0.202681778740031
TACAGTG,0.198349845597505
TACAGTT,0.198349845597505
TACATAA,0.212452286534885
TACATAC,0.219642137949465
TACATAG,0.206379986663468
TACATAT,0.205395134395739
TACATCA,0.207117989867025
TACATCC,0.207240937466355
TACATCG,0.211167300535288
TACATCT,0.215078307551061
TACATGA,0.216601899805843
TACATGC,0.220370421798293
TACATGG,0.211657013729195
TACATGT,0.219399258752734
TACATTA,0.204717485385149
TACATTC,0.205333548912269
TACATTG,0.218609493714026
TACATTT,0.202311204612713
TACCAAA,0.204963956341979
TACCAAC,0.209819351371653
TACCAAG,0.204532592293506
TACCAAT,0.209758037762219
TACCACA,0.205764567669601
TACCACC,0.214712299735696
TACCACG,0.200146780946232
TACCACT,0.216967216792028
TACCAGA,0.211657013729195
TACCAGC,0.221704232853318
TACCAGG,0.225272513213768
TACCAGT,0.204224361152794
TACCATA,0.210248441407905
TACCATC,0.208408186361271
TACCATG,0.203422515273386
TACCATT,0.211167300535288
TACCCAA,0.212391134152802
TACCCAC,0.216601899805843
TACCCAG,0.19717078991252
TACCCAT,0.214590267355249
TACCCCA,0.200084871380667
TACCCCC,0.208469582788309
TACCCCG,0.208346786164481
TACCCCT,0.201013112661423
TACCCGA,0.207425330527285
TACCCGC,0.221219416467238
TACCCGG,0.22521213983856
TACCCGT,0.214407190857718
TACCCTA,0.215748974148838
TACCCTC,0.209635399264123
TACCCTG,0.210616086381313
TACCCTT,0.202743527745723
TACCGAA,0.215748974148838
TACCGAC,0.211289751318632
TACCGAG,0.21501731555064
TACCGAT,0.211412187109617
TACCGCA,0.213796693685383
TACCGCC,0.225332882944252
TACCGCG,0.221098175635731
TACCGCT,0.210309724957214
TACCGGA,0.228166157118254
TACCGGC,0.227985549475162
TACCGGG,0.213063604764957
TACCGGT,0.210799858194377
TACCGTA,0.210738604675732
TACCGTC,0.216114602799192
TACCGTG,0.220613065262824
TACCGTT,0.21617552791261
TACCTAA,0.205210366565845
TACCTAC,0.226840942956632
TACCTAG,0.208285382197475
TACCTAT,0.208960618549041
TACCTCA,0.215444181453716
TACCTCC,0.225332882944252
TACCTCG,0.207302405597942
TACCTCT,0.213857760177153
TACCTGA,0.205887681771347
TACCTGC,0.208837882211645
TACCTGG,0.201569644127906
TACCTGT,0.217879925811551
TACCTTA,0.206072324509101
TACCTTC,0.211718211019599
TACCTTG,0.201569644127906
TACCTTT,0.207978305792999
TACGAAA,0.207486787325968
TACGAAC,0.211962962737006
TACGAAG,0.210309724957214
TACGAAT,0.210248441407905
TACGACA,0.21135097108794
TACGACC,0.211412187109617
TACGACG,0.212024141307596
TACGACT,0.211962962737006
TACGAGA,0.208837882211645
TACGAGC,0.216236449314385
TACGAGG,0.207794014678078
TACGAGT,0.239121993573555
TACGATA,0.211595812693453
TACGATC,0.210799858194377
TACGATG,0.20822397445979
TACGATT,0.209206046040452
TACGCAA,0.217271545701004
TACGCAC,0.221158797888902
TACGCAG,0.213613471832186
TACGCAT,0.209819351371653
TACGCCA,0.210309724957214
TACGCCC,0.208346786164481
TACGCCG,0.213918822940034
TACGCCT,0.206933540120673
TACGCGA,0.211779404565124
TACGCGC,0.227804909207058
TACGCGG,0.227202539203535
TACGCGT,0.227503769561498
TACGCTA,0.212085316135598
TACGCTC,0.217210687328045
TACGCTG,0.214407190857718
TACGCTT,0.209880661221958
TACGGAA,0.209021981069124
TACGGAC,0.223641151341429
TACGGAG,0.21982425864246
TACGGAT,0.221461854041144
TACGGCA,0.209941967313597
TACGGCC,0.216236449314385
TACGGCG,0.209267393502795
TACGGCT,0.222188814306363
TACGGGA,0.208530975446057
TACGGGC,0.219399258752734
TACGGGG,0.218548716714431
TACGGGT,0.208592364334978
TACGGTA,0.211289751318632
TACGGTC,0.210493553074322
TACGGTG,0.214224080837045
TACGGTT,0.207609689593682
TACGTAA,0.209206046040452
TACGTAC,0.210738604675732
TACGTAG,0.209758037762219
TACGTAT,0.207732576758284
TACGTCA,0.21617552791261
TACGTCC,0.214224080837045
TACGTCG,0.211962962737006
TACGTCT,0.209635399264123
TACGTGA,0.204286014981919
TACGTGC,0.207794014678078
TACGTGG,0.210616086381313
TACGTGT,0.223096772104931
TACGTTA,0.209941967313597
TACGTTC,0.209451413311989
TACGTTG,0.214956319829969
TACGTTT,0.206441507737252
TACTAAA,0.196114665685671
TACTAAC,0.213613471832186
TACTAAG,0.212574580081353
TACTAAT,0.213857760177153
TACTACA,0.210371004751079
TACTACC,0.214834317226058
TACTACG,0.210677347404864
TACTACT,0.206133864512921
TACTAGA,0.209512745723981
TACTAGC,0.214895320388593
TACTAGG,0.209328737201858
TACTAGT,0.210064568222715
TACTATA,0.213246927384285
TACTATC,0.220855649865787
TACTATG,0.210125863041116
TACTATT,0.20255826928865
TACTCAA,0.207794014678078
TACTCAC,0.208653749455535
TACTCAG,0.203299097281736
TACTCAT,0.208960618549041
TACTCCA,0.203545918034915
TACTCCC,0.208408186361271
TACTCCG,0.21617552791261
TACTCCT,0.215870865220038
TACTCGA,0.215261261235352
TACTCGC,0.209021981069124
TACTCGG,0.204532592293506
TACTCGT,0.210922353976834
TACTCTA,0.203792677882641
TACTCTC,0.203792677882641
TACTCTG,0.205395134395739
TACTCTT,0.209941967313597
TACTGAA,0.199279698049581
TACTGAC,0.205579868092788
TACTGAG,0.205764567669601
TACTGAT,0.206010780717876
TACTGCA,0.207363869951431
TACTGCC,0.199031821924633
TACTGCG,0.206810554719444
TACTGCT,0.203669305570081
TACTGGA,0.206626048252807
TACTGGC,0.206256933160208
TACTGGG,0.214407190857718
TACTGGT,0.215566109679822
TACTGTA,0.231411529217882
TACTGTC,0.203854358331618
TACTGTG,0.201569644127906
TACTGTT,0.203545918034915
TACTTAA,0.204162703522239
TACTTAC,0.206687554190946
TACTTAG,0.207548240347946
TACTTAT,0.207117989867025
TACTTCA,0.210493553074322
TACTTCC,0.203730993628952
TACTTCG,0.21135097108794
TACTTCT,0.198349845597505
TACTTGA,0.211228527801234
TACTTGC,0.21434615790956
TACTTGG,0.210799858194377
TACTTGT,0.203360808181561
TACTTTA,0.211657013729195
TACTTTC,0.213979881974482
TACTTTG,0.202928751888456
TACTTTT,0.197481202530696
TAGAAAA,0.199031821924633
TAGAAAC,0.217758279395948
TAGAAAG,0.215261261235352
TAGAAAT,0.217514942162187
TAGAACA,0.209819351371653
TAGAACC,0.215870865220038
TAGAACG,0.209390077138102
TAGAACT,0.202434744580801
TAGAAGA,0.219217060634961
TAGAAGC,0.206564538531456
TAGAAGG,0.207179465556204
TAGAAGT,0.203545918034915
TAGAATA,0.210861107961258
TAGAATC,0.230150691306637
TAGAATG,0.20311394172956
TAGAATT,0.228587448143257
TAGACAA,0.211289751318632
TAGACAC,0.213246927384285
TAGACAG,0.212696858673938
TAGACAT,0.200022957982071
TAGACCA,0.214529245580107
TAGACCC,0.201384168051091
TAGACCG,0.214040937280952
TAGACCT,0.205887681771347
TAGACGA,0.216723686963674
TAGACGC,0.226539512838882
TAGACGG,0.218731036632806
TAGACGT,0.203669305570081
TAGACTA,0.210309724957214
TAGACTC,0.217332400370448
TAGACTG,0.213246927384285
TAGACTT,0.217332400370448
TAGAGAA,0.198411862667667
TAGAGAC,0.223338755019267
TAGAGAG,0.220673716930721
TAGAGAT,0.207240937466355
TAGAGCA,0.233030274129072
TAGAGCC,0.215261261235352
TAGAGCG,0.224608205529769
TAGAGCT,0.216601899805843
TAGAGGA,0.227383288306862
TAGAGGC,0.212757992363668
TAGAGGG,0.234048141210093
TAGAGGT,0.219459984082481
TAGAGTA,0.210493553074322
TAGAGTC,0.210309724957214
TAGAGTG,0.225936379886019
TAGAGTT,0.20045627129519
TAGATAA,0.205764567669601
TAGATAC,0.21617552791261
TAGATAG,0.207363869951431
TAGATAT,0.206195400729801
TAGATCA,0.213979881974482
TAGATCC,0.212635721246653
TAGATCG,0.211840594366228
TAGATCT,0.207794014678078
TAGATGA,0.208408186361271
TAGATGC,0.218731036632806
TAGATGG,0.217088959469774
TAGATGT,0.205641438408907
TAGATTA,0.20767113506364
TAGATTC,0.206933540120673
TAGATTG,0.207732576758284
TAGATTT,0.202372976504522
TAGCAAA,0.208837882211645
TAGCAAC,0.216114602799192
TAGCAAG,0.201816892062537
TAGCAAT,0.205764567669601
TAGCACA,0.210616086381313
TAGCACC,0.210003269647028
TAGCACG,0.207978305792999
TAGCACT,0.225815709630833
TAGCAGA,0.200022957982071
TAGCAGC,0.205148769701957
TAGCAGG,0.216601899805843
TAGCAGT,0.205210366565845
TAGCATA,0.206626048252807
TAGCATC,0.210064568222715
TAGCATG,0.214712299735696
TAGCATT,0.209083339824078
TAGCCAA,0.209574074374538
TAGCCAC,0.209021981069124
TAGCCAG,0.195057424881091
TAGCCAT,0.206687554190946
TAGCCCA,0.214712299735696
TAGCCCC,0.208162562950963
TAGCCCG,0.209267393502795
TAGCCCT,0.213063604764957
TAGCCGA,0.207794014678078
TAGCCGC,0.208408186361271
TAGCCGG,0.211473399384123
TAGCCGT,0.218183977125711
TAGCCTA,0.208162562950963
TAGCCTC,0.200084871380667
TAGCCTG,0.246773461270236
TAGCCTT,0.20767113506364
TAGCGAA,0.210983596241566
TAGCGAC,0.222794211094762
TAGCGAG,0.208960618549041
TAGCGAT,0.208162562950963
TAGCGCA,0.221219416467238
TAGCGCC,0.212757992363668
TAGCGCG,0.213430216402589
TAGCGCT,0.21465128540696
TAGCGGA,0.22605703558165
TAGCGGC,0.213796693685383
TAGCGGG,0.223580679392037
TAGCGGT,0.227082021648633
TAGCGTA,0.217879925811551
TAGCGTC,0.22442695409057
TAGCGTG,0.220552409916079
TAGCGTT,0.209144694814367
TAGCTAA,0.204717485385149
TAGCTAC,0.218670267020001
TAGCTAG,0.210861107961258
TAGCTAT,0.21434615790956
TAGCTCA,0.217210687328045
TAGCTCC,0.224306101544039
TAGCTCG,0.214773310341911
TAGCTCT,0.212085316135598
TAGCTGA,0.204779108819709
TAGCTGC,0.237393806277789
TAGCTGG,0.173102152805996
TAGCTGT,0.217149825251119
TAGCTTA,0.213246927384285
TAGCTTC,0.217636618180694
TAGCTTG,0.20070379462817
TAGCTTT,0.210799858194377
TAGGAAA,0.194684014037593
TAGGAAC,0.223338755019267
TAGGAAG,0.222309922988015
TAGGAAT,0.210187154102692
TAGGACA,0.201631461842882
TAGGACC,0.210799858194377
TAGGACG,0.21909557677819
TAGGACT,0.206995027149725
TAGGAGA,0.210371004751079
TAGGAGC,0.228406916579386
TAGGAGG,0.207302405597942
TAGGAGT,0.209390077138102
TAGGATA,0.205456716086671
TAGGATC,0.204779108819709
TAGGATG,0.205333548912269
TAGGATT,0.217028089983561
TAGGCAA,0.205333548912269
TAGGCAC,0.204655858152907
TAGGCAG,0.235543124973664
TAGGCAT,0.210861107961258
TAGGCCA,0.214590267355249
TAGGCCC,0.214163036711778
TAGGCCG,0.211044834755913
TAGGCCT,0.219399258752734
TAGGCGA,0.206626048252807
TAGGCGC,0.21879180255289
TAGGCGG,0.289059530863784
TAGGCGT,0.229609845175076
TAGGCTA,0.206687554190946
TAGGCTC,0.217879925811551
TAGGCTG,0.215200280392963
TAGGCTT,0.212391134152802
TAGGGAA,0.216358280984814
TAGGGAC,0.221461854041144
TAGGGAG,0.229910351360348
TAGGGAT,0.206626048252807
TAGGGCA,0.210309724957214
TAGGGCC,0.213002489756158
TAGGGCG,0.21879180255289
TAGGGCT,0.248367548818876
TAGGGGA,0.216541000664435
TAGGGGC,0.235304077711022
TAGGGGG,0.208162562950963
TAGGGGT,0.223943456247699
TAGGGTA,0.218183977125711
TAGGGTC,0.200084871380667
TAGGGTG,0.217454098600588
TAGGGTT,0.26033033092195
TAGGTAA,0.214407190857718
TAGGTAC,0.205456716086671
TAGGTAG,0.224970609881679
TAGGTAT,0.204779108819709
TAGGTCA,0.204224361152794
TAGGTCC,0.217758279395948
TAGGTCG,0.209144694814367
TAGGTCT,0.219642137949465
TAGGTGA,0.204963956341979
TAGGTGC,0.208960618549041
TAGGTGG,0.228467097388709
TAGGTGT,0.222733687905997
TAGGTTA,0.210493553074322
TAGGTTC,0.224970609881679
TAGGTTG,0.21465128540696
TAGGTTT,0.216297367004969
TAGTAAA,0.215200280392963
TAGTAAC,0.207609689593682
TAGTAAG,0.209941967313597
TAGTAAT,0.220795009231756
TAGTACA,0.206872049310735
TAGTACC,0.216662795238773
TAGTACG,0.210861107961258
TAGTACT,0.210187154102692
TAGTAGA,0.203360808181561
TAGTAGC,0.22049175089004
TAGTAGG,0.222733687905997
TAGTAGT,0.205395134395739
TAGTATA,0.210983596241566
TAGTATC,0.20822397445979
TAGTATG,0.221401250157692
TAGTATT,0.212757992363668
TAGTCAA,0.209696720393196
TAGTCAC,0.201322335046615
TAGTCAG,0.210064568222715
TAGTCAT,0.216114602799192
TAGTCCA,0.216297367004969
TAGTCCC,0.217819104453481
TAGTCCG,0.210677347404864
TAGTCCT,0.206256933160208
TAGTCGA,0.210493553074322
TAGTCGC,0.210677347404864
TAGTCGG,0.210125863041116
TAGTCGT,0.211167300535288
TAGTCTA,0.210064568222715
TAGTCTC,0.20311394172956
TAGTCTG,0.217514942162187
TAGTCTT,0.202928751888456
TAGTGAA,0.201631461842882
TAGTGAC,0.246773461270236
TAGTGAG,0.221764818378178
TAGTGAT,0.220188400554803
TAGTGCA,0.212085316135598
TAGTGCC,0.208899252263369
TAGTGCG,0.204039376854967
TAGTGCT,0.206564538531456
TAGTGGA,0.220067034650018
TAGTGGC,0.206010780717876
TAGTGGG,0.212757992363668
TAGTGGT,0.217575782022072
TAGTGTA,0.205641438408907
TAGTGTC,0.211228527801234
TAGTGTG,0.21501731555064
TAGTGTT,0.20871513080819
TAGTTAA,0.209696720393196
TAGTTAC,0.220552409916079
TAGTTAG,0.203607613705558
TAGTTAT,0.206872049310735
TAGTTCA,0.207240937466355
TAGTTCC,0.200580040620155
TAGTTCG,0.216845459291198
TAGTTCT,0.205826126615109
TAGTTGA,0.208285382197475
TAGTTGC,0.212207654565668
TAGTTGG,0.202990485646156
TAGTTGT,0.216784574980998
TAGTTTA,0.214956319829969
TAGTTTC,0.209144694814367
TAGTTTG,0.206749056346336
TAGTTTT,0.217028089983561
TATAAAA,0.208346786164481
TATAAAC,0.203360808181561
TATAAAG,0.222612630538189
TATAAAT,0.206564538531456
TATAACA,0.204655858152907
TATAACC,0.213185823578564
TATAACG,0.211595812693453
TATAACT,0.206441507737252
TATAAGA,0.210003269647028
TATAAGC,0.209819351371653
TATAAGG,0.205333548912269
TATAAGT,0.210799858194377
TATAATA,0.204162703522239
TATAATC,0.203175664056206
TATAATG,0.211718211019599
TATAATT,0.200641919538544
TATACAA,0.206626048252807
TATACAC,0.20871513080819
TATACAG,0.193999065135298
TATACAT,0.203607613705558
TATACCA,0.214407190857718
TATACCC,0.209083339824078
TATACCG,0.217332400370448
TATACCT,0.209819351371653
TATACGA,0.235901588757527
TATACGC,0.211044834755913
TATACGG,0.210003269647028
TATACGT,0.215383211765276
TATACTA,0.214224080837045
TATACTC,0.208899252263369
TATACTG,0.20767113506364
TATACTT,0.210064568222715
TATAGAA,0.206503025026426
TATAGAC,0.206749056346336
TATAGAG,0.202064078880736
TATAGAT,0.202681778740031
TATAGCA,0.211901780423369
TATAGCC,0.209206046040452
TATAGCG,0.221825400232655
TATAGCT,0.209144694814367
TATAGGA,0.210493553074322
TATAGGC,0.207916879194972
TATAGGG,0.212819122316297
TATAGGT,0.206256933160208
TATAGTA,0.207548240347946
TATAGTC,0.206379986663468
TATAGTG,0.223217770881565
TATAGTT,0.218062367693486
TATATAA,0.204039376854967
TATATAC,0.217210687328045
TATATAG,0.206010780717876
TATATAT,0.209574074374538
TATATCA,0.208162562950963
TATATCC,0.208101147670531
TATATCG,0.211473399384123
TATATCT,0.205764567669601
TATATGA,0.218609493714026
TATATGC,0.212207654565668
TATATGG,0.213918822940034
TATATGT,0.213613471832186
TATATTA,0.208408186361271
TATATTC,0.226479215910584
TATATTG,0.212635721246653
TATATTT,0.190879734471905
TATCAAA,0.215931805184553
TATCAAC,0.215748974148838
TATCAAG,0.208960618549041
TATCAAT,0.210493553074322
TATCACA,0.206441507737252
TATCACC,0.213918822940034
TATCACG,0.210983596241566
TATCACT,0.206564538531456
TATCAGA,0.213918822940034
TATCAGC,0.20767113506364
TATCAGG,0.210125863041116
TATCAGT,0.207732576758284
TATCATA,0.206441507737252
TATCATC,0.206256933160208
TATCATG,0.214407190857718
TATCATT,0.207609689593682
TATCCAA,0.208530975446057
TATCCAC,0.206626048252807
TATCCAG,0.222491558513721
TATCCAT,0.217149825251119
TATCCCA,0.210309724957214
TATCCCC,0.201013112661423
TATCCCG,0.209144694814367
TATCCCT,0.200270588580165
TATCCGA,0.209941967313597
TATCCGC,0.222612630538189
TATCCGG,0.217028089983561
TATCCGT,0.211289751318632
TATCCTA,0.206072324509101
TATCCTC,0.217332400370448
TATCCTG,0.214101988859899
TATCCTT,0.20070379462817
TATCGAA,0.211657013729195
TATCGAC,0.212085316135598
TATCGAG,0.209390077138102
TATCGAT,0.211228527801234
TATCGCA,0.211412187109617
TATCGCC,0.206195400729801
TATCGCG,0.217514942162187
TATCGCT,0.208776508393406
TATCGGA,0.210125863041116
TATCGGC,0.209021981069124
TATCGGG,0.208408186361271
TATCGGT,0.209819351371653
TATCGTA,0.211534607911915
TATCGTC,0.223520203785567
TATCGTG,0.208899252263369
TATCGTT,0.210677347404864
TATCTAA,0.207732576758284
TATCTAC,0.208408186361271
TATCTAG,0.205949233138781
TATCTAT,0.211718211019599
TATCTCA,0.199093796716349
TATCTCC,0.203916034976352
TATCTCG,0.209574074374538
TATCTCT,0.198721890339834
TATCTGA,0.199713333476998
TATCTGC,0.204963956341979
TATCTGG,0.219520705724887
TATCTGT,0.233329754363779
TATCTTA,0.207302405597942
TATCTTC,0.209390077138102
TATCTTG,0.204409311237759
TATCTTT,0.20249650884202
TATGAAA,0.207855448823486
TATGAAC,0.208469582788309
TATGAAG,0.210616086381313
TATGAAT,0.208530975446057
TATGACA,0.207302405597942
TATGACC,0.207056510398354
TATGACG,0.210677347404864
TATGACT,0.204963956341979
TATGAGA,0.206626048252807
TATGAGC,0.211779404565124
TATGAGG,0.208653749455535
TATGAGT,0.227925339678044
TATGATA,0.207486787325968
TATGATC,0.213552390420306
TATGATG,0.219338529735196
TATGATT,0.205826126615109
TATGCAA,0.210983596241566
TATGCAC,0.206626048252807
TATGCAG,0.208899252263369
TATGCAT,0.217271545701004
TATGCCA,0.204224361152794
TATGCCC,0.225513970271757
TATGCCG,0.216906339894724
TATGCCT,0.217514942162187
TATGCGA,0.216784574980998
TATGCGC,0.22103754970728
TATGCGG,0.208776508393406
TATGCGT,0.210248441407905
TATGCTA,0.203545918034915
TATGCTC,0.208162562950963
TATGCTG,0.209696720393196
TATGCTT,0.218062367693486
TATGGAA,0.210003269647028
TATGGAC,0.211962962737006
TATGGAG,0.219338529735196
TATGGAT,0.226720381812526
TATGGCA,0.206503025026426
TATGGCC,0.223641151341429
TATGGCG,0.207978305792999
TATGGCT,0.206503025026426
TATGGGA,0.213613471832186
TATGGGC,0.219399258752734
TATGGGG,0.223036267225907
TATGGGT,0.230691245081773
TATGGTA,0.207363869951431
TATGGTC,0.206441507737252
TATGGTG,0.223096772104931
TATGGTT,0.208408186361271
TATGTAA,0.217028089983561
TATGTAC,0.224849823023445
TATGTAG,0.211779404565124
TATGTAT,0.199713333476998
TATGTCA,0.20119865756652
TATGTCC,0.206010780717876
TATGTCG,0.214956319829969
TATGTCT,0.229429498108455
TATGTGA,0.224789424122838
TATGTGC,0.224487374887275
TATGTGG,0.235662627179552
TATGTGT,0.272842736498472
TATGTTA,0.207179465556204
TATGTTC,0.224003906263909
TATGTTG,0.195741649492337
TATGTTT,0.204409311237759
TATTAAA,0.195430696340978
TATTAAC,0.216114602799192
TATTAAG,0.203977707817312
TATTAAT,0.216480097814095
TATTACA,0.214468220081082
TATTACC,0.209021981069124
TATTACG,0.212085316135598
TATTACT,0.215870865220038
TATTAGA,0.209267393502795
TATTAGC,0.212268818168651
TATTAGG,0.207732576758284
TATTAGT,0.213002489756158
TATTATA,0.214773310341911
TATTATC,0.212146487221469
TATTATG,0.212819122316297
TATTATT,0.224608205529769
TATTCAA,0.206010780717876
TATTCAC,0.206256933160208
TATTCAG,0.204409311237759
TATTCAT,0.206687554190946
TATTCCA,0.206687554190946
TATTCCC,0.205210366565845
TATTCCG,0.208101147670531
TATTCCT,0.208039728618031
TATTCGA,0.210616086381313
TATTCGC,0.210248441407905
TATTCGG,0.215566109679822
TATTCGT,0.215139295831684
TATTCTA,0.206995027149725
TATTCTC,0.203607613705558
TATTCTG,0.217575782022072
TATTCTT,0.202249428904901
TATTGAA,0.212941371012086
TATTGAC,0.209021981069124
TATTGAG,0.203360808181561
TATTGAT,0.221946552932238
TATTGCA,0.203484218557681
TATTGCC,0.213552390420306
TATTGCG,0.209021981069124
TATTGCT,0.214590267355249
TATTGGA,0.209758037762219
TATTGGC,0.206379986663468
TATTGGG,0.207732576758284
TATTGGT,0.208469582788309
TATTGTA,0.21830557177088
TATTGTC,0.205456716086671
TATTGTG,0.212757992363668
TATTGTT,0.210187154102692
TATTTAA,0.193562944163505
TATTTAC,0.201569644127906
TATTTAG,0.203545918034915
TATTTAT,0.201136813089954
TATTTCA,0.213857760177153
TATTTCC,0.199775266047874
TATTTCG,0.212574580081353
TATTTCT,0.20255826928865
TATTTGA,0.203299097281736
TATTTGC,0.228767947121364
TATTTGG,0.203484218557681
TATTTGT,0.201816892062537
TATTTTA,0.203977707817312
TATTTTC,0.208285382197475
TATTTTG,0.21617552791261
TATTTTT,0.159912975341179
TCAAAAA,0.204409311237759
TCAAAAC,0.209512745723981
TCAAAAG,0.225936379886019
TCAAAAT,0.195928174981639
TCAAACA,0.207179465556204
TCAAACC,0.217393251336825
TCAAACG,0.22103754970728
TCAAACT,0.210983596241566
TCAAAGA,0.200332486649483
TCAAAGC,0.224910218276245
TCAAAGG,0.215809921541617
TCAAAGT,0.218123174258205
TCAAATA,0.210248441407905
TCAAATC,0.210799858194377
TCAAATG,0.211106069520334
TCAAATT,0.20280527293871
TCAACAA,0.20255826928865
TCAACAC,0.21312471603894
TCAACAG,0.211412187109617
TCAACAT,0.210922353976834
TCAACCA,0.207425330527285
TCAACCC,0.203792677882641
TCAACCG,0.209206046040452
TCAACCT,0.206441507737252
TCAACGA,0.210616086381313
TCAACGC,0.214712299735696
TCAACGG,0.205210366565845
TCAACGT,0.210493553074322
TCAACTA,0.208039728618031
TCAACTC,0.210616086381313
TCAACTG,0.206441507737252
TCAACTT,0.200084871380667
TCAAGAA,0.205087169043662
TCAAGAC,0.206441507737252
TCAAGAG,0.219217060634961
TCAAGAT,0.202990485646156
TCAAGCA,0.196736050305328
TCAAGCC,0.213063604764957
TCAAGCG,0.199899119683884
TCAAGCT,0.203977707817312
TCAAGGA,0.20045627129519
TCAAGGC,0.215627068218393
TCAAGGG,0.253721575869059
TCAAGGT,0.220006346173548
TCAAGTA,0.202620025921164
TCAAGTC,0.198597890804788
TCAAGTG,0.207117989867025
TCAAGTT,0.201940493109302
TCAATAA,0.210248441407905
TCAATAC,0.210187154102692
TCAATAG,0.205641438408907
TCAATAT,0.21135097108794
TCAATCA,0.209635399264123
TCAATCC,0.212635721246653
TCAATCG,0.211228527801234
TCAATCT,0.201136813089954
TCAATGA,0.211289751318632
TCAATGC,0.205333548912269
TCAATGG,0.206441507737252
TCAATGT,0.207363869951431
TCAATTA,0.205949233138781
TCAATTC,0.232371101739224
TCAATTG,0.209451413311989
TCAATTT,0.196984496080206
TCACAAA,0.207302405597942
TCACAAC,0.204594227122515
TCACAAG,0.211534607911915
TCACAAT,0.212696858673938
TCACACA,0.179884808257072
TCACACC,0.195555089204785
TCACACG,0.223459724521577
TCACACT,0.191691696958973
TCACAGA,0.194995199422737
TCACAGC,0.197543273493287
TCACAGG,0.213613471832186
TCACAGT,0.215688023041247
TCACATA,0.208776508393406
TCACATC,0.217454098600588
TCACATG,0.201507822591264
TCACATT,0.204779108819709
TCACCAA,0.193064287184638
TCACCAC,0.229489617411297
TCACCAG,0.231771476825849
TCACCAT,0.198721890339834
TCACCCA,0.209941967313597
TCACCCC,0.290870398430668
TCACCCG,0.242747427024603
TCACCCT,0.197481202530696
TCACCGA,0.214224080837045
TCACCGC,0.28843628700158
TCACCGG,0.207609689593682
TCACCGT,0.218852564780701
TCACCTA,0.205271959635793
TCACCTC,0.208899252263369
TCACCTG,0.201384168051091
TCACCTT,0.240668867782347
TCACGAA,0.209941967313597
TCACGAC,0.21434615790956
TCACGAG,0.203607613705558
TCACGAT,0.210003269647028
TCACGCA,0.206995027149725
TCACGCC,0.204532592293506
TCACGCG,0.224185234390405
TCACGCT,0.218548716714431
TCACGGA,0.218001557431104
TCACGGC,0.210799858194377
TCACGGG,0.222309922988015
TCACGGT,0.204594227122515
TCACGTA,0.217210687328045
TCACGTC,0.224668615376441
TCACGTG,0.19847387589195
TCACGTT,0.212146487221469
TCACTAA,0.220127719443621
TCACTAC,0.204840728457056
TCACTAG,0.206687554190946
TCACTAT,0.215078307551061
TCACTCA,0.203422515273386
TCACTCC,0.205456716086671
TCACTCG,0.215139295831684
TCACTCT,0.196736050305328
TCACTGA,0.19654967545855
TCACTGC,0.209267393502795
TCACTGG,0.222309922988015
TCACTGT,0.205949233138781
TCACTTA,0.199961040749968
TCACTTC,0.204655858152907
TCACTTG,0.198535885270831
TCACTTT,0.201384168051091
TCAGAAA,0.194372731785962
TCAGAAC,0.203607613705558
TCAGAAG,0.205826126615109
TCAGAAT,0.207548240347946
TCAGACA,0.190692264850302
TCAGACC,0.210371004751079
TCAGACG,0.208346786164481
TCAGACT,0.193001937574826
TCAGAGA,0.193188974743053
TCAGAGC,0.220673716930721
TCAGAGG,0.219277797029421
TCAGAGT,0.203977707817312
TCAGATA,0.209696720393196
TCAGATC,0.210493553074322
TCAGATG,0.195555089204785
TCAGATT,0.213674549513355
TCAGCAA,0.221704232853318
TCAGCAC,0.19816377130698
TCAGCAG,0.227082021648633
TCAGCAT,0.201755085809725
TCAGCCA,0.18247162695281
TCAGCCC,0.228948413525471
TCAGCCG,0.246950707648012
TCAGCCT,0.177354617438728
TCAGCGA,0.224366529642972
TCAGCGC,0.245650170732235
TCAGCGG,0.230571147269816
TCAGCGT,0.214468220081082
TCAGCTA,0.209390077138102
TCAGCTC,0.194248191749181
TCAGCTG,0.228105958194831
TCAGCTT,0.208101147670531
TCAGGAA,0.193064287184638
TCAGGAC,0.192939584077297
TCAGGAG,0.173928673076505
TCAGGAT,0.207548240347946
TCAGGCA,0.228166157118254
TCAGGCC,0.215688023041247
TCAGGCG,0.21501731555064
TCAGGCT,0.210432280789962
TCAGGGA,0.202311204612713
TCAGGGC,0.251489313123245
TCAGGGG,0.228045755647279
TCAGGGT,0.271344875804591
TCAGGTA,0.234167822192749
TCAGGTC,0.229970441762446
TCAGGTG,0.240252636981524
TCAGGTT,0.208899252263369
TCAGTAA,0.201755085809725
TCAGTAC,0.214712299735696
TCAGTAG,0.228467097388709
TCAGTAT,0.214407190857718
TCAGTCA,0.228527274576521
TCAGTCC,0.212024141307596
TCAGTCG,0.220006346173548
TCAGTCT,0.208960618549041
TCAGTGA,0.197667403861251
TCAGTGC,0.213246927384285
TCAGTGG,0.2524885730043
TCAGTGT,0.225030997840187
TCAGTTA,0.202311204612713
TCAGTTC,0.20045627129519
TCAGTTG,0.205887681771347
TCAGTTT,0.181904361652401
TCATAAA,0.197667403861251
TCATAAC,0.207056510398354
TCATAAG,0.205826126615109
TCATAAT,0.217514942162187
TCATACA,0.197046597880545
TCATACC,0.204963956341979
TCATACG,0.209512745723981
TCATACT,0.204162703522239
TCATAGA,0.234048141210093
TCATAGC,0.205395134395739
TCATAGG,0.205456716086671
TCATAGT,0.208285382197475
TCATATA,0.220795009231756
TCATATC,0.209451413311989
TCATATG,0.208530975446057
TCATATT,0.214712299735696
TCATCAA,0.210432280789962
TCATCAC,0.204039376854967
TCATCAG,0.2020022879042
TCATCAT,0.225030997840187
TCATCCA,0.215139295831684
TCATCCC,0.209880661221958
TCATCCG,0.220855649865787
TCATCCT,0.206872049310735
TCATCGA,0.214101988859899
TCATCGC,0.198721890339834
TCATCGG,0.211473399384123
TCATCGT,0.222673161053954
TCATCTA,0.220613065262824
TCATCTC,0.204594227122515
TCATCTG,0.189441568421279
TCATCTT,0.198225799917639
TCATGAA,0.233509399463618
TCATGAC,0.215809921541617
TCATGAG,0.216723686963674
TCATGAT,0.208837882211645
TCATGCA,0.219763555430048
TCATGCC,0.206749056346336
TCATGCG,0.215505147425081
TCATGCT,0.205703004934356
TCATGGA,0.201507822591264
TCATGGC,0.207117989867025
TCATGGG,0.223399241599624
TCATGGT,0.213613471832186
TCATGTA,0.220249077984011
TCATGTC,0.215931805184553
TCATGTG,0.221825400232655
TCATGTT,0.199465564829931
TCATTAA,0.218001557431104
TCATTAC,0.203360808181561
TCATTAG,0.211473399384123
TCATTAT,0.20095125670851
TCATTCA,0.192315835170905
TCATTCC,0.209083339824078
TCATTCG,0.219702848532532
TCATTCT,0.196922390422994
TCATTGA,0.216114602799192
TCATTGC,0.205456716086671
TCATTGG,0.203237382573441
TCATTGT,0.241263182840447
TCATTTA,0.201260498218582
TCATTTC,0.220673716930721
TCATTTG,0.204532592293506
TCATTTT,0.188565149265006
TCCAAAA,0.205703004934356
TCCAAAC,0.215078307551061
TCCAAAG,0.195430696340978
TCCAAAT,0.205271959635793
TCCAACA,0.217758279395948
TCCAACC,0.211167300535288
TCCAACG,0.213979881974482
TCCAACT,0.210554821604619
TCCAAGA,0.210677347404864
TCCAAGC,0.204224361152794
TCCAAGG,0.197419127715062
TCCAAGT,0.20095125670851
TCCAATA,0.209635399264123
TCCAATC,0.214040937280952
TCCAATG,0.206318461804609
TCCAATT,0.224366529642972
TCCACAA,0.213735623464269
TCCACAC,0.217636618180694
TCCACAG,0.22442695409057
TCCACAT,0.223399241599624
TCCACCA,0.229429498108455
TCCACCC,0.205826126615109
TCCACCG,0.225574325427743
TCCACCT,0.23398829534701
TCCACGA,0.202928751888456
TCCACGC,0.226298303308304
TCCACGG,0.204162703522239
TCCACGT,0.209696720393196
TCCACTA,0.206503025026426
TCCACTC,0.205395134395739
TCCACTG,0.247305106182562
TCCACTT,0.218183977125711
TCCAGAA,0.185303136622385
TCCAGAC,0.228587448143257
TCCAGAG,0.185303136622385
TCCAGAT,0.212452286534885
TCCAGCA,0.191129639310119
TCCAGCC,0.21135097108794
TCCAGCG,0.275602137159814
TCCAGCT,0.188126651477019
TCCAGGA,0.198597890804788
TCCAGGC,0.208408186361271
TCCAGGG,0.211718211019599
TCCAGGT,0.208408186361271
TCCAGTA,0.2020022879042
TCCAGTC,0.227503769561498
TCCAGTG,0.199899119683884
TCCAGTT,0.207486787325968
TCCATAA,0.199341657481606
TCCATAC,0.212268818168651
TCCATAG,0.213246927384285
TCCATAT,0.222309922988015
TCCATCA,0.223943456247699
TCCATCC,0.237274510784982
TCCATCG,0.217149825251119
TCCATCT,0.228767947121364
TCCATGA,0.211228527801234
TCCATGC,0.234825811686626
TCCATGG,0.213735623464269
TCCATGT,0.277437516496728
TCCATTA,0.206564538531456
TCCATTC,0.206687554190946
TCCATTG,0.201755085809725
TCCATTT,0.197853570527324
TCCCAAA,0.178747014552661
TCCCAAC,0.208469582788309
TCCCAAG,0.223641151341429
TCCCAAT,0.205764567669601
TCCCACA,0.201445997232483
TCCCACC,0.225634676941205
TCCCACG,0.22243101700413
TCCCACT,0.200518157872528
TCCCAGA,0.186056853766767
TCCCAGC,0.200332486649483
TCCCAGG,0.199031821924633
TCCCAGT,0.202249428904901
TCCCATA,0.20280527293871
TCCCATC,0.237035877096634
TCCCATG,0.217271545701004
TCCCATT,0.212146487221469
TCCCCAA,0.215809921541617
TCCCCAC,0.183856922275694
TCCCCAG,0.196922390422994
TCCCCAT,0.1727840784055
TCCCCCA,0.226780664201453
TCCCCCC,0.184360190612842
TCCCCCG,0.275602137159814
TCCCCCT,0.230090611735156
TCCCCGA,0.275200198495308
TCCCCGC,0.311684559419688
TCCCCGG,0.284119592828475
TCCCCGT,0.251430502022874
TCCCCTA,0.195990342414039
TCCCCTC,0.218913323316688
TCCCCTG,0.241678993320807
TCCCCTT,0.282011281016449
TCCCGAA,0.217332400370448
TCCCGAC,0.234407141196017
TCCCGAG,0.231291517884516
TCCCGAT,0.205764567669601
TCCCGCA,0.210554821604619
TCCCGCC,0.287188632766597
TCCCGCG,0.241619602408178
TCCCGCT,0.231951402055633
TCCCGGA,0.236916538894298
TCCCGGC,0.382849072029454
TCCCGGG,0.265098865061789
TCCCGGT,0.237513087540878
TCCCGTA,0.216906339894724
TCCCGTC,0.249134167101502
TCCCGTG,0.231651508685093
TCCCGTT,0.218123174258205
TCCCTAA,0.2189740781613
TCCCTAC,0.235423608485292
TCCCTAG,0.195617279834576
TCCCTAT,0.206441507737252
TCCCTCA,0.260563470654585
TCCCTCC,0.202681778740031
TCCCTCG,0.234347316814385
TCCCTCT,0.246537083886179
TCCCTGA,0.217210687328045
TCCCTGC,0.268689305967924
TCCCTGG,0.270248864715237
TCCCTGT,0.253721575869059
TCCCTTA,0.219581423680399
TCCCTTC,0.207179465556204
TCCCTTG,0.199341657481606
TCCCTTT,0.211534607911915
TCCGAAA,0.205210366565845
TCCGAAC,0.213430216402589
TCCGAAG,0.21465128540696
TCCGAAT,0.209880661221958
TCCGACA,0.210248441407905
TCCGACC,0.222854730620692
TCCGACG,0.211473399384123
TCCGACT,0.223036267225907
TCCGAGA,0.21434615790956
TCCGAGC,0.221704232853318
TCCGAGG,0.237095540857624
TCCGAGT,0.22575536904231
TCCGATA,0.216723686963674
TCCGATC,0.222975758685822
TCCGATG,0.207609689593682
TCCGATT,0.210371004751079
TCCGCAA,0.208408186361271
TCCGCAC,0.228888261676043
TCCGCAG,0.203854358331618
TCCGCAT,0.217514942162187
TCCGCCA,0.228527274576521
TCCGCCC,0.193126632907219
TCCGCCG,0.24895730734599
TCCGCCT,0.249605640251895
TCCGCGA,0.234825811686626
TCCGCGC,0.257236087101732
TCCGCGG,0.278468438946279
TCCGCGT,0.237632354577645
TCCGCTA,0.21501731555064
TCCGCTC,0.235602877861705
TCCGCTG,0.271805995025862
TCCGCTT,0.233689012296892
TCCGGAA,0.221946552932238
TCCGGAC,0.227262792534743
TCCGGAG,0.255128862923445
TCCGGAT,0.220552409916079
TCCGGCA,0.223943456247699
TCCGGCC,0.244940073410625
TCCGGCG,0.265852768311483
TCCGGCT,0.266200532051298
TCCGGGA,0.250076891220104
TCCGGGC,0.263124426739899
TCCGGGG,0.249134167101502
TCCGGGT,0.232910456917921
TCCGGTA,0.214773310341911
TCCGGTC,0.257879076476998
TCCGGTG,0.238585979131072
TCCGGTT,0.210064568222715
TCCGTAA,0.208285382197475
TCCGTAC,0.205826126615109
TCCGTAG,0.213552390420306
TCCGTAT,0.215992741435616
TCCGTCA,0.222491558513721
TCCGTCC,0.231051452000981
TCCGTCG,0.219217060634961
TCCGTCT,0.23840724378423
TCCGTGA,0.249075217325082
TCCGTGC,0.241263182840447
TCCGTGG,0.248544512900469
TCCGTGT,0.295214406675788
TCCGTTA,0.212819122316297
TCCGTTC,0.219034829314984
TCCGTTG,0.20119865756652
TCCGTTT,0.218670267020001
TCCTAAA,0.201940493109302
TCCTAAC,0.20871513080819
TCCTAAG,0.216906339894724
TCCTAAT,0.202990485646156
TCCTACA,0.206010780717876
TCCTACC,0.212146487221469
TCCTACG,0.212696858673938
TCCTACT,0.219520705724887
TCCTAGA,0.20871513080819
TCCTAGC,0.217940743470609
TCCTAGG,0.212024141307596
TCCTAGT,0.205025564590492
TCCTATA,0.21135097108794
TCCTATC,0.204594227122515
TCCTATG,0.199155767667429
TCCTATT,0.204039376854967
TCCTCAA,0.224185234390405
TCCTCAC,0.197357049045906
TCCTCAG,0.247777442271383
TCCTCAT,0.20070379462817
TCCTCCA,0.247600342381739
TCCTCCC,0.273533300831921
TCCTCCG,0.242747427024603
TCCTCCT,0.238109280529328
TCCTCGA,0.221825400232655
TCCTCGC,0.262950024284846
TCCTCGG,0.224729021573984
TCCTCGT,0.226117357970732
TCCTCTA,0.200270588580165
TCCTCTC,0.20255826928865
TCCTCTG,0.204594227122515
TCCTCTT,0.22043108818426
TCCTGAA,0.208899252263369
TCCTGAC,0.176530925100254
TCCTGAG,0.257879076476998
TCCTGAT,0.19847387589195
TCCTGCA,0.18825195618097
TCCTGCC,0.383261547505274
TCCTGCG,0.267937538966
TCCTGCT,0.240906636192512
TCCTGGA,0.244644050641708
TCCTGGC,0.283094482828453
TCCTGGG,0.291435622703664
TCCTGGT,0.256300091176369
TCCTGTA,0.207302405597942
TCCTGTC,0.201693275736664
TCCTGTG,0.23207133422629
TCCTGTT,0.227443530748647
TCCTTAA,0.201940493109302
TCCTTAC,0.210616086381313
TCCTTAG,0.207056510398354
TCCTTAT,0.207978305792999
TCCTTCA,0.198969843291804
TCCTTCC,0.272670020877014
TCCTTCG,0.228226352417985
TCCTTCT,0.216845459291198
TCCTTGA,0.227142282241644
TCCTTGC,0.237632354577645
TCCTTGG,0.181462932728035
TCCTTGT,0.192253438876477
TCCTTTA,0.200889396929202
TCCTTTC,0.223036267225907
TCCTTTG,0.206687554190946
TCCTTTT,0.196487542789807
TCGAAAA,0.206810554719444
TCGAAAC,0.215992741435616
TCGAAAG,0.206564538531456
TCGAAAT,0.216723686963674
TCGAACA,0.215200280392963
TCGAACC,0.209021981069124
TCGAACG,0.212085316135598
TCGAACT,0.199217734778348
TCGAAGA,0.223036267225907
TCGAAGC,0.21312471603894
TCGAAGG,0.21879180255289
TCGAAGT,0.221825400232655
TCGAATA,0.211106069520334
TCGAATC,0.228045755647279
TCGAATG,0.215200280392963
TCGAATT,0.209696720393196
TCGACAA,0.206626048252807
TCGACAC,0.210064568222715
TCGACAG,0.221158797888902
TCGACAT,0.211228527801234
TCGACCA,0.207486787325968
TCGACCC,0.216236449314385
TCGACCG,0.208837882211645
TCGACCT,0.206995027149725
TCGACGA,0.210493553074322
TCGACGC,0.214834317226058
TCGACGG,0.216845459291198
TCGACGT,0.207117989867025
TCGACTA,0.211289751318632
TCGACTC,0.220188400554803
TCGACTG,0.215931805184553
TCGACTT,0.214224080837045
TCGAGAA,0.209635399264123
TCGAGAC,0.211840594366228
TCGAGAG,0.205703004934356
TCGAGAT,0.221280031371185
TCGAGCA,0.211289751318632
TCGAGCC,0.221098175635731
TCGAGCG,0.213369123795841
TCGAGCT,0.215809921541617
TCGAGGA,0.19772946326758
TCGAGGC,0.233030274129072
TCGAGGG,0.254132239211675
TCGAGGT,0.220673716930721
TCGAGTA,0.209390077138102
TCGAGTC,0.245591015210734
TCGAGTG,0.20767113506364
TCGAGTT,0.205764567669601
TCGATAA,0.21617552791261
TCGATAC,0.210187154102692
TCGATAG,0.211473399384123
TCGATAT,0.210432280789962
TCGATCA,0.216480097814095
TCGATCC,0.216541000664435
TCGATCG,0.217210687328045
TCGATCT,0.222067690955622
TCGATGA,0.210738604675732
TCGATGC,0.210371004751079
TCGATGG,0.206995027149725
TCGATGT,0.220127719443621
TCGATTA,0.208776508393406
TCGATTC,0.216662795238773
TCGATTG,0.216297367004969
TCGATTT,0.210125863041116
TCGCAAA,0.209574074374538
TCGCAAC,0.209941967313597
TCGCAAG,0.222915246484231
TCGCAAT,0.209574074374538
TCGCACA,0.21617552791261
TCGCACC,0.203607613705558
TCGCACG,0.207916879194972
TCGCACT,0.214224080837045
TCGCAGA,0.222067690955622
TCGCAGC,0.199155767667429
TCGCAGG,0.2432219202712
TCGCAGT,0.230691245081773
TCGCATA,0.211044834755913
TCGCATC,0.213979881974482
TCGCATG,0.208346786164481
TCGCATT,0.20767113506364
TCGCCAA,0.210432280789962
TCGCCAC,0.219217060634961
TCGCCAG,0.320669993295826
TCGCCAT,0.208101147670531
TCGCCCA,0.216358280984814
TCGCCCC,0.245117645018954
TCGCCCG,0.221098175635731
TCGCCCT,0.221704232853318
TCGCCGA,0.211412187109617
TCGCCGC,0.300939904714653
TCGCCGG,0.240728315185144
TCGCCGT,0.222188814306363
TCGCCTA,0.218609493714026
TCGCCTC,0.226599806131679
TCGCCTG,0.238824243243433
TCGCCTT,0.244999267450323
TCGCGAA,0.209390077138102
TCGCGAC,0.227564004745854
TCGCGAG,0.239419655274807
TCGCGAT,0.222673161053954
TCGCGCA,0.205025564590492
TCGCGCC,0.253428141624048
TCGCGCG,0.220795009231756
TCGCGCT,0.2432219202712
TCGCGGA,0.199589456827127
TCGCGGC,0.258638440371302
TCGCGGG,0.260213740669663
TCGCGGT,0.214224080837045
TCGCGTA,0.218183977125711
TCGCGTC,0.24700978279323
TCGCGTG,0.238824243243433
TCGCGTT,0.206379986663468
TCGCTAA,0.211718211019599
TCGCTAC,0.208592364334978
TCGCTAG,0.222309922988015
TCGCTAT,0.217575782022072
TCGCTCA,0.218609493714026
TCGCTCC,0.227262792534743
TCGCTCG,0.233389639649615
TCGCTCT,0.220855649865787
TCGCTGA,0.221219416467238
TCGCTGC,0.250135781979374
TCGCTGG,0.229549733100026
TCGCTGT,0.227684464230826
TCGCTTA,0.210554821604619
TCGCTTC,0.209696720393196
TCGCTTG,0.223036267225907
TCGCTTT,0.210861107961258
TCGGAAA,0.212146487221469
TCGGAAC,0.221643643657629
TCGGAAG,0.214956319829969
TCGGAAT,0.203977707817312
TCGGACA,0.220249077984011
TCGGACC,0.210064568222715
TCGGACG,0.206564538531456
TCGGACT,0.207486787325968
TCGGAGA,0.20767113506364
TCGGAGC,0.195866003684209
TCGGAGG,0.284802416154397
TCGGAGT,0.211228527801234
TCGGATA,0.216236449314385
TCGGATC,0.210432280789962
TCGGATG,0.222794211094762
TCGGATT,0.229429498108455
TCGGCAA,0.207486787325968
TCGGCAC,0.212146487221469
TCGGCAG,0.237811228465862
TCGGCAT,0.206810554719444
TCGGCCA,0.217393251336825
TCGGCCC,0.210493553074322
TCGGCCG,0.272324500116271
TCGGCCT,0.220006346173548
TCGGCGA,0.213430216402589
TCGGCGC,0.279040714738339
TCGGCGG,0.22569502481258
TCGGCGT,0.218366363549442
TCGGCTA,0.207609689593682
TCGGCTC,0.245176828548715
TCGGCTG,0.292282860542079
TCGGCTT,0.235423608485292
TCGGGAA,0.216967216792028
TCGGGAC,0.207794014678078
TCGGGAG,0.2020022879042
TCGGGAT,0.209696720393196
TCGGGCA,0.230150691306637
TCGGGCC,0.255187456927212
TCGGGCG,0.251018727446914
TCGGGCT,0.226539512838882
TCGGGGA,0.261495486423643
TCGGGGC,0.317371854088272
TCGGGGG,0.314670281147514
TCGGGGT,0.238049677223014
TCGGGTA,0.216053673973678
TCGGGTC,0.227684464230826
TCGGGTG,0.271575461994094
TCGGGTT,0.235423608485292
TCGGTAA,0.209880661221958
TCGGTAC,0.210125863041116
TCGGTAG,0.213308027456558
TCGGTAT,0.211044834755913
TCGGTCA,0.243814720396081
TCGGTCC,0.23159151921715
TCGGTCG,0.218852564780701
TCGGTCT,0.247541302114645
TCGGTGA,0.263240678147662
TCGGTGC,0.218001557431104
TCGGTGG,0.2189740781613
TCGGTGT,0.208776508393406
TCGGTTA,0.217088959469774
TCGGTTC,0.232191252014946
TCGGTTG,0.229249118510902
TCGGTTT,0.234107983491863
TCGTAAA,0.208776508393406
TCGTAAC,0.217210687328045
TCGTAAG,0.211228527801234
TCGTAAT,0.211534607911915
TCGTACA,0.21135097108794
TCGTACC,0.216297367004969
TCGTACG,0.210248441407905
TCGTACT,0.217149825251119
TCGTAGA,0.209696720393196
TCGTAGC,0.210187154102692
TCGTAGG,0.222915246484231
TCGTAGT,0.228647618089352
TCGTATA,0.211901780423369
TCGTATC,0.212085316135598
TCGTATG,0.210371004751079
TCGTATT,0.215566109679822
TCGTCAA,0.211840594366228
TCGTCAC,0.210922353976834
TCGTCAG,0.217575782022072
TCGTCAT,0.207732576758284
TCGTCCA,0.216297367004969
TCGTCCC,0.221885978417194
TCGTCCG,0.23021076726878
TCGTCCT,0.234347316814385
TCGTCGA,0.209451413311989
TCGTCGC,0.213857760177153
TCGTCGG,0.230030528553904
TCGTCGT,0.218852564780701
TCGTCTA,0.216419191254372
TCGTCTC,0.223641151341429
TCGTCTG,0.276061297898509
TCGTCTT,0.211779404565124
TCGTGAA,0.213369123795841
TCGTGAC,0.207240937466355
TCGTGAG,0.203545918034915
TCGTGAT,0.204963956341979
TCGTGCA,0.207609689593682
TCGTGCC,0.235124754756085
TCGTGCG,0.22243101700413
TCGTGCT,0.217879925811551
TCGTGGA,0.212757992363668
TCGTGGC,0.227202539203535
TCGTGGG,0.247895491442228
TCGTGGT,0.239241068886565
TCGTGTA,0.220795009231756
TCGTGTC,0.219702848532532
TCGTGTG,0.2381688802833
TCGTGTT,0.22521213983856
TCGTTAA,0.207794014678078
TCGTTAC,0.210003269647028
TCGTTAG,0.208469582788309
TCGTTAT,0.214285121236154
TCGTTCA,0.213002489756158
TCGTTCC,0.237691982762218
TCGTTCG,0.215200280392963
TCGTTCT,0.204409311237759
TCGTTGA,0.215383211765276
TCGTTGC,0.206687554190946
TCGTTGG,0.227142282241644
TCGTTGT,0.218427151632589
TCGTTTA,0.215992741435616
TCGTTTC,0.21501731555064
TCGTTTG,0.212757992363668
TCGTTTT,0.223762084270749
TCTAAAA,0.196736050305328
TCTAAAC,0.211718211019599
TCTAAAG,0.211167300535288
TCTAAAT,0.213185823578564
TCTAACA,0.207179465556204
TCTAACC,0.217393251336825
TCTAACG,0.215870865220038
TCTAACT,0.232371101739224
TCTAAGA,0.201507822591264
TCTAAGC,0.207486787325968
TCTAAGG,0.226840942956632
TCTAAGT,0.20447095366541
TCTAATA,0.206933540120673
TCTAATC,0.215505147425081
TCTAATG,0.213857760177153
TCTAATT,0.219399258752734
TCTACAA,0.203607613705558
TCTACAC,0.202928751888456
TCTACAG,0.206195400729801
TCTACAT,0.201816892062537
TCTACCA,0.191192105762699
TCTACCC,0.199093796716349
TCTACCG,0.210187154102692
TCTACCT,0.191192105762699
TCTACGA,0.210003269647028
TCTACGC,0.217028089983561
TCTACGG,0.214590267355249
TCTACGT,0.210799858194377
TCTACTA,0.198659892494297
TCTACTC,0.213308027456558
TCTACTG,0.197977662386368
TCTACTT,0.207732576758284
TCTAGAA,0.205025564590492
TCTAGAC,0.223701619634185
TCTAGAG,0.219277797029421
TCTAGAT,0.207302405597942
TCTAGCA,0.206441507737252
TCTAGCC,0.204162703522239
TCTAGCG,0.224789424122838
TCTAGCT,0.212880248532285
TCTAGGA,0.210432280789962
TCTAGGC,0.206995027149725
TCTAGGG,0.212391134152802
TCTAGGT,0.225030997840187
TCTAGTA,0.217028089983561
TCTAGTC,0.222249370480603
TCTAGTG,0.219520705724887
TCTAGTT,0.202867014319465
TCTATAA,0.213246927384285
TCTATAC,0.198659892494297
TCTATAG,0.207978305792999
TCTATAT,0.204286014981919
TCTATCA,0.203545918034915
TCTATCC,0.213246927384285
TCTATCG,0.209390077138102
TCTATCT,0.207117989867025
TCTATGA,0.212513435177583
TCTATGC,0.210003269647028
TCTATGG,0.212085316135598
TCTATGT,0.213491305277259
TCTATTA,0.206010780717876
TCTATTC,0.209451413311989
TCTATTG,0.206010780717876
TCTATTT,0.210432280789962
TCTCAAA,0.209021981069124
TCTCAAC,0.200518157872528
TCTCAAG,0.213796693685383
TCTCAAT,0.201816892062537
TCTCACA,0.200518157872528
TCTCACC,0.222673161053954
TCTCACG,0.211595812693453
TCTCACT,0.189816941622733
TCTCAGA,0.22623799183362
TCTCAGC,0.200889396929202
TCTCAGG,0.211534607911915
TCTCAGT,0.21465128540696
TCTCATA,0.203977707817312
TCTCATC,0.216662795238773
TCTCATG,0.20255826928865
TCTCATT,0.197605340603312
TCTCCAA,0.20871513080819
TCTCCAC,0.226117357970732
TCTCCAG,0.205579868092788
TCTCCAT,0.229188984747259
TCTCCCA,0.236498742997767
TCTCCCC,0.201384168051091
TCTCCCG,0.218852564780701
TCTCCCT,0.218244776296453
TCTCCGA,0.214163036711778
TCTCCGC,0.23320997303229
TCTCCGG,0.235423608485292
TCTCCGT,0.199279698049581
TCTCCTA,0.211718211019599
TCTCCTC,0.216236449314385
TCTCCTG,0.188815633126665
TCTCCTT,0.22412479533482
TCTCGAA,0.206749056346336
TCTCGAC,0.209206046040452
TCTCGAG,0.223399241599624
TCTCGAT,0.227503769561498
TCTCGCA,0.208162562950963
TCTCGCC,0.27243968696865
TCTCGCG,0.210983596241566
TCTCGCT,0.215505147425081
TCTCGGA,0.210125863041116
TCTCGGC,0.225513970271757
TCTCGGG,0.245827616303382
TCTCGGT,0.236856864452103
TCTCGTA,0.210861107961258
TCTCGTC,0.225634676941205
TCTCGTG,0.226418915346348
TCTCGTT,0.224003906263909
TCTCTAA,0.220734364920217
TCTCTAC,0.192690131200322
TCTCTAG,0.203175664056206
TCTCTAT,0.202249428904901
TCTCTCA,0.19772946326758
TCTCTCC,0.223157273323336
TCTCTCG,0.213369123795841
TCTCTCT,0.199403613074897
TCTCTGA,0.222552096358259
TCTCTGC,0.226780664201453
TCTCTGG,0.22412479533482
TCTCTGT,0.196425406260354
TCTCTTA,0.210371004751079
TCTCTTC,0.209267393502795
TCTCTTG,0.200889396929202
TCTCTTT,0.221946552932238
TCTGAAA,0.197543273493287
TCTGAAC,0.192877226691567
TCTGAAG,0.20020868667924
TCTGAAT,0.201260498218582
TCTGACA,0.200889396929202
TCTGACC,0.231831455499525
TCTGACG,0.21830557177088
TCTGACT,0.254190891639012
TCTGAGA,0.218670267020001
TCTGAGC,0.218001557431104
TCTGAGG,0.205148769701957
TCTGAGT,0.205518293985532
TCTGATA,0.207978305792999
TCTGATC,0.221643643657629
TCTGATG,0.213979881974482
TCTGATT,0.201569644127906
TCTGCAA,0.198783884341877
TCTGCAC,0.213796693685383
TCTGCAG,0.246300650614643
TCTGCAT,0.201755085809725
TCTGCCA,0.212391134152802
TCTGCCC,0.18762527558948
TCTGCCG,0.228707784415243
TCTGCCT,0.233509399463618
TCTGCGA,0.237214857701374
TCTGCGC,0.246477980808778
TCTGCGG,0.235901588757527
TCTGCGT,0.21617552791261
TCTGCTA,0.207363869951431
TCTGCTC,0.234227657313179
TCTGCTG,0.265968702996343
TCTGCTT,0.19816377130698
TCTGGAA,0.209696720393196
TCTGGAC,0.212819122316297
TCTGGAG,0.216784574980998
TCTGGAT,0.220976920103102
TCTGGCA,0.212513435177583
TCTGGCC,0.201693275736664
TCTGGCG,0.237214857701374
TCTGGCT,0.381817138380212
TCTGGGA,0.246832546886928
TCTGGGC,0.267416753623464
TCTGGGG,0.349073935066675
TCTGGGT,0.258229623774603
TCTGGTA,0.207240937466355
TCTGGTC,0.231831455499525
TCTGGTG,0.215200280392963
TCTGGTT,0.214529245580107
TCTGTAA,0.211473399384123
TCTGTAC,0.208653749455535
TCTGTAG,0.22575536904231
TCTGTAT,0.211289751318632
TCTGTCA,0.277322903925319
TCTGTCC,0.278640156073977
TCTGTCG,0.206318461804609
TCTGTCT,0.200022957982071
TCTGTGA,0.207978305792999
TCTGTGC,0.275774347144244
TCTGTGG,0.220855649865787
TCTGTGT,0.237035877096634
TCTGTTA,0.211901780423369
TCTGTTC,0.200084871380667
TCTGTTG,0.216297367004969
TCTGTTT,0.209941967313597
TCTTAAA,0.201569644127906
TCTTAAC,0.205333548912269
TCTTAAG,0.207363869951431
TCTTAAT,0.22412479533482
TCTTACA,0.199155767667429
TCTTACC,0.215322238359306
TCTTACG,0.215139295831684
TCTTACT,0.207855448823486
TCTTAGA,0.205210366565845
TCTTAGC,0.22243101700413
TCTTAGG,0.210738604675732
TCTTAGT,0.207179465556204
TCTTATA,0.207548240347946
TCTTATC,0.205087169043662
TCTTATG,0.22521213983856
TCTTATT,0.219156320551366
TCTTCAA,0.196425406260354
TCTTCAC,0.194870736888799
TCTTCAG,0.207240937466355
TCTTCAT,0.206995027149725
TCTTCCA,0.188189305791653
TCTTCCC,0.186998202023144
TCTTCCG,0.218670267020001
TCTTCCT,0.2432219202712
TCTTCGA,0.208469582788309
TCTTCGC,0.222491558513721
TCTTCGG,0.222007123778233
TCTTCGT,0.21135097108794
TCTTCTA,0.196984496080206
TCTTCTC,0.206749056346336
TCTTCTG,0.181652140413611
TCTTCTT,0.222854730620692
TCTTGAA,0.199403613074897
TCTTGAC,0.210983596241566
TCTTGAG,0.212941371012086
TCTTGAT,0.201136813089954
TCTTGCA,0.216358280984814
TCTTGCC,0.207732576758284
TCTTGCG,0.242450754373921
TCTTGCT,0.199465564829931
TCTTGGA,0.217758279395948
TCTTGGC,0.212513435177583
TCTTGGG,0.225936379886019
TCTTGGT,0.206072324509101
TCTTGTA,0.207117989867025
TCTTGTC,0.212880248532285
TCTTGTG,0.201755085809725
TCTTGTT,0.207732576758284
TCTTTAA,0.209267393502795
TCTTTAC,0.227383288306862
TCTTTAG,0.20447095366541
TCTTTAT,0.195181864182983
TCTTTCA,0.214224080837045
TCTTTCC,0.271805995025862
TCTTTCG,0.231711494554515
TCTTTCT,0.224547792033528
TCTTTGA,0.220006346173548
TCTTTGC,0.254014924035671
TCTTTGG,0.213918822940034
TCTTTGT,0.214529245580107
TCTTTTA,0.216662795238773
TCTTTTC,0.204594227122515
TCTTTTG,0.22382254525156
TCTTTTT,0.203484218557681
TGAAAAA,0.193500625637978
TGAAAAC,0.214285121236154
TGAAAAG,0.19530628800166
TGAAAAT,0.19717078991252
TGAAACA,0.211106069520334
TGAAACC,0.208776508393406
TGAAACG,0.20822397445979
TGAAACT,0.199527512747182
TGAAAGA,0.207855448823486
TGAAAGC,0.19605250598189
TGAAAGG,0.207855448823486
TGAAAGT,0.196363265869714
TGAAATA,0.197977662386368
TGAAATC,0.203422515273386
TGAAATG,0.213918822940034
TGAAATT,0.20095125670851
TGAACAA,0.210248441407905
TGAACAC,0.211840594366228
TGAACAG,0.206072324509101
TGAACAT,0.223520203785567
TGAACCA,0.204532592293506
TGAACCC,0.194870736888799
TGAACCG,0.210187154102692
TGAACCT,0.192690131200322
TGAACGA,0.222733687905997
TGAACGC,0.232191252014946
TGAACGG,0.204655858152907
TGAACGT,0.211167300535288
TGAACTA,0.206441507737252
TGAACTC,0.202064078880736
TGAACTG,0.194497256314452
TGAACTT,0.189316412702032
TGAAGAA,0.203175664056206
TGAAGAC,0.197232880145113
TGAAGAG,0.224668615376441
TGAAGAT,0.204779108819709
TGAAGCA,0.210371004751079
TGAAGCC,0.200580040620155
TGAAGCG,0.21501731555064
TGAAGCT,0.208101147670531
TGAAGGA,0.2388838004023
TGAAGGC,0.204655858152907
TGAAGGG,0.212880248532285
TGAAGGT,0.226599806131679
TGAAGTA,0.21135097108794
TGAAGTC,0.199527512747182
TGAAGTG,0.205703004934356
TGAAGTT,0.215931805184553
TGAATAA,0.200394380887666
TGAATAC,0.207916879194972
TGAATAG,0.209206046040452
TGAATAT,0.199899119683884
TGAATCA,0.208039728618031
TGAATCC,0.205703004934356
TGAATCG,0.214773310341911
TGAATCT,0.216480097814095
TGAATGA,0.239002904079926
TGAATGC,0.248013526679112
TGAATGG,0.225393249030452
TGAATGT,0.233689012296892
TGAATTA,0.217028089983561
TGAATTC,0.207363869951431
TGAATTG,0.208653749455535
TGAATTT,0.199341657481606
TGACAAA,0.215078307551061
TGACAAC,0.210064568222715
TGACAAG,0.209635399264123
TGACAAT,0.211779404565124
TGACACA,0.208285382197475
TGACACC,0.192565381422926
TGACACG,0.205641438408907
TGACACT,0.220127719443621
TGACAGA,0.209021981069124
TGACAGC,0.206010780717876
TGACAGG,0.214834317226058
TGACAGT,0.218852564780701
TGACATA,0.212024141307596
TGACATC,0.230871364760005
TGACATG,0.226599806131679
TGACATT,0.215078307551061
TGACCAA,0.201940493109302
TGACCAC,0.227021757424064
TGACCAG,0.218244776296453
TGACCAT,0.207978305792999
TGACCCA,0.205395134395739
TGACCCC,0.210983596241566
TGACCCG,0.217940743470609
TGACCCT,0.193687569564971
TGACCGA,0.205518293985532
TGACCGC,0.223580679392037
TGACCGG,0.210187154102692
TGACCGT,0.220067034650018
TGACCTA,0.209451413311989
TGACCTC,0.194061352607517
TGACCTG,0.224306101544039
TGACCTT,0.21465128540696
TGACGAA,0.227142282241644
TGACGAC,0.219217060634961
TGACGAG,0.207978305792999
TGACGAT,0.209267393502795
TGACGCA,0.22442695409057
TGACGCC,0.22623799183362
TGACGCG,0.226720381812526
TGACGCT,0.216662795238773
TGACGGA,0.203977707817312
TGACGGC,0.211840594366228
TGACGGG,0.221643643657629
TGACGGT,0.20311394172956
TGACGTA,0.211044834755913
TGACGTC,0.207363869951431
TGACGTG,0.22912884736733
TGACGTT,0.226418915346348
TGACTAA,0.207363869951431
TGACTAC,0.232670779418524
TGACTAG,0.203607613705558
TGACTAT,0.203854358331618
TGACTCA,0.218123174258205
TGACTCC,0.213185823578564
TGACTCG,0.204162703522239
TGACTCT,0.233090177351516
TGACTGA,0.186684517720333
TGACTGC,0.229249118510902
TGACTGG,0.218731036632806
TGACTGT,0.211718211019599
TGACTTA,0.205456716086671
TGACTTC,0.216541000664435
TGACTTG,0.206379986663468
TGACTTT,0.214956319829969
TGAGAAA,0.199837194783344
TGAGAAC,0.203916034976352
TGAGAAG,0.198907860817386
TGAGAAT,0.200022957982071
TGAGACA,0.198101738848533
TGAGACC,0.197357049045906
TGAGACG,0.213002489756158
TGAGACT,0.221885978417194
TGAGAGA,0.211289751318632
TGAGAGC,0.210187154102692
TGAGAGG,0.248072539073346
TGAGAGT,0.245058457986295
TGAGATA,0.197294966522749
TGAGATC,0.239479176984235
TGAGATG,0.192253438876477
TGAGATT,0.223943456247699
TGAGCAA,0.194559512764296
TGAGCAC,0.205148769701957
TGAGCAG,0.21135097108794
TGAGCAT,0.249310995583172
TGAGCCA,0.190504760077249
TGAGCCC,0.214529245580107
TGAGCCG,0.255246047497924
TGAGCCT,0.235064973291122
TGAGCGA,0.221401250157692
TGAGCGC,0.230270839622018
TGAGCGG,0.215748974148838
TGAGCGT,0.24848552835279
TGAGCTA,0.202681778740031
TGAGCTC,0.213063604764957
TGAGCTG,0.184108588104145
TGAGCTT,0.212941371012086
TGAGGAA,0.194808499812253
TGAGGAC,0.236737504883532
TGAGGAG,0.252371064831408
TGAGGAT,0.210616086381313
TGAGGCA,0.204655858152907
TGAGGCC,0.199093796716349
TGAGGCG,0.222673161053954
TGAGGCT,0.214163036711778
TGAGGGA,0.275372477705539
TGAGGGC,0.308523263047493
TGAGGGG,0.279727013669545
TGAGGGT,0.306911040296307
TGAGGTA,0.210799858194377
TGAGGTC,0.192939584077297
TGAGGTG,0.231051452000981
TGAGGTT,0.226840942956632
TGAGTAA,0.199093796716349
TGAGTAC,0.210861107961258
TGAGTAG,0.204039376854967
TGAGTAT,0.209758037762219
TGAGTCA,0.214956319829969
TGAGTCC,0.221461854041144
TGAGTCG,0.235244306965607
TGAGTCT,0.204409311237759
TGAGTGA,0.234706209431604
TGAGTGC,0.246891629012716
TGAGTGG,0.280812691288031
TGAGTGT,0.33391731931955
TGAGTTA,0.214773310341911
TGAGTTC,0.219642137949465
TGAGTTG,0.234466961998908
TGAGTTT,0.224910218276245
TGATAAA,0.215078307551061
TGATAAC,0.203360808181561
TGATAAG,0.216906339894724
TGATAAT,0.202125866039385
TGATACA,0.206687554190946
TGATACC,0.214468220081082
TGATACG,0.208039728618031
TGATACT,0.21879180255289
TGATAGA,0.220249077984011
TGATAGC,0.210677347404864
TGATAGG,0.202681778740031
TGATAGT,0.207363869951431
TGATATA,0.214956319829969
TGATATC,0.22605703558165
TGATATG,0.215627068218393
TGATATT,0.204224361152794
TGATCAA,0.206564538531456
TGATCAC,0.208285382197475
TGATCAG,0.21434615790956
TGATCAT,0.204347665010085
TGATCCA,0.204532592293506
TGATCCC,0.210309724957214
TGATCCG,0.207179465556204
TGATCCT,0.207056510398354
TGATCGA,0.209880661221958
TGATCGC,0.292734427388436
TGATCGG,0.22043108818426
TGATCGT,0.233030274129072
TGATCTA,0.215444181453716
TGATCTC,0.217028089983561
TGATCTG,0.289682386535002
TGATCTT,0.205641438408907
TGATGAA,0.205887681771347
TGATGAC,0.229068706370679
TGATGAG,0.231651508685093
TGATGAT,0.196363265869714
TGATGCA,0.274165899485573
TGATGCC,0.253545525654693
TGATGCG,0.235602877861705
TGATGCT,0.213369123795841
TGATGGA,0.224849823023445
TGATGGC,0.214040937280952
TGATGGG,0.231711494554515
TGATGGT,0.214956319829969
TGATGTA,0.212574580081353
TGATGTC,0.209144694814367
TGATGTG,0.251077562768475
TGATGTT,0.205025564590492
TGATTAA,0.220734364920217
TGATTAC,0.205579868092788
TGATTAG,0.206133864512921
TGATTAT,0.221885978417194
TGATTCA,0.222552096358259
TGATTCC,0.233868592875189
TGATTCG,0.265272893188673
TGATTCT,0.195803828521268
TGATTGA,0.212635721246653
TGATTGC,0.233389639649615
TGATTGG,0.213857760177153
TGATTGT,0.225815709630833
TGATTTA,0.201507822591264
TGATTTC,0.203052215593033
TGATTTG,0.216358280984814
TGATTTT,0.209206046040452
TGCAAAA,0.205148769701957
TGCAAAC,0.208285382197475
TGCAAAG,0.201816892062537
TGCAAAT,0.214956319829969
TGCAACA,0.212941371012086
TGCAACC,0.206995027149725
TGCAACG,0.208469582788309
TGCAACT,0.203299097281736
TGCAAGA,0.212941371012086
TGCAAGC,0.207609689593682
TGCAAGG,0.239895729780398
TGCAAGT,0.20119865756652
TGCAATA,0.204286014981919
TGCAATC,0.208592364334978
TGCAATG,0.206933540120673
TGCAATT,0.214101988859899
TGCACAA,0.209880661221958
TGCACAC,0.233868592875189
TGCACAG,0.229369375191064
TGCACAT,0.209451413311989
TGCACCA,0.215931805184553
TGCACCC,0.220795009231756
TGCACCG,0.212024141307596
TGCACCT,0.235662627179552
TGCACGA,0.210432280789962
TGCACGC,0.241322594924303
TGCACGG,0.211106069520334
TGCACGT,0.233808736265595
TGCACTA,0.222370471829042
TGCACTC,0.203669305570081
TGCACTG,0.213918822940034
TGCACTT,0.203484218557681
TGCAGAA,0.198039702541821
TGCAGAC,0.181021308858115
TGCAGAG,0.209512745723981
TGCAGAT,0.219581423680399
TGCAGCA,0.19816377130698
TGCAGCC,0.20255826928865
TGCAGCG,0.259222174312034
TGCAGCT,0.250135781979374
TGCAGGA,0.202125866039385
TGCAGGC,0.277609410727528
TGCAGGG,0.340986739456184
TGCAGGT,0.349820438820907
TGCAGTA,0.216967216792028
TGCAGTC,0.207916879194972
TGCAGTG,0.197419127715062
TGCAGTT,0.219520705724887
TGCATAA,0.214163036711778
TGCATAC,0.207056510398354
TGCATAG,0.209635399264123
TGCATAT,0.213063604764957
TGCATCA,0.19772946326758
TGCATCC,0.221401250157692
TGCATCG,0.217028089983561
TGCATCT,0.220249077984011
TGCATGA,0.24156020796806
TGCATGC,0.29222640034598
TGCATGG,0.232371101739224
TGCATGT,0.431071576562337
TGCATTA,0.207363869951431
TGCATTC,0.200394380887666
TGCATTG,0.203669305570081
TGCATTT,0.211718211019599
TGCCAAA,0.199961040749968
TGCCAAC,0.202311204612713
TGCCAAG,0.21465128540696
TGCCAAT,0.208776508393406
TGCCACA,0.214834317226058
TGCCACC,0.241025499200774
TGCCACG,0.206010780717876
TGCCACT,0.222975758685822
TGCCAGA,0.214956319829969
TGCCAGC,0.269267203949567
TGCCAGG,0.234107983491863
TGCCAGT,0.194248191749181
TGCCATA,0.225996709553559
TGCCATC,0.23828806913591
TGCCATG,0.23207133422629
TGCCATT,0.191317026962906
TGCCCAA,0.191317026962906
TGCCCAC,0.212574580081353
TGCCCAG,0.16087924657762
TGCCCAT,0.239360130022334
TGCCCCA,0.196425406260354
TGCCCCC,0.205641438408907
TGCCCCG,0.213308027456558
TGCCCCT,0.251548120765074
TGCCCGA,0.216114602799192
TGCCCGC,0.275142765495683
TGCCCGG,0.271171901262952
TGCCCGT,0.242866071445157
TGCCCTA,0.206256933160208
TGCCCTC,0.197046597880545
TGCCCTG,0.238049677223014
TGCCCTT,0.205271959635793
TGCCGAA,0.214468220081082
TGCCGAC,0.236916538894298
TGCCGAG,0.252136007052997
TGCCGAT,0.21465128540696
TGCCGCA,0.2381688802833
TGCCGCC,0.316655821253124
TGCCGCG,0.25910545478033
TGCCGCT,0.213613471832186
TGCCGGA,0.226177676721242
TGCCGGC,0.248013526679112
TGCCGGG,0.266200532051298
TGCCGGT,0.215566109679822
TGCCGTA,0.218366363549442
TGCCGTC,0.231531526150256
TGCCGTG,0.283834945444069
TGCCGTT,0.217332400370448
TGCCTAA,0.203422515273386
TGCCTAC,0.220006346173548
TGCCTAG,0.207240937466355
TGCCTAT,0.211044834755913
TGCCTCA,0.191129639310119
TGCCTCC,0.275085329197318
TGCCTCG,0.235782115106369
TGCCTCT,0.262193928639031
TGCCTGA,0.222007123778233
TGCCTGC,0.293185790414211
TGCCTGG,0.291153050501975
TGCCTGT,0.272670020877014
TGCCTTA,0.198659892494297
TGCCTTC,0.231831455499525
TGCCTTG,0.218366363549442
TGCCTTT,0.23320997303229
TGCGAAA,0.218427151632589
TGCGAAC,0.20822397445979
TGCGAAG,0.224306101544039
TGCGAAT,0.208960618549041
TGCGACA,0.263240678147662
TGCGACC,0.218244776296453
TGCGACG,0.208776508393406
TGCGACT,0.23207133422629
TGCGAGA,0.217088959469774
TGCGAGC,0.216297367004969
TGCGAGG,0.2432219202712
TGCGAGT,0.209574074374538
TGCGATA,0.21135097108794
TGCGATC,0.213979881974482
TGCGATG,0.236140493246509
TGCGATT,0.216358280984814
TGCGCAA,0.211044834755913
TGCGCAC,0.22043108818426
TGCGCAG,0.220855649865787
TGCGCAT,0.21501731555064
TGCGCCA,0.254014924035671
TGCGCCC,0.283607169184772
TGCGCCG,0.296789379096676
TGCGCCT,0.267358871840038
TGCGCGA,0.235841853716193
TGCGCGC,0.380267238491715
TGCGCGG,0.277895835467101
TGCGCGT,0.326088253406888
TGCGCTA,0.217697450638502
TGCGCTC,0.324011987366926
TGCGCTG,0.243518364260139
TGCGCTT,0.217819104453481
TGCGGAA,0.216662795238773
TGCGGAC,0.23398829534701
TGCGGAG,0.245354358124761
TGCGGAT,0.217028089983561
TGCGGCA,0.210371004751079
TGCGGCC,0.245886757830692
TGCGGCG,0.254542733979136
TGCGGCT,0.282752545839709
TGCGGGA,0.221764818378178
TGCGGGC,0.274625720010316
TGCGGGG,0.285598454529409
TGCGGGT,0.240609416845346
TGCGGTA,0.223157273323336
TGCGGTC,0.253838925462283
TGCGGTG,0.226418915346348
TGCGGTT,0.224789424122838
TGCGTAA,0.216601899805843
TGCGTAC,0.222067690955622
TGCGTAG,0.225332882944252
TGCGTAT,0.221583050790667
TGCGTCA,0.219884958170216
TGCGTCC,0.23261085106677
TGCGTCG,0.225815709630833
TGCGTCT,0.236677819756307
TGCGTGA,0.248072539073346
TGCGTGC,0.253486835361747
TGCGTGG,0.249016264073381
TGCGTGT,0.33267094939687
TGCGTTA,0.208162562950963
TGCGTTC,0.245709322754568
TGCGTTG,0.215261261235352
TGCGTTT,0.222128254464851
TGCTAAA,0.210677347404864
TGCTAAC,0.205025564590492
TGCTAAG,0.197915618381695
TGCTAAT,0.220188400554803
TGCTACA,0.205826126615109
TGCTACC,0.214834317226058
TGCTACG,0.207609689593682
TGCTACT,0.227564004745854
TGCTAGA,0.208346786164481
TGCTAGC,0.226840942956632
TGCTAGG,0.204409311237759
TGCTAGT,0.212452286534885
TGCTATA,0.234586592870173
TGCTATC,0.218731036632806
TGCTATG,0.216053673973678
TGCTATT,0.208530975446057
TGCTCAA,0.19710869582449
TGCTCAC,0.220006346173548
TGCTCAG,0.188314602645461
TGCTCAT,0.217758279395948
TGCTCCA,0.258404851352894
TGCTCCC,0.223096772104931
TGCTCCG,0.267995387265798
TGCTCCT,0.347792916413947
TGCTCGA,0.218609493714026
TGCTCGC,0.215809921541617
TGCTCGG,0.256300091176369
TGCTCGT,0.228166157118254
TGCTCTA,0.211044834755913
TGCTCTC,0.226298303308304
TGCTCTG,0.208530975446057
TGCTCTT,0.207916879194972
TGCTGAA,0.212696858673938
TGCTGAC,0.183731065606599
TGCTGAG,0.184360190612842
TGCTGAT,0.225815709630833
TGCTGCA,0.205641438408907
TGCTGCC,0.24795451080221
TGCTGCG,0.273475772014773
TGCTGCT,0.264402449538156
TGCTGGA,0.238526404231646
TGCTGGC,0.220309751731692
TGCTGGG,0.256065955242128
TGCTGGT,0.239181533002426
TGCTGTA,0.221825400232655
TGCTGTC,0.234945399638658
TGCTGTG,0.288719627819967
TGCTGTT,0.224064352626135
TGCTTAA,0.202620025921164
TGCTTAC,0.201322335046615
TGCTTAG,0.222309922988015
TGCTTAT,0.205826126615109
TGCTTCA,0.222188814306363
TGCTTCC,0.213491305277259
TGCTTCG,0.225634676941205
TGCTTCT,0.232790625348885
TGCTTGA,0.200580040620155
TGCTTGC,0.223157273323336
TGCTTGG,0.237393806277789
TGCTTGT,0.266895696922228
TGCTTTA,0.201136813089954
TGCTTTC,0.212452286534885
TGCTTTG,0.194746258862012
TGCTTTT,0.212941371012086
TGGAAAA,0.202990485646156
TGGAAAC,0.195928174981639
TGGAAAG,0.19847387589195
TGGAAAT,0.194310463706349
TGGAACA,0.208837882211645
TGGAACC,0.213613471832186
TGGAACG,0.214834317226058
TGGAACT,0.196922390422994
TGGAAGA,0.203175664056206
TGGAAGC,0.21830557177088
TGGAAGG,0.212757992363668
TGGAAGT,0.219217060634961
TGGAATA,0.203237382573441
TGGAATC,0.220795009231756
TGGAATG,0.230511092954598
TGGAATT,0.205826126615109
TGGACAA,0.206010780717876
TGGACAC,0.193874478550464
TGGACAG,0.199775266047874
TGGACAT,0.209941967313597
TGGACCA,0.206133864512921
TGGACCC,0.197853570527324
TGGACCG,0.211534607911915
TGGACCT,0.249134167101502
TGGACGA,0.214834317226058
TGGACGC,0.224003906263909
TGGACGG,0.246773461270236
TGGACGT,0.217879925811551
TGGACTA,0.211718211019599
TGGACTC,0.229369375191064
TGGACTG,0.230871364760005
TGGACTT,0.226479215910584
TGGAGAA,0.212391134152802
TGGAGAC,0.226539512838882
TGGAGAG,0.209941967313597
TGGAGAT,0.206564538531456
TGGAGCA,0.211289751318632
TGGAGCC,0.254718608737697
TGGAGCG,0.246477980808778
TGGAGCT,0.257879076476998
TGGAGGA,0.243696188480731
TGGAGGC,0.246537083886179
TGGAGGG,0.314118041859343
TGGAGGT,0.250724498903979
TGGAGTA,0.197915618381695
TGGAGTC,0.201260498218582
TGGAGTG,0.187060927077694
TGGAGTT,0.239895729780398
TGGATAA,0.251077562768475
TGGATAC,0.212941371012086
TGGATAG,0.21830557177088
TGGATAT,0.205949233138781
TGGATCA,0.208653749455535
TGGATCC,0.207732576758284
TGGATCG,0.208469582788309
TGGATCT,0.208408186361271
TGGATGA,0.212268818168651
TGGATGC,0.264634641938489
TGGATGG,0.201445997232483
TGGATGT,0.280412841917538
TGGATTA,0.201631461842882
TGGATTC,0.217210687328045
TGGATTG,0.216480097814095
TGGATTT,0.216906339894724
TGGCAAA,0.190379737360121
TGGCAAC,0.231951402055633
TGGCAAG,0.220370421798293
TGGCAAT,0.223580679392037
TGGCACA,0.196611804267065
TGGCACC,0.222915246484231
TGGCACG,0.219520705724887
TGGCACT,0.195928174981639
TGGCAGA,0.211473399384123
TGGCAGC,0.215627068218393
TGGCAGG,0.214407190857718
TGGCAGT,0.259922205554444
TGGCATA,0.211044834755913
TGGCATC,0.191067168955237
TGGCATG,0.25577320821315
TGGCATT,0.196673929215831
TGGCCAA,0.196922390422994
TGGCCAC,0.237990070363934
TGGCCAG,0.237990070363934
TGGCCAT,0.228045755647279
TGGCCCA,0.218427151632589
TGGCCCC,0.308689896454918
TGGCCCG,0.254366828283203
TGGCCCT,0.238645550481541
TGGCCGA,0.216480097814095
TGGCCGC,0.291322603404454
TGGCCGG,0.246005030393184
TGGCCGT,0.247482258361592
TGGCCTA,0.245117645018954
TGGCCTC,0.248072539073346
TGGCCTG,0.280755579736999
TGGCCTT,0.193500625637978
TGGCGAA,0.206256933160208
TGGCGAC,0.206564538531456
TGGCGAG,0.226117357970732
TGGCGAT,0.235483368515002
TGGCGCA,0.226298303308304
TGGCGCC,0.274165899485573
TGGCGCG,0.237990070363934
TGGCGCT,0.253017188973103
TGGCGGA,0.230571147269816
TGGCGGC,0.318307431780622
TGGCGGG,0.315498068685034
TGGCGGT,0.236080772474865
TGGCGTA,0.210738604675732
TGGCGTC,0.245827616303382
TGGCGTG,0.232311155425051
TGGCGTT,0.232131294918153
TGGCTAA,0.209328737201858
TGGCTAC,0.20871513080819
TGGCTAG,0.294820275681036
TGGCTAT,0.201322335046615
TGGCTCA,0.198969843291804
TGGCTCC,0.36326826709694
TGGCTCG,0.247127922615077
TGGCTCT,0.231531526150256
TGGCTGA,0.206872049310735
TGGCTGC,0.293918821093877
TGGCTGG,0.305797646164412
TGGCTGT,0.215992741435616
TGGCTTA,0.195866003684209
TGGCTTC,0.213063604764957
TGGCTTG,0.205887681771347
TGGCTTT,0.218609493714026
TGGGAAA,0.255011664615133
TGGGAAC,0.222552096358259
TGGGAAG,0.251842107110321
TGGGAAT,0.258112788328581
TGGGACA,0.236916538894298
TGGGACC,0.245058457986295
TGGGACG,0.250959888663554
TGGGACT,0.231411529217882
TGGGAGA,0.248367548818876
TGGGAGC,0.266548174893537
TGGGAGG,0.286507437416998
TGGGAGT,0.247659379163286
TGGGATA,0.209083339824078
TGGGATC,0.219642137949465
TGGGATG,0.25289974290414
TGGGATT,0.214040937280952
TGGGCAA,0.189253828967936
TGGGCAC,0.256241562331949
TGGGCAG,0.318142393425601
TGGGCAT,0.195990342414039
TGGGCCA,0.207855448823486
TGGGCCC,0.3022823299907
TGGGCCG,0.301499467601882
TGGGCCT,0.273993412263605
TGGGCGA,0.242035264742746
TGGGCGC,0.350353314809864
TGGGCGG,0.336567460364993
TGGGCGT,0.263647451681992
TGGGCTA,0.227925339678044
TGGGCTC,0.259980519377302
TGGGCTG,0.266316426427624
TGGGCTT,0.215748974148838
TGGGGAA,0.23625992409115
TGGGGAC,0.260446907582534
TGGGGAG,0.328595873964335
TGGGGAT,0.242094630974672
TGGGGCA,0.262542966898789
TGGGGCC,0.266200532051298
TGGGGCG,0.315387736596549
TGGGGCT,0.301723205115223
TGGGGGA,0.366208968015182
TGGGGGC,0.375239391505912
TGGGGGG,0.465842416003345
TGGGGGT,0.381300771948026
TGGGGTA,0.233329754363779
TGGGGTC,0.219338529735196
TGGGGTG,0.474772906128083
TGGGGTT,0.275946527477502
TGGGTAA,0.219581423680399
TGGGTAC,0.218366363549442
TGGGTAG,0.208162562950963
TGGGTAT,0.195741649492337
TGGGTCA,0.185680066205766
TGGGTCC,0.252547321913087
TGGGTCG,0.227865126255488
TGGGTCT,0.250312433451311
TGGGTGA,0.250430183765128
TGGGTGC,0.279498299689176
TGGGTGG,0.35741369424419
TGGGTGT,0.264866780438028
TGGGTTA,0.210187154102692
TGGGTTC,0.26155370857728
TGGGTTG,0.239895729780398
TGGGTTT,0.238705118283476
TGGTAAA,0.214895320388593
TGGTAAC,0.205579868092788
TGGTAAG,0.215383211765276
TGGTAAT,0.217879925811551
TGGTACA,0.20119865756652
TGGTACC,0.209083339824078
TGGTACG,0.214956319829969
TGGTACT,0.199899119683884
TGGTAGA,0.21501731555064
TGGTAGC,0.201445997232483
TGGTAGG,0.246596183470612
TGGTAGT,0.201384168051091
TGGTATA,0.200765665889505
TGGTATC,0.202125866039385
TGGTATG,0.202743527745723
TGGTATT,0.215931805184553
TGGTCAA,0.211718211019599
TGGTCAC,0.257995939230443
TGGTCAG,0.279784183992121
TGGTCAT,0.215748974148838
TGGTCCA,0.230090611735156
TGGTCCC,0.254542733979136
TGGTCCG,0.224729021573984
TGGTCCT,0.21501731555064
TGGTCGA,0.219338529735196
TGGTCGC,0.237035877096634
TGGTCGG,0.218609493714026
TGGTCGT,0.231771476825849
TGGTCTA,0.205703004934356
TGGTCTC,0.207486787325968
TGGTCTG,0.260563470654585
TGGTCTT,0.205579868092788
TGGTGAA,0.251783316755103
TGGTGAC,0.213491305277259
TGGTGAG,0.314338974172146
TGGTGAT,0.229850257347177
TGGTGCA,0.206133864512921
TGGTGCC,0.231651508685093
TGGTGCG,0.243873981085492
TGGTGCT,0.25054792021544
TGGTGGA,0.241263182840447
TGGTGGC,0.24618241301281
TGGTGGG,0.331477314114232
TGGTGGT,0.297070363331676
TGGTGTA,0.209390077138102
TGGTGTC,0.233449521349418
TGGTGTG,0.335432545511964
TGGTGTT,0.213735623464269
TGGTTAA,0.216541000664435
TGGTTAC,0.202867014319465
TGGTTAG,0.223036267225907
TGGTTAT,0.216541000664435
TGGTTCA,0.230811328471977
TGGTTCC,0.220976920103102
TGGTTCG,0.22442695409057
TGGTTCT,0.199775266047874
TGGTTGA,0.216358280984814
TGGTTGC,0.247127922615077
TGGTTGG,0.236140493246509
TGGTTGT,0.211840594366228
TGGTTTA,0.207425330527285
TGGTTTC,0.206256933160208
TGGTTTG,0.202620025921164
TGGTTTT,0.206318461804609
TGTAAAA,0.199279698049581
TGTAAAC,0.215078307551061
TGTAAAG,0.200084871380667
TGTAAAT,0.233689012296892
TGTAACA,0.204224361152794
TGTAACC,0.207486787325968
TGTAACG,0.211167300535288
TGTAACT,0.209635399264123
TGTAAGA,0.199527512747182
TGTAAGC,0.216967216792028
TGTAAGG,0.213796693685383
TGTAAGT,0.227503769561498
TGTAATA,0.225332882944252
TGTAATC,0.184171494666301
TGTAATG,0.208899252263369
TGTAATT,0.196301121617406
TGTACAA,0.210616086381313
TGTACAC,0.225393249030452
TGTACAG,0.239776732400465
TGTACAT,0.259455572513043
TGTACCA,0.205826126615109
TGTACCC,0.202311204612713
TGTACCG,0.22605703558165
TGTACCT,0.210125863041116
TGTACGA,0.209819351371653
TGTACGC,0.238764682537299
TGTACGG,0.215809921541617
TGTACGT,0.213002489756158
TGTACTA,0.208899252263369
TGTACTC,0.19847387589195
TGTACTG,0.204347665010085
TGTACTT,0.200889396929202
TGTAGAA,0.218548716714431
TGTAGAC,0.197791518822779
TGTAGAG,0.228045755647279
TGTAGAT,0.209144694814367
TGTAGCA,0.23261085106677
TGTAGCC,0.204717485385149
TGTAGCG,0.212880248532285
TGTAGCT,0.230751288579378
TGTAGGA,0.199589456827127
TGTAGGC,0.211962962737006
TGTAGGG,0.229188984747259
TGTAGGT,0.209390077138102
TGTAGTA,0.214712299735696
TGTAGTC,0.192378227572278
TGTAGTG,0.264170203211989
TGTAGTT,0.231231506816382
TGTATAA,0.22243101700413
TGTATAC,0.211167300535288
TGTATAG,0.207117989867025
TGTATAT,0.221280031371185
TGTATCA,0.211901780423369
TGTATCC,0.221280031371185
TGTATCG,0.221583050790667
TGTATCT,0.203916034976352
TGTATGA,0.218062367693486
TGTATGC,0.230330908366786
TGTATGG,0.209451413311989
TGTATGT,0.279841351046438
TGTATTA,0.203237382573441
TGTATTC,0.203977707817312
TGTATTG,0.209267393502795
TGTATTT,0.171000989694741
TGTCAAA,0.210922353976834
TGTCAAC,0.210432280789962
TGTCAAG,0.201755085809725
TGTCAAT,0.211289751318632
TGTCACA,0.19000457539729
TGTCACC,0.282638540856102
TGTCACG,0.235782115106369
TGTCACT,0.205764567669601
TGTCAGA,0.188753018043083
TGTCAGC,0.203854358331618
TGTCAGG,0.225393249030452
TGTCAGT,0.208530975446057
TGTCATA,0.207732576758284
TGTCATC,0.222854730620692
TGTCATG,0.200332486649483
TGTCATT,0.199837194783344
TGTCCAA,0.204224361152794
TGTCCAC,0.216236449314385
TGTCCAG,0.221158797888902
TGTCCAT,0.226660095789415
TGTCCCA,0.205641438408907
TGTCCCC,0.323683761458355
TGTCCCG,0.25207723397423
TGTCCCT,0.271402527336845
TGTCCGA,0.212329978030876
TGTCCGC,0.268342406807255
TGTCCGG,0.221764818378178
TGTCCGT,0.239419655274807
TGTCCTA,0.214468220081082
TGTCCTC,0.241144348082299
TGTCCTG,0.258346445571697
TGTCCTT,0.226720381812526
TGTCGAA,0.214590267355249
TGTCGAC,0.210248441407905
TGTCGAG,0.209574074374538
TGTCGAT,0.216297367004969
TGTCGCA,0.223580679392037
TGTCGCC,0.241500810000032
TGTCGCG,0.23840724378423
TGTCGCT,0.225815709630833
TGTCGGA,0.220734364920217
TGTCGGC,0.222067690955622
TGTCGGG,0.277265592713222
TGTCGGT,0.231651508685093
TGTCGTA,0.211779404565124
TGTCGTC,0.225936379886019
TGTCGTG,0.229309248658692
TGTCGTT,0.211901780423369
TGTCTAA,0.20767113506364
TGTCTAC,0.210432280789962
TGTCTAG,0.228888261676043
TGTCTAT,0.207486787325968
TGTCTCA,0.225393249030452
TGTCTCC,0.244466394909074
TGTCTCG,0.222612630538189
TGTCTCT,0.188627776112744
TGTCTGA,0.229910351360348
TGTCTGC,0.225574325427743
TGTCTGG,0.264402449538156
TGTCTGT,0.239776732400465
TGTCTTA,0.214285121236154
TGTCTTC,0.202434744580801
TGTCTTG,0.215748974148838
TGTCTTT,0.234945399638658
TGTGAAA,0.183038570645726
TGTGAAC,0.243162620926469
TGTGAAG,0.191254568313466
TGTGAAT,0.284233429099354
TGTGACA,0.253310743812775
TGTGACC,0.192440616081082
TGTGACG,0.20311394172956
TGTGACT,0.231711494554515
TGTGAGA,0.233868592875189
TGTGAGC,0.240193161293326
TGTGAGG,0.379025586677768
TGTGAGT,0.279669840078336
TGTGATA,0.232730704179085
TGTGATC,0.210064568222715
TGTGATG,0.290757315228537
TGTGATT,0.237632354577645
TGTGCAA,0.224185234390405
TGTGCAC,0.303902026497282
TGTGCAG,0.298922881792611
TGTGCAT,0.366628363098565
TGTGCCA,0.213857760177153
TGTGCCC,0.22424566979333
TGTGCCG,0.303232125402496
TGTGCCT,0.259922205554444
TGTGCGA,0.251606924948768
TGTGCGC,0.373054518486817
TGTGCGG,0.238228476485352
TGTGCGT,0.32045045544443
TGTGCTA,0.22243101700413
TGTGCTC,0.326415691176018
TGTGCTG,0.263589351306599
TGTGCTT,0.245236008575994
TGTGGAA,0.184297295920152
TGTGGAC,0.236080772474865
TGTGGAG,0.267821832326159
TGTGGAT,0.261495486423643
TGTGGCA,0.236797186448656
TGTGGCC,0.283778006243
TGTGGCG,0.23625992409115
TGTGGCT,0.285143653054026
TGTGGGA,0.244821674818388
TGTGGGC,0.268978296704504
TGTGGGG,0.421839492839466
TGTGGGT,0.345279491370199
TGTGGTA,0.216906339894724
TGTGGTC,0.232490983587964
TGTGGTG,0.330010448127784
TGTGGTT,0.228707784415243
TGTGTAA,0.207302405597942
TGTGTAC,0.271114236432835
TGTGTAG,0.234466961998908
TGTGTAT,0.282866537827663
TGTGTCA,0.215383211765276
TGTGTCC,0.292734427388436
TGTGTCG,0.229850257347177
TGTGTCT,0.257060654586008
TGTGTGA,0.45087507805351
TGTGTGC,0.590452084822955
TGTGTGG,0.407552888146127
TGTGTGT,0.86573741435896
TGTGTTA,0.211779404565124
TGTGTTC,0.235901588757527
TGTGTTG,0.235901588757527
TGTGTTT,0.247186987292532
TGTTAAA,0.209635399264123
TGTTAAC,0.203545918034915
TGTTAAG,0.212391134152802
TGTTAAT,0.205641438408907
TGTTACA,0.208039728618031
TGTTACC,0.204717485385149
TGTTACG,0.217879925811551
TGTTACT,0.204101042089786
TGTTAGA,0.222794211094762
TGTTAGC,0.213063604764957
TGTTAGG,0.224487374887275
TGTTAGT,0.198535885270831
TGTTATA,0.203545918034915
TGTTATC,0.211412187109617
TGTTATG,0.207117989867025
TGTTATT,0.219459984082481
TGTTCAA,0.221219416467238
TGTTCAC,0.227684464230826
TGTTCAG,0.231531526150256
TGTTCAT,0.246477980808778
TGTTCCA,0.199465564829931
TGTTCCC,0.199961040749968
TGTTCCG,0.251900894009436
TGTTCCT,0.193313646756419
TGTTCGA,0.214224080837045
TGTTCGC,0.213063604764957
TGTTCGG,0.224366529642972
TGTTCGT,0.226418915346348
TGTTCTA,0.201445997232483
TGTTCTC,0.209635399264123
TGTTCTG,0.247423211122168
TGTTCTT,0.220673716930721
TGTTGAA,0.199837194783344
TGTTGAC,0.200889396929202
TGTTGAG,0.241263182840447
TGTTGAT,0.206256933160208
TGTTGCA,0.19686028090843
TGTTGCC,0.229970441762446
TGTTGCG,0.219702848532532
TGTTGCT,0.247541302114645
TGTTGGA,0.203237382573441
TGTTGGC,0.22049175089004
TGTTGGG,0.33478344396965
TGTTGGT,0.220370421798293
TGTTGTA,0.220309751731692
TGTTGTC,0.218001557431104
TGTTGTG,0.229369375191064
TGTTGTT,0.209021981069124
TGTTTAA,0.200146780946232
TGTTTAC,0.216236449314385
TGTTTAG,0.203916034976352
TGTTTAT,0.200889396929202
TGTTTCA,0.211962962737006
TGTTTCC,0.247777442271383
TGTTTCG,0.208530975446057
TGTTTCT,0.190567265574797
TGTTTGA,0.208776508393406
TGTTTGC,0.220734364920217
TGTTTGG,0.222128254464851
TGTTTGT,0.241322594924303
TGTTTTA,0.190192173972018
TGTTTTC,0.18825195618097
TGTTTTG,0.208837882211645
TGTTTTT,0.200332486649483
TTAAAAA,0.196984496080206
TTAAAAC,0.197667403861251
TTAAAAG,0.201013112661423
TTAAAAT,0.194372731785962
TTAAACA,0.206010780717876
TTAAACC,0.212146487221469
TTAAACG,0.207240937466355
TTAAACT,0.204224361152794
TTAAAGA,0.195555089204785
TTAAAGC,0.204101042089786
TTAAAGG,0.197046597880545
TTAAAGT,0.197853570527324
TTAAATA,0.196922390422994
TTAAATC,0.20045627129519
TTAAATG,0.204039376854967
TTAAATT,0.195555089204785
TTAACAA,0.210125863041116
TTAACAC,0.206379986663468
TTAACAG,0.207117989867025
TTAACAT,0.20249650884202
TTAACCA,0.202311204612713
TTAACCC,0.202928751888456
TTAACCG,0.209512745723981
TTAACCT,0.201755085809725
TTAACGA,0.209083339824078
TTAACGC,0.215139295831684
TTAACGG,0.214163036711778
TTAACGT,0.209083339824078
TTAACTA,0.219399258752734
TTAACTC,0.203792677882641
TTAACTG,0.204409311237759
TTAACTT,0.220006346173548
TTAAGAA,0.20249650884202
TTAAGAC,0.218670267020001
TTAAGAG,0.209144694814367
TTAAGAT,0.199279698049581
TTAAGCA,0.20311394172956
TTAAGCC,0.205333548912269
TTAAGCG,0.207548240347946
TTAAGCT,0.205333548912269
TTAAGGA,0.206810554719444
TTAAGGC,0.219277797029421
TTAAGGG,0.203792677882641
TTAAGGT,0.214285121236154
TTAAGTA,0.205826126615109
TTAAGTC,0.211901780423369
TTAAGTG,0.205087169043662
TTAAGTT,0.199031821924633
TTAATAA,0.199713333476998
TTAATAC,0.207425330527285
TTAATAG,0.225996709553559
TTAATAT,0.210983596241566
TTAATCA,0.206195400729801
TTAATCC,0.223701619634185
TTAATCG,0.209880661221958
TTAATCT,0.202249428904901
TTAATGA,0.215809921541617
TTAATGC,0.205395134395739
TTAATGG,0.221401250157692
TTAATGT,0.207609689593682
TTAATTA,0.192315835170905
TTAATTC,0.207240937466355
TTAATTG,0.213430216402589
TTAATTT,0.186370734988804
TTACAAA,0.203669305570081
TTACAAC,0.208346786164481
TTACAAG,0.202187649380616
TTACAAT,0.207056510398354
TTACACA,0.197357049045906
TTACACC,0.211228527801234
TTACACG,0.206995027149725
TTACACT,0.211657013729195
TTACAGA,0.196922390422994
TTACAGC,0.212268818168651
TTACAGG,0.183982763106881
TTACAGT,0.200518157872528
TTACATA,0.207855448823486
TTACATC,0.205148769701957
TTACATG,0.222975758685822
TTACATT,0.198969843291804
TTACCAA,0.206810554719444
TTACCAC,0.20447095366541
TTACCAG,0.215383211765276
TTACCAT,0.212024141307596
TTACCCA,0.201940493109302
TTACCCC,0.204409311237759
TTACCCG,0.22049175089004
TTACCCT,0.208776508393406
TTACCGA,0.210248441407905
TTACCGC,0.221704232853318
TTACCGG,0.227202539203535
TTACCGT,0.208408186361271
TTACCTA,0.206256933160208
TTACCTC,0.218244776296453
TTACCTG,0.217393251336825
TTACCTT,0.212146487221469
TTACGAA,0.208469582788309
TTACGAC,0.21135097108794
TTACGAG,0.209083339824078
TTACGAT,0.210432280789962
TTACGCA,0.210125863041116
TTACGCC,0.209880661221958
TTACGCG,0.209512745723981
TTACGCT,0.211289751318632
TTACGGA,0.222007123778233
TTACGGC,0.209021981069124
TTACGGG,0.215688023041247
TTACGGT,0.209941967313597
TTACGTA,0.204162703522239
TTACGTC,0.21617552791261
TTACGTG,0.207548240347946
TTACGTT,0.211412187109617
TTACTAA,0.201013112661423
TTACTAC,0.209206046040452
TTACTAG,0.207240937466355
TTACTAT,0.208899252263369
TTACTCA,0.204902344297656
TTACTCC,0.203237382573441
TTACTCG,0.210799858194377
TTACTCT,0.204902344297656
TTACTGA,0.207548240347946
TTACTGC,0.200270588580165
TTACTGG,0.206503025026426
TTACTGT,0.202249428904901
TTACTTA,0.204655858152907
TTACTTC,0.199403613074897
TTACTTG,0.209390077138102
TTACTTT,0.215688023041247
TTAGAAA,0.205271959635793
TTAGAAC,0.205333548912269
TTAGAAG,0.21434615790956
TTAGAAT,0.224608205529769
TTAGACA,0.198969843291804
TTAGACC,0.205641438408907
TTAGACG,0.216236449314385
TTAGACT,0.220188400554803
TTAGAGA,0.206687554190946
TTAGAGC,0.2189740781613
TTAGAGG,0.210432280789962
TTAGAGT,0.199341657481606
TTAGATA,0.20767113506364
TTAGATC,0.21501731555064
TTAGATG,0.209206046040452
TTAGATT,0.202187649380616
TTAGCAA,0.207363869951431
TTAGCAC,0.210432280789962
TTAGCAG,0.208101147670531
TTAGCAT,0.209083339824078
TTAGCCA,0.192939584077297
TTAGCCC,0.206195400729801
TTAGCCG,0.204717485385149
TTAGCCT,0.214224080837045
TTAGCGA,0.207794014678078
TTAGCGC,0.20871513080819
TTAGCGG,0.230451035032642
TTAGCGT,0.221219416467238
TTAGCTA,0.217149825251119
TTAGCTC,0.203422515273386
TTAGCTG,0.20447095366541
TTAGCTT,0.223096772104931
TTAGGAA,0.218183977125711
TTAGGAC,0.223036267225907
TTAGGAG,0.207363869951431
TTAGGAT,0.217697450638502
TTAGGCA,0.203916034976352
TTAGGCC,0.215748974148838
TTAGGCG,0.213552390420306
TTAGGCT,0.219277797029421
TTAGGGA,0.214040937280952
TTAGGGC,0.214101988859899
TTAGGGG,0.220006346173548
TTAGGGT,0.255011664615133
TTAGGTA,0.205210366565845
TTAGGTC,0.213796693685383
TTAGGTG,0.216419191254372
TTAGGTT,0.216784574980998
TTAGTAA,0.219520705724887
TTAGTAC,0.207486787325968
TTAGTAG,0.198101738848533
TTAGTAT,0.223943456247699
TTAGTCA,0.202187649380616
TTAGTCC,0.208469582788309
TTAGTCG,0.209144694814367
TTAGTCT,0.208039728618031
TTAGTGA,0.215566109679822
TTAGTGC,0.203854358331618
TTAGTGG,0.201816892062537
TTAGTGT,0.203052215593033
TTAGTTA,0.202311204612713
TTAGTTC,0.204779108819709
TTAGTTG,0.210677347404864
TTAGTTT,0.203792677882641
TTATAAA,0.211167300535288
TTATAAC,0.207056510398354
TTATAAG,0.204717485385149
TTATAAT,0.204286014981919
TTATACA,0.206626048252807
TTATACC,0.210922353976834
TTATACG,0.211962962737006
TTATACT,0.210799858194377
TTATAGA,0.199775266047874
TTATAGC,0.220188400554803
TTATAGG,0.202743527745723
TTATAGT,0.222128254464851
TTATATA,0.210677347404864
TTATATC,0.207117989867025
TTATATG,0.206564538531456
TTATATT,0.199837194783344
TTATCAA,0.212024141307596
TTATCAC,0.206749056346336
TTATCAG,0.209206046040452
TTATCAT,0.211840594366228
TTATCCA,0.216236449314385
TTATCCC,0.200332486649483
TTATCCG,0.216236449314385
TTATCCT,0.20822397445979
TTATCGA,0.211167300535288
TTATCGC,0.20871513080819
TTATCGG,0.209696720393196
TTATCGT,0.210248441407905
TTATCTA,0.206749056346336
TTATCTC,0.194746258862012
TTATCTG,0.204594227122515
TTATCTT,0.200580040620155
TTATGAA,0.197232880145113
TTATGAC,0.206872049310735
TTATGAG,0.217636618180694
TTATGAT,0.206318461804609
TTATGCA,0.208653749455535
TTATGCC,0.206133864512921
TTATGCG,0.210371004751079
TTATGCT,0.211595812693453
TTATGGA,0.215505147425081
TTATGGC,0.206626048252807
TTATGGG,0.218001557431104
TTATGGT,0.206749056346336
TTATGTA,0.227202539203535
TTATGTC,0.209696720393196
TTATGTG,0.2381688802833
TTATGTT,0.200084871380667
TTATTAA,0.210187154102692
TTATTAC,0.227021757424064
TTATTAG,0.212574580081353
TTATTAT,0.238049677223014
TTATTCA,0.209758037762219
TTATTCC,0.203360808181561
TTATTCG,0.213735623464269
TTATTCT,0.201013112661423
TTATTGA,0.208653749455535
TTATTGC,0.20070379462817
TTATTGG,0.199589456827127
TTATTGT,0.210677347404864
TTATTTA,0.199527512747182
TTATTTC,0.218609493714026
TTATTTG,0.207486787325968
TTATTTT,0.174182849631436
TTCAAAA,0.217028089983561
TTCAAAC,0.22912884736733
TTCAAAG,0.210432280789962
TTCAAAT,0.204286014981919
TTCAACA,0.204286014981919
TTCAACC,0.202681778740031
TTCAACG,0.210983596241566
TTCAACT,0.20871513080819
TTCAAGA,0.207548240347946
TTCAAGC,0.205949233138781
TTCAAGG,0.231651508685093
TTCAAGT,0.201631461842882
TTCAATA,0.214468220081082
TTCAATC,0.205826126615109
TTCAATG,0.203052215593033
TTCAATT,0.228707784415243
TTCACAA,0.202249428904901
TTCACAC,0.202311204612713
TTCACAG,0.20822397445979
TTCACAT,0.206195400729801
TTCACCA,0.198101738848533
TTCACCC,0.223157273323336
TTCACCG,0.211412187109617
TTCACCT,0.206749056346336
TTCACGA,0.210493553074322
TTCACGC,0.202743527745723
TTCACGG,0.220067034650018
TTCACGT,0.217271545701004
TTCACTA,0.212085316135598
TTCACTC,0.213674549513355
TTCACTG,0.227383288306862
TTCACTT,0.205456716086671
TTCAGAA,0.197543273493287
TTCAGAC,0.198349845597505
TTCAGAG,0.210064568222715
TTCAGAT,0.205579868092788
TTCAGCA,0.201074964788413
TTCAGCC,0.222673161053954
TTCAGCG,0.233748876072972
TTCAGCT,0.225091382152209
TTCAGGA,0.199217734778348
TTCAGGC,0.208776508393406
TTCAGGG,0.226177676721242
TTCAGGT,0.219277797029421
TTCAGTA,0.203792677882641
TTCAGTC,0.210983596241566
TTCAGTG,0.20447095366541
TTCAGTT,0.195244078027482
TTCATAA,0.205641438408907
TTCATAC,0.20447095366541
TTCATAG,0.222188814306363
TTCATAT,0.208776508393406
TTCATCA,0.196114665685671
TTCATCC,0.220309751731692
TTCATCG,0.201878694495571
TTCATCT,0.194185915913976
TTCATGA,0.231171492146702
TTCATGC,0.224064352626135
TTCATGG,0.200827533323025
TTCATGT,0.231291517884516
TTCATTA,0.199279698049581
TTCATTC,0.191254568313466
TTCATTG,0.207240937466355
TTCATTT,0.194185915913976
TTCCAAA,0.205579868092788
TTCCAAC,0.208285382197475
TTCCAAG,0.199961040749968
TTCCAAT,0.211228527801234
TTCCACA,0.199589456827127
TTCCACC,0.239598209775645
TTCCACG,0.216053673973678
TTCCACT,0.216358280984814
TTCCAGA,0.186370734988804
TTCCAGC,0.183793995921134
TTCCAGG,0.191566822557146
TTCCAGT,0.196673929215831
TTCCATA,0.216845459291198
TTCCATC,0.212880248532285
TTCCATG,0.218913323316688
TTCCATT,0.198969843291804
TTCCCAA,0.201507822591264
TTCCCAC,0.212819122316297
TTCCCAG,0.175769991048433
TTCCCAT,0.222491558513721
TTCCCCA,0.211657013729195
TTCCCCC,0.200084871380667
TTCCCCG,0.280241428946785
TTCCCCT,0.197294966522749
TTCCCGA,0.222309922988015
TTCCCGC,0.220249077984011
TTCCCGG,0.24013368206756
TTCCCGT,0.239538695151041
TTCCCTA,0.195741649492337
TTCCCTC,0.211962962737006
TTCCCTG,0.239538695151041
TTCCCTT,0.19654967545855
TTCCGAA,0.212819122316297
TTCCGAC,0.217271545701004
TTCCGAG,0.223338755019267
TTCCGAT,0.214163036711778
TTCCGCA,0.205826126615109
TTCCGCC,0.230691245081773
TTCCGCG,0.222975758685822
TTCCGCT,0.222733687905997
TTCCGGA,0.214529245580107
TTCCGGC,0.23207133422629
TTCCGGG,0.2435776425139
TTCCGGT,0.226720381812526
TTCCGTA,0.214468220081082
TTCCGTC,0.215870865220038
TTCCGTG,0.274223388615342
TTCCGTT,0.217819104453481
TTCCTAA,0.199403613074897
TTCCTAC,0.218001557431104
TTCCTAG,0.214040937280952
TTCCTAT,0.192565381422926
TTCCTCA,0.197046597880545
TTCCTCC,0.254425466953338
TTCCTCG,0.236677819756307
TTCCTCT,0.218487936020768
TTCCTGA,0.202743527745723
TTCCTGC,0.237990070363934
TTCCTGG,0.305017532024819
TTCCTGT,0.213369123795841
TTCCTTA,0.200518157872528
TTCCTTC,0.234885607450302
TTCCTTG,0.207486787325968
TTCCTTT,0.203422515273386
TTCGAAA,0.213308027456558
TTCGAAC,0.207302405597942
TTCGAAG,0.204347665010085
TTCGAAT,0.229309248658692
TTCGACA,0.216967216792028
TTCGACC,0.211595812693453
TTCGACG,0.209819351371653
TTCGACT,0.221461854041144
TTCGAGA,0.20095125670851
TTCGAGC,0.218731036632806
TTCGAGG,0.214163036711778
TTCGAGT,0.240966069462695
TTCGATA,0.20871513080819
TTCGATC,0.210493553074322
TTCGATG,0.208899252263369
TTCGATT,0.210309724957214
TTCGCAA,0.214773310341911
TTCGCAC,0.20871513080819
TTCGCAG,0.224789424122838
TTCGCAT,0.209696720393196
TTCGCCA,0.21465128540696
TTCGCCC,0.234646402939404
TTCGCCG,0.220916286822753
TTCGCCT,0.219520705724887
TTCGCGA,0.211044834755913
TTCGCGC,0.233629144936926
TTCGCGG,0.227744688532316
TTCGCGT,0.221643643657629
TTCGCTA,0.210248441407905
TTCGCTC,0.223520203785567
TTCGCTG,0.257703756736146
TTCGCTT,0.214773310341911
TTCGGAA,0.209451413311989
TTCGGAC,0.21135097108794
TTCGGAG,0.222673161053954
TTCGGAT,0.225332882944252
TTCGGCA,0.214224080837045
TTCGGCC,0.233509399463618
TTCGGCG,0.226479215910584
TTCGGCT,0.28815286587842
TTCGGGA,0.207179465556204
TTCGGGC,0.231891430575976
TTCGGGG,0.226479215910584
TTCGGGT,0.221704232853318
TTCGGTA,0.208346786164481
TTCGGTC,0.245176828548715
TTCGGTG,0.220613065262824
TTCGGTT,0.235662627179552
TTCGTAA,0.209696720393196
TTCGTAC,0.211840594366228
TTCGTAG,0.229249118510902
TTCGTAT,0.211289751318632
TTCGTCA,0.208039728618031
TTCGTCC,0.217149825251119
TTCGTCG,0.209267393502795
TTCGTCT,0.224185234390405
TTCGTGA,0.207609689593682
TTCGTGC,0.225996709553559
TTCGTGG,0.213857760177153
TTCGTGT,0.215627068218393
TTCGTTA,0.208469582788309
TTCGTTC,0.224003906263909
TTCGTTG,0.22412479533482
TTCGTTT,0.214773310341911
TTCTAAA,0.20822397445979
TTCTAAC,0.220795009231756
TTCTAAG,0.200641919538544
TTCTAAT,0.205826126615109
TTCTACA,0.200394380887666
TTCTACC,0.187437194804359
TTCTACG,0.214529245580107
TTCTACT,0.203977707817312
TTCTAGA,0.215627068218393
TTCTAGC,0.204532592293506
TTCTAGG,0.216723686963674
TTCTAGT,0.221340642601188
TTCTATA,0.206441507737252
TTCTATC,0.212085316135598
TTCTATG,0.206872049310735
TTCTATT,0.203916034976352
TTCTCAA,0.223459724521577
TTCTCAC,0.194123636200248
TTCTCAG,0.203792677882641
TTCTCAT,0.199279698049581
TTCTCCA,0.223641151341429
TTCTCCC,0.227082021648633
TTCTCCG,0.218913323316688
TTCTCCT,0.207179465556204
TTCTCGA,0.226901218078501
TTCTCGC,0.231231506816382
TTCTCGG,0.217879925811551
TTCTCGT,0.24179776456527
TTCTCTA,0.224608205529769
TTCTCTC,0.2189740781613
TTCTCTG,0.18825195618097
TTCTCTT,0.226599806131679
TTCTGAA,0.186621769050301
TTCTGAC,0.195617279834576
TTCTGAG,0.19847387589195
TTCTGAT,0.210187154102692
TTCTGCA,0.206072324509101
TTCTGCC,0.208960618549041
TTCTGCG,0.231051452000981
TTCTGCT,0.213002489756158
TTCTGGA,0.202434744580801
TTCTGGC,0.226479215910584
TTCTGGG,0.244940073410625
TTCTGGT,0.220067034650018
TTCTGTA,0.215870865220038
TTCTGTC,0.23320997303229
TTCTGTG,0.217819104453481
TTCTGTT,0.19181655576913
TTCTTAA,0.207302405597942
TTCTTAC,0.203854358331618
TTCTTAG,0.206195400729801
TTCTTAT,0.207486787325968
TTCTTCA,0.196363265869714
TTCTTCC,0.220795009231756
TTCTTCG,0.204779108819709
TTCTTCT,0.197294966522749
TTCTTGA,0.208776508393406
TTCTTGC,0.216662795238773
TTCTTGG,0.218548716714431
TTCTTGT,0.197232880145113
TTCTTTA,0.204409311237759
TTCTTTC,0.205456716086671
TTCTTTG,0.210554821604619
TTCTTTT,0.209758037762219
TTGAAAA,0.187123648198057
TTGAAAC,0.213308027456558
TTGAAAG,0.204101042089786
TTGAAAT,0.20767113506364
TTGAACA,0.214101988859899
TTGAACC,0.190317220139563
TTGAACG,0.207486787325968
TTGAACT,0.189316412702032
TTGAAGA,0.212513435177583
TTGAAGC,0.206995027149725
TTGAAGG,0.201940493109302
TTGAAGT,0.206626048252807
TTGAATA,0.202372976504522
TTGAATC,0.204655858152907
TTGAATG,0.202249428904901
TTGAATT,0.225091382152209
TTGACAA,0.218427151632589
TTGACAC,0.201384168051091
TTGACAG,0.216601899805843
TTGACAT,0.212391134152802
TTGACCA,0.219034829314984
TTGACCC,0.208285382197475
TTGACCG,0.214407190857718
TTGACCT,0.216845459291198
TTGACGA,0.209390077138102
TTGACGC,0.208592364334978
TTGACGG,0.206256933160208
TTGACGT,0.214956319829969
TTGACTA,0.211718211019599
TTGACTC,0.220613065262824
TTGACTG,0.220188400554803
TTGACTT,0.199961040749968
TTGAGAA,0.200146780946232
TTGAGAC,0.192814865417152
TTGAGAG,0.214101988859899
TTGAGAT,0.206133864512921
TTGAGCA,0.199899119683884
TTGAGCC,0.216845459291198
TTGAGCG,0.231711494554515
TTGAGCT,0.208776508393406
TTGAGGA,0.198783884341877
TTGAGGC,0.192877226691567
TTGAGGG,0.247186987292532
TTGAGGT,0.199403613074897
TTGAGTA,0.200146780946232
TTGAGTC,0.208469582788309
TTGAGTG,0.197419127715062
TTGAGTT,0.219459984082481
TTGATAA,0.205271959635793
TTGATAC,0.209880661221958
TTGATAG,0.222673161053954
TTGATAT,0.20822397445979
TTGATCA,0.203052215593033
TTGATCC,0.210983596241566
TTGATCG,0.279841351046438
TTGATCT,0.204347665010085
TTGATGA,0.218548716714431
TTGATGC,0.206318461804609
TTGATGG,0.235363844884108
TTGATGT,0.215627068218393
TTGATTA,0.223399241599624
TTGATTC,0.28058422551092
TTGATTG,0.217088959469774
TTGATTT,0.213063604764957
TTGCAAA,0.198597890804788
TTGCAAC,0.214529245580107
TTGCAAG,0.20447095366541
TTGCAAT,0.20249650884202
TTGCACA,0.205148769701957
TTGCACC,0.201384168051091
TTGCACG,0.208653749455535
TTGCACT,0.199527512747182
TTGCAGA,0.217697450638502
TTGCAGC,0.221764818378178
TTGCAGG,0.256007412691997
TTGCAGT,0.217819104453481
TTGCATA,0.203360808181561
TTGCATC,0.209574074374538
TTGCATG,0.250135781979374
TTGCATT,0.218913323316688
TTGCCAA,0.206687554190946
TTGCCAC,0.212513435177583
TTGCCAG,0.239360130022334
TTGCCAT,0.207732576758284
TTGCCCA,0.196425406260354
TTGCCCC,0.187499892329968
TTGCCCG,0.198659892494297
TTGCCCT,0.207302405597942
TTGCCGA,0.21312471603894
TTGCCGC,0.217940743470609
TTGCCGG,0.223580679392037
TTGCCGT,0.213613471832186
TTGCCTA,0.201940493109302
TTGCCTC,0.226117357970732
TTGCCTG,0.211167300535288
TTGCCTT,0.219277797029421
TTGCGAA,0.207916879194972
TTGCGAC,0.222915246484231
TTGCGAG,0.210371004751079
TTGCGAT,0.208960618549041
TTGCGCA,0.219884958170216
TTGCGCC,0.240252636981524
TTGCGCG,0.249664558769214
TTGCGCT,0.235064973291122
TTGCGGA,0.221158797888902
TTGCGGC,0.240847199389806
TTGCGGG,0.258463253723054
TTGCGGT,0.243459082492257
TTGCGTA,0.217393251336825
TTGCGTC,0.235901588757527
TTGCGTG,0.266779869664542
TTGCGTT,0.22243101700413
TTGCTAA,0.203916034976352
TTGCTAC,0.203977707817312
TTGCTAG,0.204779108819709
TTGCTAT,0.23840724378423
TTGCTCA,0.214834317226058
TTGCTCC,0.236856864452103
TTGCTCG,0.219459984082481
TTGCTCT,0.2020022879042
TTGCTGA,0.206379986663468
TTGCTGC,0.235662627179552
TTGCTGG,0.224366529642972
TTGCTGT,0.211473399384123
TTGCTTA,0.197791518822779
TTGCTTC,0.227323042235707
TTGCTTG,0.213979881974482
TTGCTTT,0.210309724957214
TTGGAAA,0.191441932559756
TTGGAAC,0.203175664056206
TTGGAAG,0.191878979328549
TTGGAAT,0.215200280392963
TTGGACA,0.203730993628952
TTGGACC,0.221340642601188
TTGGACG,0.215200280392963
TTGGACT,0.234287488853581
TTGGAGA,0.199031821924633
TTGGAGC,0.213613471832186
TTGGAGG,0.225574325427743
TTGGAGT,0.216480097814095
TTGGATA,0.204347665010085
TTGGATC,0.210187154102692
TTGGATG,0.216845459291198
TTGGATT,0.215992741435616
TTGGCAA,0.204717485385149
TTGGCAC,0.218913323316688
TTGGCAG,0.209390077138102
TTGGCAT,0.201940493109302
TTGGCCA,0.228045755647279
TTGGCCC,0.23757272283734
TTGGCCG,0.245413527647078
TTGGCCT,0.218062367693486
TTGGCGA,0.205826126615109
TTGGCGC,0.229790159722498
TTGGCGG,0.252958467662819
TTGGCGT,0.214101988859899
TTGGCTA,0.222915246484231
TTGGCTC,0.221098175635731
TTGGCTG,0.231291517884516
TTGGCTT,0.199837194783344
TTGGGAA,0.213185823578564
TTGGGAC,0.245236008575994
TTGGGAG,0.220795009231756
TTGGGAT,0.215627068218393
TTGGGCA,0.23063119797873
TTGGGCC,0.197853570527324
TTGGGCG,0.26984476815801
TTGGGCT,0.212941371012086
TTGGGGA,0.241263182840447
TTGGGGC,0.234227657313179
TTGGGGG,0.323902590700549
TTGGGGT,0.287415594805005
TTGGGTA,0.210432280789962
TTGGGTC,0.208039728618031
TTGGGTG,0.233329754363779
TTGGGTT,0.208346786164481
TTGGTAA,0.203792677882641
TTGGTAC,0.209083339824078
TTGGTAG,0.206195400729801
TTGGTAT,0.201136813089954
TTGGTCA,0.235483368515002
TTGGTCC,0.226720381812526
TTGGTCG,0.232910456917921
TTGGTCT,0.214163036711778
TTGGTGA,0.227684464230826
TTGGTGC,0.202125866039385
TTGGTGG,0.197481202530696
TTGGTGT,0.219581423680399
TTGGTTA,0.201074964788413
TTGGTTC,0.218062367693486
TTGGTTG,0.209390077138102
TTGGTTT,0.202434744580801
TTGTAAA,0.208899252263369
TTGTAAC,0.207732576758284
TTGTAAG,0.220067034650018
TTGTAAT,0.22605703558165
TTGTACA,0.215261261235352
TTGTACC,0.205210366565845
TTGTACG,0.216358280984814
TTGTACT,0.20095125670851
TTGTAGA,0.220976920103102
TTGTAGC,0.211840594366228
TTGTAGG,0.205148769701957
TTGTAGT,0.221946552932238
TTGTATA,0.226660095789415
TTGTATC,0.212268818168651
TTGTATG,0.205333548912269
TTGTATT,0.192503000697803
TTGTCAA,0.199279698049581
TTGTCAC,0.200084871380667
TTGTCAG,0.214468220081082
TTGTCAT,0.226298303308304
TTGTCCA,0.203545918034915
TTGTCCC,0.224910218276245
TTGTCCG,0.217271545701004
TTGTCCT,0.222612630538189
TTGTCGA,0.208346786164481
TTGTCGC,0.226298303308304
TTGTCGG,0.22569502481258
TTGTCGT,0.215992741435616
TTGTCTA,0.216480097814095
TTGTCTC,0.219034829314984
TTGTCTG,0.233689012296892
TTGTCTT,0.228406916579386
TTGTGAA,0.201074964788413
TTGTGAC,0.203052215593033
TTGTGAG,0.215992741435616
TTGTGAT,0.218244776296453
TTGTGCA,0.235124754756085
TTGTGCC,0.209574074374538
TTGTGCG,0.246891629012716
TTGTGCT,0.22912884736733
TTGTGGA,0.213369123795841
TTGTGGC,0.198039702541821
TTGTGGG,0.283778006243
TTGTGGT,0.220976920103102
TTGTGTA,0.202928751888456
TTGTGTC,0.213735623464269
TTGTGTG,0.339102850250496
TTGTGTT,0.218731036632806
TTGTTAA,0.209144694814367
TTGTTAC,0.215261261235352
TTGTTAG,0.209574074374538
TTGTTAT,0.209328737201858
TTGTTCA,0.220734364920217
TTGTTCC,0.232131294918153
TTGTTCG,0.217088959469774
TTGTTCT,0.223641151341429
TTGTTGA,0.198535885270831
TTGTTGC,0.211595812693453
TTGTTGG,0.259747243680082
TTGTTGT,0.235124754756085
TTGTTTA,0.199713333476998
TTGTTTC,0.204902344297656
TTGTTTG,0.211289751318632
TTGTTTT,0.188377245185619
TTTAAAA,0.17710124589762
TTTAAAC,0.19965139707024
TTTAAAG,0.182597642220524
TTTAAAT,0.186998202023144
TTTAACA,0.205703004934356
TTTAACC,0.203484218557681
TTTAACG,0.209390077138102
TTTAACT,0.200580040620155
TTTAAGA,0.211044834755913
TTTAAGC,0.208285382197475
TTTAAGG,0.210861107961258
TTTAAGT,0.19530628800166
TTTAATA,0.210922353976834
TTTAATC,0.212574580081353
TTTAATG,0.205333548912269
TTTAATT,0.182219548767833
TTTACAA,0.20249650884202
TTTACAC,0.210861107961258
TTTACAG,0.200518157872528
TTTACAT,0.215200280392963
TTTACCA,0.211473399384123
TTTACCC,0.210493553074322
TTTACCG,0.221885978417194
TTTACCT,0.218731036632806
TTTACGA,0.208101147670531
TTTACGC,0.208530975446057
TTTACGG,0.217332400370448
TTTACGT,0.209144694814367
TTTACTA,0.203484218557681
TTTACTC,0.203730993628952
TTTACTG,0.199155767667429
TTTACTT,0.199961040749968
TTTAGAA,0.217636618180694
TTTAGAC,0.205703004934356
TTTAGAG,0.198597890804788
TTTAGAT,0.202681778740031
TTTAGCA,0.206872049310735
TTTAGCC,0.202928751888456
TTTAGCG,0.209758037762219
TTTAGCT,0.198349845597505
TTTAGGA,0.212329978030876
TTTAGGC,0.214529245580107
TTTAGGG,0.228105958194831
TTTAGGT,0.226660095789415
TTTAGTA,0.205764567669601
TTTAGTC,0.201755085809725
TTTAGTG,0.199899119683884
TTTAGTT,0.205949233138781
TTTATAA,0.204162703522239
TTTATAC,0.213857760177153
TTTATAG,0.197605340603312
TTTATAT,0.198907860817386
TTTATCA,0.203237382573441
TTTATCC,0.201878694495571
TTTATCG,0.209574074374538
TTTATCT,0.20249650884202
TTTATGA,0.195803828521268
TTTATGC,0.210432280789962
TTTATGG,0.214101988859899
TTTATGT,0.228647618089352
TTTATTA,0.20447095366541
TTTATTC,0.205826126615109
TTTATTG,0.202249428904901
TTTATTT,0.197481202530696
TTTCAAA,0.207916879194972
TTTCAAC,0.197915618381695
TTTCAAG,0.215931805184553
TTTCAAT,0.215505147425081
TTTCACA,0.206318461804609
TTTCACC,0.192378227572278
TTTCACG,0.20767113506364
TTTCACT,0.226599806131679
TTTCAGA,0.195803828521268
TTTCAGC,0.198287824680989
TTTCAGG,0.185742873992374
TTTCAGT,0.212024141307596
TTTCATA,0.210432280789962
TTTCATC,0.194621765338516
TTTCATG,0.213979881974482
TTTCATT,0.196487542789807
TTTCCAA,0.198659892494297
TTTCCAC,0.224910218276245
TTTCCAG,0.19044225067252
TTTCCAT,0.200332486649483
TTTCCCA,0.20447095366541
TTTCCCC,0.223883002577063
TTTCCCG,0.251312869444878
TTTCCCT,0.216358280984814
TTTCCGA,0.208653749455535
TTTCCGC,0.239002904079926
TTTCCGG,0.242628768525881
TTTCCGT,0.218001557431104
TTTCCTA,0.213063604764957
TTTCCTC,0.200518157872528
TTTCCTG,0.228166157118254
TTTCCTT,0.202743527745723
TTTCGAA,0.212452286534885
TTTCGAC,0.210493553074322
TTTCGAG,0.206010780717876
TTTCGAT,0.209574074374538
TTTCGCA,0.204655858152907
TTTCGCC,0.22605703558165
TTTCGCG,0.221825400232655
TTTCGCT,0.21434615790956
TTTCGGA,0.201260498218582
TTTCGGC,0.230390973503516
TTTCGGG,0.215566109679822
TTTCGGT,0.227021757424064
TTTCGTA,0.210309724957214
TTTCGTC,0.212819122316297
TTTCGTG,0.203422515273386
TTTCGTT,0.218123174258205
TTTCTAA,0.213735623464269
TTTCTAC,0.203792677882641
TTTCTAG,0.221219416467238
TTTCTAT,0.209819351371653
TTTCTCA,0.201384168051091
TTTCTCC,0.208960618549041
TTTCTCG,0.236677819756307
TTTCTCT,0.237155201059062
TTTCTGA,0.194061352607517
TTTCTGC,0.203792677882641
TTTCTGG,0.203607613705558
TTTCTGT,0.174818008512336
TTTCTTA,0.211412187109617
TTTCTTC,0.192253438876477
TTTCTTG,0.196114665685671
TTTCTTT,0.205087169043662
TTTGAAA,0.199713333476998
TTTGAAC,0.194870736888799
TTTGAAG,0.206133864512921
TTTGAAT,0.216967216792028
TTTGACA,0.218731036632806
TTTGACC,0.204409311237759
TTTGACG,0.207179465556204
TTTGACT,0.203792677882641
TTTGAGA,0.183542250898158
TTTGAGC,0.207117989867025
TTTGAGG,0.196798167536034
TTTGAGT,0.201136813089954
TTTGATA,0.212207654565668
TTTGATC,0.203237382573441
TTTGATG,0.212452286534885
TTTGATT,0.205210366565845
TTTGCAA,0.215566109679822
TTTGCAC,0.198535885270831
TTTGCAG,0.188001331069832
TTTGCAT,0.233928445902185
TTTGCCA,0.221461854041144
TTTGCCC,0.188126651477019
TTTGCCG,0.215078307551061
TTTGCCT,0.23398829534701
TTTGCGA,0.216236449314385
TTTGCGC,0.226840942956632
TTTGCGG,0.272266901714195
TTTGCGT,0.250371310341362
TTTGCTA,0.226117357970732
TTTGCTC,0.204594227122515
TTTGCTG,0.227564004745854
TTTGCTT,0.230090611735156
TTTGGAA,0.196984496080206
TTTGGAC,0.214590267355249
TTTGGAG,0.199713333476998
TTTGGAT,0.205949233138781
TTTGGCA,0.210554821604619
TTTGGCC,0.232191252014946
TTTGGCG,0.208162562950963
TTTGGCT,0.230030528553904
TTTGGGA,0.207548240347946
TTTGGGC,0.232131294918153
TTTGGGG,0.247186987292532
TTTGGGT,0.216297367004969
TTTGGTA,0.207363869951431
TTTGGTC,0.222188814306363
TTTGGTG,0.218852564780701
TTTGGTT,0.197791518822779
TTTGTAA,0.221098175635731
TTTGTAC,0.208776508393406
TTTGTAG,0.198969843291804
TTTGTAT,0.194746258862012
TTTGTCA,0.215322238359306
TTTGTCC,0.210432280789962
TTTGTCG,0.219763555430048
TTTGTCT,0.238764682537299
TTTGTGA,0.207794014678078
TTTGTGC,0.222188814306363
TTTGTGG,0.230511092954598
TTTGTGT,0.246714372162228
TTTGTTA,0.218913323316688
TTTGTTC,0.230751288579378
TTTGTTG,0.224849823023445
TTTGTTT,0.168767648445323
TTTTAAA,0.145894138558572
TTTTAAC,0.206872049310735
TTTTAAG,0.20119865756652
TTTTAAT,0.2020022879042
TTTTACA,0.217819104453481
TTTTACC,0.218001557431104
TTTTACG,0.206626048252807
TTTTACT,0.188753018043083
TTTTAGA,0.208346786164481
TTTTAGC,0.206626048252807
TTTTAGG,0.236976209775667
TTTTAGT,0.199775266047874
TTTTATA,0.203175664056206
TTTTATC,0.200270588580165
TTTTATG,0.214285121236154
TTTTATT,0.201322335046615
TTTTCAA,0.19605250598189
TTTTCAC,0.20255826928865
TTTTCAG,0.200641919538544
TTTTCAT,0.210738604675732
TTTTCCA,0.198659892494297
TTTTCCC,0.201260498218582
TTTTCCG,0.239776732400465
TTTTCCT,0.189003454856957
TTTTCGA,0.207855448823486
TTTTCGC,0.225393249030452
TTTTCGG,0.217454098600588
TTTTCGT,0.211657013729195
TTTTCTA,0.209328737201858
TTTTCTC,0.20255826928865
TTTTCTG,0.180642618821152
TTTTCTT,0.201136813089954
TTTTGAA,0.203977707817312
TTTTGAC,0.205210366565845
TTTTGAG,0.174436961597061
TTTTGAT,0.206072324509101
TTTTGCA,0.220734364920217
TTTTGCC,0.210371004751079
TTTTGCG,0.231891430575976
TTTTGCT,0.20095125670851
TTTTGGA,0.201507822591264
TTTTGGC,0.211901780423369
TTTTGGG,0.223217770881565
TTTTGGT,0.214895320388593
TTTTGTA,0.205518293985532
TTTTGTC,0.220552409916079
TTTTGTG,0.192191038688509
TTTTGTT,0.196736050305328
TTTTTAA,0.167553171173161
TTTTTAC,0.212574580081353
TTTTTAG,0.200394380887666
TTTTTAT,0.205764567669601
TTTTTCA,0.200270588580165
TTTTTCC,0.180453220011787
TTTTTCG,0.217393251336825
TTTTTCT,0.18762527558948
TTTTTGA,0.184108588104145
TTTTTGC,0.222733687905997
TTTTTGG,0.191691696958973
TTTTTGT,0.186810003249446
TTTTTTA,0.176594310142624
TTTTTTC,0.182408613363511
TTTTTTG,0.177481279139421
TTTTTTT,0
