MOTIF,Score
AAAAAAA,0.11320243016768
AAAAAAC,0.555864349696709
AAAAAAG,0.547200238474607
AAAAAAT,0.55280716160351
AAAAACA,0.571926289318604
AAAAACC,0.56931080067363
AAAAACG,0.579861539046485
AAAAACT,0.572187462333423
AAAAAGA,0.562082732963799
AAAAAGC,0.581544548772872
AAAAAGG,0.618495226514068
AAAAAGT,0.584386282122275
AAAAATA,0.543982110799584
AAAAATC,0.568262686786379
AAAAATG,0.57518605953311
AAAAATT,0.538055176930211
AAAACAA,0.546664602538561
AAAACAC,0.575446382680657
AAAACAG,0.573753069603222
AAAACAT,0.602916550394983
AAAACCA,0.572709603818061
AAAACCC,0.570750165900958
AAAACCG,0.587862862945452
AAAACCT,0.600634821703321
AAAACGA,0.586834024387089
AAAACGC,0.582578840945013
AAAACGG,0.585288779118878
AAAACGT,0.584902094422268
AAAACTA,0.572187462333423
AAAACTC,0.575706638077701
AAAACTG,0.56957265758805
AAAACTT,0.58644793686703
AAAAGAA,0.556527720846172
AAAAGAC,0.57310103109478
AAAAGAG,0.586576649270379
AAAAGAT,0.567869360687349
AAAAGCA,0.572187462333423
AAAAGCC,0.581027001249882
AAAAGCG,0.599746074845409
AAAAGCT,0.592863348394092
AAAAGGA,0.59860223845766
AAAAGGC,0.603928983279588
AAAAGGG,0.642269916406571
AAAAGGT,0.609353317882136
AAAAGTA,0.566819734123716
AAAAGTC,0.587219962901104
AAAAGTG,0.600888604366176
AAAAGTT,0.584902094422268
AAAATAA,0.546798538422398
AAAATAC,0.542100075894978
AAAATAG,0.569703560336357
AAAATAT,0.590686723181425
AAAATCA,0.569834445951377
AAAATCC,0.590430337872701
AAAATCG,0.587091333278893
AAAATCT,0.577526531800893
AAAATGA,0.567607057314239
AAAATGC,0.563137340777582
AAAATGG,0.607212328974874
AAAATGT,0.57791607850074
AAAATTA,0.548270650396756
AAAATTC,0.587991393370742
AAAATTG,0.560498732935667
AAAATTT,0.553472563230963
AAACAAA,0.54088832320523
AAACAAC,0.582449612910886
AAACAAG,0.578564985975374
AAACAAT,0.576096894218184
AAACACA,0.575576518845788
AAACACC,0.586705345108978
AAACACG,0.585417640797094
AAACACT,0.577006900038337
AAACAGA,0.574274394471818
AAACAGC,0.569834445951377
AAACAGG,0.570488617184069
AAACAGT,0.583741142371829
AAACATA,0.585159900833189
AAACATC,0.610610585205117
AAACATG,0.61799645840017
AAACATT,0.576226945761269
AAACCAA,0.585932921520805
AAACCAC,0.579861539046485
AAACCAG,0.589660787309871
AAACCAT,0.584902094422268
AAACCCA,0.581673893812035
AAACCCC,0.568262686786379
AAACCCG,0.594652312721857
AAACCCT,0.56616315761554
AAACCGA,0.600254026907587
AAACCGC,0.59783895335096
AAACCGG,0.616248808331148
AAACCGT,0.58876222919411
AAACCTA,0.580638664751661
AAACCTC,0.618869139412246
AAACCTG,0.618869139412246
AAACCTT,0.594269232552113
AAACGAA,0.587091333278893
AAACGAC,0.58863379781286
AAACGAG,0.587219962901104
AAACGAT,0.603928983279588
AAACGCA,0.587991393370742
AAACGCC,0.599619046504733
AAACGCG,0.601015471549574
AAACGCT,0.587605752524042
AAACGGA,0.598347874817064
AAACGGC,0.58876222919411
AAACGGG,0.650634352785702
AAACGGT,0.589660787309871
AAACGTA,0.587991393370742
AAACGTC,0.591071177936452
AAACGTG,0.60000008312841
AAACGTT,0.585932921520805
AAACTAA,0.592991237750122
AAACTAC,0.586061700225821
AAACTAG,0.579991101943782
AAACTAT,0.580379689946847
AAACTCA,0.581673893812035
AAACTCC,0.558118018454266
AAACTCG,0.587991393370742
AAACTCT,0.574795447702402
AAACTGA,0.57518605953311
AAACTGC,0.604814021996187
AAACTGG,0.59783895335096
AAACTGT,0.580768127007928
AAACTTA,0.588119907278085
AAACTTC,0.582061828578973
AAACTTG,0.597329772751914
AAACTTT,0.574925668599774
AAAGAAA,0.542369154981934
AAAGAAC,0.57635698039315
AAAGAAG,0.583095586147387
AAAGAAT,0.582578840945013
AAAGACA,0.577266749671761
AAAGACC,0.574274394471818
AAAGACG,0.603549441057294
AAAGACT,0.579602362881379
AAAGAGA,0.563005575608133
AAAGAGC,0.614623251021868
AAAGAGG,0.598220668729828
AAAGAGT,0.578564985975374
AAAGATA,0.594779973507507
AAAGATC,0.596565515401411
AAAGATG,0.58193253371076
AAAGATT,0.577266749671761
AAAGCAA,0.596310633098488
AAAGCAC,0.584515260142761
AAAGCAG,0.587991393370742
AAAGCAT,0.586061700225821
AAAGCCA,0.584773166288469
AAAGCCC,0.594141506544053
AAAGCCG,0.600254026907587
AAAGCCT,0.591583554464867
AAAGCGA,0.585546485872118
AAAGCGC,0.579472749604867
AAAGCGG,0.59847506472497
AAAGCGT,0.587219962901104
AAAGCTA,0.584644221530062
AAAGCTC,0.619741059516156
AAAGCTG,0.638489082451617
AAAGCTT,0.584773166288469
AAAGGAA,0.586705345108978
AAAGGAC,0.594779973507507
AAAGGAG,0.613496315253309
AAAGGAT,0.616248808331148
AAAGGCA,0.62508052544241
AAAGGCC,0.592863348394092
AAAGGCG,0.646157776591744
AAAGGCT,0.586319207894665
AAAGGGA,0.598983662645568
AAAGGGC,0.634448553702098
AAAGGGG,0.596055685814014
AAAGGGT,0.579343119526575
AAAGGTA,0.579472749604867
AAAGGTC,0.610359258166413
AAAGGTG,0.59171160758721
AAAGGTT,0.605950779166882
AAAGTAA,0.587477172519424
AAAGTAC,0.596565515401411
AAAGTAG,0.581544548772872
AAAGTAT,0.582191106732185
AAAGTCA,0.584128276164583
AAAGTCC,0.583741142371829
AAAGTCG,0.586190462349018
AAAGTCT,0.604181931422346
AAAGTGA,0.578564985975374
AAAGTGC,0.577526531800893
AAAGTGG,0.610484929581425
AAAGTGT,0.573492305216132
AAAGTTA,0.574013766009972
AAAGTTC,0.59452463563685
AAAGTTG,0.616123859232518
AAAGTTT,0.581156413244243
AAATAAA,0.554802039679146
AAATAAC,0.580250177389616
AAATAAG,0.60164956614958
AAATAAT,0.558515198006751
AAATACA,0.559176813569445
AAATACC,0.577396649172171
AAATACG,0.581415187001406
AAATACT,0.576226945761269
AAATAGA,0.573231472813241
AAATAGC,0.584515260142761
AAATAGG,0.580768127007928
AAATAGT,0.577786246460798
AAATATA,0.573231472813241
AAATATC,0.583095586147387
AAATATG,0.574013766009972
AAATATT,0.5968203327559
AAATCAA,0.577656397562309
AAATCAC,0.583482969889039
AAATCAG,0.577136833295278
AAATCAT,0.581156413244243
AAATCCA,0.58193253371076
AAATCCC,0.602536623644036
AAATCCG,0.590814891189964
AAATCCT,0.58991736997067
AAATCGA,0.587862862945452
AAATCGC,0.589660787309871
AAATCGG,0.599619046504733
AAATCGT,0.589789086869603
AAATCTA,0.581673893812035
AAATCTC,0.584128276164583
AAATCTG,0.607968495641918
AAATCTT,0.582320368174716
AAATGAA,0.566688453304969
AAATGAC,0.591455484942821
AAATGAG,0.5828372469244
AAATGAT,0.578045893686512
AAATGCA,0.608346364662966
AAATGCC,0.573883426301924
AAATGCG,0.599873087051936
AAATGCT,0.574274394471818
AAATGGA,0.594779973507507
AAATGGC,0.596183167581016
AAATGGG,0.598093446459144
AAATGGT,0.578305473513043
AAATGTA,0.567869360687349
AAATGTC,0.613120387601606
AAATGTG,0.569703560336357
AAATGTT,0.579083808947226
AAATTAA,0.562478341241078
AAATTAC,0.591455484942821
AAATTAG,0.560102340577888
AAATTAT,0.570227000041552
AAATTCA,0.582320368174716
AAATTCC,0.574013766009972
AAATTCG,0.60215655249389
AAATTCT,0.572840096601631
AAATTGA,0.573753069603222
AAATTGC,0.603928983279588
AAATTGG,0.568524818264561
AAATTGT,0.578694716955889
AAATTTA,0.562214619779868
AAATTTC,0.577136833295278
AAATTTG,0.579343119526575
AAATTTT,0.55957357289608
AACAAAA,0.555997059136175
AACAAAC,0.577006900038337
AACAAAG,0.574013766009972
AACAAAT,0.580509185732748
AACAACA,0.584128276164583
AACAACC,0.587091333278893
AACAACG,0.58991736997067
AACAACT,0.581803222123222
AACAAGA,0.571534401855553
AACAAGC,0.587348575979862
AACAAGG,0.605698278111837
AACAAGT,0.587091333278893
AACAATA,0.580768127007928
AACAATC,0.587091333278893
AACAATG,0.581544548772872
AACAATT,0.586190462349018
AACACAA,0.592095668598014
AACACAC,0.582061828578973
AACACAG,0.576486998118223
AACACAT,0.580897572505889
AACACCA,0.585417640797094
AACACCC,0.584902094422268
AACACCG,0.589789086869603
AACACCT,0.587219962901104
AACACGA,0.58953247128725
AACACGC,0.591071177936452
AACACGG,0.584128276164583
AACACGT,0.58876222919411
AACACTA,0.587734315997968
AACACTC,0.58399924821879
AACACTG,0.579602362881379
AACACTT,0.575966825759495
AACAGAA,0.56944173770197
AACAGAC,0.580897572505889
AACAGAG,0.586962687108975
AACAGAT,0.590302120564091
AACAGCA,0.570880914610975
AACAGCC,0.603296332856412
AACAGCG,0.589660787309871
AACAGCT,0.573622695909435
AACAGGA,0.576486998118223
AACAGGC,0.582061828578973
AACAGGG,0.577136833295278
AACAGGT,0.581803222123222
AACAGTA,0.582191106732185
AACAGTC,0.587477172519424
AACAGTG,0.581156413244243
AACAGTT,0.580250177389616
AACATAA,0.584257287464313
AACATAC,0.586190462349018
AACATAG,0.583224730736007
AACATAT,0.588890644082858
AACATCA,0.612618930798012
AACATCC,0.612117222409328
AACATCG,0.601015471549574
AACATCT,0.585288779118878
AACATGA,0.587219962901104
AACATGC,0.62508052544241
AACATGG,0.58991736997067
AACATGT,0.611615262182983
AACATTA,0.582578840945013
AACATTC,0.587348575979862
AACATTG,0.592095668598014
AACATTT,0.590558538743741
AACCAAA,0.629652239300589
AACCAAC,0.582966424878287
AACCAAG,0.597202437081699
AACCAAT,0.57791607850074
AACCACA,0.59452463563685
AACCACC,0.585159900833189
AACCACG,0.590173886813694
AACCACT,0.582191106732185
AACCAGA,0.574795447702402
AACCAGC,0.582191106732185
AACCAGG,0.595418033090983
AACCAGT,0.587477172519424
AACCATA,0.588505349934872
AACCATC,0.590302120564091
AACCATG,0.610233570956112
AACCATT,0.585932921520805
AACCCAA,0.586834024387089
AACCCAC,0.583741142371829
AACCCAG,0.594652312721857
AACCCAT,0.587734315997968
AACCCCA,0.589660787309871
AACCCCC,0.574925668599774
AACCCCG,0.576876949896551
AACCCCT,0.59783895335096
AACCCGA,0.626565534730252
AACCCGC,0.610107867946549
AACCCGG,0.5828372469244
AACCCGT,0.590430337872701
AACCCTA,0.579343119526575
AACCCTC,0.593502631680091
AACCCTG,0.578824431108459
AACCCTT,0.576616998940885
AACCGAA,0.587477172519424
AACCGAC,0.591071177936452
AACCGAG,0.612368108067583
AACCGAT,0.59094304277357
AACCGCA,0.611740775863176
AACCGCC,0.598983662645568
AACCGCG,0.616748448661392
AACCGCT,0.586061700225821
AACCGGA,0.616123859232518
AACCGGC,0.586061700225821
AACCGGG,0.613496315253309
AACCGGT,0.643000042496681
AACCGTA,0.602029830002822
AACCGTC,0.589275789836436
AACCGTG,0.590558538743741
AACCGTT,0.604687635840457
AACCTAA,0.584257287464313
AACCTAC,0.596565515401411
AACCTAG,0.58876222919411
AACCTAT,0.590173886813694
AACCTCA,0.584773166288469
AACCTCC,0.567082244068559
AACCTCG,0.599746074845409
AACCTCT,0.604434815598521
AACCTGA,0.577396649172171
AACCTGC,0.597584395459547
AACCTGG,0.592991237750122
AACCTGT,0.621606903657348
AACCTTA,0.600380974618477
AACCTTC,0.618121173752736
AACCTTG,0.59860223845766
AACCTTT,0.594141506544053
AACGAAA,0.590173886813694
AACGAAC,0.590430337872701
AACGAAG,0.587605752524042
AACGAAT,0.590430337872701
AACGACA,0.59171160758721
AACGACC,0.600127063078929
AACGACG,0.604181931422346
AACGACT,0.589147424399788
AACGAGA,0.59860223845766
AACGAGC,0.600127063078929
AACGAGG,0.595928187793339
AACGAGT,0.601269157640731
AACGATA,0.605572003671495
AACGATC,0.590302120564091
AACGATG,0.603675971137878
AACGATT,0.591967664649587
AACGCAA,0.58876222919411
AACGCAC,0.589404138797514
AACGCAG,0.602663281933288
AACGCAT,0.590302120564091
AACGCCA,0.590302120564091
AACGCCC,0.585031005935747
AACGCCG,0.652563980132079
AACGCCT,0.58644793686703
AACGCGA,0.61562390665668
AACGCGC,0.613245712521896
AACGCGG,0.601903091451128
AACGCGT,0.591327399016872
AACGCTA,0.602536623644036
AACGCTC,0.591071177936452
AACGCTG,0.597075085195045
AACGCTT,0.58863379781286
AACGGAA,0.597711682505219
AACGGAC,0.591199296682817
AACGGAG,0.587091333278893
AACGGAT,0.589019042483339
AACGGCA,0.590173886813694
AACGGCC,0.589275789836436
AACGGCG,0.616248808331148
AACGGCT,0.608094467847933
AACGGGA,0.598983662645568
AACGGGC,0.61724783947584
AACGGGG,0.638733439066613
AACGGGT,0.598856537413848
AACGGTA,0.590173886813694
AACGGTC,0.602029830002822
AACGGTG,0.589019042483339
AACGGTT,0.589019042483339
AACGTAA,0.590430337872701
AACGTAC,0.590814891189964
AACGTAG,0.587605752524042
AACGTAT,0.58953247128725
AACGTCA,0.591967664649587
AACGTCC,0.60278992418225
AACGTCG,0.593119110752555
AACGTCT,0.587862862945452
AACGTGA,0.604181931422346
AACGTGC,0.587091333278893
AACGTGG,0.587477172519424
AACGTGT,0.582061828578973
AACGTTA,0.60164956614958
AACGTTC,0.591071177936452
AACGTTG,0.588376885555907
AACGTTT,0.582708052281413
AACTAAA,0.584257287464313
AACTAAC,0.600507906215692
AACTAAG,0.578954128437451
AACTAAT,0.591199296682817
AACTACA,0.585417640797094
AACTACC,0.598983662645568
AACTACG,0.605445713283905
AACTACT,0.584902094422268
AACTAGA,0.596565515401411
AACTAGC,0.58876222919411
AACTAGG,0.587091333278893
AACTAGT,0.585675314348227
AACTATA,0.582320368174716
AACTATC,0.587091333278893
AACTATG,0.596310633098488
AACTATT,0.580638664751661
AACTCAA,0.585804126229698
AACTCAC,0.588376885555907
AACTCAG,0.576616998940885
AACTCAT,0.579731959360468
AACTCCA,0.589789086869603
AACTCCC,0.571403738565818
AACTCCG,0.576096894218184
AACTCCT,0.555997059136175
AACTCGA,0.587091333278893
AACTCGC,0.602916550394983
AACTCGG,0.603296332856412
AACTCGT,0.587477172519424
AACTCTA,0.577786246460798
AACTCTC,0.579731959360468
AACTCTG,0.590173886813694
AACTCTT,0.582191106732185
AACTGAA,0.602916550394983
AACTGAC,0.582191106732185
AACTGAG,0.590558538743741
AACTGAT,0.588890644082858
AACTGCA,0.589789086869603
AACTGCC,0.600634821703321
AACTGCG,0.613120387601606
AACTGCT,0.58953247128725
AACTGGA,0.590558538743741
AACTGGC,0.620487814989468
AACTGGG,0.599492002025808
AACTGGT,0.598347874817064
AACTGTA,0.589789086869603
AACTGTC,0.581027001249882
AACTGTG,0.576876949896551
AACTGTT,0.581673893812035
AACTTAA,0.585546485872118
AACTTAC,0.588505349934872
AACTTAG,0.579731959360468
AACTTAT,0.584773166288469
AACTTCA,0.584386282122275
AACTTCC,0.6228488684571
AACTTCG,0.603675971137878
AACTTCT,0.575966825759495
AACTTGA,0.578694716955889
AACTTGC,0.598093446459144
AACTTGG,0.58012064805671
AACTTGT,0.585675314348227
AACTTTA,0.576226945761269
AACTTTC,0.579213472642148
AACTTTG,0.580897572505889
AACTTTT,0.570488617184069
AAGAAAA,0.556660342285054
AAGAAAC,0.572709603818061
AAGAAAG,0.603296332856412
AAGAAAT,0.58644793686703
AAGAACA,0.580250177389616
AAGAACC,0.584773166288469
AAGAACG,0.585159900833189
AAGAACT,0.583353858648456
AAGAAGA,0.576096894218184
AAGAAGC,0.621482622298998
AAGAAGG,0.713558784957057
AAGAAGT,0.577526531800893
AAGAATA,0.58012064805671
AAGAATC,0.58012064805671
AAGAATG,0.60215655249389
AAGAATT,0.596692932195141
AAGACAA,0.577656397562309
AAGACAC,0.620860983713775
AAGACAG,0.5828372469244
AAGACAT,0.586319207894665
AAGACCA,0.590302120564091
AAGACCC,0.622103874689752
AAGACCG,0.592095668598014
AAGACCT,0.59860223845766
AAGACGA,0.590173886813694
AAGACGC,0.601776336834739
AAGACGG,0.596565515401411
AAGACGT,0.588248404671725
AAGACTA,0.597711682505219
AAGACTC,0.582449612910886
AAGACTG,0.60215655249389
AAGACTT,0.605193084650867
AAGAGAA,0.562214619779868
AAGAGAC,0.606581753009355
AAGAGAG,0.580250177389616
AAGAGAT,0.581803222123222
AAGAGCA,0.612618930798012
AAGAGCC,0.587219962901104
AAGAGCG,0.62036339446275
AAGAGCT,0.573622695909435
AAGAGGA,0.594396942248324
AAGAGGC,0.627307213222324
AAGAGGG,0.570750165900958
AAGAGGT,0.580250177389616
AAGAGTA,0.58863379781286
AAGAGTC,0.596055685814014
AAGAGTG,0.602663281933288
AAGAGTT,0.580379689946847
AAGATAA,0.588890644082858
AAGATAC,0.587219962901104
AAGATAG,0.591199296682817
AAGATAT,0.579083808947226
AAGATCA,0.574534955024169
AAGATCC,0.600888604366176
AAGATCG,0.583353858648456
AAGATCT,0.599364941404532
AAGATGA,0.617372648221807
AAGATGC,0.620860983713775
AAGATGG,0.695486194828695
AAGATGT,0.595545596167817
AAGATTA,0.597584395459547
AAGATTC,0.587348575979862
AAGATTG,0.593886005575712
AAGATTT,0.574144088731795
AAGCAAA,0.56616315761554
AAGCAAC,0.579731959360468
AAGCAAG,0.629898764558385
AAGCAAT,0.592991237750122
AAGCACA,0.586705345108978
AAGCACC,0.585804126229698
AAGCACG,0.592223656163528
AAGCACT,0.604561233709248
AAGCAGA,0.586319207894665
AAGCAGC,0.596692932195141
AAGCAGG,0.696985573612844
AAGCAGT,0.582578840945013
AAGCATA,0.592991237750122
AAGCATC,0.583612064462063
AAGCATG,0.587091333278893
AAGCATT,0.574404683234469
AAGCCAA,0.58863379781286
AAGCCAC,0.592863348394092
AAGCCAG,0.611113049866023
AAGCCAT,0.605698278111837
AAGCCCA,0.598983662645568
AAGCCCC,0.592095668598014
AAGCCCG,0.5968203327559
AAGCCCT,0.576486998118223
AAGCCGA,0.589275789836436
AAGCCGC,0.584644221530062
AAGCCGG,0.596055685814014
AAGCCGT,0.602029830002822
AAGCCTA,0.586962687108975
AAGCCTC,0.591071177936452
AAGCCTG,0.599110771718517
AAGCCTT,0.588890644082858
AAGCGAA,0.611489732747127
AAGCGAC,0.591199296682817
AAGCGAG,0.610736225041458
AAGCGAT,0.572318023266031
AAGCGCA,0.634693899523024
AAGCGCC,0.622972980142991
AAGCGCG,0.598347874817064
AAGCGCT,0.593886005575712
AAGCGGA,0.613496315253309
AAGCGGC,0.625575773606837
AAGCGGG,0.595673142974388
AAGCGGT,0.599746074845409
AAGCGTA,0.59094304277357
AAGCGTC,0.626565534730252
AAGCGTG,0.584386282122275
AAGCGTT,0.601015471549574
AAGCTAA,0.65581180672475
AAGCTAC,0.58876222919411
AAGCTAG,0.589019042483339
AAGCTAT,0.619367472558939
AAGCTCA,0.57674698286553
AAGCTCC,0.58991736997067
AAGCTCG,0.645551293930541
AAGCTCT,0.619118337027583
AAGCTGA,0.616123859232518
AAGCTGC,0.594779973507507
AAGCTGG,0.612869690632174
AAGCTGT,0.585417640797094
AAGCTTA,0.580638664751661
AAGCTTC,0.584902094422268
AAGCTTG,0.579731959360468
AAGCTTT,0.593886005575712
AAGGAAA,0.572840096601631
AAGGAAC,0.584902094422268
AAGGAAG,0.576876949896551
AAGGAAT,0.585675314348227
AAGGACA,0.601015471549574
AAGGACC,0.612995046973011
AAGGACG,0.627307213222324
AAGGACT,0.592863348394092
AAGGAGA,0.590302120564091
AAGGAGC,0.597329772751914
AAGGAGG,0.634203147671828
AAGGAGT,0.619367472558939
AAGGATA,0.601522779391576
AAGGATC,0.597202437081699
AAGGATG,0.623717326954286
AAGGATT,0.583741142371829
AAGGCAA,0.587734315997968
AAGGCAC,0.593119110752555
AAGGCAG,0.620487814989468
AAGGCAT,0.59171160758721
AAGGCCA,0.61412254746191
AAGGCCC,0.60822042418695
AAGGCCG,0.587862862945452
AAGGCCT,0.604181931422346
AAGGCGA,0.610987457367946
AAGGCGC,0.612242673106407
AAGGCGG,0.711402696795542
AAGGCGT,0.599237864636803
AAGGCTA,0.606581753009355
AAGGCTC,0.604434815598521
AAGGCTG,0.588248404671725
AAGGCTT,0.601522779391576
AAGGGAA,0.614498098633422
AAGGGAC,0.621855420046076
AAGGGAG,0.641904653357622
AAGGGAT,0.57518605953311
AAGGGCA,0.598093446459144
AAGGGCC,0.625204360479547
AAGGGCG,0.617497441392495
AAGGGCT,0.640198326169488
AAGGGGA,0.598729396019249
AAGGGGC,0.584773166288469
AAGGGGG,0.611238626592606
AAGGGGT,0.604940392180474
AAGGGTA,0.595673142974388
AAGGGTC,0.582061828578973
AAGGGTG,0.620114506958278
AAGGGTT,0.594779973507507
AAGGTAA,0.597457092209821
AAGGTAC,0.585159900833189
AAGGTAG,0.587605752524042
AAGGTAT,0.583741142371829
AAGGTCA,0.601142322639731
AAGGTCC,0.635061805426499
AAGGTCG,0.60278992418225
AAGGTCT,0.594141506544053
AAGGTGA,0.58399924821879
AAGGTGC,0.597075085195045
AAGGTGG,0.589275789836436
AAGGTGT,0.593758230607092
AAGGTTA,0.597584395459547
AAGGTTC,0.587734315997968
AAGGTTG,0.592863348394092
AAGGTTT,0.625699547333877
AAGTAAA,0.571011646228002
AAGTAAC,0.586705345108978
AAGTAAG,0.586962687108975
AAGTAAT,0.57674698286553
AAGTACA,0.583224730736007
AAGTACC,0.611740775863176
AAGTACG,0.604181931422346
AAGTACT,0.584128276164583
AAGTAGA,0.578694716955889
AAGTAGC,0.574925668599774
AAGTAGG,0.623965319486238
AAGTAGT,0.579343119526575
AAGTATA,0.577786246460798
AAGTATC,0.586319207894665
AAGTATG,0.594779973507507
AAGTATT,0.580638664751661
AAGTCAA,0.596947717087823
AAGTCAC,0.586319207894665
AAGTCAG,0.570227000041552
AAGTCAT,0.579861539046485
AAGTCCA,0.583482969889039
AAGTCCC,0.618121173752736
AAGTCCG,0.613997332389603
AAGTCCT,0.590302120564091
AAGTCGA,0.60164956614958
AAGTCGC,0.60278992418225
AAGTCGG,0.615873914188671
AAGTCGT,0.58876222919411
AAGTCTA,0.600254026907587
AAGTCTC,0.582966424878287
AAGTCTG,0.617372648221807
AAGTCTT,0.592991237750122
AAGTGAA,0.578954128437451
AAGTGAC,0.592863348394092
AAGTGAG,0.596947717087823
AAGTGAT,0.578564985975374
AAGTGCA,0.607590483781898
AAGTGCC,0.583741142371829
AAGTGCG,0.587219962901104
AAGTGCT,0.558515198006751
AAGTGGA,0.592223656163528
AAGTGGC,0.597457092209821
AAGTGGG,0.634693899523024
AAGTGGT,0.593630439309943
AAGTGTA,0.582966424878287
AAGTGTC,0.622103874689752
AAGTGTG,0.58193253371076
AAGTGTT,0.568655858240813
AAGTTAA,0.59171160758721
AAGTTAC,0.584257287464313
AAGTTAG,0.577786246460798
AAGTTAT,0.580250177389616
AAGTTCA,0.61799645840017
AAGTTCC,0.597966208000895
AAGTTCG,0.597075085195045
AAGTTCT,0.620487814989468
AAGTTGA,0.629898764558385
AAGTTGC,0.604940392180474
AAGTTGG,0.589789086869603
AAGTTGT,0.611364187551654
AAGTTTA,0.585031005935747
AAGTTTC,0.583870203622638
AAGTTTG,0.583095586147387
AAGTTTT,0.596310633098488
AATAAAA,0.558118018454266
AATAAAC,0.577396649172171
AATAAAG,0.577786246460798
AATAAAT,0.573231472813241
AATAACA,0.585417640797094
AATAACC,0.587605752524042
AATAACG,0.587348575979862
AATAACT,0.580897572505889
AATAAGA,0.578175692022488
AATAAGC,0.623593307621885
AATAAGG,0.591583554464867
AATAAGT,0.579991101943782
AATAATA,0.575966825759495
AATAATC,0.586061700225821
AATAATG,0.580768127007928
AATAATT,0.566031790566925
AATACAA,0.563532532145586
AATACAC,0.593630439309943
AATACAG,0.581027001249882
AATACAT,0.587091333278893
AATACCA,0.580509185732748
AATACCC,0.582320368174716
AATACCG,0.589404138797514
AATACCT,0.583612064462063
AATACGA,0.587991393370742
AATACGC,0.586190462349018
AATACGG,0.58953247128725
AATACGT,0.587605752524042
AATACTA,0.591839644314051
AATACTC,0.583870203622638
AATACTG,0.585159900833189
AATACTT,0.581673893812035
AATAGAA,0.57466520984534
AATAGAC,0.590302120564091
AATAGAG,0.581027001249882
AATAGAT,0.582578840945013
AATAGCA,0.585546485872118
AATAGCC,0.587477172519424
AATAGCG,0.591327399016872
AATAGCT,0.583353858648456
AATAGGA,0.594907617997961
AATAGGC,0.593630439309943
AATAGGG,0.586319207894665
AATAGGT,0.58644793686703
AATAGTA,0.5828372469244
AATAGTC,0.589147424399788
AATAGTG,0.585288779118878
AATAGTT,0.579991101943782
AATATAA,0.582191106732185
AATATAC,0.583482969889039
AATATAG,0.581285808493306
AATATAT,0.578824431108459
AATATCA,0.588505349934872
AATATCC,0.586061700225821
AATATCG,0.591583554464867
AATATCT,0.583353858648456
AATATGA,0.581156413244243
AATATGC,0.585804126229698
AATATGG,0.581415187001406
AATATGT,0.579991101943782
AATATTA,0.572579094003902
AATATTC,0.579213472642148
AATATTG,0.576486998118223
AATATTT,0.602409949310429
AATCAAA,0.579083808947226
AATCAAC,0.585675314348227
AATCAAG,0.577266749671761
AATCAAT,0.584257287464313
AATCACA,0.585546485872118
AATCACC,0.592991237750122
AATCACG,0.590430337872701
AATCACT,0.594396942248324
AATCAGA,0.595162858109918
AATCAGC,0.583482969889039
AATCAGG,0.579861539046485
AATCAGT,0.578175692022488
AATCATA,0.58863379781286
AATCATC,0.58953247128725
AATCATG,0.613872101636518
AATCATT,0.580638664751661
AATCCAA,0.585159900833189
AATCCAC,0.588248404671725
AATCCAG,0.581027001249882
AATCCAT,0.586576649270379
AATCCCA,0.556129750966183
AATCCCC,0.596183167581016
AATCCCG,0.611740775863176
AATCCCT,0.589275789836436
AATCCGA,0.592351627350321
AATCCGC,0.589789086869603
AATCCGG,0.614998614235918
AATCCGT,0.590430337872701
AATCCTA,0.599619046504733
AATCCTC,0.586190462349018
AATCCTG,0.58193253371076
AATCCTT,0.573753069603222
AATCGAA,0.588505349934872
AATCGAC,0.605824536608957
AATCGAG,0.588248404671725
AATCGAT,0.588376885555907
AATCGCA,0.603675971137878
AATCGCC,0.591583554464867
AATCGCG,0.603675971137878
AATCGCT,0.569965314437595
AATCGGA,0.58863379781286
AATCGGC,0.603928983279588
AATCGGG,0.590302120564091
AATCGGT,0.590814891189964
AATCGTA,0.592095668598014
AATCGTC,0.592479582162585
AATCGTG,0.58863379781286
AATCGTT,0.586319207894665
AATCTAA,0.598093446459144
AATCTAC,0.59094304277357
AATCTAG,0.598093446459144
AATCTAT,0.586834024387089
AATCTCA,0.578175692022488
AATCTCC,0.582320368174716
AATCTCG,0.588505349934872
AATCTCT,0.578175692022488
AATCTGA,0.607338396466889
AATCTGC,0.634448553702098
AATCTGG,0.584773166288469
AATCTGT,0.609479115770738
AATCTTA,0.589404138797514
AATCTTC,0.597966208000895
AATCTTG,0.585417640797094
AATCTTT,0.598983662645568
AATGAAA,0.570096165799493
AATGAAC,0.595928187793339
AATGAAG,0.605950779166882
AATGAAT,0.577786246460798
AATGACA,0.590173886813694
AATGACC,0.589275789836436
AATGACG,0.61412254746191
AATGACT,0.578824431108459
AATGAGA,0.594907617997961
AATGAGC,0.594907617997961
AATGAGG,0.572579094003902
AATGAGT,0.591455484942821
AATGATA,0.584128276164583
AATGATC,0.584386282122275
AATGATG,0.608346364662966
AATGATT,0.595162858109918
AATGCAA,0.583095586147387
AATGCAC,0.590686723181425
AATGCAG,0.619367472558939
AATGCAT,0.583095586147387
AATGCCA,0.580638664751661
AATGCCC,0.590302120564091
AATGCCG,0.586705345108978
AATGCCT,0.580897572505889
AATGCGA,0.590045636617293
AATGCGC,0.601395976556652
AATGCGG,0.587477172519424
AATGCGT,0.603928983279588
AATGCTA,0.585417640797094
AATGCTC,0.602409949310429
AATGCTG,0.579213472642148
AATGCTT,0.573883426301924
AATGGAA,0.579731959360468
AATGGAC,0.592223656163528
AATGGAG,0.585932921520805
AATGGAT,0.60164956614958
AATGGCA,0.57310103109478
AATGGCC,0.582191106732185
AATGGCG,0.607212328974874
AATGGCT,0.58876222919411
AATGGGA,0.580250177389616
AATGGGC,0.605572003671495
AATGGGG,0.571534401855553
AATGGGT,0.59260752060451
AATGGTA,0.593246967405575
AATGGTC,0.586962687108975
AATGGTG,0.596438082370573
AATGGTT,0.586190462349018
AATGTAA,0.575836740380802
AATGTAC,0.581415187001406
AATGTAG,0.582966424878287
AATGTAT,0.598856537413848
AATGTCA,0.586705345108978
AATGTCC,0.631130480050028
AATGTCG,0.588890644082858
AATGTCT,0.58012064805671
AATGTGA,0.589660787309871
AATGTGC,0.5828372469244
AATGTGG,0.59260752060451
AATGTGT,0.593758230607092
AATGTTA,0.578954128437451
AATGTTC,0.585031005935747
AATGTTG,0.595545596167817
AATGTTT,0.56944173770197
AATTAAA,0.570880914610975
AATTAAC,0.578175692022488
AATTAAG,0.582708052281413
AATTAAT,0.575316229577901
AATTACA,0.57310103109478
AATTACC,0.578564985975374
AATTACG,0.590558538743741
AATTACT,0.590045636617293
AATTAGA,0.591327399016872
AATTAGC,0.578564985975374
AATTAGG,0.587477172519424
AATTAGT,0.596055685814014
AATTATA,0.584128276164583
AATTATC,0.582191106732185
AATTATG,0.587862862945452
AATTATT,0.582449612910886
AATTCAA,0.605950779166882
AATTCAC,0.619990039972815
AATTCAG,0.578694716955889
AATTCAT,0.5828372469244
AATTCCA,0.599873087051936
AATTCCC,0.577786246460798
AATTCCG,0.589789086869603
AATTCCT,0.579343119526575
AATTCGA,0.58863379781286
AATTCGC,0.592095668598014
AATTCGG,0.589275789836436
AATTCGT,0.604434815598521
AATTCTA,0.582966424878287
AATTCTC,0.594141506544053
AATTCTG,0.573231472813241
AATTCTT,0.576876949896551
AATTGAA,0.571534401855553
AATTGAC,0.584773166288469
AATTGAG,0.58012064805671
AATTGAT,0.586834024387089
AATTGCA,0.579213472642148
AATTGCC,0.601269157640731
AATTGCG,0.613872101636518
AATTGCT,0.574795447702402
AATTGGA,0.580768127007928
AATTGGC,0.607086245587843
AATTGGG,0.603296332856412
AATTGGT,0.585804126229698
AATTGTA,0.579472749604867
AATTGTC,0.590686723181425
AATTGTG,0.576876949896551
AATTGTT,0.582578840945013
AATTTAA,0.559309084169979
AATTTAC,0.587605752524042
AATTTAG,0.577396649172171
AATTTAT,0.570227000041552
AATTTCA,0.582191106732185
AATTTCC,0.580768127007928
AATTTCG,0.587605752524042
AATTTCT,0.570880914610975
AATTTGA,0.578824431108459
AATTTGC,0.594141506544053
AATTTGG,0.580379689946847
AATTTGT,0.574404683234469
AATTTTA,0.562214619779868
AATTTTC,0.575706638077701
AATTTTG,0.560102340577888
AATTTTT,0.559044525471085
ACAAAAA,0.552940277354461
ACAAAAC,0.557455701773109
ACAAAAG,0.571926289318604
ACAAAAT,0.589147424399788
ACAAACA,0.575576518845788
ACAAACC,0.596692932195141
ACAAACG,0.59094304277357
ACAAACT,0.576486998118223
ACAAAGA,0.577786246460798
ACAAAGC,0.573753069603222
ACAAAGG,0.578824431108459
ACAAAGT,0.581156413244243
ACAAATA,0.582966424878287
ACAAATC,0.580897572505889
ACAAATG,0.588890644082858
ACAAATT,0.574013766009972
ACAACAA,0.584128276164583
ACAACAC,0.582708052281413
ACAACAG,0.593758230607092
ACAACAT,0.60000008312841
ACAACCA,0.58991736997067
ACAACCC,0.588248404671725
ACAACCG,0.591455484942821
ACAACCT,0.587348575979862
ACAACGA,0.58991736997067
ACAACGC,0.591327399016872
ACAACGG,0.587477172519424
ACAACGT,0.590045636617293
ACAACTA,0.596947717087823
ACAACTC,0.587091333278893
ACAACTG,0.586061700225821
ACAACTT,0.581803222123222
ACAAGAA,0.572448567154708
ACAAGAC,0.587734315997968
ACAAGAG,0.577656397562309
ACAAGAT,0.580250177389616
ACAAGCA,0.58399924821879
ACAAGCC,0.584257287464313
ACAAGCG,0.587091333278893
ACAAGCT,0.58644793686703
ACAAGGA,0.591839644314051
ACAAGGC,0.578564985975374
ACAAGGG,0.584644221530062
ACAAGGT,0.598983662645568
ACAAGTA,0.587991393370742
ACAAGTC,0.599492002025808
ACAAGTG,0.586705345108978
ACAAGTT,0.58399924821879
ACAATAA,0.583095586147387
ACAATAC,0.587734315997968
ACAATAG,0.586319207894665
ACAATAT,0.583353858648456
ACAATCA,0.588248404671725
ACAATCC,0.584773166288469
ACAATCG,0.592351627350321
ACAATCT,0.598220668729828
ACAATGA,0.598729396019249
ACAATGC,0.582191106732185
ACAATGG,0.608849968016894
ACAATGT,0.582191106732185
ACAATTA,0.590045636617293
ACAATTC,0.590814891189964
ACAATTG,0.582966424878287
ACAATTT,0.581027001249882
ACACAAA,0.579602362881379
ACACAAC,0.589275789836436
ACACAAG,0.583870203622638
ACACAAT,0.594907617997961
ACACACA,0.55573162264311
ACACACC,0.58012064805671
ACACACG,0.585417640797094
ACACACT,0.57310103109478
ACACAGA,0.596692932195141
ACACAGC,0.601776336834739
ACACAGG,0.590173886813694
ACACAGT,0.616748448661392
ACACATA,0.581285808493306
ACACATC,0.586576649270379
ACACATG,0.583353858648456
ACACATT,0.594779973507507
ACACCAA,0.584386282122275
ACACCAC,0.600888604366176
ACACCAG,0.605445713283905
ACACCAT,0.588248404671725
ACACCCA,0.60910167461965
ACACCCC,0.608598198041972
ACACCCG,0.582578840945013
ACACCCT,0.576486998118223
ACACCGA,0.588376885555907
ACACCGC,0.582708052281413
ACACCGG,0.600888604366176
ACACCGT,0.601142322639731
ACACCTA,0.595418033090983
ACACCTC,0.59860223845766
ACACCTG,0.574534955024169
ACACCTT,0.587348575979862
ACACGAA,0.588505349934872
ACACGAC,0.59171160758721
ACACGAG,0.601142322639731
ACACGAT,0.590173886813694
ACACGCA,0.612493527296803
ACACGCC,0.58991736997067
ACACGCG,0.590686723181425
ACACGCT,0.586962687108975
ACACGGA,0.585288779118878
ACACGGC,0.595673142974388
ACACGGG,0.587091333278893
ACACGGT,0.588890644082858
ACACGTA,0.59094304277357
ACACGTC,0.590686723181425
ACACGTG,0.587734315997968
ACACGTT,0.58863379781286
ACACTAA,0.582708052281413
ACACTAC,0.58953247128725
ACACTAG,0.585417640797094
ACACTAT,0.588505349934872
ACACTCA,0.587091333278893
ACACTCC,0.58953247128725
ACACTCG,0.590430337872701
ACACTCT,0.58399924821879
ACACTGA,0.604308381504234
ACACTGC,0.579343119526575
ACACTGG,0.58399924821879
ACACTGT,0.585031005935747
ACACTTA,0.58399924821879
ACACTTC,0.584128276164583
ACACTTG,0.580768127007928
ACACTTT,0.576876949896551
ACAGAAA,0.563005575608133
ACAGAAC,0.573361897518879
ACAGAAG,0.607716503612901
ACAGAAT,0.587477172519424
ACAGACA,0.57791607850074
ACAGACC,0.582320368174716
ACAGACG,0.601015471549574
ACAGACT,0.585804126229698
ACAGAGA,0.587091333278893
ACAGAGC,0.586834024387089
ACAGAGG,0.589275789836436
ACAGAGT,0.605066746397356
ACAGATA,0.589019042483339
ACAGATC,0.586319207894665
ACAGATG,0.57674698286553
ACAGATT,0.586705345108978
ACAGCAA,0.589275789836436
ACAGCAC,0.59783895335096
ACAGCAG,0.578435238162548
ACAGCAT,0.598093446459144
ACAGCCA,0.626070776621924
ACAGCCC,0.601522779391576
ACAGCCG,0.660604095136645
ACAGCCT,0.573883426301924
ACAGCGA,0.61412254746191
ACAGCGC,0.597711682505219
ACAGCGG,0.599364941404532
ACAGCGT,0.600634821703321
ACAGCTA,0.585031005935747
ACAGCTC,0.603043160575548
ACAGCTG,0.597457092209821
ACAGCTT,0.590814891189964
ACAGGAA,0.579731959360468
ACAGGAC,0.596565515401411
ACAGGAG,0.567475879822024
ACAGGAT,0.595418033090983
ACAGGCA,0.567607057314239
ACAGGCC,0.633589368986238
ACAGGCG,0.547334102641582
ACAGGCT,0.606707900016554
ACAGGGA,0.574795447702402
ACAGGGC,0.582061828578973
ACAGGGG,0.583482969889039
ACAGGGT,0.569834445951377
ACAGGTA,0.599619046504733
ACAGGTC,0.600380974618477
ACAGGTG,0.561555011689346
ACAGGTT,0.586190462349018
ACAGTAA,0.590814891189964
ACAGTAC,0.599746074845409
ACAGTAG,0.585675314348227
ACAGTAT,0.591071177936452
ACAGTCA,0.585932921520805
ACAGTCC,0.587477172519424
ACAGTCG,0.600127063078929
ACAGTCT,0.58399924821879
ACAGTGA,0.580638664751661
ACAGTGC,0.609353317882136
ACAGTGG,0.583482969889039
ACAGTGT,0.580768127007928
ACAGTTA,0.586834024387089
ACAGTTC,0.5828372469244
ACAGTTG,0.594013764219976
ACAGTTT,0.594141506544053
ACATAAA,0.582449612910886
ACATAAC,0.581544548772872
ACATAAG,0.58644793686703
ACATAAT,0.584257287464313
ACATACA,0.580768127007928
ACATACC,0.59094304277357
ACATACG,0.592223656163528
ACATACT,0.583224730736007
ACATAGA,0.589660787309871
ACATAGC,0.584902094422268
ACATAGG,0.587734315997968
ACATAGT,0.587734315997968
ACATATA,0.58644793686703
ACATATC,0.603802485210626
ACATATG,0.590302120564091
ACATATT,0.601522779391576
ACATCAA,0.589147424399788
ACATCAC,0.585288779118878
ACATCAG,0.609730664082566
ACATCAT,0.597457092209821
ACATCCA,0.613496315253309
ACATCCC,0.590302120564091
ACATCCG,0.614998614235918
ACATCCT,0.586319207894665
ACATCGA,0.591199296682817
ACATCGC,0.587477172519424
ACATCGG,0.590686723181425
ACATCGT,0.603296332856412
ACATCTA,0.590173886813694
ACATCTC,0.608346364662966
ACATCTG,0.580768127007928
ACATCTT,0.604308381504234
ACATGAA,0.601395976556652
ACATGAC,0.591327399016872
ACATGAG,0.586576649270379
ACATGAT,0.585159900833189
ACATGCA,0.594269232552113
ACATGCC,0.601395976556652
ACATGCG,0.590173886813694
ACATGCT,0.59847506472497
ACATGGA,0.582320368174716
ACATGGC,0.604434815598521
ACATGGG,0.597711682505219
ACATGGT,0.600507906215692
ACATGTA,0.584902094422268
ACATGTC,0.611364187551654
ACATGTG,0.584386282122275
ACATGTT,0.588890644082858
ACATTAA,0.582061828578973
ACATTAC,0.586319207894665
ACATTAG,0.587477172519424
ACATTAT,0.585159900833189
ACATTCA,0.597711682505219
ACATTCC,0.613997332389603
ACATTCG,0.601776336834739
ACATTCT,0.581415187001406
ACATTGA,0.602663281933288
ACATTGC,0.604308381504234
ACATTGG,0.586705345108978
ACATTGT,0.586190462349018
ACATTTA,0.593502631680091
ACATTTC,0.579861539046485
ACATTTG,0.58012064805671
ACATTTT,0.61949201705279
ACCAAAA,0.602663281933288
ACCAAAC,0.588119907278085
ACCAAAG,0.624832809353289
ACCAAAT,0.584902094422268
ACCAACA,0.579861539046485
ACCAACC,0.586061700225821
ACCAACG,0.592351627350321
ACCAACT,0.582966424878287
ACCAAGA,0.595290453739734
ACCAAGC,0.597202437081699
ACCAAGG,0.646279028997928
ACCAAGT,0.597457092209821
ACCAATA,0.586061700225821
ACCAATC,0.586061700225821
ACCAATG,0.588890644082858
ACCAATT,0.585417640797094
ACCACAA,0.585159900833189
ACCACAC,0.579602362881379
ACCACAG,0.586190462349018
ACCACAT,0.584773166288469
ACCACCA,0.589404138797514
ACCACCC,0.617871727491744
ACCACCG,0.597457092209821
ACCACCT,0.592095668598014
ACCACGA,0.58399924821879
ACCACGC,0.585417640797094
ACCACGG,0.589789086869603
ACCACGT,0.584773166288469
ACCACTA,0.587091333278893
ACCACTC,0.582449612910886
ACCACTG,0.595673142974388
ACCACTT,0.581544548772872
ACCAGAA,0.590045636617293
ACCAGAC,0.583095586147387
ACCAGAG,0.595290453739734
ACCAGAT,0.584773166288469
ACCAGCA,0.589404138797514
ACCAGCC,0.586319207894665
ACCAGCG,0.58876222919411
ACCAGCT,0.603675971137878
ACCAGGA,0.622600598864624
ACCAGGC,0.585546485872118
ACCAGGG,0.60278992418225
ACCAGGT,0.581415187001406
ACCAGTA,0.605066746397356
ACCAGTC,0.578175692022488
ACCAGTG,0.581415187001406
ACCAGTT,0.587091333278893
ACCATAA,0.60215655249389
ACCATAC,0.590045636617293
ACCATAG,0.589789086869603
ACCATAT,0.590045636617293
ACCATCA,0.599237864636803
ACCATCC,0.582966424878287
ACCATCG,0.587348575979862
ACCATCT,0.592863348394092
ACCATGA,0.600888604366176
ACCATGC,0.589789086869603
ACCATGG,0.648459061995603
ACCATGT,0.609479115770738
ACCATTA,0.585031005935747
ACCATTC,0.585417640797094
ACCATTG,0.587477172519424
ACCATTT,0.584128276164583
ACCCAAA,0.582966424878287
ACCCAAC,0.595673142974388
ACCCAAG,0.585675314348227
ACCCAAT,0.585288779118878
ACCCACA,0.597584395459547
ACCCACC,0.587991393370742
ACCCACG,0.59860223845766
ACCCACT,0.609604897836221
ACCCAGA,0.609856414513751
ACCCAGC,0.648821939222961
ACCCAGG,0.560630828812192
ACCCAGT,0.580897572505889
ACCCATA,0.58953247128725
ACCCATC,0.59094304277357
ACCCATG,0.598729396019249
ACCCATT,0.582320368174716
ACCCCAA,0.583224730736007
ACCCCAC,0.57674698286553
ACCCCAG,0.599873087051936
ACCCCAT,0.594779973507507
ACCCCCA,0.64676389165466
ACCCCCC,0.587477172519424
ACCCCCG,0.575966825759495
ACCCCCT,0.585288779118878
ACCCCGA,0.625451984557964
ACCCCGC,0.572579094003902
ACCCCGG,0.610610585205117
ACCCCGT,0.592863348394092
ACCCCTA,0.603296332856412
ACCCCTC,0.602536623644036
ACCCCTG,0.605445713283905
ACCCCTT,0.631745769341476
ACCCGAA,0.588119907278085
ACCCGAC,0.588376885555907
ACCCGAG,0.613997332389603
ACCCGAT,0.600761721085454
ACCCGCA,0.584386282122275
ACCCGCC,0.615873914188671
ACCCGCG,0.648821939222961
ACCCGCT,0.594396942248324
ACCCGGA,0.608849968016894
ACCCGGC,0.626565534730252
ACCCGGG,0.574795447702402
ACCCGGT,0.60215655249389
ACCCGTA,0.58876222919411
ACCCGTC,0.585932921520805
ACCCGTG,0.59860223845766
ACCCGTT,0.586705345108978
ACCCTAA,0.593630439309943
ACCCTAC,0.581415187001406
ACCCTAG,0.587477172519424
ACCCTAT,0.585546485872118
ACCCTCA,0.596310633098488
ACCCTCC,0.583870203622638
ACCCTCG,0.622600598864624
ACCCTCT,0.589147424399788
ACCCTGA,0.60645559008708
ACCCTGC,0.613621593072301
ACCCTGG,0.574013766009972
ACCCTGT,0.573753069603222
ACCCTTA,0.595035246197379
ACCCTTC,0.594907617997961
ACCCTTG,0.585288779118878
ACCCTTT,0.59260752060451
ACCGAAA,0.611364187551654
ACCGAAC,0.588376885555907
ACCGAAG,0.589147424399788
ACCGAAT,0.589404138797514
ACCGACA,0.589789086869603
ACCGACC,0.61599889451966
ACCGACG,0.588890644082858
ACCGACT,0.603549441057294
ACCGAGA,0.584902094422268
ACCGAGC,0.63653207698495
ACCGAGG,0.586705345108978
ACCGAGT,0.589147424399788
ACCGATA,0.592735442680283
ACCGATC,0.603043160575548
ACCGATG,0.58991736997067
ACCGATT,0.58991736997067
ACCGCAA,0.612242673106407
ACCGCAC,0.614748387749153
ACCGCAG,0.584515260142761
ACCGCAT,0.604181931422346
ACCGCCA,0.599110771718517
ACCGCCC,0.590558538743741
ACCGCCG,0.631745769341476
ACCGCCT,0.635919726520525
ACCGCGA,0.589404138797514
ACCGCGC,0.603422894964823
ACCGCGG,0.611740775863176
ACCGCGT,0.601903091451128
ACCGCTA,0.58991736997067
ACCGCTC,0.609982149133754
ACCGCTG,0.581803222123222
ACCGCTT,0.599110771718517
ACCGGAA,0.599364941404532
ACCGGAC,0.604814021996187
ACCGGAG,0.600761721085454
ACCGGAT,0.605824536608957
ACCGGCA,0.589404138797514
ACCGGCC,0.578694716955889
ACCGGCG,0.637388738168556
ACCGGCT,0.58644793686703
ACCGGGA,0.613371021737818
ACCGGGC,0.597075085195045
ACCGGGG,0.661440389495863
ACCGGGT,0.589789086869603
ACCGGTA,0.625575773606837
ACCGGTC,0.604561233709248
ACCGGTG,0.630145229056457
ACCGGTT,0.617497441392495
ACCGTAA,0.60215655249389
ACCGTAC,0.589789086869603
ACCGTAG,0.603802485210626
ACCGTAT,0.604308381504234
ACCGTCA,0.591199296682817
ACCGTCC,0.589660787309871
ACCGTCG,0.603928983279588
ACCGTCT,0.602409949310429
ACCGTGA,0.585675314348227
ACCGTGC,0.600254026907587
ACCGTGG,0.624461120125479
ACCGTGT,0.585804126229698
ACCGTTA,0.603422894964823
ACCGTTC,0.591455484942821
ACCGTTG,0.591071177936452
ACCGTTT,0.611615262182983
ACCTAAA,0.583095586147387
ACCTAAC,0.587219962901104
ACCTAAG,0.585675314348227
ACCTAAT,0.583482969889039
ACCTACA,0.599237864636803
ACCTACC,0.611991755972397
ACCTACG,0.591583554464867
ACCTACT,0.580638664751661
ACCTAGA,0.589019042483339
ACCTAGC,0.602663281933288
ACCTAGG,0.588376885555907
ACCTAGT,0.585675314348227
ACCTATA,0.590173886813694
ACCTATC,0.602916550394983
ACCTATG,0.590686723181425
ACCTATT,0.586319207894665
ACCTCAA,0.589660787309871
ACCTCAC,0.593502631680091
ACCTCAG,0.559705791030898
ACCTCAT,0.587734315997968
ACCTCCA,0.590430337872701
ACCTCCC,0.564717170055477
ACCTCCG,0.569703560336357
ACCTCCT,0.591327399016872
ACCTCGA,0.603422894964823
ACCTCGC,0.612744318575155
ACCTCGG,0.608346364662966
ACCTCGT,0.586705345108978
ACCTCTA,0.598729396019249
ACCTCTC,0.586190462349018
ACCTCTG,0.636654502093919
ACCTCTT,0.5968203327559
ACCTGAA,0.595162858109918
ACCTGAC,0.584515260142761
ACCTGAG,0.565900406258741
ACCTGAT,0.59783895335096
ACCTGCA,0.58953247128725
ACCTGCC,0.587605752524042
ACCTGCG,0.638244666111872
ACCTGCT,0.595162858109918
ACCTGGA,0.604814021996187
ACCTGGC,0.57635698039315
ACCTGGG,0.607716503612901
ACCTGGT,0.585675314348227
ACCTGTA,0.597202437081699
ACCTGTC,0.605319406945039
ACCTGTG,0.593246967405575
ACCTGTT,0.585288779118878
ACCTTAA,0.594907617997961
ACCTTAC,0.586190462349018
ACCTTAG,0.587991393370742
ACCTTAT,0.590302120564091
ACCTTCA,0.606960146301786
ACCTTCC,0.619118337027583
ACCTTCG,0.586962687108975
ACCTTCT,0.604687635840457
ACCTTGA,0.585417640797094
ACCTTGC,0.593758230607092
ACCTTGG,0.622103874689752
ACCTTGT,0.595290453739734
ACCTTTA,0.595418033090983
ACCTTTC,0.614873508819197
ACCTTTG,0.600254026907587
ACCTTTT,0.573361897518879
ACGAAAA,0.58876222919411
ACGAAAC,0.588119907278085
ACGAAAG,0.591327399016872
ACGAAAT,0.590430337872701
ACGAACA,0.590814891189964
ACGAACC,0.591327399016872
ACGAACG,0.61599889451966
ACGAACT,0.590173886813694
ACGAAGA,0.60164956614958
ACGAAGC,0.589275789836436
ACGAAGG,0.59847506472497
ACGAAGT,0.602409949310429
ACGAATA,0.590302120564091
ACGAATC,0.587991393370742
ACGAATG,0.589660787309871
ACGAATT,0.590173886813694
ACGACAA,0.587091333278893
ACGACAC,0.590302120564091
ACGACAG,0.601395976556652
ACGACAT,0.593119110752555
ACGACCA,0.58644793686703
ACGACCC,0.597711682505219
ACGACCG,0.627801360122674
ACGACCT,0.604181931422346
ACGACGA,0.590686723181425
ACGACGC,0.605066746397356
ACGACGG,0.591583554464867
ACGACGT,0.59260752060451
ACGACTA,0.59094304277357
ACGACTC,0.58991736997067
ACGACTG,0.589147424399788
ACGACTT,0.604814021996187
ACGAGAA,0.585031005935747
ACGAGAC,0.598856537413848
ACGAGAG,0.588248404671725
ACGAGAT,0.58644793686703
ACGAGCA,0.602029830002822
ACGAGCC,0.602029830002822
ACGAGCG,0.590045636617293
ACGAGCT,0.613245712521896
ACGAGGA,0.578175692022488
ACGAGGC,0.60215655249389
ACGAGGG,0.603675971137878
ACGAGGT,0.586962687108975
ACGAGTA,0.603296332856412
ACGAGTC,0.617372648221807
ACGAGTG,0.58953247128725
ACGAGTT,0.589147424399788
ACGATAA,0.590814891189964
ACGATAC,0.605572003671495
ACGATAG,0.59260752060451
ACGATAT,0.591327399016872
ACGATCA,0.59094304277357
ACGATCC,0.58876222919411
ACGATCG,0.605824536608957
ACGATCT,0.58953247128725
ACGATGA,0.58991736997067
ACGATGC,0.616498659701327
ACGATGG,0.591199296682817
ACGATGT,0.601903091451128
ACGATTA,0.59260752060451
ACGATTC,0.591327399016872
ACGATTG,0.59171160758721
ACGATTT,0.590302120564091
ACGCAAA,0.611615262182983
ACGCAAC,0.617123015150706
ACGCAAG,0.588890644082858
ACGCAAT,0.599364941404532
ACGCACA,0.588248404671725
ACGCACC,0.617497441392495
ACGCACG,0.616248808331148
ACGCACT,0.589789086869603
ACGCAGA,0.603675971137878
ACGCAGC,0.596438082370573
ACGCAGG,0.589404138797514
ACGCAGT,0.601522779391576
ACGCATA,0.591327399016872
ACGCATC,0.59260752060451
ACGCATG,0.603802485210626
ACGCATT,0.590173886813694
ACGCCAA,0.585804126229698
ACGCCAC,0.589660787309871
ACGCCAG,0.586576649270379
ACGCCAT,0.58953247128725
ACGCCCA,0.582191106732185
ACGCCCC,0.594396942248324
ACGCCCG,0.579731959360468
ACGCCCT,0.586061700225821
ACGCCGA,0.60215655249389
ACGCCGC,0.653166225874586
ACGCCGG,0.600888604366176
ACGCCGT,0.602283258928403
ACGCCTA,0.603802485210626
ACGCCTC,0.600507906215692
ACGCCTG,0.575055872541872
ACGCCTT,0.590430337872701
ACGCGAA,0.591583554464867
ACGCGAC,0.602536623644036
ACGCGAG,0.615498879447864
ACGCGAT,0.590173886813694
ACGCGCA,0.603549441057294
ACGCGCC,0.611113049866023
ACGCGCG,0.600380974618477
ACGCGCT,0.591839644314051
ACGCGGA,0.614748387749153
ACGCGGC,0.611489732747127
ACGCGGG,0.600127063078929
ACGCGGT,0.616248808331148
ACGCGTA,0.592223656163528
ACGCGTC,0.591839644314051
ACGCGTG,0.640442265527111
ACGCGTT,0.590558538743741
ACGCTAA,0.58953247128725
ACGCTAC,0.605824536608957
ACGCTAG,0.58953247128725
ACGCTAT,0.590814891189964
ACGCTCA,0.589019042483339
ACGCTCC,0.586834024387089
ACGCTCG,0.592095668598014
ACGCTCT,0.590173886813694
ACGCTGA,0.591455484942821
ACGCTGC,0.596183167581016
ACGCTGG,0.599746074845409
ACGCTGT,0.614748387749153
ACGCTTA,0.591199296682817
ACGCTTC,0.600127063078929
ACGCTTG,0.590302120564091
ACGCTTT,0.588890644082858
ACGGAAA,0.583482969889039
ACGGAAC,0.616623561980675
ACGGAAG,0.599746074845409
ACGGAAT,0.580250177389616
ACGGACA,0.590430337872701
ACGGACC,0.591839644314051
ACGGACG,0.591967664649587
ACGGACT,0.584902094422268
ACGGAGA,0.591327399016872
ACGGAGC,0.616623561980675
ACGGAGG,0.582966424878287
ACGGAGT,0.578564985975374
ACGGATA,0.590045636617293
ACGGATC,0.591839644314051
ACGGATG,0.586061700225821
ACGGATT,0.591199296682817
ACGGCAA,0.603549441057294
ACGGCAC,0.590045636617293
ACGGCAG,0.603169754728006
ACGGCAT,0.593119110752555
ACGGCCA,0.615873914188671
ACGGCCC,0.580379689946847
ACGGCCG,0.595162858109918
ACGGCCT,0.594013764219976
ACGGCGA,0.605319406945039
ACGGCGC,0.614498098633422
ACGGCGG,0.622972980142991
ACGGCGT,0.583095586147387
ACGGCTA,0.599873087051936
ACGGCTC,0.581803222123222
ACGGCTG,0.612869690632174
ACGGCTT,0.591583554464867
ACGGGAA,0.610107867946549
ACGGGAC,0.603296332856412
ACGGGAG,0.585288779118878
ACGGGAT,0.58876222919411
ACGGGCA,0.587862862945452
ACGGGCC,0.599746074845409
ACGGGCG,0.627060048174038
ACGGGCT,0.59094304277357
ACGGGGA,0.586834024387089
ACGGGGC,0.637755654141302
ACGGGGG,0.590045636617293
ACGGGGT,0.56957265758805
ACGGGTA,0.592351627350321
ACGGGTC,0.584515260142761
ACGGGTG,0.583353858648456
ACGGGTT,0.596438082370573
ACGGTAA,0.603169754728006
ACGGTAC,0.591583554464867
ACGGTAG,0.591199296682817
ACGGTAT,0.591199296682817
ACGGTCA,0.589275789836436
ACGGTCC,0.626441868149926
ACGGTCG,0.588505349934872
ACGGTCT,0.604055465348812
ACGGTGA,0.585804126229698
ACGGTGC,0.601269157640731
ACGGTGG,0.594779973507507
ACGGTGT,0.590686723181425
ACGGTTA,0.589404138797514
ACGGTTC,0.601395976556652
ACGGTTG,0.603422894964823
ACGGTTT,0.588376885555907
ACGTAAA,0.587091333278893
ACGTAAC,0.589404138797514
ACGTAAG,0.591071177936452
ACGTAAT,0.605066746397356
ACGTACA,0.58991736997067
ACGTACC,0.591071177936452
ACGTACG,0.59260752060451
ACGTACT,0.589660787309871
ACGTAGA,0.588890644082858
ACGTAGC,0.599364941404532
ACGTAGG,0.587477172519424
ACGTAGT,0.589019042483339
ACGTATA,0.589147424399788
ACGTATC,0.591839644314051
ACGTATG,0.588505349934872
ACGTATT,0.586061700225821
ACGTCAA,0.593119110752555
ACGTCAC,0.590430337872701
ACGTCAG,0.592479582162585
ACGTCAT,0.591839644314051
ACGTCCA,0.591327399016872
ACGTCCC,0.58953247128725
ACGTCCG,0.615873914188671
ACGTCCT,0.588376885555907
ACGTCGA,0.593119110752555
ACGTCGC,0.592479582162585
ACGTCGG,0.618370557805807
ACGTCGT,0.592223656163528
ACGTCTA,0.58953247128725
ACGTCTC,0.587091333278893
ACGTCTG,0.583612064462063
ACGTCTT,0.586834024387089
ACGTGAA,0.605319406945039
ACGTGAC,0.591967664649587
ACGTGAG,0.584902094422268
ACGTGAT,0.59094304277357
ACGTGCA,0.583612064462063
ACGTGCC,0.603422894964823
ACGTGCG,0.603549441057294
ACGTGCT,0.590045636617293
ACGTGGA,0.611866273791663
ACGTGGC,0.610736225041458
ACGTGGG,0.595290453739734
ACGTGGT,0.639344069499769
ACGTGTA,0.626194489099547
ACGTGTC,0.596055685814014
ACGTGTG,0.613120387601606
ACGTGTT,0.583224730736007
ACGTTAA,0.586962687108975
ACGTTAC,0.592991237750122
ACGTTAG,0.600888604366176
ACGTTAT,0.588248404671725
ACGTTCA,0.587605752524042
ACGTTCC,0.591583554464867
ACGTTCG,0.605193084650867
ACGTTCT,0.599364941404532
ACGTTGA,0.591839644314051
ACGTTGC,0.58876222919411
ACGTTGG,0.62508052544241
ACGTTGT,0.588890644082858
ACGTTTA,0.587348575979862
ACGTTTC,0.589019042483339
ACGTTTG,0.581285808493306
ACGTTTT,0.592863348394092
ACTAAAA,0.577396649172171
ACTAAAC,0.596692932195141
ACTAAAG,0.590686723181425
ACTAAAT,0.577786246460798
ACTAACA,0.581803222123222
ACTAACC,0.600380974618477
ACTAACG,0.590686723181425
ACTAACT,0.585159900833189
ACTAAGA,0.599492002025808
ACTAAGC,0.584773166288469
ACTAAGG,0.606329411245714
ACTAAGT,0.585159900833189
ACTAATA,0.585288779118878
ACTAATC,0.599237864636803
ACTAATG,0.587219962901104
ACTAATT,0.578305473513043
ACTACAA,0.587477172519424
ACTACAC,0.587734315997968
ACTACAG,0.572709603818061
ACTACAT,0.591967664649587
ACTACCA,0.614247746857366
ACTACCC,0.589789086869603
ACTACCG,0.590430337872701
ACTACCT,0.584515260142761
ACTACGA,0.592479582162585
ACTACGC,0.605445713283905
ACTACGG,0.591327399016872
ACTACGT,0.589404138797514
ACTACTA,0.585675314348227
ACTACTC,0.585675314348227
ACTACTG,0.587862862945452
ACTACTT,0.612869690632174
ACTAGAA,0.585417640797094
ACTAGAC,0.585932921520805
ACTAGAG,0.594779973507507
ACTAGAT,0.59094304277357
ACTAGCA,0.601269157640731
ACTAGCC,0.587862862945452
ACTAGCG,0.586061700225821
ACTAGCT,0.597711682505219
ACTAGGA,0.600761721085454
ACTAGGC,0.583353858648456
ACTAGGG,0.587477172519424
ACTAGGT,0.584902094422268
ACTAGTA,0.58876222919411
ACTAGTC,0.589275789836436
ACTAGTG,0.585031005935747
ACTAGTT,0.584515260142761
ACTATAA,0.590430337872701
ACTATAC,0.589019042483339
ACTATAG,0.586190462349018
ACTATAT,0.586061700225821
ACTATCA,0.588119907278085
ACTATCC,0.589404138797514
ACTATCG,0.592351627350321
ACTATCT,0.584128276164583
ACTATGA,0.589275789836436
ACTATGC,0.589660787309871
ACTATGG,0.599110771718517
ACTATGT,0.618993745982346
ACTATTA,0.582191106732185
ACTATTC,0.599873087051936
ACTATTG,0.60278992418225
ACTATTT,0.578175692022488
ACTCAAA,0.587477172519424
ACTCAAC,0.58953247128725
ACTCAAG,0.582966424878287
ACTCAAT,0.584128276164583
ACTCACA,0.585932921520805
ACTCACC,0.590686723181425
ACTCACG,0.59171160758721
ACTCACT,0.596947717087823
ACTCAGA,0.582061828578973
ACTCAGC,0.591967664649587
ACTCAGG,0.578954128437451
ACTCAGT,0.580250177389616
ACTCATA,0.588119907278085
ACTCATC,0.585675314348227
ACTCATG,0.585804126229698
ACTCATT,0.582320368174716
ACTCCAA,0.586061700225821
ACTCCAC,0.600634821703321
ACTCCAG,0.601269157640731
ACTCCAT,0.591839644314051
ACTCCCA,0.591199296682817
ACTCCCC,0.600634821703321
ACTCCCG,0.587091333278893
ACTCCCT,0.576616998940885
ACTCCGA,0.581415187001406
ACTCCGC,0.602029830002822
ACTCCGG,0.613746855198727
ACTCCGT,0.597584395459547
ACTCCTA,0.576876949896551
ACTCCTC,0.591583554464867
ACTCCTG,0.560498732935667
ACTCCTT,0.6228488684571
ACTCGAA,0.586190462349018
ACTCGAC,0.592223656163528
ACTCGAG,0.585675314348227
ACTCGAT,0.590302120564091
ACTCGCA,0.592095668598014
ACTCGCC,0.59860223845766
ACTCGCG,0.589275789836436
ACTCGCT,0.589275789836436
ACTCGGA,0.61762221899179
ACTCGGC,0.590430337872701
ACTCGGG,0.598856537413848
ACTCGGT,0.628295262962462
ACTCGTA,0.605193084650867
ACTCGTC,0.588376885555907
ACTCGTG,0.599110771718517
ACTCGTT,0.591967664649587
ACTCTAA,0.580897572505889
ACTCTAC,0.588119907278085
ACTCTAG,0.595162858109918
ACTCTAT,0.582578840945013
ACTCTCA,0.584773166288469
ACTCTCC,0.595545596167817
ACTCTCG,0.614748387749153
ACTCTCT,0.593246967405575
ACTCTGA,0.595035246197379
ACTCTGC,0.588505349934872
ACTCTGG,0.570227000041552
ACTCTGT,0.584128276164583
ACTCTTA,0.610861849094412
ACTCTTC,0.583353858648456
ACTCTTG,0.594396942248324
ACTCTTT,0.579602362881379
ACTGAAA,0.571011646228002
ACTGAAC,0.601015471549574
ACTGAAG,0.592991237750122
ACTGAAT,0.583612064462063
ACTGACA,0.579731959360468
ACTGACC,0.593502631680091
ACTGACG,0.58644793686703
ACTGACT,0.580897572505889
ACTGAGA,0.597457092209821
ACTGAGC,0.637877929554463
ACTGAGG,0.637755654141302
ACTGAGT,0.582578840945013
ACTGATA,0.591199296682817
ACTGATC,0.586962687108975
ACTGATG,0.583612064462063
ACTGATT,0.588248404671725
ACTGCAA,0.572579094003902
ACTGCAC,0.564717170055477
ACTGCAG,0.572970572359056
ACTGCAT,0.584257287464313
ACTGCCA,0.575055872541872
ACTGCCC,0.634939185164143
ACTGCCG,0.601395976556652
ACTGCCT,0.597075085195045
ACTGCGA,0.628665530072529
ACTGCGC,0.602029830002822
ACTGCGG,0.610610585205117
ACTGCGT,0.582191106732185
ACTGCTA,0.601522779391576
ACTGCTC,0.58012064805671
ACTGCTG,0.615373836605292
ACTGCTT,0.589019042483339
ACTGGAA,0.591327399016872
ACTGGAC,0.595545596167817
ACTGGAG,0.586190462349018
ACTGGAT,0.596310633098488
ACTGGCA,0.581673893812035
ACTGGCC,0.596183167581016
ACTGGCG,0.586705345108978
ACTGGCT,0.606834031112693
ACTGGGA,0.574795447702402
ACTGGGC,0.581285808493306
ACTGGGG,0.59452463563685
ACTGGGT,0.596183167581016
ACTGGTA,0.59452463563685
ACTGGTC,0.597584395459547
ACTGGTG,0.621358325492873
ACTGGTT,0.598220668729828
ACTGTAA,0.583482969889039
ACTGTAC,0.588119907278085
ACTGTAG,0.589275789836436
ACTGTAT,0.587477172519424
ACTGTCA,0.584515260142761
ACTGTCC,0.584515260142761
ACTGTCG,0.599492002025808
ACTGTCT,0.594652312721857
ACTGTGA,0.579861539046485
ACTGTGC,0.586705345108978
ACTGTGG,0.594907617997961
ACTGTGT,0.580379689946847
ACTGTTA,0.586061700225821
ACTGTTC,0.584644221530062
ACTGTTG,0.593119110752555
ACTGTTT,0.57791607850074
ACTTAAA,0.594907617997961
ACTTAAC,0.585031005935747
ACTTAAG,0.591839644314051
ACTTAAT,0.579861539046485
ACTTACA,0.601142322639731
ACTTACC,0.599237864636803
ACTTACG,0.589404138797514
ACTTACT,0.582320368174716
ACTTAGA,0.596055685814014
ACTTAGC,0.58193253371076
ACTTAGG,0.596947717087823
ACTTAGT,0.583224730736007
ACTTATA,0.585932921520805
ACTTATC,0.58863379781286
ACTTATG,0.598347874817064
ACTTATT,0.5828372469244
ACTTCAA,0.593502631680091
ACTTCAC,0.58876222919411
ACTTCAG,0.576876949896551
ACTTCAT,0.580768127007928
ACTTCCA,0.58193253371076
ACTTCCC,0.585675314348227
ACTTCCG,0.659767100803747
ACTTCCT,0.660604095136645
ACTTCGA,0.603928983279588
ACTTCGC,0.614873508819197
ACTTCGG,0.614498098633422
ACTTCGT,0.598093446459144
ACTTCTA,0.59783895335096
ACTTCTC,0.618744517313414
ACTTCTG,0.573622695909435
ACTTCTT,0.583095586147387
ACTTGAA,0.592735442680283
ACTTGAC,0.599873087051936
ACTTGAG,0.57466520984534
ACTTGAT,0.587862862945452
ACTTGCA,0.589019042483339
ACTTGCC,0.577266749671761
ACTTGCG,0.588119907278085
ACTTGCT,0.604308381504234
ACTTGGA,0.616748448661392
ACTTGGC,0.609856414513751
ACTTGGG,0.580897572505889
ACTTGGT,0.57791607850074
ACTTGTA,0.595162858109918
ACTTGTC,0.586576649270379
ACTTGTG,0.596055685814014
ACTTGTT,0.584902094422268
ACTTTAA,0.571011646228002
ACTTTAC,0.584128276164583
ACTTTAG,0.579343119526575
ACTTTAT,0.595290453739734
ACTTTCA,0.596183167581016
ACTTTCC,0.585159900833189
ACTTTCG,0.601395976556652
ACTTTCT,0.583224730736007
ACTTTGA,0.581673893812035
ACTTTGC,0.57674698286553
ACTTTGG,0.570488617184069
ACTTTGT,0.584257287464313
ACTTTTA,0.588890644082858
ACTTTTC,0.58991736997067
ACTTTTG,0.578305473513043
ACTTTTT,0.559970174867182
AGAAAAA,0.569179846498538
AGAAAAC,0.579213472642148
AGAAAAG,0.572187462333423
AGAAAAT,0.57061940009348
AGAAACA,0.57061940009348
AGAAACC,0.615373836605292
AGAAACG,0.588505349934872
AGAAACT,0.576096894218184
AGAAAGA,0.564848709904109
AGAAAGC,0.601015471549574
AGAAAGG,0.568786881047838
AGAAAGT,0.602916550394983
AGAAATA,0.599237864636803
AGAAATC,0.578954128437451
AGAAATG,0.579861539046485
AGAAATT,0.562610175895389
AGAACAA,0.567213473203701
AGAACAC,0.588119907278085
AGAACAG,0.574534955024169
AGAACAT,0.587734315997968
AGAACCA,0.587605752524042
AGAACCC,0.616123859232518
AGAACCG,0.613496315253309
AGAACCT,0.596565515401411
AGAACGA,0.601015471549574
AGAACGC,0.623841330907799
AGAACGG,0.583870203622638
AGAACGT,0.586962687108975
AGAACTA,0.589404138797514
AGAACTC,0.579602362881379
AGAACTG,0.571926289318604
AGAACTT,0.577006900038337
AGAAGAA,0.637388738168556
AGAAGAC,0.587991393370742
AGAAGAG,0.578045893686512
AGAAGAT,0.616998175242514
AGAAGCA,0.57518605953311
AGAAGCC,0.629652239300589
AGAAGCG,0.657971179007453
AGAAGCT,0.584386282122275
AGAAGGA,0.645308597838628
AGAAGGC,0.640198326169488
AGAAGGG,0.599873087051936
AGAAGGT,0.61762221899179
AGAAGTA,0.600380974618477
AGAAGTC,0.586319207894665
AGAAGTG,0.581803222123222
AGAAGTT,0.596310633098488
AGAATAA,0.576096894218184
AGAATAC,0.586061700225821
AGAATAG,0.587477172519424
AGAATAT,0.583482969889039
AGAATCA,0.580379689946847
AGAATCC,0.586834024387089
AGAATCG,0.572056884352432
AGAATCT,0.592863348394092
AGAATGA,0.603169754728006
AGAATGC,0.582320368174716
AGAATGG,0.56944173770197
AGAATGT,0.592991237750122
AGAATTA,0.583870203622638
AGAATTC,0.60278992418225
AGAATTG,0.575576518845788
AGAATTT,0.572187462333423
AGACAAA,0.574534955024169
AGACAAC,0.583353858648456
AGACAAG,0.578954128437451
AGACAAT,0.582966424878287
AGACACA,0.621482622298998
AGACACC,0.578954128437451
AGACACG,0.60278992418225
AGACACT,0.594013764219976
AGACAGA,0.58644793686703
AGACAGC,0.618245873553322
AGACAGG,0.572970572359056
AGACAGT,0.579083808947226
AGACATA,0.59094304277357
AGACATC,0.583482969889039
AGACATG,0.608849968016894
AGACATT,0.577526531800893
AGACCAA,0.585288779118878
AGACCAC,0.584386282122275
AGACCAG,0.571142360756507
AGACCAT,0.583482969889039
AGACCCA,0.588119907278085
AGACCCC,0.601776336834739
AGACCCG,0.638489082451617
AGACCCT,0.572318023266031
AGACCGA,0.58953247128725
AGACCGC,0.600254026907587
AGACCGG,0.61412254746191
AGACCGT,0.586834024387089
AGACCTA,0.587091333278893
AGACCTC,0.60278992418225
AGACCTG,0.612117222409328
AGACCTT,0.584257287464313
AGACGAA,0.604308381504234
AGACGAC,0.591839644314051
AGACGAG,0.583741142371829
AGACGAT,0.590686723181425
AGACGCA,0.614372930579895
AGACGCC,0.60215655249389
AGACGCG,0.617746981023578
AGACGCT,0.592479582162585
AGACGGA,0.587091333278893
AGACGGC,0.597966208000895
AGACGGG,0.573492305216132
AGACGGT,0.608346364662966
AGACGTA,0.589147424399788
AGACGTC,0.591839644314051
AGACGTG,0.581673893812035
AGACGTT,0.600380974618477
AGACTAA,0.580379689946847
AGACTAC,0.586576649270379
AGACTAG,0.586319207894665
AGACTAT,0.600507906215692
AGACTCA,0.587734315997968
AGACTCC,0.597584395459547
AGACTCG,0.598220668729828
AGACTCT,0.578954128437451
AGACTGA,0.618744517313414
AGACTGC,0.594396942248324
AGACTGG,0.58876222919411
AGACTGT,0.594907617997961
AGACTTA,0.586576649270379
AGACTTC,0.58991736997067
AGACTTG,0.616623561980675
AGACTTT,0.612744318575155
AGAGAAA,0.556660342285054
AGAGAAC,0.595928187793339
AGAGAAG,0.596310633098488
AGAGAAT,0.571665048074622
AGAGACA,0.567607057314239
AGAGACC,0.578435238162548
AGAGACG,0.616373741819451
AGAGACT,0.611866273791663
AGAGAGA,0.55758820020706
AGAGAGC,0.61949201705279
AGAGAGG,0.592351627350321
AGAGAGT,0.612995046973011
AGAGATA,0.583224730736007
AGAGATC,0.59783895335096
AGAGATG,0.585546485872118
AGAGATT,0.588890644082858
AGAGCAA,0.603169754728006
AGAGCAC,0.595162858109918
AGAGCAG,0.606203216481239
AGAGCAT,0.584902094422268
AGAGCCA,0.619118337027583
AGAGCCC,0.602283258928403
AGAGCCG,0.608598198041972
AGAGCCT,0.567869360687349
AGAGCGA,0.600507906215692
AGAGCGC,0.597711682505219
AGAGCGG,0.624956675068257
AGAGCGT,0.588248404671725
AGAGCTA,0.582320368174716
AGAGCTC,0.589147424399788
AGAGCTG,0.610610585205117
AGAGCTT,0.592479582162585
AGAGGAA,0.607590483781898
AGAGGAC,0.599873087051936
AGAGGAG,0.611364187551654
AGAGGAT,0.59171160758721
AGAGGCA,0.604308381504234
AGAGGCC,0.603169754728006
AGAGGCG,0.646400266703747
AGAGGCT,0.622600598864624
AGAGGGA,0.593246967405575
AGAGGGC,0.575576518845788
AGAGGGG,0.58012064805671
AGAGGGT,0.585675314348227
AGAGGTA,0.583612064462063
AGAGGTC,0.579991101943782
AGAGGTG,0.576616998940885
AGAGGTT,0.59094304277357
AGAGTAA,0.585288779118878
AGAGTAC,0.591967664649587
AGAGTAG,0.581803222123222
AGAGTAT,0.584902094422268
AGAGTCA,0.591455484942821
AGAGTCC,0.592351627350321
AGAGTCG,0.58876222919411
AGAGTCT,0.590430337872701
AGAGTGA,0.583482969889039
AGAGTGC,0.582061828578973
AGAGTGG,0.610107867946549
AGAGTGT,0.618619879681979
AGAGTTA,0.580897572505889
AGAGTTC,0.586061700225821
AGAGTTG,0.579991101943782
AGAGTTT,0.585932921520805
AGATAAA,0.575836740380802
AGATAAC,0.585417640797094
AGATAAG,0.595545596167817
AGATAAT,0.608724090952948
AGATACA,0.586705345108978
AGATACC,0.613496315253309
AGATACG,0.588505349934872
AGATACT,0.597329772751914
AGATAGA,0.589660787309871
AGATAGC,0.587348575979862
AGATAGG,0.587605752524042
AGATAGT,0.585932921520805
AGATATA,0.582191106732185
AGATATC,0.590045636617293
AGATATG,0.584386282122275
AGATATT,0.580250177389616
AGATCAA,0.589789086869603
AGATCAC,0.57674698286553
AGATCAG,0.592991237750122
AGATCAT,0.598856537413848
AGATCCA,0.595928187793339
AGATCCC,0.580379689946847
AGATCCG,0.592351627350321
AGATCCT,0.599237864636803
AGATCGA,0.584902094422268
AGATCGC,0.603549441057294
AGATCGG,0.599746074845409
AGATCGT,0.590045636617293
AGATCTA,0.587991393370742
AGATCTC,0.582061828578973
AGATCTG,0.581027001249882
AGATCTT,0.634080422068952
AGATGAA,0.613746855198727
AGATGAC,0.583353858648456
AGATGAG,0.57310103109478
AGATGAT,0.59783895335096
AGATGCA,0.595800673514846
AGATGCC,0.574013766009972
AGATGCG,0.588119907278085
AGATGCT,0.624213250533142
AGATGGA,0.594907617997961
AGATGGC,0.682357552744994
AGATGGG,0.589660787309871
AGATGGT,0.591199296682817
AGATGTA,0.588376885555907
AGATGTC,0.609604897836221
AGATGTG,0.60215655249389
AGATGTT,0.575836740380802
AGATTAA,0.584515260142761
AGATTAC,0.597966208000895
AGATTAG,0.598220668729828
AGATTAT,0.580509185732748
AGATTCA,0.583353858648456
AGATTCC,0.581544548772872
AGATTCG,0.603169754728006
AGATTCT,0.597457092209821
AGATTGA,0.582966424878287
AGATTGC,0.585546485872118
AGATTGG,0.610610585205117
AGATTGT,0.600127063078929
AGATTTA,0.579731959360468
AGATTTC,0.580638664751661
AGATTTG,0.594269232552113
AGATTTT,0.582449612910886
AGCAAAA,0.576876949896551
AGCAAAC,0.591071177936452
AGCAAAG,0.589147424399788
AGCAAAT,0.575966825759495
AGCAACA,0.576226945761269
AGCAACC,0.584515260142761
AGCAACG,0.597584395459547
AGCAACT,0.578824431108459
AGCAAGA,0.607212328974874
AGCAAGC,0.633343751990345
AGCAAGG,0.618370557805807
AGCAAGT,0.606203216481239
AGCAATA,0.582191106732185
AGCAATC,0.610736225041458
AGCAATG,0.602409949310429
AGCAATT,0.608724090952948
AGCACAA,0.585031005935747
AGCACAC,0.583741142371829
AGCACAG,0.593758230607092
AGCACAT,0.609982149133754
AGCACCA,0.624337193009227
AGCACCC,0.584644221530062
AGCACCG,0.584644221530062
AGCACCT,0.580509185732748
AGCACGA,0.591327399016872
AGCACGC,0.589019042483339
AGCACGG,0.594907617997961
AGCACGT,0.588376885555907
AGCACTA,0.597202437081699
AGCACTC,0.587348575979862
AGCACTG,0.595673142974388
AGCACTT,0.598220668729828
AGCAGAA,0.586705345108978
AGCAGAC,0.582708052281413
AGCAGAG,0.579991101943782
AGCAGAT,0.594269232552113
AGCAGCA,0.622103874689752
AGCAGCC,0.610861849094412
AGCAGCG,0.667393667536442
AGCAGCT,0.610484929581425
AGCAGGA,0.574925668599774
AGCAGGC,0.601015471549574
AGCAGGG,0.730530711270218
AGCAGGT,0.616498659701327
AGCAGTA,0.585417640797094
AGCAGTC,0.594652312721857
AGCAGTG,0.602283258928403
AGCAGTT,0.57466520984534
AGCATAA,0.58863379781286
AGCATAC,0.591327399016872
AGCATAG,0.586962687108975
AGCATAT,0.589404138797514
AGCATCA,0.587091333278893
AGCATCC,0.589275789836436
AGCATCG,0.604308381504234
AGCATCT,0.576616998940885
AGCATGA,0.612242673106407
AGCATGC,0.59094304277357
AGCATGG,0.613496315253309
AGCATGT,0.580768127007928
AGCATTA,0.585804126229698
AGCATTC,0.594013764219976
AGCATTG,0.586319207894665
AGCATTT,0.594141506544053
AGCCAAA,0.590430337872701
AGCCAAC,0.580897572505889
AGCCAAG,0.636776912216816
AGCCAAT,0.582578840945013
AGCCACA,0.606203216481239
AGCCACC,0.577136833295278
AGCCACG,0.58876222919411
AGCCACT,0.609479115770738
AGCCAGA,0.594141506544053
AGCCAGC,0.652925371099828
AGCCAGG,0.622476440950388
AGCCAGT,0.588248404671725
AGCCATA,0.588505349934872
AGCCATC,0.61762221899179
AGCCATG,0.632852336941311
AGCCATT,0.601903091451128
AGCCCAA,0.584902094422268
AGCCCAC,0.589404138797514
AGCCCAG,0.608472289279975
AGCCCAT,0.586962687108975
AGCCCCA,0.587091333278893
AGCCCCC,0.583482969889039
AGCCCCG,0.628665530072529
AGCCCCT,0.611615262182983
AGCCCGA,0.600507906215692
AGCCCGC,0.606707900016554
AGCCCGG,0.615123704003231
AGCCCGT,0.616873319747374
AGCCCTA,0.581285808493306
AGCCCTC,0.575316229577901
AGCCCTG,0.64105185370757
AGCCCTT,0.59094304277357
AGCCGAA,0.60278992418225
AGCCGAC,0.62792485870388
AGCCGAG,0.605824536608957
AGCCGAT,0.591583554464867
AGCCGCA,0.635061805426499
AGCCGCC,0.674019531419823
AGCCGCG,0.623097076427084
AGCCGCT,0.599110771718517
AGCCGGA,0.62804834203507
AGCCGGC,0.578564985975374
AGCCGGG,0.664302386401557
AGCCGGT,0.614873508819197
AGCCGTA,0.615873914188671
AGCCGTC,0.614247746857366
AGCCGTG,0.613746855198727
AGCCGTT,0.601522779391576
AGCCTAA,0.587991393370742
AGCCTAC,0.58876222919411
AGCCTAG,0.587862862945452
AGCCTAT,0.597966208000895
AGCCTCA,0.612242673106407
AGCCTCC,0.616123859232518
AGCCTCG,0.605824536608957
AGCCTCT,0.597711682505219
AGCCTGA,0.586962687108975
AGCCTGC,0.636042226614931
AGCCTGG,0.574013766009972
AGCCTGT,0.610484929581425
AGCCTTA,0.581673893812035
AGCCTTC,0.590430337872701
AGCCTTG,0.603422894964823
AGCCTTT,0.589275789836436
AGCGAAA,0.5968203327559
AGCGAAC,0.615123704003231
AGCGAAG,0.610987457367946
AGCGAAT,0.61562390665668
AGCGACA,0.616748448661392
AGCGACC,0.589404138797514
AGCGACG,0.601015471549574
AGCGACT,0.601776336834739
AGCGAGA,0.576226945761269
AGCGAGC,0.638122435536094
AGCGAGG,0.648338073651721
AGCGAGT,0.602283258928403
AGCGATA,0.589147424399788
AGCGATC,0.587219962901104
AGCGATG,0.601015471549574
AGCGATT,0.574404683234469
AGCGCAA,0.610610585205117
AGCGCAC,0.600507906215692
AGCGCAG,0.643486497233663
AGCGCAT,0.600634821703321
AGCGCCA,0.652563980132079
AGCGCCC,0.579731959360468
AGCGCCG,0.62792485870388
AGCGCCT,0.634448553702098
AGCGCGA,0.587348575979862
AGCGCGC,0.621109685521929
AGCGCGG,0.646521489712768
AGCGCGT,0.601269157640731
AGCGCTA,0.587991393370742
AGCGCTC,0.637144052705747
AGCGCTG,0.593502631680091
AGCGCTT,0.606707900016554
AGCGGAA,0.61562390665668
AGCGGAC,0.614998614235918
AGCGGAG,0.659886714322679
AGCGGAT,0.592223656163528
AGCGGCA,0.609982149133754
AGCGGCC,0.603422894964823
AGCGGCG,0.680484620987239
AGCGGCT,0.635797211418007
AGCGGGA,0.633712154864998
AGCGGGC,0.634080422068952
AGCGGGG,0.648700994777683
AGCGGGT,0.613872101636518
AGCGGTA,0.592223656163528
AGCGGTC,0.603549441057294
AGCGGTG,0.601395976556652
AGCGGTT,0.634571234136883
AGCGTAA,0.604055465348812
AGCGTAC,0.591199296682817
AGCGTAG,0.604055465348812
AGCGTAT,0.589789086869603
AGCGTCA,0.623221157313199
AGCGTCC,0.599746074845409
AGCGTCG,0.626441868149926
AGCGTCT,0.579991101943782
AGCGTGA,0.627183638334501
AGCGTGC,0.612242673106407
AGCGTGG,0.595800673514846
AGCGTGT,0.611113049866023
AGCGTTA,0.604940392180474
AGCGTTC,0.603422894964823
AGCGTTG,0.587477172519424
AGCGTTT,0.585675314348227
AGCTAAA,0.596947717087823
AGCTAAC,0.58863379781286
AGCTAAG,0.686558867409953
AGCTAAT,0.570357817168252
AGCTACA,0.60000008312841
AGCTACC,0.583741142371829
AGCTACG,0.604561233709248
AGCTACT,0.569048875172205
AGCTAGA,0.599873087051936
AGCTAGC,0.58991736997067
AGCTAGG,0.598347874817064
AGCTAGT,0.597711682505219
AGCTATA,0.583353858648456
AGCTATC,0.626565534730252
AGCTATG,0.597202437081699
AGCTATT,0.594141506544053
AGCTCAA,0.5968203327559
AGCTCAC,0.588248404671725
AGCTCAG,0.572056884352432
AGCTCAT,0.583482969889039
AGCTCCA,0.616623561980675
AGCTCCC,0.582191106732185
AGCTCCG,0.611364187551654
AGCTCCT,0.575446382680657
AGCTCGA,0.601776336834739
AGCTCGC,0.620860983713775
AGCTCGG,0.617871727491744
AGCTCGT,0.60278992418225
AGCTCTA,0.58876222919411
AGCTCTC,0.638855594986449
AGCTCTG,0.605066746397356
AGCTCTT,0.608346364662966
AGCTGAA,0.621358325492873
AGCTGAC,0.619118337027583
AGCTGAG,0.592735442680283
AGCTGAT,0.581415187001406
AGCTGCA,0.602916550394983
AGCTGCC,0.638366881749163
AGCTGCG,0.660962592647667
AGCTGCT,0.614998614235918
AGCTGGA,0.612368108067583
AGCTGGC,0.60645559008708
AGCTGGG,0.617123015150706
AGCTGGT,0.608724090952948
AGCTGTA,0.608346364662966
AGCTGTC,0.614748387749153
AGCTGTG,0.624708928293705
AGCTGTT,0.594779973507507
AGCTTAA,0.583482969889039
AGCTTAC,0.586061700225821
AGCTTAG,0.620487814989468
AGCTTAT,0.585804126229698
AGCTTCA,0.589019042483339
AGCTTCC,0.58644793686703
AGCTTCG,0.590430337872701
AGCTTCT,0.618869139412246
AGCTTGA,0.583095586147387
AGCTTGC,0.610484929581425
AGCTTGG,0.603928983279588
AGCTTGT,0.631130480050028
AGCTTTA,0.584128276164583
AGCTTTC,0.610107867946549
AGCTTTG,0.592095668598014
AGCTTTT,0.591327399016872
AGGAAAA,0.572318023266031
AGGAAAC,0.567344685120016
AGGAAAG,0.576616998940885
AGGAAAT,0.575706638077701
AGGAACA,0.577006900038337
AGGAACC,0.599746074845409
AGGAACG,0.614372930579895
AGGAACT,0.584257287464313
AGGAAGA,0.625823305742878
AGGAAGC,0.596565515401411
AGGAAGG,0.594652312721857
AGGAAGT,0.62508052544241
AGGAATA,0.59094304277357
AGGAATC,0.609730664082566
AGGAATG,0.584902094422268
AGGAATT,0.58863379781286
AGGACAA,0.584386282122275
AGGACAC,0.592479582162585
AGGACAG,0.59171160758721
AGGACAT,0.594013764219976
AGGACCA,0.595545596167817
AGGACCC,0.590430337872701
AGGACCG,0.635919726520525
AGGACCT,0.599110771718517
AGGACGA,0.586705345108978
AGGACGC,0.599873087051936
AGGACGG,0.602536623644036
AGGACGT,0.634080422068952
AGGACTA,0.584257287464313
AGGACTC,0.597202437081699
AGGACTG,0.570750165900958
AGGACTT,0.580897572505889
AGGAGAA,0.559441337277316
AGGAGAC,0.615873914188671
AGGAGAG,0.562610175895389
AGGAGAT,0.579602362881379
AGGAGCA,0.590302120564091
AGGAGCC,0.600127063078929
AGGAGCG,0.635429576024998
AGGAGCT,0.623345222805159
AGGAGGA,0.632360680284793
AGGAGGC,0.615873914188671
AGGAGGG,0.612493527296803
AGGAGGT,0.594269232552113
AGGAGTA,0.599746074845409
AGGAGTC,0.5968203327559
AGGAGTG,0.583482969889039
AGGAGTT,0.569834445951377
AGGATAA,0.581673893812035
AGGATAC,0.599873087051936
AGGATAG,0.595162858109918
AGGATAT,0.584902094422268
AGGATCA,0.593630439309943
AGGATCC,0.596183167581016
AGGATCG,0.585675314348227
AGGATCT,0.632483617112617
AGGATGA,0.615498879447864
AGGATGC,0.582708052281413
AGGATGG,0.600761721085454
AGGATGT,0.583482969889039
AGGATTA,0.584257287464313
AGGATTC,0.595290453739734
AGGATTG,0.593246967405575
AGGATTT,0.571011646228002
AGGCAAA,0.595928187793339
AGGCAAC,0.596438082370573
AGGCAAG,0.586576649270379
AGGCAAT,0.597457092209821
AGGCACA,0.589019042483339
AGGCACC,0.603296332856412
AGGCACG,0.598856537413848
AGGCACT,0.600127063078929
AGGCAGA,0.569834445951377
AGGCAGC,0.631499699052742
AGGCAGG,0.609353317882136
AGGCAGT,0.606329411245714
AGGCATA,0.5828372469244
AGGCATC,0.587477172519424
AGGCATG,0.574925668599774
AGGCATT,0.591455484942821
AGGCCAA,0.608849968016894
AGGCCAC,0.594907617997961
AGGCCAG,0.621109685521929
AGGCCAT,0.58644793686703
AGGCCCA,0.60645559008708
AGGCCCC,0.577136833295278
AGGCCCG,0.627183638334501
AGGCCCT,0.61724783947584
AGGCCGA,0.631745769341476
AGGCCGC,0.645793931135352
AGGCCGG,0.586576649270379
AGGCCGT,0.588248404671725
AGGCCTA,0.608472289279975
AGGCCTC,0.610107867946549
AGGCCTG,0.621358325492873
AGGCCTT,0.637144052705747
AGGCGAA,0.60822042418695
AGGCGAC,0.601903091451128
AGGCGAG,0.648942869042449
AGGCGAT,0.600761721085454
AGGCGCA,0.633220920865803
AGGCGCC,0.59783895335096
AGGCGCG,0.65039288735086
AGGCGCT,0.598220668729828
AGGCGGA,0.636409636886239
AGGCGGC,0.730196310042973
AGGCGGG,0.600507906215692
AGGCGGT,0.651237761409123
AGGCGTA,0.589275789836436
AGGCGTC,0.636409636886239
AGGCGTG,0.581544548772872
AGGCGTT,0.587219962901104
AGGCTAA,0.594907617997961
AGGCTAC,0.585288779118878
AGGCTAG,0.619118337027583
AGGCTAT,0.602283258928403
AGGCTCA,0.59094304277357
AGGCTCC,0.578694716955889
AGGCTCG,0.599873087051936
AGGCTCT,0.599746074845409
AGGCTGA,0.581156413244243
AGGCTGC,0.621358325492873
AGGCTGG,0.5968203327559
AGGCTGT,0.591071177936452
AGGCTTA,0.597202437081699
AGGCTTC,0.610861849094412
AGGCTTG,0.604687635840457
AGGCTTT,0.596692932195141
AGGGAAA,0.597584395459547
AGGGAAC,0.583095586147387
AGGGAAG,0.638855594986449
AGGGAAT,0.574404683234469
AGGGACA,0.615873914188671
AGGGACC,0.585159900833189
AGGGACG,0.609730664082566
AGGGACT,0.611866273791663
AGGGAGA,0.613997332389603
AGGGAGC,0.636042226614931
AGGGAGG,0.616248808331148
AGGGAGT,0.633466568029255
AGGGATA,0.586576649270379
AGGGATC,0.588119907278085
AGGGATG,0.601522779391576
AGGGATT,0.578045893686512
AGGGCAA,0.581156413244243
AGGGCAC,0.595928187793339
AGGGCAG,0.595800673514846
AGGGCAT,0.579083808947226
AGGGCCA,0.61949201705279
AGGGCCC,0.629159006385942
AGGGCCG,0.670238700937313
AGGGCCT,0.588505349934872
AGGGCGA,0.607212328974874
AGGGCGC,0.575446382680657
AGGGCGG,0.624585031885703
AGGGCGT,0.592735442680283
AGGGCTA,0.58399924821879
AGGGCTC,0.700092503065803
AGGGCTG,0.611238626592606
AGGGCTT,0.607716503612901
AGGGGAA,0.585159900833189
AGGGGAC,0.576616998940885
AGGGGAG,0.623717326954286
AGGGGAT,0.586190462349018
AGGGGCA,0.605950779166882
AGGGGCC,0.57791607850074
AGGGGCG,0.587605752524042
AGGGGCT,0.604687635840457
AGGGGGA,0.60164956614958
AGGGGGC,0.584257287464313
AGGGGGG,0.625451984557964
AGGGGGT,0.596183167581016
AGGGGTA,0.586319207894665
AGGGGTC,0.617123015150706
AGGGGTG,0.590686723181425
AGGGGTT,0.581544548772872
AGGGTAA,0.579083808947226
AGGGTAC,0.598347874817064
AGGGTAG,0.586061700225821
AGGGTAT,0.587605752524042
AGGGTCA,0.590430337872701
AGGGTCC,0.599492002025808
AGGGTCG,0.687955392311335
AGGGTCT,0.590686723181425
AGGGTGA,0.59860223845766
AGGGTGC,0.579083808947226
AGGGTGG,0.641782869353712
AGGGTGT,0.597584395459547
AGGGTTA,0.581415187001406
AGGGTTC,0.581285808493306
AGGGTTG,0.585804126229698
AGGGTTT,0.603675971137878
AGGTAAA,0.580250177389616
AGGTAAC,0.611866273791663
AGGTAAG,0.596310633098488
AGGTAAT,0.59452463563685
AGGTACA,0.58193253371076
AGGTACC,0.590430337872701
AGGTACG,0.590430337872701
AGGTACT,0.581156413244243
AGGTAGA,0.58193253371076
AGGTAGC,0.587091333278893
AGGTAGG,0.578824431108459
AGGTAGT,0.597075085195045
AGGTATA,0.588890644082858
AGGTATC,0.599237864636803
AGGTATG,0.585675314348227
AGGTATT,0.583353858648456
AGGTCAA,0.585031005935747
AGGTCAC,0.631007376748981
AGGTCAG,0.578564985975374
AGGTCAT,0.594779973507507
AGGTCCA,0.583095586147387
AGGTCCC,0.58193253371076
AGGTCCG,0.599746074845409
AGGTCCT,0.631007376748981
AGGTCGA,0.590173886813694
AGGTCGC,0.586962687108975
AGGTCGG,0.600888604366176
AGGTCGT,0.616873319747374
AGGTCTA,0.590173886813694
AGGTCTC,0.592735442680283
AGGTCTG,0.620860983713775
AGGTCTT,0.605066746397356
AGGTGAA,0.61412254746191
AGGTGAC,0.572318023266031
AGGTGAG,0.60910167461965
AGGTGAT,0.564059211146089
AGGTGCA,0.600888604366176
AGGTGCC,0.639466150854804
AGGTGCG,0.583353858648456
AGGTGCT,0.602663281933288
AGGTGGA,0.621731169571761
AGGTGGC,0.575836740380802
AGGTGGG,0.578435238162548
AGGTGGT,0.613496315253309
AGGTGTA,0.580638664751661
AGGTGTC,0.597329772751914
AGGTGTG,0.566950997710071
AGGTGTT,0.58863379781286
AGGTTAA,0.586061700225821
AGGTTAC,0.59860223845766
AGGTTAG,0.614372930579895
AGGTTAT,0.585932921520805
AGGTTCA,0.583353858648456
AGGTTCC,0.60000008312841
AGGTTCG,0.616873319747374
AGGTTCT,0.594779973507507
AGGTTGA,0.606203216481239
AGGTTGC,0.562082732963799
AGGTTGG,0.590558538743741
AGGTTGT,0.623097076427084
AGGTTTA,0.572318023266031
AGGTTTC,0.585159900833189
AGGTTTG,0.604055465348812
AGGTTTT,0.603802485210626
AGTAAAA,0.581027001249882
AGTAAAC,0.585804126229698
AGTAAAG,0.57791607850074
AGTAAAT,0.577786246460798
AGTAACA,0.599492002025808
AGTAACC,0.58876222919411
AGTAACG,0.587605752524042
AGTAACT,0.612493527296803
AGTAAGA,0.585417640797094
AGTAAGC,0.584386282122275
AGTAAGG,0.603675971137878
AGTAAGT,0.597711682505219
AGTAATA,0.581156413244243
AGTAATC,0.586705345108978
AGTAATG,0.581415187001406
AGTAATT,0.580509185732748
AGTACAA,0.594396942248324
AGTACAC,0.588248404671725
AGTACAG,0.599110771718517
AGTACAT,0.59171160758721
AGTACCA,0.592479582162585
AGTACCC,0.590045636617293
AGTACCG,0.615248778125051
AGTACCT,0.597457092209821
AGTACGA,0.589147424399788
AGTACGC,0.604940392180474
AGTACGG,0.591327399016872
AGTACGT,0.604434815598521
AGTACTA,0.58863379781286
AGTACTC,0.601776336834739
AGTACTG,0.611364187551654
AGTACTT,0.621482622298998
AGTAGAA,0.581156413244243
AGTAGAC,0.581673893812035
AGTAGAG,0.55014111864224
AGTAGAT,0.586061700225821
AGTAGCA,0.580509185732748
AGTAGCC,0.595290453739734
AGTAGCG,0.589404138797514
AGTAGCT,0.568000486577268
AGTAGGA,0.580897572505889
AGTAGGC,0.589789086869603
AGTAGGG,0.609856414513751
AGTAGGT,0.619367472558939
AGTAGTA,0.581415187001406
AGTAGTC,0.588376885555907
AGTAGTG,0.579991101943782
AGTAGTT,0.609479115770738
AGTATAA,0.582966424878287
AGTATAC,0.58953247128725
AGTATAG,0.586190462349018
AGTATAT,0.573231472813241
AGTATCA,0.590302120564091
AGTATCC,0.587605752524042
AGTATCG,0.592735442680283
AGTATCT,0.584386282122275
AGTATGA,0.587091333278893
AGTATGC,0.590173886813694
AGTATGG,0.595800673514846
AGTATGT,0.612368108067583
AGTATTA,0.587219962901104
AGTATTC,0.591583554464867
AGTATTG,0.581285808493306
AGTATTT,0.57310103109478
AGTCAAA,0.578435238162548
AGTCAAC,0.601269157640731
AGTCAAG,0.60822042418695
AGTCAAT,0.589019042483339
AGTCACA,0.586319207894665
AGTCACC,0.584902094422268
AGTCACG,0.602029830002822
AGTCACT,0.595418033090983
AGTCAGA,0.592095668598014
AGTCAGC,0.582966424878287
AGTCAGG,0.605445713283905
AGTCAGT,0.583741142371829
AGTCATA,0.588248404671725
AGTCATC,0.585675314348227
AGTCATG,0.620114506958278
AGTCATT,0.59337480771336
AGTCCAA,0.587091333278893
AGTCCAC,0.587091333278893
AGTCCAG,0.603549441057294
AGTCCAT,0.590430337872701
AGTCCCA,0.609353317882136
AGTCCCC,0.576096894218184
AGTCCCG,0.613496315253309
AGTCCCT,0.5828372469244
AGTCCGA,0.602283258928403
AGTCCGC,0.587219962901104
AGTCCGG,0.626689186019045
AGTCCGT,0.603928983279588
AGTCCTA,0.583870203622638
AGTCCTC,0.582061828578973
AGTCCTG,0.604308381504234
AGTCCTT,0.618495226514068
AGTCGAA,0.591199296682817
AGTCGAC,0.591071177936452
AGTCGAG,0.603675971137878
AGTCGAT,0.593119110752555
AGTCGCA,0.591199296682817
AGTCGCC,0.611113049866023
AGTCGCG,0.630761124674289
AGTCGCT,0.599110771718517
AGTCGGA,0.638977735986039
AGTCGGC,0.651720226291461
AGTCGGG,0.61562390665668
AGTCGGT,0.60000008312841
AGTCGTA,0.591327399016872
AGTCGTC,0.589789086869603
AGTCGTG,0.587991393370742
AGTCGTT,0.614623251021868
AGTCTAA,0.591327399016872
AGTCTAC,0.600254026907587
AGTCTAG,0.587477172519424
AGTCTAT,0.585932921520805
AGTCTCA,0.596310633098488
AGTCTCC,0.574534955024169
AGTCTCG,0.605950779166882
AGTCTCT,0.592479582162585
AGTCTGA,0.584386282122275
AGTCTGC,0.623841330907799
AGTCTGG,0.569048875172205
AGTCTGT,0.602663281933288
AGTCTTA,0.583612064462063
AGTCTTC,0.583482969889039
AGTCTTG,0.591199296682817
AGTCTTT,0.592351627350321
AGTGAAA,0.569179846498538
AGTGAAC,0.581156413244243
AGTGAAG,0.569048875172205
AGTGAAT,0.585804126229698
AGTGACA,0.58193253371076
AGTGACC,0.601269157640731
AGTGACG,0.581673893812035
AGTGACT,0.594141506544053
AGTGAGA,0.611740775863176
AGTGAGC,0.568000486577268
AGTGAGG,0.578045893686512
AGTGAGT,0.588376885555907
AGTGATA,0.590814891189964
AGTGATC,0.579343119526575
AGTGATG,0.610861849094412
AGTGATT,0.583612064462063
AGTGCAA,0.576616998940885
AGTGCAC,0.614748387749153
AGTGCAG,0.586190462349018
AGTGCAT,0.663230097218616
AGTGCCA,0.587477172519424
AGTGCCC,0.653888442328216
AGTGCCG,0.58863379781286
AGTGCCT,0.591455484942821
AGTGCGA,0.590814891189964
AGTGCGC,0.591071177936452
AGTGCGG,0.59783895335096
AGTGCGT,0.603169754728006
AGTGCTA,0.613746855198727
AGTGCTC,0.583095586147387
AGTGCTG,0.560630828812192
AGTGCTT,0.587734315997968
AGTGGAA,0.632360680284793
AGTGGAC,0.605445713283905
AGTGGAG,0.641539256842827
AGTGGAT,0.596438082370573
AGTGGCA,0.568655858240813
AGTGGCC,0.618370557805807
AGTGGCG,0.601142322639731
AGTGGCT,0.609730664082566
AGTGGGA,0.638122435536094
AGTGGGC,0.582320368174716
AGTGGGG,0.634693899523024
AGTGGGT,0.628665530072529
AGTGGTA,0.624956675068257
AGTGGTC,0.620736609611131
AGTGGTG,0.591455484942821
AGTGGTT,0.632360680284793
AGTGTAA,0.597075085195045
AGTGTAC,0.585804126229698
AGTGTAG,0.582708052281413
AGTGTAT,0.579083808947226
AGTGTCA,0.574795447702402
AGTGTCC,0.623593307621885
AGTGTCG,0.615248778125051
AGTGTCT,0.607968495641918
AGTGTGA,0.59783895335096
AGTGTGC,0.647490745127406
AGTGTGG,0.614247746857366
AGTGTGT,0.650513627356476
AGTGTTA,0.595673142974388
AGTGTTC,0.595673142974388
AGTGTTG,0.586705345108978
AGTGTTT,0.589019042483339
AGTTAAA,0.584386282122275
AGTTAAC,0.584644221530062
AGTTAAG,0.619741059516156
AGTTAAT,0.579083808947226
AGTTACA,0.583224730736007
AGTTACC,0.584644221530062
AGTTACG,0.591071177936452
AGTTACT,0.579861539046485
AGTTAGA,0.580897572505889
AGTTAGC,0.585288779118878
AGTTAGG,0.574404683234469
AGTTAGT,0.581544548772872
AGTTATA,0.580638664751661
AGTTATC,0.585932921520805
AGTTATG,0.61599889451966
AGTTATT,0.57635698039315
AGTTCAA,0.590045636617293
AGTTCAC,0.597457092209821
AGTTCAG,0.572056884352432
AGTTCAT,0.593502631680091
AGTTCCA,0.576616998940885
AGTTCCC,0.642513351006313
AGTTCCG,0.651840806150135
AGTTCCT,0.572579094003902
AGTTCGA,0.591455484942821
AGTTCGC,0.584644221530062
AGTTCGG,0.598729396019249
AGTTCGT,0.589019042483339
AGTTCTA,0.626441868149926
AGTTCTC,0.583870203622638
AGTTCTG,0.576616998940885
AGTTCTT,0.592095668598014
AGTTGAA,0.588890644082858
AGTTGAC,0.58863379781286
AGTTGAG,0.595800673514846
AGTTGAT,0.605698278111837
AGTTGCA,0.581156413244243
AGTTGCC,0.597584395459547
AGTTGCG,0.603675971137878
AGTTGCT,0.605445713283905
AGTTGGA,0.607086245587843
AGTTGGC,0.62123401323513
AGTTGGG,0.586705345108978
AGTTGGT,0.638611268222884
AGTTGTA,0.587091333278893
AGTTGTC,0.611866273791663
AGTTGTG,0.621979655084127
AGTTGTT,0.576096894218184
AGTTTAA,0.601776336834739
AGTTTAC,0.588890644082858
AGTTTAG,0.58193253371076
AGTTTAT,0.607716503612901
AGTTTCA,0.579472749604867
AGTTTCC,0.581415187001406
AGTTTCG,0.585417640797094
AGTTTCT,0.57635698039315
AGTTTGA,0.635552136173924
AGTTTGC,0.579083808947226
AGTTTGG,0.619616546037242
AGTTTGT,0.615123704003231
AGTTTTA,0.568262686786379
AGTTTTC,0.584902094422268
AGTTTTG,0.594907617997961
AGTTTTT,0.567607057314239
ATAAAAA,0.567738217601176
ATAAAAC,0.581803222123222
ATAAAAG,0.583095586147387
ATAAAAT,0.559441337277316
ATAAACA,0.579731959360468
ATAAACC,0.584128276164583
ATAAACG,0.600380974618477
ATAAACT,0.584128276164583
ATAAAGA,0.581285808493306
ATAAAGC,0.585546485872118
ATAAAGG,0.602029830002822
ATAAAGT,0.582966424878287
ATAAATA,0.565637585845521
ATAAATC,0.588248404671725
ATAAATG,0.595162858109918
ATAAATT,0.58012064805671
ATAACAA,0.585932921520805
ATAACAC,0.587605752524042
ATAACAG,0.589275789836436
ATAACAT,0.598856537413848
ATAACCA,0.580638664751661
ATAACCC,0.589147424399788
ATAACCG,0.590045636617293
ATAACCT,0.589404138797514
ATAACGA,0.591839644314051
ATAACGC,0.588505349934872
ATAACGG,0.591455484942821
ATAACGT,0.590302120564091
ATAACTA,0.583095586147387
ATAACTC,0.59171160758721
ATAACTG,0.57674698286553
ATAACTT,0.584773166288469
ATAAGAA,0.595545596167817
ATAAGAC,0.58644793686703
ATAAGAG,0.587348575979862
ATAAGAT,0.586061700225821
ATAAGCA,0.581544548772872
ATAAGCC,0.58953247128725
ATAAGCG,0.591583554464867
ATAAGCT,0.62508052544241
ATAAGGA,0.581415187001406
ATAAGGC,0.588248404671725
ATAAGGG,0.585804126229698
ATAAGGT,0.5968203327559
ATAAGTA,0.583353858648456
ATAAGTC,0.588890644082858
ATAAGTG,0.579991101943782
ATAAGTT,0.579991101943782
ATAATAA,0.580768127007928
ATAATAC,0.589789086869603
ATAATAG,0.599110771718517
ATAATAT,0.578954128437451
ATAATCA,0.585546485872118
ATAATCC,0.588505349934872
ATAATCG,0.59171160758721
ATAATCT,0.597711682505219
ATAATGA,0.582708052281413
ATAATGC,0.590686723181425
ATAATGG,0.582320368174716
ATAATGT,0.584386282122275
ATAATTA,0.573883426301924
ATAATTC,0.578045893686512
ATAATTG,0.581673893812035
ATAATTT,0.582449612910886
ATACAAA,0.559441337277316
ATACAAC,0.588505349934872
ATACAAG,0.589660787309871
ATACAAT,0.590045636617293
ATACACA,0.592735442680283
ATACACC,0.587734315997968
ATACACG,0.59094304277357
ATACACT,0.585932921520805
ATACAGA,0.595800673514846
ATACAGC,0.58953247128725
ATACAGG,0.584386282122275
ATACAGT,0.589660787309871
ATACATA,0.582320368174716
ATACATC,0.600888604366176
ATACATG,0.585159900833189
ATACATT,0.591071177936452
ATACCAA,0.590173886813694
ATACCAC,0.621606903657348
ATACCAG,0.585546485872118
ATACCAT,0.588119907278085
ATACCCA,0.580638664751661
ATACCCC,0.611364187551654
ATACCCG,0.591583554464867
ATACCCT,0.597202437081699
ATACCGA,0.593119110752555
ATACCGC,0.591071177936452
ATACCGG,0.589019042483339
ATACCGT,0.603422894964823
ATACCTA,0.587991393370742
ATACCTC,0.590045636617293
ATACCTG,0.589019042483339
ATACCTT,0.598093446459144
ATACGAA,0.589660787309871
ATACGAC,0.589147424399788
ATACGAG,0.591583554464867
ATACGAT,0.603675971137878
ATACGCA,0.587219962901104
ATACGCC,0.591839644314051
ATACGCG,0.591327399016872
ATACGCT,0.591071177936452
ATACGGA,0.58953247128725
ATACGGC,0.591199296682817
ATACGGG,0.591199296682817
ATACGGT,0.591327399016872
ATACGTA,0.591199296682817
ATACGTC,0.590302120564091
ATACGTG,0.603549441057294
ATACGTT,0.585675314348227
ATACTAA,0.595290453739734
ATACTAC,0.588248404671725
ATACTAG,0.600761721085454
ATACTAT,0.588248404671725
ATACTCA,0.586319207894665
ATACTCC,0.588248404671725
ATACTCG,0.590045636617293
ATACTCT,0.584128276164583
ATACTGA,0.587605752524042
ATACTGC,0.58876222919411
ATACTGG,0.584515260142761
ATACTGT,0.58991736997067
ATACTTA,0.589147424399788
ATACTTC,0.590686723181425
ATACTTG,0.582578840945013
ATACTTT,0.577786246460798
ATAGAAA,0.565900406258741
ATAGAAC,0.588119907278085
ATAGAAG,0.590045636617293
ATAGAAT,0.584386282122275
ATAGACA,0.582191106732185
ATAGACC,0.590558538743741
ATAGACG,0.586834024387089
ATAGACT,0.601395976556652
ATAGAGA,0.58193253371076
ATAGAGC,0.586834024387089
ATAGAGG,0.586190462349018
ATAGAGT,0.585546485872118
ATAGATA,0.598220668729828
ATAGATC,0.590045636617293
ATAGATG,0.609479115770738
ATAGATT,0.587219962901104
ATAGCAA,0.58399924821879
ATAGCAC,0.589789086869603
ATAGCAG,0.584257287464313
ATAGCAT,0.585031005935747
ATAGCCA,0.586190462349018
ATAGCCC,0.58644793686703
ATAGCCG,0.591071177936452
ATAGCCT,0.589147424399788
ATAGCGA,0.589019042483339
ATAGCGC,0.590558538743741
ATAGCGG,0.592991237750122
ATAGCGT,0.591327399016872
ATAGCTA,0.601522779391576
ATAGCTC,0.584773166288469
ATAGCTG,0.583482969889039
ATAGCTT,0.586319207894665
ATAGGAA,0.611991755972397
ATAGGAC,0.588890644082858
ATAGGAG,0.586190462349018
ATAGGAT,0.585159900833189
ATAGGCA,0.58012064805671
ATAGGCC,0.600254026907587
ATAGGCG,0.58863379781286
ATAGGCT,0.601522779391576
ATAGGGA,0.579861539046485
ATAGGGC,0.592735442680283
ATAGGGG,0.589019042483339
ATAGGGT,0.585159900833189
ATAGGTA,0.58991736997067
ATAGGTC,0.592095668598014
ATAGGTG,0.598856537413848
ATAGGTT,0.587991393370742
ATAGTAA,0.585417640797094
ATAGTAC,0.589789086869603
ATAGTAG,0.582966424878287
ATAGTAT,0.579861539046485
ATAGTCA,0.589147424399788
ATAGTCC,0.599492002025808
ATAGTCG,0.592863348394092
ATAGTCT,0.58863379781286
ATAGTGA,0.582966424878287
ATAGTGC,0.592223656163528
ATAGTGG,0.584515260142761
ATAGTGT,0.586061700225821
ATAGTTA,0.582449612910886
ATAGTTC,0.587862862945452
ATAGTTG,0.579472749604867
ATAGTTT,0.593502631680091
ATATAAA,0.583870203622638
ATATAAC,0.587348575979862
ATATAAG,0.590558538743741
ATATAAT,0.575706638077701
ATATACA,0.583353858648456
ATATACC,0.588119907278085
ATATACG,0.589019042483339
ATATACT,0.586319207894665
ATATAGA,0.586576649270379
ATATAGC,0.585417640797094
ATATAGG,0.59094304277357
ATATAGT,0.577006900038337
ATATATA,0.525547806989026
ATATATC,0.586962687108975
ATATATG,0.583224730736007
ATATATT,0.578305473513043
ATATCAA,0.585159900833189
ATATCAC,0.590686723181425
ATATCAG,0.588119907278085
ATATCAT,0.589275789836436
ATATCCA,0.602029830002822
ATATCCC,0.586190462349018
ATATCCG,0.592095668598014
ATATCCT,0.585288779118878
ATATCGA,0.588376885555907
ATATCGC,0.592863348394092
ATATCGG,0.59171160758721
ATATCGT,0.592095668598014
ATATCTA,0.585159900833189
ATATCTC,0.603043160575548
ATATCTG,0.601903091451128
ATATCTT,0.60000008312841
ATATGAA,0.58399924821879
ATATGAC,0.586834024387089
ATATGAG,0.582966424878287
ATATGAT,0.587091333278893
ATATGCA,0.581673893812035
ATATGCC,0.587991393370742
ATATGCG,0.593119110752555
ATATGCT,0.60000008312841
ATATGGA,0.586319207894665
ATATGGC,0.592735442680283
ATATGGG,0.58012064805671
ATATGGT,0.599110771718517
ATATGTA,0.596055685814014
ATATGTC,0.587219962901104
ATATGTG,0.584902094422268
ATATGTT,0.584128276164583
ATATTAA,0.583095586147387
ATATTAC,0.584128276164583
ATATTAG,0.597202437081699
ATATTAT,0.580250177389616
ATATTCA,0.583870203622638
ATATTCC,0.583482969889039
ATATTCG,0.590814891189964
ATATTCT,0.576616998940885
ATATTGA,0.587091333278893
ATATTGC,0.58399924821879
ATATTGG,0.581544548772872
ATATTGT,0.582191106732185
ATATTTA,0.589404138797514
ATATTTC,0.595418033090983
ATATTTG,0.575706638077701
ATATTTT,0.588890644082858
ATCAAAA,0.585288779118878
ATCAAAC,0.582708052281413
ATCAAAG,0.58399924821879
ATCAAAT,0.586061700225821
ATCAACA,0.597966208000895
ATCAACC,0.591967664649587
ATCAACG,0.588505349934872
ATCAACT,0.586319207894665
ATCAAGA,0.585932921520805
ATCAAGC,0.597584395459547
ATCAAGG,0.5828372469244
ATCAAGT,0.587991393370742
ATCAATA,0.583224730736007
ATCAATC,0.60164956614958
ATCAATG,0.58644793686703
ATCAATT,0.590173886813694
ATCACAA,0.587219962901104
ATCACAC,0.600634821703321
ATCACAG,0.581544548772872
ATCACAT,0.589019042483339
ATCACCA,0.582320368174716
ATCACCC,0.591967664649587
ATCACCG,0.592479582162585
ATCACCT,0.581285808493306
ATCACGA,0.590430337872701
ATCACGC,0.590814891189964
ATCACGG,0.591327399016872
ATCACGT,0.583741142371829
ATCACTA,0.598856537413848
ATCACTC,0.591071177936452
ATCACTG,0.583095586147387
ATCACTT,0.581285808493306
ATCAGAA,0.617123015150706
ATCAGAC,0.597966208000895
ATCAGAG,0.592735442680283
ATCAGAT,0.615373836605292
ATCAGCA,0.598983662645568
ATCAGCC,0.580379689946847
ATCAGCG,0.586834024387089
ATCAGCT,0.583741142371829
ATCAGGA,0.584515260142761
ATCAGGC,0.598347874817064
ATCAGGG,0.589789086869603
ATCAGGT,0.608724090952948
ATCAGTA,0.590430337872701
ATCAGTC,0.582191106732185
ATCAGTG,0.586705345108978
ATCAGTT,0.594779973507507
ATCATAA,0.587991393370742
ATCATAC,0.587605752524042
ATCATAG,0.581544548772872
ATCATAT,0.589660787309871
ATCATCA,0.590430337872701
ATCATCC,0.584515260142761
ATCATCG,0.61762221899179
ATCATCT,0.585804126229698
ATCATGA,0.599873087051936
ATCATGC,0.584902094422268
ATCATGG,0.651840806150135
ATCATGT,0.610987457367946
ATCATTA,0.583870203622638
ATCATTC,0.587605752524042
ATCATTG,0.600888604366176
ATCATTT,0.578305473513043
ATCCAAA,0.594013764219976
ATCCAAC,0.587477172519424
ATCCAAG,0.585804126229698
ATCCAAT,0.591199296682817
ATCCACA,0.601522779391576
ATCCACC,0.574925668599774
ATCCACG,0.614748387749153
ATCCACT,0.600380974618477
ATCCAGA,0.581673893812035
ATCCAGC,0.610736225041458
ATCCAGG,0.579343119526575
ATCCAGT,0.585288779118878
ATCCATA,0.587862862945452
ATCCATC,0.587091333278893
ATCCATG,0.598093446459144
ATCCATT,0.624832809353289
ATCCCAA,0.580379689946847
ATCCCAC,0.600888604366176
ATCCCAG,0.54115772850318
ATCCCAT,0.58863379781286
ATCCCCA,0.576226945761269
ATCCCCC,0.581803222123222
ATCCCCG,0.609604897836221
ATCCCCT,0.589789086869603
ATCCCGA,0.603928983279588
ATCCCGC,0.60164956614958
ATCCCGG,0.59171160758721
ATCCCGT,0.590045636617293
ATCCCTA,0.595290453739734
ATCCCTC,0.579731959360468
ATCCCTG,0.578694716955889
ATCCCTT,0.58399924821879
ATCCGAA,0.592223656163528
ATCCGAC,0.592351627350321
ATCCGAG,0.591455484942821
ATCCGAT,0.591967664649587
ATCCGCA,0.627677846287685
ATCCGCC,0.57061940009348
ATCCGCG,0.592351627350321
ATCCGCT,0.601903091451128
ATCCGGA,0.588890644082858
ATCCGGC,0.602029830002822
ATCCGGG,0.598729396019249
ATCCGGT,0.603802485210626
ATCCGTA,0.592991237750122
ATCCGTC,0.591967664649587
ATCCGTG,0.585675314348227
ATCCGTT,0.592095668598014
ATCCTAA,0.600380974618477
ATCCTAC,0.580897572505889
ATCCTAG,0.582578840945013
ATCCTAT,0.600127063078929
ATCCTCA,0.594396942248324
ATCCTCC,0.59260752060451
ATCCTCG,0.592095668598014
ATCCTCT,0.575576518845788
ATCCTGA,0.596438082370573
ATCCTGC,0.591967664649587
ATCCTGG,0.587734315997968
ATCCTGT,0.583482969889039
ATCCTTA,0.585932921520805
ATCCTTC,0.595928187793339
ATCCTTG,0.594141506544053
ATCCTTT,0.591327399016872
ATCGAAA,0.587862862945452
ATCGAAC,0.593119110752555
ATCGAAG,0.600634821703321
ATCGAAT,0.59094304277357
ATCGACA,0.591583554464867
ATCGACC,0.59171160758721
ATCGACG,0.593119110752555
ATCGACT,0.602663281933288
ATCGAGA,0.585288779118878
ATCGAGC,0.591455484942821
ATCGAGG,0.600888604366176
ATCGAGT,0.588248404671725
ATCGATA,0.592095668598014
ATCGATC,0.590558538743741
ATCGATG,0.591455484942821
ATCGATT,0.58644793686703
ATCGCAA,0.605824536608957
ATCGCAC,0.585159900833189
ATCGCAG,0.589789086869603
ATCGCAT,0.604814021996187
ATCGCCA,0.60215655249389
ATCGCCC,0.588890644082858
ATCGCCG,0.605319406945039
ATCGCCT,0.590686723181425
ATCGCGA,0.591199296682817
ATCGCGC,0.577006900038337
ATCGCGG,0.627801360122674
ATCGCGT,0.592991237750122
ATCGCTA,0.590430337872701
ATCGCTC,0.588890644082858
ATCGCTG,0.58863379781286
ATCGCTT,0.57791607850074
ATCGGAA,0.603169754728006
ATCGGAC,0.59094304277357
ATCGGAG,0.585031005935747
ATCGGAT,0.61412254746191
ATCGGCA,0.590686723181425
ATCGGCC,0.589147424399788
ATCGGCG,0.605066746397356
ATCGGCT,0.615498879447864
ATCGGGA,0.587091333278893
ATCGGGC,0.623965319486238
ATCGGGG,0.588119907278085
ATCGGGT,0.602409949310429
ATCGGTA,0.590814891189964
ATCGGTC,0.617497441392495
ATCGGTG,0.60215655249389
ATCGGTT,0.616498659701327
ATCGTAA,0.605824536608957
ATCGTAC,0.592863348394092
ATCGTAG,0.592095668598014
ATCGTAT,0.592863348394092
ATCGTCA,0.591839644314051
ATCGTCC,0.591455484942821
ATCGTCG,0.593119110752555
ATCGTCT,0.59260752060451
ATCGTGA,0.587605752524042
ATCGTGC,0.590814891189964
ATCGTGG,0.587734315997968
ATCGTGT,0.591839644314051
ATCGTTA,0.589789086869603
ATCGTTC,0.603043160575548
ATCGTTG,0.589404138797514
ATCGTTT,0.598347874817064
ATCTAAA,0.595545596167817
ATCTAAC,0.587734315997968
ATCTAAG,0.585804126229698
ATCTAAT,0.587734315997968
ATCTACA,0.594652312721857
ATCTACC,0.587605752524042
ATCTACG,0.590430337872701
ATCTACT,0.590558538743741
ATCTAGA,0.59860223845766
ATCTAGC,0.58953247128725
ATCTAGG,0.587348575979862
ATCTAGT,0.600127063078929
ATCTATA,0.591967664649587
ATCTATC,0.591071177936452
ATCTATG,0.588890644082858
ATCTATT,0.585288779118878
ATCTCAA,0.579991101943782
ATCTCAC,0.594269232552113
ATCTCAG,0.589019042483339
ATCTCAT,0.608849968016894
ATCTCCA,0.608346364662966
ATCTCCC,0.585031005935747
ATCTCCG,0.590814891189964
ATCTCCT,0.578435238162548
ATCTCGA,0.589019042483339
ATCTCGC,0.595162858109918
ATCTCGG,0.666086983870355
ATCTCGT,0.664302386401557
ATCTCTA,0.572187462333423
ATCTCTC,0.585288779118878
ATCTCTG,0.574013766009972
ATCTCTT,0.605950779166882
ATCTGAA,0.581027001249882
ATCTGAC,0.608346364662966
ATCTGAG,0.596438082370573
ATCTGAT,0.60000008312841
ATCTGCA,0.580897572505889
ATCTGCC,0.591199296682817
ATCTGCG,0.601015471549574
ATCTGCT,0.643364905732451
ATCTGGA,0.592991237750122
ATCTGGC,0.596565515401411
ATCTGGG,0.580509185732748
ATCTGGT,0.586705345108978
ATCTGTA,0.595162858109918
ATCTGTC,0.625328180183466
ATCTGTG,0.577136833295278
ATCTGTT,0.623221157313199
ATCTTAA,0.580897572505889
ATCTTAC,0.602283258928403
ATCTTAG,0.585288779118878
ATCTTAT,0.583612064462063
ATCTTCA,0.58644793686703
ATCTTCC,0.604181931422346
ATCTTCG,0.603296332856412
ATCTTCT,0.610484929581425
ATCTTGA,0.581285808493306
ATCTTGC,0.601015471549574
ATCTTGG,0.616748448661392
ATCTTGT,0.636409636886239
ATCTTTA,0.575316229577901
ATCTTTC,0.626070776621924
ATCTTTG,0.61949201705279
ATCTTTT,0.619865557493394
ATGAAAA,0.568917886690137
ATGAAAC,0.610736225041458
ATGAAAG,0.578305473513043
ATGAAAT,0.576486998118223
ATGAACA,0.58863379781286
ATGAACC,0.587991393370742
ATGAACG,0.602029830002822
ATGAACT,0.609227504166435
ATGAAGA,0.597584395459547
ATGAAGC,0.587862862945452
ATGAAGG,0.583870203622638
ATGAAGT,0.581415187001406
ATGAATA,0.587477172519424
ATGAATC,0.589147424399788
ATGAATG,0.619118337027583
ATGAATT,0.58193253371076
ATGACAA,0.575966825759495
ATGACAC,0.614998614235918
ATGACAG,0.584257287464313
ATGACAT,0.587991393370742
ATGACCA,0.59094304277357
ATGACCC,0.599746074845409
ATGACCG,0.603802485210626
ATGACCT,0.603675971137878
ATGACGA,0.61724783947584
ATGACGC,0.590173886813694
ATGACGG,0.587734315997968
ATGACGT,0.592351627350321
ATGACTA,0.588505349934872
ATGACTC,0.590173886813694
ATGACTG,0.575446382680657
ATGACTT,0.578954128437451
ATGAGAA,0.588248404671725
ATGAGAC,0.585417640797094
ATGAGAG,0.608346364662966
ATGAGAT,0.584902094422268
ATGAGCA,0.584257287464313
ATGAGCC,0.593246967405575
ATGAGCG,0.60215655249389
ATGAGCT,0.584902094422268
ATGAGGA,0.574925668599774
ATGAGGC,0.583095586147387
ATGAGGG,0.582966424878287
ATGAGGT,0.581285808493306
ATGAGTA,0.583870203622638
ATGAGTC,0.587348575979862
ATGAGTG,0.61562390665668
ATGAGTT,0.610107867946549
ATGATAA,0.580250177389616
ATGATAC,0.589275789836436
ATGATAG,0.58863379781286
ATGATAT,0.58953247128725
ATGATCA,0.585675314348227
ATGATCC,0.598347874817064
ATGATCG,0.616873319747374
ATGATCT,0.581415187001406
ATGATGA,0.596183167581016
ATGATGC,0.595290453739734
ATGATGG,0.608346364662966
ATGATGT,0.598220668729828
ATGATTA,0.594907617997961
ATGATTC,0.595418033090983
ATGATTG,0.590045636617293
ATGATTT,0.588248404671725
ATGCAAA,0.583095586147387
ATGCAAC,0.58991736997067
ATGCAAG,0.586319207894665
ATGCAAT,0.581156413244243
ATGCACA,0.589147424399788
ATGCACC,0.596947717087823
ATGCACG,0.628171810120009
ATGCACT,0.578694716955889
ATGCAGA,0.60215655249389
ATGCAGC,0.595673142974388
ATGCAGG,0.574274394471818
ATGCAGT,0.611991755972397
ATGCATA,0.581156413244243
ATGCATC,0.589404138797514
ATGCATG,0.610107867946549
ATGCATT,0.578694716955889
ATGCCAA,0.581156413244243
ATGCCAC,0.581544548772872
ATGCCAG,0.604940392180474
ATGCCAT,0.586705345108978
ATGCCCA,0.575576518845788
ATGCCCC,0.588119907278085
ATGCCCG,0.612242673106407
ATGCCCT,0.585932921520805
ATGCCGA,0.597966208000895
ATGCCGC,0.603802485210626
ATGCCGG,0.586834024387089
ATGCCGT,0.591583554464867
ATGCCTA,0.585159900833189
ATGCCTC,0.597329772751914
ATGCCTG,0.606834031112693
ATGCCTT,0.597457092209821
ATGCGAA,0.590173886813694
ATGCGAC,0.59171160758721
ATGCGAG,0.589147424399788
ATGCGAT,0.591455484942821
ATGCGCA,0.630145229056457
ATGCGCC,0.609353317882136
ATGCGCG,0.592095668598014
ATGCGCT,0.596565515401411
ATGCGGA,0.603422894964823
ATGCGGC,0.603422894964823
ATGCGGG,0.585417640797094
ATGCGGT,0.601522779391576
ATGCGTA,0.593119110752555
ATGCGTC,0.592479582162585
ATGCGTG,0.638366881749163
ATGCGTT,0.587862862945452
ATGCTAA,0.587091333278893
ATGCTAC,0.589404138797514
ATGCTAG,0.589404138797514
ATGCTAT,0.586190462349018
ATGCTCA,0.590686723181425
ATGCTCC,0.625575773606837
ATGCTCG,0.592095668598014
ATGCTCT,0.582449612910886
ATGCTGA,0.583741142371829
ATGCTGC,0.611238626592606
ATGCTGG,0.582449612910886
ATGCTGT,0.607338396466889
ATGCTTA,0.585675314348227
ATGCTTC,0.581285808493306
ATGCTTG,0.591071177936452
ATGCTTT,0.585932921520805
ATGGAAA,0.583353858648456
ATGGAAC,0.600888604366176
ATGGAAG,0.574274394471818
ATGGAAT,0.584644221530062
ATGGACA,0.595418033090983
ATGGACC,0.601269157640731
ATGGACG,0.612368108067583
ATGGACT,0.602916550394983
ATGGAGA,0.572318023266031
ATGGAGC,0.584386282122275
ATGGAGG,0.643364905732451
ATGGAGT,0.591071177936452
ATGGATA,0.606329411245714
ATGGATC,0.603169754728006
ATGGATG,0.609227504166435
ATGGATT,0.582191106732185
ATGGCAA,0.59337480771336
ATGGCAC,0.583741142371829
ATGGCAG,0.579472749604867
ATGGCAT,0.599619046504733
ATGGCCA,0.581673893812035
ATGGCCC,0.60910167461965
ATGGCCG,0.590045636617293
ATGGCCT,0.579213472642148
ATGGCGA,0.598983662645568
ATGGCGC,0.624832809353289
ATGGCGG,0.720337124669919
ATGGCGT,0.587734315997968
ATGGCTA,0.585288779118878
ATGGCTC,0.604814021996187
ATGGCTG,0.629528953877431
ATGGCTT,0.595673142974388
ATGGGAA,0.574534955024169
ATGGGAC,0.594013764219976
ATGGGAG,0.601522779391576
ATGGGAT,0.583224730736007
ATGGGCA,0.608975829237799
ATGGGCC,0.599237864636803
ATGGGCG,0.597329772751914
ATGGGCT,0.579731959360468
ATGGGGA,0.591839644314051
ATGGGGC,0.609353317882136
ATGGGGG,0.594396942248324
ATGGGGT,0.577006900038337
ATGGGTA,0.570880914610975
ATGGGTC,0.612995046973011
ATGGGTG,0.602409949310429
ATGGGTT,0.579083808947226
ATGGTAA,0.59847506472497
ATGGTAC,0.588119907278085
ATGGTAG,0.583224730736007
ATGGTAT,0.578824431108459
ATGGTCA,0.58863379781286
ATGGTCC,0.587991393370742
ATGGTCG,0.585932921520805
ATGGTCT,0.577266749671761
ATGGTGA,0.614247746857366
ATGGTGC,0.607842507564908
ATGGTGG,0.596310633098488
ATGGTGT,0.618121173752736
ATGGTTA,0.584902094422268
ATGGTTC,0.584128276164583
ATGGTTG,0.598093446459144
ATGGTTT,0.580379689946847
ATGTAAA,0.569048875172205
ATGTAAC,0.590686723181425
ATGTAAG,0.587091333278893
ATGTAAT,0.579213472642148
ATGTACA,0.583224730736007
ATGTACC,0.582061828578973
ATGTACG,0.591199296682817
ATGTACT,0.587862862945452
ATGTAGA,0.584257287464313
ATGTAGC,0.599746074845409
ATGTAGG,0.585675314348227
ATGTAGT,0.584773166288469
ATGTATA,0.585546485872118
ATGTATC,0.588248404671725
ATGTATG,0.612493527296803
ATGTATT,0.623593307621885
ATGTCAA,0.587091333278893
ATGTCAC,0.58644793686703
ATGTCAG,0.598729396019249
ATGTCAT,0.584902094422268
ATGTCCA,0.597584395459547
ATGTCCC,0.58012064805671
ATGTCCG,0.626565534730252
ATGTCCT,0.597075085195045
ATGTCGA,0.601903091451128
ATGTCGC,0.603802485210626
ATGTCGG,0.589404138797514
ATGTCGT,0.585031005935747
ATGTCTA,0.598093446459144
ATGTCTC,0.610484929581425
ATGTCTG,0.738412408205333
ATGTCTT,0.611364187551654
ATGTGAA,0.59094304277357
ATGTGAC,0.587734315997968
ATGTGAG,0.585546485872118
ATGTGAT,0.579343119526575
ATGTGCA,0.598856537413848
ATGTGCC,0.580768127007928
ATGTGCG,0.613120387601606
ATGTGCT,0.582320368174716
ATGTGGA,0.606077005789635
ATGTGGC,0.585932921520805
ATGTGGG,0.571142360756507
ATGTGGT,0.60000008312841
ATGTGTA,0.591839644314051
ATGTGTC,0.584773166288469
ATGTGTG,0.653407022652291
ATGTGTT,0.575446382680657
ATGTTAA,0.583353858648456
ATGTTAC,0.589275789836436
ATGTTAG,0.581673893812035
ATGTTAT,0.579083808947226
ATGTTCA,0.586834024387089
ATGTTCC,0.582061828578973
ATGTTCG,0.590558538743741
ATGTTCT,0.60000008312841
ATGTTGA,0.585031005935747
ATGTTGC,0.582708052281413
ATGTTGG,0.56931080067363
ATGTTGT,0.598347874817064
ATGTTTA,0.581285808493306
ATGTTTC,0.584515260142761
ATGTTTG,0.59337480771336
ATGTTTT,0.564585612901836
ATTAAAA,0.562346489204099
ATTAAAC,0.58399924821879
ATTAAAG,0.578045893686512
ATTAAAT,0.592223656163528
ATTAACA,0.594779973507507
ATTAACC,0.587219962901104
ATTAACG,0.601776336834739
ATTAACT,0.582449612910886
ATTAAGA,0.587605752524042
ATTAAGC,0.580638664751661
ATTAAGG,0.581673893812035
ATTAAGT,0.579083808947226
ATTAATA,0.579213472642148
ATTAATC,0.586190462349018
ATTAATG,0.594907617997961
ATTAATT,0.572448567154708
ATTACAA,0.57310103109478
ATTACAC,0.587605752524042
ATTACAG,0.533451091686025
ATTACAT,0.585932921520805
ATTACCA,0.582578840945013
ATTACCC,0.587734315997968
ATTACCG,0.589789086869603
ATTACCT,0.583482969889039
ATTACGA,0.587734315997968
ATTACGC,0.592351627350321
ATTACGG,0.590686723181425
ATTACGT,0.588376885555907
ATTACTA,0.600507906215692
ATTACTC,0.587605752524042
ATTACTG,0.579861539046485
ATTACTT,0.59452463563685
ATTAGAA,0.577006900038337
ATTAGAC,0.589789086869603
ATTAGAG,0.579602362881379
ATTAGAT,0.595673142974388
ATTAGCA,0.605319406945039
ATTAGCC,0.58863379781286
ATTAGCG,0.590302120564091
ATTAGCT,0.59452463563685
ATTAGGA,0.587991393370742
ATTAGGC,0.588248404671725
ATTAGGG,0.600507906215692
ATTAGGT,0.586061700225821
ATTAGTA,0.590558538743741
ATTAGTC,0.60278992418225
ATTAGTG,0.586705345108978
ATTAGTT,0.585159900833189
ATTATAA,0.583741142371829
ATTATAC,0.588890644082858
ATTATAG,0.584128276164583
ATTATAT,0.58012064805671
ATTATCA,0.584128276164583
ATTATCC,0.583482969889039
ATTATCG,0.592095668598014
ATTATCT,0.58012064805671
ATTATGA,0.583741142371829
ATTATGC,0.601776336834739
ATTATGG,0.588890644082858
ATTATGT,0.582061828578973
ATTATTA,0.594779973507507
ATTATTC,0.609730664082566
ATTATTG,0.582320368174716
ATTATTT,0.578694716955889
ATTCAAA,0.609856414513751
ATTCAAC,0.588890644082858
ATTCAAG,0.594013764219976
ATTCAAT,0.584644221530062
ATTCACA,0.583870203622638
ATTCACC,0.599873087051936
ATTCACG,0.589660787309871
ATTCACT,0.609227504166435
ATTCAGA,0.59171160758721
ATTCAGC,0.598347874817064
ATTCAGG,0.58012064805671
ATTCAGT,0.581803222123222
ATTCATA,0.589404138797514
ATTCATC,0.592991237750122
ATTCATG,0.587734315997968
ATTCATT,0.567475879822024
ATTCCAA,0.599364941404532
ATTCCAC,0.620238958453637
ATTCCAG,0.593119110752555
ATTCCAT,0.593630439309943
ATTCCCA,0.590302120564091
ATTCCCC,0.575836740380802
ATTCCCG,0.592223656163528
ATTCCCT,0.585031005935747
ATTCCGA,0.58863379781286
ATTCCGC,0.589147424399788
ATTCCGG,0.599873087051936
ATTCCGT,0.590430337872701
ATTCCTA,0.577396649172171
ATTCCTC,0.581027001249882
ATTCCTG,0.623593307621885
ATTCCTT,0.580250177389616
ATTCGAA,0.585159900833189
ATTCGAC,0.590814891189964
ATTCGAG,0.602536623644036
ATTCGAT,0.589660787309871
ATTCGCA,0.604561233709248
ATTCGCC,0.590558538743741
ATTCGCG,0.604434815598521
ATTCGCT,0.58953247128725
ATTCGGA,0.590558538743741
ATTCGGC,0.628665530072529
ATTCGGG,0.60278992418225
ATTCGGT,0.597075085195045
ATTCGTA,0.590430337872701
ATTCGTC,0.591327399016872
ATTCGTG,0.604434815598521
ATTCGTT,0.599746074845409
ATTCTAA,0.583482969889039
ATTCTAC,0.585417640797094
ATTCTAG,0.581544548772872
ATTCTAT,0.599873087051936
ATTCTCA,0.612493527296803
ATTCTCC,0.573883426301924
ATTCTCG,0.58644793686703
ATTCTCT,0.586061700225821
ATTCTGA,0.594013764219976
ATTCTGC,0.619118337027583
ATTCTGG,0.591967664649587
ATTCTGT,0.57518605953311
ATTCTTA,0.580768127007928
ATTCTTC,0.598220668729828
ATTCTTG,0.583224730736007
ATTCTTT,0.5828372469244
ATTGAAA,0.58012064805671
ATTGAAC,0.602916550394983
ATTGAAG,0.578564985975374
ATTGAAT,0.580897572505889
ATTGACA,0.578435238162548
ATTGACC,0.588505349934872
ATTGACG,0.588890644082858
ATTGACT,0.585546485872118
ATTGAGA,0.58012064805671
ATTGAGC,0.609730664082566
ATTGAGG,0.583612064462063
ATTGAGT,0.59452463563685
ATTGATA,0.590814891189964
ATTGATC,0.588890644082858
ATTGATG,0.599619046504733
ATTGATT,0.587091333278893
ATTGCAA,0.59337480771336
ATTGCAC,0.577396649172171
ATTGCAG,0.585417640797094
ATTGCAT,0.584644221530062
ATTGCCA,0.587348575979862
ATTGCCC,0.593630439309943
ATTGCCG,0.61799645840017
ATTGCCT,0.59783895335096
ATTGCGA,0.590814891189964
ATTGCGC,0.616248808331148
ATTGCGG,0.58876222919411
ATTGCGT,0.59171160758721
ATTGCTA,0.586190462349018
ATTGCTC,0.577786246460798
ATTGCTG,0.594013764219976
ATTGCTT,0.586190462349018
ATTGGAA,0.594779973507507
ATTGGAC,0.589147424399788
ATTGGAG,0.593758230607092
ATTGGAT,0.581544548772872
ATTGGCA,0.612618930798012
ATTGGCC,0.579343119526575
ATTGGCG,0.601395976556652
ATTGGCT,0.590814891189964
ATTGGGA,0.610359258166413
ATTGGGC,0.607716503612901
ATTGGGG,0.618121173752736
ATTGGGT,0.58863379781286
ATTGGTA,0.58399924821879
ATTGGTC,0.585675314348227
ATTGGTG,0.601522779391576
ATTGGTT,0.582708052281413
ATTGTAA,0.580509185732748
ATTGTAC,0.585288779118878
ATTGTAG,0.58863379781286
ATTGTAT,0.583482969889039
ATTGTCA,0.603422894964823
ATTGTCC,0.587734315997968
ATTGTCG,0.58991736997067
ATTGTCT,0.586705345108978
ATTGTGA,0.605445713283905
ATTGTGC,0.579731959360468
ATTGTGG,0.595928187793339
ATTGTGT,0.587991393370742
ATTGTTA,0.584515260142761
ATTGTTC,0.588376885555907
ATTGTTG,0.582449612910886
ATTGTTT,0.590173886813694
ATTTAAA,0.563795906319683
ATTTAAC,0.581803222123222
ATTTAAG,0.568524818264561
ATTTAAT,0.597711682505219
ATTTACA,0.582061828578973
ATTTACC,0.610484929581425
ATTTACG,0.593119110752555
ATTTACT,0.592095668598014
ATTTAGA,0.585031005935747
ATTTAGC,0.587348575979862
ATTTAGG,0.592223656163528
ATTTAGT,0.596438082370573
ATTTATA,0.572056884352432
ATTTATC,0.581285808493306
ATTTATG,0.579343119526575
ATTTATT,0.5828372469244
ATTTCAA,0.579472749604867
ATTTCAC,0.597075085195045
ATTTCAG,0.577136833295278
ATTTCAT,0.592735442680283
ATTTCCA,0.588890644082858
ATTTCCC,0.609982149133754
ATTTCCG,0.612744318575155
ATTTCCT,0.567344685120016
ATTTCGA,0.58876222919411
ATTTCGC,0.58863379781286
ATTTCGG,0.589660787309871
ATTTCGT,0.584902094422268
ATTTCTA,0.573361897518879
ATTTCTC,0.596947717087823
ATTTCTG,0.571665048074622
ATTTCTT,0.591071177936452
ATTTGAA,0.58863379781286
ATTTGAC,0.588505349934872
ATTTGAG,0.579213472642148
ATTTGAT,0.580638664751661
ATTTGCA,0.575966825759495
ATTTGCC,0.582320368174716
ATTTGCG,0.628542122934961
ATTTGCT,0.592223656163528
ATTTGGA,0.576096894218184
ATTTGGC,0.579731959360468
ATTTGGG,0.568393761114584
ATTTGGT,0.598983662645568
ATTTGTA,0.573883426301924
ATTTGTC,0.582449612910886
ATTTGTG,0.580897572505889
ATTTGTT,0.579602362881379
ATTTTAA,0.558515198006751
ATTTTAC,0.600380974618477
ATTTTAG,0.588119907278085
ATTTTAT,0.563927567399065
ATTTTCA,0.5828372469244
ATTTTCC,0.60278992418225
ATTTTCG,0.627554317195143
ATTTTCT,0.579083808947226
ATTTTGA,0.598220668729828
ATTTTGC,0.594269232552113
ATTTTGG,0.624585031885703
ATTTTGT,0.619118337027583
ATTTTTA,0.562478341241078
ATTTTTC,0.557455701773109
ATTTTTG,0.591455484942821
ATTTTTT,0.550007629732283
CAAAAAA,0.533858188251795
CAAAAAC,0.5828372469244
CAAAAAG,0.592351627350321
CAAAAAT,0.569703560336357
CAAAACA,0.586834024387089
CAAAACC,0.586705345108978
CAAAACG,0.589404138797514
CAAAACT,0.563927567399065
CAAAAGA,0.570880914610975
CAAAAGC,0.586190462349018
CAAAAGG,0.618245873553322
CAAAAGT,0.592351627350321
CAAAATA,0.575706638077701
CAAAATC,0.583870203622638
CAAAATG,0.592863348394092
CAAAATT,0.585675314348227
CAAACAA,0.576616998940885
CAAACAC,0.586962687108975
CAAACAG,0.576486998118223
CAAACAT,0.604940392180474
CAAACCA,0.601776336834739
CAAACCC,0.575706638077701
CAAACCG,0.60278992418225
CAAACCT,0.608724090952948
CAAACGA,0.588248404671725
CAAACGC,0.603802485210626
CAAACGG,0.58953247128725
CAAACGT,0.58876222919411
CAAACTA,0.579731959360468
CAAACTC,0.565111737704556
CAAACTG,0.599110771718517
CAAACTT,0.577396649172171
CAAAGAA,0.597329772751914
CAAAGAC,0.58012064805671
CAAAGAG,0.616123859232518
CAAAGAT,0.595800673514846
CAAAGCA,0.594652312721857
CAAAGCC,0.591199296682817
CAAAGCG,0.581415187001406
CAAAGCT,0.639588217307801
CAAAGGA,0.595800673514846
CAAAGGC,0.635429576024998
CAAAGGG,0.578435238162548
CAAAGGT,0.584257287464313
CAAAGTA,0.596055685814014
CAAAGTC,0.601395976556652
CAAAGTG,0.58953247128725
CAAAGTT,0.583353858648456
CAAATAA,0.57635698039315
CAAATAC,0.584644221530062
CAAATAG,0.584515260142761
CAAATAT,0.582578840945013
CAAATCA,0.583095586147387
CAAATCC,0.583353858648456
CAAATCG,0.590302120564091
CAAATCT,0.584902094422268
CAAATGA,0.56931080067363
CAAATGC,0.582708052281413
CAAATGG,0.597711682505219
CAAATGT,0.582061828578973
CAAATTA,0.579861539046485
CAAATTC,0.592223656163528
CAAATTG,0.601269157640731
CAAATTT,0.574925668599774
CAACAAA,0.58193253371076
CAACAAC,0.589404138797514
CAACAAG,0.580379689946847
CAACAAT,0.589660787309871
CAACACA,0.576486998118223
CAACACC,0.587348575979862
CAACACG,0.589275789836436
CAACACT,0.58399924821879
CAACAGA,0.588505349934872
CAACAGC,0.579991101943782
CAACAGG,0.584515260142761
CAACAGT,0.58193253371076
CAACATA,0.580509185732748
CAACATC,0.598856537413848
CAACATG,0.610359258166413
CAACATT,0.586061700225821
CAACCAA,0.583095586147387
CAACCAC,0.584902094422268
CAACCAG,0.580509185732748
CAACCAT,0.589660787309871
CAACCCA,0.581544548772872
CAACCCC,0.593502631680091
CAACCCG,0.587734315997968
CAACCCT,0.599746074845409
CAACCGA,0.589275789836436
CAACCGC,0.587991393370742
CAACCGG,0.614998614235918
CAACCGT,0.592863348394092
CAACCTA,0.589404138797514
CAACCTC,0.561555011689346
CAACCTG,0.609353317882136
CAACCTT,0.594396942248324
CAACGAA,0.589789086869603
CAACGAC,0.603296332856412
CAACGAG,0.588376885555907
CAACGAT,0.589789086869603
CAACGCA,0.58991736997067
CAACGCC,0.587734315997968
CAACGCG,0.603928983279588
CAACGCT,0.592095668598014
CAACGGA,0.586962687108975
CAACGGC,0.603422894964823
CAACGGG,0.601776336834739
CAACGGT,0.589660787309871
CAACGTA,0.590045636617293
CAACGTC,0.590558538743741
CAACGTG,0.584386282122275
CAACGTT,0.590045636617293
CAACTAA,0.582578840945013
CAACTAC,0.601903091451128
CAACTAG,0.60278992418225
CAACTAT,0.582966424878287
CAACTCA,0.582708052281413
CAACTCC,0.592095668598014
CAACTCG,0.602536623644036
CAACTCT,0.575966825759495
CAACTGA,0.585288779118878
CAACTGC,0.585288779118878
CAACTGG,0.59860223845766
CAACTGT,0.586061700225821
CAACTTA,0.587605752524042
CAACTTC,0.59783895335096
CAACTTG,0.58193253371076
CAACTTT,0.575576518845788
CAAGAAA,0.605319406945039
CAAGAAC,0.575055872541872
CAAGAAG,0.628418700566193
CAAGAAT,0.582449612910886
CAAGACA,0.587091333278893
CAAGACC,0.593758230607092
CAAGACG,0.591967664649587
CAAGACT,0.591199296682817
CAAGAGA,0.581544548772872
CAAGAGC,0.573622695909435
CAAGAGG,0.590173886813694
CAAGAGT,0.584902094422268
CAAGATA,0.584773166288469
CAAGATC,0.59260752060451
CAAGATG,0.683876731077907
CAAGATT,0.595928187793339
CAAGCAA,0.603296332856412
CAAGCAC,0.583741142371829
CAAGCAG,0.620985342349426
CAAGCAT,0.581415187001406
CAAGCCA,0.578824431108459
CAAGCCC,0.575316229577901
CAAGCCG,0.587734315997968
CAAGCCT,0.590814891189964
CAAGCGA,0.571665048074622
CAAGCGC,0.620860983713775
CAAGCGG,0.587862862945452
CAAGCGT,0.598220668729828
CAAGCTA,0.587477172519424
CAAGCTC,0.609353317882136
CAAGCTG,0.59452463563685
CAAGCTT,0.59860223845766
CAAGGAA,0.571011646228002
CAAGGAC,0.595162858109918
CAAGGAG,0.607086245587843
CAAGGAT,0.61949201705279
CAAGGCA,0.603802485210626
CAAGGCC,0.631991779094518
CAAGGCG,0.637755654141302
CAAGGCT,0.591839644314051
CAAGGGA,0.588119907278085
CAAGGGC,0.608598198041972
CAAGGGG,0.582966424878287
CAAGGGT,0.599364941404532
CAAGGTA,0.588890644082858
CAAGGTC,0.614623251021868
CAAGGTG,0.587348575979862
CAAGGTT,0.609353317882136
CAAGTAA,0.577656397562309
CAAGTAC,0.589147424399788
CAAGTAG,0.587862862945452
CAAGTAT,0.584773166288469
CAAGTCA,0.584257287464313
CAAGTCC,0.619990039972815
CAAGTCG,0.640929965795674
CAAGTCT,0.608094467847933
CAAGTGA,0.593758230607092
CAAGTGC,0.597202437081699
CAAGTGG,0.59260752060451
CAAGTGT,0.605698278111837
CAAGTTA,0.581803222123222
CAAGTTC,0.606834031112693
CAAGTTG,0.58193253371076
CAAGTTT,0.580379689946847
CAATAAA,0.578564985975374
CAATAAC,0.586190462349018
CAATAAG,0.585804126229698
CAATAAT,0.584902094422268
CAATACA,0.58193253371076
CAATACC,0.585932921520805
CAATACG,0.591327399016872
CAATACT,0.598347874817064
CAATAGA,0.588890644082858
CAATAGC,0.585932921520805
CAATAGG,0.584128276164583
CAATAGT,0.587734315997968
CAATATA,0.584644221530062
CAATATC,0.589147424399788
CAATATG,0.589789086869603
CAATATT,0.580638664751661
CAATCAA,0.581803222123222
CAATCAC,0.601776336834739
CAATCAG,0.595673142974388
CAATCAT,0.588376885555907
CAATCCA,0.587219962901104
CAATCCC,0.596183167581016
CAATCCG,0.592223656163528
CAATCCT,0.584257287464313
CAATCGA,0.590558538743741
CAATCGC,0.604055465348812
CAATCGG,0.59094304277357
CAATCGT,0.590173886813694
CAATCTA,0.58953247128725
CAATCTC,0.579083808947226
CAATCTG,0.612117222409328
CAATCTT,0.596438082370573
CAATGAA,0.598729396019249
CAATGAC,0.590045636617293
CAATGAG,0.597075085195045
CAATGAT,0.613496315253309
CAATGCA,0.585932921520805
CAATGCC,0.590173886813694
CAATGCG,0.58991736997067
CAATGCT,0.582966424878287
CAATGGA,0.587219962901104
CAATGGC,0.592095668598014
CAATGGG,0.594907617997961
CAATGGT,0.602536623644036
CAATGTA,0.585031005935747
CAATGTC,0.585546485872118
CAATGTG,0.584386282122275
CAATGTT,0.586061700225821
CAATTAA,0.585417640797094
CAATTAC,0.584128276164583
CAATTAG,0.589660787309871
CAATTAT,0.602409949310429
CAATTCA,0.591455484942821
CAATTCC,0.612493527296803
CAATTCG,0.59171160758721
CAATTCT,0.583224730736007
CAATTGA,0.584644221530062
CAATTGC,0.587734315997968
CAATTGG,0.61562390665668
CAATTGT,0.587477172519424
CAATTTA,0.581156413244243
CAATTTC,0.587605752524042
CAATTTG,0.584257287464313
CAATTTT,0.572579094003902
CACAAAA,0.572579094003902
CACAAAC,0.595418033090983
CACAAAG,0.576226945761269
CACAAAT,0.583741142371829
CACAACA,0.584773166288469
CACAACC,0.588890644082858
CACAACG,0.590430337872701
CACAACT,0.587734315997968
CACAAGA,0.587862862945452
CACAAGC,0.587348575979862
CACAAGG,0.578045893686512
CACAAGT,0.582966424878287
CACAATA,0.584515260142761
CACAATC,0.599364941404532
CACAATG,0.619865557493394
CACAATT,0.588248404671725
CACACAA,0.583870203622638
CACACAC,0.551075042404614
CACACAG,0.591199296682817
CACACAT,0.583741142371829
CACACCA,0.599619046504733
CACACCC,0.585675314348227
CACACCG,0.586834024387089
CACACCT,0.580897572505889
CACACGA,0.592479582162585
CACACGC,0.598220668729828
CACACGG,0.596438082370573
CACACGT,0.58863379781286
CACACTA,0.582966424878287
CACACTC,0.587477172519424
CACACTG,0.59847506472497
CACACTT,0.578045893686512
CACAGAA,0.605572003671495
CACAGAC,0.584128276164583
CACAGAG,0.584386282122275
CACAGAT,0.583870203622638
CACAGCA,0.585031005935747
CACAGCC,0.603802485210626
CACAGCG,0.600254026907587
CACAGCT,0.610484929581425
CACAGGA,0.591199296682817
CACAGGC,0.617746981023578
CACAGGG,0.580768127007928
CACAGGT,0.605698278111837
CACAGTA,0.583482969889039
CACAGTC,0.584773166288469
CACAGTG,0.591455484942821
CACAGTT,0.612368108067583
CACATAA,0.578435238162548
CACATAC,0.587734315997968
CACATAG,0.584515260142761
CACATAT,0.602283258928403
CACATCA,0.596692932195141
CACATCC,0.599364941404532
CACATCG,0.58876222919411
CACATCT,0.579991101943782
CACATGA,0.589147424399788
CACATGC,0.583224730736007
CACATGG,0.596183167581016
CACATGT,0.584644221530062
CACATTA,0.586834024387089
CACATTC,0.599746074845409
CACATTG,0.596692932195141
CACATTT,0.579991101943782
CACCAAA,0.600507906215692
CACCAAC,0.588119907278085
CACCAAG,0.62036339446275
CACCAAT,0.587605752524042
CACCACA,0.578045893686512
CACCACC,0.608975829237799
CACCACG,0.579991101943782
CACCACT,0.577786246460798
CACCAGA,0.584128276164583
CACCAGC,0.636776912216816
CACCAGG,0.617123015150706
CACCAGT,0.581415187001406
CACCATA,0.587991393370742
CACCATC,0.586705345108978
CACCATG,0.625699547333877
CACCATT,0.582061828578973
CACCCAA,0.584644221530062
CACCCAC,0.615873914188671
CACCCAG,0.592735442680283
CACCCAT,0.583095586147387
CACCCCA,0.611740775863176
CACCCCC,0.636409636886239
CACCCCG,0.586834024387089
CACCCCT,0.613120387601606
CACCCGA,0.601269157640731
CACCCGC,0.585417640797094
CACCCGG,0.591839644314051
CACCCGT,0.581544548772872
CACCCTA,0.588248404671725
CACCCTC,0.595800673514846
CACCCTG,0.60822042418695
CACCCTT,0.606329411245714
CACCGAA,0.597329772751914
CACCGAC,0.5968203327559
CACCGAG,0.581156413244243
CACCGAT,0.590430337872701
CACCGCA,0.612242673106407
CACCGCC,0.634939185164143
CACCGCG,0.598856537413848
CACCGCT,0.611489732747127
CACCGGA,0.585546485872118
CACCGGC,0.597457092209821
CACCGGG,0.621109685521929
CACCGGT,0.614498098633422
CACCGTA,0.602283258928403
CACCGTC,0.587991393370742
CACCGTG,0.605698278111837
CACCGTT,0.590558538743741
CACCTAA,0.584773166288469
CACCTAC,0.60000008312841
CACCTAG,0.601903091451128
CACCTAT,0.599364941404532
CACCTCA,0.58399924821879
CACCTCC,0.577786246460798
CACCTCG,0.607464448067896
CACCTCT,0.606834031112693
CACCTGA,0.582191106732185
CACCTGC,0.563927567399065
CACCTGG,0.575836740380802
CACCTGT,0.572709603818061
CACCTTA,0.586061700225821
CACCTTC,0.592223656163528
CACCTTG,0.578564985975374
CACCTTT,0.628418700566193
CACGAAA,0.587734315997968
CACGAAC,0.591839644314051
CACGAAG,0.590302120564091
CACGAAT,0.588119907278085
CACGACA,0.591455484942821
CACGACC,0.59783895335096
CACGACG,0.592863348394092
CACGACT,0.58953247128725
CACGAGA,0.59260752060451
CACGAGC,0.612995046973011
CACGAGG,0.596310633098488
CACGAGT,0.604434815598521
CACGATA,0.591839644314051
CACGATC,0.587862862945452
CACGATG,0.588119907278085
CACGATT,0.590430337872701
CACGCAA,0.599873087051936
CACGCAC,0.624832809353289
CACGCAG,0.600634821703321
CACGCAT,0.592479582162585
CACGCCA,0.57791607850074
CACGCCC,0.582449612910886
CACGCCG,0.598093446459144
CACGCCT,0.589147424399788
CACGCGA,0.590173886813694
CACGCGC,0.599364941404532
CACGCGG,0.610107867946549
CACGCGT,0.59260752060451
CACGCTA,0.590814891189964
CACGCTC,0.586319207894665
CACGCTG,0.591327399016872
CACGCTT,0.589660787309871
CACGGAA,0.596310633098488
CACGGAC,0.59171160758721
CACGGAG,0.604814021996187
CACGGAT,0.589789086869603
CACGGCA,0.590558538743741
CACGGCC,0.591839644314051
CACGGCG,0.606834031112693
CACGGCT,0.586190462349018
CACGGGA,0.586061700225821
CACGGGC,0.587348575979862
CACGGGG,0.587477172519424
CACGGGT,0.578175692022488
CACGGTA,0.590302120564091
CACGGTC,0.585288779118878
CACGGTG,0.583612064462063
CACGGTT,0.61599889451966
CACGTAA,0.591839644314051
CACGTAC,0.591199296682817
CACGTAG,0.586834024387089
CACGTAT,0.589404138797514
CACGTCA,0.590686723181425
CACGTCC,0.590045636617293
CACGTCG,0.605824536608957
CACGTCT,0.581673893812035
CACGTGA,0.587477172519424
CACGTGC,0.60215655249389
CACGTGG,0.583612064462063
CACGTGT,0.636042226614931
CACGTTA,0.58876222919411
CACGTTC,0.601015471549574
CACGTTG,0.612744318575155
CACGTTT,0.582708052281413
CACTAAA,0.59260752060451
CACTAAC,0.584128276164583
CACTAAG,0.585031005935747
CACTAAT,0.581415187001406
CACTACA,0.585546485872118
CACTACC,0.601395976556652
CACTACG,0.592223656163528
CACTACT,0.59847506472497
CACTAGA,0.588248404671725
CACTAGC,0.596310633098488
CACTAGG,0.597202437081699
CACTAGT,0.586834024387089
CACTATA,0.59094304277357
CACTATC,0.590558538743741
CACTATG,0.612368108067583
CACTATT,0.59860223845766
CACTCAA,0.581803222123222
CACTCAC,0.58863379781286
CACTCAG,0.581156413244243
CACTCAT,0.586319207894665
CACTCCA,0.586962687108975
CACTCCC,0.600888604366176
CACTCCG,0.60000008312841
CACTCCT,0.604687635840457
CACTCGA,0.591455484942821
CACTCGC,0.587605752524042
CACTCGG,0.601015471549574
CACTCGT,0.603675971137878
CACTCTA,0.583224730736007
CACTCTC,0.589019042483339
CACTCTG,0.574404683234469
CACTCTT,0.607968495641918
CACTGAA,0.581156413244243
CACTGAC,0.589789086869603
CACTGAG,0.608975829237799
CACTGAT,0.586061700225821
CACTGCA,0.531549113347583
CACTGCC,0.615498879447864
CACTGCG,0.600254026907587
CACTGCT,0.617372648221807
CACTGGA,0.594269232552113
CACTGGC,0.585804126229698
CACTGGG,0.576226945761269
CACTGGT,0.586319207894665
CACTGTA,0.584386282122275
CACTGTC,0.58193253371076
CACTGTG,0.574795447702402
CACTGTT,0.592735442680283
CACTTAA,0.587219962901104
CACTTAC,0.594652312721857
CACTTAG,0.583870203622638
CACTTAT,0.60000008312841
CACTTCA,0.588248404671725
CACTTCC,0.650875759929064
CACTTCG,0.586190462349018
CACTTCT,0.585675314348227
CACTTGA,0.578564985975374
CACTTGC,0.582708052281413
CACTTGG,0.603169754728006
CACTTGT,0.583224730736007
CACTTTA,0.580379689946847
CACTTTC,0.591327399016872
CACTTTG,0.562214619779868
CACTTTT,0.585546485872118
CAGAAAA,0.575446382680657
CAGAAAC,0.595035246197379
CAGAAAG,0.579213472642148
CAGAAAT,0.5828372469244
CAGAACA,0.580897572505889
CAGAACC,0.633834925669236
CAGAACG,0.612368108067583
CAGAACT,0.571665048074622
CAGAAGA,0.640929965795674
CAGAAGC,0.586834024387089
CAGAAGG,0.593630439309943
CAGAAGT,0.613997332389603
CAGAATA,0.590173886813694
CAGAATC,0.584773166288469
CAGAATG,0.594779973507507
CAGAATT,0.579083808947226
CAGACAA,0.583870203622638
CAGACAC,0.595290453739734
CAGACAG,0.590686723181425
CAGACAT,0.594652312721857
CAGACCA,0.584386282122275
CAGACCC,0.590302120564091
CAGACCG,0.608724090952948
CAGACCT,0.59337480771336
CAGACGA,0.591455484942821
CAGACGC,0.612368108067583
CAGACGG,0.582191106732185
CAGACGT,0.599619046504733
CAGACTA,0.584902094422268
CAGACTC,0.598729396019249
CAGACTG,0.600127063078929
CAGACTT,0.580638664751661
CAGAGAA,0.587605752524042
CAGAGAC,0.602029830002822
CAGAGAG,0.582320368174716
CAGAGAT,0.612869690632174
CAGAGCA,0.585804126229698
CAGAGCC,0.605950779166882
CAGAGCG,0.588890644082858
CAGAGCT,0.596438082370573
CAGAGGA,0.602283258928403
CAGAGGC,0.57791607850074
CAGAGGG,0.599110771718517
CAGAGGT,0.584644221530062
CAGAGTA,0.577656397562309
CAGAGTC,0.591967664649587
CAGAGTG,0.605193084650867
CAGAGTT,0.578175692022488
CAGATAA,0.597966208000895
CAGATAC,0.621358325492873
CAGATAG,0.585159900833189
CAGATAT,0.589404138797514
CAGATCA,0.617372648221807
CAGATCC,0.581027001249882
CAGATCG,0.603675971137878
CAGATCT,0.593246967405575
CAGATGA,0.574534955024169
CAGATGC,0.584644221530062
CAGATGG,0.580897572505889
CAGATGT,0.58991736997067
CAGATTA,0.585288779118878
CAGATTC,0.580897572505889
CAGATTG,0.613245712521896
CAGATTT,0.589275789836436
CAGCAAA,0.578954128437451
CAGCAAC,0.585417640797094
CAGCAAG,0.613997332389603
CAGCAAT,0.622724741365586
CAGCACA,0.608975829237799
CAGCACC,0.601776336834739
CAGCACG,0.596183167581016
CAGCACT,0.572579094003902
CAGCAGA,0.569703560336357
CAGCAGC,0.673547708611188
CAGCAGG,0.600634821703321
CAGCAGT,0.599237864636803
CAGCATA,0.587605752524042
CAGCATC,0.58644793686703
CAGCATG,0.608346364662966
CAGCATT,0.59337480771336
CAGCCAA,0.603043160575548
CAGCCAC,0.609604897836221
CAGCCAG,0.616998175242514
CAGCCAT,0.638366881749163
CAGCCCA,0.603422894964823
CAGCCCC,0.598729396019249
CAGCCCG,0.662872411826646
CAGCCCT,0.621358325492873
CAGCCGA,0.624089292693416
CAGCCGC,0.664064199262513
CAGCCGG,0.640198326169488
CAGCCGT,0.613997332389603
CAGCCTA,0.598220668729828
CAGCCTC,0.610359258166413
CAGCCTG,0.581803222123222
CAGCCTT,0.581673893812035
CAGCGAA,0.623593307621885
CAGCGAC,0.614873508819197
CAGCGAG,0.624832809353289
CAGCGAT,0.602536623644036
CAGCGCA,0.607086245587843
CAGCGCC,0.630268438529955
CAGCGCG,0.597329772751914
CAGCGCT,0.626194489099547
CAGCGGA,0.624337193009227
CAGCGGC,0.69652446569512
CAGCGGG,0.654008761042646
CAGCGGT,0.611740775863176
CAGCGTA,0.60278992418225
CAGCGTC,0.60164956614958
CAGCGTG,0.623469272906781
CAGCGTT,0.588248404671725
CAGCTAA,0.590045636617293
CAGCTAC,0.558515198006751
CAGCTAG,0.610233570956112
CAGCTAT,0.589789086869603
CAGCTCA,0.595290453739734
CAGCTCC,0.594396942248324
CAGCTCG,0.597075085195045
CAGCTCT,0.60645559008708
CAGCTGA,0.594141506544053
CAGCTGC,0.650513627356476
CAGCTGG,0.592479582162585
CAGCTGT,0.607338396466889
CAGCTTA,0.589404138797514
CAGCTTC,0.622724741365586
CAGCTTG,0.604687635840457
CAGCTTT,0.581027001249882
CAGGAAA,0.577266749671761
CAGGAAC,0.596055685814014
CAGGAAG,0.634939185164143
CAGGAAT,0.587477172519424
CAGGACA,0.58012064805671
CAGGACC,0.593502631680091
CAGGACG,0.596055685814014
CAGGACT,0.587734315997968
CAGGAGA,0.544921801645533
CAGGAGC,0.607464448067896
CAGGAGG,0.568000486577268
CAGGAGT,0.559309084169979
CAGGATA,0.584644221530062
CAGGATC,0.633220920865803
CAGGATG,0.589660787309871
CAGGATT,0.589019042483339
CAGGCAA,0.594652312721857
CAGGCAC,0.589789086869603
CAGGCAG,0.593758230607092
CAGGCAT,0.573883426301924
CAGGCCA,0.607842507564908
CAGGCCC,0.65039288735086
CAGGCCG,0.61562390665668
CAGGCCT,0.622228078866782
CAGGCGA,0.592863348394092
CAGGCGC,0.628295262962462
CAGGCGG,0.672130903012396
CAGGCGT,0.591839644314051
CAGGCTA,0.586190462349018
CAGGCTC,0.60000008312841
CAGGCTG,0.551075042404614
CAGGCTT,0.607464448067896
CAGGGAA,0.583870203622638
CAGGGAC,0.601395976556652
CAGGGAG,0.618370557805807
CAGGGAT,0.592095668598014
CAGGGCA,0.574404683234469
CAGGGCC,0.674019531419823
CAGGGCG,0.605066746397356
CAGGGCT,0.614372930579895
CAGGGGA,0.5828372469244
CAGGGGC,0.610736225041458
CAGGGGG,0.588119907278085
CAGGGGT,0.602536623644036
CAGGGTA,0.585159900833189
CAGGGTC,0.702731554100576
CAGGGTG,0.597966208000895
CAGGGTT,0.587734315997968
CAGGTAA,0.607338396466889
CAGGTAC,0.58193253371076
CAGGTAG,0.58193253371076
CAGGTAT,0.585546485872118
CAGGTCA,0.623345222805159
CAGGTCC,0.577786246460798
CAGGTCG,0.600888604366176
CAGGTCT,0.618744517313414
CAGGTGA,0.559176813569445
CAGGTGC,0.575446382680657
CAGGTGG,0.60822042418695
CAGGTGT,0.575316229577901
CAGGTTA,0.600254026907587
CAGGTTC,0.596310633098488
CAGGTTG,0.592863348394092
CAGGTTT,0.567738217601176
CAGTAAA,0.581544548772872
CAGTAAC,0.613496315253309
CAGTAAG,0.592223656163528
CAGTAAT,0.585804126229698
CAGTACA,0.586061700225821
CAGTACC,0.59094304277357
CAGTACG,0.603928983279588
CAGTACT,0.601142322639731
CAGTAGA,0.581803222123222
CAGTAGC,0.59847506472497
CAGTAGG,0.586576649270379
CAGTAGT,0.600127063078929
CAGTATA,0.58863379781286
CAGTATC,0.588376885555907
CAGTATG,0.602663281933288
CAGTATT,0.584257287464313
CAGTCAA,0.584902094422268
CAGTCAC,0.584515260142761
CAGTCAG,0.605698278111837
CAGTCAT,0.608472289279975
CAGTCCA,0.602029830002822
CAGTCCC,0.583482969889039
CAGTCCG,0.601522779391576
CAGTCCT,0.607212328974874
CAGTCGA,0.584773166288469
CAGTCGC,0.612368108067583
CAGTCGG,0.66227598505119
CAGTCGT,0.590045636617293
CAGTCTA,0.587091333278893
CAGTCTC,0.579991101943782
CAGTCTG,0.562741993171615
CAGTCTT,0.575446382680657
CAGTGAA,0.570880914610975
CAGTGAC,0.583353858648456
CAGTGAG,0.572187462333423
CAGTGAT,0.600888604366176
CAGTGCA,0.627307213222324
CAGTGCC,0.605572003671495
CAGTGCG,0.603549441057294
CAGTGCT,0.616498659701327
CAGTGGA,0.585675314348227
CAGTGGC,0.621606903657348
CAGTGGG,0.591967664649587
CAGTGGT,0.593502631680091
CAGTGTA,0.587734315997968
CAGTGTC,0.590173886813694
CAGTGTG,0.590430337872701
CAGTGTT,0.624337193009227
CAGTTAA,0.584773166288469
CAGTTAC,0.582708052281413
CAGTTAG,0.578045893686512
CAGTTAT,0.598220668729828
CAGTTCA,0.574795447702402
CAGTTCC,0.636164711704902
CAGTTCG,0.597966208000895
CAGTTCT,0.589789086869603
CAGTTGA,0.581027001249882
CAGTTGC,0.601522779391576
CAGTTGG,0.604687635840457
CAGTTGT,0.592863348394092
CAGTTTA,0.590686723181425
CAGTTTC,0.569179846498538
CAGTTTG,0.628788921982654
CAGTTTT,0.578175692022488
CATAAAA,0.575836740380802
CATAAAC,0.596310633098488
CATAAAG,0.590173886813694
CATAAAT,0.582061828578973
CATAACA,0.58863379781286
CATAACC,0.584644221530062
CATAACG,0.591327399016872
CATAACT,0.583741142371829
CATAAGA,0.589019042483339
CATAAGC,0.586061700225821
CATAAGG,0.586190462349018
CATAAGT,0.585804126229698
CATAATA,0.585804126229698
CATAATC,0.599364941404532
CATAATG,0.589147424399788
CATAATT,0.58644793686703
CATACAA,0.60215655249389
CATACAC,0.587219962901104
CATACAG,0.587348575979862
CATACAT,0.585804126229698
CATACCA,0.616373741819451
CATACCC,0.609227504166435
CATACCG,0.593119110752555
CATACCT,0.603296332856412
CATACGA,0.58953247128725
CATACGC,0.59260752060451
CATACGG,0.593119110752555
CATACGT,0.591583554464867
CATACTA,0.587219962901104
CATACTC,0.586705345108978
CATACTG,0.590302120564091
CATACTT,0.586061700225821
CATAGAA,0.585159900833189
CATAGAC,0.602283258928403
CATAGAG,0.583224730736007
CATAGAT,0.588890644082858
CATAGCA,0.587991393370742
CATAGCC,0.58863379781286
CATAGCG,0.58991736997067
CATAGCT,0.583741142371829
CATAGGA,0.589789086869603
CATAGGC,0.583870203622638
CATAGGG,0.587605752524042
CATAGGT,0.592479582162585
CATAGTA,0.590302120564091
CATAGTC,0.60278992418225
CATAGTG,0.585804126229698
CATAGTT,0.58399924821879
CATATAA,0.588248404671725
CATATAC,0.587991393370742
CATATAG,0.590173886813694
CATATAT,0.584902094422268
CATATCA,0.587991393370742
CATATCC,0.590814891189964
CATATCG,0.593119110752555
CATATCT,0.601015471549574
CATATGA,0.590173886813694
CATATGC,0.588505349934872
CATATGG,0.589275789836436
CATATGT,0.588248404671725
CATATTA,0.598220668729828
CATATTC,0.587219962901104
CATATTG,0.584773166288469
CATATTT,0.599364941404532
CATCAAA,0.584128276164583
CATCAAC,0.592095668598014
CATCAAG,0.588376885555907
CATCAAT,0.589019042483339
CATCACA,0.588505349934872
CATCACC,0.581803222123222
CATCACG,0.591327399016872
CATCACT,0.58644793686703
CATCAGA,0.623841330907799
CATCAGC,0.593119110752555
CATCAGG,0.597966208000895
CATCAGT,0.588119907278085
CATCATA,0.58399924821879
CATCATC,0.59783895335096
CATCATG,0.670001923730414
CATCATT,0.598983662645568
CATCCAA,0.599492002025808
CATCCAC,0.620612220037645
CATCCAG,0.596947717087823
CATCCAT,0.598347874817064
CATCCCA,0.583095586147387
CATCCCC,0.571665048074622
CATCCCG,0.588376885555907
CATCCCT,0.579472749604867
CATCCGA,0.591071177936452
CATCCGC,0.600888604366176
CATCCGG,0.599619046504733
CATCCGT,0.590558538743741
CATCCTA,0.591071177936452
CATCCTC,0.579343119526575
CATCCTG,0.58193253371076
CATCCTT,0.585159900833189
CATCGAA,0.587477172519424
CATCGAC,0.590558538743741
CATCGAG,0.589275789836436
CATCGAT,0.592095668598014
CATCGCA,0.604434815598521
CATCGCC,0.58644793686703
CATCGCG,0.588119907278085
CATCGCT,0.585804126229698
CATCGGA,0.591327399016872
CATCGGC,0.616373741819451
CATCGGG,0.598347874817064
CATCGGT,0.628912298669094
CATCGTA,0.605572003671495
CATCGTC,0.592223656163528
CATCGTG,0.58863379781286
CATCGTT,0.603296332856412
CATCTAA,0.585288779118878
CATCTAC,0.585031005935747
CATCTAG,0.590045636617293
CATCTAT,0.591839644314051
CATCTCA,0.590430337872701
CATCTCC,0.604055465348812
CATCTCG,0.613371021737818
CATCTCT,0.568393761114584
CATCTGA,0.59860223845766
CATCTGC,0.591199296682817
CATCTGG,0.596565515401411
CATCTGT,0.643243299444948
CATCTTA,0.584128276164583
CATCTTC,0.60000008312841
CATCTTG,0.6356746813037
CATCTTT,0.600127063078929
CATGAAA,0.607842507564908
CATGAAC,0.58863379781286
CATGAAG,0.590045636617293
CATGAAT,0.601269157640731
CATGACA,0.589019042483339
CATGACC,0.615748918235646
CATGACG,0.592479582162585
CATGACT,0.587991393370742
CATGAGA,0.606834031112693
CATGAGC,0.595545596167817
CATGAGG,0.589275789836436
CATGAGT,0.58863379781286
CATGATA,0.587862862945452
CATGATC,0.58399924821879
CATGATG,0.585932921520805
CATGATT,0.602283258928403
CATGCAA,0.588119907278085
CATGCAC,0.622972980142991
CATGCAG,0.595035246197379
CATGCAT,0.60000008312841
CATGCCA,0.595162858109918
CATGCCC,0.591839644314051
CATGCCG,0.60215655249389
CATGCCT,0.612368108067583
CATGCGA,0.592351627350321
CATGCGC,0.637021687519063
CATGCGG,0.589660787309871
CATGCGT,0.601522779391576
CATGCTA,0.588376885555907
CATGCTC,0.611991755972397
CATGCTG,0.595418033090983
CATGCTT,0.583612064462063
CATGGAA,0.58953247128725
CATGGAC,0.612744318575155
CATGGAG,0.619242912551825
CATGGAT,0.59783895335096
CATGGCA,0.610107867946549
CATGGCC,0.593758230607092
CATGGCG,0.672957616873144
CATGGCT,0.604940392180474
CATGGGA,0.595162858109918
CATGGGC,0.611991755972397
CATGGGG,0.595800673514846
CATGGGT,0.599619046504733
CATGGTA,0.584257287464313
CATGGTC,0.586061700225821
CATGGTG,0.620487814989468
CATGGTT,0.585031005935747
CATGTAA,0.581027001249882
CATGTAC,0.583353858648456
CATGTAG,0.600254026907587
CATGTAT,0.613997332389603
CATGTCA,0.587734315997968
CATGTCC,0.59783895335096
CATGTCG,0.591455484942821
CATGTCT,0.706049157035733
CATGTGA,0.586061700225821
CATGTGC,0.607716503612901
CATGTGG,0.581027001249882
CATGTGT,0.628665530072529
CATGTTA,0.587734315997968
CATGTTC,0.597457092209821
CATGTTG,0.563664227903379
CATGTTT,0.585417640797094
CATTAAA,0.578045893686512
CATTAAC,0.590814891189964
CATTAAG,0.586834024387089
CATTAAT,0.583095586147387
CATTACA,0.582578840945013
CATTACC,0.587734315997968
CATTACG,0.589789086869603
CATTACT,0.586834024387089
CATTAGA,0.587348575979862
CATTAGC,0.587091333278893
CATTAGG,0.587477172519424
CATTAGT,0.58953247128725
CATTATA,0.587991393370742
CATTATC,0.584257287464313
CATTATG,0.600254026907587
CATTATT,0.583482969889039
CATTCAA,0.586576649270379
CATTCAC,0.588505349934872
CATTCAG,0.595290453739734
CATTCAT,0.572970572359056
CATTCCA,0.607464448067896
CATTCCC,0.582449612910886
CATTCCG,0.58876222919411
CATTCCT,0.62123401323513
CATTCGA,0.586705345108978
CATTCGC,0.587605752524042
CATTCGG,0.612869690632174
CATTCGT,0.600380974618477
CATTCTA,0.583353858648456
CATTCTC,0.579213472642148
CATTCTG,0.604308381504234
CATTCTT,0.591839644314051
CATTGAA,0.599110771718517
CATTGAC,0.586705345108978
CATTGAG,0.611866273791663
CATTGAT,0.603169754728006
CATTGCA,0.586061700225821
CATTGCC,0.610484929581425
CATTGCG,0.592735442680283
CATTGCT,0.603675971137878
CATTGGA,0.587091333278893
CATTGGC,0.587605752524042
CATTGGG,0.587605752524042
CATTGGT,0.585675314348227
CATTGTA,0.581415187001406
CATTGTC,0.602536623644036
CATTGTG,0.609730664082566
CATTGTT,0.584257287464313
CATTTAA,0.577786246460798
CATTTAC,0.590430337872701
CATTTAG,0.614498098633422
CATTTAT,0.575836740380802
CATTTCA,0.594779973507507
CATTTCC,0.622352267619051
CATTTCG,0.584515260142761
CATTTCT,0.591071177936452
CATTTGA,0.597329772751914
CATTTGC,0.580897572505889
CATTTGG,0.575966825759495
CATTTGT,0.577136833295278
CATTTTA,0.609604897836221
CATTTTC,0.630761124674289
CATTTTG,0.681070289072061
CATTTTT,0.590302120564091
CCAAAAA,0.579602362881379
CCAAAAC,0.621855420046076
CCAAAAG,0.592479582162585
CCAAAAT,0.573883426301924
CCAAACA,0.576876949896551
CCAAACC,0.594396942248324
CCAAACG,0.58991736997067
CCAAACT,0.577656397562309
CCAAAGA,0.618370557805807
CCAAAGC,0.592863348394092
CCAAAGG,0.59452463563685
CCAAAGT,0.585675314348227
CCAAATA,0.581027001249882
CCAAATC,0.584773166288469
CCAAATG,0.578694716955889
CCAAATT,0.597584395459547
CCAACAA,0.588248404671725
CCAACAC,0.581027001249882
CCAACAG,0.583741142371829
CCAACAT,0.597711682505219
CCAACCA,0.581415187001406
CCAACCC,0.592479582162585
CCAACCG,0.587605752524042
CCAACCT,0.588119907278085
CCAACGA,0.586705345108978
CCAACGC,0.589275789836436
CCAACGG,0.604940392180474
CCAACGT,0.588505349934872
CCAACTA,0.584902094422268
CCAACTC,0.600888604366176
CCAACTG,0.591583554464867
CCAACTT,0.594269232552113
CCAAGAA,0.629898764558385
CCAAGAC,0.610484929581425
CCAAGAG,0.580638664751661
CCAAGAT,0.628295262962462
CCAAGCA,0.577136833295278
CCAAGCC,0.575836740380802
CCAAGCG,0.610610585205117
CCAAGCT,0.592223656163528
CCAAGGA,0.590814891189964
CCAAGGC,0.628912298669094
CCAAGGG,0.59260752060451
CCAAGGT,0.597202437081699
CCAAGTA,0.575055872541872
CCAAGTC,0.646157776591744
CCAAGTG,0.574534955024169
CCAAGTT,0.579472749604867
CCAATAA,0.588376885555907
CCAATAC,0.585932921520805
CCAATAG,0.587219962901104
CCAATAT,0.589789086869603
CCAATCA,0.582320368174716
CCAATCC,0.584902094422268
CCAATCG,0.591839644314051
CCAATCT,0.5968203327559
CCAATGA,0.60000008312841
CCAATGC,0.588248404671725
CCAATGG,0.591583554464867
CCAATGT,0.587991393370742
CCAATTA,0.586576649270379
CCAATTC,0.587605752524042
CCAATTG,0.589660787309871
CCAATTT,0.582708052281413
CCACAAA,0.579213472642148
CCACAAC,0.587605752524042
CCACAAG,0.585546485872118
CCACAAT,0.622476440950388
CCACACA,0.595162858109918
CCACACC,0.574534955024169
CCACACG,0.612368108067583
CCACACT,0.599619046504733
CCACAGA,0.578564985975374
CCACAGC,0.643972715447488
CCACAGG,0.606581753009355
CCACAGT,0.583612064462063
CCACATA,0.584386282122275
CCACATC,0.584773166288469
CCACATG,0.588248404671725
CCACATT,0.585675314348227
CCACCAA,0.599873087051936
CCACCAC,0.584515260142761
CCACCAG,0.577396649172171
CCACCAT,0.584902094422268
CCACCCA,0.5968203327559
CCACCCC,0.615373836605292
CCACCCG,0.596565515401411
CCACCCT,0.649668141015768
CCACCGA,0.580638664751661
CCACCGC,0.633834925669236
CCACCGG,0.593119110752555
CCACCGT,0.585675314348227
CCACCTA,0.598347874817064
CCACCTC,0.565769004686452
CCACCTG,0.579343119526575
CCACCTT,0.59847506472497
CCACGAA,0.588505349934872
CCACGAC,0.599746074845409
CCACGAG,0.587734315997968
CCACGAT,0.589404138797514
CCACGCA,0.588890644082858
CCACGCC,0.589789086869603
CCACGCG,0.614372930579895
CCACGCT,0.589275789836436
CCACGGA,0.603802485210626
CCACGGC,0.598729396019249
CCACGGG,0.578305473513043
CCACGGT,0.585932921520805
CCACGTA,0.590814891189964
CCACGTC,0.589147424399788
CCACGTG,0.597711682505219
CCACGTT,0.610736225041458
CCACTAA,0.599746074845409
CCACTAC,0.589147424399788
CCACTAG,0.586962687108975
CCACTAT,0.628788921982654
CCACTCA,0.58193253371076
CCACTCC,0.605572003671495
CCACTCG,0.602536623644036
CCACTCT,0.599237864636803
CCACTGA,0.59171160758721
CCACTGC,0.579472749604867
CCACTGG,0.579731959360468
CCACTGT,0.590430337872701
CCACTTA,0.599619046504733
CCACTTC,0.613621593072301
CCACTTG,0.582061828578973
CCACTTT,0.579083808947226
CCAGAAA,0.60278992418225
CCAGAAC,0.579472749604867
CCAGAAG,0.599364941404532
CCAGAAT,0.577136833295278
CCAGACA,0.605445713283905
CCAGACC,0.59260752060451
CCAGACG,0.597966208000895
CCAGACT,0.584644221530062
CCAGAGA,0.597329772751914
CCAGAGC,0.598983662645568
CCAGAGG,0.591071177936452
CCAGAGT,0.573622695909435
CCAGATA,0.610736225041458
CCAGATC,0.609604897836221
CCAGATG,0.579731959360468
CCAGATT,0.579861539046485
CCAGCAA,0.607464448067896
CCAGCAC,0.55957357289608
CCAGCAG,0.651720226291461
CCAGCAT,0.59171160758721
CCAGCCA,0.56957265758805
CCAGCCC,0.641782869353712
CCAGCCG,0.62743077284128
CCAGCCT,0.61799645840017
CCAGCGA,0.639099862069027
CCAGCGC,0.633220920865803
CCAGCGG,0.600254026907587
CCAGCGT,0.619741059516156
CCAGCTA,0.574144088731795
CCAGCTC,0.573361897518879
CCAGCTG,0.626441868149926
CCAGCTT,0.613120387601606
CCAGGAA,0.619616546037242
CCAGGAC,0.577396649172171
CCAGGAG,0.56957265758805
CCAGGAT,0.608472289279975
CCAGGCA,0.588248404671725
CCAGGCC,0.617123015150706
CCAGGCG,0.635429576024998
CCAGGCT,0.537649785709327
CCAGGGA,0.618370557805807
CCAGGGC,0.654008761042646
CCAGGGG,0.575576518845788
CCAGGGT,0.595673142974388
CCAGGTA,0.577786246460798
CCAGGTC,0.625699547333877
CCAGGTG,0.576876949896551
CCAGGTT,0.575836740380802
CCAGTAA,0.588376885555907
CCAGTAC,0.591455484942821
CCAGTAG,0.587477172519424
CCAGTAT,0.59847506472497
CCAGTCA,0.593630439309943
CCAGTCC,0.607464448067896
CCAGTCG,0.612368108067583
CCAGTCT,0.563795906319683
CCAGTGA,0.580250177389616
CCAGTGC,0.624089292693416
CCAGTGG,0.607590483781898
CCAGTGT,0.586319207894665
CCAGTTA,0.598729396019249
CCAGTTC,0.649184684818202
CCAGTTG,0.598220668729828
CCAGTTT,0.586705345108978
CCATAAA,0.592095668598014
CCATAAC,0.588119907278085
CCATAAG,0.59094304277357
CCATAAT,0.587862862945452
CCATACA,0.591583554464867
CCATACC,0.651720226291461
CCATACG,0.59171160758721
CCATACT,0.590173886813694
CCATAGA,0.585031005935747
CCATAGC,0.590686723181425
CCATAGG,0.59260752060451
CCATAGT,0.586705345108978
CCATATA,0.590814891189964
CCATATC,0.587348575979862
CCATATG,0.588119907278085
CCATATT,0.598093446459144
CCATCAA,0.587991393370742
CCATCAC,0.585417640797094
CCATCAG,0.622600598864624
CCATCAT,0.630391632824748
CCATCCA,0.606581753009355
CCATCCC,0.569834445951377
CCATCCG,0.58876222919411
CCATCCT,0.588376885555907
CCATCGA,0.586061700225821
CCATCGC,0.58863379781286
CCATCGG,0.623097076427084
CCATCGT,0.605066746397356
CCATCTA,0.58953247128725
CCATCTC,0.575836740380802
CCATCTG,0.597457092209821
CCATCTT,0.656172026072318
CCATGAA,0.585417640797094
CCATGAC,0.603675971137878
CCATGAG,0.624956675068257
CCATGAT,0.601015471549574
CCATGCA,0.587477172519424
CCATGCC,0.613872101636518
CCATGCG,0.601903091451128
CCATGCT,0.583482969889039
CCATGGA,0.637755654141302
CCATGGC,0.670593761661877
CCATGGG,0.582708052281413
CCATGGT,0.590558538743741
CCATGTA,0.610987457367946
CCATGTC,0.638122435536094
CCATGTG,0.584644221530062
CCATGTT,0.573492305216132
CCATTAA,0.587605752524042
CCATTAC,0.586705345108978
CCATTAG,0.588505349934872
CCATTAT,0.587091333278893
CCATTCA,0.586061700225821
CCATTCC,0.58012064805671
CCATTCG,0.598220668729828
CCATTCT,0.580250177389616
CCATTGA,0.60000008312841
CCATTGC,0.59337480771336
CCATTGG,0.585031005935747
CCATTGT,0.586962687108975
CCATTTA,0.587991393370742
CCATTTC,0.623345222805159
CCATTTG,0.595418033090983
CCATTTT,0.713445422454243
CCCAAAA,0.590814891189964
CCCAAAC,0.577656397562309
CCCAAAG,0.581156413244243
CCCAAAT,0.59452463563685
CCCAACA,0.585932921520805
CCCAACC,0.586190462349018
CCCAACG,0.599237864636803
CCCAACT,0.611991755972397
CCCAAGA,0.58399924821879
CCCAAGC,0.580897572505889
CCCAAGG,0.583870203622638
CCCAAGT,0.566031790566925
CCCAATA,0.585417640797094
CCCAATC,0.577266749671761
CCCAATG,0.590814891189964
CCCAATT,0.58876222919411
CCCACAA,0.5968203327559
CCCACAC,0.582966424878287
CCCACAG,0.607464448067896
CCCACAT,0.587605752524042
CCCACCA,0.570488617184069
CCCACCC,0.668342911644725
CCCACCG,0.592735442680283
CCCACCT,0.567869360687349
CCCACGA,0.600127063078929
CCCACGC,0.598856537413848
CCCACGG,0.590430337872701
CCCACGT,0.587219962901104
CCCACTA,0.58863379781286
CCCACTC,0.612869690632174
CCCACTG,0.584128276164583
CCCACTT,0.587734315997968
CCCAGAA,0.600380974618477
CCCAGAC,0.588248404671725
CCCAGAG,0.586319207894665
CCCAGAT,0.57635698039315
CCCAGCA,0.58863379781286
CCCAGCC,0.640808063025304
CCCAGCG,0.607464448067896
CCCAGCT,0.601903091451128
CCCAGGA,0.556792946137822
CCCAGGC,0.574534955024169
CCCAGGG,0.578435238162548
CCCAGGT,0.582449612910886
CCCAGTA,0.586190462349018
CCCAGTC,0.604055465348812
CCCAGTG,0.603928983279588
CCCAGTT,0.627801360122674
CCCATAA,0.587477172519424
CCCATAC,0.628788921982654
CCCATAG,0.588376885555907
CCCATAT,0.587477172519424
CCCATCA,0.579343119526575
CCCATCC,0.584515260142761
CCCATCG,0.617123015150706
CCCATCT,0.620487814989468
CCCATGA,0.611740775863176
CCCATGC,0.580768127007928
CCCATGG,0.597457092209821
CCCATGT,0.59260752060451
CCCATTA,0.58863379781286
CCCATTC,0.582191106732185
CCCATTG,0.584773166288469
CCCATTT,0.59783895335096
CCCCAAA,0.623965319486238
CCCCAAC,0.595673142974388
CCCCAAG,0.575055872541872
CCCCAAT,0.583870203622638
CCCCACA,0.583612064462063
CCCCACC,0.610861849094412
CCCCACG,0.592479582162585
CCCCACT,0.567213473203701
CCCCAGA,0.584644221530062
CCCCAGC,0.634693899523024
CCCCAGG,0.616873319747374
CCCCAGT,0.61412254746191
CCCCATA,0.588376885555907
CCCCATC,0.600127063078929
CCCCATG,0.598093446459144
CCCCATT,0.587991393370742
CCCCCAA,0.60910167461965
CCCCCAC,0.621606903657348
CCCCCAG,0.61412254746191
CCCCCAT,0.591199296682817
CCCCCCA,0.605824536608957
CCCCCCC,0.659886714322679
CCCCCCG,0.607464448067896
CCCCCCT,0.574144088731795
CCCCCGA,0.581673893812035
CCCCCGC,0.600380974618477
CCCCCGG,0.606960146301786
CCCCCGT,0.592479582162585
CCCCCTA,0.583741142371829
CCCCCTC,0.644337224027841
CCCCCTG,0.592479582162585
CCCCCTT,0.598347874817064
CCCCGAA,0.629282337423857
CCCCGAC,0.596565515401411
CCCCGAG,0.595035246197379
CCCCGAT,0.588248404671725
CCCCGCA,0.601395976556652
CCCCGCC,0.599364941404532
CCCCGCG,0.571534401855553
CCCCGCT,0.657611607283351
CCCCGGA,0.65581180672475
CCCCGGC,0.665135594898517
CCCCGGG,0.600634821703321
CCCCGGT,0.59783895335096
CCCCGTA,0.630145229056457
CCCCGTC,0.565243225665469
CCCCGTG,0.599873087051936
CCCCGTT,0.601522779391576
CCCCTAA,0.580509185732748
CCCCTAC,0.578305473513043
CCCCTAG,0.622972980142991
CCCCTAT,0.58863379781286
CCCCTCA,0.587091333278893
CCCCTCC,0.634448553702098
CCCCTCG,0.619741059516156
CCCCTCT,0.582191106732185
CCCCTGA,0.600254026907587
CCCCTGC,0.635429576024998
CCCCTGG,0.626194489099547
CCCCTGT,0.585288779118878
CCCCTTA,0.599746074845409
CCCCTTC,0.621979655084127
CCCCTTG,0.582966424878287
CCCCTTT,0.602663281933288
CCCGAAA,0.610987457367946
CCCGAAC,0.602409949310429
CCCGAAG,0.611489732747127
CCCGAAT,0.584257287464313
CCCGACA,0.598729396019249
CCCGACC,0.581673893812035
CCCGACG,0.626936442737159
CCCGACT,0.600380974618477
CCCGAGA,0.58644793686703
CCCGAGC,0.659527830835142
CCCGAGG,0.602283258928403
CCCGAGT,0.585417640797094
CCCGATA,0.591583554464867
CCCGATC,0.628295262962462
CCCGATG,0.601522779391576
CCCGATT,0.587219962901104
CCCGCAA,0.590045636617293
CCCGCAC,0.581673893812035
CCCGCAG,0.611866273791663
CCCGCAT,0.588376885555907
CCCGCCA,0.590173886813694
CCCGCCC,0.637877929554463
CCCGCCG,0.609982149133754
CCCGCCT,0.598093446459144
CCCGCGA,0.616123859232518
CCCGCGC,0.612995046973011
CCCGCGG,0.640198326169488
CCCGCGT,0.611489732747127
CCCGCTA,0.60164956614958
CCCGCTC,0.650755063642059
CCCGCTG,0.588119907278085
CCCGCTT,0.611866273791663
CCCGGAA,0.614623251021868
CCCGGAC,0.645308597838628
CCCGGAG,0.612744318575155
CCCGGAT,0.636409636886239
CCCGGCA,0.618619879681979
CCCGGCC,0.694562381527925
CCCGGCG,0.632729445437162
CCCGGCT,0.642635046087138
CCCGGGA,0.649184684818202
CCCGGGC,0.596565515401411
CCCGGGG,0.567475879822024
CCCGGGT,0.580379689946847
CCCGGTA,0.603802485210626
CCCGGTC,0.610736225041458
CCCGGTG,0.631499699052742
CCCGGTT,0.600127063078929
CCCGTAA,0.58991736997067
CCCGTAC,0.605824536608957
CCCGTAG,0.603422894964823
CCCGTAT,0.600507906215692
CCCGTCA,0.626812822020088
CCCGTCC,0.607338396466889
CCCGTCG,0.587862862945452
CCCGTCT,0.561555011689346
CCCGTGA,0.60164956614958
CCCGTGC,0.633343751990345
CCCGTGG,0.618869139412246
CCCGTGT,0.612618930798012
CCCGTTA,0.58953247128725
CCCGTTC,0.599873087051936
CCCGTTG,0.586190462349018
CCCGTTT,0.586576649270379
CCCTAAA,0.592095668598014
CCCTAAC,0.584644221530062
CCCTAAG,0.58012064805671
CCCTAAT,0.577526531800893
CCCTACA,0.595162858109918
CCCTACC,0.575836740380802
CCCTACG,0.590814891189964
CCCTACT,0.59337480771336
CCCTAGA,0.597202437081699
CCCTAGC,0.607464448067896
CCCTAGG,0.579213472642148
CCCTAGT,0.610610585205117
CCCTATA,0.586834024387089
CCCTATC,0.582966424878287
CCCTATG,0.590430337872701
CCCTATT,0.586319207894665
CCCTCAA,0.593886005575712
CCCTCAC,0.606203216481239
CCCTCAG,0.573753069603222
CCCTCAT,0.577656397562309
CCCTCCA,0.608346364662966
CCCTCCC,0.621358325492873
CCCTCCG,0.593502631680091
CCCTCCT,0.619242912551825
CCCTCGA,0.58991736997067
CCCTCGC,0.643121678367557
CCCTCGG,0.58644793686703
CCCTCGT,0.596692932195141
CCCTCTA,0.584644221530062
CCCTCTC,0.607590483781898
CCCTCTG,0.583353858648456
CCCTCTT,0.58399924821879
CCCTGAA,0.615498879447864
CCCTGAC,0.579602362881379
CCCTGAG,0.633098074651921
CCCTGAT,0.573883426301924
CCCTGCA,0.587862862945452
CCCTGCC,0.615123704003231
CCCTGCG,0.643121678367557
CCCTGCT,0.577656397562309
CCCTGGA,0.590045636617293
CCCTGGC,0.60645559008708
CCCTGGG,0.649668141015768
CCCTGGT,0.593758230607092
CCCTGTA,0.600254026907587
CCCTGTC,0.5828372469244
CCCTGTG,0.605445713283905
CCCTGTT,0.601015471549574
CCCTTAA,0.589404138797514
CCCTTAC,0.595290453739734
CCCTTAG,0.578435238162548
CCCTTAT,0.600380974618477
CCCTTCA,0.610233570956112
CCCTTCC,0.609730664082566
CCCTTCG,0.645065842831023
CCCTTCT,0.606077005789635
CCCTTGA,0.577656397562309
CCCTTGC,0.581285808493306
CCCTTGG,0.585675314348227
CCCTTGT,0.598220668729828
CCCTTTA,0.590302120564091
CCCTTTC,0.680484620987239
CCCTTTG,0.576226945761269
CCCTTTT,0.583612064462063
CCGAAAA,0.639099862069027
CCGAAAC,0.588376885555907
CCGAAAG,0.583095586147387
CCGAAAT,0.588890644082858
CCGAACA,0.591839644314051
CCGAACC,0.601903091451128
CCGAACG,0.588376885555907
CCGAACT,0.603675971137878
CCGAAGA,0.615248778125051
CCGAAGC,0.587605752524042
CCGAAGG,0.598220668729828
CCGAAGT,0.602029830002822
CCGAATA,0.59094304277357
CCGAATC,0.588119907278085
CCGAATG,0.587477172519424
CCGAATT,0.598220668729828
CCGACAA,0.590045636617293
CCGACAC,0.59452463563685
CCGACAG,0.603296332856412
CCGACAT,0.618370557805807
CCGACCA,0.599873087051936
CCGACCC,0.612744318575155
CCGACCG,0.628665530072529
CCGACCT,0.603169754728006
CCGACGA,0.602283258928403
CCGACGC,0.613371021737818
CCGACGG,0.589147424399788
CCGACGT,0.591967664649587
CCGACTA,0.585546485872118
CCGACTC,0.650875759929064
CCGACTG,0.60215655249389
CCGACTT,0.599237864636803
CCGAGAA,0.58644793686703
CCGAGAC,0.581673893812035
CCGAGAG,0.623097076427084
CCGAGAT,0.590430337872701
CCGAGCA,0.59171160758721
CCGAGCC,0.647369639564631
CCGAGCG,0.648821939222961
CCGAGCT,0.682123628022295
CCGAGGA,0.583224730736007
CCGAGGC,0.612242673106407
CCGAGGG,0.581544548772872
CCGAGGT,0.582449612910886
CCGAGTA,0.589789086869603
CCGAGTC,0.587734315997968
CCGAGTG,0.636654502093919
CCGAGTT,0.59783895335096
CCGATAA,0.590814891189964
CCGATAC,0.592735442680283
CCGATAG,0.591967664649587
CCGATAT,0.592991237750122
CCGATCA,0.588890644082858
CCGATCC,0.590302120564091
CCGATCG,0.59094304277357
CCGATCT,0.642148176880441
CCGATGA,0.592479582162585
CCGATGC,0.590045636617293
CCGATGG,0.588890644082858
CCGATGT,0.615498879447864
CCGATTA,0.604940392180474
CCGATTC,0.586705345108978
CCGATTG,0.588119907278085
CCGATTT,0.587219962901104
CCGCAAA,0.612368108067583
CCGCAAC,0.590045636617293
CCGCAAG,0.599619046504733
CCGCAAT,0.603928983279588
CCGCACA,0.613371021737818
CCGCACC,0.586061700225821
CCGCACG,0.597966208000895
CCGCACT,0.585159900833189
CCGCAGA,0.589404138797514
CCGCAGC,0.658689934812476
CCGCAGG,0.666799932071007
CCGCAGT,0.595673142974388
CCGCATA,0.593119110752555
CCGCATC,0.588890644082858
CCGCATG,0.587991393370742
CCGCATT,0.615873914188671
CCGCCAA,0.59860223845766
CCGCCAC,0.637144052705747
CCGCCAG,0.604561233709248
CCGCCAT,0.707532792973361
CCGCCCA,0.591327399016872
CCGCCCC,0.699287929275836
CCGCCCG,0.630761124674289
CCGCCCT,0.588376885555907
CCGCCGA,0.597584395459547
CCGCCGC,0.678490779892153
CCGCCGG,0.613120387601606
CCGCCGT,0.612368108067583
CCGCCTA,0.587862862945452
CCGCCTC,0.612744318575155
CCGCCTG,0.642391641113992
CCGCCTT,0.589404138797514
CCGCGAA,0.592351627350321
CCGCGAC,0.620114506958278
CCGCGAG,0.617372648221807
CCGCGAT,0.628542122934961
CCGCGCA,0.61412254746191
CCGCGCC,0.622600598864624
CCGCGCG,0.662633883801754
CCGCGCT,0.623717326954286
CCGCGGA,0.623469272906781
CCGCGGC,0.689814396910046
CCGCGGG,0.647732912262162
CCGCGGT,0.586705345108978
CCGCGTA,0.589789086869603
CCGCGTC,0.64809605304056
CCGCGTG,0.625947048837631
CCGCGTT,0.606707900016554
CCGCTAA,0.58991736997067
CCGCTAC,0.592863348394092
CCGCTAG,0.613746855198727
CCGCTAT,0.605066746397356
CCGCTCA,0.590302120564091
CCGCTCC,0.614748387749153
CCGCTCG,0.620114506958278
CCGCTCT,0.633834925669236
CCGCTGA,0.604434815598521
CCGCTGC,0.639221973239057
CCGCTGG,0.619118337027583
CCGCTGT,0.60910167461965
CCGCTTA,0.592479582162585
CCGCTTC,0.653647761460866
CCGCTTG,0.613496315253309
CCGCTTT,0.613872101636518
CCGGAAA,0.609982149133754
CCGGAAC,0.610736225041458
CCGGAAG,0.614873508819197
CCGGAAT,0.589660787309871
CCGGACA,0.602916550394983
CCGGACC,0.609982149133754
CCGGACG,0.611113049866023
CCGGACT,0.648338073651721
CCGGAGA,0.613746855198727
CCGGAGC,0.67813851253836
CCGGAGG,0.590173886813694
CCGGAGT,0.626812822020088
CCGGATA,0.591071177936452
CCGGATC,0.627060048174038
CCGGATG,0.60215655249389
CCGGATT,0.613621593072301
CCGGCAA,0.58863379781286
CCGGCAC,0.584773166288469
CCGGCAG,0.626565534730252
CCGGCAT,0.589019042483339
CCGGCCA,0.596183167581016
CCGGCCC,0.692133303317024
CCGGCCG,0.679898609694296
CCGGCCT,0.582578840945013
CCGGCGA,0.630637975893178
CCGGCGC,0.650030579840469
CCGGCGG,0.672721482645081
CCGGCGT,0.648338073651721
CCGGCTA,0.590814891189964
CCGGCTC,0.657611607283351
CCGGCTG,0.66774973967888
CCGGCTT,0.599619046504733
CCGGGAA,0.65268445830007
CCGGGAC,0.656652116778822
CCGGGAG,0.679664108988713
CCGGGAT,0.611489732747127
CCGGGCA,0.625823305742878
CCGGGCC,0.626070776621924
CCGGGCG,0.630637975893178
CCGGGCT,0.639466150854804
CCGGGGA,0.606707900016554
CCGGGGC,0.661798587376435
CCGGGGG,0.632114761279461
CCGGGGT,0.675551419911986
CCGGGTA,0.589404138797514
CCGGGTC,0.604814021996187
CCGGGTG,0.611489732747127
CCGGGTT,0.587219962901104
CCGGTAA,0.600254026907587
CCGGTAC,0.600634821703321
CCGGTAG,0.629528953877431
CCGGTAT,0.592095668598014
CCGGTCA,0.614372930579895
CCGGTCC,0.628665530072529
CCGGTCG,0.614498098633422
CCGGTCT,0.601015471549574
CCGGTGA,0.612493527296803
CCGGTGC,0.619616546037242
CCGGTGG,0.638366881749163
CCGGTGT,0.661440389495863
CCGGTTA,0.592479582162585
CCGGTTC,0.675080319500103
CCGGTTG,0.602283258928403
CCGGTTT,0.60215655249389
CCGTAAA,0.602283258928403
CCGTAAC,0.603675971137878
CCGTAAG,0.603169754728006
CCGTAAT,0.590686723181425
CCGTACA,0.591455484942821
CCGTACC,0.603043160575548
CCGTACG,0.593119110752555
CCGTACT,0.587862862945452
CCGTAGA,0.599364941404532
CCGTAGC,0.603422894964823
CCGTAGG,0.604055465348812
CCGTAGT,0.602029830002822
CCGTATA,0.605445713283905
CCGTATC,0.600127063078929
CCGTATG,0.591583554464867
CCGTATT,0.600254026907587
CCGTCAA,0.591967664649587
CCGTCAC,0.612117222409328
CCGTCAG,0.60164956614958
CCGTCAT,0.605824536608957
CCGTCCA,0.586190462349018
CCGTCCC,0.600888604366176
CCGTCCG,0.587991393370742
CCGTCCT,0.638489082451617
CCGTCGA,0.592351627350321
CCGTCGC,0.636899307357308
CCGTCGG,0.612117222409328
CCGTCGT,0.603928983279588
CCGTCTA,0.58953247128725
CCGTCTC,0.550541478489668
CCGTCTG,0.617746981023578
CCGTCTT,0.594269232552113
CCGTGAA,0.585031005935747
CCGTGAC,0.603296332856412
CCGTGAG,0.595928187793339
CCGTGAT,0.58876222919411
CCGTGCA,0.588119907278085
CCGTGCC,0.642026422531995
CCGTGCG,0.636409636886239
CCGTGCT,0.58953247128725
CCGTGGA,0.606077005789635
CCGTGGC,0.631622741765932
CCGTGGG,0.632975213344994
CCGTGGT,0.612368108067583
CCGTGTA,0.589789086869603
CCGTGTC,0.589147424399788
CCGTGTG,0.630022004400515
CCGTGTT,0.582578840945013
CCGTTAA,0.59260752060451
CCGTTAC,0.628788921982654
CCGTTAG,0.591327399016872
CCGTTAT,0.58953247128725
CCGTTCA,0.59260752060451
CCGTTCC,0.602409949310429
CCGTTCG,0.588890644082858
CCGTTCT,0.589404138797514
CCGTTGA,0.590302120564091
CCGTTGC,0.587605752524042
CCGTTGG,0.589275789836436
CCGTTGT,0.603675971137878
CCGTTTA,0.58863379781286
CCGTTTC,0.597202437081699
CCGTTTG,0.585288779118878
CCGTTTT,0.607968495641918
CCTAAAA,0.573231472813241
CCTAAAC,0.600254026907587
CCTAAAG,0.591199296682817
CCTAAAT,0.59783895335096
CCTAACA,0.584773166288469
CCTAACC,0.588248404671725
CCTAACG,0.603169754728006
CCTAACT,0.579602362881379
CCTAAGA,0.581285808493306
CCTAAGC,0.585804126229698
CCTAAGG,0.582061828578973
CCTAAGT,0.584386282122275
CCTAATA,0.583612064462063
CCTAATC,0.594141506544053
CCTAATG,0.58876222919411
CCTAATT,0.579861539046485
CCTACAA,0.584257287464313
CCTACAC,0.608975829237799
CCTACAG,0.595928187793339
CCTACAT,0.587862862945452
CCTACCA,0.594396942248324
CCTACCC,0.589660787309871
CCTACCG,0.588248404671725
CCTACCT,0.580379689946847
CCTACGA,0.58991736997067
CCTACGC,0.589147424399788
CCTACGG,0.58863379781286
CCTACGT,0.592351627350321
CCTACTA,0.578045893686512
CCTACTC,0.581415187001406
CCTACTG,0.578045893686512
CCTACTT,0.594652312721857
CCTAGAA,0.584644221530062
CCTAGAC,0.585288779118878
CCTAGAG,0.583612064462063
CCTAGAT,0.594779973507507
CCTAGCA,0.588248404671725
CCTAGCC,0.593758230607092
CCTAGCG,0.59860223845766
CCTAGCT,0.613872101636518
CCTAGGA,0.584386282122275
CCTAGGC,0.590302120564091
CCTAGGG,0.582449612910886
CCTAGGT,0.600634821703321
CCTAGTA,0.588376885555907
CCTAGTC,0.599237864636803
CCTAGTG,0.597329772751914
CCTAGTT,0.598347874817064
CCTATAA,0.580897572505889
CCTATAC,0.589660787309871
CCTATAG,0.583741142371829
CCTATAT,0.588119907278085
CCTATCA,0.612242673106407
CCTATCC,0.586962687108975
CCTATCG,0.58863379781286
CCTATCT,0.586061700225821
CCTATGA,0.585932921520805
CCTATGC,0.583224730736007
CCTATGG,0.586576649270379
CCTATGT,0.603675971137878
CCTATTA,0.588119907278085
CCTATTC,0.591967664649587
CCTATTG,0.587477172519424
CCTATTT,0.582191106732185
CCTCAAA,0.584128276164583
CCTCAAC,0.579472749604867
CCTCAAG,0.578305473513043
CCTCAAT,0.598347874817064
CCTCACA,0.585417640797094
CCTCACC,0.610233570956112
CCTCACG,0.601776336834739
CCTCACT,0.609227504166435
CCTCAGA,0.56931080067363
CCTCAGC,0.55520053819383
CCTCAGG,0.589147424399788
CCTCAGT,0.601395976556652
CCTCATA,0.603169754728006
CCTCATC,0.595928187793339
CCTCATG,0.578824431108459
CCTCATT,0.590430337872701
CCTCCAA,0.580638664751661
CCTCCAC,0.581285808493306
CCTCCAG,0.728187550963299
CCTCCAT,0.593758230607092
CCTCCCA,0.54947349582817
CCTCCCC,0.611364187551654
CCTCCCG,0.570096165799493
CCTCCCT,0.593246967405575
CCTCCGA,0.597075085195045
CCTCCGC,0.596438082370573
CCTCCGG,0.646400266703747
CCTCCGT,0.598729396019249
CCTCCTA,0.587991393370742
CCTCCTC,0.632483617112617
CCTCCTG,0.603043160575548
CCTCCTT,0.609982149133754
CCTCGAA,0.602409949310429
CCTCGAC,0.600888604366176
CCTCGAG,0.588376885555907
CCTCGAT,0.591839644314051
CCTCGCA,0.600507906215692
CCTCGCC,0.611866273791663
CCTCGCG,0.58644793686703
CCTCGCT,0.635061805426499
CCTCGGA,0.608724090952948
CCTCGGC,0.583612064462063
CCTCGGG,0.602409949310429
CCTCGGT,0.608346364662966
CCTCGTA,0.58863379781286
CCTCGTC,0.587348575979862
CCTCGTG,0.592223656163528
CCTCGTT,0.624089292693416
CCTCTAA,0.578694716955889
CCTCTAC,0.607842507564908
CCTCTAG,0.579343119526575
CCTCTAT,0.585675314348227
CCTCTCA,0.601776336834739
CCTCTCC,0.60645559008708
CCTCTCG,0.595035246197379
CCTCTCT,0.614247746857366
CCTCTGA,0.583095586147387
CCTCTGC,0.678725555873404
CCTCTGG,0.631991779094518
CCTCTGT,0.576096894218184
CCTCTTA,0.604561233709248
CCTCTTC,0.598093446459144
CCTCTTG,0.587862862945452
CCTCTTT,0.623717326954286
CCTGAAA,0.575576518845788
CCTGAAC,0.647732912262162
CCTGAAG,0.612995046973011
CCTGAAT,0.595418033090983
CCTGACA,0.579083808947226
CCTGACC,0.597457092209821
CCTGACG,0.604814021996187
CCTGACT,0.576616998940885
CCTGAGA,0.571273058200958
CCTGAGC,0.578564985975374
CCTGAGG,0.627060048174038
CCTGAGT,0.5968203327559
CCTGATA,0.585675314348227
CCTGATC,0.621109685521929
CCTGATG,0.574795447702402
CCTGATT,0.575706638077701
CCTGCAA,0.597711682505219
CCTGCAC,0.589147424399788
CCTGCAG,0.636287181794114
CCTGCAT,0.584257287464313
CCTGCCA,0.570227000041552
CCTGCCC,0.653888442328216
CCTGCCG,0.645187227701075
CCTGCCT,0.561423037845226
CCTGCGA,0.635307000853241
CCTGCGC,0.653286631511325
CCTGCGG,0.746671221888691
CCTGCGT,0.611615262182983
CCTGCTA,0.585288779118878
CCTGCTC,0.597075085195045
CCTGCTG,0.626565534730252
CCTGCTT,0.594141506544053
CCTGGAA,0.613997332389603
CCTGGAC,0.591199296682817
CCTGGAG,0.591071177936452
CCTGGAT,0.578694716955889
CCTGGCA,0.643729635891594
CCTGGCC,0.572579094003902
CCTGGCG,0.603422894964823
CCTGGCT,0.561159037894203
CCTGGGA,0.688769132093612
CCTGGGC,0.571795677227487
CCTGGGG,0.615248778125051
CCTGGGT,0.585675314348227
CCTGGTA,0.59783895335096
CCTGGTC,0.643486497233663
CCTGGTG,0.627801360122674
CCTGGTT,0.652202458513682
CCTGTAA,0.560366619607516
CCTGTAC,0.588248404671725
CCTGTAG,0.602409949310429
CCTGTAT,0.581544548772872
CCTGTCA,0.57310103109478
CCTGTCC,0.633589368986238
CCTGTCG,0.604308381504234
CCTGTCT,0.563005575608133
CCTGTGA,0.594269232552113
CCTGTGC,0.59260752060451
CCTGTGG,0.671539974389291
CCTGTGT,0.578175692022488
CCTGTTA,0.599492002025808
CCTGTTC,0.617372648221807
CCTGTTG,0.607590483781898
CCTGTTT,0.649909781494081
CCTTAAA,0.578435238162548
CCTTAAC,0.587991393370742
CCTTAAG,0.583741142371829
CCTTAAT,0.600380974618477
CCTTACA,0.610107867946549
CCTTACC,0.579343119526575
CCTTACG,0.586190462349018
CCTTACT,0.583353858648456
CCTTAGA,0.5828372469244
CCTTAGC,0.620736609611131
CCTTAGG,0.583224730736007
CCTTAGT,0.599110771718517
CCTTATA,0.591327399016872
CCTTATC,0.580768127007928
CCTTATG,0.586061700225821
CCTTATT,0.594779973507507
CCTTCAA,0.60000008312841
CCTTCAC,0.610484929581425
CCTTCAG,0.600761721085454
CCTTCAT,0.588376885555907
CCTTCCA,0.598347874817064
CCTTCCC,0.624956675068257
CCTTCCG,0.615373836605292
CCTTCCT,0.61762221899179
CCTTCGA,0.600507906215692
CCTTCGC,0.620612220037645
CCTTCGG,0.59452463563685
CCTTCGT,0.64978896855369
CCTTCTA,0.5828372469244
CCTTCTC,0.65039288735086
CCTTCTG,0.59783895335096
CCTTCTT,0.629035660135605
CCTTGAA,0.590302120564091
CCTTGAC,0.597457092209821
CCTTGAG,0.609353317882136
CCTTGAT,0.580897572505889
CCTTGCA,0.593246967405575
CCTTGCC,0.592351627350321
CCTTGCG,0.604181931422346
CCTTGCT,0.588248404671725
CCTTGGA,0.615873914188671
CCTTGGC,0.574013766009972
CCTTGGG,0.635061805426499
CCTTGGT,0.586962687108975
CCTTGTA,0.599237864636803
CCTTGTC,0.586319207894665
CCTTGTG,0.603802485210626
CCTTGTT,0.591327399016872
CCTTTAA,0.572187462333423
CCTTTAC,0.584257287464313
CCTTTAG,0.621731169571761
CCTTTAT,0.59452463563685
CCTTTCA,0.619367472558939
CCTTTCC,0.630637975893178
CCTTTCG,0.65244348744735
CCTTTCT,0.710834531685835
CCTTTGA,0.593886005575712
CCTTTGC,0.58863379781286
CCTTTGG,0.57466520984534
CCTTTGT,0.592991237750122
CCTTTTA,0.592863348394092
CCTTTTC,0.626936442737159
CCTTTTG,0.594652312721857
CCTTTTT,0.597966208000895
CGAAAAA,0.598220668729828
CGAAAAC,0.604687635840457
CGAAAAG,0.598856537413848
CGAAAAT,0.596692932195141
CGAAACA,0.590302120564091
CGAAACC,0.585675314348227
CGAAACG,0.60278992418225
CGAAACT,0.584257287464313
CGAAAGA,0.586190462349018
CGAAAGC,0.603549441057294
CGAAAGG,0.597584395459547
CGAAAGT,0.589660787309871
CGAAATA,0.590173886813694
CGAAATC,0.614623251021868
CGAAATG,0.603296332856412
CGAAATT,0.603549441057294
CGAACAA,0.59094304277357
CGAACAC,0.589789086869603
CGAACAG,0.590173886813694
CGAACAT,0.603296332856412
CGAACCA,0.587605752524042
CGAACCC,0.603169754728006
CGAACCG,0.603043160575548
CGAACCT,0.589019042483339
CGAACGA,0.604687635840457
CGAACGC,0.592095668598014
CGAACGG,0.600888604366176
CGAACGT,0.589660787309871
CGAACTA,0.592351627350321
CGAACTC,0.57061940009348
CGAACTG,0.604181931422346
CGAACTT,0.59783895335096
CGAAGAA,0.5968203327559
CGAAGAC,0.602916550394983
CGAAGAG,0.611364187551654
CGAAGAT,0.609353317882136
CGAAGCA,0.590430337872701
CGAAGCC,0.584128276164583
CGAAGCG,0.605066746397356
CGAAGCT,0.58644793686703
CGAAGGA,0.612493527296803
CGAAGGC,0.599619046504733
CGAAGGG,0.611364187551654
CGAAGGT,0.586061700225821
CGAAGTA,0.589404138797514
CGAAGTC,0.601903091451128
CGAAGTG,0.588376885555907
CGAAGTT,0.613496315253309
CGAATAA,0.591583554464867
CGAATAC,0.591071177936452
CGAATAG,0.58953247128725
CGAATAT,0.592863348394092
CGAATCA,0.589275789836436
CGAATCC,0.599619046504733
CGAATCG,0.591455484942821
CGAATCT,0.587477172519424
CGAATGA,0.590173886813694
CGAATGC,0.601522779391576
CGAATGG,0.587219962901104
CGAATGT,0.591967664649587
CGAATTA,0.604055465348812
CGAATTC,0.603802485210626
CGAATTG,0.60000008312841
CGAATTT,0.587219962901104
CGACAAA,0.584773166288469
CGACAAC,0.58953247128725
CGACAAG,0.589019042483339
CGACAAT,0.59260752060451
CGACACA,0.601903091451128
CGACACC,0.609479115770738
CGACACG,0.590302120564091
CGACACT,0.587991393370742
CGACAGA,0.622352267619051
CGACAGC,0.602663281933288
CGACAGG,0.603296332856412
CGACAGT,0.586576649270379
CGACATA,0.592095668598014
CGACATC,0.61799645840017
CGACATG,0.605824536608957
CGACATT,0.61799645840017
CGACCAA,0.592735442680283
CGACCAC,0.587348575979862
CGACCAG,0.581415187001406
CGACCAT,0.603169754728006
CGACCCA,0.600254026907587
CGACCCC,0.591583554464867
CGACCCG,0.608472289279975
CGACCCT,0.587219962901104
CGACCGA,0.604434815598521
CGACCGC,0.625823305742878
CGACCGG,0.626194489099547
CGACCGT,0.604055465348812
CGACCTA,0.592351627350321
CGACCTC,0.610359258166413
CGACCTG,0.603169754728006
CGACCTT,0.615748918235646
CGACGAA,0.602916550394983
CGACGAC,0.625947048837631
CGACGAG,0.60164956614958
CGACGAT,0.592479582162585
CGACGCA,0.617372648221807
CGACGCC,0.590173886813694
CGACGCG,0.601142322639731
CGACGCT,0.603043160575548
CGACGGA,0.591839644314051
CGACGGC,0.589019042483339
CGACGGG,0.587219962901104
CGACGGT,0.591199296682817
CGACGTA,0.59171160758721
CGACGTC,0.589660787309871
CGACGTG,0.592095668598014
CGACGTT,0.589660787309871
CGACTAA,0.603928983279588
CGACTAC,0.59171160758721
CGACTAG,0.585932921520805
CGACTAT,0.592223656163528
CGACTCA,0.602409949310429
CGACTCC,0.608472289279975
CGACTCG,0.61599889451966
CGACTCT,0.641782869353712
CGACTGA,0.590558538743741
CGACTGC,0.601269157640731
CGACTGG,0.597966208000895
CGACTGT,0.602409949310429
CGACTTA,0.591455484942821
CGACTTC,0.638977735986039
CGACTTG,0.599364941404532
CGACTTT,0.588505349934872
CGAGAAA,0.583095586147387
CGAGAAC,0.603802485210626
CGAGAAG,0.587348575979862
CGAGAAT,0.590045636617293
CGAGACA,0.585804126229698
CGAGACC,0.586061700225821
CGAGACG,0.587734315997968
CGAGACT,0.615373836605292
CGAGAGA,0.587605752524042
CGAGAGC,0.610861849094412
CGAGAGG,0.619118337027583
CGAGAGT,0.586834024387089
CGAGATA,0.589147424399788
CGAGATC,0.579731959360468
CGAGATG,0.599619046504733
CGAGATT,0.597584395459547
CGAGCAA,0.588505349934872
CGAGCAC,0.590173886813694
CGAGCAG,0.615123704003231
CGAGCAT,0.605824536608957
CGAGCCA,0.639099862069027
CGAGCCC,0.607968495641918
CGAGCCG,0.649063784239684
CGAGCCT,0.597966208000895
CGAGCGA,0.602409949310429
CGAGCGC,0.647369639564631
CGAGCGG,0.638977735986039
CGAGCGT,0.588248404671725
CGAGCTA,0.629282337423857
CGAGCTC,0.595035246197379
CGAGCTG,0.681655614350538
CGAGCTT,0.588890644082858
CGAGGAA,0.59171160758721
CGAGGAC,0.586190462349018
CGAGGAG,0.593630439309943
CGAGGAT,0.601395976556652
CGAGGCA,0.598347874817064
CGAGGCC,0.602283258928403
CGAGGCG,0.653768109135451
CGAGGCT,0.607086245587843
CGAGGGA,0.614372930579895
CGAGGGC,0.604181931422346
CGAGGGG,0.581544548772872
CGAGGGT,0.587734315997968
CGAGGTA,0.584773166288469
CGAGGTC,0.586705345108978
CGAGGTG,0.585804126229698
CGAGGTT,0.613496315253309
CGAGTAA,0.591199296682817
CGAGTAC,0.590814891189964
CGAGTAG,0.590173886813694
CGAGTAT,0.603549441057294
CGAGTCA,0.627677846287685
CGAGTCC,0.587348575979862
CGAGTCG,0.605445713283905
CGAGTCT,0.613621593072301
CGAGTGA,0.58953247128725
CGAGTGC,0.625699547333877
CGAGTGG,0.622600598864624
CGAGTGT,0.599492002025808
CGAGTTA,0.590302120564091
CGAGTTC,0.584902094422268
CGAGTTG,0.597966208000895
CGAGTTT,0.637266402921023
CGATAAA,0.59094304277357
CGATAAC,0.605066746397356
CGATAAG,0.592863348394092
CGATAAT,0.589404138797514
CGATACA,0.604687635840457
CGATACC,0.591967664649587
CGATACG,0.604687635840457
CGATACT,0.591327399016872
CGATAGA,0.590558538743741
CGATAGC,0.592223656163528
CGATAGG,0.605824536608957
CGATAGT,0.59260752060451
CGATATA,0.593119110752555
CGATATC,0.591199296682817
CGATATG,0.593119110752555
CGATATT,0.603043160575548
CGATCAA,0.587862862945452
CGATCAC,0.591583554464867
CGATCAG,0.603802485210626
CGATCAT,0.58953247128725
CGATCCA,0.59171160758721
CGATCCC,0.590173886813694
CGATCCG,0.590045636617293
CGATCCT,0.583482969889039
CGATCGA,0.605319406945039
CGATCGC,0.591327399016872
CGATCGG,0.593119110752555
CGATCGT,0.592735442680283
CGATCTA,0.592351627350321
CGATCTC,0.618245873553322
CGATCTG,0.591455484942821
CGATCTT,0.600507906215692
CGATGAA,0.588248404671725
CGATGAC,0.605445713283905
CGATGAG,0.590302120564091
CGATGAT,0.591071177936452
CGATGCA,0.589660787309871
CGATGCC,0.613872101636518
CGATGCG,0.612117222409328
CGATGCT,0.590173886813694
CGATGGA,0.591967664649587
CGATGGC,0.601395976556652
CGATGGG,0.614247746857366
CGATGGT,0.59847506472497
CGATGTA,0.604434815598521
CGATGTC,0.612117222409328
CGATGTG,0.590045636617293
CGATGTT,0.605572003671495
CGATTAA,0.591327399016872
CGATTAC,0.591583554464867
CGATTAG,0.605824536608957
CGATTAT,0.589019042483339
CGATTCA,0.589019042483339
CGATTCC,0.585932921520805
CGATTCG,0.61762221899179
CGATTCT,0.57466520984534
CGATTGA,0.591199296682817
CGATTGC,0.591967664649587
CGATTGG,0.597457092209821
CGATTGT,0.601269157640731
CGATTTA,0.590686723181425
CGATTTC,0.587091333278893
CGATTTG,0.591967664649587
CGATTTT,0.585031005935747
CGCAAAA,0.60000008312841
CGCAAAC,0.614372930579895
CGCAAAG,0.622228078866782
CGCAAAT,0.601015471549574
CGCAACA,0.589789086869603
CGCAACC,0.597966208000895
CGCAACG,0.604561233709248
CGCAACT,0.591839644314051
CGCAAGA,0.589019042483339
CGCAAGC,0.615748918235646
CGCAAGG,0.625204360479547
CGCAAGT,0.590302120564091
CGCAATA,0.591839644314051
CGCAATC,0.590430337872701
CGCAATG,0.603928983279588
CGCAATT,0.587605752524042
CGCACAA,0.600127063078929
CGCACAC,0.581803222123222
CGCACAG,0.613120387601606
CGCACAT,0.589404138797514
CGCACCA,0.586834024387089
CGCACCC,0.598856537413848
CGCACCG,0.627801360122674
CGCACCT,0.612117222409328
CGCACGA,0.593119110752555
CGCACGC,0.592991237750122
CGCACGG,0.5968203327559
CGCACGT,0.613621593072301
CGCACTA,0.58991736997067
CGCACTC,0.584386282122275
CGCACTG,0.589660787309871
CGCACTT,0.590558538743741
CGCAGAA,0.613120387601606
CGCAGAC,0.612618930798012
CGCAGAG,0.591839644314051
CGCAGAT,0.601903091451128
CGCAGCA,0.594269232552113
CGCAGCC,0.708558637618253
CGCAGCG,0.603675971137878
CGCAGCT,0.59783895335096
CGCAGGA,0.626565534730252
CGCAGGC,0.669883514099853
CGCAGGG,0.622103874689752
CGCAGGT,0.587348575979862
CGCAGTA,0.605193084650867
CGCAGTC,0.598856537413848
CGCAGTG,0.605445713283905
CGCAGTT,0.605193084650867
CGCATAA,0.59260752060451
CGCATAC,0.590430337872701
CGCATAG,0.59260752060451
CGCATAT,0.590686723181425
CGCATCA,0.604687635840457
CGCATCC,0.601142322639731
CGCATCG,0.592223656163528
CGCATCT,0.589404138797514
CGCATGA,0.604814021996187
CGCATGC,0.644944443224896
CGCATGG,0.603422894964823
CGCATGT,0.613746855198727
CGCATTA,0.59260752060451
CGCATTC,0.616498659701327
CGCATTG,0.603802485210626
CGCATTT,0.602536623644036
CGCCAAA,0.587219962901104
CGCCAAC,0.611489732747127
CGCCAAG,0.609227504166435
CGCCAAT,0.605319406945039
CGCCACA,0.641539256842827
CGCCACC,0.606077005789635
CGCCACG,0.58953247128725
CGCCACT,0.57791607850074
CGCCAGA,0.624213250533142
CGCCAGC,0.596947717087823
CGCCAGG,0.583612064462063
CGCCAGT,0.588890644082858
CGCCATA,0.590302120564091
CGCCATC,0.648580035703077
CGCCATG,0.685160389499026
CGCCATT,0.657251906220917
CGCCCAA,0.585546485872118
CGCCCAC,0.597711682505219
CGCCCAG,0.575446382680657
CGCCCAT,0.587862862945452
CGCCCCA,0.590686723181425
CGCCCCC,0.66774973967888
CGCCCCG,0.652202458513682
CGCCCCT,0.590814891189964
CGCCCGA,0.61412254746191
CGCCCGC,0.603802485210626
CGCCCGG,0.603043160575548
CGCCCGT,0.625204360479547
CGCCCTA,0.600761721085454
CGCCCTC,0.606834031112693
CGCCCTG,0.57674698286553
CGCCCTT,0.611364187551654
CGCCGAA,0.591583554464867
CGCCGAC,0.626441868149926
CGCCGAG,0.621109685521929
CGCCGAT,0.601395976556652
CGCCGCA,0.610861849094412
CGCCGCC,0.67177638774378
CGCCGCG,0.712538059496268
CGCCGCT,0.661082063263592
CGCCGGA,0.588376885555907
CGCCGGC,0.606077005789635
CGCCGGG,0.662753154926152
CGCCGGT,0.597202437081699
CGCCGTA,0.590430337872701
CGCCGTC,0.611740775863176
CGCCGTG,0.620487814989468
CGCCGTT,0.590302120564091
CGCCTAA,0.616873319747374
CGCCTAC,0.588376885555907
CGCCTAG,0.588505349934872
CGCCTAT,0.589404138797514
CGCCTCA,0.592735442680283
CGCCTCC,0.669291255543082
CGCCTCG,0.596692932195141
CGCCTCT,0.616873319747374
CGCCTGA,0.601015471549574
CGCCTGC,0.669528201059876
CGCCTGG,0.597075085195045
CGCCTGT,0.588505349934872
CGCCTTA,0.592351627350321
CGCCTTC,0.607212328974874
CGCCTTG,0.581673893812035
CGCCTTT,0.608975829237799
CGCGAAA,0.591839644314051
CGCGAAC,0.592095668598014
CGCGAAG,0.588119907278085
CGCGAAT,0.591967664649587
CGCGACA,0.590430337872701
CGCGACC,0.584902094422268
CGCGACG,0.60000008312841
CGCGACT,0.624585031885703
CGCGAGA,0.613746855198727
CGCGAGC,0.59847506472497
CGCGAGG,0.628171810120009
CGCGAGT,0.616748448661392
CGCGATA,0.605066746397356
CGCGATC,0.584257287464313
CGCGATG,0.626194489099547
CGCGATT,0.604181931422346
CGCGCAA,0.587862862945452
CGCGCAC,0.606707900016554
CGCGCAG,0.625823305742878
CGCGCAT,0.59094304277357
CGCGCCA,0.622228078866782
CGCGCCC,0.622972980142991
CGCGCCG,0.628418700566193
CGCGCCT,0.589404138797514
CGCGCGA,0.602536623644036
CGCGCGC,0.661440389495863
CGCGCGG,0.766003346367093
CGCGCGT,0.601269157640731
CGCGCTA,0.601269157640731
CGCGCTC,0.634203147671828
CGCGCTG,0.658689934812476
CGCGCTT,0.616998175242514
CGCGGAA,0.603169754728006
CGCGGAC,0.625699547333877
CGCGGAG,0.681421525350224
CGCGGAT,0.591967664649587
CGCGGCA,0.665135594898517
CGCGGCC,0.707190610767879
CGCGGCG,0.770725013879486
CGCGGCT,0.649184684818202
CGCGGGA,0.631868781783097
CGCGGGC,0.670120319341794
CGCGGGG,0.667512372338631
CGCGGGT,0.638122435536094
CGCGGTA,0.587734315997968
CGCGGTC,0.614372930579895
CGCGGTG,0.652202458513682
CGCGGTT,0.602663281933288
CGCGTAA,0.592735442680283
CGCGTAC,0.591199296682817
CGCGTAG,0.604434815598521
CGCGTAT,0.592351627350321
CGCGTCA,0.604561233709248
CGCGTCC,0.633589368986238
CGCGTCG,0.605445713283905
CGCGTCT,0.614623251021868
CGCGTGA,0.665016607609075
CGCGTGC,0.633220920865803
CGCGTGG,0.600888604366176
CGCGTGT,0.588890644082858
CGCGTTA,0.590558538743741
CGCGTTC,0.608472289279975
CGCGTTG,0.59847506472497
CGCGTTT,0.611615262182983
CGCTAAA,0.58876222919411
CGCTAAC,0.58876222919411
CGCTAAG,0.602663281933288
CGCTAAT,0.58991736997067
CGCTACA,0.591583554464867
CGCTACC,0.601142322639731
CGCTACG,0.605572003671495
CGCTACT,0.60215655249389
CGCTAGA,0.588890644082858
CGCTAGC,0.615248778125051
CGCTAGG,0.598983662645568
CGCTAGT,0.587862862945452
CGCTATA,0.592351627350321
CGCTATC,0.601395976556652
CGCTATG,0.60278992418225
CGCTATT,0.59094304277357
CGCTCAA,0.588505349934872
CGCTCAC,0.58644793686703
CGCTCAG,0.610861849094412
CGCTCAT,0.590814891189964
CGCTCCA,0.594652312721857
CGCTCCC,0.580379689946847
CGCTCCG,0.65940817437862
CGCTCCT,0.613120387601606
CGCTCGA,0.587991393370742
CGCTCGC,0.630884258291646
CGCTCGG,0.622228078866782
CGCTCGT,0.625451984557964
CGCTCTA,0.589147424399788
CGCTCTC,0.633220920865803
CGCTCTG,0.616498659701327
CGCTCTT,0.613872101636518
CGCTGAA,0.587862862945452
CGCTGAC,0.586962687108975
CGCTGAG,0.614498098633422
CGCTGAT,0.58953247128725
CGCTGCA,0.605950779166882
CGCTGCC,0.576096894218184
CGCTGCG,0.607968495641918
CGCTGCT,0.644094233071148
CGCTGGA,0.583224730736007
CGCTGGC,0.623469272906781
CGCTGGG,0.639221973239057
CGCTGGT,0.651961371471061
CGCTGTA,0.592351627350321
CGCTGTC,0.589019042483339
CGCTGTG,0.657131977108836
CGCTGTT,0.624337193009227
CGCTTAA,0.58991736997067
CGCTTAC,0.590430337872701
CGCTTAG,0.588890644082858
CGCTTAT,0.591199296682817
CGCTTCA,0.600634821703321
CGCTTCC,0.628418700566193
CGCTTCG,0.58991736997067
CGCTTCT,0.631622741765932
CGCTTGA,0.56944173770197
CGCTTGC,0.659288503602717
CGCTTGG,0.602029830002822
CGCTTGT,0.592351627350321
CGCTTTA,0.603928983279588
CGCTTTC,0.581415187001406
CGCTTTG,0.59783895335096
CGCTTTT,0.598729396019249
CGGAAAA,0.599237864636803
CGGAAAC,0.611615262182983
CGGAAAG,0.625204360479547
CGGAAAT,0.624585031885703
CGGAACA,0.587734315997968
CGGAACC,0.636409636886239
CGGAACG,0.614498098633422
CGGAACT,0.601776336834739
CGGAAGA,0.581673893812035
CGGAAGC,0.695486194828695
CGGAAGG,0.595800673514846
CGGAAGT,0.659168818504005
CGGAATA,0.587605752524042
CGGAATC,0.596183167581016
CGGAATG,0.604687635840457
CGGAATT,0.600888604366176
CGGACAA,0.589789086869603
CGGACAC,0.586962687108975
CGGACAG,0.600127063078929
CGGACAT,0.629898764558385
CGGACCA,0.592351627350321
CGGACCC,0.624089292693416
CGGACCG,0.617746981023578
CGGACCT,0.601395976556652
CGGACGA,0.593119110752555
CGGACGC,0.627307213222324
CGGACGG,0.609353317882136
CGGACGT,0.60215655249389
CGGACTA,0.59171160758721
CGGACTC,0.651720226291461
CGGACTG,0.608346364662966
CGGACTT,0.587091333278893
CGGAGAA,0.594779973507507
CGGAGAC,0.611364187551654
CGGAGAG,0.631868781783097
CGGAGAT,0.590302120564091
CGGAGCA,0.628295262962462
CGGAGCC,0.697331265072521
CGGAGCG,0.662514598450057
CGGAGCT,0.660245469059065
CGGAGGA,0.606960146301786
CGGAGGC,0.632729445437162
CGGAGGG,0.611740775863176
CGGAGGT,0.579472749604867
CGGAGTA,0.612368108067583
CGGAGTC,0.598093446459144
CGGAGTG,0.64978896855369
CGGAGTT,0.59860223845766
CGGATAA,0.591327399016872
CGGATAC,0.589789086869603
CGGATAG,0.59260752060451
CGGATAT,0.591455484942821
CGGATCA,0.612117222409328
CGGATCC,0.624832809353289
CGGATCG,0.612995046973011
CGGATCT,0.615498879447864
CGGATGA,0.601395976556652
CGGATGC,0.615123704003231
CGGATGG,0.595545596167817
CGGATGT,0.59094304277357
CGGATTA,0.60215655249389
CGGATTC,0.616623561980675
CGGATTG,0.601522779391576
CGGATTT,0.587862862945452
CGGCAAA,0.662872411826646
CGGCAAC,0.587734315997968
CGGCAAG,0.626936442737159
CGGCAAT,0.592095668598014
CGGCACA,0.587991393370742
CGGCACC,0.605824536608957
CGGCACG,0.593119110752555
CGGCACT,0.602029830002822
CGGCAGA,0.637266402921023
CGGCAGC,0.654730369479182
CGGCAGG,0.643364905732451
CGGCAGT,0.623593307621885
CGGCATA,0.587862862945452
CGGCATC,0.604434815598521
CGGCATG,0.591071177936452
CGGCATT,0.603549441057294
CGGCCAA,0.595290453739734
CGGCCAC,0.60278992418225
CGGCCAG,0.622103874689752
CGGCCAT,0.629035660135605
CGGCCCA,0.620736609611131
CGGCCCC,0.668342911644725
CGGCCCG,0.652563980132079
CGGCCCT,0.593758230607092
CGGCCGA,0.627801360122674
CGGCCGC,0.730642153500763
CGGCCGG,0.712991843888694
CGGCCGT,0.619118337027583
CGGCCTA,0.602283258928403
CGGCCTC,0.559970174867182
CGGCCTG,0.604814021996187
CGGCCTT,0.62036339446275
CGGCGAA,0.600634821703321
CGGCGAC,0.633589368986238
CGGCGAG,0.611113049866023
CGGCGAT,0.627801360122674
CGGCGCA,0.633098074651921
CGGCGCC,0.666918707369187
CGGCGCG,0.654730369479182
CGGCGCT,0.623097076427084
CGGCGGA,0.675786886918209
CGGCGGC,0.93793128962731
CGGCGGG,0.714465222638497
CGGCGGT,0.626812822020088
CGGCGTA,0.591839644314051
CGGCGTC,0.59847506472497
CGGCGTG,0.627060048174038
CGGCGTT,0.663825955376839
CGGCTAA,0.589275789836436
CGGCTAC,0.612744318575155
CGGCTAG,0.589789086869603
CGGCTAT,0.604434815598521
CGGCTCA,0.582191106732185
CGGCTCC,0.692364898478851
CGGCTCG,0.636776912216816
CGGCTCT,0.635307000853241
CGGCTGA,0.684226983186085
CGGCTGC,0.702502347678192
CGGCTGG,0.679781366215327
CGGCTGT,0.61599889451966
CGGCTTA,0.59094304277357
CGGCTTC,0.622724741365586
CGGCTTG,0.612995046973011
CGGCTTT,0.596183167581016
CGGGAAA,0.619367472558939
CGGGAAC,0.60164956614958
CGGGAAG,0.640808063025304
CGGGAAT,0.614873508819197
CGGGACA,0.601269157640731
CGGGACC,0.642878391828719
CGGGACG,0.608094467847933
CGGGACT,0.597075085195045
CGGGAGA,0.665254568031668
CGGGAGC,0.668105685079074
CGGGAGG,0.593119110752555
CGGGAGT,0.607590483781898
CGGGATA,0.587734315997968
CGGGATC,0.611740775863176
CGGGATG,0.58644793686703
CGGGATT,0.587091333278893
CGGGCAA,0.596183167581016
CGGGCAC,0.59847506472497
CGGGCAG,0.62792485870388
CGGGCAT,0.60278992418225
CGGGCCA,0.613997332389603
CGGGCCC,0.643243299444948
CGGGCCG,0.659647472975709
CGGGCCT,0.685976405938709
CGGGCGA,0.626070776621924
CGGGCGC,0.657251906220917
CGGGCGG,0.683409537355101
CGGGCGT,0.58953247128725
CGGGCTA,0.59094304277357
CGGGCTC,0.626936442737159
CGGGCTG,0.61949201705279
CGGGCTT,0.59847506472497
CGGGGAA,0.614372930579895
CGGGGAC,0.593630439309943
CGGGGAG,0.643486497233663
CGGGGAT,0.584773166288469
CGGGGCA,0.637877929554463
CGGGGCC,0.645065842831023
CGGGGCG,0.669291255543082
CGGGGCT,0.633834925669236
CGGGGGA,0.599492002025808
CGGGGGC,0.687606443882348
CGGGGGG,0.711629872482981
CGGGGGT,0.585288779118878
CGGGGTA,0.585804126229698
CGGGGTC,0.658689934812476
CGGGGTG,0.613120387601606
CGGGGTT,0.606834031112693
CGGGTAA,0.587348575979862
CGGGTAC,0.592735442680283
CGGGTAG,0.587348575979862
CGGGTAT,0.605824536608957
CGGGTCA,0.601142322639731
CGGGTCC,0.597711682505219
CGGGTCG,0.617746981023578
CGGGTCT,0.611113049866023
CGGGTGA,0.637144052705747
CGGGTGC,0.611740775863176
CGGGTGG,0.624585031885703
CGGGTGT,0.620736609611131
CGGGTTA,0.602536623644036
CGGGTTC,0.575446382680657
CGGGTTG,0.625699547333877
CGGGTTT,0.601522779391576
CGGTAAA,0.614372930579895
CGGTAAC,0.603043160575548
CGGTAAG,0.602283258928403
CGGTAAT,0.58876222919411
CGGTACA,0.587605752524042
CGGTACC,0.603296332856412
CGGTACG,0.593119110752555
CGGTACT,0.605193084650867
CGGTAGA,0.604434815598521
CGGTAGC,0.614873508819197
CGGTAGG,0.603549441057294
CGGTAGT,0.603169754728006
CGGTATA,0.592095668598014
CGGTATC,0.603422894964823
CGGTATG,0.592351627350321
CGGTATT,0.589147424399788
CGGTCAA,0.604561233709248
CGGTCAC,0.58876222919411
CGGTCAG,0.634939185164143
CGGTCAT,0.59094304277357
CGGTCCA,0.61599889451966
CGGTCCC,0.662156656997227
CGGTCCG,0.591583554464867
CGGTCCT,0.648942869042449
CGGTCGA,0.58953247128725
CGGTCGC,0.603296332856412
CGGTCGG,0.600634821703321
CGGTCGT,0.641417428328624
CGGTCTA,0.592479582162585
CGGTCTC,0.610610585205117
CGGTCTG,0.613245712521896
CGGTCTT,0.591583554464867
CGGTGAA,0.595928187793339
CGGTGAC,0.653286631511325
CGGTGAG,0.623841330907799
CGGTGAT,0.589404138797514
CGGTGCA,0.586962687108975
CGGTGCC,0.608472289279975
CGGTGCG,0.636899307357308
CGGTGCT,0.601269157640731
CGGTGGA,0.598856537413848
CGGTGGC,0.611113049866023
CGGTGGG,0.640686145392836
CGGTGGT,0.614998614235918
CGGTGTA,0.590045636617293
CGGTGTC,0.621855420046076
CGGTGTG,0.624832809353289
CGGTGTT,0.639588217307801
CGGTTAA,0.591071177936452
CGGTTAC,0.58863379781286
CGGTTAG,0.586962687108975
CGGTTAT,0.603296332856412
CGGTTCA,0.592479582162585
CGGTTCC,0.646521489712768
CGGTTCG,0.604940392180474
CGGTTCT,0.625204360479547
CGGTTGA,0.591199296682817
CGGTTGC,0.654730369479182
CGGTTGG,0.634571234136883
CGGTTGT,0.616498659701327
CGGTTTA,0.58876222919411
CGGTTTC,0.591967664649587
CGGTTTG,0.614748387749153
CGGTTTT,0.58193253371076
CGTAAAA,0.588890644082858
CGTAAAC,0.592991237750122
CGTAAAG,0.600761721085454
CGTAAAT,0.590045636617293
CGTAACA,0.58991736997067
CGTAACC,0.601142322639731
CGTAACG,0.605824536608957
CGTAACT,0.589147424399788
CGTAAGA,0.59260752060451
CGTAAGC,0.589660787309871
CGTAAGG,0.62804834203507
CGTAAGT,0.604561233709248
CGTAATA,0.592863348394092
CGTAATC,0.590686723181425
CGTAATG,0.604561233709248
CGTAATT,0.591967664649587
CGTACAA,0.591455484942821
CGTACAC,0.587734315997968
CGTACAG,0.591327399016872
CGTACAT,0.592351627350321
CGTACCA,0.605698278111837
CGTACCC,0.603675971137878
CGTACCG,0.593119110752555
CGTACCT,0.589660787309871
CGTACGA,0.593119110752555
CGTACGC,0.58991736997067
CGTACGG,0.590558538743741
CGTACGT,0.593119110752555
CGTACTA,0.60278992418225
CGTACTC,0.586576649270379
CGTACTG,0.592351627350321
CGTACTT,0.605193084650867
CGTAGAA,0.590045636617293
CGTAGAC,0.600761721085454
CGTAGAG,0.585417640797094
CGTAGAT,0.58953247128725
CGTAGCA,0.58953247128725
CGTAGCC,0.638977735986039
CGTAGCG,0.592735442680283
CGTAGCT,0.601269157640731
CGTAGGA,0.586834024387089
CGTAGGC,0.59260752060451
CGTAGGG,0.602536623644036
CGTAGGT,0.590302120564091
CGTAGTA,0.591455484942821
CGTAGTC,0.586190462349018
CGTAGTG,0.604055465348812
CGTAGTT,0.601903091451128
CGTATAA,0.592735442680283
CGTATAC,0.592479582162585
CGTATAG,0.604561233709248
CGTATAT,0.587862862945452
CGTATCA,0.593119110752555
CGTATCC,0.587991393370742
CGTATCG,0.59171160758721
CGTATCT,0.602663281933288
CGTATGA,0.590686723181425
CGTATGC,0.592351627350321
CGTATGG,0.592223656163528
CGTATGT,0.590686723181425
CGTATTA,0.587477172519424
CGTATTC,0.590814891189964
CGTATTG,0.61599889451966
CGTATTT,0.586319207894665
CGTCAAA,0.593119110752555
CGTCAAC,0.58991736997067
CGTCAAG,0.603043160575548
CGTCAAT,0.593119110752555
CGTCACA,0.592351627350321
CGTCACC,0.609479115770738
CGTCACG,0.618245873553322
CGTCACT,0.586834024387089
CGTCAGA,0.617746981023578
CGTCAGC,0.590045636617293
CGTCAGG,0.600254026907587
CGTCAGT,0.592223656163528
CGTCATA,0.591583554464867
CGTCATC,0.60278992418225
CGTCATG,0.604055465348812
CGTCATT,0.590814891189964
CGTCCAA,0.592223656163528
CGTCCAC,0.587991393370742
CGTCCAG,0.58863379781286
CGTCCAT,0.586705345108978
CGTCCCA,0.60164956614958
CGTCCCC,0.591583554464867
CGTCCCG,0.600507906215692
CGTCCCT,0.602029830002822
CGTCCGA,0.591455484942821
CGTCCGC,0.611866273791663
CGTCCGG,0.626194489099547
CGTCCGT,0.591455484942821
CGTCCTA,0.591839644314051
CGTCCTC,0.613120387601606
CGTCCTG,0.63653207698495
CGTCCTT,0.624956675068257
CGTCGAA,0.592223656163528
CGTCGAC,0.591071177936452
CGTCGAG,0.590173886813694
CGTCGAT,0.592479582162585
CGTCGCA,0.590173886813694
CGTCGCC,0.623841330907799
CGTCGCG,0.654489891186668
CGTCGCT,0.614873508819197
CGTCGGA,0.616748448661392
CGTCGGC,0.626936442737159
CGTCGGG,0.602536623644036
CGTCGGT,0.588505349934872
CGTCGTA,0.605698278111837
CGTCGTC,0.58991736997067
CGTCGTG,0.590173886813694
CGTCGTT,0.590302120564091
CGTCTAA,0.589404138797514
CGTCTAC,0.604308381504234
CGTCTAG,0.587734315997968
CGTCTAT,0.602663281933288
CGTCTCA,0.576226945761269
CGTCTCC,0.585417640797094
CGTCTCG,0.60822042418695
CGTCTCT,0.572056884352432
CGTCTGA,0.649909781494081
CGTCTGC,0.606077005789635
CGTCTGG,0.640564212894647
CGTCTGT,0.600254026907587
CGTCTTA,0.587862862945452
CGTCTTC,0.594907617997961
CGTCTTG,0.608975829237799
CGTCTTT,0.596438082370573
CGTGAAA,0.595800673514846
CGTGAAC,0.589019042483339
CGTGAAG,0.626070776621924
CGTGAAT,0.591327399016872
CGTGACA,0.603928983279588
CGTGACC,0.600127063078929
CGTGACG,0.593119110752555
CGTGACT,0.603928983279588
CGTGAGA,0.623965319486238
CGTGAGC,0.580638664751661
CGTGAGG,0.587605752524042
CGTGAGT,0.657371820951731
CGTGATA,0.58991736997067
CGTGATC,0.578824431108459
CGTGATG,0.585804126229698
CGTGATT,0.590045636617293
CGTGCAA,0.605193084650867
CGTGCAC,0.588248404671725
CGTGCAG,0.583224730736007
CGTGCAT,0.596947717087823
CGTGCCA,0.622600598864624
CGTGCCC,0.597202437081699
CGTGCCG,0.662991654506628
CGTGCCT,0.59860223845766
CGTGCGA,0.628171810120009
CGTGCGC,0.618495226514068
CGTGCGG,0.626070776621924
CGTGCGT,0.625699547333877
CGTGCTA,0.592223656163528
CGTGCTC,0.590302120564091
CGTGCTG,0.659527830835142
CGTGCTT,0.583353858648456
CGTGGAA,0.593502631680091
CGTGGAC,0.611489732747127
CGTGGAG,0.622352267619051
CGTGGAT,0.583353858648456
CGTGGCA,0.623841330907799
CGTGGCC,0.624089292693416
CGTGGCG,0.611489732747127
CGTGGCT,0.609604897836221
CGTGGGA,0.602029830002822
CGTGGGC,0.606077005789635
CGTGGGG,0.626812822020088
CGTGGGT,0.616623561980675
CGTGGTA,0.629035660135605
CGTGGTC,0.611991755972397
CGTGGTG,0.600761721085454
CGTGGTT,0.603043160575548
CGTGTAA,0.600127063078929
CGTGTAC,0.590814891189964
CGTGTAG,0.58644793686703
CGTGTAT,0.629159006385942
CGTGTCA,0.590173886813694
CGTGTCC,0.612869690632174
CGTGTCG,0.584128276164583
CGTGTCT,0.586705345108978
CGTGTGA,0.608094467847933
CGTGTGC,0.660125898446917
CGTGTGG,0.609479115770738
CGTGTGT,0.6228488684571
CGTGTTA,0.590302120564091
CGTGTTC,0.59860223845766
CGTGTTG,0.595035246197379
CGTGTTT,0.583353858648456
CGTTAAA,0.588376885555907
CGTTAAC,0.603802485210626
CGTTAAG,0.589019042483339
CGTTAAT,0.589275789836436
CGTTACA,0.592479582162585
CGTTACC,0.601395976556652
CGTTACG,0.605824536608957
CGTTACT,0.615373836605292
CGTTAGA,0.602029830002822
CGTTAGC,0.58876222919411
CGTTAGG,0.589789086869603
CGTTAGT,0.58991736997067
CGTTATA,0.592991237750122
CGTTATC,0.586190462349018
CGTTATG,0.59094304277357
CGTTATT,0.615373836605292
CGTTCAA,0.60215655249389
CGTTCAC,0.591839644314051
CGTTCAG,0.603422894964823
CGTTCAT,0.597966208000895
CGTTCCA,0.601015471549574
CGTTCCC,0.601522779391576
CGTTCCG,0.590173886813694
CGTTCCT,0.589275789836436
CGTTCGA,0.591327399016872
CGTTCGC,0.585031005935747
CGTTCGG,0.590302120564091
CGTTCGT,0.600634821703321
CGTTCTA,0.586962687108975
CGTTCTC,0.609604897836221
CGTTCTG,0.599619046504733
CGTTCTT,0.612869690632174
CGTTGAA,0.60278992418225
CGTTGAC,0.613371021737818
CGTTGAG,0.590045636617293
CGTTGAT,0.590302120564091
CGTTGCA,0.627060048174038
CGTTGCC,0.610610585205117
CGTTGCG,0.590302120564091
CGTTGCT,0.611489732747127
CGTTGGA,0.585546485872118
CGTTGGC,0.614247746857366
CGTTGGG,0.609604897836221
CGTTGGT,0.625328180183466
CGTTGTA,0.604308381504234
CGTTGTC,0.599873087051936
CGTTGTG,0.601269157640731
CGTTGTT,0.602029830002822
CGTTTAA,0.589147424399788
CGTTTAC,0.58876222919411
CGTTTAG,0.603549441057294
CGTTTAT,0.587348575979862
CGTTTCA,0.586705345108978
CGTTTCC,0.649184684818202
CGTTTCG,0.591967664649587
CGTTTCT,0.594396942248324
CGTTTGA,0.59860223845766
CGTTTGC,0.600380974618477
CGTTTGG,0.584128276164583
CGTTTGT,0.5828372469244
CGTTTTA,0.623221157313199
CGTTTTC,0.596438082370573
CGTTTTG,0.587605752524042
CGTTTTT,0.614748387749153
CTAAAAA,0.568393761114584
CTAAAAC,0.576616998940885
CTAAAAG,0.591583554464867
CTAAAAT,0.579731959360468
CTAAACA,0.585932921520805
CTAAACC,0.599237864636803
CTAAACG,0.604434815598521
CTAAACT,0.585546485872118
CTAAAGA,0.583095586147387
CTAAAGC,0.582449612910886
CTAAAGG,0.579343119526575
CTAAAGT,0.60278992418225
CTAAATA,0.606834031112693
CTAAATC,0.602663281933288
CTAAATG,0.595290453739734
CTAAATT,0.568655858240813
CTAACAA,0.60000008312841
CTAACAC,0.579083808947226
CTAACAG,0.587091333278893
CTAACAT,0.588119907278085
CTAACCA,0.586576649270379
CTAACCC,0.601142322639731
CTAACCG,0.58991736997067
CTAACCT,0.590814891189964
CTAACGA,0.588505349934872
CTAACGC,0.603928983279588
CTAACGG,0.589789086869603
CTAACGT,0.589660787309871
CTAACTA,0.588505349934872
CTAACTC,0.576876949896551
CTAACTG,0.601522779391576
CTAACTT,0.585031005935747
CTAAGAA,0.587091333278893
CTAAGAC,0.614247746857366
CTAAGAG,0.584515260142761
CTAAGAT,0.586319207894665
CTAAGCA,0.65581180672475
CTAAGCC,0.590558538743741
CTAAGCG,0.626318186274286
CTAAGCT,0.581027001249882
CTAAGGA,0.582449612910886
CTAAGGC,0.617497441392495
CTAAGGG,0.584902094422268
CTAAGGT,0.58644793686703
CTAAGTA,0.585031005935747
CTAAGTC,0.597075085195045
CTAAGTG,0.584773166288469
CTAAGTT,0.586190462349018
CTAATAA,0.585932921520805
CTAATAC,0.579602362881379
CTAATAG,0.587605752524042
CTAATAT,0.584773166288469
CTAATCA,0.58863379781286
CTAATCC,0.593630439309943
CTAATCG,0.589019042483339
CTAATCT,0.608472289279975
CTAATGA,0.589019042483339
CTAATGC,0.58991736997067
CTAATGG,0.585932921520805
CTAATGT,0.585288779118878
CTAATTA,0.577136833295278
CTAATTC,0.581544548772872
CTAATTG,0.584257287464313
CTAATTT,0.551475028595746
CTACAAA,0.594652312721857
CTACAAC,0.591455484942821
CTACAAG,0.580509185732748
CTACAAT,0.586061700225821
CTACACA,0.596692932195141
CTACACC,0.613621593072301
CTACACG,0.591199296682817
CTACACT,0.580897572505889
CTACAGA,0.58953247128725
CTACAGC,0.634203147671828
CTACAGG,0.574144088731795
CTACAGT,0.587734315997968
CTACATA,0.589404138797514
CTACATC,0.586705345108978
CTACATG,0.590045636617293
CTACATT,0.589275789836436
CTACCAA,0.605193084650867
CTACCAC,0.577786246460798
CTACCAG,0.589660787309871
CTACCAT,0.611991755972397
CTACCCA,0.583741142371829
CTACCCC,0.594907617997961
CTACCCG,0.597584395459547
CTACCCT,0.595035246197379
CTACCGA,0.58876222919411
CTACCGC,0.583353858648456
CTACCGG,0.591327399016872
CTACCGT,0.589275789836436
CTACCTA,0.59171160758721
CTACCTC,0.58012064805671
CTACCTG,0.584644221530062
CTACCTT,0.583353858648456
CTACGAA,0.59260752060451
CTACGAC,0.592095668598014
CTACGAG,0.601522779391576
CTACGAT,0.603675971137878
CTACGCA,0.589275789836436
CTACGCC,0.591327399016872
CTACGCG,0.604561233709248
CTACGCT,0.605066746397356
CTACGGA,0.592991237750122
CTACGGC,0.626812822020088
CTACGGG,0.589275789836436
CTACGGT,0.591839644314051
CTACGTA,0.588890644082858
CTACGTC,0.590686723181425
CTACGTG,0.604308381504234
CTACGTT,0.58991736997067
CTACTAA,0.571142360756507
CTACTAC,0.583224730736007
CTACTAG,0.589404138797514
CTACTAT,0.582191106732185
CTACTCA,0.584128276164583
CTACTCC,0.577266749671761
CTACTCG,0.579343119526575
CTACTCT,0.59337480771336
CTACTGA,0.595545596167817
CTACTGC,0.591455484942821
CTACTGG,0.60000008312841
CTACTGT,0.588119907278085
CTACTTA,0.586962687108975
CTACTTC,0.595673142974388
CTACTTG,0.579083808947226
CTACTTT,0.595162858109918
CTAGAAA,0.58193253371076
CTAGAAC,0.596438082370573
CTAGAAG,0.586962687108975
CTAGAAT,0.588119907278085
CTAGACA,0.589275789836436
CTAGACC,0.586190462349018
CTAGACG,0.590558538743741
CTAGACT,0.579213472642148
CTAGAGA,0.595418033090983
CTAGAGC,0.59847506472497
CTAGAGG,0.582061828578973
CTAGAGT,0.584515260142761
CTAGATA,0.587477172519424
CTAGATC,0.598729396019249
CTAGATG,0.581544548772872
CTAGATT,0.590558538743741
CTAGCAA,0.629035660135605
CTAGCAC,0.590173886813694
CTAGCAG,0.586834024387089
CTAGCAT,0.590173886813694
CTAGCCA,0.602029830002822
CTAGCCC,0.580638664751661
CTAGCCG,0.60215655249389
CTAGCCT,0.595928187793339
CTAGCGA,0.615873914188671
CTAGCGC,0.588376885555907
CTAGCGG,0.586061700225821
CTAGCGT,0.602916550394983
CTAGCTA,0.603928983279588
CTAGCTC,0.599110771718517
CTAGCTG,0.603296332856412
CTAGCTT,0.641539256842827
CTAGGAA,0.586061700225821
CTAGGAC,0.590302120564091
CTAGGAG,0.596183167581016
CTAGGAT,0.595800673514846
CTAGGCA,0.587991393370742
CTAGGCC,0.600254026907587
CTAGGCG,0.586962687108975
CTAGGCT,0.605445713283905
CTAGGGA,0.59847506472497
CTAGGGC,0.588376885555907
CTAGGGG,0.613746855198727
CTAGGGT,0.595035246197379
CTAGGTA,0.59847506472497
CTAGGTC,0.599746074845409
CTAGGTG,0.584644221530062
CTAGGTT,0.585932921520805
CTAGTAA,0.585932921520805
CTAGTAC,0.589404138797514
CTAGTAG,0.583741142371829
CTAGTAT,0.588119907278085
CTAGTCA,0.602283258928403
CTAGTCC,0.599746074845409
CTAGTCG,0.617497441392495
CTAGTCT,0.594141506544053
CTAGTGA,0.583353858648456
CTAGTGC,0.599873087051936
CTAGTGG,0.625947048837631
CTAGTGT,0.584386282122275
CTAGTTA,0.582320368174716
CTAGTTC,0.582191106732185
CTAGTTG,0.584515260142761
CTAGTTT,0.599364941404532
CTATAAA,0.585417640797094
CTATAAC,0.587991393370742
CTATAAG,0.589147424399788
CTATAAT,0.581156413244243
CTATACA,0.590814891189964
CTATACC,0.587991393370742
CTATACG,0.59171160758721
CTATACT,0.588890644082858
CTATAGA,0.586576649270379
CTATAGC,0.584644221530062
CTATAGG,0.587348575979862
CTATAGT,0.587605752524042
CTATATA,0.589660787309871
CTATATC,0.588376885555907
CTATATG,0.590173886813694
CTATATT,0.5828372469244
CTATCAA,0.600634821703321
CTATCAC,0.602283258928403
CTATCAG,0.586576649270379
CTATCAT,0.585417640797094
CTATCCA,0.598347874817064
CTATCCC,0.585031005935747
CTATCCG,0.590430337872701
CTATCCT,0.59847506472497
CTATCGA,0.592351627350321
CTATCGC,0.590558538743741
CTATCGG,0.627801360122674
CTATCGT,0.593119110752555
CTATCTA,0.589404138797514
CTATCTC,0.599110771718517
CTATCTG,0.581673893812035
CTATCTT,0.60278992418225
CTATGAA,0.5828372469244
CTATGAC,0.591455484942821
CTATGAG,0.587862862945452
CTATGAT,0.592095668598014
CTATGCA,0.581415187001406
CTATGCC,0.599364941404532
CTATGCG,0.592991237750122
CTATGCT,0.590302120564091
CTATGGA,0.600761721085454
CTATGGC,0.599873087051936
CTATGGG,0.582966424878287
CTATGGT,0.585932921520805
CTATGTA,0.58863379781286
CTATGTC,0.639710268862398
CTATGTG,0.581156413244243
CTATGTT,0.583870203622638
CTATTAA,0.583870203622638
CTATTAC,0.587991393370742
CTATTAG,0.585288779118878
CTATTAT,0.584644221530062
CTATTCA,0.587091333278893
CTATTCC,0.589019042483339
CTATTCG,0.58953247128725
CTATTCT,0.605950779166882
CTATTGA,0.588890644082858
CTATTGC,0.589019042483339
CTATTGG,0.588376885555907
CTATTGT,0.600127063078929
CTATTTA,0.589147424399788
CTATTTC,0.606581753009355
CTATTTG,0.585932921520805
CTATTTT,0.585288779118878
CTCAAAA,0.561291046581711
CTCAAAC,0.591327399016872
CTCAAAG,0.579861539046485
CTCAAAT,0.577526531800893
CTCAACA,0.583224730736007
CTCAACC,0.583870203622638
CTCAACG,0.591839644314051
CTCAACT,0.587348575979862
CTCAAGA,0.594269232552113
CTCAAGC,0.57518605953311
CTCAAGG,0.581544548772872
CTCAAGT,0.591839644314051
CTCAATA,0.594652312721857
CTCAATC,0.59783895335096
CTCAATG,0.58876222919411
CTCAATT,0.585031005935747
CTCACAA,0.585675314348227
CTCACAC,0.583095586147387
CTCACAG,0.580768127007928
CTCACAT,0.583224730736007
CTCACCA,0.590302120564091
CTCACCC,0.59847506472497
CTCACCG,0.620114506958278
CTCACCT,0.578954128437451
CTCACGA,0.587605752524042
CTCACGC,0.577656397562309
CTCACGG,0.601776336834739
CTCACGT,0.588505349934872
CTCACTA,0.583224730736007
CTCACTC,0.604308381504234
CTCACTG,0.603802485210626
CTCACTT,0.603043160575548
CTCAGAA,0.606203216481239
CTCAGAC,0.58193253371076
CTCAGAG,0.581415187001406
CTCAGAT,0.578954128437451
CTCAGCA,0.603296332856412
CTCAGCC,0.539944832690142
CTCAGCG,0.609982149133754
CTCAGCT,0.568655858240813
CTCAGGA,0.577656397562309
CTCAGGC,0.643729635891594
CTCAGGG,0.595035246197379
CTCAGGT,0.569703560336357
CTCAGTA,0.581415187001406
CTCAGTC,0.590430337872701
CTCAGTG,0.62123401323513
CTCAGTT,0.571665048074622
CTCATAA,0.599110771718517
CTCATAC,0.591071177936452
CTCATAG,0.585932921520805
CTCATAT,0.589789086869603
CTCATCA,0.586061700225821
CTCATCC,0.580509185732748
CTCATCG,0.588505349934872
CTCATCT,0.609730664082566
CTCATGA,0.584257287464313
CTCATGC,0.590430337872701
CTCATGG,0.597075085195045
CTCATGT,0.582578840945013
CTCATTA,0.583870203622638
CTCATTC,0.595545596167817
CTCATTG,0.610233570956112
CTCATTT,0.57635698039315
CTCCAAA,0.586834024387089
CTCCAAC,0.578305473513043
CTCCAAG,0.635429576024998
CTCCAAT,0.587862862945452
CTCCACA,0.589275789836436
CTCCACC,0.57310103109478
CTCCACG,0.603422894964823
CTCCACT,0.599873087051936
CTCCAGA,0.581544548772872
CTCCAGC,0.668224305396455
CTCCAGG,0.707190610767879
CTCCAGT,0.636899307357308
CTCCATA,0.586319207894665
CTCCATC,0.607968495641918
CTCCATG,0.59452463563685
CTCCATT,0.594652312721857
CTCCCAA,0.530324499941812
CTCCCAC,0.625947048837631
CTCCCAG,0.588248404671725
CTCCCAT,0.585159900833189
CTCCCCA,0.606834031112693
CTCCCCC,0.605950779166882
CTCCCCG,0.626565534730252
CTCCCCT,0.568655858240813
CTCCCGA,0.585417640797094
CTCCCGC,0.632729445437162
CTCCCGG,0.626070776621924
CTCCCGT,0.596692932195141
CTCCCTA,0.576616998940885
CTCCCTC,0.624832809353289
CTCCCTG,0.585675314348227
CTCCCTT,0.60215655249389
CTCCGAA,0.590173886813694
CTCCGAC,0.577006900038337
CTCCGAG,0.597075085195045
CTCCGAT,0.587991393370742
CTCCGCA,0.597966208000895
CTCCGCC,0.630145229056457
CTCCGCG,0.601903091451128
CTCCGCT,0.613245712521896
CTCCGGA,0.624089292693416
CTCCGGC,0.658809677236724
CTCCGGG,0.639221973239057
CTCCGGT,0.601903091451128
CTCCGTA,0.616748448661392
CTCCGTC,0.596055685814014
CTCCGTG,0.635797211418007
CTCCGTT,0.585031005935747
CTCCTAA,0.590302120564091
CTCCTAC,0.57518605953311
CTCCTAG,0.578564985975374
CTCCTAT,0.586319207894665
CTCCTCA,0.591327399016872
CTCCTCC,0.631622741765932
CTCCTCG,0.59783895335096
CTCCTCT,0.60822042418695
CTCCTGA,0.573622695909435
CTCCTGC,0.643243299444948
CTCCTGG,0.586962687108975
CTCCTGT,0.628912298669094
CTCCTTA,0.584386282122275
CTCCTTC,0.624708928293705
CTCCTTG,0.60215655249389
CTCCTTT,0.643486497233663
CTCGAAA,0.598983662645568
CTCGAAC,0.569048875172205
CTCGAAG,0.582449612910886
CTCGAAT,0.591455484942821
CTCGACA,0.591839644314051
CTCGACC,0.587862862945452
CTCGACG,0.590814891189964
CTCGACT,0.627060048174038
CTCGAGA,0.602409949310429
CTCGAGC,0.5968203327559
CTCGAGG,0.598347874817064
CTCGAGT,0.601903091451128
CTCGATA,0.591071177936452
CTCGATC,0.587734315997968
CTCGATG,0.590814891189964
CTCGATT,0.590430337872701
CTCGCAA,0.591455484942821
CTCGCAC,0.585932921520805
CTCGCAG,0.621731169571761
CTCGCAT,0.604434815598521
CTCGCCA,0.583741142371829
CTCGCCC,0.639710268862398
CTCGCCG,0.60822042418695
CTCGCCT,0.623097076427084
CTCGCGA,0.614873508819197
CTCGCGC,0.658570178048264
CTCGCGG,0.623593307621885
CTCGCGT,0.61562390665668
CTCGCTA,0.60164956614958
CTCGCTC,0.646642698028551
CTCGCTG,0.626318186274286
CTCGCTT,0.609479115770738
CTCGGAA,0.698137414049394
CTCGGAC,0.600761721085454
CTCGGAG,0.625204360479547
CTCGGAT,0.614498098633422
CTCGGCA,0.596565515401411
CTCGGCC,0.638000190018175
CTCGGCG,0.600761721085454
CTCGGCT,0.622476440950388
CTCGGGA,0.577786246460798
CTCGGGC,0.608472289279975
CTCGGGG,0.639832305522231
CTCGGGT,0.624956675068257
CTCGGTA,0.590686723181425
CTCGGTC,0.620736609611131
CTCGGTG,0.597075085195045
CTCGGTT,0.598856537413848
CTCGTAA,0.592479582162585
CTCGTAC,0.618121173752736
CTCGTAG,0.599364941404532
CTCGTAT,0.59260752060451
CTCGTCA,0.605445713283905
CTCGTCC,0.62036339446275
CTCGTCG,0.58644793686703
CTCGTCT,0.667037468561471
CTCGTGA,0.592735442680283
CTCGTGC,0.60278992418225
CTCGTGG,0.611113049866023
CTCGTGT,0.612493527296803
CTCGTTA,0.59094304277357
CTCGTTC,0.583224730736007
CTCGTTG,0.626812822020088
CTCGTTT,0.588376885555907
CTCTAAA,0.578305473513043
CTCTAAC,0.586705345108978
CTCTAAG,0.581544548772872
CTCTAAT,0.592735442680283
CTCTACA,0.608094467847933
CTCTACC,0.576226945761269
CTCTACG,0.603928983279588
CTCTACT,0.567082244068559
CTCTAGA,0.582191106732185
CTCTAGC,0.594652312721857
CTCTAGG,0.590814891189964
CTCTAGT,0.579861539046485
CTCTATA,0.584257287464313
CTCTATC,0.582320368174716
CTCTATG,0.582191106732185
CTCTATT,0.595162858109918
CTCTCAA,0.579343119526575
CTCTCAC,0.601903091451128
CTCTCAG,0.606581753009355
CTCTCAT,0.586834024387089
CTCTCCA,0.580768127007928
CTCTCCC,0.596692932195141
CTCTCCG,0.61799645840017
CTCTCCT,0.640686145392836
CTCTCGA,0.599110771718517
CTCTCGC,0.667393667536442
CTCTCGG,0.637144052705747
CTCTCGT,0.604940392180474
CTCTCTA,0.573753069603222
CTCTCTC,0.651840806150135
CTCTCTG,0.616873319747374
CTCTCTT,0.64421573593007
CTCTGAA,0.583870203622638
CTCTGAC,0.617871727491744
CTCTGAG,0.619741059516156
CTCTGAT,0.59094304277357
CTCTGCA,0.587091333278893
CTCTGCC,0.665016607609075
CTCTGCG,0.627060048174038
CTCTGCT,0.581156413244243
CTCTGGA,0.576876949896551
CTCTGGC,0.601269157640731
CTCTGGG,0.603296332856412
CTCTGGT,0.61562390665668
CTCTGTA,0.582061828578973
CTCTGTC,0.559705791030898
CTCTGTG,0.57791607850074
CTCTGTT,0.583482969889039
CTCTTAA,0.566425839952199
CTCTTAC,0.605572003671495
CTCTTAG,0.609730664082566
CTCTTAT,0.60910167461965
CTCTTCA,0.599619046504733
CTCTTCC,0.596310633098488
CTCTTCG,0.593119110752555
CTCTTCT,0.60164956614958
CTCTTGA,0.588890644082858
CTCTTGC,0.585932921520805
CTCTTGG,0.60215655249389
CTCTTGT,0.606329411245714
CTCTTTA,0.577266749671761
CTCTTTC,0.664183299923674
CTCTTTG,0.582061828578973
CTCTTTT,0.630145229056457
CTGAAAA,0.569048875172205
CTGAAAC,0.586834024387089
CTGAAAG,0.591071177936452
CTGAAAT,0.58863379781286
CTGAACA,0.579731959360468
CTGAACC,0.674137452346316
CTGAACG,0.599492002025808
CTGAACT,0.61949201705279
CTGAAGA,0.629282337423857
CTGAAGC,0.631991779094518
CTGAAGG,0.602916550394983
CTGAAGT,0.632729445437162
CTGAATA,0.586319207894665
CTGAATC,0.609730664082566
CTGAATG,0.612869690632174
CTGAATT,0.594907617997961
CTGACAA,0.590814891189964
CTGACAC,0.597966208000895
CTGACAG,0.589660787309871
CTGACAT,0.598093446459144
CTGACCA,0.594907617997961
CTGACCC,0.623593307621885
CTGACCG,0.638000190018175
CTGACCT,0.594013764219976
CTGACGA,0.588890644082858
CTGACGC,0.604687635840457
CTGACGG,0.586576649270379
CTGACGT,0.587862862945452
CTGACTA,0.586576649270379
CTGACTC,0.576486998118223
CTGACTG,0.584515260142761
CTGACTT,0.585932921520805
CTGAGAA,0.582966424878287
CTGAGAC,0.578954128437451
CTGAGAG,0.620612220037645
CTGAGAT,0.56957265758805
CTGAGCA,0.625328180183466
CTGAGCC,0.641782869353712
CTGAGCG,0.623221157313199
CTGAGCT,0.620736609611131
CTGAGGA,0.641661070516651
CTGAGGC,0.616873319747374
CTGAGGG,0.638366881749163
CTGAGGT,0.599364941404532
CTGAGTA,0.57635698039315
CTGAGTC,0.582578840945013
CTGAGTG,0.653166225874586
CTGAGTT,0.583612064462063
CTGATAA,0.584128276164583
CTGATAC,0.587862862945452
CTGATAG,0.588376885555907
CTGATAT,0.600254026907587
CTGATCA,0.583870203622638
CTGATCC,0.595545596167817
CTGATCG,0.615748918235646
CTGATCT,0.678255948778196
CTGATGA,0.583095586147387
CTGATGC,0.581544548772872
CTGATGG,0.578175692022488
CTGATGT,0.5828372469244
CTGATTA,0.587091333278893
CTGATTC,0.585932921520805
CTGATTG,0.604687635840457
CTGATTT,0.575446382680657
CTGCAAA,0.630145229056457
CTGCAAC,0.565769004686452
CTGCAAG,0.61412254746191
CTGCAAT,0.596438082370573
CTGCACA,0.582966424878287
CTGCACC,0.59260752060451
CTGCACG,0.586576649270379
CTGCACT,0.565506149731407
CTGCAGA,0.607590483781898
CTGCAGC,0.685510192370158
CTGCAGG,0.610107867946549
CTGCAGT,0.583224730736007
CTGCATA,0.585546485872118
CTGCATC,0.578305473513043
CTGCATG,0.586834024387089
CTGCATT,0.604561233709248
CTGCCAA,0.59783895335096
CTGCCAC,0.578175692022488
CTGCCAG,0.571011646228002
CTGCCAT,0.610233570956112
CTGCCCA,0.636287181794114
CTGCCCC,0.636164711704902
CTGCCCG,0.640564212894647
CTGCCCT,0.58644793686703
CTGCCGA,0.589789086869603
CTGCCGC,0.670238700937313
CTGCCGG,0.67177638774378
CTGCCGT,0.614748387749153
CTGCCTA,0.584902094422268
CTGCCTC,0.562214619779868
CTGCCTG,0.630884258291646
CTGCCTT,0.572709603818061
CTGCGAA,0.641417428328624
CTGCGAC,0.637633363775036
CTGCGAG,0.636409636886239
CTGCGAT,0.603549441057294
CTGCGCA,0.667631063051662
CTGCGCC,0.658689934812476
CTGCGCG,0.64978896855369
CTGCGCT,0.590045636617293
CTGCGGA,0.661798587376435
CTGCGGC,0.733313047990591
CTGCGGG,0.649184684818202
CTGCGGT,0.613872101636518
CTGCGTA,0.60000008312841
CTGCGTC,0.610359258166413
CTGCGTG,0.591199296682817
CTGCGTT,0.593246967405575
CTGCTAA,0.593630439309943
CTGCTAC,0.587605752524042
CTGCTAG,0.617871727491744
CTGCTAT,0.585031005935747
CTGCTCA,0.591455484942821
CTGCTCC,0.66727494864175
CTGCTCG,0.626812822020088
CTGCTCT,0.586576649270379
CTGCTGA,0.666681142663579
CTGCTGC,0.652925371099828
CTGCTGG,0.662633883801754
CTGCTGT,0.630391632824748
CTGCTTA,0.598983662645568
CTGCTTC,0.620985342349426
CTGCTTG,0.609730664082566
CTGCTTT,0.582191106732185
CTGGAAA,0.574013766009972
CTGGAAC,0.611866273791663
CTGGAAG,0.640320303286601
CTGGAAT,0.593886005575712
CTGGACA,0.569703560336357
CTGGACC,0.607212328974874
CTGGACG,0.646157776591744
CTGGACT,0.603422894964823
CTGGAGA,0.573231472813241
CTGGAGC,0.585159900833189
CTGGAGG,0.617871727491744
CTGGAGT,0.55014111864224
CTGGATA,0.58399924821879
CTGGATC,0.57518605953311
CTGGATG,0.581544548772872
CTGGATT,0.594141506544053
CTGGCAA,0.584128276164583
CTGGCAC,0.579343119526575
CTGGCAG,0.632606538828835
CTGGCAT,0.61799645840017
CTGGCCA,0.612493527296803
CTGGCCC,0.587348575979862
CTGGCCG,0.619990039972815
CTGGCCT,0.620736609611131
CTGGCGA,0.610987457367946
CTGGCGC,0.618495226514068
CTGGCGG,0.622103874689752
CTGGCGT,0.606077005789635
CTGGCTA,0.579083808947226
CTGGCTC,0.59783895335096
CTGGCTG,0.602536623644036
CTGGCTT,0.569965314437595
CTGGGAA,0.698482707625598
CTGGGAC,0.579731959360468
CTGGGAG,0.60278992418225
CTGGGAT,0.563137340777582
CTGGGCA,0.58644793686703
CTGGGCC,0.606581753009355
CTGGGCG,0.605319406945039
CTGGGCT,0.612493527296803
CTGGGGA,0.584773166288469
CTGGGGC,0.609856414513751
CTGGGGG,0.6438511830555
CTGGGGT,0.591967664649587
CTGGGTA,0.642756726360072
CTGGGTC,0.615123704003231
CTGGGTG,0.57635698039315
CTGGGTT,0.602916550394983
CTGGTAA,0.584128276164583
CTGGTAC,0.60000008312841
CTGGTAG,0.634693899523024
CTGGTAT,0.59337480771336
CTGGTCA,0.625451984557964
CTGGTCC,0.587091333278893
CTGGTCG,0.654129065282224
CTGGTCT,0.584386282122275
CTGGTGA,0.604561233709248
CTGGTGC,0.605950779166882
CTGGTGG,0.686209431240151
CTGGTGT,0.59337480771336
CTGGTTA,0.656292070358837
CTGGTTC,0.581544548772872
CTGGTTG,0.638611268222884
CTGGTTT,0.604814021996187
CTGTAAA,0.579602362881379
CTGTAAC,0.589019042483339
CTGTAAG,0.596055685814014
CTGTAAT,0.561291046581711
CTGTACA,0.586319207894665
CTGTACC,0.588248404671725
CTGTACG,0.59094304277357
CTGTACT,0.599492002025808
CTGTAGA,0.60278992418225
CTGTAGC,0.61949201705279
CTGTAGG,0.584902094422268
CTGTAGT,0.593246967405575
CTGTATA,0.585804126229698
CTGTATC,0.583870203622638
CTGTATG,0.588505349934872
CTGTATT,0.592223656163528
CTGTCAA,0.58012064805671
CTGTCAC,0.581803222123222
CTGTCAG,0.5828372469244
CTGTCAT,0.599364941404532
CTGTCCA,0.598220668729828
CTGTCCC,0.625451984557964
CTGTCCG,0.603928983279588
CTGTCCT,0.594907617997961
CTGTCGA,0.603043160575548
CTGTCGC,0.589660787309871
CTGTCGG,0.611364187551654
CTGTCGT,0.587477172519424
CTGTCTA,0.611238626592606
CTGTCTC,0.581415187001406
CTGTCTG,0.587348575979862
CTGTCTT,0.573753069603222
CTGTGAA,0.576226945761269
CTGTGAC,0.581027001249882
CTGTGAG,0.616373741819451
CTGTGAT,0.584257287464313
CTGTGCA,0.59860223845766
CTGTGCC,0.600888604366176
CTGTGCG,0.609982149133754
CTGTGCT,0.633098074651921
CTGTGGA,0.623469272906781
CTGTGGC,0.637633363775036
CTGTGGG,0.633466568029255
CTGTGGT,0.632975213344994
CTGTGTA,0.578694716955889
CTGTGTC,0.600127063078929
CTGTGTG,0.602029830002822
CTGTGTT,0.604308381504234
CTGTTAA,0.579472749604867
CTGTTAC,0.586962687108975
CTGTTAG,0.632483617112617
CTGTTAT,0.588119907278085
CTGTTCA,0.594396942248324
CTGTTCC,0.630022004400515
CTGTTCG,0.603169754728006
CTGTTCT,0.575966825759495
CTGTTGA,0.594907617997961
CTGTTGC,0.619118337027583
CTGTTGG,0.665254568031668
CTGTTGT,0.614873508819197
CTGTTTA,0.579731959360468
CTGTTTC,0.630145229056457
CTGTTTG,0.662395298867668
CTGTTTT,0.60278992418225
CTTAAAA,0.563795906319683
CTTAAAC,0.583095586147387
CTTAAAG,0.593502631680091
CTTAAAT,0.578564985975374
CTTAACA,0.594779973507507
CTTAACC,0.588505349934872
CTTAACG,0.591071177936452
CTTAACT,0.58644793686703
CTTAAGA,0.572970572359056
CTTAAGC,0.60910167461965
CTTAAGG,0.587219962901104
CTTAAGT,0.594269232552113
CTTAATA,0.586705345108978
CTTAATC,0.591071177936452
CTTAATG,0.583482969889039
CTTAATT,0.588248404671725
CTTACAA,0.612242673106407
CTTACAC,0.60215655249389
CTTACAG,0.597202437081699
CTTACAT,0.587605752524042
CTTACCA,0.599873087051936
CTTACCC,0.604181931422346
CTTACCG,0.601776336834739
CTTACCT,0.598347874817064
CTTACGA,0.603675971137878
CTTACGC,0.590558538743741
CTTACGG,0.587605752524042
CTTACGT,0.585417640797094
CTTACTA,0.585159900833189
CTTACTC,0.583482969889039
CTTACTG,0.58193253371076
CTTACTT,0.581544548772872
CTTAGAA,0.584644221530062
CTTAGAC,0.587219962901104
CTTAGAG,0.590686723181425
CTTAGAT,0.595545596167817
CTTAGCA,0.582191106732185
CTTAGCC,0.575706638077701
CTTAGCG,0.616748448661392
CTTAGCT,0.610484929581425
CTTAGGA,0.580250177389616
CTTAGGC,0.611615262182983
CTTAGGG,0.593758230607092
CTTAGGT,0.596438082370573
CTTAGTA,0.597584395459547
CTTAGTC,0.601522779391576
CTTAGTG,0.59783895335096
CTTAGTT,0.578694716955889
CTTATAA,0.588248404671725
CTTATAC,0.590302120564091
CTTATAG,0.59171160758721
CTTATAT,0.579472749604867
CTTATCA,0.583482969889039
CTTATCC,0.587348575979862
CTTATCG,0.592351627350321
CTTATCT,0.578564985975374
CTTATGA,0.587991393370742
CTTATGC,0.588248404671725
CTTATGG,0.586705345108978
CTTATGT,0.59452463563685
CTTATTA,0.600127063078929
CTTATTC,0.59847506472497
CTTATTG,0.583870203622638
CTTATTT,0.586190462349018
CTTCAAA,0.59260752060451
CTTCAAC,0.587348575979862
CTTCAAG,0.624337193009227
CTTCAAT,0.582061828578973
CTTCACA,0.580897572505889
CTTCACC,0.64360807395218
CTTCACG,0.587734315997968
CTTCACT,0.587477172519424
CTTCAGA,0.579213472642148
CTTCAGC,0.634939185164143
CTTCAGG,0.589019042483339
CTTCAGT,0.58193253371076
CTTCATA,0.58953247128725
CTTCATC,0.58012064805671
CTTCATG,0.601142322639731
CTTCATT,0.586576649270379
CTTCCAA,0.57518605953311
CTTCCAC,0.593758230607092
CTTCCAG,0.586705345108978
CTTCCAT,0.5828372469244
CTTCCCA,0.593630439309943
CTTCCCC,0.606834031112693
CTTCCCG,0.605319406945039
CTTCCCT,0.595162858109918
CTTCCGA,0.60215655249389
CTTCCGC,0.684343706632662
CTTCCGG,0.672839556729034
CTTCCGT,0.613746855198727
CTTCCTA,0.574274394471818
CTTCCTC,0.595545596167817
CTTCCTG,0.715144512112328
CTTCCTT,0.664540516820997
CTTCGAA,0.590430337872701
CTTCGAC,0.600888604366176
CTTCGAG,0.590430337872701
CTTCGAT,0.599619046504733
CTTCGCA,0.591839644314051
CTTCGCC,0.632852336941311
CTTCGCG,0.612744318575155
CTTCGCT,0.597075085195045
CTTCGGA,0.602283258928403
CTTCGGC,0.599364941404532
CTTCGGG,0.599364941404532
CTTCGGT,0.60215655249389
CTTCGTA,0.591967664649587
CTTCGTC,0.625575773606837
CTTCGTG,0.597075085195045
CTTCGTT,0.611615262182983
CTTCTAA,0.59452463563685
CTTCTAC,0.587605752524042
CTTCTAG,0.585932921520805
CTTCTAT,0.58644793686703
CTTCTCA,0.57674698286553
CTTCTCC,0.666799932071007
CTTCTCG,0.656412100236455
CTTCTCT,0.614998614235918
CTTCTGA,0.589789086869603
CTTCTGC,0.624461120125479
CTTCTGG,0.601142322639731
CTTCTGT,0.602409949310429
CTTCTTA,0.584515260142761
CTTCTTC,0.603043160575548
CTTCTTG,0.610484929581425
CTTCTTT,0.645915227664024
CTTGAAA,0.599237864636803
CTTGAAC,0.570227000041552
CTTGAAG,0.608975829237799
CTTGAAT,0.5968203327559
CTTGACA,0.597584395459547
CTTGACC,0.610861849094412
CTTGACG,0.586061700225821
CTTGACT,0.588376885555907
CTTGAGA,0.587862862945452
CTTGAGC,0.592991237750122
CTTGAGG,0.601269157640731
CTTGAGT,0.582578840945013
CTTGATA,0.58991736997067
CTTGATC,0.598220668729828
CTTGATG,0.583095586147387
CTTGATT,0.59337480771336
CTTGCAA,0.612117222409328
CTTGCAC,0.586319207894665
CTTGCAG,0.627677846287685
CTTGCAT,0.588505349934872
CTTGCCA,0.59337480771336
CTTGCCC,0.578824431108459
CTTGCCG,0.595800673514846
CTTGCCT,0.603549441057294
CTTGCGA,0.600888604366176
CTTGCGC,0.638611268222884
CTTGCGG,0.600634821703321
CTTGCGT,0.58863379781286
CTTGCTA,0.59337480771336
CTTGCTC,0.606960146301786
CTTGCTG,0.636287181794114
CTTGCTT,0.577006900038337
CTTGGAA,0.601903091451128
CTTGGAC,0.59860223845766
CTTGGAG,0.627307213222324
CTTGGAT,0.610107867946549
CTTGGCA,0.589404138797514
CTTGGCC,0.576096894218184
CTTGGCG,0.612995046973011
CTTGGCT,0.612117222409328
CTTGGGA,0.594779973507507
CTTGGGC,0.61562390665668
CTTGGGG,0.603296332856412
CTTGGGT,0.603422894964823
CTTGGTA,0.592991237750122
CTTGGTC,0.582320368174716
CTTGGTG,0.596055685814014
CTTGGTT,0.610861849094412
CTTGTAA,0.577396649172171
CTTGTAC,0.584386282122275
CTTGTAG,0.608849968016894
CTTGTAT,0.584257287464313
CTTGTCA,0.609856414513751
CTTGTCC,0.591455484942821
CTTGTCG,0.602536623644036
CTTGTCT,0.624708928293705
CTTGTGA,0.608975829237799
CTTGTGC,0.596055685814014
CTTGTGG,0.636287181794114
CTTGTGT,0.616873319747374
CTTGTTA,0.582061828578973
CTTGTTC,0.618993745982346
CTTGTTG,0.599492002025808
CTTGTTT,0.637633363775036
CTTTAAA,0.567869360687349
CTTTAAC,0.575446382680657
CTTTAAG,0.572840096601631
CTTTAAT,0.590686723181425
CTTTACA,0.576226945761269
CTTTACC,0.583224730736007
CTTTACG,0.591199296682817
CTTTACT,0.580509185732748
CTTTAGA,0.581544548772872
CTTTAGC,0.591455484942821
CTTTAGG,0.613120387601606
CTTTAGT,0.593119110752555
CTTTATA,0.596438082370573
CTTTATC,0.597966208000895
CTTTATG,0.584902094422268
CTTTATT,0.584257287464313
CTTTCAA,0.60645559008708
CTTTCAC,0.591199296682817
CTTTCAG,0.603422894964823
CTTTCAT,0.583612064462063
CTTTCCA,0.593246967405575
CTTTCCC,0.623717326954286
CTTTCCG,0.622476440950388
CTTTCCT,0.647127384430528
CTTTCGA,0.602029830002822
CTTTCGC,0.627554317195143
CTTTCGG,0.623469272906781
CTTTCGT,0.603928983279588
CTTTCTA,0.580509185732748
CTTTCTC,0.650634352785702
CTTTCTG,0.63518441065497
CTTTCTT,0.65159963189153
CTTTGAA,0.59337480771336
CTTTGAC,0.611991755972397
CTTTGAG,0.585417640797094
CTTTGAT,0.583612064462063
CTTTGCA,0.57791607850074
CTTTGCC,0.578435238162548
CTTTGCG,0.605066746397356
CTTTGCT,0.596183167581016
CTTTGGA,0.591327399016872
CTTTGGC,0.634080422068952
CTTTGGG,0.574795447702402
CTTTGGT,0.579731959360468
CTTTGTA,0.581544548772872
CTTTGTC,0.594652312721857
CTTTGTG,0.604181931422346
CTTTGTT,0.591839644314051
CTTTTAA,0.569048875172205
CTTTTAC,0.609227504166435
CTTTTAG,0.579213472642148
CTTTTAT,0.579083808947226
CTTTTCA,0.608975829237799
CTTTTCC,0.614498098633422
CTTTTCG,0.613872101636518
CTTTTCT,0.592095668598014
CTTTTGA,0.579731959360468
CTTTTGC,0.581544548772872
CTTTTGG,0.587091333278893
CTTTTGT,0.598856537413848
CTTTTTA,0.572840096601631
CTTTTTC,0.677551124381004
CTTTTTG,0.606834031112693
CTTTTTT,0.607968495641918
GAAAAAA,0.571142360756507
GAAAAAC,0.575446382680657
GAAAAAG,0.62036339446275
GAAAAAT,0.563664227903379
GAAAACA,0.566557155249306
GAAAACC,0.593886005575712
GAAAACG,0.581027001249882
GAAAACT,0.590045636617293
GAAAAGA,0.579213472642148
GAAAAGC,0.593119110752555
GAAAAGG,0.624956675068257
GAAAAGT,0.597075085195045
GAAAATA,0.562741993171615
GAAAATC,0.579472749604867
GAAAATG,0.587734315997968
GAAAATT,0.568000486577268
GAAACAA,0.577266749671761
GAAACAC,0.579731959360468
GAAACAG,0.570750165900958
GAAACAT,0.596183167581016
GAAACCA,0.588119907278085
GAAACCC,0.578435238162548
GAAACCG,0.597329772751914
GAAACCT,0.616498659701327
GAAACGA,0.588119907278085
GAAACGC,0.602283258928403
GAAACGG,0.637144052705747
GAAACGT,0.600634821703321
GAAACTA,0.591455484942821
GAAACTC,0.577396649172171
GAAACTG,0.606834031112693
GAAACTT,0.595545596167817
GAAAGAA,0.555997059136175
GAAAGAC,0.597711682505219
GAAAGAG,0.57061940009348
GAAAGAT,0.603928983279588
GAAAGCA,0.605950779166882
GAAAGCC,0.620487814989468
GAAAGCG,0.581285808493306
GAAAGCT,0.602916550394983
GAAAGGA,0.583095586147387
GAAAGGC,0.614247746857366
GAAAGGG,0.592479582162585
GAAAGGT,0.574144088731795
GAAAGTA,0.584257287464313
GAAAGTC,0.587477172519424
GAAAGTG,0.578435238162548
GAAAGTT,0.605445713283905
GAAATAA,0.586576649270379
GAAATAC,0.585031005935747
GAAATAG,0.578045893686512
GAAATAT,0.585546485872118
GAAATCA,0.576486998118223
GAAATCC,0.596055685814014
GAAATCG,0.599364941404532
GAAATCT,0.585288779118878
GAAATGA,0.591327399016872
GAAATGC,0.623097076427084
GAAATGG,0.597329772751914
GAAATGT,0.583224730736007
GAAATTA,0.577396649172171
GAAATTC,0.589019042483339
GAAATTG,0.587862862945452
GAAATTT,0.573883426301924
GAACAAA,0.571011646228002
GAACAAC,0.585546485872118
GAACAAG,0.596310633098488
GAACAAT,0.583482969889039
GAACACA,0.599364941404532
GAACACC,0.587734315997968
GAACACG,0.590173886813694
GAACACT,0.584902094422268
GAACAGA,0.579213472642148
GAACAGC,0.595418033090983
GAACAGG,0.582191106732185
GAACAGT,0.578305473513043
GAACATA,0.58876222919411
GAACATC,0.588248404671725
GAACATG,0.611238626592606
GAACATT,0.590045636617293
GAACCAA,0.597584395459547
GAACCAC,0.600254026907587
GAACCAG,0.587862862945452
GAACCAT,0.613245712521896
GAACCCA,0.59847506472497
GAACCCC,0.580638664751661
GAACCCG,0.635552136173924
GAACCCT,0.582320368174716
GAACCGA,0.603296332856412
GAACCGC,0.636164711704902
GAACCGG,0.625451984557964
GAACCGT,0.616498659701327
GAACCTA,0.598856537413848
GAACCTC,0.587091333278893
GAACCTG,0.577266749671761
GAACCTT,0.620238958453637
GAACGAA,0.590814891189964
GAACGAC,0.603169754728006
GAACGAG,0.622972980142991
GAACGAT,0.605698278111837
GAACGCA,0.603169754728006
GAACGCC,0.625451984557964
GAACGCG,0.625328180183466
GAACGCT,0.598729396019249
GAACGGA,0.589404138797514
GAACGGC,0.60822042418695
GAACGGG,0.609730664082566
GAACGGT,0.587091333278893
GAACGTA,0.590686723181425
GAACGTC,0.590686723181425
GAACGTG,0.589019042483339
GAACGTT,0.587477172519424
GAACTAA,0.597711682505219
GAACTAC,0.584773166288469
GAACTAG,0.585159900833189
GAACTAT,0.599619046504733
GAACTCA,0.579991101943782
GAACTCC,0.556129750966183
GAACTCG,0.599492002025808
GAACTCT,0.612618930798012
GAACTGA,0.617871727491744
GAACTGC,0.596692932195141
GAACTGG,0.61412254746191
GAACTGT,0.579991101943782
GAACTTA,0.581803222123222
GAACTTC,0.608094467847933
GAACTTG,0.576226945761269
GAACTTT,0.577006900038337
GAAGAAA,0.582578840945013
GAAGAAC,0.599237864636803
GAAGAAG,0.707304684513386
GAAGAAT,0.587477172519424
GAAGACA,0.62036339446275
GAAGACC,0.619741059516156
GAAGACG,0.592479582162585
GAAGACT,0.621482622298998
GAAGAGA,0.605572003671495
GAAGAGC,0.609353317882136
GAAGAGG,0.61599889451966
GAAGAGT,0.619865557493394
GAAGATA,0.581803222123222
GAAGATC,0.581415187001406
GAAGATG,0.69951787356413
GAAGATT,0.600507906215692
GAAGCAA,0.578305473513043
GAAGCAC,0.601015471549574
GAAGCAG,0.583353858648456
GAAGCAT,0.585288779118878
GAAGCCA,0.625204360479547
GAAGCCC,0.617497441392495
GAAGCCG,0.595162858109918
GAAGCCT,0.609353317882136
GAAGCGA,0.639099862069027
GAAGCGC,0.637266402921023
GAAGCGG,0.645308597838628
GAAGCGT,0.599746074845409
GAAGCTA,0.661559803046145
GAAGCTC,0.592991237750122
GAAGCTG,0.593886005575712
GAAGCTT,0.574404683234469
GAAGGAA,0.585932921520805
GAAGGAC,0.655931894258736
GAAGGAG,0.641295584970425
GAAGGAT,0.588505349934872
GAAGGCA,0.595162858109918
GAAGGCC,0.587605752524042
GAAGGCG,0.644094233071148
GAAGGCT,0.615873914188671
GAAGGGA,0.661798587376435
GAAGGGC,0.620736609611131
GAAGGGG,0.614498098633422
GAAGGGT,0.612618930798012
GAAGGTA,0.598220668729828
GAAGGTC,0.597075085195045
GAAGGTG,0.589019042483339
GAAGGTT,0.58991736997067
GAAGTAA,0.57518605953311
GAAGTAC,0.598729396019249
GAAGTAG,0.60822042418695
GAAGTAT,0.593630439309943
GAAGTCA,0.582061828578973
GAAGTCC,0.591839644314051
GAAGTCG,0.591071177936452
GAAGTCT,0.594907617997961
GAAGTGA,0.593119110752555
GAAGTGC,0.578045893686512
GAAGTGG,0.639344069499769
GAAGTGT,0.593630439309943
GAAGTTA,0.594141506544053
GAAGTTC,0.647975020766195
GAAGTTG,0.631499699052742
GAAGTTT,0.605445713283905
GAATAAA,0.577526531800893
GAATAAC,0.585546485872118
GAATAAG,0.59452463563685
GAATAAT,0.580897572505889
GAATACA,0.587862862945452
GAATACC,0.587477172519424
GAATACG,0.589147424399788
GAATACT,0.584515260142761
GAATAGA,0.58399924821879
GAATAGC,0.589147424399788
GAATAGG,0.599619046504733
GAATAGT,0.586061700225821
GAATATA,0.587219962901104
GAATATC,0.587862862945452
GAATATG,0.585546485872118
GAATATT,0.576616998940885
GAATCAA,0.582061828578973
GAATCAC,0.59094304277357
GAATCAG,0.577786246460798
GAATCAT,0.613371021737818
GAATCCA,0.584902094422268
GAATCCC,0.597075085195045
GAATCCG,0.615873914188671
GAATCCT,0.583353858648456
GAATCGA,0.60278992418225
GAATCGC,0.586319207894665
GAATCGG,0.591199296682817
GAATCGT,0.58953247128725
GAATCTA,0.613872101636518
GAATCTC,0.580250177389616
GAATCTG,0.605950779166882
GAATCTT,0.608094467847933
GAATGAA,0.603169754728006
GAATGAC,0.594269232552113
GAATGAG,0.591455484942821
GAATGAT,0.582966424878287
GAATGCA,0.581415187001406
GAATGCC,0.586061700225821
GAATGCG,0.603296332856412
GAATGCT,0.599364941404532
GAATGGA,0.59094304277357
GAATGGC,0.580509185732748
GAATGGG,0.579213472642148
GAATGGT,0.583353858648456
GAATGTA,0.587477172519424
GAATGTC,0.599364941404532
GAATGTG,0.624337193009227
GAATGTT,0.579731959360468
GAATTAA,0.587091333278893
GAATTAC,0.581415187001406
GAATTAG,0.622352267619051
GAATTAT,0.589147424399788
GAATTCA,0.632852336941311
GAATTCC,0.583224730736007
GAATTCG,0.590173886813694
GAATTCT,0.58193253371076
GAATTGA,0.5828372469244
GAATTGC,0.593886005575712
GAATTGG,0.608094467847933
GAATTGT,0.58012064805671
GAATTTA,0.581673893812035
GAATTTC,0.576876949896551
GAATTTG,0.585804126229698
GAATTTT,0.578045893686512
GACAAAA,0.577266749671761
GACAAAC,0.582966424878287
GACAAAG,0.57518605953311
GACAAAT,0.57674698286553
GACAACA,0.605319406945039
GACAACC,0.590173886813694
GACAACG,0.588505349934872
GACAACT,0.58399924821879
GACAAGA,0.577656397562309
GACAAGC,0.583224730736007
GACAAGG,0.584386282122275
GACAAGT,0.586190462349018
GACAATA,0.586834024387089
GACAATC,0.586319207894665
GACAATG,0.584773166288469
GACAATT,0.584257287464313
GACACAA,0.585288779118878
GACACAC,0.586190462349018
GACACAG,0.631253568198518
GACACAT,0.599873087051936
GACACCA,0.607968495641918
GACACCC,0.605950779166882
GACACCG,0.580638664751661
GACACCT,0.590173886813694
GACACGA,0.603043160575548
GACACGC,0.598347874817064
GACACGG,0.585417640797094
GACACGT,0.603549441057294
GACACTA,0.586834024387089
GACACTC,0.59171160758721
GACACTG,0.591199296682817
GACACTT,0.587734315997968
GACAGAA,0.577656397562309
GACAGAC,0.597457092209821
GACAGAG,0.601903091451128
GACAGAT,0.579602362881379
GACAGCA,0.610736225041458
GACAGCC,0.62123401323513
GACAGCG,0.608094467847933
GACAGCT,0.594013764219976
GACAGGA,0.590558538743741
GACAGGC,0.624708928293705
GACAGGG,0.569048875172205
GACAGGT,0.586319207894665
GACAGTA,0.59783895335096
GACAGTC,0.598220668729828
GACAGTG,0.597075085195045
GACAGTT,0.578435238162548
GACATAA,0.587605752524042
GACATAC,0.588505349934872
GACATAG,0.590173886813694
GACATAT,0.589275789836436
GACATCA,0.587605752524042
GACATCC,0.602409949310429
GACATCG,0.590558538743741
GACATCT,0.619990039972815
GACATGA,0.598347874817064
GACATGC,0.590686723181425
GACATGG,0.610736225041458
GACATGT,0.59783895335096
GACATTA,0.584128276164583
GACATTC,0.612493527296803
GACATTG,0.605950779166882
GACATTT,0.608094467847933
GACCAAA,0.586319207894665
GACCAAC,0.5828372469244
GACCAAG,0.609982149133754
GACCAAT,0.59094304277357
GACCACA,0.585417640797094
GACCACC,0.582966424878287
GACCACG,0.582578840945013
GACCACT,0.587991393370742
GACCAGA,0.583741142371829
GACCAGC,0.561555011689346
GACCAGG,0.590814891189964
GACCAGT,0.595290453739734
GACCATA,0.604308381504234
GACCATC,0.596947717087823
GACCATG,0.587219962901104
GACCATT,0.588505349934872
GACCCAA,0.583482969889039
GACCCAC,0.595800673514846
GACCCAG,0.622972980142991
GACCCAT,0.587219962901104
GACCCCA,0.572187462333423
GACCCCC,0.585546485872118
GACCCCG,0.625204360479547
GACCCCT,0.634448553702098
GACCCGA,0.584902094422268
GACCCGC,0.646642698028551
GACCCGG,0.629282337423857
GACCCGT,0.60215655249389
GACCCTA,0.587219962901104
GACCCTC,0.607212328974874
GACCCTG,0.586576649270379
GACCCTT,0.605319406945039
GACCGAA,0.590686723181425
GACCGAC,0.618370557805807
GACCGAG,0.612995046973011
GACCGAT,0.604055465348812
GACCGCA,0.60278992418225
GACCGCC,0.609227504166435
GACCGCG,0.598983662645568
GACCGCT,0.601142322639731
GACCGGA,0.616248808331148
GACCGGC,0.6228488684571
GACCGGG,0.638000190018175
GACCGGT,0.627307213222324
GACCGTA,0.604814021996187
GACCGTC,0.605066746397356
GACCGTG,0.610359258166413
GACCGTT,0.614247746857366
GACCTAA,0.584515260142761
GACCTAC,0.599746074845409
GACCTAG,0.588248404671725
GACCTAT,0.590430337872701
GACCTCA,0.577266749671761
GACCTCC,0.587862862945452
GACCTCG,0.590558538743741
GACCTCT,0.622103874689752
GACCTGA,0.586834024387089
GACCTGC,0.646157776591744
GACCTGG,0.624956675068257
GACCTGT,0.601903091451128
GACCTTA,0.5968203327559
GACCTTC,0.624461120125479
GACCTTG,0.623097076427084
GACCTTT,0.580509185732748
GACGAAA,0.590430337872701
GACGAAC,0.614247746857366
GACGAAG,0.611615262182983
GACGAAT,0.589019042483339
GACGACA,0.601269157640731
GACGACC,0.614372930579895
GACGACG,0.589789086869603
GACGACT,0.604940392180474
GACGAGA,0.577006900038337
GACGAGC,0.603043160575548
GACGAGG,0.587477172519424
GACGAGT,0.589789086869603
GACGATA,0.591327399016872
GACGATC,0.592479582162585
GACGATG,0.59094304277357
GACGATT,0.591839644314051
GACGCAA,0.638977735986039
GACGCAC,0.604561233709248
GACGCAG,0.600254026907587
GACGCAT,0.590430337872701
GACGCCA,0.590558538743741
GACGCCC,0.583095586147387
GACGCCG,0.614623251021868
GACGCCT,0.604687635840457
GACGCGA,0.601395976556652
GACGCGC,0.603549441057294
GACGCGG,0.626070776621924
GACGCGT,0.628171810120009
GACGCTA,0.589789086869603
GACGCTC,0.587477172519424
GACGCTG,0.610987457367946
GACGCTT,0.598729396019249
GACGGAA,0.597966208000895
GACGGAC,0.588890644082858
GACGGAG,0.588119907278085
GACGGAT,0.587348575979862
GACGGCA,0.603296332856412
GACGGCC,0.594907617997961
GACGGCG,0.609856414513751
GACGGCT,0.590558538743741
GACGGGA,0.59783895335096
GACGGGC,0.612493527296803
GACGGGG,0.566294507409121
GACGGGT,0.588890644082858
GACGGTA,0.604434815598521
GACGGTC,0.614998614235918
GACGGTG,0.607590483781898
GACGGTT,0.586962687108975
GACGTAA,0.589660787309871
GACGTAC,0.591839644314051
GACGTAG,0.587348575979862
GACGTAT,0.587477172519424
GACGTCA,0.592735442680283
GACGTCC,0.601395976556652
GACGTCG,0.604434815598521
GACGTCT,0.590173886813694
GACGTGA,0.590173886813694
GACGTGC,0.60164956614958
GACGTGG,0.670830398793078
GACGTGT,0.598220668729828
GACGTTA,0.589404138797514
GACGTTC,0.602029830002822
GACGTTG,0.601776336834739
GACGTTT,0.597457092209821
GACTAAA,0.594269232552113
GACTAAC,0.585804126229698
GACTAAG,0.614498098633422
GACTAAT,0.588248404671725
GACTACA,0.578954128437451
GACTACC,0.59094304277357
GACTACG,0.590430337872701
GACTACT,0.589019042483339
GACTAGA,0.584515260142761
GACTAGC,0.583612064462063
GACTAGG,0.584902094422268
GACTAGT,0.589660787309871
GACTATA,0.589660787309871
GACTATC,0.590045636617293
GACTATG,0.604181931422346
GACTATT,0.600507906215692
GACTCAA,0.585546485872118
GACTCAC,0.587477172519424
GACTCAG,0.594652312721857
GACTCAT,0.590814891189964
GACTCCA,0.62036339446275
GACTCCC,0.60000008312841
GACTCCG,0.606960146301786
GACTCCT,0.605193084650867
GACTCGA,0.585159900833189
GACTCGC,0.587477172519424
GACTCGG,0.639466150854804
GACTCGT,0.603296332856412
GACTCTA,0.600254026907587
GACTCTC,0.62508052544241
GACTCTG,0.58876222919411
GACTCTT,0.597457092209821
GACTGAA,0.580509185732748
GACTGAC,0.584773166288469
GACTGAG,0.662514598450057
GACTGAT,0.589404138797514
GACTGCA,0.589275789836436
GACTGCC,0.598347874817064
GACTGCG,0.596692932195141
GACTGCT,0.581156413244243
GACTGGA,0.59171160758721
GACTGGC,0.577266749671761
GACTGGG,0.574795447702402
GACTGGT,0.638244666111872
GACTGTA,0.588248404671725
GACTGTC,0.612744318575155
GACTGTG,0.607338396466889
GACTGTT,0.581544548772872
GACTTAA,0.5828372469244
GACTTAC,0.587605752524042
GACTTAG,0.605950779166882
GACTTAT,0.588376885555907
GACTTCA,0.578045893686512
GACTTCC,0.621482622298998
GACTTCG,0.63653207698495
GACTTCT,0.588505349934872
GACTTGA,0.612117222409328
GACTTGC,0.580638664751661
GACTTGG,0.609604897836221
GACTTGT,0.608975829237799
GACTTTA,0.580768127007928
GACTTTC,0.596055685814014
GACTTTG,0.600507906215692
GACTTTT,0.572579094003902
GAGAAAA,0.589275789836436
GAGAAAC,0.57310103109478
GAGAAAG,0.581027001249882
GAGAAAT,0.580638664751661
GAGAACA,0.578305473513043
GAGAACC,0.593502631680091
GAGAACG,0.607464448067896
GAGAACT,0.578175692022488
GAGAAGA,0.621731169571761
GAGAAGC,0.651720226291461
GAGAAGG,0.607590483781898
GAGAAGT,0.577136833295278
GAGAATA,0.580638664751661
GAGAATC,0.579472749604867
GAGAATG,0.57518605953311
GAGAATT,0.577006900038337
GAGACAA,0.577006900038337
GAGACAC,0.595035246197379
GAGACAG,0.583353858648456
GAGACAT,0.579343119526575
GAGACCA,0.57635698039315
GAGACCC,0.601522779391576
GAGACCG,0.599619046504733
GAGACCT,0.604181931422346
GAGACGA,0.598093446459144
GAGACGC,0.625823305742878
GAGACGG,0.586319207894665
GAGACGT,0.58876222919411
GAGACTA,0.583482969889039
GAGACTC,0.581673893812035
GAGACTG,0.594269232552113
GAGACTT,0.639344069499769
GAGAGAA,0.604687635840457
GAGAGAC,0.608346364662966
GAGAGAG,0.602409949310429
GAGAGAT,0.589660787309871
GAGAGCA,0.60645559008708
GAGAGCC,0.619865557493394
GAGAGCG,0.610736225041458
GAGAGCT,0.612117222409328
GAGAGGA,0.627554317195143
GAGAGGC,0.665135594898517
GAGAGGG,0.585288779118878
GAGAGGT,0.578954128437451
GAGAGTA,0.585288779118878
GAGAGTC,0.592095668598014
GAGAGTG,0.58863379781286
GAGAGTT,0.590302120564091
GAGATAA,0.579731959360468
GAGATAC,0.591583554464867
GAGATAG,0.585804126229698
GAGATAT,0.585804126229698
GAGATCA,0.580638664751661
GAGATCC,0.601776336834739
GAGATCG,0.599110771718517
GAGATCT,0.594907617997961
GAGATGA,0.576616998940885
GAGATGC,0.593886005575712
GAGATGG,0.573753069603222
GAGATGT,0.605066746397356
GAGATTA,0.575316229577901
GAGATTC,0.611113049866023
GAGATTG,0.587991393370742
GAGATTT,0.57635698039315
GAGCAAA,0.590558538743741
GAGCAAC,0.582320368174716
GAGCAAG,0.625204360479547
GAGCAAT,0.589275789836436
GAGCACA,0.589404138797514
GAGCACC,0.599619046504733
GAGCACG,0.588376885555907
GAGCACT,0.614372930579895
GAGCAGA,0.602283258928403
GAGCAGC,0.653045805738585
GAGCAGG,0.6447015997901
GAGCAGT,0.594396942248324
GAGCATA,0.585804126229698
GAGCATC,0.598983662645568
GAGCATG,0.600888604366176
GAGCATT,0.60910167461965
GAGCCAA,0.602916550394983
GAGCCAC,0.589275789836436
GAGCCAG,0.64676389165466
GAGCCAT,0.595035246197379
GAGCCCA,0.577786246460798
GAGCCCC,0.638366881749163
GAGCCCG,0.58876222919411
GAGCCCT,0.607212328974874
GAGCCGA,0.613621593072301
GAGCCGC,0.666205843874329
GAGCCGG,0.672721482645081
GAGCCGT,0.613120387601606
GAGCCTA,0.588890644082858
GAGCCTC,0.631868781783097
GAGCCTG,0.631499699052742
GAGCCTT,0.585031005935747
GAGCGAA,0.586061700225821
GAGCGAC,0.58876222919411
GAGCGAG,0.61799645840017
GAGCGAT,0.586962687108975
GAGCGCA,0.623221157313199
GAGCGCC,0.625947048837631
GAGCGCG,0.670357068520289
GAGCGCT,0.603296332856412
GAGCGGA,0.642391641113992
GAGCGGC,0.594141506544053
GAGCGGG,0.690858570288685
GAGCGGT,0.629035660135605
GAGCGTA,0.603043160575548
GAGCGTC,0.610233570956112
GAGCGTG,0.634939185164143
GAGCGTT,0.589789086869603
GAGCTAA,0.611489732747127
GAGCTAC,0.610736225041458
GAGCTAG,0.584515260142761
GAGCTAT,0.601015471549574
GAGCTCA,0.587991393370742
GAGCTCC,0.588376885555907
GAGCTCG,0.609982149133754
GAGCTCT,0.595800673514846
GAGCTGA,0.622600598864624
GAGCTGC,0.662991654506628
GAGCTGG,0.690046529680139
GAGCTGT,0.615123704003231
GAGCTTA,0.590558538743741
GAGCTTC,0.577136833295278
GAGCTTG,0.644458697368046
GAGCTTT,0.594907617997961
GAGGAAA,0.567475879822024
GAGGAAC,0.607716503612901
GAGGAAG,0.610359258166413
GAGGAAT,0.593630439309943
GAGGACA,0.583482969889039
GAGGACC,0.612744318575155
GAGGACG,0.608094467847933
GAGGACT,0.579602362881379
GAGGAGA,0.610359258166413
GAGGAGC,0.661320961684281
GAGGAGG,0.661798587376435
GAGGAGT,0.58876222919411
GAGGATA,0.585932921520805
GAGGATC,0.59260752060451
GAGGATG,0.56944173770197
GAGGATT,0.590173886813694
GAGGCAA,0.592991237750122
GAGGCAC,0.616873319747374
GAGGCAG,0.607968495641918
GAGGCAT,0.585804126229698
GAGGCCA,0.590045636617293
GAGGCCC,0.570096165799493
GAGGCCG,0.638611268222884
GAGGCCT,0.633589368986238
GAGGCGA,0.663945084414695
GAGGCGC,0.654970789955791
GAGGCGG,0.634571234136883
GAGGCGT,0.612493527296803
GAGGCTA,0.621358325492873
GAGGCTC,0.591071177936452
GAGGCTG,0.629898764558385
GAGGCTT,0.591199296682817
GAGGGAA,0.622352267619051
GAGGGAC,0.610610585205117
GAGGGAG,0.630268438529955
GAGGGAT,0.599492002025808
GAGGGCA,0.594141506544053
GAGGGCC,0.585932921520805
GAGGGCG,0.57635698039315
GAGGGCT,0.629898764558385
GAGGGGA,0.598729396019249
GAGGGGC,0.568917886690137
GAGGGGG,0.631130480050028
GAGGGGT,0.584257287464313
GAGGGTA,0.583741142371829
GAGGGTC,0.607842507564908
GAGGGTG,0.605319406945039
GAGGGTT,0.576226945761269
GAGGTAA,0.578305473513043
GAGGTAC,0.588119907278085
GAGGTAG,0.593630439309943
GAGGTAT,0.604055465348812
GAGGTCA,0.579861539046485
GAGGTCC,0.583741142371829
GAGGTCG,0.586705345108978
GAGGTCT,0.599492002025808
GAGGTGA,0.618245873553322
GAGGTGC,0.643729635891594
GAGGTGG,0.60164956614958
GAGGTGT,0.572840096601631
GAGGTTA,0.585288779118878
GAGGTTC,0.621979655084127
GAGGTTG,0.610107867946549
GAGGTTT,0.581415187001406
GAGTAAA,0.587862862945452
GAGTAAC,0.598856537413848
GAGTAAG,0.600888604366176
GAGTAAT,0.583870203622638
GAGTACA,0.61412254746191
GAGTACC,0.599619046504733
GAGTACG,0.589019042483339
GAGTACT,0.587734315997968
GAGTAGA,0.584257287464313
GAGTAGC,0.579472749604867
GAGTAGG,0.607716503612901
GAGTAGT,0.579731959360468
GAGTATA,0.584128276164583
GAGTATC,0.592735442680283
GAGTATG,0.600254026907587
GAGTATT,0.586576649270379
GAGTCAA,0.606077005789635
GAGTCAC,0.597329772751914
GAGTCAG,0.589275789836436
GAGTCAT,0.585675314348227
GAGTCCA,0.590430337872701
GAGTCCC,0.600380974618477
GAGTCCG,0.586319207894665
GAGTCCT,0.597329772751914
GAGTCGA,0.599746074845409
GAGTCGC,0.615248778125051
GAGTCGG,0.638366881749163
GAGTCGT,0.614498098633422
GAGTCTA,0.58991736997067
GAGTCTC,0.601395976556652
GAGTCTG,0.602409949310429
GAGTCTT,0.596438082370573
GAGTGAA,0.574144088731795
GAGTGAC,0.598220668729828
GAGTGAG,0.596947717087823
GAGTGAT,0.601903091451128
GAGTGCA,0.621606903657348
GAGTGCC,0.646279028997928
GAGTGCG,0.587991393370742
GAGTGCT,0.586705345108978
GAGTGGA,0.662395298867668
GAGTGGC,0.581156413244243
GAGTGGG,0.661679202338535
GAGTGGT,0.680836062997377
GAGTGTA,0.585804126229698
GAGTGTC,0.610736225041458
GAGTGTG,0.733090745714556
GAGTGTT,0.594269232552113
GAGTTAA,0.596310633098488
GAGTTAC,0.586962687108975
GAGTTAG,0.579083808947226
GAGTTAT,0.601015471549574
GAGTTCA,0.572448567154708
GAGTTCC,0.576096894218184
GAGTTCG,0.576876949896551
GAGTTCT,0.585288779118878
GAGTTGA,0.580509185732748
GAGTTGC,0.597966208000895
GAGTTGG,0.66477859054784
GAGTTGT,0.608849968016894
GAGTTTA,0.589275789836436
GAGTTTC,0.578175692022488
GAGTTTG,0.646157776591744
GAGTTTT,0.571665048074622
GATAAAA,0.578954128437451
GATAAAC,0.586834024387089
GATAAAG,0.585932921520805
GATAAAT,0.591199296682817
GATAACA,0.598983662645568
GATAACC,0.588248404671725
GATAACG,0.591199296682817
GATAACT,0.585804126229698
GATAAGA,0.599364941404532
GATAAGC,0.588248404671725
GATAAGG,0.586576649270379
GATAAGT,0.582708052281413
GATAATA,0.601522779391576
GATAATC,0.589147424399788
GATAATG,0.584257287464313
GATAATT,0.593502631680091
GATACAA,0.588505349934872
GATACAC,0.587477172519424
GATACAG,0.600761721085454
GATACAT,0.602663281933288
GATACCA,0.601522779391576
GATACCC,0.590173886813694
GATACCG,0.602029830002822
GATACCT,0.589147424399788
GATACGA,0.604814021996187
GATACGC,0.590302120564091
GATACGG,0.591327399016872
GATACGT,0.60215655249389
GATACTA,0.602916550394983
GATACTC,0.58876222919411
GATACTG,0.590430337872701
GATACTT,0.585031005935747
GATAGAA,0.586705345108978
GATAGAC,0.586319207894665
GATAGAG,0.587477172519424
GATAGAT,0.609479115770738
GATAGCA,0.58644793686703
GATAGCC,0.591967664649587
GATAGCG,0.593119110752555
GATAGCT,0.587991393370742
GATAGGA,0.601269157640731
GATAGGC,0.603928983279588
GATAGGG,0.58644793686703
GATAGGT,0.604055465348812
GATAGTA,0.585546485872118
GATAGTC,0.590558538743741
GATAGTG,0.58399924821879
GATAGTT,0.583612064462063
GATATAA,0.587348575979862
GATATAC,0.591199296682817
GATATAG,0.589147424399788
GATATAT,0.586834024387089
GATATCA,0.59094304277357
GATATCC,0.593119110752555
GATATCG,0.58876222919411
GATATCT,0.614498098633422
GATATGA,0.586834024387089
GATATGC,0.589404138797514
GATATGG,0.600761721085454
GATATGT,0.589019042483339
GATATTA,0.594269232552113
GATATTC,0.589147424399788
GATATTG,0.590430337872701
GATATTT,0.571926289318604
GATCAAA,0.588248404671725
GATCAAC,0.601015471549574
GATCAAG,0.583870203622638
GATCAAT,0.600380974618477
GATCACA,0.584386282122275
GATCACC,0.585804126229698
GATCACG,0.582191106732185
GATCACT,0.584257287464313
GATCAGA,0.60278992418225
GATCAGC,0.588376885555907
GATCAGG,0.634571234136883
GATCAGT,0.58953247128725
GATCATA,0.584128276164583
GATCATC,0.601395976556652
GATCATG,0.589789086869603
GATCATT,0.586319207894665
GATCCAA,0.587734315997968
GATCCAC,0.578954128437451
GATCCAG,0.594652312721857
GATCCAT,0.629035660135605
GATCCCA,0.587091333278893
GATCCCC,0.591327399016872
GATCCCG,0.601142322639731
GATCCCT,0.585932921520805
GATCCGA,0.592351627350321
GATCCGC,0.585159900833189
GATCCGG,0.589789086869603
GATCCGT,0.591583554464867
GATCCTA,0.599746074845409
GATCCTC,0.608346364662966
GATCCTG,0.59860223845766
GATCCTT,0.610359258166413
GATCGAA,0.605445713283905
GATCGAC,0.59094304277357
GATCGAG,0.598983662645568
GATCGAT,0.590045636617293
GATCGCA,0.586576649270379
GATCGCC,0.616373741819451
GATCGCG,0.593758230607092
GATCGCT,0.600634821703321
GATCGGA,0.596947717087823
GATCGGC,0.588505349934872
GATCGGG,0.5968203327559
GATCGGT,0.628418700566193
GATCGTA,0.593119110752555
GATCGTC,0.591327399016872
GATCGTG,0.58876222919411
GATCGTT,0.601142322639731
GATCTAA,0.589147424399788
GATCTAC,0.588248404671725
GATCTAG,0.601142322639731
GATCTAT,0.59094304277357
GATCTCA,0.605698278111837
GATCTCC,0.577786246460798
GATCTCG,0.710152307168311
GATCTCT,0.599237864636803
GATCTGA,0.581544548772872
GATCTGC,0.579731959360468
GATCTGG,0.596565515401411
GATCTGT,0.583612064462063
GATCTTA,0.590173886813694
GATCTTC,0.610736225041458
GATCTTG,0.614748387749153
GATCTTT,0.647248519333523
GATGAAA,0.578045893686512
GATGAAC,0.615123704003231
GATGAAG,0.572187462333423
GATGAAT,0.611866273791663
GATGACA,0.596310633098488
GATGACC,0.600888604366176
GATGACG,0.587605752524042
GATGACT,0.582708052281413
GATGAGA,0.582578840945013
GATGAGC,0.584128276164583
GATGAGG,0.572709603818061
GATGAGT,0.630514811944576
GATGATA,0.585804126229698
GATGATC,0.625451984557964
GATGATG,0.603802485210626
GATGATT,0.585159900833189
GATGCAA,0.585417640797094
GATGCAC,0.590430337872701
GATGCAG,0.588890644082858
GATGCAT,0.584386282122275
GATGCCA,0.580509185732748
GATGCCC,0.577656397562309
GATGCCG,0.598729396019249
GATGCCT,0.594396942248324
GATGCGA,0.58953247128725
GATGCGC,0.597457092209821
GATGCGG,0.622724741365586
GATGCGT,0.614998614235918
GATGCTA,0.587477172519424
GATGCTC,0.58644793686703
GATGCTG,0.62123401323513
GATGCTT,0.588248404671725
GATGGAA,0.588248404671725
GATGGAC,0.602283258928403
GATGGAG,0.596438082370573
GATGGAT,0.616748448661392
GATGGCA,0.600507906215692
GATGGCC,0.592095668598014
GATGGCG,0.662156656997227
GATGGCT,0.631499699052742
GATGGGA,0.601776336834739
GATGGGC,0.579472749604867
GATGGGG,0.618993745982346
GATGGGT,0.605193084650867
GATGGTA,0.583741142371829
GATGGTC,0.579213472642148
GATGGTG,0.608724090952948
GATGGTT,0.577396649172171
GATGTAA,0.585417640797094
GATGTAC,0.58953247128725
GATGTAG,0.587862862945452
GATGTAT,0.597711682505219
GATGTCA,0.582966424878287
GATGTCC,0.584515260142761
GATGTCG,0.611866273791663
GATGTCT,0.612117222409328
GATGTGA,0.584128276164583
GATGTGC,0.598856537413848
GATGTGG,0.594396942248324
GATGTGT,0.60164956614958
GATGTTA,0.583224730736007
GATGTTC,0.588376885555907
GATGTTG,0.597457092209821
GATGTTT,0.578824431108459
GATTAAA,0.592223656163528
GATTAAC,0.588248404671725
GATTAAG,0.575576518845788
GATTAAT,0.595800673514846
GATTACA,0.541023034926607
GATTACC,0.588376885555907
GATTACG,0.590173886813694
GATTACT,0.58863379781286
GATTAGA,0.584515260142761
GATTAGC,0.611238626592606
GATTAGG,0.587605752524042
GATTAGT,0.591455484942821
GATTATA,0.584902094422268
GATTATC,0.58991736997067
GATTATG,0.582708052281413
GATTATT,0.619741059516156
GATTCAA,0.58399924821879
GATTCAC,0.586576649270379
GATTCAG,0.607968495641918
GATTCAT,0.602283258928403
GATTCCA,0.604687635840457
GATTCCC,0.590173886813694
GATTCCG,0.599619046504733
GATTCCT,0.585031005935747
GATTCGA,0.60278992418225
GATTCGC,0.617372648221807
GATTCGG,0.603549441057294
GATTCGT,0.590302120564091
GATTCTA,0.588505349934872
GATTCTC,0.583224730736007
GATTCTG,0.580638664751661
GATTCTT,0.584644221530062
GATTGAA,0.589660787309871
GATTGAC,0.584257287464313
GATTGAG,0.592095668598014
GATTGAT,0.589147424399788
GATTGCA,0.591071177936452
GATTGCC,0.58876222919411
GATTGCG,0.591199296682817
GATTGCT,0.585546485872118
GATTGGA,0.594141506544053
GATTGGC,0.605950779166882
GATTGGG,0.621109685521929
GATTGGT,0.593886005575712
GATTGTA,0.597584395459547
GATTGTC,0.586962687108975
GATTGTG,0.616498659701327
GATTGTT,0.586190462349018
GATTTAA,0.582191106732185
GATTTAC,0.589660787309871
GATTTAG,0.582061828578973
GATTTAT,0.579472749604867
GATTTCA,0.591455484942821
GATTTCC,0.579213472642148
GATTTCG,0.587991393370742
GATTTCT,0.582061828578973
GATTTGA,0.5828372469244
GATTTGC,0.590558538743741
GATTTGG,0.587991393370742
GATTTGT,0.597202437081699
GATTTTA,0.577656397562309
GATTTTC,0.571665048074622
GATTTTG,0.591071177936452
GATTTTT,0.589019042483339
GCAAAAA,0.5828372469244
GCAAAAC,0.572709603818061
GCAAAAG,0.596055685814014
GCAAAAT,0.59452463563685
GCAAACA,0.607086245587843
GCAAACC,0.5968203327559
GCAAACG,0.58991736997067
GCAAACT,0.598729396019249
GCAAAGA,0.604561233709248
GCAAAGC,0.652563980132079
GCAAAGG,0.646036509481632
GCAAAGT,0.607464448067896
GCAAATA,0.582578840945013
GCAAATC,0.587862862945452
GCAAATG,0.583741142371829
GCAAATT,0.595035246197379
GCAACAA,0.581285808493306
GCAACAC,0.587348575979862
GCAACAG,0.571142360756507
GCAACAT,0.583224730736007
GCAACCA,0.597075085195045
GCAACCC,0.596055685814014
GCAACCG,0.590045636617293
GCAACCT,0.591839644314051
GCAACGA,0.602663281933288
GCAACGC,0.60164956614958
GCAACGG,0.599364941404532
GCAACGT,0.586061700225821
GCAACTA,0.596565515401411
GCAACTC,0.587348575979862
GCAACTG,0.58644793686703
GCAACTT,0.580379689946847
GCAAGAA,0.591199296682817
GCAAGAC,0.582578840945013
GCAAGAG,0.591327399016872
GCAAGAT,0.638733439066613
GCAAGCA,0.658689934812476
GCAAGCC,0.603296332856412
GCAAGCG,0.614873508819197
GCAAGCT,0.615248778125051
GCAAGGA,0.602029830002822
GCAAGGC,0.645187227701075
GCAAGGG,0.594652312721857
GCAAGGT,0.622600598864624
GCAAGTA,0.596055685814014
GCAAGTC,0.613371021737818
GCAAGTG,0.618495226514068
GCAAGTT,0.596310633098488
GCAATAA,0.584515260142761
GCAATAC,0.586576649270379
GCAATAG,0.586319207894665
GCAATAT,0.585932921520805
GCAATCA,0.610610585205117
GCAATCC,0.58863379781286
GCAATCG,0.602409949310429
GCAATCT,0.585675314348227
GCAATGA,0.599364941404532
GCAATGC,0.589019042483339
GCAATGG,0.589789086869603
GCAATGT,0.585546485872118
GCAATTA,0.597966208000895
GCAATTC,0.58399924821879
GCAATTG,0.613621593072301
GCAATTT,0.581027001249882
GCACAAA,0.590814891189964
GCACAAC,0.588376885555907
GCACAAG,0.584902094422268
GCACAAT,0.587348575979862
GCACACA,0.5828372469244
GCACACC,0.586190462349018
GCACACG,0.588376885555907
GCACACT,0.587605752524042
GCACAGA,0.603675971137878
GCACAGC,0.577526531800893
GCACAGG,0.604181931422346
GCACAGT,0.58193253371076
GCACATA,0.600507906215692
GCACATC,0.597457092209821
GCACATG,0.599492002025808
GCACATT,0.584515260142761
GCACCAA,0.599110771718517
GCACCAC,0.5828372469244
GCACCAG,0.618619879681979
GCACCAT,0.624337193009227
GCACCCA,0.594907617997961
GCACCCC,0.609982149133754
GCACCCG,0.5968203327559
GCACCCT,0.581156413244243
GCACCGA,0.584644221530062
GCACCGC,0.631622741765932
GCACCGG,0.625699547333877
GCACCGT,0.589404138797514
GCACCTA,0.590302120564091
GCACCTC,0.61724783947584
GCACCTG,0.570227000041552
GCACCTT,0.596055685814014
GCACGAA,0.58876222919411
GCACGAC,0.58953247128725
GCACGAG,0.605193084650867
GCACGAT,0.587091333278893
GCACGCA,0.602916550394983
GCACGCC,0.591839644314051
GCACGCG,0.583741142371829
GCACGCT,0.590558538743741
GCACGGA,0.600761721085454
GCACGGC,0.580250177389616
GCACGGG,0.583741142371829
GCACGGT,0.601395976556652
GCACGTA,0.586962687108975
GCACGTC,0.60278992418225
GCACGTG,0.636776912216816
GCACGTT,0.602536623644036
GCACTAA,0.583095586147387
GCACTAC,0.596438082370573
GCACTAG,0.599237864636803
GCACTAT,0.58876222919411
GCACTCA,0.587091333278893
GCACTCC,0.573361897518879
GCACTCG,0.586576649270379
GCACTCT,0.592735442680283
GCACTGA,0.587862862945452
GCACTGC,0.607590483781898
GCACTGG,0.595290453739734
GCACTGT,0.583095586147387
GCACTTA,0.593502631680091
GCACTTC,0.594013764219976
GCACTTG,0.607842507564908
GCACTTT,0.573622695909435
GCAGAAA,0.598347874817064
GCAGAAC,0.623841330907799
GCAGAAG,0.634325858214978
GCAGAAT,0.586319207894665
GCAGACA,0.597457092209821
GCAGACC,0.605319406945039
GCAGACG,0.600888604366176
GCAGACT,0.587091333278893
GCAGAGA,0.625947048837631
GCAGAGC,0.561950828751303
GCAGAGG,0.592863348394092
GCAGAGT,0.579083808947226
GCAGATA,0.601142322639731
GCAGATC,0.61762221899179
GCAGATG,0.59260752060451
GCAGATT,0.583870203622638
GCAGCAA,0.595545596167817
GCAGCAC,0.614498098633422
GCAGCAG,0.635307000853241
GCAGCAT,0.600507906215692
GCAGCCA,0.682123628022295
GCAGCCC,0.669291255543082
GCAGCCG,0.668580081947279
GCAGCCT,0.628418700566193
GCAGCGA,0.598093446459144
GCAGCGC,0.602536623644036
GCAGCGG,0.756926872690469
GCAGCGT,0.595928187793339
GCAGCTA,0.594141506544053
GCAGCTC,0.621606903657348
GCAGCTG,0.637388738168556
GCAGCTT,0.611238626592606
GCAGGAA,0.615248778125051
GCAGGAC,0.590045636617293
GCAGGAG,0.583612064462063
GCAGGAT,0.600127063078929
GCAGGCA,0.599110771718517
GCAGGCC,0.621358325492873
GCAGGCG,0.629035660135605
GCAGGCT,0.61762221899179
GCAGGGA,0.632483617112617
GCAGGGC,0.636776912216816
GCAGGGG,0.622103874689752
GCAGGGT,0.703647854795239
GCAGGTA,0.584515260142761
GCAGGTC,0.581673893812035
GCAGGTG,0.636287181794114
GCAGGTT,0.602916550394983
GCAGTAA,0.58863379781286
GCAGTAC,0.601015471549574
GCAGTAG,0.59452463563685
GCAGTAT,0.587862862945452
GCAGTCA,0.624585031885703
GCAGTCC,0.594907617997961
GCAGTCG,0.626194489099547
GCAGTCT,0.582708052281413
GCAGTGA,0.587348575979862
GCAGTGC,0.595673142974388
GCAGTGG,0.58863379781286
GCAGTGT,0.622228078866782
GCAGTTA,0.575576518845788
GCAGTTC,0.594396942248324
GCAGTTG,0.590302120564091
GCAGTTT,0.614873508819197
GCATAAA,0.582449612910886
GCATAAC,0.589660787309871
GCATAAG,0.585417640797094
GCATAAT,0.591071177936452
GCATACA,0.600761721085454
GCATACC,0.590173886813694
GCATACG,0.591199296682817
GCATACT,0.589275789836436
GCATAGA,0.588376885555907
GCATAGC,0.590430337872701
GCATAGG,0.585932921520805
GCATAGT,0.588890644082858
GCATATA,0.58399924821879
GCATATC,0.589404138797514
GCATATG,0.588505349934872
GCATATT,0.584257287464313
GCATCAA,0.586962687108975
GCATCAC,0.588248404671725
GCATCAG,0.586705345108978
GCATCAT,0.626318186274286
GCATCCA,0.599873087051936
GCATCCC,0.582966424878287
GCATCCG,0.588376885555907
GCATCCT,0.586319207894665
GCATCGA,0.59171160758721
GCATCGC,0.590302120564091
GCATCGG,0.603928983279588
GCATCGT,0.59094304277357
GCATCTA,0.589147424399788
GCATCTC,0.60822042418695
GCATCTG,0.611615262182983
GCATCTT,0.585159900833189
GCATGAA,0.616248808331148
GCATGAC,0.604687635840457
GCATGAG,0.580897572505889
GCATGAT,0.583482969889039
GCATGCA,0.637388738168556
GCATGCC,0.583353858648456
GCATGCG,0.626318186274286
GCATGCT,0.613496315253309
GCATGGA,0.58644793686703
GCATGGC,0.5968203327559
GCATGGG,0.600761721085454
GCATGGT,0.610107867946549
GCATGTA,0.597329772751914
GCATGTC,0.587605752524042
GCATGTG,0.652804921954821
GCATGTT,0.587605752524042
GCATTAA,0.586576649270379
GCATTAC,0.589404138797514
GCATTAG,0.59171160758721
GCATTAT,0.587348575979862
GCATTCA,0.586061700225821
GCATTCC,0.608094467847933
GCATTCG,0.600380974618477
GCATTCT,0.611489732747127
GCATTGA,0.598729396019249
GCATTGC,0.583095586147387
GCATTGG,0.58991736997067
GCATTGT,0.608849968016894
GCATTTA,0.59452463563685
GCATTTC,0.603043160575548
GCATTTG,0.577266749671761
GCATTTT,0.596055685814014
GCCAAAA,0.585804126229698
GCCAAAC,0.592863348394092
GCCAAAG,0.594013764219976
GCCAAAT,0.585546485872118
GCCAACA,0.597584395459547
GCCAACC,0.581415187001406
GCCAACG,0.586705345108978
GCCAACT,0.59783895335096
GCCAAGA,0.639588217307801
GCCAAGC,0.604434815598521
GCCAAGG,0.612995046973011
GCCAAGT,0.61762221899179
GCCAATA,0.588248404671725
GCCAATC,0.601015471549574
GCCAATG,0.584644221530062
GCCAATT,0.586061700225821
GCCACAA,0.606329411245714
GCCACAC,0.615373836605292
GCCACAG,0.614498098633422
GCCACAT,0.583482969889039
GCCACCA,0.580250177389616
GCCACCC,0.599110771718517
GCCACCG,0.618619879681979
GCCACCT,0.579731959360468
GCCACGA,0.590686723181425
GCCACGC,0.5968203327559
GCCACGG,0.585932921520805
GCCACGT,0.587091333278893
GCCACTA,0.628418700566193
GCCACTC,0.584257287464313
GCCACTG,0.558118018454266
GCCACTT,0.610861849094412
GCCAGAA,0.577656397562309
GCCAGAC,0.61799645840017
GCCAGAG,0.605319406945039
GCCAGAT,0.613872101636518
GCCAGCA,0.610359258166413
GCCAGCC,0.612618930798012
GCCAGCG,0.661559803046145
GCCAGCT,0.58193253371076
GCCAGGA,0.562082732963799
GCCAGGC,0.608346364662966
GCCAGGG,0.667987050689244
GCCAGGT,0.598093446459144
GCCAGTA,0.587991393370742
GCCAGTC,0.60000008312841
GCCAGTG,0.594013764219976
GCCAGTT,0.607590483781898
GCCATAA,0.587348575979862
GCCATAC,0.615373836605292
GCCATAG,0.588119907278085
GCCATAT,0.600507906215692
GCCATCA,0.65268445830007
GCCATCC,0.580897572505889
GCCATCG,0.598347874817064
GCCATCT,0.630514811944576
GCCATGA,0.615498879447864
GCCATGC,0.615498879447864
GCCATGG,0.654610137561651
GCCATGT,0.622352267619051
GCCATTA,0.586576649270379
GCCATTC,0.579991101943782
GCCATTG,0.58012064805671
GCCATTT,0.735311547777319
GCCCAAA,0.582320368174716
GCCCAAC,0.608975829237799
GCCCAAG,0.592351627350321
GCCCAAT,0.585031005935747
GCCCACA,0.597202437081699
GCCCACC,0.603296332856412
GCCCACG,0.585031005935747
GCCCACT,0.579731959360468
GCCCAGA,0.591327399016872
GCCCAGC,0.590558538743741
GCCCAGG,0.554934890162718
GCCCAGT,0.612368108067583
GCCCATA,0.626441868149926
GCCCATC,0.586061700225821
GCCCATG,0.590814891189964
GCCCATT,0.597457092209821
GCCCCAA,0.596183167581016
GCCCCAC,0.568262686786379
GCCCCAG,0.632606538828835
GCCCCAT,0.596565515401411
GCCCCCA,0.601015471549574
GCCCCCC,0.625328180183466
GCCCCCG,0.598220668729828
GCCCCCT,0.634448553702098
GCCCCGA,0.618869139412246
GCCCCGC,0.619990039972815
GCCCCGG,0.688652924086602
GCCCCGT,0.613621593072301
GCCCCTA,0.590814891189964
GCCCCTC,0.580638664751661
GCCCCTG,0.65940817437862
GCCCCTT,0.592991237750122
GCCCGAA,0.591327399016872
GCCCGAC,0.622352267619051
GCCCGAG,0.643364905732451
GCCCGAT,0.616748448661392
GCCCGCA,0.58644793686703
GCCCGCC,0.571273058200958
GCCCGCG,0.648700994777683
GCCCGCT,0.59452463563685
GCCCGGA,0.623593307621885
GCCCGGC,0.678608174772749
GCCCGGG,0.632975213344994
GCCCGGT,0.621482622298998
GCCCGTA,0.58876222919411
GCCCGTC,0.623097076427084
GCCCGTG,0.638122435536094
GCCCGTT,0.586962687108975
GCCCTAA,0.586576649270379
GCCCTAC,0.599873087051936
GCCCTAG,0.591199296682817
GCCCTAT,0.586962687108975
GCCCTCA,0.578954128437451
GCCCTCC,0.632729445437162
GCCCTCG,0.573492305216132
GCCCTCT,0.592351627350321
GCCCTGA,0.603802485210626
GCCCTGC,0.606707900016554
GCCCTGG,0.634693899523024
GCCCTGT,0.579472749604867
GCCCTTA,0.587091333278893
GCCCTTC,0.629775509526325
GCCCTTG,0.591455484942821
GCCCTTT,0.61412254746191
GCCGAAA,0.588376885555907
GCCGAAC,0.603422894964823
GCCGAAG,0.614247746857366
GCCGAAT,0.602536623644036
GCCGACA,0.616248808331148
GCCGACC,0.649184684818202
GCCGACG,0.587862862945452
GCCGACT,0.615123704003231
GCCGAGA,0.622228078866782
GCCGAGC,0.669528201059876
GCCGAGG,0.586834024387089
GCCGAGT,0.612368108067583
GCCGATA,0.59171160758721
GCCGATC,0.590045636617293
GCCGATG,0.604055465348812
GCCGATT,0.58863379781286
GCCGCAA,0.623221157313199
GCCGCAC,0.603296332856412
GCCGCAG,0.666086983870355
GCCGCAT,0.588248404671725
GCCGCCA,0.684810464223027
GCCGCCC,0.68574332632382
GCCGCCG,0.691438195839619
GCCGCCT,0.631622741765932
GCCGCGA,0.660484567400511
GCCGCGC,0.685510192370158
GCCGCGG,0.686675319003901
GCCGCGT,0.659168818504005
GCCGCTA,0.593119110752555
GCCGCTC,0.624213250533142
GCCGCTG,0.686325923531238
GCCGCTT,0.608724090952948
GCCGGAA,0.610861849094412
GCCGGAC,0.620860983713775
GCCGGAG,0.635061805426499
GCCGGAT,0.601903091451128
GCCGGCA,0.581673893812035
GCCGGCC,0.617746981023578
GCCGGCG,0.643729635891594
GCCGGCT,0.610359258166413
GCCGGGA,0.704677690479186
GCCGGGC,0.681538576700088
GCCGGGG,0.712878417094153
GCCGGGT,0.634693899523024
GCCGGTA,0.588248404671725
GCCGGTC,0.602029830002822
GCCGGTG,0.619741059516156
GCCGGTT,0.604687635840457
GCCGTAA,0.603043160575548
GCCGTAC,0.590558538743741
GCCGTAG,0.59847506472497
GCCGTAT,0.59094304277357
GCCGTCA,0.591071177936452
GCCGTCC,0.600380974618477
GCCGTCG,0.651117108809081
GCCGTCT,0.607212328974874
GCCGTGA,0.598983662645568
GCCGTGC,0.619990039972815
GCCGTGG,0.609353317882136
GCCGTGT,0.608472289279975
GCCGTTA,0.604308381504234
GCCGTTC,0.59094304277357
GCCGTTG,0.602916550394983
GCCGTTT,0.586576649270379
GCCTAAA,0.596692932195141
GCCTAAC,0.59783895335096
GCCTAAG,0.582061828578973
GCCTAAT,0.587991393370742
GCCTACA,0.602536623644036
GCCTACC,0.584128276164583
GCCTACG,0.588505349934872
GCCTACT,0.579861539046485
GCCTAGA,0.58644793686703
GCCTAGC,0.589789086869603
GCCTAGG,0.599873087051936
GCCTAGT,0.60164956614958
GCCTATA,0.585031005935747
GCCTATC,0.603802485210626
GCCTATG,0.596438082370573
GCCTATT,0.589660787309871
GCCTCAA,0.578435238162548
GCCTCAC,0.600761721085454
GCCTCAG,0.586319207894665
GCCTCAT,0.603422894964823
GCCTCCA,0.632852336941311
GCCTCCC,0.541965509195296
GCCTCCG,0.676963390996007
GCCTCCT,0.625204360479547
GCCTCGA,0.598856537413848
GCCTCGC,0.592991237750122
GCCTCGG,0.623593307621885
GCCTCGT,0.608598198041972
GCCTCTA,0.578175692022488
GCCTCTC,0.604055465348812
GCCTCTG,0.622972980142991
GCCTCTT,0.630514811944576
GCCTGAA,0.606203216481239
GCCTGAC,0.59260752060451
GCCTGAG,0.578175692022488
GCCTGAT,0.601522779391576
GCCTGCA,0.61412254746191
GCCTGCC,0.603422894964823
GCCTGCG,0.676375311977329
GCCTGCT,0.633098074651921
GCCTGGA,0.609604897836221
GCCTGGC,0.577136833295278
GCCTGGG,0.560102340577888
GCCTGGT,0.700896430037166
GCCTGTA,0.552540876930403
GCCTGTC,0.582708052281413
GCCTGTG,0.631130480050028
GCCTGTT,0.633957681402655
GCCTTAA,0.583870203622638
GCCTTAC,0.583482969889039
GCCTTAG,0.61949201705279
GCCTTAT,0.584902094422268
GCCTTCA,0.593502631680091
GCCTTCC,0.610233570956112
GCCTTCG,0.624337193009227
GCCTTCT,0.603043160575548
GCCTTGA,0.5828372469244
GCCTTGC,0.579343119526575
GCCTTGG,0.599364941404532
GCCTTGT,0.582191106732185
GCCTTTA,0.589019042483339
GCCTTTC,0.62792485870388
GCCTTTG,0.582191106732185
GCCTTTT,0.59260752060451
GCGAAAA,0.587734315997968
GCGAAAC,0.583741142371829
GCGAAAG,0.614873508819197
GCGAAAT,0.629898764558385
GCGAACA,0.600888604366176
GCGAACC,0.600761721085454
GCGAACG,0.592095668598014
GCGAACT,0.602916550394983
GCGAAGA,0.622724741365586
GCGAAGC,0.589147424399788
GCGAAGG,0.608849968016894
GCGAAGT,0.60215655249389
GCGAATA,0.59260752060451
GCGAATC,0.601015471549574
GCGAATG,0.603549441057294
GCGAATT,0.61562390665668
GCGACAA,0.589147424399788
GCGACAC,0.615748918235646
GCGACAG,0.604561233709248
GCGACAT,0.61799645840017
GCGACCA,0.593119110752555
GCGACCC,0.585546485872118
GCGACCG,0.600634821703321
GCGACCT,0.614498098633422
GCGACGA,0.624337193009227
GCGACGC,0.62743077284128
GCGACGG,0.586576649270379
GCGACGT,0.586962687108975
GCGACTA,0.604814021996187
GCGACTC,0.601015471549574
GCGACTG,0.610861849094412
GCGACTT,0.612117222409328
GCGAGAA,0.589789086869603
GCGAGAC,0.615748918235646
GCGAGAG,0.605950779166882
GCGAGAT,0.59094304277357
GCGAGCA,0.616873319747374
GCGAGCC,0.644580155954272
GCGAGCG,0.648821939222961
GCGAGCT,0.611991755972397
GCGAGGA,0.610610585205117
GCGAGGC,0.649184684818202
GCGAGGG,0.614247746857366
GCGAGGT,0.600761721085454
GCGAGTA,0.590173886813694
GCGAGTC,0.624832809353289
GCGAGTG,0.624461120125479
GCGAGTT,0.628912298669094
GCGATAA,0.605319406945039
GCGATAC,0.590558538743741
GCGATAG,0.603675971137878
GCGATAT,0.592863348394092
GCGATCA,0.601776336834739
GCGATCC,0.584515260142761
GCGATCG,0.593119110752555
GCGATCT,0.581415187001406
GCGATGA,0.602916550394983
GCGATGC,0.608598198041972
GCGATGG,0.635919726520525
GCGATGT,0.604814021996187
GCGATTA,0.589275789836436
GCGATTC,0.601142322639731
GCGATTG,0.612368108067583
GCGATTT,0.592351627350321
GCGCAAA,0.621731169571761
GCGCAAC,0.584773166288469
GCGCAAG,0.626812822020088
GCGCAAT,0.591967664649587
GCGCACA,0.59452463563685
GCGCACC,0.639466150854804
GCGCACG,0.591199296682817
GCGCACT,0.588119907278085
GCGCAGA,0.638977735986039
GCGCAGC,0.663110882969488
GCGCAGG,0.645793931135352
GCGCAGT,0.617871727491744
GCGCATA,0.591199296682817
GCGCATC,0.588248404671725
GCGCATG,0.658450406940651
GCGCATT,0.616998175242514
GCGCCAA,0.647853973841244
GCGCCAC,0.603549441057294
GCGCCAG,0.59094304277357
GCGCCAT,0.680836062997377
GCGCCCA,0.585546485872118
GCGCCCC,0.597075085195045
GCGCCCG,0.581415187001406
GCGCCCT,0.637633363775036
GCGCCGA,0.661440389495863
GCGCCGC,0.691669952022278
GCGCCGG,0.654129065282224
GCGCCGT,0.587991393370742
GCGCCTA,0.589147424399788
GCGCCTC,0.628788921982654
GCGCCTG,0.639344069499769
GCGCCTT,0.584902094422268
GCGCGAA,0.590686723181425
GCGCGAC,0.587348575979862
GCGCGAG,0.59860223845766
GCGCGAT,0.60910167461965
GCGCGCA,0.601776336834739
GCGCGCC,0.617372648221807
GCGCGCG,0.733424180599491
GCGCGCT,0.645187227701075
GCGCGGA,0.638244666111872
GCGCGGC,0.79911664610561
GCGCGGG,0.738522975582741
GCGCGGT,0.637755654141302
GCGCGTA,0.593119110752555
GCGCGTC,0.600254026907587
GCGCGTG,0.631376641198179
GCGCGTT,0.59783895335096
GCGCTAA,0.602536623644036
GCGCTAC,0.600761721085454
GCGCTAG,0.587219962901104
GCGCTAT,0.603169754728006
GCGCTCA,0.584902094422268
GCGCTCC,0.624089292693416
GCGCTCG,0.656051967373438
GCGCTCT,0.618121173752736
GCGCTGA,0.593630439309943
GCGCTGC,0.618495226514068
GCGCTGG,0.65244348744735
GCGCTGT,0.625204360479547
GCGCTTA,0.590814891189964
GCGCTTC,0.59783895335096
GCGCTTG,0.616748448661392
GCGCTTT,0.599237864636803
GCGGAAA,0.624089292693416
GCGGAAC,0.610861849094412
GCGGAAG,0.671539974389291
GCGGAAT,0.628665530072529
GCGGACA,0.638000190018175
GCGGACC,0.630022004400515
GCGGACG,0.623841330907799
GCGGACT,0.602536623644036
GCGGAGA,0.623469272906781
GCGGAGC,0.700207389352873
GCGGAGG,0.634939185164143
GCGGAGT,0.66976509044679
GCGGATA,0.593119110752555
GCGGATC,0.60910167461965
GCGGATG,0.598347874817064
GCGGATT,0.600254026907587
GCGGCAA,0.674962509711525
GCGGCAC,0.626565534730252
GCGGCAG,0.667393667536442
GCGGCAT,0.602536623644036
GCGGCCA,0.634816549864214
GCGGCCC,0.639221973239057
GCGGCCG,0.81593632271352
GCGGCCT,0.597457092209821
GCGGCGA,0.634571234136883
GCGGCGC,0.68888532659789
GCGGCGG,1
GCGGCGT,0.633466568029255
GCGGCTA,0.615373836605292
GCGGCTC,0.670948696363067
GCGGCTG,0.736641665522171
GCGGCTT,0.630637975893178
GCGGGAA,0.639221973239057
GCGGGAC,0.591327399016872
GCGGGAG,0.705020733494924
GCGGGAT,0.582708052281413
GCGGGCA,0.595673142974388
GCGGGCC,0.657131977108836
GCGGGCG,0.676610585086858
GCGGGCT,0.594907617997961
GCGGGGA,0.639710268862398
GCGGGGC,0.66774973967888
GCGGGGG,0.727740611547911
GCGGGGT,0.63653207698495
GCGGGTA,0.601776336834739
GCGGGTC,0.596947717087823
GCGGGTG,0.688071681400685
GCGGGTT,0.624213250533142
GCGGTAA,0.615873914188671
GCGGTAC,0.603928983279588
GCGGTAG,0.625947048837631
GCGGTAT,0.603928983279588
GCGGTCA,0.612995046973011
GCGGTCC,0.601903091451128
GCGGTCG,0.629035660135605
GCGGTCT,0.602916550394983
GCGGTGA,0.637266402921023
GCGGTGC,0.612368108067583
GCGGTGG,0.610861849094412
GCGGTGT,0.626689186019045
GCGGTTA,0.60278992418225
GCGGTTC,0.587734315997968
GCGGTTG,0.651237761409123
GCGGTTT,0.592991237750122
GCGTAAA,0.591839644314051
GCGTAAC,0.600634821703321
GCGTAAG,0.604181931422346
GCGTAAT,0.592479582162585
GCGTACA,0.591327399016872
GCGTACC,0.593119110752555
GCGTACG,0.588890644082858
GCGTACT,0.605193084650867
GCGTAGA,0.591583554464867
GCGTAGC,0.618245873553322
GCGTAGG,0.588505349934872
GCGTAGT,0.590173886813694
GCGTATA,0.591455484942821
GCGTATC,0.590558538743741
GCGTATG,0.593119110752555
GCGTATT,0.58991736997067
GCGTCAA,0.602029830002822
GCGTCAC,0.612493527296803
GCGTCAG,0.601522779391576
GCGTCAT,0.599873087051936
GCGTCCA,0.588248404671725
GCGTCCC,0.606834031112693
GCGTCCG,0.626565534730252
GCGTCCT,0.599364941404532
GCGTCGA,0.587734315997968
GCGTCGC,0.66346848308923
GCGTCGG,0.613496315253309
GCGTCGT,0.592735442680283
GCGTCTA,0.601903091451128
GCGTCTC,0.618370557805807
GCGTCTG,0.608598198041972
GCGTCTT,0.606203216481239
GCGTGAA,0.601395976556652
GCGTGAC,0.616998175242514
GCGTGAG,0.653647761460866
GCGTGAT,0.586319207894665
GCGTGCA,0.612242673106407
GCGTGCC,0.648700994777683
GCGTGCG,0.617497441392495
GCGTGCT,0.630514811944576
GCGTGGA,0.579861539046485
GCGTGGC,0.637633363775036
GCGTGGG,0.601015471549574
GCGTGGT,0.596947717087823
GCGTGTA,0.587348575979862
GCGTGTC,0.597202437081699
GCGTGTG,0.669409735319376
GCGTGTT,0.597457092209821
GCGTTAA,0.604687635840457
GCGTTAC,0.601395976556652
GCGTTAG,0.589275789836436
GCGTTAT,0.602916550394983
GCGTTCA,0.62792485870388
GCGTTCC,0.600507906215692
GCGTTCG,0.583870203622638
GCGTTCT,0.609730664082566
GCGTTGA,0.601776336834739
GCGTTGC,0.623841330907799
GCGTTGG,0.596692932195141
GCGTTGT,0.602409949310429
GCGTTTA,0.603043160575548
GCGTTTC,0.611740775863176
GCGTTTG,0.610736225041458
GCGTTTT,0.604561233709248
GCTAAAA,0.578435238162548
GCTAAAC,0.59094304277357
GCTAAAG,0.583870203622638
GCTAAAT,0.619616546037242
GCTAACA,0.600888604366176
GCTAACC,0.591455484942821
GCTAACG,0.589275789836436
GCTAACT,0.598220668729828
GCTAAGA,0.608094467847933
GCTAAGC,0.696409155486073
GCTAAGG,0.596310633098488
GCTAAGT,0.589660787309871
GCTAATA,0.582578840945013
GCTAATC,0.586962687108975
GCTAATG,0.585546485872118
GCTAATT,0.563005575608133
GCTACAA,0.587862862945452
GCTACAC,0.602663281933288
GCTACAG,0.596947717087823
GCTACAT,0.587477172519424
GCTACCA,0.595162858109918
GCTACCC,0.599873087051936
GCTACCG,0.586576649270379
GCTACCT,0.586190462349018
GCTACGA,0.616373741819451
GCTACGC,0.591839644314051
GCTACGG,0.616123859232518
GCTACGT,0.602283258928403
GCTACTA,0.588248404671725
GCTACTC,0.587091333278893
GCTACTG,0.607968495641918
GCTACTT,0.577526531800893
GCTAGAA,0.585932921520805
GCTAGAC,0.587348575979862
GCTAGAG,0.597329772751914
GCTAGAT,0.589789086869603
GCTAGCA,0.617372648221807
GCTAGCC,0.587862862945452
GCTAGCG,0.59171160758721
GCTAGCT,0.613120387601606
GCTAGGA,0.598093446459144
GCTAGGC,0.623965319486238
GCTAGGG,0.593502631680091
GCTAGGT,0.59860223845766
GCTAGTA,0.583741142371829
GCTAGTC,0.613997332389603
GCTAGTG,0.61599889451966
GCTAGTT,0.584902094422268
GCTATAA,0.583741142371829
GCTATAC,0.588248404671725
GCTATAG,0.590173886813694
GCTATAT,0.589019042483339
GCTATCA,0.587734315997968
GCTATCC,0.60164956614958
GCTATCG,0.630391632824748
GCTATCT,0.602916550394983
GCTATGA,0.590045636617293
GCTATGC,0.603296332856412
GCTATGG,0.614873508819197
GCTATGT,0.584386282122275
GCTATTA,0.589019042483339
GCTATTC,0.581544548772872
GCTATTG,0.585804126229698
GCTATTT,0.607338396466889
GCTCAAA,0.58193253371076
GCTCAAC,0.590814891189964
GCTCAAG,0.586319207894665
GCTCAAT,0.600380974618477
GCTCACA,0.577396649172171
GCTCACC,0.572187462333423
GCTCACG,0.572448567154708
GCTCACT,0.60164956614958
GCTCAGA,0.607464448067896
GCTCAGC,0.577266749671761
GCTCAGG,0.598093446459144
GCTCAGT,0.593119110752555
GCTCATA,0.586705345108978
GCTCATC,0.584773166288469
GCTCATG,0.604434815598521
GCTCATT,0.579602362881379
GCTCCAA,0.637633363775036
GCTCCAC,0.58953247128725
GCTCCAG,0.650272132765335
GCTCCAT,0.596183167581016
GCTCCCA,0.592991237750122
GCTCCCC,0.56944173770197
GCTCCCG,0.662514598450057
GCTCCCT,0.605698278111837
GCTCCGA,0.602409949310429
GCTCCGC,0.632975213344994
GCTCCGG,0.665611402527054
GCTCCGT,0.626070776621924
GCTCCTA,0.58644793686703
GCTCCTC,0.593758230607092
GCTCCTG,0.677316072477044
GCTCCTT,0.596565515401411
GCTCGAA,0.583870203622638
GCTCGAC,0.59171160758721
GCTCGAG,0.615123704003231
GCTCGAT,0.59094304277357
GCTCGCA,0.609604897836221
GCTCGCC,0.621979655084127
GCTCGCG,0.6737836478426
GCTCGCT,0.597711682505219
GCTCGGA,0.649426442133222
GCTCGGC,0.635307000853241
GCTCGGG,0.639710268862398
GCTCGGT,0.585417640797094
GCTCGTA,0.604687635840457
GCTCGTC,0.638489082451617
GCTCGTG,0.614372930579895
GCTCGTT,0.586576649270379
GCTCTAA,0.587991393370742
GCTCTAC,0.588248404671725
GCTCTAG,0.585932921520805
GCTCTAT,0.598093446459144
GCTCTCA,0.613496315253309
GCTCTCC,0.636776912216816
GCTCTCG,0.634448553702098
GCTCTCT,0.628171810120009
GCTCTGA,0.61412254746191
GCTCTGC,0.59860223845766
GCTCTGG,0.603422894964823
GCTCTGT,0.576096894218184
GCTCTTA,0.575706638077701
GCTCTTC,0.610610585205117
GCTCTTG,0.598983662645568
GCTCTTT,0.610736225041458
GCTGAAA,0.624585031885703
GCTGAAC,0.622724741365586
GCTGAAG,0.698252525156154
GCTGAAT,0.599873087051936
GCTGACA,0.594269232552113
GCTGACC,0.643364905732451
GCTGACG,0.586319207894665
GCTGACT,0.58399924821879
GCTGAGA,0.608724090952948
GCTGAGC,0.687606443882348
GCTGAGG,0.597711682505219
GCTGAGT,0.606203216481239
GCTGATA,0.589660787309871
GCTGATC,0.583870203622638
GCTGATG,0.581673893812035
GCTGATT,0.586061700225821
GCTGCAA,0.614247746857366
GCTGCAC,0.596947717087823
GCTGCAG,0.650030579840469
GCTGCAT,0.606707900016554
GCTGCCA,0.609856414513751
GCTGCCC,0.617746981023578
GCTGCCG,0.651840806150135
GCTGCCT,0.599746074845409
GCTGCGA,0.62804834203507
GCTGCGC,0.690742604851697
GCTGCGG,0.687373743930766
GCTGCGT,0.590173886813694
GCTGCTA,0.609730664082566
GCTGCTC,0.636042226614931
GCTGCTG,0.732757199613715
GCTGCTT,0.626936442737159
GCTGGAA,0.636899307357308
GCTGGAC,0.589275789836436
GCTGGAG,0.581544548772872
GCTGGAT,0.58399924821879
GCTGGCA,0.614998614235918
GCTGGCC,0.654129065282224
GCTGGCG,0.61762221899179
GCTGGCT,0.593119110752555
GCTGGGA,0.585675314348227
GCTGGGC,0.632483617112617
GCTGGGG,0.605572003671495
GCTGGGT,0.657971179007453
GCTGGTA,0.623965319486238
GCTGGTC,0.597329772751914
GCTGGTG,0.640198326169488
GCTGGTT,0.646157776591744
GCTGTAA,0.60822042418695
GCTGTAC,0.601269157640731
GCTGTAG,0.607464448067896
GCTGTAT,0.598856537413848
GCTGTCA,0.593758230607092
GCTGTCC,0.596947717087823
GCTGTCG,0.597711682505219
GCTGTCT,0.626565534730252
GCTGTGA,0.603422894964823
GCTGTGC,0.680484620987239
GCTGTGG,0.650030579840469
GCTGTGT,0.61949201705279
GCTGTTA,0.611238626592606
GCTGTTC,0.609982149133754
GCTGTTG,0.666205843874329
GCTGTTT,0.633834925669236
GCTTAAA,0.584128276164583
GCTTAAC,0.603296332856412
GCTTAAG,0.597075085195045
GCTTAAT,0.585675314348227
GCTTACA,0.58876222919411
GCTTACC,0.600888604366176
GCTTACG,0.603043160575548
GCTTACT,0.583224730736007
GCTTAGA,0.582191106732185
GCTTAGC,0.585417640797094
GCTTAGG,0.622352267619051
GCTTAGT,0.612869690632174
GCTTATA,0.58644793686703
GCTTATC,0.589275789836436
GCTTATG,0.587477172519424
GCTTATT,0.585546485872118
GCTTCAA,0.607968495641918
GCTTCAC,0.599492002025808
GCTTCAG,0.588248404671725
GCTTCAT,0.596310633098488
GCTTCCA,0.58193253371076
GCTTCCC,0.57061940009348
GCTTCCG,0.675315897447994
GCTTCCT,0.643486497233663
GCTTCGA,0.59171160758721
GCTTCGC,0.586576649270379
GCTTCGG,0.595928187793339
GCTTCGT,0.590302120564091
GCTTCTA,0.587991393370742
GCTTCTC,0.636654502093919
GCTTCTG,0.640564212894647
GCTTCTT,0.620985342349426
GCTTGAA,0.575055872541872
GCTTGAC,0.598093446459144
GCTTGAG,0.601395976556652
GCTTGAT,0.584257287464313
GCTTGCA,0.635552136173924
GCTTGCC,0.599746074845409
GCTTGCG,0.621482622298998
GCTTGCT,0.621855420046076
GCTTGGA,0.609479115770738
GCTTGGC,0.588248404671725
GCTTGGG,0.589019042483339
GCTTGGT,0.6228488684571
GCTTGTA,0.582708052281413
GCTTGTC,0.6356746813037
GCTTGTG,0.661320961684281
GCTTGTT,0.650030579840469
GCTTTAA,0.592095668598014
GCTTTAC,0.585031005935747
GCTTTAG,0.599110771718517
GCTTTAT,0.595800673514846
GCTTTCA,0.594652312721857
GCTTTCC,0.581415187001406
GCTTTCG,0.58644793686703
GCTTTCT,0.583870203622638
GCTTTGA,0.582578840945013
GCTTTGC,0.576226945761269
GCTTTGG,0.605445713283905
GCTTTGT,0.604814021996187
GCTTTTA,0.581156413244243
GCTTTTC,0.592095668598014
GCTTTTG,0.571534401855553
GCTTTTT,0.610861849094412
GGAAAAA,0.564717170055477
GGAAAAC,0.571142360756507
GGAAAAG,0.661559803046145
GGAAAAT,0.564059211146089
GGAAACA,0.582708052281413
GGAAACC,0.600380974618477
GGAAACG,0.651720226291461
GGAAACT,0.58012064805671
GGAAAGA,0.597457092209821
GGAAAGC,0.613621593072301
GGAAAGG,0.618993745982346
GGAAAGT,0.58012064805671
GGAAATA,0.575576518845788
GGAAATC,0.595162858109918
GGAAATG,0.622476440950388
GGAAATT,0.591199296682817
GGAACAA,0.596565515401411
GGAACAC,0.596692932195141
GGAACAG,0.573622695909435
GGAACAT,0.599492002025808
GGAACCA,0.626565534730252
GGAACCC,0.591583554464867
GGAACCG,0.648942869042449
GGAACCT,0.605445713283905
GGAACGA,0.615123704003231
GGAACGC,0.624089292693416
GGAACGG,0.607968495641918
GGAACGT,0.590686723181425
GGAACTA,0.600127063078929
GGAACTC,0.582708052281413
GGAACTG,0.598093446459144
GGAACTT,0.590814891189964
GGAAGAA,0.633589368986238
GGAAGAC,0.602283258928403
GGAAGAG,0.638489082451617
GGAAGAT,0.622600598864624
GGAAGCA,0.595418033090983
GGAAGCC,0.626565534730252
GGAAGCG,0.618993745982346
GGAAGCT,0.646521489712768
GGAAGGA,0.62743077284128
GGAAGGC,0.618370557805807
GGAAGGG,0.688769132093612
GGAAGGT,0.603675971137878
GGAAGTA,0.60645559008708
GGAAGTC,0.594779973507507
GGAAGTG,0.657371820951731
GGAAGTT,0.631868781783097
GGAATAA,0.593119110752555
GGAATAC,0.585675314348227
GGAATAG,0.590686723181425
GGAATAT,0.579861539046485
GGAATCA,0.613120387601606
GGAATCC,0.597075085195045
GGAATCG,0.590814891189964
GGAATCT,0.592735442680283
GGAATGA,0.587605752524042
GGAATGC,0.586834024387089
GGAATGG,0.580768127007928
GGAATGT,0.595418033090983
GGAATTA,0.584902094422268
GGAATTC,0.578954128437451
GGAATTG,0.608849968016894
GGAATTT,0.587348575979862
GGACAAA,0.57791607850074
GGACAAC,0.587477172519424
GGACAAG,0.584515260142761
GGACAAT,0.582966424878287
GGACACA,0.592735442680283
GGACACC,0.600380974618477
GGACACG,0.58399924821879
GGACACT,0.587862862945452
GGACAGA,0.568000486577268
GGACAGC,0.606960146301786
GGACAGG,0.592351627350321
GGACAGT,0.6228488684571
GGACATA,0.584128276164583
GGACATC,0.612869690632174
GGACATG,0.595418033090983
GGACATT,0.607464448067896
GGACCAA,0.587219962901104
GGACCAC,0.586190462349018
GGACCAG,0.581156413244243
GGACCAT,0.599619046504733
GGACCCA,0.607338396466889
GGACCCC,0.606077005789635
GGACCCG,0.620860983713775
GGACCCT,0.603422894964823
GGACCGA,0.603043160575548
GGACCGC,0.597966208000895
GGACCGG,0.671185249528374
GGACCGT,0.615748918235646
GGACCTA,0.583482969889039
GGACCTC,0.589660787309871
GGACCTG,0.647975020766195
GGACCTT,0.606834031112693
GGACGAA,0.602536623644036
GGACGAC,0.589275789836436
GGACGAG,0.582320368174716
GGACGAT,0.592095668598014
GGACGCA,0.612368108067583
GGACGCC,0.596310633098488
GGACGCG,0.639466150854804
GGACGCT,0.599746074845409
GGACGGA,0.595035246197379
GGACGGC,0.613621593072301
GGACGGG,0.61799645840017
GGACGGT,0.629528953877431
GGACGTA,0.585288779118878
GGACGTC,0.61412254746191
GGACGTG,0.693984564531514
GGACGTT,0.603043160575548
GGACTAA,0.587348575979862
GGACTAC,0.581544548772872
GGACTAG,0.585159900833189
GGACTAT,0.600888604366176
GGACTCA,0.583870203622638
GGACTCC,0.631991779094518
GGACTCG,0.600254026907587
GGACTCT,0.60000008312841
GGACTGA,0.614748387749153
GGACTGC,0.587734315997968
GGACTGG,0.619118337027583
GGACTGT,0.594013764219976
GGACTTA,0.607086245587843
GGACTTC,0.603928983279588
GGACTTG,0.602029830002822
GGACTTT,0.583741142371829
GGAGAAA,0.586962687108975
GGAGAAC,0.57635698039315
GGAGAAG,0.633098074651921
GGAGAAT,0.559441337277316
GGAGACA,0.601015471549574
GGAGACC,0.601776336834739
GGAGACG,0.616623561980675
GGAGACT,0.590045636617293
GGAGAGA,0.633834925669236
GGAGAGC,0.611113049866023
GGAGAGG,0.640686145392836
GGAGAGT,0.578435238162548
GGAGATA,0.585159900833189
GGAGATC,0.619990039972815
GGAGATG,0.593246967405575
GGAGATT,0.582966424878287
GGAGCAA,0.604561233709248
GGAGCAC,0.608849968016894
GGAGCAG,0.64676389165466
GGAGCAT,0.625204360479547
GGAGCCA,0.62508052544241
GGAGCCC,0.599364941404532
GGAGCCG,0.683643161500251
GGAGCCT,0.641904653357622
GGAGCGA,0.586834024387089
GGAGCGC,0.676845802855972
GGAGCGG,0.680015839428844
GGAGCGT,0.625823305742878
GGAGCTA,0.611991755972397
GGAGCTC,0.605824536608957
GGAGCTG,0.677198525803293
GGAGCTT,0.598729396019249
GGAGGAA,0.58399924821879
GGAGGAC,0.593502631680091
GGAGGAG,0.664421458699539
GGAGGAT,0.567082244068559
GGAGGCA,0.629775509526325
GGAGGCC,0.607086245587843
GGAGGCG,0.650634352785702
GGAGGCT,0.603802485210626
GGAGGGA,0.66477859054784
GGAGGGC,0.603422894964823
GGAGGGG,0.615248778125051
GGAGGGT,0.602663281933288
GGAGGTA,0.585546485872118
GGAGGTC,0.593758230607092
GGAGGTG,0.634816549864214
GGAGGTT,0.59847506472497
GGAGTAA,0.615248778125051
GGAGTAC,0.635061805426499
GGAGTAG,0.606329411245714
GGAGTAT,0.599619046504733
GGAGTCA,0.575576518845788
GGAGTCC,0.595928187793339
GGAGTCG,0.6737836478426
GGAGTCT,0.577786246460798
GGAGTGA,0.589404138797514
GGAGTGC,0.620860983713775
GGAGTGG,0.628171810120009
GGAGTGT,0.609227504166435
GGAGTTA,0.596310633098488
GGAGTTC,0.557455701773109
GGAGTTG,0.640320303286601
GGAGTTT,0.586705345108978
GGATAAA,0.593502631680091
GGATAAC,0.584128276164583
GGATAAG,0.584902094422268
GGATAAT,0.587348575979862
GGATACA,0.600761721085454
GGATACC,0.590686723181425
GGATACG,0.58953247128725
GGATACT,0.589404138797514
GGATAGA,0.603549441057294
GGATAGC,0.589019042483339
GGATAGG,0.612744318575155
GGATAGT,0.581673893812035
GGATATA,0.591583554464867
GGATATC,0.602916550394983
GGATATG,0.584773166288469
GGATATT,0.58012064805671
GGATCAA,0.59783895335096
GGATCAC,0.579343119526575
GGATCAG,0.633098074651921
GGATCAT,0.58863379781286
GGATCCA,0.601522779391576
GGATCCC,0.594652312721857
GGATCCG,0.603296332856412
GGATCCT,0.628665530072529
GGATCGA,0.591839644314051
GGATCGC,0.585546485872118
GGATCGG,0.608094467847933
GGATCGT,0.589019042483339
GGATCTA,0.602283258928403
GGATCTC,0.603422894964823
GGATCTG,0.596310633098488
GGATCTT,0.636409636886239
GGATGAA,0.582449612910886
GGATGAC,0.596055685814014
GGATGAG,0.609479115770738
GGATGAT,0.612493527296803
GGATGCA,0.580250177389616
GGATGCC,0.579213472642148
GGATGCG,0.611113049866023
GGATGCT,0.583224730736007
GGATGGA,0.627554317195143
GGATGGC,0.62036339446275
GGATGGG,0.595545596167817
GGATGGT,0.574534955024169
GGATGTA,0.585675314348227
GGATGTC,0.5828372469244
GGATGTG,0.591967664649587
GGATGTT,0.584257287464313
GGATTAA,0.570227000041552
GGATTAC,0.53141311922605
GGATTAG,0.583353858648456
GGATTAT,0.611615262182983
GGATTCA,0.599492002025808
GGATTCC,0.609227504166435
GGATTCG,0.603422894964823
GGATTCT,0.584257287464313
GGATTGA,0.582449612910886
GGATTGC,0.580379689946847
GGATTGG,0.615123704003231
GGATTGT,0.597584395459547
GGATTTA,0.578045893686512
GGATTTC,0.578305473513043
GGATTTG,0.579991101943782
GGATTTT,0.564454038438633
GGCAAAA,0.587862862945452
GGCAAAC,0.585675314348227
GGCAAAG,0.672130903012396
GGCAAAT,0.584128276164583
GGCAACA,0.573361897518879
GGCAACC,0.606960146301786
GGCAACG,0.584773166288469
GGCAACT,0.597329772751914
GGCAAGA,0.611866273791663
GGCAAGC,0.638977735986039
GGCAAGG,0.629405653253103
GGCAAGT,0.607716503612901
GGCAATA,0.581803222123222
GGCAATC,0.589404138797514
GGCAATG,0.585417640797094
GGCAATT,0.600761721085454
GGCACAA,0.58399924821879
GGCACAC,0.58863379781286
GGCACAG,0.565637585845521
GGCACAT,0.595800673514846
GGCACCA,0.617372648221807
GGCACCC,0.601522779391576
GGCACCG,0.606329411245714
GGCACCT,0.58991736997067
GGCACGA,0.598729396019249
GGCACGC,0.59783895335096
GGCACGG,0.585546485872118
GGCACGT,0.600507906215692
GGCACTA,0.599237864636803
GGCACTC,0.587991393370742
GGCACTG,0.596183167581016
GGCACTT,0.581544548772872
GGCAGAA,0.621358325492873
GGCAGAC,0.589147424399788
GGCAGAG,0.634816549864214
GGCAGAT,0.593119110752555
GGCAGCA,0.601522779391576
GGCAGCC,0.677433605335199
GGCAGCG,0.651358399453871
GGCAGCT,0.60278992418225
GGCAGGA,0.613746855198727
GGCAGGC,0.582449612910886
GGCAGGG,0.645672619892048
GGCAGGT,0.625823305742878
GGCAGTA,0.596310633098488
GGCAGTC,0.625947048837631
GGCAGTG,0.626318186274286
GGCAGTT,0.609730664082566
GGCATAA,0.584773166288469
GGCATAC,0.590686723181425
GGCATAG,0.584515260142761
GGCATAT,0.586962687108975
GGCATCA,0.612117222409328
GGCATCC,0.584128276164583
GGCATCG,0.590430337872701
GGCATCT,0.610233570956112
GGCATGA,0.578564985975374
GGCATGC,0.585417640797094
GGCATGG,0.581285808493306
GGCATGT,0.5968203327559
GGCATTA,0.590686723181425
GGCATTC,0.610861849094412
GGCATTG,0.606329411245714
GGCATTT,0.585932921520805
GGCCAAA,0.58876222919411
GGCCAAC,0.576096894218184
GGCCAAG,0.633343751990345
GGCCAAT,0.584128276164583
GGCCACA,0.585675314348227
GGCCACC,0.589404138797514
GGCCACG,0.599237864636803
GGCCACT,0.606834031112693
GGCCAGA,0.602029830002822
GGCCAGC,0.612744318575155
GGCCAGG,0.646036509481632
GGCCAGT,0.619741059516156
GGCCATA,0.625328180183466
GGCCATC,0.585417640797094
GGCCATG,0.589019042483339
GGCCATT,0.634816549864214
GGCCCAA,0.595800673514846
GGCCCAC,0.573883426301924
GGCCCAG,0.605193084650867
GGCCCAT,0.637266402921023
GGCCCCA,0.619118337027583
GGCCCCC,0.620985342349426
GGCCCCG,0.652322980242384
GGCCCCT,0.618245873553322
GGCCCGA,0.608346364662966
GGCCCGC,0.601522779391576
GGCCCGG,0.672485292644475
GGCCCGT,0.612744318575155
GGCCCTA,0.588890644082858
GGCCCTC,0.602916550394983
GGCCCTG,0.62036339446275
GGCCCTT,0.594269232552113
GGCCGAA,0.612493527296803
GGCCGAC,0.58991736997067
GGCCGAG,0.686675319003901
GGCCGAT,0.589404138797514
GGCCGCA,0.616373741819451
GGCCGCC,0.682474494589252
GGCCGCG,0.738633530736356
GGCCGCT,0.632975213344994
GGCCGGA,0.641539256842827
GGCCGGC,0.657131977108836
GGCCGGG,0.768581564712784
GGCCGGT,0.587605752524042
GGCCGTA,0.586834024387089
GGCCGTC,0.607338396466889
GGCCGTG,0.605572003671495
GGCCGTT,0.589789086869603
GGCCTAA,0.580638664751661
GGCCTAC,0.595545596167817
GGCCTAG,0.611364187551654
GGCCTAT,0.602663281933288
GGCCTCA,0.586319207894665
GGCCTCC,0.566557155249306
GGCCTCG,0.641173726764614
GGCCTCT,0.638366881749163
GGCCTGA,0.56944173770197
GGCCTGC,0.624585031885703
GGCCTGG,0.697676837070907
GGCCTGT,0.609856414513751
GGCCTTA,0.616623561980675
GGCCTTC,0.639466150854804
GGCCTTG,0.579343119526575
GGCCTTT,0.612869690632174
GGCGAAA,0.586190462349018
GGCGAAC,0.587219962901104
GGCGAAG,0.610359258166413
GGCGAAT,0.613997332389603
GGCGACA,0.618744517313414
GGCGACC,0.601776336834739
GGCGACG,0.619367472558939
GGCGACT,0.601269157640731
GGCGAGA,0.611364187551654
GGCGAGC,0.681772638304778
GGCGAGG,0.596565515401411
GGCGAGT,0.639099862069027
GGCGATA,0.592351627350321
GGCGATC,0.601015471549574
GGCGATG,0.626441868149926
GGCGATT,0.613746855198727
GGCGCAA,0.611489732747127
GGCGCAC,0.579213472642148
GGCGCAG,0.667037468561471
GGCGCAT,0.612117222409328
GGCGCCA,0.633098074651921
GGCGCCC,0.6228488684571
GGCGCCG,0.711289089595594
GGCGCCT,0.609479115770738
GGCGCGA,0.591071177936452
GGCGCGC,0.640808063025304
GGCGCGG,0.774784953039686
GGCGCGT,0.605824536608957
GGCGCTA,0.603802485210626
GGCGCTC,0.595545596167817
GGCGCTG,0.626689186019045
GGCGCTT,0.58644793686703
GGCGGAA,0.714012106501432
GGCGGAC,0.650996441650233
GGCGGAG,0.638489082451617
GGCGGAT,0.589147424399788
GGCGGCA,0.681187381539419
GGCGGCC,0.772863878496855
GGCGGCG,0.887594560961662
GGCGGCT,0.655691704768016
GGCGGGA,0.670475422094038
GGCGGGC,0.623345222805159
GGCGGGG,0.692712190684537
GGCGGGT,0.654610137561651
GGCGGTA,0.652804921954821
GGCGGTC,0.612117222409328
GGCGGTG,0.649547298876789
GGCGGTT,0.612869690632174
GGCGTAA,0.602283258928403
GGCGTAC,0.591327399016872
GGCGTAG,0.590045636617293
GGCGTAT,0.591583554464867
GGCGTCA,0.600761721085454
GGCGTCC,0.610107867946549
GGCGTCG,0.636654502093919
GGCGTCT,0.615873914188671
GGCGTGA,0.551608321780921
GGCGTGC,0.654008761042646
GGCGTGG,0.609604897836221
GGCGTGT,0.616998175242514
GGCGTTA,0.601903091451128
GGCGTTC,0.601015471549574
GGCGTTG,0.599364941404532
GGCGTTT,0.636776912216816
GGCTAAA,0.59337480771336
GGCTAAC,0.585546485872118
GGCTAAG,0.596310633098488
GGCTAAT,0.577006900038337
GGCTACA,0.5968203327559
GGCTACC,0.597329772751914
GGCTACG,0.599746074845409
GGCTACT,0.598983662645568
GGCTAGA,0.581673893812035
GGCTAGC,0.60000008312841
GGCTAGG,0.618245873553322
GGCTAGT,0.587477172519424
GGCTATA,0.58991736997067
GGCTATC,0.604814021996187
GGCTATG,0.590430337872701
GGCTATT,0.598220668729828
GGCTCAA,0.572579094003902
GGCTCAC,0.554137522393492
GGCTCAG,0.598729396019249
GGCTCAT,0.585804126229698
GGCTCCA,0.658929405324439
GGCTCCC,0.641782869353712
GGCTCCG,0.618993745982346
GGCTCCT,0.637877929554463
GGCTCGA,0.599873087051936
GGCTCGC,0.651237761409123
GGCTCGG,0.668342911644725
GGCTCGT,0.601776336834739
GGCTCTA,0.596947717087823
GGCTCTC,0.626441868149926
GGCTCTG,0.609479115770738
GGCTCTT,0.59847506472497
GGCTGAA,0.709128096915611
GGCTGAC,0.619616546037242
GGCTGAG,0.637511058452007
GGCTGAT,0.585031005935747
GGCTGCA,0.635552136173924
GGCTGCC,0.617372648221807
GGCTGCG,0.674844686042165
GGCTGCT,0.66036502537579
GGCTGGA,0.626689186019045
GGCTGGC,0.649668141015768
GGCTGGG,0.588376885555907
GGCTGGT,0.625947048837631
GGCTGTA,0.58399924821879
GGCTGTC,0.618370557805807
GGCTGTG,0.641661070516651
GGCTGTT,0.644458697368046
GGCTTAA,0.597711682505219
GGCTTAC,0.599746074845409
GGCTTAG,0.583741142371829
GGCTTAT,0.589660787309871
GGCTTCA,0.621731169571761
GGCTTCC,0.642513351006313
GGCTTCG,0.597202437081699
GGCTTCT,0.623345222805159
GGCTTGA,0.623841330907799
GGCTTGC,0.611489732747127
GGCTTGG,0.608094467847933
GGCTTGT,0.615373836605292
GGCTTTA,0.591967664649587
GGCTTTC,0.579731959360468
GGCTTTG,0.591839644314051
GGCTTTT,0.597202437081699
GGGAAAA,0.585031005935747
GGGAAAC,0.662753154926152
GGGAAAG,0.584257287464313
GGGAAAT,0.600380974618477
GGGAACA,0.604814021996187
GGGAACC,0.618121173752736
GGGAACG,0.613120387601606
GGGAACT,0.606834031112693
GGGAAGA,0.639099862069027
GGGAAGC,0.593886005575712
GGGAAGG,0.71830844270953
GGGAAGT,0.601269157640731
GGGAATA,0.588119907278085
GGGAATC,0.590430337872701
GGGAATG,0.58012064805671
GGGAATT,0.579861539046485
GGGACAA,0.580509185732748
GGGACAC,0.59260752060451
GGGACAG,0.635919726520525
GGGACAT,0.57791607850074
GGGACCA,0.57635698039315
GGGACCC,0.606581753009355
GGGACCG,0.633098074651921
GGGACCT,0.626565534730252
GGGACGA,0.585031005935747
GGGACGC,0.584386282122275
GGGACGG,0.65689207572707
GGGACGT,0.603043160575548
GGGACTA,0.595162858109918
GGGACTC,0.581027001249882
GGGACTG,0.636899307357308
GGGACTT,0.615748918235646
GGGAGAA,0.602409949310429
GGGAGAC,0.598220668729828
GGGAGAG,0.66477859054784
GGGAGAT,0.618121173752736
GGGAGCA,0.635919726520525
GGGAGCC,0.637877929554463
GGGAGCG,0.675315897447994
GGGAGCT,0.638122435536094
GGGAGGA,0.5828372469244
GGGAGGC,0.602409949310429
GGGAGGG,0.643243299444948
GGGAGGT,0.617746981023578
GGGAGTA,0.650513627356476
GGGAGTC,0.630761124674289
GGGAGTG,0.642269916406571
GGGAGTT,0.613746855198727
GGGATAA,0.580250177389616
GGGATAC,0.590814891189964
GGGATAG,0.584902094422268
GGGATAT,0.584644221530062
GGGATCA,0.597457092209821
GGGATCC,0.596692932195141
GGGATCG,0.584773166288469
GGGATCT,0.614372930579895
GGGATGA,0.58644793686703
GGGATGC,0.574795447702402
GGGATGG,0.608094467847933
GGGATGT,0.580897572505889
GGGATTA,0.534807436237483
GGGATTC,0.596565515401411
GGGATTG,0.589660787309871
GGGATTT,0.568262686786379
GGGCAAA,0.613746855198727
GGGCAAC,0.581803222123222
GGGCAAG,0.61799645840017
GGGCAAT,0.586061700225821
GGGCACA,0.575966825759495
GGGCACC,0.614372930579895
GGGCACG,0.613245712521896
GGGCACT,0.581673893812035
GGGCAGA,0.591839644314051
GGGCAGC,0.636654502093919
GGGCAGG,0.616123859232518
GGGCAGT,0.609856414513751
GGGCATA,0.588376885555907
GGGCATC,0.580250177389616
GGGCATG,0.583612064462063
GGGCATT,0.596947717087823
GGGCCAA,0.597075085195045
GGGCCAC,0.60822042418695
GGGCCAG,0.613621593072301
GGGCCAT,0.609604897836221
GGGCCCA,0.606329411245714
GGGCCCC,0.661320961684281
GGGCCCG,0.619865557493394
GGGCCCT,0.590173886813694
GGGCCGA,0.631130480050028
GGGCCGC,0.675433665613844
GGGCCGG,0.721687296494889
GGGCCGT,0.585031005935747
GGGCCTA,0.583224730736007
GGGCCTC,0.667868402223626
GGGCCTG,0.693637714006939
GGGCCTT,0.578435238162548
GGGCGAA,0.589660787309871
GGGCGAC,0.58012064805671
GGGCGAG,0.658210821681478
GGGCGAT,0.601903091451128
GGGCGCA,0.621482622298998
GGGCGCC,0.660484567400511
GGGCGCG,0.681421525350224
GGGCGCT,0.594013764219976
GGGCGGA,0.607842507564908
GGGCGGC,0.628542122934961
GGGCGGG,0.684110246113555
GGGCGGT,0.63653207698495
GGGCGTA,0.589404138797514
GGGCGTC,0.608598198041972
GGGCGTG,0.621109685521929
GGGCGTT,0.586190462349018
GGGCTAA,0.589019042483339
GGGCTAC,0.5968203327559
GGGCTAG,0.585031005935747
GGGCTAT,0.587734315997968
GGGCTCA,0.571142360756507
GGGCTCC,0.647248519333523
GGGCTCG,0.69652446569512
GGGCTCT,0.618869139412246
GGGCTGA,0.677668629617706
GGGCTGC,0.610861849094412
GGGCTGG,0.60215655249389
GGGCTGT,0.62792485870388
GGGCTTA,0.600254026907587
GGGCTTC,0.591839644314051
GGGCTTG,0.64809605304056
GGGCTTT,0.573753069603222
GGGGAAA,0.601015471549574
GGGGAAC,0.641295584970425
GGGGAAG,0.637877929554463
GGGGAAT,0.581156413244243
GGGGACA,0.579213472642148
GGGGACC,0.583353858648456
GGGGACG,0.609604897836221
GGGGACT,0.603928983279588
GGGGAGA,0.599110771718517
GGGGAGC,0.668342911644725
GGGGAGG,0.672603394617993
GGGGAGT,0.653527399300975
GGGGATA,0.579343119526575
GGGGATC,0.585675314348227
GGGGATG,0.580250177389616
GGGGATT,0.590045636617293
GGGGCAA,0.633834925669236
GGGGCAC,0.601776336834739
GGGGCAG,0.618744517313414
GGGGCAT,0.586834024387089
GGGGCCA,0.606329411245714
GGGGCCC,0.630514811944576
GGGGCCG,0.646157776591744
GGGGCCT,0.643364905732451
GGGGCGA,0.603043160575548
GGGGCGC,0.718872378425629
GGGGCGG,0.629159006385942
GGGGCGT,0.603043160575548
GGGGCTA,0.586190462349018
GGGGCTC,0.617746981023578
GGGGCTG,0.645187227701075
GGGGCTT,0.613997332389603
GGGGGAA,0.648700994777683
GGGGGAC,0.592479582162585
GGGGGAG,0.685160389499026
GGGGGAT,0.572579094003902
GGGGGCA,0.598093446459144
GGGGGCC,0.716614724905754
GGGGGCG,0.643729635891594
GGGGGCT,0.625699547333877
GGGGGGA,0.659288503602717
GGGGGGC,0.681889648566015
GGGGGGG,0.801818575536604
GGGGGGT,0.652925371099828
GGGGGTA,0.580509185732748
GGGGGTC,0.616998175242514
GGGGGTG,0.667156215651209
GGGGGTT,0.569834445951377
GGGGTAA,0.577396649172171
GGGGTAC,0.589660787309871
GGGGTAG,0.578175692022488
GGGGTAT,0.584902094422268
GGGGTCA,0.616623561980675
GGGGTCC,0.647369639564631
GGGGTCG,0.625204360479547
GGGGTCT,0.616998175242514
GGGGTGA,0.594652312721857
GGGGTGC,0.638855594986449
GGGGTGG,0.655691704768016
GGGGTGT,0.607464448067896
GGGGTTA,0.593502631680091
GGGGTTC,0.606707900016554
GGGGTTG,0.566294507409121
GGGGTTT,0.571273058200958
GGGTAAA,0.609227504166435
GGGTAAC,0.596055685814014
GGGTAAG,0.609227504166435
GGGTAAT,0.581285808493306
GGGTACA,0.585804126229698
GGGTACC,0.614498098633422
GGGTACG,0.591199296682817
GGGTACT,0.586061700225821
GGGTAGA,0.596055685814014
GGGTAGC,0.587348575979862
GGGTAGG,0.589147424399788
GGGTAGT,0.584128276164583
GGGTATA,0.590430337872701
GGGTATC,0.614748387749153
GGGTATG,0.594269232552113
GGGTATT,0.588376885555907
GGGTCAA,0.586834024387089
GGGTCAC,0.61412254746191
GGGTCAG,0.612869690632174
GGGTCAT,0.583870203622638
GGGTCCA,0.58644793686703
GGGTCCC,0.61762221899179
GGGTCCG,0.635429576024998
GGGTCCT,0.613621593072301
GGGTCGA,0.607968495641918
GGGTCGC,0.594141506544053
GGGTCGG,0.723035647813622
GGGTCGT,0.613997332389603
GGGTCTA,0.624585031885703
GGGTCTC,0.601015471549574
GGGTCTG,0.600380974618477
GGGTCTT,0.602536623644036
GGGTGAA,0.599619046504733
GGGTGAC,0.590173886813694
GGGTGAG,0.684577112660675
GGGTGAT,0.593502631680091
GGGTGCA,0.624832809353289
GGGTGCC,0.627183638334501
GGGTGCG,0.609604897836221
GGGTGCT,0.593502631680091
GGGTGGA,0.580379689946847
GGGTGGC,0.634693899523024
GGGTGGG,0.673075663080701
GGGTGGT,0.623965319486238
GGGTGTA,0.612995046973011
GGGTGTC,0.620985342349426
GGGTGTG,0.601015471549574
GGGTGTT,0.593502631680091
GGGTTAA,0.581673893812035
GGGTTAC,0.599110771718517
GGGTTAG,0.607716503612901
GGGTTAT,0.58399924821879
GGGTTCA,0.57518605953311
GGGTTCC,0.608094467847933
GGGTTCG,0.599619046504733
GGGTTCT,0.608472289279975
GGGTTGA,0.583870203622638
GGGTTGC,0.581285808493306
GGGTTGG,0.626194489099547
GGGTTGT,0.576616998940885
GGGTTTA,0.595545596167817
GGGTTTC,0.558382822349771
GGGTTTG,0.601015471549574
GGGTTTT,0.598347874817064
GGTAAAA,0.572709603818061
GGTAAAC,0.588119907278085
GGTAAAG,0.65244348744735
GGTAAAT,0.581673893812035
GGTAACA,0.580638664751661
GGTAACC,0.601395976556652
GGTAACG,0.628542122934961
GGTAACT,0.584257287464313
GGTAAGA,0.599110771718517
GGTAAGC,0.638000190018175
GGTAAGG,0.631868781783097
GGTAAGT,0.577786246460798
GGTAATA,0.586061700225821
GGTAATC,0.584773166288469
GGTAATG,0.598347874817064
GGTAATT,0.574925668599774
GGTACAA,0.586576649270379
GGTACAC,0.584902094422268
GGTACAG,0.583870203622638
GGTACAT,0.590686723181425
GGTACCA,0.592351627350321
GGTACCC,0.612242673106407
GGTACCG,0.589789086869603
GGTACCT,0.613872101636518
GGTACGA,0.605572003671495
GGTACGC,0.592479582162585
GGTACGG,0.590686723181425
GGTACGT,0.589789086869603
GGTACTA,0.59094304277357
GGTACTC,0.585546485872118
GGTACTG,0.580638664751661
GGTACTT,0.600507906215692
GGTAGAA,0.582320368174716
GGTAGAC,0.586705345108978
GGTAGAG,0.603675971137878
GGTAGAT,0.587091333278893
GGTAGCA,0.585675314348227
GGTAGCC,0.586705345108978
GGTAGCG,0.616873319747374
GGTAGCT,0.579213472642148
GGTAGGA,0.583741142371829
GGTAGGC,0.604181931422346
GGTAGGG,0.615498879447864
GGTAGGT,0.59260752060451
GGTAGTA,0.599492002025808
GGTAGTC,0.601015471549574
GGTAGTG,0.582966424878287
GGTAGTT,0.611364187551654
GGTATAA,0.589275789836436
GGTATAC,0.591071177936452
GGTATAG,0.58953247128725
GGTATAT,0.589019042483339
GGTATCA,0.603296332856412
GGTATCC,0.616873319747374
GGTATCG,0.612368108067583
GGTATCT,0.578694716955889
GGTATGA,0.584515260142761
GGTATGC,0.584515260142761
GGTATGG,0.592863348394092
GGTATGT,0.597711682505219
GGTATTA,0.586319207894665
GGTATTC,0.587091333278893
GGTATTG,0.581544548772872
GGTATTT,0.581415187001406
GGTCAAA,0.585159900833189
GGTCAAC,0.590814891189964
GGTCAAG,0.596565515401411
GGTCAAT,0.592223656163528
GGTCACA,0.591199296682817
GGTCACC,0.641782869353712
GGTCACG,0.613997332389603
GGTCACT,0.583741142371829
GGTCAGA,0.605698278111837
GGTCAGC,0.605445713283905
GGTCAGG,0.619616546037242
GGTCAGT,0.621979655084127
GGTCATA,0.601776336834739
GGTCATC,0.589019042483339
GGTCATG,0.595800673514846
GGTCATT,0.582449612910886
GGTCCAA,0.582966424878287
GGTCCAC,0.603802485210626
GGTCCAG,0.59847506472497
GGTCCAT,0.587348575979862
GGTCCCA,0.609227504166435
GGTCCCC,0.651840806150135
GGTCCCG,0.615498879447864
GGTCCCT,0.586834024387089
GGTCCGA,0.603169754728006
GGTCCGC,0.600507906215692
GGTCCGG,0.639832305522231
GGTCCGT,0.586190462349018
GGTCCTA,0.580897572505889
GGTCCTC,0.61562390665668
GGTCCTG,0.653647761460866
GGTCCTT,0.625699547333877
GGTCGAA,0.601269157640731
GGTCGAC,0.583741142371829
GGTCGAG,0.601522779391576
GGTCGAT,0.592351627350321
GGTCGCA,0.600634821703321
GGTCGCC,0.586576649270379
GGTCGCG,0.640076334172143
GGTCGCT,0.597075085195045
GGTCGGA,0.603043160575548
GGTCGGC,0.621358325492873
GGTCGGG,0.676022298492772
GGTCGGT,0.665016607609075
GGTCGTA,0.618245873553322
GGTCGTC,0.616248808331148
GGTCGTG,0.651961371471061
GGTCGTT,0.599873087051936
GGTCTAA,0.601142322639731
GGTCTAC,0.600888604366176
GGTCTAG,0.611740775863176
GGTCTAT,0.602916550394983
GGTCTCA,0.587605752524042
GGTCTCC,0.603043160575548
GGTCTCG,0.568131595275442
GGTCTCT,0.610107867946549
GGTCTGA,0.617497441392495
GGTCTGC,0.586962687108975
GGTCTGG,0.619616546037242
GGTCTGT,0.605066746397356
GGTCTTA,0.587091333278893
GGTCTTC,0.608724090952948
GGTCTTG,0.622600598864624
GGTCTTT,0.602916550394983
GGTGAAA,0.577396649172171
GGTGAAC,0.612869690632174
GGTGAAG,0.633098074651921
GGTGAAT,0.582578840945013
GGTGACA,0.586576649270379
GGTGACC,0.606707900016554
GGTGACG,0.579213472642148
GGTGACT,0.6447015997901
GGTGAGA,0.618121173752736
GGTGAGC,0.604687635840457
GGTGAGG,0.601395976556652
GGTGAGT,0.670238700937313
GGTGATA,0.597075085195045
GGTGATC,0.563137340777582
GGTGATG,0.583612064462063
GGTGATT,0.621358325492873
GGTGCAA,0.597966208000895
GGTGCAC,0.599492002025808
GGTGCAG,0.602029830002822
GGTGCAT,0.612493527296803
GGTGCCA,0.607716503612901
GGTGCCC,0.606203216481239
GGTGCCG,0.648217070667887
GGTGCCT,0.596565515401411
GGTGCGA,0.614372930579895
GGTGCGC,0.607716503612901
GGTGCGG,0.642026422531995
GGTGCGT,0.60278992418225
GGTGCTA,0.599873087051936
GGTGCTC,0.606329411245714
GGTGCTG,0.625575773606837
GGTGCTT,0.610107867946549
GGTGGAA,0.587477172519424
GGTGGAC,0.595290453739734
GGTGGAG,0.613496315253309
GGTGGAT,0.592223656163528
GGTGGCA,0.64700623485209
GGTGGCC,0.618495226514068
GGTGGCG,0.657491721304727
GGTGGCT,0.564980232452286
GGTGGGA,0.590045636617293
GGTGGGC,0.617871727491744
GGTGGGG,0.718082779346372
GGTGGGT,0.624832809353289
GGTGGTA,0.58644793686703
GGTGGTC,0.599364941404532
GGTGGTG,0.636164711704902
GGTGGTT,0.639466150854804
GGTGTAA,0.584128276164583
GGTGTAC,0.610233570956112
GGTGTAG,0.605824536608957
GGTGTAT,0.585804126229698
GGTGTCA,0.606581753009355
GGTGTCC,0.592863348394092
GGTGTCG,0.640564212894647
GGTGTCT,0.606203216481239
GGTGTGA,0.587605752524042
GGTGTGC,0.597075085195045
GGTGTGG,0.62123401323513
GGTGTGT,0.613872101636518
GGTGTTA,0.595673142974388
GGTGTTC,0.654730369479182
GGTGTTG,0.62123401323513
GGTGTTT,0.577526531800893
GGTTAAA,0.590302120564091
GGTTAAC,0.588376885555907
GGTTAAG,0.588376885555907
GGTTAAT,0.584644221530062
GGTTACA,0.595290453739734
GGTTACC,0.583482969889039
GGTTACG,0.591455484942821
GGTTACT,0.614873508819197
GGTTAGA,0.58953247128725
GGTTAGC,0.587219962901104
GGTTAGG,0.607212328974874
GGTTAGT,0.683759953108423
GGTTATA,0.598093446459144
GGTTATC,0.584773166288469
GGTTATG,0.58863379781286
GGTTATT,0.598983662645568
GGTTCAA,0.609479115770738
GGTTCAC,0.586061700225821
GGTTCAG,0.590558538743741
GGTTCAT,0.589275789836436
GGTTCCA,0.587348575979862
GGTTCCC,0.594013764219976
GGTTCCG,0.651117108809081
GGTTCCT,0.603422894964823
GGTTCGA,0.614748387749153
GGTTCGC,0.58991736997067
GGTTCGG,0.614748387749153
GGTTCGT,0.603928983279588
GGTTCTA,0.587605752524042
GGTTCTC,0.616123859232518
GGTTCTG,0.607086245587843
GGTTCTT,0.595035246197379
GGTTGAA,0.598220668729828
GGTTGAC,0.587991393370742
GGTTGAG,0.594779973507507
GGTTGAT,0.602283258928403
GGTTGCA,0.591327399016872
GGTTGCC,0.597457092209821
GGTTGCG,0.597584395459547
GGTTGCT,0.64978896855369
GGTTGGA,0.610736225041458
GGTTGGC,0.609353317882136
GGTTGGG,0.639221973239057
GGTTGGT,0.629652239300589
GGTTGTA,0.603928983279588
GGTTGTC,0.591967664649587
GGTTGTG,0.641661070516651
GGTTGTT,0.599619046504733
GGTTTAA,0.589019042483339
GGTTTAC,0.585288779118878
GGTTTAG,0.591583554464867
GGTTTAT,0.596438082370573
GGTTTCA,0.565637585845521
GGTTTCC,0.584644221530062
GGTTTCG,0.595928187793339
GGTTTCT,0.607464448067896
GGTTTGA,0.634693899523024
GGTTTGC,0.58012064805671
GGTTTGG,0.622228078866782
GGTTTGT,0.585546485872118
GGTTTTA,0.592223656163528
GGTTTTC,0.597202437081699
GGTTTTG,0.628788921982654
GGTTTTT,0.596055685814014
GTAAAAA,0.580509185732748
GTAAAAC,0.586705345108978
GTAAAAG,0.579991101943782
GTAAAAT,0.56944173770197
GTAAACA,0.584257287464313
GTAAACC,0.59171160758721
GTAAACG,0.588890644082858
GTAAACT,0.586061700225821
GTAAAGA,0.586705345108978
GTAAAGC,0.598856537413848
GTAAAGG,0.656292070358837
GTAAAGT,0.583741142371829
GTAAATA,0.573622695909435
GTAAATC,0.602283258928403
GTAAATG,0.578694716955889
GTAAATT,0.575836740380802
GTAACAA,0.583741142371829
GTAACAC,0.58644793686703
GTAACAG,0.595545596167817
GTAACAT,0.589019042483339
GTAACCA,0.600507906215692
GTAACCC,0.586061700225821
GTAACCG,0.602283258928403
GTAACCT,0.600761721085454
GTAACGA,0.601269157640731
GTAACGC,0.59171160758721
GTAACGG,0.62804834203507
GTAACGT,0.604434815598521
GTAACTA,0.600634821703321
GTAACTC,0.587348575979862
GTAACTG,0.598347874817064
GTAACTT,0.587091333278893
GTAAGAA,0.585031005935747
GTAAGAC,0.598856537413848
GTAAGAG,0.594779973507507
GTAAGAT,0.586190462349018
GTAAGCA,0.611740775863176
GTAAGCC,0.609856414513751
GTAAGCG,0.590302120564091
GTAAGCT,0.585675314348227
GTAAGGA,0.578564985975374
GTAAGGC,0.603549441057294
GTAAGGG,0.671658188052945
GTAAGGT,0.624832809353289
GTAAGTA,0.580897572505889
GTAAGTC,0.600507906215692
GTAAGTG,0.5828372469244
GTAAGTT,0.598983662645568
GTAATAA,0.582320368174716
GTAATAC,0.587734315997968
GTAATAG,0.585031005935747
GTAATAT,0.586962687108975
GTAATCA,0.58876222919411
GTAATCC,0.55280716160351
GTAATCG,0.587348575979862
GTAATCT,0.58399924821879
GTAATGA,0.593758230607092
GTAATGC,0.598983662645568
GTAATGG,0.599873087051936
GTAATGT,0.585804126229698
GTAATTA,0.579602362881379
GTAATTC,0.585288779118878
GTAATTG,0.584386282122275
GTAATTT,0.572709603818061
GTACAAA,0.594396942248324
GTACAAC,0.585675314348227
GTACAAG,0.587477172519424
GTACAAT,0.587734315997968
GTACACA,0.582191106732185
GTACACC,0.581673893812035
GTACACG,0.58863379781286
GTACACT,0.590302120564091
GTACAGA,0.580897572505889
GTACAGC,0.601395976556652
GTACAGG,0.58953247128725
GTACAGT,0.586705345108978
GTACATA,0.58991736997067
GTACATC,0.590430337872701
GTACATG,0.58953247128725
GTACATT,0.585417640797094
GTACCAA,0.592223656163528
GTACCAC,0.592479582162585
GTACCAG,0.604181931422346
GTACCAT,0.592863348394092
GTACCCA,0.614623251021868
GTACCCC,0.601522779391576
GTACCCG,0.587348575979862
GTACCCT,0.58991736997067
GTACCGA,0.602283258928403
GTACCGC,0.601142322639731
GTACCGG,0.592095668598014
GTACCGT,0.592351627350321
GTACCTA,0.584257287464313
GTACCTC,0.601522779391576
GTACCTG,0.611615262182983
GTACCTT,0.584644221530062
GTACGAA,0.58876222919411
GTACGAC,0.592735442680283
GTACGAG,0.592351627350321
GTACGAT,0.604434815598521
GTACGCA,0.605824536608957
GTACGCC,0.59260752060451
GTACGCG,0.58863379781286
GTACGCT,0.593119110752555
GTACGGA,0.590814891189964
GTACGGC,0.588505349934872
GTACGGG,0.590173886813694
GTACGGT,0.592223656163528
GTACGTA,0.603928983279588
GTACGTC,0.591071177936452
GTACGTG,0.588890644082858
GTACGTT,0.592095668598014
GTACTAA,0.601269157640731
GTACTAC,0.592991237750122
GTACTAG,0.58876222919411
GTACTAT,0.587605752524042
GTACTCA,0.585288779118878
GTACTCC,0.597457092209821
GTACTCG,0.604940392180474
GTACTCT,0.586576649270379
GTACTGA,0.584902094422268
GTACTGC,0.615748918235646
GTACTGG,0.598093446459144
GTACTGT,0.584644221530062
GTACTTA,0.59783895335096
GTACTTC,0.60278992418225
GTACTTG,0.608094467847933
GTACTTT,0.585288779118878
GTAGAAA,0.606707900016554
GTAGAAC,0.584773166288469
GTAGAAG,0.582320368174716
GTAGAAT,0.576616998940885
GTAGACA,0.595673142974388
GTAGACC,0.588505349934872
GTAGACG,0.597075085195045
GTAGACT,0.598856537413848
GTAGAGA,0.535484919259984
GTAGAGC,0.583612064462063
GTAGAGG,0.596438082370573
GTAGAGT,0.614623251021868
GTAGATA,0.585159900833189
GTAGATC,0.590686723181425
GTAGATG,0.585675314348227
GTAGATT,0.583095586147387
GTAGCAA,0.584128276164583
GTAGCAC,0.584902094422268
GTAGCAG,0.5828372469244
GTAGCAT,0.588119907278085
GTAGCCA,0.621109685521929
GTAGCCC,0.585288779118878
GTAGCCG,0.611991755972397
GTAGCCT,0.599364941404532
GTAGCGA,0.600761721085454
GTAGCGC,0.603928983279588
GTAGCGG,0.601395976556652
GTAGCGT,0.589660787309871
GTAGCTA,0.587219962901104
GTAGCTC,0.623221157313199
GTAGCTG,0.575446382680657
GTAGCTT,0.586319207894665
GTAGGAA,0.581156413244243
GTAGGAC,0.603675971137878
GTAGGAG,0.57791607850074
GTAGGAT,0.58644793686703
GTAGGCA,0.600507906215692
GTAGGCC,0.60000008312841
GTAGGCG,0.593119110752555
GTAGGCT,0.589404138797514
GTAGGGA,0.596692932195141
GTAGGGC,0.636654502093919
GTAGGGG,0.57791607850074
GTAGGGT,0.598093446459144
GTAGGTA,0.59337480771336
GTAGGTC,0.606707900016554
GTAGGTG,0.602409949310429
GTAGGTT,0.597202437081699
GTAGTAA,0.587605752524042
GTAGTAC,0.59171160758721
GTAGTAG,0.597711682505219
GTAGTAT,0.584386282122275
GTAGTCA,0.598729396019249
GTAGTCC,0.581156413244243
GTAGTCG,0.587991393370742
GTAGTCT,0.600761721085454
GTAGTGA,0.584644221530062
GTAGTGC,0.584902094422268
GTAGTGG,0.594396942248324
GTAGTGT,0.59171160758721
GTAGTTA,0.596565515401411
GTAGTTC,0.639466150854804
GTAGTTG,0.594779973507507
GTAGTTT,0.5828372469244
GTATAAA,0.587477172519424
GTATAAC,0.59094304277357
GTATAAG,0.588119907278085
GTATAAT,0.586834024387089
GTATACA,0.588505349934872
GTATACC,0.590686723181425
GTATACG,0.590045636617293
GTATACT,0.591839644314051
GTATAGA,0.602536623644036
GTATAGC,0.584773166288469
GTATAGG,0.586576649270379
GTATAGT,0.587219962901104
GTATATA,0.573622695909435
GTATATC,0.59260752060451
GTATATG,0.605572003671495
GTATATT,0.583741142371829
GTATCAA,0.590045636617293
GTATCAC,0.58953247128725
GTATCAG,0.60278992418225
GTATCAT,0.591199296682817
GTATCCA,0.587605752524042
GTATCCC,0.584257287464313
GTATCCG,0.617123015150706
GTATCCT,0.587219962901104
GTATCGA,0.589147424399788
GTATCGC,0.605193084650867
GTATCGG,0.604181931422346
GTATCGT,0.58991736997067
GTATCTA,0.583353858648456
GTATCTC,0.596947717087823
GTATCTG,0.582449612910886
GTATCTT,0.586705345108978
GTATGAA,0.58399924821879
GTATGAC,0.589660787309871
GTATGAG,0.58644793686703
GTATGAT,0.590558538743741
GTATGCA,0.596183167581016
GTATGCC,0.58991736997067
GTATGCG,0.591455484942821
GTATGCT,0.588376885555907
GTATGGA,0.590173886813694
GTATGGC,0.591839644314051
GTATGGG,0.585546485872118
GTATGGT,0.598983662645568
GTATGTA,0.584902094422268
GTATGTC,0.628542122934961
GTATGTG,0.598093446459144
GTATGTT,0.598983662645568
GTATTAA,0.582578840945013
GTATTAC,0.587219962901104
GTATTAG,0.588248404671725
GTATTAT,0.585546485872118
GTATTCA,0.589275789836436
GTATTCC,0.586705345108978
GTATTCG,0.602029830002822
GTATTCT,0.598093446459144
GTATTGA,0.581156413244243
GTATTGC,0.594652312721857
GTATTGG,0.613997332389603
GTATTGT,0.583095586147387
GTATTTA,0.57635698039315
GTATTTC,0.586190462349018
GTATTTG,0.586834024387089
GTATTTT,0.545458371651678
GTCAAAA,0.585159900833189
GTCAAAC,0.586705345108978
GTCAAAG,0.583095586147387
GTCAAAT,0.587348575979862
GTCAACA,0.587862862945452
GTCAACC,0.601142322639731
GTCAACG,0.592095668598014
GTCAACT,0.586190462349018
GTCAAGA,0.587605752524042
GTCAAGC,0.579343119526575
GTCAAGG,0.627060048174038
GTCAAGT,0.593630439309943
GTCAATA,0.587862862945452
GTCAATC,0.589147424399788
GTCAATG,0.60164956614958
GTCAATT,0.591199296682817
GTCACAA,0.583870203622638
GTCACAC,0.584902094422268
GTCACAG,0.579602362881379
GTCACAT,0.595035246197379
GTCACCA,0.645429953247259
GTCACCC,0.578564985975374
GTCACCG,0.608849968016894
GTCACCT,0.594141506544053
GTCACGA,0.603549441057294
GTCACGC,0.627801360122674
GTCACGG,0.587605752524042
GTCACGT,0.590045636617293
GTCACTA,0.584773166288469
GTCACTC,0.596947717087823
GTCACTG,0.576616998940885
GTCACTT,0.581156413244243
GTCAGAA,0.584128276164583
GTCAGAC,0.615248778125051
GTCAGAG,0.618744517313414
GTCAGAT,0.578175692022488
GTCAGCA,0.585675314348227
GTCAGCC,0.588248404671725
GTCAGCG,0.62792485870388
GTCAGCT,0.599873087051936
GTCAGGA,0.606960146301786
GTCAGGC,0.612744318575155
GTCAGGG,0.594013764219976
GTCAGGT,0.607716503612901
GTCAGTA,0.600634821703321
GTCAGTC,0.592735442680283
GTCAGTG,0.633957681402655
GTCAGTT,0.576616998940885
GTCATAA,0.587862862945452
GTCATAC,0.591327399016872
GTCATAG,0.602029830002822
GTCATAT,0.59094304277357
GTCATCA,0.587605752524042
GTCATCC,0.589019042483339
GTCATCG,0.604814021996187
GTCATCT,0.585417640797094
GTCATGA,0.581673893812035
GTCATGC,0.588376885555907
GTCATGG,0.633343751990345
GTCATGT,0.610107867946549
GTCATTA,0.586705345108978
GTCATTC,0.598220668729828
GTCATTG,0.585031005935747
GTCATTT,0.591071177936452
GTCCAAA,0.584515260142761
GTCCAAC,0.591839644314051
GTCCAAG,0.577786246460798
GTCCAAT,0.604308381504234
GTCCACA,0.582966424878287
GTCCACC,0.602536623644036
GTCCACG,0.602283258928403
GTCCACT,0.590558538743741
GTCCAGA,0.597202437081699
GTCCAGC,0.582449612910886
GTCCAGG,0.588248404671725
GTCCAGT,0.601395976556652
GTCCATA,0.591839644314051
GTCCATC,0.586576649270379
GTCCATG,0.587862862945452
GTCCATT,0.586834024387089
GTCCCAA,0.599619046504733
GTCCCAC,0.605698278111837
GTCCCAG,0.604434815598521
GTCCCAT,0.59860223845766
GTCCCCA,0.626070776621924
GTCCCCC,0.579602362881379
GTCCCCG,0.597329772751914
GTCCCCT,0.607590483781898
GTCCCGA,0.600888604366176
GTCCCGC,0.622972980142991
GTCCCGG,0.603675971137878
GTCCCGT,0.613746855198727
GTCCCTA,0.584128276164583
GTCCCTC,0.577526531800893
GTCCCTG,0.625823305742878
GTCCCTT,0.5968203327559
GTCCGAA,0.58953247128725
GTCCGAC,0.615873914188671
GTCCGAG,0.604814021996187
GTCCGAT,0.604055465348812
GTCCGCA,0.604940392180474
GTCCGCC,0.582320368174716
GTCCGCG,0.59860223845766
GTCCGCT,0.602663281933288
GTCCGGA,0.617372648221807
GTCCGGC,0.638733439066613
GTCCGGG,0.636654502093919
GTCCGGT,0.65159963189153
GTCCGTA,0.601776336834739
GTCCGTC,0.603802485210626
GTCCGTG,0.587091333278893
GTCCGTT,0.590686723181425
GTCCTAA,0.588376885555907
GTCCTAC,0.588248404671725
GTCCTAG,0.581156413244243
GTCCTAT,0.581156413244243
GTCCTCA,0.595673142974388
GTCCTCC,0.602283258928403
GTCCTCG,0.598220668729828
GTCCTCT,0.6438511830555
GTCCTGA,0.606581753009355
GTCCTGC,0.616373741819451
GTCCTGG,0.667631063051662
GTCCTGT,0.604561233709248
GTCCTTA,0.607338396466889
GTCCTTC,0.629405653253103
GTCCTTG,0.646642698028551
GTCCTTT,0.598983662645568
GTCGAAA,0.601903091451128
GTCGAAC,0.587734315997968
GTCGAAG,0.600507906215692
GTCGAAT,0.592095668598014
GTCGACA,0.604181931422346
GTCGACC,0.584386282122275
GTCGACG,0.591199296682817
GTCGACT,0.59171160758721
GTCGAGA,0.586061700225821
GTCGAGC,0.600380974618477
GTCGAGG,0.609982149133754
GTCGAGT,0.58644793686703
GTCGATA,0.593119110752555
GTCGATC,0.593119110752555
GTCGATG,0.593119110752555
GTCGATT,0.59094304277357
GTCGCAA,0.591583554464867
GTCGCAC,0.588376885555907
GTCGCAG,0.586319207894665
GTCGCAT,0.604940392180474
GTCGCCA,0.628171810120009
GTCGCCC,0.587862862945452
GTCGCCG,0.622103874689752
GTCGCCT,0.600127063078929
GTCGCGA,0.587091333278893
GTCGCGC,0.654730369479182
GTCGCGG,0.651237761409123
GTCGCGT,0.616873319747374
GTCGCTA,0.597075085195045
GTCGCTC,0.587734315997968
GTCGCTG,0.609730664082566
GTCGCTT,0.611740775863176
GTCGGAA,0.60278992418225
GTCGGAC,0.616123859232518
GTCGGAG,0.649668141015768
GTCGGAT,0.603549441057294
GTCGGCA,0.661559803046145
GTCGGCC,0.598093446459144
GTCGGCG,0.634816549864214
GTCGGCT,0.61599889451966
GTCGGGA,0.585031005935747
GTCGGGC,0.697331265072521
GTCGGGG,0.614623251021868
GTCGGGT,0.613496315253309
GTCGGTA,0.59260752060451
GTCGGTC,0.62804834203507
GTCGGTG,0.634939185164143
GTCGGTT,0.614247746857366
GTCGTAA,0.604814021996187
GTCGTAC,0.591839644314051
GTCGTAG,0.605066746397356
GTCGTAT,0.605824536608957
GTCGTCA,0.591583554464867
GTCGTCC,0.591071177936452
GTCGTCG,0.587991393370742
GTCGTCT,0.613746855198727
GTCGTGA,0.614372930579895
GTCGTGC,0.613997332389603
GTCGTGG,0.6228488684571
GTCGTGT,0.592223656163528
GTCGTTA,0.587991393370742
GTCGTTC,0.603296332856412
GTCGTTG,0.596947717087823
GTCGTTT,0.599364941404532
GTCTAAA,0.585675314348227
GTCTAAC,0.590686723181425
GTCTAAG,0.601269157640731
GTCTAAT,0.588890644082858
GTCTACA,0.588890644082858
GTCTACC,0.58876222919411
GTCTACG,0.615498879447864
GTCTACT,0.599110771718517
GTCTAGA,0.58991736997067
GTCTAGC,0.61562390665668
GTCTAGG,0.611113049866023
GTCTAGT,0.584257287464313
GTCTATA,0.591199296682817
GTCTATC,0.601142322639731
GTCTATG,0.588890644082858
GTCTATT,0.610233570956112
GTCTCAA,0.561950828751303
GTCTCAC,0.596565515401411
GTCTCAG,0.586962687108975
GTCTCAT,0.611866273791663
GTCTCCA,0.593758230607092
GTCTCCC,0.572448567154708
GTCTCCG,0.598347874817064
GTCTCCT,0.60278992418225
GTCTCGA,0.579602362881379
GTCTCGC,0.604814021996187
GTCTCGG,0.609856414513751
GTCTCGT,0.60278992418225
GTCTCTA,0.593886005575712
GTCTCTC,0.572709603818061
GTCTCTG,0.620612220037645
GTCTCTT,0.586061700225821
GTCTGAA,0.593758230607092
GTCTGAC,0.602663281933288
GTCTGAG,0.611615262182983
GTCTGAT,0.681538576700088
GTCTGCA,0.596183167581016
GTCTGCC,0.581415187001406
GTCTGCG,0.61412254746191
GTCTGCT,0.631622741765932
GTCTGGA,0.642756726360072
GTCTGGC,0.624461120125479
GTCTGGG,0.679312254790749
GTCTGGT,0.627183638334501
GTCTGTA,0.581544548772872
GTCTGTC,0.579083808947226
GTCTGTG,0.595545596167817
GTCTGTT,0.627183638334501
GTCTTAA,0.582578840945013
GTCTTAC,0.589019042483339
GTCTTAG,0.582320368174716
GTCTTAT,0.587091333278893
GTCTTCA,0.60822042418695
GTCTTCC,0.589660787309871
GTCTTCG,0.586061700225821
GTCTTCT,0.620114506958278
GTCTTGA,0.589789086869603
GTCTTGC,0.607464448067896
GTCTTGG,0.619865557493394
GTCTTGT,0.592223656163528
GTCTTTA,0.582578840945013
GTCTTTC,0.579343119526575
GTCTTTG,0.631499699052742
GTCTTTT,0.602536623644036
GTGAAAA,0.596310633098488
GTGAAAC,0.570227000041552
GTGAAAG,0.577786246460798
GTGAAAT,0.565374696339571
GTGAACA,0.584902094422268
GTGAACC,0.58193253371076
GTGAACG,0.614372930579895
GTGAACT,0.599364941404532
GTGAAGA,0.652202458513682
GTGAAGC,0.61949201705279
GTGAAGG,0.581803222123222
GTGAAGT,0.573883426301924
GTGAATA,0.582061828578973
GTGAATC,0.59783895335096
GTGAATG,0.584773166288469
GTGAATT,0.600761721085454
GTGACAA,0.595162858109918
GTGACAC,0.595290453739734
GTGACAG,0.591071177936452
GTGACAT,0.587219962901104
GTGACCA,0.607464448067896
GTGACCC,0.608346364662966
GTGACCG,0.600888604366176
GTGACCT,0.581673893812035
GTGACGA,0.586061700225821
GTGACGC,0.588890644082858
GTGACGG,0.581803222123222
GTGACGT,0.590045636617293
GTGACTA,0.612869690632174
GTGACTC,0.597202437081699
GTGACTG,0.621855420046076
GTGACTT,0.59094304277357
GTGAGAA,0.611364187551654
GTGAGAC,0.62804834203507
GTGAGAG,0.627554317195143
GTGAGAT,0.591071177936452
GTGAGCA,0.580379689946847
GTGAGCC,0.556129750966183
GTGAGCG,0.596055685814014
GTGAGCT,0.616123859232518
GTGAGGA,0.603422894964823
GTGAGGC,0.599746074845409
GTGAGGG,0.585031005935747
GTGAGGT,0.610987457367946
GTGAGTA,0.579602362881379
GTGAGTC,0.618370557805807
GTGAGTG,0.783701491113425
GTGAGTT,0.603549441057294
GTGATAA,0.588248404671725
GTGATAC,0.601395976556652
GTGATAG,0.581673893812035
GTGATAT,0.600254026907587
GTGATCA,0.586834024387089
GTGATCC,0.570357817168252
GTGATCG,0.611113049866023
GTGATCT,0.57518605953311
GTGATGA,0.583224730736007
GTGATGC,0.600761721085454
GTGATGG,0.593886005575712
GTGATGT,0.581544548772872
GTGATTA,0.597075085195045
GTGATTC,0.598220668729828
GTGATTG,0.60000008312841
GTGATTT,0.596565515401411
GTGCAAA,0.58863379781286
GTGCAAC,0.601269157640731
GTGCAAG,0.605950779166882
GTGCAAT,0.5828372469244
GTGCACA,0.599619046504733
GTGCACC,0.612995046973011
GTGCACG,0.588890644082858
GTGCACT,0.597966208000895
GTGCAGA,0.594141506544053
GTGCAGC,0.656532115708631
GTGCAGG,0.605193084650867
GTGCAGT,0.573231472813241
GTGCATA,0.600888604366176
GTGCATC,0.620238958453637
GTGCATG,0.647975020766195
GTGCATT,0.596055685814014
GTGCCAA,0.608094467847933
GTGCCAC,0.58953247128725
GTGCCAG,0.618495226514068
GTGCCAT,0.59847506472497
GTGCCCA,0.592223656163528
GTGCCCC,0.580509185732748
GTGCCCG,0.653286631511325
GTGCCCT,0.636164711704902
GTGCCGA,0.617746981023578
GTGCCGC,0.656652116778822
GTGCCGG,0.610359258166413
GTGCCGT,0.603422894964823
GTGCCTA,0.595290453739734
GTGCCTC,0.615498879447864
GTGCCTG,0.567869360687349
GTGCCTT,0.595035246197379
GTGCGAA,0.627554317195143
GTGCGAC,0.604181931422346
GTGCGAG,0.586576649270379
GTGCGAT,0.612618930798012
GTGCGCA,0.611489732747127
GTGCGCC,0.597457092209821
GTGCGCG,0.656532115708631
GTGCGCT,0.611238626592606
GTGCGGA,0.627060048174038
GTGCGGC,0.611113049866023
GTGCGGG,0.6447015997901
GTGCGGT,0.597202437081699
GTGCGTA,0.591199296682817
GTGCGTC,0.589019042483339
GTGCGTG,0.625575773606837
GTGCGTT,0.638489082451617
GTGCTAA,0.600380974618477
GTGCTAC,0.61562390665668
GTGCTAG,0.585675314348227
GTGCTAT,0.603802485210626
GTGCTCA,0.605572003671495
GTGCTCC,0.613621593072301
GTGCTCG,0.615873914188671
GTGCTCT,0.579731959360468
GTGCTGA,0.596055685814014
GTGCTGC,0.65039288735086
GTGCTGG,0.568917886690137
GTGCTGT,0.636409636886239
GTGCTTA,0.59860223845766
GTGCTTC,0.58991736997067
GTGCTTG,0.641661070516651
GTGCTTT,0.590302120564091
GTGGAAA,0.612995046973011
GTGGAAC,0.594907617997961
GTGGAAG,0.650755063642059
GTGGAAT,0.594141506544053
GTGGACA,0.595162858109918
GTGGACC,0.584515260142761
GTGGACG,0.625823305742878
GTGGACT,0.59171160758721
GTGGAGA,0.639099862069027
GTGGAGC,0.616498659701327
GTGGAGG,0.630022004400515
GTGGAGT,0.643243299444948
GTGGATA,0.611615262182983
GTGGATC,0.580509185732748
GTGGATG,0.600507906215692
GTGGATT,0.578175692022488
GTGGCAA,0.634939185164143
GTGGCAC,0.572709603818061
GTGGCAG,0.648580035703077
GTGGCAT,0.575966825759495
GTGGCCA,0.612995046973011
GTGGCCC,0.592351627350321
GTGGCCG,0.635429576024998
GTGGCCT,0.603549441057294
GTGGCGA,0.601903091451128
GTGGCGC,0.654489891186668
GTGGCGG,0.638733439066613
GTGGCGT,0.622103874689752
GTGGCTA,0.612744318575155
GTGGCTC,0.572840096601631
GTGGCTG,0.656772103450483
GTGGCTT,0.610861849094412
GTGGGAA,0.560630828812192
GTGGGAC,0.618993745982346
GTGGGAG,0.65244348744735
GTGGGAT,0.60822042418695
GTGGGCA,0.595928187793339
GTGGGCC,0.6228488684571
GTGGGCG,0.586576649270379
GTGGGCT,0.595673142974388
GTGGGGA,0.662633883801754
GTGGGGC,0.626689186019045
GTGGGGG,0.693984564531514
GTGGGGT,0.6228488684571
GTGGGTA,0.599110771718517
GTGGGTC,0.613621593072301
GTGGGTG,0.667393667536442
GTGGGTT,0.594269232552113
GTGGTAA,0.634939185164143
GTGGTAC,0.616373741819451
GTGGTAG,0.599619046504733
GTGGTAT,0.58991736997067
GTGGTCA,0.59783895335096
GTGGTCC,0.594269232552113
GTGGTCG,0.638733439066613
GTGGTCT,0.636164711704902
GTGGTGA,0.586061700225821
GTGGTGC,0.632360680284793
GTGGTGG,0.609856414513751
GTGGTGT,0.620736609611131
GTGGTTA,0.611489732747127
GTGGTTC,0.621358325492873
GTGGTTG,0.639466150854804
GTGGTTT,0.615373836605292
GTGTAAA,0.59171160758721
GTGTAAC,0.599746074845409
GTGTAAG,0.610610585205117
GTGTAAT,0.584515260142761
GTGTACA,0.582320368174716
GTGTACC,0.588505349934872
GTGTACG,0.590045636617293
GTGTACT,0.607968495641918
GTGTAGA,0.594396942248324
GTGTAGC,0.597202437081699
GTGTAGG,0.590430337872701
GTGTAGT,0.583095586147387
GTGTATA,0.606707900016554
GTGTATC,0.586834024387089
GTGTATG,0.613997332389603
GTGTATT,0.581415187001406
GTGTCAA,0.580768127007928
GTGTCAC,0.579991101943782
GTGTCAG,0.589789086869603
GTGTCAT,0.595673142974388
GTGTCCA,0.581803222123222
GTGTCCC,0.606329411245714
GTGTCCG,0.625947048837631
GTGTCCT,0.621482622298998
GTGTCGA,0.588505349934872
GTGTCGC,0.599873087051936
GTGTCGG,0.654249355050433
GTGTCGT,0.612995046973011
GTGTCTA,0.588119907278085
GTGTCTC,0.602536623644036
GTGTCTG,0.601522779391576
GTGTCTT,0.594269232552113
GTGTGAA,0.57635698039315
GTGTGAC,0.579213472642148
GTGTGAG,0.711856996573349
GTGTGAT,0.598093446459144
GTGTGCA,0.652081922257742
GTGTGCC,0.592223656163528
GTGTGCG,0.671894573465099
GTGTGCT,0.644094233071148
GTGTGGA,0.628665530072529
GTGTGGC,0.591967664649587
GTGTGGG,0.644458697368046
GTGTGGT,0.617123015150706
GTGTGTA,0.611615262182983
GTGTGTC,0.58953247128725
GTGTGTG,0.761691488975413
GTGTGTT,0.609353317882136
GTGTTAA,0.583095586147387
GTGTTAC,0.58991736997067
GTGTTAG,0.606834031112693
GTGTTAT,0.587734315997968
GTGTTCA,0.5968203327559
GTGTTCC,0.632975213344994
GTGTTCG,0.626812822020088
GTGTTCT,0.608724090952948
GTGTTGA,0.605319406945039
GTGTTGC,0.596947717087823
GTGTTGG,0.611615262182983
GTGTTGT,0.605572003671495
GTGTTTA,0.57310103109478
GTGTTTC,0.594013764219976
GTGTTTG,0.624213250533142
GTGTTTT,0.559176813569445
GTTAAAA,0.58953247128725
GTTAAAC,0.585932921520805
GTTAAAG,0.584773166288469
GTTAAAT,0.581415187001406
GTTAACA,0.58399924821879
GTTAACC,0.585804126229698
GTTAACG,0.591839644314051
GTTAACT,0.602283258928403
GTTAAGA,0.583612064462063
GTTAAGC,0.612744318575155
GTTAAGG,0.598220668729828
GTTAAGT,0.580768127007928
GTTAATA,0.583612064462063
GTTAATC,0.587605752524042
GTTAATG,0.584515260142761
GTTAATT,0.579861539046485
GTTACAA,0.587605752524042
GTTACAC,0.589275789836436
GTTACAG,0.583095586147387
GTTACAT,0.597584395459547
GTTACCA,0.582966424878287
GTTACCC,0.598220668729828
GTTACCG,0.589660787309871
GTTACCT,0.585675314348227
GTTACGA,0.592351627350321
GTTACGC,0.592735442680283
GTTACGG,0.61562390665668
GTTACGT,0.59094304277357
GTTACTA,0.587991393370742
GTTACTC,0.591583554464867
GTTACTG,0.585031005935747
GTTACTT,0.632729445437162
GTTAGAA,0.591199296682817
GTTAGAC,0.591327399016872
GTTAGAG,0.601142322639731
GTTAGAT,0.581415187001406
GTTAGCA,0.586962687108975
GTTAGCC,0.598983662645568
GTTAGCG,0.601522779391576
GTTAGCT,0.581803222123222
GTTAGGA,0.599492002025808
GTTAGGC,0.603549441057294
GTTAGGG,0.581156413244243
GTTAGGT,0.595928187793339
GTTAGTA,0.638611268222884
GTTAGTC,0.590302120564091
GTTAGTG,0.619990039972815
GTTAGTT,0.595290453739734
GTTATAA,0.583612064462063
GTTATAC,0.602409949310429
GTTATAG,0.58644793686703
GTTATAT,0.586834024387089
GTTATCA,0.584773166288469
GTTATCC,0.585159900833189
GTTATCG,0.590686723181425
GTTATCT,0.583353858648456
GTTATGA,0.60164956614958
GTTATGC,0.58953247128725
GTTATGG,0.602283258928403
GTTATGT,0.585288779118878
GTTATTA,0.587734315997968
GTTATTC,0.614748387749153
GTTATTG,0.59260752060451
GTTATTT,0.574795447702402
GTTCAAA,0.582966424878287
GTTCAAC,0.58644793686703
GTTCAAG,0.592223656163528
GTTCAAT,0.613371021737818
GTTCACA,0.598729396019249
GTTCACC,0.598347874817064
GTTCACG,0.587219962901104
GTTCACT,0.587477172519424
GTTCAGA,0.579213472642148
GTTCAGC,0.599873087051936
GTTCAGG,0.57518605953311
GTTCAGT,0.606203216481239
GTTCATA,0.596565515401411
GTTCATC,0.588505349934872
GTTCATG,0.595418033090983
GTTCATT,0.59783895335096
GTTCCAA,0.586576649270379
GTTCCAC,0.587605752524042
GTTCCAG,0.590558538743741
GTTCCAT,0.600380974618477
GTTCCCA,0.582966424878287
GTTCCCC,0.605445713283905
GTTCCCG,0.64700623485209
GTTCCCT,0.615248778125051
GTTCCGA,0.629035660135605
GTTCCGC,0.626070776621924
GTTCCGG,0.650755063642059
GTTCCGT,0.603928983279588
GTTCCTA,0.597457092209821
GTTCCTC,0.595162858109918
GTTCCTG,0.592095668598014
GTTCCTT,0.588890644082858
GTTCGAA,0.587477172519424
GTTCGAC,0.591071177936452
GTTCGAG,0.61949201705279
GTTCGAT,0.587734315997968
GTTCGCA,0.58991736997067
GTTCGCC,0.590558538743741
GTTCGCG,0.588376885555907
GTTCGCT,0.607212328974874
GTTCGGA,0.590686723181425
GTTCGGC,0.603549441057294
GTTCGGG,0.624832809353289
GTTCGGT,0.58953247128725
GTTCGTA,0.589019042483339
GTTCGTC,0.59260752060451
GTTCGTG,0.609982149133754
GTTCGTT,0.614873508819197
GTTCTAA,0.585288779118878
GTTCTAC,0.598983662645568
GTTCTAG,0.637755654141302
GTTCTAT,0.588376885555907
GTTCTCA,0.587605752524042
GTTCTCC,0.583224730736007
GTTCTCG,0.625451984557964
GTTCTCT,0.621358325492873
GTTCTGA,0.62123401323513
GTTCTGC,0.597584395459547
GTTCTGG,0.575316229577901
GTTCTGT,0.578175692022488
GTTCTTA,0.583353858648456
GTTCTTC,0.615498879447864
GTTCTTG,0.594779973507507
GTTCTTT,0.60278992418225
GTTGAAA,0.581027001249882
GTTGAAC,0.583224730736007
GTTGAAG,0.612242673106407
GTTGAAT,0.609479115770738
GTTGACA,0.586061700225821
GTTGACC,0.613621593072301
GTTGACG,0.587091333278893
GTTGACT,0.587862862945452
GTTGAGA,0.598729396019249
GTTGAGC,0.606707900016554
GTTGAGG,0.604434815598521
GTTGAGT,0.585675314348227
GTTGATA,0.587477172519424
GTTGATC,0.610861849094412
GTTGATG,0.584515260142761
GTTGATT,0.609604897836221
GTTGCAA,0.591327399016872
GTTGCAC,0.623469272906781
GTTGCAG,0.575446382680657
GTTGCAT,0.584386282122275
GTTGCCA,0.588248404671725
GTTGCCC,0.57518605953311
GTTGCCG,0.637388738168556
GTTGCCT,0.590686723181425
GTTGCGA,0.58991736997067
GTTGCGC,0.592479582162585
GTTGCGG,0.611615262182983
GTTGCGT,0.615248778125051
GTTGCTA,0.609479115770738
GTTGCTC,0.599110771718517
GTTGCTG,0.656051967373438
GTTGCTT,0.609856414513751
GTTGGAA,0.581803222123222
GTTGGAC,0.610484929581425
GTTGGAG,0.621979655084127
GTTGGAT,0.596438082370573
GTTGGCA,0.609730664082566
GTTGGCC,0.595035246197379
GTTGGCG,0.609479115770738
GTTGGCT,0.618245873553322
GTTGGGA,0.607086245587843
GTTGGGC,0.61724783947584
GTTGGGG,0.631745769341476
GTTGGGT,0.611866273791663
GTTGGTA,0.593758230607092
GTTGGTC,0.639344069499769
GTTGGTG,0.676257654661769
GTTGGTT,0.617746981023578
GTTGTAA,0.586190462349018
GTTGTAC,0.590814891189964
GTTGTAG,0.611991755972397
GTTGTAT,0.583870203622638
GTTGTCA,0.581544548772872
GTTGTCC,0.609604897836221
GTTGTCG,0.584515260142761
GTTGTCT,0.618993745982346
GTTGTGA,0.618744517313414
GTTGTGC,0.625328180183466
GTTGTGG,0.632237728341647
GTTGTGT,0.60822042418695
GTTGTTA,0.58876222919411
GTTGTTC,0.599746074845409
GTTGTTG,0.579083808947226
GTTGTTT,0.604308381504234
GTTTAAA,0.590045636617293
GTTTAAC,0.605698278111837
GTTTAAG,0.577266749671761
GTTTAAT,0.579083808947226
GTTTACA,0.583095586147387
GTTTACC,0.599619046504733
GTTTACG,0.59094304277357
GTTTACT,0.581544548772872
GTTTAGA,0.582449612910886
GTTTAGC,0.588248404671725
GTTTAGG,0.611489732747127
GTTTAGT,0.582708052281413
GTTTATA,0.595545596167817
GTTTATC,0.583870203622638
GTTTATG,0.587477172519424
GTTTATT,0.625328180183466
GTTTCAA,0.595673142974388
GTTTCAC,0.562214619779868
GTTTCAG,0.590302120564091
GTTTCAT,0.59171160758721
GTTTCCA,0.60645559008708
GTTTCCC,0.604561233709248
GTTTCCG,0.619367472558939
GTTTCCT,0.569965314437595
GTTTCGA,0.601776336834739
GTTTCGC,0.583612064462063
GTTTCGG,0.601776336834739
GTTTCGT,0.590173886813694
GTTTCTA,0.575966825759495
GTTTCTC,0.587477172519424
GTTTCTG,0.611364187551654
GTTTCTT,0.612493527296803
GTTTGAA,0.596055685814014
GTTTGAC,0.600761721085454
GTTTGAG,0.653407022652291
GTTTGAT,0.624832809353289
GTTTGCA,0.605193084650867
GTTTGCC,0.580379689946847
GTTTGCG,0.615873914188671
GTTTGCT,0.588119907278085
GTTTGGA,0.584515260142761
GTTTGGC,0.60000008312841
GTTTGGG,0.662633883801754
GTTTGGT,0.61724783947584
GTTTGTA,0.591839644314051
GTTTGTC,0.587091333278893
GTTTGTG,0.650634352785702
GTTTGTT,0.601903091451128
GTTTTAA,0.571403738565818
GTTTTAC,0.601522779391576
GTTTTAG,0.595035246197379
GTTTTAT,0.606203216481239
GTTTTCA,0.574144088731795
GTTTTCC,0.606581753009355
GTTTTCG,0.582966424878287
GTTTTCT,0.612368108067583
GTTTTGA,0.575316229577901
GTTTTGC,0.620487814989468
GTTTTGG,0.601269157640731
GTTTTGT,0.590686723181425
GTTTTTA,0.577266749671761
GTTTTTC,0.614247746857366
GTTTTTG,0.567213473203701
GTTTTTT,0.593758230607092
TAAAAAA,0.552674028130397
TAAAAAC,0.579602362881379
TAAAAAG,0.586061700225821
TAAAAAT,0.538190270824942
TAAAACA,0.573883426301924
TAAAACC,0.582578840945013
TAAAACG,0.589147424399788
TAAAACT,0.57674698286553
TAAAAGA,0.573622695909435
TAAAAGC,0.583870203622638
TAAAAGG,0.605824536608957
TAAAAGT,0.567344685120016
TAAAATA,0.567607057314239
TAAAATC,0.593758230607092
TAAAATG,0.559970174867182
TAAAATT,0.55692553240914
TAAACAA,0.578045893686512
TAAACAC,0.582578840945013
TAAACAG,0.578175692022488
TAAACAT,0.586190462349018
TAAACCA,0.577526531800893
TAAACCC,0.586576649270379
TAAACCG,0.60278992418225
TAAACCT,0.587348575979862
TAAACGA,0.603802485210626
TAAACGC,0.587348575979862
TAAACGG,0.603296332856412
TAAACGT,0.590558538743741
TAAACTA,0.595418033090983
TAAACTC,0.584257287464313
TAAACTG,0.582578840945013
TAAACTT,0.581544548772872
TAAAGAA,0.574795447702402
TAAAGAC,0.583224730736007
TAAAGAG,0.579343119526575
TAAAGAT,0.5828372469244
TAAAGCA,0.58193253371076
TAAAGCC,0.578175692022488
TAAAGCG,0.587477172519424
TAAAGCT,0.592863348394092
TAAAGGA,0.633589368986238
TAAAGGC,0.59783895335096
TAAAGGG,0.594779973507507
TAAAGGT,0.607338396466889
TAAAGTA,0.601015471549574
TAAAGTC,0.582061828578973
TAAAGTG,0.572579094003902
TAAAGTT,0.59260752060451
TAAATAA,0.586576649270379
TAAATAC,0.581673893812035
TAAATAG,0.583870203622638
TAAATAT,0.568393761114584
TAAATCA,0.589019042483339
TAAATCC,0.595290453739734
TAAATCG,0.590045636617293
TAAATCT,0.607716503612901
TAAATGA,0.591327399016872
TAAATGC,0.587219962901104
TAAATGG,0.578694716955889
TAAATGT,0.587734315997968
TAAATTA,0.57791607850074
TAAATTC,0.575836740380802
TAAATTG,0.574534955024169
TAAATTT,0.575576518845788
TAACAAA,0.592991237750122
TAACAAC,0.585675314348227
TAACAAG,0.596565515401411
TAACAAT,0.586705345108978
TAACACA,0.581027001249882
TAACACC,0.585159900833189
TAACACG,0.588890644082858
TAACACT,0.581156413244243
TAACAGA,0.585417640797094
TAACAGC,0.592223656163528
TAACAGG,0.580250177389616
TAACAGT,0.587605752524042
TAACATA,0.587991393370742
TAACATC,0.613746855198727
TAACATG,0.58644793686703
TAACATT,0.600380974618477
TAACCAA,0.621606903657348
TAACCAC,0.587219962901104
TAACCAG,0.581544548772872
TAACCAT,0.587091333278893
TAACCCA,0.59094304277357
TAACCCC,0.596183167581016
TAACCCG,0.592095668598014
TAACCCT,0.58012064805671
TAACCGA,0.58953247128725
TAACCGC,0.591455484942821
TAACCGG,0.60278992418225
TAACCGT,0.58863379781286
TAACCTA,0.590045636617293
TAACCTC,0.589019042483339
TAACCTG,0.58399924821879
TAACCTT,0.601903091451128
TAACGAA,0.59094304277357
TAACGAC,0.590173886813694
TAACGAG,0.596565515401411
TAACGAT,0.59171160758721
TAACGCA,0.590045636617293
TAACGCC,0.602663281933288
TAACGCG,0.591839644314051
TAACGCT,0.600888604366176
TAACGGA,0.590430337872701
TAACGGC,0.603675971137878
TAACGGG,0.604434815598521
TAACGGT,0.603675971137878
TAACGTA,0.589660787309871
TAACGTC,0.603675971137878
TAACGTG,0.587477172519424
TAACGTT,0.599873087051936
TAACTAA,0.582578840945013
TAACTAC,0.602029830002822
TAACTAG,0.589660787309871
TAACTAT,0.582320368174716
TAACTCA,0.586834024387089
TAACTCC,0.586576649270379
TAACTCG,0.590558538743741
TAACTCT,0.579083808947226
TAACTGA,0.585932921520805
TAACTGC,0.606834031112693
TAACTGG,0.598983662645568
TAACTGT,0.582578840945013
TAACTTA,0.581156413244243
TAACTTC,0.599237864636803
TAACTTG,0.586834024387089
TAACTTT,0.579472749604867
TAAGAAA,0.57635698039315
TAAGAAC,0.582966424878287
TAAGAAG,0.582966424878287
TAAGAAT,0.606960146301786
TAAGACA,0.582578840945013
TAAGACC,0.61412254746191
TAAGACG,0.58876222919411
TAAGACT,0.595162858109918
TAAGAGA,0.58012064805671
TAAGAGC,0.595545596167817
TAAGAGG,0.581285808493306
TAAGAGT,0.584257287464313
TAAGATA,0.584515260142761
TAAGATC,0.587477172519424
TAAGATG,0.585804126229698
TAAGATT,0.578824431108459
TAAGCAA,0.578175692022488
TAAGCAC,0.600634821703321
TAAGCAG,0.671539974389291
TAAGCAT,0.585159900833189
TAAGCCA,0.595418033090983
TAAGCCC,0.602536623644036
TAAGCCG,0.58863379781286
TAAGCCT,0.586962687108975
TAAGCGA,0.588119907278085
TAAGCGC,0.611866273791663
TAAGCGG,0.60278992418225
TAAGCGT,0.618245873553322
TAAGCTA,0.619242912551825
TAAGCTC,0.597075085195045
TAAGCTG,0.582191106732185
TAAGCTT,0.58193253371076
TAAGGAA,0.576226945761269
TAAGGAC,0.586834024387089
TAAGGAG,0.58012064805671
TAAGGAT,0.582578840945013
TAAGGCA,0.581803222123222
TAAGGCC,0.602283258928403
TAAGGCG,0.608598198041972
TAAGGCT,0.606960146301786
TAAGGGA,0.604561233709248
TAAGGGC,0.61724783947584
TAAGGGG,0.605950779166882
TAAGGGT,0.602029830002822
TAAGGTA,0.58644793686703
TAAGGTC,0.612117222409328
TAAGGTG,0.595800673514846
TAAGGTT,0.599873087051936
TAAGTAA,0.581027001249882
TAAGTAC,0.586061700225821
TAAGTAG,0.579472749604867
TAAGTAT,0.578954128437451
TAAGTCA,0.582966424878287
TAAGTCC,0.610987457367946
TAAGTCG,0.58953247128725
TAAGTCT,0.586319207894665
TAAGTGA,0.581803222123222
TAAGTGC,0.585159900833189
TAAGTGG,0.574795447702402
TAAGTGT,0.584128276164583
TAAGTTA,0.583095586147387
TAAGTTC,0.582966424878287
TAAGTTG,0.606329411245714
TAAGTTT,0.580897572505889
TAATAAA,0.57635698039315
TAATAAC,0.589019042483339
TAATAAG,0.579602362881379
TAATAAT,0.584257287464313
TAATACA,0.596692932195141
TAATACC,0.584773166288469
TAATACG,0.589660787309871
TAATACT,0.582578840945013
TAATAGA,0.5828372469244
TAATAGC,0.588248404671725
TAATAGG,0.596947717087823
TAATAGT,0.586061700225821
TAATATA,0.58012064805671
TAATATC,0.590045636617293
TAATATG,0.579472749604867
TAATATT,0.576616998940885
TAATCAA,0.584257287464313
TAATCAC,0.587091333278893
TAATCAG,0.586061700225821
TAATCAT,0.589275789836436
TAATCCA,0.586834024387089
TAATCCC,0.557720681087502
TAATCCG,0.588376885555907
TAATCCT,0.583482969889039
TAATCGA,0.58991736997067
TAATCGC,0.58876222919411
TAATCGG,0.591967664649587
TAATCGT,0.590302120564091
TAATCTA,0.589147424399788
TAATCTC,0.583482969889039
TAATCTG,0.611113049866023
TAATCTT,0.585031005935747
TAATGAA,0.58012064805671
TAATGAC,0.596692932195141
TAATGAG,0.583353858648456
TAATGAT,0.597966208000895
TAATGCA,0.601522779391576
TAATGCC,0.587477172519424
TAATGCG,0.58953247128725
TAATGCT,0.585031005935747
TAATGGA,0.587477172519424
TAATGGC,0.582320368174716
TAATGGG,0.57791607850074
TAATGGT,0.598220668729828
TAATGTA,0.59860223845766
TAATGTC,0.58953247128725
TAATGTG,0.580250177389616
TAATGTT,0.583870203622638
TAATTAA,0.571926289318604
TAATTAC,0.575836740380802
TAATTAG,0.58012064805671
TAATTAT,0.574013766009972
TAATTCA,0.580638664751661
TAATTCC,0.576226945761269
TAATTCG,0.590686723181425
TAATTCT,0.588890644082858
TAATTGA,0.581415187001406
TAATTGC,0.583612064462063
TAATTGG,0.583870203622638
TAATTGT,0.583095586147387
TAATTTA,0.56944173770197
TAATTTC,0.58012064805671
TAATTTG,0.578954128437451
TAATTTT,0.546128679542893
TACAAAA,0.566425839952199
TACAAAC,0.584386282122275
TACAAAG,0.585675314348227
TACAAAT,0.585031005935747
TACAACA,0.586962687108975
TACAACC,0.590814891189964
TACAACG,0.589660787309871
TACAACT,0.598093446459144
TACAAGA,0.580897572505889
TACAAGC,0.583482969889039
TACAAGG,0.586061700225821
TACAAGT,0.602029830002822
TACAATA,0.589147424399788
TACAATC,0.590686723181425
TACAATG,0.585675314348227
TACAATT,0.586319207894665
TACACAA,0.586061700225821
TACACAC,0.575966825759495
TACACAG,0.606960146301786
TACACAT,0.582061828578973
TACACCA,0.585804126229698
TACACCC,0.600254026907587
TACACCG,0.615498879447864
TACACCT,0.585417640797094
TACACGA,0.586319207894665
TACACGC,0.592479582162585
TACACGG,0.591455484942821
TACACGT,0.58953247128725
TACACTA,0.588505349934872
TACACTC,0.587734315997968
TACACTG,0.583224730736007
TACACTT,0.584902094422268
TACAGAA,0.579472749604867
TACAGAC,0.584902094422268
TACAGAG,0.594779973507507
TACAGAT,0.585675314348227
TACAGCA,0.596565515401411
TACAGCC,0.6356746813037
TACAGCG,0.614247746857366
TACAGCT,0.59847506472497
TACAGGA,0.580379689946847
TACAGGC,0.529234694273991
TACAGGG,0.583224730736007
TACAGGT,0.57466520984534
TACAGTA,0.590814891189964
TACAGTC,0.587219962901104
TACAGTG,0.584386282122275
TACAGTT,0.58644793686703
TACATAA,0.584257287464313
TACATAC,0.584773166288469
TACATAG,0.591967664649587
TACATAT,0.601395976556652
TACATCA,0.58399924821879
TACATCC,0.604434815598521
TACATCG,0.592351627350321
TACATCT,0.585288779118878
TACATGA,0.58991736997067
TACATGC,0.584644221530062
TACATGG,0.588505349934872
TACATGT,0.587991393370742
TACATTA,0.588119907278085
TACATTC,0.595545596167817
TACATTG,0.584644221530062
TACATTT,0.594907617997961
TACCAAA,0.584257287464313
TACCAAC,0.587862862945452
TACCAAG,0.610484929581425
TACCAAT,0.590302120564091
TACCACA,0.578045893686512
TACCACC,0.61949201705279
TACCACG,0.591839644314051
TACCACT,0.59860223845766
TACCAGA,0.610233570956112
TACCAGC,0.586576649270379
TACCAGG,0.589660787309871
TACCAGT,0.587734315997968
TACCATA,0.591071177936452
TACCATC,0.588505349934872
TACCATG,0.625699547333877
TACCATT,0.585546485872118
TACCCAA,0.595162858109918
TACCCAC,0.597584395459547
TACCCAG,0.590814891189964
TACCCAT,0.603169754728006
TACCCCA,0.581544548772872
TACCCCC,0.599237864636803
TACCCCG,0.613621593072301
TACCCCT,0.5968203327559
TACCCGA,0.591199296682817
TACCCGC,0.600888604366176
TACCCGG,0.596310633098488
TACCCGT,0.585417640797094
TACCCTA,0.592735442680283
TACCCTC,0.595418033090983
TACCCTG,0.595290453739734
TACCCTT,0.578824431108459
TACCGAA,0.602536623644036
TACCGAC,0.592095668598014
TACCGAG,0.591455484942821
TACCGAT,0.590173886813694
TACCGCA,0.589147424399788
TACCGCC,0.61412254746191
TACCGCG,0.591839644314051
TACCGCT,0.582449612910886
TACCGGA,0.592351627350321
TACCGGC,0.586834024387089
TACCGGG,0.58991736997067
TACCGGT,0.592351627350321
TACCGTA,0.59171160758721
TACCGTC,0.604814021996187
TACCGTG,0.590173886813694
TACCGTT,0.588119907278085
TACCTAA,0.586319207894665
TACCTAC,0.587477172519424
TACCTAG,0.587219962901104
TACCTAT,0.590045636617293
TACCTCA,0.584386282122275
TACCTCC,0.58399924821879
TACCTCG,0.613371021737818
TACCTCT,0.585675314348227
TACCTGA,0.597202437081699
TACCTGC,0.601522779391576
TACCTGG,0.580509185732748
TACCTGT,0.585031005935747
TACCTTA,0.588890644082858
TACCTTC,0.595035246197379
TACCTTG,0.583741142371829
TACCTTT,0.58012064805671
TACGAAA,0.58991736997067
TACGAAC,0.591839644314051
TACGAAG,0.58953247128725
TACGAAT,0.590302120564091
TACGACA,0.587348575979862
TACGACC,0.604308381504234
TACGACG,0.593119110752555
TACGACT,0.591199296682817
TACGAGA,0.590686723181425
TACGAGC,0.590558538743741
TACGAGG,0.591583554464867
TACGAGT,0.604308381504234
TACGATA,0.59171160758721
TACGATC,0.604434815598521
TACGATG,0.616373741819451
TACGATT,0.59171160758721
TACGCAA,0.58876222919411
TACGCAC,0.593119110752555
TACGCAG,0.587734315997968
TACGCAT,0.604434815598521
TACGCCA,0.591967664649587
TACGCCC,0.590814891189964
TACGCCG,0.593119110752555
TACGCCT,0.58953247128725
TACGCGA,0.592351627350321
TACGCGC,0.590686723181425
TACGCGG,0.604434815598521
TACGCGT,0.590302120564091
TACGCTA,0.592735442680283
TACGCTC,0.592991237750122
TACGCTG,0.603169754728006
TACGCTT,0.593119110752555
TACGGAA,0.588890644082858
TACGGAC,0.587091333278893
TACGGAG,0.58991736997067
TACGGAT,0.592863348394092
TACGGCA,0.592735442680283
TACGGCC,0.609353317882136
TACGGCG,0.593119110752555
TACGGCT,0.600761721085454
TACGGGA,0.604434815598521
TACGGGC,0.58876222919411
TACGGGG,0.591327399016872
TACGGGT,0.590814891189964
TACGGTA,0.592735442680283
TACGGTC,0.605824536608957
TACGGTG,0.591839644314051
TACGGTT,0.590686723181425
TACGTAA,0.600761721085454
TACGTAC,0.589404138797514
TACGTAG,0.590686723181425
TACGTAT,0.589147424399788
TACGTCA,0.592479582162585
TACGTCC,0.59094304277357
TACGTCG,0.592735442680283
TACGTCT,0.587219962901104
TACGTGA,0.591839644314051
TACGTGC,0.58991736997067
TACGTGG,0.613621593072301
TACGTGT,0.601776336834739
TACGTTA,0.589404138797514
TACGTTC,0.58991736997067
TACGTTG,0.59171160758721
TACGTTT,0.587862862945452
TACTAAA,0.571273058200958
TACTAAC,0.587477172519424
TACTAAG,0.597457092209821
TACTAAT,0.589019042483339
TACTACA,0.58991736997067
TACTACC,0.587477172519424
TACTACG,0.590686723181425
TACTACT,0.600254026907587
TACTAGA,0.587477172519424
TACTAGC,0.603169754728006
TACTAGG,0.588505349934872
TACTAGT,0.585417640797094
TACTATA,0.588248404671725
TACTATC,0.585932921520805
TACTATG,0.583870203622638
TACTATT,0.582708052281413
TACTCAA,0.59094304277357
TACTCAC,0.587862862945452
TACTCAG,0.580250177389616
TACTCAT,0.585159900833189
TACTCCA,0.582061828578973
TACTCCC,0.5828372469244
TACTCCG,0.598856537413848
TACTCCT,0.586319207894665
TACTCGA,0.590045636617293
TACTCGC,0.591199296682817
TACTCGG,0.591327399016872
TACTCGT,0.590302120564091
TACTCTA,0.585159900833189
TACTCTC,0.59452463563685
TACTCTG,0.584257287464313
TACTCTT,0.580509185732748
TACTGAA,0.583482969889039
TACTGAC,0.583353858648456
TACTGAG,0.59260752060451
TACTGAT,0.586705345108978
TACTGCA,0.583095586147387
TACTGCC,0.595035246197379
TACTGCG,0.613746855198727
TACTGCT,0.598093446459144
TACTGGA,0.593119110752555
TACTGGC,0.587477172519424
TACTGGG,0.596947717087823
TACTGGT,0.588119907278085
TACTGTA,0.585288779118878
TACTGTC,0.587219962901104
TACTGTG,0.583224730736007
TACTGTT,0.585288779118878
TACTTAA,0.595928187793339
TACTTAC,0.601142322639731
TACTTAG,0.588376885555907
TACTTAT,0.582449612910886
TACTTCA,0.589147424399788
TACTTCC,0.594013764219976
TACTTCG,0.604308381504234
TACTTCT,0.610736225041458
TACTTGA,0.586319207894665
TACTTGC,0.596947717087823
TACTTGG,0.592863348394092
TACTTGT,0.584902094422268
TACTTTA,0.592479582162585
TACTTTC,0.586576649270379
TACTTTG,0.581803222123222
TACTTTT,0.587734315997968
TAGAAAA,0.570096165799493
TAGAAAC,0.609604897836221
TAGAAAG,0.574144088731795
TAGAAAT,0.572056884352432
TAGAACA,0.578564985975374
TAGAACC,0.601522779391576
TAGAACG,0.590302120564091
TAGAACT,0.584902094422268
TAGAAGA,0.579213472642148
TAGAAGC,0.601395976556652
TAGAAGG,0.583612064462063
TAGAAGT,0.595928187793339
TAGAATA,0.5828372469244
TAGAATC,0.587862862945452
TAGAATG,0.576096894218184
TAGAATT,0.582061828578973
TAGACAA,0.580897572505889
TAGACAC,0.586319207894665
TAGACAG,0.599873087051936
TAGACAT,0.587991393370742
TAGACCA,0.587219962901104
TAGACCC,0.587991393370742
TAGACCG,0.60278992418225
TAGACCT,0.589660787309871
TAGACGA,0.591071177936452
TAGACGC,0.586834024387089
TAGACGG,0.60215655249389
TAGACGT,0.58644793686703
TAGACTA,0.587862862945452
TAGACTC,0.599873087051936
TAGACTG,0.600380974618477
TAGACTT,0.578954128437451
TAGAGAA,0.565243225665469
TAGAGAC,0.557455701773109
TAGAGAG,0.617871727491744
TAGAGAT,0.571665048074622
TAGAGCA,0.584386282122275
TAGAGCC,0.584902094422268
TAGAGCG,0.591199296682817
TAGAGCT,0.592351627350321
TAGAGGA,0.585804126229698
TAGAGGC,0.592863348394092
TAGAGGG,0.579731959360468
TAGAGGT,0.587734315997968
TAGAGTA,0.59260752060451
TAGAGTC,0.5828372469244
TAGAGTG,0.59847506472497
TAGAGTT,0.583095586147387
TAGATAA,0.59860223845766
TAGATAC,0.585288779118878
TAGATAG,0.588505349934872
TAGATAT,0.582578840945013
TAGATCA,0.585417640797094
TAGATCC,0.584773166288469
TAGATCG,0.592095668598014
TAGATCT,0.598983662645568
TAGATGA,0.598856537413848
TAGATGC,0.582708052281413
TAGATGG,0.606077005789635
TAGATGT,0.585288779118878
TAGATTA,0.603169754728006
TAGATTC,0.585804126229698
TAGATTG,0.583095586147387
TAGATTT,0.597329772751914
TAGCAAA,0.596947717087823
TAGCAAC,0.589789086869603
TAGCAAG,0.595035246197379
TAGCAAT,0.599364941404532
TAGCACA,0.587605752524042
TAGCACC,0.587219962901104
TAGCACG,0.587348575979862
TAGCACT,0.586576649270379
TAGCAGA,0.584902094422268
TAGCAGC,0.598856537413848
TAGCAGG,0.583741142371829
TAGCAGT,0.580768127007928
TAGCATA,0.589789086869603
TAGCATC,0.588248404671725
TAGCATG,0.60164956614958
TAGCATT,0.582191106732185
TAGCCAA,0.597075085195045
TAGCCAC,0.603422894964823
TAGCCAG,0.584515260142761
TAGCCAT,0.60164956614958
TAGCCCA,0.589275789836436
TAGCCCC,0.581673893812035
TAGCCCG,0.587991393370742
TAGCCCT,0.583741142371829
TAGCCGA,0.588505349934872
TAGCCGC,0.615373836605292
TAGCCGG,0.575316229577901
TAGCCGT,0.616248808331148
TAGCCTA,0.58863379781286
TAGCCTC,0.59847506472497
TAGCCTG,0.595162858109918
TAGCCTT,0.608346364662966
TAGCGAA,0.604434815598521
TAGCGAC,0.61412254746191
TAGCGAG,0.588376885555907
TAGCGAT,0.589789086869603
TAGCGCA,0.58953247128725
TAGCGCC,0.61724783947584
TAGCGCG,0.589275789836436
TAGCGCT,0.602409949310429
TAGCGGA,0.603422894964823
TAGCGGC,0.612618930798012
TAGCGGG,0.58644793686703
TAGCGGT,0.591071177936452
TAGCGTA,0.591967664649587
TAGCGTC,0.59171160758721
TAGCGTG,0.590302120564091
TAGCGTT,0.602283258928403
TAGCTAA,0.588119907278085
TAGCTAC,0.598983662645568
TAGCTAG,0.602536623644036
TAGCTAT,0.590814891189964
TAGCTCA,0.581544548772872
TAGCTCC,0.612995046973011
TAGCTCG,0.58953247128725
TAGCTCT,0.607338396466889
TAGCTGA,0.581544548772872
TAGCTGC,0.607842507564908
TAGCTGG,0.555997059136175
TAGCTGT,0.621979655084127
TAGCTTA,0.615123704003231
TAGCTTC,0.612117222409328
TAGCTTG,0.599364941404532
TAGCTTT,0.608094467847933
TAGGAAA,0.575316229577901
TAGGAAC,0.587219962901104
TAGGAAG,0.606581753009355
TAGGAAT,0.607590483781898
TAGGACA,0.585546485872118
TAGGACC,0.602283258928403
TAGGACG,0.59171160758721
TAGGACT,0.585932921520805
TAGGAGA,0.584386282122275
TAGGAGC,0.58193253371076
TAGGAGG,0.587991393370742
TAGGAGT,0.582191106732185
TAGGATA,0.589404138797514
TAGGATC,0.585417640797094
TAGGATG,0.59847506472497
TAGGATT,0.580509185732748
TAGGCAA,0.601015471549574
TAGGCAC,0.591967664649587
TAGGCAG,0.596183167581016
TAGGCAT,0.584773166288469
TAGGCCA,0.586962687108975
TAGGCCC,0.597202437081699
TAGGCCG,0.611615262182983
TAGGCCT,0.617746981023578
TAGGCGA,0.604055465348812
TAGGCGC,0.584386282122275
TAGGCGG,0.590430337872701
TAGGCGT,0.591327399016872
TAGGCTA,0.587348575979862
TAGGCTC,0.586705345108978
TAGGCTG,0.618744517313414
TAGGCTT,0.608975829237799
TAGGGAA,0.574404683234469
TAGGGAC,0.58876222919411
TAGGGAG,0.608975829237799
TAGGGAT,0.587219962901104
TAGGGCA,0.585288779118878
TAGGGCC,0.621855420046076
TAGGGCG,0.601015471549574
TAGGGCT,0.622476440950388
TAGGGGA,0.593119110752555
TAGGGGC,0.611238626592606
TAGGGGG,0.577006900038337
TAGGGGT,0.584386282122275
TAGGGTA,0.586319207894665
TAGGGTC,0.586705345108978
TAGGGTG,0.594779973507507
TAGGGTT,0.592735442680283
TAGGTAA,0.612368108067583
TAGGTAC,0.58876222919411
TAGGTAG,0.58193253371076
TAGGTAT,0.584128276164583
TAGGTCA,0.584773166288469
TAGGTCC,0.599110771718517
TAGGTCG,0.604814021996187
TAGGTCT,0.596565515401411
TAGGTGA,0.597711682505219
TAGGTGC,0.609604897836221
TAGGTGG,0.603675971137878
TAGGTGT,0.59094304277357
TAGGTTA,0.601903091451128
TAGGTTC,0.58876222919411
TAGGTTG,0.587091333278893
TAGGTTT,0.59094304277357
TAGTAAA,0.5828372469244
TAGTAAC,0.589404138797514
TAGTAAG,0.590814891189964
TAGTAAT,0.583612064462063
TAGTACA,0.589789086869603
TAGTACC,0.592991237750122
TAGTACG,0.592735442680283
TAGTACT,0.648821939222961
TAGTAGA,0.554669171543978
TAGTAGC,0.579991101943782
TAGTAGG,0.58193253371076
TAGTAGT,0.600507906215692
TAGTATA,0.581544548772872
TAGTATC,0.587348575979862
TAGTATG,0.587605752524042
TAGTATT,0.58193253371076
TAGTCAA,0.588890644082858
TAGTCAC,0.600761721085454
TAGTCAG,0.599364941404532
TAGTCAT,0.612995046973011
TAGTCCA,0.591583554464867
TAGTCCC,0.580250177389616
TAGTCCG,0.617871727491744
TAGTCCT,0.593886005575712
TAGTCGA,0.592991237750122
TAGTCGC,0.602029830002822
TAGTCGG,0.58991736997067
TAGTCGT,0.603802485210626
TAGTCTA,0.587862862945452
TAGTCTC,0.605066746397356
TAGTCTG,0.597584395459547
TAGTCTT,0.585932921520805
TAGTGAA,0.581156413244243
TAGTGAC,0.585417640797094
TAGTGAG,0.580509185732748
TAGTGAT,0.583353858648456
TAGTGCA,0.58644793686703
TAGTGCC,0.599110771718517
TAGTGCG,0.604055465348812
TAGTGCT,0.583353858648456
TAGTGGA,0.621358325492873
TAGTGGC,0.59847506472497
TAGTGGG,0.59452463563685
TAGTGGT,0.599110771718517
TAGTGTA,0.587991393370742
TAGTGTC,0.598729396019249
TAGTGTG,0.597329772751914
TAGTGTT,0.579343119526575
TAGTTAA,0.595035246197379
TAGTTAC,0.584257287464313
TAGTTAG,0.586962687108975
TAGTTAT,0.578824431108459
TAGTTCA,0.587348575979862
TAGTTCC,0.634203147671828
TAGTTCG,0.59171160758721
TAGTTCT,0.583741142371829
TAGTTGA,0.586576649270379
TAGTTGC,0.583870203622638
TAGTTGG,0.593502631680091
TAGTTGT,0.584386282122275
TAGTTTA,0.602409949310429
TAGTTTC,0.592095668598014
TAGTTTG,0.590814891189964
TAGTTTT,0.570096165799493
TATAAAA,0.579602362881379
TATAAAC,0.587477172519424
TATAAAG,0.598220668729828
TATAAAT,0.582578840945013
TATAACA,0.588248404671725
TATAACC,0.588890644082858
TATAACG,0.592223656163528
TATAACT,0.586061700225821
TATAAGA,0.588119907278085
TATAAGC,0.58991736997067
TATAAGG,0.588119907278085
TATAAGT,0.583482969889039
TATAATA,0.584902094422268
TATAATC,0.588890644082858
TATAATG,0.587091333278893
TATAATT,0.569703560336357
TATACAA,0.587091333278893
TATACAC,0.589275789836436
TATACAG,0.590173886813694
TATACAT,0.583612064462063
TATACCA,0.587348575979862
TATACCC,0.599110771718517
TATACCG,0.591839644314051
TATACCT,0.58863379781286
TATACGA,0.59171160758721
TATACGC,0.59260752060451
TATACGG,0.58953247128725
TATACGT,0.588890644082858
TATACTA,0.590558538743741
TATACTC,0.589404138797514
TATACTG,0.584902094422268
TATACTT,0.587605752524042
TATAGAA,0.581415187001406
TATAGAC,0.582320368174716
TATAGAG,0.589404138797514
TATAGAT,0.603675971137878
TATAGCA,0.583482969889039
TATAGCC,0.584644221530062
TATAGCG,0.58953247128725
TATAGCT,0.600888604366176
TATAGGA,0.58644793686703
TATAGGC,0.588890644082858
TATAGGG,0.586061700225821
TATAGGT,0.585675314348227
TATAGTA,0.578305473513043
TATAGTC,0.587605752524042
TATAGTG,0.590814891189964
TATAGTT,0.595545596167817
TATATAA,0.579472749604867
TATATAC,0.585159900833189
TATATAG,0.579083808947226
TATATAT,0.524863555865886
TATATCA,0.585804126229698
TATATCC,0.595418033090983
TATATCG,0.591327399016872
TATATCT,0.591327399016872
TATATGA,0.582966424878287
TATATGC,0.598856537413848
TATATGG,0.587348575979862
TATATGT,0.594779973507507
TATATTA,0.578824431108459
TATATTC,0.579343119526575
TATATTG,0.583095586147387
TATATTT,0.574925668599774
TATCAAA,0.586576649270379
TATCAAC,0.585417640797094
TATCAAG,0.604308381504234
TATCAAT,0.587605752524042
TATCACA,0.599619046504733
TATCACC,0.587991393370742
TATCACG,0.592223656163528
TATCACT,0.589660787309871
TATCAGA,0.601522779391576
TATCAGC,0.585417640797094
TATCAGG,0.581285808493306
TATCAGT,0.585288779118878
TATCATA,0.589789086869603
TATCATC,0.590045636617293
TATCATG,0.585804126229698
TATCATT,0.584386282122275
TATCCAA,0.58644793686703
TATCCAC,0.603928983279588
TATCCAG,0.597329772751914
TATCCAT,0.584257287464313
TATCCCA,0.584128276164583
TATCCCC,0.598729396019249
TATCCCG,0.586319207894665
TATCCCT,0.582578840945013
TATCCGA,0.592351627350321
TATCCGC,0.617123015150706
TATCCGG,0.589147424399788
TATCCGT,0.590045636617293
TATCCTA,0.586705345108978
TATCCTC,0.581544548772872
TATCCTG,0.596947717087823
TATCCTT,0.59783895335096
TATCGAA,0.59094304277357
TATCGAC,0.591967664649587
TATCGAG,0.589275789836436
TATCGAT,0.590045636617293
TATCGCA,0.591199296682817
TATCGCC,0.592095668598014
TATCGCG,0.604055465348812
TATCGCT,0.589147424399788
TATCGGA,0.604055465348812
TATCGGC,0.591199296682817
TATCGGG,0.628171810120009
TATCGGT,0.590686723181425
TATCGTA,0.592863348394092
TATCGTC,0.593119110752555
TATCGTG,0.591839644314051
TATCGTT,0.58991736997067
TATCTAA,0.583612064462063
TATCTAC,0.599492002025808
TATCTAG,0.586834024387089
TATCTAT,0.587091333278893
TATCTCA,0.598347874817064
TATCTCC,0.59847506472497
TATCTCG,0.587091333278893
TATCTCT,0.591967664649587
TATCTGA,0.598220668729828
TATCTGC,0.611364187551654
TATCTGG,0.579602362881379
TATCTGT,0.584515260142761
TATCTTA,0.58876222919411
TATCTTC,0.595673142974388
TATCTTG,0.600127063078929
TATCTTT,0.594141506544053
TATGAAA,0.578824431108459
TATGAAC,0.587991393370742
TATGAAG,0.582449612910886
TATGAAT,0.586190462349018
TATGACA,0.588505349934872
TATGACC,0.591583554464867
TATGACG,0.593119110752555
TATGACT,0.582578840945013
TATGAGA,0.582320368174716
TATGAGC,0.590173886813694
TATGAGG,0.587734315997968
TATGAGT,0.585417640797094
TATGATA,0.590302120564091
TATGATC,0.587734315997968
TATGATG,0.599873087051936
TATGATT,0.585675314348227
TATGCAA,0.583353858648456
TATGCAC,0.589660787309871
TATGCAG,0.580897572505889
TATGCAT,0.592095668598014
TATGCCA,0.598729396019249
TATGCCC,0.602029830002822
TATGCCG,0.59260752060451
TATGCCT,0.584902094422268
TATGCGA,0.590173886813694
TATGCGC,0.592095668598014
TATGCGG,0.593119110752555
TATGCGT,0.592223656163528
TATGCTA,0.590814891189964
TATGCTC,0.590302120564091
TATGCTG,0.589019042483339
TATGCTT,0.598347874817064
TATGGAA,0.585546485872118
TATGGAC,0.604308381504234
TATGGAG,0.589789086869603
TATGGAT,0.584515260142761
TATGGCA,0.584902094422268
TATGGCC,0.592223656163528
TATGGCG,0.605572003671495
TATGGCT,0.590430337872701
TATGGGA,0.57635698039315
TATGGGC,0.588376885555907
TATGGGG,0.586190462349018
TATGGGT,0.580897572505889
TATGGTA,0.587348575979862
TATGGTC,0.587734315997968
TATGGTG,0.609856414513751
TATGGTT,0.599110771718517
TATGTAA,0.58399924821879
TATGTAC,0.590173886813694
TATGTAG,0.583353858648456
TATGTAT,0.599364941404532
TATGTCA,0.599492002025808
TATGTCC,0.588119907278085
TATGTCG,0.60000008312841
TATGTCT,0.662156656997227
TATGTGA,0.583870203622638
TATGTGC,0.585675314348227
TATGTGG,0.596183167581016
TATGTGT,0.582191106732185
TATGTTA,0.583741142371829
TATGTTC,0.58863379781286
TATGTTG,0.579213472642148
TATGTTT,0.58991736997067
TATTAAA,0.575836740380802
TATTAAC,0.608598198041972
TATTAAG,0.583482969889039
TATTAAT,0.578694716955889
TATTACA,0.584515260142761
TATTACC,0.589019042483339
TATTACG,0.58876222919411
TATTACT,0.596565515401411
TATTAGA,0.577656397562309
TATTAGC,0.601015471549574
TATTAGG,0.60000008312841
TATTAGT,0.587734315997968
TATTATA,0.579861539046485
TATTATC,0.583741142371829
TATTATG,0.585804126229698
TATTATT,0.579213472642148
TATTCAA,0.600507906215692
TATTCAC,0.587862862945452
TATTCAG,0.582449612910886
TATTCAT,0.579602362881379
TATTCCA,0.59452463563685
TATTCCC,0.59337480771336
TATTCCG,0.590173886813694
TATTCCT,0.577136833295278
TATTCGA,0.590045636617293
TATTCGC,0.591967664649587
TATTCGG,0.613746855198727
TATTCGT,0.59094304277357
TATTCTA,0.595673142974388
TATTCTC,0.602283258928403
TATTCTG,0.621358325492873
TATTCTT,0.592095668598014
TATTGAA,0.5828372469244
TATTGAC,0.586190462349018
TATTGAG,0.583482969889039
TATTGAT,0.587219962901104
TATTGCA,0.583612064462063
TATTGCC,0.596438082370573
TATTGCG,0.590173886813694
TATTGCT,0.579991101943782
TATTGGA,0.597202437081699
TATTGGC,0.583353858648456
TATTGGG,0.624832809353289
TATTGGT,0.588119907278085
TATTGTA,0.580638664751661
TATTGTC,0.587605752524042
TATTGTG,0.577526531800893
TATTGTT,0.592863348394092
TATTTAA,0.59260752060451
TATTTAC,0.609604897836221
TATTTAG,0.587091333278893
TATTTAT,0.589789086869603
TATTTCA,0.578435238162548
TATTTCC,0.597329772751914
TATTTCG,0.591839644314051
TATTTCT,0.589660787309871
TATTTGA,0.578435238162548
TATTTGC,0.589019042483339
TATTTGG,0.579731959360468
TATTTGT,0.567344685120016
TATTTTA,0.561159037894203
TATTTTC,0.601269157640731
TATTTTG,0.600634821703321
TATTTTT,0.522259123223508
TCAAAAA,0.563532532145586
TCAAAAC,0.57310103109478
TCAAAAG,0.594907617997961
TCAAAAT,0.581156413244243
TCAAACA,0.585546485872118
TCAAACC,0.601903091451128
TCAAACG,0.60000008312841
TCAAACT,0.570096165799493
TCAAAGA,0.57518605953311
TCAAAGC,0.586705345108978
TCAAAGG,0.586061700225821
TCAAAGT,0.596183167581016
TCAAATA,0.580250177389616
TCAAATC,0.588505349934872
TCAAATG,0.580638664751661
TCAAATT,0.581673893812035
TCAACAA,0.587734315997968
TCAACAC,0.586061700225821
TCAACAG,0.585546485872118
TCAACAT,0.594652312721857
TCAACCA,0.582708052281413
TCAACCC,0.585159900833189
TCAACCG,0.61599889451966
TCAACCT,0.588248404671725
TCAACGA,0.591327399016872
TCAACGC,0.591583554464867
TCAACGG,0.590173886813694
TCAACGT,0.590430337872701
TCAACTA,0.59171160758721
TCAACTC,0.577266749671761
TCAACTG,0.591327399016872
TCAACTT,0.586576649270379
TCAAGAA,0.597075085195045
TCAAGAC,0.583741142371829
TCAAGAG,0.581285808493306
TCAAGAT,0.612242673106407
TCAAGCA,0.580768127007928
TCAAGCC,0.582191106732185
TCAAGCG,0.565900406258741
TCAAGCT,0.595800673514846
TCAAGGA,0.607716503612901
TCAAGGC,0.612744318575155
TCAAGGG,0.607086245587843
TCAAGGT,0.594269232552113
TCAAGTA,0.579731959360468
TCAAGTC,0.594396942248324
TCAAGTG,0.608598198041972
TCAAGTT,0.591839644314051
TCAATAA,0.579343119526575
TCAATAC,0.597329772751914
TCAATAG,0.586705345108978
TCAATAT,0.585031005935747
TCAATCA,0.586190462349018
TCAATCC,0.600888604366176
TCAATCG,0.589147424399788
TCAATCT,0.597584395459547
TCAATGA,0.601015471549574
TCAATGC,0.58953247128725
TCAATGG,0.586705345108978
TCAATGT,0.586061700225821
TCAATTA,0.587605752524042
TCAATTC,0.615748918235646
TCAATTG,0.58863379781286
TCAATTT,0.580638664751661
TCACAAA,0.579861539046485
TCACAAC,0.586576649270379
TCACAAG,0.582449612910886
TCACAAT,0.587348575979862
TCACACA,0.574795447702402
TCACACC,0.611866273791663
TCACACG,0.589275789836436
TCACACT,0.586190462349018
TCACAGA,0.580509185732748
TCACAGC,0.573883426301924
TCACAGG,0.594652312721857
TCACAGT,0.590302120564091
TCACATA,0.586576649270379
TCACATC,0.595800673514846
TCACATG,0.581803222123222
TCACATT,0.597711682505219
TCACCAA,0.613621593072301
TCACCAC,0.578435238162548
TCACCAG,0.618744517313414
TCACCAT,0.585288779118878
TCACCCA,0.575576518845788
TCACCCC,0.614748387749153
TCACCCG,0.584773166288469
TCACCCT,0.589275789836436
TCACCGA,0.611740775863176
TCACCGC,0.609479115770738
TCACCGG,0.598983662645568
TCACCGT,0.610484929581425
TCACCTA,0.602536623644036
TCACCTC,0.594652312721857
TCACCTG,0.570750165900958
TCACCTT,0.604434815598521
TCACGAA,0.592095668598014
TCACGAC,0.590814891189964
TCACGAG,0.599746074845409
TCACGAT,0.591327399016872
TCACGCA,0.613746855198727
TCACGCC,0.576486998118223
TCACGCG,0.603043160575548
TCACGCT,0.591327399016872
TCACGGA,0.593119110752555
TCACGGC,0.587219962901104
TCACGGG,0.58953247128725
TCACGGT,0.60000008312841
TCACGTA,0.590814891189964
TCACGTC,0.585675314348227
TCACGTG,0.586962687108975
TCACGTT,0.583095586147387
TCACTAA,0.577786246460798
TCACTAC,0.60215655249389
TCACTAG,0.597075085195045
TCACTAT,0.585417640797094
TCACTCA,0.582708052281413
TCACTCC,0.623965319486238
TCACTCG,0.604434815598521
TCACTCT,0.579343119526575
TCACTGA,0.582061828578973
TCACTGC,0.600254026907587
TCACTGG,0.583353858648456
TCACTGT,0.57518605953311
TCACTTA,0.588119907278085
TCACTTC,0.608472289279975
TCACTTG,0.577136833295278
TCACTTT,0.590558538743741
TCAGAAA,0.568786881047838
TCAGAAC,0.634693899523024
TCAGAAG,0.59452463563685
TCAGAAT,0.597966208000895
TCAGACA,0.583224730736007
TCAGACC,0.596692932195141
TCAGACG,0.58644793686703
TCAGACT,0.607590483781898
TCAGAGA,0.572970572359056
TCAGAGC,0.629282337423857
TCAGAGG,0.590045636617293
TCAGAGT,0.594652312721857
TCAGATA,0.593119110752555
TCAGATC,0.581156413244243
TCAGATG,0.580250177389616
TCAGATT,0.61799645840017
TCAGCAA,0.608975829237799
TCAGCAC,0.607212328974874
TCAGCAG,0.590430337872701
TCAGCAT,0.585031005935747
TCAGCCA,0.586834024387089
TCAGCCC,0.571534401855553
TCAGCCG,0.584773166288469
TCAGCCT,0.550408043016179
TCAGCGA,0.614247746857366
TCAGCGC,0.627183638334501
TCAGCGG,0.623593307621885
TCAGCGT,0.600127063078929
TCAGCTA,0.595928187793339
TCAGCTC,0.596055685814014
TCAGCTG,0.582449612910886
TCAGCTT,0.582708052281413
TCAGGAA,0.594013764219976
TCAGGAC,0.593119110752555
TCAGGAG,0.558912219870268
TCAGGAT,0.592735442680283
TCAGGCA,0.5968203327559
TCAGGCC,0.624956675068257
TCAGGCG,0.67177638774378
TCAGGCT,0.593630439309943
TCAGGGA,0.56957265758805
TCAGGGC,0.597202437081699
TCAGGGG,0.60278992418225
TCAGGGT,0.604434815598521
TCAGGTA,0.595800673514846
TCAGGTC,0.613496315253309
TCAGGTG,0.555067722999383
TCAGGTT,0.592991237750122
TCAGTAA,0.605824536608957
TCAGTAC,0.58991736997067
TCAGTAG,0.586705345108978
TCAGTAT,0.586705345108978
TCAGTCA,0.579083808947226
TCAGTCC,0.604308381504234
TCAGTCG,0.612117222409328
TCAGTCT,0.575446382680657
TCAGTGA,0.578954128437451
TCAGTGC,0.623841330907799
TCAGTGG,0.613496315253309
TCAGTGT,0.60278992418225
TCAGTTA,0.58193253371076
TCAGTTC,0.571795677227487
TCAGTTG,0.597711682505219
TCAGTTT,0.571926289318604
TCATAAA,0.587734315997968
TCATAAC,0.589660787309871
TCATAAG,0.584257287464313
TCATAAT,0.597457092209821
TCATACA,0.589275789836436
TCATACC,0.600634821703321
TCATACG,0.591839644314051
TCATACT,0.587734315997968
TCATAGA,0.596183167581016
TCATAGC,0.584902094422268
TCATAGG,0.586962687108975
TCATAGT,0.599746074845409
TCATATA,0.590302120564091
TCATATC,0.59260752060451
TCATATG,0.589019042483339
TCATATT,0.586319207894665
TCATCAA,0.589404138797514
TCATCAC,0.58953247128725
TCATCAG,0.583612064462063
TCATCAT,0.585932921520805
TCATCCA,0.595545596167817
TCATCCC,0.578824431108459
TCATCCG,0.589789086869603
TCATCCT,0.577006900038337
TCATCGA,0.58991736997067
TCATCGC,0.598983662645568
TCATCGG,0.617123015150706
TCATCGT,0.590814891189964
TCATCTA,0.583870203622638
TCATCTC,0.583741142371829
TCATCTG,0.639466150854804
TCATCTT,0.573231472813241
TCATGAA,0.597457092209821
TCATGAC,0.585804126229698
TCATGAG,0.587219962901104
TCATGAT,0.590045636617293
TCATGCA,0.586319207894665
TCATGCC,0.60278992418225
TCATGCG,0.590045636617293
TCATGCT,0.583095586147387
TCATGGA,0.612117222409328
TCATGGC,0.609982149133754
TCATGGG,0.620985342349426
TCATGGT,0.626812822020088
TCATGTA,0.585546485872118
TCATGTC,0.649547298876789
TCATGTG,0.580897572505889
TCATGTT,0.584257287464313
TCATTAA,0.582449612910886
TCATTAC,0.584902094422268
TCATTAG,0.584257287464313
TCATTAT,0.5968203327559
TCATTCA,0.574013766009972
TCATTCC,0.597711682505219
TCATTCG,0.587734315997968
TCATTCT,0.585804126229698
TCATTGA,0.599237864636803
TCATTGC,0.612493527296803
TCATTGG,0.586190462349018
TCATTGT,0.595545596167817
TCATTTA,0.582708052281413
TCATTTC,0.58644793686703
TCATTTG,0.577786246460798
TCATTTT,0.579343119526575
TCCAAAA,0.589789086869603
TCCAAAC,0.579472749604867
TCCAAAG,0.591583554464867
TCCAAAT,0.576876949896551
TCCAACA,0.587605752524042
TCCAACC,0.595290453739734
TCCAACG,0.591327399016872
TCCAACT,0.578954128437451
TCCAAGA,0.629405653253103
TCCAAGC,0.573883426301924
TCCAAGG,0.577396649172171
TCCAAGT,0.595035246197379
TCCAATA,0.591327399016872
TCCAATC,0.590686723181425
TCCAATG,0.603422894964823
TCCAATT,0.586705345108978
TCCACAA,0.587348575979862
TCCACAC,0.603802485210626
TCCACAG,0.604814021996187
TCCACAT,0.58644793686703
TCCACCA,0.605572003671495
TCCACCC,0.571534401855553
TCCACCG,0.584902094422268
TCCACCT,0.602663281933288
TCCACGA,0.590430337872701
TCCACGC,0.601142322639731
TCCACGG,0.601142322639731
TCCACGT,0.629035660135605
TCCACTA,0.600254026907587
TCCACTC,0.609982149133754
TCCACTG,0.603043160575548
TCCACTT,0.595418033090983
TCCAGAA,0.591071177936452
TCCAGAC,0.577786246460798
TCCAGAG,0.574274394471818
TCCAGAT,0.604687635840457
TCCAGCA,0.622476440950388
TCCAGCC,0.61762221899179
TCCAGCG,0.634080422068952
TCCAGCT,0.600254026907587
TCCAGGA,0.631130480050028
TCCAGGC,0.612744318575155
TCCAGGG,0.608346364662966
TCCAGGT,0.619741059516156
TCCAGTA,0.585932921520805
TCCAGTC,0.595162858109918
TCCAGTG,0.618370557805807
TCCAGTT,0.611740775863176
TCCATAA,0.581803222123222
TCCATAC,0.59171160758721
TCCATAG,0.589275789836436
TCCATAT,0.58644793686703
TCCATCA,0.594396942248324
TCCATCC,0.606581753009355
TCCATCG,0.599746074845409
TCCATCT,0.575576518845788
TCCATGA,0.586576649270379
TCCATGC,0.600127063078929
TCCATGG,0.59337480771336
TCCATGT,0.583095586147387
TCCATTA,0.58953247128725
TCCATTC,0.596438082370573
TCCATTG,0.60000008312841
TCCATTT,0.613371021737818
TCCCAAA,0.554403382300087
TCCCAAC,0.582708052281413
TCCCAAG,0.562346489204099
TCCCAAT,0.588119907278085
TCCCACA,0.596692932195141
TCCCACC,0.613621593072301
TCCCACG,0.600254026907587
TCCCACT,0.615248778125051
TCCCAGA,0.56616315761554
TCCCAGC,0.563664227903379
TCCCAGG,0.558647556142736
TCCCAGT,0.626812822020088
TCCCATA,0.587862862945452
TCCCATC,0.624461120125479
TCCCATG,0.594907617997961
TCCCATT,0.585932921520805
TCCCCAA,0.577266749671761
TCCCCAC,0.600634821703321
TCCCCAG,0.616748448661392
TCCCCAT,0.59260752060451
TCCCCCA,0.581415187001406
TCCCCCC,0.574795447702402
TCCCCCG,0.600127063078929
TCCCCCT,0.624585031885703
TCCCCGA,0.595545596167817
TCCCCGC,0.637755654141302
TCCCCGG,0.612744318575155
TCCCCGT,0.59847506472497
TCCCCTA,0.592863348394092
TCCCCTC,0.583095586147387
TCCCCTG,0.588119907278085
TCCCCTT,0.584386282122275
TCCCGAA,0.600761721085454
TCCCGAC,0.601522779391576
TCCCGAG,0.582191106732185
TCCCGAT,0.603043160575548
TCCCGCA,0.60000008312841
TCCCGCC,0.648580035703077
TCCCGCG,0.610736225041458
TCCCGCT,0.605319406945039
TCCCGGA,0.608094467847933
TCCCGGC,0.619741059516156
TCCCGGG,0.587348575979862
TCCCGGT,0.624956675068257
TCCCGTA,0.591583554464867
TCCCGTC,0.608472289279975
TCCCGTG,0.629898764558385
TCCCGTT,0.586705345108978
TCCCTAA,0.574013766009972
TCCCTAC,0.595290453739734
TCCCTAG,0.592735442680283
TCCCTAT,0.585288779118878
TCCCTCA,0.589275789836436
TCCCTCC,0.589660787309871
TCCCTCG,0.600380974618477
TCCCTCT,0.593886005575712
TCCCTGA,0.592351627350321
TCCCTGC,0.568655858240813
TCCCTGG,0.578305473513043
TCCCTGT,0.637388738168556
TCCCTTA,0.581673893812035
TCCCTTC,0.624708928293705
TCCCTTG,0.5828372469244
TCCCTTT,0.623717326954286
TCCGAAA,0.58953247128725
TCCGAAC,0.591583554464867
TCCGAAG,0.588119907278085
TCCGAAT,0.58876222919411
TCCGACA,0.601522779391576
TCCGACC,0.596947717087823
TCCGACG,0.592351627350321
TCCGACT,0.619616546037242
TCCGAGA,0.588119907278085
TCCGAGC,0.59260752060451
TCCGAGG,0.583870203622638
TCCGAGT,0.626194489099547
TCCGATA,0.592479582162585
TCCGATC,0.591199296682817
TCCGATG,0.591455484942821
TCCGATT,0.600761721085454
TCCGCAA,0.592479582162585
TCCGCAC,0.582966424878287
TCCGCAG,0.648217070667887
TCCGCAT,0.604940392180474
TCCGCCA,0.674373252491466
TCCGCCC,0.595162858109918
TCCGCCG,0.579861539046485
TCCGCCT,0.579861539046485
TCCGCGA,0.603675971137878
TCCGCGC,0.594907617997961
TCCGCGG,0.610610585205117
TCCGCGT,0.598093446459144
TCCGCTA,0.629405653253103
TCCGCTC,0.586319207894665
TCCGCTG,0.611740775863176
TCCGCTT,0.653407022652291
TCCGGAA,0.600380974618477
TCCGGAC,0.601522779391576
TCCGGAG,0.649668141015768
TCCGGAT,0.589404138797514
TCCGGCA,0.600127063078929
TCCGGCC,0.64809605304056
TCCGGCG,0.686791757038454
TCCGGCT,0.66477859054784
TCCGGGA,0.631376641198179
TCCGGGC,0.643972715447488
TCCGGGG,0.631991779094518
TCCGGGT,0.587605752524042
TCCGGTA,0.604940392180474
TCCGGTC,0.640686145392836
TCCGGTG,0.663349297257401
TCCGGTT,0.651117108809081
TCCGTAA,0.604814021996187
TCCGTAC,0.58953247128725
TCCGTAG,0.602916550394983
TCCGTAT,0.601903091451128
TCCGTCA,0.614372930579895
TCCGTCC,0.616873319747374
TCCGTCG,0.589404138797514
TCCGTCT,0.582191106732185
TCCGTGA,0.586576649270379
TCCGTGC,0.615873914188671
TCCGTGG,0.631007376748981
TCCGTGT,0.584902094422268
TCCGTTA,0.605319406945039
TCCGTTC,0.590686723181425
TCCGTTG,0.590814891189964
TCCGTTT,0.593886005575712
TCCTAAA,0.591839644314051
TCCTAAC,0.586319207894665
TCCTAAG,0.585804126229698
TCCTAAT,0.597202437081699
TCCTACA,0.579861539046485
TCCTACC,0.579991101943782
TCCTACG,0.589019042483339
TCCTACT,0.578305473513043
TCCTAGA,0.575446382680657
TCCTAGC,0.594779973507507
TCCTAGG,0.577526531800893
TCCTAGT,0.585031005935747
TCCTATA,0.580379689946847
TCCTATC,0.584128276164583
TCCTATG,0.58193253371076
TCCTATT,0.587477172519424
TCCTCAA,0.578435238162548
TCCTCAC,0.581285808493306
TCCTCAG,0.595928187793339
TCCTCAT,0.60000008312841
TCCTCCA,0.657971179007453
TCCTCCC,0.595673142974388
TCCTCCG,0.595800673514846
TCCTCCT,0.596183167581016
TCCTCGA,0.591327399016872
TCCTCGC,0.584644221530062
TCCTCGG,0.596947717087823
TCCTCGT,0.600634821703321
TCCTCTA,0.591455484942821
TCCTCTC,0.618993745982346
TCCTCTG,0.617497441392495
TCCTCTT,0.603675971137878
TCCTGAA,0.616123859232518
TCCTGAC,0.600634821703321
TCCTGAG,0.596183167581016
TCCTGAT,0.583741142371829
TCCTGCA,0.61599889451966
TCCTGCC,0.627307213222324
TCCTGCG,0.693753344216233
TCCTGCT,0.597457092209821
TCCTGGA,0.56944173770197
TCCTGGC,0.621358325492873
TCCTGGG,0.643972715447488
TCCTGGT,0.624956675068257
TCCTGTA,0.582578840945013
TCCTGTC,0.605193084650867
TCCTGTG,0.609353317882136
TCCTGTT,0.653527399300975
TCCTTAA,0.5828372469244
TCCTTAC,0.593886005575712
TCCTTAG,0.599237864636803
TCCTTAT,0.577136833295278
TCCTTCA,0.601269157640731
TCCTTCC,0.618993745982346
TCCTTCG,0.608849968016894
TCCTTCT,0.634693899523024
TCCTTGA,0.618744517313414
TCCTTGC,0.610861849094412
TCCTTGG,0.606203216481239
TCCTTGT,0.604687635840457
TCCTTTA,0.585546485872118
TCCTTTC,0.690626625965166
TCCTTTG,0.591583554464867
TCCTTTT,0.660843107756809
TCGAAAA,0.582320368174716
TCGAAAC,0.602409949310429
TCGAAAG,0.587219962901104
TCGAAAT,0.602536623644036
TCGAACA,0.590558538743741
TCGAACC,0.588890644082858
TCGAACG,0.590686723181425
TCGAACT,0.568131595275442
TCGAAGA,0.58012064805671
TCGAAGC,0.600254026907587
TCGAAGG,0.604181931422346
TCGAAGT,0.586962687108975
TCGAATA,0.591455484942821
TCGAATC,0.590430337872701
TCGAATG,0.590173886813694
TCGAATT,0.590558538743741
TCGACAA,0.589019042483339
TCGACAC,0.589019042483339
TCGACAG,0.605824536608957
TCGACAT,0.604434815598521
TCGACCA,0.584773166288469
TCGACCC,0.591327399016872
TCGACCG,0.590430337872701
TCGACCT,0.599873087051936
TCGACGA,0.605319406945039
TCGACGC,0.591199296682817
TCGACGG,0.591967664649587
TCGACGT,0.59171160758721
TCGACTA,0.59260752060451
TCGACTC,0.626194489099547
TCGACTG,0.589660787309871
TCGACTT,0.60278992418225
TCGAGAA,0.603169754728006
TCGAGAC,0.578305473513043
TCGAGAG,0.586834024387089
TCGAGAT,0.598220668729828
TCGAGCA,0.589019042483339
TCGAGCC,0.599873087051936
TCGAGCG,0.602409949310429
TCGAGCT,0.587991393370742
TCGAGGA,0.600127063078929
TCGAGGC,0.612117222409328
TCGAGGG,0.587991393370742
TCGAGGT,0.613120387601606
TCGAGTA,0.591839644314051
TCGAGTC,0.604181931422346
TCGAGTG,0.586705345108978
TCGAGTT,0.583095586147387
TCGATAA,0.591199296682817
TCGATAC,0.591071177936452
TCGATAG,0.593119110752555
TCGATAT,0.603422894964823
TCGATCA,0.591199296682817
TCGATCC,0.591583554464867
TCGATCG,0.59260752060451
TCGATCT,0.587991393370742
TCGATGA,0.589789086869603
TCGATGC,0.590686723181425
TCGATGG,0.589404138797514
TCGATGT,0.58991736997067
TCGATTA,0.59094304277357
TCGATTC,0.588890644082858
TCGATTG,0.589660787309871
TCGATTT,0.584773166288469
TCGCAAA,0.591455484942821
TCGCAAC,0.591839644314051
TCGCAAG,0.605066746397356
TCGCAAT,0.591455484942821
TCGCACA,0.588119907278085
TCGCACC,0.582708052281413
TCGCACG,0.59094304277357
TCGCACT,0.591455484942821
TCGCAGA,0.586705345108978
TCGCAGC,0.600761721085454
TCGCAGG,0.603802485210626
TCGCAGT,0.599492002025808
TCGCATA,0.590686723181425
TCGCATC,0.617497441392495
TCGCATG,0.61599889451966
TCGCATT,0.59260752060451
TCGCCAA,0.592351627350321
TCGCCAC,0.585804126229698
TCGCCAG,0.611991755972397
TCGCCAT,0.600127063078929
TCGCCCA,0.586834024387089
TCGCCCC,0.583870203622638
TCGCCCG,0.651117108809081
TCGCCCT,0.583224730736007
TCGCCGA,0.590686723181425
TCGCCGC,0.634816549864214
TCGCCGG,0.586061700225821
TCGCCGT,0.610987457367946
TCGCCTA,0.602536623644036
TCGCCTC,0.635307000853241
TCGCCTG,0.599873087051936
TCGCCTT,0.625451984557964
TCGCGAA,0.589660787309871
TCGCGAC,0.58991736997067
TCGCGAG,0.625204360479547
TCGCGAT,0.591839644314051
TCGCGCA,0.592223656163528
TCGCGCC,0.612995046973011
TCGCGCG,0.638733439066613
TCGCGCT,0.650634352785702
TCGCGGA,0.628295262962462
TCGCGGC,0.651961371471061
TCGCGGG,0.61562390665668
TCGCGGT,0.61724783947584
TCGCGTA,0.605445713283905
TCGCGTC,0.617746981023578
TCGCGTG,0.591839644314051
TCGCGTT,0.601015471549574
TCGCTAA,0.587734315997968
TCGCTAC,0.600888604366176
TCGCTAG,0.600761721085454
TCGCTAT,0.587862862945452
TCGCTCA,0.612493527296803
TCGCTCC,0.623097076427084
TCGCTCG,0.597457092209821
TCGCTCT,0.610233570956112
TCGCTGA,0.589660787309871
TCGCTGC,0.59260752060451
TCGCTGG,0.626689186019045
TCGCTGT,0.615373836605292
TCGCTTA,0.586190462349018
TCGCTTC,0.598347874817064
TCGCTTG,0.604687635840457
TCGCTTT,0.592863348394092
TCGGAAA,0.642026422531995
TCGGAAC,0.60278992418225
TCGGAAG,0.661082063263592
TCGGAAT,0.590686723181425
TCGGACA,0.587477172519424
TCGGACC,0.603043160575548
TCGGACG,0.605193084650867
TCGGACT,0.603549441057294
TCGGAGA,0.600254026907587
TCGGAGC,0.653045805738585
TCGGAGG,0.622352267619051
TCGGAGT,0.581544548772872
TCGGATA,0.590814891189964
TCGGATC,0.624708928293705
TCGGATG,0.616248808331148
TCGGATT,0.602916550394983
TCGGCAA,0.60215655249389
TCGGCAC,0.586962687108975
TCGGCAG,0.660723608587606
TCGGCAT,0.602409949310429
TCGGCCA,0.602409949310429
TCGGCCC,0.623221157313199
TCGGCCG,0.587605752524042
TCGGCCT,0.613621593072301
TCGGCGA,0.60278992418225
TCGGCGC,0.610861849094412
TCGGCGG,0.637144052705747
TCGGCGT,0.615873914188671
TCGGCTA,0.590173886813694
TCGGCTC,0.636776912216816
TCGGCTG,0.651237761409123
TCGGCTT,0.600507906215692
TCGGGAA,0.58644793686703
TCGGGAC,0.597329772751914
TCGGGAG,0.558382822349771
TCGGGAT,0.58991736997067
TCGGGCA,0.616248808331148
TCGGGCC,0.717292556307698
TCGGGCG,0.622972980142991
TCGGGCT,0.611113049866023
TCGGGGA,0.603675971137878
TCGGGGC,0.619741059516156
TCGGGGG,0.634325858214978
TCGGGGT,0.593886005575712
TCGGGTA,0.590173886813694
TCGGGTC,0.640929965795674
TCGGGTG,0.608598198041972
TCGGGTT,0.597711682505219
TCGGTAA,0.589147424399788
TCGGTAC,0.593119110752555
TCGGTAG,0.591327399016872
TCGGTAT,0.589789086869603
TCGGTCA,0.60278992418225
TCGGTCC,0.662156656997227
TCGGTCG,0.60278992418225
TCGGTCT,0.586576649270379
TCGGTGA,0.628295262962462
TCGGTGC,0.600761721085454
TCGGTGG,0.621855420046076
TCGGTGT,0.596565515401411
TCGGTTA,0.585159900833189
TCGGTTC,0.603675971137878
TCGGTTG,0.640442265527111
TCGGTTT,0.594141506544053
TCGTAAA,0.59171160758721
TCGTAAC,0.592223656163528
TCGTAAG,0.616748448661392
TCGTAAT,0.591967664649587
TCGTACA,0.590430337872701
TCGTACC,0.605193084650867
TCGTACG,0.592351627350321
TCGTACT,0.604181931422346
TCGTAGA,0.586190462349018
TCGTAGC,0.601903091451128
TCGTAGG,0.592223656163528
TCGTAGT,0.60215655249389
TCGTATA,0.591583554464867
TCGTATC,0.593119110752555
TCGTATG,0.592863348394092
TCGTATT,0.604055465348812
TCGTCAA,0.591967664649587
TCGTCAC,0.591839644314051
TCGTCAG,0.604561233709248
TCGTCAT,0.59171160758721
TCGTCCA,0.58953247128725
TCGTCCC,0.598347874817064
TCGTCCG,0.603296332856412
TCGTCCT,0.639221973239057
TCGTCGA,0.59260752060451
TCGTCGC,0.58991736997067
TCGTCGG,0.590686723181425
TCGTCGT,0.587734315997968
TCGTCTA,0.603422894964823
TCGTCTC,0.585417640797094
TCGTCTG,0.685393605008369
TCGTCTT,0.600254026907587
TCGTGAA,0.622600598864624
TCGTGAC,0.588505349934872
TCGTGAG,0.614623251021868
TCGTGAT,0.578824431108459
TCGTGCA,0.58953247128725
TCGTGCC,0.587219962901104
TCGTGCG,0.61562390665668
TCGTGCT,0.616248808331148
TCGTGGA,0.612869690632174
TCGTGGC,0.588505349934872
TCGTGGG,0.621482622298998
TCGTGGT,0.594779973507507
TCGTGTA,0.603296332856412
TCGTGTC,0.59171160758721
TCGTGTG,0.587734315997968
TCGTGTT,0.603928983279588
TCGTTAA,0.586319207894665
TCGTTAC,0.59171160758721
TCGTTAG,0.588505349934872
TCGTTAT,0.604687635840457
TCGTTCA,0.586319207894665
TCGTTCC,0.587348575979862
TCGTTCG,0.589404138797514
TCGTTCT,0.610987457367946
TCGTTGA,0.612368108067583
TCGTTGC,0.638733439066613
TCGTTGG,0.623965319486238
TCGTTGT,0.612618930798012
TCGTTTA,0.589789086869603
TCGTTTC,0.613371021737818
TCGTTTG,0.588248404671725
TCGTTTT,0.616998175242514
TCTAAAA,0.587219962901104
TCTAAAC,0.586962687108975
TCTAAAG,0.594779973507507
TCTAAAT,0.577786246460798
TCTAACA,0.586834024387089
TCTAACC,0.588119907278085
TCTAACG,0.58876222919411
TCTAACT,0.58876222919411
TCTAAGA,0.583353858648456
TCTAAGC,0.583870203622638
TCTAAGG,0.586319207894665
TCTAAGT,0.593886005575712
TCTAATA,0.587091333278893
TCTAATC,0.599619046504733
TCTAATG,0.58863379781286
TCTAATT,0.574013766009972
TCTACAA,0.592735442680283
TCTACAC,0.582966424878287
TCTACAG,0.621358325492873
TCTACAT,0.588119907278085
TCTACCA,0.580897572505889
TCTACCC,0.592095668598014
TCTACCG,0.587348575979862
TCTACCT,0.588376885555907
TCTACGA,0.59094304277357
TCTACGC,0.616248808331148
TCTACGG,0.605066746397356
TCTACGT,0.58991736997067
TCTACTA,0.57310103109478
TCTACTC,0.580509185732748
TCTACTG,0.600888604366176
TCTACTT,0.583741142371829
TCTAGAA,0.597457092209821
TCTAGAC,0.586319207894665
TCTAGAG,0.585159900833189
TCTAGAT,0.582191106732185
TCTAGCA,0.589275789836436
TCTAGCC,0.598729396019249
TCTAGCG,0.616248808331148
TCTAGCT,0.610610585205117
TCTAGGA,0.584902094422268
TCTAGGC,0.582320368174716
TCTAGGG,0.631622741765932
TCTAGGT,0.584902094422268
TCTAGTA,0.585932921520805
TCTAGTC,0.611113049866023
TCTAGTG,0.595418033090983
TCTAGTT,0.580250177389616
TCTATAA,0.58863379781286
TCTATAC,0.592351627350321
TCTATAG,0.586962687108975
TCTATAT,0.587605752524042
TCTATCA,0.586576649270379
TCTATCC,0.582191106732185
TCTATCG,0.592095668598014
TCTATCT,0.599746074845409
TCTATGA,0.58863379781286
TCTATGC,0.587862862945452
TCTATGG,0.581544548772872
TCTATGT,0.587219962901104
TCTATTA,0.581673893812035
TCTATTC,0.597966208000895
TCTATTG,0.58991736997067
TCTATTT,0.598347874817064
TCTCAAA,0.557058101103669
TCTCAAC,0.586576649270379
TCTCAAG,0.594907617997961
TCTCAAT,0.583095586147387
TCTCACA,0.582966424878287
TCTCACC,0.615123704003231
TCTCACG,0.589660787309871
TCTCACT,0.586061700225821
TCTCAGA,0.589404138797514
TCTCAGC,0.598093446459144
TCTCAGG,0.620985342349426
TCTCAGT,0.57791607850074
TCTCATA,0.588376885555907
TCTCATC,0.598729396019249
TCTCATG,0.584386282122275
TCTCATT,0.61412254746191
TCTCCAA,0.583482969889039
TCTCCAC,0.595035246197379
TCTCCAG,0.613371021737818
TCTCCAT,0.601522779391576
TCTCCCA,0.583870203622638
TCTCCCC,0.625947048837631
TCTCCCG,0.620487814989468
TCTCCCT,0.613997332389603
TCTCCGA,0.583870203622638
TCTCCGC,0.598347874817064
TCTCCGG,0.609856414513751
TCTCCGT,0.611615262182983
TCTCCTA,0.579472749604867
TCTCCTC,0.623097076427084
TCTCCTG,0.577656397562309
TCTCCTT,0.626689186019045
TCTCGAA,0.569048875172205
TCTCGAC,0.613371021737818
TCTCGAG,0.609856414513751
TCTCGAT,0.587091333278893
TCTCGCA,0.601269157640731
TCTCGCC,0.609982149133754
TCTCGCG,0.660125898446917
TCTCGCT,0.661320961684281
TCTCGGA,0.664183299923674
TCTCGGC,0.647127384430528
TCTCGGG,0.610987457367946
TCTCGGT,0.59783895335096
TCTCGTA,0.604181931422346
TCTCGTC,0.664659560769306
TCTCGTG,0.613746855198727
TCTCGTT,0.586705345108978
TCTCTAA,0.592095668598014
TCTCTAC,0.571795677227487
TCTCTAG,0.587091333278893
TCTCTAT,0.576876949896551
TCTCTCA,0.57466520984534
TCTCTCC,0.609227504166435
TCTCTCG,0.664659560769306
TCTCTCT,0.651358399453871
TCTCTGA,0.632114761279461
TCTCTGC,0.605445713283905
TCTCTGG,0.590430337872701
TCTCTGT,0.568000486577268
TCTCTTA,0.599237864636803
TCTCTTC,0.598347874817064
TCTCTTG,0.60215655249389
TCTCTTT,0.641661070516651
TCTGAAA,0.564059211146089
TCTGAAC,0.591199296682817
TCTGAAG,0.589147424399788
TCTGAAT,0.612117222409328
TCTGACA,0.609479115770738
TCTGACC,0.616998175242514
TCTGACG,0.590430337872701
TCTGACT,0.59171160758721
TCTGAGA,0.57466520984534
TCTGAGC,0.603802485210626
TCTGAGG,0.633957681402655
TCTGAGT,0.612869690632174
TCTGATA,0.594141506544053
TCTGATC,0.681070289072061
TCTGATG,0.586190462349018
TCTGATT,0.603422894964823
TCTGCAA,0.621979655084127
TCTGCAC,0.576486998118223
TCTGCAG,0.629775509526325
TCTGCAT,0.580250177389616
TCTGCCA,0.602029830002822
TCTGCCC,0.579731959360468
TCTGCCG,0.64978896855369
TCTGCCT,0.591839644314051
TCTGCGA,0.639588217307801
TCTGCGC,0.619367472558939
TCTGCGG,0.610359258166413
TCTGCGT,0.610359258166413
TCTGCTA,0.587991393370742
TCTGCTC,0.659527830835142
TCTGCTG,0.64700623485209
TCTGCTT,0.602409949310429
TCTGGAA,0.603802485210626
TCTGGAC,0.650513627356476
TCTGGAG,0.582449612910886
TCTGGAT,0.575836740380802
TCTGGCA,0.573753069603222
TCTGGCC,0.616623561980675
TCTGGCG,0.649547298876789
TCTGGCT,0.589147424399788
TCTGGGA,0.594396942248324
TCTGGGC,0.634939185164143
TCTGGGG,0.616123859232518
TCTGGGT,0.595928187793339
TCTGGTA,0.596055685814014
TCTGGTC,0.612368108067583
TCTGGTG,0.616248808331148
TCTGGTT,0.584644221530062
TCTGTAA,0.573492305216132
TCTGTAC,0.586834024387089
TCTGTAG,0.589275789836436
TCTGTAT,0.582191106732185
TCTGTCA,0.592735442680283
TCTGTCC,0.606960146301786
TCTGTCG,0.59094304277357
TCTGTCT,0.568524818264561
TCTGTGA,0.580768127007928
TCTGTGC,0.580509185732748
TCTGTGG,0.610610585205117
TCTGTGT,0.606329411245714
TCTGTTA,0.59094304277357
TCTGTTC,0.592735442680283
TCTGTTG,0.615123704003231
TCTGTTT,0.612618930798012
TCTTAAA,0.561423037845226
TCTTAAC,0.583870203622638
TCTTAAG,0.59094304277357
TCTTAAT,0.583224730736007
TCTTACA,0.60000008312841
TCTTACC,0.611615262182983
TCTTACG,0.588376885555907
TCTTACT,0.5828372469244
TCTTAGA,0.597329772751914
TCTTAGC,0.5968203327559
TCTTAGG,0.579991101943782
TCTTAGT,0.580768127007928
TCTTATA,0.586190462349018
TCTTATC,0.583224730736007
TCTTATG,0.585159900833189
TCTTATT,0.605319406945039
TCTTCAA,0.585417640797094
TCTTCAC,0.601776336834739
TCTTCAG,0.619865557493394
TCTTCAT,0.591455484942821
TCTTCCA,0.575706638077701
TCTTCCC,0.617746981023578
TCTTCCG,0.611740775863176
TCTTCCT,0.634325858214978
TCTTCGA,0.584902094422268
TCTTCGC,0.611991755972397
TCTTCGG,0.584902094422268
TCTTCGT,0.600254026907587
TCTTCTA,0.585031005935747
TCTTCTC,0.611740775863176
TCTTCTG,0.604055465348812
TCTTCTT,0.611866273791663
TCTTGAA,0.616248808331148
TCTTGAC,0.587477172519424
TCTTGAG,0.578824431108459
TCTTGAT,0.610233570956112
TCTTGCA,0.596565515401411
TCTTGCC,0.602283258928403
TCTTGCG,0.615373836605292
TCTTGCT,0.599619046504733
TCTTGGA,0.607842507564908
TCTTGGC,0.61799645840017
TCTTGGG,0.610861849094412
TCTTGGT,0.59452463563685
TCTTGTA,0.57791607850074
TCTTGTC,0.61949201705279
TCTTGTG,0.595928187793339
TCTTGTT,0.610987457367946
TCTTTAA,0.571534401855553
TCTTTAC,0.577786246460798
TCTTTAG,0.57791607850074
TCTTTAT,0.578305473513043
TCTTTCA,0.573622695909435
TCTTTCC,0.686791757038454
TCTTTCG,0.61599889451966
TCTTTCT,0.623717326954286
TCTTTGA,0.61599889451966
TCTTTGC,0.615873914188671
TCTTTGG,0.628418700566193
TCTTTGT,0.590173886813694
TCTTTTA,0.574144088731795
TCTTTTC,0.620114506958278
TCTTTTG,0.602663281933288
TCTTTTT,0.681772638304778
TGAAAAA,0.600888604366176
TGAAAAC,0.57635698039315
TGAAAAG,0.559309084169979
TGAAAAT,0.567475879822024
TGAAACA,0.579472749604867
TGAAACC,0.579731959360468
TGAAACG,0.584773166288469
TGAAACT,0.629035660135605
TGAAAGA,0.580250177389616
TGAAAGC,0.591967664649587
TGAAAGG,0.578045893686512
TGAAAGT,0.582449612910886
TGAAATA,0.556792946137822
TGAAATC,0.581285808493306
TGAAATG,0.590045636617293
TGAAATT,0.56957265758805
TGAACAA,0.581415187001406
TGAACAC,0.587477172519424
TGAACAG,0.596947717087823
TGAACAT,0.588248404671725
TGAACCA,0.596438082370573
TGAACCC,0.586962687108975
TGAACCG,0.615873914188671
TGAACCT,0.605445713283905
TGAACGA,0.589147424399788
TGAACGC,0.612493527296803
TGAACGG,0.614247746857366
TGAACGT,0.590686723181425
TGAACTA,0.585932921520805
TGAACTC,0.616498659701327
TGAACTG,0.634080422068952
TGAACTT,0.578694716955889
TGAAGAA,0.600634821703321
TGAAGAC,0.659527830835142
TGAAGAG,0.608724090952948
TGAAGAT,0.618869139412246
TGAAGCA,0.586962687108975
TGAAGCC,0.619616546037242
TGAAGCG,0.638733439066613
TGAAGCT,0.605950779166882
TGAAGGA,0.587348575979862
TGAAGGC,0.585159900833189
TGAAGGG,0.60822042418695
TGAAGGT,0.604940392180474
TGAAGTA,0.579213472642148
TGAAGTC,0.576616998940885
TGAAGTG,0.575966825759495
TGAAGTT,0.637633363775036
TGAATAA,0.576616998940885
TGAATAC,0.585804126229698
TGAATAG,0.591199296682817
TGAATAT,0.581156413244243
TGAATCA,0.581803222123222
TGAATCC,0.597966208000895
TGAATCG,0.614748387749153
TGAATCT,0.634816549864214
TGAATGA,0.591199296682817
TGAATGC,0.598983662645568
TGAATGG,0.596947717087823
TGAATGT,0.611238626592606
TGAATTA,0.607968495641918
TGAATTC,0.603296332856412
TGAATTG,0.592863348394092
TGAATTT,0.577136833295278
TGACAAA,0.574795447702402
TGACAAC,0.607590483781898
TGACAAG,0.578954128437451
TGACAAT,0.582966424878287
TGACACA,0.598729396019249
TGACACC,0.595545596167817
TGACACG,0.613496315253309
TGACACT,0.586705345108978
TGACAGA,0.578564985975374
TGACAGC,0.605698278111837
TGACAGG,0.603169754728006
TGACAGT,0.582578840945013
TGACATA,0.588505349934872
TGACATC,0.586190462349018
TGACATG,0.586576649270379
TGACATT,0.594652312721857
TGACCAA,0.605319406945039
TGACCAC,0.581415187001406
TGACCAG,0.598347874817064
TGACCAT,0.590558538743741
TGACCCA,0.594013764219976
TGACCCC,0.618993745982346
TGACCCG,0.608346364662966
TGACCCT,0.610233570956112
TGACCGA,0.629159006385942
TGACCGC,0.587477172519424
TGACCGG,0.59171160758721
TGACCGT,0.627183638334501
TGACCTA,0.599746074845409
TGACCTC,0.575576518845788
TGACCTG,0.596947717087823
TGACCTT,0.61799645840017
TGACGAA,0.596310633098488
TGACGAC,0.603169754728006
TGACGAG,0.58991736997067
TGACGAT,0.591071177936452
TGACGCA,0.590173886813694
TGACGCC,0.605066746397356
TGACGCG,0.587862862945452
TGACGCT,0.591455484942821
TGACGGA,0.588119907278085
TGACGGC,0.585288779118878
TGACGGG,0.586576649270379
TGACGGT,0.584257287464313
TGACGTA,0.590045636617293
TGACGTC,0.59260752060451
TGACGTG,0.590814891189964
TGACGTT,0.584773166288469
TGACTAA,0.610861849094412
TGACTAC,0.590045636617293
TGACTAG,0.585417640797094
TGACTAT,0.59094304277357
TGACTCA,0.584128276164583
TGACTCC,0.593630439309943
TGACTCG,0.601522779391576
TGACTCT,0.590302120564091
TGACTGA,0.595290453739734
TGACTGC,0.595162858109918
TGACTGG,0.576876949896551
TGACTGT,0.599237864636803
TGACTTA,0.58012064805671
TGACTTC,0.591967664649587
TGACTTG,0.593630439309943
TGACTTT,0.564585612901836
TGAGAAA,0.595928187793339
TGAGAAC,0.581544548772872
TGAGAAG,0.641904653357622
TGAGAAT,0.59094304277357
TGAGACA,0.579991101943782
TGAGACC,0.614623251021868
TGAGACG,0.578564985975374
TGAGACT,0.58193253371076
TGAGAGA,0.623965319486238
TGAGAGC,0.61949201705279
TGAGAGG,0.606077005789635
TGAGAGT,0.578175692022488
TGAGATA,0.585159900833189
TGAGATC,0.578305473513043
TGAGATG,0.571142360756507
TGAGATT,0.58193253371076
TGAGCAA,0.591327399016872
TGAGCAC,0.597202437081699
TGAGCAG,0.614998614235918
TGAGCAT,0.578305473513043
TGAGCCA,0.550541478489668
TGAGCCC,0.603675971137878
TGAGCCG,0.612117222409328
TGAGCCT,0.629035660135605
TGAGCGA,0.590302120564091
TGAGCGC,0.599873087051936
TGAGCGG,0.613496315253309
TGAGCGT,0.634939185164143
TGAGCTA,0.58399924821879
TGAGCTC,0.604814021996187
TGAGCTG,0.607212328974874
TGAGCTT,0.628542122934961
TGAGGAA,0.595545596167817
TGAGGAC,0.605572003671495
TGAGGAG,0.64105185370757
TGAGGAT,0.578435238162548
TGAGGCA,0.569834445951377
TGAGGCC,0.621855420046076
TGAGGCG,0.616123859232518
TGAGGCT,0.599619046504733
TGAGGGA,0.575966825759495
TGAGGGC,0.603802485210626
TGAGGGG,0.60645559008708
TGAGGGT,0.596565515401411
TGAGGTA,0.597584395459547
TGAGGTC,0.57674698286553
TGAGGTG,0.637388738168556
TGAGGTT,0.596438082370573
TGAGTAA,0.579213472642148
TGAGTAC,0.584515260142761
TGAGTAG,0.573231472813241
TGAGTAT,0.587991393370742
TGAGTCA,0.582708052281413
TGAGTCC,0.59860223845766
TGAGTCG,0.59783895335096
TGAGTCT,0.607968495641918
TGAGTGA,0.609479115770738
TGAGTGC,0.60164956614958
TGAGTGG,0.712991843888694
TGAGTGT,0.712311090056584
TGAGTTA,0.596438082370573
TGAGTTC,0.5828372469244
TGAGTTG,0.635429576024998
TGAGTTT,0.576226945761269
TGATAAA,0.581673893812035
TGATAAC,0.589660787309871
TGATAAG,0.584128276164583
TGATAAT,0.582449612910886
TGATACA,0.586576649270379
TGATACC,0.586705345108978
TGATACG,0.605319406945039
TGATACT,0.589660787309871
TGATAGA,0.58644793686703
TGATAGC,0.591071177936452
TGATAGG,0.588890644082858
TGATAGT,0.583482969889039
TGATATA,0.587091333278893
TGATATC,0.603549441057294
TGATATG,0.603802485210626
TGATATT,0.582578840945013
TGATCAA,0.59860223845766
TGATCAC,0.58863379781286
TGATCAG,0.585417640797094
TGATCAT,0.58399924821879
TGATCCA,0.601522779391576
TGATCCC,0.587348575979862
TGATCCG,0.572709603818061
TGATCCT,0.605066746397356
TGATCGA,0.603169754728006
TGATCGC,0.617123015150706
TGATCGG,0.610736225041458
TGATCGT,0.602409949310429
TGATCTA,0.587091333278893
TGATCTC,0.679898609694296
TGATCTG,0.571403738565818
TGATCTT,0.603928983279588
TGATGAA,0.580379689946847
TGATGAC,0.5828372469244
TGATGAG,0.597711682505219
TGATGAT,0.598856537413848
TGATGCA,0.583612064462063
TGATGCC,0.583353858648456
TGATGCG,0.613496315253309
TGATGCT,0.585031005935747
TGATGGA,0.589019042483339
TGATGGC,0.581027001249882
TGATGGG,0.604940392180474
TGATGGT,0.584773166288469
TGATGTA,0.581803222123222
TGATGTC,0.586705345108978
TGATGTG,0.595290453739734
TGATGTT,0.581803222123222
TGATTAA,0.605319406945039
TGATTAC,0.586705345108978
TGATTAG,0.587862862945452
TGATTAT,0.595673142974388
TGATTCA,0.608975829237799
TGATTCC,0.602663281933288
TGATTCG,0.58991736997067
TGATTCT,0.580768127007928
TGATTGA,0.59847506472497
TGATTGC,0.598856537413848
TGATTGG,0.59171160758721
TGATTGT,0.587734315997968
TGATTTA,0.584257287464313
TGATTTC,0.595290453739734
TGATTTG,0.592223656163528
TGATTTT,0.597966208000895
TGCAAAA,0.581156413244243
TGCAAAC,0.601269157640731
TGCAAAG,0.626194489099547
TGCAAAT,0.587605752524042
TGCAACA,0.584128276164583
TGCAACC,0.585031005935747
TGCAACG,0.60278992418225
TGCAACT,0.582966424878287
TGCAAGA,0.596565515401411
TGCAAGC,0.604940392180474
TGCAAGG,0.591583554464867
TGCAAGT,0.620487814989468
TGCAATA,0.587348575979862
TGCAATC,0.5968203327559
TGCAATG,0.584902094422268
TGCAATT,0.579213472642148
TGCACAA,0.582708052281413
TGCACAC,0.591071177936452
TGCACAG,0.594141506544053
TGCACAT,0.587091333278893
TGCACCA,0.596310633098488
TGCACCC,0.597711682505219
TGCACCG,0.613621593072301
TGCACCT,0.592479582162585
TGCACGA,0.587348575979862
TGCACGC,0.588890644082858
TGCACGG,0.589019042483339
TGCACGT,0.626565534730252
TGCACTA,0.581415187001406
TGCACTC,0.580379689946847
TGCACTG,0.592223656163528
TGCACTT,0.598729396019249
TGCAGAA,0.622103874689752
TGCAGAC,0.60645559008708
TGCAGAG,0.565637585845521
TGCAGAT,0.605824536608957
TGCAGCA,0.626936442737159
TGCAGCC,0.648942869042449
TGCAGCG,0.639954327290934
TGCAGCT,0.652563980132079
TGCAGGA,0.573492305216132
TGCAGGC,0.611238626592606
TGCAGGG,0.593886005575712
TGCAGGT,0.588890644082858
TGCAGTA,0.584773166288469
TGCAGTC,0.596565515401411
TGCAGTG,0.55957357289608
TGCAGTT,0.584773166288469
TGCATAA,0.582708052281413
TGCATAC,0.599110771718517
TGCATAG,0.589147424399788
TGCATAT,0.579602362881379
TGCATCA,0.584773166288469
TGCATCC,0.583353858648456
TGCATCG,0.58991736997067
TGCATCT,0.616998175242514
TGCATGA,0.58953247128725
TGCATGC,0.626318186274286
TGCATGG,0.59452463563685
TGCATGT,0.634693899523024
TGCATTA,0.585804126229698
TGCATTC,0.584257287464313
TGCATTG,0.584128276164583
TGCATTT,0.60215655249389
TGCCAAA,0.59171160758721
TGCCAAC,0.594396942248324
TGCCAAG,0.608094467847933
TGCCAAT,0.587091333278893
TGCCACA,0.585675314348227
TGCCACC,0.604940392180474
TGCCACG,0.582966424878287
TGCCACT,0.588376885555907
TGCCAGA,0.595290453739734
TGCCAGC,0.604055465348812
TGCCAGG,0.585804126229698
TGCCAGT,0.592479582162585
TGCCATA,0.586834024387089
TGCCATC,0.611364187551654
TGCCATG,0.599110771718517
TGCCATT,0.595928187793339
TGCCCAA,0.58991736997067
TGCCCAC,0.603422894964823
TGCCCAG,0.572709603818061
TGCCCAT,0.588248404671725
TGCCCCA,0.597329772751914
TGCCCCC,0.585031005935747
TGCCCCG,0.595928187793339
TGCCCCT,0.604814021996187
TGCCCGA,0.650875759929064
TGCCCGC,0.591839644314051
TGCCCGG,0.653045805738585
TGCCCGT,0.583224730736007
TGCCCTA,0.580638664751661
TGCCCTC,0.592735442680283
TGCCCTG,0.59847506472497
TGCCCTT,0.625823305742878
TGCCGAA,0.60164956614958
TGCCGAC,0.624708928293705
TGCCGAG,0.587991393370742
TGCCGAT,0.592351627350321
TGCCGCA,0.632975213344994
TGCCGCC,0.667037468561471
TGCCGCG,0.612117222409328
TGCCGCT,0.619990039972815
TGCCGGA,0.610359258166413
TGCCGGC,0.623469272906781
TGCCGGG,0.635552136173924
TGCCGGT,0.614748387749153
TGCCGTA,0.589147424399788
TGCCGTC,0.629775509526325
TGCCGTG,0.596947717087823
TGCCGTT,0.603169754728006
TGCCTAA,0.578824431108459
TGCCTAC,0.595162858109918
TGCCTAG,0.589404138797514
TGCCTAT,0.584644221530062
TGCCTCA,0.577136833295278
TGCCTCC,0.627554317195143
TGCCTCG,0.579731959360468
TGCCTCT,0.582966424878287
TGCCTGA,0.620985342349426
TGCCTGC,0.596692932195141
TGCCTGG,0.592735442680283
TGCCTGT,0.593502631680091
TGCCTTA,0.581544548772872
TGCCTTC,0.593758230607092
TGCCTTG,0.578564985975374
TGCCTTT,0.581544548772872
TGCGAAA,0.641173726764614
TGCGAAC,0.601903091451128
TGCGAAG,0.613245712521896
TGCGAAT,0.59094304277357
TGCGACA,0.601776336834739
TGCGACC,0.61724783947584
TGCGACG,0.605824536608957
TGCGACT,0.601269157640731
TGCGAGA,0.588505349934872
TGCGAGC,0.602283258928403
TGCGAGG,0.61412254746191
TGCGAGT,0.610736225041458
TGCGATA,0.605824536608957
TGCGATC,0.58863379781286
TGCGATG,0.598347874817064
TGCGATT,0.603169754728006
TGCGCAA,0.61562390665668
TGCGCAC,0.627554317195143
TGCGCAG,0.642269916406571
TGCGCAT,0.651479022946837
TGCGCCA,0.629775509526325
TGCGCCC,0.589275789836436
TGCGCCG,0.627554317195143
TGCGCCT,0.609730664082566
TGCGCGA,0.604940392180474
TGCGCGC,0.679312254790749
TGCGCGG,0.639344069499769
TGCGCGT,0.614623251021868
TGCGCTA,0.601015471549574
TGCGCTC,0.616748448661392
TGCGCTG,0.610610585205117
TGCGCTT,0.594779973507507
TGCGGAA,0.612242673106407
TGCGGAC,0.602283258928403
TGCGGAG,0.661798587376435
TGCGGAT,0.626689186019045
TGCGGCA,0.614873508819197
TGCGGCC,0.608849968016894
TGCGGCG,0.661320961684281
TGCGGCT,0.715144512112328
TGCGGGA,0.584515260142761
TGCGGGC,0.598220668729828
TGCGGGG,0.665373527011897
TGCGGGT,0.606203216481239
TGCGGTA,0.615748918235646
TGCGGTC,0.603675971137878
TGCGGTG,0.595673142974388
TGCGGTT,0.584902094422268
TGCGTAA,0.590045636617293
TGCGTAC,0.604687635840457
TGCGTAG,0.590430337872701
TGCGTAT,0.591199296682817
TGCGTCA,0.587605752524042
TGCGTCC,0.590173886813694
TGCGTCG,0.590173886813694
TGCGTCT,0.611866273791663
TGCGTGA,0.612117222409328
TGCGTGC,0.609604897836221
TGCGTGG,0.610484929581425
TGCGTGT,0.636654502093919
TGCGTTA,0.600761721085454
TGCGTTC,0.610233570956112
TGCGTTG,0.626812822020088
TGCGTTT,0.582578840945013
TGCTAAA,0.581673893812035
TGCTAAC,0.604055465348812
TGCTAAG,0.606329411245714
TGCTAAT,0.580897572505889
TGCTACA,0.586190462349018
TGCTACC,0.585417640797094
TGCTACG,0.616373741819451
TGCTACT,0.58991736997067
TGCTAGA,0.590173886813694
TGCTAGC,0.604687635840457
TGCTAGG,0.59847506472497
TGCTAGT,0.625451984557964
TGCTATA,0.585546485872118
TGCTATC,0.58953247128725
TGCTATG,0.601903091451128
TGCTATT,0.579472749604867
TGCTCAA,0.600380974618477
TGCTCAC,0.594396942248324
TGCTCAG,0.593630439309943
TGCTCAT,0.596055685814014
TGCTCCA,0.590302120564091
TGCTCCC,0.628542122934961
TGCTCCG,0.638000190018175
TGCTCCT,0.629775509526325
TGCTCGA,0.592223656163528
TGCTCGC,0.614372930579895
TGCTCGG,0.60164956614958
TGCTCGT,0.614498098633422
TGCTCTA,0.585031005935747
TGCTCTC,0.614998614235918
TGCTCTG,0.560894968228801
TGCTCTT,0.575836740380802
TGCTGAA,0.625823305742878
TGCTGAC,0.582191106732185
TGCTGAG,0.65689207572707
TGCTGAT,0.584902094422268
TGCTGCA,0.610861849094412
TGCTGCC,0.647853973841244
TGCTGCG,0.65557158838507
TGCTGCT,0.688769132093612
TGCTGGA,0.569703560336357
TGCTGGC,0.600254026907587
TGCTGGG,0.624956675068257
TGCTGGT,0.620736609611131
TGCTGTA,0.630761124674289
TGCTGTC,0.605698278111837
TGCTGTG,0.631253568198518
TGCTGTT,0.645551293930541
TGCTTAA,0.599746074845409
TGCTTAC,0.600254026907587
TGCTTAG,0.610107867946549
TGCTTAT,0.582191106732185
TGCTTCA,0.58012064805671
TGCTTCC,0.592351627350321
TGCTTCG,0.586962687108975
TGCTTCT,0.612744318575155
TGCTTGA,0.58193253371076
TGCTTGC,0.596055685814014
TGCTTGG,0.595418033090983
TGCTTGT,0.690394627830997
TGCTTTA,0.591967664649587
TGCTTTC,0.575446382680657
TGCTTTG,0.587477172519424
TGCTTTT,0.581673893812035
TGGAAAA,0.608472289279975
TGGAAAC,0.571011646228002
TGGAAAG,0.598983662645568
TGGAAAT,0.571795677227487
TGGAACA,0.595928187793339
TGGAACC,0.619118337027583
TGGAACG,0.596438082370573
TGGAACT,0.578175692022488
TGGAAGA,0.648821939222961
TGGAAGC,0.599110771718517
TGGAAGG,0.639221973239057
TGGAAGT,0.579991101943782
TGGAATA,0.582966424878287
TGGAATC,0.597075085195045
TGGAATG,0.580509185732748
TGGAATT,0.59094304277357
TGGACAA,0.578954128437451
TGGACAC,0.592735442680283
TGGACAG,0.573622695909435
TGGACAT,0.597329772751914
TGGACCA,0.58953247128725
TGGACCC,0.616123859232518
TGGACCG,0.602409949310429
TGGACCT,0.601522779391576
TGGACGA,0.601142322639731
TGGACGC,0.6356746813037
TGGACGG,0.58644793686703
TGGACGT,0.659886714322679
TGGACTA,0.584386282122275
TGGACTC,0.585417640797094
TGGACTG,0.598856537413848
TGGACTT,0.612618930798012
TGGAGAA,0.599364941404532
TGGAGAC,0.584644221530062
TGGAGAG,0.604055465348812
TGGAGAT,0.59337480771336
TGGAGCA,0.630268438529955
TGGAGCC,0.613746855198727
TGGAGCG,0.597457092209821
TGGAGCT,0.584902094422268
TGGAGGA,0.588505349934872
TGGAGGC,0.629405653253103
TGGAGGG,0.633098074651921
TGGAGGT,0.620985342349426
TGGAGTA,0.593119110752555
TGGAGTC,0.60164956614958
TGGAGTG,0.569834445951377
TGGAGTT,0.599746074845409
TGGATAA,0.597457092209821
TGGATAC,0.590173886813694
TGGATAG,0.614247746857366
TGGATAT,0.59860223845766
TGGATCA,0.596055685814014
TGGATCC,0.609982149133754
TGGATCG,0.591199296682817
TGGATCT,0.575316229577901
TGGATGA,0.597075085195045
TGGATGC,0.581415187001406
TGGATGG,0.627307213222324
TGGATGT,0.589660787309871
TGGATTA,0.576616998940885
TGGATTC,0.587862862945452
TGGATTG,0.591199296682817
TGGATTT,0.574144088731795
TGGCAAA,0.571534401855553
TGGCAAC,0.596947717087823
TGGCAAG,0.655931894258736
TGGCAAT,0.581415187001406
TGGCACA,0.581415187001406
TGGCACC,0.591967664649587
TGGCACG,0.577526531800893
TGGCACT,0.581027001249882
TGGCAGA,0.650513627356476
TGGCAGC,0.611489732747127
TGGCAGG,0.625204360479547
TGGCAGT,0.606707900016554
TGGCATA,0.587862862945452
TGGCATC,0.623965319486238
TGGCATG,0.592735442680283
TGGCATT,0.588248404671725
TGGCCAA,0.58193253371076
TGGCCAC,0.574534955024169
TGGCCAG,0.624337193009227
TGGCCAT,0.597584395459547
TGGCCCA,0.579343119526575
TGGCCCC,0.600888604366176
TGGCCCG,0.596310633098488
TGGCCCT,0.605066746397356
TGGCCGA,0.590430337872701
TGGCCGC,0.619367472558939
TGGCCGG,0.623841330907799
TGGCCGT,0.597584395459547
TGGCCTA,0.596055685814014
TGGCCTC,0.592863348394092
TGGCCTG,0.596565515401411
TGGCCTT,0.612117222409328
TGGCGAA,0.599492002025808
TGGCGAC,0.624461120125479
TGGCGAG,0.611991755972397
TGGCGAT,0.603296332856412
TGGCGCA,0.583095586147387
TGGCGCC,0.652563980132079
TGGCGCG,0.647975020766195
TGGCGCT,0.598093446459144
TGGCGGA,0.675433665613844
TGGCGGC,0.701584996271291
TGGCGGG,0.613872101636518
TGGCGGT,0.626194489099547
TGGCGTA,0.592223656163528
TGGCGTC,0.619865557493394
TGGCGTG,0.604940392180474
TGGCGTT,0.600127063078929
TGGCTAA,0.578694716955889
TGGCTAC,0.597966208000895
TGGCTAG,0.59337480771336
TGGCTAT,0.589147424399788
TGGCTCA,0.566557155249306
TGGCTCC,0.63653207698495
TGGCTCG,0.58644793686703
TGGCTCT,0.577656397562309
TGGCTGA,0.608094467847933
TGGCTGC,0.651720226291461
TGGCTGG,0.623593307621885
TGGCTGT,0.641904653357622
TGGCTTA,0.582578840945013
TGGCTTC,0.659049119079056
TGGCTTG,0.591455484942821
TGGCTTT,0.581285808493306
TGGGAAA,0.614748387749153
TGGGAAC,0.61599889451966
TGGGAAG,0.638122435536094
TGGGAAT,0.567738217601176
TGGGACA,0.591327399016872
TGGGACC,0.618370557805807
TGGGACG,0.603043160575548
TGGGACT,0.628665530072529
TGGGAGA,0.605445713283905
TGGGAGC,0.627060048174038
TGGGAGG,0.561686968118669
TGGGAGT,0.642878391828719
TGGGATA,0.586834024387089
TGGGATC,0.607464448067896
TGGGATG,0.582966424878287
TGGGATT,0.533315355994078
TGGGCAA,0.588376885555907
TGGGCAC,0.58953247128725
TGGGCAG,0.612618930798012
TGGGCAT,0.580638664751661
TGGGCCA,0.58876222919411
TGGGCCC,0.573883426301924
TGGGCCG,0.642878391828719
TGGGCCT,0.595673142974388
TGGGCGA,0.595035246197379
TGGGCGC,0.602409949310429
TGGGCGG,0.608598198041972
TGGGCGT,0.61949201705279
TGGGCTA,0.597329772751914
TGGGCTC,0.58876222919411
TGGGCTG,0.644458697368046
TGGGCTT,0.594779973507507
TGGGGAA,0.612869690632174
TGGGGAC,0.613496315253309
TGGGGAG,0.641173726764614
TGGGGAT,0.590686723181425
TGGGGCA,0.612618930798012
TGGGGCC,0.580638664751661
TGGGGCG,0.6447015997901
TGGGGCT,0.59860223845766
TGGGGGA,0.641904653357622
TGGGGGC,0.642756726360072
TGGGGGG,0.654970789955791
TGGGGGT,0.600888604366176
TGGGGTA,0.577266749671761
TGGGGTC,0.611740775863176
TGGGGTG,0.624956675068257
TGGGGTT,0.579602362881379
TGGGTAA,0.650030579840469
TGGGTAC,0.597202437081699
TGGGTAG,0.604940392180474
TGGGTAT,0.60910167461965
TGGGTCA,0.58991736997067
TGGGTCC,0.609479115770738
TGGGTCG,0.611866273791663
TGGGTCT,0.610233570956112
TGGGTGA,0.640442265527111
TGGGTGC,0.636899307357308
TGGGTGG,0.577136833295278
TGGGTGT,0.603549441057294
TGGGTTA,0.595162858109918
TGGGTTC,0.627801360122674
TGGGTTG,0.590430337872701
TGGGTTT,0.57791607850074
TGGTAAA,0.592735442680283
TGGTAAC,0.584515260142761
TGGTAAG,0.639221973239057
TGGTAAT,0.58012064805671
TGGTACA,0.590814891189964
TGGTACC,0.600507906215692
TGGTACG,0.603928983279588
TGGTACT,0.584773166288469
TGGTAGA,0.577396649172171
TGGTAGC,0.578954128437451
TGGTAGG,0.63653207698495
TGGTAGT,0.610736225041458
TGGTATA,0.587605752524042
TGGTATC,0.594269232552113
TGGTATG,0.586962687108975
TGGTATT,0.575966825759495
TGGTCAA,0.588376885555907
TGGTCAC,0.597075085195045
TGGTCAG,0.626441868149926
TGGTCAT,0.600127063078929
TGGTCCA,0.58644793686703
TGGTCCC,0.600761721085454
TGGTCCG,0.590814891189964
TGGTCCT,0.58399924821879
TGGTCGA,0.590173886813694
TGGTCGC,0.640076334172143
TGGTCGG,0.649668141015768
TGGTCGT,0.614372930579895
TGGTCTA,0.609227504166435
TGGTCTC,0.564717170055477
TGGTCTG,0.595673142974388
TGGTCTT,0.622600598864624
TGGTGAA,0.597711682505219
TGGTGAC,0.600634821703321
TGGTGAG,0.600254026907587
TGGTGAT,0.617123015150706
TGGTGCA,0.598093446459144
TGGTGCC,0.583741142371829
TGGTGCG,0.636776912216816
TGGTGCT,0.6438511830555
TGGTGGA,0.587605752524042
TGGTGGC,0.666324689752283
TGGTGGG,0.648338073651721
TGGTGGT,0.609353317882136
TGGTGTA,0.602663281933288
TGGTGTC,0.605193084650867
TGGTGTG,0.626812822020088
TGGTGTT,0.627801360122674
TGGTTAA,0.592735442680283
TGGTTAC,0.598856537413848
TGGTTAG,0.66036502537579
TGGTTAT,0.597075085195045
TGGTTCA,0.624461120125479
TGGTTCC,0.581415187001406
TGGTTCG,0.60215655249389
TGGTTCT,0.577006900038337
TGGTTGA,0.601522779391576
TGGTTGC,0.636042226614931
TGGTTGG,0.625204360479547
TGGTTGT,0.621358325492873
TGGTTTA,0.605824536608957
TGGTTTC,0.605572003671495
TGGTTTG,0.604814021996187
TGGTTTT,0.631007376748981
TGTAAAA,0.573231472813241
TGTAAAC,0.584644221530062
TGTAAAG,0.595545596167817
TGTAAAT,0.581027001249882
TGTAACA,0.585288779118878
TGTAACC,0.585288779118878
TGTAACG,0.603549441057294
TGTAACT,0.587862862945452
TGTAAGA,0.586834024387089
TGTAAGC,0.584902094422268
TGTAAGG,0.616998175242514
TGTAAGT,0.582966424878287
TGTAATA,0.581156413244243
TGTAATC,0.550674896160508
TGTAATG,0.594013764219976
TGTAATT,0.574925668599774
TGTACAA,0.582449612910886
TGTACAC,0.581156413244243
TGTACAG,0.584386282122275
TGTACAT,0.580379689946847
TGTACCA,0.591199296682817
TGTACCC,0.587734315997968
TGTACCG,0.589275789836436
TGTACCT,0.581027001249882
TGTACGA,0.590430337872701
TGTACGC,0.59260752060451
TGTACGG,0.589404138797514
TGTACGT,0.589147424399788
TGTACTA,0.58863379781286
TGTACTC,0.600507906215692
TGTACTG,0.598729396019249
TGTACTT,0.578694716955889
TGTAGAA,0.5968203327559
TGTAGAC,0.610861849094412
TGTAGAG,0.592479582162585
TGTAGAT,0.582708052281413
TGTAGCA,0.584386282122275
TGTAGCC,0.596565515401411
TGTAGCG,0.596692932195141
TGTAGCT,0.623345222805159
TGTAGGA,0.598220668729828
TGTAGGC,0.596310633098488
TGTAGGG,0.582708052281413
TGTAGGT,0.597584395459547
TGTAGTA,0.589147424399788
TGTAGTC,0.592223656163528
TGTAGTG,0.589147424399788
TGTAGTT,0.592095668598014
TGTATAA,0.588248404671725
TGTATAC,0.587605752524042
TGTATAG,0.580379689946847
TGTATAT,0.604940392180474
TGTATCA,0.586705345108978
TGTATCC,0.583741142371829
TGTATCG,0.591455484942821
TGTATCT,0.583353858648456
TGTATGA,0.588505349934872
TGTATGC,0.598983662645568
TGTATGG,0.585675314348227
TGTATGT,0.610107867946549
TGTATTA,0.583095586147387
TGTATTC,0.606834031112693
TGTATTG,0.595162858109918
TGTATTT,0.554403382300087
TGTCAAA,0.585932921520805
TGTCAAC,0.584902094422268
TGTCAAG,0.579991101943782
TGTCAAT,0.582449612910886
TGTCACA,0.57310103109478
TGTCACC,0.591327399016872
TGTCACG,0.587734315997968
TGTCACT,0.573492305216132
TGTCAGA,0.581544548772872
TGTCAGC,0.598093446459144
TGTCAGG,0.607968495641918
TGTCAGT,0.606960146301786
TGTCATA,0.59094304277357
TGTCATC,0.589275789836436
TGTCATG,0.594396942248324
TGTCATT,0.593758230607092
TGTCCAA,0.596183167581016
TGTCCAC,0.599746074845409
TGTCCAG,0.578824431108459
TGTCCAT,0.58876222919411
TGTCCCA,0.589019042483339
TGTCCCC,0.590558538743741
TGTCCCG,0.611740775863176
TGTCCCT,0.612493527296803
TGTCCGA,0.617372648221807
TGTCCGC,0.60164956614958
TGTCCGG,0.651840806150135
TGTCCGT,0.601522779391576
TGTCCTA,0.58193253371076
TGTCCTC,0.629405653253103
TGTCCTG,0.602409949310429
TGTCCTT,0.61412254746191
TGTCGAA,0.597966208000895
TGTCGAC,0.605824536608957
TGTCGAG,0.587219962901104
TGTCGAT,0.592479582162585
TGTCGCA,0.589275789836436
TGTCGCC,0.604687635840457
TGTCGCG,0.585031005935747
TGTCGCT,0.595035246197379
TGTCGGA,0.613496315253309
TGTCGGC,0.611238626592606
TGTCGGG,0.617746981023578
TGTCGGT,0.615248778125051
TGTCGTA,0.592223656163528
TGTCGTC,0.588376885555907
TGTCGTG,0.612368108067583
TGTCGTT,0.582708052281413
TGTCTAA,0.584902094422268
TGTCTAC,0.587091333278893
TGTCTAG,0.613872101636518
TGTCTAT,0.599746074845409
TGTCTCA,0.596947717087823
TGTCTCC,0.604181931422346
TGTCTCG,0.614623251021868
TGTCTCT,0.600507906215692
TGTCTGA,0.626565534730252
TGTCTGC,0.606329411245714
TGTCTGG,0.737527428804907
TGTCTGT,0.576226945761269
TGTCTTA,0.582320368174716
TGTCTTC,0.616373741819451
TGTCTTG,0.58644793686703
TGTCTTT,0.604055465348812
TGTGAAA,0.568524818264561
TGTGAAC,0.597711682505219
TGTGAAG,0.598856537413848
TGTGAAT,0.605445713283905
TGTGACA,0.584773166288469
TGTGACC,0.590430337872701
TGTGACG,0.592223656163528
TGTGACT,0.578824431108459
TGTGAGA,0.604434815598521
TGTGAGC,0.595928187793339
TGTGAGG,0.631130480050028
TGTGAGT,0.68036744619817
TGTGATA,0.581415187001406
TGTGATC,0.620860983713775
TGTGATG,0.579083808947226
TGTGATT,0.596183167581016
TGTGCAA,0.59860223845766
TGTGCAC,0.596438082370573
TGTGCAG,0.657491721304727
TGTGCAT,0.591967664649587
TGTGCCA,0.583353858648456
TGTGCCC,0.605950779166882
TGTGCCG,0.586705345108978
TGTGCCT,0.587734315997968
TGTGCGA,0.59783895335096
TGTGCGC,0.65940817437862
TGTGCGG,0.613997332389603
TGTGCGT,0.613746855198727
TGTGCTA,0.60000008312841
TGTGCTC,0.634571234136883
TGTGCTG,0.606329411245714
TGTGCTT,0.639588217307801
TGTGGAA,0.639466150854804
TGTGGAC,0.585804126229698
TGTGGAG,0.651961371471061
TGTGGAT,0.612493527296803
TGTGGCA,0.593630439309943
TGTGGCC,0.582708052281413
TGTGGCG,0.647369639564631
TGTGGCT,0.66727494864175
TGTGGGA,0.610861849094412
TGTGGGC,0.595035246197379
TGTGGGG,0.625204360479547
TGTGGGT,0.604308381504234
TGTGGTA,0.600507906215692
TGTGGTC,0.636164711704902
TGTGGTG,0.62123401323513
TGTGGTT,0.599746074845409
TGTGTAA,0.605950779166882
TGTGTAC,0.581803222123222
TGTGTAG,0.590302120564091
TGTGTAT,0.594269232552113
TGTGTCA,0.574925668599774
TGTGTCC,0.606203216481239
TGTGTCG,0.61599889451966
TGTGTCT,0.572187462333423
TGTGTGA,0.663825955376839
TGTGTGC,0.656172026072318
TGTGTGG,0.649305570781537
TGTGTGT,0.692596440016777
TGTGTTA,0.585675314348227
TGTGTTC,0.616123859232518
TGTGTTG,0.615498879447864
TGTGTTT,0.58876222919411
TGTTAAA,0.578435238162548
TGTTAAC,0.587091333278893
TGTTAAG,0.577786246460798
TGTTAAT,0.582966424878287
TGTTACA,0.586576649270379
TGTTACC,0.587091333278893
TGTTACG,0.590558538743741
TGTTACT,0.587348575979862
TGTTAGA,0.592351627350321
TGTTAGC,0.608472289279975
TGTTAGG,0.608598198041972
TGTTAGT,0.598856537413848
TGTTATA,0.587862862945452
TGTTATC,0.586962687108975
TGTTATG,0.583224730736007
TGTTATT,0.578694716955889
TGTTCAA,0.586190462349018
TGTTCAC,0.596438082370573
TGTTCAG,0.594269232552113
TGTTCAT,0.585288779118878
TGTTCCA,0.599873087051936
TGTTCCC,0.613746855198727
TGTTCCG,0.603296332856412
TGTTCCT,0.621731169571761
TGTTCGA,0.588376885555907
TGTTCGC,0.616498659701327
TGTTCGG,0.604940392180474
TGTTCGT,0.613120387601606
TGTTCTA,0.60910167461965
TGTTCTC,0.595545596167817
TGTTCTG,0.588505349934872
TGTTCTT,0.596947717087823
TGTTGAA,0.596055685814014
TGTTGAC,0.584902094422268
TGTTGAG,0.614748387749153
TGTTGAT,0.594013764219976
TGTTGCA,0.574404683234469
TGTTGCC,0.586834024387089
TGTTGCG,0.617746981023578
TGTTGCT,0.60822042418695
TGTTGGA,0.607338396466889
TGTTGGC,0.587991393370742
TGTTGGG,0.632114761279461
TGTTGGT,0.634816549864214
TGTTGTA,0.577266749671761
TGTTGTC,0.591199296682817
TGTTGTG,0.618993745982346
TGTTGTT,0.594396942248324
TGTTTAA,0.572448567154708
TGTTTAC,0.592479582162585
TGTTTAG,0.587734315997968
TGTTTAT,0.600634821703321
TGTTTCA,0.607968495641918
TGTTTCC,0.583353858648456
TGTTTCG,0.604561233709248
TGTTTCT,0.620985342349426
TGTTTGA,0.607086245587843
TGTTTGC,0.629898764558385
TGTTTGG,0.639466150854804
TGTTTGT,0.64809605304056
TGTTTTA,0.576226945761269
TGTTTTC,0.597966208000895
TGTTTTG,0.577266749671761
TGTTTTT,0.574534955024169
TTAAAAA,0.54088832320523
TTAAAAC,0.576616998940885
TTAAAAG,0.576486998118223
TTAAAAT,0.56931080067363
TTAAACA,0.575055872541872
TTAAACC,0.578954128437451
TTAAACG,0.591199296682817
TTAAACT,0.575966825759495
TTAAAGA,0.569048875172205
TTAAAGC,0.573492305216132
TTAAAGG,0.594013764219976
TTAAAGT,0.578564985975374
TTAAATA,0.573492305216132
TTAAATC,0.58863379781286
TTAAATG,0.575316229577901
TTAAATT,0.579731959360468
TTAACAA,0.591839644314051
TTAACAC,0.582708052281413
TTAACAG,0.572840096601631
TTAACAT,0.599873087051936
TTAACCA,0.610107867946549
TTAACCC,0.582061828578973
TTAACCG,0.590302120564091
TTAACCT,0.583741142371829
TTAACGA,0.587348575979862
TTAACGC,0.58863379781286
TTAACGG,0.592351627350321
TTAACGT,0.596183167581016
TTAACTA,0.584773166288469
TTAACTC,0.587091333278893
TTAACTG,0.598093446459144
TTAACTT,0.590302120564091
TTAAGAA,0.582449612910886
TTAAGAC,0.581544548772872
TTAAGAG,0.57518605953311
TTAAGAT,0.57791607850074
TTAAGCA,0.587862862945452
TTAAGCC,0.583612064462063
TTAAGCG,0.612995046973011
TTAAGCT,0.58876222919411
TTAAGGA,0.582061828578973
TTAAGGC,0.58991736997067
TTAAGGG,0.597329772751914
TTAAGGT,0.585675314348227
TTAAGTA,0.576616998940885
TTAAGTC,0.582966424878287
TTAAGTG,0.578435238162548
TTAAGTT,0.588505349934872
TTAATAA,0.579472749604867
TTAATAC,0.596692932195141
TTAATAG,0.58193253371076
TTAATAT,0.575446382680657
TTAATCA,0.583353858648456
TTAATCC,0.581285808493306
TTAATCG,0.593119110752555
TTAATCT,0.578564985975374
TTAATGA,0.592351627350321
TTAATGC,0.584515260142761
TTAATGG,0.577656397562309
TTAATGT,0.596947717087823
TTAATTA,0.570880914610975
TTAATTC,0.592095668598014
TTAATTG,0.581673893812035
TTAATTT,0.568131595275442
TTACAAA,0.572840096601631
TTACAAC,0.599746074845409
TTACAAG,0.594907617997961
TTACAAT,0.587991393370742
TTACACA,0.579472749604867
TTACACC,0.603802485210626
TTACACG,0.589147424399788
TTACACT,0.586834024387089
TTACAGA,0.578435238162548
TTACAGC,0.607212328974874
TTACAGG,0.519510267396319
TTACAGT,0.585031005935747
TTACATA,0.600127063078929
TTACATC,0.587862862945452
TTACATG,0.586962687108975
TTACATT,0.597075085195045
TTACCAA,0.585159900833189
TTACCAC,0.595928187793339
TTACCAG,0.59452463563685
TTACCAT,0.59847506472497
TTACCCA,0.594907617997961
TTACCCC,0.584128276164583
TTACCCG,0.597075085195045
TTACCCT,0.592735442680283
TTACCGA,0.604814021996187
TTACCGC,0.60215655249389
TTACCGG,0.588890644082858
TTACCGT,0.589660787309871
TTACCTA,0.586576649270379
TTACCTC,0.608724090952948
TTACCTG,0.578564985975374
TTACCTT,0.581673893812035
TTACGAA,0.590558538743741
TTACGAC,0.602029830002822
TTACGAG,0.591583554464867
TTACGAT,0.592735442680283
TTACGCA,0.59171160758721
TTACGCC,0.58953247128725
TTACGCG,0.592735442680283
TTACGCT,0.592991237750122
TTACGGA,0.585546485872118
TTACGGC,0.589147424399788
TTACGGG,0.604687635840457
TTACGGT,0.605572003671495
TTACGTA,0.585932921520805
TTACGTC,0.591327399016872
TTACGTG,0.600380974618477
TTACGTT,0.591199296682817
TTACTAA,0.577266749671761
TTACTAC,0.603549441057294
TTACTAG,0.585417640797094
TTACTAT,0.582708052281413
TTACTCA,0.58876222919411
TTACTCC,0.587477172519424
TTACTCG,0.588376885555907
TTACTCT,0.581415187001406
TTACTGA,0.578175692022488
TTACTGC,0.593630439309943
TTACTGG,0.583224730736007
TTACTGT,0.578175692022488
TTACTTA,0.606834031112693
TTACTTC,0.609227504166435
TTACTTG,0.591071177936452
TTACTTT,0.590045636617293
TTAGAAA,0.571534401855553
TTAGAAC,0.585417640797094
TTAGAAG,0.600380974618477
TTAGAAT,0.579343119526575
TTAGACA,0.587477172519424
TTAGACC,0.58953247128725
TTAGACG,0.592223656163528
TTAGACT,0.587477172519424
TTAGAGA,0.599364941404532
TTAGAGC,0.584128276164583
TTAGAGG,0.582061828578973
TTAGAGT,0.585288779118878
TTAGATA,0.583870203622638
TTAGATC,0.581285808493306
TTAGATG,0.596183167581016
TTAGATT,0.608724090952948
TTAGCAA,0.582578840945013
TTAGCAC,0.583224730736007
TTAGCAG,0.595035246197379
TTAGCAT,0.598983662645568
TTAGCCA,0.577266749671761
TTAGCCC,0.590558538743741
TTAGCCG,0.578175692022488
TTAGCCT,0.606581753009355
TTAGCGA,0.591455484942821
TTAGCGC,0.616123859232518
TTAGCGG,0.613120387601606
TTAGCGT,0.592223656163528
TTAGCTA,0.587734315997968
TTAGCTC,0.584644221530062
TTAGCTG,0.592991237750122
TTAGCTT,0.618869139412246
TTAGGAA,0.598220668729828
TTAGGAC,0.582449612910886
TTAGGAG,0.57635698039315
TTAGGAT,0.586061700225821
TTAGGCA,0.604687635840457
TTAGGCC,0.611991755972397
TTAGGCG,0.601522779391576
TTAGGCT,0.605950779166882
TTAGGGA,0.584515260142761
TTAGGGC,0.613120387601606
TTAGGGG,0.597966208000895
TTAGGGT,0.581673893812035
TTAGGTA,0.585675314348227
TTAGGTC,0.586576649270379
TTAGGTG,0.616248808331148
TTAGGTT,0.597329772751914
TTAGTAA,0.586705345108978
TTAGTAC,0.653407022652291
TTAGTAG,0.55187485486189
TTAGTAT,0.586319207894665
TTAGTCA,0.612368108067583
TTAGTCC,0.60278992418225
TTAGTCG,0.590302120564091
TTAGTCT,0.59337480771336
TTAGTGA,0.579472749604867
TTAGTGC,0.596183167581016
TTAGTGG,0.607968495641918
TTAGTGT,0.613621593072301
TTAGTTA,0.583353858648456
TTAGTTC,0.587477172519424
TTAGTTG,0.58953247128725
TTAGTTT,0.579213472642148
TTATAAA,0.591583554464867
TTATAAC,0.58953247128725
TTATAAG,0.581156413244243
TTATAAT,0.587091333278893
TTATACA,0.587348575979862
TTATACC,0.60000008312841
TTATACG,0.592223656163528
TTATACT,0.585417640797094
TTATAGA,0.581156413244243
TTATAGC,0.591071177936452
TTATAGG,0.582578840945013
TTATAGT,0.587734315997968
TTATATA,0.579602362881379
TTATATC,0.595800673514846
TTATATG,0.584902094422268
TTATATT,0.571665048074622
TTATCAA,0.587991393370742
TTATCAC,0.587091333278893
TTATCAG,0.575576518845788
TTATCAT,0.58399924821879
TTATCCA,0.584257287464313
TTATCCC,0.5968203327559
TTATCCG,0.58953247128725
TTATCCT,0.592351627350321
TTATCGA,0.592223656163528
TTATCGC,0.587348575979862
TTATCGG,0.590045636617293
TTATCGT,0.59260752060451
TTATCTA,0.598983662645568
TTATCTC,0.577396649172171
TTATCTG,0.582191106732185
TTATCTT,0.588505349934872
TTATGAA,0.584644221530062
TTATGAC,0.587734315997968
TTATGAG,0.588119907278085
TTATGAT,0.593502631680091
TTATGCA,0.586061700225821
TTATGCC,0.600507906215692
TTATGCG,0.590045636617293
TTATGCT,0.589789086869603
TTATGGA,0.587091333278893
TTATGGC,0.588505349934872
TTATGGG,0.58399924821879
TTATGGT,0.600254026907587
TTATGTA,0.586962687108975
TTATGTC,0.594779973507507
TTATGTG,0.583482969889039
TTATGTT,0.574404683234469
TTATTAA,0.596947717087823
TTATTAC,0.599492002025808
TTATTAG,0.595800673514846
TTATTAT,0.578694716955889
TTATTCA,0.591071177936452
TTATTCC,0.595800673514846
TTATTCG,0.604181931422346
TTATTCT,0.629528953877431
TTATTGA,0.582449612910886
TTATTGC,0.582449612910886
TTATTGG,0.609604897836221
TTATTGT,0.572709603818061
TTATTTA,0.611113049866023
TTATTTC,0.568000486577268
TTATTTG,0.565111737704556
TTATTTT,0.567213473203701
TTCAAAA,0.582449612910886
TTCAAAC,0.597075085195045
TTCAAAG,0.597711682505219
TTCAAAT,0.579861539046485
TTCAACA,0.585031005935747
TTCAACC,0.595673142974388
TTCAACG,0.591199296682817
TTCAACT,0.586962687108975
TTCAAGA,0.60645559008708
TTCAAGC,0.572318023266031
TTCAAGG,0.628912298669094
TTCAAGT,0.601269157640731
TTCAATA,0.5828372469244
TTCAATC,0.585675314348227
TTCAATG,0.587219962901104
TTCAATT,0.606834031112693
TTCACAA,0.580250177389616
TTCACAC,0.580897572505889
TTCACAG,0.597202437081699
TTCACAT,0.594396942248324
TTCACCA,0.576876949896551
TTCACCC,0.607968495641918
TTCACCG,0.608598198041972
TTCACCT,0.617123015150706
TTCACGA,0.592351627350321
TTCACGC,0.587991393370742
TTCACGG,0.589404138797514
TTCACGT,0.584128276164583
TTCACTA,0.595928187793339
TTCACTC,0.59847506472497
TTCACTG,0.57791607850074
TTCACTT,0.598983662645568
TTCAGAA,0.589660787309871
TTCAGAC,0.578824431108459
TTCAGAG,0.593886005575712
TTCAGAT,0.586834024387089
TTCAGCA,0.603928983279588
TTCAGCC,0.585159900833189
TTCAGCG,0.652202458513682
TTCAGCT,0.604055465348812
TTCAGGA,0.56931080067363
TTCAGGC,0.621482622298998
TTCAGGG,0.595418033090983
TTCAGGT,0.58399924821879
TTCAGTA,0.596692932195141
TTCAGTC,0.605950779166882
TTCAGTG,0.57674698286553
TTCAGTT,0.581156413244243
TTCATAA,0.584773166288469
TTCATAC,0.599619046504733
TTCATAG,0.59860223845766
TTCATAT,0.588248404671725
TTCATCA,0.584515260142761
TTCATCC,0.587477172519424
TTCATCG,0.585804126229698
TTCATCT,0.588248404671725
TTCATGA,0.594652312721857
TTCATGC,0.598729396019249
TTCATGG,0.586834024387089
TTCATGT,0.585031005935747
TTCATTA,0.593246967405575
TTCATTC,0.563532532145586
TTCATTG,0.597584395459547
TTCATTT,0.580509185732748
TTCCAAA,0.572448567154708
TTCCAAC,0.595290453739734
TTCCAAG,0.577136833295278
TTCCAAT,0.589275789836436
TTCCACA,0.608472289279975
TTCCACC,0.613872101636518
TTCCACG,0.601903091451128
TTCCACT,0.617746981023578
TTCCAGA,0.587091333278893
TTCCAGC,0.598220668729828
TTCCAGG,0.591583554464867
TTCCAGT,0.587348575979862
TTCCATA,0.5828372469244
TTCCATC,0.595800673514846
TTCCATG,0.582708052281413
TTCCATT,0.59337480771336
TTCCCAA,0.577526531800893
TTCCCAC,0.593502631680091
TTCCCAG,0.581673893812035
TTCCCAT,0.62123401323513
TTCCCCA,0.577396649172171
TTCCCCC,0.612869690632174
TTCCCCG,0.611489732747127
TTCCCCT,0.582061828578973
TTCCCGA,0.597075085195045
TTCCCGC,0.607464448067896
TTCCCGG,0.61762221899179
TTCCCGT,0.616748448661392
TTCCCTA,0.591967664649587
TTCCCTC,0.589789086869603
TTCCCTG,0.586319207894665
TTCCCTT,0.642148176880441
TTCCGAA,0.586190462349018
TTCCGAC,0.625451984557964
TTCCGAG,0.598220668729828
TTCCGAT,0.591839644314051
TTCCGCA,0.599364941404532
TTCCGCC,0.647732912262162
TTCCGCG,0.614372930579895
TTCCGCT,0.651479022946837
TTCCGGA,0.611489732747127
TTCCGGC,0.699747764990205
TTCCGGG,0.620487814989468
TTCCGGT,0.700781622888698
TTCCGTA,0.587991393370742
TTCCGTC,0.611113049866023
TTCCGTG,0.609353317882136
TTCCGTT,0.613496315253309
TTCCTAA,0.58193253371076
TTCCTAC,0.582708052281413
TTCCTAG,0.590814891189964
TTCCTAT,0.56616315761554
TTCCTCA,0.574404683234469
TTCCTCC,0.607590483781898
TTCCTCG,0.585159900833189
TTCCTCT,0.603296332856412
TTCCTGA,0.607086245587843
TTCCTGC,0.683876731077907
TTCCTGG,0.603802485210626
TTCCTGT,0.634571234136883
TTCCTTA,0.57518605953311
TTCCTTC,0.613746855198727
TTCCTTG,0.595928187793339
TTCCTTT,0.694908911534857
TTCGAAA,0.585932921520805
TTCGAAC,0.589275789836436
TTCGAAG,0.588248404671725
TTCGAAT,0.587991393370742
TTCGACA,0.600380974618477
TTCGACC,0.602663281933288
TTCGACG,0.604940392180474
TTCGACT,0.590173886813694
TTCGAGA,0.592735442680283
TTCGAGC,0.590430337872701
TTCGAGG,0.629282337423857
TTCGAGT,0.58953247128725
TTCGATA,0.602536623644036
TTCGATC,0.591967664649587
TTCGATG,0.584128276164583
TTCGATT,0.586576649270379
TTCGCAA,0.591071177936452
TTCGCAC,0.593119110752555
TTCGCAG,0.591839644314051
TTCGCAT,0.60278992418225
TTCGCCA,0.589019042483339
TTCGCCC,0.58863379781286
TTCGCCG,0.599873087051936
TTCGCCT,0.648580035703077
TTCGCGA,0.591071177936452
TTCGCGC,0.603296332856412
TTCGCGG,0.610861849094412
TTCGCGT,0.590430337872701
TTCGCTA,0.587991393370742
TTCGCTC,0.619242912551825
TTCGCTG,0.599110771718517
TTCGCTT,0.5828372469244
TTCGGAA,0.590814891189964
TTCGGAC,0.591199296682817
TTCGGAG,0.597711682505219
TTCGGAT,0.60278992418225
TTCGGCA,0.603422894964823
TTCGGCC,0.601776336834739
TTCGGCG,0.613872101636518
TTCGGCT,0.625947048837631
TTCGGGA,0.582578840945013
TTCGGGC,0.651117108809081
TTCGGGG,0.608975829237799
TTCGGGT,0.597329772751914
TTCGGTA,0.58953247128725
TTCGGTC,0.58991736997067
TTCGGTG,0.613120387601606
TTCGGTT,0.594269232552113
TTCGTAA,0.589660787309871
TTCGTAC,0.589404138797514
TTCGTAG,0.585804126229698
TTCGTAT,0.590302120564091
TTCGTCA,0.591199296682817
TTCGTCC,0.627554317195143
TTCGTCG,0.593119110752555
TTCGTCT,0.602283258928403
TTCGTGA,0.610359258166413
TTCGTGC,0.601522779391576
TTCGTGG,0.595928187793339
TTCGTGT,0.590173886813694
TTCGTTA,0.602409949310429
TTCGTTC,0.58399924821879
TTCGTTG,0.672721482645081
TTCGTTT,0.609604897836221
TTCTAAA,0.587477172519424
TTCTAAC,0.587219962901104
TTCTAAG,0.578824431108459
TTCTAAT,0.579602362881379
TTCTACA,0.592991237750122
TTCTACC,0.595928187793339
TTCTACG,0.592479582162585
TTCTACT,0.582191106732185
TTCTAGA,0.579861539046485
TTCTAGC,0.614372930579895
TTCTAGG,0.595035246197379
TTCTAGT,0.60822042418695
TTCTATA,0.587348575979862
TTCTATC,0.585417640797094
TTCTATG,0.584902094422268
TTCTATT,0.589660787309871
TTCTCAA,0.601395976556652
TTCTCAC,0.581156413244243
TTCTCAG,0.60278992418225
TTCTCAT,0.577656397562309
TTCTCCA,0.610861849094412
TTCTCCC,0.686092925377029
TTCTCCG,0.597202437081699
TTCTCCT,0.572318023266031
TTCTCGA,0.612117222409328
TTCTCGC,0.664302386401557
TTCTCGG,0.619990039972815
TTCTCGT,0.598220668729828
TTCTCTA,0.588248404671725
TTCTCTC,0.688420467551831
TTCTCTG,0.585417640797094
TTCTCTT,0.604308381504234
TTCTGAA,0.59847506472497
TTCTGAC,0.580379689946847
TTCTGAG,0.598856537413848
TTCTGAT,0.591199296682817
TTCTGCA,0.632729445437162
TTCTGCC,0.584386282122275
TTCTGCG,0.637144052705747
TTCTGCT,0.628788921982654
TTCTGGA,0.600888604366176
TTCTGGC,0.608094467847933
TTCTGGG,0.57518605953311
TTCTGGT,0.579083808947226
TTCTGTA,0.572187462333423
TTCTGTC,0.593758230607092
TTCTGTG,0.62743077284128
TTCTGTT,0.575316229577901
TTCTTAA,0.590430337872701
TTCTTAC,0.585546485872118
TTCTTAG,0.57674698286553
TTCTTAT,0.580250177389616
TTCTTCA,0.604940392180474
TTCTTCC,0.648821939222961
TTCTTCG,0.600127063078929
TTCTTCT,0.580509185732748
TTCTTGA,0.632483617112617
TTCTTGC,0.619741059516156
TTCTTGG,0.59171160758721
TTCTTGT,0.568393761114584
TTCTTTA,0.570096165799493
TTCTTTC,0.619616546037242
TTCTTTG,0.617497441392495
TTCTTTT,0.629528953877431
TTGAAAA,0.569965314437595
TTGAAAC,0.605066746397356
TTGAAAG,0.584515260142761
TTGAAAT,0.567607057314239
TTGAACA,0.600634821703321
TTGAACC,0.55692553240914
TTGAACG,0.590686723181425
TTGAACT,0.587734315997968
TTGAAGA,0.620985342349426
TTGAAGC,0.612368108067583
TTGAAGG,0.604434815598521
TTGAAGT,0.581156413244243
TTGAATA,0.578824431108459
TTGAATC,0.632852336941311
TTGAATG,0.58012064805671
TTGAATT,0.603928983279588
TTGACAA,0.58193253371076
TTGACAC,0.58644793686703
TTGACAG,0.605319406945039
TTGACAT,0.582061828578973
TTGACCA,0.583224730736007
TTGACCC,0.600634821703321
TTGACCG,0.618370557805807
TTGACCT,0.611991755972397
TTGACGA,0.588248404671725
TTGACGC,0.591199296682817
TTGACGG,0.587734315997968
TTGACGT,0.587605752524042
TTGACTA,0.58991736997067
TTGACTC,0.606077005789635
TTGACTG,0.583353858648456
TTGACTT,0.575055872541872
TTGAGAA,0.628171810120009
TTGAGAC,0.563269088587258
TTGAGAG,0.571534401855553
TTGAGAT,0.570227000041552
TTGAGCA,0.591967664649587
TTGAGCC,0.604181931422346
TTGAGCG,0.61724783947584
TTGAGCT,0.60278992418225
TTGAGGA,0.599492002025808
TTGAGGC,0.608849968016894
TTGAGGG,0.575706638077701
TTGAGGT,0.616248808331148
TTGAGTA,0.585031005935747
TTGAGTC,0.59783895335096
TTGAGTG,0.577266749671761
TTGAGTT,0.593758230607092
TTGATAA,0.585417640797094
TTGATAC,0.58991736997067
TTGATAG,0.591455484942821
TTGATAT,0.586962687108975
TTGATCA,0.60000008312841
TTGATCC,0.60215655249389
TTGATCG,0.589019042483339
TTGATCT,0.607716503612901
TTGATGA,0.597966208000895
TTGATGC,0.587991393370742
TTGATGG,0.580250177389616
TTGATGT,0.582449612910886
TTGATTA,0.596438082370573
TTGATTC,0.602283258928403
TTGATTG,0.581673893812035
TTGATTT,0.608975829237799
TTGCAAA,0.593886005575712
TTGCAAC,0.597457092209821
TTGCAAG,0.607842507564908
TTGCAAT,0.587605752524042
TTGCACA,0.583224730736007
TTGCACC,0.597202437081699
TTGCACG,0.588119907278085
TTGCACT,0.610484929581425
TTGCAGA,0.597075085195045
TTGCAGC,0.627677846287685
TTGCAGG,0.578694716955889
TTGCAGT,0.556660342285054
TTGCATA,0.583353858648456
TTGCATC,0.586962687108975
TTGCATG,0.587091333278893
TTGCATT,0.577006900038337
TTGCCAA,0.593886005575712
TTGCCAC,0.612995046973011
TTGCCAG,0.5828372469244
TTGCCAT,0.597584395459547
TTGCCCA,0.561950828751303
TTGCCCC,0.577006900038337
TTGCCCG,0.586061700225821
TTGCCCT,0.590045636617293
TTGCCGA,0.601269157640731
TTGCCGC,0.600761721085454
TTGCCGG,0.625699547333877
TTGCCGT,0.610233570956112
TTGCCTA,0.58193253371076
TTGCCTC,0.592479582162585
TTGCCTG,0.622103874689752
TTGCCTT,0.570357817168252
TTGCGAA,0.587605752524042
TTGCGAC,0.592223656163528
TTGCGAG,0.615873914188671
TTGCGAT,0.588248404671725
TTGCGCA,0.627307213222324
TTGCGCC,0.590045636617293
TTGCGCG,0.62804834203507
TTGCGCT,0.62508052544241
TTGCGGA,0.610861849094412
TTGCGGC,0.650272132765335
TTGCGGG,0.600634821703321
TTGCGGT,0.587477172519424
TTGCGTA,0.592223656163528
TTGCGTC,0.587477172519424
TTGCGTG,0.613872101636518
TTGCGTT,0.587734315997968
TTGCTAA,0.592351627350321
TTGCTAC,0.585675314348227
TTGCTAG,0.626318186274286
TTGCTAT,0.581415187001406
TTGCTCA,0.597075085195045
TTGCTCC,0.579343119526575
TTGCTCG,0.587734315997968
TTGCTCT,0.589660787309871
TTGCTGA,0.603549441057294
TTGCTGC,0.677198525803293
TTGCTGG,0.599873087051936
TTGCTGT,0.638733439066613
TTGCTTA,0.609227504166435
TTGCTTC,0.580250177389616
TTGCTTG,0.587091333278893
TTGCTTT,0.577526531800893
TTGGAAA,0.581544548772872
TTGGAAC,0.582320368174716
TTGGAAG,0.600888604366176
TTGGAAT,0.579343119526575
TTGGACA,0.583095586147387
TTGGACC,0.616998175242514
TTGGACG,0.586834024387089
TTGGACT,0.596183167581016
TTGGAGA,0.595418033090983
TTGGAGC,0.640320303286601
TTGGAGG,0.60645559008708
TTGGAGT,0.577656397562309
TTGGATA,0.598983662645568
TTGGATC,0.61412254746191
TTGGATG,0.604434815598521
TTGGATT,0.575446382680657
TTGGCAA,0.595162858109918
TTGGCAC,0.595545596167817
TTGGCAG,0.632975213344994
TTGGCAT,0.59860223845766
TTGGCCA,0.583612064462063
TTGGCCC,0.579991101943782
TTGGCCG,0.585804126229698
TTGGCCT,0.594396942248324
TTGGCGA,0.627554317195143
TTGGCGC,0.584515260142761
TTGGCGG,0.635061805426499
TTGGCGT,0.600888604366176
TTGGCTA,0.582578840945013
TTGGCTC,0.59260752060451
TTGGCTG,0.63653207698495
TTGGCTT,0.625823305742878
TTGGGAA,0.609856414513751
TTGGGAC,0.647611836025399
TTGGGAG,0.581156413244243
TTGGGAT,0.557455701773109
TTGGGCA,0.580638664751661
TTGGGCC,0.572579094003902
TTGGGCG,0.623965319486238
TTGGGCT,0.637633363775036
TTGGGGA,0.617123015150706
TTGGGGC,0.578824431108459
TTGGGGG,0.605319406945039
TTGGGGT,0.601142322639731
TTGGGTA,0.646885070594653
TTGGGTC,0.578954128437451
TTGGGTG,0.610359258166413
TTGGGTT,0.615248778125051
TTGGTAA,0.578954128437451
TTGGTAC,0.601395976556652
TTGGTAG,0.586834024387089
TTGGTAT,0.582449612910886
TTGGTCA,0.600254026907587
TTGGTCC,0.592479582162585
TTGGTCG,0.61562390665668
TTGGTCT,0.593758230607092
TTGGTGA,0.623097076427084
TTGGTGC,0.61724783947584
TTGGTGG,0.618370557805807
TTGGTGT,0.630268438529955
TTGGTTA,0.595673142974388
TTGGTTC,0.586061700225821
TTGGTTG,0.607338396466889
TTGGTTT,0.645187227701075
TTGTAAA,0.593119110752555
TTGTAAC,0.5828372469244
TTGTAAG,0.578824431108459
TTGTAAT,0.575706638077701
TTGTACA,0.57635698039315
TTGTACC,0.590302120564091
TTGTACG,0.58991736997067
TTGTACT,0.58399924821879
TTGTAGA,0.588890644082858
TTGTAGC,0.584773166288469
TTGTAGG,0.613496315253309
TTGTAGT,0.588248404671725
TTGTATA,0.583353858648456
TTGTATC,0.586319207894665
TTGTATG,0.580509185732748
TTGTATT,0.541696321459154
TTGTCAA,0.585675314348227
TTGTCAC,0.576876949896551
TTGTCAG,0.622724741365586
TTGTCAT,0.588890644082858
TTGTCCA,0.586061700225821
TTGTCCC,0.591583554464867
TTGTCCG,0.616873319747374
TTGTCCT,0.602536623644036
TTGTCGA,0.590558538743741
TTGTCGC,0.582061828578973
TTGTCGG,0.601269157640731
TTGTCGT,0.590558538743741
TTGTCTA,0.588248404671725
TTGTCTC,0.622228078866782
TTGTCTG,0.618744517313414
TTGTCTT,0.622228078866782
TTGTGAA,0.626936442737159
TTGTGAC,0.598347874817064
TTGTGAG,0.595162858109918
TTGTGAT,0.616748448661392
TTGTGCA,0.595162858109918
TTGTGCC,0.590302120564091
TTGTGCG,0.601903091451128
TTGTGCT,0.619242912551825
TTGTGGA,0.619741059516156
TTGTGGC,0.652202458513682
TTGTGGG,0.597075085195045
TTGTGGT,0.60822042418695
TTGTGTA,0.590302120564091
TTGTGTC,0.596183167581016
TTGTGTG,0.637021687519063
TTGTGTT,0.616248808331148
TTGTTAA,0.579602362881379
TTGTTAC,0.585288779118878
TTGTTAG,0.586705345108978
TTGTTAT,0.581673893812035
TTGTTCA,0.584128276164583
TTGTTCC,0.59337480771336
TTGTTCG,0.602283258928403
TTGTTCT,0.604940392180474
TTGTTGA,0.604940392180474
TTGTTGC,0.588119907278085
TTGTTGG,0.614498098633422
TTGTTGT,0.562478341241078
TTGTTTA,0.618121173752736
TTGTTTC,0.594907617997961
TTGTTTG,0.6438511830555
TTGTTTT,0.601015471549574
TTTAAAA,0.560498732935667
TTTAAAC,0.568917886690137
TTTAAAG,0.559441337277316
TTTAAAT,0.565506149731407
TTTAACA,0.574274394471818
TTTAACC,0.604814021996187
TTTAACG,0.579472749604867
TTTAACT,0.58953247128725
TTTAAGA,0.574013766009972
TTTAAGC,0.570227000041552
TTTAAGG,0.587862862945452
TTTAAGT,0.572187462333423
TTTAATA,0.583741142371829
TTTAATC,0.571142360756507
TTTAATG,0.588505349934872
TTTAATT,0.573231472813241
TTTACAA,0.58193253371076
TTTACAC,0.580509185732748
TTTACAG,0.578175692022488
TTTACAT,0.601269157640731
TTTACCA,0.608346364662966
TTTACCC,0.578175692022488
TTTACCG,0.604055465348812
TTTACCT,0.588119907278085
TTTACGA,0.592735442680283
TTTACGC,0.591327399016872
TTTACGG,0.591071177936452
TTTACGT,0.604308381504234
TTTACTA,0.575836740380802
TTTACTC,0.583095586147387
TTTACTG,0.585675314348227
TTTACTT,0.587219962901104
TTTAGAA,0.584902094422268
TTTAGAC,0.588248404671725
TTTAGAG,0.579472749604867
TTTAGAT,0.597711682505219
TTTAGCA,0.585031005935747
TTTAGCC,0.58953247128725
TTTAGCG,0.59171160758721
TTTAGCT,0.598093446459144
TTTAGGA,0.575055872541872
TTTAGGC,0.620612220037645
TTTAGGG,0.602663281933288
TTTAGGT,0.607590483781898
TTTAGTA,0.552008094767152
TTTAGTC,0.604308381504234
TTTAGTG,0.592479582162585
TTTAGTT,0.580638664751661
TTTATAA,0.593502631680091
TTTATAC,0.583353858648456
TTTATAG,0.579991101943782
TTTATAT,0.586705345108978
TTTATCA,0.582708052281413
TTTATCC,0.606203216481239
TTTATCG,0.587091333278893
TTTATCT,0.604814021996187
TTTATGA,0.580509185732748
TTTATGC,0.586705345108978
TTTATGG,0.581803222123222
TTTATGT,0.577526531800893
TTTATTA,0.587862862945452
TTTATTC,0.598093446459144
TTTATTG,0.589019042483339
TTTATTT,0.572448567154708
TTTCAAA,0.571273058200958
TTTCAAC,0.596565515401411
TTTCAAG,0.599110771718517
TTTCAAT,0.582061828578973
TTTCACA,0.589404138797514
TTTCACC,0.567344685120016
TTTCACG,0.589147424399788
TTTCACT,0.587348575979862
TTTCAGA,0.599873087051936
TTTCAGC,0.613245712521896
TTTCAGG,0.625947048837631
TTTCAGT,0.579083808947226
TTTCATA,0.595545596167817
TTTCATC,0.583741142371829
TTTCATG,0.581027001249882
TTTCATT,0.583612064462063
TTTCCAA,0.571926289318604
TTTCCAC,0.639221973239057
TTTCCAG,0.594013764219976
TTTCCAT,0.591199296682817
TTTCCCA,0.60822042418695
TTTCCCC,0.595673142974388
TTTCCCG,0.594013764219976
TTTCCCT,0.615748918235646
TTTCCGA,0.58193253371076
TTTCCGC,0.611489732747127
TTTCCGG,0.709128096915611
TTTCCGT,0.61412254746191
TTTCCTA,0.572056884352432
TTTCCTC,0.599619046504733
TTTCCTG,0.596055685814014
TTTCCTT,0.648217070667887
TTTCGAA,0.58863379781286
TTTCGAC,0.61562390665668
TTTCGAG,0.590045636617293
TTTCGAT,0.58863379781286
TTTCGCA,0.592735442680283
TTTCGCC,0.599492002025808
TTTCGCG,0.590173886813694
TTTCGCT,0.608849968016894
TTTCGGA,0.598856537413848
TTTCGGC,0.613746855198727
TTTCGGG,0.613746855198727
TTTCGGT,0.598093446459144
TTTCGTA,0.584128276164583
TTTCGTC,0.604561233709248
TTTCGTG,0.586319207894665
TTTCGTT,0.644823028879115
TTTCTAA,0.569834445951377
TTTCTAC,0.579213472642148
TTTCTAG,0.592863348394092
TTTCTAT,0.572056884352432
TTTCTCA,0.585546485872118
TTTCTCC,0.643729635891594
TTTCTCG,0.626441868149926
TTTCTCT,0.645672619892048
TTTCTGA,0.563137340777582
TTTCTGC,0.629035660135605
TTTCTGG,0.595418033090983
TTTCTGT,0.612368108067583
TTTCTTA,0.583612064462063
TTTCTTC,0.618619879681979
TTTCTTG,0.624956675068257
TTTCTTT,0.604561233709248
TTTGAAA,0.567475879822024
TTTGAAC,0.580768127007928
TTTGAAG,0.618993745982346
TTTGAAT,0.609353317882136
TTTGACA,0.592991237750122
TTTGACC,0.60215655249389
TTTGACG,0.592095668598014
TTTGACT,0.593119110752555
TTTGAGA,0.567738217601176
TTTGAGC,0.606707900016554
TTTGAGG,0.611740775863176
TTTGAGT,0.590814891189964
TTTGATA,0.585288779118878
TTTGATC,0.600634821703321
TTTGATG,0.581673893812035
TTTGATT,0.600127063078929
TTTGCAA,0.590173886813694
TTTGCAC,0.591967664649587
TTTGCAG,0.571273058200958
TTTGCAT,0.577136833295278
TTTGCCA,0.617871727491744
TTTGCCC,0.567607057314239
TTTGCCG,0.585932921520805
TTTGCCT,0.575316229577901
TTTGCGA,0.602283258928403
TTTGCGC,0.623097076427084
TTTGCGG,0.648217070667887
TTTGCGT,0.585546485872118
TTTGCTA,0.5968203327559
TTTGCTC,0.570357817168252
TTTGCTG,0.634448553702098
TTTGCTT,0.580379689946847
TTTGGAA,0.565769004686452
TTTGGAC,0.585031005935747
TTTGGAG,0.57674698286553
TTTGGAT,0.605193084650867
TTTGGCA,0.611615262182983
TTTGGCC,0.593886005575712
TTTGGCG,0.612493527296803
TTTGGCT,0.616748448661392
TTTGGGA,0.598729396019249
TTTGGGC,0.575966825759495
TTTGGGG,0.561555011689346
TTTGGGT,0.647490745127406
TTTGGTA,0.578954128437451
TTTGGTC,0.59452463563685
TTTGGTG,0.612995046973011
TTTGGTT,0.624213250533142
TTTGTAA,0.586061700225821
TTTGTAC,0.580379689946847
TTTGTAG,0.58012064805671
TTTGTAT,0.541696321459154
TTTGTCA,0.579991101943782
TTTGTCC,0.608094467847933
TTTGTCG,0.587091333278893
TTTGTCT,0.621358325492873
TTTGTGA,0.616873319747374
TTTGTGC,0.605193084650867
TTTGTGG,0.613245712521896
TTTGTGT,0.627060048174038
TTTGTTA,0.57791607850074
TTTGTTC,0.577266749671761
TTTGTTG,0.60910167461965
TTTGTTT,0.625204360479547
TTTTAAA,0.530868957720417
TTTTAAC,0.572840096601631
TTTTAAG,0.585288779118878
TTTTAAT,0.548671759655054
TTTTACA,0.600507906215692
TTTTACC,0.597711682505219
TTTTACG,0.603928983279588
TTTTACT,0.578564985975374
TTTTAGA,0.601015471549574
TTTTAGC,0.59783895335096
TTTTAGG,0.601522779391576
TTTTAGT,0.544787614146398
TTTTATA,0.579213472642148
TTTTATC,0.617372648221807
TTTTATG,0.575316229577901
TTTTATT,0.554403382300087
TTTTCAA,0.567607057314239
TTTTCAC,0.584128276164583
TTTTCAG,0.645793931135352
TTTTCAT,0.575706638077701
TTTTCCA,0.608724090952948
TTTTCCC,0.574274394471818
TTTTCCG,0.665611402527054
TTTTCCT,0.642391641113992
TTTTCGA,0.590430337872701
TTTTCGC,0.59094304277357
TTTTCGG,0.609730664082566
TTTTCGT,0.641295584970425
TTTTCTA,0.58399924821879
TTTTCTC,0.665730319068711
TTTTCTG,0.581673893812035
TTTTCTT,0.54933991776226
TTTTGAA,0.598729396019249
TTTTGAC,0.579083808947226
TTTTGAG,0.55692553240914
TTTTGAT,0.578045893686512
TTTTGCA,0.570880914610975
TTTTGCC,0.60645559008708
TTTTGCG,0.610359258166413
TTTTGCT,0.606960146301786
TTTTGGA,0.58193253371076
TTTTGGC,0.619990039972815
TTTTGGG,0.577136833295278
TTTTGGT,0.60215655249389
TTTTGTA,0.541023034926607
TTTTGTC,0.631868781783097
TTTTGTG,0.62508052544241
TTTTGTT,0.615873914188671
TTTTTAA,0.539135417422875
TTTTTAC,0.569965314437595
TTTTTAG,0.583095586147387
TTTTTAT,0.564059211146089
TTTTTCA,0.608724090952948
TTTTTCC,0.668342911644725
TTTTTCG,0.607590483781898
TTTTTCT,0.589275789836436
TTTTTGA,0.559441337277316
TTTTTGC,0.599746074845409
TTTTTGG,0.581156413244243
TTTTTGT,0.606329411245714
TTTTTTA,0.544116406423483
TTTTTTC,0.623841330907799
TTTTTTG,0.582320368174716
TTTTTTT,0
