MOTIF,Score
AAAAAA,0
AAAAAC,0.169220764233497
AAAAAG,0.161134140314975
AAAAAT,0.123179426496334
AAAACA,0.167830509610329
AAAACC,0.181170289527346
AAAACG,0.187567558418403
AAAACT,0.177372672685368
AAAAGA,0.169050947867337
AAAAGC,0.183352923758175
AAAAGG,0.180704959314469
AAAAGT,0.163939121352572
AAAATA,0.130483007596548
AAAATC,0.184467162147747
AAAATG,0.167312531933975
AAAATT,0.144255699461497
AAACAA,0.169980725021743
AAACAC,0.178130290762429
AAACAG,0.183961535449629
AAACAT,0.178562411630894
AAACCA,0.182229823972194
AAACCC,0.172891773657659
AAACCG,0.180785072567704
AAACCT,0.188559778234856
AAACGA,0.185413099748496
AAACGC,0.182972353267207
AAACGG,0.187071079078239
AAACGT,0.182766784964254
AAACTA,0.179674359626877
AAACTC,0.181044442881139
AAACTG,0.188627909879966
AAACTT,0.191628663302479
AAAGAA,0.179735461815682
AAAGAC,0.182637331386591
AAAGAG,0.176855785616264
AAAGAT,0.176790677189126
AAAGCA,0.182519285576184
AAAGCC,0.1835621758092
AAAGCG,0.185295381170831
AAAGCT,0.191085114075724
AAAGGA,0.185625717542115
AAAGGC,0.19079434495104
AAAGGG,0.176618310887661
AAAGGT,0.192790263879307
AAAGTA,0.1685374639091
AAAGTC,0.174209737784159
AAAGTG,0.169710754337339
AAAGTT,0.176614480187937
AAATAA,0.144271526101967
AAATAC,0.169189890675427
AAATAG,0.166716912611183
AAATAT,0.156603165861856
AAATCA,0.179097523764506
AAATCC,0.181623968678609
AAATCG,0.183790400846803
AAATCT,0.194898814196614
AAATGA,0.174175177816886
AAATGC,0.178325341885208
AAATGG,0.182880994794043
AAATGT,0.169652893992797
AAATTA,0.149480684870539
AAATTC,0.18661227983544
AAATTG,0.170242912486187
AAATTT,0.183455652963815
AACAAA,0.177506636842953
AACAAC,0.185462461479811
AACAAG,0.190359921885547
AACAAT,0.186718466975927
AACACA,0.180426420442581
AACACC,0.188699821580917
AACACG,0.182945707908025
AACACT,0.189116050876549
AACAGA,0.191685266026623
AACAGC,0.195455331946221
AACAGG,0.203579722912222
AACAGT,0.184649581198178
AACATA,0.172010882106582
AACATC,0.1852574044798
AACATG,0.178428588844112
AACATT,0.199600654086868
AACCAA,0.189569921698951
AACCAC,0.185864858536693
AACCAG,0.195071819103237
AACCAT,0.183276821245812
AACCCA,0.185223224224723
AACCCC,0.180773628210181
AACCCG,0.179922564047411
AACCCT,0.182877188009861
AACCGA,0.184246694721418
AACCGC,0.182389799952799
AACCGG,0.182880994794043
AACCGT,0.18371433162153
AACCTA,0.186009074665629
AACCTC,0.185135869375814
AACCTG,0.185276393005594
AACCTT,0.194006988162708
AACGAA,0.185424491133527
AACGAC,0.186892892803227
AACGAG,0.181673517798155
AACGAT,0.184277106911522
AACGCA,0.183649668230079
AACGCC,0.184455759852129
AACGCG,0.181223674229324
AACGCT,0.185936969200947
AACGGA,0.186289856927901
AACGGC,0.186396078309257
AACGGG,0.182842926300082
AACGGT,0.187086242401639
AACGTA,0.183546958954563
AACGTC,0.182485011601651
AACGTG,0.185629513877624
AACGTT,0.183554567410826
AACTAA,0.185443476486888
AACTAC,0.186460564357884
AACTAG,0.178252680227191
AACTAT,0.178298572414932
AACTCA,0.186377111032939
AACTCC,0.17471264213779
AACTCG,0.182073632254064
AACTCT,0.19958942304963
AACTGA,0.190254120737985
AACTGC,0.185936969200947
AACTGG,0.191338052205144
AACTGT,0.188521925315041
AACTTA,0.183999561384442
AACTTC,0.194311878936801
AACTTG,0.185769968160676
AACTTT,0.216814724219105
AAGAAA,0.183193101792379
AAGAAC,0.19825202819928
AAGAAG,0.215448598321468
AAGAAT,0.182869574398021
AAGACA,0.191228579375081
AAGACC,0.191790915873661
AAGACG,0.184915549344601
AAGACT,0.184843364984793
AAGAGA,0.192228489227678
AAGAGC,0.191549414105794
AAGAGG,0.187211331047341
AAGAGT,0.184208678183099
AAGATA,0.179662902550823
AAGATC,0.192213403678279
AAGATG,0.190994493807097
AAGATT,0.181540110729036
AAGCAA,0.177839555735783
AAGCAC,0.185963534977042
AAGCAG,0.201306306707855
AAGCAT,0.181555358152021
AAGCCA,0.184926946398798
AAGCCC,0.191217253915525
AAGCCG,0.184478564313355
AAGCCT,0.1867753483061
AAGCGA,0.182325050853116
AAGCGC,0.18391970525117
AAGCGG,0.187055915524908
AAGCGT,0.181825961230398
AAGCTA,0.186559182036506
AAGCTC,0.186035638526281
AAGCTG,0.195256074022143
AAGCTT,0.195688375743353
AAGGAA,0.18371433162153
AAGGAC,0.192160602463168
AAGGAG,0.190223889782548
AAGGAT,0.187207540712205
AAGGCA,0.18509408827217
AAGGCC,0.18658193858128
AAGGCG,0.183550763189931
AAGGCT,0.186858768404822
AAGGGA,0.18440634840203
AAGGGC,0.182877188009861
AAGGGG,0.180632470364096
AAGGGT,0.178191487367208
AAGGTA,0.188075152619282
AAGGTC,0.179303847658832
AAGGTG,0.195639516221053
AAGGTT,0.184330326018763
AAGTAA,0.164687598508148
AAGTAC,0.182606869285652
AAGTAG,0.176495721217488
AAGTAT,0.171048323307704
AAGTCA,0.188839845317585
AAGTCC,0.186521253311044
AAGTCG,0.183984351184033
AAGTCT,0.180334829069882
AAGTGA,0.173637424472739
AAGTGC,0.167053442448215
AAGTGG,0.188639264702867
AAGTGT,0.179968379666234
AAGTTA,0.172130174856201
AAGTTC,0.186726051340226
AAGTTG,0.185599142790002
AAGTTT,0.188347783426492
AATAAA,0.151325000696056
AATAAC,0.179498670034568
AATAAG,0.169382834777162
AATAAT,0.16367527567403
AATACA,0.17070542862025
AATACC,0.185504227195572
AATACG,0.181338060423488
AATACT,0.179670540616111
AATAGA,0.166976089291659
AATAGC,0.182260297560716
AATAGG,0.176721734233716
AATAGT,0.174701128073371
AATATA,0.161476443002004
AATATC,0.178959950848077
AATATG,0.172572588201824
AATATT,0.179070774957428
AATCAA,0.190065162270921
AATCAC,0.18356597998668
AATCAG,0.178608289606911
AATCAT,0.179659083496302
AATCCA,0.185792742672115
AATCCC,0.169240059723267
AATCCG,0.182515477414801
AATCCT,0.18658193858128
AATCGA,0.182119349428538
AATCGC,0.180720219476582
AATCGG,0.183292042211619
AATCGT,0.181326622392843
AATCTA,0.190242784236795
AATCTC,0.185678864927782
AATCTG,0.19076035343023
AATCTT,0.200708163356754
AATGAA,0.184622980492474
AATGAC,0.185052305422792
AATGAG,0.174221257507835
AATGAT,0.179594157337809
AATGCA,0.182572598312881
AATGCC,0.182267915812749
AATGCG,0.182416460128268
AATGCT,0.187658489755418
AATGGA,0.189683357224554
AATGGC,0.185154860209499
AATGGG,0.181166476225292
AATGGT,0.181280868961931
AATGTA,0.177426260501989
AATGTC,0.180926208875955
AATGTG,0.17867327980349
AATGTT,0.196112977213721
AATTAA,0.16602802720503
AATTAC,0.184702780486888
AATTAG,0.154815550559997
AATTAT,0.17679833722411
AATTCA,0.185264999933385
AATTCC,0.18440634840203
AATTCG,0.182477395003335
AATTCT,0.207951482701989
AATTGA,0.175733029200171
AATTGC,0.183139822127041
AATTGG,0.18051037183204
AATTGT,0.178183837996413
AATTTA,0.174551433170474
AATTTC,0.195109424905291
AATTTG,0.195289913072149
AATTTT,0.232825321353806
ACAAAA,0.161507555618742
ACAAAC,0.182325050853116
ACAAAG,0.17779746866282
ACAAAT,0.18316646231455
ACAACA,0.195504200468285
ACAACC,0.186267093735312
ACAACG,0.183771384082965
ACAACT,0.191247454855978
ACAAGA,0.193242470519781
ACAAGC,0.191349376296695
ACAAGG,0.183927310871948
ACAAGT,0.181501991154427
ACAATA,0.175268997253293
ACAATC,0.183893085122905
ACAATG,0.187582714215452
ACAATT,0.190390148728945
ACACAA,0.181101647865461
ACACAC,0.171310231047255
ACACAG,0.18639987172135
ACACAT,0.180025646238103
ACACCA,0.182545942299813
ACACCC,0.185348546115446
ACACCG,0.182405034425814
ACACCT,0.182968546830791
ACACGA,0.181540110729036
ACACGC,0.181806907072202
ACACGG,0.181094020723288
ACACGT,0.185523211035189
ACACTA,0.182435502675594
ACACTC,0.187779718677409
ACACTG,0.190182320726522
ACACTT,0.192767648178508
ACAGAA,0.194180147415069
ACAGAC,0.195124466830146
ACAGAG,0.191824872382726
ACAGAT,0.201769621847565
ACAGCA,0.201025971558709
ACAGCC,0.194093571536904
ACAGCG,0.189263581490511
ACAGCT,0.20095494084292
ACAGGA,0.211098459989375
ACAGGC,0.181124528942946
ACAGGG,0.191526770324572
ACAGGT,0.213567584147615
ACAGTA,0.183421411067843
ACAGTC,0.185644699075541
ACAGTG,0.193506163322546
ACAGTT,0.192778956092841
ACATAA,0.176024377224079
ACATAC,0.176296480945499
ACATAG,0.176963013785569
ACATAT,0.176530201081218
ACATCA,0.190114294907312
ACATCC,0.184060399872681
ACATCG,0.181818339610687
ACATCT,0.184436755737177
ACATGA,0.182976159689133
ACATGC,0.188669543600284
ACATGG,0.177881641037498
ACATGT,0.179177765893018
ACATTA,0.186388491441901
ACATTC,0.186858768404822
ACATTG,0.19303146620172
ACATTT,0.213490054726197
ACCAAA,0.18509408827217
ACCAAC,0.186221565795585
ACCAAG,0.193344188838651
ACCAAT,0.186377111032939
ACCACA,0.178608289606911
ACCACC,0.181681140521719
ACCACG,0.178413293670975
ACCACT,0.186987676689352
ACCAGA,0.197985834344611
ACCAGC,0.183931113660645
ACCAGG,0.196680083744145
ACCAGT,0.190526158218807
ACCATA,0.179872928091494
ACCATC,0.18163921482304
ACCATG,0.172364870658337
ACCATT,0.192145515889618
ACCCAA,0.190325915594576
ACCCAC,0.182880994794043
ACCCAG,0.183946324670823
ACCCAT,0.187158265048026
ACCCCA,0.188484070962328
ACCCCC,0.196698856606209
ACCCCG,0.179662902550823
ACCCCT,0.198364483183684
ACCCGA,0.184987728494203
ACCCGC,0.185397911033264
ACCCGG,0.17579820652329
ACCCGT,0.181932657807449
ACCCTA,0.182576406256745
ACCCTC,0.193035234526424
ACCCTG,0.187055915524908
ACCCTT,0.198394469043858
ACCGAA,0.186255711944703
ACCGAC,0.18198981200546
ACCGAG,0.18536753291069
ACCGAT,0.182363139066546
ACCGCA,0.180449316975038
ACCGCC,0.1817573645617
ACCGCG,0.179907291707998
ACCGCT,0.186805683692623
ACCGGA,0.181696385794531
ACCGGC,0.184163056429294
ACCGGG,0.18386646428599
ACCGGT,0.182313624106193
ACCGTA,0.181448621308644
ACCGTC,0.180716404457886
ACCGTG,0.178952307353309
ACCGTT,0.187650912459803
ACCTAA,0.188904173974794
ACCTAC,0.18748798671519
ACCTAG,0.182317433036342
ACCTAT,0.183851252060997
ACCTCA,0.18050274017877
ACCTCC,0.192515071435709
ACCTCG,0.17795432965986
ACCTCT,0.192349165430911
ACCTGA,0.185648495338991
ACCTGC,0.184824368234576
ACCTGG,0.186077380310251
ACCTGT,0.189951770049762
ACCTTA,0.188442429519218
ACCTTC,0.204950977540878
ACCTTG,0.188374285235422
ACCTTT,0.215452283111102
ACGAAA,0.183877873302872
ACGAAC,0.183288236991887
ACGAAG,0.183839842740387
ACGAAT,0.183710528008365
ACGACA,0.185253606731373
ACGACC,0.184778774561626
ACGACG,0.181803096196995
ACGACT,0.184550775009918
ACGAGA,0.180750739102208
ACGAGC,0.180621024259996
ACGAGG,0.182366947808101
ACGAGT,0.182347903955259
ACGATA,0.182850540114812
ACGATC,0.180624839642586
ACGATG,0.188427286746338
ACGATT,0.182671600141006
ACGCAA,0.183699117082067
ACGCAC,0.181822150427804
ACGCAG,0.188650619396837
ACGCAT,0.183238767817672
ACGCCA,0.18271348257945
ACGCCC,0.17902873967208
ACGCCG,0.182717289986873
ACGCCT,0.175917048353839
ACGCGA,0.181692574498117
ACGCGC,0.180273763493874
ACGCGG,0.18120460859149
ACGCGT,0.181810717932886
ACGCTA,0.18411743259405
ACGCTC,0.181593475692396
ACGCTG,0.183832236454328
ACGCTT,0.182580214186108
ACGGAA,0.187825175734495
ACGGAC,0.181784041603116
ACGGAG,0.183938719194656
ACGGAT,0.185135869375814
ACGGCA,0.185876244776757
ACGGCC,0.185158658332958
ACGGCG,0.185044708353517
ACGGCT,0.184531772700577
ACGGGA,0.185416896891258
ACGGGC,0.18146387012666
ACGGGG,0.180136352312154
ACGGGT,0.181460057943955
ACGGTA,0.185925583652288
ACGGTC,0.182458353253738
ACGGTG,0.183862661251436
ACGGTT,0.185663680248675
ACGTAA,0.183314873225942
ACGTAC,0.182561174394285
ACGTAG,0.182267915812749
ACGTAT,0.185116878181471
ACGTCA,0.183881676279574
ACGTCC,0.183204518494209
ACGTCG,0.18214982638375
ACGTCT,0.183596412885543
ACGTGA,0.184801571657949
ACGTGC,0.18266017735335
ACGTGG,0.183116987115727
ACGTGT,0.184094619895829
ACGTTA,0.180128717803952
ACGTTC,0.184584978256818
ACGTTG,0.186388491441901
ACGTTT,0.189274929097808
ACTAAA,0.167053442448215
ACTAAC,0.19288449046095
ACTAAG,0.180327196076808
ACTAAT,0.196165570155988
ACTACA,0.181357123517172
ACTACC,0.183040866645191
ACTACG,0.184862361374139
ACTACT,0.184280908370254
ACTAGA,0.180380625804854
ACTAGC,0.178818536736777
ACTAGG,0.183231156958274
ACTAGT,0.179445193161818
ACTATA,0.181010118319723
ACTATC,0.183276821245812
ACTATG,0.178982880981849
ACTATT,0.186232947974843
ACTCAA,0.187328824311275
ACTCAC,0.186286063098453
ACTCAG,0.183311068093087
ACTCAT,0.18411743259405
ACTCCA,0.179869109838989
ACTCCC,0.194958993211155
ACTCCG,0.180170706877797
ACTCCT,0.184930745387999
ACTCGA,0.183425215780853
ACTCGC,0.181608722301731
ACTCGG,0.177942852860222
ACTCGT,0.184345530957775
ACTCTA,0.1867753483061
ACTCTC,0.197261878655189
ACTCTG,0.18856734864688
ACTCTT,0.212193315187421
ACTGAA,0.192051219647909
ACTGAC,0.187112777664342
ACTGAG,0.181006304406838
ACTGAT,0.186441598304663
ACTGCA,0.16988431528676
ACTGCC,0.184060399872681
ACTGCG,0.180739294351752
ACTGCT,0.186786724183887
ACTGGA,0.195131987707727
ACTGGC,0.187885781929808
ACTGGG,0.182142207232026
ACTGGT,0.186286063098453
ACTGTA,0.176453577547252
ACTGTC,0.186422631891724
ACTGTG,0.187828963729315
ACTGTT,0.197074239858195
ACTTAA,0.184391144387721
ACTTAC,0.193483563806704
ACTTAG,0.180334829069882
ACTTAT,0.188419715273909
ACTTCA,0.19422907829174
ACTTCC,0.197539519476434
ACTTCG,0.182732519471605
ACTTCT,0.204690285840371
ACTTGA,0.179701092293873
ACTTGC,0.193547594441803
ACTTGG,0.182698252804791
ACTTGT,0.195101903858015
ACTTTA,0.190356143465879
ACTTTC,0.213334977848595
ACTTTG,0.1811474094969
ACTTTT,0.256777284131269
AGAAAA,0.169132000184811
AGAAAC,0.184501368254549
AGAAAG,0.186377111032939
AGAAAT,0.182393608592811
AGAACA,0.191285204748954
AGAACC,0.186267093735312
AGAACG,0.190140749942437
AGAACT,0.191413543726713
AGAAGA,0.226748426279409
AGAAGC,0.204302846922915
AGAAGG,0.200072243786093
AGAAGT,0.189985789066199
AGAATA,0.16744011850378
AGAATC,0.184189669371954
AGAATG,0.186043228071147
AGAATT,0.173764206668823
AGACAA,0.190000908257591
AGACAC,0.190609266023641
AGACAG,0.178271802228033
AGACAT,0.182005052573253
AGACCA,0.181734497959761
AGACCC,0.185807925391591
AGACCG,0.184926946398798
AGACCT,0.192013498661386
AGACGA,0.184660981284015
AGACGC,0.186737427778819
AGACGG,0.178237382363245
AGACGT,0.18578135548123
AGACTA,0.182938094817853
AGACTC,0.183798007451081
AGACTG,0.183508915804897
AGACTT,0.183756170411511
AGAGAA,0.189966889755499
AGAGAC,0.181894553193916
AGAGAG,0.188525710671501
AGAGAT,0.18120460859149
AGAGCA,0.189150098334729
AGAGCC,0.19131540363733
AGAGCG,0.184664781283747
AGAGCT,0.19339692759758
AGAGGA,0.198132062275441
AGAGGC,0.186445391544084
AGAGGG,0.178768845949786
AGAGGT,0.177808947131116
AGAGTA,0.177414777640171
AGAGTC,0.18735914291279
AGAGTG,0.184353133340586
AGAGTT,0.185044708353517
AGATAA,0.180598131658748
AGATAC,0.185542194514427
AGATAG,0.178271802228033
AGATAT,0.181894553193916
AGATCA,0.180926208875955
AGATCC,0.195624482041596
AGATCG,0.184075608916428
AGATCT,0.192963633928687
AGATGA,0.20605629993043
AGATGC,0.198683036981175
AGATGG,0.180441684855802
AGATGT,0.189123617078548
AGATTA,0.174904523696214
AGATTC,0.192326539752049
AGATTG,0.180323379558422
AGATTT,0.186206389355044
AGCAAA,0.187446303772164
AGCAAC,0.187851691396911
AGCAAG,0.190257899543156
AGCAAT,0.18324257322565
AGCACA,0.18918036176885
AGCACC,0.187014214567617
AGCACG,0.185515617542588
AGCACT,0.177070230458227
AGCAGA,0.20706751102569
AGCAGC,0.207988607268681
AGCAGG,0.207468737873837
AGCAGT,0.198435698133506
AGCATA,0.180704959314469
AGCATC,0.189690919135432
AGCATG,0.185128272941357
AGCATT,0.187055915524908
AGCCAA,0.192564083851878
AGCCAC,0.175813541746675
AGCCAG,0.185166254536599
AGCCAT,0.185056103935786
AGCCCA,0.190715029605082
AGCCCC,0.191685266026623
AGCCCG,0.185204234689296
AGCCCT,0.194579052443686
AGCCGA,0.183508915804897
AGCCGC,0.185356140876803
AGCCGG,0.180750739102208
AGCCGT,0.186164652955907
AGCCTA,0.176947696179602
AGCCTC,0.165431642086487
AGCCTG,0.172841787483305
AGCCTT,0.193408228398354
AGCGAA,0.182469778347007
AGCGAC,0.183626844858272
AGCGAG,0.185466258435144
AGCGAT,0.18210030085984
AGCGCA,0.186062201681313
AGCGCC,0.182835312427382
AGCGCG,0.180811775559261
AGCGCT,0.183805613997499
AGCGGA,0.189138749310805
AGCGGC,0.18677155631808
AGCGGG,0.185713029612757
AGCGGT,0.187343983726935
AGCGTA,0.180735479405826
AGCGTC,0.186346762642516
AGCGTG,0.180521819202742
AGCGTT,0.182903835194818
AGCTAA,0.177506636842953
AGCTAC,0.171106102970863
AGCTAG,0.178780313273636
AGCTAT,0.184280908370254
AGCTCA,0.185185244793259
AGCTCC,0.193302749291041
AGCTCG,0.185906607449784
AGCTCT,0.195962696421272
AGCTGA,0.188124383125035
AGCTGC,0.19504173344334
AGCTGG,0.178860580858809
AGCTGT,0.195368866402687
AGCTTA,0.180346278450252
AGCTTC,0.198439446148277
AGCTTG,0.187703952323422
AGCTTT,0.201268933228286
AGGAAA,0.192526382206503
AGGAAC,0.194018282071451
AGGAAG,0.209702261268924
AGGAAT,0.18907821900782
AGGACA,0.198109567062418
AGGACC,0.191198377864556
AGGACG,0.18875280584118
AGGACT,0.194673110632478
AGGAGA,0.196522377787703
AGGAGC,0.197486998746482
AGGAGG,0.196920349767874
AGGAGT,0.177835729711435
AGGATA,0.185227022088536
AGGATC,0.192202089366883
AGGATG,0.205077574707045
AGGATT,0.190148308395356
AGGCAA,0.188434858161441
AGGCAC,0.190087839172299
AGGCAG,0.179380253114311
AGGCAT,0.180716404457886
AGGCCA,0.19263571306233
AGGCCC,0.194278006774299
AGGCCG,0.184934544362768
AGGCCT,0.195744749148989
AGGCGA,0.184501368254549
AGGCGC,0.178906445157777
AGGCGG,0.174367162522618
AGGCGT,0.176775356943127
AGGCTA,0.186896684331169
AGGCTC,0.186251917985712
AGGCTG,0.163752884570874
AGGCTT,0.193878981615006
AGGGAA,0.187802447464245
AGGGAC,0.189592609833505
AGGGAG,0.189312753525499
AGGGAT,0.186509874412876
AGGGCA,0.191983320847666
AGGGCC,0.188249341986612
AGGGCG,0.182618292682247
AGGGCT,0.188612769915535
AGGGGA,0.186081174931487
AGGGGC,0.191839963794427
AGGGGG,0.187271974455738
AGGGGT,0.181970760969076
AGGGTA,0.179395533504896
AGGGTC,0.190881206921921
AGGGTG,0.191194602611606
AGGGTT,0.175157750989918
AGGTAA,0.193946751828436
AGGTAC,0.194913859289769
AGGTAG,0.183596412885543
AGGTAT,0.192070079607607
AGGTCA,0.188836061150052
AGGTCC,0.201048401262899
AGGTCG,0.18887768620534
AGGTCT,0.195831182199129
AGGTGA,0.198060825698153
AGGTGC,0.200427660453317
AGGTGG,0.208378332030742
AGGTGT,0.187813811663942
AGGTTA,0.181353310927507
AGGTTC,0.191930507482183
AGGTTG,0.185902812166071
AGGTTT,0.220220062515591
AGTAAA,0.166840706868192
AGTAAC,0.180971978536289
AGTAAG,0.180777443010575
AGTAAT,0.171914667909369
AGTACA,0.180048551948633
AGTACC,0.185701641514123
AGTACG,0.181303745939059
AGTACT,0.179769830156267
AGTAGA,0.167459448382257
AGTAGC,0.165179814312691
AGTAGG,0.184562176222203
AGTAGT,0.172687968196236
AGTATA,0.167173328017213
AGTATC,0.179246539735927
AGTATG,0.180113448612689
AGTATT,0.180537082159838
AGTCAA,0.189017685040696
AGTCAC,0.187438724868577
AGTCAG,0.181273243186586
AGTCAT,0.18046839701829
AGTCCA,0.186638827677678
AGTCCC,0.177024281863254
AGTCCG,0.182679215260288
AGTCCT,0.186964929376008
AGTCGA,0.184725579315701
AGTCGC,0.180621024259996
AGTCGG,0.184144046750906
AGTCGT,0.182420268666743
AGTCTA,0.176985989754599
AGTCTC,0.181402873459388
AGTCTG,0.179013453675671
AGTCTT,0.189214407037515
AGTGAA,0.182031723007991
AGTGAC,0.191394671380592
AGTGAG,0.162040209007006
AGTGAT,0.180300480142221
AGTGCA,0.175648675769665
AGTGCC,0.187203750362702
AGTGCG,0.185553584428994
AGTGCT,0.173560578954569
AGTGGA,0.193901572196465
AGTGGC,0.177173607078222
AGTGGG,0.19041659646745
AGTGGT,0.183611628987671
AGTGTA,0.175165423543344
AGTGTC,0.185504227195572
AGTGTG,0.17925418098207
AGTGTT,0.192285058011181
AGTTAA,0.170786346954517
AGTTAC,0.184786373651479
AGTTAG,0.174052288259249
AGTTAT,0.181608722301731
AGTTCA,0.178302396668846
AGTTCC,0.191190827344403
AGTTCG,0.180762183721684
AGTTCT,0.19240195669087
AGTTGA,0.182488819879054
AGTTGC,0.18295712743461
AGTTGG,0.186096353272442
AGTTGT,0.187237862991036
AGTTTA,0.180701144237554
AGTTTC,0.189830804173366
AGTTTG,0.188169824517745
AGTTTT,0.190322137046417
ATAAAA,0.153256113853838
ATAAAC,0.181299933145882
ATAAAG,0.176012878253248
ATAAAT,0.148019335022278
ATAACA,0.180250862941452
ATAACC,0.188113022454206
ATAACG,0.182816277492003
ATAACT,0.180227961864583
ATAAGA,0.17243796138061
ATAAGC,0.176166186993455
ATAAGG,0.173691212822059
ATAAGT,0.171522018022623
ATAATA,0.161215836828461
ATAATC,0.177724768637139
ATAATG,0.175422420070636
ATAATT,0.177081717277091
ATACAA,0.173933224597237
ATACAC,0.177908421670984
ATACAG,0.191938052419453
ATACAT,0.173053250377498
ATACCA,0.185435882388797
ATACCC,0.183097957541304
ATACCG,0.182603061457787
ATACCT,0.181806907072202
ATACGA,0.181090207130387
ATACGC,0.1810558841398
ATACGG,0.183881676279574
ATACGT,0.1827210973798
ATACTA,0.175338040434009
ATACTC,0.183082733621032
ATACTG,0.182888608318933
ATACTT,0.186525046248328
ATAGAA,0.168711228597729
ATAGAC,0.17939935356606
ATAGAG,0.173960111179422
ATAGAT,0.171498916168495
ATAGCA,0.182027912989435
ATAGCC,0.186160858651425
ATAGCG,0.181818339610687
ATAGCT,0.18561812482786
ATAGGA,0.185071297843477
ATAGGC,0.179880564552767
ATAGGG,0.185340951296408
ATAGGT,0.190579045802842
ATAGTA,0.170123394373803
ATAGTC,0.180483660790782
ATAGTG,0.174232777098808
ATAGTT,0.174585980137045
ATATAA,0.161421993593365
ATATAC,0.172830251857458
ATATAG,0.169853462208393
ATATAT,0.150259723535468
ATATCA,0.177571698673284
ATATCC,0.184801571657949
ATATCG,0.180174523978904
ATATCT,0.187919871300581
ATATGA,0.174017722850003
ATATGC,0.180388258390112
ATATGG,0.179620892148883
ATATGT,0.18166208360386
ATATTA,0.176641294777848
ATATTC,0.187476618812129
ATATTG,0.185914197973997
ATATTT,0.196758927396658
ATCAAA,0.183953930089147
ATCAAC,0.18722270196655
ATCAAG,0.190046264460274
ATCAAT,0.185948354619977
ATCACA,0.183417606340357
ATCACC,0.180544713551027
ATCACG,0.181707819596617
ATCACT,0.186134298116939
ATCAGA,0.18440634840203
ATCAGC,0.188374285235422
ATCAGG,0.186232947974843
ATCAGT,0.179464292373235
ATCATA,0.176645125374854
ATCATC,0.191447513052218
ATCATG,0.183029448074833
ATCATT,0.189346794287226
ATCCAA,0.18896093111834
ATCCAC,0.180117265932362
ATCCAG,0.199930041741777
ATCCAT,0.188412143744152
ATCCCA,0.178134115659947
ATCCCC,0.191783369826169
ATCCCG,0.182991385231953
ATCCCT,0.19497779841053
ATCCGA,0.18277439935873
ATCCGC,0.181795474403013
ATCCGG,0.185564974213831
ATCCGT,0.183463262114804
ATCCTA,0.184820568841227
ATCCTC,0.190839665181537
ATCCTG,0.185124474702488
ATCCTT,0.209709673304371
ATCGAA,0.18444055658906
ATCGAC,0.188139530485375
ATCGAG,0.18117791608783
ATCGAT,0.182979966096571
ATCGCA,0.181745931326091
ATCGCC,0.182896221785858
ATCGCG,0.179934018148906
ATCGCT,0.17889497928024
ATCGGA,0.18632400074526
ATCGGC,0.183619236951912
ATCGGG,0.185048506895369
ATCGGT,0.184216281606384
ATCGTA,0.182393608592811
ATCGTC,0.183725742374218
ATCGTG,0.182206968171368
ATCGTT,0.181761175611189
ATCTAA,0.185302976335973
ATCTAC,0.192300142479681
ATCTAG,0.188703606264037
ATCTAT,0.184812970011223
ATCTCA,0.184512770030141
ATCTCC,0.190307022711001
ATCTCG,0.179670540616111
ATCTCT,0.190284350779538
ATCTGA,0.183113181229813
ATCTGC,0.194183911413662
ATCTGG,0.188764159246006
ATCTGT,0.183284431757675
ATCTTA,0.183957732776618
ATCTTC,0.208467390654444
ATCTTG,0.184740778246145
ATCTTT,0.237345361682919
ATGAAA,0.179662902550823
ATGAAC,0.190609266023641
ATGAAG,0.197149299602043
ATGAAT,0.188044855718739
ATGACA,0.190888759780224
ATGACC,0.185648495338991
ATGACG,0.181822150427804
ATGACT,0.188438643847495
ATGAGA,0.180300480142221
ATGAGC,0.179193049377977
ATGAGG,0.180895694605212
ATGAGT,0.1751462420494
ATGATA,0.181021559971104
ATGATC,0.182024102956363
ATGATG,0.196818994578824
ATGATT,0.197404460597292
ATGCAA,0.185006722141388
ATGCAC,0.183642060497355
ATGCAG,0.19991507192915
ATGCAT,0.185925583652288
ATGCCA,0.183299652607644
ATGCCC,0.179116629617226
ATGCCG,0.184379741225288
ATGCCT,0.176974501836071
ATGCGA,0.185280190667486
ATGCGC,0.183048478952994
ATGCGG,0.183520328901762
ATGCGT,0.182260297560716
ATGCTA,0.184303716819177
ATGCTC,0.183600216932781
ATGCTG,0.192307684628605
ATGCTT,0.194142506649889
ATGGAA,0.189509417490125
ATGGAC,0.189229537895991
ATGGAG,0.185329558959697
ATGGAT,0.193295214643339
ATGGCA,0.186456771176016
ATGGCC,0.187230282507525
ATGGCG,0.180609578024881
ATGGCT,0.194684397020641
ATGGGA,0.182747748724403
ATGGGC,0.183501307001287
ATGGGG,0.182046962937055
ATGGGT,0.17948339121988
ATGGTA,0.187480408127508
ATGGTC,0.180487476697501
ATGGTG,0.173483727530712
ATGGTT,0.17939171342914
ATGTAA,0.173506783578021
ATGTAC,0.185314368975524
ATGTAG,0.180422604302869
ATGTAT,0.178810892161031
ATGTCA,0.180136352312154
ATGTCC,0.190881206921921
ATGTCG,0.180853735962537
ATGTCT,0.196920349767874
ATGTGA,0.178011711682382
ATGTGC,0.186073585674615
ATGTGG,0.180376809490379
ATGTGT,0.188730098644821
ATGTTA,0.182302197228698
ATGTTC,0.197062980410672
ATGTTG,0.175153914691129
ATGTTT,0.225607393470572
ATTAAA,0.169845748790062
ATTAAC,0.189040385707787
ATTAAG,0.171198543488422
ATTAAT,0.174639717490683
ATTACA,0.162592003022551
ATTACC,0.184109828419134
ATTACG,0.182096491102559
ATTACT,0.191979548556916
ATTAGA,0.172249453376758
ATTAGC,0.166670485813538
ATTAGG,0.180128717803952
ATTAGT,0.178313869342838
ATTATA,0.171421906133371
ATTATC,0.183539350440412
ATTATG,0.185002923440812
ATTATT,0.198802936828992
ATTCAA,0.182610677099016
ATTCAC,0.184341729744696
ATTCAG,0.189324100574827
ATTCAT,0.189796779883998
ATTCCA,0.191794688876054
ATTCCC,0.203631924629021
ATTCCG,0.182107920330861
ATTCCT,0.213574967588557
ATTCGA,0.184607779771511
ATTCGC,0.184349332156405
ATTCGG,0.182306006202371
ATTCGT,0.184151650665626
ATTCTA,0.19811331629973
ATTCTC,0.199828991157426
ATTCTG,0.188120596249099
ATTCTT,0.242243340992625
ATTGAA,0.186282269254612
ATTGAC,0.186798099932264
ATTGAG,0.178719152693498
ATTGAT,0.191602247601404
ATTGCA,0.189876168091807
ATTGCC,0.192658331747097
ATTGCG,0.181269430277106
ATTGCT,0.192183231896744
ATTGGA,0.190053823627388
ATTGGC,0.180994862580906
ATTGGG,0.182165064513047
ATTGGT,0.18691943319694
ATTGTA,0.176020544248494
ATTGTC,0.186164652955907
ATTGTG,0.183071315528728
ATTGTT,0.20099980293462
ATTTAA,0.1630347723505
ATTTAC,0.186274681523749
ATTTAG,0.183497502577772
ATTTAT,0.198615586998675
ATTTCA,0.197817083234648
ATTTCC,0.209876429579269
ATTTCG,0.182968546830791
ATTTCT,0.258310563945742
ATTTGA,0.184619180333895
ATTTGC,0.191934279957934
ATTTGG,0.18887768620534
ATTTGT,0.208690002519834
ATTTTA,0.210868980296771
ATTTTC,0.268569462723259
ATTTTG,0.205933546647025
ATTTTT,0.337189690530321
CAAAAA,0.149275988193791
CAAAAC,0.18536753291069
CAAAAG,0.186464357525363
CAAAAT,0.175345711604284
CAAACA,0.182553558376051
CAAACC,0.183170267997689
CAAACG,0.181437184542535
CAAACT,0.185678864927782
CAAAGA,0.185162456441992
CAAAGC,0.185868653964452
CAAAGG,0.194507562302901
CAAAGT,0.166635664300737
CAAATA,0.174612849174827
CAAATC,0.18810544860195
CAAATG,0.183798007451081
CAAATT,0.184588778545372
CAACAA,0.191677719181847
CAACAC,0.190239005374505
CAACAG,0.209609606190125
CAACAT,0.179613253704367
CAACCA,0.191390896868628
CAACCC,0.191556961918926
CAACCG,0.186009074665629
CAACCT,0.178787958083148
CAACGA,0.183775187464664
CAACGC,0.185614328449114
CAACGG,0.183539350440412
CAACGT,0.183006610542959
CAACTA,0.186316413331039
CAACTC,0.19083588857411
CAACTG,0.19079434495104
CAACTT,0.193332887314152
CAAGAA,0.204138885258949
CAAGAC,0.185769968160676
CAAGAG,0.188597629721881
CAAGAT,0.187461461407022
CAAGCA,0.188873902181
CAAGCC,0.191330502739534
CAAGCG,0.17951012899239
CAAGCT,0.196710120154288
CAAGGA,0.194706969414828
CAAGGC,0.180781257796416
CAAGGG,0.183756170411511
CAAGGT,0.183569784149687
CAAGTA,0.175679350567682
CAAGTC,0.188548422509359
CAAGTG,0.17931530884932
CAAGTT,0.189513199110428
CAATAA,0.180353911297673
CAATAC,0.185253606731373
CAATAG,0.183904493836076
CAATAT,0.179888200955725
CAATCA,0.183817023708641
CAATCC,0.185071297843477
CAATCG,0.182066012521781
CAATCT,0.188506783745909
CAATGA,0.183824630110413
CAATGC,0.186995259012149
CAATGG,0.188184971189788
CAATGT,0.188726314061965
CAATTA,0.17983092651207
CAATTC,0.188442429519218
CAATTG,0.184558375832551
CAATTT,0.203438018800195
CACAAA,0.181143596107596
CACAAC,0.192092711089733
CACAAG,0.184208678183099
CACAAT,0.18324257322565
CACACA,0.172091694878914
CACACC,0.172780262607693
CACACG,0.182549750345183
CACACT,0.188336425293372
CACAGA,0.204824364345839
CACAGC,0.200184494275837
CACAGG,0.220374075424936
CACAGT,0.192631943231796
CACATA,0.180872808291091
CACATC,0.180075274614475
CACATG,0.180357727699536
CACATT,0.191070011267888
CACCAA,0.189221972495371
CACCAC,0.171267868269203
CACCAG,0.190888759780224
CACCAT,0.177399466952635
CACCCA,0.182690637830481
CACCCC,0.19437961982003
CACCCG,0.17991492790686
CACCCT,0.194372093281831
CACCGA,0.186282269254612
CACCGC,0.179307668070257
CACCGG,0.181071138947723
CACCGT,0.178707684668275
CACCTA,0.186589523981126
CACCTC,0.192364248932424
CACCTG,0.177311425949855
CACCTT,0.204477958100976
CACGAA,0.181799285307266
CACGAC,0.182485011601651
CACGAG,0.180376809490379
CACGAT,0.181890742652703
CACGCA,0.186680544291574
CACGCC,0.169656751453256
CACGCG,0.180685883784345
CACGCT,0.18141049824627
CACGGA,0.185378924814799
CACGGC,0.187499354489023
CACGGG,0.183425215780853
CACGGT,0.181589664003741
CACGTA,0.185891426228507
CACGTC,0.183740956508598
CACGTG,0.1837675806868
CACGTT,0.186172241521679
CACTAA,0.18798804655607
CACTAC,0.183120792987157
CACTAG,0.185048506895369
CACTAT,0.184482365006333
CACTCA,0.185075096284329
CACTCC,0.189195493142464
CACTCG,0.181166476225292
CACTCT,0.203098593099699
CACTGA,0.192364248932424
CACTGC,0.163935241773365
CACTGG,0.191338052205144
CACTGT,0.184793972683587
CACTTA,0.187541035220843
CACTTC,0.195053015671874
CACTTG,0.187245443417083
CACTTT,0.200966156554528
CAGAAA,0.200375291195768
CAGAAC,0.191900327163828
CAGAAG,0.212869602870531
CAGAAT,0.188245555583851
CAGACA,0.192647022468664
CAGACC,0.192435892457812
CAGACG,0.186172241521679
CAGACT,0.195489164254313
CAGAGA,0.203326132947104
CAGAGC,0.196293284358439
CAGAGG,0.197164310874761
CAGAGT,0.195015407748406
CAGATA,0.195842455524486
CAGATC,0.198986505615017
CAGATG,0.217811443905061
CAGATT,0.192658331747097
CAGCAA,0.206212509592104
CAGCAC,0.18163159177988
CAGCAG,0.227458635699236
CAGCAT,0.191572057374286
CAGCCA,0.200554831519186
CAGCCC,0.199746646093723
CAGCCG,0.187002841277453
CAGCCT,0.153675598467931
CAGCGA,0.187306084756888
CAGCGC,0.185815516664887
CAGCGG,0.193212329771522
CAGCGT,0.186839809902529
CAGCTA,0.166945146353576
CAGCTC,0.198057076264036
CAGCTG,0.203974896707146
CAGCTT,0.2013436787907
CAGGAA,0.22496521802273
CAGGAC,0.200087211246088
CAGGAG,0.190446821597829
CAGGAT,0.207505880366214
CAGGCA,0.190900088960717
CAGGCC,0.207212417069504
CAGGCG,0.170690014861793
CAGGCT,0.184630580766308
CAGGGA,0.204082983091992
CAGGGC,0.197216848554804
CAGGGG,0.19421025900713
CAGGGT,0.189339229773649
CAGGTA,0.203643110356671
CAGGTC,0.217451121187268
CAGGTG,0.218281874047673
CAGGTT,0.213394057590074
CAGTAA,0.183706724380734
CAGTAC,0.18577755972212
CAGTAG,0.182393608592811
CAGTAT,0.188733883213354
CAGTCA,0.183387167999323
CAGTCC,0.182770592168739
CAGTCG,0.182172683490621
CAGTCT,0.186498495385226
CAGTGA,0.183569784149687
CAGTGC,0.194341986562537
CAGTGG,0.193668111574957
CAGTGT,0.192560313751303
CAGTTA,0.181909795213565
CAGTTC,0.192017270824068
CAGTTG,0.191938052419453
CAGTTT,0.200876427339281
CATAAA,0.173476042063479
CATAAC,0.188976065812581
CATAAG,0.17365279286777
CATAAT,0.177866337496348
CATACA,0.182458353253738
CATACC,0.179991286688519
CATACG,0.18120460859149
CATACT,0.179403173612631
CATAGA,0.179670540616111
CATAGC,0.183680098582211
CATAGG,0.191081338395149
CATAGT,0.17691323070829
CATATA,0.175905548148763
CATATC,0.186005279770789
CATATG,0.184771175414027
CATATT,0.185534601165977
CATCAA,0.191409769285981
CATCAC,0.18509408827217
CATCAG,0.19318595587155
CATCAT,0.194424777859635
CATCCA,0.190767907201373
CATCCC,0.195973968264132
CATCCG,0.185173850682539
CATCCT,0.191594700130072
CATCGA,0.185280190667486
CATCGC,0.180205060263243
CATCGG,0.186805683692623
CATCGT,0.183900690946147
CATCTA,0.188113022454206
CATCTC,0.18780623554516
CATCTG,0.191141747573726
CATCTT,0.208875474559838
CATGAA,0.185249808968523
CATGAC,0.186547803569918
CATGAG,0.173483727530712
CATGAT,0.191489029549741
CATGCA,0.189528325448632
CATGCC,0.173310790229662
CATGCG,0.181635403308724
CATGCT,0.183478480243087
CATGGA,0.192073851556863
CATGGC,0.186517460359375
CATGGG,0.182941901370184
CATGGT,0.173525996544717
CATGTA,0.180762183721684
CATGTC,0.191228579375081
CATGTG,0.180632470364096
CATGTT,0.180010375472927
CATTAA,0.184569776958179
CATTAC,0.186616072427482
CATTAG,0.186836018158939
CATTAT,0.192590474157924
CATTCA,0.185933174032464
CATTCC,0.207457594857103
CATTCG,0.183113181229813
CATTCT,0.213896094517035
CATTGA,0.1953763854424
CATTGC,0.194981559407969
CATTGG,0.189706042785642
CATTGT,0.189770315747447
CATTTA,0.185686457180871
CATTTC,0.211320486982286
CATTTG,0.197607042076283
CATTTT,0.26749268040234
CCAAAA,0.181124528942946
CCAAAC,0.188328853132953
CCAAAG,0.18115884957756
CCAAAT,0.186005279770789
CCAACA,0.19396557607267
CCAACC,0.19399945881935
CCAACG,0.18575478486489
CCAACT,0.190616820936146
CCAAGA,0.191628663302479
CCAAGC,0.198851642036047
CCAAGG,0.186255711944703
CCAAGT,0.186623657568414
CCAATA,0.18756376943325
CCAATC,0.18889282215951
CCAATG,0.189619078673245
CCAATT,0.196680083744145
CCACAA,0.182793435091265
CCACAC,0.182203158820442
CCACAG,0.229622572606154
CCACAT,0.188109235535249
CCACCA,0.17594388165137
CCACCC,0.194526375993361
CCACCG,0.17987674632942
CCACCT,0.199293626998235
CCACGA,0.184075608916428
CCACGC,0.180704959314469
CCACGG,0.185132071165799
CCACGT,0.183623040912327
CCACTA,0.189150098334729
CCACTC,0.197411964346916
CCACTG,0.178283275253028
CCACTT,0.202322330029657
CCAGAA,0.203083670644979
CCAGAC,0.190998269815583
CCAGAG,0.200491248007811
CCAGAT,0.205334443230054
CCAGCA,0.19176073134203
CCAGCC,0.17512706018752
CCAGCG,0.188166037813886
CCAGCT,0.176767696732111
CCAGGA,0.209502115542373
CCAGGC,0.177575525707952
CCAGGG,0.20529349759634
CCAGGT,0.21436836973284
CCAGTA,0.185872449377808
CCAGTC,0.186525046248328
CCAGTG,0.203400724906752
CCAGTT,0.196935364477787
CCATAA,0.179697273385198
CCATAC,0.181368561198951
CCATAG,0.193547594441803
CCATAT,0.1875713473892
CCATCA,0.194296824784
CCATCC,0.195538031123112
CCATCG,0.186680544291574
CCATCT,0.18955857743864
CCATGA,0.188086513720343
CCATGC,0.180101996566236
CCATGG,0.19246228614704
CCATGT,0.181890742652703
CCATTA,0.18763196896957
CCATTC,0.204392269228069
CCATTG,0.188408357957775
CCATTT,0.222414339926976
CCCAAA,0.177567871623969
CCCAAC,0.198259525591688
CCCAAG,0.187237862991036
CCCAAT,0.194319405928217
CCCACA,0.209976469998165
CCCACC,0.199140078097069
CCCACG,0.182915255199577
CCCACT,0.203687852016106
CCCAGA,0.201216608010193
CCCAGC,0.173441456729963
CCCAGG,0.200390254120635
CCCAGT,0.194022046679353
CCCATA,0.189169013088383
CCCATC,0.199997403125556
CCCATG,0.187893357445964
CCCATT,0.208526758664195
CCCCAA,0.202968014070045
CCCCAC,0.217734242823129
CCCCAG,0.223467639873949
CCCCAT,0.200618410987954
CCCCCA,0.223909841380035
CCCCCC,0.215268026994751
CCCCCG,0.186464357525363
CCCCCT,0.232068178947214
CCCCGA,0.186054612280446
CCCCGC,0.183862661251436
CCCCGG,0.185614328449114
CCCCGT,0.185473852302561
CCCCTA,0.200925031663632
CCCCTC,0.23981533074681
CCCCTG,0.19076035343023
CCCCTT,0.259538318056914
CCCGAA,0.182488819879054
CCCGAC,0.185682661061532
CCCGAG,0.181627780236509
CCCGAT,0.183478480243087
CCCGCA,0.187419777358305
CCCGCC,0.181059697863597
CCCGCG,0.181002490479407
CCCGCT,0.185807925391591
CCCGGA,0.183535546161627
CCCGGC,0.174647394019763
CCCGGG,0.179762192849325
CCCGGT,0.182401225829318
CCCGTA,0.183086539622828
CCCGTC,0.182222205429962
CCCGTG,0.18280104928282
CCCGTT,0.191338052205144
CCCTAA,0.189959329931206
CCCTAC,0.190903865325693
CCCTAG,0.19892282230256
CCCTAT,0.191790915873661
CCCTCA,0.206305479949738
CCCTCC,0.259330270430768
CCCTCG,0.189520762308131
CCCTCT,0.234421049551622
CCCTGA,0.191122870097429
CCCTGC,0.205665668986503
CCCTGG,0.192288829149638
CCCTGT,0.195229753969344
CCCTTA,0.19954824150056
CCCTTC,0.252894725283097
CCCTTG,0.201575354535805
CCCTTT,0.284260305540611
CCGAAA,0.184220083296347
CCGAAC,0.181768797666593
CCGAAG,0.187105196232562
CCGAAT,0.183162656616928
CCGACA,0.184835766328011
CCGACC,0.183683902311119
CCGACG,0.181864068457642
CCGACT,0.186828434628626
CCGAGA,0.182062202633867
CCGAGC,0.184356934510318
CCGAGG,0.181932657807449
CCGAGT,0.179227436365113
CCGATA,0.182934288251033
CCGATC,0.183733349470342
CCGATG,0.181418122975015
CCGATT,0.183984351184033
CCGCAA,0.181890742652703
CCGCAC,0.180910951856974
CCGCAG,0.198540637237455
CCGCAT,0.181330435084261
CCGCCA,0.186005279770789
CCGCCC,0.18106351157285
CCGCCG,0.180758368863079
CCGCCT,0.179643807132364
CCGCGA,0.180918580395561
CCGCGC,0.178440060070441
CCGCGG,0.180884251513625
CCGCGT,0.181612533917743
CCGCTA,0.181254178493801
CCGCTC,0.185261202213804
CCGCTG,0.189857266709213
CCGCTT,0.185382722087331
CCGGAA,0.187578925287724
CCGGAC,0.184413950322499
CCGGAG,0.182926675073921
CCGGAT,0.183341508750528
CCGGCA,0.182995191581437
CCGGCC,0.179200691032863
CCGGCG,0.180964350405041
CCGGCT,0.18031192991587
CCGGGA,0.183904493836076
CCGGGC,0.17956360239278
CCGGGG,0.181250365511628
CCGGGT,0.177801294833558
CCGGTA,0.182222205429962
CCGGTC,0.181780230640771
CCGGTG,0.183379558269298
CCGGTT,0.181120715466389
CCGTAA,0.181391436170057
CCGTAC,0.182816277492003
CCGTAG,0.183463262114804
CCGTAT,0.182869574398021
CCGTCA,0.182549750345183
CCGTCC,0.185511820774665
CCGTCG,0.183162656616928
CCGTCT,0.177648236584013
CCGTGA,0.181429559959128
CCGTGC,0.182625908207481
CCGTGG,0.185002923440812
CCGTGT,0.184535573191333
CCGTTA,0.184052795264065
CCGTTC,0.190227668701958
CCGTTG,0.18742356688908
CCGTTT,0.192598014117449
CCTAAA,0.186737427778819
CCTAAC,0.194680634905407
CCTAAG,0.181982191634459
CCTAAT,0.189131183223299
CCTACA,0.195812393041111
CCTACC,0.191572057374286
CCTACG,0.184672381239891
CCTACT,0.187491775987493
CCTAGA,0.191319178434254
CCTAGC,0.184022376251283
CCTAGG,0.207795544469825
CCTAGT,0.183071315528728
CCTATA,0.181517239158643
CCTATC,0.18901390154608
CCTATG,0.191119094559406
CCTATT,0.197997083406159
CCTCAA,0.190733914781876
CCTCAC,0.194492511095681
CCTCAG,0.185800334060668
CCTCAT,0.199271157899982
CCTCCA,0.219060537495219
CCTCCC,0.225399461343122
CCTCCG,0.185694049376318
CCTCCT,0.246571098231401
CCTCGA,0.182759170511799
CCTCGC,0.186964929376008
CCTCGG,0.180712589424634
CCTCGT,0.185496633558815
CCTCTA,0.200921292953321
CCTCTC,0.219115608646311
CCTCTG,0.196691347503674
CCTCTT,0.259587678936957
CCTGAA,0.195748507263039
CCTGAC,0.18411363051382
CCTGAG,0.171960851879328
CCTGAT,0.19478220704918
CCTGCA,0.202770247645848
CCTGCC,0.175917048353839
CCTGCG,0.182694445324885
CCTGCT,0.20229992888144
CCTGGA,0.199394731693195
CCTGGC,0.172545664287492
CCTGGG,0.170227491596914
CCTGGT,0.190764130322934
CCTGTA,0.166767205876388
CCTGTC,0.196927857151011
CCTGTG,0.194300588343447
CCTGTT,0.211276085527208
CCTTAA,0.193445896811957
CCTTAC,0.195695892381056
CCTTAG,0.193148277664927
CCTTAT,0.200075985672094
CCTTCA,0.211472177080369
CCTTCC,0.313593585964414
CCTTCG,0.190567712984588
CCTTCT,0.258363515479552
CCTTGA,0.188355355443569
CCTTGC,0.20451148653087
CCTTGG,0.195564343063397
CCTTGT,0.207892080528409
CCTTTA,0.216115324162839
CCTTTC,0.31067991591859
CCTTTG,0.220876286054285
CCTTTT,0.362563250908897
CGAAAA,0.185690253285799
CGAAAC,0.180945279822345
CGAAAG,0.184999124725805
CGAAAT,0.183737152996703
CGAACA,0.18409842204834
CGAACC,0.181433372258098
CGAACG,0.181966950718246
CGAACT,0.177506636842953
CGAAGA,0.188873902181
CGAAGC,0.187567558418403
CGAAGG,0.182960933914493
CGAAGT,0.184942142269009
CGAATA,0.181875500342649
CGAATC,0.186987676689352
CGAATG,0.180876622713152
CGAATT,0.184125036711143
CGACAA,0.183299652607644
CGACAC,0.181860257800264
CGACAG,0.186574353123895
CGACAT,0.186024254100977
CGACCA,0.183908296711542
CGACCC,0.182858153871572
CGACCG,0.182465969997087
CGACCT,0.184630580766308
CGACGA,0.181905984730432
CGACGC,0.180781257796416
CGACGG,0.183136016328033
CGACGT,0.181940278555924
CGACTA,0.182907641877562
CGACTC,0.185697845452426
CGACTG,0.185720621606465
CGACTT,0.187556191419875
CGAGAA,0.187279554623211
CGAGAC,0.174931384176515
CGAGAG,0.182736326806548
CGAGAT,0.181433372258098
CGAGCA,0.183162656616928
CGAGCC,0.182877188009861
CGAGCG,0.180380625804854
CGAGCT,0.184090817728862
CGAGGA,0.186365730494463
CGAGGC,0.181963140452898
CGAGGG,0.184166858321608
CGAGGT,0.180361544086834
CGAGTA,0.17660298800072
CGAGTC,0.183600216932781
CGAGTG,0.184368337932822
CGAGTT,0.181509615185598
CGATAA,0.182351712754841
CGATAC,0.182401225829318
CGATAG,0.183067509468988
CGATAT,0.183029448074833
CGATCA,0.181814528779048
CGATCC,0.185109281602746
CGATCG,0.181383811237829
CGATCT,0.17931530884932
CGATGA,0.184258099401094
CGATGC,0.183832236454328
CGATGG,0.184235289911673
CGATGT,0.184546974576937
CGATTA,0.182477395003335
CGATTC,0.179441373275761
CGATTG,0.185246011191251
CGATTT,0.182561174394285
CGCAAA,0.182549750345183
CGCAAC,0.182789627973747
CGCAAG,0.183440434488137
CGCAAT,0.180899508939976
CGCACA,0.185223224224723
CGCACC,0.179731643038259
CGCACG,0.180853735962537
CGCACT,0.180994862580906
CGCAGA,0.186870143333677
CGCAGC,0.18632400074526
CGCAGG,0.194861200473393
CGCAGT,0.185158658332958
CGCATA,0.183109375329413
CGCATC,0.182865767570364
CGCATG,0.181471494448471
CGCATT,0.183885479241814
CGCCAA,0.1864795300514
CGCCAC,0.178023187691774
CGCCAG,0.185409302591316
CGCCAT,0.179762192849325
CGCCCA,0.175372560236839
CGCCCC,0.182427885700178
CGCCCG,0.178134115659947
CGCCCT,0.182755363263829
CGCCGA,0.181848825741003
CGCCGC,0.180758368863079
CGCCGG,0.180388258390112
CGCCGT,0.183592608823834
CGCCTA,0.181501991154427
CGCCTC,0.176334799465499
CGCCTG,0.178772668405681
CGCCTT,0.186377111032939
CGCGAA,0.182165064513047
CGCGAC,0.180544713551027
CGCGAG,0.181498179117044
CGCGAT,0.17925418098207
CGCGCA,0.180479844869501
CGCGCC,0.177188921224192
CGCGCG,0.179639988004915
CGCGCT,0.180147803965173
CGCGGA,0.180743109283125
CGCGGC,0.179769830156267
CGCGGG,0.181399061044146
CGCGGT,0.179086060077656
CGCGTA,0.182477395003335
CGCGTC,0.182210777507782
CGCGTG,0.180853735962537
CGCGTT,0.181726875642917
CGCTAA,0.182214586829686
CGCTAC,0.182469778347007
CGCTAG,0.182020292908774
CGCTAT,0.181787852550938
CGCTCA,0.181170289527346
CGCTCC,0.184163056429294
CGCTCG,0.182309815161536
CGCTCT,0.180445500922701
CGCTGA,0.186870143333677
CGCTGC,0.187059706434797
CGCTGG,0.185735805420966
CGCTGT,0.185348546115446
CGCTTA,0.182861960728214
CGCTTC,0.183284431757675
CGCTTG,0.180090544388632
CGCTTT,0.18604702282198
CGGAAA,0.184581177953822
CGGAAC,0.184676181196304
CGGAAG,0.190688589758385
CGGAAT,0.186028048923812
CGGACA,0.182294579237826
CGGACC,0.185154860209499
CGGACG,0.182831505469292
CGGACT,0.18376377727617
CGGAGA,0.187578925287724
CGGAGC,0.184029981091227
CGGAGG,0.184269503950705
CGGAGT,0.180891880255899
CGGATA,0.184182065746321
CGGATC,0.18353174186837
CGGATG,0.185872449377808
CGGATT,0.184793972683587
CGGCAA,0.184645781140685
CGGCAC,0.179945472119206
CGGCAG,0.189123617078548
CGGCAT,0.184714179966268
CGGCCA,0.181944088908382
CGGCCC,0.181970760969076
CGGCCG,0.181623968678609
CGGCCT,0.177173607078222
CGGCGA,0.182671600141006
CGGCGC,0.181879310941944
CGGCGG,0.181559169971442
CGGCGT,0.183029448074833
CGGCTA,0.178994345851566
CGGCTC,0.180010375472927
CGGCTG,0.182926675073921
CGGCTT,0.183227351506853
CGGGAA,0.188230409829438
CGGGAC,0.183615432977026
CGGGAG,0.17931530884932
CGGGAT,0.184793972683587
CGGGCA,0.180708774376829
CGGGCC,0.183832236454328
CGGGCG,0.178069090412396
CGGGCT,0.182762977745274
CGGGGA,0.184862361374139
CGGGGC,0.182724904758231
CGGGGG,0.1808422923908
CGGGGT,0.179108987319942
CGGGTA,0.182797242194289
CGGGTC,0.182945707908025
CGGGTG,0.179808015816075
CGGGTT,0.17889497928024
CGGTAA,0.183052285085166
CGGTAC,0.184075608916428
CGGTAG,0.180319563025471
CGGTAT,0.183162656616928
CGGTCA,0.181806907072202
CGGTCC,0.181860257800264
CGGTCG,0.180495108467257
CGGTCT,0.184216281606384
CGGTGA,0.184771175414027
CGGTGC,0.18049129258966
CGGTGG,0.18050274017877
CGGTGT,0.181864068457642
CGGTTA,0.182008862678908
CGGTTC,0.183976745997071
CGGTTG,0.18313221051454
CGGTTT,0.18691564175525
CGTAAA,0.184010968882927
CGTAAC,0.181494367065129
CGTAAG,0.182987578867981
CGTAAT,0.18386646428599
CGTACA,0.183539350440412
CGTACC,0.181196982234576
CGTACG,0.18134568570457
CGTACT,0.183573588298224
CGTAGA,0.182557366392419
CGTAGC,0.183649668230079
CGTAGG,0.182530709973321
CGTAGT,0.181768797666593
CGTATA,0.181562981776333
CGTATC,0.182557366392419
CGTATG,0.185067499388197
CGTATT,0.184755976945584
CGTCAA,0.183619236951912
CGTCAC,0.180537082159838
CGTCAG,0.18396914075227
CGTCAT,0.183740956508598
CGTCCA,0.185538397847409
CGTCCC,0.185420694019602
CGTCCG,0.181940278555924
CGTCCT,0.18901390154608
CGTCGA,0.183037060469558
CGTCGC,0.182180302410146
CGTCGG,0.181799285307266
CGTCGT,0.185917993214498
CGTCTA,0.184337928517168
CGTCTC,0.179258001583247
CGTCTG,0.183721938804456
CGTCTT,0.189036602299058
CGTGAA,0.185872449377808
CGTGAC,0.182603061457787
CGTGAG,0.177368844874293
CGTGAT,0.179024918194883
CGTGCA,0.184337928517168
CGTGCC,0.178160889532946
CGTGCG,0.182062202633867
CGTGCT,0.18316646231455
CGTGGA,0.187378091571957
CGTGGC,0.187048333662017
CGTGGG,0.182717289986873
CGTGGT,0.175924715083748
CGTGTA,0.184182065746321
CGTGTC,0.186020459263742
CGTGTG,0.182412651575289
CGTGTT,0.186441598304663
CGTTAA,0.181101647865461
CGTTAC,0.182229823972194
CGTTAG,0.181353310927507
CGTTAT,0.182180302410146
CGTTCA,0.185230819937926
CGTTCC,0.192733723668276
CGTTCG,0.181246552514917
CGTTCT,0.189006334513903
CGTTGA,0.184767375818572
CGTTGC,0.182865767570364
CGTTGG,0.183337703719023
CGTTGT,0.189021468520998
CGTTTA,0.182172683490621
CGTTTC,0.193110598038603
CGTTTG,0.188461357662864
CGTTTT,0.198293263161932
CTAAAA,0.167455582436453
CTAAAC,0.184923147395165
CTAAAG,0.186487116228093
CTAAAT,0.180464581038763
CTAACA,0.192122885602525
CTAACC,0.189887508749879
CTAACG,0.186263299819503
CTAACT,0.198754229249625
CTAAGA,0.183649668230079
CTAAGC,0.182587830001334
CTAAGG,0.182328859739742
CTAAGT,0.180292846886956
CTAATA,0.186589523981126
CTAATC,0.189021468520998
CTAATG,0.191541866235691
CTAATT,0.192417039396133
CTACAA,0.183615432977026
CTACAC,0.18578135548123
CTACAG,0.203628196025333
CTACAT,0.18809408771601
CTACCA,0.182934288251033
CTACCC,0.199847704999012
CTACCG,0.183025641855739
CTACCT,0.192522611963787
CTACGA,0.183497502577772
CTACGC,0.182808663416399
CTACGG,0.187059706434797
CTACGT,0.184246694721418
CTACTA,0.176652786524847
CTACTC,0.183725742374218
CTACTG,0.183177879320517
CTACTT,0.198109567062418
CTAGAA,0.186369524021679
CTAGAC,0.184786373651479
CTAGAG,0.183539350440412
CTAGAT,0.189025251986985
CTAGCA,0.188362927403311
CTAGCC,0.183193101792379
CTAGCG,0.182104110602608
CTAGCT,0.189032818876015
CTAGGA,0.191681492611354
CTAGGC,0.190749022666527
CTAGGG,0.19676268170125
CTAGGT,0.209149910063839
CTAGTA,0.179956925958315
CTAGTC,0.182374565247691
CTAGTG,0.182031723007991
CTAGTT,0.183976745997071
CTATAA,0.17239564635043
CTATAC,0.182907641877562
CTATAG,0.185716825616816
CTATAT,0.17987674632942
CTATCA,0.187730471200309
CTATCC,0.186953555525293
CTATCG,0.183546958954563
CTATCT,0.185788946956228
CTATGA,0.187912295985281
CTATGC,0.184991527252501
CTATGG,0.184862361374139
CTATGT,0.183874070311708
CTATTA,0.182972353267207
CTATTC,0.197145546748655
CTATTG,0.183623040912327
CTATTT,0.212566623412544
CTCAAA,0.169838035312234
CTCAAC,0.190605488545985
CTCAAG,0.182858153871572
CTCAAT,0.186327794430782
CTCACA,0.191602247601404
CTCACC,0.191036029116263
CTCACG,0.181219861130837
CTCACT,0.184182065746321
CTCAGA,0.190858548004735
CTCAGC,0.177433915669948
CTCAGG,0.194808538883919
CTCAGT,0.187953959509309
CTCATA,0.180971978536289
CTCATC,0.195504200468285
CTCATG,0.183737152996703
CTCATT,0.212766156790881
CTCCAA,0.20066328817929
CTCCAC,0.202221520910679
CTCCAG,0.200412698088152
CTCCAT,0.201074568615284
CTCCCA,0.190696144071632
CTCCCC,0.243311807514282
CTCCCG,0.180632470364096
CTCCCT,0.254685550907257
CTCCGA,0.183596412885543
CTCCGC,0.183957732776618
CTCCGG,0.182656369728469
CTCCGT,0.184957337908308
CTCCTA,0.204086710000348
CTCCTC,0.231303209195722
CTCCTG,0.175107877957689
CTCCTT,0.283152086901409
CTCGAA,0.181242739503666
CTCGAC,0.183322483448217
CTCGAG,0.18316646231455
CTCGAT,0.183554567410826
CTCGCA,0.184052795264065
CTCGCC,0.184782574113771
CTCGCG,0.182610677099016
CTCGCT,0.183820826916759
CTCGGA,0.186608487229014
CTCGGC,0.174048447717222
CTCGGG,0.180941465662163
CTCGGT,0.179471931955665
CTCGTA,0.184622980492474
CTCGTC,0.186380904516984
CTCGTG,0.184292312659744
CTCGTT,0.188313708640102
CTCTAA,0.191889009309612
CTCTAC,0.185572567331653
CTCTAG,0.200906337972298
CTCTAT,0.19935728670175
CTCTCA,0.197171816426619
CTCTCC,0.237147067669331
CTCTCG,0.189740070162363
CTCTCT,0.284084862063177
CTCTGA,0.194533901370438
CTCTGC,0.203669209901283
CTCTGG,0.195594413004584
CTCTGT,0.186824642841903
CTCTTA,0.197273135863462
CTCTTC,0.259651139345636
CTCTTG,0.205010554674326
CTCTTT,0.334291714628797
CTGAAA,0.189032818876015
CTGAAC,0.189951770049762
CTGAAG,0.201870476530087
CTGAAT,0.194891291565152
CTGACA,0.193799910560776
CTGACC,0.179578879981995
CTGACG,0.185113079899322
CTGACT,0.191436190071929
CTGAGA,0.178290923863231
CTGAGC,0.182222205429962
CTGAGG,0.171560519926886
CTGAGT,0.17679833722411
CTGATA,0.185773763948602
CTGATC,0.191473932840977
CTGATG,0.199405964917219
CTGATT,0.203613281471555
CTGCAA,0.179708730067471
CTGCAC,0.183604020965548
CTGCAG,0.229310091240419
CTGCAT,0.186942181545212
CTGCCA,0.184577377636383
CTGCCC,0.197153052441348
CTGCCG,0.18631261960234
CTGCCT,0.176832806655439
CTGCGA,0.183063703394762
CTGCGC,0.180880437120663
CTGCGG,0.183877873302872
CTGCGT,0.182431694195138
CTGCTA,0.189002550976342
CTGCTC,0.19869053114285
CTGCTG,0.198405713509615
CTGCTT,0.213700477744454
CTGGAA,0.195256074022143
CTGGAC,0.192541463035223
CTGGAG,0.197685812680755
CTGGAT,0.197194332744198
CTGGCA,0.191341826916576
CTGGCC,0.182172683490621
CTGGCG,0.183177879320517
CTGGCT,0.181547734469589
CTGGGA,0.155668684700383
CTGGGC,0.171445009766622
CTGGGG,0.190212552938638
CTGGGT,0.167753216541345
CTGGTA,0.18906308585957
CTGGTC,0.175882547341839
CTGGTG,0.193811206808463
CTGGTT,0.192119113838219
CTGTAA,0.158570929438494
CTGTAC,0.185549787805219
CTGTAG,0.181909795213565
CTGTAT,0.186999050151987
CTGTCA,0.193246238049438
CTGTCC,0.193155813419824
CTGTCG,0.183345313767555
CTGTCT,0.199989918751431
CTGTGA,0.191334277479464
CTGTGC,0.185249808968523
CTGTGG,0.191372024095099
CTGTGT,0.195823666578285
CTGTTA,0.185291583566628
CTGTTC,0.205918666437176
CTGTTG,0.19802708028499
CTGTTT,0.241134227501146
CTTAAA,0.184220083296347
CTTAAC,0.193909102276878
CTTAAG,0.17889497928024
CTTAAT,0.202874732894158
CTTACA,0.200476286594043
CTTACC,0.1950191686044
CTTACG,0.184938343323104
CTTACT,0.198289514599224
CTTAGA,0.178669456967668
CTTAGC,0.182328859739742
CTTAGG,0.19588754755508
CTTAGT,0.177368844874293
CTTATA,0.1837675806868
CTTATC,0.19504173344334
CTTATG,0.190647040015411
CTTATT,0.215927507161229
CTTCAA,0.198383224451662
CTTCAC,0.199454640763235
CTTCAG,0.20677763592956
CTTCAT,0.223061811905793
CTTCCA,0.22940457264925
CTTCCC,0.274679523515631
CTTCCG,0.185101684966313
CTTCCT,0.343041656873824
CTTCGA,0.187408408679816
CTTCGC,0.18316646231455
CTTCGG,0.184565976597412
CTTCGT,0.191832418117045
CTTCTA,0.207353587379551
CTTCTC,0.264637796625517
CTTCTG,0.210543176741343
CTTCTT,0.304304536226531
CTTGAA,0.176587664878985
CTTGAC,0.192650792242353
CTTGAG,0.175341876026503
CTTGAT,0.190930299481226
CTTGCA,0.207639581917137
CTTGCC,0.199469617469965
CTTGCG,0.182656369728469
CTTGCT,0.217462153401162
CTTGGA,0.191405994831004
CTTGGC,0.178780313273636
CTTGGG,0.180777443010575
CTTGGT,0.18894201242842
CTTGTA,0.190114294907312
CTTGTC,0.199780333530266
CTTGTG,0.189966889755499
CTTGTT,0.223336038037145
CTTTAA,0.193347955985101
CTTTAC,0.207613585793327
CTTTAG,0.209961649826862
CTTTAT,0.218667608613689
CTTTCA,0.235671246578475
CTTTCC,0.325705472251416
CTTTCG,0.188268273785365
CTTTCT,0.381270968435928
CTTTGA,0.199683011172675
CTTTGC,0.227021643443836
CTTTGG,0.189619078673245
CTTTGT,0.241432265572643
CTTTTA,0.242153652613749
CTTTTC,0.367082338192313
CTTTTG,0.234616269968409
CTTTTT,0.509272370752712
GAAAAA,0.171471963330796
GAAAAC,0.187294714785783
GAAAAG,0.184622980492474
GAAAAT,0.170385544439702
GAAACA,0.182203158820442
GAAACC,0.173049405996699
GAAACG,0.184885156565027
GAAACT,0.188006983302215
GAAAGA,0.184660981284015
GAAAGC,0.190699921206855
GAAAGG,0.188287205225712
GAAAGT,0.184132640770414
GAAATA,0.169355824843907
GAAATC,0.188495427418603
GAAATG,0.185682661061532
GAAATT,0.184896553965616
GAACAA,0.194308115419847
GAACAC,0.190273014621048
GAACAG,0.197783329595154
GAACAT,0.182755363263829
GAACCA,0.186657789990641
GAACCC,0.178413293670975
GAACCG,0.183189296196138
GAACCT,0.189702261894532
GAACGA,0.185413099748496
GAACGC,0.184166858321608
GAACGG,0.187290924766687
GAACGT,0.185295381170831
GAACTA,0.179998922246008
GAACTC,0.179013453675671
GAACTG,0.192526382206503
GAACTT,0.184664781283747
GAAGAA,0.221931206424948
GAAGAC,0.204082983091992
GAAGAG,0.213238965823667
GAAGAT,0.20655459789383
GAAGCA,0.196338356065285
GAAGCC,0.198668048489337
GAAGCG,0.189407308335942
GAAGCT,0.195489164254313
GAAGGA,0.198874120562315
GAAGGC,0.193057844176448
GAAGGG,0.183946324670823
GAAGGT,0.19571468372813
GAAGTA,0.181848825741003
GAAGTC,0.19297870816478
GAAGTG,0.19140222036178
GAAGTT,0.189256016347441
GAATAA,0.168004397175402
GAATAC,0.184364536806436
GAATAG,0.172922533138468
GAATAT,0.181059697863597
GAATCA,0.184736978535191
GAATCC,0.187722894450102
GAATCG,0.18051037183204
GAATCT,0.193095525790533
GAATGA,0.185838290139017
GAATGC,0.184318922162783
GAATGG,0.191126645621197
GAATGT,0.185413099748496
GAATTA,0.176319472233696
GAATTC,0.188010770608413
GAATTG,0.178141765411094
GAATTT,0.190295686809522
GACAAA,0.18620259520892
GACAAC,0.193766021052064
GACAAG,0.191005821789781
GACAAT,0.186244330024548
GACACA,0.185891426228507
GACACC,0.185659884042871
GACACG,0.182504052843639
GACACT,0.191700359545312
GACAGA,0.184280908370254
GACAGC,0.192703567581874
GACAGG,0.187097614743302
GACAGT,0.18930897114711
GACATA,0.180533266442404
GACATC,0.189392180167067
GACATG,0.186794308030517
GACATT,0.193878981615006
GACCAA,0.186043228071147
GACCAC,0.182854347000439
GACCAG,0.187472829482391
GACCAT,0.182500244624247
GACCCA,0.189006334513903
GACCCC,0.18854463723887
GACCCG,0.182888608318933
GACCCT,0.189112267754082
GACCGA,0.182374565247691
GACCGC,0.18577755972212
GACCGG,0.18527259532928
GACCGT,0.184201074702001
GACCTA,0.189755193069255
GACCTC,0.176794507213952
GACCTG,0.195282393382216
GACCTT,0.192269973315136
GACGAA,0.185496633558815
GACGAC,0.185211830546739
GACGAG,0.183185490585414
GACGAT,0.186267093735312
GACGCA,0.18661986500514
GACGCC,0.184197272939772
GACGCG,0.181238926477876
GACGCT,0.181578228850599
GACGGA,0.182264106693987
GACGGC,0.184223884971858
GACGGG,0.177456880822222
GACGGT,0.184474763605931
GACGTA,0.183345313767555
GACGTC,0.183219740560565
GACGTG,0.182435502675594
GACGTT,0.185014319499251
GACTAA,0.18322354604095
GACTAC,0.179823289671727
GACTAG,0.179911109814718
GACTAT,0.186710882554106
GACTCA,0.184425353094849
GACTCC,0.187143102816697
GACTCG,0.183212129556351
GACTCT,0.188779296918599
GACTGA,0.183520328901762
GACTGC,0.187082451592345
GACTGG,0.188820924336719
GACTGT,0.189482945747583
GACTTA,0.186012869546067
GACTTC,0.189490509174101
GACTTG,0.191255004948579
GACTTT,0.196255723050863
GAGAAA,0.180334829069882
GAGAAC,0.190922746936661
GAGAAG,0.205196710342428
GAGAAT,0.170366271040179
GAGACA,0.175725361000511
GAGACC,0.177487500204879
GAGACG,0.181094020723288
GAGACT,0.175936215068404
GAGAGA,0.187230282507525
GAGAGC,0.191568283531809
GAGAGG,0.183934916434881
GAGAGT,0.181936468188946
GAGATA,0.176553186996577
GAGATC,0.181052070401457
GAGATG,0.181151222871662
GAGATT,0.176246664674277
GAGCAA,0.186122914814769
GAGCAC,0.185682661061532
GAGCAG,0.200794168485167
GAGCAT,0.185925583652288
GAGCCA,0.176055040499871
GAGCCC,0.183318678344319
GAGCCG,0.181982191634459
GAGCCT,0.189191710320526
GAGCGA,0.183227351506853
GAGCGC,0.182477395003335
GAGCGG,0.187707740777463
GAGCGT,0.181570605342525
GAGCTA,0.180647731632434
GAGCTC,0.185899016867954
GAGCTG,0.190371257058891
GAGCTT,0.182835312427382
GAGGAA,0.191673945738101
GAGGAC,0.191711679534828
GAGGAG,0.196251966842508
GAGGAT,0.18896093111834
GAGGCA,0.17544926664378
GAGGCC,0.188067578480199
GAGGCG,0.176296480945499
GAGGCT,0.172749498750337
GAGGGA,0.180624839642586
GAGGGC,0.180785072567704
GAGGGG,0.18214982638375
GAGGGT,0.176514876844111
GAGGTA,0.178516531549992
GAGGTC,0.177043427367738
GAGGTG,0.176920889804571
GAGGTT,0.166206099248932
GAGTAA,0.176154689653184
GAGTAC,0.181612533917743
GAGTAG,0.168124168799665
GAGTAT,0.177655890052903
GAGTCA,0.186111531383019
GAGTCC,0.184166858321608
GAGTCG,0.182884801563734
GAGTCT,0.180441684855802
GAGTGA,0.180506556012685
GAGTGC,0.182092681330763
GAGTGG,0.187980471757202
GAGTGT,0.183881676279574
GAGTTA,0.183657275904925
GAGTTC,0.176139359660527
GAGTTG,0.186623657568414
GAGTTT,0.178891157291846
GATAAA,0.18115884957756
GATAAC,0.182675407707896
GATAAG,0.18126180441453
GATAAT,0.17574836542309
GATACA,0.188802002997843
GATACC,0.186718466975927
GATACG,0.183695313411032
GATACT,0.181433372258098
GATAGA,0.176039708979504
GATAGC,0.183189296196138
GATAGG,0.181383811237829
GATAGT,0.179433733459871
GATATA,0.175606496385949
GATATC,0.184987728494203
GATATG,0.183459457546547
GATATT,0.192869414804519
GATCAA,0.187866842888342
GATCAC,0.178088215924131
GATCAG,0.183082733621032
GATCAT,0.184280908370254
GATCCA,0.188775512521933
GATCCC,0.19113419662597
GATCCG,0.183634452706753
GATCCT,0.191549414105794
GATCGA,0.184375940142248
GATCGC,0.180121083237464
GATCGG,0.186016664412105
GATCGT,0.183406192071042
GATCTA,0.187821387725326
GATCTC,0.1789140890031
GATCTG,0.192054991668305
GATCTT,0.192892028203937
GATGAA,0.205401441559993
GATGAC,0.192541463035223
GATGAG,0.189471600500546
GATGAT,0.204369914401427
GATGCA,0.198596850085001
GATGCC,0.188866334089365
GATGCG,0.184725579315701
GATGCT,0.195579378147016
GATGGA,0.191594700130072
GATGGC,0.19097561355079
GATGGG,0.182317433036342
GATGGT,0.188658189121191
GATGTA,0.184664781283747
GATGTC,0.188370499305718
GATGTG,0.192488679139661
GATGTT,0.193826268273551
GATTAA,0.176909401138152
GATTAC,0.165400651321005
GATTAG,0.176955355011914
GATTAT,0.182401225829318
GATTCA,0.185553584428994
GATTCC,0.195030451087516
GATTCG,0.184569776958179
GATTCT,0.190019806925381
GATTGA,0.188389428810907
GATTGC,0.185132071165799
GATTGG,0.187472829482391
GATTGT,0.188283418966315
GATTTA,0.18234409514117
GATTTC,0.205349332135742
GATTTG,0.187112777664342
GATTTT,0.216347284708919
GCAAAA,0.181570605342525
GCAAAC,0.184752177292381
GCAAAG,0.18947538226386
GCAAAT,0.180533266442404
GCAACA,0.186164652955907
GCAACC,0.178034663569468
GCAACG,0.183706724380734
GCAACT,0.190446821597829
GCAAGA,0.188839845317585
GCAAGC,0.190594156027399
GCAAGG,0.184106026309992
GCAAGT,0.188230409829438
GCAATA,0.182279343081979
GCAATC,0.181505803177278
GCAATG,0.185637106505406
GCAATT,0.179953108026522
GCACAA,0.190273014621048
GCACAC,0.182526901855443
GCACAG,0.193287679938866
GCACAT,0.180166889762119
GCACCA,0.183398582485784
GCACCC,0.181509615185598
GCACCG,0.182107920330861
GCACCT,0.187086242401639
GCACGA,0.181406685860097
GCACGC,0.180933837298155
GCACGG,0.183832236454328
GCACGT,0.183813220486058
GCACTA,0.184136442778367
GCACTC,0.178688571000641
GCACTG,0.190163425129805
GCACTT,0.175832710445206
GCAGAA,0.207167832830891
GCAGAC,0.190764130322934
GCAGAG,0.202060952071426
GCAGAT,0.201866741352857
GCAGCA,0.213227886919885
GCAGCC,0.201220345616571
GCAGCG,0.190718806668973
GCAGCT,0.197794580934909
GCAGGA,0.213172490559769
GCAGGC,0.197134288103984
GCAGGG,0.198075823294041
GCAGGT,0.217178954709508
GCAGTA,0.190949180593085
GCAGTC,0.181330435084261
GCAGTG,0.180052369516046
GCAGTT,0.188699821580917
GCATAA,0.177418605275428
GCATAC,0.184497567633795
GCATAG,0.177705636172959
GCATAT,0.180357727699536
GCATCA,0.19051860262132
GCATCC,0.18653642497386
GCATCG,0.184949740117522
GCATCT,0.190971837456752
GCATGA,0.181021559971104
GCATGC,0.176599157242299
GCATGG,0.182256488412936
GCATGT,0.181681140521719
GCATTA,0.184296114060672
GCATTC,0.186748804087991
GCATTG,0.19180978074327
GCATTT,0.18702558772843
GCCAAA,0.188953363685322
GCCAAC,0.1864795300514
GCCAAG,0.189233320574837
GCCAAT,0.187601658638757
GCCACA,0.186418838565969
GCCACC,0.17307631635193
GCCACG,0.185375127527849
GCCACT,0.178508884665187
GCCAGA,0.192971171075138
GCCAGC,0.190492157580544
GCCAGG,0.179895837300369
GCCAGT,0.191685266026623
GCCATA,0.18115884957756
GCCATC,0.186616072427482
GCCATG,0.186005279770789
GCCATT,0.181879310941944
GCCCAA,0.186028048923812
GCCCAC,0.189172795996183
GCCCAG,0.171445009766622
GCCCAT,0.187726682832381
GCCCCA,0.190677258181512
GCCCCC,0.192869414804519
GCCCCG,0.185515617542588
GCCCCT,0.189029035438657
GCCCGA,0.185113079899322
GCCCGC,0.179555963510644
GCCCGG,0.177919898865787
GCCCGT,0.184432954870848
GCCCTA,0.185553584428994
GCCCTC,0.190106736197298
GCCCTG,0.201257720912039
GCCCTT,0.186904267343928
GCCGAA,0.182816277492003
GCCGAC,0.185944559494703
GCCGAG,0.176549356047375
GCCGAT,0.182648754435213
GCCGCA,0.186289856927901
GCCGCC,0.185974920093615
GCCGCG,0.178963772573552
GCCGCT,0.184904152160509
GCCGGA,0.188139530485375
GCCGGC,0.181921226575844
GCCGGG,0.176461240164857
GCCGGT,0.181700197076419
GCCGTA,0.182450736452373
GCCGTC,0.184090817728862
GCCGTG,0.185173850682539
GCCGTT,0.185504227195572
GCCTAA,0.18163159177988
GCCTAC,0.180426420442581
GCCTAG,0.179972197539722
GCCTAT,0.182728712122166
GCCTCA,0.168842497451425
GCCTCC,0.163151258018433
GCCTCG,0.184493766998597
GCCTCT,0.189346794287226
GCCTGA,0.186434011782654
GCCTGC,0.187302294780884
GCCTGG,0.168093261366699
GCCTGT,0.172711042597699
GCCTTA,0.183820826916759
GCCTTC,0.196631272653388
GCCTTG,0.187048333662017
GCCTTT,0.208437705327805
GCGAAA,0.180792702066624
GCGAAC,0.182142207232026
GCGAAG,0.185496633558815
GCGAAT,0.183809417249011
GCGACA,0.18078888732444
GCGACC,0.181940278555924
GCGACG,0.18121604801781
GCGACT,0.18426570244862
GCGAGA,0.181582040582842
GCGAGC,0.183113181229813
GCGAGG,0.184033783489512
GCGAGT,0.184531772700577
GCGATA,0.182393608592811
GCGATC,0.179036382582662
GCGATG,0.184467162147747
GCGATT,0.178023187691774
GCGCAA,0.182511669238916
GCGCAC,0.182115539743826
GCGCAG,0.18270967515753
GCGCAT,0.184565976597412
GCGCCA,0.176442083510752
GCGCCC,0.17832916603675
GCGCCG,0.180598131658748
GCGCCT,0.180212694188633
GCGCGA,0.17956360239278
GCGCGC,0.179724005439663
GCGCGG,0.177031940109034
GCGCGT,0.181925037000898
GCGCTA,0.1810558841398
GCGCTC,0.180537082159838
GCGCTG,0.1852574044798
GCGCTT,0.181837393551049
GCGGAA,0.184603979555167
GCGGAC,0.1837675806868
GCGGAG,0.181421935317587
GCGGAT,0.184079411141221
GCGGCA,0.184482365006333
GCGGCC,0.182679215260288
GCGGCG,0.180063822130841
GCGGCT,0.181658272176708
GCGGGA,0.185910402719093
GCGGGC,0.180273763493874
GCGGGG,0.182321241951983
GCGGGT,0.18067062309825
GCGGTA,0.181555358152021
GCGGTC,0.182206968171368
GCGGTG,0.180952908099066
GCGGTT,0.184546974576937
GCGTAA,0.182568790354516
GCGTAC,0.182797242194289
GCGTAG,0.181692574498117
GCGTAT,0.182580214186108
GCGTCA,0.18216887400909
GCGTCC,0.1862595058893
GCGTCG,0.183733349470342
GCGTCT,0.185340951296408
GCGTGA,0.174708804131048
GCGTGC,0.181257991461435
GCGTGG,0.178627404809064
GCGTGT,0.18160491067119
GCGTTA,0.181707819596617
GCGTTC,0.184170660199468
GCGTTG,0.183581196551881
GCGTTT,0.183444239128769
GCTAAA,0.183234962395214
GCTAAC,0.183695313411032
GCTAAG,0.183585000657003
GCTAAT,0.171722211738972
GCTACA,0.183638256609289
GCTACC,0.185477649214644
GCTACG,0.184102224186394
GCTACT,0.179460472560134
GCTAGA,0.180495108467257
GCTAGC,0.183155045178234
GCTAGG,0.179865291571905
GCTAGT,0.17975837417398
GCTATA,0.176974501836071
GCTATC,0.183261600048323
GCTATG,0.184231488279521
GCTATT,0.183387167999323
GCTCAA,0.181223674229324
GCTCAC,0.168193707031333
GCTCAG,0.186964929376008
GCTCAT,0.185170052616782
GCTCCA,0.192432121873911
GCTCCC,0.191583378816266
GCTCCG,0.183383363141549
GCTCCT,0.194706969414828
GCTCGA,0.185432085318125
GCTCGC,0.184239091529374
GCTCGG,0.18182977201847
GCTCGT,0.185899016867954
GCTCTA,0.184938343323104
GCTCTC,0.192816648217147
GCTCTG,0.19520343322378
GCTCTT,0.197017941352787
GCTGAA,0.197010434645919
GCTGAC,0.187332614186735
GCTGAG,0.170088692891242
GCTGAT,0.194643012974601
GCTGCA,0.202019872180164
GCTGCC,0.189622859878873
GCTGCG,0.182610677099016
GCTGCT,0.199387242807075
GCTGGA,0.191002045809812
GCTGGC,0.193306516593603
GCTGGG,0.150243991385595
GCTGGT,0.180926208875955
GCTGTA,0.184227686632916
GCTGTC,0.191194602611606
GCTGTG,0.196184352679339
GCTGTT,0.200356587224834
GCTTAA,0.180586685161594
GCTTAC,0.186111531383019
GCTTAG,0.174889174526389
GCTTAT,0.186824642841903
GCTTCA,0.192647022468664
GCTTCC,0.208894019871985
GCTTCG,0.186820851040803
GCTTCT,0.210691282425505
GCTTGA,0.179769830156267
GCTTGC,0.195380144941056
GCTTGG,0.177763032467381
GCTTGT,0.187662278381694
GCTTTA,0.191187052062947
GCTTTC,0.210350606552839
GCTTTG,0.211031842277646
GCTTTT,0.22680307568443
GGAAAA,0.183991956313156
GGAAAC,0.187332614186735
GGAAAG,0.194932665337908
GGAAAT,0.18388928218959
GGAACA,0.198608092275334
GGAACC,0.189936650115417
GGAACG,0.186244330024548
GGAACT,0.183649668230079
GGAAGA,0.212984119977767
GGAAGC,0.192386873758116
GGAAGG,0.196518622580827
GGAAGT,0.19177959678107
GGAATA,0.181883121526717
GGAATC,0.186839809902529
GGAATG,0.191575831202521
GGAATT,0.178298572414932
GGACAA,0.191304079161061
GGACAC,0.184201074702001
GGACAG,0.189051735848091
GGACAT,0.186949764212973
GGACCA,0.188086513720343
GGACCC,0.191277654884363
GGACCG,0.185773763948602
GGACCT,0.193558893540059
GGACGA,0.188256914749123
GGACGC,0.183798007451081
GGACGG,0.184212479901968
GGACGT,0.185158658332958
GGACTA,0.180113448612689
GGACTC,0.187173427049465
GGACTG,0.189653109009205
GGACTT,0.190639485331207
GGAGAA,0.191662625321428
GGAGAC,0.190367478682052
GGAGAG,0.196082922861922
GGAGAT,0.187211331047341
GGAGCA,0.203557349913663
GGAGCC,0.194398435917691
GGAGCG,0.184809170574568
GGAGCT,0.190405261808027
GGAGGA,0.198398217213159
GGAGGC,0.165888644352819
GGAGGG,0.18396914075227
GGAGGT,0.173625898021465
GGAGTA,0.183429020479387
GGAGTC,0.183642060497355
GGAGTG,0.18404899293807
GGAGTT,0.177112348149004
GGATAA,0.178776490846964
GGATAC,0.188090300725347
GGATAG,0.178940842001613
GGATAT,0.18155154631807
GGATCA,0.184068004423469
GGATCC,0.192763878845315
GGATCG,0.184980130934315
GGATCT,0.190903865325693
GGATGA,0.200483767328908
GGATGC,0.193675643413547
GGATGG,0.197547022212683
GGATGT,0.18874902134426
GGATTA,0.16219567474746
GGATTC,0.190182320726522
GGATTG,0.189403526315179
GGATTT,0.195692134069267
GGCAAA,0.185067499388197
GGCAAC,0.182237442456385
GGCAAG,0.188495427418603
GGCAAT,0.185769968160676
GGCACA,0.186255711944703
GGCACC,0.183459457546547
GGCACG,0.180067639639959
GGCACT,0.189694700069427
GGCAGA,0.191877691327301
GGCAGC,0.203307484087791
GGCAGG,0.179899655450823
GGCAGT,0.18554599116703
GGCATA,0.179429913530039
GGCATC,0.194432304001313
GGCATG,0.174497691072333
GGCATT,0.181208421748137
GGCCAA,0.182382182629257
GGCCAC,0.190817005323029
GGCCAG,0.19083588857411
GGCCAT,0.184645781140685
GGCCCA,0.190707475434502
GGCCCC,0.187362932673348
GGCCCG,0.183295847416871
GGCCCT,0.189951770049762
GGCCGA,0.179586518689077
GGCCGC,0.183124598844103
GGCCGG,0.184079411141221
GGCCGT,0.183349118770104
GGCCTA,0.186016664412105
GGCCTC,0.180487476697501
GGCCTG,0.190235226497936
GGCCTT,0.181803096196995
GGCGAA,0.184562176222203
GGCGAC,0.18067062309825
GGCGAG,0.184489966348954
GGCGAT,0.181372373730474
GGCGCA,0.178459178488576
GGCGCC,0.178864402964067
GGCGCG,0.175610330948895
GGCGCT,0.182347903955259
GGCGGA,0.17863887375497
GGCGGC,0.180937651487433
GGCGGG,0.176993648293634
GGCGGT,0.18280104928282
GGCGTA,0.182945707908025
GGCGTC,0.184926946398798
GGCGTG,0.172176348874496
GGCGTT,0.182104110602608
GGCTAA,0.172307163682691
GGCTAC,0.191689039427653
GGCTAG,0.182382182629257
GGCTAT,0.180853735962537
GGCTCA,0.165954466453988
GGCTCC,0.190397705297037
GGCTCG,0.18295712743461
GGCTCT,0.187950171987944
GGCTGA,0.176595326469202
GGCTGC,0.193106829997883
GGCTGG,0.172899463616563
GGCTGT,0.195470368668907
GGCTTA,0.180426420442581
GGCTTC,0.192198317901304
GGCTTG,0.18117791608783
GGCTTT,0.195004125095561
GGGAAA,0.18002946389296
GGGAAC,0.190548824668753
GGGAAG,0.19076035343023
GGGAAT,0.183725742374218
GGGACA,0.184725579315701
GGGACC,0.186866351705102
GGGACG,0.183474675732728
GGGACT,0.180300480142221
GGGAGA,0.187234072756464
GGGAGC,0.192036131424044
GGGAGG,0.145477570324375
GGGAGT,0.185606735648383
GGGATA,0.179219794914604
GGGATC,0.186748804087991
GGGATG,0.190526158218807
GGGATT,0.161441440151078
GGGCAA,0.179215974167452
GGGCAC,0.182846733214694
GGGCAG,0.194206495107707
GGGCAT,0.182812470461448
GGGCCA,0.189346794287226
GGGCCC,0.189297623926104
GGGCCG,0.184444357426497
GGGCCT,0.185750989004923
GGGCGA,0.181379998749912
GGGCGC,0.175384066572984
GGGCGG,0.180548529224783
GGGCGT,0.181303745939059
GGGCTA,0.184695180761774
GGGCTC,0.182755363263829
GGGCTG,0.191224804236148
GGGCTT,0.181764986646153
GGGGAA,0.187919871300581
GGGGAC,0.185283988314955
GGGGAG,0.18427330543834
GGGGAT,0.188487856462083
GGGGCA,0.193660579679639
GGGGCC,0.18857870415746
GGGGCG,0.181780230640771
GGGGCT,0.189827023753937
GGGGGA,0.186350556241687
GGGGGC,0.18440634840203
GGGGGG,0.186471943817157
GGGGGT,0.179066953640865
GGGGTA,0.180739294351752
GGGGTC,0.18411363051382
GGGGTG,0.185804129733333
GGGGTT,0.170443362409587
GGGTAA,0.180304296748004
GGGTAC,0.17866181125218
GGGTAG,0.180021828568671
GGGTAT,0.177028110993475
GGGTCA,0.182542134239942
GGGTCC,0.185185244793259
GGGTCG,0.184786373651479
GGGTCT,0.186430218500066
GGGTGA,0.182732519471605
GGGTGC,0.185769968160676
GGGTGG,0.186176035782971
GGGTGT,0.183938719194656
GGGTTA,0.178868225054717
GGGTTC,0.174182857912833
GGGTTG,0.183120792987157
GGGTTT,0.165756987151408
GGTAAA,0.18482816761349
GGTAAC,0.186957346823239
GGTAAG,0.192432121873911
GGTAAT,0.181745931326091
GGTACA,0.183931113660645
GGTACC,0.185807925391591
GGTACG,0.183931113660645
GGTACT,0.188321280915197
GGTAGA,0.180010375472927
GGTAGC,0.180708774376829
GGTAGG,0.183208324032521
GGTAGT,0.177789816277425
GGTATA,0.177919898865787
GGTATC,0.183881676279574
GGTATG,0.182504052843639
GGTATT,0.193219865043756
GGTCAA,0.185470055376061
GGTCAC,0.184854762861704
GGTCAG,0.177307597904332
GGTCAT,0.18411363051382
GGTCCA,0.193479797171075
GGTCCC,0.187541035220843
GGTCCG,0.185405505419717
GGTCCT,0.192469827073156
GGTCGA,0.183836039604589
GGTCGC,0.185280190667486
GGTCGG,0.18545866451006
GGTCGT,0.184531772700577
GGTCTA,0.184657181269843
GGTCTC,0.180159255487053
GGTCTG,0.193344188838651
GGTCTT,0.190990717784353
GGTGAA,0.187230282507525
GGTGAC,0.18833263922033
GGTGAG,0.187059706434797
GGTGAT,0.18686256006215
GGTGCA,0.185048506895369
GGTGCC,0.187999408646789
GGTGCG,0.182804856356856
GGTGCT,0.196680083744145
GGTGGA,0.199712957522298
GGTGGC,0.187260604096791
GGTGGG,0.177433915669948
GGTGGT,0.193814972196002
GGTGTA,0.181966950718246
GGTGTC,0.186646412646011
GGTGTG,0.183885479241814
GGTGTT,0.189513199110428
GGTTAA,0.179372612831458
GGTTAC,0.184163056429294
GGTTAG,0.173210857266646
GGTTAT,0.182359330310484
GGTTCA,0.172945602128183
GGTTCC,0.19387521646848
GGTTCG,0.185530804470129
GGTTCT,0.187400829489019
GGTTGA,0.181818339610687
GGTTGC,0.184786373651479
GGTTGG,0.188499212875368
GGTTGT,0.186176035782971
GGTTTA,0.182157445477424
GGTTTC,0.187582714215452
GGTTTG,0.198533141952363
GGTTTT,0.208478522424748
GTAAAA,0.16684844350044
GTAAAC,0.188923093380575
GTAAAG,0.177529600325254
GTAAAT,0.173925542583835
GTAACA,0.182123159098736
GTAACC,0.184007166397891
GTAACG,0.182206968171368
GTAACT,0.182416460128268
GTAAGA,0.178822359002736
GTAAGC,0.184022376251283
GTAAGG,0.178417117486192
GTAAGT,0.186050817558413
GTAATA,0.17409453324809
GTAATC,0.16443558327017
GTAATG,0.179639988004915
GTAATT,0.182210777507782
GTACAA,0.18217649295764
GTACAC,0.18348989368732
GTACAG,0.181406685860097
GTACAT,0.183345313767555
GTACCA,0.190053823627388
GTACCC,0.184839565663619
GTACCG,0.182766784964254
GTACCT,0.188075152619282
GTACGA,0.182751556001363
GTACGC,0.182900028497584
GTACGG,0.182858153871572
GTACGT,0.180559976158694
GTACTA,0.183417606340357
GTACTC,0.184326524747886
GTACTG,0.181082579900953
GTACTT,0.187260604096791
GTAGAA,0.178585350882001
GTAGAC,0.180392074660895
GTAGAG,0.165745369507282
GTAGAT,0.181002490479407
GTAGCA,0.182519285576184
GTAGCC,0.18271348257945
GTAGCG,0.180693514040059
GTAGCT,0.164648831066731
GTAGGA,0.189441345879158
GTAGGC,0.18429991544715
GTAGGG,0.186339175400997
GTAGGT,0.195177111785418
GTAGTA,0.174248136347018
GTAGTC,0.173618213646805
GTAGTG,0.175594992608887
GTAGTT,0.171082991506217
GTATAA,0.17578670495142
GTATAC,0.1751462420494
GTATAG,0.174463141055456
GTATAT,0.16644992908461
GTATCA,0.182309815161536
GTATCC,0.184470962884062
GTATCG,0.185386519345442
GTATCT,0.182762977745274
GTATGA,0.181825961230398
GTATGC,0.179746918060453
GTATGG,0.184014771353504
GTATGT,0.183136016328033
GTATTA,0.176943866741449
GTATTC,0.186187418480468
GTATTG,0.184056597575602
GTATTT,0.202673215853267
GTCAAA,0.18050274017877
GTCAAC,0.189547233049634
GTCAAG,0.185405505419717
GTCAAT,0.183976745997071
GTCACA,0.18604702282198
GTCACC,0.183820826916759
GTCACG,0.182450736452373
GTCACT,0.183189296196138
GTCAGA,0.190084059724447
GTCAGC,0.18337575338257
GTCAGG,0.176867274898667
GTCAGT,0.178627404809064
GTCATA,0.182027912989435
GTCATC,0.183626844858272
GTCATG,0.185071297843477
GTCATT,0.184854762861704
GTCCAA,0.187412198253674
GTCCAC,0.192571624010386
GTCCAG,0.188949579947338
GTCCAT,0.18838185705183
GTCCCA,0.182972353267207
GTCCCC,0.200715642357218
GTCCCG,0.181399061044146
GTCCCT,0.193664345634389
GTCCGA,0.186009074665629
GTCCGC,0.183710528008365
GTCCGG,0.181963140452898
GTCCGT,0.182564982381651
GTCCTA,0.18411363051382
GTCCTC,0.197036707873428
GTCCTG,0.195229753969344
GTCCTT,0.199731673535425
GTCGAA,0.182161255002492
GTCGAC,0.183501307001287
GTCGAG,0.184501368254549
GTCGAT,0.183607824983845
GTCGCA,0.182210777507782
GTCGCC,0.180930023094329
GTCGCG,0.181254178493801
GTCGCT,0.184007166397891
GTCGGA,0.187116568358678
GTCGGC,0.181513427179386
GTCGGG,0.183588804747654
GTCGGT,0.18313221051454
GTCGTA,0.181917416136271
GTCGTC,0.18409842204834
GTCGTG,0.187131730992331
GTCGTT,0.18491175029767
GTCTAA,0.185481446112311
GTCTAC,0.187097614743302
GTCTAG,0.183341508750528
GTCTAT,0.180445500922701
GTCTCA,0.170851847477308
GTCTCC,0.199001489334459
GTCTCG,0.178570058106398
GTCTCT,0.195966453716342
GTCTGA,0.188836061150052
GTCTGC,0.18930897114711
GTCTGG,0.185435882388797
GTCTGT,0.190307022711001
GTCTTA,0.194737065147856
GTCTTC,0.203669209901283
GTCTTG,0.181597287366523
GTCTTT,0.228393885504806
GTGAAA,0.173441456729963
GTGAAC,0.182606869285652
GTGAAG,0.204228322226479
GTGAAT,0.181379998749912
GTGACA,0.191405994831004
GTGACC,0.187317454598717
GTGACG,0.183360533690884
GTGACT,0.190159645967616
GTGAGA,0.174762534885032
GTGAGC,0.164039985129365
GTGAGG,0.180903323260191
GTGAGT,0.183090345610139
GTGATA,0.182408843007804
GTGATC,0.173698896635789
GTGATG,0.193551360822074
GTGATT,0.187374301868848
GTGCAA,0.180567607375173
GTGCAC,0.181170289527346
GTGCAG,0.184923147395165
GTGCAT,0.18253832616557
GTGCCA,0.184546974576937
GTGCCC,0.185602939226399
GTGCCG,0.18325779471275
GTGCCT,0.179850018357775
GTGCGA,0.182081251928288
GTGCGC,0.181501991154427
GTGCGG,0.183486089220383
GTGCGT,0.187044542709015
GTGCTA,0.179246539735927
GTGCTC,0.189603953707752
GTGCTG,0.183839842740387
GTGCTT,0.196725138021046
GTGGAA,0.195447813500088
GTGGAC,0.190937851968749
GTGGAG,0.196071652247121
GTGGAT,0.189675795256493
GTGGCA,0.189055519199564
GTGGCC,0.188309922481052
GTGGCG,0.179009632140058
GTGGCT,0.183109375329413
GTGGGA,0.177135320687227
GTGGGC,0.183440434488137
GTGGGG,0.186585731288395
GTGGGT,0.183695313411032
GTGGTA,0.180296663521872
GTGGTC,0.184942142269009
GTGGTG,0.183234962395214
GTGGTT,0.182542134239942
GTGTAA,0.181905984730432
GTGTAC,0.183782794184664
GTGTAG,0.181029187665964
GTGTAT,0.175268997253293
GTGTCA,0.183737152996703
GTGTCC,0.187249233608559
GTGTCG,0.186012869546067
GTGTCT,0.193818737569363
GTGTGA,0.184577377636383
GTGTGC,0.184368337932822
GTGTGG,0.181277056081527
GTGTGT,0.175683184851275
GTGTTA,0.185549787805219
GTGTTC,0.195917607779242
GTGTTG,0.188385642938535
GTGTTT,0.22180672513343
GTTAAA,0.171056027455685
GTTAAC,0.181517239158643
GTTAAG,0.175771369316478
GTTAAT,0.181120715466389
GTTACA,0.19113419662597
GTTACC,0.1835621758092
GTTACG,0.180579054090701
GTTACT,0.186589523981126
GTTAGA,0.17516158727399
GTTAGC,0.176472733981172
GTTAGG,0.177816599370116
GTTAGT,0.172987893893858
GTTATA,0.179468112171746
GTTATC,0.186392284882774
GTTATG,0.182747748724403
GTTATT,0.193389393659448
GTTCAA,0.170801759228217
GTTCAC,0.189736289399906
GTTCAG,0.187802447464245
GTTCAT,0.18394252193997
GTTCCA,0.194172619375378
GTTCCC,0.207858665255042
GTTCCG,0.183326288537637
GTTCCT,0.206238542163517
GTTCGA,0.179548324570156
GTTCGC,0.184185867566365
GTTCGG,0.182313624106193
GTTCGT,0.187787294997088
GTTCTA,0.185557381038354
GTTCTC,0.191824872382726
GTTCTG,0.19625947924511
GTTCTT,0.225268113508846
GTTGAA,0.186384697986638
GTTGAC,0.187313664665805
GTTGAG,0.17509253190889
GTTGAT,0.186100147821684
GTTGCA,0.182195540075056
GTTGCC,0.182058392731437
GTTGCG,0.184056597575602
GTTGCT,0.193404461478952
GTTGGA,0.19421025900713
GTTGGC,0.179861473290242
GTTGGG,0.176227503909144
GTTGGT,0.188533281341435
GTTGTA,0.184231488279521
GTTGTC,0.192028587226741
GTTGTG,0.185508023992326
GTTGTT,0.204325203248873
GTTTAA,0.180182158137408
GTTTAC,0.187431145907549
GTTTAG,0.184151650665626
GTTTAT,0.198754229249625
GTTTCA,0.18930897114711
GTTTCC,0.210587610749843
GTTTCG,0.184353133340586
GTTTCT,0.236201926930173
GTTTGA,0.184208678183099
GTTTGC,0.196424737825609
GTTTGG,0.198757976070728
GTTTGT,0.21507267843736
GTTTTA,0.203038901944693
GTTTTC,0.259598255951409
GTTTTG,0.219178018951411
GTTTTT,0.31289521270894
TAAAAA,0.133415168515447
TAAAAC,0.172076302473391
TAAAAG,0.169737754685803
TAAAAT,0.151517494299932
TAAACA,0.178103516070158
TAAACC,0.188222836866208
TAAACG,0.184702780486888
TAAACT,0.188166037813886
TAAAGA,0.179850018357775
TAAAGC,0.182919061838849
TAAAGG,0.186646412646011
TAAAGT,0.17667193914305
TAAATA,0.160028636250986
TAAATC,0.179613253704367
TAAATG,0.167741622065704
TAAATT,0.176652786524847
TAACAA,0.184942142269009
TAACAC,0.183204518494209
TAACAG,0.185720621606465
TAACAT,0.191994637634534
TAACCA,0.193882746747356
TAACCC,0.18545866451006
TAACCG,0.183630648789748
TAACCT,0.192556543636515
TAACGA,0.183668687308678
TAACGC,0.182138397634394
TAACGG,0.184721779546995
TAACGT,0.184584978256818
TAACTA,0.183082733621032
TAACTC,0.191470158628175
TAACTG,0.185697845452426
TAACTT,0.211157672007703
TAAGAA,0.178195312030663
TAAGAC,0.179861473290242
TAAGAG,0.17650338351217
TAAGAT,0.174551433170474
TAAGCA,0.180014193186083
TAAGCC,0.175510627533225
TAAGCG,0.181189355819499
TAAGCT,0.182123159098736
TAAGGA,0.176545525083496
TAAGGC,0.178921732789994
TAAGGG,0.182180302410146
TAAGGT,0.178248855783144
TAAGTA,0.171537418962217
TAAGTC,0.183976745997071
TAAGTG,0.171841538927789
TAAGTT,0.179899655450823
TAATAA,0.16897760915699
TAATAC,0.177146806758441
TAATAG,0.177097032830329
TAATAT,0.175805874164379
TAATCA,0.185591549873969
TAATCC,0.170300738703112
TAATCG,0.181444809067807
TAATCT,0.189240885889605
TAATGA,0.181223674229324
TAATGC,0.183710528008365
TAATGG,0.176085702835455
TAATGT,0.187927446558497
TAATTA,0.17635778987273
TAATTC,0.196514867359849
TAATTG,0.18396914075227
TAATTT,0.219387248613373
TACAAA,0.160846204153217
TACAAC,0.186475736941472
TACAAG,0.186232947974843
TACAAT,0.180868993854481
TACACA,0.18068969891948
TACACC,0.185720621606465
TACACG,0.182336477469471
TACACT,0.183626844858272
TACAGA,0.200502468921242
TACAGC,0.198139560567331
TACAGG,0.187749412824676
TACAGT,0.189297623926104
TACATA,0.170874964284587
TACATC,0.1854017082337
TACATG,0.182477395003335
TACATT,0.196653801145175
TACCAA,0.186616072427482
TACCAC,0.184847164291531
TACCAG,0.195673342298446
TACCAT,0.183630648789748
TACCCA,0.188438643847495
TACCCC,0.19838697266311
TACCCG,0.185800334060668
TACCCT,0.195030451087516
TACCGA,0.18348989368732
TACCGC,0.1811474094969
TACCGG,0.182842926300082
TACCGT,0.182206968171368
TACCTA,0.180708774376829
TACCTC,0.189142532333091
TACCTG,0.188434858161441
TACCTT,0.206149284811392
TACGAA,0.182698252804791
TACGAC,0.182595445758561
TACGAG,0.181200795420303
TACGAT,0.181791663484237
TACGCA,0.18121604801781
TACGCC,0.182431694195138
TACGCG,0.181852636441945
TACGCT,0.182820084508066
TACGGA,0.185435882388797
TACGGC,0.182519285576184
TACGGG,0.184786373651479
TACGGT,0.184774974995045
TACGTA,0.18121604801781
TACGTC,0.183398582485784
TACGTG,0.182450736452373
TACGTT,0.185667476440068
TACTAA,0.177219548812581
TACTAC,0.1837675806868
TACTAG,0.178975237662346
TACTAT,0.179185407664695
TACTCA,0.185473852302561
TACTCC,0.19046571184041
TACTCG,0.181277056081527
TACTCT,0.194631726119348
TACTGA,0.180487476697501
TACTGC,0.184824368234576
TACTGG,0.181509615185598
TACTGT,0.184220083296347
TACTTA,0.188366713361681
TACTTC,0.201474470082954
TACTTG,0.187681221297776
TACTTT,0.228190170182849
TAGAAA,0.163861526908574
TAGAAC,0.177495154904054
TAGAAG,0.190291908147139
TAGAAT,0.171067583566369
TAGACA,0.181749742419152
TAGACC,0.182850540114812
TAGACG,0.183261600048323
TAGACT,0.1789790593294
TAGAGA,0.161666992588315
TAGAGC,0.181017746101856
TAGAGG,0.175150078377624
TAGAGT,0.174298052274535
TAGATA,0.174754859239787
TAGATC,0.182580214186108
TAGATG,0.185709233594289
TAGATT,0.182816277492003
TAGCAA,0.1799034735867
TAGCAC,0.18527259532928
TAGCAG,0.192673410586055
TAGCAT,0.183976745997071
TAGCCA,0.178742088349406
TAGCCC,0.188226623354992
TAGCCG,0.182747748724403
TAGCCT,0.179552144047695
TAGCGA,0.181139782703751
TAGCGC,0.182085061743627
TAGCGG,0.181665895016485
TAGCGT,0.180666807890337
TAGCTA,0.178631227805648
TAGCTC,0.188820924336719
TAGCTG,0.167072779802466
TAGCTT,0.190495935486329
TAGGAA,0.188256914749123
TAGGAC,0.190575268211027
TAGGAG,0.193841329511795
TAGGAT,0.192024815106745
TAGGCA,0.187927446558497
TAGGCC,0.187162055569938
TAGGCG,0.184368337932822
TAGGCT,0.18657814585978
TAGGGA,0.184736978535191
TAGGGC,0.189373269634132
TAGGGG,0.189694700069427
TAGGGT,0.191806007797819
TAGGTA,0.196864042597774
TAGGTC,0.200939986365096
TAGGTG,0.202889658467045
TAGGTT,0.215540713989249
TAGTAA,0.175441596267855
TAGTAC,0.177139149392291
TAGTAG,0.163977916316851
TAGTAT,0.170015430251087
TAGTCA,0.179884382761536
TAGTCC,0.179597976640294
TAGTCG,0.183253989362696
TAGTCT,0.17820678593326
TAGTGA,0.177831903672449
TAGTGC,0.180006557745196
TAGTGG,0.175338040434009
TAGTGT,0.175115550893777
TAGTTA,0.171471963330796
TAGTTC,0.187469040138294
TAGTTG,0.175710024424785
TAGTTT,0.179754555484054
TATAAA,0.152130084428171
TATAAC,0.179766011510087
TATAAG,0.169460001995384
TATAAT,0.171891575124505
TATACA,0.174466980005169
TATACC,0.181132155852433
TATACG,0.18216887400909
TATACT,0.182717289986873
TATAGA,0.169811037671283
TATAGC,0.185295381170831
TATAGG,0.190526158218807
TATAGT,0.16716172681608
TATATA,0.139253823017729
TATATC,0.179739280578522
TATATG,0.174681937671394
TATATT,0.187472829482391
TATCAA,0.178573881322224
TATCAC,0.186157064332547
TATCAG,0.183463262114804
TATCAT,0.18265256208909
TATCCA,0.192130429088459
TATCCC,0.192092711089733
TATCCG,0.182656369728469
TATCCT,0.201014756517952
TATCGA,0.184957337908308
TATCGC,0.182450736452373
TATCGG,0.183444239128769
TATCGT,0.181814528779048
TATCTA,0.185432085318125
TATCTC,0.191941824866741
TATCTG,0.177988759268496
TATCTT,0.212858519873834
TATGAA,0.180876622713152
TATGAC,0.183661079720645
TATGAG,0.176576172383596
TATGAT,0.182401225829318
TATGCA,0.184999124725805
TATGCC,0.181223674229324
TATGCG,0.185690253285799
TATGCT,0.187165846077482
TATGGA,0.184964935641369
TATGGC,0.18842350101729
TATGGG,0.180487476697501
TATGGT,0.177720942173587
TATGTA,0.176338631236743
TATGTC,0.188362927403311
TATGTG,0.181966950718246
TATGTT,0.207104668423346
TATTAA,0.176970672500568
TATTAC,0.184163056429294
TATTAG,0.178956129107996
TATTAT,0.183672491080991
TATTCA,0.189460255124792
TATTCC,0.206402159953541
TATTCG,0.185227022088536
TATTCT,0.214604423725614
TATTGA,0.182397417218318
TATTGC,0.190779237751103
TATTGG,0.182405034425814
TATTGT,0.184638180982378
TATTTA,0.186354349826468
TATTTC,0.2378139003761
TATTTG,0.193611620977242
TATTTT,0.30056868166711
TCAAAA,0.173360752966445
TCAAAC,0.179792741727129
TCAAAG,0.185766172358342
TCAAAT,0.181017746101856
TCAACA,0.196533643323724
TCAACC,0.190952956772678
TCAACG,0.183798007451081
TCAACT,0.189293841490489
TCAAGA,0.195308712049598
TCAAGC,0.177449225830063
TCAAGG,0.189713604524976
TCAAGT,0.176955355011914
TCAATA,0.183470871207895
TCAATC,0.185037111226527
TCAATG,0.186388491441901
TCAATT,0.189690919135432
TCACAA,0.18742356688908
TCACAC,0.180945279822345
TCACAG,0.209550302433987
TCACAT,0.183721938804456
TCACCA,0.187086242401639
TCACCC,0.189622859878873
TCACCG,0.181322809686888
TCACCT,0.193385626669096
TCACGA,0.179464292373235
TCACGC,0.175081022217741
TCACGG,0.18856734864688
TCACGT,0.185891426228507
TCACTA,0.186009074665629
TCACTC,0.196375914269243
TCACTG,0.173068627752901
TCACTT,0.199394731693195
TCAGAA,0.191772050648162
TCAGAC,0.189917749875993
TCAGAG,0.19931235086113
TCAGAT,0.200551091424545
TCAGCA,0.205509373873005
TCAGCC,0.172845632662349
TCAGCG,0.184151650665626
TCAGCT,0.193988164698017
TCAGGA,0.192292600273874
TCAGGC,0.197032954597474
TCAGGG,0.189955549997628
TCAGGT,0.206632666865066
TCAGTA,0.182408843007804
TCAGTC,0.180567607375173
TCAGTG,0.186449184769116
TCAGTT,0.188525710671501
TCATAA,0.178463002128341
TCATAC,0.181166476225292
TCATAG,0.183109375329413
TCATAT,0.187044542709015
TCATCA,0.190393927020128
TCATCC,0.19764455266178
TCATCG,0.182328859739742
TCATCT,0.209724497210451
TCATGA,0.184455759852129
TCATGC,0.184786373651479
TCATGG,0.181982191634459
TCATGT,0.188696036883472
TCATTA,0.193178420343797
TCATTC,0.212256159000096
TCATTG,0.197366941004551
TCATTT,0.239365717805556
TCCAAA,0.186873934947876
TCCAAC,0.193363024428989
TCCAAG,0.194206495107707
TCCAAT,0.19598523997994
TCCACA,0.208018305929738
TCCACC,0.195662067066448
TCCACG,0.187177217513906
TCCACT,0.198611839644026
TCCAGA,0.209665200267594
TCCAGC,0.184546974576937
TCCAGG,0.229357333060677
TCCAGT,0.198934060828869
TCCATA,0.192699798007131
TCCATC,0.198491916880122
TCCATG,0.194112393017597
TCCATT,0.218061387473059
TCCCAA,0.178141765411094
TCCCAC,0.206721881084139
TCCCAG,0.189959329931206
TCCCAT,0.208979323878342
TCCCCA,0.242770546014753
TCCCCC,0.252955062694185
TCCCCG,0.189335447495402
TCCCCT,0.270199907847878
TCCCGA,0.177028110993475
TCCCGC,0.186043228071147
TCCCGG,0.182157445477424
TCCCGT,0.187643335106772
TCCCTA,0.202430595172456
TCCCTC,0.266057499964159
TCCCTG,0.205211601298934
TCCCTT,0.291580786419956
TCCGAA,0.18476357620868
TCCGAC,0.18324257322565
TCCGAG,0.183668687308678
TCCGAT,0.183539350440412
TCCGCA,0.188548422509359
TCCGCC,0.179078417546746
TCCGCG,0.181997432318391
TCCGCT,0.184657181269843
TCCGGA,0.185283988314955
TCCGGC,0.182717289986873
TCCGGG,0.183151239437161
TCCGGT,0.181738309096395
TCCGTA,0.18277439935873
TCCGTC,0.181852636441945
TCCGTG,0.186669167205827
TCCGTT,0.189365705320826
TCCTAA,0.192168145664593
TCCTAC,0.201392260410465
TCCTAG,0.204921187643063
TCCTAT,0.20122408320898
TCCTCA,0.213748462758971
TCCTCC,0.259199777798779
TCCTCG,0.184968734486252
TCCTCT,0.258988131922524
TCCTGA,0.183847448968591
TCCTGC,0.187044542709015
TCCTGG,0.187446303772164
TCCTGT,0.21095411600451
TCCTTA,0.210454302800761
TCCTTC,0.31906674681741
TCCTTG,0.218061387473059
TCCTTT,0.395827355834195
TCGAAA,0.186050817558413
TCGAAC,0.177843381745492
TCGAAG,0.187976684336252
TCGAAT,0.183649668230079
TCGACA,0.187192379227992
TCGACC,0.183550763189931
TCGACG,0.182446928029934
TCGACT,0.186236742005806
TCGAGA,0.182477395003335
TCGAGC,0.183219740560565
TCGAGG,0.184638180982378
TCGAGT,0.180380625804854
TCGATA,0.182702060270201
TCGATC,0.18429991544715
TCGATG,0.182187921271624
TCGATT,0.184638180982378
TCGCAA,0.181970760969076
TCGCAC,0.181894553193916
TCGCAG,0.184436755737177
TCGCAT,0.182146016815145
TCGCCA,0.184071806677177
TCGCCC,0.180281396894808
TCGCCG,0.182557366392419
TCGCCT,0.187241653211242
TCGCGA,0.181296120338167
TCGCGC,0.179437553375112
TCGCGG,0.181501991154427
TCGCGT,0.18188693209697
TCGCTA,0.182058392731437
TCGCTC,0.180392074660895
TCGCTG,0.186521253311044
TCGCTT,0.183212129556351
TCGGAA,0.185659884042871
TCGGAC,0.184482365006333
TCGGAG,0.187400829489019
TCGGAT,0.185807925391591
TCGGCA,0.184721779546995
TCGGCC,0.175713858590767
TCGGCG,0.182683022798183
TCGGCT,0.179792741727129
TCGGGA,0.181200795420303
TCGGGC,0.18339477767144
TCGGGG,0.183862661251436
TCGGGT,0.184170660199468
TCGGTA,0.181265617353087
TCGGTC,0.181925037000898
TCGGTG,0.179880564552767
TCGGTT,0.184736978535191
TCGTAA,0.184714179966268
TCGTAC,0.181521051123369
TCGTAG,0.183037060469558
TCGTAT,0.184140244771864
TCGTCA,0.182903835194818
TCGTCC,0.187268184350454
TCGTCG,0.18387026730608
TCGTCT,0.18979299933594
TCGTGA,0.183470871207895
TCGTGC,0.181341873071297
TCGTGG,0.18631261960234
TCGTGT,0.188408357957775
TCGTTA,0.180613393451143
TCGTTC,0.190420374658708
TCGTTG,0.182641139083963
TCGTTT,0.197415716200614
TCTAAA,0.183265405369416
TCTAAC,0.195357587737111
TCTAAG,0.182530709973321
TCTAAT,0.199162550140727
TCTACA,0.200981110640999
TCTACC,0.197528265266514
TCTACG,0.184820568841227
TCTACT,0.189324100574827
TCTAGA,0.191077562700318
TCTAGC,0.19691659605517
TCTAGG,0.217009732799758
TCTAGT,0.186020459263742
TCTATA,0.182153635937843
TCTATC,0.189690919135432
TCTATG,0.187866842888342
TCTATT,0.208727099679927
TCTCAA,0.173345380082539
TCTCAC,0.198544384858933
TCTCAG,0.195677100680861
TCTCAT,0.204787122119759
TCTCCA,0.213460518127366
TCTCCC,0.255953146876589
TCTCCG,0.186627450117305
TCTCCT,0.268520543217681
TCTCGA,0.180514187636834
TCTCGC,0.182873381211187
TCTCGG,0.181082579900953
TCTCGT,0.188279632692581
TCTCTA,0.20503661855412
TCTCTC,0.297796629336515
TCTCTG,0.200831559712228
TCTCTT,0.326935659496066
TCTGAA,0.19297870816478
TCTGAC,0.190918970642989
TCTGAG,0.184562176222203
TCTGAT,0.203288834880691
TCTGCA,0.209798613444812
TCTGCC,0.195669583901906
TCTGCG,0.184227686632916
TCTGCT,0.212163740261905
TCTGGA,0.198195795964427
TCTGGC,0.185044708353517
TCTGGG,0.183094151582965
TCTGGT,0.192439663027495
TCTGTA,0.187158265048026
TCTGTC,0.193799910560776
TCTGTG,0.187419777358305
TCTGTT,0.221257357907553
TCTTAA,0.197910837366943
TCTTAC,0.204213416620697
TCTTAG,0.186703298074761
TCTTAT,0.20936495552506
TCTTCA,0.22983689289795
TCTTCC,0.310934489524617
TCTTCG,0.187688798363736
TCTTCT,0.308886015515183
TCTTGA,0.186191212684175
TCTTGC,0.214696617184347
TCTTGG,0.185435882388797
TCTTGT,0.210850471575076
TCTTTA,0.23002937874971
TCTTTC,0.393514129377038
TCTTTG,0.243390642360157
TCTTTT,0.505378251755937
TGAAAA,0.178860580858809
TGAAAC,0.177005135992212
TGAAAG,0.183877873302872
TGAAAT,0.175756033446351
TGAACA,0.191088889742043
TGAACC,0.180365360459567
TGAACG,0.183824630110413
TGAACT,0.183581196551881
TGAAGA,0.219442301775541
TGAAGC,0.196680083744145
TGAAGG,0.193035234526424
TGAAGT,0.191696586186997
TGAATA,0.174877662494408
TGAATC,0.18965689008616
TGAATG,0.188733883213354
TGAATT,0.195207193372705
TGACAA,0.193830033604379
TGACAC,0.188730098644821
TGACAG,0.199469617469965
TGACAT,0.19715680526657
TGACCA,0.18585347216698
TGACCC,0.189176578889671
TGACCG,0.184516570593117
TGACCT,0.183995758856029
TGACGA,0.185686457180871
TGACGC,0.18228696118892
TGACGG,0.183212129556351
TGACGT,0.181189355819499
TGACTA,0.184121234659825
TGACTC,0.18661986500514
TGACTG,0.19043926540088
TGACTT,0.201044663013804
TGAGAA,0.180033281533243
TGAGAC,0.162825063948458
TGAGAG,0.17838652655505
TGAGAT,0.164559660247497
TGAGCA,0.182960933914493
TGAGCC,0.163368661634204
TGAGCG,0.184771175414027
TGAGCT,0.171760705936316
TGAGGA,0.185508023992326
TGAGGC,0.178137940542835
TGAGGG,0.174609010785058
TGAGGT,0.167235198816987
TGAGTA,0.166600841575356
TGAGTC,0.180109631278443
TGAGTG,0.180800331507334
TGAGTT,0.181132155852433
TGATAA,0.179838563294092
TGATAC,0.182976159689133
TGATAG,0.1789790593294
TGATAT,0.189622859878873
TGATCA,0.187253023785668
TGATCC,0.181814528779048
TGATCG,0.18419347116309
TGATCT,0.187677432743266
TGATGA,0.202467925262693
TGATGC,0.192383102989381
TGATGG,0.192827955577409
TGATGT,0.196533643323724
TGATTA,0.182698252804791
TGATTC,0.194255424695212
TGATTG,0.193863920943843
TGATTT,0.222469226694742
TGCAAA,0.183573588298224
TGCAAC,0.184831966977968
TGCAAG,0.191047356628448
TGCAAT,0.179548324570156
TGCACA,0.186058406988079
TGCACC,0.184125036711143
TGCACG,0.183588804747654
TGCACT,0.182088871544452
TGCAGA,0.21734079235377
TGCAGC,0.206621514528031
TGCAGG,0.243892173090256
TGCAGT,0.173387654944635
TGCATA,0.175993713008021
TGCATC,0.186380904516984
TGCATG,0.180846106929263
TGCATT,0.19765580556306
TGCCAA,0.191481481223848
TGCCAC,0.178432412600842
TGCCAG,0.192447204124211
TGCCAT,0.186559182036506
TGCCCA,0.176943866741449
TGCCCC,0.19535382815365
TGCCCG,0.180331012580628
TGCCCT,0.196950378962263
TGCCGA,0.183368143565682
TGCCGC,0.186885309704214
TGCCGG,0.182995191581437
TGCCGT,0.184543174129512
TGCCTA,0.17991492790686
TGCCTC,0.182979966096571
TGCCTG,0.175805874164379
TGCCTT,0.215426489298531
TGCGAA,0.184185867566365
TGCGAC,0.184493766998597
TGCGAG,0.182157445477424
TGCGAT,0.181509615185598
TGCGCA,0.186866351705102
TGCGCC,0.177001306774016
TGCGCG,0.182229823972194
TGCGCT,0.183162656616928
TGCGGA,0.186521253311044
TGCGGC,0.18146387012666
TGCGGG,0.185359938235852
TGCGGT,0.180441684855802
TGCGTA,0.18348989368732
TGCGTC,0.183984351184033
TGCGTG,0.182564982381651
TGCGTT,0.186934598819953
TGCTAA,0.189690919135432
TGCTAC,0.187578925287724
TGCTAG,0.179685816571667
TGCTAT,0.18106351157285
TGCTCA,0.188798218687105
TGCTCC,0.194910098037701
TGCTCG,0.185887630887177
TGCTCT,0.204355010906029
TGCTGA,0.197734572326648
TGCTGC,0.19885913493428
TGCTGG,0.178394174375567
TGCTGT,0.196999174479958
TGCTTA,0.184786373651479
TGCTTC,0.22521702913598
TGCTTG,0.192126657352605
TGCTTT,0.254664292585624
TGGAAA,0.19649609104343
TGGAAC,0.190269235872993
TGGAAG,0.204243227610087
TGGAAT,0.181341873071297
TGGACA,0.187453882618312
TGGACC,0.196236941867993
TGGACG,0.18595973990938
TGGACT,0.188866334089365
TGGAGA,0.196244454383469
TGGAGC,0.198510655760005
TGGAGG,0.195774813665945
TGGAGT,0.183459457546547
TGGATA,0.180327196076808
TGGATC,0.190922746936661
TGGATG,0.199188766886756
TGGATT,0.201687436436823
TGGCAA,0.19040148355967
TGGCAC,0.187150683961098
TGGCAG,0.198952791425379
TGGCAT,0.182088871544452
TGGCCA,0.185602939226399
TGGCCC,0.187283344685401
TGGCCG,0.179895837300369
TGGCCT,0.181623968678609
TGGCGA,0.182504052843639
TGGCGC,0.179128092953644
TGGCGG,0.182938094817853
TGGCGT,0.181044442881139
TGGCTA,0.177506636842953
TGGCTC,0.178359758722627
TGGCTG,0.200812864273461
TGGCTT,0.191153073888454
TGGGAA,0.181505803177278
TGGGAC,0.17691323070829
TGGGAG,0.159077859943168
TGGGAT,0.15761876550641
TGGGCA,0.174205897846777
TGGGCC,0.189619078673245
TGGGCG,0.176560848850953
TGGGCT,0.179223615647158
TGGGGA,0.18854463723887
TGGGGC,0.195684617403314
TGGGGG,0.181013932218063
TGGGGT,0.181235113437547
TGGGTA,0.173130134889987
TGGGTC,0.182088871544452
TGGGTG,0.182568790354516
TGGGTT,0.178363582742556
TGGTAA,0.189732508623153
TGGTAC,0.18440634840203
TGGTAG,0.178902623213206
TGGTAT,0.185211830546739
TGGTCA,0.179086060077656
TGGTCC,0.191768277560354
TGGTCG,0.185348546115446
TGGTCT,0.182804856356856
TGGTGA,0.184201074702001
TGGTGC,0.186176035782971
TGGTGG,0.183668687308678
TGGTGT,0.187927446558497
TGGTTA,0.17627732113487
TGGTTC,0.190140749942437
TGGTTG,0.189021468520998
TGGTTT,0.202236456236241
TGTAAA,0.172268690515458
TGTAAC,0.182046962937055
TGTAAG,0.173456828136976
TGTAAT,0.161130249838325
TGTACA,0.184045190597617
TGTACC,0.192673410586055
TGTACG,0.182431694195138
TGTACT,0.184562176222203
TGTAGA,0.176809827166569
TGTAGC,0.18141049824627
TGTAGG,0.20468283650738
TGTAGT,0.16180307720902
TGTATA,0.165071315110219
TGTATC,0.187703952323422
TGTATG,0.179082238819502
TGTATT,0.189520762308131
TGTCAA,0.181715442058713
TGTCAC,0.182747748724403
TGTCAG,0.18694597288628
TGTCAT,0.186422631891724
TGTCCA,0.1916324369171
TGTCCC,0.208504496073571
TGTCCG,0.184630580766308
TGTCCT,0.207940345063221
TGTCGA,0.182161255002492
TGTCGC,0.180594316174255
TGTCGG,0.183957732776618
TGTCGT,0.184816769433443
TGTCTA,0.191360700260012
TGTCTC,0.203650567438926
TGTCTG,0.196841518841965
TGTCTT,0.238674718366808
TGTGAA,0.186881518133144
TGTGAC,0.190696144071632
TGTGAG,0.176541694104941
TGTGAT,0.190896312581481
TGTGCA,0.183775187464664
TGTGCC,0.179872928091494
TGTGCG,0.183706724380734
TGTGCT,0.194214022892385
TGTGGA,0.19176073134203
TGTGGC,0.187271974455738
TGTGGG,0.180857550457348
TGTGGT,0.177238690578982
TGTGTA,0.179437553375112
TGTGTC,0.191556961918926
TGTGTG,0.178837647920475
TGTGTT,0.221488128903268
TGTTAA,0.179368792668142
TGTTAC,0.191934279957934
TGTTAG,0.173683528949288
TGTTAT,0.195440294997428
TGTTCA,0.195462850335827
TGTTCC,0.214751929180038
TGTTCG,0.186248124012327
TGTTCT,0.22989137378507
TGTTGA,0.186839809902529
TGTTGC,0.191236129610194
TGTTGG,0.180525634963856
TGTTGT,0.202949358530965
TGTTTA,0.203643110356671
TGTTTC,0.248947146962988
TGTTTG,0.218171636837157
TGTTTT,0.38316407604803
TTAAAA,0.138768568410429
TTAAAC,0.184508969452722
TTAAAG,0.185834494596011
TTAAAT,0.181116901975289
TTAACA,0.191383347801958
TTAACC,0.193555127188159
TTAACG,0.183809417249011
TTAACT,0.207505880366214
TTAAGA,0.174036926002642
TTAAGC,0.175924715083748
TTAAGG,0.181162662908697
TTAAGT,0.170177372064382
TTAATA,0.174102213963418
TTAATC,0.196056624563119
TTAATG,0.182359330310484
TTAATT,0.221993441260343
TTACAA,0.176897912339741
TTACAC,0.184444357426497
TTACAG,0.19998243432129
TTACAT,0.191149298464465
TTACCA,0.192085167319267
TTACCC,0.201313781236159
TTACCG,0.182066012521781
TTACCT,0.201754679548
TTACGA,0.180552344883979
TTACGC,0.181578228850599
TTACGG,0.183740956508598
TTACGT,0.18440634840203
TTACTA,0.183318678344319
TTACTC,0.201466996755632
TTACTG,0.182024102956363
TTACTT,0.232915850251948
TTAGAA,0.171267868269203
TTAGAC,0.182553558376051
TTAGAG,0.169903597977358
TTAGAT,0.186217771707043
TTAGCA,0.188843629470798
TTAGCC,0.175855712398434
TTAGCG,0.180918580395561
TTAGCT,0.184584978256818
TTAGGA,0.19935728670175
TTAGGC,0.189864827305122
TTAGGG,0.187139312222944
TTAGGT,0.220036682881215
TTAGTA,0.159946842685787
TTAGTC,0.184041388242707
TTAGTG,0.178367406747862
TTAGTT,0.184083213351558
TTATAA,0.163155140640354
TTATAC,0.18874902134426
TTATAG,0.182507861048528
TTATAT,0.183021835622158
TTATCA,0.183619236951912
TTATCC,0.211964086633146
TTATCG,0.184277106911522
TTATCT,0.211124365678805
TTATGA,0.179449013033284
TTATGC,0.193453430324412
TTATGG,0.18313221051454
TTATGT,0.201937707334619
TTATTA,0.185914197973997
TTATTC,0.224749850972049
TTATTG,0.187900932904731
TTATTT,0.299220892304462
TTCAAA,0.184649581198178
TTCAAC,0.194018282071451
TTCAAG,0.181608722301731
TTCAAT,0.188207690767697
TTCACA,0.200423919883014
TTCACC,0.194022046679353
TTCACG,0.183345313767555
TTCACT,0.201395997360383
TTCAGA,0.216535022893113
TTCAGC,0.208690002519834
TTCAGG,0.227895437075815
TTCAGT,0.192228489227678
TTCATA,0.189354358743581
TTCATC,0.210617232325336
TTCATG,0.188177397882444
TTCATT,0.254122052636507
TTCCAA,0.1953763854424
TTCCAC,0.215131655608108
TTCCAG,0.234890960081174
TTCCAT,0.227269295834025
TTCCCA,0.232318208015939
TTCCCC,0.316089038288237
TTCCCG,0.188574919001594
TTCCCT,0.319903565801441
TTCCGA,0.182446928029934
TTCCGC,0.184854762861704
TTCCGG,0.183116987115727
TTCCGT,0.189694700069427
TTCCTA,0.22555267868136
TTCCTC,0.297657485403595
TTCCTG,0.21345682599117
TTCCTT,0.440575981228536
TTCGAA,0.188113022454206
TTCGAC,0.184524171675735
TTCGAG,0.181784041603116
TTCGAT,0.184056597575602
TTCGCA,0.182835312427382
TTCGCC,0.185470055376061
TTCGCG,0.180327196076808
TTCGCT,0.185109281602746
TTCGGA,0.183702920738634
TTCGGC,0.184144046750906
TTCGGG,0.183048478952994
TTCGGT,0.181017746101856
TTCGTA,0.184132640770414
TTCGTC,0.189634203409976
TTCGTG,0.18707866076868
TTCGTT,0.196499846334918
TTCTAA,0.194507562302901
TTCTAC,0.207216132332998
TTCTAG,0.217039164754214
TTCTAT,0.202822491634649
TTCTCA,0.217579822776942
TTCTCC,0.295527185830595
TTCTCG,0.185489039864395
TTCTCT,0.355906206130967
TTCTGA,0.202131904272661
TTCTGC,0.212126770374953
TTCTGG,0.190873654006573
TTCTGT,0.229400938913971
TTCTTA,0.22211057867967
TTCTTC,0.361850520655645
TTCTTG,0.225187836894066
TTCTTT,0.555566957087707
TTGAAA,0.17359516016852
TTGAAC,0.174347965710576
TTGAAG,0.199731673535425
TTGAAT,0.185667476440068
TTGACA,0.20295682078836
TTGACC,0.190730137775049
TTGACG,0.182762977745274
TTGACT,0.191156849298189
TTGAGA,0.154756821897693
TTGAGC,0.177169778505085
TTGAGG,0.172734116466746
TTGAGT,0.172611049679151
TTGATA,0.183075121573982
TTGATC,0.193201026756708
TTGATG,0.196912842328376
TTGATT,0.20363938179469
TTGCAA,0.195150789654218
TTGCAC,0.188264487454287
TTGCAG,0.230795323190535
TTGCAT,0.187472829482391
TTGCCA,0.196616253376895
TTGCCC,0.187211331047341
TTGCCG,0.184170660199468
TTGCCT,0.218197359939916
TTGCGA,0.181909795213565
TTGCGC,0.182702060270201
TTGCGG,0.182465969997087
TTGCGT,0.18491175029767
TTGCTA,0.184964935641369
TTGCTC,0.203128437341117
TTGCTG,0.200850254801482
TTGCTT,0.250407077062292
TTGGAA,0.193257540553243
TTGGAC,0.18771910605347
TTGGAG,0.196173083207662
TTGGAT,0.194048398537856
TTGGCA,0.192696028418179
TTGGCC,0.177629102655516
TTGGCG,0.182839119370979
TTGGCT,0.188215263845628
TTGGGA,0.16060100395871
TTGGGC,0.180758368863079
TTGGGG,0.188529496013632
TTGGGT,0.184410149369488
TTGGTA,0.182008862678908
TTGGTC,0.196015297267634
TTGGTG,0.191843736611767
TTGGTT,0.20120539510724
TTGTAA,0.174221257507835
TTGTAC,0.188502998317803
TTGTAG,0.181970760969076
TTGTAT,0.178195312030663
TTGTCA,0.181761175611189
TTGTCC,0.220099035730048
TTGTCG,0.181723064462707
TTGTCT,0.237968830256008
TTGTGA,0.19068103538807
TTGTGC,0.187878206356264
TTGTGG,0.183219740560565
TTGTGT,0.210806049245261
TTGTTA,0.186308825859249
TTGTTC,0.229012052926342
TTGTTG,0.19925992316153
TTGTTT,0.36402847865323
TTTAAA,0.163178436055313
TTTAAC,0.209320467154653
TTTAAG,0.174516885010369
TTTAAT,0.211616446310993
TTTACA,0.198356986578146
TTTACC,0.2135712758749
TTTACG,0.182998997916432
TTTACT,0.220630710907842
TTTAGA,0.18282769849671
TTTAGC,0.204787122119759
TTTAGG,0.2408289156984
TTTAGT,0.177828077618824
TTTATA,0.18141049824627
TTTATC,0.226125211880722
TTTATG,0.199945011330311
TTTATT,0.284377250761004
TTTCAA,0.19850690801212
TTTCAC,0.204924911428822
TTTCAG,0.259961332273593
TTTCAT,0.24262353038513
TTTCCA,0.258250548817668
TTTCCC,0.366721308394567
TTTCCG,0.189989568885477
TTTCCT,0.412610301079615
TTTCGA,0.186525046248328
TTTCGC,0.182073632254064
TTTCGG,0.18313221051454
TTTCGT,0.194029575852642
TTTCTA,0.228408435011347
TTTCTC,0.389168935616271
TTTCTG,0.238617113521526
TTTCTT,0.582694338493081
TTTGAA,0.18468378106581
TTTGAC,0.201623924901965
TTTGAG,0.149523980721836
TTTGAT,0.207739846350442
TTTGCA,0.222403362211907
TTTGCC,0.212204405558992
TTTGCG,0.183991956313156
TTTGCT,0.236577204224851
TTTGGA,0.196451026445568
TTTGGC,0.20275158841693
TTTGGG,0.174916035418974
TTTGGT,0.204839260847924
TTTGTA,0.170740108708136
TTTGTC,0.243508882977194
TTTGTG,0.214117501296294
TTTGTT,0.345817394908236
TTTTAA,0.217197346669997
TTTTAC,0.234464435160127
TTTTAG,0.227811731590666
TTTTAT,0.272624941954575
TTTTCA,0.279844228207015
TTTTCC,0.471849488417656
TTTTCG,0.190182320726522
TTTTCT,0.5616090754421
TTTTGA,0.174536078580004
TTTTGC,0.238923101257517
TTTTGG,0.203367159213449
TTTTGT,0.308593992683913
TTTTTA,0.287539898735301
TTTTTC,0.602248546733539
TTTTTG,0.264992034791931
TTTTTT,1
