MOTIF,Score
AAAAAA,0.0748533171930229
AAAAAC,0.268959670049396
AAAAAG,0.263070587659083
AAAAAT,0.221786357510666
AAAACA,0.264199002478416
AAAACC,0.279831409771436
AAAACG,0.29204424153687
AAAACT,0.272304583554909
AAAAGA,0.252806067228846
AAAAGC,0.276203981861752
AAAAGG,0.284526655027682
AAAAGT,0.274647712457013
AAAATA,0.241256001304027
AAAATC,0.276652935550679
AAAATG,0.272137603338763
AAAATT,0.253767538934574
AAACAA,0.266158070064492
AAACAC,0.287647356086827
AAACAG,0.282099122029552
AAACAT,0.282834609600883
AAACCA,0.289561064566434
AAACCC,0.273047307594091
AAACCG,0.302733986638856
AAACCT,0.291610335165081
AAACGA,0.296356681792275
AAACGC,0.299261976931149
AAACGG,0.304416975609573
AAACGT,0.289150706023144
AAACTA,0.287145736785791
AAACTC,0.286668553809215
AAACTG,0.277317681853151
AAACTT,0.278015190215602
AAAGAA,0.261181434294514
AAAGAC,0.284856476674442
AAAGAG,0.275405343953211
AAAGAT,0.277849160919206
AAAGCA,0.279425327376205
AAAGCC,0.29086488667847
AAAGCG,0.304538235579805
AAAGCT,0.28976618070755
AAAGGA,0.281760119828123
AAAGGC,0.292232481963901
AAAGGG,0.289602091160606
AAAGGT,0.290700977333454
AAAGTA,0.2821404559005
AAAGTC,0.288723754430331
AAAGTG,0.283817169908241
AAAGTT,0.280278738226907
AAATAA,0.255135828523389
AAATAC,0.270842560407123
AAATAG,0.277741227092545
AAATAT,0.273114042292042
AAATCA,0.283338395568918
AAATCC,0.283784158346457
AAATCG,0.298741760278902
AAATCT,0.282107388940422
AAATGA,0.275688267830228
AAATGC,0.28161952422854
AAATGG,0.290332083047829
AAATGT,0.284485419672029
AAATTA,0.267392076735179
AAATTC,0.283569556627787
AAATTG,0.281875889598943
AAATTT,0.274447801863976
AACAAA,0.263407561240951
AACAAC,0.291585768796003
AACAAG,0.29727719836411
AACAAT,0.287984368700801
AACACA,0.28482349940454
AACACC,0.299253850626834
AACACG,0.296055089468695
AACACT,0.287852865095907
AACAGA,0.286240540914122
AACAGC,0.301591501343313
AACAGG,0.291315498897217
AACAGT,0.291864152313161
AACATA,0.290225488247664
AACATC,0.296234425596647
AACATG,0.298701106953473
AACATT,0.285565225065351
AACCAA,0.289569270019924
AACCAC,0.293916883365127
AACCAG,0.298278214368429
AACCAT,0.298847451191064
AACCCA,0.287515808153175
AACCCC,0.285697029827669
AACCCG,0.302928322291939
AACCCT,0.291585768796003
AACCGA,0.300350304841259
AACCGC,0.309296168307443
AACCGG,0.325274204122225
AACCGT,0.301445558160446
AACCTA,0.296682625260646
AACCTC,0.289199957940473
AACCTG,0.302693495290451
AACCTT,0.28731022985706
AACGAA,0.295002879952043
AACGAC,0.304012669480464
AACGAG,0.303373532438373
AACGAT,0.298863710339972
AACGCA,0.298253811262019
AACGCC,0.305733879682025
AACGCG,0.313767300010909
AACGCT,0.301494208254708
AACGGA,0.300472058909835
AACGGC,0.312484998551345
AACGGG,0.331989495901386
AACGGT,0.304635232970238
AACGTA,0.296975883575335
AACGTC,0.298302616879343
AACGTG,0.301177940326653
AACGTT,0.297505160031441
AACTAA,0.292273399107417
AACTAC,0.299221344749187
AACTAG,0.29477434708123
AACTAT,0.296910722492693
AACTCA,0.289454387543631
AACTCC,0.283866685207702
AACTCG,0.304683728137497
AACTCT,0.283255825096268
AACTGA,0.288510210256589
AACTGC,0.29963571556184
AACTGG,0.3004558258905
AACTGT,0.288986515443858
AACTTA,0.288255540282729
AACTTC,0.295484260455237
AACTTG,0.287614470725709
AACTTT,0.279093709247727
AAGAAA,0.26520003582544
AAGAAC,0.292036056366616
AAGAAG,0.316678424804186
AAGAAT,0.284765786565284
AAGACA,0.287079931980305
AAGACC,0.292363410930357
AAGACG,0.306105207770483
AAGACT,0.291413787312202
AAGAGA,0.27594615809111
AAGAGC,0.294153780177653
AAGAGG,0.304635232970238
AAGAGT,0.287844645546384
AAGATA,0.288616988043599
AAGATC,0.299140075432004
AAGATG,0.316247089635326
AAGATT,0.28720331243863
AAGCAA,0.284089473719691
AAGCAC,0.294366122721793
AAGCAG,0.307919502459716
AAGCAT,0.295973562413802
AAGCCA,0.289462593872497
AAGCCC,0.294292624635893
AAGCCG,0.31821852964742
AAGCCT,0.290963219391218
AAGCGA,0.302288491605622
AAGCGC,0.324038292842373
AAGCGG,0.344680768479206
AAGCGT,0.304336127459769
AAGCTA,0.298741760278902
AAGCTC,0.303001188426313
AAGCTG,0.311417832540775
AAGCTT,0.287302005846091
AAGGAA,0.275871293576238
AAGGAC,0.304061194847711
AAGGAG,0.324997049212187
AAGGAT,0.291364644312286
AAGGCA,0.294374288842337
AAGGCC,0.300196061737257
AAGGCG,0.329051680180135
AAGGCT,0.306750667511678
AAGGGA,0.28871554203604
AAGGGC,0.307121618300125
AAGGGG,0.322650033609735
AAGGGT,0.309416838103568
AAGGTA,0.294047591994681
AAGGTC,0.305031208030977
AAGGTG,0.322372150341643
AAGGTT,0.30159960867343
AAGTAA,0.286668553809215
AAGTAC,0.295255837581782
AAGTAG,0.293933222878174
AAGTAT,0.293483788960043
AAGTCA,0.286586257863258
AAGTCC,0.297790039057112
AAGTCG,0.306484465848952
AAGTCT,0.293344832146216
AAGTGA,0.288510210256589
AAGTGC,0.291847778957233
AAGTGG,0.305830761173018
AAGTGT,0.285985292193321
AAGTTA,0.283775905285733
AAGTTC,0.292895133648033
AAGTTG,0.303138809973247
AAGTTT,0.283553046895558
AATAAA,0.263188541329621
AATAAC,0.287910400050933
AATAAG,0.290750152957979
AATAAT,0.280750701277115
AATACA,0.279441905396252
AATACC,0.291512066067524
AATACG,0.297708653330671
AATACT,0.288699117045125
AATAGA,0.285383965146461
AATAGC,0.294251790031644
AATAGG,0.29490494368823
AATAGT,0.288214458405814
AATATA,0.293630898660995
AATATC,0.291684030651483
AATATG,0.293034152960239
AATATT,0.279242951014552
AATCAA,0.288222674916215
AATCAC,0.290127082961475
AATCAG,0.288830509419219
AATCAT,0.296389280920289
AATCCA,0.292093351151505
AATCCC,0.278728802245431
AATCCG,0.304109717860361
AATCCT,0.293287609021863
AATCGA,0.299424489151268
AATCGC,0.296690772486321
AATCGG,0.307532729037528
AATCGT,0.298684845160536
AATCTA,0.292502504176803
AATCTC,0.286224075220653
AATCTG,0.291823218420666
AATCTT,0.292289765496055
AATGAA,0.278587779779226
AATGAC,0.291569390881331
AATGAG,0.285598177884638
AATGAT,0.29110250751769
AATGCA,0.283676863243859
AATGCC,0.292117905054444
AATGCG,0.303001188426313
AATGCT,0.29121720082067
AATGGA,0.29811551574268
AATGGC,0.304271444233372
AATGGG,0.292911489864368
AATGGT,0.297537721742166
AATGTA,0.287507585832718
AATGTC,0.294602913147445
AATGTG,0.297342335571941
AATGTT,0.288543066174662
AATTAA,0.279756835570555
AATTAC,0.289150706023144
AATTAG,0.27839695301779
AATTAT,0.286174676513467
AATTCA,0.287326677676096
AATTCC,0.289569270019924
AATTCG,0.301088718464288
AATTCT,0.279831409771436
AATTGA,0.29068458492121
AATTGC,0.293434747583495
AATTGG,0.290832106958698
AATTGT,0.287943275681909
AATTTA,0.281065219606485
AATTTC,0.287129285990378
AATTTG,0.283734638960384
AATTTT,0.271603079200206
ACAAAA,0.252882678511917
ACAAAC,0.288000805435551
ACAAAG,0.280378117381749
ACAAAT,0.284039969450715
ACAACA,0.295337423169282
ACAACC,0.299261976931149
ACAACG,0.302839256472261
ACAACT,0.299668207973009
ACAAGA,0.296967738672202
ACAAGC,0.298904357055704
ACAAGG,0.30244241232898
ACAAGT,0.297960927525743
ACAATA,0.294504937702623
ACAATC,0.294651897270395
ACAATG,0.298066700992693
ACAATT,0.289520036289012
ACACAA,0.287096383587644
ACACAC,0.272337976252512
ACACAG,0.271160210020499
ACACAT,0.285087287118768
ACACCA,0.298758021146331
ACACCC,0.303640563415489
ACACCG,0.303146904768574
ACACCT,0.293491962288981
ACACGA,0.298993774015152
ACACGC,0.300228535946823
ACACGG,0.2949131054099
ACACGT,0.29801788385971
ACACTA,0.297944653691608
ACACTC,0.296307781107598
ACACTG,0.288887988154626
ACACTT,0.289733364952121
ACAGAA,0.282066053702637
ACAGAC,0.289076823598567
ACAGAG,0.285556986690856
ACAGAT,0.285902939996173
ACAGCA,0.293516481874983
ACAGCC,0.297627260980054
ACAGCG,0.327338569228111
ACAGCT,0.295802333960588
ACAGGA,0.292608856547929
ACAGGC,0.276686183362728
ACAGGG,0.306605475389517
ACAGGT,0.286685012185723
ACAGTA,0.291724970241755
ACAGTC,0.299400114001838
ACAGTG,0.282718950774086
ACAGTT,0.296177367589901
ACATAA,0.292142458354504
ACATAC,0.293442921313273
ACATAG,0.293737131098745
ACATAT,0.295622920319298
ACATCA,0.299465113080036
ACATCC,0.306121349342586
ACATCG,0.304602901552137
ACATCT,0.29274791566111
ACATGA,0.300715522583852
ACATGC,0.306064852700281
ACATGG,0.302118341132695
ACATGT,0.297578422389631
ACATTA,0.288148723892089
ACATTC,0.292895133648033
ACATTG,0.292322497469778
ACATTT,0.280320147408332
ACCAAA,0.292363410930357
ACCAAC,0.297301625314259
ACCAAG,0.300788550129018
ACCAAT,0.296910722492693
ACCACA,0.293410225993296
ACCACC,0.294464111767351
ACCACG,0.294096603326438
ACCACT,0.291798657280864
ACCAGA,0.295141606575695
ACCAGC,0.301129274843119
ACCAGG,0.29426812407344
ACCAGT,0.300918363709484
ACCATA,0.29786328054813
ACCATC,0.299903746385556
ACCATG,0.331619790264433
ACCATT,0.298205003262591
ACCCAA,0.286775528414889
ACCCAC,0.290938637119515
ACCCAG,0.297244628169055
ACCCAT,0.29494575163046
ACCCCA,0.285828817219782
ACCCCC,0.309505320033859
ACCCCG,0.338409967135846
ACCCCT,0.316406865095455
ACCCGA,0.304861523632696
ACCCGC,0.344750655016113
ACCCGG,0.352470152513346
ACCCGT,0.305685435416542
ACCCTA,0.295737096360798
ACCCTC,0.3026368046481
ACCCTG,0.313735262506155
ACCCTT,0.299099438296515
ACCGAA,0.302725888500338
ACCGAC,0.304732220953089
ACCGAG,0.31874465384346
ACCGAT,0.304683728137497
ACCGCA,0.300520756386834
ACCGCC,0.346279171427859
ACCGCG,0.32586784896489
ACCGCT,0.319955282012823
ACCGGA,0.311674698347286
ACCGGC,0.340338236621437
ACCGGG,0.355025008859661
ACCGGT,0.312356677922644
ACCGTA,0.303875168151161
ACCGTC,0.309778760149334
ACCGTG,0.31364715407533
ACCGTT,0.309424882238935
ACCTAA,0.293132272604798
ACCTAC,0.299180710916183
ACCTAG,0.294398786803863
ACCTAT,0.298603532228927
ACCTCA,0.285820581016581
ACCTCC,0.289314869648309
ACCTCG,0.31114484030747
ACCTCT,0.294668224778183
ACCTGA,0.29474985831855
ACCTGC,0.322570646269468
ACCTGG,0.338542801254204
ACCTGT,0.301656358143922
ACCTTA,0.292764274285531
ACCTTC,0.30211023800704
ACCTTG,0.299123820775973
ACCTTT,0.295410844507409
ACGAAA,0.295100806625283
ACGAAC,0.304522068433312
ACGAAG,0.307814766094744
ACGAAT,0.300293481202404
ACGACA,0.304012669480464
ACGACC,0.30802422785613
ACGACG,0.315623721304514
ACGACT,0.309151345328681
ACGAGA,0.304344212568895
ACGAGC,0.318274343822592
ACGAGG,0.319772188936135
ACGAGT,0.307693902810284
ACGATA,0.301615823136482
ACGATC,0.302847353692765
ACGATG,0.310855708455038
ACGATT,0.297431892305484
ACGCAA,0.301688784966893
ACGCAC,0.306040638876441
ACGCAG,0.311538246602909
ACGCAT,0.302231777998051
ACGCCA,0.303446366140405
ACGCCC,0.295002879952043
ACGCCG,0.334667742805801
ACGCCT,0.306500601300443
ACGCGA,0.314335794987182
ACGCGC,0.324426660311
ACGCGG,0.348006606410868
ACGCGT,0.316127241285118
ACGCTA,0.306266611767947
ACGCTC,0.302239880138916
ACGCTG,0.321514194883885
ACGCTT,0.298465285069317
ACGGAA,0.300285363276119
ACGGAC,0.302993092451352
ACGGAG,0.315175935047149
ACGGAT,0.305006969165404
ACGGCA,0.306072923844605
ACGGCC,0.323919374682184
ACGGCG,0.354263851926802
ACGGCT,0.32335630342614
ACGGGA,0.318951838913111
ACGGGC,0.348130433278602
ACGGGG,0.36859735620624
ACGGGT,0.311787056393334
ACGGTA,0.304942329318063
ACGGTC,0.31246093968769
ACGGTG,0.314519886048612
ACGGTT,0.304069282179994
ACGTAA,0.300480175320687
ACGTAC,0.301064383847453
ACGTAG,0.298774281749348
ACGTAT,0.30097515185234
ACGTCA,0.30011487159928
ACGTCC,0.30989133140936
ACGTCG,0.308443019802144
ACGTCT,0.297521441019336
ACGTGA,0.3060487102162
ACGTGC,0.307548847583819
ACGTGG,0.311738904490856
ACGTGT,0.309336393190751
ACGTTA,0.299855018851723
ACGTTC,0.305838834206942
ACGTTG,0.301494208254708
ACGTTT,0.297236485454536
ACTAAA,0.284460677642442
ACTAAC,0.296030632050119
ACTAAG,0.293557346515677
ACTAAT,0.297171341351334
ACTACA,0.293263083823282
ACTACC,0.302644903508061
ACTACG,0.308636249254395
ACTACT,0.294790672589857
ACTAGA,0.296731507619069
ACTAGC,0.306097136886724
ACTAGG,0.295312948191926
ACTAGT,0.296030632050119
ACTATA,0.297635400513234
ACTATC,0.300496407944765
ACTATG,0.300601913578994
ACTATT,0.295329264910055
ACTCAA,0.29023368825109
ACTCAC,0.299879382915436
ACTCAG,0.292895133648033
ACTCAT,0.294929428653402
ACTCCA,0.291872338890594
ACTCCC,0.293720788381314
ACTCCG,0.320146299923748
ACTCCT,0.301550963706763
ACTCGA,0.304045019986929
ACTCGC,0.312244383863526
ACTCGG,0.323324571665768
ACTCGT,0.30827391339748
ACTCTA,0.294635569496015
ACTCTC,0.289109660905617
ACTCTG,0.287499363444654
ACTCTT,0.293655414840613
ACTGAA,0.290635406072151
ACTGAC,0.302069721393821
ACTGAG,0.308797245281043
ACTGAT,0.298432753548129
ACTGCA,0.287943275681909
ACTGCC,0.322022701783782
ACTGCG,0.334793232344018
ACTGCT,0.316894022639912
ACTGGA,0.296641888136579
ACTGGC,0.308096723629487
ACTGGG,0.327891506383368
ACTGGT,0.304239101051136
ACTGTA,0.288345914471605
ACTGTC,0.300877798775785
ACTGTG,0.311064534289182
ACTGTT,0.291823218420666
ACTTAA,0.283775905285733
ACTTAC,0.305911488579585
ACTTAG,0.291659466092791
ACTTAT,0.295745251293523
ACTTCA,0.294839647516664
ACTTCC,0.306500601300443
ACTTCG,0.309489232992485
ACTTCT,0.293884203538072
ACTTGA,0.291888711844402
ACTTGC,0.298977516980849
ACTTGG,0.300658719694798
ACTTGT,0.295043683897973
ACTTTA,0.284419439566042
ACTTTC,0.299156329823825
ACTTTG,0.281594711188297
ACTTTT,0.279309273539977
AGAAAA,0.255492465940033
AGAAAC,0.285326284645144
AGAAAG,0.274514443168892
AGAAAT,0.272763635432717
AGAACA,0.284097724192933
AGAACC,0.299546355986997
AGAACG,0.306645808649189
AGAACT,0.289150706023144
AGAAGA,0.309143298992636
AGAAGC,0.305596614834081
AGAAGG,0.318904030783788
AGAAGT,0.287400689514125
AGAATA,0.292314314576789
AGAATC,0.288395206041438
AGAATG,0.28211565578295
AGAATT,0.278264182485898
AGACAA,0.285425163467676
AGACAC,0.286652095161825
AGACAG,0.286915401019152
AGACAT,0.292870598821909
AGACCA,0.284518408092578
AGACCC,0.306427989718365
AGACCG,0.315863524343785
AGACCT,0.296886285991997
AGACGA,0.308700650775454
AGACGC,0.311738904490856
AGACGG,0.304319957045408
AGACGT,0.297440033429023
AGACTA,0.2933775296043
AGACTC,0.31114484030747
AGACTG,0.298522212684988
AGACTT,0.292297948589928
AGAGAA,0.279872837480127
AGAGAC,0.277026909717207
AGAGAG,0.28553227116014
AGAGAT,0.287852865095907
AGAGCA,0.29189689822078
AGAGCC,0.332547728328782
AGAGCG,0.339128623581042
AGAGCT,0.305903416132183
AGAGGA,0.297977201095045
AGAGGC,0.328933356745975
AGAGGG,0.325725406339518
AGAGGT,0.292715197609431
AGAGTA,0.29428445784844
AGAGTC,0.306395716211641
AGAGTG,0.305612764617695
AGAGTT,0.287400689514125
AGATAA,0.289979456873059
AGATAC,0.304764548190448
AGATAG,0.292396140493648
AGATAT,0.296161064704271
AGATCA,0.296992173182585
AGATCC,0.295998021228177
AGATCG,0.297423751115666
AGATCT,0.299944350850072
AGATGA,0.294896781899945
AGATGC,0.301380687686139
AGATGG,0.303252131145415
AGATGT,0.296144761552852
AGATTA,0.287548696758954
AGATTC,0.289798995386141
AGATTG,0.294423284165254
AGATTT,0.282735474282649
AGCAAA,0.281445820016027
AGCAAC,0.299668207973009
AGCAAG,0.299863140272251
AGCAAT,0.295696320699602
AGCACA,0.288485567609586
AGCACC,0.305120078845167
AGCACG,0.305015048852542
AGCACT,0.283164989701006
AGCAGA,0.291995129510362
AGCAGC,0.369400717217258
AGCAGG,0.325337543031968
AGCAGT,0.304594818534278
AGCATA,0.2971469112185
AGCATC,0.295427159628282
AGCATG,0.309465101945177
AGCATT,0.287005896397734
AGCCAA,0.295288472615531
AGCCAC,0.286141742686273
AGCCAG,0.298026020214036
AGCCAT,0.311746929968951
AGCCCA,0.309457058133337
AGCCCC,0.331257818305611
AGCCCG,0.387211045737552
AGCCCT,0.310413817751579
AGCCGA,0.328609867907717
AGCCGC,0.435919460916217
AGCCGG,0.416226932662964
AGCCGT,0.325313791410947
AGCCTA,0.302701593691298
AGCCTC,0.306920031681435
AGCCTG,0.315735636545785
AGCCTT,0.290995994813513
AGCGAA,0.307298980915742
AGCGAC,0.31363113352655
AGCGAG,0.34357746728599
AGCGAT,0.295263996440068
AGCGCA,0.315367867996241
AGCGCC,0.371050886748146
AGCGCG,0.393339403823712
AGCGCT,0.332146776002114
AGCGGA,0.362284476114172
AGCGGC,0.459436165965729
AGCGGG,0.467030082652951
AGCGGT,0.343616336602888
AGCGTA,0.30614556121222
AGCGTC,0.316326980556415
AGCGTG,0.327528182125827
AGCGTT,0.307726134447832
AGCTAA,0.290881276135423
AGCTAC,0.300983264180926
AGCTAG,0.304554402464926
AGCTAT,0.303235943192738
AGCTCA,0.294243622910695
AGCTCC,0.318545396941238
AGCTCG,0.337987906385161
AGCTCT,0.298839321517474
AGCTGA,0.315471816297797
AGCTGC,0.375480742707592
AGCTGG,0.346852731850157
AGCTGT,0.312701502280904
AGCTTA,0.295247678656928
AGCTTC,0.308193376485918
AGCTTG,0.308434967764632
AGCTTT,0.291118893080662
AGGAAA,0.258383323280537
AGGAAC,0.30094270187988
AGGAAG,0.307315103230122
AGGAAT,0.28687426404876
AGGACA,0.297513300558522
AGGACC,0.315223921738119
AGGACG,0.335326387266788
AGGACT,0.304012669480464
AGGAGA,0.314943966906596
AGGAGC,0.383796741667733
AGGAGG,0.446474733712134
AGGAGT,0.299903746385556
AGGATA,0.298082972840788
AGGATC,0.299286355447882
AGGATG,0.298904357055704
AGGATT,0.285869997218292
AGGCAA,0.301923847992314
AGGCAC,0.28932307712218
AGGCAG,0.307403771313281
AGGCAT,0.29074195718849
AGGCCA,0.291880525401008
AGGCCC,0.329808618808792
AGGCCG,0.403077577605617
AGGCCT,0.333199915066615
AGGCGA,0.34396609248463
AGGCGC,0.386071755638958
AGGCGG,0.454557029827794
AGGCGT,0.315663692471376
AGGCTA,0.302288491605622
AGGCTC,0.324537594747189
AGGCTG,0.310124474429376
AGGCTT,0.30778253731386
AGGGAA,0.28359432071507
AGGGAC,0.325123758131019
AGGGAG,0.384379041261589
AGGGAT,0.294431449819026
AGGGCA,0.311217110210399
AGGGCC,0.359702226021319
AGGGCG,0.409924886034047
AGGGCT,0.333655407680329
AGGGGA,0.364449034082906
AGGGGC,0.419770216417371
AGGGGG,0.428556032947859
AGGGGT,0.338167694779845
AGGGTA,0.30011487159928
AGGGTC,0.3310374233813
AGGGTG,0.335483143456642
AGGGTT,0.309376616456082
AGGTAA,0.303907523106097
AGGTAC,0.300058034580296
AGGTAG,0.305709657842639
AGGTAT,0.293859692966907
AGGTCA,0.282504120313676
AGGTCC,0.311457972172569
AGGTCG,0.320281582204304
AGGTCT,0.298139922224123
AGGTGA,0.3179792907486
AGGTGC,0.329887433642705
AGGTGG,0.363923568679816
AGGTGT,0.31543983335585
AGGTTA,0.292813348553231
AGGTTC,0.306895838556147
AGGTTG,0.301031936770486
AGGTTT,0.286610947358179
AGTAAA,0.278869804827106
AGTAAC,0.295361897547628
AGTAAG,0.290717369476991
AGTAAT,0.293688102145176
AGTACA,0.291643089385092
AGTACC,0.306355372863461
AGTACG,0.308716750507684
AGTACT,0.302507213967485
AGTAGA,0.285927646367423
AGTAGC,0.290225488247664
AGTAGG,0.303438273768804
AGTAGT,0.29088947076317
AGTATA,0.298993774015152
AGTATC,0.301834692659372
AGTATG,0.301315813003381
AGTATT,0.292813348553231
AGTCAA,0.296218123641208
AGTCAC,0.289134288178296
AGTCAG,0.298904357055704
AGTCAT,0.291454737967395
AGTCCA,0.299822532510022
AGTCCC,0.317189396052104
AGTCCG,0.324799034379252
AGTCCT,0.297114336779621
AGTCGA,0.300342187376252
AGTCGC,0.326160583991222
AGTCGG,0.336900670623521
AGTCGT,0.310775379213432
AGTCTA,0.294855971959272
AGTCTC,0.303049762899688
AGTCTG,0.301680678359728
AGTCTT,0.290094279047384
AGTGAA,0.287515808153175
AGTGAC,0.296641888136579
AGTGAG,0.308370549130358
AGTGAT,0.284757541602055
AGTGCA,0.299578851301756
AGTGCC,0.308483279017202
AGTGCG,0.327496582472842
AGTGCT,0.292224298334289
AGTGGA,0.311923474193719
AGTGGC,0.3250762441679
AGTGGG,0.357542690202751
AGTGGT,0.305984137673952
AGTGTA,0.294243622910695
AGTGTC,0.307000671205436
AGTGTG,0.319103216245669
AGTGTT,0.289035775448353
AGTTAA,0.288222674916215
AGTTAC,0.291331880970605
AGTTAG,0.286347561313656
AGTTAT,0.293025975888602
AGTTCA,0.285573463371975
AGTTCC,0.303171188761407
AGTTCG,0.307250612412969
AGTTCT,0.291978758298846
AGTTGA,0.295924642990278
AGTTGC,0.308974310978217
AGTTGG,0.312581228218092
AGTTGT,0.297985337780386
AGTTTA,0.29074195718849
AGTTTC,0.294210953759863
AGTTTG,0.29948136218947
AGTTTT,0.275014111447156
ATAAAA,0.262809355008827
ATAAAC,0.290504250649365
ATAAAG,0.291798657280864
ATAAAT,0.276212297650948
ATAACA,0.293287609021863
ATAACC,0.295639231980524
ATAACG,0.302733986638856
ATAACT,0.291536634247255
ATAAGA,0.291733157958687
ATAAGC,0.304651398287301
ATAAGG,0.289618501326996
ATAAGT,0.293925053155023
ATAATA,0.289840012220183
ATAATC,0.298888098567669
ATAATG,0.289733364952121
ATAATT,0.287902180974311
ATACAA,0.286355793177701
ATACAC,0.290782935364246
ATACAG,0.287910400050933
ATACAT,0.291798657280864
ATACCA,0.30353537790618
ATACCC,0.301794164880224
ATACCG,0.302264186167654
ATACCT,0.296674477968592
ATACGA,0.301996787352949
ATACGC,0.302401909172377
ATACGG,0.30077232224652
ATACGT,0.301153607880928
ATACTA,0.293189504618422
ATACTC,0.300098632780633
ATACTG,0.295484260455237
ATACTT,0.299716944610304
ATAGAA,0.288247324042362
ATAGAC,0.300877798775785
ATAGAG,0.291127085761466
ATAGAT,0.295051844487367
ATAGCA,0.292576133946116
ATAGCC,0.299570727572061
ATAGCG,0.308491330665721
ATAGCT,0.294406952657674
ATAGGA,0.296869994659781
ATAGGC,0.297081761279614
ATAGGG,0.297098049162263
ATAGGT,0.299863140272251
ATAGTA,0.293025975888602
ATAGTC,0.301461775121516
ATAGTG,0.293205856020709
ATAGTT,0.293851522643012
ATATAA,0.286421645650689
ATATAC,0.298522212684988
ATATAG,0.301267154229188
ATATAT,0.279533079594237
ATATCA,0.295614764388907
ATATCC,0.298717368481968
ATATCG,0.307508550730944
ATATCT,0.298440886527642
ATATGA,0.295084486179009
ATATGC,0.298936873238779
ATATGG,0.302993092451352
ATATGT,0.288444495181732
ATATTA,0.291004188501241
ATATTC,0.292837884784003
ATATTG,0.291077928669809
ATATTT,0.275064064545966
ATCAAA,0.289815402321643
ATCAAC,0.297358619210974
ATCAAG,0.301007600771834
ATCAAT,0.296511518186516
ATCACA,0.290594421850344
ATCACC,0.29858726884916
ATCACG,0.306718404417387
ATCACT,0.288041896090489
ATCAGA,0.29550873124014
ATCAGC,0.298530344936967
ATCAGG,0.295198723709829
ATCAGT,0.292592495380868
ATCATA,0.298538477122814
ATCATC,0.302053514288876
ATCATG,0.314663933678418
ATCATT,0.290758348660298
ATCCAA,0.293418399923508
ATCCAC,0.293385703801774
ATCCAG,0.299188837814874
ATCCAT,0.304384637134018
ATCCCA,0.27085928132361
ATCCCC,0.299895625294802
ATCCCG,0.310960126823138
ATCCCT,0.296413729568919
ATCCGA,0.313102311380129
ATCCGC,0.313190467827152
ATCCGG,0.316462780476009
ATCCGT,0.306920031681435
ATCCTA,0.293426573786907
ATCCTC,0.287885742618403
ATCCTG,0.308644299671351
ATCCTT,0.290332083047829
ATCGAA,0.302685396824021
ATCGAC,0.305911488579585
ATCGAG,0.302304694902744
ATCGAT,0.300285363276119
ATCGCA,0.305636988804098
ATCGCC,0.316726339451508
ATCGCG,0.317660216491518
ATCGCT,0.296650035694154
ATCGGA,0.302069721393821
ATCGGC,0.316255079014656
ATCGGG,0.315335881729495
ATCGGT,0.309963691956778
ATCGTA,0.300366539573595
ATCGTC,0.309078925973405
ATCGTG,0.320528226316906
ATCGTT,0.302288491605622
ATCTAA,0.296185518933048
ATCTAC,0.296593001397041
ATCTAG,0.296967738672202
ATCTAT,0.294153780177653
ATCTCA,0.284006965243193
ATCTCC,0.293598209486521
ATCTCG,0.298074836949837
ATCTCT,0.292199747043613
ATCTGA,0.29550873124014
ATCTGC,0.308201430468959
ATCTGG,0.302653002302431
ATCTGT,0.301259044203293
ATCTTA,0.291233584504451
ATCTTC,0.296446326837309
ATCTTG,0.294872296135396
ATCTTT,0.292756095006771
ATGAAA,0.285614653887082
ATGAAC,0.300472058909835
ATGAAG,0.301064383847453
ATGAAT,0.289011145749424
ATGACA,0.294798835244226
ATGACC,0.30671033848117
ATGACG,0.304214842977949
ATGACT,0.296992173182585
ATGAGA,0.295492417450074
ATGAGC,0.298139922224123
ATGAGG,0.308136996788291
ATGAGT,0.299903746385556
ATGATA,0.295981715418397
ATGATC,0.309553579605282
ATGATG,0.297700514393715
ATGATT,0.293892373594959
ATGCAA,0.289782588181446
ATGCAC,0.293859692966907
ATGCAG,0.295280313956941
ATGCAT,0.301413123449315
ATGCCA,0.292027871129364
ATGCCC,0.300610028935965
ATGCCG,0.318314209183378
ATGCCT,0.302118341132695
ATGCGA,0.304311871740171
ATGCGC,0.30571773185429
ATGCGG,0.31459191245723
ATGCGT,0.303559652467281
ATGCTA,0.299416364167475
ATGCTC,0.304433144455192
ATGCTG,0.312950022846143
ATGCTT,0.29494575163046
ATGGAA,0.297773762441706
ATGGAC,0.30899040630523
ATGGAG,0.316167192331167
ATGGAT,0.295459789071501
ATGGCA,0.30560468975849
ATGGCC,0.326832758993338
ATGGCG,0.368263695954982
ATGGCT,0.311875328859727
ATGGGA,0.289454387543631
ATGGGC,0.329784973147271
ATGGGG,0.326959235539428
ATGGGT,0.301591501343313
ATGGTA,0.295802333960588
ATGGTC,0.303486827016144
ATGGTG,0.318298263229773
ATGGTT,0.295076325855986
ATGTAA,0.290971413347501
ATGTAC,0.300926476498765
ATGTAG,0.292535229188023
ATGTAT,0.292420686963143
ATGTCA,0.289667730210464
ATGTCC,0.310373636185081
ATGTCG,0.314671935716149
ATGTCT,0.297358619210974
ATGTGA,0.293434747583495
ATGTGC,0.313526993702971
ATGTGG,0.304788792932671
ATGTGT,0.321752589689702
ATGTTA,0.286610947358179
ATGTTC,0.30000931456415
ATGTTG,0.293614554207331
ATGTTT,0.288288404569145
ATTAAA,0.275138989515781
ATTAAC,0.29246159640673
ATTAAG,0.287079931980305
ATTAAT,0.283288854103479
ATTACA,0.265208443626063
ATTACC,0.297057328958201
ATTACG,0.298855580798563
ATTACT,0.293974070492793
ATTAGA,0.288354129901972
ATTAGC,0.286355793177701
ATTAGG,0.292003315015614
ATTAGT,0.296853703062153
ATTATA,0.289437974683864
ATTATC,0.29360638188032
ATTATG,0.294602913147445
ATTATT,0.278048392767251
ATTCAA,0.291782282852519
ATTCAC,0.292690658368156
ATTCAG,0.287893961830134
ATTCAT,0.286569797861321
ATTCCA,0.287145736785791
ATTCCC,0.289922040841469
ATTCCG,0.303705287460847
ATTCCT,0.290135283771861
ATTCGA,0.302102134815723
ATTCGC,0.305499710654886
ATTCGG,0.302863547937082
ATTCGT,0.305305874120685
ATTCTA,0.287754226042331
ATTCTC,0.291004188501241
ATTCTG,0.293704445396794
ATTCTT,0.282933735092281
ATTGAA,0.286833125386048
ATTGAC,0.298091108665546
ATTGAG,0.296552260621718
ATTGAT,0.294072097960824
ATTGCA,0.301567178958579
ATTGCC,0.302004891397958
ATTGCG,0.303357346450831
ATTGCT,0.287153962082013
ATTGGA,0.291258159526835
ATTGGC,0.298749890745668
ATTGGG,0.301834692659372
ATTGGT,0.292723377222708
ATTGTA,0.291749533191439
ATTGTC,0.301275264189311
ATTGTG,0.29694330356476
ATTGTT,0.296079546289121
ATTTAA,0.271853672965547
ATTTAC,0.288419850915262
ATTTAG,0.287343125224606
ATTTAT,0.277051836356329
ATTTCA,0.279251241570787
ATTTCC,0.300618144227077
ATTTCG,0.303430181331716
ATTTCT,0.281288633058076
ATTTGA,0.284609120638275
ATTTGC,0.293099567126318
ATTTGG,0.286331097382271
ATTTGT,0.282999813294821
ATTTTA,0.26413167015799
ATTTTC,0.292764274285531
ATTTTG,0.288814086316549
ATTTTT,0.245964048527127
CAAAAA,0.253461329694153
CAAAAC,0.277766135932716
CAAAAG,0.280916249570843
CAAAAT,0.281743580195287
CAAACA,0.285202672366456
CAAACC,0.294586584573237
CAAACG,0.299562603776369
CAAACT,0.283924449958485
CAAAGA,0.291176240436821
CAAAGC,0.301623930269418
CAAAGG,0.289643116071665
CAAAGT,0.278197790608861
CAAATA,0.280576846067691
CAAATC,0.289610296277462
CAAATG,0.285392204946489
CAAATT,0.288411636024806
CAACAA,0.294366122721793
CAACAC,0.298530344936967
CAACAG,0.293704445396794
CAACAT,0.294521267610052
CAACCA,0.296878140359065
CAACCC,0.297895830600116
CAACCG,0.303195472164542
CAACCT,0.285894704403442
CAACGA,0.301461775121516
CAACGC,0.302839256472261
CAACGG,0.315751623414993
CAACGT,0.307492431535108
CAACTA,0.303786186626924
CAACTC,0.299554479914682
CAACTG,0.296079546289121
CAACTT,0.294063929372169
CAAGAA,0.306750667511678
CAAGAC,0.294455946380282
CAAGAG,0.294864134080644
CAAGAT,0.310437925916514
CAAGCA,0.301834692659372
CAAGCC,0.303592017632158
CAAGCG,0.313190467827152
CAAGCT,0.299676330910842
CAAGGA,0.311819156373587
CAAGGC,0.319166947215056
CAAGGG,0.301405014607153
CAAGGT,0.309175483948362
CAAGTA,0.293279434022501
CAAGTC,0.303681016434757
CAAGTG,0.296723360725267
CAAGTT,0.302563911956683
CAATAA,0.291774095537799
CAATAC,0.302069721393821
CAATAG,0.296503369500279
CAATAT,0.295557671013561
CAATCA,0.29663374051262
CAATCC,0.292314314576789
CAATCG,0.299660084969193
CAATCT,0.294545761971207
CAATGA,0.2971469112185
CAATGC,0.297871418160456
CAATGG,0.306274681284015
CAATGT,0.295753406159745
CAATTA,0.293058683773968
CAATTC,0.289643116071665
CAATTG,0.296552260621718
CAATTT,0.298554741296112
CACAAA,0.279649107461327
CACAAC,0.30051264030535
CACAAG,0.295166085746942
CACAAT,0.295239519665506
CACACA,0.258738804603092
CACACC,0.297220199826583
CACACG,0.297326051667747
CACACT,0.286454570261048
CACAGA,0.272847076774958
CACAGC,0.291397406580566
CACAGG,0.291970572592581
CACAGT,0.287441804835113
CACATA,0.290766544295448
CACATC,0.294978396785279
CACATG,0.29748887877847
CACATT,0.28772134419554
CACCAA,0.304813037087102
CACCAC,0.275238880743832
CACCAG,0.292445232830125
CACCAT,0.309907411983513
CACCCA,0.279864552075688
CACCCC,0.29975755666036
CACCCG,0.330533481079576
CACCCT,0.301096829871641
CACCGA,0.307637494944654
CACCGC,0.337682973909027
CACCGG,0.329319828142818
CACCGT,0.312292511432947
CACCTA,0.293320308351021
CACCTC,0.304158238518643
CACCTG,0.300780436220687
CACCTT,0.30000931456415
CACGAA,0.304012669480464
CACGAC,0.301332032068643
CACGAG,0.306911967371373
CACGAT,0.300999488640672
CACGCA,0.307178055271941
CACGCC,0.298432753548129
CACGCG,0.312180210167677
CACGCT,0.311297403977348
CACGGA,0.306427989718365
CACGGC,0.311714827670111
CACGGG,0.318250423843259
CACGGT,0.311104688104458
CACGTA,0.301583393947466
CACGTC,0.298709237750776
CACGTG,0.305370490473575
CACGTT,0.304829199530184
CACTAA,0.295117126805205
CACTAC,0.297179484596319
CACTAG,0.299700699328455
CACTAT,0.301769847424312
CACTCA,0.293663586766923
CACTCC,0.299326984988458
CACTCG,0.306371510398044
CACTCT,0.285177948077014
CACTGA,0.300179824237
CACTGC,0.308378601686586
CACTGG,0.302118341132695
CACTGT,0.29293602368727
CACTTA,0.28916712359845
CACTTC,0.295614764388907
CACTTG,0.299229471317658
CACTTT,0.285515793800291
CAGAAA,0.27396451954203
CAGAAC,0.292780632642353
CAGAAG,0.305241253592252
CAGAAT,0.29005327264145
CAGACA,0.287343125224606
CAGACC,0.298879969224524
CAGACG,0.305071604834705
CAGACT,0.297505160031441
CAGAGA,0.289372320550843
CAGAGC,0.326745797087859
CAGAGG,0.296470774091301
CAGAGT,0.294137444268037
CAGATA,0.295272155231787
CAGATC,0.297806315407594
CAGATG,0.291602146442445
CAGATT,0.287754226042331
CAGCAA,0.299668207973009
CAGCAC,0.290192687561545
CAGCAG,0.340572186366628
CAGCAT,0.303300693431205
CAGCCA,0.308072558955656
CAGCCC,0.360955984895214
CAGCCG,0.383221574681108
CAGCCT,0.282570226909549
CAGCGA,0.3165346670858
CAGCGC,0.375518391561215
CAGCGG,0.434344620224186
CAGCGT,0.323737006032807
CAGCTA,0.29658485337476
CAGCTC,0.321832041997294
CAGCTG,0.351290563142779
CAGCTT,0.298408354212709
CAGGAA,0.288198025182474
CAGGAC,0.326643014176051
CAGGAG,0.316550641186216
CAGGAT,0.295989868356522
CAGGCA,0.297000317886704
CAGGCC,0.339175474544834
CAGGCG,0.356015950897272
CAGGCT,0.295108966748537
CAGGGA,0.321355233434106
CAGGGC,0.370649949210326
CAGGGG,0.397487694917437
CAGGGT,0.30811283308764
CAGGTA,0.307379589888478
CAGGTC,0.309609879495187
CAGGTG,0.311080596008772
CAGGTT,0.292150642653889
CAGTAA,0.287400689514125
CAGTAC,0.309183530025441
CAGTAG,0.295076325855986
CAGTAT,0.300983264180926
CAGTCA,0.295459789071501
CAGTCC,0.308386654177971
CAGTCG,0.320536181565858
CAGTCT,0.296030632050119
CAGTGA,0.284699824955952
CAGTGC,0.308547690390213
CAGTGG,0.314071605125219
CAGTGT,0.304869604495069
CAGTTA,0.293451094976241
CAGTTC,0.303891345759485
CAGTTG,0.305596614834081
CAGTTT,0.288403421066865
CATAAA,0.291970572592581
CATAAC,0.297000317886704
CATAAG,0.296552260621718
CATAAT,0.297374902584854
CATACA,0.291536634247255
CATACC,0.298627926802656
CATACG,0.305297796782992
CATACT,0.297554002199937
CATAGA,0.296715213765091
CATAGC,0.299822532510022
CATAGG,0.297513300558522
CATAGT,0.298432753548129
CATATA,0.292927845813182
CATATC,0.300561335806225
CATATG,0.296641888136579
CATATT,0.291864152313161
CATCAA,0.299213218114674
CATCAC,0.300212298973862
CATCAG,0.294578420186148
CATCAT,0.311851255323464
CATCCA,0.296617445065549
CATCCC,0.294880458123529
CATCCG,0.316726339451508
CATCCT,0.302166958507806
CATCGA,0.304982729712295
CATCGC,0.323586328581033
CATCGG,0.310494176041227
CATCGT,0.311642593729524
CATCTA,0.293647242847523
CATCTC,0.289585680724918
CATCTG,0.300309716857276
CATCTT,0.29653596384683
CATGAA,0.307307042105424
CATGAC,0.30354346949202
CATGAG,0.313919464143264
CATGAT,0.309481189374749
CATGCA,0.303875168151161
CATGCC,0.306016424466278
CATGCG,0.30978680137389
CATGCT,0.307637494944654
CATGGA,0.318951838913111
CATGGC,0.360871940475089
CATGGG,0.326255506680606
CATGGT,0.308942119546993
CATGTA,0.297969064343497
CATGTC,0.320305453648259
CATGTG,0.322324505455576
CATGTT,0.29226521581265
CATTAA,0.285664080265725
CATTAC,0.295190564318973
CATTAG,0.291593957652752
CATTAT,0.290995994813513
CATTCA,0.284625612944355
CATTCC,0.296218123641208
CATTCG,0.305217019817472
CATTCT,0.290659995799001
CATTGA,0.292592495380868
CATTGC,0.29863605819499
CATTGG,0.296112154452615
CATTGT,0.302596309364394
CATTTA,0.27694381643241
CATTTC,0.292895133648033
CATTTG,0.291536634247255
CATTTT,0.299936230089066
CCAAAA,0.281346546917209
CCAAAC,0.287540474708914
CCAAAG,0.283387934580122
CCAAAT,0.289429768152961
CCAACA,0.292796990731583
CCAACC,0.288633414383527
CCAACG,0.307621377827179
CCAACT,0.298302616879343
CCAAGA,0.30704905179871
CCAAGC,0.301534748192008
CCAAGG,0.309987810975731
CCAAGT,0.297220199826583
CCAATA,0.298449019441011
CCAATC,0.289232791204438
CCAATG,0.298253811262019
CCAATT,0.297383044172365
CCACAA,0.300147348445495
CCACAC,0.280560286852196
CCACAG,0.288953674092727
CCACAT,0.296641888136579
CCACCA,0.289938445758314
CCACCC,0.298359553755815
CCACCG,0.336274387057278
CCACCT,0.293908713508485
CCACGA,0.299936230089066
CCACGC,0.30351110275581
CCACGG,0.317253249103998
CCACGT,0.30385090124795
CCACTA,0.296601149352932
CCACTC,0.298180598369515
CCACTG,0.306936160106462
CCACTT,0.297391185693591
CCAGAA,0.290446864742311
CCAGAC,0.2933775296043
CCAGAG,0.30652480398953
CCAGAT,0.299205091414118
CCAGCA,0.290668192240252
CCAGCC,0.349978274290798
CCAGCG,0.349970549847554
CCAGCT,0.298449019441011
CCAGGA,0.298465285069317
CCAGGC,0.318609163469773
CCAGGG,0.362704034662363
CCAGGT,0.303632472615258
CCAGTA,0.302102134815723
CCAGTC,0.299343236342486
CCAGTG,0.310028008047971
CCAGTT,0.301096829871641
CCATAA,0.296381131237913
CCATAC,0.302814964417351
CCATAG,0.298579137060089
CCATAT,0.296006174033363
CCATCA,0.299790045112924
CCATCC,0.304117804800233
CCATCG,0.312412820223824
CCATCT,0.287556918741392
CCATGA,0.330872095305575
CCATGC,0.318138789707117
CCATGG,0.375420501593374
CCATGT,0.309585751359065
CCATTA,0.292903311789641
CCATTC,0.290717369476991
CCATTG,0.303858990281119
CCATTT,0.305935705530811
CCCAAA,0.273789480403662
CCCAAC,0.296462625073045
CCCAAG,0.287729564758603
CCCAAT,0.298343286407617
CCCACA,0.286742614370429
CCCACC,0.289503624506702
CCCACG,0.310815544640834
CCCACT,0.297171341351335
CCCAGA,0.289076823598567
CCCAGC,0.31201975790834
CCCAGG,0.338042628014127
CCCAGT,0.311152870554612
CCCATA,0.300171705388
CCCATC,0.288280188598796
CCCATG,0.302515313877047
CCCATT,0.283354908845333
CCCCAA,0.286372256702504
CCCCAC,0.285128497664181
CCCCAG,0.332767790677379
CCCCAT,0.285309803890803
CCCCCA,0.307758365046535
CCCCCC,0.358408596156787
CCCCCG,0.418833297431592
CCCCCT,0.328033640819594
CCCCGA,0.335396930593085
CCCCGC,0.470384451517462
CCCCGG,0.493602007856319
CCCCGT,0.319628875314774
CCCCTA,0.303146904768574
CCCCTC,0.345317332082969
CCCCTG,0.351020526767343
CCCCTT,0.307403771313281
CCCGAA,0.310228969175673
CCCGAC,0.337276252578762
CCCGAG,0.361971599726501
CCCGAT,0.307798651834139
CCCGCA,0.353871514558401
CCCGCC,0.491109855979424
CCCGCG,0.493535095697199
CCCGCT,0.367208900918732
CCCGGA,0.359694576326462
CCCGGC,0.516730861062671
CCCGGG,0.554674169251387
CCCGGT,0.351190272429672
CCCGTA,0.307734192194897
CCCGTC,0.334738332608734
CCCGTG,0.35165306874934
CCCGTT,0.3132145091458
CCCTAA,0.291700406688718
CCCTAC,0.30658127465284
CCCTAG,0.293892373594959
CCCTAT,0.299440738920813
CCCTCA,0.305507786361824
CCCTCC,0.365940156077052
CCCTCG,0.343072028633238
CCCTCT,0.294880458123529
CCCTGA,0.305636988804098
CCCTGC,0.385199657155765
CCCTGG,0.402594013884866
CCCTGT,0.317987266300753
CCCTTA,0.289889230200393
CCCTTC,0.328246804601988
CCCTTG,0.308064503934615
CCCTTT,0.299302607462204
CCGAAA,0.300415242189266
CCGAAC,0.309183530025441
CCGAAG,0.315359871525471
CCGAAT,0.30345445844652
CCGACA,0.317763926792592
CCGACC,0.329169989615516
CCGACG,0.343118695212803
CCGACT,0.314879966224874
CCGAGA,0.327788841169506
CCGAGC,0.411291645385074
CCGAGG,0.402161539188201
CCGAGT,0.323514947126189
CCGATA,0.301988683242263
CCGATC,0.304093543784419
CCGATG,0.317372962588047
CCGATT,0.304893846690394
CCGCAA,0.323998655026904
CCGCAC,0.336845886467379
CCGCAG,0.389040128631946
CCGCAT,0.309931532359905
CCGCCA,0.412090479602749
CCGCCC,0.480482266675566
CCGCCG,0.788179293777607
CCGCCT,0.42252543210731
CCGCGA,0.353194178116604
CCGCGC,0.507264923347842
CCGCGG,0.560373382453833
CCGCGT,0.372796494495346
CCGCTA,0.321188296711885
CCGCTC,0.386898428663096
CCGCTG,0.440424541102004
CCGCTT,0.32095771922375
CCGGAA,0.313535004843675
CCGGAC,0.343134250255389
CCGGAG,0.417159073136049
CCGGAT,0.310968158553706
CCGGCA,0.33482460226816
CCGGCC,0.516737399054315
CCGGCG,0.510276672718491
CCGGCT,0.388386206820989
CCGGGA,0.420007910066532
CCGGGC,0.590210207199672
CCGGGG,0.621610934059816
CCGGGT,0.356361397462116
CCGGTA,0.31682216185926
CCGGTC,0.343701843782336
CCGGTG,0.378375564964513
CCGGTT,0.325487956865949
CCGTAA,0.304020757205195
CCGTAC,0.304522068433312
CCGTAG,0.313655164253475
CCGTAT,0.305636988804098
CCGTCA,0.319087282868672
CCGTCC,0.371580180649627
CCGTCG,0.357458358411995
CCGTCT,0.323221436490072
CCGTGA,0.321291641778271
CCGTGC,0.363885480745478
CCGTGG,0.364806801763448
CCGTGT,0.339050533763253
CCGTTA,0.306629675540532
CCGTTC,0.318808407667745
CCGTTG,0.318792469592721
CCGTTT,0.306984543820846
CCTAAA,0.291397406580566
CCTAAC,0.294431449819026
CCTAAG,0.292371593421608
CCTAAT,0.295622920319298
CCTACA,0.296348531844221
CCTACC,0.307258673992566
CCTACG,0.308869685037587
CCTACT,0.293312133618973
CCTAGA,0.291241776245682
CCTAGC,0.306879709480779
CCTAGG,0.300983264180926
CCTAGT,0.295639231980524
CCTATA,0.298001610952453
CCTATC,0.297676097185386
CCTATG,0.308096723629487
CCTATT,0.287861084577869
CCTCAA,0.290250088056223
CCTCAC,0.300033674868928
CCTCAG,0.298082972840788
CCTCAT,0.302839256472261
CCTCCA,0.308853587767394
CCTCCC,0.329272513138616
CCTCCG,0.387501245539286
CCTCCT,0.358331997544811
CCTCGA,0.306476398025572
CCTCGC,0.372811594684888
CCTCGG,0.374953509871894
CCTCGT,0.319772188936135
CCTCTA,0.301437449581288
CCTCTC,0.307137743474232
CCTCTG,0.334118540842942
CCTCTT,0.299083182979923
CCTGAA,0.30369719718427
CCTGAC,0.317620325050029
CCTGAG,0.311859279899945
CCTGAT,0.295394529120348
CCTGCA,0.329792855096569
CCTGCC,0.380085958747558
CCTGCG,0.400789577147848
CCTGCT,0.362452320657564
CCTGGA,0.339768730173742
CCTGGC,0.391947869279443
CCTGGG,0.440932475225172
CCTGGT,0.354294616976232
CCTGTA,0.288740179016586
CCTGTC,0.320742995828347
CCTGTG,0.355524443477148
CCTGTT,0.310839643122932
CCTTAA,0.2870388017778
CCTTAC,0.296861848894144
CCTTAG,0.295157926089774
CCTTAT,0.295998021228177
CCTTCA,0.29428445784844
CCTTCC,0.32103723470823
CCTTCG,0.339316014267573
CCTTCT,0.316366923623627
CCTTGA,0.286174676513467
CCTTGC,0.321800261831773
CCTTGG,0.328286274390566
CCTTGT,0.300756094100673
CCTTTA,0.287079931980305
CCTTTC,0.308418863495099
CCTTTG,0.306056781490813
CCTTTT,0.295459789071501
CGAAAA,0.297619121380621
CGAAAC,0.302102134815723
CGAAAG,0.300561335806225
CGAAAT,0.298814932100147
CGAACA,0.303842812149348
CGAACC,0.309835047363383
CGAACG,0.308716750507684
CGAACT,0.295924642990278
CGAAGA,0.308338338256995
CGAAGC,0.316023361095091
CGAAGG,0.323221436490072
CGAAGT,0.3026368046481
CGAATA,0.30063437461173
CGAATC,0.309006501373186
CGAATG,0.303721467817645
CGAATT,0.299668207973009
CGACAA,0.305281641911873
CGACAC,0.312300532469329
CGACAG,0.315127946053346
CGACAT,0.317037728711155
CGACCA,0.306936160106462
CGACCC,0.335099047135695
CGACCG,0.32586784896489
CGACCT,0.316702382414824
CGACGA,0.321053137046429
CGACGC,0.337393593016969
CGACGG,0.366297390775083
CGACGT,0.312765642533302
CGACTA,0.308789196095274
CGACTC,0.316135231622016
CGACTG,0.327030371567601
CGACTT,0.312332615971505
CGAGAA,0.300618144227077
CGAGAC,0.301664464948243
CGAGAG,0.331918711784798
CGAGAT,0.308909927079448
CGAGCA,0.325994447600635
CGAGCC,0.392140430964956
CGAGCG,0.394706845362341
CGAGCT,0.339916989104739
CGAGGA,0.331305039470489
CGAGGC,0.40736810684801
CGAGGG,0.389381781288525
CGAGGT,0.319230674123064
CGAGTA,0.299221344749187
CGAGTC,0.325915325331503
CGAGTG,0.340712529946657
CGAGTT,0.307798651834139
CGATAA,0.302207471181577
CGATAC,0.301988683242263
CGATAG,0.299521983807944
CGATAT,0.300877798775785
CGATCA,0.30336543947735
CGATCC,0.301769847424312
CGATCG,0.308660400310837
CGATCT,0.293418399923508
CGATGA,0.30899040630523
CGATGC,0.320369108046367
CGATGG,0.328609867907717
CGATGT,0.312837795400109
CGATTA,0.301356360173312
CGATTC,0.295639231980524
CGATTG,0.305087763099275
CGATTT,0.301769847424312
CGCAAA,0.3095133634575
CGCAAC,0.311602461507836
CGCAAG,0.321100842543775
CGCAAT,0.308587945391622
CGCACA,0.308169214147588
CGCACC,0.323197634554275
CGCACG,0.327006660120465
CGCACT,0.319063382327154
CGCAGA,0.31994732214131
CGCAGC,0.386794201250186
CGCAGG,0.390361528301252
CGCAGT,0.315759616753756
CGCATA,0.302766378537147
CGCATC,0.310108397345361
CGCATG,0.307903389886784
CGCATT,0.30398031792741
CGCCAA,0.315271906126477
CGCCAC,0.354994266272915
CGCCAG,0.357466025232312
CGCCAT,0.384737211012899
CGCCCA,0.309827006526777
CGCCCC,0.422633184404957
CGCCCG,0.470192684707815
CGCCCT,0.357849291322842
CGCCGA,0.373332411642152
CGCCGC,0.809231802931764
CGCCGG,0.503939502030963
CGCCGT,0.376947998692499
CGCCTA,0.310060164542424
CGCCTC,0.403780525858005
CGCCTG,0.407017953170733
CGCCTT,0.339198899203626
CGCGAA,0.310614701369268
CGCGAC,0.335937597499066
CGCGAG,0.369112794079743
CGCGAT,0.316989828981975
CGCGCA,0.350904774566084
CGCGCC,0.48546621044857
CGCGCG,0.491619510357817
CGCGCT,0.383356058932289
CGCGGA,0.392066373166321
CGCGGC,0.579694251129972
CGCGGG,0.616345858680993
CGCGGT,0.358776187842894
CGCGTA,0.313759290730945
CGCGTC,0.367671933581834
CGCGTG,0.378961028953081
CGCGTT,0.325226697307023
CGCTAA,0.306871644845538
CGCTAC,0.327275356938463
CGCTAG,0.316598561956489
CGCTAT,0.310895870656175
CGCTCA,0.314871965851645
CGCTCC,0.364053056806471
CGCTCG,0.378105235164369
CGCTCT,0.333883076208233
CGCTGA,0.335976764903895
CGCTGC,0.481620550144085
CGCTGG,0.389790125871865
CGCTGT,0.359786368802797
CGCTTA,0.300626259452332
CGCTTC,0.332964234003139
CGCTTG,0.32059982127928
CGCTTT,0.313230536370469
CGGAAA,0.303672925961818
CGGAAC,0.322784977625979
CGGAAG,0.331706329367722
CGGAAT,0.302855450847705
CGGACA,0.312380739294819
CGGACC,0.342644150145346
CGGACG,0.350163643030801
CGGACT,0.331674861469381
CGGAGA,0.350619195170188
CGGAGC,0.461884102430878
CGGAGG,0.453366604619119
CGGAGT,0.33710412835937
CGGATA,0.303106430136667
CGGATC,0.317819766346106
CGGATG,0.310687009594059
CGGATT,0.307242550768383
CGGCAA,0.315791589469888
CGGCAC,0.330675240522413
CGGCAG,0.420295947855137
CGGCAT,0.315575753795227
CGGCCA,0.352986266971397
CGGCCC,0.504376470442686
CGGCCG,0.574116746976086
CGGCCT,0.406572789219083
CGGCGA,0.388898977159602
CGGCGC,0.544837868943099
CGGCGG,0.946677974520025
CGGCGT,0.367193715889366
CGGCTA,0.312412820223824
CGGCTC,0.390361528301252
CGGCTG,0.473099481206365
CGGCTT,0.348633322314821
CGGGAA,0.336446654142206
CGGGAC,0.400752867821373
CGGGAG,0.505044795070811
CGGGAT,0.334251946195935
CGGGCA,0.389842085041133
CGGGCC,0.549676388553624
CGGGCG,0.656545388798623
CGGGCT,0.42574580037115
CGGGGA,0.469034453557182
CGGGGC,0.64796422628592
CGGGGG,0.618255585739102
CGGGGT,0.460072929375118
CGGGTA,0.320591866536584
CGGGTC,0.3673075979895
CGGGTG,0.406696871223561
CGGGTT,0.335114727424816
CGGTAA,0.30554008853742
CGGTAC,0.311979640820538
CGGTAG,0.321482404615364
CGGTAT,0.307307042105424
CGGTCA,0.312332615971505
CGGTCC,0.350356698936269
CGGTCG,0.354679100255448
CGGTCT,0.314207711649397
CGGTGA,0.336423164923454
CGGTGC,0.38228715703643
CGGTGG,0.433016138080129
CGGTGT,0.344401173480052
CGGTTA,0.307758365046535
CGGTTC,0.331942307047042
CGGTTG,0.338433409733043
CGGTTT,0.308080613911814
CGTAAA,0.300220417493298
CGTAAC,0.302580110791738
CGTAAG,0.305790395025761
CGTAAT,0.299733189628248
CGTACA,0.3014779918196
CGTACC,0.30761331917103
CGTACG,0.310711111173818
CGTACT,0.305984137673952
CGTAGA,0.300171705388
CGTAGC,0.31242886030239
CGTAGG,0.3121160323533
CGTAGT,0.313663174367457
CGTATA,0.301250934111626
CGTATC,0.306371510398044
CGTATG,0.30236950546589
CGTATT,0.298188733400052
CGTCAA,0.305144314969278
CGTCAC,0.310285231055126
CGTCAG,0.311955569795332
CGTCAT,0.313535004843675
CGTCCA,0.311666672289473
CGTCCC,0.372471785256662
CGTCCG,0.359021173919728
CGTCCT,0.337784628399623
CGTCGA,0.317732017076299
CGTCGC,0.364334825959162
CGTCGG,0.348478614160833
CGTCGT,0.338378709484695
CGTCTA,0.305095842133653
CGTCTC,0.318473654735956
CGTCTG,0.34035383497402
CGTCTT,0.32063959404362
CGTGAA,0.304360382591042
CGTGAC,0.322245092267262
CGTGAG,0.338449037825871
CGTGAT,0.307879220540599
CGTGCA,0.319302362040603
CGTGCC,0.349143689473431
CGTGCG,0.369983886358318
CGTGCT,0.336438824463926
CGTGGA,0.308982358674106
CGTGGC,0.360168746785079
CGTGGG,0.396396930454253
CGTGGT,0.331792860982643
CGTGTA,0.305063525604511
CGTGTC,0.325923237840137
CGTGTG,0.367034259157891
CGTGTT,0.315359871525471
CGTTAA,0.302539613212087
CGTTAC,0.303608199821791
CGTTAG,0.304845361712046
CGTTAT,0.302944515225094
CGTTCA,0.306855515379939
CGTTCC,0.31273357292135
CGTTCG,0.322523010840004
CGTTCT,0.311217110210399
CGTTGA,0.304004581690321
CGTTGC,0.325147514266015
CGTTGG,0.327954679738024
CGTTGT,0.310670941551499
CGTTTA,0.293426573786907
CGTTTC,0.319756266214652
CGTTTG,0.313254576725848
CGTTTT,0.292625217447306
CTAAAA,0.272730256946235
CTAAAC,0.293916883365127
CTAAAG,0.293164977013664
CTAAAT,0.293009621544734
CTAACA,0.296796680380213
CTAACC,0.298684845160536
CTAACG,0.302782574092837
CTAACT,0.298554741296112
CTAAGA,0.292224298334289
CTAAGC,0.305685435416542
CTAAGG,0.295737096360798
CTAAGT,0.288690904448498
CTAATA,0.295949103001179
CTAATC,0.30011487159928
CTAATG,0.295312948191926
CTAATT,0.2771183043565
CTACAA,0.293949562124245
CTACAC,0.302158855776095
CTACAG,0.296038784589441
CTACAT,0.300447709282015
CTACCA,0.308169214147588
CTACCC,0.305507786361824
CTACCG,0.310285231055126
CTACCT,0.303049762899688
CTACGA,0.311482055178297
CTACGC,0.312982085517493
CTACGG,0.321943264623707
CTACGT,0.311498110193237
CTACTA,0.290381276815861
CTACTC,0.292396140493648
CTACTG,0.308716750507684
CTACTT,0.296030632050119
CTAGAA,0.286075871777796
CTAGAC,0.304328042285274
CTAGAG,0.298912486200595
CTAGAT,0.291184432647813
CTAGCA,0.306476398025572
CTAGCC,0.305935705530811
CTAGCG,0.319278466639103
CTAGCT,0.295704475964855
CTAGGA,0.297114336779621
CTAGGC,0.30671033848117
CTAGGG,0.305378567224121
CTAGGT,0.304610984504662
CTAGTA,0.295720786295838
CTAGTC,0.30175363545851
CTAGTG,0.301275264189311
CTAGTT,0.293704445396794
CTATAA,0.295043683897973
CTATAC,0.301396905699237
CTATAG,0.298530344936967
CTATAT,0.301940057198894
CTATCA,0.299237597820089
CTATCC,0.304222929067728
CTATCG,0.306823255668242
CTATCT,0.299278229341672
CTATGA,0.304772629836501
CTATGC,0.303826633755842
CTATGG,0.31486396541441
CTATGT,0.301542855982253
CTATTA,0.29420278630539
CTATTC,0.29805042887982
CTATTG,0.301372578580956
CTATTT,0.285482838266059
CTCAAA,0.27423951915746
CTCAAC,0.291118893080662
CTCAAG,0.293303958820098
CTCAAT,0.294864134080644
CTCACA,0.294023085427981
CTCACC,0.300894024946727
CTCACG,0.289626706309206
CTCACT,0.285697029827669
CTCAGA,0.289249207432171
CTCAGC,0.298571005204891
CTCAGG,0.310389709005428
CTCAGT,0.293385703801774
CTCATA,0.297423751115666
CTCATC,0.30939270530921
CTCATG,0.2986767141649
CTCATT,0.292347045746994
CTCCAA,0.304182497964967
CTCCAC,0.29204424153687
CTCCAG,0.319206777008471
CTCCAT,0.296918867860228
CTCCCA,0.268959670049396
CTCCCC,0.343142027685948
CTCCCG,0.37950865285886
CTCCCT,0.312533114542237
CTCCGA,0.324038292842373
CTCCGC,0.421634234789681
CTCCGG,0.396529654565854
CTCCGT,0.325567112955332
CTCCTA,0.292813348553231
CTCCTC,0.369203726132044
CTCCTG,0.348393514472906
CTCCTT,0.31255717166953
CTCGAA,0.29376164467412
CTCGAC,0.314527889239095
CTCGAG,0.313671184417277
CTCGAT,0.295263996440068
CTCGCA,0.310622735874668
CTCGCC,0.376714886483833
CTCGCG,0.368521534106165
CTCGCT,0.351259705533099
CTCGGA,0.332076003017978
CTCGGC,0.396772936361372
CTCGGG,0.4033632099313
CTCGGT,0.327662469512187
CTCGTA,0.310630770315516
CTCGTC,0.330895715275644
CTCGTG,0.321084940964193
CTCGTT,0.309207667868249
CTCTAA,0.291815031441093
CTCTAC,0.295060005010167
CTCTAG,0.29658485337476
CTCTAT,0.30063437461173
CTCTCA,0.291241776245682
CTCTCC,0.332799224202863
CTCTCG,0.335914096319787
CTCTCT,0.295231360607514
CTCTGA,0.301161718761955
CTCTGC,0.340346035828142
CTCTGG,0.326824853678055
CTCTGT,0.299733189628248
CTCTTA,0.296593001397041
CTCTTC,0.306766798668492
CTCTTG,0.301056272176912
CTCTTT,0.305378567224121
CTGAAA,0.278189491314294
CTGAAC,0.305701583765798
CTGAAG,0.323641843967886
CTGAAT,0.290643602714952
CTGACA,0.306895838556147
CTGACC,0.319708496528948
CTGACG,0.317372962588047
CTGACT,0.297383044172365
CTGAGA,0.287260884776704
CTGAGC,0.343235352134863
CTGAGG,0.370854220495497
CTGAGT,0.298335152634282
CTGATA,0.300845345644015
CTGATC,0.302936418791293
CTGATG,0.300106752222919
CTGATT,0.297985337780386
CTGCAA,0.294251790031644
CTGCAC,0.308201430468959
CTGCAG,0.373498412208577
CTGCAT,0.311658646167243
CTGCCA,0.31837001801868
CTGCCC,0.394810251357543
CTGCCG,0.451260748614997
CTGCCT,0.325274204122225
CTGCGA,0.342239442041534
CTGCGC,0.42937687426184
CTGCGG,0.476242976349434
CTGCGT,0.34677524290635
CTGCTA,0.308443019802144
CTGCTC,0.375939961910974
CTGCTG,0.500815580769453
CTGCTT,0.322094189832975
CTGGAA,0.295231360607514
CTGGAC,0.321434717317588
CTGGAG,0.343017581537811
CTGGAT,0.301948161703659
CTGGCA,0.341655439801399
CTGGCC,0.372985230477976
CTGGCG,0.392095996943925
CTGGCT,0.347131642340829
CTGGGA,0.319182879322792
CTGGGC,0.466239585995481
CTGGGG,0.492376806056936
CTGGGT,0.347038680820455
CTGGTA,0.300553220054081
CTGGTC,0.316358935137819
CTGGTG,0.373573857902976
CTGGTT,0.314255744823588
CTGTAA,0.277608369465237
CTGTAC,0.302183163774268
CTGTAG,0.30266110103121
CTGTAT,0.289971254784662
CTGTCA,0.303373532438373
CTGTCC,0.334134236514103
CTGTCG,0.329272513138616
CTGTCT,0.309280077901058
CTGTGA,0.307742249877035
CTGTGC,0.360703830441477
CTGTGG,0.378578264367852
CTGTGT,0.340915213684952
CTGTTA,0.300334069845351
CTGTTC,0.322784977625979
CTGTTG,0.312051850419868
CTGTTT,0.287581584283108
CTTAAA,0.274880890983075
CTTAAC,0.289454387543631
CTTAAG,0.289651320851916
CTTAAT,0.287063480102305
CTTACA,0.293704445396794
CTTACC,0.313278616503301
CTTACG,0.301007600771834
CTTACT,0.287458250490188
CTTAGA,0.293532827931651
CTTAGC,0.294602913147445
CTTAGG,0.301818481744812
CTTAGT,0.291815031441093
CTTATA,0.297285340747124
CTTATC,0.308169214147588
CTTATG,0.295035523241983
CTTATT,0.28651218572086
CTTCAA,0.301348250870851
CTTCAC,0.296910722492693
CTTCAG,0.302782574092837
CTTCAT,0.299001902433196
CTTCCA,0.293573691904389
CTTCCC,0.335859258086851
CTTCCG,0.330100202671654
CTTCCT,0.326571850586493
CTTCGA,0.306072923844605
CTTCGC,0.348401251107433
CTTCGG,0.337596950498852
CTTCGT,0.322411852679383
CTTCTA,0.300666834590782
CTTCTC,0.316159202249643
CTTCTG,0.316350946588196
CTTCTT,0.305427026357528
CTTGAA,0.279988825934816
CTTGAC,0.293990409071464
CTTGAG,0.28628170396169
CTTGAT,0.29356551924343
CTTGCA,0.305580464789647
CTTGCC,0.314879966224874
CTTGCG,0.322372150341643
CTTGCT,0.317428823976487
CTTGGA,0.305378567224121
CTTGGC,0.324165123294737
CTTGGG,0.346155115097617
CTTGGT,0.301737423229875
CTTGTA,0.297024751601052
CTTGTC,0.306734536094646
CTTGTG,0.314831963025382
CTTGTT,0.295680009969569
CTTTAA,0.280262174074203
CTTTAC,0.293614554207331
CTTTAG,0.288970094903112
CTTTAT,0.289479006328201
CTTTCA,0.293328483016243
CTTTCC,0.312011734619529
CTTTCG,0.319007612175374
CTTTCT,0.308515485222311
CTTTGA,0.283899694045303
CTTTGC,0.309609879495187
CTTTGG,0.305112000006598
CTTTGT,0.307879220540599
CTTTTA,0.278728802245431
CTTTTC,0.305168550506014
CTTTTG,0.298148057585566
CTTTTT,0.255534914304455
GAAAAA,0.261291170265298
GAAAAC,0.281784928764464
GAAAAG,0.274672698471391
GAAAAT,0.281131421388502
GAAACA,0.284675088230684
GAAACC,0.286923628210164
GAAACG,0.301056272176912
GAAACT,0.287819986492443
GAAAGA,0.272187700331323
GAAAGC,0.291692218703622
GAAAGG,0.28180146771343
GAAAGT,0.290299285857964
GAAATA,0.281478908859055
GAAATC,0.290217288176998
GAAATG,0.290127082961475
GAAATT,0.282537174157873
GAACAA,0.293140448807288
GAACAC,0.288814086316549
GAACAG,0.296389280920289
GAACAT,0.298758021146331
GAACCA,0.300561335806225
GAACCC,0.301161718761955
GAACCG,0.328246804601988
GAACCT,0.305830761173018
GAACGA,0.305233175732578
GAACGC,0.311891377561945
GAACGG,0.32313415995563
GAACGT,0.300090513272422
GAACTA,0.295484260455237
GAACTC,0.284015216397194
GAACTG,0.30321166077237
GAACTT,0.294349790280646
GAAGAA,0.307589142812923
GAAGAC,0.305427026357528
GAAGAG,0.305959921895591
GAAGAT,0.309352482691033
GAAGCA,0.308595996197451
GAAGCC,0.307403771313281
GAAGCG,0.347542119048574
GAAGCT,0.311771006016796
GAAGGA,0.314911967077746
GAAGGC,0.31813081536336
GAAGGG,0.341258123375883
GAAGGT,0.328159965583045
GAAGTA,0.297847005124814
GAAGTC,0.29876615148089
GAAGTG,0.302474813673139
GAAGTT,0.292886955439542
GAATAA,0.29192964305614
GAATAC,0.294758021306077
GAATAG,0.293835181794958
GAATAT,0.295826796963315
GAATCA,0.291258159526835
GAATCC,0.303559652467281
GAATCG,0.29963571556184
GAATCT,0.297301625314259
GAATGA,0.28432870981148
GAATGC,0.294080266482752
GAATGG,0.297122480488819
GAATGT,0.298749890745668
GAATTA,0.286075871777796
GAATTC,0.290463261051793
GAATTG,0.293254908623423
GAATTT,0.281685689325985
GACAAA,0.285911175521079
GACAAC,0.30345445844652
GACAAG,0.308515485222311
GACAAT,0.296845557163807
GACACA,0.290602618829083
GACACC,0.303794276183586
GACACG,0.299830654194388
GACACT,0.298473417784258
GACAGA,0.298383954281947
GACAGC,0.324688128943538
GACAGG,0.311160900737269
GACAGT,0.30043959260765
GACATA,0.298489683015718
GACATC,0.30369719718427
GACATG,0.314983965252728
GACATT,0.293884203538072
GACCAA,0.295900182381071
GACCAC,0.304384637134018
GACCAG,0.298692976090061
GACCAT,0.308587945391622
GACCCA,0.305741953498111
GACCCC,0.356676033805733
GACCCG,0.362711661370476
GACCCT,0.318489597893044
GACCGA,0.320369108046367
GACCGC,0.335153927071962
GACCGG,0.355954525679515
GACCGT,0.315543774177388
GACCTA,0.299229471317658
GACCTC,0.289380527553203
GACCTG,0.333074225411801
GACCTT,0.302061617874182
GACGAA,0.308684550784019
GACGAC,0.320846386922251
GACGAG,0.331887250569081
GACGAT,0.30778253731386
GACGCA,0.314807960561494
GACGCC,0.325931150286164
GACGCG,0.359357931806944
GACGCT,0.311955569795332
GACGGA,0.312958038610357
GACGGC,0.366114989001837
GACGGG,0.378578264367852
GACGGT,0.318617133999944
GACGTA,0.30160771593782
GACGTC,0.310421853871136
GACGTG,0.318800438661986
GACGTT,0.299538231993313
GACTAA,0.295875721173527
GACTAC,0.302563911956683
GACTAG,0.302337100709368
GACTAT,0.301332032068643
GACTCA,0.306250472540456
GACTCC,0.321259844433828
GACTCG,0.328783460294836
GACTCT,0.304368467504066
GACTGA,0.32145061333619
GACTGC,0.341600915520064
GACTGG,0.336446654142206
GACTGT,0.310839643122932
GACTTA,0.297024751601052
GACTTC,0.311722853341437
GACTTG,0.304942329318063
GACTTT,0.294513102689671
GAGAAA,0.272813701073552
GAGAAC,0.301761741474264
GAGAAG,0.31416768224173
GAGAAT,0.275862974950828
GAGACA,0.280924526266159
GAGACC,0.312124054805348
GAGACG,0.309674218345508
GAGACT,0.307573024916125
GAGAGA,0.288781239302031
GAGAGC,0.334534392914469
GAGAGG,0.353548297576549
GAGAGT,0.312565190583353
GAGATA,0.304449313039384
GAGATC,0.299034415444674
GAGATG,0.300325952248556
GAGATT,0.288970094903112
GAGCAA,0.300553220054081
GAGCAC,0.304117804800233
GAGCAG,0.341593126094325
GAGCAT,0.294880458123529
GAGCCA,0.302572011407011
GAGCCC,0.389582262193034
GAGCCG,0.483183577301207
GAGCCT,0.340361634059071
GAGCGA,0.334283333104512
GAGCGC,0.392258912036074
GAGCGG,0.520365919475357
GAGCGT,0.329848027002221
GAGCTA,0.305475483142763
GAGCTC,0.322443613414697
GAGCTG,0.403370532764402
GAGCTT,0.319891601266579
GAGGAA,0.303017380179604
GAGGAC,0.324616826096297
GAGGAG,0.495173156089243
GAGGAT,0.300812891459005
GAGGCA,0.3064118530952
GAGGCC,0.41341078736447
GAGGCG,0.498048309101111
GAGGCT,0.337268429393304
GAGGGA,0.385907829358067
GAGGGC,0.421404119398531
GAGGGG,0.506380105844353
GAGGGT,0.352069402391834
GAGGTA,0.306936160106462
GAGGTC,0.296356681792275
GAGGTG,0.388467970436308
GAGGTT,0.297163198040037
GAGTAA,0.293802499297757
GAGTAC,0.306274681284015
GAGTAG,0.295949103001179
GAGTAT,0.300723637018901
GAGTCA,0.297602841982993
GAGTCC,0.332924948425064
GAGTCG,0.3365092893616
GAGTCT,0.303470642862298
GAGTGA,0.313430855008269
GAGTGC,0.322189499282863
GAGTGG,0.364403352398616
GAGTGT,0.320178132695107
GAGTTA,0.293230382622836
GAGTTC,0.292085166383213
GAGTTG,0.311361634349327
GAGTTT,0.30077232224652
GATAAA,0.283412703165462
GATAAC,0.299830654194388
GATAAG,0.295614764388907
GATAAT,0.29641372956892
GATACA,0.293810670022197
GATACC,0.313783318378394
GATACG,0.302134547187028
GATACT,0.298644189521206
GATAGA,0.296821119070627
GATAGC,0.300902137933466
GATAGG,0.301696891508342
GATAGT,0.29260067599786
GATATA,0.296609297242434
GATATC,0.308169214147588
GATATG,0.298156192880826
GATATT,0.289643116071665
GATCAA,0.302912129096569
GATCAC,0.299221344749187
GATCAG,0.295386371326994
GATCAT,0.301218493087203
GATCCA,0.297269055914797
GATCCC,0.308217538240445
GATCCG,0.315559764114144
GATCCT,0.295125286795286
GATCGA,0.302239880138916
GATCGC,0.309199621985383
GATCGG,0.318003217214232
GATCGT,0.313174439960278
GATCTA,0.297309767498382
GATCTC,0.295940949730689
GATCTG,0.313983526325336
GATCTT,0.291372834979985
GATGAA,0.298432753548129
GATGAC,0.305249331386674
GATGAG,0.304295700933577
GATGAT,0.302871644960896
GATGCA,0.294790672589857
GATGCC,0.311979640820538
GATGCG,0.313783318378394
GATGCT,0.31140980442107
GATGGA,0.302984996410845
GATGGC,0.341585336607911
GATGGG,0.326041917957329
GATGGT,0.30245861313229
GATGTA,0.295582140002137
GATGTC,0.300155467492248
GATGTG,0.31239677988797
GATGTT,0.293369355340009
GATTAA,0.288543066174662
GATTAC,0.271018116087283
GATTAG,0.301737423229875
GATTAT,0.292248849022214
GATTCA,0.295500574378375
GATTCC,0.292535229188023
GATTCG,0.307548847583819
GATTCT,0.29376164467412
GATTGA,0.297928379592631
GATTGC,0.297822591493161
GATTGG,0.30374573786197
GATTGT,0.301226603441974
GATTTA,0.289897432961588
GATTTC,0.2981724632728
GATTTG,0.294439615406121
GATTTT,0.282743735934546
GCAAAA,0.285194431004563
GCAAAC,0.299781923098735
GCAAAG,0.303235943192738
GCAAAT,0.283561301795744
GCAACA,0.29842462050247
GCAACC,0.307411831658275
GCAACG,0.310550423002042
GCAACT,0.302944515225094
GCAAGA,0.307266735507174
GCAAGC,0.328365209294437
GCAAGG,0.323348370580444
GCAAGT,0.308789196095274
GCAATA,0.298733629746031
GCAATC,0.302515313877047
GCAATG,0.30361629081841
GCAATT,0.298034156502162
GCACAA,0.294513102689671
GCACAC,0.294798835244226
GCACAG,0.299400114001838
GCACAT,0.301113052488965
GCACCA,0.304465481362158
GCACCC,0.309545536505112
GCACCG,0.335694725342345
GCACCT,0.320615730574842
GCACGA,0.304522068433312
GCACGC,0.328712448869607
GCACGG,0.33166699434007
GCACGT,0.3105664929812
GCACTA,0.300139229332823
GCACTC,0.302968804133191
GCACTG,0.314623922529248
GCACTT,0.294741695264389
GCAGAA,0.30097515185234
GCAGAC,0.313342719751313
GCAGAG,0.321259844433828
GCAGAT,0.29948136218947
GCAGCA,0.354371525459176
GCAGCC,0.401244660874967
GCAGCG,0.450730098936129
GCAGCT,0.365636025992531
GCAGGA,0.343336443793781
GCAGGC,0.382989920510663
GCAGGG,0.411531362661803
GCAGGT,0.346736496182629
GCAGTA,0.302418110631879
GCAGTC,0.312789694067358
GCAGTG,0.321982983992527
GCAGTT,0.306532871422389
GCATAA,0.301421232225724
GCATAC,0.301996787352949
GCATAG,0.30159960867343
GCATAT,0.292494322756663
GCATCA,0.298888098567669
GCATCC,0.301510424426847
GCATCG,0.317795835490688
GCATCT,0.308748949194561
GCATGA,0.302823061834555
GCATGC,0.305814614909646
GCATGG,0.319565173778652
GCATGT,0.320973622826471
GCATTA,0.293017798750101
GCATTC,0.298855580798563
GCATTG,0.300407125251371
GCATTT,0.295533201426238
GCCAAA,0.29637298148912
GCCAAC,0.298286348604899
GCCAAG,0.321387027745625
GCCAAT,0.292723377222708
GCCACA,0.299302607462204
GCCACC,0.345984512510696
GCCACG,0.312452919937841
GCCACT,0.301826587234941
GCCAGA,0.308418863495099
GCCAGC,0.364852465021629
GCCAGG,0.330194752155145
GCCAGT,0.305515862003545
GCCATA,0.299984953665933
GCCATC,0.3259469749904
GCCATG,0.399981660511769
GCCATT,0.309706386218428
GCCCAA,0.307476312079441
GCCCAC,0.310405781567443
GCCCAG,0.332822798698574
GCCCAT,0.308636249254395
GCCCCA,0.300106752222919
GCCCCC,0.420850187132347
GCCCCG,0.469384120287224
GCCCCT,0.360046401737985
GCCCGA,0.362139496788294
GCCCGC,0.500921861517666
GCCCGG,0.549543531118438
GCCCGT,0.35626161404468
GCCCTA,0.304376552351724
GCCCTC,0.341795631446726
GCCCTG,0.407200340176916
GCCCTT,0.325701663929202
GCCGAA,0.313559037880725
GCCGAC,0.338300561081998
GCCGAG,0.441144038321817
GCCGAT,0.311241199017435
GCCGCA,0.37705325736428
GCCGCC,0.844565295038992
GCCGCG,0.583621659420346
GCCGCT,0.44404498570637
GCCGGA,0.390665648384706
GCCGGC,0.517423650408454
GCCGGG,0.678201850111902
GCCGGT,0.364882906035384
GCCGTA,0.311176960909136
GCCGTC,0.391488534029787
GCCGTG,0.393605647128479
GCCGTT,0.322507131859251
GCCTAA,0.302523413721
GCCTAC,0.310269156555422
GCCTAG,0.315495802832992
GCCTAT,0.298904357055704
GCCTCA,0.291847778957233
GCCTCC,0.38590037752496
GCCTCG,0.377196090699781
GCCTCT,0.340556591419622
GCCTGA,0.33752656220414
GCCTGC,0.415727988997929
GCCTGG,0.440516270517873
GCCTGT,0.331596187391004
GCCTTA,0.298554741296112
GCCTTC,0.32576497577075
GCCTTG,0.315759616753756
GCCTTT,0.30410163085509
GCGAAA,0.304142065227465
GCGAAC,0.312244383863526
GCGAAG,0.323070681327705
GCGAAT,0.306863580145259
GCGACA,0.318991677274996
GCGACC,0.34429242097636
GCGACG,0.367034259157891
GCGACT,0.324537594747189
GCGAGA,0.319413866365132
GCGAGC,0.403978141055189
GCGAGG,0.401134578963218
GCGAGT,0.334714803228076
GCGATA,0.301737423229875
GCGATC,0.299903746385556
GCGATG,0.340884034245134
GCGATT,0.304222929067728
GCGCAA,0.316838131367903
GCGCAC,0.328925468019216
GCGCAG,0.394618203140776
GCGCAT,0.311160900737269
GCGCCA,0.369226457853203
GCGCCC,0.444733779702366
GCGCCG,0.542623249460698
GCGCCT,0.381613835275024
GCGCGA,0.343616336602888
GCGCGC,0.503078247825851
GCGCGG,0.652181223472618
GCGCGT,0.371088702747556
GCGCTA,0.326097297192197
GCGCTC,0.366510150802293
GCGCTG,0.456614305239553
GCGCTT,0.332901376337387
GCGGAA,0.34797564729799
GCGGAC,0.36794509819162
GCGGAG,0.527544893715514
GCGGAT,0.313559037880725
GCGGCA,0.415908794448062
GCGGCC,0.618503641648602
GCGGCG,0.970283478004535
GCGGCT,0.483257946262737
GCGGGA,0.49762855861861
GCGGGC,0.683362230614057
GCGGGG,0.752396178873227
GCGGGT,0.431109134748154
GCGGTA,0.315279903300687
GCGGTC,0.353194178116604
GCGGTG,0.447512247870246
GCGGTT,0.341071096303343
GCGTAA,0.303964141758391
GCGTAC,0.311546273691536
GCGTAG,0.313478925510951
GCGTAT,0.301137385921511
GCGTCA,0.313302655702858
GCGTCC,0.36769470014956
GCGTCG,0.356798791870963
GCGTCT,0.342970910239267
GCGTGA,0.335044164187456
GCGTGC,0.368020964009217
GCGTGG,0.381965515419304
GCGTGT,0.355032694358677
GCGTTA,0.30811283308764
GCGTTC,0.325836196801542
GCGTTG,0.332311893488975
GCGTTT,0.304538235579805
GCTAAA,0.29420278630539
GCTAAC,0.30544317888017
GCTAAG,0.305515862003545
GCTAAT,0.28399871402111
GCTACA,0.307331225284578
GCTACC,0.320758902846283
GCTACG,0.330336559620733
GCTACT,0.305184707204198
GCTAGA,0.302434311828899
GCTAGC,0.315271906126477
GCTAGG,0.315727643015337
GCTAGT,0.301931952628447
GCTATA,0.303260225023486
GCTATC,0.311666672289473
GCTATG,0.316342957974754
GCTATT,0.296951448666916
GCTCAA,0.298814932100147
GCTCAC,0.281247263962264
GCTCAG,0.313567048764725
GCTCAT,0.299465113080036
GCTCCA,0.323253171523222
GCTCCC,0.363214895542889
GCTCCG,0.419186546905053
GCTCCT,0.345394934076751
GCTCGA,0.314391826289164
GCTCGC,0.384065537460373
GCTCGG,0.427462911540025
GCTCGT,0.329256740973045
GCTCTA,0.30094270187988
GCTCTC,0.350403026808246
GCTCTG,0.332665624895186
GCTCTT,0.317931436099839
GCTGAA,0.318872157427738
GCTGAC,0.323332504700259
GCTGAG,0.380850188812098
GCTGAT,0.305184707204198
GCTGCA,0.367861639143982
GCTGCC,0.475704987400575
GCTGCG,0.498907248829717
GCTGCT,0.492249513252551
GCTGGA,0.331682728536801
GCTGGC,0.415800315100903
GCTGGG,0.505249834858794
GCTGGT,0.338144245952699
GCTGTA,0.308265859998196
GCTGTC,0.343997175977025
GCTGTG,0.396780307613141
GCTGTT,0.327464981821287
GCTTAA,0.292126089554782
GCTTAC,0.298359553755815
GCTTAG,0.29914820266094
GCTTAT,0.296674477968592
GCTTCA,0.312725555357662
GCTTCC,0.350897057276252
GCTTCG,0.345728554045569
GCTTCT,0.321108793238744
GCTTGA,0.294072097960824
GCTTGC,0.330273536563095
GCTTGG,0.342255010766848
GCTTGT,0.327725657337071
GCTTTA,0.29274791566111
GCTTTC,0.310662907433399
GCTTTG,0.320910006897983
GCTTTT,0.2843946959039
GGAAAA,0.269252797055967
GGAAAC,0.295410844507409
GGAAAG,0.279988825934816
GGAAAT,0.2867096992426
GGAACA,0.293859692966907
GGAACC,0.333278463079264
GGAACG,0.322062417997597
GGAACT,0.30043959260765
GGAAGA,0.304724138980458
GGAAGC,0.336720654267706
GGAAGG,0.348617852576436
GGAAGT,0.314967966106259
GGAATA,0.295720786295838
GGAATC,0.297667957983452
GGAATG,0.294888620045046
GGAATT,0.288740179016586
GGACAA,0.312877878076706
GGACAC,0.299010030785169
GGACAG,0.319469613865288
GGACAT,0.304837280653767
GGACCA,0.309650091761731
GGACCC,0.370392659332679
GGACCG,0.358684302588433
GGACCT,0.320591866536584
GGACGA,0.32716472581579
GGACGC,0.349962825344643
GGACGG,0.393753529451773
GGACGT,0.319955282012823
GGACTA,0.299895625294802
GGACTC,0.335545839052929
GGACTG,0.374750074324876
GGACTT,0.317524579097341
GGAGAA,0.30321166077237
GGAGAC,0.343118695212803
GGAGAG,0.371187017653912
GGAGAT,0.312942007017676
GGAGCA,0.330903588475024
GGAGCC,0.482872519887813
GGAGCG,0.490747575221442
GGAGCT,0.391458892251103
GGAGGA,0.467085050484613
GGAGGC,0.469452668056155
GGAGGG,0.570641271773852
GGAGGT,0.365985767613078
GGAGTA,0.307444072388573
GGAGTC,0.338097346648801
GGAGTG,0.331887250569081
GGAGTT,0.30196437051614
GGATAA,0.291421977577398
GGATAC,0.302604408552326
GGATAG,0.303956053575755
GGATAT,0.294823322807565
GGATCA,0.293941392534581
GGATCC,0.323443560575668
GGATCG,0.32280878938572
GGATCT,0.311281345739717
GGATGA,0.303025475957935
GGATGC,0.310847675821247
GGATGG,0.334644211764131
GGATGT,0.298327018794788
GGATTA,0.270533173010563
GGATTC,0.299278229341672
GGATTG,0.306371510398044
GGATTT,0.292543410273499
GGCAAA,0.295786024959631
GGCAAC,0.309384660915003
GGCAAG,0.337901909203446
GGCAAT,0.306557073330474
GGCACA,0.294504937702623
GGCACC,0.320766856260365
GGCACG,0.326097297192197
GGCACT,0.31034952647017
GGCAGA,0.3153438783921
GGCAGC,0.453680011829845
GGCAGG,0.421066041385438
GGCAGT,0.339011486567482
GGCATA,0.298245676760878
GGCATC,0.314743951174402
GGCATG,0.305297796782992
GGCATT,0.300317834585864
GGCCAA,0.299960592174247
GGCCAC,0.320098548866643
GGCCAG,0.342932015826502
GGCCAT,0.334604992130839
GGCCCA,0.33528719437957
GGCCCC,0.448394689430659
GGCCCG,0.548251996624339
GGCCCT,0.375510861903884
GGCCGA,0.389054985522734
GGCCGC,0.588063489771757
GGCCGG,0.648978615984887
GGCCGT,0.385587350380432
GGCCTA,0.316702382414824
GGCCTC,0.375751782821817
GGCCTG,0.446593962371384
GGCCTT,0.321514194883885
GGCGAA,0.324917847984135
GGCGAC,0.379178614081016
GGCGAG,0.409160722602619
GGCGAT,0.323181766282331
GGCGCA,0.355977560578331
GGCGCC,0.525926662173744
GGCGCG,0.592030997459368
GGCGCT,0.414092022494505
GGCGGA,0.459782283335335
GGCGGC,1
GGCGGG,0.816495981011098
GGCGGT,0.434188419778204
GGCGTA,0.306202053295078
GGCGTC,0.37503637915701
GGCGTG,0.37217719032051
GGCGTT,0.318935903123959
GGCTAA,0.296315931387774
GGCTAC,0.326445325032701
GGCTAG,0.314895966779317
GGCTAT,0.309585751359065
GGCTCA,0.287778886717896
GGCTCC,0.403407146125577
GGCTCG,0.398842123497488
GGCTCT,0.353786872588714
GGCTGA,0.356215556801308
GGCTGC,0.507931320979185
GGCTGG,0.485338034871985
GGCTGT,0.368893007477136
GGCTTA,0.298383954281947
GGCTTC,0.355939168785517
GGCTTG,0.339940396400446
GGCTTT,0.314935967045382
GGGAAA,0.289725160844999
GGGAAC,0.324474205147716
GGGAAG,0.362154758759818
GGGAAT,0.297651679380842
GGGACA,0.333270608555634
GGGACC,0.38187573650111
GGGACG,0.380460654306458
GGGACT,0.369673410056832
GGGAGA,0.362437063226781
GGGAGC,0.49885400270237
GGGAGG,0.59205525228024
GGGAGT,0.34409042065753
GGGATA,0.295932796393722
GGGATC,0.324458357119977
GGGATG,0.339979407342442
GGGATT,0.280907972807022
GGGCAA,0.319987120865296
GGGCAC,0.333647556116872
GGGCAG,0.446376534729491
GGGCAT,0.310277193837573
GGGCCA,0.35082759898759
GGGCCC,0.527383188350797
GGGCCG,0.62603407820282
GGGCCT,0.397657098846868
GGGCGA,0.387761609575591
GGGCGC,0.572961657002031
GGGCGG,0.832752464545311
GGGCGT,0.359289058737163
GGGCTA,0.320305453648259
GGGCTC,0.410913792414205
GGGCTG,0.542298280710814
GGGCTT,0.346093081160779
GGGGAA,0.345744068544933
GGGGAC,0.418487136097663
GGGGAG,0.567501740120137
GGGGAT,0.324632671612834
GGGGCA,0.379366149476196
GGGGCC,0.597093543937126
GGGGCG,0.699361107637855
GGGGCT,0.48319033834444
GGGGGA,0.44625728014227
GGGGGC,0.630250997090541
GGGGGG,0.543731172269204
GGGGGT,0.475071287500126
GGGGTA,0.332272582274462
GGGGTC,0.454417871966412
GGGGTG,0.502680495567826
GGGGTT,0.355209444535545
GGGTAA,0.307943670832345
GGGTAC,0.325464208817273
GGGTAG,0.327765147700176
GGGTAT,0.30385090124795
GGGTCA,0.320512315629142
GGGTCC,0.410964665554069
GGGTCG,0.41447591865364
GGGTCT,0.347170373757252
GGGTGA,0.341055509134931
GGGTGC,0.399812649948119
GGGTGG,0.503939502030963
GGGTGT,0.371391179272072
GGGTTA,0.30374573786197
GGGTTC,0.338472479507178
GGGTTG,0.361872374574538
GGGTTT,0.312204275786232
GGTAAA,0.299708822002368
GGTAAC,0.30244241232898
GGTAAG,0.307178055271941
GGTAAT,0.301745529377047
GGTACA,0.301194161628217
GGTACC,0.317141503587372
GGTACG,0.317700106341743
GGTACT,0.306613542171594
GGTAGA,0.301356360173312
GGTAGC,0.319883640888157
GGTAGG,0.316103269891345
GGTAGT,0.321235995761962
GGTATA,0.300715522583852
GGTATC,0.309038690731967
GGTATG,0.300179824237
GGTATT,0.299586974965457
GGTCAA,0.300950814471714
GGTCAC,0.298205003262591
GGTCAG,0.313695214181781
GGTCAT,0.307347347079116
GGTCCA,0.324426660311
GGTCCC,0.368938484530788
GGTCCG,0.377616954522974
GGTCCT,0.326556035767718
GGTCGA,0.313951495747296
GGTCGC,0.372207409180172
GGTCGG,0.405272652223126
GGTCGT,0.332068139043878
GGTCTA,0.307484371839754
GGTCTC,0.312140099516365
GGTCTG,0.330635864915137
GGTCTT,0.311152870554612
GGTGAA,0.303600108759707
GGTGAC,0.319501468184386
GGTGAG,0.377211124601014
GGTGAT,0.304845361712046
GGTGCA,0.331588319642728
GGTGCC,0.375164436364281
GGTGCG,0.389054985522734
GGTGCT,0.364007357029277
GGTGGA,0.355647342982116
GGTGGC,0.435238753057501
GGTGGG,0.514878889537893
GGTGGT,0.377669550048859
GGTGTA,0.307911446205702
GGTGTC,0.348300670189545
GGTGTG,0.378570757715188
GGTGTT,0.328128385888208
GGTTAA,0.294545761971207
GGTTAC,0.305006969165404
GGTTAG,0.308096723629487
GGTTAT,0.294684552019388
GGTTCA,0.291815031441093
GGTTCC,0.331784994781598
GGTTCG,0.343616336602888
GGTTCT,0.318760592680587
GGTTGA,0.309585751359065
GGTTGC,0.329753444728812
GGTTGG,0.35961042582063
GGTTGT,0.32716472581579
GGTTTA,0.295443474482976
GGTTTC,0.294733532143591
GGTTTG,0.31777988126891
GGTTTT,0.29192964305614
GTAAAA,0.277409049922507
GTAAAC,0.293353006610968
GTAAAG,0.305281641911873
GTAAAT,0.287392466247067
GTAACA,0.300041794838651
GTAACC,0.298652320781304
GTAACG,0.304530152039231
GTAACT,0.294504937702623
GTAAGA,0.289643116071665
GTAAGC,0.299261976931149
GTAAGG,0.307040988529043
GTAAGT,0.296967738672202
GTAATA,0.291069735586265
GTAATC,0.282008181499137
GTAATG,0.299278229341672
GTAATT,0.294137444268037
GTACAA,0.301923847992314
GTACAC,0.294635569496015
GTACAG,0.292952379234818
GTACAT,0.301113052488965
GTACCA,0.30410163085509
GTACCC,0.310172704130642
GTACCG,0.3121160323533
GTACCT,0.310470069232358
GTACGA,0.310261119208673
GTACGC,0.311233169479564
GTACGG,0.313991533809543
GTACGT,0.308000061430378
GTACTA,0.300950814471714
GTACTC,0.306540938790165
GTACTG,0.304368467504066
GTACTT,0.301567178958579
GTAGAA,0.290758348660298
GTAGAC,0.298107380116491
GTAGAG,0.293786157648594
GTAGAT,0.293720788381314
GTAGCA,0.298758021146331
GTAGCC,0.30939270530921
GTAGCG,0.323729076206603
GTAGCT,0.293982239815497
GTAGGA,0.301672571686845
GTAGGC,0.313430855008269
GTAGGG,0.322554768045105
GTAGGT,0.30094270187988
GTAGTA,0.301567178958579
GTAGTC,0.306799060201498
GTAGTG,0.319023546821835
GTAGTT,0.292363410930357
GTATAA,0.298497815532241
GTATAC,0.299855018851723
GTATAG,0.300342187376252
GTATAT,0.298229407560083
GTATCA,0.3014779918196
GTATCC,0.297610981714935
GTATCG,0.309062832071095
GTATCT,0.303527286254866
GTATGA,0.295981715418397
GTATGC,0.301015712837189
GTATGG,0.301713104394094
GTATGT,0.30899040630523
GTATTA,0.292919667872215
GTATTC,0.296226274652147
GTATTG,0.304570569088682
GTATTT,0.269411887169946
GTCAAA,0.292690658368156
GTCAAC,0.298928744292132
GTCAAG,0.30811283308764
GTCAAT,0.299302607462204
GTCACA,0.286808441376049
GTCACC,0.303300693431205
GTCACG,0.309521406816444
GTCACT,0.300098632780633
GTCAGA,0.305330105742311
GTCAGC,0.305515862003545
GTCAGG,0.303713377671971
GTCAGT,0.311859279899945
GTCATA,0.296201821420011
GTCATC,0.303341160201299
GTCATG,0.319748304758835
GTCATT,0.287441804835113
GTCCAA,0.299562603776369
GTCCAC,0.312356677922644
GTCCAG,0.317500641176711
GTCCAT,0.300098632780633
GTCCCA,0.31364715407533
GTCCCC,0.365187265217747
GTCCCG,0.380145919472446
GTCCCT,0.329650970503184
GTCCGA,0.333152783297355
GTCCGC,0.377166022219243
GTCCGG,0.36970370467153
GTCCGT,0.331714196187587
GTCCTA,0.295157926089774
GTCCTC,0.333890925922714
GTCCTG,0.338308376197097
GTCCTT,0.315479811873457
GTCGAA,0.304239101051136
GTCGAC,0.310116435919678
GTCGAG,0.319190845281474
GTCGAT,0.302037306921256
GTCGCA,0.309320303431592
GTCGCC,0.382219845257925
GTCGCG,0.369582520705766
GTCGCT,0.337987906385161
GTCGGA,0.319469613865288
GTCGGC,0.365537163796376
GTCGGG,0.407550430007713
GTCGGT,0.339932594029422
GTCGTA,0.305693509623766
GTCGTC,0.343126472764341
GTCGTG,0.332264719846111
GTCGTT,0.310285231055126
GTCTAA,0.297374902584854
GTCTAC,0.306782929565096
GTCTAG,0.301591501343313
GTCTAT,0.304247186944765
GTCTCA,0.286676783031329
GTCTCC,0.322546828838378
GTCTCG,0.319302362040603
GTCTCT,0.302215573519382
GTCTGA,0.31125725789976
GTCTGC,0.329587904221446
GTCTGG,0.346976701672168
GTCTGT,0.315455824954687
GTCTTA,0.294611077334566
GTCTTC,0.322197441326999
GTCTTG,0.301688784966893
GTCTTT,0.305241253592252
GTGAAA,0.28022076249203
GTGAAC,0.293794328506557
GTGAAG,0.319963241820978
GTGAAT,0.291585768796003
GTGACA,0.296967738672202
GTGACC,0.322673848582909
GTGACG,0.314695941445152
GTGACT,0.310831610360092
GTGAGA,0.300950814471714
GTGAGC,0.324030365404971
GTGAGG,0.382780638350691
GTGAGT,0.351961480682804
GTGATA,0.298416487390663
GTGATC,0.292551591292045
GTGATG,0.309851128842634
GTGATT,0.292093351151505
GTGCAA,0.303826633755842
GTGCAC,0.320790716123076
GTGCAG,0.334079300587205
GTGCAT,0.320329324522382
GTGCCA,0.305911488579585
GTGCCC,0.356230909451463
GTGCCG,0.368453289300363
GTGCCT,0.335639875077843
GTGCGA,0.327133114675443
GTGCGC,0.388995556635174
GTGCGG,0.410521255462812
GTGCGT,0.339573619138328
GTGCTA,0.30600028120042
GTGCTC,0.328073119022432
GTGCTG,0.376947998692499
GTGCTT,0.321800261831773
GTGGAA,0.301283374083663
GTGGAC,0.327512382424152
GTGGAG,0.37074074159967
GTGGAT,0.304893846690394
GTGGCA,0.32519502484301
GTGGCC,0.383610035404852
GTGGCG,0.423910959414562
GTGGCT,0.342340634423708
GTGGGA,0.360657977345268
GTGGGC,0.41393262607747
GTGGGG,0.506102613757887
GTGGGT,0.365225303603004
GTGGTA,0.315647704196354
GTGGTC,0.346480730146343
GTGGTG,0.367064633829028
GTGGTT,0.317628303465634
GTGTAA,0.294733532143591
GTGTAC,0.306661941497573
GTGTAG,0.306331166073289
GTGTAT,0.305338182819039
GTGTCA,0.306637742127395
GTGTCC,0.342363985057788
GTGTCG,0.339815551158221
GTGTCT,0.313518982498087
GTGTGA,0.325986535655431
GTGTGC,0.387545884188788
GTGTGG,0.379928544736882
GTGTGT,0.482568130938924
GTGTTA,0.295737096360798
GTGTTC,0.322451553440911
GTGTTG,0.3191988111767
GTGTTT,0.316374912045619
GTTAAA,0.285771162372789
GTTAAC,0.295484260455237
GTTAAG,0.29360638188032
GTTAAT,0.291790470100207
GTTACA,0.294758021306077
GTTACC,0.300463942433107
GTTACG,0.303713377671971
GTTACT,0.299716944610304
GTTAGA,0.295223201482952
GTTAGC,0.305459331141912
GTTAGG,0.296609297242434
GTTAGT,0.297993474399522
GTTATA,0.295288472615531
GTTATC,0.298123651302681
GTTATG,0.301923847992314
GTTATT,0.291143470921717
GTTCAA,0.2874829184657
GTTCAC,0.295108966748537
GTTCAG,0.293303958820098
GTTCAT,0.297798177265468
GTTCCA,0.296927013161417
GTTCCC,0.338222406571651
GTTCCG,0.320050795529266
GTTCCT,0.30761331917103
GTTCGA,0.315519788792846
GTTCGC,0.324046220216932
GTTCGG,0.337862817130461
GTTCGT,0.326176405065182
GTTCTA,0.294660061057613
GTTCTC,0.327930990197706
GTTCTG,0.311530219449849
GTTCTT,0.297830729436604
GTTGAA,0.291602146442445
GTTGAC,0.299497611034874
GTTGAG,0.311449944375104
GTTGAT,0.302158855776095
GTTGCA,0.31087980596928
GTTGCC,0.323689426132324
GTTGCG,0.323459424693966
GTTGCT,0.316518692730209
GTTGGA,0.309368571932448
GTTGGC,0.322094189832975
GTTGGG,0.362032656465152
GTTGGT,0.31944572246005
GTTGTA,0.293500135551116
GTTGTC,0.312677448625582
GTTGTG,0.324767348366988
GTTGTT,0.307403771313281
GTTTAA,0.289027565616112
GTTTAC,0.292543410273499
GTTTAG,0.291479307555595
GTTTAT,0.288362345264846
GTTTCA,0.283602575274552
GTTTCC,0.321466509102113
GTTTCG,0.31331066864096
GTTTCT,0.300074274058217
GTTTGA,0.296593001397041
GTTTGC,0.324822798229589
GTTTGG,0.316223121114347
GTTTGT,0.309505320033859
GTTTTA,0.279417038263119
GTTTTC,0.292862420412764
GTTTTG,0.290446864742311
GTTTTT,0.270767312822826
TAAAAA,0.241850024065421
TAAAAC,0.279267822477059
TAAAAG,0.269679771218136
TAAAAT,0.259018022733233
TAAACA,0.286232308101277
TAAACC,0.295125286795286
TAAACG,0.297301625314259
TAAACT,0.2834704941456
TAAAGA,0.285103771540731
TAAAGC,0.295883874975859
TAAAGG,0.299391988819994
TAAAGT,0.29127454253958
TAAATA,0.272296235206275
TAAATC,0.293140448807288
TAAATG,0.283751145694873
TAAATT,0.280932802892972
TAACAA,0.289240999351991
TAACAC,0.293099567126318
TAACAG,0.300553220054081
TAACAT,0.294651897270395
TAACCA,0.293549173721131
TAACCC,0.294161948032389
TAACCG,0.301380687686139
TAACCT,0.293434747583495
TAACGA,0.298359553755815
TAACGC,0.306032567471535
TAACGG,0.306476398025572
TAACGT,0.297203913933404
TAACTA,0.297472597260416
TAACTC,0.291094314635521
TAACTG,0.300058034580296
TAACTT,0.283173247805173
TAAGAA,0.284716315766189
TAAGAC,0.292355228372153
TAAGAG,0.287088157817806
TAAGAT,0.294137444268037
TAAGCA,0.294178283541722
TAAGCC,0.294586584573237
TAAGCG,0.309489232992485
TAAGCT,0.298936873238779
TAAGGA,0.289618501326996
TAAGGC,0.300196061737257
TAAGGG,0.295655543375684
TAAGGT,0.298245676760878
TAAGTA,0.294137444268037
TAAGTC,0.293107743596218
TAAGTG,0.288337698973744
TAAGTT,0.28760624921645
TAATAA,0.282553700670271
TAATAC,0.289224582989511
TAATAG,0.294602913147445
TAATAT,0.292109720487119
TAATCA,0.293164977013664
TAATCC,0.28693185533349
TAATCG,0.305168550506014
TAATCT,0.289897432961588
TAATGA,0.287737785254088
TAATGC,0.296348531844221
TAATGG,0.299749434382295
TAATGT,0.289757976869649
TAATTA,0.28687426404876
TAATTC,0.295655543375684
TAATTG,0.290455062930657
TAATTT,0.267526298540367
TACAAA,0.275821380785755
TACAAC,0.299936230089066
TACAAG,0.296918867860228
TACAAT,0.295786024959631
TACACA,0.28229750903053
TACACC,0.298928744292132
TACACG,0.298896227844729
TACACT,0.298546609242528
TACAGA,0.284996617940368
TACAGC,0.299042543532375
TACAGG,0.271260499465474
TACAGT,0.289552859045614
TACATA,0.295410844507409
TACATC,0.307089367171827
TACATG,0.296389280920289
TACATT,0.28661917705436
TACCAA,0.2970899052541
TACCAC,0.299936230089066
TACCAG,0.300991376443703
TACCAT,0.311449944375104
TACCCA,0.294929428653402
TACCCC,0.307983950155417
TACCCG,0.313895439766895
TACCCT,0.299205091414118
TACCGA,0.301502316373648
TACCGC,0.312308553441376
TACCGG,0.307975894420595
TACCGT,0.306726470288545
TACCTA,0.29669891964562
TACCTC,0.30164825127388
TACCTG,0.323633913387024
TACCTT,0.298180598369515
TACGAA,0.30175363545851
TACGAC,0.310574527873939
TACGAG,0.30939270530921
TACGAT,0.305854980079271
TACGCA,0.302094031558743
TACGCC,0.309754636087692
TACGCG,0.313855397856966
TACGCT,0.303802365674808
TACGGA,0.302879741919149
TACGGC,0.315023961999056
TACGGG,0.315415845478088
TACGGT,0.303381625333899
TACGTA,0.301056272176912
TACGTC,0.308748949194561
TACGTG,0.307500491165505
TACGTT,0.302361404375203
TACTAA,0.288222674916215
TACTAC,0.300626259452332
TACTAG,0.295525044764071
TACTAT,0.294112939903236
TACTCA,0.290373078022578
TACTCC,0.302628705722547
TACTCG,0.309465101945177
TACTCT,0.29192964305614
TACTGA,0.290045071158476
TACTGC,0.312051850419868
TACTGG,0.299115693348877
TACTGT,0.297960927525743
TACTTA,0.302021099290953
TACTTC,0.30196437051614
TACTTG,0.293017798750101
TACTTT,0.285342765127874
TAGAAA,0.277317681853151
TAGAAC,0.291462927897202
TAGAAG,0.286487493787414
TAGAAT,0.289602091160606
TAGACA,0.296601149352932
TAGACC,0.301169829577197
TAGACG,0.304586735451083
TAGACT,0.298270080065794
TAGAGA,0.276145769401031
TAGAGC,0.309207667868249
TAGAGG,0.295998021228177
TAGAGT,0.296674477968592
TAGATA,0.294594748893669
TAGATC,0.295777870359408
TAGATG,0.288912620887039
TAGATT,0.28980719888754
TAGCAA,0.293025975888602
TAGCAC,0.295166085746942
TAGCAG,0.304384637134018
TAGCAT,0.295786024959631
TAGCCA,0.292085166383213
TAGCCC,0.297773762441706
TAGCCG,0.313462902266808
TAGCCT,0.30057756711292
TAGCGA,0.309384660915003
TAGCGC,0.316710368157489
TAGCGG,0.328822908907828
TAGCGT,0.304004581690321
TAGCTA,0.295704475964855
TAGCTC,0.30236950546589
TAGCTG,0.283412703165462
TAGCTT,0.297008462524488
TAGGAA,0.287121060491185
TAGGAC,0.295084486179009
TAGGAG,0.304570569088682
TAGGAT,0.292567953128352
TAGGCA,0.295940949730689
TAGGCC,0.306613542171594
TAGGCG,0.308934071527265
TAGGCT,0.306250472540456
TAGGGA,0.290405872792397
TAGGGC,0.315319888212444
TAGGGG,0.313591081031684
TAGGGT,0.305055446309042
TAGGTA,0.296821119070627
TAGGTC,0.30175363545851
TAGGTG,0.303883256988037
TAGGTT,0.297212056913147
TAGTAA,0.289987658894183
TAGTAC,0.298571005204891
TAGTAG,0.286117041604065
TAGTAT,0.299822532510022
TAGTCA,0.296112154452615
TAGTCC,0.301453666673854
TAGTCG,0.311618514589783
TAGTCT,0.298505947982626
TAGTGA,0.291184432647813
TAGTGC,0.302175061173863
TAGTGG,0.314247739454776
TAGTGT,0.29811551574268
TAGTTA,0.289922040841469
TAGTTC,0.300674949420915
TAGTTG,0.296144761552852
TAGTTT,0.285095529363716
TATAAA,0.284237971824283
TATAAC,0.298400220968606
TATAAG,0.295386371326994
TATAAT,0.291782282852519
TATACA,0.292027871129364
TATACC,0.299424489151268
TATACG,0.301056272176912
TATACT,0.301226603441974
TATAGA,0.296381131237913
TATAGC,0.298343286407617
TATAGG,0.297847005124814
TATAGT,0.301494208254708
TATATA,0.282735474282649
TATATC,0.299806288943402
TATATG,0.297513300558522
TATATT,0.288501996108394
TATCAA,0.295215042291818
TATCAC,0.29537821346709
TATCAG,0.3039479653277
TATCAT,0.297440033429023
TATCCA,0.303729557897868
TATCCC,0.297024751601052
TATCCG,0.312573209432873
TATCCT,0.289831808987964
TATCGA,0.304473565425515
TATCGC,0.307983950155417
TATCGG,0.307710018758918
TATCGT,0.308000061430378
TATCTA,0.299497611034874
TATCTC,0.296935158396261
TATCTG,0.303875168151161
TATCTT,0.292772453497392
TATGAA,0.291986943938106
TATGAC,0.301550963706763
TATGAG,0.29669891964562
TATGAT,0.29537821346709
TATGCA,0.297879555706561
TATGCC,0.302499113992315
TATGCG,0.301494208254708
TATGCT,0.298863710339972
TATGGA,0.300642489705274
TATGGC,0.308491330665721
TATGGG,0.302515313877047
TATGGT,0.306419921439331
TATGTA,0.296046937062299
TATGTC,0.298522212684988
TATGTG,0.3004558258905
TATGTT,0.29360638188032
TATTAA,0.283990462730944
TATTAC,0.299846897365237
TATTAG,0.291946015071744
TATTAT,0.286339329381846
TATTCA,0.29127454253958
TATTCC,0.291888711844402
TATTCG,0.301883323826347
TATTCT,0.290840301989377
TATTGA,0.294063929372169
TATTGC,0.304142065227465
TATTGG,0.2957126311636
TATTGT,0.295908335983953
TATTTA,0.275971111683964
TATTTC,0.286347561313656
TATTTG,0.276927196946879
TATTTT,0.237390550877756
TCAAAA,0.274206189898228
TCAAAC,0.289511830431525
TCAAAG,0.295794179493357
TCAAAT,0.287005896397734
TCAACA,0.29681297290685
TCAACC,0.290020466305962
TCAACG,0.30557238966962
TCAACT,0.291577579872197
TCAAGA,0.298514080366874
TCAAGC,0.289306662107074
TCAAGG,0.30732316428984
TCAAGT,0.292968734514866
TCAATA,0.295076325855986
TCAATC,0.297431892305484
TCAATG,0.298091108665546
TCAATT,0.293679930419203
TCACAA,0.287902180974311
TCACAC,0.290659995799001
TCACAG,0.283949205258826
TCACAT,0.29124996791981
TCACCA,0.290217288176998
TCACCC,0.300618144227077
TCACCG,0.314727948187421
TCACCT,0.291069735586265
TCACGA,0.30985916948528
TCACGC,0.293148624942928
TCACGG,0.304667563343052
TCACGT,0.299749434382295
TCACTA,0.29801788385971
TCACTC,0.288181591689079
TCACTG,0.293753473549096
TCACTT,0.286026465748828
TCAGAA,0.2877131235649
TCAGAC,0.294235455723043
TCAGAG,0.29532110658427
TCAGAT,0.28947080013402
TCAGCA,0.294758021306077
TCAGCC,0.28816515792562
TCAGCG,0.322110075372129
TCAGCT,0.305846907175693
TCAGGA,0.290455062930657
TCAGGC,0.307589142812923
TCAGGG,0.315263908888311
TCAGGT,0.286643865736546
TCAGTA,0.296544112267472
TCAGTC,0.30804839369788
TCAGTG,0.298099244424114
TCAGTT,0.288978305207189
TCATAA,0.292976912054581
TCATAC,0.29476618422697
TCATAG,0.298595400572106
TCATAT,0.29690257705881
TCATCA,0.308579894520976
TCATCC,0.297057328958201
TCATCG,0.315831553927561
TCATCT,0.291651277772466
TCATGA,0.301177940326653
TCATGC,0.298001610952453
TCATGG,0.32200681485658
TCATGT,0.304821118341296
TCATTA,0.28928203907918
TCATTC,0.293745302357305
TCATTG,0.293279434022501
TCATTT,0.277126612545889
TCCAAA,0.280154500393314
TCCAAC,0.297212056913147
TCCAAG,0.307516610231426
TCCAAT,0.297106193004103
TCCACA,0.285911175521079
TCCACC,0.28932307712218
TCCACG,0.306064852700281
TCCACT,0.30674260183569
TCCAGA,0.295149766366025
TCCAGC,0.312621321179701
TCCAGG,0.329714032807817
TCCAGT,0.296617445065549
TCCATA,0.295655543375684
TCCATC,0.288658053387509
TCCATG,0.301980579065901
TCCATT,0.299440738920813
TCCCAA,0.277234612727057
TCCCAC,0.299294481488059
TCCCAG,0.290840301989377
TCCCAT,0.283024591495122
TCCCCA,0.300618144227077
TCCCCC,0.321299590956405
TCCCCG,0.400686787637639
TCCCCT,0.306476398025572
TCCCGA,0.312693484460083
TCCCGC,0.386503796161978
TCCCGG,0.395681391560455
TCCCGT,0.327196335956905
TCCCTA,0.289126079154792
TCCCTC,0.320345238121904
TCCCTG,0.343219798664854
TCCCTT,0.292657938443045
TCCGAA,0.301713104394094
TCCGAC,0.325297956683516
TCCGAG,0.344463312458159
TCCGAT,0.304036932458426
TCCGCA,0.327330667910421
TCCGCC,0.388579455502662
TCCGCG,0.386362286202811
TCCGCT,0.337088479233867
TCCGGA,0.327709860755162
TCCGGC,0.383595097397794
TCCGGG,0.385863117526453
TCCGGT,0.333992966604114
TCCGTA,0.305338182819039
TCCGTC,0.335396930593085
TCCGTG,0.327607176889961
TCCGTT,0.30600028120042
TCCTAA,0.285729978303976
TCCTAC,0.292355228372153
TCCTAG,0.289831808987964
TCCTAT,0.295565827409612
TCCTCA,0.307282858341429
TCCTCC,0.34248851256501
TCCTCG,0.344610877057829
TCCTCT,0.311698776134224
TCCTGA,0.29192145694782
TCCTGC,0.350951077054429
TCCTGG,0.348656526473698
TCCTGT,0.32654022069883
TCCTTA,0.293777986723867
TCCTTC,0.313983526325336
TCCTTG,0.314959966437034
TCCTTT,0.299058799509583
TCGAAA,0.300431475867405
TCGAAC,0.292363410930357
TCGAAG,0.305661212403704
TCGAAT,0.303268318836046
TCGACA,0.308853587767394
TCGACC,0.302612507674661
TCGACG,0.312990101024706
TCGACT,0.315767610028626
TCGAGA,0.294055760716789
TCGAGC,0.319565173778652
TCGAGG,0.324886165736438
TCGAGT,0.308040338482184
TCGATA,0.300074274058217
TCGATC,0.299668207973009
TCGATG,0.301259044203293
TCGATT,0.297236485454536
TCGCAA,0.309006501373186
TCGCAC,0.30512815761847
TCGCAG,0.316390888698162
TCGCAT,0.300666834590782
TCGCCA,0.326271326252871
TCGCCC,0.33514608726546
TCGCCG,0.405404203602046
TCGCCT,0.345728554045569
TCGCGA,0.320456626228326
TCGCGC,0.366403776447042
TCGCGG,0.379246130874881
TCGCGT,0.328183649699727
TCGCTA,0.308789196095274
TCGCTC,0.334550082059961
TCGCTG,0.349151420306327
TCGCTT,0.313510971229024
TCGGAA,0.299611345560604
TCGGAC,0.322856411204269
TCGGAG,0.329311942464248
TCGGAT,0.309304213413549
TCGGCA,0.324260235578711
TCGGCC,0.368096824071628
TCGGCG,0.392066373166321
TCGGCT,0.329643087435475
TCGGGA,0.337354481067411
TCGGGC,0.378360548559304
TCGGGG,0.415141954692951
TCGGGT,0.333985117690586
TCGGTA,0.305967993886867
TCGGTC,0.323126225347501
TCGGTG,0.350734980430697
TCGGTT,0.314951966703813
TCGTAA,0.300553220054081
TCGTAC,0.308644299671351
TCGTAG,0.311803106512261
TCGTAT,0.300317834585864
TCGTCA,0.307597201663903
TCGTCC,0.332555588532322
TCGTCG,0.344595344967464
TCGTCT,0.322038588458594
TCGTGA,0.310662907433399
TCGTGC,0.332445540060124
TCGTGG,0.34120357742626
TCGTGT,0.310301305296444
TCGTTA,0.30097515185234
TCGTTC,0.302750182719156
TCGTTG,0.315951437718525
TCGTTT,0.309103066341231
TCTAAA,0.283751145694873
TCTAAC,0.300187943020086
TCTAAG,0.29074195718849
TCTAAT,0.292682478487246
TCTACA,0.295329264910055
TCTACC,0.296845557163807
TCTACG,0.309963691956778
TCTACT,0.294300791356651
TCTAGA,0.288625201247291
TCTAGC,0.301559071365538
TCTAGG,0.301372578580956
TCTAGT,0.298912486200595
TCTATA,0.298774281749348
TCTATC,0.299595098563165
TCTATG,0.299010030785169
TCTATT,0.299310733370318
TCTCAA,0.275571779457202
TCTCAC,0.289610296277463
TCTCAG,0.287088157817806
TCTCAT,0.3004558258905
TCTCCA,0.290717369476991
TCTCCC,0.318346100327789
TCTCCG,0.340899624086563
TCTCCT,0.315495802832992
TCTCGA,0.295688165367841
TCTCGC,0.334259793015436
TCTCGG,0.334094996874276
TCTCGT,0.316350946588196
TCTCTA,0.286199376172089
TCTCTC,0.309223759439774
TCTCTG,0.309432926309594
TCTCTT,0.29805042887982
TCTGAA,0.285309803890803
TCTGAC,0.299042543532375
TCTGAG,0.298294482775203
TCTGAT,0.303494918994845
TCTGCA,0.302150752978729
TCTGCC,0.310253081797325
TCTGCG,0.356276965987757
TCTGCT,0.335702560848827
TCTGGA,0.30097515185234
TCTGGC,0.333545480181663
TCTGGG,0.35264735616058
TCTGGT,0.312757625226732
TCTGTA,0.287762446335092
TCTGTC,0.311859279899945
TCTGTG,0.321975040244973
TCTGTT,0.29082391186086
TCTTAA,0.279043957042129
TCTTAC,0.294513102689671
TCTTAG,0.296022479444333
TCTTAT,0.299318859212402
TCTTCA,0.299448863706565
TCTTCC,0.307024861794658
TCTTCG,0.319278466639103
TCTTCT,0.307097430051415
TCTTGA,0.282223118517282
TCTTGC,0.306379579067679
TCTTGG,0.306847450549579
TCTTGT,0.289618501326996
TCTTTA,0.285680555182407
TCTTTC,0.312244383863526
TCTTTG,0.299253850626834
TCTTTT,0.278778570132756
TGAAAA,0.278538002395526
TGAAAC,0.279359012547573
TGAAAG,0.280758979342732
TGAAAT,0.285120255690962
TGAACA,0.295467946265952
TGAACC,0.293933222878174
TGAACG,0.302863547937082
TGAACT,0.292281582335218
TGAAGA,0.304602901552137
TGAAGC,0.319907521833322
TGAAGG,0.316902006852341
TGAAGT,0.288247324042362
TGAATA,0.286857808786761
TGAATC,0.296617445065549
TGAATG,0.294962074341083
TGAATT,0.284485419672029
TGACAA,0.291855965668708
TGACAC,0.295590296198613
TGACAG,0.310670941551499
TGACAT,0.295451631810509
TGACCA,0.306113278589104
TGACCC,0.330801232047762
TGACCG,0.32586784896489
TGACCT,0.290438666486754
TGACGA,0.311730878948351
TGACGC,0.31142586059603
TGACGG,0.313078267363914
TGACGT,0.300139229332823
TGACTA,0.30093458922223
TGACTC,0.299270103169428
TGACTG,0.308805294402022
TGACTT,0.286775528414889
TGAGAA,0.279748549204934
TGAGAC,0.289191749456038
TGAGAG,0.299310733370318
TGAGAT,0.283346652241212
TGAGCA,0.292167011051714
TGAGCC,0.311457972172569
TGAGCG,0.355524443477148
TGAGCT,0.313831371941377
TGAGGA,0.335208803996586
TGAGGC,0.357933590153358
TGAGGG,0.367421467121979
TGAGGT,0.311979640820538
TGAGTA,0.294170115820412
TGAGTC,0.302774476347779
TGAGTG,0.343002024680318
TGAGTT,0.299391988819994
TGATAA,0.291643089385092
TGATAC,0.299107565855724
TGATAG,0.295932796393722
TGATAT,0.301583393947466
TGATCA,0.30510392110276
TGATCC,0.293957731647168
TGATCG,0.314551898426247
TGATCT,0.292387958203252
TGATGA,0.303883256988037
TGATGC,0.296959593702729
TGATGG,0.306153631705163
TGATGT,0.29324673335673
TGATTA,0.294210953759863
TGATTC,0.304586735451083
TGATTG,0.294815160353079
TGATTT,0.286528646671113
TGCAAA,0.284180225181697
TGCAAC,0.297895830600116
TGCAAG,0.310261119208673
TGCAAT,0.291872338890594
TGCACA,0.297985337780386
TGCACC,0.320719134826996
TGCACG,0.315135944378908
TGCACT,0.298798672158121
TGCAGA,0.305879198398983
TGCAGC,0.367003883564105
TGCAGG,0.352400803407075
TGCAGT,0.283676863243859
TGCATA,0.299318859212402
TGCATC,0.308555741520133
TGCATG,0.327283258693193
TGCATT,0.296421878985634
TGCCAA,0.29866858310315
TGCCAC,0.297659818715271
TGCCAG,0.311369662855755
TGCCAT,0.305596614834081
TGCCCA,0.307468252254167
TGCCCC,0.348934934390559
TGCCCG,0.368438123155462
TGCCCT,0.336329202530622
TGCCGA,0.320050795529266
TGCCGC,0.433883048440121
TGCCGG,0.391303258496268
TGCCGT,0.33165125989577
TGCCTA,0.297081761279614
TGCCTC,0.310028008047971
TGCCTG,0.359480361108769
TGCCTT,0.294170115820412
TGCGAA,0.303292599880676
TGCGAC,0.326215956655027
TGCGAG,0.339394083357599
TGCGAT,0.309288123136613
TGCGCA,0.327701962370632
TGCGCC,0.358255393065039
TGCGCG,0.403656081436822
TGCGCT,0.353802262570637
TGCGGA,0.346891474070476
TGCGGC,0.428356073893906
TGCGGG,0.445253575254209
TGCGGT,0.321768480656242
TGCGTA,0.303203566501215
TGCGTC,0.321307540071349
TGCGTG,0.36146773933829
TGCGTT,0.316814177009304
TGCTAA,0.295908335983953
TGCTAC,0.309722469766856
TGCTAG,0.299855018851723
TGCTAT,0.303640563415489
TGCTCA,0.29532110658427
TGCTCC,0.365088358643967
TGCTCG,0.342690836696343
TGCTCT,0.317500641176711
TGCTGA,0.322054474881023
TGCTGC,0.475084919680985
TGCTGG,0.381853290512091
TGCTGT,0.336368354600601
TGCTTA,0.29054523856686
TGCTTC,0.332484844476179
TGCTTG,0.323974871583445
TGCTTT,0.28793505687549
TGGAAA,0.279292693320992
TGGAAC,0.301194161628217
TGGAAG,0.301810376188984
TGGAAT,0.288674479052903
TGGACA,0.29324673335673
TGGACC,0.32324523785935
TGGACG,0.32790730009618
TGGACT,0.318760592680587
TGGAGA,0.3047483847024
TGGAGC,0.352631948394264
TGGAGG,0.375736726964802
TGGAGT,0.297122480488819
TGGATA,0.296609297242434
TGGATC,0.311771006016796
TGGATG,0.299578851301756
TGGATT,0.292150642653889
TGGCAA,0.31363113352655
TGGCAC,0.296609297242434
TGGCAG,0.357312677656629
TGGCAT,0.302199368778124
TGGCCA,0.305071604834705
TGGCCC,0.342877561107042
TGGCCG,0.410790232584331
TGGCCT,0.323570466475842
TGGCGA,0.317572453219596
TGGCGC,0.37654941904029
TGGCGG,0.492825551413621
TGGCGT,0.333309880556864
TGGCTA,0.314015555877452
TGGCTC,0.315751623414993
TGGCTG,0.38236942083537
TGGCTT,0.306670007824165
TGGGAA,0.305225097807651
TGGGAC,0.321172396522913
TGGGAG,0.346387708093669
TGGGAT,0.288592348027776
TGGGCA,0.331588319642728
TGGGCC,0.405966755891723
TGGGCG,0.424305447577857
TGGGCT,0.385423344667039
TGGGGA,0.385989795857491
TGGGGC,0.461359061665973
TGGGGG,0.499166783108041
TGGGGT,0.369787010130041
TGGGTA,0.311305432999465
TGGGTC,0.333199915066615
TGGGTG,0.368908166724817
TGGGTT,0.317947387903879
TGGTAA,0.292682478487246
TGGTAC,0.305192785455402
TGGTAG,0.304392721850949
TGGTAT,0.303875168151161
TGGTCA,0.305515862003545
TGGTCC,0.323800442378784
TGGTCG,0.333969419678712
TGGTCT,0.301161718761955
TGGTGA,0.312340636686216
TGGTGC,0.349282835322228
TGGTGG,0.380385726425577
TGGTGT,0.332445540060124
TGGTTA,0.298123651302681
TGGTTC,0.309947612287622
TGGTTG,0.323974871583445
TGGTTT,0.293835181794958
TGTAAA,0.285664080265725
TGTAAC,0.298139922224123
TGTAAG,0.290028667990734
TGTAAT,0.270332438100263
TGTACA,0.297790039057112
TGTACC,0.304950409527486
TGTACG,0.306250472540456
TGTACT,0.29914820266094
TGTAGA,0.288838720869411
TGTAGC,0.302758280660939
TGTAGG,0.308660400310837
TGTAGT,0.295353739488068
TGTATA,0.295614764388907
TGTATC,0.294390620883371
TGTATG,0.30385090124795
TGTATT,0.273197454402205
TGTCAA,0.297391185693591
TGTCAC,0.300366539573595
TGTCAG,0.301007600771834
TGTCAT,0.294562091211998
TGTCCA,0.296038784589441
TGTCCC,0.330667365524992
TGTCCG,0.348130433278602
TGTCCT,0.321665184859599
TGTCGA,0.303559652467281
TGTCGC,0.338120796575693
TGTCGG,0.341413952553941
TGTCGT,0.309400749638707
TGTCTA,0.302482913845143
TGTCTC,0.297895830600116
TGTCTG,0.330588612139736
TGTCTT,0.30175363545851
TGTGAA,0.29121720082067
TGTGAC,0.307661670133825
TGTGAG,0.333977268715452
TGTGAT,0.295149766366025
TGTGCA,0.323792513055605
TGTGCC,0.328807129649374
TGTGCG,0.38236942083537
TGTGCT,0.342644150145346
TGTGGA,0.32787571242111
TGTGGC,0.35287074209853
TGTGGG,0.379913551633923
TGTGGT,0.328767680413895
TGTGTA,0.306452194164889
TGTGTC,0.321410872815894
TGTGTG,0.508715913115102
TGTGTT,0.319238639701026
TGTTAA,0.282966774739342
TGTTAC,0.299221344749187
TGTTAG,0.296829265168045
TGTTAT,0.295060005010167
TGTTCA,0.290487855011954
TGTTCC,0.315463820658207
TGTTCG,0.33151750712253
TGTTCT,0.312637357914271
TGTTGA,0.296927013161417
TGTTGC,0.310598632164805
TGTTGG,0.314231728524891
TGTTGT,0.301210382666654
TGTTTA,0.281660877927466
TGTTTC,0.3060487102162
TGTTTG,0.316494730718348
TGTTTT,0.270265517508163
TTAAAA,0.237511572645425
TTAAAC,0.285103771540731
TTAAAG,0.281379639045177
TTAAAT,0.272605077698328
TTAACA,0.286610947358179
TTAACC,0.289528242079163
TTAACG,0.29805042887982
TTAACT,0.285606415919792
TTAAGA,0.285153223176265
TTAAGC,0.28855949372889
TTAAGG,0.289610296277462
TTAAGT,0.283693370932056
TTAATA,0.282322304638564
TTAATC,0.292510685530008
TTAATG,0.287672019397985
TTAATT,0.280212479969801
TTACAA,0.286034700256502
TTACAC,0.290610815740632
TTACAG,0.268348014226343
TTACAT,0.29068458492121
TTACCA,0.294513102689671
TTACCC,0.299229471317658
TTACCG,0.303689106842241
TTACCT,0.309674218345508
TTACGA,0.302993092451352
TTACGC,0.302823061834555
TTACGG,0.300715522583852
TTACGT,0.298847451191064
TTACTA,0.292445232830125
TTACTC,0.294562091211998
TTACTG,0.290594421850344
TTACTT,0.285029589501881
TTAGAA,0.279839695450476
TTAGAC,0.295688165367841
TTAGAG,0.294398786803863
TTAGAT,0.289199957940473
TTAGCA,0.28980719888754
TTAGCC,0.28769668210088
TTAGCG,0.305854980079271
TTAGCT,0.293949562124245
TTAGGA,0.284287466292509
TTAGGC,0.300342187376252
TTAGGG,0.299375738258246
TTAGGT,0.294096603326438
TTAGTA,0.283445726991637
TTAGTC,0.298619795344201
TTAGTG,0.292216114637704
TTAGTT,0.291905084530142
TTATAA,0.289577475406085
TTATAC,0.294031254350278
TTATAG,0.292306131616839
TTATAT,0.287737785254088
TTATCA,0.296560408909568
TTATCC,0.301980579065901
TTATCG,0.3047483847024
TTATCT,0.291978758298846
TTATGA,0.289626706309206
TTATGC,0.297098049162263
TTATGG,0.300650604732963
TTATGT,0.292060611676389
TTATTA,0.283115439643828
TTATTC,0.288633414383527
TTATTG,0.29274791566111
TTATTT,0.246426782715614
TTCAAA,0.288929042371559
TTCAAC,0.297366760931058
TTCAAG,0.288723754430331
TTCAAT,0.29434162396004
TTCACA,0.281445820016027
TTCACC,0.293508308746449
TTCACG,0.301453666673854
TTCACT,0.292281582335218
TTCAGA,0.277591761020658
TTCAGC,0.307846993836969
TTCAGG,0.292952379234818
TTCAGT,0.292878777164168
TTCATA,0.291798657280864
TTCATC,0.299318859212402
TTCATG,0.29204424153687
TTCATT,0.28332188201981
TTCCAA,0.287507585832718
TTCCAC,0.290955025367793
TTCCAG,0.299936230089066
TTCCAT,0.284336958311155
TTCCCA,0.294864134080644
TTCCCC,0.324624748885951
TTCCCG,0.350264036753001
TTCCCT,0.305313951393135
TTCCGA,0.307065178142997
TTCCGC,0.325218779285064
TTCCGG,0.346441972009316
TTCCGT,0.3087248002766
TTCCTA,0.280609963676081
TTCCTC,0.316374912045619
TTCCTG,0.32103723470823
TTCCTT,0.303527286254866
TTCGAA,0.301940057198894
TTCGAC,0.309738553056608
TTCGAG,0.311771006016796
TTCGAT,0.301275264189311
TTCGCA,0.305895343619616
TTCGCC,0.339019296128612
TTCGCG,0.337761170588194
TTCGCT,0.318927935134151
TTCGGA,0.306807125422126
TTCGGC,0.336798926230346
TTCGGG,0.339175474544834
TTCGGT,0.317556495433502
TTCGTA,0.304643315661434
TTCGTC,0.321943264623707
TTCGTG,0.322594463133302
TTCGTT,0.307194179536025
TTCTAA,0.281851082919169
TTCTAC,0.298066700992693
TTCTAG,0.294717205702083
TTCTAT,0.296821119070627
TTCTCA,0.289175332285027
TTCTCC,0.316247089635326
TTCTCG,0.330013524457893
TTCTCT,0.312653394391668
TTCTGA,0.278936152104324
TTCTGC,0.325527535693851
TTCTGG,0.320886149881398
TTCTGT,0.296120306327352
TTCTTA,0.286487493787414
TTCTTC,0.307315103230122
TTCTTG,0.286314633179821
TTCTTT,0.271552952910588
TTGAAA,0.279574519663651
TTGAAC,0.282057786450044
TTGAAG,0.287269109125858
TTGAAT,0.290856691849261
TTGACA,0.297130624131697
TTGACC,0.3020859282361
TTGACG,0.301859008538483
TTGACT,0.288978305207189
TTGAGA,0.26685500928692
TTGAGC,0.311313461957117
TTGAGG,0.303001188426313
TTGAGT,0.288789451156811
TTGATA,0.292076981547931
TTGATC,0.302134547187028
TTGATG,0.294170115820412
TTGATT,0.2933775296043
TTGCAA,0.298278214368429
TTGCAC,0.309875250576619
TTGCAG,0.306250472540456
TTGCAT,0.299042543532375
TTGCCA,0.297944653691608
TTGCCC,0.307887277054234
TTGCCG,0.342519642018982
TTGCCT,0.297505160031441
TTGCGA,0.304408891088725
TTGCGC,0.317229304687334
TTGCGG,0.33348265904222
TTGCGT,0.314679937689847
TTGCTA,0.295451631810509
TTGCTC,0.309368571932448
TTGCTG,0.321188296711885
TTGCTT,0.29584310529934
TTGGAA,0.279375591667016
TTGGAC,0.304425060065061
TTGGAG,0.3048049557676
TTGGAT,0.297041040412287
TTGGCA,0.301323922568895
TTGGCC,0.303964141758391
TTGGCG,0.339854566970756
TTGGCT,0.316782236971884
TTGGGA,0.294121108091555
TTGGGC,0.334597148019596
TTGGGG,0.379928544736882
TTGGGT,0.311803106512261
TTGGTA,0.294839647516664
TTGGTC,0.298335152634282
TTGGTG,0.317364982134959
TTGGTT,0.29914820266094
TTGTAA,0.28121416745336
TTGTAC,0.298440886527642
TTGTAG,0.294129276213155
TTGTAT,0.280452645267151
TTGTCA,0.296087698429678
TTGTCC,0.309328348343531
TTGTCG,0.308917975293493
TTGTCT,0.31059059746574
TTGTGA,0.298497815532241
TTGTGC,0.314151670029993
TTGTGG,0.321418821046299
TTGTGT,0.311931498190697
TTGTTA,0.292232481963901
TTGTTC,0.305120078845167
TTGTTG,0.298879969224524
TTGTTT,0.282735474282649
TTTAAA,0.240825329427587
TTTAAC,0.283140214979318
TTTAAG,0.275605063234165
TTTAAT,0.280659638032302
TTTACA,0.280899695974696
TTTACC,0.296258878031528
TTTACG,0.301769847424312
TTTACT,0.281793198273139
TTTAGA,0.282776781859605
TTTAGC,0.290389475541925
TTTAGG,0.287754226042331
TTTAGT,0.278761981112185
TTTATA,0.280601684376806
TTTATC,0.295410844507409
TTTATG,0.28578763552541
TTTATT,0.255305671727467
TTTCAA,0.290807521463703
TTTCAC,0.283883189762701
TTTCAG,0.284402943859308
TTTCAT,0.281561626176877
TTTCCA,0.285268600816595
TTTCCC,0.312308553441376
TTTCCG,0.335404768433278
TTTCCT,0.2957126311636
TTTCGA,0.300187943020086
TTTCGC,0.324228532489192
TTTCGG,0.321832041997294
TTTCGT,0.302482913845143
TTTCTA,0.286693241272399
TTTCTC,0.31242886030239
TTTCTG,0.302685396824021
TTTCTT,0.264342068607988
TTTGAA,0.281966842160302
TTTGAC,0.29786328054813
TTTGAG,0.275430311044803
TTTGAT,0.29196238681931
TTTGCA,0.295973562413802
TTTGCC,0.310847675821247
TTTGCG,0.321514194883885
TTTGCT,0.300861572341551
TTTGGA,0.280436083994843
TTTGGC,0.316981845470708
TTTGGG,0.312797711116828
TTTGGT,0.294104771648198
TTTGTA,0.272730256946235
TTTGTC,0.306040638876441
TTTGTG,0.309344437973251
TTTGTT,0.278919565697699
TTTTAA,0.239187082644056
TTTTAC,0.287195087548321
TTTTAG,0.270809117735359
TTTTAT,0.262269820016109
TTTTCA,0.284204974151134
TTTTCC,0.293663586766923
TTTTCG,0.311634567414033
TTTTCT,0.275871293576238
TTTTGA,0.279914263472633
TTTTGC,0.299936230089066
TTTTGG,0.295027362519395
TTTTGT,0.26775275699308
TTTTTA,0.235789957622009
TTTTTC,0.272321280043094
TTTTTG,0.26674588220727
TTTTTT,0
